{"type":"FeatureCollection", "features": [
{"type":"Feature","geometry":{"type":"Polygon","coordinates":[[[112.299,37.4473],[112.3034,37.4414],[112.3161,37.4456],[112.3235,37.4584],[112.3421,37.4606],[112.3475,37.4655],[112.3467,37.4739],[112.3513,37.4841],[112.3826,37.4818],[112.3794,37.4701],[112.387,37.4606],[112.4056,37.462],[112.4087,37.4571],[112.4275,37.4613],[112.4254,37.4674],[112.438,37.4784],[112.4498,37.4768],[112.4572,37.4657],[112.4842,37.4756],[112.4974,37.4764],[112.5006,37.4913],[112.5068,37.5],[112.4996,37.5041],[112.5021,37.5107],[112.5168,37.5101],[112.5347,37.513],[112.5445,37.5168],[112.5567,37.5131],[112.5624,37.5045],[112.5844,37.5036],[112.5796,37.5148],[112.5861,37.5222],[112.5991,37.5224],[112.6073,37.5196],[112.6166,37.5224],[112.6202,37.5319],[112.6075,37.5366],[112.6082,37.5424],[112.5974,37.5479],[112.6016,37.5577],[112.6034,37.5711],[112.594,37.5882],[112.5923,37.6008],[112.5853,37.6],[112.5741,37.605],[112.5753,37.6191],[112.5718,37.6297],[112.5809,37.6406],[112.592,37.6408],[112.592,37.6347],[112.6047,37.6356],[112.6149,37.6457],[112.6105,37.6551],[112.6029,37.6539],[112.5981,37.6646],[112.6066,37.6737],[112.6195,37.6808],[112.6198,37.6901],[112.6094,37.6954],[112.6144,37.7038],[112.6214,37.7074],[112.6438,37.7094],[112.6477,37.7306],[112.6562,37.7349],[112.6608,37.7422],[112.6554,37.7464],[112.6558,37.7595],[112.6448,37.7734],[112.6548,37.7757],[112.6628,37.7868],[112.6696,37.7857],[112.676,37.797],[112.6688,37.8105],[112.671,37.8234],[112.6843,37.8312],[112.6821,37.837],[112.703,37.8436],[112.7015,37.8511],[112.7164,37.8488],[112.7269,37.858],[112.7292,37.8726],[112.7396,37.8781],[112.7491,37.8783],[112.7599,37.8695],[112.7647,37.8815],[112.7729,37.886],[112.7617,37.898],[112.7649,37.9209],[112.7723,37.9234],[112.767,37.9406],[112.771,37.9493],[112.7898,37.9695],[112.7908,37.975],[112.8139,37.9852],[112.8095,37.9985],[112.8214,38.0046],[112.8448,37.9905],[112.8598,37.9905],[112.8641,37.9951],[112.8798,37.997],[112.8909,37.9916],[112.915,37.997],[112.9374,37.9883],[112.9512,38.0017],[112.9528,38.0122],[112.9598,38.0178],[112.9719,38.0112],[112.9834,38.0009],[112.994,38.0008],[112.9992,38.0055],[113.0004,38.0168],[113.0096,38.019],[113.0165,38.0271],[113.0081,38.0373],[113.0098,38.0466],[113.0193,38.0463],[113.0277,38.0502],[113.0457,38.0457],[113.0543,38.053],[113.062,38.0547],[113.0604,38.0639],[113.0516,38.061],[113.0357,38.0761],[113.019,38.0841],[113.0096,38.0813],[112.9894,38.093],[112.9624,38.1131],[112.9566,38.1193],[112.9565,38.1367],[112.9498,38.14],[112.9345,38.1345],[112.9158,38.1442],[112.916,38.1611],[112.9301,38.1576],[112.9343,38.1643],[112.9312,38.1776],[112.945,38.1987],[112.9548,38.2023],[112.9564,38.2163],[112.9648,38.2245],[112.9653,38.2304],[112.982,38.2364],[112.9968,38.2488],[113.0282,38.2586],[113.0278,38.2676],[113.0449,38.2729],[113.0576,38.2863],[113.0567,38.2916],[113.0672,38.2979],[113.0693,38.3043],[113.0893,38.3072],[113.1008,38.3055],[113.1122,38.3134],[113.1212,38.3119],[113.1445,38.3264],[113.1512,38.3398],[113.1478,38.3484],[113.1356,38.3585],[113.1441,38.3692],[113.147,38.3787],[113.1367,38.3918],[113.1356,38.4054],[113.1405,38.4117],[113.1334,38.4179],[113.1135,38.4203],[113.0831,38.416],[113.0718,38.4108],[113.0798,38.3985],[113.0769,38.3931],[113.066,38.3889],[113.0523,38.3885],[113.0333,38.3811],[113.0281,38.377],[113.0285,38.369],[113.0164,38.3643],[113.0153,38.3571],[112.9998,38.3429],[112.9794,38.3383],[112.9707,38.3434],[112.9705,38.3532],[112.9652,38.3567],[112.9496,38.3443],[112.941,38.3336],[112.9145,38.3291],[112.9087,38.3227],[112.89,38.3165],[112.8827,38.3173],[112.875,38.312],[112.8561,38.3062],[112.8444,38.307],[112.8204,38.2917],[112.8032,38.271],[112.8024,38.2622],[112.7946,38.2534],[112.7757,38.2476],[112.7495,38.2456],[112.7394,38.2405],[112.7322,38.2446],[112.7228,38.2379],[112.7138,38.2435],[112.7024,38.2446],[112.6772,38.2369],[112.6479,38.248],[112.6365,38.2474],[112.6365,38.2407],[112.6448,38.2281],[112.6317,38.2149],[112.6223,38.2133],[112.6174,38.2077],[112.6072,38.2064],[112.5942,38.2101],[112.5837,38.2065],[112.5643,38.2083],[112.5519,38.222],[112.5582,38.238],[112.5488,38.2426],[112.5491,38.2486],[112.5375,38.2583],[112.5193,38.2688],[112.5192,38.2514],[112.503,38.2438],[112.4973,38.2374],[112.4887,38.2381],[112.4774,38.2438],[112.4669,38.2405],[112.4635,38.246],[112.4501,38.2509],[112.4473,38.2606],[112.4418,38.2638],[112.4379,38.2784],[112.4282,38.2801],[112.4007,38.2658],[112.3896,38.2678],[112.3818,38.2738],[112.3589,38.2755],[112.3442,38.2922],[112.3306,38.304],[112.3212,38.3046],[112.3116,38.3105],[112.2961,38.3047],[112.281,38.3104],[112.2665,38.3115],[112.2491,38.2952],[112.2421,38.2921],[112.2453,38.2808],[112.2618,38.2737],[112.2624,38.2679],[112.2316,38.264],[112.2136,38.251],[112.2313,38.2294],[112.2428,38.2237],[112.247,38.2155],[112.2475,38.2008],[112.2588,38.1876],[112.2607,38.1787],[112.2553,38.1721],[112.2503,38.1538],[112.2351,38.1461],[112.2318,38.1414],[112.2146,38.1463],[112.1893,38.1404],[112.1756,38.1417],[112.1695,38.146],[112.1527,38.1492],[112.1342,38.1466],[112.1227,38.1422],[112.1098,38.1576],[112.104,38.158],[112.095,38.1664],[112.085,38.1688],[112.0716,38.1662],[112.0495,38.175],[112.0399,38.1712],[111.9968,38.1872],[111.9819,38.1811],[111.9572,38.1737],[111.9537,38.1682],[111.9445,38.1674],[111.9295,38.1785],[111.9086,38.1804],[111.8912,38.1977],[111.8805,38.1997],[111.873,38.1932],[111.8614,38.196],[111.8584,38.2015],[111.8628,38.2197],[111.8599,38.2238],[111.8404,38.2295],[111.8338,38.2129],[111.8171,38.2155],[111.8118,38.2138],[111.8035,38.2094],[111.7919,38.1938],[111.784,38.1887],[111.7707,38.1874],[111.7361,38.1804],[111.725,38.1827],[111.7149,38.1773],[111.7149,38.1664],[111.7095,38.1609],[111.6865,38.1508],[111.6791,38.1346],[111.6732,38.1274],[111.6461,38.1214],[111.6093,38.1018],[111.5592,38.0944],[111.5403,38.0817],[111.5404,38.0742],[111.5347,38.0696],[111.5161,38.0651],[111.516,38.0579],[111.5094,38.0494],[111.5208,38.0343],[111.5106,38.0236],[111.5169,38.0029],[111.5306,37.9963],[111.5322,37.977],[111.5368,37.9752],[111.5377,37.9591],[111.5534,37.9363],[111.5656,37.9318],[111.5716,37.9232],[111.5678,37.9133],[111.5741,37.9042],[111.5702,37.8976],[111.5414,37.8847],[111.5576,37.8794],[111.5613,37.858],[111.566,37.8481],[111.5877,37.8565],[111.5992,37.8546],[111.6156,37.8598],[111.6251,37.8576],[111.6349,37.8618],[111.6484,37.8559],[111.6625,37.8632],[111.6752,37.8618],[111.6842,37.8749],[111.706,37.8774],[111.7125,37.8738],[111.7228,37.8748],[111.7405,37.8701],[111.7383,37.8593],[111.7481,37.8528],[111.7483,37.8482],[111.7615,37.8407],[111.7639,37.8304],[111.7686,37.8275],[111.7856,37.8267],[111.7895,37.8212],[111.7992,37.8179],[111.8117,37.8093],[111.8118,37.7982],[111.8179,37.7933],[111.8349,37.7919],[111.8507,37.7958],[111.8723,37.7916],[111.8901,37.7982],[111.9073,37.7914],[111.9051,37.7773],[111.9113,37.774],[111.9179,37.7531],[111.9257,37.747],[111.93,37.7309],[111.9416,37.7346],[111.9503,37.731],[111.9554,37.7173],[111.9629,37.7129],[111.9748,37.7144],[111.9815,37.7195],[111.9942,37.7215],[112.0062,37.7187],[112.0165,37.7227],[112.0281,37.7104],[112.0401,37.7069],[112.066,37.7153],[112.0862,37.7123],[112.0962,37.716],[112.1119,37.6978],[112.1203,37.6987],[112.1286,37.6871],[112.138,37.6879],[112.1515,37.6846],[112.1572,37.6774],[112.1699,37.674],[112.1723,37.669],[112.1673,37.6588],[112.1629,37.6398],[112.1745,37.6332],[112.1856,37.6189],[112.1988,37.6096],[112.2031,37.6002],[112.221,37.5918],[112.2258,37.5695],[112.2393,37.5611],[112.2674,37.5597],[112.2856,37.565],[112.2884,37.552],[112.2827,37.5427],[112.2683,37.5309],[112.2672,37.5235],[112.2896,37.5208],[112.2921,37.5078],[112.3087,37.5062],[112.3082,37.4949],[112.2957,37.4951],[112.2829,37.4873],[112.2946,37.4793],[112.3157,37.474],[112.3095,37.4533],[112.299,37.4473]]]},"properties":{"region_code":"CN-14-1401","parent_region_code":"CN-14","name":"太原市","level":"prefecture","has_children":true,"full_path":"中国 / 山西省 / 太原市","source_admin_code":"1401","osm_relation_id":3296588}},
{"type":"Feature","geometry":{"type":"Polygon","coordinates":[[[113.9575,39.0999],[113.9784,39.09],[113.9892,39.0984],[113.9909,39.1077],[113.9972,39.1168],[114.0063,39.1225],[114.0226,39.1261],[114.0441,39.1271],[114.0466,39.1185],[114.0587,39.1058],[114.0644,39.0907],[114.079,39.092],[114.0914,39.0849],[114.1034,39.0739],[114.1048,39.0553],[114.1158,39.0485],[114.1273,39.0493],[114.1442,39.0468],[114.1498,39.0495],[114.1609,39.0619],[114.1689,39.0625],[114.1813,39.0518],[114.2036,39.0496],[114.2093,39.055],[114.2098,39.0629],[114.2197,39.0656],[114.2363,39.0658],[114.2462,39.0726],[114.2648,39.072],[114.2845,39.0742],[114.2935,39.0783],[114.3142,39.0696],[114.3262,39.0757],[114.3423,39.0754],[114.3508,39.086],[114.3582,39.1024],[114.3632,39.1065],[114.3633,39.1204],[114.3538,39.1337],[114.354,39.1398],[114.3646,39.1466],[114.3734,39.1473],[114.3701,39.1575],[114.3769,39.1728],[114.3956,39.1765],[114.4073,39.1767],[114.4151,39.1713],[114.4276,39.1743],[114.4372,39.173],[114.4412,39.1904],[114.4566,39.1871],[114.4641,39.193],[114.4686,39.2182],[114.4561,39.2256],[114.4299,39.2285],[114.4172,39.2345],[114.4095,39.2418],[114.4204,39.2474],[114.4312,39.2592],[114.4251,39.264],[114.4191,39.2759],[114.4186,39.2839],[114.4273,39.2971],[114.424,39.3055],[114.4278,39.314],[114.4425,39.3196],[114.4484,39.3281],[114.4604,39.3288],[114.4611,39.3362],[114.4744,39.3488],[114.4627,39.3549],[114.4676,39.364],[114.4646,39.3922],[114.4691,39.396],[114.4691,39.4072],[114.4751,39.4115],[114.4757,39.4202],[114.4918,39.431],[114.4913,39.4401],[114.4964,39.4506],[114.4986,39.4666],[114.4957,39.4755],[114.5086,39.4777],[114.5164,39.4837],[114.5238,39.4842],[114.5305,39.4911],[114.533,39.4998],[114.5305,39.5118],[114.5417,39.525],[114.5513,39.531],[114.5516,39.5501],[114.5572,39.554],[114.5629,39.5732],[114.5526,39.5812],[114.5289,39.5713],[114.5192,39.5644],[114.5092,39.5639],[114.4984,39.5892],[114.4956,39.6026],[114.4855,39.6013],[114.4739,39.6066],[114.4549,39.6113],[114.442,39.6063],[114.4308,39.6054],[114.4176,39.6147],[114.4204,39.6211],[114.4113,39.6301],[114.4072,39.6392],[114.3981,39.6428],[114.3932,39.6582],[114.398,39.6817],[114.3964,39.6893],[114.3996,39.6987],[114.3951,39.7055],[114.4017,39.7114],[114.4015,39.7454],[114.408,39.7484],[114.4021,39.7678],[114.4089,39.7693],[114.4087,39.7823],[114.4023,39.7811],[114.3985,39.7916],[114.3919,39.799],[114.3909,39.81],[114.3838,39.8179],[114.3958,39.8242],[114.4002,39.8321],[114.3918,39.8411],[114.3918,39.8551],[114.389,39.8659],[114.376,39.8682],[114.3427,39.8611],[114.323,39.8641],[114.3101,39.8589],[114.2958,39.8612],[114.2826,39.857],[114.2804,39.8699],[114.2704,39.8733],[114.258,39.8666],[114.2391,39.8607],[114.2224,39.8593],[114.2093,39.8609],[114.1952,39.8715],[114.193,39.8785],[114.198,39.884],[114.2213,39.8947],[114.2203,39.9064],[114.2055,39.9175],[114.1994,39.9098],[114.184,39.9068],[114.1698,39.8978],[114.1602,39.9001],[114.1409,39.8947],[114.1338,39.9011],[114.1126,39.9082],[114.076,39.9126],[114.0659,39.9217],[114.0486,39.9204],[114.0406,39.9164],[114.0311,39.9375],[114.0287,39.9498],[114.0237,39.9551],[114.0208,39.9678],[114.0228,39.9842],[114.0146,39.9907],[113.9934,39.9909],[113.9879,39.9936],[113.9539,40],[113.9311,40.007],[113.9168,40.0019],[113.9067,40.0022],[113.9029,40.0106],[113.908,40.0211],[113.9494,40.0288],[113.9594,40.0448],[113.9666,40.0519],[113.9745,40.0721],[113.9717,40.0908],[113.9673,40.096],[113.9719,40.1095],[113.9829,40.1112],[114.004,40.1056],[114.0136,40.101],[114.0189,40.089],[114.0281,40.0794],[114.0284,40.0638],[114.0371,40.0556],[114.0533,40.066],[114.0738,40.0686],[114.0846,40.0748],[114.0848,40.0844],[114.0949,40.0985],[114.0944,40.1074],[114.0823,40.1201],[114.0749,40.1367],[114.0746,40.1448],[114.0603,40.1807],[114.081,40.1862],[114.091,40.1922],[114.1041,40.192],[114.1167,40.187],[114.1162,40.1771],[114.1278,40.1741],[114.145,40.1759],[114.1562,40.1855],[114.1863,40.1913],[114.2092,40.1884],[114.2101,40.1954],[114.2237,40.1931],[114.2298,40.1979],[114.2212,40.2107],[114.2365,40.2172],[114.2538,40.2353],[114.2581,40.2265],[114.2781,40.2237],[114.2873,40.2298],[114.3018,40.2257],[114.3062,40.2361],[114.3204,40.2357],[114.3336,40.2435],[114.3516,40.248],[114.3596,40.247],[114.3808,40.238],[114.4009,40.2428],[114.4088,40.2425],[114.4152,40.2498],[114.425,40.2493],[114.4517,40.2571],[114.485,40.2726],[114.4923,40.2846],[114.4892,40.2914],[114.5016,40.2963],[114.5144,40.3074],[114.5201,40.3157],[114.5169,40.3277],[114.5222,40.3291],[114.5257,40.3418],[114.505,40.3566],[114.4875,40.3458],[114.4709,40.3434],[114.4643,40.3469],[114.458,40.3602],[114.4508,40.3627],[114.445,40.3708],[114.4362,40.3713],[114.4274,40.3637],[114.4136,40.3657],[114.4009,40.3586],[114.3945,40.3491],[114.377,40.3526],[114.3756,40.3607],[114.3611,40.3595],[114.3458,40.3672],[114.3267,40.3641],[114.3017,40.3643],[114.2963,40.371],[114.2974,40.3876],[114.2906,40.398],[114.288,40.4141],[114.2806,40.4222],[114.2819,40.43],[114.2926,40.4377],[114.2926,40.4435],[114.2798,40.4496],[114.2765,40.4587],[114.269,40.4568],[114.2629,40.4625],[114.2608,40.4729],[114.268,40.4804],[114.2668,40.4882],[114.2761,40.4939],[114.2733,40.4995],[114.2796,40.5098],[114.2798,40.5261],[114.2899,40.5347],[114.2836,40.549],[114.2679,40.5516],[114.2727,40.5656],[114.2697,40.575],[114.2791,40.5815],[114.2771,40.5955],[114.2675,40.5984],[114.2548,40.6111],[114.2461,40.605],[114.2327,40.6053],[114.218,40.6106],[114.2031,40.6287],[114.2079,40.6387],[114.1969,40.6462],[114.195,40.6514],[114.1731,40.6752],[114.166,40.6868],[114.165,40.6984],[114.1588,40.6998],[114.1543,40.7134],[114.1415,40.7255],[114.14,40.732],[114.1266,40.745],[114.1103,40.7336],[114.0884,40.7404],[114.056,40.7213],[114.0541,40.7013],[114.0589,40.6991],[114.065,40.6866],[114.0606,40.6589],[114.0612,40.6417],[114.0579,40.6358],[114.0413,40.622],[114.0348,40.6078],[114.0438,40.6023],[114.0553,40.5861],[114.0717,40.5781],[114.0685,40.5609],[114.0778,40.5548],[114.0687,40.5396],[114.0348,40.5261],[114.0314,40.5295],[114.0096,40.5182],[113.9971,40.5218],[113.9767,40.5217],[113.9671,40.5249],[113.949,40.52],[113.9413,40.5156],[113.9366,40.5026],[113.9183,40.4893],[113.9114,40.4888],[113.8939,40.4759],[113.896,40.4678],[113.8814,40.4611],[113.8736,40.4516],[113.8634,40.4483],[113.856,40.4609],[113.8386,40.4758],[113.8313,40.4789],[113.8175,40.4989],[113.8069,40.5036],[113.7979,40.5144],[113.7875,40.518],[113.7774,40.4916],[113.7649,40.4867],[113.7508,40.4686],[113.7358,40.4658],[113.7297,40.4677],[113.7084,40.4548],[113.6948,40.4502],[113.6879,40.4447],[113.6751,40.444],[113.6657,40.4245],[113.656,40.4153],[113.6491,40.4156],[113.6412,40.4083],[113.6307,40.4065],[113.6147,40.389],[113.5842,40.3708],[113.573,40.3601],[113.5675,40.3489],[113.5554,40.345],[113.5305,40.3334],[113.5079,40.3357],[113.4781,40.3299],[113.4518,40.3262],[113.4342,40.3218],[113.4084,40.3196],[113.3768,40.3141],[113.3577,40.3124],[113.3521,40.3169],[113.3327,40.3186],[113.3093,40.3186],[113.3023,40.3251],[113.2916,40.3405],[113.2842,40.3638],[113.2702,40.386],[113.257,40.3934],[113.2519,40.3995],[113.2506,40.4144],[113.2246,40.4012],[113.1736,40.3932],[113.1355,40.3836],[113.1197,40.3756],[113.1115,40.3763],[113.0901,40.3726],[113.0303,40.3645],[113.0225,40.3641],[112.9914,40.3544],[112.9645,40.3501],[112.9451,40.3429],[112.9043,40.3316],[112.8899,40.3263],[112.8915,40.3166],[112.8875,40.2977],[112.8778,40.2764],[112.8481,40.2037],[112.8446,40.201],[112.7936,40.185],[112.7827,40.1789],[112.7694,40.1759],[112.7553,40.1669],[112.738,40.1625],[112.7257,40.1645],[112.7144,40.1771],[112.7067,40.177],[112.6862,40.1919],[112.6785,40.1907],[112.6695,40.2014],[112.6476,40.2184],[112.6374,40.2206],[112.6259,40.2333],[112.6178,40.2381],[112.6195,40.222],[112.6096,40.2204],[112.5952,40.2052],[112.6019,40.1922],[112.6175,40.1826],[112.6213,40.1646],[112.6153,40.1621],[112.5896,40.1656],[112.5738,40.1551],[112.5788,40.1476],[112.572,40.1403],[112.5777,40.1339],[112.5754,40.1274],[112.5833,40.1225],[112.589,40.1135],[112.5785,40.1098],[112.5858,40.0981],[112.6139,40.0875],[112.604,40.0784],[112.6121,40.0696],[112.6184,40.0554],[112.6262,40.0531],[112.6307,40.0359],[112.6395,40.0307],[112.6394,40.0175],[112.6311,40.0101],[112.629,39.9975],[112.6195,39.9832],[112.6207,39.977],[112.6105,39.9424],[112.5988,39.9343],[112.5941,39.9273],[112.5932,39.9171],[112.5976,39.9055],[112.5927,39.8958],[112.6013,39.8841],[112.6008,39.8728],[112.5922,39.85],[112.5852,39.8409],[112.5937,39.8245],[112.6007,39.8167],[112.6156,39.8141],[112.6185,39.8034],[112.6125,39.787],[112.6146,39.7804],[112.6085,39.7648],[112.6167,39.7538],[112.6377,39.7488],[112.6535,39.7536],[112.6697,39.7547],[112.6822,39.772],[112.693,39.7746],[112.706,39.7739],[112.7178,39.7658],[112.7385,39.7567],[112.7482,39.7583],[112.7435,39.7741],[112.7476,39.7777],[112.7649,39.7763],[112.7876,39.7787],[112.8003,39.7765],[112.7998,39.7933],[112.8169,39.8041],[112.8314,39.8002],[112.8537,39.7996],[112.8748,39.8109],[112.88,39.8192],[112.8945,39.8231],[112.9098,39.8305],[112.9106,39.8372],[112.9267,39.8398],[112.9304,39.8483],[112.9306,39.8605],[112.9444,39.853],[112.9501,39.8559],[112.9601,39.8693],[112.947,39.885],[112.9346,39.8894],[112.9351,39.904],[112.9551,39.9158],[112.97,39.9193],[113.0047,39.918],[113.0185,39.9107],[113.0276,39.9165],[113.0495,39.9189],[113.0779,39.9112],[113.1114,39.9038],[113.1405,39.9037],[113.1644,39.9154],[113.1953,39.9399],[113.2266,39.9572],[113.2392,39.9567],[113.2588,39.9508],[113.2866,39.9472],[113.2953,39.9338],[113.3216,39.9309],[113.3342,39.9181],[113.3405,39.9078],[113.3485,39.9034],[113.3726,39.9053],[113.3795,39.8894],[113.394,39.8889],[113.3968,39.8845],[113.421,39.8658],[113.4354,39.8507],[113.4162,39.8434],[113.4107,39.8447],[113.3874,39.8354],[113.3647,39.8351],[113.3594,39.8302],[113.3563,39.8166],[113.348,39.813],[113.3391,39.8],[113.3218,39.7972],[113.3292,39.7753],[113.3341,39.7692],[113.3479,39.7625],[113.3592,39.7597],[113.3717,39.749],[113.3878,39.7405],[113.3898,39.7353],[113.4038,39.7191],[113.4035,39.7119],[113.3942,39.7044],[113.388,39.6936],[113.3907,39.6884],[113.378,39.6839],[113.3783,39.6723],[113.3867,39.6661],[113.3735,39.6465],[113.3879,39.6352],[113.3973,39.6176],[113.4161,39.6089],[113.4226,39.5997],[113.4202,39.592],[113.4126,39.5875],[113.414,39.5791],[113.4427,39.5816],[113.4484,39.5771],[113.4585,39.5568],[113.4934,39.5336],[113.4976,39.524],[113.5087,39.5214],[113.5012,39.5058],[113.5044,39.4998],[113.5012,39.4924],[113.5052,39.4833],[113.5172,39.4775],[113.5262,39.4683],[113.5372,39.4626],[113.5432,39.4542],[113.5547,39.4495],[113.5645,39.4388],[113.5771,39.4324],[113.577,39.4264],[113.5871,39.4202],[113.6031,39.4173],[113.6408,39.4304],[113.6564,39.4287],[113.6733,39.4165],[113.6961,39.4182],[113.7037,39.4151],[113.7147,39.421],[113.7237,39.4169],[113.7355,39.4161],[113.7542,39.4076],[113.76,39.4009],[113.7736,39.3765],[113.7856,39.3703],[113.7995,39.3734],[113.8168,39.3678],[113.8282,39.3682],[113.8373,39.3644],[113.8566,39.3706],[113.8641,39.3777],[113.8736,39.3792],[113.8749,39.372],[113.8945,39.372],[113.8932,39.3548],[113.8855,39.3493],[113.9043,39.3277],[113.9245,39.3172],[113.9314,39.3117],[113.9342,39.3003],[113.9526,39.288],[113.959,39.2694],[113.9585,39.2558],[113.9498,39.2503],[113.9522,39.2443],[113.9503,39.2329],[113.9538,39.2213],[113.9424,39.2119],[113.9285,39.2083],[113.9328,39.1976],[113.9289,39.1885],[113.9397,39.1825],[113.9372,39.1747],[113.9391,39.1627],[113.9454,39.1532],[113.9417,39.1313],[113.9482,39.1247],[113.9482,39.1153],[113.9575,39.0999]]]},"properties":{"region_code":"CN-14-1402","parent_region_code":"CN-14","name":"大同市","level":"prefecture","has_children":true,"full_path":"中国 / 山西省 / 大同市","source_admin_code":"1402","osm_relation_id":3008552}},
{"type":"Feature","geometry":{"type":"Polygon","coordinates":[[[113.062,38.0547],[113.0769,38.0536],[113.0929,38.0567],[113.0956,38.0676],[113.1111,38.0779],[113.1187,38.0803],[113.1346,38.0629],[113.1418,38.0625],[113.1468,38.0556],[113.1567,38.0524],[113.1684,38.0569],[113.1837,38.0534],[113.1955,38.076],[113.2075,38.0813],[113.2103,38.0917],[113.2234,38.0932],[113.2295,38.0878],[113.2516,38.0892],[113.2554,38.0816],[113.2434,38.0544],[113.2539,38.0474],[113.2564,38.0275],[113.2808,38.0247],[113.2852,38.0158],[113.2795,38.0075],[113.2792,37.999],[113.2867,37.9971],[113.2901,37.9896],[113.322,37.9829],[113.3334,37.9631],[113.3335,37.953],[113.3264,37.9451],[113.3245,37.9329],[113.3185,37.9257],[113.3298,37.9159],[113.3306,37.9082],[113.3266,37.899],[113.3381,37.8855],[113.3352,37.8755],[113.3396,37.8699],[113.349,37.8718],[113.3543,37.8627],[113.3613,37.8379],[113.3711,37.8287],[113.3937,37.8222],[113.3917,37.8162],[113.3997,37.8036],[113.4046,37.7906],[113.4262,37.7772],[113.4325,37.7703],[113.4375,37.7552],[113.4337,37.7479],[113.4358,37.7376],[113.4442,37.7285],[113.4603,37.7204],[113.4689,37.712],[113.4694,37.7053],[113.4786,37.6937],[113.5048,37.6975],[113.51,37.6948],[113.5107,37.6857],[113.519,37.6791],[113.5349,37.6739],[113.5514,37.6775],[113.5771,37.674],[113.5978,37.6823],[113.6148,37.6816],[113.6281,37.6672],[113.643,37.6655],[113.6525,37.6591],[113.6708,37.6647],[113.6777,37.6736],[113.6854,37.6735],[113.6933,37.6854],[113.7178,37.6862],[113.7545,37.6827],[113.7632,37.6667],[113.7888,37.6753],[113.8001,37.6743],[113.8072,37.6695],[113.8185,37.6728],[113.8241,37.6787],[113.8449,37.6835],[113.845,37.6908],[113.8616,37.696],[113.8629,37.7016],[113.8895,37.7104],[113.9065,37.7052],[113.9128,37.7068],[113.9226,37.7021],[113.9362,37.7024],[113.9379,37.6967],[113.9494,37.6921],[113.9627,37.6784],[113.9837,37.6793],[113.9886,37.6918],[113.9923,37.7095],[113.9843,37.7185],[113.9923,37.7413],[114.0106,37.7468],[114.0218,37.7462],[114.0368,37.7533],[114.0345,37.7748],[114.0366,37.7873],[114.0042,37.8034],[114.0095,37.8133],[113.9873,37.8186],[113.9671,37.8168],[113.9585,37.8276],[113.9626,37.849],[113.9618,37.8559],[113.9701,37.8622],[113.9681,37.8762],[113.9599,37.886],[113.9563,37.9025],[113.9459,37.9161],[113.9254,37.921],[113.9154,37.9372],[113.9213,37.9473],[113.9135,37.9521],[113.9131,37.9584],[113.9002,37.9669],[113.8916,37.9847],[113.8812,37.9908],[113.8709,37.989],[113.8597,37.9937],[113.8555,37.9998],[113.8695,38.0026],[113.8676,38.0157],[113.8747,38.028],[113.8671,38.0384],[113.8696,38.058],[113.8495,38.0654],[113.8534,38.0706],[113.8441,38.0834],[113.8298,38.0938],[113.8277,38.1002],[113.8167,38.1074],[113.8055,38.1094],[113.8105,38.1281],[113.8148,38.1291],[113.8182,38.1418],[113.8159,38.1507],[113.8291,38.1639],[113.8137,38.1672],[113.7911,38.1598],[113.7672,38.1672],[113.7458,38.1711],[113.7228,38.1678],[113.7171,38.1732],[113.7339,38.1841],[113.7257,38.1943],[113.716,38.1908],[113.7111,38.1951],[113.711,38.208],[113.6973,38.2128],[113.6873,38.2057],[113.6781,38.2048],[113.6686,38.2156],[113.6588,38.2193],[113.6445,38.2345],[113.6211,38.2289],[113.6166,38.2344],[113.5998,38.2368],[113.5796,38.2357],[113.5616,38.2379],[113.5573,38.2468],[113.5386,38.2587],[113.5373,38.2752],[113.5336,38.2846],[113.5388,38.2951],[113.5373,38.304],[113.5421,38.3073],[113.5419,38.3188],[113.5461,38.3244],[113.5576,38.33],[113.5558,38.3413],[113.5412,38.3553],[113.5321,38.3543],[113.5243,38.3692],[113.5174,38.3754],[113.5179,38.3826],[113.5264,38.3933],[113.5284,38.4046],[113.5274,38.4197],[113.5416,38.4257],[113.5576,38.4234],[113.562,38.4371],[113.5627,38.45],[113.5711,38.4552],[113.5839,38.4572],[113.5821,38.4649],[113.5705,38.4696],[113.5661,38.4758],[113.5529,38.4798],[113.5469,38.4963],[113.5512,38.5057],[113.5406,38.5161],[113.5231,38.5223],[113.5146,38.5175],[113.5006,38.5195],[113.4828,38.5062],[113.4644,38.5048],[113.4467,38.5085],[113.4231,38.5219],[113.4153,38.5236],[113.4044,38.5148],[113.3799,38.5077],[113.3679,38.4968],[113.3423,38.4955],[113.3233,38.4876],[113.3198,38.4825],[113.3044,38.4802],[113.3018,38.4729],[113.2795,38.4671],[113.2801,38.4567],[113.2754,38.4458],[113.2641,38.4391],[113.2499,38.4377],[113.2404,38.4311],[113.2261,38.4332],[113.2143,38.4316],[113.2125,38.4267],[113.1947,38.4149],[113.1662,38.415],[113.1593,38.4121],[113.1505,38.4151],[113.1405,38.4117],[113.1356,38.4054],[113.1367,38.3918],[113.147,38.3787],[113.1441,38.3692],[113.1356,38.3585],[113.1478,38.3484],[113.1512,38.3398],[113.1445,38.3264],[113.1212,38.3119],[113.1122,38.3134],[113.1008,38.3055],[113.0893,38.3072],[113.0693,38.3043],[113.0672,38.2979],[113.0567,38.2916],[113.0576,38.2863],[113.0449,38.2729],[113.0278,38.2676],[113.0282,38.2586],[112.9968,38.2488],[112.982,38.2364],[112.9653,38.2304],[112.9648,38.2245],[112.9564,38.2163],[112.9548,38.2023],[112.945,38.1987],[112.9312,38.1776],[112.9343,38.1643],[112.9301,38.1576],[112.916,38.1611],[112.9158,38.1442],[112.9345,38.1345],[112.9498,38.14],[112.9565,38.1367],[112.9566,38.1193],[112.9624,38.1131],[112.9894,38.093],[113.0096,38.0813],[113.019,38.0841],[113.0357,38.0761],[113.0516,38.061],[113.0604,38.0639],[113.062,38.0547]]]},"properties":{"region_code":"CN-14-1403","parent_region_code":"CN-14","name":"阳泉市","level":"prefecture","has_children":true,"full_path":"中国 / 山西省 / 阳泉市","source_admin_code":"1403","osm_relation_id":3285005}},
{"type":"Feature","geometry":{"type":"Polygon","coordinates":[[[113.5869,35.824],[113.6043,35.8261],[113.6242,35.8411],[113.6296,35.8284],[113.635,35.8228],[113.6498,35.8272],[113.6507,35.8369],[113.6445,35.8493],[113.6381,35.8528],[113.6288,35.8657],[113.6399,35.8861],[113.6414,35.905],[113.6482,35.9174],[113.6498,35.9458],[113.6451,35.9499],[113.6453,35.9601],[113.6416,35.9701],[113.6321,35.9731],[113.6313,35.9832],[113.642,35.9843],[113.6401,35.9921],[113.652,35.9938],[113.6607,35.9833],[113.6744,35.9844],[113.6967,35.991],[113.6958,35.9989],[113.6749,36.0161],[113.6982,36.0233],[113.6877,36.027],[113.6827,36.0244],[113.6671,36.0292],[113.6594,36.0266],[113.6575,36.0379],[113.6629,36.0486],[113.6795,36.0561],[113.6812,36.0633],[113.6778,36.0784],[113.6727,36.0854],[113.6732,36.0959],[113.6652,36.1006],[113.6676,36.1117],[113.6559,36.122],[113.6672,36.1255],[113.6869,36.1243],[113.7063,36.1296],[113.6993,36.1342],[113.6963,36.1433],[113.6996,36.149],[113.6833,36.1536],[113.6751,36.1508],[113.673,36.16],[113.6538,36.1643],[113.6552,36.1735],[113.6916,36.1819],[113.6913,36.1865],[113.6801,36.1956],[113.6925,36.2018],[113.696,36.2083],[113.6922,36.2143],[113.6758,36.2164],[113.671,36.2226],[113.6854,36.2267],[113.6976,36.2379],[113.6943,36.2523],[113.6974,36.2576],[113.7099,36.2626],[113.7104,36.2697],[113.706,36.2797],[113.7058,36.3033],[113.7156,36.3015],[113.7234,36.3133],[113.7351,36.3234],[113.7171,36.3374],[113.7243,36.3416],[113.733,36.3582],[113.7326,36.3719],[113.7244,36.377],[113.7195,36.389],[113.7062,36.4042],[113.7051,36.4223],[113.6982,36.425],[113.6807,36.4252],[113.6727,36.4228],[113.6455,36.4346],[113.6428,36.4411],[113.6217,36.4583],[113.6079,36.4598],[113.5876,36.4543],[113.578,36.4581],[113.5786,36.4685],[113.5737,36.4756],[113.576,36.483],[113.5682,36.4848],[113.5587,36.4919],[113.5487,36.4931],[113.5515,36.5054],[113.5494,36.5115],[113.5597,36.5255],[113.5513,36.5404],[113.5658,36.5441],[113.5799,36.5408],[113.5841,36.5482],[113.5819,36.5628],[113.5634,36.5859],[113.5445,36.5848],[113.5363,36.5894],[113.5442,36.6186],[113.5363,36.6227],[113.5103,36.6304],[113.4803,36.635],[113.4689,36.6468],[113.4724,36.6638],[113.483,36.6747],[113.4893,36.675],[113.5005,36.686],[113.5058,36.6949],[113.4966,36.7092],[113.4647,36.7026],[113.4565,36.7105],[113.4711,36.7261],[113.4699,36.734],[113.4758,36.741],[113.492,36.7413],[113.5101,36.7271],[113.5215,36.729],[113.5388,36.7382],[113.5378,36.7481],[113.5309,36.7465],[113.5154,36.7542],[113.504,36.7695],[113.4942,36.7901],[113.4887,36.8069],[113.4718,36.8201],[113.4551,36.8257],[113.4414,36.8398],[113.4245,36.8529],[113.4112,36.8588],[113.3863,36.8654],[113.3832,36.8743],[113.3723,36.8792],[113.3642,36.8757],[113.3543,36.8782],[113.3652,36.8946],[113.3661,36.9079],[113.3619,36.9172],[113.3521,36.922],[113.3419,36.9329],[113.3189,36.9536],[113.3053,36.9761],[113.298,36.9793],[113.2881,36.9771],[113.2823,36.9709],[113.2743,36.9557],[113.2638,36.9552],[113.2512,36.9415],[113.2423,36.9427],[113.2267,36.934],[113.2195,36.9332],[113.2171,36.9443],[113.2081,36.9463],[113.2045,36.9275],[113.1919,36.9259],[113.1737,36.9302],[113.1641,36.9473],[113.1572,36.9457],[113.147,36.9506],[113.145,36.933],[113.1491,36.9215],[113.1258,36.9233],[113.1155,36.9216],[113.1026,36.9263],[113.0884,36.9153],[113.0694,36.9258],[113.0503,36.93],[113.0344,36.9285],[113.0298,36.9244],[113.0023,36.9301],[112.9952,36.9269],[112.9616,36.9061],[112.946,36.8916],[112.9309,36.8815],[112.9167,36.8686],[112.9051,36.8622],[112.8921,36.8649],[112.8914,36.8749],[112.885,36.8861],[112.8717,36.8938],[112.8694,36.9056],[112.8755,36.9159],[112.8756,36.9364],[112.8658,36.9475],[112.8734,36.9699],[112.8648,36.9844],[112.847,36.987],[112.8367,36.993],[112.8267,37.006],[112.8146,37.0094],[112.7879,37.0069],[112.7762,37.0149],[112.7723,37.0298],[112.7613,37.0375],[112.7588,37.0442],[112.7467,37.0484],[112.7324,37.0444],[112.7322,37.0684],[112.7234,37.073],[112.7286,37.0785],[112.7162,37.0817],[112.7007,37.0936],[112.6876,37.0921],[112.678,37.0986],[112.6667,37.1002],[112.6574,37.1102],[112.6497,37.1127],[112.645,37.1203],[112.6283,37.1169],[112.6289,37.1059],[112.6142,37.0996],[112.6059,37.0994],[112.5925,37.088],[112.5876,37.079],[112.577,37.08],[112.568,37.0847],[112.5362,37.0884],[112.5331,37.1023],[112.5291,37.1064],[112.5165,37.1067],[112.5116,37.1119],[112.5157,37.1186],[112.5005,37.1239],[112.4882,37.1248],[112.4773,37.1186],[112.4581,37.1167],[112.4537,37.1141],[112.4399,37.1164],[112.4457,37.104],[112.4623,37.1014],[112.4817,37.0855],[112.4856,37.0688],[112.4858,37.058],[112.4797,37.049],[112.4914,37.0421],[112.4986,37.0336],[112.5049,37.0093],[112.5,36.9982],[112.5039,36.9935],[112.5162,36.9914],[112.5324,36.9917],[112.5411,36.9861],[112.5446,36.9725],[112.527,36.9603],[112.5187,36.9606],[112.5098,36.9459],[112.4815,36.9555],[112.4773,36.9587],[112.4601,36.9531],[112.4478,36.9417],[112.4322,36.934],[112.4226,36.9327],[112.4054,36.9441],[112.3976,36.9447],[112.3889,36.9514],[112.3747,36.952],[112.3614,36.9558],[112.3484,36.9551],[112.323,36.9398],[112.3177,36.9504],[112.289,36.9634],[112.2727,36.9783],[112.2647,36.9811],[112.2423,36.9835],[112.227,36.9934],[112.2225,37.0072],[112.2107,37.009],[112.1989,37.0038],[112.1813,37.0114],[112.1696,37.0061],[112.1654,36.9986],[112.1481,36.9937],[112.1266,36.9947],[112.1206,36.9927],[112.1158,36.9813],[112.0942,36.9768],[112.0668,36.9766],[112.0548,36.9749],[112.0562,36.9619],[112.0762,36.9417],[112.089,36.9343],[112.0916,36.9283],[112.0678,36.9182],[112.0618,36.9078],[112.0781,36.895],[112.0856,36.8947],[112.0796,36.8809],[112.0643,36.8774],[112.0448,36.88],[112.0343,36.8852],[112.0216,36.8815],[112.0168,36.8752],[112.0199,36.8654],[112.0099,36.8435],[112,36.8394],[112.0036,36.8207],[111.9927,36.8128],[111.9827,36.8114],[111.9751,36.7987],[111.9842,36.7822],[111.9792,36.7652],[111.9877,36.7653],[111.9944,36.752],[112.001,36.7488],[112.0023,36.7398],[111.9916,36.7282],[111.9962,36.7071],[111.9899,36.7048],[111.9909,36.6916],[111.9998,36.6912],[112.0082,36.6857],[112.014,36.6763],[112.0161,36.6563],[112.0281,36.6519],[112.0353,36.6453],[112.0325,36.6292],[112.0335,36.6212],[112.0276,36.6132],[112.0286,36.6063],[112.0377,36.5987],[112.0413,36.5876],[112.0474,36.5841],[112.0767,36.5818],[112.0853,36.5762],[112.0804,36.5685],[112.1014,36.545],[112.1117,36.5402],[112.1266,36.5251],[112.1327,36.526],[112.1428,36.5169],[112.1558,36.516],[112.1618,36.5115],[112.1629,36.4998],[112.1757,36.4904],[112.173,36.4701],[112.1802,36.4623],[112.1789,36.4564],[112.1866,36.4371],[112.1929,36.4314],[112.2006,36.4313],[112.2052,36.421],[112.2018,36.4093],[112.2068,36.4044],[112.2352,36.4077],[112.2436,36.4129],[112.2593,36.4068],[112.2698,36.3971],[112.2813,36.3774],[112.289,36.3784],[112.305,36.3728],[112.3165,36.3626],[112.3271,36.3621],[112.3351,36.3532],[112.333,36.3451],[112.3409,36.3414],[112.3573,36.3398],[112.3703,36.3442],[112.3936,36.3431],[112.4181,36.344],[112.4258,36.337],[112.4337,36.3404],[112.4453,36.3341],[112.446,36.3185],[112.4539,36.31],[112.4485,36.3073],[112.465,36.2873],[112.4635,36.2809],[112.4706,36.2655],[112.4782,36.2693],[112.4956,36.2641],[112.5025,36.2581],[112.5112,36.2584],[112.538,36.2549],[112.5457,36.2597],[112.5582,36.2733],[112.5667,36.2746],[112.5676,36.261],[112.5553,36.2223],[112.5574,36.2123],[112.5537,36.2011],[112.5676,36.1904],[112.5545,36.1823],[112.5462,36.1627],[112.5521,36.1493],[112.5603,36.1451],[112.565,36.1295],[112.5626,36.1218],[112.5502,36.1144],[112.5409,36.1033],[112.5229,36.1004],[112.5177,36.0918],[112.5005,36.089],[112.4939,36.0752],[112.4834,36.0661],[112.4902,36.0546],[112.4907,36.0308],[112.5202,36.0299],[112.5241,36.0384],[112.5422,36.0453],[112.5517,36.0433],[112.5698,36.0456],[112.586,36.0545],[112.5962,36.0515],[112.6102,36.0664],[112.6175,36.0645],[112.6386,36.0496],[112.652,36.0438],[112.6569,36.0311],[112.6815,36.0051],[112.7082,36.0147],[112.7155,36.0119],[112.7331,35.9945],[112.7441,35.9911],[112.7727,35.9856],[112.7907,35.9776],[112.8229,35.9873],[112.8472,35.9814],[112.8514,35.9768],[112.8692,35.9725],[112.8756,35.9613],[112.8687,35.9521],[112.8702,35.9342],[112.8816,35.925],[112.8966,35.9261],[112.9034,35.9186],[112.9134,35.9237],[112.9318,35.9256],[112.9397,35.9215],[112.9623,35.9273],[112.9712,35.9224],[112.9964,35.9354],[113.0006,35.921],[113.0178,35.9142],[113.0311,35.9147],[113.0404,35.9051],[113.0418,35.894],[113.0489,35.8908],[113.0709,35.8892],[113.0869,35.8923],[113.0964,35.8861],[113.1109,35.8836],[113.116,35.8863],[113.1341,35.8714],[113.1462,35.8693],[113.1519,35.8803],[113.1934,35.8978],[113.1976,35.8889],[113.206,35.8882],[113.2233,35.8923],[113.2331,35.8923],[113.2424,35.8849],[113.257,35.867],[113.2702,35.8633],[113.279,35.8658],[113.3092,35.8834],[113.3242,35.8874],[113.3439,35.883],[113.3543,35.8761],[113.3607,35.8628],[113.3593,35.8464],[113.3702,35.8363],[113.3955,35.8314],[113.4111,35.8336],[113.421,35.8448],[113.4249,35.8576],[113.4349,35.8586],[113.4487,35.8645],[113.4685,35.8622],[113.4898,35.8525],[113.509,35.8508],[113.52,35.8535],[113.5281,35.8503],[113.5422,35.8392],[113.5596,35.8298],[113.5869,35.824]]]},"properties":{"region_code":"CN-14-1404","parent_region_code":"CN-14","name":"长治市","level":"prefecture","has_children":true,"full_path":"中国 / 山西省 / 长治市","source_admin_code":"1404","osm_relation_id":2963917}},
{"type":"Feature","geometry":{"type":"Polygon","coordinates":[[[112.5202,36.0299],[112.5176,36.0183],[112.5208,36.0002],[112.5281,35.9854],[112.5307,35.9742],[112.5277,35.9684],[112.5171,35.9638],[112.5064,35.9633],[112.4887,35.9569],[112.4844,35.9495],[112.4517,35.9369],[112.4425,35.9304],[112.4273,35.9243],[112.4218,35.9129],[112.408,35.9088],[112.4011,35.9002],[112.379,35.895],[112.369,35.8887],[112.365,35.8967],[112.3391,35.9012],[112.3126,35.8963],[112.3001,35.8978],[112.2844,35.8965],[112.2795,35.905],[112.2569,35.905],[112.2428,35.8987],[112.234,35.8995],[112.2243,35.9061],[112.2145,35.9034],[112.1978,35.9067],[112.1825,35.9174],[112.1678,35.9108],[112.149,35.9069],[112.1365,35.91],[112.1357,35.8972],[112.1455,35.8953],[112.1495,35.8764],[112.1554,35.8716],[112.1671,35.8782],[112.178,35.8728],[112.1857,35.8653],[112.1945,35.8655],[112.2182,35.8381],[112.2164,35.828],[112.1826,35.8142],[112.1578,35.8212],[112.1393,35.8209],[112.1263,35.8293],[112.1041,35.833],[112.0942,35.8383],[112.0799,35.8356],[112.0589,35.8438],[112.0483,35.851],[112.0475,35.8577],[112.0322,35.8635],[112.0359,35.8416],[112.0322,35.8274],[112.0244,35.8238],[112.0235,35.8159],[112.03,35.8075],[112.0404,35.8001],[112.0535,35.7846],[112.0507,35.7688],[112.0439,35.7672],[112.0308,35.7579],[112.0202,35.7542],[112.0151,35.7376],[112.0266,35.7276],[112.0248,35.7082],[112.0187,35.7018],[112.0168,35.6899],[112.0078,35.689],[111.988,35.6799],[111.9856,35.6666],[111.9645,35.6694],[111.958,35.6675],[111.9525,35.6588],[111.9555,35.654],[111.9527,35.6282],[111.9351,35.6272],[111.937,35.6158],[111.9342,35.6078],[111.9407,35.6001],[111.9378,35.5923],[111.94,35.578],[111.9531,35.5747],[111.9602,35.569],[111.9612,35.5617],[111.9492,35.5437],[111.9574,35.529],[111.9565,35.5179],[111.9378,35.5152],[111.9379,35.5081],[111.9476,35.4993],[111.9508,35.4904],[111.9603,35.4826],[111.9568,35.4699],[111.9595,35.4557],[111.9648,35.4487],[111.9675,35.4326],[111.9561,35.4192],[111.968,35.4234],[111.9812,35.4165],[111.9917,35.4036],[112.0106,35.3999],[112.0264,35.3904],[112.0232,35.3749],[112.0146,35.3544],[112.0196,35.3482],[112.0487,35.3414],[112.051,35.3266],[112.0627,35.3174],[112.0642,35.3103],[112.0569,35.2919],[112.056,35.2789],[112.0692,35.2773],[112.0861,35.2809],[112.1115,35.2724],[112.1146,35.2655],[112.1298,35.272],[112.1455,35.2679],[112.1725,35.264],[112.1884,35.2572],[112.2093,35.2535],[112.2133,35.2481],[112.2091,35.2408],[112.2372,35.2363],[112.2617,35.2486],[112.2795,35.2485],[112.2894,35.2539],[112.2968,35.2469],[112.2882,35.2308],[112.2806,35.2208],[112.286,35.2181],[112.2958,35.221],[112.3316,35.2198],[112.354,35.222],[112.3608,35.2202],[112.3743,35.2277],[112.3843,35.2394],[112.3997,35.2415],[112.447,35.2264],[112.4588,35.231],[112.477,35.2251],[112.5093,35.2191],[112.528,35.2246],[112.5346,35.223],[112.5486,35.2137],[112.5624,35.2194],[112.5883,35.2242],[112.6155,35.2211],[112.6204,35.2304],[112.6312,35.2311],[112.6346,35.2405],[112.6187,35.2462],[112.6112,35.2521],[112.6225,35.2666],[112.6307,35.2614],[112.646,35.2609],[112.649,35.2437],[112.6676,35.2356],[112.6781,35.2355],[112.6802,35.2274],[112.692,35.2202],[112.7032,35.2196],[112.6973,35.211],[112.7051,35.1894],[112.7122,35.2025],[112.7204,35.2124],[112.7298,35.2125],[112.761,35.2048],[112.7687,35.2101],[112.7748,35.223],[112.7802,35.2249],[112.7795,35.2368],[112.7926,35.2406],[112.8083,35.2516],[112.816,35.2596],[112.8358,35.257],[112.8619,35.2457],[112.8793,35.2456],[112.891,35.2495],[112.8995,35.2451],[112.9155,35.2505],[112.9297,35.2644],[112.9315,35.2754],[112.9297,35.285],[112.9477,35.2874],[112.961,35.2957],[112.9787,35.2893],[112.9844,35.2915],[112.9868,35.3],[112.9809,35.3116],[112.9792,35.3396],[112.988,35.3466],[112.9847,35.3558],[112.9901,35.3627],[113.0136,35.3559],[113.0307,35.361],[113.057,35.3508],[113.0641,35.3533],[113.0766,35.3418],[113.0854,35.3377],[113.0994,35.3371],[113.1145,35.3295],[113.1282,35.3339],[113.1332,35.339],[113.1319,35.3472],[113.1404,35.3516],[113.1427,35.3641],[113.1475,35.3701],[113.1486,35.3792],[113.1538,35.3849],[113.163,35.3869],[113.1671,35.3949],[113.1617,35.4],[113.1602,35.4109],[113.1691,35.4152],[113.1764,35.4119],[113.1821,35.4173],[113.1789,35.4255],[113.1862,35.433],[113.183,35.4382],[113.1856,35.4497],[113.2062,35.4471],[113.2169,35.4534],[113.2353,35.4537],[113.2459,35.4417],[113.256,35.441],[113.2587,35.4361],[113.2762,35.4353],[113.296,35.4263],[113.2968,35.4342],[113.2916,35.4392],[113.2924,35.448],[113.3018,35.4607],[113.308,35.4529],[113.3176,35.4531],[113.3145,35.4615],[113.302,35.4656],[113.2883,35.4653],[113.2862,35.471],[113.2968,35.4773],[113.3124,35.479],[113.3195,35.4698],[113.3386,35.4688],[113.3513,35.4796],[113.3639,35.48],[113.3741,35.4913],[113.3806,35.504],[113.3958,35.5073],[113.4104,35.5167],[113.416,35.5118],[113.4235,35.5138],[113.4302,35.5081],[113.4555,35.5156],[113.4654,35.5163],[113.4794,35.5212],[113.4867,35.5172],[113.501,35.5165],[113.503,35.5235],[113.4922,35.5328],[113.5031,35.5565],[113.4971,35.5731],[113.5114,35.58],[113.5229,35.5935],[113.5368,35.5968],[113.5387,35.6145],[113.5494,35.6266],[113.5435,35.6438],[113.5435,35.6579],[113.5514,35.6588],[113.5526,35.6488],[113.557,35.6441],[113.5671,35.6484],[113.5705,35.6321],[113.5814,35.634],[113.6189,35.6328],[113.6176,35.644],[113.6195,35.6554],[113.612,35.6632],[113.6171,35.676],[113.6084,35.6861],[113.5988,35.6852],[113.5951,35.699],[113.5979,35.7185],[113.5862,35.7342],[113.5822,35.7489],[113.5979,35.7604],[113.5984,35.7762],[113.593,35.7896],[113.5832,35.7942],[113.605,35.8],[113.5936,35.8061],[113.5836,35.817],[113.5869,35.824],[113.5596,35.8298],[113.5422,35.8392],[113.5281,35.8503],[113.52,35.8535],[113.509,35.8508],[113.4898,35.8525],[113.4685,35.8622],[113.4487,35.8645],[113.4349,35.8586],[113.4249,35.8576],[113.421,35.8448],[113.4111,35.8336],[113.3955,35.8314],[113.3702,35.8363],[113.3593,35.8464],[113.3607,35.8628],[113.3543,35.8761],[113.3439,35.883],[113.3242,35.8874],[113.3092,35.8834],[113.279,35.8658],[113.2702,35.8633],[113.257,35.867],[113.2424,35.8849],[113.2331,35.8923],[113.2233,35.8923],[113.206,35.8882],[113.1976,35.8889],[113.1934,35.8978],[113.1519,35.8803],[113.1462,35.8693],[113.1341,35.8714],[113.116,35.8863],[113.1109,35.8836],[113.0964,35.8861],[113.0869,35.8923],[113.0709,35.8892],[113.0489,35.8908],[113.0418,35.894],[113.0404,35.9051],[113.0311,35.9147],[113.0178,35.9142],[113.0006,35.921],[112.9964,35.9354],[112.9712,35.9224],[112.9623,35.9273],[112.9397,35.9215],[112.9318,35.9256],[112.9134,35.9237],[112.9034,35.9186],[112.8966,35.9261],[112.8816,35.925],[112.8702,35.9342],[112.8687,35.9521],[112.8756,35.9613],[112.8692,35.9725],[112.8514,35.9768],[112.8472,35.9814],[112.8229,35.9873],[112.7907,35.9776],[112.7727,35.9856],[112.7441,35.9911],[112.7331,35.9945],[112.7155,36.0119],[112.7082,36.0147],[112.6815,36.0051],[112.6569,36.0311],[112.652,36.0438],[112.6386,36.0496],[112.6175,36.0645],[112.6102,36.0664],[112.5962,36.0515],[112.586,36.0545],[112.5698,36.0456],[112.5517,36.0433],[112.5422,36.0453],[112.5241,36.0384],[112.5202,36.0299]]]},"properties":{"region_code":"CN-14-1405","parent_region_code":"CN-14","name":"晋城市","level":"prefecture","has_children":true,"full_path":"中国 / 山西省 / 晋城市","source_admin_code":"1405","osm_relation_id":3237073}},
{"type":"Feature","geometry":{"type":"Polygon","coordinates":[[[112.6178,40.2381],[112.5956,40.2437],[112.5773,40.246],[112.5719,40.2515],[112.5179,40.2626],[112.4956,40.2731],[112.4923,40.2782],[112.4711,40.2853],[112.4662,40.2934],[112.4581,40.2982],[112.4056,40.2943],[112.3852,40.2719],[112.3626,40.2664],[112.3584,40.2583],[112.3418,40.2529],[112.3284,40.2531],[112.3183,40.2575],[112.3064,40.255],[112.2936,40.2305],[112.2838,40.2222],[112.2932,40.2107],[112.2787,40.197],[112.2665,40.1891],[112.2546,40.1852],[112.226,40.1685],[112.2199,40.1432],[112.2253,40.1321],[112.2165,40.1276],[112.2031,40.1065],[112.1934,40.0992],[112.1938,40.0946],[112.1776,40.0843],[112.1749,40.0603],[112.1674,40.0498],[112.1596,40.0501],[112.1555,40.0415],[112.1354,40.026],[112.1283,40.0126],[112.1255,39.9958],[112.1152,39.9881],[112.1116,39.9787],[112.0865,39.9514],[112.0718,39.9212],[112.0579,39.9042],[112.0469,39.9008],[112.0366,39.8843],[112.0385,39.8778],[112.0296,39.8552],[112.0151,39.8394],[112.0127,39.8308],[112.0005,39.8226],[111.9848,39.8073],[111.9833,39.8033],[111.9643,39.7943],[111.9632,39.7854],[111.9663,39.7622],[111.9608,39.754],[111.9628,39.7395],[111.9593,39.719],[111.9651,39.7097],[111.9596,39.7062],[111.9481,39.6851],[111.9299,39.6712],[111.9181,39.6653],[111.9184,39.6602],[111.9298,39.6478],[111.9288,39.6283],[111.9379,39.624],[111.9286,39.6163],[111.9257,39.6091],[111.9333,39.5986],[111.9342,39.5867],[111.9566,39.569],[111.9659,39.5573],[111.9724,39.5554],[111.997,39.5376],[112.0014,39.5258],[111.9864,39.5225],[111.9654,39.5255],[111.9609,39.5228],[111.9427,39.5245],[111.9336,39.5232],[111.9156,39.5152],[111.9099,39.5155],[111.8912,39.506],[111.8982,39.4861],[111.9081,39.4805],[111.9143,39.471],[111.9128,39.4601],[111.9221,39.4587],[111.9411,39.4606],[111.9665,39.4442],[111.9829,39.4456],[111.9817,39.4353],[111.9898,39.4258],[111.9944,39.4109],[112.0005,39.4117],[112.0064,39.3995],[112.0029,39.3866],[111.9983,39.3808],[112.0159,39.3645],[112.0078,39.35],[112.0245,39.3392],[112.0339,39.3381],[112.0448,39.328],[112.0424,39.3203],[112.0572,39.3073],[112.0572,39.3036],[112.0413,39.2964],[112.0612,39.2811],[112.0785,39.252],[112.0859,39.2497],[112.0937,39.2546],[112.1011,39.269],[112.1076,39.2733],[112.1279,39.278],[112.1449,39.2766],[112.176,39.2656],[112.1876,39.2487],[112.1853,39.232],[112.1891,39.2169],[112.1877,39.2053],[112.1985,39.196],[112.2079,39.1968],[112.2199,39.2023],[112.2476,39.1985],[112.2554,39.189],[112.2555,39.1687],[112.261,39.1611],[112.2626,39.142],[112.2595,39.1274],[112.27,39.1261],[112.2897,39.1289],[112.2973,39.1251],[112.2986,39.1155],[112.2841,39.106],[112.2904,39.0977],[112.3068,39.1018],[112.3064,39.1184],[112.3359,39.1209],[112.3534,39.1129],[112.3633,39.1037],[112.377,39.1034],[112.3882,39.1147],[112.4125,39.1136],[112.417,39.1036],[112.4327,39.1112],[112.4355,39.1181],[112.4518,39.1111],[112.4636,39.1164],[112.4932,39.1363],[112.5123,39.1446],[112.5245,39.1383],[112.5374,39.1409],[112.5427,39.1371],[112.5523,39.1159],[112.5601,39.1106],[112.574,39.1126],[112.5759,39.1014],[112.584,39.0856],[112.6129,39.0905],[112.6194,39.0865],[112.6322,39.0892],[112.6487,39.0969],[112.6492,39.1097],[112.6442,39.1151],[112.667,39.1316],[112.6796,39.1222],[112.7125,39.1347],[112.7383,39.1525],[112.7439,39.1664],[112.7397,39.1749],[112.7494,39.1778],[112.7523,39.1861],[112.7648,39.1872],[112.7726,39.1919],[112.795,39.1859],[112.8082,39.1747],[112.8178,39.1832],[112.8176,39.1914],[112.8281,39.1959],[112.833,39.2099],[112.8407,39.2152],[112.8528,39.217],[112.8683,39.2126],[112.8781,39.2264],[112.8758,39.2381],[112.8901,39.2431],[112.8987,39.2498],[112.8953,39.257],[112.9118,39.2692],[112.9347,39.2961],[112.9455,39.2989],[112.9739,39.3026],[112.995,39.3086],[112.9986,39.3128],[113.0272,39.3185],[113.0274,39.3247],[113.0484,39.3383],[113.0463,39.3502],[113.0559,39.3525],[113.0717,39.3521],[113.086,39.3613],[113.1026,39.3613],[113.1236,39.3485],[113.1227,39.3387],[113.1171,39.3306],[113.1222,39.3255],[113.1362,39.3222],[113.1433,39.3087],[113.161,39.3035],[113.1729,39.3028],[113.1752,39.2986],[113.1962,39.2967],[113.2243,39.3045],[113.2349,39.3106],[113.2516,39.3148],[113.2561,39.3099],[113.2668,39.3081],[113.2809,39.317],[113.3147,39.3155],[113.3255,39.3117],[113.3356,39.3127],[113.34,39.3185],[113.3544,39.3149],[113.3603,39.3057],[113.3791,39.3011],[113.3855,39.3103],[113.4068,39.319],[113.4096,39.33],[113.4212,39.331],[113.4254,39.3249],[113.4395,39.3186],[113.4435,39.3355],[113.4499,39.341],[113.4665,39.3393],[113.478,39.3449],[113.4947,39.3444],[113.5027,39.3473],[113.5156,39.3601],[113.5168,39.3701],[113.524,39.3811],[113.5296,39.3837],[113.5336,39.3937],[113.5523,39.3943],[113.5551,39.3978],[113.5502,39.4137],[113.554,39.4165],[113.553,39.4323],[113.5645,39.4388],[113.5547,39.4495],[113.5432,39.4542],[113.5372,39.4626],[113.5262,39.4683],[113.5172,39.4775],[113.5052,39.4833],[113.5012,39.4924],[113.5044,39.4998],[113.5012,39.5058],[113.5087,39.5214],[113.4976,39.524],[113.4934,39.5336],[113.4585,39.5568],[113.4484,39.5771],[113.4427,39.5816],[113.414,39.5791],[113.4126,39.5875],[113.4202,39.592],[113.4226,39.5997],[113.4161,39.6089],[113.3973,39.6176],[113.3879,39.6352],[113.3735,39.6465],[113.3867,39.6661],[113.3783,39.6723],[113.378,39.6839],[113.3907,39.6884],[113.388,39.6936],[113.3942,39.7044],[113.4035,39.7119],[113.4038,39.7191],[113.3898,39.7353],[113.3878,39.7405],[113.3717,39.749],[113.3592,39.7597],[113.3479,39.7625],[113.3341,39.7692],[113.3292,39.7753],[113.3218,39.7972],[113.3391,39.8],[113.348,39.813],[113.3563,39.8166],[113.3594,39.8302],[113.3647,39.8351],[113.3874,39.8354],[113.4107,39.8447],[113.4162,39.8434],[113.4354,39.8507],[113.421,39.8658],[113.3968,39.8845],[113.394,39.8889],[113.3795,39.8894],[113.3726,39.9053],[113.3485,39.9034],[113.3405,39.9078],[113.3342,39.9181],[113.3216,39.9309],[113.2953,39.9338],[113.2866,39.9472],[113.2588,39.9508],[113.2392,39.9567],[113.2266,39.9572],[113.1953,39.9399],[113.1644,39.9154],[113.1405,39.9037],[113.1114,39.9038],[113.0779,39.9112],[113.0495,39.9189],[113.0276,39.9165],[113.0185,39.9107],[113.0047,39.918],[112.97,39.9193],[112.9551,39.9158],[112.9351,39.904],[112.9346,39.8894],[112.947,39.885],[112.9601,39.8693],[112.9501,39.8559],[112.9444,39.853],[112.9306,39.8605],[112.9304,39.8483],[112.9267,39.8398],[112.9106,39.8372],[112.9098,39.8305],[112.8945,39.8231],[112.88,39.8192],[112.8748,39.8109],[112.8537,39.7996],[112.8314,39.8002],[112.8169,39.8041],[112.7998,39.7933],[112.8003,39.7765],[112.7876,39.7787],[112.7649,39.7763],[112.7476,39.7777],[112.7435,39.7741],[112.7482,39.7583],[112.7385,39.7567],[112.7178,39.7658],[112.706,39.7739],[112.693,39.7746],[112.6822,39.772],[112.6697,39.7547],[112.6535,39.7536],[112.6377,39.7488],[112.6167,39.7538],[112.6085,39.7648],[112.6146,39.7804],[112.6125,39.787],[112.6185,39.8034],[112.6156,39.8141],[112.6007,39.8167],[112.5937,39.8245],[112.5852,39.8409],[112.5922,39.85],[112.6008,39.8728],[112.6013,39.8841],[112.5927,39.8958],[112.5976,39.9055],[112.5932,39.9171],[112.5941,39.9273],[112.5988,39.9343],[112.6105,39.9424],[112.6207,39.977],[112.6195,39.9832],[112.629,39.9975],[112.6311,40.0101],[112.6394,40.0175],[112.6395,40.0307],[112.6307,40.0359],[112.6262,40.0531],[112.6184,40.0554],[112.6121,40.0696],[112.604,40.0784],[112.6139,40.0875],[112.5858,40.0981],[112.5785,40.1098],[112.589,40.1135],[112.5833,40.1225],[112.5754,40.1274],[112.5777,40.1339],[112.572,40.1403],[112.5788,40.1476],[112.5738,40.1551],[112.5896,40.1656],[112.6153,40.1621],[112.6213,40.1646],[112.6175,40.1826],[112.6019,40.1922],[112.5952,40.2052],[112.6096,40.2204],[112.6195,40.222],[112.6178,40.2381]]]},"properties":{"region_code":"CN-14-1406","parent_region_code":"CN-14","name":"朔州市","level":"prefecture","has_children":true,"full_path":"中国 / 山西省 / 朔州市","source_admin_code":"1406","osm_relation_id":3008553}},
{"type":"Feature","geometry":{"type":"Polygon","coordinates":[[[112.299,37.4473],[112.2946,37.4416],[112.2605,37.4262],[112.2418,37.382],[112.2315,37.3664],[112.2153,37.3469],[112.2119,37.3383],[112.202,37.3338],[112.1882,37.3162],[112.1721,37.3088],[112.1525,37.2875],[112.1391,37.2689],[112.1318,37.2682],[112.1151,37.2768],[112.1165,37.2849],[112.1126,37.2973],[112.0976,37.2982],[112.0887,37.304],[112.0878,37.3176],[112.0632,37.3172],[112.0509,37.3039],[112.0428,37.2982],[112.0408,37.281],[112.0275,37.2771],[112.0265,37.2726],[112.0138,37.2715],[112.0082,37.2679],[111.9948,37.2666],[111.9836,37.2713],[111.9721,37.2678],[111.9707,37.2577],[111.9662,37.2538],[111.9503,37.2532],[111.9354,37.2549],[111.9345,37.2458],[111.9451,37.2442],[111.9506,37.2362],[111.9483,37.2258],[111.9406,37.2137],[111.9401,37.202],[111.9439,37.1865],[111.9406,37.167],[111.9335,37.1613],[111.9281,37.1408],[111.9225,37.1309],[111.9224,37.1218],[111.9182,37.1111],[111.9074,37.1024],[111.9062,37.0931],[111.8889,37.0912],[111.8856,37.0882],[111.8891,37.0749],[111.8844,37.0699],[111.8839,37.0593],[111.8742,37.0524],[111.8581,37.0538],[111.8532,37.0433],[111.8366,37.0401],[111.8252,37.0442],[111.8121,37.0304],[111.8049,37.03],[111.7978,37.0229],[111.7845,37.0313],[111.7745,37.0203],[111.7436,37.0145],[111.7295,36.9947],[111.7206,36.9974],[111.6806,36.993],[111.6696,36.984],[111.6754,36.9733],[111.6674,36.9714],[111.6593,36.9752],[111.6315,36.9609],[111.6289,36.9443],[111.6125,36.9477],[111.613,36.9534],[111.6046,36.9603],[111.5807,36.9642],[111.557,36.9788],[111.5401,36.9837],[111.5292,36.9759],[111.5194,36.9819],[111.5237,36.9887],[111.524,37.0009],[111.5032,36.9955],[111.4954,36.9786],[111.5091,36.9761],[111.5314,36.9575],[111.5312,36.9457],[111.5465,36.9262],[111.5605,36.9284],[111.5768,36.9226],[111.5779,36.9176],[111.5647,36.9105],[111.5558,36.9018],[111.5549,36.895],[111.5385,36.8934],[111.5192,36.8858],[111.4986,36.8863],[111.4855,36.8782],[111.4816,36.87],[111.4588,36.8652],[111.4434,36.8453],[111.4271,36.8434],[111.408,36.8296],[111.4103,36.812],[111.4015,36.8007],[111.4225,36.7979],[111.4299,36.7855],[111.4305,36.7771],[111.4398,36.7699],[111.4483,36.7747],[111.4627,36.7725],[111.4718,36.7787],[111.4817,36.7797],[111.4917,36.7993],[111.506,36.7903],[111.5048,36.7829],[111.5103,36.7792],[111.5172,36.7924],[111.5264,36.7837],[111.5385,36.7883],[111.545,36.7707],[111.533,36.7654],[111.5315,36.7529],[111.5472,36.7453],[111.5598,36.7311],[111.5628,36.7171],[111.5729,36.7142],[111.5925,36.6998],[111.6155,36.6936],[111.6179,36.6841],[111.6157,36.6753],[111.6394,36.6733],[111.6515,36.658],[111.6703,36.6535],[111.6779,36.6563],[111.6842,36.6656],[111.6822,36.6756],[111.6686,36.6875],[111.67,36.6935],[111.6861,36.6968],[111.6928,36.7037],[111.7044,36.71],[111.7119,36.7073],[111.7162,36.7152],[111.7238,36.7179],[111.7327,36.7126],[111.7491,36.7234],[111.7608,36.7077],[111.7785,36.7026],[111.7925,36.7098],[111.8032,36.7084],[111.8108,36.7139],[111.8197,36.7079],[111.8265,36.7133],[111.8372,36.7112],[111.8312,36.6955],[111.8471,36.6998],[111.8606,36.7112],[111.8737,36.7162],[111.8873,36.7075],[111.897,36.7137],[111.9105,36.7078],[111.929,36.7093],[111.9394,36.7034],[111.9498,36.701],[111.9592,36.6887],[111.9757,36.6797],[111.9888,36.6855],[111.9909,36.6916],[111.9899,36.7048],[111.9962,36.7071],[111.9916,36.7282],[112.0023,36.7398],[112.001,36.7488],[111.9944,36.752],[111.9877,36.7653],[111.9792,36.7652],[111.9842,36.7822],[111.9751,36.7987],[111.9827,36.8114],[111.9927,36.8128],[112.0036,36.8207],[112,36.8394],[112.0099,36.8435],[112.0199,36.8654],[112.0168,36.8752],[112.0216,36.8815],[112.0343,36.8852],[112.0448,36.88],[112.0643,36.8774],[112.0796,36.8809],[112.0856,36.8947],[112.0781,36.895],[112.0618,36.9078],[112.0678,36.9182],[112.0916,36.9283],[112.089,36.9343],[112.0762,36.9417],[112.0562,36.9619],[112.0548,36.9749],[112.0668,36.9766],[112.0942,36.9768],[112.1158,36.9813],[112.1206,36.9927],[112.1266,36.9947],[112.1481,36.9937],[112.1654,36.9986],[112.1696,37.0061],[112.1813,37.0114],[112.1989,37.0038],[112.2107,37.009],[112.2225,37.0072],[112.227,36.9934],[112.2423,36.9835],[112.2647,36.9811],[112.2727,36.9783],[112.289,36.9634],[112.3177,36.9504],[112.323,36.9398],[112.3484,36.9551],[112.3614,36.9558],[112.3747,36.952],[112.3889,36.9514],[112.3976,36.9447],[112.4054,36.9441],[112.4226,36.9327],[112.4322,36.934],[112.4478,36.9417],[112.4601,36.9531],[112.4773,36.9587],[112.4815,36.9555],[112.5098,36.9459],[112.5187,36.9606],[112.527,36.9603],[112.5446,36.9725],[112.5411,36.9861],[112.5324,36.9917],[112.5162,36.9914],[112.5039,36.9935],[112.5,36.9982],[112.5049,37.0093],[112.4986,37.0336],[112.4914,37.0421],[112.4797,37.049],[112.4858,37.058],[112.4856,37.0688],[112.4817,37.0855],[112.4623,37.1014],[112.4457,37.104],[112.4399,37.1164],[112.4537,37.1141],[112.4581,37.1167],[112.4773,37.1186],[112.4882,37.1248],[112.5005,37.1239],[112.5157,37.1186],[112.5116,37.1119],[112.5165,37.1067],[112.5291,37.1064],[112.5331,37.1023],[112.5362,37.0884],[112.568,37.0847],[112.577,37.08],[112.5876,37.079],[112.5925,37.088],[112.6059,37.0994],[112.6142,37.0996],[112.6289,37.1059],[112.6283,37.1169],[112.645,37.1203],[112.6497,37.1127],[112.6574,37.1102],[112.6667,37.1002],[112.678,37.0986],[112.6876,37.0921],[112.7007,37.0936],[112.7162,37.0817],[112.7286,37.0785],[112.7234,37.073],[112.7322,37.0684],[112.7324,37.0444],[112.7467,37.0484],[112.7588,37.0442],[112.7613,37.0375],[112.7723,37.0298],[112.7762,37.0149],[112.7879,37.0069],[112.8146,37.0094],[112.8267,37.006],[112.8367,36.993],[112.847,36.987],[112.8648,36.9844],[112.8734,36.9699],[112.8658,36.9475],[112.8756,36.9364],[112.8755,36.9159],[112.8694,36.9056],[112.8717,36.8938],[112.885,36.8861],[112.8914,36.8749],[112.8921,36.8649],[112.9051,36.8622],[112.9167,36.8686],[112.9309,36.8815],[112.946,36.8916],[112.9616,36.9061],[112.9952,36.9269],[113.0023,36.9301],[113.0298,36.9244],[113.0344,36.9285],[113.0503,36.93],[113.0694,36.9258],[113.0884,36.9153],[113.1026,36.9263],[113.1155,36.9216],[113.1258,36.9233],[113.1491,36.9215],[113.145,36.933],[113.147,36.9506],[113.1572,36.9457],[113.1641,36.9473],[113.1737,36.9302],[113.1919,36.9259],[113.2045,36.9275],[113.2081,36.9463],[113.2171,36.9443],[113.2195,36.9332],[113.2267,36.934],[113.2423,36.9427],[113.2512,36.9415],[113.2638,36.9552],[113.2743,36.9557],[113.2823,36.9709],[113.2881,36.9771],[113.298,36.9793],[113.3053,36.9761],[113.3189,36.9536],[113.3419,36.9329],[113.3521,36.922],[113.3619,36.9172],[113.3661,36.9079],[113.3652,36.8946],[113.3543,36.8782],[113.3642,36.8757],[113.3723,36.8792],[113.3832,36.8743],[113.3863,36.8654],[113.4112,36.8588],[113.4245,36.8529],[113.4414,36.8398],[113.4551,36.8257],[113.4718,36.8201],[113.4887,36.8069],[113.4942,36.7901],[113.504,36.7695],[113.5154,36.7542],[113.5309,36.7465],[113.5378,36.7481],[113.5386,36.7527],[113.5561,36.7603],[113.57,36.7634],[113.5727,36.7579],[113.5914,36.7517],[113.5995,36.7614],[113.611,36.7608],[113.6175,36.7712],[113.6294,36.778],[113.6383,36.7874],[113.6587,36.7899],[113.6698,36.7986],[113.6629,36.8099],[113.6658,36.8166],[113.6791,36.8211],[113.6806,36.8271],[113.674,36.8341],[113.6713,36.8484],[113.6788,36.8697],[113.6847,36.881],[113.6993,36.89],[113.7076,36.8838],[113.7185,36.8847],[113.7263,36.8747],[113.7259,36.8627],[113.7305,36.8534],[113.7396,36.8541],[113.7469,36.8647],[113.7544,36.8666],[113.7584,36.8737],[113.7713,36.872],[113.7795,36.8768],[113.7873,36.8861],[113.7833,36.895],[113.7844,36.9024],[113.774,36.9133],[113.7694,36.9269],[113.7587,36.9401],[113.754,36.954],[113.7555,36.9602],[113.7682,36.9667],[113.769,36.9773],[113.7815,36.9852],[113.7869,36.9956],[113.7669,37.0073],[113.7616,37.0181],[113.7693,37.0315],[113.7793,37.0382],[113.7776,37.059],[113.7632,37.062],[113.7517,37.0752],[113.7576,37.0942],[113.7671,37.1064],[113.7683,37.1176],[113.7633,37.137],[113.7657,37.1513],[113.7788,37.1552],[113.7956,37.1571],[113.7977,37.1652],[113.8105,37.1707],[113.822,37.1706],[113.8276,37.1772],[113.8247,37.1871],[113.8357,37.194],[113.842,37.2048],[113.848,37.2062],[113.8613,37.224],[113.8665,37.2422],[113.8743,37.2454],[113.8776,37.2565],[113.8764,37.2644],[113.8939,37.2891],[113.8937,37.2998],[113.8886,37.3122],[113.9095,37.3268],[113.903,37.3395],[113.9106,37.3471],[113.9206,37.3486],[113.9463,37.3442],[113.9503,37.3516],[113.9498,37.3664],[113.9469,37.3747],[113.9607,37.3904],[113.9702,37.4089],[113.9948,37.4252],[114.0057,37.4195],[114.016,37.4361],[114.023,37.4401],[114.0289,37.4526],[114.0268,37.4682],[114.0229,37.4737],[114.0301,37.4863],[114.0394,37.4922],[114.0483,37.5097],[114.0616,37.5113],[114.0688,37.5233],[114.0724,37.5391],[114.0887,37.5459],[114.0887,37.5581],[114.084,37.5682],[114.0993,37.5697],[114.1046,37.5746],[114.1053,37.5842],[114.1112,37.5861],[114.1208,37.5991],[114.1182,37.6113],[114.0993,37.6159],[114.1069,37.6224],[114.1113,37.6358],[114.1324,37.6466],[114.1282,37.6556],[114.133,37.6764],[114.1252,37.6938],[114.1119,37.6999],[114.1052,37.71],[114.0964,37.7142],[114.0833,37.7112],[114.0776,37.7145],[114.0644,37.7148],[114.0528,37.7246],[114.0365,37.7288],[114.0261,37.7256],[114.0297,37.7188],[114.0237,37.7133],[114.0112,37.7199],[113.9923,37.7095],[113.9886,37.6918],[113.9837,37.6793],[113.9627,37.6784],[113.9494,37.6921],[113.9379,37.6967],[113.9362,37.7024],[113.9226,37.7021],[113.9128,37.7068],[113.9065,37.7052],[113.8895,37.7104],[113.8629,37.7016],[113.8616,37.696],[113.845,37.6908],[113.8449,37.6835],[113.8241,37.6787],[113.8185,37.6728],[113.8072,37.6695],[113.8001,37.6743],[113.7888,37.6753],[113.7632,37.6667],[113.7545,37.6827],[113.7178,37.6862],[113.6933,37.6854],[113.6854,37.6735],[113.6777,37.6736],[113.6708,37.6647],[113.6525,37.6591],[113.643,37.6655],[113.6281,37.6672],[113.6148,37.6816],[113.5978,37.6823],[113.5771,37.674],[113.5514,37.6775],[113.5349,37.6739],[113.519,37.6791],[113.5107,37.6857],[113.51,37.6948],[113.5048,37.6975],[113.4786,37.6937],[113.4694,37.7053],[113.4689,37.712],[113.4603,37.7204],[113.4442,37.7285],[113.4358,37.7376],[113.4337,37.7479],[113.4375,37.7552],[113.4325,37.7703],[113.4262,37.7772],[113.4046,37.7906],[113.3997,37.8036],[113.3917,37.8162],[113.3937,37.8222],[113.3711,37.8287],[113.3613,37.8379],[113.3543,37.8627],[113.349,37.8718],[113.3396,37.8699],[113.3352,37.8755],[113.3381,37.8855],[113.3266,37.899],[113.3306,37.9082],[113.3298,37.9159],[113.3185,37.9257],[113.3245,37.9329],[113.3264,37.9451],[113.3335,37.953],[113.3334,37.9631],[113.322,37.9829],[113.2901,37.9896],[113.2867,37.9971],[113.2792,37.999],[113.2795,38.0075],[113.2852,38.0158],[113.2808,38.0247],[113.2564,38.0275],[113.2539,38.0474],[113.2434,38.0544],[113.2554,38.0816],[113.2516,38.0892],[113.2295,38.0878],[113.2234,38.0932],[113.2103,38.0917],[113.2075,38.0813],[113.1955,38.076],[113.1837,38.0534],[113.1684,38.0569],[113.1567,38.0524],[113.1468,38.0556],[113.1418,38.0625],[113.1346,38.0629],[113.1187,38.0803],[113.1111,38.0779],[113.0956,38.0676],[113.0929,38.0567],[113.0769,38.0536],[113.062,38.0547],[113.0543,38.053],[113.0457,38.0457],[113.0277,38.0502],[113.0193,38.0463],[113.0098,38.0466],[113.0081,38.0373],[113.0165,38.0271],[113.0096,38.019],[113.0004,38.0168],[112.9992,38.0055],[112.994,38.0008],[112.9834,38.0009],[112.9719,38.0112],[112.9598,38.0178],[112.9528,38.0122],[112.9512,38.0017],[112.9374,37.9883],[112.915,37.997],[112.8909,37.9916],[112.8798,37.997],[112.8641,37.9951],[112.8598,37.9905],[112.8448,37.9905],[112.8214,38.0046],[112.8095,37.9985],[112.8139,37.9852],[112.7908,37.975],[112.7898,37.9695],[112.771,37.9493],[112.767,37.9406],[112.7723,37.9234],[112.7649,37.9209],[112.7617,37.898],[112.7729,37.886],[112.7647,37.8815],[112.7599,37.8695],[112.7491,37.8783],[112.7396,37.8781],[112.7292,37.8726],[112.7269,37.858],[112.7164,37.8488],[112.7015,37.8511],[112.703,37.8436],[112.6821,37.837],[112.6843,37.8312],[112.671,37.8234],[112.6688,37.8105],[112.676,37.797],[112.6696,37.7857],[112.6628,37.7868],[112.6548,37.7757],[112.6448,37.7734],[112.6558,37.7595],[112.6554,37.7464],[112.6608,37.7422],[112.6562,37.7349],[112.6477,37.7306],[112.6438,37.7094],[112.6214,37.7074],[112.6144,37.7038],[112.6094,37.6954],[112.6198,37.6901],[112.6195,37.6808],[112.6066,37.6737],[112.5981,37.6646],[112.6029,37.6539],[112.6105,37.6551],[112.6149,37.6457],[112.6047,37.6356],[112.592,37.6347],[112.592,37.6408],[112.5809,37.6406],[112.5718,37.6297],[112.5753,37.6191],[112.5741,37.605],[112.5853,37.6],[112.5923,37.6008],[112.594,37.5882],[112.6034,37.5711],[112.6016,37.5577],[112.5974,37.5479],[112.6082,37.5424],[112.6075,37.5366],[112.6202,37.5319],[112.6166,37.5224],[112.6073,37.5196],[112.5991,37.5224],[112.5861,37.5222],[112.5796,37.5148],[112.5844,37.5036],[112.5624,37.5045],[112.5567,37.5131],[112.5445,37.5168],[112.5347,37.513],[112.5168,37.5101],[112.5021,37.5107],[112.4996,37.5041],[112.5068,37.5],[112.5006,37.4913],[112.4974,37.4764],[112.4842,37.4756],[112.4572,37.4657],[112.4498,37.4768],[112.438,37.4784],[112.4254,37.4674],[112.4275,37.4613],[112.4087,37.4571],[112.4056,37.462],[112.387,37.4606],[112.3794,37.4701],[112.3826,37.4818],[112.3513,37.4841],[112.3467,37.4739],[112.3475,37.4655],[112.3421,37.4606],[112.3235,37.4584],[112.3161,37.4456],[112.3034,37.4414],[112.299,37.4473]]]},"properties":{"region_code":"CN-14-1407","parent_region_code":"CN-14","name":"晋中市","level":"prefecture","has_children":true,"full_path":"中国 / 山西省 / 晋中市","source_admin_code":"1407","osm_relation_id":3296587}},
{"type":"Feature","geometry":{"type":"Polygon","coordinates":[[[111.9561,35.4192],[111.9507,35.4118],[111.9492,35.4017],[111.9374,35.3974],[111.9359,35.3888],[111.9153,35.3865],[111.9021,35.3907],[111.8913,35.3877],[111.8791,35.3881],[111.8684,35.3949],[111.848,35.4004],[111.8424,35.4252],[111.8322,35.4349],[111.82,35.4294],[111.811,35.43],[111.806,35.4366],[111.8166,35.4452],[111.8251,35.4465],[111.8321,35.454],[111.8277,35.4792],[111.8384,35.4864],[111.8383,35.4937],[111.8452,35.5001],[111.8433,35.5112],[111.8635,35.5163],[111.8768,35.5156],[111.8821,35.5098],[111.8969,35.524],[111.9024,35.5333],[111.9023,35.5426],[111.8847,35.5447],[111.8779,35.5487],[111.858,35.5494],[111.8557,35.5527],[111.8372,35.5538],[111.8276,35.5691],[111.8273,35.58],[111.8415,35.5891],[111.8451,35.5994],[111.8311,35.6048],[111.808,35.5966],[111.7879,35.5978],[111.7546,35.6166],[111.7291,35.6341],[111.6993,35.6426],[111.6731,35.639],[111.6751,35.6564],[111.6693,35.6569],[111.6641,35.6477],[111.655,35.643],[111.6261,35.6397],[111.6145,35.6453],[111.6123,35.6375],[111.6021,35.6291],[111.597,35.6129],[111.5987,35.6032],[111.595,35.5937],[111.5857,35.5862],[111.5769,35.583],[111.5789,35.5591],[111.5698,35.553],[111.562,35.5554],[111.5535,35.5671],[111.5338,35.5657],[111.5138,35.5712],[111.4919,35.5621],[111.4851,35.5661],[111.4739,35.5599],[111.4558,35.5647],[111.4381,35.5589],[111.4195,35.5584],[111.3959,35.5679],[111.3884,35.5636],[111.3758,35.5618],[111.3695,35.5566],[111.3539,35.5535],[111.3405,35.5566],[111.331,35.5514],[111.3278,35.5446],[111.3124,35.5365],[111.293,35.5378],[111.2902,35.5487],[111.2823,35.5536],[111.2746,35.5528],[111.2706,35.5596],[111.272,35.569],[111.2815,35.5725],[111.2754,35.5831],[111.2682,35.5843],[111.2607,35.6078],[111.2629,35.6142],[111.2621,35.6344],[111.2855,35.6305],[111.2854,35.6424],[111.2959,35.647],[111.2964,35.6522],[111.2855,35.6708],[111.2972,35.6753],[111.3215,35.6782],[111.3297,35.6712],[111.3411,35.6682],[111.3417,35.6817],[111.3312,35.6906],[111.3356,35.6997],[111.3294,35.7126],[111.3073,35.7111],[111.2894,35.7019],[111.2789,35.7046],[111.2769,35.6924],[111.2693,35.6848],[111.2439,35.6832],[111.2411,35.6959],[111.2333,35.7086],[111.2197,35.7118],[111.1902,35.7099],[111.1885,35.743],[111.1853,35.7459],[111.1848,35.7655],[111.1659,35.7738],[111.155,35.795],[111.1401,35.8063],[111.1231,35.8086],[111.1137,35.821],[111.088,35.8088],[111.0925,35.8003],[111.0789,35.7888],[111.0703,35.7851],[111.0718,35.7688],[111.0681,35.7644],[111.0528,35.7565],[111.0532,35.7384],[111.0327,35.7367],[111.0216,35.7404],[111.0011,35.737],[110.9937,35.74],[110.9878,35.7504],[110.9923,35.7562],[110.9886,35.7633],[110.979,35.7662],[110.9808,35.7778],[110.9698,35.7899],[110.9711,35.8001],[110.9668,35.8077],[110.9562,35.7996],[110.9494,35.789],[110.9476,35.7791],[110.941,35.7661],[110.947,35.7536],[110.939,35.7354],[110.9401,35.7234],[110.9442,35.7154],[110.9263,35.7104],[110.9169,35.6952],[110.8928,35.6918],[110.8837,35.7011],[110.8657,35.7116],[110.851,35.7148],[110.8375,35.7241],[110.8282,35.7196],[110.8128,35.726],[110.795,35.724],[110.7752,35.7325],[110.765,35.7317],[110.7536,35.737],[110.7485,35.7427],[110.7379,35.7449],[110.7291,35.7402],[110.72,35.743],[110.7134,35.7364],[110.699,35.7321],[110.6777,35.7305],[110.6744,35.7434],[110.6868,35.754],[110.689,35.7636],[110.6685,35.7701],[110.6669,35.7785],[110.6511,35.7876],[110.643,35.7885],[110.6224,35.7814],[110.6203,35.7736],[110.6111,35.7619],[110.6051,35.7609],[110.6014,35.7527],[110.5908,35.7458],[110.5726,35.7378],[110.5748,35.7138],[110.5721,35.702],[110.5776,35.6913],[110.5866,35.6843],[110.5883,35.6639],[110.6009,35.6567],[110.606,35.6187],[110.5664,35.5396],[110.5347,35.5135],[110.5001,35.4838],[110.4781,35.4558],[110.4762,35.4213],[110.4694,35.406],[110.4601,35.3743],[110.4552,35.3315],[110.4077,35.3077],[110.3953,35.2965],[110.3633,35.2122],[110.3537,35.1783],[110.368,35.1373],[110.3637,35.1206],[110.3544,35.1069],[110.3373,35.0612],[110.33,35.0492],[110.2974,35.0072],[110.2958,34.9961],[110.2848,34.9868],[110.279,34.9775],[110.2795,34.9684],[110.2639,34.945],[110.249,34.9358],[110.2375,34.9056],[110.2205,34.8921],[110.2195,34.8849],[110.2323,34.8683],[110.2371,34.8549],[110.2315,34.8116],[110.2339,34.7902],[110.2412,34.7688],[110.2339,34.7215],[110.2267,34.7068],[110.2284,34.6918],[110.2351,34.6714],[110.2417,34.6584],[110.2588,34.6324],[110.2822,34.613],[110.3006,34.6123],[110.3324,34.6059],[110.3746,34.6044],[110.4103,34.5878],[110.4201,34.5877],[110.4605,34.607],[110.4769,34.6097],[110.4953,34.608],[110.5042,34.604],[110.5188,34.5909],[110.5349,34.5841],[110.5423,34.5843],[110.5597,34.5916],[110.5785,34.5936],[110.6028,34.6101],[110.6136,34.6124],[110.6304,34.6094],[110.6591,34.5982],[110.6829,34.6003],[110.703,34.6063],[110.7124,34.6147],[110.7298,34.6368],[110.7415,34.6495],[110.7518,34.6548],[110.776,34.6532],[110.7913,34.6485],[110.8057,34.6303],[110.8115,34.6194],[110.8281,34.6174],[110.8515,34.6404],[110.8825,34.6486],[110.8955,34.662],[110.9016,34.6819],[110.9113,34.7202],[110.916,34.7309],[110.9255,34.7334],[110.9377,34.7294],[110.9492,34.7225],[110.9581,34.7139],[110.9618,34.7019],[110.9709,34.7043],[110.98,34.7169],[111.0116,34.7267],[111.0222,34.7336],[111.0253,34.7431],[111.0322,34.7505],[111.0611,34.7505],[111.0866,34.7475],[111.1171,34.7618],[111.1304,34.7921],[111.1368,34.799],[111.1397,34.8148],[111.1469,34.8188],[111.1589,34.8172],[111.1756,34.8025],[111.1949,34.8049],[111.2054,34.8013],[111.2134,34.793],[111.2243,34.7899],[111.2323,34.7933],[111.2469,34.8205],[111.2552,34.8222],[111.2831,34.808],[111.3008,34.8179],[111.3197,34.822],[111.3331,34.8324],[111.3438,34.8322],[111.3509,34.8228],[111.3887,34.8158],[111.3973,34.8183],[111.4107,34.8291],[111.4265,34.8308],[111.4327,34.8388],[111.4458,34.837],[111.4586,34.8274],[111.475,34.8267],[111.4955,34.8299],[111.5162,34.8484],[111.5358,34.854],[111.5484,34.8532],[111.561,34.8439],[111.5772,34.8535],[111.585,34.8665],[111.5861,34.883],[111.5926,34.8899],[111.6115,34.8971],[111.6162,34.9083],[111.6309,34.9298],[111.6406,34.9397],[111.6544,34.9397],[111.6723,34.9481],[111.6709,34.9714],[111.6591,34.9824],[111.6633,34.9886],[111.6789,34.9894],[111.6901,35.0004],[111.7003,35.0001],[111.7056,35.0047],[111.7332,35.005],[111.7347,35.0113],[111.7437,35.0173],[111.761,35.016],[111.7689,35.0201],[111.7718,35.0296],[111.7922,35.0282],[111.8034,35.0358],[111.806,35.0459],[111.8043,35.064],[111.8115,35.0692],[111.8501,35.0748],[111.87,35.0703],[111.8886,35.0798],[111.908,35.0739],[111.9261,35.0842],[111.9498,35.082],[111.9604,35.0782],[111.9678,35.0705],[111.996,35.0667],[112.0079,35.0715],[112.0153,35.0632],[112.029,35.0543],[112.0297,35.0425],[112.0508,35.0506],[112.0564,35.0564],[112.0534,35.0859],[112.0575,35.098],[112.06,35.1532],[112.0504,35.1719],[112.0372,35.1868],[112.0334,35.1951],[112.0424,35.2043],[112.0535,35.2066],[112.0619,35.2144],[112.0753,35.22],[112.0737,35.2352],[112.0642,35.2633],[112.0485,35.2735],[112.056,35.2789],[112.0569,35.2919],[112.0642,35.3103],[112.0627,35.3174],[112.051,35.3266],[112.0487,35.3414],[112.0196,35.3482],[112.0146,35.3544],[112.0232,35.3749],[112.0264,35.3904],[112.0106,35.3999],[111.9917,35.4036],[111.9812,35.4165],[111.968,35.4234],[111.9561,35.4192]]]},"properties":{"region_code":"CN-14-1408","parent_region_code":"CN-14","name":"运城市","level":"prefecture","has_children":true,"full_path":"中国 / 山西省 / 运城市","source_admin_code":"1408","osm_relation_id":3224229}},
{"type":"Feature","geometry":{"type":"Polygon","coordinates":[[[113.1405,38.4117],[113.1505,38.4151],[113.1593,38.4121],[113.1662,38.415],[113.1947,38.4149],[113.2125,38.4267],[113.2143,38.4316],[113.2261,38.4332],[113.2404,38.4311],[113.2499,38.4377],[113.2641,38.4391],[113.2754,38.4458],[113.2801,38.4567],[113.2795,38.4671],[113.3018,38.4729],[113.3044,38.4802],[113.3198,38.4825],[113.3233,38.4876],[113.3423,38.4955],[113.3679,38.4968],[113.3799,38.5077],[113.4044,38.5148],[113.4153,38.5236],[113.4231,38.5219],[113.4467,38.5085],[113.4644,38.5048],[113.4828,38.5062],[113.5006,38.5195],[113.5146,38.5175],[113.5231,38.5223],[113.5406,38.5161],[113.5527,38.5223],[113.5545,38.5431],[113.5483,38.5549],[113.5695,38.5735],[113.5819,38.5778],[113.5967,38.5922],[113.6039,38.5948],[113.6057,38.6017],[113.5977,38.6071],[113.5946,38.617],[113.601,38.624],[113.5975,38.6284],[113.6151,38.6505],[113.6286,38.6545],[113.6342,38.6505],[113.6486,38.647],[113.6574,38.6518],[113.6726,38.6467],[113.7011,38.6539],[113.7133,38.6706],[113.707,38.6837],[113.7096,38.6861],[113.7045,38.7135],[113.7155,38.7162],[113.737,38.7025],[113.7476,38.6987],[113.7547,38.7063],[113.7693,38.712],[113.7664,38.7268],[113.7801,38.7398],[113.7825,38.7506],[113.7939,38.7636],[113.8121,38.7572],[113.8229,38.7631],[113.8293,38.7725],[113.8217,38.7907],[113.8273,38.7943],[113.829,38.8028],[113.8384,38.809],[113.8487,38.8116],[113.8495,38.8177],[113.8393,38.8382],[113.8129,38.844],[113.8061,38.8509],[113.7969,38.8513],[113.7946,38.8586],[113.785,38.8721],[113.7797,38.875],[113.7662,38.8896],[113.774,38.9013],[113.7666,38.9098],[113.7694,38.917],[113.7669,38.9267],[113.771,38.934],[113.7624,38.9402],[113.7676,38.9532],[113.7603,38.9592],[113.7658,38.9692],[113.762,38.9759],[113.7689,38.9893],[113.7771,38.9935],[113.7835,38.9903],[113.801,38.9911],[113.8049,38.989],[113.813,39.0118],[113.8296,39.0151],[113.8407,39.0258],[113.8493,39.0264],[113.8588,39.0412],[113.869,39.0443],[113.8804,39.0661],[113.8927,39.0691],[113.9002,39.0639],[113.9139,39.0603],[113.9228,39.0664],[113.9256,39.0764],[113.94,39.0917],[113.9504,39.0941],[113.9575,39.0999],[113.9482,39.1153],[113.9482,39.1247],[113.9417,39.1313],[113.9454,39.1532],[113.9391,39.1627],[113.9372,39.1747],[113.9397,39.1825],[113.9289,39.1885],[113.9328,39.1976],[113.9285,39.2083],[113.9424,39.2119],[113.9538,39.2213],[113.9503,39.2329],[113.9522,39.2443],[113.9498,39.2503],[113.9585,39.2558],[113.959,39.2694],[113.9526,39.288],[113.9342,39.3003],[113.9314,39.3117],[113.9245,39.3172],[113.9043,39.3277],[113.8855,39.3493],[113.8932,39.3548],[113.8945,39.372],[113.8749,39.372],[113.8736,39.3792],[113.8641,39.3777],[113.8566,39.3706],[113.8373,39.3644],[113.8282,39.3682],[113.8168,39.3678],[113.7995,39.3734],[113.7856,39.3703],[113.7736,39.3765],[113.76,39.4009],[113.7542,39.4076],[113.7355,39.4161],[113.7237,39.4169],[113.7147,39.421],[113.7037,39.4151],[113.6961,39.4182],[113.6733,39.4165],[113.6564,39.4287],[113.6408,39.4304],[113.6031,39.4173],[113.5871,39.4202],[113.577,39.4264],[113.5771,39.4324],[113.5645,39.4388],[113.553,39.4323],[113.554,39.4165],[113.5502,39.4137],[113.5551,39.3978],[113.5523,39.3943],[113.5336,39.3937],[113.5296,39.3837],[113.524,39.3811],[113.5168,39.3701],[113.5156,39.3601],[113.5027,39.3473],[113.4947,39.3444],[113.478,39.3449],[113.4665,39.3393],[113.4499,39.341],[113.4435,39.3355],[113.4395,39.3186],[113.4254,39.3249],[113.4212,39.331],[113.4096,39.33],[113.4068,39.319],[113.3855,39.3103],[113.3791,39.3011],[113.3603,39.3057],[113.3544,39.3149],[113.34,39.3185],[113.3356,39.3127],[113.3255,39.3117],[113.3147,39.3155],[113.2809,39.317],[113.2668,39.3081],[113.2561,39.3099],[113.2516,39.3148],[113.2349,39.3106],[113.2243,39.3045],[113.1962,39.2967],[113.1752,39.2986],[113.1729,39.3028],[113.161,39.3035],[113.1433,39.3087],[113.1362,39.3222],[113.1222,39.3255],[113.1171,39.3306],[113.1227,39.3387],[113.1236,39.3485],[113.1026,39.3613],[113.086,39.3613],[113.0717,39.3521],[113.0559,39.3525],[113.0463,39.3502],[113.0484,39.3383],[113.0274,39.3247],[113.0272,39.3185],[112.9986,39.3128],[112.995,39.3086],[112.9739,39.3026],[112.9455,39.2989],[112.9347,39.2961],[112.9118,39.2692],[112.8953,39.257],[112.8987,39.2498],[112.8901,39.2431],[112.8758,39.2381],[112.8781,39.2264],[112.8683,39.2126],[112.8528,39.217],[112.8407,39.2152],[112.833,39.2099],[112.8281,39.1959],[112.8176,39.1914],[112.8178,39.1832],[112.8082,39.1747],[112.795,39.1859],[112.7726,39.1919],[112.7648,39.1872],[112.7523,39.1861],[112.7494,39.1778],[112.7397,39.1749],[112.7439,39.1664],[112.7383,39.1525],[112.7125,39.1347],[112.6796,39.1222],[112.667,39.1316],[112.6442,39.1151],[112.6492,39.1097],[112.6487,39.0969],[112.6322,39.0892],[112.6194,39.0865],[112.6129,39.0905],[112.584,39.0856],[112.5759,39.1014],[112.574,39.1126],[112.5601,39.1106],[112.5523,39.1159],[112.5427,39.1371],[112.5374,39.1409],[112.5245,39.1383],[112.5123,39.1446],[112.4932,39.1363],[112.4636,39.1164],[112.4518,39.1111],[112.4355,39.1181],[112.4327,39.1112],[112.417,39.1036],[112.4125,39.1136],[112.3882,39.1147],[112.377,39.1034],[112.3633,39.1037],[112.3534,39.1129],[112.3359,39.1209],[112.3064,39.1184],[112.3068,39.1018],[112.2904,39.0977],[112.2841,39.106],[112.2986,39.1155],[112.2973,39.1251],[112.2897,39.1289],[112.27,39.1261],[112.2595,39.1274],[112.2626,39.142],[112.261,39.1611],[112.2555,39.1687],[112.2554,39.189],[112.2476,39.1985],[112.2199,39.2023],[112.2079,39.1968],[112.1985,39.196],[112.1877,39.2053],[112.1891,39.2169],[112.1853,39.232],[112.1876,39.2487],[112.176,39.2656],[112.1449,39.2766],[112.1279,39.278],[112.1076,39.2733],[112.1011,39.269],[112.0937,39.2546],[112.0859,39.2497],[112.0785,39.252],[112.0612,39.2811],[112.0413,39.2964],[112.0572,39.3036],[112.0572,39.3073],[112.0424,39.3203],[112.0448,39.328],[112.0339,39.3381],[112.0245,39.3392],[112.0078,39.35],[112.0159,39.3645],[111.9983,39.3808],[112.0029,39.3866],[112.0064,39.3995],[112.0005,39.4117],[111.9944,39.4109],[111.9898,39.4258],[111.9817,39.4353],[111.9829,39.4456],[111.9665,39.4442],[111.9411,39.4606],[111.9221,39.4587],[111.9128,39.4601],[111.9143,39.471],[111.9081,39.4805],[111.8982,39.4861],[111.8912,39.506],[111.9099,39.5155],[111.9156,39.5152],[111.9336,39.5232],[111.9427,39.5245],[111.9609,39.5228],[111.9654,39.5255],[111.9864,39.5225],[112.0014,39.5258],[111.997,39.5376],[111.9724,39.5554],[111.9659,39.5573],[111.9566,39.569],[111.9342,39.5867],[111.9333,39.5986],[111.9257,39.6091],[111.9195,39.6088],[111.911,39.6162],[111.8958,39.6165],[111.8805,39.6125],[111.869,39.603],[111.8581,39.6107],[111.8506,39.6115],[111.8373,39.6196],[111.8293,39.6208],[111.8124,39.6053],[111.7992,39.5966],[111.781,39.5877],[111.7466,39.5943],[111.7333,39.6013],[111.7094,39.6052],[111.7035,39.6163],[111.6807,39.63],[111.6716,39.6298],[111.6534,39.6384],[111.6443,39.6381],[111.6353,39.6438],[111.6242,39.638],[111.6224,39.6334],[111.6088,39.6308],[111.5825,39.6419],[111.5587,39.6413],[111.5552,39.6507],[111.5355,39.6514],[111.5198,39.6599],[111.5005,39.6608],[111.4812,39.6567],[111.4626,39.6484],[111.4468,39.6462],[111.4315,39.6406],[111.4356,39.6294],[111.4556,39.6249],[111.456,39.6096],[111.4492,39.6049],[111.4362,39.6192],[111.4275,39.6199],[111.4225,39.6111],[111.4346,39.5948],[111.4283,39.5804],[111.4281,39.5669],[111.416,39.5417],[111.4271,39.5198],[111.4223,39.5045],[111.4129,39.4994],[111.4042,39.499],[111.3867,39.4932],[111.3712,39.4828],[111.3569,39.4658],[111.3579,39.4519],[111.3548,39.4367],[111.3463,39.4246],[111.3325,39.4192],[111.2647,39.4225],[111.2371,39.4272],[111.2109,39.4264],[111.1934,39.4193],[111.1664,39.4228],[111.1519,39.4104],[111.1366,39.4058],[111.1317,39.4007],[111.1298,39.3889],[111.1078,39.3751],[111.1078,39.3696],[111.1183,39.3656],[111.1455,39.3684],[111.1519,39.3595],[111.1464,39.3414],[111.1524,39.3344],[111.1598,39.3358],[111.1621,39.3436],[111.1785,39.3509],[111.188,39.3471],[111.1895,39.3418],[111.1716,39.3294],[111.1795,39.3158],[111.1915,39.3061],[111.2113,39.3001],[111.2352,39.3027],[111.2425,39.2998],[111.2325,39.2894],[111.2206,39.2839],[111.2105,39.2668],[111.2077,39.2549],[111.2133,39.2431],[111.2075,39.2296],[111.1963,39.2218],[111.1832,39.1935],[111.1568,39.1511],[111.167,39.1383],[111.164,39.1228],[111.1529,39.1039],[111.1377,39.0962],[111.1415,39.0855],[111.1354,39.0675],[111.1107,39.0443],[111.0901,39.0334],[111.0786,39.0231],[111.0226,39.017],[111.0125,39.0064],[110.9893,38.9954],[110.9744,38.9755],[110.9738,38.9698],[110.9929,38.9544],[110.995,38.9434],[111.0068,38.9285],[111.0031,38.9059],[111.0104,38.8936],[111.0112,38.8869],[110.9982,38.8714],[110.989,38.8637],[111.001,38.8485],[111.0002,38.8359],[110.9904,38.8249],[110.9824,38.8099],[110.981,38.7974],[110.9716,38.7859],[110.9523,38.7782],[110.9507,38.7695],[110.9604,38.7581],[110.9537,38.7434],[110.94,38.7303],[110.9482,38.7205],[110.9469,38.71],[110.9399,38.6988],[110.9396,38.6894],[110.9538,38.683],[110.9798,38.6838],[111.0007,38.6598],[111.0188,38.6586],[111.0375,38.6669],[111.0648,38.6855],[111.074,38.6881],[111.1089,38.7038],[111.1171,38.7057],[111.1321,38.7175],[111.1452,38.7231],[111.1808,38.7294],[111.196,38.7286],[111.205,38.7233],[111.2132,38.7111],[111.2211,38.6667],[111.2416,38.6568],[111.2525,38.649],[111.2446,38.6386],[111.2431,38.628],[111.2535,38.6164],[111.2628,38.5993],[111.2633,38.5923],[111.2914,38.5928],[111.2987,38.5962],[111.3138,38.5978],[111.3169,38.5949],[111.3332,38.6025],[111.3423,38.5995],[111.3423,38.5861],[111.3733,38.5707],[111.3873,38.5728],[111.4169,38.5698],[111.4228,38.5729],[111.4385,38.5673],[111.4441,38.5538],[111.4451,38.5441],[111.4415,38.5306],[111.4459,38.5202],[111.4556,38.5099],[111.4669,38.5065],[111.4802,38.4983],[111.4929,38.4871],[111.4976,38.4869],[111.5001,38.5066],[111.4978,38.5139],[111.5034,38.5229],[111.5247,38.5206],[111.5378,38.509],[111.5582,38.5053],[111.5632,38.5186],[111.5861,38.5349],[111.5916,38.5355],[111.6032,38.5448],[111.6145,38.545],[111.6383,38.5533],[111.67,38.5624],[111.6864,38.5702],[111.686,38.5742],[111.6997,38.5978],[111.7126,38.6018],[111.7318,38.5937],[111.7316,38.5862],[111.7466,38.5741],[111.7546,38.5595],[111.7565,38.5499],[111.7655,38.5362],[111.7622,38.5321],[111.7472,38.5285],[111.7332,38.5168],[111.7241,38.5148],[111.7168,38.5057],[111.7222,38.4995],[111.7527,38.4778],[111.7911,38.4418],[111.7874,38.4286],[111.7763,38.4193],[111.7873,38.4029],[111.7814,38.3909],[111.7967,38.3772],[111.809,38.3745],[111.8164,38.3686],[111.8156,38.3598],[111.8218,38.3487],[111.8157,38.3404],[111.8179,38.3274],[111.834,38.3208],[111.8356,38.3033],[111.824,38.2967],[111.8124,38.295],[111.8009,38.2988],[111.7821,38.2931],[111.7711,38.2926],[111.7686,38.2681],[111.7726,38.2475],[111.7837,38.2385],[111.7937,38.2349],[111.798,38.2218],[111.8118,38.2138],[111.8171,38.2155],[111.8338,38.2129],[111.8404,38.2295],[111.8599,38.2238],[111.8628,38.2197],[111.8584,38.2015],[111.8614,38.196],[111.873,38.1932],[111.8805,38.1997],[111.8912,38.1977],[111.9086,38.1804],[111.9295,38.1785],[111.9445,38.1674],[111.9537,38.1682],[111.9572,38.1737],[111.9819,38.1811],[111.9968,38.1872],[112.0399,38.1712],[112.0495,38.175],[112.0716,38.1662],[112.085,38.1688],[112.095,38.1664],[112.104,38.158],[112.1098,38.1576],[112.1227,38.1422],[112.1342,38.1466],[112.1527,38.1492],[112.1695,38.146],[112.1756,38.1417],[112.1893,38.1404],[112.2146,38.1463],[112.2318,38.1414],[112.2351,38.1461],[112.2503,38.1538],[112.2553,38.1721],[112.2607,38.1787],[112.2588,38.1876],[112.2475,38.2008],[112.247,38.2155],[112.2428,38.2237],[112.2313,38.2294],[112.2136,38.251],[112.2316,38.264],[112.2624,38.2679],[112.2618,38.2737],[112.2453,38.2808],[112.2421,38.2921],[112.2491,38.2952],[112.2665,38.3115],[112.281,38.3104],[112.2961,38.3047],[112.3116,38.3105],[112.3212,38.3046],[112.3306,38.304],[112.3442,38.2922],[112.3589,38.2755],[112.3818,38.2738],[112.3896,38.2678],[112.4007,38.2658],[112.4282,38.2801],[112.4379,38.2784],[112.4418,38.2638],[112.4473,38.2606],[112.4501,38.2509],[112.4635,38.246],[112.4669,38.2405],[112.4774,38.2438],[112.4887,38.2381],[112.4973,38.2374],[112.503,38.2438],[112.5192,38.2514],[112.5193,38.2688],[112.5375,38.2583],[112.5491,38.2486],[112.5488,38.2426],[112.5582,38.238],[112.5519,38.222],[112.5643,38.2083],[112.5837,38.2065],[112.5942,38.2101],[112.6072,38.2064],[112.6174,38.2077],[112.6223,38.2133],[112.6317,38.2149],[112.6448,38.2281],[112.6365,38.2407],[112.6365,38.2474],[112.6479,38.248],[112.6772,38.2369],[112.7024,38.2446],[112.7138,38.2435],[112.7228,38.2379],[112.7322,38.2446],[112.7394,38.2405],[112.7495,38.2456],[112.7757,38.2476],[112.7946,38.2534],[112.8024,38.2622],[112.8032,38.271],[112.8204,38.2917],[112.8444,38.307],[112.8561,38.3062],[112.875,38.312],[112.8827,38.3173],[112.89,38.3165],[112.9087,38.3227],[112.9145,38.3291],[112.941,38.3336],[112.9496,38.3443],[112.9652,38.3567],[112.9705,38.3532],[112.9707,38.3434],[112.9794,38.3383],[112.9998,38.3429],[113.0153,38.3571],[113.0164,38.3643],[113.0285,38.369],[113.0281,38.377],[113.0333,38.3811],[113.0523,38.3885],[113.066,38.3889],[113.0769,38.3931],[113.0798,38.3985],[113.0718,38.4108],[113.0831,38.416],[113.1135,38.4203],[113.1334,38.4179],[113.1405,38.4117]]]},"properties":{"region_code":"CN-14-1409","parent_region_code":"CN-14","name":"忻州市","level":"prefecture","has_children":true,"full_path":"中国 / 山西省 / 忻州市","source_admin_code":"1409","osm_relation_id":3008569}},
{"type":"Feature","geometry":{"type":"Polygon","coordinates":[[[111.9909,36.6916],[111.9888,36.6855],[111.9757,36.6797],[111.9592,36.6887],[111.9498,36.701],[111.9394,36.7034],[111.929,36.7093],[111.9105,36.7078],[111.897,36.7137],[111.8873,36.7075],[111.8737,36.7162],[111.8606,36.7112],[111.8471,36.6998],[111.8312,36.6955],[111.8372,36.7112],[111.8265,36.7133],[111.8197,36.7079],[111.8108,36.7139],[111.8032,36.7084],[111.7925,36.7098],[111.7785,36.7026],[111.7608,36.7077],[111.7491,36.7234],[111.7327,36.7126],[111.7238,36.7179],[111.7162,36.7152],[111.7119,36.7073],[111.7044,36.71],[111.6928,36.7037],[111.6861,36.6968],[111.67,36.6935],[111.6686,36.6875],[111.6822,36.6756],[111.6842,36.6656],[111.6779,36.6563],[111.6703,36.6535],[111.6515,36.658],[111.6394,36.6733],[111.6157,36.6753],[111.6179,36.6841],[111.6155,36.6936],[111.5925,36.6998],[111.5729,36.7142],[111.5628,36.7171],[111.5598,36.7311],[111.5472,36.7453],[111.5315,36.7529],[111.533,36.7654],[111.545,36.7707],[111.5385,36.7883],[111.5264,36.7837],[111.5172,36.7924],[111.5103,36.7792],[111.5048,36.7829],[111.506,36.7903],[111.4917,36.7993],[111.4817,36.7797],[111.4718,36.7787],[111.4627,36.7725],[111.4483,36.7747],[111.4398,36.7699],[111.4305,36.7771],[111.4299,36.7855],[111.4225,36.7979],[111.4015,36.8007],[111.3878,36.7943],[111.3761,36.7961],[111.3708,36.7818],[111.3581,36.7769],[111.3586,36.7651],[111.3492,36.7661],[111.3474,36.7527],[111.332,36.7506],[111.3172,36.7538],[111.3193,36.7402],[111.3148,36.7356],[111.3065,36.7416],[111.3006,36.7381],[111.269,36.7381],[111.2728,36.749],[111.2709,36.7581],[111.2457,36.7575],[111.2399,36.7597],[111.2327,36.7528],[111.2339,36.7476],[111.2246,36.742],[111.21,36.7418],[111.2042,36.7719],[111.1994,36.7898],[111.186,36.8048],[111.1745,36.8276],[111.1787,36.8403],[111.1726,36.8479],[111.1537,36.8408],[111.1284,36.8458],[111.108,36.8349],[111.1021,36.8387],[111.0909,36.8358],[111.0823,36.8398],[111.0657,36.854],[111.065,36.8654],[111.068,36.8841],[111.0753,36.887],[111.0781,36.9059],[111.0882,36.9137],[111.0795,36.9202],[111.0745,36.9306],[111.04,36.928],[111.0308,36.9243],[111.0251,36.9167],[111.0135,36.9168],[111.0146,36.9078],[111.0098,36.9005],[110.994,36.8978],[111.0012,36.9081],[110.9954,36.9257],[110.9831,36.9293],[110.9834,36.914],[110.9877,36.9079],[110.9742,36.8988],[110.9459,36.9061],[110.925,36.8964],[110.9181,36.8912],[110.8972,36.8878],[110.8944,36.8802],[110.8818,36.8809],[110.868,36.8718],[110.8577,36.8682],[110.8477,36.8591],[110.8435,36.8612],[110.8312,36.8546],[110.8203,36.8618],[110.817,36.8556],[110.7998,36.8612],[110.796,36.8659],[110.7816,36.8589],[110.7739,36.8661],[110.7713,36.8782],[110.7671,36.8809],[110.7691,36.8915],[110.7593,36.8994],[110.7372,36.9086],[110.7274,36.9058],[110.7062,36.9161],[110.7142,36.9219],[110.7145,36.93],[110.708,36.9426],[110.6971,36.9316],[110.6923,36.9377],[110.6793,36.9367],[110.674,36.9286],[110.6639,36.9348],[110.6411,36.9247],[110.6402,36.9092],[110.6348,36.9024],[110.6438,36.8959],[110.6434,36.888],[110.6372,36.88],[110.6243,36.872],[110.611,36.8774],[110.6032,36.8716],[110.5681,36.8615],[110.5577,36.8648],[110.55,36.8721],[110.5386,36.8668],[110.5017,36.8731],[110.4961,36.8786],[110.488,36.8766],[110.4769,36.8844],[110.4686,36.883],[110.4403,36.8881],[110.4284,36.8853],[110.4231,36.8958],[110.4047,36.8974],[110.4011,36.8893],[110.3881,36.8839],[110.3734,36.8838],[110.3699,36.875],[110.3764,36.8703],[110.3962,36.8687],[110.4144,36.8618],[110.4189,36.8543],[110.4133,36.8336],[110.4019,36.8286],[110.404,36.8228],[110.4154,36.8206],[110.4175,36.8107],[110.4142,36.7982],[110.403,36.7782],[110.3936,36.7722],[110.3786,36.775],[110.3783,36.7671],[110.3865,36.7641],[110.4107,36.7618],[110.4224,36.7547],[110.4262,36.7457],[110.4123,36.7318],[110.4088,36.7245],[110.4226,36.7236],[110.4318,36.7359],[110.4405,36.7374],[110.4474,36.7317],[110.4434,36.7222],[110.4309,36.711],[110.4289,36.698],[110.4325,36.6882],[110.4235,36.6792],[110.4139,36.6839],[110.4083,36.6932],[110.4014,36.6965],[110.3906,36.6947],[110.3851,36.6813],[110.3932,36.6728],[110.414,36.6637],[110.4227,36.6553],[110.4399,36.6229],[110.4501,36.6103],[110.4655,36.5961],[110.4919,36.5818],[110.4924,36.5749],[110.4823,36.5582],[110.4843,36.5501],[110.4964,36.5334],[110.495,36.5187],[110.4989,36.5002],[110.4983,36.4872],[110.493,36.4752],[110.4723,36.4602],[110.468,36.4467],[110.4864,36.4252],[110.4811,36.4014],[110.482,36.3945],[110.463,36.3645],[110.4649,36.353],[110.4536,36.3341],[110.4572,36.3234],[110.4678,36.3118],[110.4685,36.3069],[110.4624,36.2916],[110.4708,36.2793],[110.4692,36.2689],[110.4712,36.2562],[110.4681,36.2472],[110.4502,36.2259],[110.4469,36.2183],[110.4534,36.2039],[110.4532,36.1922],[110.4414,36.1669],[110.4442,36.1343],[110.452,36.1098],[110.465,36.0946],[110.4627,36.073],[110.4752,36.0582],[110.4846,36.0409],[110.4931,36.0036],[110.4866,35.9922],[110.494,35.9829],[110.5062,35.9777],[110.5113,35.9722],[110.5104,35.9609],[110.497,35.9477],[110.4991,35.9383],[110.5106,35.9248],[110.5078,35.9088],[110.5103,35.8994],[110.5059,35.88],[110.5246,35.8756],[110.5372,35.8795],[110.546,35.8754],[110.5438,35.8479],[110.5477,35.8344],[110.558,35.8262],[110.5594,35.8165],[110.5661,35.8038],[110.5589,35.7892],[110.5592,35.783],[110.5689,35.7703],[110.5692,35.7497],[110.5726,35.7378],[110.5908,35.7458],[110.6014,35.7527],[110.6051,35.7609],[110.6111,35.7619],[110.6203,35.7736],[110.6224,35.7814],[110.643,35.7885],[110.6511,35.7876],[110.6669,35.7785],[110.6685,35.7701],[110.689,35.7636],[110.6868,35.754],[110.6744,35.7434],[110.6777,35.7305],[110.699,35.7321],[110.7134,35.7364],[110.72,35.743],[110.7291,35.7402],[110.7379,35.7449],[110.7485,35.7427],[110.7536,35.737],[110.765,35.7317],[110.7752,35.7325],[110.795,35.724],[110.8128,35.726],[110.8282,35.7196],[110.8375,35.7241],[110.851,35.7148],[110.8657,35.7116],[110.8837,35.7011],[110.8928,35.6918],[110.9169,35.6952],[110.9263,35.7104],[110.9442,35.7154],[110.9401,35.7234],[110.939,35.7354],[110.947,35.7536],[110.941,35.7661],[110.9476,35.7791],[110.9494,35.789],[110.9562,35.7996],[110.9668,35.8077],[110.9711,35.8001],[110.9698,35.7899],[110.9808,35.7778],[110.979,35.7662],[110.9886,35.7633],[110.9923,35.7562],[110.9878,35.7504],[110.9937,35.74],[111.0011,35.737],[111.0216,35.7404],[111.0327,35.7367],[111.0532,35.7384],[111.0528,35.7565],[111.0681,35.7644],[111.0718,35.7688],[111.0703,35.7851],[111.0789,35.7888],[111.0925,35.8003],[111.088,35.8088],[111.1137,35.821],[111.1231,35.8086],[111.1401,35.8063],[111.155,35.795],[111.1659,35.7738],[111.1848,35.7655],[111.1853,35.7459],[111.1885,35.743],[111.1902,35.7099],[111.2197,35.7118],[111.2333,35.7086],[111.2411,35.6959],[111.2439,35.6832],[111.2693,35.6848],[111.2769,35.6924],[111.2789,35.7046],[111.2894,35.7019],[111.3073,35.7111],[111.3294,35.7126],[111.3356,35.6997],[111.3312,35.6906],[111.3417,35.6817],[111.3411,35.6682],[111.3297,35.6712],[111.3215,35.6782],[111.2972,35.6753],[111.2855,35.6708],[111.2964,35.6522],[111.2959,35.647],[111.2854,35.6424],[111.2855,35.6305],[111.2621,35.6344],[111.2629,35.6142],[111.2607,35.6078],[111.2682,35.5843],[111.2754,35.5831],[111.2815,35.5725],[111.272,35.569],[111.2706,35.5596],[111.2746,35.5528],[111.2823,35.5536],[111.2902,35.5487],[111.293,35.5378],[111.3124,35.5365],[111.3278,35.5446],[111.331,35.5514],[111.3405,35.5566],[111.3539,35.5535],[111.3695,35.5566],[111.3758,35.5618],[111.3884,35.5636],[111.3959,35.5679],[111.4195,35.5584],[111.4381,35.5589],[111.4558,35.5647],[111.4739,35.5599],[111.4851,35.5661],[111.4919,35.5621],[111.5138,35.5712],[111.5338,35.5657],[111.5535,35.5671],[111.562,35.5554],[111.5698,35.553],[111.5789,35.5591],[111.5769,35.583],[111.5857,35.5862],[111.595,35.5937],[111.5987,35.6032],[111.597,35.6129],[111.6021,35.6291],[111.6123,35.6375],[111.6145,35.6453],[111.6261,35.6397],[111.655,35.643],[111.6641,35.6477],[111.6693,35.6569],[111.6751,35.6564],[111.6731,35.639],[111.6993,35.6426],[111.7291,35.6341],[111.7546,35.6166],[111.7879,35.5978],[111.808,35.5966],[111.8311,35.6048],[111.8451,35.5994],[111.8415,35.5891],[111.8273,35.58],[111.8276,35.5691],[111.8372,35.5538],[111.8557,35.5527],[111.858,35.5494],[111.8779,35.5487],[111.8847,35.5447],[111.9023,35.5426],[111.9024,35.5333],[111.8969,35.524],[111.8821,35.5098],[111.8768,35.5156],[111.8635,35.5163],[111.8433,35.5112],[111.8452,35.5001],[111.8383,35.4937],[111.8384,35.4864],[111.8277,35.4792],[111.8321,35.454],[111.8251,35.4465],[111.8166,35.4452],[111.806,35.4366],[111.811,35.43],[111.82,35.4294],[111.8322,35.4349],[111.8424,35.4252],[111.848,35.4004],[111.8684,35.3949],[111.8791,35.3881],[111.8913,35.3877],[111.9021,35.3907],[111.9153,35.3865],[111.9359,35.3888],[111.9374,35.3974],[111.9492,35.4017],[111.9507,35.4118],[111.9561,35.4192],[111.9675,35.4326],[111.9648,35.4487],[111.9595,35.4557],[111.9568,35.4699],[111.9603,35.4826],[111.9508,35.4904],[111.9476,35.4993],[111.9379,35.5081],[111.9378,35.5152],[111.9565,35.5179],[111.9574,35.529],[111.9492,35.5437],[111.9612,35.5617],[111.9602,35.569],[111.9531,35.5747],[111.94,35.578],[111.9378,35.5923],[111.9407,35.6001],[111.9342,35.6078],[111.937,35.6158],[111.9351,35.6272],[111.9527,35.6282],[111.9555,35.654],[111.9525,35.6588],[111.958,35.6675],[111.9645,35.6694],[111.9856,35.6666],[111.988,35.6799],[112.0078,35.689],[112.0168,35.6899],[112.0187,35.7018],[112.0248,35.7082],[112.0266,35.7276],[112.0151,35.7376],[112.0202,35.7542],[112.0308,35.7579],[112.0439,35.7672],[112.0507,35.7688],[112.0535,35.7846],[112.0404,35.8001],[112.03,35.8075],[112.0235,35.8159],[112.0244,35.8238],[112.0322,35.8274],[112.0359,35.8416],[112.0322,35.8635],[112.0475,35.8577],[112.0483,35.851],[112.0589,35.8438],[112.0799,35.8356],[112.0942,35.8383],[112.1041,35.833],[112.1263,35.8293],[112.1393,35.8209],[112.1578,35.8212],[112.1826,35.8142],[112.2164,35.828],[112.2182,35.8381],[112.1945,35.8655],[112.1857,35.8653],[112.178,35.8728],[112.1671,35.8782],[112.1554,35.8716],[112.1495,35.8764],[112.1455,35.8953],[112.1357,35.8972],[112.1365,35.91],[112.149,35.9069],[112.1678,35.9108],[112.1825,35.9174],[112.1978,35.9067],[112.2145,35.9034],[112.2243,35.9061],[112.234,35.8995],[112.2428,35.8987],[112.2569,35.905],[112.2795,35.905],[112.2844,35.8965],[112.3001,35.8978],[112.3126,35.8963],[112.3391,35.9012],[112.365,35.8967],[112.369,35.8887],[112.379,35.895],[112.4011,35.9002],[112.408,35.9088],[112.4218,35.9129],[112.4273,35.9243],[112.4425,35.9304],[112.4517,35.9369],[112.4844,35.9495],[112.4887,35.9569],[112.5064,35.9633],[112.5171,35.9638],[112.5277,35.9684],[112.5307,35.9742],[112.5281,35.9854],[112.5208,36.0002],[112.5176,36.0183],[112.5202,36.0299],[112.4907,36.0308],[112.4902,36.0546],[112.4834,36.0661],[112.4939,36.0752],[112.5005,36.089],[112.5177,36.0918],[112.5229,36.1004],[112.5409,36.1033],[112.5502,36.1144],[112.5626,36.1218],[112.565,36.1295],[112.5603,36.1451],[112.5521,36.1493],[112.5462,36.1627],[112.5545,36.1823],[112.5676,36.1904],[112.5537,36.2011],[112.5574,36.2123],[112.5553,36.2223],[112.5676,36.261],[112.5667,36.2746],[112.5582,36.2733],[112.5457,36.2597],[112.538,36.2549],[112.5112,36.2584],[112.5025,36.2581],[112.4956,36.2641],[112.4782,36.2693],[112.4706,36.2655],[112.4635,36.2809],[112.465,36.2873],[112.4485,36.3073],[112.4539,36.31],[112.446,36.3185],[112.4453,36.3341],[112.4337,36.3404],[112.4258,36.337],[112.4181,36.344],[112.3936,36.3431],[112.3703,36.3442],[112.3573,36.3398],[112.3409,36.3414],[112.333,36.3451],[112.3351,36.3532],[112.3271,36.3621],[112.3165,36.3626],[112.305,36.3728],[112.289,36.3784],[112.2813,36.3774],[112.2698,36.3971],[112.2593,36.4068],[112.2436,36.4129],[112.2352,36.4077],[112.2068,36.4044],[112.2018,36.4093],[112.2052,36.421],[112.2006,36.4313],[112.1929,36.4314],[112.1866,36.4371],[112.1789,36.4564],[112.1802,36.4623],[112.173,36.4701],[112.1757,36.4904],[112.1629,36.4998],[112.1618,36.5115],[112.1558,36.516],[112.1428,36.5169],[112.1327,36.526],[112.1266,36.5251],[112.1117,36.5402],[112.1014,36.545],[112.0804,36.5685],[112.0853,36.5762],[112.0767,36.5818],[112.0474,36.5841],[112.0413,36.5876],[112.0377,36.5987],[112.0286,36.6063],[112.0276,36.6132],[112.0335,36.6212],[112.0325,36.6292],[112.0353,36.6453],[112.0281,36.6519],[112.0161,36.6563],[112.014,36.6763],[112.0082,36.6857],[111.9998,36.6912],[111.9909,36.6916]]]},"properties":{"region_code":"CN-14-1410","parent_region_code":"CN-14","name":"临汾市","level":"prefecture","has_children":true,"full_path":"中国 / 山西省 / 临汾市","source_admin_code":"1410","osm_relation_id":3286003}},
{"type":"Feature","geometry":{"type":"Polygon","coordinates":[[[111.8118,38.2138],[111.798,38.2218],[111.7937,38.2349],[111.7837,38.2385],[111.7726,38.2475],[111.7686,38.2681],[111.7711,38.2926],[111.7821,38.2931],[111.8009,38.2988],[111.8124,38.295],[111.824,38.2967],[111.8356,38.3033],[111.834,38.3208],[111.8179,38.3274],[111.8157,38.3404],[111.8218,38.3487],[111.8156,38.3598],[111.8164,38.3686],[111.809,38.3745],[111.7967,38.3772],[111.7814,38.3909],[111.7873,38.4029],[111.7763,38.4193],[111.7874,38.4286],[111.7911,38.4418],[111.7527,38.4778],[111.7222,38.4995],[111.7168,38.5057],[111.7241,38.5148],[111.7332,38.5168],[111.7472,38.5285],[111.7622,38.5321],[111.7655,38.5362],[111.7565,38.5499],[111.7546,38.5595],[111.7466,38.5741],[111.7316,38.5862],[111.7318,38.5937],[111.7126,38.6018],[111.6997,38.5978],[111.686,38.5742],[111.6864,38.5702],[111.67,38.5624],[111.6383,38.5533],[111.6145,38.545],[111.6032,38.5448],[111.5916,38.5355],[111.5861,38.5349],[111.5632,38.5186],[111.5582,38.5053],[111.5378,38.509],[111.5247,38.5206],[111.5034,38.5229],[111.4978,38.5139],[111.5001,38.5066],[111.4976,38.4869],[111.4929,38.4871],[111.4802,38.4983],[111.4669,38.5065],[111.4556,38.5099],[111.4459,38.5202],[111.4415,38.5306],[111.4451,38.5441],[111.4441,38.5538],[111.4385,38.5673],[111.4228,38.5729],[111.4169,38.5698],[111.3873,38.5728],[111.3733,38.5707],[111.3423,38.5861],[111.3423,38.5995],[111.3332,38.6025],[111.3169,38.5949],[111.3138,38.5978],[111.2987,38.5962],[111.2914,38.5928],[111.2633,38.5923],[111.2628,38.5993],[111.2535,38.6164],[111.2431,38.628],[111.2446,38.6386],[111.2525,38.649],[111.2416,38.6568],[111.2211,38.6667],[111.2132,38.7111],[111.205,38.7233],[111.196,38.7286],[111.1808,38.7294],[111.1452,38.7231],[111.1321,38.7175],[111.1171,38.7057],[111.1089,38.7038],[111.074,38.6881],[111.0648,38.6855],[111.0375,38.6669],[111.0188,38.6586],[111.0007,38.6598],[110.9798,38.6838],[110.9538,38.683],[110.9396,38.6894],[110.9399,38.6988],[110.9469,38.71],[110.9482,38.7205],[110.94,38.7303],[110.9362,38.7222],[110.9264,38.714],[110.9174,38.7115],[110.9079,38.7014],[110.9053,38.6895],[110.9112,38.6717],[110.8879,38.6567],[110.8823,38.6314],[110.8757,38.6251],[110.8778,38.6105],[110.8865,38.6047],[110.8909,38.5865],[110.9185,38.5799],[110.9036,38.5622],[110.9067,38.5444],[110.9031,38.5216],[110.8953,38.5144],[110.8707,38.5137],[110.8643,38.509],[110.8693,38.4926],[110.8661,38.4754],[110.8735,38.4603],[110.8714,38.4556],[110.8442,38.4413],[110.8367,38.4389],[110.8197,38.4489],[110.8088,38.4518],[110.7927,38.4517],[110.7808,38.4489],[110.7745,38.4435],[110.7484,38.3877],[110.7466,38.3718],[110.7405,38.3657],[110.7126,38.3576],[110.6882,38.3446],[110.664,38.311],[110.6437,38.3036],[110.5893,38.3068],[110.5781,38.3024],[110.5671,38.289],[110.5686,38.2669],[110.5631,38.2469],[110.5632,38.225],[110.5591,38.2148],[110.5507,38.2084],[110.5286,38.211],[110.5174,38.2077],[110.5071,38.1981],[110.501,38.1855],[110.5001,38.1581],[110.5143,38.1294],[110.5132,38.116],[110.4975,38.0988],[110.4945,38.0893],[110.503,38.0681],[110.5023,38.0567],[110.4963,38.0402],[110.498,38.0226],[110.5038,38.0123],[110.5118,38.0085],[110.5219,37.9943],[110.5198,37.986],[110.5111,37.9693],[110.5147,37.9568],[110.5258,37.9487],[110.5441,37.9449],[110.5814,37.9264],[110.5948,37.9124],[110.6081,37.8896],[110.645,37.8362],[110.6532,37.8258],[110.6648,37.7981],[110.6745,37.7894],[110.7156,37.7767],[110.7495,37.7564],[110.7523,37.7425],[110.742,37.735],[110.714,37.729],[110.6993,37.7201],[110.6986,37.7089],[110.7052,37.7004],[110.7314,37.6895],[110.7612,37.6839],[110.7751,37.6752],[110.7899,37.6615],[110.7907,37.6557],[110.7821,37.6461],[110.7637,37.6445],[110.7577,37.6349],[110.7666,37.6102],[110.7679,37.5905],[110.7855,37.5703],[110.7901,37.5611],[110.7742,37.5424],[110.767,37.5379],[110.7645,37.5174],[110.759,37.5119],[110.7519,37.4955],[110.7533,37.4733],[110.7458,37.4564],[110.7342,37.4493],[110.6695,37.4411],[110.6458,37.4398],[110.6369,37.4308],[110.633,37.4126],[110.6272,37.4004],[110.6249,37.3782],[110.6293,37.365],[110.6438,37.3561],[110.6758,37.3549],[110.6921,37.3474],[110.6954,37.3375],[110.6923,37.3292],[110.6725,37.3136],[110.6746,37.3055],[110.6857,37.2894],[110.6747,37.2807],[110.6594,37.2819],[110.6504,37.2758],[110.6475,37.2589],[110.6332,37.2446],[110.6258,37.2308],[110.6083,37.2148],[110.5738,37.1751],[110.5558,37.1603],[110.5346,37.1448],[110.5301,37.1387],[110.5289,37.1119],[110.521,37.1038],[110.5019,37.0953],[110.4936,37.0897],[110.4796,37.0718],[110.4702,37.0635],[110.4581,37.0473],[110.4439,37.0413],[110.4293,37.0423],[110.4146,37.036],[110.4137,37.0258],[110.4209,37.0229],[110.4402,37.0205],[110.4431,37.0098],[110.4346,37.0052],[110.4198,37.0085],[110.406,37.0186],[110.3866,37.0224],[110.3718,37.0162],[110.3738,37.0047],[110.3809,36.9986],[110.4,36.9902],[110.4084,36.9816],[110.4201,36.9615],[110.419,36.9516],[110.4111,36.935],[110.4049,36.9095],[110.4047,36.8974],[110.4231,36.8958],[110.4284,36.8853],[110.4403,36.8881],[110.4686,36.883],[110.4769,36.8844],[110.488,36.8766],[110.4961,36.8786],[110.5017,36.8731],[110.5386,36.8668],[110.55,36.8721],[110.5577,36.8648],[110.5681,36.8615],[110.6032,36.8716],[110.611,36.8774],[110.6243,36.872],[110.6372,36.88],[110.6434,36.888],[110.6438,36.8959],[110.6348,36.9024],[110.6402,36.9092],[110.6411,36.9247],[110.6639,36.9348],[110.674,36.9286],[110.6793,36.9367],[110.6923,36.9377],[110.6971,36.9316],[110.708,36.9426],[110.7145,36.93],[110.7142,36.9219],[110.7062,36.9161],[110.7274,36.9058],[110.7372,36.9086],[110.7593,36.8994],[110.7691,36.8915],[110.7671,36.8809],[110.7713,36.8782],[110.7739,36.8661],[110.7816,36.8589],[110.796,36.8659],[110.7998,36.8612],[110.817,36.8556],[110.8203,36.8618],[110.8312,36.8546],[110.8435,36.8612],[110.8477,36.8591],[110.8577,36.8682],[110.868,36.8718],[110.8818,36.8809],[110.8944,36.8802],[110.8972,36.8878],[110.9181,36.8912],[110.925,36.8964],[110.9459,36.9061],[110.9742,36.8988],[110.9877,36.9079],[110.9834,36.914],[110.9831,36.9293],[110.9954,36.9257],[111.0012,36.9081],[110.994,36.8978],[111.0098,36.9005],[111.0146,36.9078],[111.0135,36.9168],[111.0251,36.9167],[111.0308,36.9243],[111.04,36.928],[111.0745,36.9306],[111.0795,36.9202],[111.0882,36.9137],[111.0781,36.9059],[111.0753,36.887],[111.068,36.8841],[111.065,36.8654],[111.0657,36.854],[111.0823,36.8398],[111.0909,36.8358],[111.1021,36.8387],[111.108,36.8349],[111.1284,36.8458],[111.1537,36.8408],[111.1726,36.8479],[111.1787,36.8403],[111.1745,36.8276],[111.186,36.8048],[111.1994,36.7898],[111.2042,36.7719],[111.21,36.7418],[111.2246,36.742],[111.2339,36.7476],[111.2327,36.7528],[111.2399,36.7597],[111.2457,36.7575],[111.2709,36.7581],[111.2728,36.749],[111.269,36.7381],[111.3006,36.7381],[111.3065,36.7416],[111.3148,36.7356],[111.3193,36.7402],[111.3172,36.7538],[111.332,36.7506],[111.3474,36.7527],[111.3492,36.7661],[111.3586,36.7651],[111.3581,36.7769],[111.3708,36.7818],[111.3761,36.7961],[111.3878,36.7943],[111.4015,36.8007],[111.4103,36.812],[111.408,36.8296],[111.4271,36.8434],[111.4434,36.8453],[111.4588,36.8652],[111.4816,36.87],[111.4855,36.8782],[111.4986,36.8863],[111.5192,36.8858],[111.5385,36.8934],[111.5549,36.895],[111.5558,36.9018],[111.5647,36.9105],[111.5779,36.9176],[111.5768,36.9226],[111.5605,36.9284],[111.5465,36.9262],[111.5312,36.9457],[111.5314,36.9575],[111.5091,36.9761],[111.4954,36.9786],[111.5032,36.9955],[111.524,37.0009],[111.5237,36.9887],[111.5194,36.9819],[111.5292,36.9759],[111.5401,36.9837],[111.557,36.9788],[111.5807,36.9642],[111.6046,36.9603],[111.613,36.9534],[111.6125,36.9477],[111.6289,36.9443],[111.6315,36.9609],[111.6593,36.9752],[111.6674,36.9714],[111.6754,36.9733],[111.6696,36.984],[111.6806,36.993],[111.7206,36.9974],[111.7295,36.9947],[111.7436,37.0145],[111.7745,37.0203],[111.7845,37.0313],[111.7978,37.0229],[111.8049,37.03],[111.8121,37.0304],[111.8252,37.0442],[111.8366,37.0401],[111.8532,37.0433],[111.8581,37.0538],[111.8742,37.0524],[111.8839,37.0593],[111.8844,37.0699],[111.8891,37.0749],[111.8856,37.0882],[111.8889,37.0912],[111.9062,37.0931],[111.9074,37.1024],[111.9182,37.1111],[111.9224,37.1218],[111.9225,37.1309],[111.9281,37.1408],[111.9335,37.1613],[111.9406,37.167],[111.9439,37.1865],[111.9401,37.202],[111.9406,37.2137],[111.9483,37.2258],[111.9506,37.2362],[111.9451,37.2442],[111.9345,37.2458],[111.9354,37.2549],[111.9503,37.2532],[111.9662,37.2538],[111.9707,37.2577],[111.9721,37.2678],[111.9836,37.2713],[111.9948,37.2666],[112.0082,37.2679],[112.0138,37.2715],[112.0265,37.2726],[112.0275,37.2771],[112.0408,37.281],[112.0428,37.2982],[112.0509,37.3039],[112.0632,37.3172],[112.0878,37.3176],[112.0887,37.304],[112.0976,37.2982],[112.1126,37.2973],[112.1165,37.2849],[112.1151,37.2768],[112.1318,37.2682],[112.1391,37.2689],[112.1525,37.2875],[112.1721,37.3088],[112.1882,37.3162],[112.202,37.3338],[112.2119,37.3383],[112.2153,37.3469],[112.2315,37.3664],[112.2418,37.382],[112.2605,37.4262],[112.2946,37.4416],[112.299,37.4473],[112.3095,37.4533],[112.3157,37.474],[112.2946,37.4793],[112.2829,37.4873],[112.2957,37.4951],[112.3082,37.4949],[112.3087,37.5062],[112.2921,37.5078],[112.2896,37.5208],[112.2672,37.5235],[112.2683,37.5309],[112.2827,37.5427],[112.2884,37.552],[112.2856,37.565],[112.2674,37.5597],[112.2393,37.5611],[112.2258,37.5695],[112.221,37.5918],[112.2031,37.6002],[112.1988,37.6096],[112.1856,37.6189],[112.1745,37.6332],[112.1629,37.6398],[112.1673,37.6588],[112.1723,37.669],[112.1699,37.674],[112.1572,37.6774],[112.1515,37.6846],[112.138,37.6879],[112.1286,37.6871],[112.1203,37.6987],[112.1119,37.6978],[112.0962,37.716],[112.0862,37.7123],[112.066,37.7153],[112.0401,37.7069],[112.0281,37.7104],[112.0165,37.7227],[112.0062,37.7187],[111.9942,37.7215],[111.9815,37.7195],[111.9748,37.7144],[111.9629,37.7129],[111.9554,37.7173],[111.9503,37.731],[111.9416,37.7346],[111.93,37.7309],[111.9257,37.747],[111.9179,37.7531],[111.9113,37.774],[111.9051,37.7773],[111.9073,37.7914],[111.8901,37.7982],[111.8723,37.7916],[111.8507,37.7958],[111.8349,37.7919],[111.8179,37.7933],[111.8118,37.7982],[111.8117,37.8093],[111.7992,37.8179],[111.7895,37.8212],[111.7856,37.8267],[111.7686,37.8275],[111.7639,37.8304],[111.7615,37.8407],[111.7483,37.8482],[111.7481,37.8528],[111.7383,37.8593],[111.7405,37.8701],[111.7228,37.8748],[111.7125,37.8738],[111.706,37.8774],[111.6842,37.8749],[111.6752,37.8618],[111.6625,37.8632],[111.6484,37.8559],[111.6349,37.8618],[111.6251,37.8576],[111.6156,37.8598],[111.5992,37.8546],[111.5877,37.8565],[111.566,37.8481],[111.5613,37.858],[111.5576,37.8794],[111.5414,37.8847],[111.5702,37.8976],[111.5741,37.9042],[111.5678,37.9133],[111.5716,37.9232],[111.5656,37.9318],[111.5534,37.9363],[111.5377,37.9591],[111.5368,37.9752],[111.5322,37.977],[111.5306,37.9963],[111.5169,38.0029],[111.5106,38.0236],[111.5208,38.0343],[111.5094,38.0494],[111.516,38.0579],[111.5161,38.0651],[111.5347,38.0696],[111.5404,38.0742],[111.5403,38.0817],[111.5592,38.0944],[111.6093,38.1018],[111.6461,38.1214],[111.6732,38.1274],[111.6791,38.1346],[111.6865,38.1508],[111.7095,38.1609],[111.7149,38.1664],[111.7149,38.1773],[111.725,38.1827],[111.7361,38.1804],[111.7707,38.1874],[111.784,38.1887],[111.7919,38.1938],[111.8035,38.2094],[111.8118,38.2138]]]},"properties":{"region_code":"CN-14-1411","parent_region_code":"CN-14","name":"吕梁市","level":"prefecture","has_children":true,"full_path":"中国 / 山西省 / 吕梁市","source_admin_code":"1411","osm_relation_id":3263826}}
]}