{"type":"FeatureCollection", "features": [
{"type":"Feature","geometry":{"type":"MultiPolygon","coordinates":[[[[121.8324,38.9124],[121.8342,38.9133],[121.8361,38.9169],[121.8281,38.9175],[121.8255,38.9146],[121.829,38.914],[121.8324,38.9124]]],[[[121.8254,38.8635],[121.8284,38.8647],[121.8314,38.8689],[121.8366,38.8739],[121.8327,38.8774],[121.8316,38.8802],[121.8296,38.8813],[121.8289,38.8837],[121.8322,38.8878],[121.8348,38.8935],[121.8297,38.8949],[121.8242,38.8948],[121.8227,38.894],[121.8244,38.8902],[121.82,38.8883],[121.8219,38.8872],[121.8268,38.8865],[121.8281,38.8839],[121.8274,38.8817],[121.8191,38.881],[121.8222,38.8753],[121.8215,38.8728],[121.818,38.8706],[121.8208,38.8697],[121.8208,38.8675],[121.8237,38.8667],[121.8254,38.8635]]],[[[121.6208,38.8628],[121.6233,38.8624],[121.6291,38.8637],[121.6302,38.861],[121.6337,38.8624],[121.6445,38.8628],[121.6536,38.8609],[121.661,38.8638],[121.667,38.8642],[121.6696,38.8631],[121.674,38.8667],[121.6767,38.8675],[121.6771,38.87],[121.674,38.8714],[121.6769,38.8755],[121.6793,38.876],[121.6808,38.8739],[121.6835,38.8726],[121.6832,38.8675],[121.6859,38.8663],[121.6897,38.867],[121.6904,38.8641],[121.6931,38.8644],[121.6963,38.867],[121.697,38.8707],[121.7004,38.871],[121.7045,38.8753],[121.7053,38.8796],[121.7073,38.8799],[121.7072,38.8839],[121.7057,38.8864],[121.7081,38.891],[121.7148,38.8982],[121.7167,38.903],[121.7163,38.9049],[121.7136,38.9063],[121.7158,38.9137],[121.7138,38.9174],[121.708,38.9192],[121.7028,38.9216],[121.7001,38.9213],[121.6792,38.9275],[121.6769,38.9269],[121.6742,38.9293],[121.6724,38.9327],[121.6667,38.9312],[121.6646,38.9332],[121.662,38.9283],[121.6583,38.9296],[121.6609,38.9345],[121.6594,38.935],[121.6567,38.9303],[121.6538,38.931],[121.6565,38.936],[121.6552,38.9364],[121.6524,38.9314],[121.6496,38.9323],[121.6523,38.9374],[121.6504,38.938],[121.6469,38.9315],[121.6435,38.9304],[121.6357,38.9276],[121.6248,38.9202],[121.6222,38.9193],[121.6212,38.9171],[121.6261,38.9157],[121.627,38.9129],[121.6261,38.9093],[121.6275,38.9068],[121.6247,38.9024],[121.6287,38.9006],[121.6294,38.8973],[121.6351,38.8926],[121.6356,38.8912],[121.643,38.8891],[121.6451,38.8863],[121.6448,38.8813],[121.6433,38.88],[121.6396,38.8801],[121.6334,38.878],[121.631,38.8787],[121.6274,38.8728],[121.6221,38.8674],[121.6208,38.8628]]]]},"properties":{"region_code":"CN-21-2102-210202","parent_region_code":"CN-21-2102","name":"中山区","level":"county","has_children":false,"full_path":"中国 / 辽宁省 / 大连市 / 中山区","source_admin_code":"210202","osm_relation_id":9672077}},
{"type":"Feature","geometry":{"type":"Polygon","coordinates":[[[121.6435,38.9304],[121.6415,38.9336],[121.6469,38.9396],[121.6424,38.9423],[121.6376,38.9389],[121.6367,38.9396],[121.6282,38.9363],[121.6248,38.9341],[121.6204,38.9339],[121.6217,38.9309],[121.6158,38.9294],[121.6117,38.9277],[121.608,38.9305],[121.6076,38.9338],[121.6153,38.9359],[121.6147,38.9397],[121.609,38.9387],[121.6113,38.9423],[121.6105,38.9452],[121.6125,38.9455],[121.6114,38.9493],[121.5959,38.947],[121.5918,38.9477],[121.5908,38.9447],[121.5908,38.9389],[121.5871,38.9389],[121.5871,38.9361],[121.5819,38.9317],[121.5871,38.9278],[121.5879,38.9253],[121.5911,38.9253],[121.5965,38.9235],[121.5968,38.9206],[121.6004,38.921],[121.6027,38.9093],[121.5946,38.9058],[121.5987,38.9001],[121.5959,38.8989],[121.5956,38.8968],[121.5982,38.8955],[121.5998,38.8902],[121.5982,38.8874],[121.5991,38.8858],[121.5976,38.8823],[121.5958,38.8811],[121.5977,38.8776],[121.599,38.8725],[121.6047,38.87],[121.605,38.8687],[121.611,38.8662],[121.6121,38.8639],[121.6147,38.8632],[121.6189,38.8637],[121.6208,38.8628],[121.6221,38.8674],[121.6274,38.8728],[121.631,38.8787],[121.6334,38.878],[121.6396,38.8801],[121.6433,38.88],[121.6448,38.8813],[121.6451,38.8863],[121.643,38.8891],[121.6356,38.8912],[121.6351,38.8926],[121.6294,38.8973],[121.6287,38.9006],[121.6247,38.9024],[121.6275,38.9068],[121.6261,38.9093],[121.627,38.9129],[121.6261,38.9157],[121.6212,38.9171],[121.6222,38.9193],[121.6248,38.9202],[121.6357,38.9276],[121.6435,38.9304]]]},"properties":{"region_code":"CN-21-2102-210203","parent_region_code":"CN-21-2102","name":"西岗区","level":"county","has_children":false,"full_path":"中国 / 辽宁省 / 大连市 / 西岗区","source_admin_code":"210203","osm_relation_id":9672024}},
{"type":"Feature","geometry":{"type":"Polygon","coordinates":[[[121.5918,38.9477],[121.5863,38.9464],[121.5858,38.9447],[121.5817,38.944],[121.579,38.9458],[121.5697,38.9455],[121.5642,38.9448],[121.5589,38.9432],[121.5576,38.9476],[121.5549,38.9465],[121.545,38.9455],[121.5348,38.9455],[121.5337,38.9396],[121.5349,38.9371],[121.538,38.9356],[121.5388,38.9334],[121.5432,38.9334],[121.5471,38.9306],[121.5475,38.9273],[121.5498,38.9216],[121.5491,38.9196],[121.5414,38.923],[121.5419,38.9188],[121.536,38.9157],[121.5341,38.9127],[121.5316,38.9114],[121.535,38.9066],[121.5381,38.9038],[121.5357,38.901],[121.5329,38.9015],[121.5329,38.8983],[121.5345,38.8956],[121.5317,38.894],[121.5359,38.8872],[121.5318,38.8839],[121.5315,38.8816],[121.5284,38.8769],[121.529,38.873],[121.5341,38.8684],[121.5368,38.867],[121.5385,38.8647],[121.5428,38.864],[121.5476,38.8661],[121.5523,38.8652],[121.5538,38.8677],[121.5575,38.8708],[121.5593,38.8748],[121.5645,38.8763],[121.5692,38.8786],[121.5702,38.8759],[121.5755,38.8753],[121.5786,38.8764],[121.5831,38.874],[121.5845,38.8742],[121.5947,38.8735],[121.599,38.8725],[121.5977,38.8776],[121.5958,38.8811],[121.5976,38.8823],[121.5991,38.8858],[121.5982,38.8874],[121.5998,38.8902],[121.5982,38.8955],[121.5956,38.8968],[121.5959,38.8989],[121.5987,38.9001],[121.5946,38.9058],[121.6027,38.9093],[121.6004,38.921],[121.5968,38.9206],[121.5965,38.9235],[121.5911,38.9253],[121.5879,38.9253],[121.5871,38.9278],[121.5819,38.9317],[121.5871,38.9361],[121.5871,38.9389],[121.5908,38.9389],[121.5908,38.9447],[121.5918,38.9477]]]},"properties":{"region_code":"CN-21-2102-210204","parent_region_code":"CN-21-2102","name":"沙河口区","level":"county","has_children":false,"full_path":"中国 / 辽宁省 / 大连市 / 沙河口区","source_admin_code":"210204","osm_relation_id":9671680}},
{"type":"Feature","geometry":{"type":"MultiPolygon","coordinates":[[[[121.3068,39],[121.3035,38.9977],[121.3034,38.9943],[121.3075,38.9966],[121.3068,39]]],[[[121.5189,38.8201],[121.5214,38.8221],[121.5188,38.8253],[121.5169,38.8251],[121.5157,38.8218],[121.5189,38.8201]]],[[[121.6114,38.9493],[121.6167,38.9509],[121.6191,38.9497],[121.6249,38.9501],[121.624,38.9527],[121.6214,38.9542],[121.6284,38.959],[121.6305,38.9617],[121.6293,38.9666],[121.6312,38.9667],[121.6316,38.962],[121.6344,38.9622],[121.6382,38.9641],[121.6428,38.9647],[121.6436,38.9618],[121.6505,38.9661],[121.6495,38.9691],[121.6562,38.9734],[121.6574,38.9722],[121.6618,38.9749],[121.6648,38.9798],[121.6597,38.985],[121.6608,38.9916],[121.6658,38.9934],[121.6647,38.9951],[121.6547,38.9978],[121.6546,38.9998],[121.6455,38.9998],[121.6448,39.0007],[121.6378,39.0015],[121.6408,39.0034],[121.6481,39.0034],[121.6481,39.0049],[121.655,39.0049],[121.6608,39.0127],[121.6573,39.0158],[121.6658,39.0172],[121.6656,39.0151],[121.6683,39.0141],[121.6739,39.014],[121.676,39.0092],[121.681,39.0095],[121.6816,39.0164],[121.686,39.0164],[121.6872,39.0136],[121.6899,39.0129],[121.6906,39.0171],[121.6962,39.0192],[121.7032,39.0163],[121.7104,39.0153],[121.712,39.0133],[121.7105,39.0111],[121.7076,39.0103],[121.7085,39.0081],[121.7063,39.0052],[121.7079,39.0031],[121.7121,39.0049],[121.7158,39.0042],[121.7172,39.0025],[121.7198,39.0029],[121.7283,39.0025],[121.7321,39.0035],[121.7361,39.0055],[121.7388,39.0047],[121.7415,39.0057],[121.7435,39.0032],[121.7521,39.0083],[121.7428,39.0209],[121.7466,39.0226],[121.7439,39.0263],[121.74,39.0246],[121.7367,39.029],[121.7332,39.0315],[121.7203,39.0273],[121.7172,39.0289],[121.7183,39.0329],[121.7163,39.0352],[121.7123,39.0354],[121.7068,39.0381],[121.6999,39.0486],[121.7041,39.0512],[121.7046,39.0539],[121.7064,39.0556],[121.7068,39.0581],[121.7042,39.0582],[121.7024,39.0619],[121.7004,39.0624],[121.6953,39.0663],[121.694,39.0713],[121.6982,39.075],[121.6955,39.0769],[121.6942,39.0792],[121.6917,39.08],[121.6881,39.0792],[121.6877,39.0813],[121.6839,39.0825],[121.6807,39.0826],[121.6761,39.0865],[121.6707,39.0821],[121.6618,39.0799],[121.6556,39.0751],[121.653,39.0779],[121.6501,39.077],[121.6474,39.0785],[121.6405,39.0874],[121.6312,39.0845],[121.6359,39.078],[121.6338,39.0761],[121.6235,39.073],[121.6204,39.0752],[121.6149,39.0757],[121.6098,39.0734],[121.6089,39.0742],[121.5986,39.0682],[121.5967,39.0698],[121.5931,39.0692],[121.5891,39.0649],[121.5876,39.0646],[121.5885,39.0701],[121.5915,39.0746],[121.6133,39.0927],[121.6203,39.0987],[121.6323,39.1082],[121.6363,39.111],[121.6315,39.1139],[121.6335,39.1173],[121.6218,39.126],[121.6205,39.126],[121.5981,39.143],[121.5971,39.145],[121.5875,39.1517],[121.5823,39.1486],[121.5808,39.1459],[121.5675,39.1352],[121.5665,39.1351],[121.5594,39.1298],[121.5701,39.1219],[121.5717,39.1219],[121.5759,39.1184],[121.5941,39.1049],[121.5939,39.1039],[121.6054,39.095],[121.61,39.0966],[121.6121,39.0932],[121.5907,39.0754],[121.5876,39.0711],[121.5842,39.0716],[121.5836,39.0737],[121.5668,39.0726],[121.5623,39.07],[121.5616,39.0682],[121.5559,39.0638],[121.5548,39.061],[121.5508,39.057],[121.5435,39.054],[121.5374,39.0509],[121.5286,39.0482],[121.527,39.0448],[121.5229,39.0431],[121.5167,39.0384],[121.5131,39.0364],[121.5128,39.0346],[121.4992,39.0281],[121.4768,39.0216],[121.4749,39.0248],[121.4662,39.023],[121.4672,39.0189],[121.4581,39.0172],[121.458,39.0268],[121.457,39.0285],[121.4416,39.0265],[121.4363,39.0256],[121.4294,39.0226],[121.4269,39.0223],[121.406,39.0259],[121.4064,39.0273],[121.4045,39.032],[121.4064,39.0348],[121.3933,39.042],[121.3901,39.043],[121.3853,39.0475],[121.3821,39.0493],[121.379,39.0533],[121.3794,39.0594],[121.3728,39.0606],[121.3682,39.0586],[121.3661,39.0558],[121.3674,39.052],[121.3659,39.0479],[121.3639,39.0451],[121.3597,39.0419],[121.3562,39.0425],[121.3497,39.0425],[121.3451,39.0436],[121.343,39.0423],[121.3427,39.0397],[121.34,39.0389],[121.3377,39.0367],[121.3432,39.0353],[121.3428,39.0319],[121.339,39.0276],[121.3332,39.0273],[121.3271,39.0228],[121.3293,39.0185],[121.3272,39.0166],[121.3232,39.0155],[121.3237,39.0132],[121.3186,39.0122],[121.3157,39.0159],[121.3133,39.011],[121.3172,39.0081],[121.3157,39.0065],[121.3177,39.0044],[121.3175,39.0021],[121.3213,39.0003],[121.3234,39.0018],[121.3428,39.0026],[121.3434,39.0013],[121.3364,39.001],[121.3369,38.9957],[121.3383,38.9903],[121.3412,38.9862],[121.3436,38.9864],[121.3439,38.984],[121.341,38.9775],[121.3367,38.9751],[121.3391,38.9802],[121.3382,38.9806],[121.3345,38.9746],[121.3316,38.9749],[121.3261,38.972],[121.3239,38.9699],[121.3196,38.9685],[121.3166,38.969],[121.3136,38.9668],[121.3104,38.9656],[121.3038,38.9664],[121.3019,38.9681],[121.3026,38.9709],[121.2947,38.9706],[121.2928,38.9693],[121.2872,38.9701],[121.2778,38.9688],[121.2758,38.9696],[121.2795,38.9658],[121.2814,38.9652],[121.2776,38.9613],[121.2785,38.9595],[121.2772,38.9562],[121.2749,38.9549],[121.2755,38.9501],[121.277,38.9473],[121.2806,38.946],[121.2848,38.947],[121.2911,38.9471],[121.2964,38.9452],[121.2969,38.9475],[121.3002,38.9482],[121.3008,38.9505],[121.305,38.9504],[121.3074,38.9534],[121.3102,38.9544],[121.3128,38.9532],[121.3204,38.9546],[121.3247,38.9542],[121.327,38.9517],[121.3277,38.9486],[121.3303,38.9492],[121.3347,38.9459],[121.3362,38.9411],[121.3402,38.9384],[121.3457,38.9387],[121.3471,38.9379],[121.3545,38.9371],[121.3569,38.9355],[121.3568,38.9312],[121.3557,38.9285],[121.3586,38.9259],[121.3666,38.9236],[121.3718,38.9244],[121.3728,38.9168],[121.3714,38.9158],[121.3706,38.9122],[121.3744,38.9109],[121.3776,38.9086],[121.3795,38.9053],[121.3786,38.9013],[121.3835,38.8999],[121.3881,38.8994],[121.3935,38.896],[121.3979,38.896],[121.4023,38.9005],[121.408,38.902],[121.4099,38.9003],[121.4128,38.901],[121.4166,38.8997],[121.4164,38.8957],[121.4181,38.8922],[121.4213,38.8899],[121.4252,38.8919],[121.4291,38.8889],[121.4319,38.8885],[121.4349,38.8845],[121.4374,38.8794],[121.44,38.8803],[121.4439,38.8739],[121.4516,38.8697],[121.4565,38.8689],[121.4586,38.8695],[121.4652,38.8669],[121.4648,38.8615],[121.4631,38.8572],[121.4622,38.8521],[121.4608,38.8497],[121.466,38.8457],[121.4662,38.8416],[121.4683,38.8414],[121.4691,38.8389],[121.4723,38.8386],[121.4725,38.8345],[121.469,38.8321],[121.4644,38.8315],[121.4656,38.8284],[121.4708,38.8241],[121.4709,38.818],[121.4751,38.8197],[121.4772,38.8218],[121.4799,38.8221],[121.481,38.8244],[121.4847,38.8245],[121.4865,38.8233],[121.4921,38.8243],[121.4968,38.8212],[121.4973,38.8197],[121.4922,38.8169],[121.4957,38.8149],[121.4974,38.8175],[121.5023,38.8187],[121.507,38.8216],[121.5081,38.8248],[121.5052,38.8248],[121.503,38.8273],[121.5059,38.829],[121.5113,38.8254],[121.5139,38.8261],[121.5146,38.8289],[121.5181,38.8326],[121.5124,38.8355],[121.5146,38.8363],[121.5197,38.8356],[121.5205,38.8396],[121.5187,38.8431],[121.5233,38.8466],[121.5253,38.8462],[121.5291,38.8477],[121.5324,38.8442],[121.5352,38.8458],[121.5379,38.8506],[121.5408,38.8536],[121.5405,38.8574],[121.5416,38.8583],[121.5459,38.8581],[121.5465,38.8602],[121.5439,38.8625],[121.5413,38.8628],[121.5385,38.8647],[121.5368,38.867],[121.5341,38.8684],[121.529,38.873],[121.5284,38.8769],[121.5315,38.8816],[121.5318,38.8839],[121.5359,38.8872],[121.5317,38.894],[121.5345,38.8956],[121.5329,38.8983],[121.5329,38.9015],[121.5357,38.901],[121.5381,38.9038],[121.535,38.9066],[121.5316,38.9114],[121.5341,38.9127],[121.536,38.9157],[121.5419,38.9188],[121.5414,38.923],[121.5491,38.9196],[121.5498,38.9216],[121.5475,38.9273],[121.5471,38.9306],[121.5432,38.9334],[121.5388,38.9334],[121.538,38.9356],[121.5349,38.9371],[121.5337,38.9396],[121.5348,38.9455],[121.545,38.9455],[121.5549,38.9465],[121.5576,38.9476],[121.5589,38.9432],[121.5642,38.9448],[121.5697,38.9455],[121.579,38.9458],[121.5817,38.944],[121.5858,38.9447],[121.5863,38.9464],[121.5918,38.9477],[121.5959,38.947],[121.6114,38.9493]]]]},"properties":{"region_code":"CN-21-2102-210211","parent_region_code":"CN-21-2102","name":"甘井子区","level":"county","has_children":false,"full_path":"中国 / 辽宁省 / 大连市 / 甘井子区","source_admin_code":"210211","osm_relation_id":2764566}},
{"type":"Feature","geometry":{"type":"MultiPolygon","coordinates":[[[[121.1573,39.0837],[121.1614,39.0856],[121.1625,39.0886],[121.1646,39.089],[121.171,39.0862],[121.1719,39.0881],[121.1706,39.0912],[121.1652,39.0948],[121.1616,39.093],[121.1591,39.0927],[121.1536,39.0899],[121.1533,39.0879],[121.1573,39.0837]]],[[[121.2281,39.1033],[121.2302,39.1064],[121.225,39.1085],[121.2221,39.1073],[121.2197,39.105],[121.2225,39.1039],[121.2281,39.1033]]],[[[121.1211,38.8761],[121.1232,38.8789],[121.1212,38.8807],[121.1196,38.8768],[121.1211,38.8761]]],[[[120.9842,38.9517],[120.9778,38.9552],[120.9761,38.9573],[120.972,38.9538],[120.9757,38.9493],[120.9803,38.9464],[120.9831,38.9462],[120.9849,38.9501],[120.9842,38.9517]]],[[[121.0251,38.8664],[121.0283,38.8671],[121.0304,38.8691],[121.0376,38.869],[121.0323,38.8721],[121.0236,38.8694],[121.0251,38.8664]]],[[[121.2758,38.9696],[121.2727,38.9648],[121.2687,38.9613],[121.2667,38.9617],[121.2654,38.959],[121.2603,38.9551],[121.2488,38.9543],[121.2479,38.9511],[121.2436,38.9504],[121.2436,38.9536],[121.2405,38.9527],[121.2385,38.9494],[121.2353,38.9491],[121.2346,38.9506],[121.2295,38.9496],[121.2284,38.9461],[121.2294,38.9419],[121.2267,38.9375],[121.2227,38.9393],[121.2199,38.9368],[121.2228,38.9352],[121.2169,38.9329],[121.213,38.9322],[121.2056,38.9326],[121.2029,38.934],[121.199,38.934],[121.1916,38.9377],[121.1919,38.9391],[121.1895,38.9419],[121.1927,38.9443],[121.1911,38.9463],[121.188,38.9464],[121.1836,38.9493],[121.1856,38.954],[121.1795,38.9513],[121.1765,38.9524],[121.1763,38.955],[121.1734,38.9559],[121.1723,38.9533],[121.1683,38.9528],[121.1669,38.951],[121.1642,38.9511],[121.1624,38.9491],[121.1591,38.9493],[121.1558,38.9509],[121.1512,38.9511],[121.1485,38.9522],[121.1465,38.9549],[121.1412,38.9543],[121.1387,38.9523],[121.1329,38.9518],[121.1308,38.9501],[121.1243,38.9491],[121.121,38.9466],[121.1165,38.9463],[121.1187,38.9429],[121.1189,38.9393],[121.1154,38.939],[121.1113,38.935],[121.1061,38.9349],[121.1061,38.9336],[121.1007,38.9319],[121.0943,38.9277],[121.0919,38.9237],[121.0912,38.9207],[121.088,38.9176],[121.0879,38.9157],[121.0856,38.9091],[121.0863,38.9051],[121.0888,38.9013],[121.0877,38.8985],[121.0913,38.8975],[121.0924,38.8948],[121.0973,38.8929],[121.1012,38.8935],[121.1027,38.8925],[121.1097,38.8944],[121.1123,38.8917],[121.1188,38.8906],[121.1228,38.887],[121.1283,38.8889],[121.1277,38.8859],[121.1207,38.8858],[121.1207,38.8828],[121.1283,38.8785],[121.1225,38.8748],[121.1255,38.8714],[121.1214,38.8696],[121.1195,38.8674],[121.1148,38.8676],[121.1119,38.8651],[121.1121,38.8617],[121.1097,38.8603],[121.1085,38.8537],[121.1061,38.8521],[121.1083,38.844],[121.1103,38.8423],[121.1131,38.8375],[121.1122,38.833],[121.1138,38.8306],[121.112,38.8234],[121.1101,38.8203],[121.1126,38.8197],[121.1162,38.8147],[121.1205,38.8156],[121.1214,38.8123],[121.1251,38.8098],[121.1276,38.8108],[121.1312,38.8174],[121.1346,38.8174],[121.139,38.8109],[121.1353,38.8078],[121.1332,38.8092],[121.128,38.8027],[121.1316,38.8008],[121.1263,38.7934],[121.1294,38.7916],[121.1359,38.7958],[121.14,38.7962],[121.1437,38.7941],[121.1432,38.7896],[121.1393,38.784],[121.1335,38.7795],[121.1286,38.7792],[121.1237,38.7821],[121.1204,38.7824],[121.1178,38.7838],[121.1146,38.7805],[121.1103,38.7799],[121.1091,38.7771],[121.1102,38.7749],[121.1132,38.7753],[121.1158,38.7726],[121.1151,38.768],[121.1189,38.7678],[121.1196,38.7652],[121.1232,38.766],[121.1249,38.7634],[121.1265,38.7635],[121.13,38.76],[121.1301,38.7571],[121.1275,38.7553],[121.13,38.7538],[121.129,38.7489],[121.1326,38.7441],[121.1307,38.7417],[121.1336,38.7402],[121.1316,38.7374],[121.1332,38.7349],[121.1357,38.7349],[121.1362,38.7327],[121.1336,38.7316],[121.1339,38.7259],[121.1416,38.7257],[121.1469,38.7244],[121.1541,38.7248],[121.157,38.7242],[121.16,38.7223],[121.1653,38.7221],[121.1692,38.723],[121.1807,38.7214],[121.1905,38.7228],[121.1925,38.7223],[121.1977,38.7235],[121.2053,38.7342],[121.2098,38.7376],[121.2135,38.7417],[121.2129,38.7441],[121.2144,38.7464],[121.2142,38.7515],[121.2165,38.7567],[121.2201,38.7609],[121.2243,38.7639],[121.2318,38.7649],[121.2418,38.7761],[121.245,38.7815],[121.2482,38.7854],[121.2498,38.7902],[121.2521,38.7922],[121.249,38.7935],[121.243,38.7905],[121.2368,38.7899],[121.2343,38.7863],[121.2294,38.7858],[121.2234,38.7821],[121.2221,38.7784],[121.2179,38.7757],[121.2163,38.7832],[121.217,38.785],[121.2213,38.7908],[121.2212,38.7944],[121.2264,38.7991],[121.2268,38.8025],[121.235,38.8046],[121.2369,38.802],[121.2427,38.8042],[121.2431,38.806],[121.2481,38.8051],[121.2514,38.8026],[121.2541,38.8031],[121.2558,38.8006],[121.2584,38.8022],[121.2617,38.8025],[121.2622,38.8003],[121.2544,38.7973],[121.2548,38.7939],[121.2608,38.7923],[121.2619,38.7906],[121.2646,38.7909],[121.2676,38.7926],[121.2699,38.7926],[121.2714,38.7887],[121.2778,38.7875],[121.2855,38.7881],[121.2909,38.7897],[121.2919,38.7933],[121.2957,38.794],[121.2999,38.7934],[121.3086,38.7946],[121.3074,38.7967],[121.313,38.7991],[121.3156,38.8014],[121.3213,38.8048],[121.3202,38.8079],[121.3173,38.8117],[121.3205,38.8151],[121.3264,38.8197],[121.3286,38.8208],[121.335,38.8221],[121.3347,38.8203],[121.3447,38.8208],[121.3455,38.8247],[121.3583,38.8247],[121.3601,38.824],[121.3614,38.8203],[121.3656,38.8211],[121.3674,38.8204],[121.3741,38.821],[121.3753,38.8193],[121.3882,38.8148],[121.3915,38.813],[121.4018,38.8148],[121.4078,38.8135],[121.4094,38.8138],[121.4147,38.8125],[121.4167,38.8127],[121.4199,38.8172],[121.4221,38.8179],[121.424,38.8162],[121.4227,38.8139],[121.4249,38.8114],[121.4298,38.8142],[121.4382,38.818],[121.4425,38.8186],[121.446,38.8181],[121.4504,38.8162],[121.4612,38.8175],[121.4629,38.8184],[121.4709,38.818],[121.4708,38.8241],[121.4656,38.8284],[121.4644,38.8315],[121.469,38.8321],[121.4725,38.8345],[121.4723,38.8386],[121.4691,38.8389],[121.4683,38.8414],[121.4662,38.8416],[121.466,38.8457],[121.4608,38.8497],[121.4622,38.8521],[121.4631,38.8572],[121.4648,38.8615],[121.4652,38.8669],[121.4586,38.8695],[121.4565,38.8689],[121.4516,38.8697],[121.4439,38.8739],[121.44,38.8803],[121.4374,38.8794],[121.4349,38.8845],[121.4319,38.8885],[121.4291,38.8889],[121.4252,38.8919],[121.4213,38.8899],[121.4181,38.8922],[121.4164,38.8957],[121.4166,38.8997],[121.4128,38.901],[121.4099,38.9003],[121.408,38.902],[121.4023,38.9005],[121.3979,38.896],[121.3935,38.896],[121.3881,38.8994],[121.3835,38.8999],[121.3786,38.9013],[121.3795,38.9053],[121.3776,38.9086],[121.3744,38.9109],[121.3706,38.9122],[121.3714,38.9158],[121.3728,38.9168],[121.3718,38.9244],[121.3666,38.9236],[121.3586,38.9259],[121.3557,38.9285],[121.3568,38.9312],[121.3569,38.9355],[121.3545,38.9371],[121.3471,38.9379],[121.3457,38.9387],[121.3402,38.9384],[121.3362,38.9411],[121.3347,38.9459],[121.3303,38.9492],[121.3277,38.9486],[121.327,38.9517],[121.3247,38.9542],[121.3204,38.9546],[121.3128,38.9532],[121.3102,38.9544],[121.3074,38.9534],[121.305,38.9504],[121.3008,38.9505],[121.3002,38.9482],[121.2969,38.9475],[121.2964,38.9452],[121.2911,38.9471],[121.2848,38.947],[121.2806,38.946],[121.277,38.9473],[121.2755,38.9501],[121.2749,38.9549],[121.2772,38.9562],[121.2785,38.9595],[121.2776,38.9613],[121.2814,38.9652],[121.2795,38.9658],[121.2758,38.9696]]]]},"properties":{"region_code":"CN-21-2102-210212","parent_region_code":"CN-21-2102","name":"旅顺口区","level":"county","has_children":false,"full_path":"中国 / 辽宁省 / 大连市 / 旅顺口区","source_admin_code":"210212","osm_relation_id":2764567}},
{"type":"Feature","geometry":{"type":"MultiPolygon","coordinates":[[[[121.8482,39.3818],[121.8592,39.3908],[121.8699,39.3836],[121.8806,39.3908],[121.8791,39.3936],[121.8829,39.3937],[121.8906,39.3906],[121.891,39.3964],[121.8977,39.3957],[121.8977,39.3912],[121.9057,39.3921],[121.9027,39.3973],[121.8945,39.3974],[121.8944,39.4005],[121.9142,39.401],[121.9239,39.4008],[121.9263,39.4037],[121.9222,39.4108],[121.9199,39.4133],[121.9156,39.4159],[121.9059,39.4174],[121.9025,39.4199],[121.9,39.4246],[121.8977,39.4258],[121.8937,39.4262],[121.8889,39.4247],[121.8822,39.4266],[121.88,39.4296],[121.8797,39.4334],[121.8844,39.4347],[121.8896,39.4396],[121.8883,39.4458],[121.8885,39.4504],[121.8909,39.4519],[121.8912,39.4542],[121.8936,39.456],[121.894,39.46],[121.8917,39.4631],[121.8948,39.4661],[121.8944,39.4703],[121.8917,39.4767],[121.891,39.4801],[121.8954,39.4888],[121.8985,39.4918],[121.9067,39.4929],[121.9064,39.4963],[121.9043,39.4987],[121.9046,39.502],[121.9006,39.5019],[121.8999,39.499],[121.8963,39.4996],[121.8942,39.4985],[121.8906,39.493],[121.8879,39.49],[121.885,39.491],[121.8841,39.4969],[121.8808,39.5023],[121.8786,39.503],[121.8762,39.5055],[121.8716,39.5055],[121.8691,39.507],[121.8648,39.5072],[121.86,39.5102],[121.8556,39.5102],[121.8507,39.5132],[121.8512,39.518],[121.8493,39.5211],[121.8469,39.5215],[121.8403,39.516],[121.8403,39.5144],[121.8443,39.5123],[121.8423,39.5103],[121.8298,39.5114],[121.8227,39.511],[121.8221,39.5135],[121.8286,39.5189],[121.8323,39.5238],[121.8338,39.5267],[121.8285,39.5273],[121.8245,39.5296],[121.8262,39.5313],[121.8294,39.5299],[121.8307,39.5322],[121.8272,39.533],[121.8178,39.5298],[121.8158,39.5327],[121.8083,39.5358],[121.8053,39.5344],[121.8031,39.5307],[121.8003,39.5241],[121.7974,39.5237],[121.7942,39.5197],[121.7926,39.5199],[121.7905,39.5226],[121.7867,39.5208],[121.7854,39.5254],[121.784,39.5261],[121.7807,39.5238],[121.777,39.5278],[121.7721,39.5297],[121.7719,39.5331],[121.7672,39.5362],[121.7659,39.5386],[121.7617,39.5384],[121.7505,39.5366],[121.7485,39.5358],[121.744,39.5286],[121.7433,39.5263],[121.7413,39.5256],[121.7372,39.5223],[121.7386,39.5187],[121.7337,39.5155],[121.7298,39.5099],[121.7271,39.5101],[121.7245,39.5152],[121.7208,39.5146],[121.7162,39.5186],[121.7119,39.517],[121.7067,39.5174],[121.7018,39.5153],[121.6953,39.5094],[121.6913,39.508],[121.6829,39.508],[121.6782,39.507],[121.6761,39.5041],[121.677,39.5025],[121.6731,39.4999],[121.6723,39.4972],[121.6751,39.494],[121.673,39.4911],[121.6732,39.486],[121.6726,39.4848],[121.6627,39.4818],[121.6569,39.4822],[121.6525,39.4817],[121.65,39.4847],[121.6462,39.4851],[121.6443,39.4904],[121.64,39.491],[121.6339,39.4938],[121.6258,39.4928],[121.6202,39.4939],[121.6156,39.4928],[121.6097,39.4889],[121.5994,39.4784],[121.599,39.4764],[121.6017,39.4732],[121.6014,39.4716],[121.5946,39.4712],[121.5895,39.4659],[121.5722,39.4521],[121.5676,39.447],[121.5669,39.4443],[121.5605,39.4401],[121.561,39.4375],[121.5663,39.4382],[121.5689,39.4357],[121.5732,39.434],[121.5779,39.4294],[121.5825,39.4289],[121.5869,39.4304],[121.5882,39.4256],[121.5924,39.4269],[121.5973,39.4256],[121.6023,39.4159],[121.6025,39.4121],[121.5993,39.4086],[121.5947,39.4046],[121.592,39.4003],[121.5972,39.395],[121.603,39.3924],[121.6039,39.3897],[121.6025,39.3876],[121.5982,39.3871],[121.5886,39.3873],[121.5858,39.3848],[121.5832,39.3706],[121.5848,39.3678],[121.5675,39.3315],[121.5628,39.3276],[121.5654,39.3234],[121.6203,39.3296],[121.6267,39.3333],[121.6299,39.3435],[121.6332,39.3431],[121.6378,39.345],[121.6471,39.3464],[121.6474,39.3445],[121.6556,39.3463],[121.658,39.3462],[121.652,39.3577],[121.6525,39.3578],[121.658,39.347],[121.6618,39.348],[121.6603,39.3511],[121.6696,39.3538],[121.6747,39.3545],[121.6777,39.3471],[121.6841,39.3485],[121.6823,39.3537],[121.6885,39.3551],[121.695,39.358],[121.6993,39.3587],[121.7064,39.3641],[121.7056,39.3662],[121.7102,39.3703],[121.713,39.375],[121.7075,39.3824],[121.7059,39.3826],[121.705,39.3857],[121.7048,39.3909],[121.7024,39.3908],[121.7022,39.3971],[121.7043,39.4075],[121.7086,39.4082],[121.7085,39.4039],[121.7111,39.4043],[121.7149,39.3997],[121.7139,39.3989],[121.7228,39.39],[121.7244,39.386],[121.7329,39.3894],[121.7353,39.3918],[121.7399,39.3907],[121.7428,39.3892],[121.7449,39.3899],[121.7531,39.3819],[121.7549,39.3836],[121.7571,39.3829],[121.7708,39.3827],[121.7751,39.3831],[121.7754,39.3846],[121.7813,39.385],[121.7859,39.3843],[121.7864,39.3854],[121.7975,39.3841],[121.8074,39.3838],[121.8174,39.3828],[121.8163,39.3811],[121.8156,39.3764],[121.8192,39.3771],[121.8204,39.3815],[121.824,39.3819],[121.8315,39.3818],[121.8347,39.3832],[121.8444,39.3888],[121.8482,39.3818]]],[[[121.7163,39.0352],[121.7203,39.0355],[121.7243,39.0368],[121.7289,39.0372],[121.7349,39.0358],[121.7441,39.0297],[121.748,39.0292],[121.7546,39.0298],[121.7605,39.0312],[121.7637,39.0298],[121.7659,39.0306],[121.7681,39.0266],[121.7768,39.026],[121.779,39.0246],[121.7842,39.0233],[121.7899,39.0182],[121.7897,39.0149],[121.7885,39.0123],[121.7951,39.0058],[121.7961,39.0035],[121.7982,39.0026],[121.7995,38.9999],[121.7989,38.9971],[121.8009,38.9926],[121.8036,38.9916],[121.805,38.9894],[121.803,38.9849],[121.8034,38.9834],[121.8117,38.9756],[121.8098,38.9736],[121.8026,38.9723],[121.8015,38.9715],[121.8122,38.9638],[121.8194,38.9701],[121.8249,38.9711],[121.8291,38.9713],[121.8327,38.9702],[121.8324,38.9652],[121.8355,38.9646],[121.8355,38.9619],[121.8276,38.9605],[121.8256,38.9581],[121.8283,38.9566],[121.8293,38.9542],[121.8342,38.9511],[121.841,38.9496],[121.8433,38.9517],[121.8487,38.9498],[121.8475,38.9473],[121.8573,38.9446],[121.8583,38.9428],[121.8618,38.9437],[121.8721,38.9507],[121.8753,38.952],[121.8755,38.9539],[121.8793,38.9568],[121.8839,38.957],[121.8865,38.9586],[121.8865,38.9636],[121.8898,38.9619],[121.8952,38.9638],[121.8968,38.9669],[121.8998,38.9671],[121.9034,38.965],[121.9058,38.965],[121.9116,38.9696],[121.9037,38.9696],[121.8982,38.9706],[121.8958,38.9719],[121.894,38.9749],[121.8935,38.9805],[121.8936,38.987],[121.8916,38.9889],[121.8917,38.9908],[121.8978,38.9985],[121.8962,38.9994],[121.893,38.9958],[121.8789,39.0033],[121.8751,39.0011],[121.8697,39.004],[121.8739,39.0089],[121.8601,39.0162],[121.8533,39.0225],[121.8524,39.0214],[121.8453,39.0279],[121.8433,39.0267],[121.842,39.0296],[121.8443,39.0376],[121.8438,39.0401],[121.838,39.042],[121.8383,39.0435],[121.8448,39.0413],[121.8458,39.0385],[121.8531,39.0377],[121.8519,39.0355],[121.8606,39.0324],[121.8611,39.0333],[121.8666,39.0314],[121.869,39.0355],[121.8809,39.0298],[121.8878,39.0285],[121.8939,39.0308],[121.9014,39.0321],[121.907,39.0285],[121.9091,39.0279],[121.9035,39.0201],[121.9125,39.0157],[121.9141,39.0172],[121.9171,39.0174],[121.9208,39.0208],[121.9202,39.0251],[121.9145,39.0258],[121.9132,39.0277],[121.9129,39.0318],[121.9146,39.0318],[121.9139,39.041],[121.9061,39.0407],[121.9007,39.0431],[121.8988,39.0458],[121.8982,39.055],[121.9001,39.0551],[121.906,39.0582],[121.9065,39.0593],[121.9145,39.058],[121.9127,39.0568],[121.91,39.0573],[121.9098,39.0546],[121.9136,39.0537],[121.9172,39.0572],[121.9196,39.0539],[121.9248,39.0523],[121.9275,39.053],[121.9298,39.048],[121.9328,39.0482],[121.9358,39.0444],[121.9391,39.0445],[121.9408,39.0426],[121.9431,39.0426],[121.9448,39.0403],[121.9504,39.0363],[121.9537,39.0375],[121.963,39.031],[121.9652,39.0382],[121.967,39.039],[121.9681,39.0424],[121.9671,39.0462],[121.9683,39.0496],[121.9734,39.0537],[121.9738,39.0578],[121.9758,39.06],[121.9784,39.0604],[121.9785,39.0659],[121.9798,39.0671],[121.9881,39.0708],[121.9913,39.0718],[121.995,39.0719],[121.9969,39.074],[122.0039,39.0765],[122.0108,39.0781],[122.0174,39.0784],[122.0224,39.0771],[122.0262,39.0749],[122.0282,39.0749],[122.0299,39.0727],[122.0308,39.0692],[122.0389,39.0698],[122.0448,39.0692],[122.0471,39.0675],[122.0531,39.0662],[122.0574,39.0621],[122.063,39.0627],[122.0633,39.0663],[122.0664,39.0673],[122.0659,39.0689],[122.0626,39.0704],[122.0607,39.0763],[122.057,39.078],[122.0564,39.0803],[122.0536,39.0806],[122.0525,39.0838],[122.0491,39.0826],[122.0438,39.0836],[122.0428,39.0866],[122.0438,39.0926],[122.0402,39.0943],[122.038,39.0982],[122.0386,39.1038],[122.0349,39.1051],[122.0365,39.1097],[122.0354,39.1111],[122.0424,39.1134],[122.0421,39.1159],[122.0488,39.1135],[122.0523,39.1224],[122.0538,39.1206],[122.0522,39.117],[122.0538,39.1116],[122.0581,39.1113],[122.0623,39.114],[122.0673,39.116],[122.0699,39.1159],[122.0716,39.1137],[122.0752,39.113],[122.0816,39.1139],[122.0809,39.1167],[122.0787,39.1188],[122.0758,39.1186],[122.0754,39.1216],[122.0797,39.1258],[122.0842,39.1234],[122.0887,39.123],[122.0906,39.1238],[122.0904,39.1273],[122.0891,39.1298],[122.0908,39.132],[122.0964,39.1325],[122.0993,39.1344],[122.1013,39.1336],[122.1047,39.1363],[122.1082,39.1362],[122.1115,39.1406],[122.113,39.1465],[122.1171,39.1466],[122.1186,39.1482],[122.1233,39.1461],[122.1275,39.1501],[122.1333,39.15],[122.1373,39.1512],[122.1377,39.1527],[122.1507,39.1548],[122.1538,39.1535],[122.1532,39.1518],[122.1549,39.1493],[122.1604,39.1518],[122.1631,39.1519],[122.1628,39.1552],[122.1575,39.1539],[122.1529,39.1554],[122.1502,39.158],[122.1449,39.1587],[122.1436,39.1579],[122.138,39.1581],[122.1323,39.1607],[122.1298,39.1633],[122.1265,39.1633],[122.1244,39.1606],[122.1211,39.1608],[122.1177,39.1623],[122.115,39.1617],[122.1109,39.1623],[122.11,39.1635],[122.1127,39.1731],[122.1072,39.1741],[122.1051,39.1689],[122.1033,39.1711],[122.0972,39.1733],[122.0948,39.1684],[122.0935,39.1699],[122.0934,39.1729],[122.0963,39.1739],[122.1025,39.1718],[122.1046,39.1765],[122.0972,39.178],[122.094,39.1776],[122.0896,39.1782],[122.0847,39.1772],[122.0833,39.1801],[122.0786,39.1831],[122.0686,39.1912],[122.0589,39.2026],[122.0598,39.2031],[122.0698,39.1926],[122.0714,39.1924],[122.0802,39.1854],[122.084,39.1831],[122.092,39.1807],[122.107,39.1783],[122.1084,39.1806],[122.1096,39.1851],[122.1117,39.1893],[122.1138,39.1919],[122.118,39.2013],[122.1114,39.2017],[122.1059,39.2061],[122.1094,39.2139],[122.1151,39.2208],[122.121,39.2238],[122.1249,39.2252],[122.1303,39.222],[122.1341,39.2185],[122.1383,39.2211],[122.1339,39.2253],[122.1394,39.2307],[122.1404,39.2341],[122.1521,39.2441],[122.1577,39.2469],[122.1626,39.2479],[122.1666,39.2478],[122.1675,39.2509],[122.1695,39.2517],[122.1797,39.259],[122.1822,39.2593],[122.1863,39.2511],[122.1962,39.2511],[122.1963,39.2518],[122.1874,39.2518],[122.1846,39.2557],[122.1869,39.2565],[122.1851,39.2602],[122.1902,39.2615],[122.1969,39.2597],[122.1998,39.257],[122.2041,39.257],[122.2039,39.2498],[122.2045,39.2438],[122.2075,39.2434],[122.2071,39.2523],[122.205,39.2522],[122.2049,39.2593],[122.2079,39.2622],[122.2064,39.2664],[122.2083,39.2689],[122.2105,39.2699],[122.2111,39.2664],[122.2211,39.2666],[122.2262,39.2683],[122.2228,39.2735],[122.2277,39.2752],[122.2308,39.2692],[122.2352,39.2702],[122.243,39.2746],[122.2368,39.2792],[122.2419,39.2822],[122.2398,39.2868],[122.2431,39.2861],[122.246,39.2882],[122.243,39.2904],[122.257,39.3019],[122.2573,39.3036],[122.2607,39.3054],[122.2597,39.3109],[122.2603,39.3144],[122.2559,39.3162],[122.2539,39.315],[122.2509,39.3113],[122.229,39.311],[122.2254,39.3163],[122.2219,39.315],[122.2134,39.3129],[122.2057,39.312],[122.2041,39.3133],[122.1991,39.3108],[122.1952,39.3097],[122.1927,39.3119],[122.1888,39.3099],[122.1825,39.314],[122.1779,39.3127],[122.1776,39.3107],[122.1732,39.3115],[122.171,39.3059],[122.1688,39.3058],[122.1693,39.3102],[122.1675,39.3121],[122.1688,39.3139],[122.1659,39.3163],[122.1604,39.3189],[122.1597,39.3216],[122.1527,39.3182],[122.1464,39.3202],[122.141,39.3246],[122.1379,39.3206],[122.1343,39.3214],[122.1331,39.3193],[122.1298,39.3179],[122.1247,39.321],[122.1242,39.3257],[122.1222,39.3273],[122.1163,39.3216],[122.1103,39.3216],[122.1093,39.3269],[122.1046,39.3284],[122.098,39.3225],[122.0956,39.3249],[122.0912,39.3246],[122.0889,39.3214],[122.0853,39.3212],[122.0848,39.3229],[122.0793,39.3239],[122.0762,39.3258],[122.0726,39.3249],[122.0617,39.3288],[122.0575,39.3244],[122.0549,39.3245],[122.0549,39.3296],[122.0534,39.3314],[122.0508,39.3318],[122.0472,39.3297],[122.0443,39.3303],[122.0465,39.3334],[122.0421,39.3326],[122.0425,39.3272],[122.0391,39.3277],[122.0344,39.3358],[122.0289,39.3343],[122.0281,39.333],[122.0243,39.3329],[122.0198,39.3294],[122.0187,39.3238],[122.0144,39.3205],[122.0074,39.3204],[122.0046,39.3213],[121.9973,39.3213],[121.9955,39.3267],[121.9911,39.329],[121.9877,39.3286],[121.9843,39.3263],[121.9832,39.3288],[121.9806,39.3273],[121.9786,39.3246],[121.9769,39.3303],[121.974,39.327],[121.9714,39.3275],[121.9661,39.3265],[121.9658,39.3309],[121.9647,39.3329],[121.9599,39.3312],[121.9545,39.3265],[121.9445,39.3267],[121.9412,39.3289],[121.9367,39.328],[121.9351,39.3289],[121.928,39.3244],[121.9239,39.3257],[121.9206,39.3293],[121.9152,39.329],[121.9175,39.3337],[121.9205,39.3372],[121.9199,39.343],[121.9169,39.3482],[121.9058,39.3505],[121.8992,39.3509],[121.896,39.35],[121.8949,39.3484],[121.8898,39.3466],[121.8865,39.3467],[121.8807,39.345],[121.8742,39.3478],[121.8732,39.3473],[121.8656,39.3533],[121.8624,39.3566],[121.8662,39.3605],[121.8641,39.3625],[121.8564,39.3673],[121.8535,39.3709],[121.8488,39.3695],[121.8439,39.37],[121.8341,39.3696],[121.8218,39.3685],[121.8194,39.3702],[121.8105,39.3695],[121.7978,39.369],[121.7978,39.3665],[121.7849,39.3677],[121.7849,39.3696],[121.7764,39.3703],[121.7725,39.3711],[121.7701,39.3702],[121.7676,39.373],[121.7624,39.3735],[121.7594,39.3753],[121.7548,39.376],[121.7527,39.3751],[121.7453,39.3791],[121.7444,39.3827],[121.7391,39.3828],[121.7357,39.3811],[121.7357,39.3772],[121.7328,39.3763],[121.7265,39.3703],[121.722,39.3697],[121.7205,39.3662],[121.725,39.3659],[121.7239,39.3628],[121.7313,39.36],[121.7201,39.36],[121.7217,39.3576],[121.7285,39.3567],[121.7283,39.3535],[121.7179,39.3536],[121.7079,39.3407],[121.7079,39.34],[121.7151,39.3337],[121.7183,39.3315],[121.7192,39.3271],[121.716,39.3217],[121.7145,39.3135],[121.7199,39.3128],[121.7214,39.319],[121.726,39.3177],[121.731,39.3178],[121.7316,39.3131],[121.7293,39.3126],[121.7305,39.3082],[121.7296,39.3052],[121.7264,39.3077],[121.7231,39.3053],[121.726,39.3016],[121.724,39.2992],[121.7191,39.302],[121.7128,39.3087],[121.6949,39.3229],[121.6936,39.323],[121.6863,39.319],[121.68,39.3147],[121.6808,39.314],[121.6857,39.3172],[121.6891,39.3132],[121.6827,39.3105],[121.6801,39.3118],[121.6789,39.3089],[121.6742,39.3078],[121.6713,39.3123],[121.6685,39.3101],[121.6627,39.3074],[121.6649,39.3037],[121.6698,39.3023],[121.6732,39.3022],[121.6588,39.2966],[121.6637,39.2906],[121.6684,39.2921],[121.6663,39.2934],[121.6768,39.2976],[121.6801,39.293],[121.6855,39.2889],[121.6836,39.2826],[121.6877,39.2833],[121.6725,39.2744],[121.6623,39.2723],[121.6608,39.2743],[121.6543,39.2772],[121.6523,39.2798],[121.6468,39.2771],[121.6466,39.2739],[121.6372,39.2737],[121.6377,39.2751],[121.635,39.278],[121.6283,39.2773],[121.6249,39.2814],[121.622,39.2807],[121.6178,39.2738],[121.6113,39.2707],[121.606,39.2711],[121.6007,39.2725],[121.5961,39.2718],[121.5909,39.2718],[121.5877,39.2675],[121.5904,39.2631],[121.5921,39.2582],[121.5911,39.2573],[121.5939,39.254],[121.5965,39.2565],[121.5979,39.2596],[121.6011,39.2603],[121.6065,39.2585],[121.6096,39.2542],[121.6139,39.2496],[121.6154,39.2447],[121.6197,39.2451],[121.6214,39.2474],[121.6241,39.2469],[121.6273,39.2442],[121.6349,39.2442],[121.638,39.2416],[121.6366,39.2369],[121.6311,39.2334],[121.6229,39.2383],[121.6193,39.2338],[121.6331,39.2276],[121.6291,39.2206],[121.6272,39.2212],[121.6264,39.224],[121.6237,39.224],[121.6094,39.2272],[121.6049,39.2271],[121.6036,39.2242],[121.5995,39.2244],[121.5912,39.2257],[121.5907,39.2241],[121.5926,39.2184],[121.5952,39.218],[121.5989,39.2157],[121.6024,39.2151],[121.6071,39.2123],[121.6084,39.2087],[121.6076,39.2041],[121.6045,39.2002],[121.5988,39.1985],[121.5971,39.2018],[121.5883,39.2015],[121.5847,39.1996],[121.5839,39.1929],[121.5887,39.1884],[121.5912,39.1887],[121.595,39.1906],[121.5974,39.1891],[121.5982,39.1865],[121.595,39.1852],[121.5979,39.1786],[121.5943,39.1778],[121.5977,39.1678],[121.604,39.1692],[121.6078,39.1692],[121.6105,39.1675],[121.6144,39.1673],[121.6195,39.1692],[121.6252,39.1691],[121.63,39.1658],[121.634,39.1682],[121.6366,39.1684],[121.641,39.162],[121.64,39.1599],[121.6465,39.1595],[121.6486,39.1572],[121.6483,39.1522],[121.6516,39.1486],[121.6556,39.1494],[121.6618,39.148],[121.6627,39.1466],[121.6617,39.1431],[121.6629,39.1424],[121.6673,39.1432],[121.6686,39.1381],[121.6741,39.1359],[121.6769,39.1336],[121.6714,39.1307],[121.6735,39.1283],[121.6768,39.1302],[121.6782,39.1282],[121.677,39.125],[121.6801,39.1228],[121.6804,39.119],[121.6797,39.1138],[121.6764,39.1072],[121.6736,39.1037],[121.6642,39.096],[121.6562,39.0899],[121.6521,39.0938],[121.6405,39.0874],[121.6474,39.0785],[121.6501,39.077],[121.653,39.0779],[121.6556,39.0751],[121.6618,39.0799],[121.6707,39.0821],[121.6761,39.0865],[121.6807,39.0826],[121.6839,39.0825],[121.6877,39.0813],[121.6881,39.0792],[121.6917,39.08],[121.6942,39.0792],[121.6955,39.0769],[121.6982,39.075],[121.694,39.0713],[121.6953,39.0663],[121.7004,39.0624],[121.7024,39.0619],[121.7042,39.0582],[121.7068,39.0581],[121.7064,39.0556],[121.7046,39.0539],[121.7041,39.0512],[121.6999,39.0486],[121.7068,39.0381],[121.7123,39.0354],[121.7163,39.0352]]]]},"properties":{"region_code":"CN-21-2102-210213","parent_region_code":"CN-21-2102","name":"金州区","level":"county","has_children":false,"full_path":"中国 / 辽宁省 / 大连市 / 金州区","source_admin_code":"210213","osm_relation_id":2764629}},
{"type":"Feature","geometry":{"type":"MultiPolygon","coordinates":[[[[121.8482,39.3818],[121.8535,39.3709],[121.8564,39.3673],[121.8641,39.3625],[121.8662,39.3605],[121.8624,39.3566],[121.8656,39.3533],[121.8732,39.3473],[121.8742,39.3478],[121.8807,39.345],[121.8865,39.3467],[121.8898,39.3466],[121.8949,39.3484],[121.896,39.35],[121.8992,39.3509],[121.9058,39.3505],[121.9169,39.3482],[121.9199,39.343],[121.9205,39.3372],[121.9175,39.3337],[121.9152,39.329],[121.9206,39.3293],[121.9239,39.3257],[121.928,39.3244],[121.9351,39.3289],[121.9367,39.328],[121.9412,39.3289],[121.9445,39.3267],[121.9545,39.3265],[121.9599,39.3312],[121.9647,39.3329],[121.9658,39.3309],[121.9661,39.3265],[121.9714,39.3275],[121.974,39.327],[121.9769,39.3303],[121.9786,39.3246],[121.9806,39.3273],[121.9832,39.3288],[121.9843,39.3263],[121.9877,39.3286],[121.9911,39.329],[121.9955,39.3267],[121.9973,39.3213],[122.0046,39.3213],[122.0074,39.3204],[122.0144,39.3205],[122.0187,39.3238],[122.0198,39.3294],[122.0243,39.3329],[122.0281,39.333],[122.0289,39.3343],[122.0344,39.3358],[122.0391,39.3277],[122.0425,39.3272],[122.0421,39.3326],[122.0465,39.3334],[122.0443,39.3303],[122.0472,39.3297],[122.0508,39.3318],[122.0534,39.3314],[122.0549,39.3296],[122.0549,39.3245],[122.0575,39.3244],[122.0617,39.3288],[122.0726,39.3249],[122.0762,39.3258],[122.0793,39.3239],[122.0848,39.3229],[122.0853,39.3212],[122.0889,39.3214],[122.0912,39.3246],[122.0956,39.3249],[122.098,39.3225],[122.1046,39.3284],[122.1093,39.3269],[122.1103,39.3216],[122.1163,39.3216],[122.1222,39.3273],[122.1242,39.3257],[122.1247,39.321],[122.1298,39.3179],[122.1331,39.3193],[122.1343,39.3214],[122.1379,39.3206],[122.141,39.3246],[122.1464,39.3202],[122.1527,39.3182],[122.1597,39.3216],[122.1604,39.3189],[122.1659,39.3163],[122.1688,39.3139],[122.1675,39.3121],[122.1693,39.3102],[122.1688,39.3058],[122.171,39.3059],[122.1732,39.3115],[122.1776,39.3107],[122.1779,39.3127],[122.1825,39.314],[122.1888,39.3099],[122.1927,39.3119],[122.1952,39.3097],[122.1991,39.3108],[122.2041,39.3133],[122.2057,39.312],[122.2134,39.3129],[122.2219,39.315],[122.2254,39.3163],[122.229,39.311],[122.2509,39.3113],[122.2539,39.315],[122.2559,39.3162],[122.2523,39.3181],[122.2525,39.3208],[122.2637,39.3194],[122.2654,39.3217],[122.29,39.3473],[122.2915,39.3474],[122.3008,39.3345],[122.3019,39.3259],[122.305,39.3271],[122.3074,39.3312],[122.3133,39.3348],[122.3118,39.3414],[122.315,39.3433],[122.3021,39.3518],[122.2991,39.3566],[122.2881,39.3638],[122.285,39.3678],[122.2868,39.3704],[122.2882,39.3652],[122.296,39.3599],[122.3053,39.3542],[122.3072,39.3535],[122.3185,39.3466],[122.319,39.3459],[122.3421,39.3579],[122.3434,39.3577],[122.3392,39.3698],[122.3325,39.3798],[122.3338,39.3802],[122.3361,39.384],[122.3404,39.3819],[122.3444,39.3759],[122.353,39.3797],[122.3539,39.3774],[122.3497,39.3774],[122.3496,39.3752],[122.3528,39.3753],[122.3529,39.3736],[122.3563,39.3691],[122.3528,39.3681],[122.3539,39.3657],[122.3574,39.368],[122.3549,39.3736],[122.3537,39.3806],[122.3572,39.3824],[122.357,39.3836],[122.3642,39.3856],[122.3625,39.39],[122.3645,39.3924],[122.3669,39.3824],[122.3908,39.3928],[122.3816,39.4062],[122.3832,39.4065],[122.3873,39.4018],[122.3909,39.4031],[122.388,39.4107],[122.3867,39.4169],[122.39,39.4145],[122.4074,39.4169],[122.426,39.4168],[122.4263,39.4155],[122.45,39.4174],[122.4514,39.4093],[122.4518,39.4033],[122.4627,39.4043],[122.4834,39.4047],[122.4839,39.4025],[122.4925,39.4022],[122.4958,39.4051],[122.5004,39.4075],[122.5009,39.4138],[122.4985,39.4216],[122.502,39.4224],[122.5061,39.4145],[122.5079,39.4144],[122.5135,39.405],[122.5357,39.3947],[122.5487,39.3973],[122.5566,39.4082],[122.562,39.4137],[122.5574,39.4251],[122.5605,39.4259],[122.5694,39.4267],[122.5678,39.4359],[122.5664,39.4404],[122.563,39.4492],[122.5622,39.4533],[122.5628,39.4599],[122.5638,39.4627],[122.5631,39.4675],[122.5666,39.4706],[122.571,39.4709],[122.5727,39.4735],[122.5725,39.4783],[122.5697,39.4813],[122.563,39.4827],[122.5541,39.4831],[122.5515,39.4849],[122.5493,39.4925],[122.5446,39.4961],[122.5396,39.4988],[122.5173,39.4993],[122.5081,39.5011],[122.5063,39.5042],[122.5068,39.5072],[122.5052,39.5092],[122.5015,39.5103],[122.4989,39.5155],[122.5,39.5186],[122.5023,39.5214],[122.5068,39.5234],[122.5117,39.5264],[122.5131,39.5299],[122.5125,39.5332],[122.5166,39.5364],[122.5229,39.5424],[122.537,39.5537],[122.5389,39.5565],[122.5408,39.5632],[122.5497,39.5719],[122.5546,39.5745],[122.5756,39.5795],[122.5794,39.584],[122.5785,39.5863],[122.5742,39.5899],[122.5596,39.5946],[122.5587,39.5968],[122.5629,39.6066],[122.5759,39.6191],[122.5799,39.6211],[122.5892,39.6214],[122.5964,39.6223],[122.6032,39.6227],[122.6054,39.6243],[122.6051,39.6271],[122.5998,39.6328],[122.5905,39.6395],[122.5856,39.6454],[122.5856,39.6485],[122.589,39.6516],[122.5913,39.6604],[122.5909,39.6643],[122.5891,39.6693],[122.585,39.6772],[122.5791,39.6829],[122.5743,39.6928],[122.573,39.6964],[122.5671,39.7021],[122.5623,39.7033],[122.5578,39.7074],[122.5553,39.7125],[122.5542,39.7179],[122.5552,39.7218],[122.5541,39.7249],[122.5476,39.7313],[122.544,39.732],[122.5389,39.7312],[122.5324,39.7312],[122.5288,39.7334],[122.5199,39.7349],[122.5166,39.7374],[122.5129,39.739],[122.5072,39.7396],[122.5035,39.7417],[122.5019,39.7454],[122.4992,39.7488],[122.4916,39.7505],[122.4893,39.7588],[122.4913,39.7644],[122.4881,39.7709],[122.4876,39.7752],[122.4876,39.7816],[122.4899,39.7882],[122.4922,39.7908],[122.4928,39.7951],[122.4945,39.798],[122.4982,39.8008],[122.4984,39.8045],[122.4999,39.808],[122.5027,39.8105],[122.5026,39.8121],[122.5,39.8146],[122.4951,39.8162],[122.4934,39.8211],[122.4939,39.8264],[122.5009,39.8324],[122.5118,39.8377],[122.514,39.8426],[122.5119,39.8485],[122.5009,39.862],[122.501,39.8671],[122.5239,39.889],[122.5242,39.8929],[122.5227,39.8957],[122.5195,39.8971],[122.5145,39.8961],[122.509,39.8917],[122.5043,39.893],[122.5038,39.8956],[122.5045,39.9014],[122.507,39.9059],[122.512,39.9108],[122.5142,39.9151],[122.5102,39.9198],[122.5077,39.919],[122.4962,39.926],[122.4937,39.9292],[122.492,39.934],[122.4861,39.9336],[122.48,39.9351],[122.4722,39.9382],[122.4559,39.9468],[122.4509,39.9502],[122.4391,39.9559],[122.4246,39.9615],[122.4127,39.9673],[122.414,39.9694],[122.4122,39.9707],[122.4082,39.9698],[122.4002,39.9663],[122.398,39.9645],[122.3959,39.9658],[122.3954,39.9695],[122.3886,39.9687],[122.3843,39.9665],[122.3832,39.9678],[122.3787,39.968],[122.3744,39.9664],[122.3712,39.9662],[122.3683,39.9648],[122.3628,39.9672],[122.3557,39.9668],[122.3525,39.9681],[122.3472,39.9737],[122.3389,39.9811],[122.3289,39.9836],[122.3218,39.9832],[122.3053,39.9796],[122.2979,39.9738],[122.2902,39.9714],[122.2858,39.9667],[122.2815,39.9659],[122.28,39.9635],[122.2795,39.957],[122.2767,39.949],[122.2727,39.948],[122.2683,39.9421],[122.2649,39.9411],[122.2587,39.9359],[122.2532,39.9353],[122.2358,39.9311],[122.2353,39.9281],[122.2303,39.9263],[122.2257,39.9171],[122.2242,39.9105],[122.2217,39.9019],[122.2229,39.898],[122.2212,39.8944],[122.2167,39.8908],[122.2118,39.8895],[122.2033,39.8799],[122.1926,39.8719],[122.1806,39.8661],[122.1726,39.8593],[122.1709,39.8425],[122.171,39.8343],[122.1715,39.8282],[122.1731,39.8252],[122.1822,39.8209],[122.1875,39.8169],[122.1903,39.8124],[122.1822,39.8071],[122.1623,39.8133],[122.1519,39.8133],[122.1471,39.8115],[122.1415,39.8141],[122.1331,39.8125],[122.1319,39.8106],[122.131,39.8059],[122.1297,39.8031],[122.1327,39.8002],[122.1348,39.7958],[122.1348,39.7925],[122.1302,39.7912],[122.122,39.7927],[122.118,39.793],[122.115,39.7911],[122.1097,39.7909],[122.1075,39.7868],[122.1085,39.782],[122.1151,39.7806],[122.1161,39.7773],[122.1126,39.7734],[122.1095,39.7708],[122.1069,39.7654],[122.1031,39.7601],[122.1009,39.7608],[122.0991,39.7584],[122.1099,39.7567],[122.1133,39.7574],[122.1169,39.7565],[122.1194,39.7501],[122.123,39.7488],[122.1262,39.75],[122.1312,39.7479],[122.1367,39.7466],[122.1386,39.744],[122.1418,39.7424],[122.1466,39.7424],[122.1483,39.7416],[122.1487,39.7329],[122.1474,39.7288],[122.1592,39.7175],[122.1519,39.716],[122.1466,39.7145],[122.1404,39.7115],[122.1377,39.7093],[122.1345,39.7054],[122.1327,39.6988],[122.1274,39.6913],[122.1272,39.6881],[122.1307,39.6827],[122.1321,39.6726],[122.1282,39.6696],[122.1288,39.6641],[122.1232,39.657],[122.1226,39.6548],[122.1236,39.6472],[122.1262,39.6444],[122.1301,39.6423],[122.133,39.6368],[122.1361,39.6325],[122.144,39.6267],[122.1434,39.6246],[122.1443,39.6202],[122.1463,39.6189],[122.1452,39.6158],[122.1488,39.6128],[122.1534,39.6125],[122.1555,39.6115],[122.1613,39.6043],[122.1679,39.6023],[122.1711,39.5983],[122.1765,39.598],[122.1826,39.5951],[122.1906,39.5928],[122.1834,39.578],[122.1812,39.5757],[122.1722,39.5722],[122.1657,39.5714],[122.1609,39.5683],[122.1589,39.5651],[122.156,39.5653],[122.1523,39.5693],[122.1473,39.5699],[122.1445,39.5688],[122.1414,39.5658],[122.1392,39.5608],[122.1367,39.5593],[122.134,39.5593],[122.1263,39.5631],[122.1238,39.5624],[122.1206,39.5576],[122.113,39.5512],[122.1081,39.5465],[122.1022,39.545],[122.1003,39.5435],[122.0977,39.5355],[122.0926,39.5297],[122.092,39.5223],[122.0908,39.5176],[122.0855,39.5139],[122.0831,39.5112],[122.0823,39.5035],[122.0812,39.5003],[122.079,39.4999],[122.0755,39.5044],[122.0728,39.5044],[122.0694,39.5013],[122.0668,39.5016],[122.0642,39.5061],[122.0614,39.5061],[122.0503,39.5039],[122.0469,39.5076],[122.0374,39.5119],[122.0333,39.5121],[122.0297,39.5096],[122.0258,39.5081],[122.0229,39.5079],[122.0195,39.5065],[122.0156,39.5073],[122.0042,39.5079],[122.0041,39.506],[121.999,39.5046],[121.9953,39.5056],[121.9927,39.5044],[121.9872,39.5047],[121.9824,39.5036],[121.9796,39.5063],[121.9748,39.507],[121.9714,39.5094],[121.9651,39.5098],[121.9626,39.5086],[121.9587,39.5097],[121.9551,39.509],[121.932,39.5074],[121.9246,39.502],[121.9189,39.4906],[121.9161,39.4814],[121.9148,39.4793],[121.9066,39.4798],[121.9067,39.4929],[121.8985,39.4918],[121.8954,39.4888],[121.891,39.4801],[121.8917,39.4767],[121.8944,39.4703],[121.8948,39.4661],[121.8917,39.4631],[121.894,39.46],[121.8936,39.456],[121.8912,39.4542],[121.8909,39.4519],[121.8885,39.4504],[121.8883,39.4458],[121.8896,39.4396],[121.8844,39.4347],[121.8797,39.4334],[121.88,39.4296],[121.8822,39.4266],[121.8889,39.4247],[121.8937,39.4262],[121.8977,39.4258],[121.9,39.4246],[121.9025,39.4199],[121.9059,39.4174],[121.9156,39.4159],[121.9199,39.4133],[121.9222,39.4108],[121.9263,39.4037],[121.9239,39.4008],[121.9142,39.401],[121.8944,39.4005],[121.8945,39.3974],[121.9027,39.3973],[121.9057,39.3921],[121.8977,39.3912],[121.8977,39.3957],[121.891,39.3964],[121.8906,39.3906],[121.8829,39.3937],[121.8791,39.3936],[121.8806,39.3908],[121.8699,39.3836],[121.8592,39.3908],[121.8482,39.3818]]],[[[122.3415,39.344],[122.339,39.3444],[122.3295,39.3413],[122.3291,39.3375],[122.327,39.3379],[122.3256,39.3428],[122.321,39.3433],[122.3191,39.342],[122.3161,39.3276],[122.3162,39.3263],[122.3267,39.325],[122.3288,39.3303],[122.3317,39.3281],[122.3345,39.3316],[122.3403,39.3284],[122.3464,39.3324],[122.3487,39.3369],[122.3462,39.343],[122.3415,39.344]]]]},"properties":{"region_code":"CN-21-2102-210214","parent_region_code":"CN-21-2102","name":"普兰店区","level":"county","has_children":false,"full_path":"中国 / 辽宁省 / 大连市 / 普兰店区","source_admin_code":"210214","osm_relation_id":2764630}},
{"type":"Feature","geometry":{"type":"MultiPolygon","coordinates":[[[[122.4255,39.2195],[122.4279,39.2209],[122.4267,39.2232],[122.4329,39.2241],[122.4347,39.2255],[122.4377,39.2258],[122.4403,39.2238],[122.4434,39.2255],[122.4428,39.2279],[122.4384,39.2305],[122.439,39.2326],[122.4367,39.2341],[122.4323,39.2341],[122.4306,39.2356],[122.4213,39.231],[122.4205,39.2292],[122.4142,39.226],[122.4161,39.2231],[122.4184,39.2252],[122.4224,39.2253],[122.4247,39.2231],[122.4255,39.2195]]],[[[122.8102,39.0675],[122.8123,39.0702],[122.8107,39.0711],[122.8125,39.0744],[122.8079,39.0749],[122.8045,39.0765],[122.8043,39.0802],[122.7978,39.0798],[122.7962,39.0788],[122.7964,39.0757],[122.7941,39.0749],[122.7927,39.0736],[122.7891,39.0742],[122.7859,39.0763],[122.7786,39.0768],[122.7791,39.0727],[122.7828,39.072],[122.786,39.0694],[122.7893,39.0711],[122.792,39.0709],[122.7944,39.0723],[122.7933,39.0733],[122.7944,39.0749],[122.7966,39.0755],[122.8018,39.0725],[122.8072,39.0718],[122.8075,39.0699],[122.8102,39.0675]]],[[[122.5927,39.2057],[122.5914,39.2088],[122.5935,39.2106],[122.5971,39.2096],[122.6046,39.2127],[122.6072,39.2155],[122.6036,39.222],[122.6002,39.2184],[122.5971,39.2179],[122.5951,39.2201],[122.592,39.2176],[122.5924,39.2138],[122.591,39.2114],[122.5836,39.2111],[122.5883,39.208],[122.5881,39.207],[122.5927,39.2057]]],[[[122.5143,39.2241],[122.5182,39.2232],[122.5202,39.2244],[122.5233,39.2227],[122.534,39.2246],[122.5366,39.2275],[122.5423,39.2283],[122.5417,39.2315],[122.5434,39.2331],[122.5404,39.2356],[122.5336,39.2333],[122.5279,39.2324],[122.5212,39.2324],[122.5187,39.2342],[122.5125,39.2352],[122.5025,39.235],[122.5003,39.236],[122.4958,39.2351],[122.4909,39.2355],[122.4875,39.2327],[122.4892,39.2294],[122.4963,39.2271],[122.5012,39.2239],[122.5019,39.2251],[122.5063,39.2247],[122.5075,39.2222],[122.5128,39.2231],[122.5143,39.2241]]],[[[122.7575,39.224],[122.7603,39.2246],[122.7595,39.2272],[122.7562,39.2267],[122.7575,39.224]]],[[[122.4397,39.2533],[122.4433,39.2557],[122.4469,39.2568],[122.4472,39.2598],[122.4446,39.26],[122.4446,39.2623],[122.4396,39.2619],[122.434,39.2631],[122.4316,39.2669],[122.4287,39.2677],[122.4247,39.267],[122.4161,39.2686],[122.4151,39.2662],[122.424,39.2658],[122.4244,39.264],[122.4284,39.264],[122.4289,39.262],[122.4347,39.2582],[122.4383,39.2573],[122.4397,39.2533]]],[[[122.719,39.2136],[122.7232,39.2162],[122.724,39.2181],[122.7207,39.2215],[122.7206,39.223],[122.7239,39.2252],[122.7277,39.2243],[122.7282,39.221],[122.73,39.2212],[122.7314,39.2252],[122.7338,39.2248],[122.7367,39.2265],[122.7387,39.2263],[122.7427,39.2291],[122.7478,39.2292],[122.7488,39.2323],[122.7417,39.2341],[122.7393,39.2335],[122.736,39.235],[122.7347,39.2369],[122.7358,39.2467],[122.7287,39.244],[122.7261,39.2459],[122.7218,39.2446],[122.7202,39.2407],[122.7142,39.2412],[122.7119,39.2448],[122.7099,39.2437],[122.705,39.2444],[122.7003,39.2436],[122.6931,39.2444],[122.6891,39.2432],[122.6898,39.2414],[122.6852,39.2405],[122.6785,39.2413],[122.6766,39.2396],[122.6723,39.2392],[122.6661,39.2405],[122.6591,39.2403],[122.6544,39.2397],[122.6498,39.2417],[122.6435,39.2414],[122.6373,39.2391],[122.631,39.2394],[122.63,39.2364],[122.6257,39.2364],[122.6239,39.234],[122.6274,39.2292],[122.6297,39.2287],[122.6304,39.2261],[122.638,39.2248],[122.6406,39.2261],[122.6451,39.2297],[122.6482,39.2314],[122.6494,39.2334],[122.6525,39.2323],[122.6555,39.2331],[122.6581,39.2299],[122.6601,39.2321],[122.6631,39.2326],[122.6641,39.2344],[122.6674,39.234],[122.6693,39.2316],[122.6727,39.2314],[122.6733,39.2274],[122.677,39.2286],[122.6779,39.2327],[122.6835,39.2341],[122.6905,39.2335],[122.6918,39.2303],[122.6949,39.2325],[122.7001,39.2314],[122.7032,39.2273],[122.7031,39.2248],[122.6994,39.2245],[122.6981,39.2214],[122.6961,39.2215],[122.6963,39.2183],[122.6939,39.2145],[122.6869,39.2106],[122.6906,39.205],[122.6988,39.2065],[122.7002,39.2081],[122.6992,39.2104],[122.7031,39.2114],[122.7034,39.2132],[122.7084,39.2157],[122.714,39.2154],[122.719,39.2136]]],[[[122.4189,39.1712],[122.4202,39.1728],[122.4163,39.174],[122.4135,39.1738],[122.4131,39.1758],[122.4066,39.1804],[122.4017,39.1784],[122.3976,39.1778],[122.3984,39.176],[122.4065,39.1755],[122.4096,39.1737],[122.4161,39.1724],[122.4189,39.1712]]],[[[122.8653,39.0493],[122.8672,39.0537],[122.8677,39.0576],[122.872,39.0579],[122.8718,39.061],[122.8743,39.0626],[122.8718,39.065],[122.87,39.0633],[122.8623,39.0643],[122.8615,39.063],[122.8547,39.0636],[122.8545,39.0657],[122.8521,39.0673],[122.8501,39.067],[122.8532,39.0634],[122.8544,39.0599],[122.8543,39.0566],[122.859,39.0551],[122.8571,39.0524],[122.8588,39.0508],[122.862,39.0512],[122.8653,39.0493]]],[[[122.7648,39.2297],[122.7666,39.2304],[122.7638,39.2349],[122.7621,39.2324],[122.7648,39.2297]]],[[[122.4237,39.1666],[122.4267,39.1683],[122.423,39.1704],[122.4211,39.1681],[122.4237,39.1666]]],[[[122.8181,39.0408],[122.8232,39.0427],[122.8235,39.0445],[122.827,39.0461],[122.8339,39.0462],[122.8347,39.0484],[122.8317,39.0534],[122.8298,39.0553],[122.8251,39.0567],[122.8205,39.0504],[122.818,39.05],[122.815,39.0521],[122.8134,39.0482],[122.8104,39.0455],[122.8136,39.0427],[122.8181,39.0408]]],[[[122.3318,39.1452],[122.3399,39.1439],[122.343,39.1449],[122.3451,39.1471],[122.3455,39.1493],[122.3522,39.1502],[122.3524,39.1518],[122.3579,39.1533],[122.3584,39.1574],[122.3566,39.1595],[122.3607,39.1614],[122.3598,39.1682],[122.357,39.169],[122.3574,39.1709],[122.3607,39.1737],[122.3646,39.1742],[122.3657,39.1731],[122.3704,39.175],[122.375,39.1729],[122.3765,39.1695],[122.3725,39.1679],[122.3748,39.1666],[122.3783,39.167],[122.3826,39.1649],[122.3845,39.1621],[122.3892,39.1624],[122.3906,39.1609],[122.394,39.1621],[122.3938,39.1671],[122.3895,39.169],[122.3876,39.172],[122.3893,39.1745],[122.3868,39.1803],[122.3853,39.1826],[122.3853,39.1859],[122.3813,39.1865],[122.3781,39.1897],[122.3781,39.1925],[122.3798,39.1963],[122.3781,39.1979],[122.3795,39.2015],[122.3846,39.2033],[122.3842,39.2061],[122.3877,39.2121],[122.3926,39.2098],[122.3972,39.2105],[122.3977,39.2123],[122.4029,39.2145],[122.4025,39.2171],[122.394,39.2158],[122.3877,39.2125],[122.3824,39.2119],[122.3745,39.2092],[122.3752,39.206],[122.3687,39.2032],[122.3577,39.2014],[122.347,39.2023],[122.3448,39.2032],[122.3385,39.202],[122.3409,39.1995],[122.3438,39.1949],[122.3401,39.1923],[122.3362,39.192],[122.3339,39.1888],[122.3345,39.1876],[122.3321,39.185],[122.327,39.1837],[122.3185,39.1832],[122.3114,39.1835],[122.3173,39.1758],[122.3172,39.1717],[122.3139,39.171],[122.3133,39.1696],[122.3155,39.1651],[122.3144,39.1636],[122.3151,39.1594],[122.3189,39.1595],[122.3224,39.1577],[122.3268,39.1533],[122.3267,39.1511],[122.3289,39.1504],[122.3295,39.1476],[122.3318,39.1452]]],[[[122.7774,39.2182],[122.7814,39.219],[122.7817,39.2216],[122.7865,39.2239],[122.793,39.2242],[122.7938,39.2249],[122.8006,39.2224],[122.8027,39.2253],[122.8054,39.2269],[122.801,39.2289],[122.7992,39.2281],[122.7937,39.2289],[122.7858,39.2267],[122.7813,39.2275],[122.7792,39.2291],[122.7716,39.2294],[122.7656,39.2274],[122.7676,39.2214],[122.7698,39.2234],[122.7739,39.2212],[122.7774,39.2182]]],[[[122.7526,39.2294],[122.7588,39.2311],[122.7565,39.2347],[122.7539,39.2353],[122.7516,39.2318],[122.7526,39.2294]]],[[[122.2891,39.2698],[122.29,39.266],[122.2938,39.2685],[122.2951,39.2712],[122.2981,39.2729],[122.2974,39.2757],[122.2923,39.2751],[122.2861,39.2764],[122.2842,39.2778],[122.2816,39.2769],[122.2805,39.2735],[122.2846,39.2708],[122.2891,39.2698]]],[[[122.3067,39.2045],[122.2965,39.2014],[122.2955,39.1985],[122.2978,39.1969],[122.3044,39.2002],[122.3067,39.2045]]],[[[123.1827,39.0454],[123.188,39.0475],[123.186,39.0498],[123.1889,39.0519],[123.1941,39.0524],[123.195,39.0553],[123.1978,39.0567],[123.1966,39.0595],[123.1981,39.0657],[123.1915,39.0662],[123.1903,39.0688],[123.1872,39.0701],[123.1893,39.0739],[123.1919,39.0765],[123.188,39.0768],[123.1827,39.0787],[123.1773,39.0782],[123.1787,39.0822],[123.1775,39.0833],[123.1635,39.0822],[123.1529,39.0846],[123.1515,39.0859],[123.1466,39.0859],[123.1423,39.0881],[123.1397,39.0884],[123.1382,39.0867],[123.1416,39.0821],[123.1368,39.0788],[123.138,39.0759],[123.1404,39.0756],[123.1463,39.0794],[123.1482,39.0785],[123.1599,39.0758],[123.1621,39.0715],[123.1653,39.0721],[123.1663,39.0702],[123.165,39.0671],[123.1652,39.0606],[123.1672,39.0607],[123.1687,39.0581],[123.1672,39.0554],[123.1654,39.0551],[123.1621,39.0576],[123.1584,39.0586],[123.1567,39.0666],[123.1523,39.0677],[123.1503,39.0709],[123.1483,39.0699],[123.1494,39.0635],[123.1464,39.0615],[123.1467,39.0597],[123.1492,39.058],[123.1469,39.0554],[123.1466,39.053],[123.1446,39.0497],[123.1413,39.0489],[123.1401,39.0451],[123.1437,39.0362],[123.1495,39.0289],[123.1524,39.0275],[123.1598,39.0266],[123.162,39.0269],[123.1618,39.0306],[123.163,39.0333],[123.1665,39.0361],[123.1693,39.0356],[123.1695,39.0391],[123.1743,39.0412],[123.1783,39.0448],[123.1827,39.0454]]],[[[122.9986,39.2483],[122.9999,39.2495],[123.0055,39.2519],[123.0045,39.2575],[123.0106,39.2567],[123.0088,39.2597],[123.0042,39.2599],[123.0022,39.2589],[122.9996,39.2603],[122.9965,39.2605],[122.9916,39.2585],[122.9914,39.2565],[122.9879,39.2576],[122.9868,39.2552],[122.9827,39.2543],[122.9857,39.2516],[122.9911,39.2506],[122.9966,39.2508],[122.9986,39.2483]]],[[[122.7529,39.0084],[122.7582,39.0127],[122.7566,39.0165],[122.7575,39.018],[122.7548,39.0218],[122.7506,39.0206],[122.7457,39.0229],[122.748,39.0257],[122.7443,39.0277],[122.7456,39.0309],[122.7439,39.034],[122.7387,39.0358],[122.7361,39.0358],[122.7331,39.0332],[122.7294,39.0323],[122.7248,39.0336],[122.722,39.0366],[122.7213,39.0429],[122.7184,39.0443],[122.7199,39.0458],[122.7187,39.0482],[122.713,39.0475],[122.7105,39.0446],[122.7116,39.0434],[122.7098,39.0412],[122.7072,39.0436],[122.7013,39.0434],[122.7,39.0418],[122.7028,39.0405],[122.7043,39.0378],[122.7069,39.0378],[122.7091,39.0347],[122.7114,39.0347],[122.7148,39.0293],[122.7154,39.0266],[122.7106,39.0264],[122.714,39.0224],[122.7174,39.0201],[122.721,39.0201],[122.7222,39.0164],[122.7286,39.0136],[122.7305,39.0159],[122.7323,39.0142],[122.7372,39.0121],[122.7438,39.012],[122.7529,39.0084]]],[[[123.1735,39.0845],[123.1771,39.0864],[123.1761,39.089],[123.1785,39.0915],[123.1812,39.0919],[123.1772,39.0974],[123.1723,39.0981],[123.1686,39.1002],[123.1678,39.0976],[123.1709,39.0965],[123.1748,39.092],[123.174,39.0903],[123.1735,39.0845]]],[[[122.9982,39.2726],[123.0009,39.2697],[123.0042,39.2716],[122.9982,39.2726]]],[[[122.5719,39.2695],[122.5737,39.2652],[122.5697,39.2625],[122.5773,39.2542],[122.5808,39.2552],[122.5808,39.2587],[122.584,39.2611],[122.5868,39.2621],[122.5861,39.2642],[122.582,39.2666],[122.5847,39.2702],[122.5876,39.2706],[122.5926,39.2696],[122.5946,39.2702],[122.603,39.2701],[122.612,39.268],[122.6187,39.2647],[122.621,39.266],[122.6308,39.2645],[122.6411,39.2653],[122.6433,39.2651],[122.6538,39.2608],[122.659,39.2568],[122.6625,39.2555],[122.6666,39.2577],[122.6726,39.2642],[122.6753,39.2646],[122.6769,39.2666],[122.6834,39.268],[122.6739,39.2688],[122.6731,39.2676],[122.6677,39.2687],[122.6659,39.2727],[122.6634,39.2711],[122.6602,39.2713],[122.6511,39.2754],[122.6505,39.2768],[122.6442,39.2783],[122.6403,39.282],[122.6405,39.2844],[122.6373,39.2868],[122.6341,39.2851],[122.6265,39.2871],[122.6276,39.2843],[122.6267,39.2822],[122.6234,39.2806],[122.614,39.2788],[122.6064,39.2784],[122.6044,39.2776],[122.5925,39.2772],[122.5874,39.2778],[122.5822,39.2803],[122.5724,39.2823],[122.5693,39.284],[122.5685,39.2858],[122.5606,39.2926],[122.5585,39.2949],[122.5554,39.295],[122.551,39.2927],[122.5499,39.2909],[122.5503,39.2864],[122.5473,39.2852],[122.5444,39.2883],[122.5448,39.292],[122.5425,39.2945],[122.5427,39.2969],[122.5451,39.298],[122.54,39.3013],[122.5409,39.3036],[122.5381,39.3053],[122.5332,39.3068],[122.5328,39.3034],[122.5293,39.3012],[122.5248,39.301],[122.5251,39.2993],[122.5231,39.297],[122.5195,39.2972],[122.5174,39.3005],[122.5181,39.3021],[122.5138,39.3023],[122.5101,39.3014],[122.5107,39.2993],[122.5063,39.2986],[122.5057,39.2999],[122.5003,39.2986],[122.499,39.3],[122.4947,39.2987],[122.4948,39.2957],[122.5041,39.2894],[122.5099,39.2874],[122.5193,39.2871],[122.5222,39.2866],[122.5246,39.2849],[122.5297,39.2841],[122.5343,39.2799],[122.5415,39.2784],[122.5494,39.2739],[122.5564,39.2728],[122.5627,39.273],[122.5694,39.271],[122.5719,39.2695]]]]},"properties":{"region_code":"CN-21-2102-210224","parent_region_code":"CN-21-2102","name":"长海县","level":"county","has_children":false,"full_path":"中国 / 辽宁省 / 大连市 / 长海县","source_admin_code":"210224","osm_relation_id":2764628}},
{"type":"Feature","geometry":{"type":"Polygon","coordinates":[[[121.9067,39.4929],[121.9066,39.4798],[121.9148,39.4793],[121.9161,39.4814],[121.9189,39.4906],[121.9246,39.502],[121.932,39.5074],[121.9551,39.509],[121.9587,39.5097],[121.9626,39.5086],[121.9651,39.5098],[121.9714,39.5094],[121.9748,39.507],[121.9796,39.5063],[121.9824,39.5036],[121.9872,39.5047],[121.9927,39.5044],[121.9953,39.5056],[121.999,39.5046],[122.0041,39.506],[122.0042,39.5079],[122.0156,39.5073],[122.0195,39.5065],[122.0229,39.5079],[122.0258,39.5081],[122.0297,39.5096],[122.0333,39.5121],[122.0374,39.5119],[122.0469,39.5076],[122.0503,39.5039],[122.0614,39.5061],[122.0642,39.5061],[122.0668,39.5016],[122.0694,39.5013],[122.0728,39.5044],[122.0755,39.5044],[122.079,39.4999],[122.0812,39.5003],[122.0823,39.5035],[122.0831,39.5112],[122.0855,39.5139],[122.0908,39.5176],[122.092,39.5223],[122.0926,39.5297],[122.0977,39.5355],[122.1003,39.5435],[122.1022,39.545],[122.1081,39.5465],[122.113,39.5512],[122.1206,39.5576],[122.1238,39.5624],[122.1263,39.5631],[122.134,39.5593],[122.1367,39.5593],[122.1392,39.5608],[122.1414,39.5658],[122.1445,39.5688],[122.1473,39.5699],[122.1523,39.5693],[122.156,39.5653],[122.1589,39.5651],[122.1609,39.5683],[122.1657,39.5714],[122.1722,39.5722],[122.1812,39.5757],[122.1834,39.578],[122.1906,39.5928],[122.1826,39.5951],[122.1765,39.598],[122.1711,39.5983],[122.1679,39.6023],[122.1613,39.6043],[122.1555,39.6115],[122.1534,39.6125],[122.1488,39.6128],[122.1452,39.6158],[122.1463,39.6189],[122.1443,39.6202],[122.1434,39.6246],[122.144,39.6267],[122.1361,39.6325],[122.133,39.6368],[122.1301,39.6423],[122.1262,39.6444],[122.1236,39.6472],[122.1226,39.6548],[122.1232,39.657],[122.1288,39.6641],[122.1282,39.6696],[122.1321,39.6726],[122.1307,39.6827],[122.1272,39.6881],[122.1274,39.6913],[122.1327,39.6988],[122.1345,39.7054],[122.1377,39.7093],[122.1404,39.7115],[122.1466,39.7145],[122.1519,39.716],[122.1592,39.7175],[122.1474,39.7288],[122.1487,39.7329],[122.1483,39.7416],[122.1466,39.7424],[122.1418,39.7424],[122.1386,39.744],[122.1367,39.7466],[122.1312,39.7479],[122.1262,39.75],[122.123,39.7488],[122.1194,39.7501],[122.1169,39.7565],[122.1133,39.7574],[122.1099,39.7567],[122.0991,39.7584],[122.1009,39.7608],[122.1031,39.7601],[122.1069,39.7654],[122.1095,39.7708],[122.1126,39.7734],[122.1161,39.7773],[122.1151,39.7806],[122.1085,39.782],[122.1075,39.7868],[122.1097,39.7909],[122.115,39.7911],[122.118,39.793],[122.122,39.7927],[122.1302,39.7912],[122.1348,39.7925],[122.1348,39.7958],[122.1327,39.8002],[122.1297,39.8031],[122.131,39.8059],[122.1319,39.8106],[122.1331,39.8125],[122.1415,39.8141],[122.1471,39.8115],[122.1519,39.8133],[122.1623,39.8133],[122.1822,39.8071],[122.1903,39.8124],[122.1875,39.8169],[122.1822,39.8209],[122.1731,39.8252],[122.1715,39.8282],[122.171,39.8343],[122.1709,39.8425],[122.1726,39.8593],[122.1806,39.8661],[122.1926,39.8719],[122.2033,39.8799],[122.2118,39.8895],[122.2167,39.8908],[122.2212,39.8944],[122.2229,39.898],[122.2217,39.9019],[122.2242,39.9105],[122.2257,39.9171],[122.2303,39.9263],[122.2353,39.9281],[122.2358,39.9311],[122.2532,39.9353],[122.2587,39.9359],[122.2649,39.9411],[122.2683,39.9421],[122.2727,39.948],[122.2767,39.949],[122.2795,39.957],[122.28,39.9635],[122.2749,39.9673],[122.2716,39.9717],[122.2692,39.9733],[122.267,39.9768],[122.2649,39.9778],[122.2646,39.9827],[122.2586,39.9848],[122.2544,39.9883],[122.2547,39.991],[122.2563,39.9939],[122.2556,39.9996],[122.2571,40.0027],[122.2552,40.0047],[122.2482,40.009],[122.2446,40.0105],[122.2439,40.0159],[122.2375,40.0208],[122.2353,40.0174],[122.2308,40.0131],[122.2263,40.0114],[122.2259,40.0075],[122.2221,40.0058],[122.2177,40.0015],[122.2136,39.9988],[122.2097,39.9991],[122.2031,39.9968],[122.1957,39.9965],[122.1916,40.0026],[122.1915,40.0047],[122.1857,40.0089],[122.1839,40.0079],[122.1802,40.0085],[122.1747,40.012],[122.1755,40.0133],[122.1715,40.0211],[122.1695,40.0231],[122.1698,40.0257],[122.1639,40.0284],[122.1629,40.0296],[122.1581,40.0316],[122.1536,40.0322],[122.1523,40.0342],[122.1476,40.0349],[122.147,40.0335],[122.1422,40.0309],[122.1346,40.0294],[122.1313,40.0314],[122.1303,40.0332],[122.1265,40.0335],[122.1255,40.0359],[122.1197,40.0409],[122.1173,40.0408],[122.1123,40.0423],[122.1063,40.0409],[122.0989,40.0415],[122.0906,40.0408],[122.0894,40.0389],[122.0847,40.0374],[122.0824,40.0428],[122.08,40.0437],[122.0783,40.0513],[122.077,40.0536],[122.0735,40.0537],[122.0679,40.055],[122.0668,40.0579],[122.0675,40.0634],[122.0651,40.0651],[122.0625,40.0651],[122.0586,40.0631],[122.0527,40.063],[122.0473,40.0657],[122.0445,40.0654],[122.0381,40.0609],[122.0151,40.0569],[122.005,40.0512],[121.9989,40.0509],[121.9894,40.0511],[121.9796,40.0578],[121.9748,40.0757],[121.9752,40.0768],[121.9802,40.0802],[121.9829,40.0862],[121.982,40.0894],[121.9795,40.0935],[121.9737,40.1012],[121.9689,40.1045],[121.9677,40.1075],[121.9646,40.1098],[121.9598,40.1115],[121.9582,40.1104],[121.9551,40.1109],[121.9477,40.1134],[121.9405,40.1034],[121.931,40.0955],[121.9272,40.0954],[121.9273,40.0901],[121.9296,40.0898],[121.9308,40.0872],[121.9305,40.0835],[121.9285,40.0773],[121.9236,40.0706],[121.92,40.0671],[121.9132,40.0622],[121.9095,40.0591],[121.9044,40.0565],[121.9008,40.0612],[121.8954,40.0574],[121.887,40.05],[121.882,40.0445],[121.8774,40.043],[121.8788,40.0415],[121.8841,40.0388],[121.8796,40.0358],[121.8776,40.0382],[121.8709,40.0353],[121.87,40.0395],[121.8614,40.038],[121.8498,40.0347],[121.8404,40.033],[121.8408,40.0269],[121.8399,40.0268],[121.839,40.036],[121.8385,40.0364],[121.8226,40.0341],[121.8302,40.027],[121.8276,40.0273],[121.8245,40.0258],[121.8259,40.023],[121.8184,40.0193],[121.8154,40.0205],[121.7902,39.9998],[121.7678,39.9952],[121.7659,39.9945],[121.7625,39.9907],[121.7639,39.9864],[121.7656,39.9862],[121.7927,39.9917],[121.7951,39.9921],[121.8063,40.0012],[121.805,40.0014],[121.8146,40.009],[121.8246,40.0019],[121.8084,39.9886],[121.8078,39.9893],[121.8018,39.9843],[121.8065,39.9808],[121.8017,39.977],[121.7965,39.9801],[121.7868,39.9782],[121.792,39.9637],[121.7939,39.964],[121.8055,39.9735],[121.8104,39.9742],[121.8099,39.9705],[121.812,39.969],[121.8073,39.9654],[121.797,39.9593],[121.7919,39.9572],[121.7916,39.9559],[121.7842,39.9495],[121.7828,39.9495],[121.7802,39.9426],[121.7809,39.9414],[121.7794,39.9358],[121.7766,39.9324],[121.7716,39.9328],[121.761,39.9306],[121.7595,39.9293],[121.7584,39.9231],[121.7592,39.9157],[121.7589,39.9122],[121.7568,39.9123],[121.7564,39.9293],[121.7516,39.9289],[121.7518,39.9232],[121.74,39.9214],[121.7405,39.9128],[121.7335,39.9131],[121.7336,39.9187],[121.7238,39.9189],[121.7232,39.9219],[121.7133,39.9222],[121.7133,39.9253],[121.7146,39.9287],[121.7061,39.9304],[121.7047,39.9336],[121.7024,39.9343],[121.6948,39.9336],[121.6931,39.9324],[121.6941,39.9287],[121.6913,39.9278],[121.6913,39.9252],[121.6874,39.9249],[121.688,39.9213],[121.6863,39.92],[121.6832,39.921],[121.6802,39.9194],[121.6803,39.916],[121.6761,39.9159],[121.6729,39.9148],[121.6706,39.9155],[121.6658,39.909],[121.6632,39.9047],[121.656,39.9037],[121.658,39.9008],[121.6532,39.8994],[121.6457,39.8993],[121.6444,39.9001],[121.639,39.8985],[121.6347,39.8992],[121.6319,39.8972],[121.6341,39.8927],[121.6318,39.8896],[121.6313,39.8848],[121.6286,39.8812],[121.6205,39.8744],[121.6143,39.871],[121.6093,39.8665],[121.6052,39.8657],[121.5972,39.8654],[121.5865,39.8605],[121.5787,39.8587],[121.5676,39.8583],[121.5663,39.8572],[121.5612,39.8571],[121.5588,39.8578],[121.559,39.8602],[121.5558,39.8606],[121.5554,39.8572],[121.5505,39.86],[121.5452,39.8612],[121.5404,39.8642],[121.5365,39.865],[121.5343,39.8635],[121.536,39.8583],[121.534,39.8543],[121.5296,39.8511],[121.5303,39.8469],[121.5286,39.8449],[121.5199,39.841],[121.5166,39.8354],[121.5141,39.8334],[121.512,39.8296],[121.5089,39.8276],[121.5058,39.8288],[121.5002,39.8239],[121.4985,39.8211],[121.4957,39.814],[121.4921,39.8115],[121.4877,39.8101],[121.4837,39.8101],[121.4808,39.8116],[121.4784,39.8109],[121.4717,39.8069],[121.4731,39.8048],[121.4699,39.7959],[121.4714,39.7923],[121.4781,39.7888],[121.4827,39.7888],[121.4839,39.7822],[121.4857,39.7794],[121.4908,39.7777],[121.4906,39.7695],[121.4884,39.7633],[121.4864,39.7602],[121.4817,39.7564],[121.4752,39.7525],[121.4673,39.7493],[121.4615,39.7478],[121.4562,39.7457],[121.4555,39.7411],[121.4591,39.7395],[121.4612,39.7399],[121.4737,39.7317],[121.484,39.7217],[121.4862,39.7202],[121.489,39.7153],[121.492,39.7151],[121.4954,39.7136],[121.501,39.708],[121.5031,39.7014],[121.5036,39.6962],[121.5032,39.6924],[121.4984,39.6846],[121.5005,39.6818],[121.4972,39.6801],[121.503,39.6741],[121.5048,39.675],[121.5095,39.6691],[121.5076,39.6689],[121.4957,39.6724],[121.4914,39.6624],[121.5068,39.6586],[121.5124,39.6581],[121.5113,39.6545],[121.5163,39.6504],[121.5201,39.6456],[121.5229,39.6397],[121.5251,39.6311],[121.5289,39.6314],[121.5293,39.6296],[121.5244,39.629],[121.5253,39.6248],[121.5293,39.6176],[121.5322,39.6148],[121.5341,39.6116],[121.5339,39.6092],[121.5365,39.6039],[121.5411,39.603],[121.5447,39.6007],[121.5516,39.6009],[121.5575,39.604],[121.5611,39.608],[121.5643,39.6103],[121.567,39.6082],[121.5724,39.607],[121.5738,39.6039],[121.5754,39.6033],[121.5827,39.6031],[121.5805,39.6016],[121.5718,39.6038],[121.5691,39.6055],[121.5624,39.6057],[121.5574,39.6001],[121.5567,39.5971],[121.5358,39.5959],[121.5391,39.5816],[121.5365,39.581],[121.535,39.5906],[121.5328,39.5962],[121.533,39.599],[121.5346,39.6009],[121.5335,39.6066],[121.5264,39.6157],[121.5244,39.6189],[121.5215,39.6267],[121.5213,39.6303],[121.5171,39.635],[121.5189,39.6384],[121.5182,39.6417],[121.5162,39.6413],[121.515,39.6459],[121.51,39.6487],[121.5081,39.6506],[121.5006,39.6551],[121.5005,39.6569],[121.4944,39.6574],[121.494,39.6587],[121.4892,39.6597],[121.4848,39.6592],[121.4839,39.6567],[121.481,39.6568],[121.4811,39.6504],[121.4774,39.6502],[121.4784,39.6555],[121.4689,39.6541],[121.4621,39.6524],[121.4626,39.6501],[121.4601,39.6488],[121.4573,39.6489],[121.4554,39.652],[121.4514,39.652],[121.4469,39.6498],[121.4423,39.6462],[121.4441,39.6448],[121.4482,39.6435],[121.4514,39.6447],[121.4567,39.6433],[121.4581,39.6414],[121.4585,39.6369],[121.4569,39.6357],[121.457,39.6327],[121.4593,39.6317],[121.4575,39.6272],[121.4527,39.6222],[121.4473,39.6185],[121.4413,39.6158],[121.4319,39.6134],[121.4265,39.6133],[121.4264,39.6173],[121.4179,39.6182],[121.4162,39.6168],[121.4133,39.6095],[121.4133,39.6067],[121.4088,39.6055],[121.4039,39.6056],[121.4037,39.6042],[121.3955,39.602],[121.3889,39.601],[121.3871,39.6023],[121.3826,39.6008],[121.3763,39.6015],[121.3668,39.6011],[121.36,39.6029],[121.3554,39.603],[121.3495,39.6016],[121.3403,39.6003],[121.3359,39.6026],[121.32,39.5971],[121.3209,39.5948],[121.3159,39.5937],[121.3106,39.5962],[121.3102,39.5991],[121.3068,39.5981],[121.2998,39.6019],[121.2958,39.5993],[121.2938,39.5962],[121.2836,39.596],[121.2569,39.5851],[121.2578,39.5805],[121.2484,39.5705],[121.2298,39.5551],[121.2267,39.5444],[121.2251,39.5437],[121.2254,39.5407],[121.2268,39.54],[121.2285,39.5349],[121.2259,39.533],[121.2237,39.5301],[121.2245,39.5275],[121.2242,39.5215],[121.2233,39.518],[121.2238,39.5158],[121.2238,39.485],[121.2635,39.485],[121.2634,39.5003],[121.2721,39.5003],[121.272,39.5108],[121.2725,39.5143],[121.2796,39.513],[121.2797,39.5091],[121.2902,39.4952],[121.2804,39.4908],[121.2837,39.4863],[121.2938,39.4909],[121.2963,39.4891],[121.3032,39.4912],[121.3075,39.4936],[121.3242,39.5022],[121.3199,39.5071],[121.3299,39.5123],[121.3302,39.5134],[121.3273,39.5167],[121.3286,39.5175],[121.332,39.5135],[121.3372,39.5099],[121.3407,39.5128],[121.3503,39.5179],[121.3509,39.5217],[121.362,39.5217],[121.3628,39.5192],[121.3806,39.5192],[121.3907,39.5131],[121.3949,39.5178],[121.3959,39.5173],[121.3919,39.5128],[121.4017,39.511],[121.3998,39.5038],[121.4082,39.5019],[121.4122,39.5018],[121.4267,39.5046],[121.4304,39.5062],[121.434,39.5107],[121.4399,39.5154],[121.4451,39.5186],[121.4464,39.5207],[121.4498,39.523],[121.4629,39.5261],[121.4647,39.5296],[121.4697,39.5298],[121.4781,39.5295],[121.4779,39.5326],[121.4844,39.5409],[121.4912,39.5481],[121.4981,39.5518],[121.5015,39.5496],[121.5125,39.554],[121.5215,39.5568],[121.5248,39.559],[121.5285,39.5575],[121.5229,39.5542],[121.5203,39.5538],[121.4946,39.5386],[121.5021,39.5303],[121.4842,39.5197],[121.4827,39.5201],[121.4797,39.5239],[121.4787,39.528],[121.4745,39.5255],[121.4634,39.5215],[121.4525,39.5198],[121.4482,39.5187],[121.4466,39.5155],[121.4425,39.5147],[121.4409,39.5103],[121.4408,39.5072],[121.4168,39.499],[121.405,39.4954],[121.4042,39.4921],[121.3982,39.4911],[121.3848,39.4934],[121.3866,39.4991],[121.383,39.5009],[121.3754,39.5058],[121.3722,39.503],[121.3654,39.5033],[121.3634,39.5057],[121.356,39.5055],[121.3433,39.4974],[121.3422,39.4977],[121.3226,39.4876],[121.3184,39.4871],[121.3076,39.4803],[121.3083,39.4796],[121.2998,39.4737],[121.2702,39.4629],[121.2456,39.4536],[121.252,39.443],[121.2537,39.4423],[121.2552,39.4378],[121.2596,39.4384],[121.2646,39.4377],[121.2667,39.4341],[121.2665,39.4323],[121.2694,39.4297],[121.2718,39.4259],[121.2691,39.4243],[121.2665,39.4206],[121.2605,39.4217],[121.2573,39.4198],[121.2501,39.4235],[121.2381,39.4445],[121.2377,39.4444],[121.2494,39.4236],[121.2458,39.4204],[121.2462,39.4183],[121.2535,39.4181],[121.2575,39.4165],[121.2605,39.4089],[121.2601,39.4024],[121.255,39.3971],[121.253,39.396],[121.2492,39.3964],[121.2452,39.3914],[121.2446,39.3879],[121.2568,39.3839],[121.2623,39.3817],[121.262,39.3799],[121.2592,39.3788],[121.2601,39.376],[121.2687,39.3761],[121.271,39.3784],[121.2749,39.3786],[121.2772,39.3827],[121.2819,39.3853],[121.2866,39.3902],[121.2908,39.3925],[121.2904,39.3962],[121.2882,39.399],[121.2908,39.401],[121.2989,39.4007],[121.3062,39.3948],[121.3124,39.4021],[121.3116,39.4042],[121.3191,39.4098],[121.322,39.4084],[121.3299,39.4148],[121.3354,39.4199],[121.3265,39.424],[121.3281,39.4263],[121.3257,39.428],[121.3268,39.4295],[121.3299,39.4285],[121.3343,39.4326],[121.3331,39.4336],[121.339,39.4377],[121.3457,39.4403],[121.3492,39.4398],[121.3438,39.4358],[121.3416,39.4335],[121.3401,39.4302],[121.3436,39.4275],[121.3493,39.4321],[121.3545,39.4372],[121.3587,39.4396],[121.3587,39.4414],[121.3621,39.4455],[121.3648,39.4464],[121.3616,39.4328],[121.3538,39.4325],[121.3514,39.4295],[121.3632,39.4249],[121.3572,39.419],[121.3535,39.4209],[121.347,39.4141],[121.3401,39.4171],[121.3337,39.4097],[121.3238,39.3929],[121.3238,39.3915],[121.3176,39.3943],[121.3154,39.3922],[121.3155,39.3879],[121.3173,39.3849],[121.3165,39.3824],[121.3167,39.3789],[121.3211,39.3794],[121.325,39.3754],[121.3323,39.376],[121.3379,39.3757],[121.339,39.3777],[121.3427,39.3789],[121.3435,39.3802],[121.3518,39.3816],[121.3563,39.3793],[121.361,39.3759],[121.3651,39.3751],[121.3678,39.3735],[121.3733,39.3718],[121.3763,39.3737],[121.3795,39.3724],[121.3891,39.366],[121.3897,39.3633],[121.3965,39.3629],[121.3985,39.3619],[121.401,39.3648],[121.408,39.3655],[121.4101,39.3691],[121.4153,39.3693],[121.4188,39.3684],[121.4212,39.3692],[121.4188,39.3729],[121.4201,39.374],[121.4201,39.3771],[121.4224,39.3792],[121.4287,39.3767],[121.4308,39.3793],[121.4335,39.3785],[121.4352,39.3817],[121.4395,39.3805],[121.4534,39.3752],[121.4575,39.3863],[121.4571,39.3879],[121.4393,39.3941],[121.4354,39.3856],[121.4345,39.3858],[121.4402,39.398],[121.4403,39.3952],[121.4524,39.3908],[121.459,39.3887],[121.4589,39.399],[121.4598,39.4012],[121.4554,39.4026],[121.4519,39.4057],[121.4506,39.4041],[121.4482,39.4094],[121.4445,39.41],[121.4434,39.4119],[121.4446,39.4147],[121.4413,39.4156],[121.4414,39.4175],[121.4376,39.4198],[121.4351,39.4263],[121.4394,39.4291],[121.4432,39.4225],[121.4434,39.419],[121.4487,39.4181],[121.4541,39.4147],[121.4567,39.412],[121.4557,39.4096],[121.4568,39.4075],[121.4622,39.4056],[121.4648,39.4035],[121.4644,39.4013],[121.4676,39.3985],[121.4678,39.386],[121.466,39.3767],[121.4638,39.3756],[121.4622,39.3725],[121.4581,39.3668],[121.4561,39.3621],[121.4499,39.3633],[121.4513,39.3657],[121.4404,39.3681],[121.439,39.3659],[121.4501,39.3627],[121.4438,39.3511],[121.4425,39.3463],[121.4388,39.3417],[121.4367,39.3337],[121.4476,39.3313],[121.4721,39.3276],[121.469,39.3135],[121.4658,39.3009],[121.4846,39.2984],[121.4812,39.2837],[121.491,39.282],[121.4923,39.2906],[121.4941,39.3041],[121.4959,39.3135],[121.4965,39.3208],[121.4991,39.3205],[121.4983,39.314],[121.4969,39.3138],[121.4952,39.3034],[121.4936,39.2908],[121.4932,39.2853],[121.5022,39.2851],[121.5028,39.2959],[121.5089,39.2963],[121.5106,39.2956],[121.5114,39.3125],[121.5129,39.3224],[121.5139,39.3226],[121.5124,39.3129],[121.5119,39.2963],[121.5198,39.2969],[121.5204,39.3003],[121.5201,39.3113],[121.5206,39.3245],[121.5205,39.3303],[121.5282,39.331],[121.528,39.3324],[121.5365,39.3318],[121.544,39.3335],[121.5482,39.333],[121.5547,39.3341],[121.5542,39.3358],[121.5474,39.3461],[121.5451,39.3514],[121.5421,39.3561],[121.5427,39.3602],[121.562,39.3288],[121.5591,39.3274],[121.5559,39.3317],[121.542,39.3285],[121.5421,39.3259],[121.5438,39.3242],[121.5429,39.3191],[121.5475,39.3139],[121.5492,39.318],[121.5548,39.323],[121.5549,39.3246],[121.5628,39.3276],[121.5675,39.3315],[121.5848,39.3678],[121.5832,39.3706],[121.5858,39.3848],[121.5886,39.3873],[121.5982,39.3871],[121.6025,39.3876],[121.6039,39.3897],[121.603,39.3924],[121.5972,39.395],[121.592,39.4003],[121.5947,39.4046],[121.5993,39.4086],[121.6025,39.4121],[121.6023,39.4159],[121.5973,39.4256],[121.5924,39.4269],[121.5882,39.4256],[121.5869,39.4304],[121.5825,39.4289],[121.5779,39.4294],[121.5732,39.434],[121.5689,39.4357],[121.5663,39.4382],[121.561,39.4375],[121.5605,39.4401],[121.5669,39.4443],[121.5676,39.447],[121.5722,39.4521],[121.5895,39.4659],[121.5946,39.4712],[121.6014,39.4716],[121.6017,39.4732],[121.599,39.4764],[121.5994,39.4784],[121.6097,39.4889],[121.6156,39.4928],[121.6202,39.4939],[121.6258,39.4928],[121.6339,39.4938],[121.64,39.491],[121.6443,39.4904],[121.6462,39.4851],[121.65,39.4847],[121.6525,39.4817],[121.6569,39.4822],[121.6627,39.4818],[121.6726,39.4848],[121.6732,39.486],[121.673,39.4911],[121.6751,39.494],[121.6723,39.4972],[121.6731,39.4999],[121.677,39.5025],[121.6761,39.5041],[121.6782,39.507],[121.6829,39.508],[121.6913,39.508],[121.6953,39.5094],[121.7018,39.5153],[121.7067,39.5174],[121.7119,39.517],[121.7162,39.5186],[121.7208,39.5146],[121.7245,39.5152],[121.7271,39.5101],[121.7298,39.5099],[121.7337,39.5155],[121.7386,39.5187],[121.7372,39.5223],[121.7413,39.5256],[121.7433,39.5263],[121.744,39.5286],[121.7485,39.5358],[121.7505,39.5366],[121.7617,39.5384],[121.7659,39.5386],[121.7672,39.5362],[121.7719,39.5331],[121.7721,39.5297],[121.777,39.5278],[121.7807,39.5238],[121.784,39.5261],[121.7854,39.5254],[121.7867,39.5208],[121.7905,39.5226],[121.7926,39.5199],[121.7942,39.5197],[121.7974,39.5237],[121.8003,39.5241],[121.8031,39.5307],[121.8053,39.5344],[121.8083,39.5358],[121.8158,39.5327],[121.8178,39.5298],[121.8272,39.533],[121.8307,39.5322],[121.8294,39.5299],[121.8262,39.5313],[121.8245,39.5296],[121.8285,39.5273],[121.8338,39.5267],[121.8323,39.5238],[121.8286,39.5189],[121.8221,39.5135],[121.8227,39.511],[121.8298,39.5114],[121.8423,39.5103],[121.8443,39.5123],[121.8403,39.5144],[121.8403,39.516],[121.8469,39.5215],[121.8493,39.5211],[121.8512,39.518],[121.8507,39.5132],[121.8556,39.5102],[121.86,39.5102],[121.8648,39.5072],[121.8691,39.507],[121.8716,39.5055],[121.8762,39.5055],[121.8786,39.503],[121.8808,39.5023],[121.8841,39.4969],[121.885,39.491],[121.8879,39.49],[121.8906,39.493],[121.8942,39.4985],[121.8963,39.4996],[121.8999,39.499],[121.9006,39.5019],[121.9046,39.502],[121.9043,39.4987],[121.9064,39.4963],[121.9067,39.4929]]]},"properties":{"region_code":"CN-21-2102-210281","parent_region_code":"CN-21-2102","name":"瓦房店市","level":"county","has_children":false,"full_path":"中国 / 辽宁省 / 大连市 / 瓦房店市","source_admin_code":"210281","osm_relation_id":2764631}},
{"type":"Feature","geometry":{"type":"MultiPolygon","coordinates":[[[[123.099,39.5035],[123.1012,39.5048],[123.1055,39.5053],[123.103,39.5132],[123.1009,39.5109],[123.0974,39.5094],[123.0998,39.5073],[123.099,39.5035]]],[[[123.087,39.4643],[123.0883,39.4675],[123.087,39.4711],[123.0842,39.4716],[123.0859,39.4652],[123.087,39.4643]]],[[[123.0576,39.4943],[123.0577,39.497],[123.06,39.5014],[123.0627,39.5009],[123.0637,39.5035],[123.0629,39.5061],[123.0569,39.5065],[123.0551,39.5051],[123.0522,39.5],[123.0553,39.4949],[123.0542,39.4915],[123.0576,39.4878],[123.0622,39.4866],[123.0602,39.49],[123.0585,39.4907],[123.0576,39.4943]]],[[[123.0922,39.4587],[123.0945,39.4599],[123.0935,39.4624],[123.0901,39.4622],[123.0894,39.4604],[123.0922,39.4587]]],[[[123.0909,39.4968],[123.0906,39.4991],[123.0861,39.5016],[123.0852,39.4994],[123.0909,39.4968]]],[[[123.0906,39.4422],[123.0965,39.4391],[123.0954,39.4423],[123.0914,39.4452],[123.0859,39.4471],[123.0831,39.4489],[123.0748,39.4483],[123.0685,39.449],[123.0658,39.4504],[123.0581,39.4518],[123.0527,39.4547],[123.0495,39.4493],[123.049,39.4456],[123.051,39.4434],[123.054,39.4428],[123.0577,39.437],[123.0643,39.4317],[123.0641,39.4341],[123.0658,39.4353],[123.0706,39.4349],[123.0708,39.4326],[123.0746,39.4278],[123.0777,39.4276],[123.0805,39.4259],[123.0823,39.4283],[123.0808,39.43],[123.08,39.4369],[123.0815,39.4403],[123.0844,39.4413],[123.0906,39.4422]]],[[[123.0151,39.5138],[123.0177,39.5159],[123.0182,39.5185],[123.023,39.5232],[123.0234,39.5247],[123.029,39.5305],[123.0297,39.5328],[123.0266,39.5377],[123.0229,39.5384],[123.0208,39.5438],[123.0146,39.5445],[123.0131,39.5466],[123.0096,39.5466],[123.0043,39.5497],[123.0035,39.5517],[122.9999,39.5527],[122.997,39.5518],[122.9945,39.5488],[122.9967,39.5452],[122.9925,39.544],[122.9921,39.5494],[122.985,39.549],[122.9844,39.5503],[122.9783,39.5502],[122.9785,39.5514],[122.9736,39.5556],[122.9724,39.5596],[122.9651,39.5573],[122.9659,39.555],[122.9571,39.5495],[122.96,39.5454],[122.9574,39.544],[122.9558,39.5411],[122.952,39.5428],[122.9482,39.5346],[122.9453,39.5323],[122.9415,39.5251],[122.9435,39.5242],[122.9405,39.5216],[122.941,39.5201],[122.945,39.5187],[122.9472,39.521],[122.9517,39.5212],[122.9614,39.5192],[122.966,39.5165],[122.9646,39.5105],[122.9682,39.5094],[122.9687,39.5027],[122.967,39.5006],[122.9681,39.4988],[122.9717,39.4993],[122.9753,39.4965],[122.9802,39.4964],[122.9858,39.4988],[122.9879,39.4963],[122.9906,39.4955],[122.9951,39.4977],[122.9967,39.4997],[122.9989,39.499],[123.001,39.5002],[122.9997,39.5021],[123.0016,39.5047],[123.0062,39.5066],[123.0081,39.5086],[123.0112,39.5087],[123.0132,39.5139],[123.0151,39.5138]]],[[[122.571,39.4709],[122.5703,39.4684],[122.5705,39.4625],[122.5735,39.4627],[122.588,39.4685],[122.5903,39.4697],[122.5868,39.4747],[122.5906,39.4781],[122.5942,39.4772],[122.5968,39.4802],[122.6118,39.4831],[122.613,39.4827],[122.6219,39.485],[122.6235,39.4874],[122.622,39.4898],[122.6198,39.4898],[122.6171,39.4951],[122.6194,39.4974],[122.6259,39.5002],[122.628,39.4989],[122.6261,39.4951],[122.6274,39.4942],[122.6318,39.4938],[122.634,39.4965],[122.6359,39.5037],[122.6395,39.5071],[122.6408,39.5168],[122.6406,39.518],[122.636,39.5192],[122.6376,39.5217],[122.6412,39.519],[122.6531,39.5223],[122.6567,39.5243],[122.652,39.5289],[122.6408,39.5343],[122.643,39.5347],[122.647,39.532],[122.6484,39.5355],[122.6482,39.5381],[122.6493,39.5439],[122.6513,39.5426],[122.6492,39.5391],[122.6521,39.5331],[122.6515,39.5311],[122.6551,39.5301],[122.6571,39.5312],[122.6623,39.5273],[122.662,39.5253],[122.6669,39.5252],[122.6666,39.5223],[122.6731,39.5167],[122.6775,39.5168],[122.6788,39.515],[122.6819,39.5156],[122.6793,39.5197],[122.6805,39.523],[122.6823,39.5234],[122.6855,39.521],[122.6897,39.5229],[122.6906,39.5248],[122.6881,39.5292],[122.6953,39.5258],[122.7012,39.5298],[122.6915,39.5344],[122.6938,39.5361],[122.7041,39.531],[122.7097,39.5355],[122.7014,39.5395],[122.701,39.5425],[122.7074,39.5374],[122.7128,39.5341],[122.7193,39.5376],[122.7127,39.5469],[122.714,39.5472],[122.7218,39.536],[122.7234,39.5352],[122.7373,39.5397],[122.7379,39.5408],[122.7425,39.5424],[122.7558,39.5481],[122.7726,39.5551],[122.7828,39.5582],[122.8003,39.5643],[122.7995,39.5673],[122.7895,39.574],[122.7861,39.5743],[122.7743,39.5841],[122.771,39.5848],[122.7728,39.5868],[122.7855,39.5767],[122.7967,39.5849],[122.8014,39.5858],[122.804,39.5854],[122.8066,39.5866],[122.813,39.5732],[122.815,39.5677],[122.828,39.5721],[122.8261,39.5805],[122.8255,39.5808],[122.8214,39.5943],[122.822,39.5946],[122.8266,39.5806],[122.8287,39.5761],[122.8378,39.5779],[122.837,39.5817],[122.8318,39.5962],[122.8326,39.5959],[122.8431,39.5979],[122.8423,39.6001],[122.839,39.6029],[122.8436,39.6044],[122.8452,39.6018],[122.8488,39.6029],[122.8501,39.6009],[122.8539,39.6023],[122.8518,39.6066],[122.8571,39.6086],[122.8643,39.607],[122.8658,39.6039],[122.8822,39.6068],[122.8845,39.6083],[122.8977,39.6112],[122.9008,39.6097],[122.9027,39.6034],[122.9127,39.6055],[122.9118,39.6099],[122.9227,39.6116],[122.922,39.6155],[122.9234,39.6157],[122.9248,39.6119],[122.9336,39.6134],[122.9324,39.6198],[122.9332,39.6218],[122.9397,39.622],[122.9395,39.62],[122.935,39.6199],[122.9398,39.6045],[122.9494,39.5875],[122.9556,39.5891],[122.9504,39.5985],[122.9516,39.5989],[122.9517,39.6044],[122.9631,39.6044],[122.963,39.5987],[122.9657,39.5964],[122.9661,39.6116],[122.9659,39.6209],[122.9641,39.6251],[122.9657,39.6261],[122.9676,39.6325],[122.9713,39.6315],[122.972,39.6364],[122.9793,39.6411],[122.9877,39.6432],[122.9921,39.6425],[122.9948,39.6435],[122.9952,39.6454],[123.0002,39.6455],[123.003,39.6444],[123.0057,39.6454],[122.9934,39.6547],[122.9925,39.6573],[122.9868,39.6573],[122.9822,39.6567],[122.9811,39.6579],[122.9762,39.66],[122.9729,39.6602],[122.969,39.6626],[122.9665,39.6655],[122.9682,39.6664],[122.9727,39.6626],[122.9845,39.659],[122.9891,39.6599],[122.9926,39.6613],[122.9937,39.6652],[122.9913,39.6733],[122.9874,39.6769],[122.9899,39.6781],[122.9941,39.6742],[122.9972,39.6674],[123.0014,39.6669],[123.0039,39.6705],[123.0028,39.6762],[123.0055,39.6766],[123.0071,39.6717],[123.0057,39.6624],[123.017,39.6607],[123.0235,39.663],[123.0289,39.6497],[123.0268,39.6466],[123.0307,39.6445],[123.0321,39.6428],[123.0353,39.6445],[123.0406,39.6445],[123.0401,39.6463],[123.0349,39.6481],[123.0326,39.651],[123.0286,39.6515],[123.0251,39.6604],[123.0236,39.6631],[123.0277,39.6679],[123.0302,39.6668],[123.0301,39.6634],[123.0326,39.6633],[123.0326,39.6668],[123.0358,39.6649],[123.0379,39.6659],[123.0441,39.6669],[123.0463,39.6609],[123.0548,39.6627],[123.0556,39.6656],[123.0646,39.667],[123.0633,39.6718],[123.0652,39.6725],[123.0675,39.6675],[123.0703,39.6681],[123.0748,39.6648],[123.0773,39.6598],[123.0815,39.6596],[123.0825,39.6643],[123.0866,39.6639],[123.0932,39.6613],[123.0958,39.6622],[123.0894,39.6759],[123.0976,39.6798],[123.0978,39.6853],[123.0958,39.6887],[123.1007,39.6911],[123.0989,39.6875],[123.0998,39.6864],[123.0994,39.6771],[123.1017,39.6751],[123.1175,39.6647],[123.1226,39.6625],[123.1166,39.6572],[123.1182,39.6561],[123.1165,39.654],[123.1193,39.6515],[123.1239,39.649],[123.127,39.6464],[123.1314,39.646],[123.1336,39.6476],[123.1361,39.6472],[123.1367,39.6518],[123.1332,39.6523],[123.1334,39.6544],[123.1388,39.655],[123.1391,39.6507],[123.142,39.6492],[123.1407,39.6541],[123.1462,39.6586],[123.1435,39.66],[123.1441,39.663],[123.1477,39.6608],[123.1514,39.66],[123.1551,39.6623],[123.1584,39.6667],[123.1558,39.6724],[123.1607,39.6745],[123.1705,39.6763],[123.1721,39.6727],[123.1743,39.6739],[123.1812,39.6746],[123.1816,39.6699],[123.2024,39.67],[123.202,39.671],[123.2172,39.6746],[123.2149,39.6815],[123.2163,39.6832],[123.2126,39.6853],[123.2083,39.6853],[123.2061,39.6864],[123.2058,39.6891],[123.2069,39.6932],[123.2091,39.6964],[123.2125,39.6989],[123.2203,39.7014],[123.2217,39.6989],[123.2244,39.6981],[123.2288,39.6987],[123.2295,39.6965],[123.2325,39.6971],[123.2383,39.6955],[123.2437,39.6968],[123.2466,39.6952],[123.2452,39.6931],[123.2476,39.6894],[123.2541,39.6904],[123.2596,39.6922],[123.2569,39.7001],[123.2615,39.6968],[123.2711,39.6968],[123.275,39.6939],[123.277,39.6951],[123.2793,39.7004],[123.2766,39.7031],[123.2719,39.7027],[123.2703,39.7038],[123.2727,39.706],[123.2708,39.7095],[123.2668,39.7072],[123.2602,39.7112],[123.2629,39.7138],[123.2639,39.7171],[123.2659,39.72],[123.2605,39.7222],[123.2624,39.7234],[123.2658,39.723],[123.2697,39.7253],[123.2618,39.7313],[123.2545,39.7353],[123.2557,39.7373],[123.2646,39.7409],[123.2677,39.7378],[123.2758,39.7424],[123.2651,39.755],[123.2653,39.7553],[123.2879,39.7595],[123.291,39.7571],[123.2917,39.7551],[123.2973,39.7546],[123.2925,39.7619],[123.2968,39.7629],[123.2988,39.76],[123.3031,39.7583],[123.3053,39.7585],[123.3072,39.753],[123.3081,39.7524],[123.3361,39.7563],[123.3379,39.7564],[123.3391,39.751],[123.3609,39.7532],[123.3614,39.7661],[123.3599,39.7732],[123.3616,39.7789],[123.3649,39.7489],[123.3659,39.7481],[123.383,39.7502],[123.3854,39.7535],[123.3883,39.7604],[123.3886,39.7667],[123.3897,39.7686],[123.3938,39.7699],[123.3941,39.7813],[123.3958,39.784],[123.3995,39.782],[123.3963,39.7798],[123.3962,39.7696],[123.3937,39.7658],[123.3954,39.7624],[123.3918,39.7607],[123.3913,39.7548],[123.4003,39.7537],[123.4021,39.756],[123.4073,39.76],[123.4127,39.7618],[123.4149,39.7559],[123.4115,39.758],[123.4081,39.7591],[123.4022,39.7532],[123.4004,39.7527],[123.3939,39.7537],[123.3898,39.7532],[123.3871,39.7464],[123.3857,39.7407],[123.3845,39.7332],[123.387,39.7255],[123.3963,39.7287],[123.4087,39.7374],[123.4106,39.737],[123.4114,39.734],[123.4066,39.7308],[123.4146,39.7315],[123.4145,39.7303],[123.4216,39.7315],[123.4243,39.7337],[123.4292,39.7349],[123.4346,39.7349],[123.4357,39.7359],[123.4397,39.7352],[123.4399,39.7375],[123.4434,39.7406],[123.4444,39.7438],[123.4512,39.7484],[123.4556,39.7498],[123.459,39.7481],[123.4634,39.7482],[123.4641,39.7473],[123.4689,39.7473],[123.4676,39.7495],[123.4688,39.7514],[123.4717,39.7496],[123.4732,39.7535],[123.4695,39.753],[123.4676,39.7539],[123.4622,39.7529],[123.4586,39.7541],[123.4576,39.7577],[123.4689,39.7581],[123.4771,39.7647],[123.4759,39.7658],[123.4717,39.7662],[123.474,39.7687],[123.4765,39.7686],[123.4867,39.7582],[123.4951,39.7614],[123.494,39.7699],[123.5136,39.7703],[123.5142,39.7708],[123.5152,39.7937],[123.5132,39.7973],[123.5121,39.8071],[123.509,39.813],[123.4988,39.8188],[123.4956,39.827],[123.4958,39.8322],[123.4985,39.8423],[123.4945,39.8505],[123.486,39.8559],[123.4773,39.8585],[123.4684,39.8677],[123.4684,39.8797],[123.4716,39.8838],[123.475,39.89],[123.4826,39.8945],[123.4848,39.8966],[123.4841,39.901],[123.4825,39.9027],[123.4764,39.9067],[123.4682,39.9185],[123.4668,39.922],[123.4648,39.9234],[123.4606,39.919],[123.4587,39.9189],[123.4561,39.9166],[123.4543,39.9173],[123.4548,39.9199],[123.4585,39.9232],[123.4506,39.9277],[123.4485,39.9251],[123.445,39.9241],[123.4437,39.92],[123.4415,39.9213],[123.443,39.9239],[123.4427,39.927],[123.4377,39.9263],[123.4362,39.9231],[123.4325,39.923],[123.4259,39.9244],[123.4238,39.9276],[123.4209,39.9283],[123.4146,39.9324],[123.4106,39.9318],[123.4058,39.9334],[123.4017,39.9333],[123.399,39.9273],[123.3927,39.9255],[123.3899,39.9266],[123.3892,39.9289],[123.3932,39.9329],[123.3853,39.937],[123.3877,39.9429],[123.386,39.9451],[123.3877,39.9468],[123.3882,39.9511],[123.3874,39.9528],[123.3791,39.9533],[123.3774,39.9557],[123.3775,39.9591],[123.3758,39.9611],[123.3746,39.9647],[123.371,39.9696],[123.3776,39.9711],[123.3839,39.9746],[123.3854,39.9769],[123.3908,39.9797],[123.3958,39.9803],[123.3959,39.9869],[123.3952,39.9916],[123.402,39.9975],[123.4016,40.0008],[123.4003,40.0023],[123.4001,40.0057],[123.3939,40.0106],[123.3874,40.0121],[123.3816,40.0094],[123.3744,40.0032],[123.374,40],[123.3716,39.9988],[123.3689,40.0018],[123.363,40.0022],[123.3602,40.0004],[123.3557,40.0001],[123.3509,40.0027],[123.3501,40.0057],[123.344,40.0084],[123.3365,40.0132],[123.3285,40.0151],[123.3195,40.0161],[123.3116,40.0189],[123.3065,40.0217],[123.3028,40.0229],[123.2953,40.0173],[123.294,40.0145],[123.2939,40.0096],[123.2889,40.0107],[123.2866,40.0081],[123.283,40.0093],[123.2805,40.0092],[123.2759,40.0155],[123.274,40.0194],[123.2745,40.0219],[123.2703,40.0283],[123.2706,40.0312],[123.2664,40.033],[123.2656,40.0347],[123.2611,40.0378],[123.2558,40.0385],[123.2515,40.0378],[123.244,40.0335],[123.2402,40.0366],[123.2326,40.0402],[123.2285,40.0437],[123.2229,40.0431],[123.2192,40.0463],[123.218,40.05],[123.2108,40.0526],[123.2093,40.0553],[123.2057,40.0586],[123.197,40.0624],[123.1933,40.0653],[123.1903,40.0628],[123.1848,40.0597],[123.1694,40.0665],[123.1664,40.0688],[123.1622,40.0661],[123.1569,40.0668],[123.1436,40.0709],[123.1398,40.0701],[123.1361,40.0712],[123.1348,40.0751],[123.1306,40.0777],[123.125,40.077],[123.1213,40.0747],[123.1197,40.0697],[123.1162,40.0679],[123.116,40.0649],[123.112,40.062],[123.1063,40.0643],[123.1053,40.0668],[123.1071,40.068],[123.0988,40.0713],[123.0974,40.0732],[123.0922,40.0701],[123.0891,40.0654],[123.0841,40.062],[123.0747,40.0535],[123.0694,40.0431],[123.0681,40.0423],[123.0638,40.0476],[123.0593,40.0503],[123.0512,40.054],[123.0473,40.0539],[123.0449,40.056],[123.0358,40.0574],[123.027,40.0598],[123.0242,40.0632],[123.0237,40.0686],[123.0165,40.0721],[123.0099,40.072],[123.0039,40.0694],[123.0003,40.0701],[122.9964,40.0735],[122.9934,40.0787],[122.9893,40.0887],[122.9904,40.0902],[122.9882,40.0921],[122.9802,40.0936],[122.9773,40.0967],[122.9797,40.0999],[122.9861,40.1043],[122.9917,40.1112],[122.9879,40.113],[122.9821,40.1168],[122.9697,40.1166],[122.9643,40.1172],[122.9515,40.1212],[122.9519,40.1265],[122.9481,40.128],[122.9414,40.1352],[122.9427,40.1393],[122.943,40.143],[122.9412,40.1517],[122.9394,40.1551],[122.9397,40.161],[122.9373,40.1658],[122.9405,40.1704],[122.9349,40.173],[122.9322,40.1778],[122.9267,40.18],[122.9214,40.1796],[122.9158,40.1812],[122.9105,40.1842],[122.9008,40.1846],[122.897,40.1854],[122.8936,40.1845],[122.8905,40.1869],[122.8892,40.1902],[122.8898,40.1991],[122.8887,40.204],[122.8853,40.1986],[122.8761,40.1943],[122.8749,40.1868],[122.8694,40.1826],[122.8678,40.183],[122.8632,40.1806],[122.8646,40.1777],[122.8601,40.1743],[122.8611,40.1722],[122.8595,40.1689],[122.8572,40.1669],[122.8565,40.1644],[122.8536,40.1611],[122.8536,40.158],[122.8488,40.1534],[122.8439,40.1546],[122.8428,40.1492],[122.8439,40.1479],[122.8435,40.1449],[122.8445,40.1425],[122.8508,40.1396],[122.8531,40.1333],[122.8501,40.1324],[122.8488,40.1308],[122.8481,40.1268],[122.846,40.1234],[122.8404,40.1221],[122.8348,40.1189],[122.83,40.118],[122.8254,40.1211],[122.8192,40.1194],[122.8143,40.1149],[122.8127,40.1113],[122.8104,40.11],[122.8104,40.1054],[122.8086,40.1021],[122.8049,40.1021],[122.8001,40.1011],[122.7959,40.1015],[122.7934,40.103],[122.7923,40.1053],[122.7864,40.1073],[122.7824,40.1081],[122.7783,40.108],[122.7733,40.1107],[122.7654,40.1079],[122.7622,40.1085],[122.7586,40.1068],[122.7558,40.1033],[122.7514,40.1028],[122.7484,40.1014],[122.7432,40.0972],[122.7382,40.0951],[122.7342,40.0955],[122.7281,40.0934],[122.7262,40.0904],[122.7227,40.0873],[122.7235,40.0853],[122.7177,40.0826],[122.7149,40.0789],[122.7104,40.0776],[122.7084,40.0746],[122.7091,40.0723],[122.7085,40.0689],[122.7038,40.0661],[122.6938,40.0682],[122.6894,40.0697],[122.6815,40.0677],[122.6783,40.0679],[122.6713,40.0652],[122.6659,40.0653],[122.6634,40.0636],[122.6582,40.0638],[122.6527,40.0615],[122.6473,40.063],[122.6456,40.0647],[122.6411,40.0625],[122.6327,40.0615],[122.6286,40.0618],[122.6238,40.0607],[122.6178,40.0614],[122.6161,40.0628],[122.6126,40.0629],[122.611,40.0603],[122.6085,40.0589],[122.6024,40.0517],[122.5909,40.0518],[122.5865,40.0538],[122.5794,40.0538],[122.5784,40.053],[122.5726,40.0545],[122.5699,40.0509],[122.5645,40.0487],[122.5613,40.0503],[122.5593,40.0524],[122.5556,40.0536],[122.5557,40.0566],[122.5528,40.0578],[122.5456,40.0563],[122.5381,40.061],[122.5337,40.0607],[122.5292,40.0533],[122.5247,40.044],[122.525,40.0417],[122.5315,40.0303],[122.5365,40.0271],[122.5447,40.0243],[122.5471,40.0226],[122.5472,40.0186],[122.54,40.0119],[122.5356,40.0118],[122.5343,40.0146],[122.5311,40.0153],[122.5257,40.0147],[122.5213,40.0135],[122.5198,40.0116],[122.5187,40.008],[122.5145,40.0046],[122.515,39.9994],[122.5179,39.996],[122.522,39.9951],[122.5298,39.9922],[122.5389,39.9912],[122.5406,39.9874],[122.5389,39.9847],[122.539,39.9786],[122.5347,39.9699],[122.5374,39.9686],[122.5409,39.9692],[122.5478,39.9729],[122.5504,39.9729],[122.5528,39.9687],[122.5458,39.9567],[122.5443,39.9516],[122.5472,39.9487],[122.551,39.9468],[122.5543,39.9425],[122.5536,39.9393],[122.5522,39.9376],[122.5446,39.9371],[122.5402,39.9374],[122.5305,39.9403],[122.5235,39.9398],[122.5114,39.9331],[122.5052,39.927],[122.5066,39.9243],[122.5102,39.9198],[122.5142,39.9151],[122.512,39.9108],[122.507,39.9059],[122.5045,39.9014],[122.5038,39.8956],[122.5043,39.893],[122.509,39.8917],[122.5145,39.8961],[122.5195,39.8971],[122.5227,39.8957],[122.5242,39.8929],[122.5239,39.889],[122.501,39.8671],[122.5009,39.862],[122.5119,39.8485],[122.514,39.8426],[122.5118,39.8377],[122.5009,39.8324],[122.4939,39.8264],[122.4934,39.8211],[122.4951,39.8162],[122.5,39.8146],[122.5026,39.8121],[122.5027,39.8105],[122.4999,39.808],[122.4984,39.8045],[122.4982,39.8008],[122.4945,39.798],[122.4928,39.7951],[122.4922,39.7908],[122.4899,39.7882],[122.4876,39.7816],[122.4876,39.7752],[122.4881,39.7709],[122.4913,39.7644],[122.4893,39.7588],[122.4916,39.7505],[122.4992,39.7488],[122.5019,39.7454],[122.5035,39.7417],[122.5072,39.7396],[122.5129,39.739],[122.5166,39.7374],[122.5199,39.7349],[122.5288,39.7334],[122.5324,39.7312],[122.5389,39.7312],[122.544,39.732],[122.5476,39.7313],[122.5541,39.7249],[122.5552,39.7218],[122.5542,39.7179],[122.5553,39.7125],[122.5578,39.7074],[122.5623,39.7033],[122.5671,39.7021],[122.573,39.6964],[122.5743,39.6928],[122.5791,39.6829],[122.585,39.6772],[122.5891,39.6693],[122.5909,39.6643],[122.5913,39.6604],[122.589,39.6516],[122.5856,39.6485],[122.5856,39.6454],[122.5905,39.6395],[122.5998,39.6328],[122.6051,39.6271],[122.6054,39.6243],[122.6032,39.6227],[122.5964,39.6223],[122.5892,39.6214],[122.5799,39.6211],[122.5759,39.6191],[122.5629,39.6066],[122.5587,39.5968],[122.5596,39.5946],[122.5742,39.5899],[122.5785,39.5863],[122.5794,39.584],[122.5756,39.5795],[122.5546,39.5745],[122.5497,39.5719],[122.5408,39.5632],[122.5389,39.5565],[122.537,39.5537],[122.5229,39.5424],[122.5166,39.5364],[122.5125,39.5332],[122.5131,39.5299],[122.5117,39.5264],[122.5068,39.5234],[122.5023,39.5214],[122.5,39.5186],[122.4989,39.5155],[122.5015,39.5103],[122.5052,39.5092],[122.5068,39.5072],[122.5063,39.5042],[122.5081,39.5011],[122.5173,39.4993],[122.5396,39.4988],[122.5446,39.4961],[122.5493,39.4925],[122.5515,39.4849],[122.5541,39.4831],[122.563,39.4827],[122.5697,39.4813],[122.5725,39.4783],[122.5727,39.4735],[122.571,39.4709]]]]},"properties":{"region_code":"CN-21-2102-210283","parent_region_code":"CN-21-2102","name":"庄河市","level":"county","has_children":false,"full_path":"中国 / 辽宁省 / 大连市 / 庄河市","source_admin_code":"210283","osm_relation_id":2764632}}
]}