{"type":"FeatureCollection", "features": [
{"type":"Feature","geometry":{"type":"Polygon","coordinates":[[[123.7918,41.9899],[123.7726,41.9894],[123.7668,41.992],[123.764,41.9991],[123.7564,42.0011],[123.7594,42.0077],[123.7577,42.0156],[123.7676,42.0215],[123.7735,42.0212],[123.7891,42.0101],[123.8009,42.0157],[123.8077,42.0272],[123.8019,42.0379],[123.808,42.0408],[123.8085,42.0476],[123.8026,42.0482],[123.7973,42.0574],[123.7897,42.0576],[123.7842,42.0503],[123.7862,42.048],[123.7829,42.0418],[123.7744,42.0384],[123.7614,42.0453],[123.7452,42.0511],[123.7491,42.0552],[123.7401,42.0631],[123.7293,42.0629],[123.7271,42.0688],[123.7216,42.0739],[123.7107,42.0785],[123.7071,42.0819],[123.6996,42.0835],[123.6991,42.0891],[123.692,42.09],[123.6874,42.0938],[123.6697,42.0957],[123.6645,42.0927],[123.6483,42.0925],[123.6407,42.0989],[123.6318,42.1008],[123.6262,42.0988],[123.6228,42.1064],[123.6144,42.114],[123.6029,42.1173],[123.5843,42.1272],[123.576,42.1288],[123.5501,42.1428],[123.5459,42.1408],[123.536,42.1451],[123.5345,42.1488],[123.5362,42.1801],[123.5273,42.1792],[123.5203,42.1862],[123.5124,42.1893],[123.4984,42.1906],[123.4811,42.1782],[123.4672,42.1802],[123.4629,42.1857],[123.4571,42.1878],[123.4587,42.1914],[123.4519,42.1936],[123.4523,42.1979],[123.4436,42.2027],[123.4454,42.2087],[123.4533,42.2183],[123.4571,42.218],[123.4592,42.2277],[123.4702,42.2309],[123.4624,42.2468],[123.4677,42.2595],[123.475,42.2625],[123.4761,42.2715],[123.4824,42.2745],[123.4928,42.2741],[123.5042,42.2907],[123.5097,42.2965],[123.522,42.3196],[123.5224,42.3374],[123.5168,42.3375],[123.5153,42.3429],[123.5037,42.3521],[123.4999,42.3516],[123.4943,42.3586],[123.4818,42.3608],[123.4761,42.3694],[123.4648,42.3743],[123.4595,42.3789],[123.4642,42.3848],[123.4689,42.3949],[123.4658,42.3953],[123.4688,42.4048],[123.4752,42.406],[123.4727,42.4124],[123.4618,42.4183],[123.4563,42.4289],[123.4489,42.4305],[123.4503,42.4421],[123.4561,42.4438],[123.4672,42.4535],[123.466,42.4575],[123.4731,42.4627],[123.4846,42.4608],[123.5036,42.4669],[123.5078,42.4764],[123.5164,42.4855],[123.5242,42.4848],[123.5286,42.4799],[123.536,42.4886],[123.544,42.4889],[123.5523,42.4977],[123.5635,42.5007],[123.5663,42.5041],[123.5773,42.5006],[123.5799,42.5087],[123.6035,42.5073],[123.6109,42.5229],[123.6064,42.5245],[123.6084,42.5312],[123.6163,42.5322],[123.6195,42.5357],[123.6177,42.5418],[123.638,42.5507],[123.6473,42.5482],[123.6579,42.5496],[123.6604,42.542],[123.6578,42.5331],[123.663,42.5281],[123.6569,42.5209],[123.6649,42.5166],[123.6735,42.5147],[123.678,42.5079],[123.6907,42.5198],[123.6957,42.526],[123.7083,42.5346],[123.7117,42.5324],[123.7232,42.5361],[123.7303,42.5403],[123.7468,42.5411],[123.7541,42.5494],[123.7525,42.5519],[123.7396,42.5574],[123.7345,42.5565],[123.7316,42.5511],[123.7269,42.5493],[123.7202,42.5521],[123.7239,42.5566],[123.7213,42.5649],[123.7093,42.5639],[123.7055,42.5656],[123.7072,42.5732],[123.7021,42.577],[123.6943,42.5751],[123.6881,42.578],[123.6847,42.5858],[123.686,42.5907],[123.6929,42.5907],[123.6966,42.5947],[123.6887,42.6005],[123.6697,42.5996],[123.6631,42.6021],[123.6576,42.6113],[123.6472,42.6165],[123.6558,42.619],[123.66,42.6238],[123.6572,42.6266],[123.6313,42.6375],[123.6177,42.6457],[123.6132,42.651],[123.6198,42.6624],[123.6195,42.6736],[123.6061,42.6779],[123.5984,42.6735],[123.5963,42.6662],[123.588,42.6617],[123.5843,42.663],[123.5786,42.6724],[123.5714,42.6749],[123.5745,42.6782],[123.5815,42.6752],[123.5834,42.6807],[123.5748,42.6873],[123.5647,42.6896],[123.5641,42.6943],[123.5704,42.6944],[123.5768,42.7005],[123.5736,42.7066],[123.5684,42.7074],[123.5634,42.715],[123.5534,42.7233],[123.5577,42.7294],[123.5668,42.7385],[123.5715,42.7491],[123.5777,42.7487],[123.5812,42.7524],[123.5809,42.7579],[123.5755,42.7604],[123.572,42.7688],[123.5814,42.7728],[123.5931,42.7691],[123.6,42.7725],[123.596,42.7818],[123.5878,42.7873],[123.5957,42.7944],[123.5915,42.7989],[123.5886,42.8074],[123.5891,42.813],[123.5867,42.8214],[123.5984,42.826],[123.5992,42.8298],[123.5913,42.8342],[123.5871,42.841],[123.5878,42.8444],[123.5803,42.8471],[123.5808,42.8506],[123.597,42.8627],[123.597,42.8673],[123.5861,42.8695],[123.578,42.8738],[123.5783,42.8799],[123.5827,42.885],[123.5941,42.89],[123.5932,42.894],[123.5968,42.9011],[123.5831,42.9056],[123.5787,42.9095],[123.5836,42.9187],[123.5951,42.9209],[123.5986,42.9264],[123.589,42.9353],[123.5797,42.9405],[123.5779,42.9467],[123.5653,42.9476],[123.5549,42.953],[123.5454,42.9645],[123.5408,42.9754],[123.5467,42.9825],[123.5378,42.9833],[123.5347,42.9857],[123.5375,42.9934],[123.5437,43.0011],[123.5257,43.0023],[123.5218,43.0068],[123.5203,43.0147],[123.5077,43.021],[123.4869,43.0234],[123.4824,43.031],[123.4744,43.0368],[123.466,43.0403],[123.457,43.0364],[123.4429,43.0359],[123.4324,43.0271],[123.4279,43.0251],[123.4168,43.0273],[123.4054,43.0261],[123.4011,43.0205],[123.3961,43.0178],[123.3767,43.0143],[123.3771,43.0121],[123.3456,43.005],[123.3261,43.003],[123.3171,42.9983],[123.2692,42.9953],[123.2535,42.9914],[123.2371,42.9779],[123.234,42.9771],[123.2266,42.9654],[123.2239,42.9589],[123.2136,42.9512],[123.1997,42.9492],[123.1921,42.938],[123.1855,42.9334],[123.178,42.9235],[123.182,42.9018],[123.1813,42.8842],[123.1763,42.8806],[123.1643,42.8572],[123.1647,42.8497],[123.1778,42.8432],[123.1826,42.8463],[123.2053,42.8364],[123.2128,42.8344],[123.222,42.8297],[123.2156,42.8235],[123.2105,42.8253],[123.1915,42.822],[123.1834,42.8233],[123.1729,42.8208],[123.1744,42.817],[123.1614,42.8086],[123.1458,42.806],[123.125,42.8],[123.1103,42.7985],[123.1011,42.7917],[123.0978,42.7932],[123.0888,42.7868],[123.0813,42.7842],[123.0772,42.7865],[123.0583,42.7711],[123.0527,42.7709],[123.0489,42.7661],[123.0422,42.7691],[123.0258,42.7656],[123.0064,42.7726],[122.9897,42.773],[122.9829,42.7771],[122.9743,42.7754],[122.9639,42.7654],[122.9687,42.7613],[122.9583,42.7552],[122.9478,42.7519],[122.94,42.7521],[122.9245,42.7702],[122.8809,42.768],[122.8734,42.7574],[122.8737,42.7459],[122.87,42.7373],[122.8554,42.7249],[122.8453,42.7124],[122.851,42.7096],[122.849,42.7053],[122.8409,42.7064],[122.8441,42.7108],[122.8386,42.716],[122.8344,42.7163],[122.8313,42.7146],[122.8086,42.717],[122.7952,42.7239],[122.7878,42.7204],[122.7839,42.716],[122.7781,42.7161],[122.7742,42.7098],[122.7653,42.7078],[122.7502,42.7003],[122.7451,42.6961],[122.7451,42.6896],[122.7419,42.6868],[122.7508,42.6778],[122.7641,42.676],[122.7741,42.6713],[122.7738,42.6681],[122.7857,42.6606],[122.7893,42.648],[122.8055,42.6497],[122.8137,42.6482],[122.8193,42.6501],[122.8323,42.6491],[122.8371,42.6313],[122.8573,42.6194],[122.8629,42.6114],[122.8687,42.6068],[122.8805,42.6096],[122.8869,42.6066],[122.8972,42.6113],[122.9054,42.6069],[122.9211,42.6027],[122.924,42.5994],[122.9166,42.5951],[122.9256,42.5853],[122.9411,42.5784],[122.9578,42.5725],[122.9641,42.5688],[122.962,42.5598],[122.9504,42.5463],[122.9435,42.5431],[122.9368,42.5455],[122.9164,42.5335],[122.9105,42.526],[122.9128,42.5202],[122.9066,42.5179],[122.9034,42.5087],[122.9046,42.5024],[122.8954,42.4973],[122.8832,42.4994],[122.8767,42.5019],[122.8661,42.502],[122.838,42.4979],[122.8289,42.4959],[122.8178,42.4906],[122.821,42.488],[122.8131,42.4793],[122.8133,42.4737],[122.8178,42.4681],[122.8158,42.4648],[122.8196,42.459],[122.8165,42.4559],[122.8201,42.4508],[122.8218,42.4437],[122.8212,42.4367],[122.823,42.4286],[122.8158,42.4223],[122.8123,42.4146],[122.8163,42.4125],[122.827,42.4152],[122.8279,42.4113],[122.8228,42.4082],[122.8267,42.4012],[122.8408,42.3975],[122.8456,42.4032],[122.8535,42.4019],[122.8607,42.3969],[122.8602,42.3936],[122.8683,42.3873],[122.877,42.3863],[122.8699,42.3728],[122.8746,42.372],[122.8747,42.3618],[122.8719,42.3446],[122.853,42.344],[122.8447,42.3363],[122.8215,42.3241],[122.8035,42.3123],[122.7764,42.2967],[122.764,42.2948],[122.757,42.2911],[122.7432,42.2862],[122.7367,42.2863],[122.7285,42.282],[122.7291,42.2786],[122.7232,42.2746],[122.7225,42.2695],[122.7166,42.2704],[122.6983,42.259],[122.6864,42.2478],[122.6757,42.2425],[122.6464,42.2307],[122.6398,42.2357],[122.6313,42.2351],[122.6317,42.2298],[122.627,42.2291],[122.6199,42.2327],[122.6138,42.2291],[122.6046,42.2279],[122.6059,42.2159],[122.6092,42.2107],[122.5682,42.194],[122.5593,42.1896],[122.5468,42.186],[122.5148,42.1725],[122.4955,42.1622],[122.4946,42.1607],[122.4754,42.1525],[122.4664,42.1474],[122.4538,42.1423],[122.4418,42.1447],[122.4392,42.1479],[122.4307,42.1462],[122.427,42.1367],[122.4177,42.1384],[122.4173,42.1334],[122.4203,42.1267],[122.4252,42.1224],[122.4337,42.1217],[122.4333,42.1143],[122.4419,42.113],[122.4422,42.1081],[122.4297,42.1021],[122.4227,42.0899],[122.4353,42.0921],[122.4423,42.0919],[122.4446,42.0859],[122.4316,42.0828],[122.4284,42.0757],[122.4366,42.0711],[122.4482,42.0703],[122.4425,42.0623],[122.4437,42.0576],[122.4545,42.0516],[122.4534,42.0422],[122.4568,42.0393],[122.4679,42.0394],[122.4724,42.0362],[122.4636,42.0281],[122.4764,42.0225],[122.4813,42.0138],[122.4889,42.0049],[122.4929,41.9927],[122.4872,41.9847],[122.4918,41.9737],[122.4969,41.9673],[122.4942,41.96],[122.499,41.9509],[122.4971,41.9424],[122.5046,41.9337],[122.5129,41.9338],[122.5104,41.9263],[122.515,41.9133],[122.5122,41.9089],[122.5179,41.904],[122.5135,41.8978],[122.5059,41.9021],[122.4883,41.9018],[122.4685,41.9039],[122.4509,41.9024],[122.4379,41.8988],[122.4364,41.894],[122.4383,41.8883],[122.4458,41.8824],[122.4539,41.8797],[122.4513,41.8754],[122.4541,41.8682],[122.4522,41.8588],[122.4543,41.8409],[122.465,41.8353],[122.4809,41.8306],[122.4947,41.8247],[122.503,41.816],[122.5132,41.8143],[122.5121,41.81],[122.5246,41.8064],[122.5247,41.8014],[122.5349,41.799],[122.5396,41.7899],[122.5471,41.7855],[122.549,41.7901],[122.5558,41.7876],[122.5556,41.7805],[122.5524,41.7725],[122.5576,41.7689],[122.5664,41.7705],[122.5696,41.769],[122.5913,41.7705],[122.5964,41.7637],[122.5829,41.7564],[122.5727,41.7529],[122.5658,41.7379],[122.5658,41.7339],[122.5703,41.7294],[122.5671,41.7264],[122.5696,41.7147],[122.5614,41.7089],[122.5508,41.706],[122.5443,41.697],[122.5428,41.6862],[122.5455,41.6768],[122.5328,41.669],[122.5281,41.6681],[122.521,41.6742],[122.5122,41.6748],[122.5101,41.6561],[122.5212,41.6529],[122.52,41.6492],[122.5132,41.646],[122.5143,41.6405],[122.5083,41.6288],[122.5052,41.6254],[122.4963,41.6245],[122.4915,41.6137],[122.4878,41.6137],[122.4817,41.6036],[122.4841,41.6005],[122.4799,41.5928],[122.4862,41.5851],[122.4748,41.5772],[122.4748,41.5716],[122.4826,41.5669],[122.4818,41.5639],[122.4949,41.56],[122.4922,41.5516],[122.4877,41.5504],[122.4906,41.5412],[122.5013,41.5352],[122.5156,41.5404],[122.5492,41.5488],[122.561,41.5458],[122.5674,41.538],[122.5779,41.5332],[122.5901,41.5324],[122.5938,41.5282],[122.5941,41.5126],[122.5993,41.5108],[122.6216,41.5187],[122.6316,41.4991],[122.6188,41.4887],[122.6213,41.4849],[122.6325,41.4806],[122.6292,41.4728],[122.6199,41.4697],[122.6205,41.466],[122.627,41.4529],[122.6268,41.4477],[122.6302,41.4447],[122.6299,41.4343],[122.622,41.4331],[122.6238,41.4275],[122.637,41.4313],[122.6416,41.4296],[122.6423,41.4227],[122.639,41.4172],[122.629,41.4161],[122.6268,41.4135],[122.6287,41.404],[122.6442,41.3948],[122.6393,41.3836],[122.6409,41.3795],[122.6356,41.36],[122.642,41.3551],[122.6521,41.3568],[122.6536,41.3518],[122.6491,41.3474],[122.6252,41.328],[122.6165,41.3164],[122.6092,41.3142],[122.6001,41.3167],[122.5964,41.3152],[122.604,41.3053],[122.6022,41.3014],[122.59,41.302],[122.5852,41.3004],[122.5831,41.2951],[122.5898,41.2918],[122.5714,41.2781],[122.5645,41.2666],[122.5581,41.2596],[122.549,41.2529],[122.5473,41.2477],[122.5549,41.2423],[122.5735,41.2427],[122.5842,41.2452],[122.5911,41.2432],[122.596,41.2371],[122.603,41.2242],[122.6095,41.2234],[122.6075,41.2186],[122.61,41.2059],[122.6179,41.1977],[122.6267,41.2004],[122.6344,41.2099],[122.6466,41.208],[122.6526,41.2098],[122.6627,41.2184],[122.6627,41.2429],[122.6709,41.2512],[122.6724,41.2594],[122.683,41.2634],[122.6891,41.2681],[122.6935,41.277],[122.699,41.2783],[122.7001,41.2854],[122.6932,41.2958],[122.7012,41.3007],[122.7048,41.3067],[122.7151,41.3081],[122.7195,41.3129],[122.7134,41.3167],[122.7122,41.3207],[122.7279,41.3213],[122.7297,41.3267],[122.7404,41.3273],[122.7435,41.3374],[122.743,41.3479],[122.7496,41.3517],[122.7521,41.3577],[122.7596,41.3656],[122.7657,41.3665],[122.7655,41.3604],[122.7827,41.3645],[122.7909,41.3635],[122.7967,41.3699],[122.8074,41.3701],[122.8176,41.3733],[122.8364,41.3762],[122.8393,41.383],[122.8443,41.387],[122.847,41.3957],[122.8465,41.4161],[122.8562,41.4221],[122.8645,41.4122],[122.8719,41.4144],[122.8766,41.4203],[122.881,41.4161],[122.8873,41.4188],[122.8931,41.4155],[122.9118,41.4188],[122.9221,41.4226],[122.9211,41.4263],[122.9073,41.4312],[122.9192,41.4411],[122.9172,41.4455],[122.9117,41.4485],[122.9143,41.4532],[122.9287,41.446],[122.9352,41.4543],[122.93,41.4563],[122.9325,41.4653],[122.9282,41.4673],[122.929,41.4769],[122.9546,41.4662],[122.9547,41.4747],[122.9621,41.4744],[122.9706,41.4768],[122.9699,41.4864],[122.9766,41.4943],[122.9658,41.4974],[122.9636,41.4907],[122.9528,41.4941],[122.9542,41.499],[122.9639,41.5077],[122.9808,41.5088],[122.9954,41.5123],[123.0047,41.5031],[123.0149,41.5052],[123.0248,41.5149],[123.0267,41.5225],[123.0296,41.5239],[123.0348,41.5412],[123.0386,41.5455],[123.0513,41.5511],[123.0662,41.5531],[123.076,41.5598],[123.0788,41.5666],[123.0784,41.5794],[123.0834,41.5886],[123.0887,41.5904],[123.094,41.5988],[123.1034,41.6046],[123.1011,41.6118],[123.1069,41.6152],[123.1156,41.6094],[123.1198,41.6116],[123.1284,41.606],[123.1216,41.5968],[123.1189,41.589],[123.1082,41.5829],[123.1098,41.5759],[123.1083,41.5664],[123.1097,41.5563],[123.1247,41.5521],[123.1219,41.5438],[123.1285,41.5374],[123.1285,41.5338],[123.1365,41.533],[123.1373,41.5364],[123.1509,41.5345],[123.16,41.5446],[123.1762,41.5471],[123.1823,41.5428],[123.1876,41.5471],[123.1818,41.5534],[123.1897,41.557],[123.1961,41.5623],[123.2137,41.5631],[123.214,41.5569],[123.2217,41.5565],[123.2296,41.5448],[123.2302,41.5381],[123.2399,41.5383],[123.2472,41.5359],[123.2492,41.5388],[123.2572,41.5366],[123.2739,41.5358],[123.2814,41.5236],[123.2898,41.5228],[123.294,41.5204],[123.3027,41.5195],[123.3165,41.5091],[123.3235,41.5062],[123.3386,41.511],[123.3467,41.5084],[123.3547,41.511],[123.3608,41.5054],[123.3756,41.5038],[123.3777,41.4981],[123.3834,41.4932],[123.3915,41.4928],[123.4015,41.4983],[123.4069,41.4959],[123.411,41.4851],[123.424,41.479],[123.4214,41.4755],[123.4228,41.4698],[123.4275,41.4706],[123.4477,41.4676],[123.4542,41.4692],[123.4564,41.4623],[123.4628,41.4608],[123.4718,41.4616],[123.4837,41.4767],[123.5069,41.4809],[123.5102,41.4779],[123.5217,41.4899],[123.5269,41.4887],[123.5404,41.479],[123.5551,41.4848],[123.5749,41.4965],[123.5858,41.4918],[123.5928,41.4939],[123.604,41.5036],[123.6106,41.5067],[123.6102,41.5113],[123.6148,41.5155],[123.6198,41.5146],[123.6274,41.5219],[123.6407,41.5165],[123.6586,41.5251],[123.672,41.5266],[123.6715,41.5217],[123.6782,41.5175],[123.6885,41.5243],[123.697,41.5186],[123.698,41.5131],[123.7135,41.5081],[123.7216,41.515],[123.7308,41.5146],[123.7388,41.5175],[123.7417,41.5249],[123.7341,41.538],[123.7229,41.5453],[123.7284,41.5505],[123.7195,41.5543],[123.7158,41.5666],[123.7221,41.5699],[123.7279,41.5695],[123.7315,41.5729],[123.744,41.5788],[123.7509,41.5772],[123.7536,41.5822],[123.7664,41.5865],[123.7709,41.5853],[123.7803,41.5937],[123.7848,41.5955],[123.7759,41.6043],[123.7639,41.6064],[123.7613,41.6164],[123.7534,41.6171],[123.7499,41.6295],[123.7445,41.6332],[123.7472,41.6406],[123.7597,41.6439],[123.7594,41.6506],[123.7645,41.6548],[123.7716,41.6529],[123.7899,41.6755],[123.7848,41.6777],[123.7848,41.6839],[123.7912,41.6904],[123.7957,41.6891],[123.8027,41.6942],[123.8013,41.7014],[123.8069,41.707],[123.8027,41.7135],[123.7957,41.7167],[123.7948,41.7223],[123.7893,41.7328],[123.7801,41.7411],[123.7799,41.748],[123.7754,41.7499],[123.7835,41.7618],[123.7827,41.7669],[123.7715,41.7667],[123.7676,41.7717],[123.7748,41.7752],[123.774,41.7797],[123.7811,41.7816],[123.7754,41.7933],[123.7706,41.7928],[123.7605,41.7969],[123.7492,41.7918],[123.7555,41.7864],[123.7561,41.78],[123.7459,41.7792],[123.7385,41.7834],[123.7331,41.7791],[123.7207,41.7746],[123.7121,41.7733],[123.7093,41.7754],[123.695,41.7772],[123.6882,41.7759],[123.6862,41.7807],[123.6786,41.7829],[123.6738,41.7817],[123.6634,41.7827],[123.6608,41.7877],[123.6616,41.7996],[123.6705,41.8017],[123.677,41.8086],[123.6778,41.8154],[123.6752,41.8229],[123.6694,41.8252],[123.6683,41.8298],[123.671,41.8347],[123.6938,41.8401],[123.715,41.8483],[123.7296,41.8591],[123.7344,41.8609],[123.7339,41.8771],[123.7271,41.8788],[123.7146,41.8845],[123.7098,41.89],[123.7143,41.8943],[123.7231,41.8952],[123.7228,41.9042],[123.7278,41.9089],[123.7283,41.9145],[123.7365,41.9181],[123.7253,41.9211],[123.7278,41.929],[123.7168,41.9442],[123.7265,41.953],[123.7207,41.9573],[123.7264,41.9645],[123.7335,41.9642],[123.7439,41.9691],[123.7459,41.9678],[123.7613,41.97],[123.7665,41.9668],[123.7784,41.9772],[123.7794,41.9839],[123.7918,41.9899]],[[123.0539,41.9211],[123.0423,41.9314],[123.044,41.9365],[123.0628,41.9343],[123.055,41.9257],[123.0539,41.9211]],[[122.9098,41.5205],[122.9015,41.5127],[122.8932,41.5172],[122.9028,41.5252],[122.9098,41.5205]]]},"properties":{"region_code":"CN-21-2101","parent_region_code":"CN-21","name":"沈阳市","level":"prefecture","has_children":true,"full_path":"中国 / 辽宁省 / 沈阳市","source_admin_code":"2101","osm_relation_id":2769604}},
{"type":"Feature","geometry":{"type":"MultiPolygon","coordinates":[[[[121.1573,39.0837],[121.1646,39.089],[121.1652,39.0948],[121.1536,39.0899],[121.1573,39.0837]]],[[[120.9842,38.9517],[120.9778,38.9552],[120.972,38.9538],[120.9757,38.9493],[120.9831,38.9462],[120.9842,38.9517]]],[[[122.2891,39.2698],[122.2923,39.2751],[122.2816,39.2769],[122.2805,39.2735],[122.2891,39.2698]]],[[[122.4189,39.1712],[122.4066,39.1804],[122.4065,39.1755],[122.4189,39.1712]]],[[[122.3318,39.1452],[122.3399,39.1439],[122.3455,39.1493],[122.3579,39.1533],[122.3607,39.1614],[122.3607,39.1737],[122.3704,39.175],[122.375,39.1729],[122.3783,39.167],[122.3845,39.1621],[122.394,39.1621],[122.3938,39.1671],[122.3895,39.169],[122.3893,39.1745],[122.3853,39.1826],[122.3781,39.1897],[122.3795,39.2015],[122.3877,39.2121],[122.3926,39.2098],[122.4029,39.2145],[122.394,39.2158],[122.3877,39.2125],[122.3745,39.2092],[122.3752,39.206],[122.3687,39.2032],[122.3577,39.2014],[122.3448,39.2032],[122.3385,39.202],[122.3438,39.1949],[122.3362,39.192],[122.3321,39.185],[122.327,39.1837],[122.3114,39.1835],[122.3173,39.1758],[122.3133,39.1696],[122.3151,39.1594],[122.3224,39.1577],[122.3318,39.1452]]],[[[122.4255,39.2195],[122.4267,39.2232],[122.4428,39.2279],[122.4367,39.2341],[122.4306,39.2356],[122.4213,39.231],[122.4255,39.2195]]],[[[122.4397,39.2533],[122.4469,39.2568],[122.4446,39.2623],[122.434,39.2631],[122.4316,39.2669],[122.424,39.2658],[122.4397,39.2533]]],[[[122.5143,39.2241],[122.5233,39.2227],[122.534,39.2246],[122.5423,39.2283],[122.5404,39.2356],[122.5336,39.2333],[122.5212,39.2324],[122.5125,39.2352],[122.4909,39.2355],[122.4892,39.2294],[122.5075,39.2222],[122.5143,39.2241]]],[[[122.5927,39.2057],[122.6072,39.2155],[122.6002,39.2184],[122.592,39.2176],[122.591,39.2114],[122.5927,39.2057]]],[[[122.587,39.2641],[122.5847,39.2702],[122.603,39.2701],[122.6308,39.2645],[122.6433,39.2651],[122.6538,39.2608],[122.6625,39.2555],[122.6726,39.2642],[122.6659,39.2727],[122.6602,39.2713],[122.6442,39.2783],[122.6373,39.2868],[122.6341,39.2851],[122.6265,39.2871],[122.6234,39.2806],[122.6044,39.2776],[122.5874,39.2778],[122.5724,39.2823],[122.5585,39.2949],[122.551,39.2927],[122.5503,39.2864],[122.5444,39.2883],[122.5425,39.2945],[122.5451,39.298],[122.5409,39.3036],[122.5328,39.3034],[122.5248,39.301],[122.5195,39.2972],[122.5138,39.3023],[122.5003,39.2986],[122.4948,39.2957],[122.5041,39.2894],[122.5099,39.2874],[122.5193,39.2871],[122.5297,39.2841],[122.5343,39.2799],[122.5415,39.2784],[122.5494,39.2739],[122.5627,39.273],[122.5694,39.271],[122.5737,39.2652],[122.5697,39.2625],[122.5773,39.2542],[122.587,39.2641]]],[[[122.719,39.2136],[122.724,39.2181],[122.7206,39.223],[122.7387,39.2263],[122.7488,39.2323],[122.7393,39.2335],[122.7347,39.2369],[122.7358,39.2467],[122.7287,39.244],[122.7218,39.2446],[122.7202,39.2407],[122.7099,39.2437],[122.6931,39.2444],[122.6898,39.2414],[122.6785,39.2413],[122.6723,39.2392],[122.6661,39.2405],[122.6544,39.2397],[122.6498,39.2417],[122.6373,39.2391],[122.6239,39.234],[122.6304,39.2261],[122.638,39.2248],[122.6482,39.2314],[122.6555,39.2331],[122.6581,39.2299],[122.6641,39.2344],[122.6727,39.2314],[122.6835,39.2341],[122.7001,39.2314],[122.7032,39.2273],[122.6994,39.2245],[122.6939,39.2145],[122.6869,39.2106],[122.6906,39.205],[122.6988,39.2065],[122.6992,39.2104],[122.7084,39.2157],[122.719,39.2136]]],[[[122.7774,39.2182],[122.7865,39.2239],[122.7938,39.2249],[122.8006,39.2224],[122.8054,39.2269],[122.7937,39.2289],[122.7858,39.2267],[122.7716,39.2294],[122.7656,39.2274],[122.7774,39.2182]]],[[[123.1827,39.0454],[123.188,39.0475],[123.1889,39.0519],[123.1941,39.0524],[123.1978,39.0567],[123.1981,39.0657],[123.1915,39.0662],[123.1872,39.0701],[123.188,39.0768],[123.1773,39.0782],[123.1775,39.0833],[123.1635,39.0822],[123.1466,39.0859],[123.1368,39.0788],[123.1404,39.0756],[123.1463,39.0794],[123.1599,39.0758],[123.165,39.0671],[123.1654,39.0551],[123.1584,39.0586],[123.1567,39.0666],[123.1483,39.0699],[123.1492,39.058],[123.1446,39.0497],[123.1401,39.0451],[123.1437,39.0362],[123.1495,39.0289],[123.162,39.0269],[123.163,39.0333],[123.1783,39.0448],[123.1827,39.0454]]],[[[123.1735,39.0845],[123.1812,39.0919],[123.1772,39.0974],[123.1735,39.0845]]],[[[123.0002,39.4994],[123.0016,39.5047],[123.0112,39.5087],[123.0132,39.5139],[123.029,39.5305],[123.0266,39.5377],[123.0208,39.5438],[123.0096,39.5466],[122.9999,39.5527],[122.9945,39.5488],[122.985,39.549],[122.9785,39.5514],[122.9724,39.5596],[122.9571,39.5495],[122.96,39.5454],[122.952,39.5428],[122.9482,39.5346],[122.9415,39.5251],[122.945,39.5187],[122.9517,39.5212],[122.9614,39.5192],[122.966,39.5165],[122.9646,39.5105],[122.9682,39.5094],[122.9681,39.4988],[122.9802,39.4964],[122.9858,39.4988],[122.9906,39.4955],[123.0002,39.4994]]],[[[123.099,39.5035],[123.1055,39.5053],[123.103,39.5132],[123.0974,39.5094],[123.099,39.5035]]],[[[123.0576,39.4943],[123.0629,39.5061],[123.0569,39.5065],[123.0522,39.5],[123.0576,39.4943]]],[[[123.0906,39.4422],[123.0914,39.4452],[123.0831,39.4489],[123.0748,39.4483],[123.0581,39.4518],[123.0527,39.4547],[123.049,39.4456],[123.054,39.4428],[123.0577,39.437],[123.0643,39.4317],[123.0708,39.4326],[123.0746,39.4278],[123.0805,39.4259],[123.08,39.4369],[123.0815,39.4403],[123.0906,39.4422]]],[[[122.9986,39.2483],[123.0055,39.2519],[123.0045,39.2575],[122.9965,39.2605],[122.9879,39.2576],[122.9857,39.2516],[122.9966,39.2508],[122.9986,39.2483]]],[[[122.8653,39.0493],[122.8677,39.0576],[122.8743,39.0626],[122.8623,39.0643],[122.8532,39.0634],[122.8571,39.0524],[122.8653,39.0493]]],[[[122.8102,39.0675],[122.8125,39.0744],[122.7978,39.0798],[122.7927,39.0736],[122.7859,39.0763],[122.7786,39.0768],[122.7791,39.0727],[122.786,39.0694],[122.7944,39.0723],[122.7966,39.0755],[122.8072,39.0718],[122.8102,39.0675]]],[[[122.8181,39.0408],[122.827,39.0461],[122.8347,39.0484],[122.8298,39.0553],[122.8251,39.0567],[122.8205,39.0504],[122.815,39.0521],[122.8104,39.0455],[122.8181,39.0408]]],[[[122.7529,39.0084],[122.7582,39.0127],[122.7548,39.0218],[122.7457,39.0229],[122.7439,39.034],[122.7361,39.0358],[122.7294,39.0323],[122.722,39.0366],[122.7187,39.0482],[122.7105,39.0446],[122.7013,39.0434],[122.7043,39.0378],[122.7114,39.0347],[122.7154,39.0266],[122.7106,39.0264],[122.7222,39.0164],[122.7286,39.0136],[122.7438,39.012],[122.7529,39.0084]]],[[[121.8254,38.8635],[121.8284,38.8647],[121.8366,38.8739],[121.8289,38.8837],[121.8348,38.8935],[121.8227,38.894],[121.8274,38.8817],[121.8191,38.881],[121.8222,38.8753],[121.8208,38.8675],[121.8254,38.8635]]],[[[121.9598,40.1115],[121.9551,40.1109],[121.9477,40.1134],[121.9405,40.1034],[121.931,40.0955],[121.9273,40.0901],[121.9308,40.0872],[121.9285,40.0773],[121.92,40.0671],[121.9044,40.0565],[121.9008,40.0612],[121.887,40.05],[121.882,40.0445],[121.8774,40.043],[121.8776,40.0382],[121.87,40.0395],[121.8404,40.033],[121.8385,40.0364],[121.8226,40.0341],[121.8302,40.027],[121.8184,40.0193],[121.8154,40.0205],[121.7902,39.9998],[121.7678,39.9952],[121.7625,39.9907],[121.7656,39.9862],[121.7951,39.9921],[121.8146,40.009],[121.8246,40.0019],[121.8084,39.9886],[121.8018,39.9843],[121.8065,39.9808],[121.8017,39.977],[121.7965,39.9801],[121.7868,39.9782],[121.792,39.9637],[121.8055,39.9735],[121.8104,39.9742],[121.812,39.969],[121.7916,39.9559],[121.7842,39.9495],[121.7802,39.9426],[121.7794,39.9358],[121.7716,39.9328],[121.7516,39.9289],[121.7518,39.9232],[121.74,39.9214],[121.7405,39.9128],[121.7335,39.9131],[121.7336,39.9187],[121.7238,39.9189],[121.7232,39.9219],[121.7133,39.9222],[121.7146,39.9287],[121.7061,39.9304],[121.7024,39.9343],[121.6948,39.9336],[121.6941,39.9287],[121.688,39.9213],[121.6802,39.9194],[121.6803,39.916],[121.6706,39.9155],[121.6632,39.9047],[121.656,39.9037],[121.6532,39.8994],[121.6319,39.8972],[121.6341,39.8927],[121.6313,39.8848],[121.6205,39.8744],[121.6093,39.8665],[121.5972,39.8654],[121.5865,39.8605],[121.5663,39.8572],[121.5554,39.8572],[121.5404,39.8642],[121.5343,39.8635],[121.536,39.8583],[121.5296,39.8511],[121.5286,39.8449],[121.5199,39.841],[121.512,39.8296],[121.5058,39.8288],[121.5002,39.8239],[121.4957,39.814],[121.4921,39.8115],[121.4808,39.8116],[121.4717,39.8069],[121.4731,39.8048],[121.4699,39.7959],[121.4714,39.7923],[121.4827,39.7888],[121.4857,39.7794],[121.4908,39.7777],[121.4906,39.7695],[121.4864,39.7602],[121.4752,39.7525],[121.4562,39.7457],[121.4555,39.7411],[121.4612,39.7399],[121.4737,39.7317],[121.484,39.7217],[121.489,39.7153],[121.4954,39.7136],[121.501,39.708],[121.5031,39.7014],[121.5032,39.6924],[121.4972,39.6801],[121.5076,39.6689],[121.4957,39.6724],[121.4914,39.6624],[121.5068,39.6586],[121.5201,39.6456],[121.5251,39.6311],[121.5253,39.6248],[121.5341,39.6116],[121.5365,39.6039],[121.5447,39.6007],[121.5516,39.6009],[121.5567,39.5971],[121.5358,39.5959],[121.5391,39.5816],[121.5365,39.581],[121.5328,39.5962],[121.5335,39.6066],[121.5244,39.6189],[121.5213,39.6303],[121.5171,39.635],[121.5189,39.6384],[121.515,39.6459],[121.5006,39.6551],[121.4892,39.6597],[121.4784,39.6555],[121.4621,39.6524],[121.4573,39.6489],[121.4514,39.652],[121.4423,39.6462],[121.4482,39.6435],[121.4567,39.6433],[121.4593,39.6317],[121.4527,39.6222],[121.4413,39.6158],[121.4265,39.6133],[121.4264,39.6173],[121.4179,39.6182],[121.4133,39.6067],[121.3955,39.602],[121.3826,39.6008],[121.3668,39.6011],[121.3554,39.603],[121.3403,39.6003],[121.3359,39.6026],[121.32,39.5971],[121.3159,39.5937],[121.2998,39.6019],[121.2938,39.5962],[121.2836,39.596],[121.2569,39.5851],[121.2578,39.5805],[121.2484,39.5705],[121.2298,39.5551],[121.2267,39.5444],[121.2285,39.5349],[121.2237,39.5301],[121.2238,39.485],[121.2635,39.485],[121.2634,39.5003],[121.2721,39.5003],[121.2725,39.5143],[121.2796,39.513],[121.2797,39.5091],[121.2902,39.4952],[121.2804,39.4908],[121.2837,39.4863],[121.2938,39.4909],[121.3032,39.4912],[121.3242,39.5022],[121.3199,39.5071],[121.3299,39.5123],[121.3372,39.5099],[121.3503,39.5179],[121.3509,39.5217],[121.362,39.5217],[121.3628,39.5192],[121.3806,39.5192],[121.3907,39.5131],[121.4017,39.511],[121.3998,39.5038],[121.4122,39.5018],[121.4267,39.5046],[121.4451,39.5186],[121.4498,39.523],[121.4629,39.5261],[121.4647,39.5296],[121.4781,39.5295],[121.4779,39.5326],[121.4912,39.5481],[121.4981,39.5518],[121.5015,39.5496],[121.5215,39.5568],[121.5203,39.5538],[121.4946,39.5386],[121.5021,39.5303],[121.4842,39.5197],[121.4745,39.5255],[121.4634,39.5215],[121.4482,39.5187],[121.4425,39.5147],[121.4408,39.5072],[121.405,39.4954],[121.3982,39.4911],[121.3848,39.4934],[121.3866,39.4991],[121.3754,39.5058],[121.3722,39.503],[121.3634,39.5057],[121.356,39.5055],[121.3226,39.4876],[121.3184,39.4871],[121.3076,39.4803],[121.2998,39.4737],[121.2456,39.4536],[121.2552,39.4378],[121.2646,39.4377],[121.2665,39.4323],[121.2718,39.4259],[121.2665,39.4206],[121.2573,39.4198],[121.2494,39.4236],[121.2462,39.4183],[121.2575,39.4165],[121.2605,39.4089],[121.2601,39.4024],[121.255,39.3971],[121.2492,39.3964],[121.2446,39.3879],[121.2623,39.3817],[121.2601,39.376],[121.2687,39.3761],[121.2749,39.3786],[121.2772,39.3827],[121.2908,39.3925],[121.2882,39.399],[121.2989,39.4007],[121.3062,39.3948],[121.3124,39.4021],[121.3116,39.4042],[121.3191,39.4098],[121.322,39.4084],[121.3354,39.4199],[121.3265,39.424],[121.339,39.4377],[121.3401,39.4302],[121.3436,39.4275],[121.3587,39.4396],[121.3616,39.4328],[121.3538,39.4325],[121.3514,39.4295],[121.3632,39.4249],[121.3572,39.419],[121.3535,39.4209],[121.347,39.4141],[121.3401,39.4171],[121.3337,39.4097],[121.3238,39.3929],[121.3154,39.3922],[121.3173,39.3849],[121.325,39.3754],[121.3379,39.3757],[121.3435,39.3802],[121.3518,39.3816],[121.361,39.3759],[121.3733,39.3718],[121.3795,39.3724],[121.3891,39.366],[121.3965,39.3629],[121.408,39.3655],[121.4101,39.3691],[121.4212,39.3692],[121.4188,39.3729],[121.4224,39.3792],[121.4287,39.3767],[121.4352,39.3817],[121.4534,39.3752],[121.4571,39.3879],[121.459,39.3887],[121.4589,39.399],[121.4482,39.4094],[121.4446,39.4147],[121.4376,39.4198],[121.4351,39.4263],[121.4394,39.4291],[121.4434,39.419],[121.4487,39.4181],[121.4567,39.412],[121.4568,39.4075],[121.4622,39.4056],[121.4676,39.3985],[121.4678,39.386],[121.466,39.3767],[121.4638,39.3756],[121.4561,39.3621],[121.4513,39.3657],[121.4404,39.3681],[121.439,39.3659],[121.4501,39.3627],[121.4388,39.3417],[121.4367,39.3337],[121.4476,39.3313],[121.4721,39.3276],[121.4658,39.3009],[121.4846,39.2984],[121.4812,39.2837],[121.491,39.282],[121.4932,39.2853],[121.5022,39.2851],[121.5028,39.2959],[121.5198,39.2969],[121.5205,39.3303],[121.5547,39.3341],[121.5421,39.3561],[121.5427,39.3602],[121.562,39.3288],[121.5559,39.3317],[121.542,39.3285],[121.5429,39.3191],[121.5492,39.318],[121.5549,39.3246],[121.5628,39.3276],[121.5654,39.3234],[121.6203,39.3296],[121.6267,39.3333],[121.6299,39.3435],[121.6618,39.348],[121.6603,39.3511],[121.6747,39.3545],[121.6777,39.3471],[121.6841,39.3485],[121.6823,39.3537],[121.6993,39.3587],[121.713,39.375],[121.7024,39.3908],[121.7043,39.4075],[121.7086,39.4082],[121.7139,39.3989],[121.7228,39.39],[121.7244,39.386],[121.7353,39.3918],[121.7449,39.3899],[121.7531,39.3819],[121.7708,39.3827],[121.7754,39.3846],[121.7864,39.3854],[121.8315,39.3818],[121.8444,39.3888],[121.8535,39.3709],[121.8218,39.3685],[121.8194,39.3702],[121.7978,39.369],[121.7978,39.3665],[121.7849,39.3677],[121.7594,39.3753],[121.7527,39.3751],[121.7453,39.3791],[121.7444,39.3827],[121.7357,39.3811],[121.7328,39.3763],[121.7205,39.3662],[121.7239,39.3628],[121.7217,39.3576],[121.7079,39.3407],[121.7183,39.3315],[121.7192,39.3271],[121.716,39.3217],[121.7145,39.3135],[121.7199,39.3128],[121.7214,39.319],[121.731,39.3178],[121.7305,39.3082],[121.7191,39.302],[121.7128,39.3087],[121.6949,39.3229],[121.6863,39.319],[121.6891,39.3132],[121.6742,39.3078],[121.6713,39.3123],[121.6627,39.3074],[121.6649,39.3037],[121.6732,39.3022],[121.6588,39.2966],[121.6663,39.2934],[121.6768,39.2976],[121.6855,39.2889],[121.6836,39.2826],[121.6725,39.2744],[121.6623,39.2723],[121.6523,39.2798],[121.6466,39.2739],[121.6372,39.2737],[121.635,39.278],[121.6283,39.2773],[121.622,39.2807],[121.6178,39.2738],[121.6113,39.2707],[121.6007,39.2725],[121.5909,39.2718],[121.5877,39.2675],[121.5939,39.254],[121.5979,39.2596],[121.6065,39.2585],[121.6139,39.2496],[121.6154,39.2447],[121.6241,39.2469],[121.6273,39.2442],[121.6349,39.2442],[121.6366,39.2369],[121.6311,39.2334],[121.6229,39.2383],[121.6193,39.2338],[121.6331,39.2276],[121.6291,39.2206],[121.6237,39.224],[121.6094,39.2272],[121.6036,39.2242],[121.5912,39.2257],[121.5926,39.2184],[121.6071,39.2123],[121.6076,39.2041],[121.6045,39.2002],[121.5971,39.2018],[121.5847,39.1996],[121.5839,39.1929],[121.595,39.1852],[121.5943,39.1778],[121.5977,39.1678],[121.6078,39.1692],[121.6144,39.1673],[121.6252,39.1691],[121.63,39.1658],[121.6366,39.1684],[121.641,39.162],[121.6486,39.1572],[121.6483,39.1522],[121.6516,39.1486],[121.6618,39.148],[121.6617,39.1431],[121.6673,39.1432],[121.6686,39.1381],[121.6769,39.1336],[121.6714,39.1307],[121.6801,39.1228],[121.6797,39.1138],[121.6736,39.1037],[121.6562,39.0899],[121.6521,39.0938],[121.6405,39.0874],[121.6312,39.0845],[121.6359,39.078],[121.6235,39.073],[121.6149,39.0757],[121.6089,39.0742],[121.5986,39.0682],[121.5885,39.0701],[121.5915,39.0746],[121.6203,39.0987],[121.6363,39.111],[121.6335,39.1173],[121.6205,39.126],[121.5981,39.143],[121.5875,39.1517],[121.5675,39.1352],[121.5594,39.1298],[121.5759,39.1184],[121.5941,39.1049],[121.6054,39.095],[121.6121,39.0932],[121.5907,39.0754],[121.5836,39.0737],[121.5668,39.0726],[121.5559,39.0638],[121.5508,39.057],[121.5374,39.0509],[121.5286,39.0482],[121.5131,39.0364],[121.5128,39.0346],[121.4992,39.0281],[121.4768,39.0216],[121.4749,39.0248],[121.4662,39.023],[121.4672,39.0189],[121.4581,39.0172],[121.457,39.0285],[121.4363,39.0256],[121.4269,39.0223],[121.406,39.0259],[121.4064,39.0348],[121.3901,39.043],[121.379,39.0533],[121.3794,39.0594],[121.3728,39.0606],[121.3661,39.0558],[121.3674,39.052],[121.3639,39.0451],[121.3597,39.0419],[121.3451,39.0436],[121.3427,39.0397],[121.3428,39.0319],[121.339,39.0276],[121.3332,39.0273],[121.3271,39.0228],[121.3293,39.0185],[121.3186,39.0122],[121.3175,39.0021],[121.3364,39.001],[121.3383,38.9903],[121.3439,38.984],[121.341,38.9775],[121.3316,38.9749],[121.3239,38.9699],[121.3166,38.969],[121.3104,38.9656],[121.3038,38.9664],[121.3026,38.9709],[121.2778,38.9688],[121.2603,38.9551],[121.2488,38.9543],[121.2479,38.9511],[121.2385,38.9494],[121.2295,38.9496],[121.2294,38.9419],[121.2228,38.9352],[121.213,38.9322],[121.199,38.934],[121.1916,38.9377],[121.1927,38.9443],[121.1795,38.9513],[121.1723,38.9533],[121.1624,38.9491],[121.1485,38.9522],[121.1465,38.9549],[121.1243,38.9491],[121.1165,38.9463],[121.1189,38.9393],[121.1113,38.935],[121.1007,38.9319],[121.0943,38.9277],[121.088,38.9176],[121.0856,38.9091],[121.0924,38.8948],[121.1027,38.8925],[121.1097,38.8944],[121.1188,38.8906],[121.1228,38.887],[121.1207,38.8828],[121.1283,38.8785],[121.1225,38.8748],[121.1255,38.8714],[121.1195,38.8674],[121.1148,38.8676],[121.1097,38.8603],[121.1061,38.8521],[121.1083,38.844],[121.1131,38.8375],[121.1138,38.8306],[121.112,38.8234],[121.1162,38.8147],[121.1276,38.8108],[121.1312,38.8174],[121.1346,38.8174],[121.139,38.8109],[121.1332,38.8092],[121.128,38.8027],[121.1316,38.8008],[121.1263,38.7934],[121.1294,38.7916],[121.1359,38.7958],[121.1437,38.7941],[121.1432,38.7896],[121.1335,38.7795],[121.1286,38.7792],[121.1178,38.7838],[121.1091,38.7771],[121.1158,38.7726],[121.1151,38.768],[121.1232,38.766],[121.13,38.76],[121.129,38.7489],[121.1336,38.7402],[121.1316,38.7374],[121.1339,38.7259],[121.1469,38.7244],[121.1541,38.7248],[121.16,38.7223],[121.1692,38.723],[121.1807,38.7214],[121.1977,38.7235],[121.2053,38.7342],[121.2135,38.7417],[121.2142,38.7515],[121.2165,38.7567],[121.2243,38.7639],[121.2318,38.7649],[121.2418,38.7761],[121.2482,38.7854],[121.249,38.7935],[121.2368,38.7899],[121.2234,38.7821],[121.2163,38.7832],[121.2213,38.7908],[121.2212,38.7944],[121.2268,38.8025],[121.235,38.8046],[121.2369,38.802],[121.2481,38.8051],[121.2558,38.8006],[121.2548,38.7939],[121.2778,38.7875],[121.2909,38.7897],[121.2919,38.7933],[121.3086,38.7946],[121.3213,38.8048],[121.3173,38.8117],[121.3286,38.8208],[121.3447,38.8208],[121.3455,38.8247],[121.3583,38.8247],[121.3614,38.8203],[121.3741,38.821],[121.3753,38.8193],[121.3915,38.813],[121.4018,38.8148],[121.4147,38.8125],[121.4199,38.8172],[121.4249,38.8114],[121.4382,38.818],[121.4504,38.8162],[121.4701,38.8184],[121.4799,38.8221],[121.4921,38.8243],[121.4973,38.8197],[121.5023,38.8187],[121.507,38.8216],[121.5181,38.8326],[121.5205,38.8396],[121.5187,38.8431],[121.5291,38.8477],[121.5352,38.8458],[121.5408,38.8536],[121.5405,38.8574],[121.5465,38.8602],[121.5428,38.864],[121.5523,38.8652],[121.5593,38.8748],[121.5692,38.8786],[121.5702,38.8759],[121.5786,38.8764],[121.5831,38.874],[121.6,38.8723],[121.611,38.8662],[121.6121,38.8639],[121.6225,38.8624],[121.6445,38.8628],[121.6536,38.8609],[121.661,38.8638],[121.6696,38.8631],[121.6771,38.87],[121.6897,38.867],[121.6931,38.8644],[121.7045,38.8753],[121.7081,38.891],[121.7148,38.8982],[121.7167,38.903],[121.7136,38.9063],[121.7158,38.9137],[121.7138,38.9174],[121.6792,38.9275],[121.6724,38.9327],[121.662,38.9283],[121.6496,38.9323],[121.6415,38.9336],[121.6469,38.9396],[121.6424,38.9423],[121.6282,38.9363],[121.6217,38.9309],[121.6117,38.9277],[121.6076,38.9338],[121.6125,38.9455],[121.6167,38.9509],[121.6305,38.9617],[121.6505,38.9661],[121.6495,38.9691],[121.6618,38.9749],[121.6648,38.9798],[121.6597,38.985],[121.6608,38.9916],[121.6647,38.9951],[121.6455,38.9998],[121.6481,39.0034],[121.655,39.0049],[121.6658,39.0172],[121.6739,39.014],[121.676,39.0092],[121.681,39.0095],[121.6816,39.0164],[121.6962,39.0192],[121.712,39.0133],[121.7063,39.0052],[121.7283,39.0025],[121.7361,39.0055],[121.7435,39.0032],[121.7521,39.0083],[121.74,39.0246],[121.7332,39.0315],[121.7203,39.0273],[121.7172,39.0289],[121.7203,39.0355],[121.7289,39.0372],[121.7349,39.0358],[121.7441,39.0297],[121.7605,39.0312],[121.7659,39.0306],[121.7681,39.0266],[121.7768,39.026],[121.7842,39.0233],[121.7899,39.0182],[121.7885,39.0123],[121.7982,39.0026],[121.8009,38.9926],[121.805,38.9894],[121.8034,38.9834],[121.8117,38.9756],[121.8015,38.9715],[121.8122,38.9638],[121.8194,38.9701],[121.8291,38.9713],[121.8324,38.9652],[121.8256,38.9581],[121.8342,38.9511],[121.8618,38.9437],[121.8793,38.9568],[121.8839,38.957],[121.8898,38.9619],[121.8998,38.9671],[121.9058,38.965],[121.9116,38.9696],[121.8982,38.9706],[121.894,38.9749],[121.893,38.9958],[121.8789,39.0033],[121.8751,39.0011],[121.8697,39.004],[121.8739,39.0089],[121.8601,39.0162],[121.842,39.0296],[121.8443,39.0376],[121.8666,39.0314],[121.869,39.0355],[121.8809,39.0298],[121.8878,39.0285],[121.9014,39.0321],[121.9091,39.0279],[121.9035,39.0201],[121.9125,39.0157],[121.9208,39.0208],[121.9202,39.0251],[121.9145,39.0258],[121.9139,39.041],[121.9061,39.0407],[121.8988,39.0458],[121.8982,39.055],[121.906,39.0582],[121.9136,39.0537],[121.9275,39.053],[121.9298,39.048],[121.9391,39.0445],[121.9504,39.0363],[121.9537,39.0375],[121.963,39.031],[121.9681,39.0424],[121.9683,39.0496],[121.9784,39.0604],[121.9785,39.0659],[121.9881,39.0708],[122.0108,39.0781],[122.0224,39.0771],[122.0299,39.0727],[122.0308,39.0692],[122.0448,39.0692],[122.0531,39.0662],[122.0574,39.0621],[122.063,39.0627],[122.0607,39.0763],[122.0491,39.0826],[122.0438,39.0836],[122.0438,39.0926],[122.038,39.0982],[122.0386,39.1038],[122.0349,39.1051],[122.0354,39.1111],[122.0488,39.1135],[122.0581,39.1113],[122.0673,39.116],[122.0752,39.113],[122.0816,39.1139],[122.0754,39.1216],[122.0797,39.1258],[122.0842,39.1234],[122.0906,39.1238],[122.0908,39.132],[122.1013,39.1336],[122.1082,39.1362],[122.113,39.1465],[122.1186,39.1482],[122.1233,39.1461],[122.1275,39.1501],[122.1507,39.1548],[122.1549,39.1493],[122.1604,39.1518],[122.1502,39.158],[122.138,39.1581],[122.1298,39.1633],[122.1244,39.1606],[122.11,39.1635],[122.1127,39.1731],[122.0972,39.178],[122.0847,39.1772],[122.0833,39.1801],[122.0686,39.1912],[122.0714,39.1924],[122.084,39.1831],[122.092,39.1807],[122.107,39.1783],[122.118,39.2013],[122.1114,39.2017],[122.1059,39.2061],[122.1094,39.2139],[122.1151,39.2208],[122.1249,39.2252],[122.1341,39.2185],[122.1383,39.2211],[122.1339,39.2253],[122.1404,39.2341],[122.1521,39.2441],[122.1577,39.2469],[122.1666,39.2478],[122.1695,39.2517],[122.1797,39.259],[122.1902,39.2615],[122.2041,39.257],[122.2079,39.2622],[122.2064,39.2664],[122.2211,39.2666],[122.2262,39.2683],[122.2228,39.2735],[122.2277,39.2752],[122.2308,39.2692],[122.243,39.2746],[122.2368,39.2792],[122.2419,39.2822],[122.243,39.2904],[122.2607,39.3054],[122.2603,39.3144],[122.2523,39.3181],[122.2525,39.3208],[122.2637,39.3194],[122.29,39.3473],[122.2915,39.3474],[122.3008,39.3345],[122.3019,39.3259],[122.3133,39.3348],[122.3118,39.3414],[122.315,39.3433],[122.3021,39.3518],[122.3072,39.3535],[122.319,39.3459],[122.3421,39.3579],[122.3392,39.3698],[122.3325,39.3798],[122.3361,39.384],[122.3404,39.3819],[122.3444,39.3759],[122.3549,39.3736],[122.3537,39.3806],[122.3642,39.3856],[122.3669,39.3824],[122.3908,39.3928],[122.3873,39.4018],[122.3909,39.4031],[122.388,39.4107],[122.39,39.4145],[122.4074,39.4169],[122.426,39.4168],[122.4263,39.4155],[122.45,39.4174],[122.4518,39.4033],[122.4627,39.4043],[122.4834,39.4047],[122.4925,39.4022],[122.5004,39.4075],[122.5009,39.4138],[122.4985,39.4216],[122.502,39.4224],[122.5135,39.405],[122.5357,39.3947],[122.5487,39.3973],[122.5566,39.4082],[122.562,39.4137],[122.5574,39.4251],[122.5694,39.4267],[122.5678,39.4359],[122.5622,39.4533],[122.5631,39.4675],[122.5703,39.4684],[122.5735,39.4627],[122.5903,39.4697],[122.5868,39.4747],[122.5968,39.4802],[122.6219,39.485],[122.6171,39.4951],[122.6259,39.5002],[122.6261,39.4951],[122.6318,39.4938],[122.6359,39.5037],[122.6395,39.5071],[122.6412,39.519],[122.6567,39.5243],[122.652,39.5289],[122.6571,39.5312],[122.6669,39.5252],[122.6666,39.5223],[122.6731,39.5167],[122.6775,39.5168],[122.6805,39.523],[122.6855,39.521],[122.7097,39.5355],[122.7128,39.5341],[122.7193,39.5376],[122.7234,39.5352],[122.7425,39.5424],[122.7726,39.5551],[122.8003,39.5643],[122.7995,39.5673],[122.7855,39.5767],[122.7967,39.5849],[122.8066,39.5866],[122.815,39.5677],[122.828,39.5721],[122.8287,39.5761],[122.8378,39.5779],[122.8326,39.5959],[122.8431,39.5979],[122.8501,39.6009],[122.8518,39.6066],[122.8571,39.6086],[122.8643,39.607],[122.8658,39.6039],[122.8822,39.6068],[122.8977,39.6112],[122.9027,39.6034],[122.9127,39.6055],[122.9118,39.6099],[122.9336,39.6134],[122.9398,39.6045],[122.9494,39.5875],[122.9556,39.5891],[122.9504,39.5985],[122.9517,39.6044],[122.9631,39.6044],[122.9657,39.6261],[122.9676,39.6325],[122.9793,39.6411],[122.9952,39.6454],[123.0057,39.6454],[122.9934,39.6547],[122.9937,39.6652],[123.0014,39.6669],[123.0057,39.6624],[123.017,39.6607],[123.0235,39.663],[123.0289,39.6497],[123.0268,39.6466],[123.0321,39.6428],[123.0401,39.6463],[123.0286,39.6515],[123.0236,39.6631],[123.0301,39.6634],[123.0441,39.6669],[123.0463,39.6609],[123.0548,39.6627],[123.0556,39.6656],[123.0703,39.6681],[123.0773,39.6598],[123.0825,39.6643],[123.0958,39.6622],[123.0894,39.6759],[123.0976,39.6798],[123.1017,39.6751],[123.1175,39.6647],[123.1226,39.6625],[123.1166,39.6572],[123.1165,39.654],[123.127,39.6464],[123.1361,39.6472],[123.1367,39.6518],[123.1462,39.6586],[123.1551,39.6623],[123.1584,39.6667],[123.1558,39.6724],[123.1705,39.6763],[123.1743,39.6739],[123.1812,39.6746],[123.1816,39.6699],[123.202,39.671],[123.2172,39.6746],[123.2126,39.6853],[123.2061,39.6864],[123.2069,39.6932],[123.2125,39.6989],[123.2203,39.7014],[123.2383,39.6955],[123.2437,39.6968],[123.2476,39.6894],[123.2596,39.6922],[123.2615,39.6968],[123.2711,39.6968],[123.277,39.6951],[123.2793,39.7004],[123.2727,39.706],[123.2668,39.7072],[123.2602,39.7112],[123.2697,39.7253],[123.2545,39.7353],[123.2646,39.7409],[123.2677,39.7378],[123.2758,39.7424],[123.2653,39.7553],[123.2879,39.7595],[123.2925,39.7619],[123.3053,39.7585],[123.3081,39.7524],[123.3379,39.7564],[123.3391,39.751],[123.3609,39.7532],[123.3649,39.7489],[123.383,39.7502],[123.3883,39.7604],[123.3886,39.7667],[123.3937,39.7658],[123.3913,39.7548],[123.3871,39.7464],[123.3845,39.7332],[123.387,39.7255],[123.3963,39.7287],[123.4087,39.7374],[123.4146,39.7315],[123.4216,39.7315],[123.4292,39.7349],[123.4397,39.7352],[123.4444,39.7438],[123.4512,39.7484],[123.4689,39.7473],[123.4732,39.7535],[123.4622,39.7529],[123.4576,39.7577],[123.4689,39.7581],[123.4771,39.7647],[123.4867,39.7582],[123.4951,39.7614],[123.494,39.7699],[123.5136,39.7703],[123.5153,39.7852],[123.5152,39.7937],[123.5121,39.8071],[123.509,39.813],[123.4988,39.8188],[123.4956,39.827],[123.4985,39.8423],[123.4945,39.8505],[123.486,39.8559],[123.4773,39.8585],[123.4684,39.8677],[123.4684,39.8797],[123.475,39.89],[123.4848,39.8966],[123.4841,39.901],[123.4764,39.9067],[123.4648,39.9234],[123.4585,39.9232],[123.4506,39.9277],[123.4485,39.9251],[123.4362,39.9231],[123.4259,39.9244],[123.4238,39.9276],[123.4146,39.9324],[123.4017,39.9333],[123.399,39.9273],[123.3927,39.9255],[123.3892,39.9289],[123.3932,39.9329],[123.3853,39.937],[123.3877,39.9429],[123.3874,39.9528],[123.3791,39.9533],[123.3775,39.9591],[123.371,39.9696],[123.3776,39.9711],[123.3908,39.9797],[123.3958,39.9803],[123.3952,39.9916],[123.402,39.9975],[123.3989,40.0077],[123.3874,40.0121],[123.3816,40.0094],[123.3744,40.0032],[123.3557,40.0001],[123.3501,40.0057],[123.3365,40.0132],[123.3195,40.0161],[123.3028,40.0229],[123.2953,40.0173],[123.2939,40.0096],[123.2866,40.0081],[123.2805,40.0092],[123.274,40.0194],[123.2745,40.0219],[123.2664,40.033],[123.2611,40.0378],[123.2515,40.0378],[123.244,40.0335],[123.2285,40.0437],[123.2229,40.0431],[123.218,40.05],[123.2108,40.0526],[123.2057,40.0586],[123.1933,40.0653],[123.1848,40.0597],[123.1694,40.0665],[123.1569,40.0668],[123.1436,40.0709],[123.1361,40.0712],[123.1306,40.0777],[123.1213,40.0747],[123.1197,40.0697],[123.112,40.062],[123.1063,40.0643],[123.1071,40.068],[123.0988,40.0713],[123.0922,40.0701],[123.0891,40.0654],[123.0747,40.0535],[123.0694,40.0431],[123.0593,40.0503],[123.0449,40.056],[123.027,40.0598],[123.0237,40.0686],[123.0165,40.0721],[123.0099,40.072],[123.0039,40.0694],[122.9964,40.0735],[122.9882,40.0921],[122.9802,40.0936],[122.9773,40.0967],[122.9861,40.1043],[122.9917,40.1112],[122.9821,40.1168],[122.9643,40.1172],[122.9515,40.1212],[122.9519,40.1265],[122.9481,40.128],[122.9414,40.1352],[122.943,40.143],[122.9373,40.1658],[122.9405,40.1704],[122.9349,40.173],[122.9322,40.1778],[122.9214,40.1796],[122.9105,40.1842],[122.8936,40.1845],[122.8892,40.1902],[122.8887,40.204],[122.8853,40.1986],[122.8761,40.1943],[122.8749,40.1868],[122.8646,40.1777],[122.8488,40.1534],[122.8428,40.1492],[122.8445,40.1425],[122.8508,40.1396],[122.8531,40.1333],[122.8488,40.1308],[122.846,40.1234],[122.83,40.118],[122.8254,40.1211],[122.8192,40.1194],[122.8104,40.11],[122.8086,40.1021],[122.7959,40.1015],[122.7923,40.1053],[122.7733,40.1107],[122.7586,40.1068],[122.7558,40.1033],[122.7484,40.1014],[122.7432,40.0972],[122.7281,40.0934],[122.7149,40.0789],[122.7084,40.0746],[122.7085,40.0689],[122.7038,40.0661],[122.6894,40.0697],[122.6783,40.0679],[122.6527,40.0615],[122.6456,40.0647],[122.6411,40.0625],[122.6238,40.0607],[122.6126,40.0629],[122.6024,40.0517],[122.5909,40.0518],[122.5865,40.0538],[122.5726,40.0545],[122.5645,40.0487],[122.5556,40.0536],[122.5528,40.0578],[122.5456,40.0563],[122.5381,40.061],[122.5337,40.0607],[122.5247,40.044],[122.5315,40.0303],[122.5471,40.0226],[122.5472,40.0186],[122.54,40.0119],[122.5311,40.0153],[122.5213,40.0135],[122.5145,40.0046],[122.5179,39.996],[122.5298,39.9922],[122.5389,39.9912],[122.539,39.9786],[122.5347,39.9699],[122.5409,39.9692],[122.5478,39.9729],[122.5528,39.9687],[122.5458,39.9567],[122.5443,39.9516],[122.5543,39.9425],[122.5522,39.9376],[122.5402,39.9374],[122.5305,39.9403],[122.5235,39.9398],[122.5114,39.9331],[122.5052,39.927],[122.5077,39.919],[122.4962,39.926],[122.492,39.934],[122.4861,39.9336],[122.4722,39.9382],[122.4391,39.9559],[122.4246,39.9615],[122.4127,39.9673],[122.4122,39.9707],[122.4002,39.9663],[122.3954,39.9695],[122.3787,39.968],[122.3683,39.9648],[122.3628,39.9672],[122.3525,39.9681],[122.3389,39.9811],[122.3289,39.9836],[122.3218,39.9832],[122.3053,39.9796],[122.2979,39.9738],[122.2902,39.9714],[122.2858,39.9667],[122.2749,39.9673],[122.2649,39.9778],[122.2646,39.9827],[122.2544,39.9883],[122.2563,39.9939],[122.2552,40.0047],[122.2446,40.0105],[122.2439,40.0159],[122.2375,40.0208],[122.2259,40.0075],[122.2136,39.9988],[122.1957,39.9965],[122.1915,40.0047],[122.1857,40.0089],[122.1802,40.0085],[122.1755,40.0133],[122.1698,40.0257],[122.1523,40.0342],[122.1346,40.0294],[122.1197,40.0409],[122.1123,40.0423],[122.1063,40.0409],[122.0906,40.0408],[122.0847,40.0374],[122.08,40.0437],[122.077,40.0536],[122.0679,40.055],[122.0675,40.0634],[122.0625,40.0651],[122.0527,40.063],[122.0445,40.0654],[122.0381,40.0609],[122.0151,40.0569],[122.005,40.0512],[121.9894,40.0511],[121.9796,40.0578],[121.9748,40.0757],[121.9802,40.0802],[121.9829,40.0862],[121.9795,40.0935],[121.9677,40.1075],[121.9598,40.1115]]],[[[122.3415,39.344],[122.3295,39.3413],[122.3191,39.342],[122.3162,39.3263],[122.3267,39.325],[122.3345,39.3316],[122.3403,39.3284],[122.3464,39.3324],[122.3487,39.3369],[122.3462,39.343],[122.3415,39.344]]]]},"properties":{"region_code":"CN-21-2102","parent_region_code":"CN-21","name":"大连市","level":"prefecture","has_children":true,"full_path":"中国 / 辽宁省 / 大连市","source_admin_code":"2102","osm_relation_id":2764565}},
{"type":"Feature","geometry":{"type":"Polygon","coordinates":[[[122.4818,41.5639],[122.4682,41.5577],[122.4358,41.5499],[122.4306,41.5494],[122.3999,41.5499],[122.3658,41.5486],[122.348,41.5383],[122.2891,41.516],[122.263,41.5049],[122.231,41.4899],[122.2214,41.484],[122.2137,41.4848],[122.2075,41.4803],[122.1882,41.4574],[122.1942,41.4559],[122.187,41.447],[122.1935,41.4432],[122.1948,41.4395],[122.1901,41.4326],[122.2105,41.4055],[122.2231,41.3912],[122.2271,41.385],[122.2397,41.3714],[122.2539,41.3603],[122.2664,41.3532],[122.2661,41.3376],[122.2695,41.3177],[122.2616,41.3072],[122.2591,41.2891],[122.2524,41.2819],[122.2466,41.273],[122.2444,41.2405],[122.2389,41.2351],[122.2261,41.2285],[122.207,41.2251],[122.199,41.221],[122.2246,41.2051],[122.2317,41.199],[122.2386,41.1964],[122.252,41.194],[122.2642,41.1944],[122.2667,41.1903],[122.2628,41.1855],[122.2813,41.1895],[122.2956,41.189],[122.3146,41.1897],[122.3221,41.1931],[122.3269,41.1878],[122.3429,41.1928],[122.3486,41.1973],[122.3383,41.2035],[122.346,41.2063],[122.3542,41.2057],[122.3566,41.2102],[122.3633,41.2135],[122.3729,41.222],[122.3808,41.2232],[122.3817,41.229],[122.3897,41.2413],[122.3967,41.2401],[122.3967,41.2455],[122.4091,41.2514],[122.4145,41.2512],[122.4551,41.2529],[122.4782,41.2526],[122.4828,41.262],[122.4889,41.2624],[122.4849,41.2544],[122.484,41.2477],[122.4759,41.2418],[122.4704,41.2415],[122.4663,41.2376],[122.4592,41.2364],[122.4543,41.2324],[122.4503,41.223],[122.4401,41.2194],[122.4387,41.2116],[122.4319,41.2102],[122.4123,41.2129],[122.4022,41.2076],[122.4035,41.1991],[122.3825,41.196],[122.3738,41.191],[122.3687,41.1787],[122.3569,41.1761],[122.3617,41.1704],[122.3617,41.1639],[122.3668,41.1607],[122.3737,41.1635],[122.3808,41.1581],[122.3819,41.1511],[122.379,41.1459],[122.3802,41.1401],[122.3773,41.1312],[122.3791,41.1275],[122.3855,41.1265],[122.3912,41.1183],[122.3914,41.1105],[122.3879,41.1024],[122.3889,41.0991],[122.398,41.0979],[122.4001,41.0932],[122.4059,41.0918],[122.4092,41.0827],[122.4077,41.0691],[122.403,41.0634],[122.4039,41.0559],[122.401,41.0453],[122.3979,41.0395],[122.4011,41.0342],[122.4013,41.0286],[122.409,41.0281],[122.4072,41.0191],[122.415,41.0107],[122.4114,40.9969],[122.4012,40.9908],[122.3956,40.9924],[122.3902,41.0048],[122.3852,40.9999],[122.3903,40.9938],[122.3903,40.9864],[122.384,40.9856],[122.373,40.9878],[122.3606,40.9991],[122.354,40.9992],[122.3389,40.9893],[122.3351,40.9853],[122.3358,40.9773],[122.343,40.9771],[122.3506,40.9814],[122.3546,40.9861],[122.3604,40.986],[122.3499,40.9701],[122.3444,40.9672],[122.3314,40.9662],[122.3253,40.9684],[122.3221,40.9626],[122.332,40.957],[122.3435,40.9548],[122.3469,40.9491],[122.3439,40.9462],[122.3328,40.9436],[122.3316,40.9366],[122.3375,40.9248],[122.3271,40.9213],[122.3181,40.9282],[122.3131,40.9274],[122.3132,40.9217],[122.3222,40.9164],[122.33,40.9039],[122.337,40.906],[122.3424,40.9127],[122.3468,40.9137],[122.3554,40.9118],[122.3584,40.9068],[122.3722,40.9072],[122.3725,40.9158],[122.3766,40.9227],[122.3888,40.9203],[122.3988,40.9216],[122.4063,40.9242],[122.4119,40.9225],[122.4155,40.927],[122.428,40.9289],[122.4334,40.9356],[122.4445,40.9383],[122.454,40.935],[122.4702,40.9333],[122.4789,40.9308],[122.484,40.9344],[122.4987,40.9319],[122.5009,40.9275],[122.4979,40.9136],[122.4933,40.9045],[122.4873,40.8983],[122.4864,40.8912],[122.4879,40.8819],[122.4966,40.878],[122.4976,40.8712],[122.4927,40.8694],[122.4828,40.8591],[122.4789,40.8487],[122.4972,40.8459],[122.5032,40.8475],[122.5116,40.8466],[122.5097,40.8377],[122.5155,40.8363],[122.5179,40.8325],[122.5164,40.8255],[122.5221,40.8224],[122.531,40.8212],[122.5348,40.8146],[122.533,40.7994],[122.5369,40.7969],[122.5214,40.7791],[122.5107,40.7644],[122.5261,40.7641],[122.5258,40.7621],[122.5518,40.7596],[122.5626,40.7566],[122.5769,40.7471],[122.583,40.7471],[122.5958,40.7503],[122.6346,40.7472],[122.6405,40.7457],[122.6447,40.7383],[122.6461,40.7286],[122.6461,40.7091],[122.6316,40.6954],[122.6284,40.6954],[122.6178,40.6867],[122.6201,40.6834],[122.6181,40.6704],[122.6206,40.6666],[122.631,40.6631],[122.6356,40.6582],[122.6421,40.665],[122.6472,40.6669],[122.6623,40.6682],[122.6666,40.6646],[122.6644,40.6611],[122.6547,40.657],[122.6518,40.6499],[122.652,40.6433],[122.6482,40.6373],[122.642,40.637],[122.6493,40.6239],[122.6458,40.6156],[122.6342,40.6084],[122.6221,40.6065],[122.635,40.5975],[122.6456,40.5925],[122.6462,40.5833],[122.6545,40.5822],[122.6542,40.5891],[122.6578,40.5932],[122.6663,40.5932],[122.6738,40.5912],[122.6825,40.594],[122.6869,40.5985],[122.6984,40.6001],[122.7006,40.5949],[122.7078,40.5904],[122.7124,40.5912],[122.718,40.5859],[122.7262,40.5817],[122.7398,40.5842],[122.7567,40.5814],[122.757,40.5767],[122.7782,40.5759],[122.7861,40.5782],[122.7924,40.5774],[122.8022,40.5689],[122.8056,40.5578],[122.8113,40.5563],[122.8191,40.5466],[122.8221,40.5374],[122.8497,40.5315],[122.8566,40.5279],[122.8743,40.5274],[122.8922,40.5373],[122.8998,40.5351],[122.9096,40.5362],[122.9202,40.5313],[122.9234,40.5323],[122.9308,40.5275],[122.9446,40.5143],[122.9497,40.5139],[122.9641,40.5076],[122.9687,40.504],[122.9703,40.4987],[122.9775,40.4841],[122.986,40.481],[123.0013,40.4799],[122.9994,40.4753],[122.9874,40.4673],[122.9826,40.4665],[122.9769,40.4585],[122.9891,40.4439],[122.9913,40.4373],[122.9897,40.4262],[122.9823,40.4225],[122.9782,40.4172],[122.97,40.416],[122.9533,40.4161],[122.9458,40.4128],[122.9361,40.4136],[122.9314,40.408],[122.9332,40.396],[122.9273,40.3829],[122.933,40.3751],[122.9302,40.3694],[122.9243,40.365],[122.9223,40.3594],[122.9285,40.3515],[122.9269,40.3435],[122.9213,40.3415],[122.9196,40.3373],[122.9107,40.3303],[122.9054,40.3293],[122.8863,40.3182],[122.8866,40.3151],[122.8762,40.3057],[122.8772,40.296],[122.8719,40.2801],[122.8708,40.2708],[122.8678,40.2685],[122.8701,40.2634],[122.8696,40.2574],[122.8768,40.2478],[122.8771,40.2406],[122.8798,40.235],[122.8852,40.2338],[122.8865,40.2252],[122.8916,40.2175],[122.8887,40.204],[122.8892,40.1902],[122.8936,40.1845],[122.9105,40.1842],[122.9214,40.1796],[122.9322,40.1778],[122.9349,40.173],[122.9405,40.1704],[122.9373,40.1658],[122.943,40.143],[122.9414,40.1352],[122.9481,40.128],[122.9519,40.1265],[122.9515,40.1212],[122.9643,40.1172],[122.9821,40.1168],[122.9917,40.1112],[122.9861,40.1043],[122.9773,40.0967],[122.9802,40.0936],[122.9882,40.0921],[122.9964,40.0735],[123.0039,40.0694],[123.0099,40.072],[123.0165,40.0721],[123.0237,40.0686],[123.027,40.0598],[123.0449,40.056],[123.0593,40.0503],[123.0694,40.0431],[123.0747,40.0535],[123.0891,40.0654],[123.0922,40.0701],[123.0988,40.0713],[123.1071,40.068],[123.1063,40.0643],[123.112,40.062],[123.1197,40.0697],[123.1213,40.0747],[123.1306,40.0777],[123.1361,40.0712],[123.1436,40.0709],[123.1569,40.0668],[123.1694,40.0665],[123.1848,40.0597],[123.1933,40.0653],[123.2057,40.0586],[123.2108,40.0526],[123.218,40.05],[123.2229,40.0431],[123.2285,40.0437],[123.244,40.0335],[123.2515,40.0378],[123.2611,40.0378],[123.2664,40.033],[123.2745,40.0219],[123.274,40.0194],[123.2805,40.0092],[123.2866,40.0081],[123.2939,40.0096],[123.2953,40.0173],[123.3028,40.0229],[123.3195,40.0161],[123.3365,40.0132],[123.3501,40.0057],[123.3557,40.0001],[123.3744,40.0032],[123.3816,40.0094],[123.3874,40.0121],[123.3989,40.0077],[123.4004,40.012],[123.4145,40.0238],[123.4171,40.029],[123.4247,40.0318],[123.4313,40.0318],[123.4426,40.0356],[123.4519,40.0315],[123.467,40.0307],[123.4643,40.035],[123.4583,40.0367],[123.4538,40.0503],[123.4596,40.0481],[123.458,40.0431],[123.4623,40.0396],[123.469,40.0469],[123.4771,40.0495],[123.4757,40.0578],[123.4705,40.0704],[123.473,40.0734],[123.49,40.0804],[123.493,40.0842],[123.5049,40.0875],[123.5078,40.0924],[123.5168,40.0984],[123.5308,40.1023],[123.5407,40.1012],[123.548,40.0982],[123.5577,40.1013],[123.5577,40.1066],[123.5624,40.1133],[123.5696,40.1145],[123.5849,40.1291],[123.5918,40.1386],[123.5981,40.1499],[123.6012,40.1582],[123.6008,40.1674],[123.5943,40.1691],[123.5771,40.1634],[123.5704,40.1663],[123.5592,40.178],[123.5534,40.1877],[123.5678,40.2018],[123.5739,40.2105],[123.5809,40.2237],[123.585,40.225],[123.5878,40.232],[123.5879,40.2411],[123.6061,40.2405],[123.619,40.2487],[123.624,40.2556],[123.6233,40.2582],[123.6316,40.2636],[123.6431,40.2592],[123.6498,40.2636],[123.6529,40.2684],[123.6574,40.2689],[123.669,40.2798],[123.6742,40.282],[123.6743,40.2883],[123.682,40.2905],[123.6905,40.296],[123.6992,40.2954],[123.7065,40.3072],[123.7027,40.3113],[123.7031,40.3197],[123.7071,40.3315],[123.7133,40.3357],[123.714,40.3423],[123.7249,40.3472],[123.728,40.3555],[123.7351,40.3651],[123.7384,40.3735],[123.752,40.3892],[123.7523,40.3933],[123.758,40.401],[123.7395,40.4132],[123.7454,40.4218],[123.7576,40.4306],[123.7602,40.4406],[123.7593,40.4483],[123.7545,40.4509],[123.7542,40.4623],[123.7515,40.4669],[123.7553,40.4797],[123.7597,40.4852],[123.7619,40.4917],[123.7615,40.4984],[123.7342,40.506],[123.7321,40.5235],[123.7352,40.5288],[123.7344,40.5339],[123.7294,40.5371],[123.7353,40.5477],[123.7351,40.5518],[123.73,40.559],[123.7324,40.5739],[123.7225,40.5775],[123.7118,40.5906],[123.7179,40.5953],[123.7275,40.5954],[123.7336,40.5978],[123.7371,40.6036],[123.7414,40.6045],[123.743,40.6137],[123.7358,40.6199],[123.7284,40.6305],[123.7286,40.6408],[123.7254,40.6471],[123.713,40.6563],[123.7077,40.6563],[123.7049,40.6602],[123.6916,40.6632],[123.6831,40.6624],[123.6733,40.6684],[123.6479,40.6769],[123.6462,40.6811],[123.6308,40.6891],[123.6116,40.6916],[123.6001,40.6861],[123.587,40.6844],[123.5774,40.6847],[123.5717,40.6909],[123.5755,40.7032],[123.5648,40.7107],[123.5562,40.711],[123.5458,40.7215],[123.5504,40.727],[123.5497,40.7329],[123.5517,40.7461],[123.5589,40.7584],[123.572,40.766],[123.5806,40.766],[123.5815,40.7725],[123.5788,40.7782],[123.5734,40.7797],[123.5687,40.7882],[123.5714,40.7941],[123.5515,40.802],[123.5423,40.8143],[123.5365,40.8247],[123.5268,40.8236],[123.52,40.8196],[123.5151,40.8129],[123.494,40.8116],[123.4894,40.8089],[123.4818,40.8089],[123.4785,40.8122],[123.4657,40.809],[123.4491,40.8011],[123.4422,40.799],[123.423,40.8014],[123.405,40.8052],[123.3966,40.8007],[123.3882,40.7846],[123.3822,40.78],[123.3695,40.7735],[123.3486,40.7742],[123.3342,40.7694],[123.3218,40.7688],[123.3092,40.7717],[123.2919,40.7642],[123.2822,40.7528],[123.2714,40.7474],[123.2527,40.7429],[123.239,40.7298],[123.2253,40.7323],[123.2086,40.7305],[123.1959,40.7247],[123.1713,40.711],[123.1546,40.7204],[123.1445,40.7235],[123.1304,40.7127],[123.1274,40.7187],[123.1181,40.7278],[123.1084,40.7343],[123.0946,40.7343],[123.0912,40.7437],[123.0871,40.749],[123.0767,40.7541],[123.0651,40.7698],[123.0644,40.7818],[123.0717,40.7888],[123.0719,40.7919],[123.0829,40.7976],[123.0914,40.7999],[123.09,40.8082],[123.0984,40.8182],[123.0971,40.8226],[123.0881,40.8267],[123.0717,40.8289],[123.0659,40.8343],[123.0456,40.8332],[123.0405,40.8365],[123.0416,40.8437],[123.0472,40.854],[123.0382,40.8604],[123.0499,40.8822],[123.0561,40.8832],[123.0568,40.8891],[123.0642,40.8912],[123.0685,40.8969],[123.0613,40.9048],[123.0604,40.9108],[123.0551,40.9188],[123.0613,40.9216],[123.0725,40.9189],[123.0863,40.9238],[123.0929,40.9287],[123.0937,40.9365],[123.0868,40.9409],[123.0863,40.9481],[123.083,40.9549],[123.0779,40.9592],[123.0789,40.9667],[123.0902,40.9691],[123.0922,40.9773],[123.1001,40.9774],[123.1056,40.9886],[123.11,40.992],[123.1226,40.995],[123.1267,40.9942],[123.1332,40.9834],[123.1435,40.9832],[123.1504,40.9798],[123.167,40.9868],[123.1841,40.9836],[123.1864,40.9846],[123.1848,40.9942],[123.1963,40.9999],[123.2064,41.0163],[123.1975,41.0228],[123.1936,41.0303],[123.1994,41.0376],[123.2086,41.0381],[123.2189,41.0434],[123.2273,41.0443],[123.23,41.0476],[123.2221,41.053],[123.2211,41.0574],[123.2265,41.0653],[123.2168,41.0701],[123.2088,41.0759],[123.2015,41.0773],[123.2077,41.0892],[123.2062,41.0967],[123.1975,41.096],[123.1909,41.0999],[123.1767,41.1041],[123.1718,41.0984],[123.1598,41.0961],[123.1532,41.0997],[123.1501,41.1041],[123.1397,41.0998],[123.1348,41.105],[123.1412,41.1064],[123.1371,41.1234],[123.1406,41.1316],[123.1341,41.1371],[123.1371,41.1428],[123.1444,41.1483],[123.1441,41.1521],[123.1316,41.1555],[123.1264,41.1617],[123.1223,41.1721],[123.1133,41.1747],[123.1133,41.1817],[123.1042,41.1823],[123.0933,41.1759],[123.0737,41.18],[123.0688,41.1822],[123.0572,41.1834],[123.0503,41.1971],[123.0506,41.2009],[123.0325,41.2063],[123.0246,41.2028],[123.0168,41.2048],[123.009,41.1987],[123.0093,41.1944],[123.004,41.1892],[122.9975,41.1859],[122.9858,41.1846],[122.9822,41.1986],[122.9691,41.201],[122.9572,41.1896],[122.942,41.1938],[122.9348,41.1907],[122.9304,41.1945],[122.9169,41.1899],[122.9113,41.1925],[122.9045,41.1926],[122.8994,41.1891],[122.8946,41.1816],[122.8907,41.1697],[122.8851,41.1697],[122.88,41.1649],[122.8705,41.1687],[122.8616,41.1614],[122.8707,41.1559],[122.8645,41.1511],[122.8602,41.1432],[122.8536,41.1431],[122.8451,41.1365],[122.8485,41.1317],[122.8435,41.128],[122.8514,41.1189],[122.8515,41.113],[122.8426,41.1092],[122.8363,41.1044],[122.8246,41.0888],[122.8263,41.082],[122.8195,41.08],[122.8177,41.0858],[122.8107,41.0847],[122.7956,41.0899],[122.7824,41.0927],[122.7606,41.108],[122.7478,41.1127],[122.7318,41.1136],[122.7146,41.1156],[122.7046,41.1159],[122.6902,41.1208],[122.6788,41.1312],[122.6734,41.1389],[122.6538,41.1472],[122.6346,41.1534],[122.6214,41.1633],[122.6137,41.1679],[122.5987,41.1726],[122.5923,41.1769],[122.596,41.1838],[122.5893,41.1888],[122.5884,41.192],[122.5993,41.1979],[122.6089,41.2001],[122.6179,41.1977],[122.61,41.2059],[122.6075,41.2186],[122.6095,41.2234],[122.603,41.2242],[122.596,41.2371],[122.5911,41.2432],[122.5842,41.2452],[122.5735,41.2427],[122.5549,41.2423],[122.5473,41.2477],[122.549,41.2529],[122.5581,41.2596],[122.5645,41.2666],[122.5714,41.2781],[122.5898,41.2918],[122.5831,41.2951],[122.5852,41.3004],[122.59,41.302],[122.6022,41.3014],[122.604,41.3053],[122.5964,41.3152],[122.6001,41.3167],[122.6092,41.3142],[122.6165,41.3164],[122.6252,41.328],[122.6491,41.3474],[122.6536,41.3518],[122.6521,41.3568],[122.642,41.3551],[122.6356,41.36],[122.6409,41.3795],[122.6393,41.3836],[122.6442,41.3948],[122.6287,41.404],[122.6268,41.4135],[122.629,41.4161],[122.639,41.4172],[122.6423,41.4227],[122.6416,41.4296],[122.637,41.4313],[122.6238,41.4275],[122.622,41.4331],[122.6299,41.4343],[122.6302,41.4447],[122.6268,41.4477],[122.627,41.4529],[122.6205,41.466],[122.6199,41.4697],[122.6292,41.4728],[122.6325,41.4806],[122.6213,41.4849],[122.6188,41.4887],[122.6316,41.4991],[122.6216,41.5187],[122.5993,41.5108],[122.5941,41.5126],[122.5938,41.5282],[122.5901,41.5324],[122.5779,41.5332],[122.5674,41.538],[122.561,41.5458],[122.5492,41.5488],[122.5156,41.5404],[122.5013,41.5352],[122.4906,41.5412],[122.4877,41.5504],[122.4922,41.5516],[122.4949,41.56],[122.4818,41.5639]]]},"properties":{"region_code":"CN-21-2103","parent_region_code":"CN-21","name":"鞍山市","level":"prefecture","has_children":true,"full_path":"中国 / 辽宁省 / 鞍山市","source_admin_code":"2103","osm_relation_id":2769683}},
{"type":"Feature","geometry":{"type":"Polygon","coordinates":[[[123.7417,41.5249],[123.756,41.5332],[123.7658,41.5372],[123.7778,41.5393],[123.7839,41.532],[123.7813,41.5213],[123.7757,41.5105],[123.7813,41.5062],[123.7935,41.5042],[123.8014,41.5052],[123.8195,41.5113],[123.8434,41.5166],[123.8538,41.5218],[123.8565,41.5299],[123.8547,41.5355],[123.8546,41.5488],[123.862,41.5603],[123.8822,41.5648],[123.9163,41.5664],[123.9282,41.5469],[123.933,41.5458],[123.9411,41.548],[123.9538,41.5552],[123.9693,41.5585],[123.9808,41.5572],[123.9988,41.5505],[124.0198,41.5438],[124.0291,41.537],[124.0469,41.5281],[124.0557,41.5276],[124.078,41.5316],[124.0919,41.5331],[124.0993,41.5259],[124.1021,41.5171],[124.1095,41.5035],[124.1219,41.5074],[124.1347,41.5154],[124.1408,41.5145],[124.1578,41.5184],[124.1631,41.5187],[124.1723,41.5331],[124.1812,41.5341],[124.1961,41.5319],[124.2032,41.5339],[124.2129,41.5414],[124.2243,41.5469],[124.232,41.5466],[124.2516,41.5383],[124.2771,41.5407],[124.285,41.5397],[124.2945,41.5357],[124.2975,41.5303],[124.2996,41.5208],[124.3035,41.5134],[124.3135,41.5081],[124.3037,41.4981],[124.305,41.4928],[124.3196,41.4907],[124.3249,41.482],[124.3269,41.4742],[124.3356,41.4716],[124.348,41.4697],[124.3652,41.4714],[124.3731,41.4658],[124.3784,41.4593],[124.3728,41.4529],[124.3626,41.4471],[124.3517,41.4393],[124.3398,41.4271],[124.3387,41.4203],[124.3395,41.4058],[124.3426,41.3976],[124.3546,41.3815],[124.363,41.375],[124.3826,41.3671],[124.3834,41.3524],[124.3878,41.3419],[124.4075,41.336],[124.4149,41.3235],[124.4162,41.312],[124.4181,41.3094],[124.4328,41.3019],[124.4446,41.3001],[124.4569,41.3014],[124.4608,41.3051],[124.4516,41.3163],[124.4539,41.3236],[124.4653,41.33],[124.4823,41.333],[124.4946,41.3297],[124.5114,41.3168],[124.5253,41.3115],[124.5371,41.3098],[124.5463,41.3021],[124.5521,41.294],[124.5614,41.2849],[124.5709,41.2802],[124.5902,41.2651],[124.5964,41.2635],[124.6117,41.2635],[124.6274,41.2624],[124.6344,41.258],[124.6337,41.2484],[124.6351,41.2428],[124.6438,41.2369],[124.6485,41.2378],[124.6654,41.253],[124.6717,41.2628],[124.6787,41.263],[124.6964,41.2602],[124.7062,41.2602],[124.7274,41.2673],[124.7574,41.2727],[124.7707,41.2792],[124.779,41.2874],[124.7973,41.296],[124.8114,41.3004],[124.8291,41.3084],[124.8342,41.3199],[124.864,41.3239],[124.8669,41.3259],[124.8622,41.3318],[124.866,41.3457],[124.8647,41.351],[124.8585,41.3591],[124.863,41.3667],[124.8508,41.3714],[124.8546,41.3822],[124.8514,41.3859],[124.851,41.3944],[124.8567,41.3978],[124.8509,41.4092],[124.8518,41.4141],[124.8476,41.4186],[124.8488,41.4229],[124.8565,41.424],[124.8591,41.4273],[124.8553,41.4319],[124.8588,41.4414],[124.8648,41.4443],[124.8762,41.4429],[124.8827,41.4557],[124.8747,41.4685],[124.8795,41.4715],[124.8932,41.472],[124.8997,41.4775],[124.9002,41.4821],[124.9108,41.4905],[124.9148,41.4983],[124.9344,41.5026],[124.9383,41.5054],[124.9458,41.515],[124.9513,41.518],[124.9539,41.5087],[124.9642,41.4997],[124.9833,41.4942],[124.9926,41.495],[125.009,41.4908],[125.013,41.4874],[125.027,41.4821],[125.0512,41.4716],[125.0611,41.4721],[125.0628,41.4819],[125.062,41.4916],[125.0768,41.4925],[125.0858,41.4909],[125.0988,41.4931],[125.1053,41.4969],[125.1175,41.5],[125.1266,41.4989],[125.1484,41.486],[125.1658,41.4833],[125.1696,41.4901],[125.188,41.4945],[125.1888,41.4984],[125.1958,41.4985],[125.1978,41.49],[125.2031,41.4806],[125.2161,41.4777],[125.2273,41.482],[125.233,41.481],[125.2437,41.4848],[125.246,41.496],[125.2508,41.5027],[125.2622,41.4958],[125.2725,41.4924],[125.2898,41.4908],[125.3046,41.4917],[125.3165,41.4945],[125.3214,41.5023],[125.3223,41.509],[125.3322,41.5142],[125.3476,41.5293],[125.3611,41.5365],[125.3649,41.5414],[125.3675,41.5502],[125.3721,41.5582],[125.3754,41.5599],[125.3864,41.553],[125.3937,41.545],[125.4108,41.5417],[125.42,41.5481],[125.4366,41.5476],[125.4489,41.5493],[125.4512,41.5592],[125.4563,41.5657],[125.4546,41.5711],[125.4573,41.579],[125.4481,41.5874],[125.443,41.6013],[125.4439,41.6087],[125.448,41.6127],[125.4469,41.6188],[125.462,41.6301],[125.4651,41.6373],[125.4527,41.6405],[125.4475,41.6468],[125.4457,41.6549],[125.4506,41.6595],[125.4438,41.6621],[125.4443,41.6725],[125.4256,41.6724],[125.4046,41.6885],[125.3974,41.6867],[125.3894,41.6873],[125.387,41.6844],[125.3716,41.6844],[125.3581,41.6757],[125.3437,41.6763],[125.3379,41.6701],[125.3255,41.6733],[125.3194,41.668],[125.3106,41.6747],[125.3112,41.6809],[125.3196,41.6929],[125.32,41.6988],[125.3283,41.714],[125.3245,41.7268],[125.3297,41.7365],[125.3232,41.7418],[125.3187,41.7521],[125.3207,41.7622],[125.3131,41.7687],[125.3123,41.786],[125.3055,41.7974],[125.2969,41.8004],[125.2951,41.8122],[125.2894,41.8189],[125.2885,41.829],[125.2846,41.8392],[125.2862,41.8507],[125.2911,41.8531],[125.2933,41.8693],[125.2895,41.8772],[125.2905,41.8846],[125.297,41.8923],[125.297,41.8989],[125.2996,41.9047],[125.2975,41.9095],[125.3011,41.9218],[125.3179,41.9268],[125.3279,41.9273],[125.3432,41.9258],[125.3442,41.9329],[125.3394,41.9373],[125.3261,41.9382],[125.323,41.9405],[125.3095,41.9435],[125.3024,41.9526],[125.2966,41.9531],[125.2858,41.9572],[125.2905,41.9647],[125.2912,41.9717],[125.3011,41.9747],[125.3115,41.9749],[125.316,41.9806],[125.3293,41.9847],[125.3338,41.9911],[125.3359,41.998],[125.3449,41.9952],[125.3606,42.0003],[125.3624,42.0067],[125.3568,42.0145],[125.3734,42.0299],[125.3789,42.0324],[125.398,42.0504],[125.4023,42.0612],[125.4087,42.0617],[125.4127,42.067],[125.4134,42.074],[125.417,42.0759],[125.4145,42.0876],[125.4089,42.0892],[125.406,42.0979],[125.4277,42.1],[125.438,42.096],[125.4485,42.1009],[125.4509,42.1105],[125.4582,42.1092],[125.46,42.1154],[125.4705,42.1188],[125.4711,42.1236],[125.4824,42.1293],[125.4843,42.1338],[125.4781,42.1402],[125.4686,42.1445],[125.4679,42.1474],[125.4555,42.1568],[125.4521,42.1576],[125.4458,42.1518],[125.4387,42.1497],[125.4254,42.1494],[125.4071,42.1538],[125.394,42.1602],[125.391,42.1639],[125.3824,42.1666],[125.3786,42.1745],[125.3663,42.1776],[125.3622,42.1803],[125.3533,42.1763],[125.3494,42.1728],[125.3508,42.1656],[125.3454,42.1517],[125.3534,42.1496],[125.3506,42.1434],[125.339,42.1408],[125.3293,42.1432],[125.3247,42.1393],[125.3109,42.1397],[125.2998,42.1439],[125.3016,42.1571],[125.3086,42.1644],[125.3038,42.1694],[125.3072,42.1737],[125.3047,42.179],[125.3095,42.1858],[125.3114,42.1931],[125.3066,42.1954],[125.2992,42.1818],[125.2924,42.1733],[125.2769,42.1712],[125.279,42.1767],[125.2855,42.1805],[125.2869,42.1914],[125.2926,42.1923],[125.2926,42.1979],[125.3018,42.1999],[125.2984,42.2103],[125.3065,42.2174],[125.2946,42.2197],[125.2861,42.2243],[125.2715,42.2298],[125.278,42.2328],[125.2831,42.2429],[125.281,42.2524],[125.2759,42.2548],[125.2695,42.265],[125.2712,42.2691],[125.2773,42.2703],[125.2846,42.2764],[125.2881,42.283],[125.2849,42.2917],[125.2793,42.2913],[125.2715,42.295],[125.2682,42.3012],[125.2591,42.3041],[125.2574,42.3106],[125.2507,42.3059],[125.246,42.3054],[125.2357,42.3105],[125.2292,42.306],[125.2207,42.304],[125.2189,42.2996],[125.2074,42.2982],[125.1955,42.3002],[125.1813,42.3048],[125.1683,42.3067],[125.1666,42.3161],[125.1759,42.3259],[125.1706,42.334],[125.1702,42.3451],[125.1607,42.3498],[125.18,42.3591],[125.1878,42.3583],[125.1969,42.3643],[125.1966,42.3704],[125.1934,42.3749],[125.1795,42.3793],[125.1817,42.3867],[125.1799,42.3895],[125.1864,42.3942],[125.1913,42.4054],[125.1898,42.4083],[125.1806,42.4124],[125.1824,42.4177],[125.1798,42.4254],[125.1744,42.4305],[125.1652,42.4316],[125.1528,42.4356],[125.1335,42.4447],[125.1428,42.4495],[125.1436,42.4569],[125.139,42.4581],[125.13,42.4692],[125.1129,42.4733],[125.1036,42.4743],[125.1014,42.4766],[125.0901,42.4743],[125.0769,42.4674],[125.0719,42.4624],[125.0735,42.4549],[125.0681,42.4505],[125.0571,42.4482],[125.0504,42.4429],[125.028,42.4331],[125.0299,42.4293],[125.0304,42.4175],[125.0354,42.4117],[125.0302,42.4034],[125.0229,42.4035],[125.0179,42.3998],[125.009,42.4012],[124.9989,42.3995],[124.9939,42.3954],[124.992,42.3905],[124.9998,42.3761],[124.987,42.3716],[124.9861,42.3749],[124.9789,42.3769],[124.973,42.3733],[124.9684,42.3661],[124.9513,42.3694],[124.9556,42.3821],[124.9462,42.3892],[124.9394,42.3985],[124.9256,42.4006],[124.92,42.3947],[124.9059,42.3944],[124.8839,42.3996],[124.8809,42.4075],[124.8749,42.4086],[124.859,42.4056],[124.8425,42.4115],[124.8166,42.4157],[124.81,42.4113],[124.7936,42.4137],[124.7808,42.4082],[124.7791,42.4043],[124.7696,42.3984],[124.7658,42.3888],[124.7717,42.3777],[124.779,42.3803],[124.7813,42.3761],[124.7821,42.364],[124.7906,42.3585],[124.7848,42.3534],[124.7867,42.3492],[124.7813,42.3418],[124.7816,42.3376],[124.7725,42.3344],[124.7626,42.3369],[124.7593,42.3407],[124.7466,42.3352],[124.7424,42.3372],[124.7325,42.3367],[124.7239,42.33],[124.7255,42.3273],[124.7205,42.3222],[124.7073,42.3228],[124.6839,42.3138],[124.6758,42.3175],[124.6534,42.3133],[124.6481,42.3159],[124.6336,42.3181],[124.6313,42.3216],[124.62,42.325],[124.6225,42.3364],[124.6272,42.338],[124.6253,42.3461],[124.6,42.343],[124.5925,42.3454],[124.5894,42.3488],[124.568,42.3491],[124.5642,42.3385],[124.5667,42.3273],[124.5716,42.3183],[124.5568,42.2953],[124.5556,42.2817],[124.5485,42.2691],[124.5391,42.2634],[124.5308,42.2566],[124.5229,42.2462],[124.5153,42.2423],[124.5103,42.2347],[124.522,42.2],[124.5306,42.1913],[124.5323,42.1832],[124.5371,42.1747],[124.5552,42.162],[124.5558,42.1582],[124.5497,42.1446],[124.5422,42.1414],[124.5371,42.1352],[124.5357,42.1289],[124.5444,42.1168],[124.5419,42.1123],[124.5347,42.1066],[124.5143,42.0856],[124.4915,42.0774],[124.4416,42.0654],[124.4316,42.0607],[124.4293,42.0578],[124.4157,42.0485],[124.4066,42.0472],[124.4025,42.0416],[124.3916,42.0388],[124.3658,42.0293],[124.3611,42.0301],[124.3583,42.0221],[124.3632,42.0185],[124.3449,42.0097],[124.3358,42.0076],[124.3309,42.014],[124.3076,42.0131],[124.2997,42.0071],[124.2891,42.0035],[124.2745,42.0049],[124.2781,42.0105],[124.275,42.0188],[124.2793,42.0252],[124.2695,42.0352],[124.2696,42.0408],[124.2629,42.0437],[124.2587,42.0621],[124.2484,42.0649],[124.228,42.0551],[124.2122,42.0534],[124.1986,42.053],[124.1825,42.0566],[124.1653,42.0534],[124.1555,42.0544],[124.143,42.0613],[124.1316,42.0657],[124.1086,42.0679],[124.1015,42.0706],[124.089,42.071],[124.0735,42.0627],[124.062,42.062],[124.0517,42.0561],[124.0349,42.0433],[124.0286,42.0164],[124.0225,42.0114],[124.0091,42.0089],[123.9953,42.0094],[123.9886,42.0062],[123.977,42.0036],[123.9594,42.0026],[123.949,42.0035],[123.9378,42.0066],[123.9377,42.0096],[123.9446,42.0165],[123.9415,42.0217],[123.9344,42.0217],[123.9211,42.0163],[123.8996,42.0283],[123.8964,42.0268],[123.8826,42.0311],[123.875,42.0308],[123.871,42.0269],[123.8466,42.0216],[123.837,42.0208],[123.8176,42.0118],[123.808,42.0055],[123.7996,41.995],[123.7918,41.9899],[123.7794,41.9839],[123.7784,41.9772],[123.7665,41.9668],[123.7613,41.97],[123.7459,41.9678],[123.7439,41.9691],[123.7335,41.9642],[123.7264,41.9645],[123.7207,41.9573],[123.7265,41.953],[123.7168,41.9442],[123.7278,41.929],[123.7253,41.9211],[123.7365,41.9181],[123.7283,41.9145],[123.7278,41.9089],[123.7228,41.9042],[123.7231,41.8952],[123.7143,41.8943],[123.7098,41.89],[123.7146,41.8845],[123.7271,41.8788],[123.7339,41.8771],[123.7344,41.8609],[123.7296,41.8591],[123.715,41.8483],[123.6938,41.8401],[123.671,41.8347],[123.6683,41.8298],[123.6694,41.8252],[123.6752,41.8229],[123.6778,41.8154],[123.677,41.8086],[123.6705,41.8017],[123.6616,41.7996],[123.6608,41.7877],[123.6634,41.7827],[123.6738,41.7817],[123.6786,41.7829],[123.6862,41.7807],[123.6882,41.7759],[123.695,41.7772],[123.7093,41.7754],[123.7121,41.7733],[123.7207,41.7746],[123.7331,41.7791],[123.7385,41.7834],[123.7459,41.7792],[123.7561,41.78],[123.7555,41.7864],[123.7492,41.7918],[123.7605,41.7969],[123.7706,41.7928],[123.7754,41.7933],[123.7811,41.7816],[123.774,41.7797],[123.7748,41.7752],[123.7676,41.7717],[123.7715,41.7667],[123.7827,41.7669],[123.7835,41.7618],[123.7754,41.7499],[123.7799,41.748],[123.7801,41.7411],[123.7893,41.7328],[123.7948,41.7223],[123.7957,41.7167],[123.8027,41.7135],[123.8069,41.707],[123.8013,41.7014],[123.8027,41.6942],[123.7957,41.6891],[123.7912,41.6904],[123.7848,41.6839],[123.7848,41.6777],[123.7899,41.6755],[123.7716,41.6529],[123.7645,41.6548],[123.7594,41.6506],[123.7597,41.6439],[123.7472,41.6406],[123.7445,41.6332],[123.7499,41.6295],[123.7534,41.6171],[123.7613,41.6164],[123.7639,41.6064],[123.7759,41.6043],[123.7848,41.5955],[123.7803,41.5937],[123.7709,41.5853],[123.7664,41.5865],[123.7536,41.5822],[123.7509,41.5772],[123.744,41.5788],[123.7315,41.5729],[123.7279,41.5695],[123.7221,41.5699],[123.7158,41.5666],[123.7195,41.5543],[123.7284,41.5505],[123.7229,41.5453],[123.7341,41.538],[123.7417,41.5249]]]},"properties":{"region_code":"CN-21-2104","parent_region_code":"CN-21","name":"抚顺市","level":"prefecture","has_children":true,"full_path":"中国 / 辽宁省 / 抚顺市","source_admin_code":"2104","osm_relation_id":2766526}},
{"type":"Feature","geometry":{"type":"Polygon","coordinates":[[[123.5858,41.4918],[123.5859,41.4883],[123.5945,41.483],[123.5962,41.4778],[123.6006,41.4744],[123.6019,41.4656],[123.6203,41.4618],[123.6386,41.4562],[123.647,41.4474],[123.6476,41.437],[123.6327,41.4231],[123.6255,41.4148],[123.6283,41.4049],[123.6331,41.3996],[123.6369,41.3906],[123.6469,41.3849],[123.6444,41.3765],[123.6498,41.3704],[123.6475,41.3646],[123.6487,41.3547],[123.6469,41.3513],[123.6525,41.344],[123.6491,41.3346],[123.6483,41.3265],[123.6562,41.3227],[123.6576,41.3141],[123.6551,41.304],[123.657,41.3018],[123.6505,41.2967],[123.6497,41.2902],[123.6519,41.285],[123.6583,41.2817],[123.6598,41.2672],[123.6671,41.264],[123.664,41.2583],[123.6536,41.253],[123.6307,41.245],[123.6192,41.2436],[123.6137,41.2447],[123.6097,41.2525],[123.6024,41.2482],[123.6023,41.2452],[123.5949,41.2403],[123.5913,41.2341],[123.6029,41.2199],[123.6004,41.219],[123.5951,41.2027],[123.6133,41.2007],[123.6179,41.197],[123.6178,41.1909],[123.6285,41.1792],[123.6332,41.1675],[123.6338,41.1594],[123.644,41.1556],[123.6521,41.1444],[123.6571,41.1423],[123.6589,41.1373],[123.6496,41.1273],[123.6484,41.1175],[123.6456,41.111],[123.6503,41.1011],[123.6494,41.0968],[123.6548,41.0941],[123.6548,41.0854],[123.6614,41.0793],[123.6629,41.0731],[123.684,41.0578],[123.6788,41.0483],[123.6646,41.0414],[123.6566,41.0393],[123.6537,41.0246],[123.6554,41.0176],[123.6505,41.0144],[123.6445,41.0146],[123.6452,41.0089],[123.6417,41.0052],[123.643,40.9944],[123.6468,40.9829],[123.6476,40.9693],[123.6424,40.963],[123.6523,40.9509],[123.647,40.9455],[123.6408,40.9291],[123.6313,40.926],[123.6268,40.9223],[123.618,40.9106],[123.6196,40.9053],[123.6139,40.8951],[123.6027,40.8907],[123.6072,40.8851],[123.6067,40.8782],[123.6024,40.8697],[123.588,40.8638],[123.5767,40.8559],[123.5922,40.8554],[123.6159,40.8502],[123.6337,40.8433],[123.6581,40.8252],[123.6662,40.8242],[123.6809,40.8322],[123.6825,40.8239],[123.6873,40.8148],[123.6967,40.8153],[123.7084,40.8188],[123.7096,40.8239],[123.7167,40.8284],[123.7269,40.8292],[123.7318,40.8452],[123.7391,40.8505],[123.7619,40.8475],[123.7671,40.8539],[123.7728,40.8542],[123.7859,40.8492],[123.7959,40.8556],[123.805,40.8558],[123.8083,40.8534],[123.8168,40.8569],[123.8188,40.861],[123.8258,40.8576],[123.8296,40.8526],[123.838,40.8514],[123.8431,40.8551],[123.8466,40.8506],[123.854,40.8472],[123.8672,40.8383],[123.8736,40.8408],[123.8869,40.8373],[123.9014,40.8303],[123.9104,40.8335],[123.9259,40.8251],[123.9331,40.8275],[123.9413,40.8377],[123.947,40.8382],[123.9499,40.8445],[123.9658,40.85],[123.9673,40.8556],[123.9749,40.866],[123.9825,40.8658],[123.9909,40.8601],[123.997,40.8604],[124.0106,40.8581],[124.0243,40.862],[124.0254,40.8638],[124.0375,40.8638],[124.0654,40.8602],[124.0784,40.8593],[124.0878,40.8557],[124.0882,40.847],[124.0971,40.8446],[124.11,40.8519],[124.1284,40.8516],[124.1331,40.8542],[124.1375,40.8612],[124.1345,40.8702],[124.1353,40.878],[124.1434,40.8855],[124.1432,40.8913],[124.1255,40.9075],[124.1262,40.9231],[124.1302,40.9333],[124.1416,40.9496],[124.142,40.9554],[124.1287,40.9607],[124.1235,40.965],[124.1212,40.9757],[124.1214,40.9825],[124.112,40.9921],[124.101,41.0141],[124.0922,41.0241],[124.0876,41.0339],[124.0902,41.0357],[124.1058,41.0358],[124.1173,41.0379],[124.1141,41.0448],[124.1301,41.0481],[124.1327,41.0523],[124.14,41.053],[124.1466,41.0511],[124.1543,41.0409],[124.1605,41.0351],[124.1788,41.0251],[124.1848,41.0247],[124.1901,41.0284],[124.1917,41.0349],[124.1999,41.0389],[124.2027,41.0441],[124.2105,41.0403],[124.223,41.0394],[124.2274,41.0409],[124.2296,41.0525],[124.2301,41.0625],[124.236,41.0714],[124.231,41.0781],[124.2362,41.0844],[124.2456,41.0879],[124.2513,41.0967],[124.2554,41.098],[124.2706,41.0955],[124.2786,41.0981],[124.2898,41.0941],[124.2964,41.094],[124.3006,41.0882],[124.2983,41.0835],[124.2886,41.0739],[124.287,41.0657],[124.2896,41.0616],[124.2843,41.0573],[124.2861,41.0545],[124.2952,41.0521],[124.3037,41.0559],[124.3094,41.054],[124.3158,41.0558],[124.3159,41.0595],[124.3231,41.0615],[124.3295,41.0663],[124.3455,41.0733],[124.349,41.0721],[124.3509,41.0636],[124.3596,41.0541],[124.3694,41.0509],[124.3773,41.0545],[124.3944,41.0592],[124.3977,41.0642],[124.4035,41.0658],[124.4082,41.0728],[124.4119,41.0741],[124.4202,41.0717],[124.4289,41.0714],[124.4386,41.0652],[124.4504,41.0624],[124.4573,41.0622],[124.4756,41.0579],[124.4785,41.0539],[124.4861,41.0526],[124.4985,41.0484],[124.5049,41.0476],[124.5117,41.0552],[124.5124,41.0604],[124.5206,41.064],[124.534,41.0728],[124.5359,41.0872],[124.5526,41.0929],[124.5624,41.0986],[124.5796,41.1002],[124.6051,41.0897],[124.6269,41.0941],[124.6427,41.0894],[124.6488,41.0897],[124.6657,41.0939],[124.665,41.1001],[124.6679,41.113],[124.6725,41.1162],[124.6755,41.1249],[124.6828,41.1234],[124.6905,41.1244],[124.6967,41.123],[124.7078,41.1302],[124.7141,41.1328],[124.7129,41.1375],[124.7196,41.1449],[124.725,41.1471],[124.7303,41.1528],[124.7438,41.1497],[124.7531,41.1399],[124.7588,41.136],[124.7732,41.1326],[124.7889,41.1312],[124.7977,41.1345],[124.8082,41.1416],[124.8179,41.1407],[124.8312,41.136],[124.8501,41.1368],[124.8689,41.1279],[124.8805,41.1245],[124.8853,41.1214],[124.9001,41.1197],[124.9062,41.1162],[124.9151,41.1179],[124.9184,41.1155],[124.9272,41.116],[124.9417,41.1145],[124.9549,41.1152],[124.9754,41.1105],[124.9914,41.0962],[125.0005,41.0969],[125.0048,41.1007],[125.0053,41.1054],[125.0124,41.1089],[125.0348,41.112],[125.0378,41.1162],[125.0458,41.1151],[125.0518,41.1111],[125.0626,41.1092],[125.0656,41.101],[125.0772,41.0967],[125.0908,41.0953],[125.0949,41.0923],[125.1058,41.0894],[125.1163,41.0925],[125.1365,41.092],[125.1467,41.1038],[125.1712,41.1045],[125.1761,41.1028],[125.187,41.1046],[125.1992,41.0966],[125.2147,41.105],[125.218,41.1125],[125.2249,41.1115],[125.2456,41.1013],[125.2568,41.0949],[125.2673,41.0985],[125.2773,41.0927],[125.2984,41.0838],[125.3026,41.0766],[125.3015,41.072],[125.303,41.0617],[125.3124,41.0538],[125.3124,41.0476],[125.3203,41.0446],[125.3268,41.0378],[125.3335,41.0333],[125.3464,41.0351],[125.3484,41.0261],[125.3405,41.0225],[125.3357,41.009],[125.3407,41.0073],[125.3501,40.9965],[125.3604,40.996],[125.3853,40.9981],[125.3806,41.0082],[125.3813,41.0129],[125.3901,41.0144],[125.4023,41.0103],[125.4117,41.0117],[125.4222,41.007],[125.4268,41.0105],[125.4275,41.0259],[125.4336,41.0294],[125.4434,41.0282],[125.4528,41.0222],[125.4557,41.0171],[125.4531,41.0036],[125.4598,40.9939],[125.4587,40.987],[125.4499,40.9788],[125.448,40.9691],[125.4568,40.9612],[125.4709,40.9573],[125.4815,40.9564],[125.4889,40.9516],[125.4967,40.9545],[125.4967,40.962],[125.4915,40.9682],[125.4824,40.9734],[125.4828,40.9791],[125.4888,40.9844],[125.4998,40.9862],[125.5228,40.9849],[125.5257,40.9781],[125.5209,40.9602],[125.5147,40.9519],[125.496,40.944],[125.494,40.9372],[125.5059,40.923],[125.5128,40.9116],[125.5234,40.9064],[125.5279,40.9063],[125.543,40.9111],[125.544,40.9216],[125.5515,40.9282],[125.5596,40.9286],[125.5838,40.916],[125.5857,40.9215],[125.5844,40.9295],[125.5999,40.9353],[125.609,40.9402],[125.6245,40.9413],[125.6303,40.94],[125.6322,40.9449],[125.6377,40.9486],[125.6382,40.9542],[125.6432,40.961],[125.643,40.9688],[125.661,40.9758],[125.668,40.973],[125.6766,40.9844],[125.6749,40.9968],[125.6755,41.0075],[125.6783,41.0086],[125.6782,41.0194],[125.6834,41.0243],[125.6893,41.0257],[125.6986,41.0323],[125.7104,41.0465],[125.7198,41.0536],[125.7198,41.0614],[125.7242,41.0646],[125.7281,41.0721],[125.7294,41.0808],[125.7352,41.0871],[125.7265,41.0922],[125.7169,41.0938],[125.7045,41.0936],[125.7073,41.1028],[125.7149,41.1087],[125.7191,41.1192],[125.7274,41.123],[125.7415,41.1229],[125.7424,41.1256],[125.7522,41.1277],[125.7529,41.1356],[125.761,41.1485],[125.7707,41.1535],[125.7852,41.1653],[125.7771,41.1694],[125.758,41.1697],[125.7387,41.1768],[125.7314,41.1768],[125.7306,41.1848],[125.7343,41.2038],[125.7477,41.2219],[125.7519,41.2314],[125.7465,41.235],[125.7439,41.2434],[125.7286,41.2442],[125.7229,41.2415],[125.713,41.2425],[125.7062,41.2463],[125.6952,41.2452],[125.6884,41.2465],[125.6842,41.26],[125.6781,41.2724],[125.6687,41.2755],[125.6569,41.2663],[125.6415,41.2623],[125.6333,41.2808],[125.6371,41.2932],[125.6286,41.3032],[125.6245,41.3037],[125.621,41.3098],[125.6162,41.311],[125.6133,41.3163],[125.6228,41.3174],[125.6345,41.3341],[125.6124,41.347],[125.6051,41.3524],[125.6034,41.3604],[125.597,41.3606],[125.5855,41.3551],[125.571,41.3667],[125.582,41.3798],[125.5759,41.3927],[125.5622,41.3951],[125.5548,41.3942],[125.543,41.3982],[125.5461,41.4086],[125.5349,41.4181],[125.5288,41.4271],[125.5331,41.4331],[125.5292,41.4445],[125.5353,41.4566],[125.5349,41.4654],[125.527,41.4767],[125.5105,41.4762],[125.5132,41.4862],[125.4996,41.4972],[125.5,41.501],[125.4873,41.506],[125.4863,41.5196],[125.4978,41.5204],[125.5011,41.5319],[125.4835,41.5357],[125.4726,41.5444],[125.4697,41.5585],[125.4619,41.564],[125.4563,41.5657],[125.4512,41.5592],[125.4489,41.5493],[125.4366,41.5476],[125.42,41.5481],[125.4108,41.5417],[125.3937,41.545],[125.3864,41.553],[125.3754,41.5599],[125.3721,41.5582],[125.3675,41.5502],[125.3649,41.5414],[125.3611,41.5365],[125.3476,41.5293],[125.3322,41.5142],[125.3223,41.509],[125.3214,41.5023],[125.3165,41.4945],[125.3046,41.4917],[125.2898,41.4908],[125.2725,41.4924],[125.2622,41.4958],[125.2508,41.5027],[125.246,41.496],[125.2437,41.4848],[125.233,41.481],[125.2273,41.482],[125.2161,41.4777],[125.2031,41.4806],[125.1978,41.49],[125.1958,41.4985],[125.1888,41.4984],[125.188,41.4945],[125.1696,41.4901],[125.1658,41.4833],[125.1484,41.486],[125.1266,41.4989],[125.1175,41.5],[125.1053,41.4969],[125.0988,41.4931],[125.0858,41.4909],[125.0768,41.4925],[125.062,41.4916],[125.0628,41.4819],[125.0611,41.4721],[125.0512,41.4716],[125.027,41.4821],[125.013,41.4874],[125.009,41.4908],[124.9926,41.495],[124.9833,41.4942],[124.9642,41.4997],[124.9539,41.5087],[124.9513,41.518],[124.9458,41.515],[124.9383,41.5054],[124.9344,41.5026],[124.9148,41.4983],[124.9108,41.4905],[124.9002,41.4821],[124.8997,41.4775],[124.8932,41.472],[124.8795,41.4715],[124.8747,41.4685],[124.8827,41.4557],[124.8762,41.4429],[124.8648,41.4443],[124.8588,41.4414],[124.8553,41.4319],[124.8591,41.4273],[124.8565,41.424],[124.8488,41.4229],[124.8476,41.4186],[124.8518,41.4141],[124.8509,41.4092],[124.8567,41.3978],[124.851,41.3944],[124.8514,41.3859],[124.8546,41.3822],[124.8508,41.3714],[124.863,41.3667],[124.8585,41.3591],[124.8647,41.351],[124.866,41.3457],[124.8622,41.3318],[124.8669,41.3259],[124.864,41.3239],[124.8342,41.3199],[124.8291,41.3084],[124.8114,41.3004],[124.7973,41.296],[124.779,41.2874],[124.7707,41.2792],[124.7574,41.2727],[124.7274,41.2673],[124.7062,41.2602],[124.6964,41.2602],[124.6787,41.263],[124.6717,41.2628],[124.6654,41.253],[124.6485,41.2378],[124.6438,41.2369],[124.6351,41.2428],[124.6337,41.2484],[124.6344,41.258],[124.6274,41.2624],[124.6117,41.2635],[124.5964,41.2635],[124.5902,41.2651],[124.5709,41.2802],[124.5614,41.2849],[124.5521,41.294],[124.5463,41.3021],[124.5371,41.3098],[124.5253,41.3115],[124.5114,41.3168],[124.4946,41.3297],[124.4823,41.333],[124.4653,41.33],[124.4539,41.3236],[124.4516,41.3163],[124.4608,41.3051],[124.4569,41.3014],[124.4446,41.3001],[124.4328,41.3019],[124.4181,41.3094],[124.4162,41.312],[124.4149,41.3235],[124.4075,41.336],[124.3878,41.3419],[124.3834,41.3524],[124.3826,41.3671],[124.363,41.375],[124.3546,41.3815],[124.3426,41.3976],[124.3395,41.4058],[124.3387,41.4203],[124.3398,41.4271],[124.3517,41.4393],[124.3626,41.4471],[124.3728,41.4529],[124.3784,41.4593],[124.3731,41.4658],[124.3652,41.4714],[124.348,41.4697],[124.3356,41.4716],[124.3269,41.4742],[124.3249,41.482],[124.3196,41.4907],[124.305,41.4928],[124.3037,41.4981],[124.3135,41.5081],[124.3035,41.5134],[124.2996,41.5208],[124.2975,41.5303],[124.2945,41.5357],[124.285,41.5397],[124.2771,41.5407],[124.2516,41.5383],[124.232,41.5466],[124.2243,41.5469],[124.2129,41.5414],[124.2032,41.5339],[124.1961,41.5319],[124.1812,41.5341],[124.1723,41.5331],[124.1631,41.5187],[124.1578,41.5184],[124.1408,41.5145],[124.1347,41.5154],[124.1219,41.5074],[124.1095,41.5035],[124.1021,41.5171],[124.0993,41.5259],[124.0919,41.5331],[124.078,41.5316],[124.0557,41.5276],[124.0469,41.5281],[124.0291,41.537],[124.0198,41.5438],[123.9988,41.5505],[123.9808,41.5572],[123.9693,41.5585],[123.9538,41.5552],[123.9411,41.548],[123.933,41.5458],[123.9282,41.5469],[123.9163,41.5664],[123.8822,41.5648],[123.862,41.5603],[123.8546,41.5488],[123.8547,41.5355],[123.8565,41.5299],[123.8538,41.5218],[123.8434,41.5166],[123.8195,41.5113],[123.8014,41.5052],[123.7935,41.5042],[123.7813,41.5062],[123.7757,41.5105],[123.7813,41.5213],[123.7839,41.532],[123.7778,41.5393],[123.7658,41.5372],[123.756,41.5332],[123.7417,41.5249],[123.7388,41.5175],[123.7308,41.5146],[123.7216,41.515],[123.7135,41.5081],[123.698,41.5131],[123.697,41.5186],[123.6885,41.5243],[123.6782,41.5175],[123.6715,41.5217],[123.672,41.5266],[123.6586,41.5251],[123.6407,41.5165],[123.6274,41.5219],[123.6198,41.5146],[123.6148,41.5155],[123.6102,41.5113],[123.6106,41.5067],[123.604,41.5036],[123.5928,41.4939],[123.5858,41.4918]]]},"properties":{"region_code":"CN-21-2105","parent_region_code":"CN-21","name":"本溪市","level":"prefecture","has_children":true,"full_path":"中国 / 辽宁省 / 本溪市","source_admin_code":"2105","osm_relation_id":2766193}},
{"type":"Feature","geometry":{"type":"Polygon","coordinates":[[[123.5153,39.7852],[123.5159,39.7748],[123.5275,39.7749],[123.5274,39.7848],[123.5304,39.7882],[123.5389,39.7877],[123.5449,39.7736],[123.5433,39.7555],[123.5527,39.7604],[123.5602,39.7664],[123.559,39.7758],[123.564,39.7791],[123.5663,39.7846],[123.5761,39.7837],[123.5787,39.7734],[123.5938,39.7732],[123.6069,39.7766],[123.6105,39.7842],[123.6159,39.789],[123.6126,39.7938],[123.6264,39.793],[123.6263,39.8004],[123.6354,39.8009],[123.6375,39.8106],[123.6326,39.8158],[123.6287,39.8274],[123.6287,39.833],[123.6427,39.8302],[123.6444,39.8347],[123.6531,39.8371],[123.658,39.8256],[123.6709,39.8283],[123.6773,39.8254],[123.6886,39.8155],[123.6941,39.8139],[123.7326,39.8246],[123.7368,39.8206],[123.761,39.8236],[123.7775,39.8226],[123.7867,39.8253],[123.7937,39.8298],[123.8073,39.832],[123.8231,39.8358],[123.8326,39.835],[123.8312,39.8307],[123.8658,39.8237],[123.8808,39.8232],[123.881,39.825],[123.8976,39.8234],[123.9116,39.8193],[123.9196,39.8199],[123.941,39.8194],[123.949,39.8164],[123.9608,39.8093],[123.9917,39.8025],[124.0039,39.8012],[124.0409,39.8111],[124.054,39.8184],[124.0565,39.817],[124.0906,39.8291],[124.0935,39.8254],[124.1085,39.8288],[124.1154,39.8291],[124.0982,39.7954],[124.1,39.7948],[124.1159,39.8247],[124.121,39.8367],[124.1261,39.8353],[124.102,39.7762],[124.1068,39.7717],[124.1405,39.7462],[124.147,39.7571],[124.1233,39.7749],[124.1334,39.7828],[124.1507,39.7697],[124.1542,39.7823],[124.1331,39.7983],[124.1402,39.8041],[124.1536,39.794],[124.1521,39.8073],[124.1407,39.8205],[124.1482,39.8244],[124.1543,39.8174],[124.1573,39.8244],[124.1588,39.8356],[124.1672,39.855],[124.1765,39.8528],[124.1713,39.8403],[124.1648,39.8362],[124.1683,39.8281],[124.1918,39.8403],[124.2068,39.8501],[124.2121,39.8555],[124.216,39.8642],[124.2167,39.8698],[124.215,39.8898],[124.2211,39.9087],[124.2279,39.9193],[124.2407,39.9278],[124.2634,39.9325],[124.2732,39.9311],[124.2842,39.9277],[124.2853,39.936],[124.2935,39.9446],[124.2827,39.9475],[124.2848,39.9544],[124.2832,39.9614],[124.2921,39.9649],[124.2923,39.9678],[124.3105,39.9678],[124.3181,39.972],[124.3237,39.979],[124.345,39.9878],[124.3436,39.9782],[124.3462,39.9731],[124.3541,39.9707],[124.3606,39.9919],[124.3682,40.0062],[124.3718,40.0168],[124.369,40.0355],[124.3491,40.0435],[124.3377,40.0467],[124.3345,40.0566],[124.3396,40.0663],[124.3507,40.0807],[124.3636,40.0886],[124.3706,40.1008],[124.3924,40.1151],[124.3965,40.1202],[124.4008,40.1308],[124.4056,40.1356],[124.4263,40.1423],[124.4305,40.1514],[124.4371,40.1563],[124.4431,40.1657],[124.4488,40.1706],[124.4571,40.1743],[124.472,40.1752],[124.4812,40.1723],[124.4853,40.1756],[124.4895,40.1893],[124.5018,40.1996],[124.5095,40.2184],[124.5191,40.2222],[124.5177,40.2261],[124.5227,40.2298],[124.532,40.2322],[124.5409,40.2367],[124.5462,40.2374],[124.5562,40.2472],[124.5678,40.2554],[124.5747,40.2588],[124.6139,40.286],[124.6432,40.3012],[124.658,40.3033],[124.6719,40.3024],[124.6802,40.3057],[124.7058,40.3132],[124.7214,40.3222],[124.7284,40.3317],[124.7374,40.3661],[124.7461,40.3757],[124.7658,40.3871],[124.7808,40.3925],[124.7987,40.3957],[124.8171,40.4045],[124.8565,40.4332],[124.8739,40.4513],[124.8811,40.4607],[124.8893,40.4756],[124.8947,40.4801],[124.9006,40.4819],[124.9098,40.4781],[124.9057,40.464],[124.9115,40.4577],[124.9222,40.4544],[124.9397,40.4532],[124.9507,40.4563],[124.9668,40.4646],[124.9809,40.4708],[124.9877,40.4708],[124.9965,40.4675],[125.0113,40.458],[125.0197,40.4561],[125.0351,40.4603],[125.0403,40.4644],[125.0422,40.4781],[125.0381,40.4867],[125.0283,40.492],[125.0048,40.4969],[124.9997,40.5008],[124.9997,40.5071],[125.0026,40.5179],[125.0083,40.5248],[125.0385,40.5392],[125.0596,40.5465],[125.0957,40.5563],[125.1133,40.5646],[125.1326,40.5785],[125.147,40.5866],[125.1721,40.6019],[125.1858,40.6075],[125.2037,40.6102],[125.2276,40.6107],[125.2431,40.6079],[125.2573,40.6129],[125.2623,40.6185],[125.2657,40.6311],[125.2643,40.6406],[125.2668,40.6477],[125.2772,40.6542],[125.2852,40.6548],[125.2967,40.6525],[125.3036,40.6493],[125.3189,40.6398],[125.3292,40.637],[125.3535,40.6479],[125.3633,40.651],[125.3713,40.6507],[125.3807,40.6415],[125.3886,40.6312],[125.3973,40.6253],[125.4082,40.6254],[125.4149,40.6279],[125.4171,40.6314],[125.4161,40.6438],[125.4092,40.6586],[125.4091,40.6657],[125.4172,40.6716],[125.4272,40.6701],[125.4379,40.6651],[125.4446,40.6659],[125.4516,40.6745],[125.4519,40.6963],[125.4639,40.7092],[125.4753,40.7173],[125.4858,40.7213],[125.4923,40.7216],[125.5052,40.7187],[125.5243,40.7164],[125.532,40.7196],[125.5398,40.7264],[125.5455,40.7422],[125.5461,40.7574],[125.5483,40.7624],[125.5608,40.7764],[125.5673,40.7807],[125.5747,40.7823],[125.5808,40.7787],[125.5884,40.7672],[125.5915,40.7557],[125.5991,40.7545],[125.6205,40.7587],[125.6314,40.7629],[125.6474,40.7656],[125.6639,40.7614],[125.6773,40.7624],[125.6847,40.7671],[125.6858,40.7758],[125.6821,40.785],[125.6673,40.7897],[125.6477,40.7919],[125.6319,40.7962],[125.6293,40.7989],[125.6307,40.807],[125.634,40.8118],[125.6478,40.8187],[125.6642,40.8285],[125.6719,40.8312],[125.6794,40.8392],[125.6895,40.847],[125.702,40.8637],[125.701,40.871],[125.6915,40.8836],[125.6843,40.8953],[125.6793,40.8992],[125.6677,40.9028],[125.6516,40.915],[125.642,40.9128],[125.6403,40.9055],[125.635,40.9058],[125.6128,40.9036],[125.5981,40.8995],[125.5939,40.8952],[125.5815,40.8902],[125.5736,40.8904],[125.5714,40.8956],[125.5731,40.9031],[125.5769,40.908],[125.5844,40.9111],[125.5838,40.916],[125.5596,40.9286],[125.5515,40.9282],[125.544,40.9216],[125.543,40.9111],[125.5279,40.9063],[125.5234,40.9064],[125.5128,40.9116],[125.5059,40.923],[125.494,40.9372],[125.496,40.944],[125.5147,40.9519],[125.5209,40.9602],[125.5257,40.9781],[125.5228,40.9849],[125.4998,40.9862],[125.4888,40.9844],[125.4828,40.9791],[125.4824,40.9734],[125.4915,40.9682],[125.4967,40.962],[125.4967,40.9545],[125.4889,40.9516],[125.4815,40.9564],[125.4709,40.9573],[125.4568,40.9612],[125.448,40.9691],[125.4499,40.9788],[125.4587,40.987],[125.4598,40.9939],[125.4531,41.0036],[125.4557,41.0171],[125.4528,41.0222],[125.4434,41.0282],[125.4336,41.0294],[125.4275,41.0259],[125.4268,41.0105],[125.4222,41.007],[125.4117,41.0117],[125.4023,41.0103],[125.3901,41.0144],[125.3813,41.0129],[125.3806,41.0082],[125.3853,40.9981],[125.3604,40.996],[125.3501,40.9965],[125.3407,41.0073],[125.3357,41.009],[125.3405,41.0225],[125.3484,41.0261],[125.3464,41.0351],[125.3335,41.0333],[125.3268,41.0378],[125.3203,41.0446],[125.3124,41.0476],[125.3124,41.0538],[125.303,41.0617],[125.3015,41.072],[125.3026,41.0766],[125.2984,41.0838],[125.2773,41.0927],[125.2673,41.0985],[125.2568,41.0949],[125.2456,41.1013],[125.2249,41.1115],[125.218,41.1125],[125.2147,41.105],[125.1992,41.0966],[125.187,41.1046],[125.1761,41.1028],[125.1712,41.1045],[125.1467,41.1038],[125.1365,41.092],[125.1163,41.0925],[125.1058,41.0894],[125.0949,41.0923],[125.0908,41.0953],[125.0772,41.0967],[125.0656,41.101],[125.0626,41.1092],[125.0518,41.1111],[125.0458,41.1151],[125.0378,41.1162],[125.0348,41.112],[125.0124,41.1089],[125.0053,41.1054],[125.0048,41.1007],[125.0005,41.0969],[124.9914,41.0962],[124.9754,41.1105],[124.9549,41.1152],[124.9417,41.1145],[124.9272,41.116],[124.9184,41.1155],[124.9151,41.1179],[124.9062,41.1162],[124.9001,41.1197],[124.8853,41.1214],[124.8805,41.1245],[124.8689,41.1279],[124.8501,41.1368],[124.8312,41.136],[124.8179,41.1407],[124.8082,41.1416],[124.7977,41.1345],[124.7889,41.1312],[124.7732,41.1326],[124.7588,41.136],[124.7531,41.1399],[124.7438,41.1497],[124.7303,41.1528],[124.725,41.1471],[124.7196,41.1449],[124.7129,41.1375],[124.7141,41.1328],[124.7078,41.1302],[124.6967,41.123],[124.6905,41.1244],[124.6828,41.1234],[124.6755,41.1249],[124.6725,41.1162],[124.6679,41.113],[124.665,41.1001],[124.6657,41.0939],[124.6488,41.0897],[124.6427,41.0894],[124.6269,41.0941],[124.6051,41.0897],[124.5796,41.1002],[124.5624,41.0986],[124.5526,41.0929],[124.5359,41.0872],[124.534,41.0728],[124.5206,41.064],[124.5124,41.0604],[124.5117,41.0552],[124.5049,41.0476],[124.4985,41.0484],[124.4861,41.0526],[124.4785,41.0539],[124.4756,41.0579],[124.4573,41.0622],[124.4504,41.0624],[124.4386,41.0652],[124.4289,41.0714],[124.4202,41.0717],[124.4119,41.0741],[124.4082,41.0728],[124.4035,41.0658],[124.3977,41.0642],[124.3944,41.0592],[124.3773,41.0545],[124.3694,41.0509],[124.3596,41.0541],[124.3509,41.0636],[124.349,41.0721],[124.3455,41.0733],[124.3295,41.0663],[124.3231,41.0615],[124.3159,41.0595],[124.3158,41.0558],[124.3094,41.054],[124.3037,41.0559],[124.2952,41.0521],[124.2861,41.0545],[124.2843,41.0573],[124.2896,41.0616],[124.287,41.0657],[124.2886,41.0739],[124.2983,41.0835],[124.3006,41.0882],[124.2964,41.094],[124.2898,41.0941],[124.2786,41.0981],[124.2706,41.0955],[124.2554,41.098],[124.2513,41.0967],[124.2456,41.0879],[124.2362,41.0844],[124.231,41.0781],[124.236,41.0714],[124.2301,41.0625],[124.2296,41.0525],[124.2274,41.0409],[124.223,41.0394],[124.2105,41.0403],[124.2027,41.0441],[124.1999,41.0389],[124.1917,41.0349],[124.1901,41.0284],[124.1848,41.0247],[124.1788,41.0251],[124.1605,41.0351],[124.1543,41.0409],[124.1466,41.0511],[124.14,41.053],[124.1327,41.0523],[124.1301,41.0481],[124.1141,41.0448],[124.1173,41.0379],[124.1058,41.0358],[124.0902,41.0357],[124.0876,41.0339],[124.0922,41.0241],[124.101,41.0141],[124.112,40.9921],[124.1214,40.9825],[124.1212,40.9757],[124.1235,40.965],[124.1287,40.9607],[124.142,40.9554],[124.1416,40.9496],[124.1302,40.9333],[124.1262,40.9231],[124.1255,40.9075],[124.1432,40.8913],[124.1434,40.8855],[124.1353,40.878],[124.1345,40.8702],[124.1375,40.8612],[124.1331,40.8542],[124.1284,40.8516],[124.11,40.8519],[124.0971,40.8446],[124.0882,40.847],[124.0878,40.8557],[124.0784,40.8593],[124.0654,40.8602],[124.0375,40.8638],[124.0254,40.8638],[124.0243,40.862],[124.0106,40.8581],[123.997,40.8604],[123.9909,40.8601],[123.9825,40.8658],[123.9749,40.866],[123.9673,40.8556],[123.9658,40.85],[123.9499,40.8445],[123.947,40.8382],[123.9413,40.8377],[123.9331,40.8275],[123.9259,40.8251],[123.9104,40.8335],[123.9014,40.8303],[123.8869,40.8373],[123.8736,40.8408],[123.8672,40.8383],[123.854,40.8472],[123.8466,40.8506],[123.8431,40.8551],[123.838,40.8514],[123.8296,40.8526],[123.8258,40.8576],[123.8188,40.861],[123.8168,40.8569],[123.8083,40.8534],[123.805,40.8558],[123.7959,40.8556],[123.7859,40.8492],[123.7728,40.8542],[123.7671,40.8539],[123.7619,40.8475],[123.7391,40.8505],[123.7318,40.8452],[123.7269,40.8292],[123.7167,40.8284],[123.7096,40.8239],[123.7084,40.8188],[123.6967,40.8153],[123.6873,40.8148],[123.6825,40.8239],[123.6809,40.8322],[123.6662,40.8242],[123.6581,40.8252],[123.6337,40.8433],[123.6159,40.8502],[123.5922,40.8554],[123.5767,40.8559],[123.5723,40.8528],[123.562,40.8557],[123.558,40.8551],[123.5388,40.8594],[123.5386,40.8471],[123.5442,40.8378],[123.5429,40.8274],[123.5365,40.8247],[123.5423,40.8143],[123.5515,40.802],[123.5714,40.7941],[123.5687,40.7882],[123.5734,40.7797],[123.5788,40.7782],[123.5815,40.7725],[123.5806,40.766],[123.572,40.766],[123.5589,40.7584],[123.5517,40.7461],[123.5497,40.7329],[123.5504,40.727],[123.5458,40.7215],[123.5562,40.711],[123.5648,40.7107],[123.5755,40.7032],[123.5717,40.6909],[123.5774,40.6847],[123.587,40.6844],[123.6001,40.6861],[123.6116,40.6916],[123.6308,40.6891],[123.6462,40.6811],[123.6479,40.6769],[123.6733,40.6684],[123.6831,40.6624],[123.6916,40.6632],[123.7049,40.6602],[123.7077,40.6563],[123.713,40.6563],[123.7254,40.6471],[123.7286,40.6408],[123.7284,40.6305],[123.7358,40.6199],[123.743,40.6137],[123.7414,40.6045],[123.7371,40.6036],[123.7336,40.5978],[123.7275,40.5954],[123.7179,40.5953],[123.7118,40.5906],[123.7225,40.5775],[123.7324,40.5739],[123.73,40.559],[123.7351,40.5518],[123.7353,40.5477],[123.7294,40.5371],[123.7344,40.5339],[123.7352,40.5288],[123.7321,40.5235],[123.7342,40.506],[123.7615,40.4984],[123.7619,40.4917],[123.7597,40.4852],[123.7553,40.4797],[123.7515,40.4669],[123.7542,40.4623],[123.7545,40.4509],[123.7593,40.4483],[123.7602,40.4406],[123.7576,40.4306],[123.7454,40.4218],[123.7395,40.4132],[123.758,40.401],[123.7523,40.3933],[123.752,40.3892],[123.7384,40.3735],[123.7351,40.3651],[123.728,40.3555],[123.7249,40.3472],[123.714,40.3423],[123.7133,40.3357],[123.7071,40.3315],[123.7031,40.3197],[123.7027,40.3113],[123.7065,40.3072],[123.6992,40.2954],[123.6905,40.296],[123.682,40.2905],[123.6743,40.2883],[123.6742,40.282],[123.669,40.2798],[123.6574,40.2689],[123.6529,40.2684],[123.6498,40.2636],[123.6431,40.2592],[123.6316,40.2636],[123.6233,40.2582],[123.624,40.2556],[123.619,40.2487],[123.6061,40.2405],[123.5879,40.2411],[123.5878,40.232],[123.585,40.225],[123.5809,40.2237],[123.5739,40.2105],[123.5678,40.2018],[123.5534,40.1877],[123.5592,40.178],[123.5704,40.1663],[123.5771,40.1634],[123.5943,40.1691],[123.6008,40.1674],[123.6012,40.1582],[123.5981,40.1499],[123.5918,40.1386],[123.5849,40.1291],[123.5696,40.1145],[123.5624,40.1133],[123.5577,40.1066],[123.5577,40.1013],[123.548,40.0982],[123.5407,40.1012],[123.5308,40.1023],[123.5168,40.0984],[123.5078,40.0924],[123.5049,40.0875],[123.493,40.0842],[123.49,40.0804],[123.473,40.0734],[123.4705,40.0704],[123.4757,40.0578],[123.4771,40.0495],[123.469,40.0469],[123.4623,40.0396],[123.458,40.0431],[123.4596,40.0481],[123.4538,40.0503],[123.4583,40.0367],[123.4643,40.035],[123.467,40.0307],[123.4519,40.0315],[123.4426,40.0356],[123.4313,40.0318],[123.4247,40.0318],[123.4171,40.029],[123.4145,40.0238],[123.4004,40.012],[123.3989,40.0077],[123.402,39.9975],[123.3952,39.9916],[123.3958,39.9803],[123.3908,39.9797],[123.3776,39.9711],[123.371,39.9696],[123.3775,39.9591],[123.3791,39.9533],[123.3874,39.9528],[123.3877,39.9429],[123.3853,39.937],[123.3932,39.9329],[123.3892,39.9289],[123.3927,39.9255],[123.399,39.9273],[123.4017,39.9333],[123.4146,39.9324],[123.4238,39.9276],[123.4259,39.9244],[123.4362,39.9231],[123.4485,39.9251],[123.4506,39.9277],[123.4585,39.9232],[123.4648,39.9234],[123.4764,39.9067],[123.4841,39.901],[123.4848,39.8966],[123.475,39.89],[123.4684,39.8797],[123.4684,39.8677],[123.4773,39.8585],[123.486,39.8559],[123.4945,39.8505],[123.4985,39.8423],[123.4956,39.827],[123.4988,39.8188],[123.509,39.813],[123.5121,39.8071],[123.5152,39.7937],[123.5153,39.7852]]]},"properties":{"region_code":"CN-21-2106","parent_region_code":"CN-21","name":"丹东市","level":"prefecture","has_children":true,"full_path":"中国 / 辽宁省 / 丹东市","source_admin_code":"2106","osm_relation_id":9638643}},
{"type":"Feature","geometry":{"type":"Polygon","coordinates":[[[122.4203,42.1267],[122.4114,42.1219],[122.3845,42.1126],[122.3751,42.1072],[122.3613,42.1026],[122.3411,42.0975],[122.3313,42.092],[122.3075,42.0813],[122.2959,42.0774],[122.2883,42.0778],[122.2665,42.0659],[122.2215,42.0468],[122.2074,42.0479],[122.2017,42.0394],[122.2017,42.0353],[122.1865,42.0303],[122.1808,42.0262],[122.1693,42.025],[122.152,42.028],[122.1466,42.0302],[122.141,42.0224],[122.1441,42.0153],[122.1362,42.0174],[122.1307,42.015],[122.1328,42.0077],[122.1256,41.9973],[122.1184,41.9967],[122.1128,41.9991],[122.1,41.9896],[122.0894,41.9841],[122.0908,41.9803],[122.0884,41.9735],[122.0765,41.965],[122.0723,41.9665],[122.0631,41.9634],[122.0578,41.9646],[122.0564,41.9583],[122.0437,41.9471],[122.0367,41.9438],[122.0338,41.9349],[122.0295,41.9286],[122.0086,41.923],[121.9987,41.9284],[121.9909,41.9261],[121.9865,41.9177],[121.9921,41.9092],[121.9807,41.899],[121.9764,41.8979],[121.9674,41.8906],[121.9554,41.892],[121.9571,41.8828],[121.9533,41.8786],[121.9364,41.8711],[121.9277,41.8726],[121.9234,41.8602],[121.9026,41.862],[121.9028,41.8593],[121.9112,41.8562],[121.8918,41.8426],[121.8786,41.8421],[121.8553,41.8439],[121.8437,41.8432],[121.8384,41.8339],[121.8278,41.8267],[121.8263,41.8185],[121.8356,41.8115],[121.8481,41.8096],[121.8573,41.8111],[121.8406,41.7969],[121.8298,41.7847],[121.8211,41.7805],[121.8171,41.7806],[121.8069,41.7881],[121.8013,41.7946],[121.7926,41.7996],[121.7731,41.8041],[121.7489,41.7939],[121.717,41.7935],[121.7088,41.7969],[121.7019,41.8018],[121.6916,41.7967],[121.6812,41.7861],[121.6697,41.7721],[121.6587,41.7718],[121.6496,41.7742],[121.6354,41.7724],[121.6238,41.782],[121.5996,41.7856],[121.544,41.7829],[121.5324,41.7808],[121.5301,41.7698],[121.5167,41.766],[121.5159,41.7621],[121.507,41.7603],[121.5076,41.7469],[121.5016,41.7421],[121.5063,41.7366],[121.5054,41.7325],[121.5103,41.7276],[121.5098,41.7183],[121.5058,41.7156],[121.4963,41.7157],[121.4872,41.7195],[121.4812,41.7172],[121.4725,41.7102],[121.469,41.6991],[121.4706,41.6935],[121.4627,41.6907],[121.4521,41.6986],[121.453,41.7054],[121.4499,41.7088],[121.4472,41.7174],[121.4314,41.7307],[121.4154,41.7318],[121.4137,41.7342],[121.3979,41.7322],[121.3891,41.7345],[121.3747,41.7274],[121.375,41.7225],[121.3696,41.7216],[121.3545,41.7235],[121.3334,41.7312],[121.3274,41.7398],[121.337,41.7443],[121.3384,41.7522],[121.3362,41.7587],[121.3378,41.7663],[121.3309,41.7695],[121.327,41.7687],[121.308,41.7702],[121.3026,41.7734],[121.2784,41.7828],[121.2672,41.7902],[121.2581,41.7923],[121.2524,41.7841],[121.2506,41.7766],[121.2558,41.7723],[121.2212,41.761],[121.2178,41.7549],[121.222,41.7515],[121.2125,41.7432],[121.2104,41.738],[121.2167,41.7284],[121.2279,41.7193],[121.2257,41.7123],[121.2208,41.7054],[121.224,41.7037],[121.2225,41.6975],[121.218,41.6974],[121.2126,41.6874],[121.2212,41.6865],[121.219,41.6759],[121.205,41.6757],[121.2012,41.6733],[121.1886,41.6758],[121.186,41.6726],[121.1703,41.6638],[121.1718,41.6686],[121.1606,41.6648],[121.1538,41.6689],[121.1479,41.6666],[121.1446,41.6618],[121.1383,41.6591],[121.1414,41.6472],[121.1344,41.6461],[121.123,41.6389],[121.1173,41.6378],[121.1182,41.631],[121.1122,41.6229],[121.1055,41.6171],[121.0981,41.621],[121.0945,41.6164],[121.0858,41.6134],[121.0717,41.6153],[121.0697,41.6115],[121.0613,41.616],[121.0665,41.6223],[121.0617,41.6272],[121.0566,41.6243],[121.0448,41.6219],[121.0427,41.6149],[121.037,41.6091],[121.0285,41.6073],[121.0208,41.6078],[121.0113,41.6003],[121.0078,41.6041],[120.9996,41.6025],[120.9918,41.5939],[120.9835,41.5944],[120.9788,41.5983],[120.9707,41.5973],[120.9686,41.5934],[120.9709,41.5891],[120.9684,41.5816],[120.9736,41.5733],[120.97,41.5721],[120.9764,41.5646],[120.9665,41.5585],[120.9511,41.543],[120.9521,41.5393],[120.9434,41.539],[120.9349,41.5355],[120.9313,41.5292],[120.921,41.5291],[120.9192,41.5229],[120.9094,41.5259],[120.9016,41.5195],[120.8961,41.5104],[120.8971,41.4981],[120.8954,41.4907],[120.8915,41.4835],[120.8998,41.4792],[120.897,41.4724],[120.8923,41.4695],[120.8875,41.4734],[120.8776,41.4756],[120.8724,41.4746],[120.8734,41.4476],[120.8708,41.4333],[120.8774,41.4255],[120.8787,41.4198],[120.8723,41.4163],[120.8656,41.4195],[120.86,41.4147],[120.852,41.4155],[120.8475,41.4211],[120.8405,41.42],[120.8363,41.4118],[120.8385,41.4048],[120.831,41.3965],[120.8279,41.3961],[120.8167,41.4075],[120.8137,41.4153],[120.8143,41.4194],[120.8096,41.4233],[120.8023,41.4219],[120.8007,41.4161],[120.8046,41.4145],[120.8111,41.4058],[120.8108,41.4033],[120.8017,41.3994],[120.7967,41.3938],[120.7851,41.3935],[120.7811,41.3893],[120.781,41.3837],[120.7749,41.3771],[120.7649,41.3745],[120.763,41.3675],[120.7692,41.3662],[120.7647,41.3562],[120.7531,41.3551],[120.751,41.345],[120.7472,41.3407],[120.7512,41.335],[120.7457,41.3279],[120.7424,41.3174],[120.7466,41.3113],[120.7462,41.3059],[120.7502,41.3004],[120.7449,41.2971],[120.7415,41.2888],[120.7362,41.2883],[120.7305,41.2845],[120.7283,41.2715],[120.7333,41.2687],[120.7471,41.2665],[120.7523,41.2593],[120.7586,41.2595],[120.7607,41.2515],[120.7551,41.2441],[120.7449,41.2418],[120.7415,41.2392],[120.733,41.2383],[120.7253,41.229],[120.7153,41.2262],[120.7117,41.2205],[120.715,41.2176],[120.7232,41.2184],[120.7275,41.2162],[120.7374,41.2194],[120.7461,41.2111],[120.7575,41.2092],[120.7631,41.204],[120.7635,41.1993],[120.7588,41.1921],[120.7659,41.1922],[120.7757,41.2008],[120.782,41.1984],[120.7904,41.1802],[120.7828,41.1741],[120.7788,41.1683],[120.7833,41.1595],[120.8002,41.1558],[120.7985,41.1488],[120.8009,41.1454],[120.8199,41.1391],[120.8272,41.1338],[120.8292,41.1297],[120.8377,41.1304],[120.8455,41.1388],[120.8519,41.1384],[120.8548,41.1432],[120.8709,41.1543],[120.8767,41.1499],[120.9024,41.1424],[120.9069,41.1364],[120.905,41.1332],[120.8934,41.1292],[120.8935,41.1258],[120.9042,41.1194],[120.9177,41.1188],[120.9255,41.1158],[120.9331,41.1221],[120.9374,41.1175],[120.9359,41.1117],[120.9386,41.0968],[120.9433,41.0883],[120.9457,41.0773],[120.9387,41.076],[120.9411,41.0707],[120.9376,41.0597],[120.9387,41.0503],[120.9475,41.0431],[120.9546,41.0482],[120.9666,41.0441],[120.9776,41.0437],[120.9751,41.0384],[120.9858,41.0308],[120.9982,41.0324],[121.0054,41.0393],[121.0163,41.0415],[121.0185,41.0442],[121.0271,41.0444],[121.0268,41.0318],[121.0221,41.0275],[121.0186,41.0135],[121.0113,40.9968],[121.008,40.9827],[121.0076,40.9758],[121.0109,40.9714],[121.0105,40.9556],[121.0062,40.9458],[121.0147,40.9408],[121.029,40.9415],[121.0311,40.9319],[121.0181,40.926],[121.0291,40.9174],[121.0288,40.9132],[121.0232,40.911],[121.0282,40.9049],[121.0263,40.8955],[121.0271,40.8884],[121.0146,40.8665],[121.0058,40.8617],[121.0025,40.856],[121.0008,40.8467],[121.0036,40.8443],[121.0052,40.8366],[121.0087,40.8309],[121.007,40.827],[121.0066,40.785],[121.0131,40.7849],[121.0132,40.7921],[121.0338,40.7933],[121.0341,40.8077],[121.0404,40.8076],[121.0491,40.7957],[121.0605,40.7987],[121.0544,40.8085],[121.0615,40.8113],[121.0687,40.8013],[121.0734,40.8028],[121.0596,40.8234],[121.0724,40.826],[121.0762,40.8322],[121.086,40.8396],[121.0897,40.8444],[121.085,40.8482],[121.0858,40.8528],[121.0747,40.8556],[121.077,40.8661],[121.0829,40.8702],[121.0869,40.8594],[121.0909,40.853],[121.1,40.8523],[121.1082,40.8638],[121.1134,40.8736],[121.1171,40.8733],[121.1289,40.8802],[121.1385,40.8815],[121.1532,40.8763],[121.1597,40.8753],[121.1692,40.8778],[121.1751,40.8868],[121.1937,40.8887],[121.2116,40.8888],[121.2132,40.8827],[121.2218,40.8824],[121.2215,40.8784],[121.2046,40.8739],[121.1952,40.8596],[121.2206,40.8593],[121.2186,40.852],[121.2556,40.8516],[121.2561,40.8604],[121.2337,40.8608],[121.2341,40.8837],[121.2462,40.8843],[121.2461,40.8885],[121.253,40.8897],[121.2707,40.8995],[121.2778,40.8874],[121.2832,40.8736],[121.291,40.8629],[121.2889,40.8559],[121.2905,40.8507],[121.2987,40.851],[121.3026,40.8479],[121.3271,40.8522],[121.3547,40.8478],[121.3546,40.8457],[121.4254,40.8339],[121.4316,40.8367],[121.4239,40.8705],[121.4247,40.8884],[121.429,40.8892],[121.4344,40.8837],[121.4767,40.8853],[121.489,40.8812],[121.4961,40.8822],[121.5003,40.8749],[121.5141,40.8727],[121.5159,40.8652],[121.5211,40.8615],[121.5171,40.8572],[121.507,40.8552],[121.4955,40.86],[121.5044,40.8697],[121.4949,40.8775],[121.4779,40.8723],[121.4753,40.8699],[121.4714,40.8597],[121.4756,40.8528],[121.4829,40.8495],[121.5012,40.8503],[121.5074,40.8549],[121.5162,40.8567],[121.5176,40.853],[121.5116,40.8486],[121.508,40.8425],[121.5316,40.8329],[121.5308,40.8444],[121.5339,40.8499],[121.5415,40.8583],[121.5486,40.8582],[121.554,40.8691],[121.5587,40.8764],[121.5656,40.8781],[121.5728,40.876],[121.5799,40.8846],[121.592,40.8952],[121.6056,40.9017],[121.6092,40.9048],[121.6231,40.906],[121.6278,40.9126],[121.6432,40.9386],[121.6433,40.9479],[121.6476,40.9524],[121.6584,40.9567],[121.6569,40.9682],[121.6616,40.984],[121.6679,40.9875],[121.6782,40.9866],[121.6779,40.9921],[121.669,40.9928],[121.671,41.006],[121.6619,41.0255],[121.6604,41.0306],[121.656,41.0321],[121.6555,41.0464],[121.6578,41.0491],[121.6455,41.0532],[121.6431,41.0606],[121.6612,41.0581],[121.6747,41.0829],[121.6688,41.0828],[121.6676,41.0895],[121.6824,41.0952],[121.6909,41.0893],[121.7096,41.0895],[121.7091,41.0853],[121.7424,41.0839],[121.7435,41.0877],[121.7534,41.0871],[121.7546,41.0977],[121.7475,41.1039],[121.7343,41.1125],[121.7368,41.1051],[121.7163,41.1063],[121.7125,41.1016],[121.6899,41.1036],[121.6749,41.0981],[121.6603,41.0977],[121.6319,41.1004],[121.6056,41.1016],[121.5799,41.1063],[121.5735,41.1137],[121.5615,41.1327],[121.5625,41.1442],[121.5663,41.1489],[121.5971,41.1789],[121.6102,41.1802],[121.6144,41.1856],[121.6159,41.2052],[121.5972,41.2098],[121.5861,41.2075],[121.5757,41.2141],[121.5729,41.2192],[121.5707,41.2303],[121.5751,41.2478],[121.5956,41.2558],[121.6102,41.2647],[121.6235,41.2741],[121.6223,41.2767],[121.6338,41.2834],[121.638,41.2818],[121.646,41.2848],[121.6463,41.2909],[121.6575,41.2915],[121.6806,41.3033],[121.6962,41.3138],[121.7038,41.3155],[121.7117,41.3144],[121.716,41.3169],[121.724,41.3266],[121.7299,41.3309],[121.7406,41.3348],[121.75,41.334],[121.7532,41.3291],[121.7699,41.3306],[121.7688,41.3375],[121.7861,41.3369],[121.7896,41.3436],[121.7961,41.3467],[121.8221,41.3504],[121.8422,41.3507],[121.8628,41.339],[121.8642,41.3286],[121.8802,41.3206],[121.8902,41.3302],[121.899,41.336],[121.8959,41.3402],[121.9008,41.3451],[121.8999,41.3499],[121.9119,41.3558],[121.9164,41.3644],[121.9415,41.3677],[121.9477,41.3759],[121.9466,41.381],[121.9511,41.3843],[121.9699,41.3819],[121.9965,41.3839],[122.0053,41.3839],[122.015,41.3803],[122.0182,41.377],[122.0209,41.369],[122.0313,41.3685],[122.0523,41.3782],[122.0824,41.3877],[122.089,41.392],[122.0935,41.3976],[122.1055,41.4039],[122.1104,41.4098],[122.1375,41.4204],[122.1319,41.4259],[122.1507,41.4334],[122.1615,41.4427],[122.164,41.4409],[122.1722,41.4497],[122.1798,41.4464],[122.1882,41.4574],[122.2075,41.4803],[122.2137,41.4848],[122.2214,41.484],[122.231,41.4899],[122.263,41.5049],[122.2891,41.516],[122.348,41.5383],[122.3658,41.5486],[122.3999,41.5499],[122.4306,41.5494],[122.4358,41.5499],[122.4682,41.5577],[122.4818,41.5639],[122.4826,41.5669],[122.4748,41.5716],[122.4748,41.5772],[122.4862,41.5851],[122.4799,41.5928],[122.4841,41.6005],[122.4817,41.6036],[122.4878,41.6137],[122.4915,41.6137],[122.4963,41.6245],[122.5052,41.6254],[122.5083,41.6288],[122.5143,41.6405],[122.5132,41.646],[122.52,41.6492],[122.5212,41.6529],[122.5101,41.6561],[122.5122,41.6748],[122.521,41.6742],[122.5281,41.6681],[122.5328,41.669],[122.5455,41.6768],[122.5428,41.6862],[122.5443,41.697],[122.5508,41.706],[122.5614,41.7089],[122.5696,41.7147],[122.5671,41.7264],[122.5703,41.7294],[122.5658,41.7339],[122.5658,41.7379],[122.5727,41.7529],[122.5829,41.7564],[122.5964,41.7637],[122.5913,41.7705],[122.5696,41.769],[122.5664,41.7705],[122.5576,41.7689],[122.5524,41.7725],[122.5556,41.7805],[122.5558,41.7876],[122.549,41.7901],[122.5471,41.7855],[122.5396,41.7899],[122.5349,41.799],[122.5247,41.8014],[122.5246,41.8064],[122.5121,41.81],[122.5132,41.8143],[122.503,41.816],[122.4947,41.8247],[122.4809,41.8306],[122.465,41.8353],[122.4543,41.8409],[122.4522,41.8588],[122.4541,41.8682],[122.4513,41.8754],[122.4539,41.8797],[122.4458,41.8824],[122.4383,41.8883],[122.4364,41.894],[122.4379,41.8988],[122.4509,41.9024],[122.4685,41.9039],[122.4883,41.9018],[122.5059,41.9021],[122.5135,41.8978],[122.5179,41.904],[122.5122,41.9089],[122.515,41.9133],[122.5104,41.9263],[122.5129,41.9338],[122.5046,41.9337],[122.4971,41.9424],[122.499,41.9509],[122.4942,41.96],[122.4969,41.9673],[122.4918,41.9737],[122.4872,41.9847],[122.4929,41.9927],[122.4889,42.0049],[122.4813,42.0138],[122.4764,42.0225],[122.4636,42.0281],[122.4724,42.0362],[122.4679,42.0394],[122.4568,42.0393],[122.4534,42.0422],[122.4545,42.0516],[122.4437,42.0576],[122.4425,42.0623],[122.4482,42.0703],[122.4366,42.0711],[122.4284,42.0757],[122.4316,42.0828],[122.4446,42.0859],[122.4423,42.0919],[122.4353,42.0921],[122.4227,42.0899],[122.4297,42.1021],[122.4422,42.1081],[122.4419,42.113],[122.4333,42.1143],[122.4337,42.1217],[122.4252,42.1224],[122.4203,42.1267]],[[121.5855,40.948],[121.5819,40.9524],[121.5898,40.9542],[121.5916,40.9491],[121.5855,40.948]],[[121.4987,41.0031],[121.4959,40.9982],[121.4847,40.9979],[121.4799,41.0051],[121.4987,41.0054],[121.4987,41.0031]]]},"properties":{"region_code":"CN-21-2107","parent_region_code":"CN-21","name":"锦州市","level":"prefecture","has_children":true,"full_path":"中国 / 辽宁省 / 锦州市","source_admin_code":"2107","osm_relation_id":2770977}},
{"type":"Feature","geometry":{"type":"Polygon","coordinates":[[[122.8887,40.204],[122.8916,40.2175],[122.8865,40.2252],[122.8852,40.2338],[122.8798,40.235],[122.8771,40.2406],[122.8768,40.2478],[122.8696,40.2574],[122.8701,40.2634],[122.8678,40.2685],[122.8708,40.2708],[122.8719,40.2801],[122.8772,40.296],[122.8762,40.3057],[122.8866,40.3151],[122.8863,40.3182],[122.9054,40.3293],[122.9107,40.3303],[122.9196,40.3373],[122.9213,40.3415],[122.9269,40.3435],[122.9285,40.3515],[122.9223,40.3594],[122.9243,40.365],[122.9302,40.3694],[122.933,40.3751],[122.9273,40.3829],[122.9332,40.396],[122.9314,40.408],[122.9361,40.4136],[122.9458,40.4128],[122.9533,40.4161],[122.97,40.416],[122.9782,40.4172],[122.9823,40.4225],[122.9897,40.4262],[122.9913,40.4373],[122.9891,40.4439],[122.9769,40.4585],[122.9826,40.4665],[122.9874,40.4673],[122.9994,40.4753],[123.0013,40.4799],[122.986,40.481],[122.9775,40.4841],[122.9703,40.4987],[122.9687,40.504],[122.9641,40.5076],[122.9497,40.5139],[122.9446,40.5143],[122.9308,40.5275],[122.9234,40.5323],[122.9202,40.5313],[122.9096,40.5362],[122.8998,40.5351],[122.8922,40.5373],[122.8743,40.5274],[122.8566,40.5279],[122.8497,40.5315],[122.8221,40.5374],[122.8191,40.5466],[122.8113,40.5563],[122.8056,40.5578],[122.8022,40.5689],[122.7924,40.5774],[122.7861,40.5782],[122.7782,40.5759],[122.757,40.5767],[122.7567,40.5814],[122.7398,40.5842],[122.7262,40.5817],[122.718,40.5859],[122.7124,40.5912],[122.7078,40.5904],[122.7006,40.5949],[122.6984,40.6001],[122.6869,40.5985],[122.6825,40.594],[122.6738,40.5912],[122.6663,40.5932],[122.6578,40.5932],[122.6542,40.5891],[122.6545,40.5822],[122.6462,40.5833],[122.6456,40.5925],[122.635,40.5975],[122.6221,40.6065],[122.6342,40.6084],[122.6458,40.6156],[122.6493,40.6239],[122.642,40.637],[122.6482,40.6373],[122.652,40.6433],[122.6518,40.6499],[122.6547,40.657],[122.6644,40.6611],[122.6666,40.6646],[122.6623,40.6682],[122.6472,40.6669],[122.6421,40.665],[122.6356,40.6582],[122.631,40.6631],[122.6206,40.6666],[122.6181,40.6704],[122.6201,40.6834],[122.6178,40.6867],[122.6284,40.6954],[122.6316,40.6954],[122.6461,40.7091],[122.6461,40.7286],[122.6447,40.7383],[122.6405,40.7457],[122.6346,40.7472],[122.5958,40.7503],[122.583,40.7471],[122.5769,40.7471],[122.5626,40.7566],[122.5518,40.7596],[122.5258,40.7621],[122.5261,40.7641],[122.5107,40.7644],[122.5214,40.7791],[122.5369,40.7969],[122.533,40.7994],[122.5348,40.8146],[122.531,40.8212],[122.5221,40.8224],[122.5164,40.8255],[122.5179,40.8325],[122.5155,40.8363],[122.5097,40.8377],[122.5116,40.8466],[122.5032,40.8475],[122.4972,40.8459],[122.4789,40.8487],[122.4828,40.8591],[122.4927,40.8694],[122.4976,40.8712],[122.4966,40.878],[122.4879,40.8819],[122.4864,40.8912],[122.4873,40.8983],[122.4933,40.9045],[122.4979,40.9136],[122.5009,40.9275],[122.4987,40.9319],[122.484,40.9344],[122.4789,40.9308],[122.4702,40.9333],[122.454,40.935],[122.4445,40.9383],[122.4334,40.9356],[122.428,40.9289],[122.4155,40.927],[122.4119,40.9225],[122.4063,40.9242],[122.3988,40.9216],[122.3888,40.9203],[122.3766,40.9227],[122.3725,40.9158],[122.3722,40.9072],[122.3584,40.9068],[122.3554,40.9118],[122.3468,40.9137],[122.3424,40.9127],[122.337,40.906],[122.33,40.9039],[122.3303,40.8954],[122.3249,40.8917],[122.3172,40.8924],[122.3126,40.8965],[122.3188,40.9028],[122.3177,40.9059],[122.3063,40.9067],[122.3041,40.9049],[122.2996,40.888],[122.2909,40.878],[122.2802,40.8707],[122.2753,40.8644],[122.2665,40.8619],[122.262,40.867],[122.2532,40.8685],[122.2395,40.8637],[122.229,40.8629],[122.2202,40.8594],[122.2166,40.8502],[122.209,40.8508],[122.2011,40.8549],[122.1841,40.8727],[122.1767,40.8749],[122.1711,40.8669],[122.1702,40.8543],[122.1755,40.8442],[122.1836,40.835],[122.1791,40.8306],[122.1723,40.831],[122.1522,40.8385],[122.1431,40.8366],[122.1323,40.8227],[122.1226,40.8149],[122.0978,40.804],[122.0921,40.7988],[122.0918,40.7944],[122.0966,40.7888],[122.1286,40.775],[122.1528,40.7581],[122.1717,40.7515],[122.1797,40.7426],[122.1787,40.7319],[122.1833,40.7223],[122.1949,40.7121],[122.205,40.7088],[122.2266,40.7091],[122.2426,40.7116],[122.2563,40.7105],[122.2648,40.7065],[122.2676,40.7013],[122.2648,40.6911],[122.2392,40.6813],[122.2289,40.6807],[122.2275,40.6862],[122.2138,40.6889],[122.2117,40.6917],[122.1999,40.6915],[122.1891,40.7002],[122.1822,40.6941],[122.1695,40.7061],[122.1625,40.7093],[122.1542,40.7085],[122.1488,40.7036],[122.1464,40.6977],[122.1487,40.6828],[122.1555,40.6832],[122.1608,40.6745],[122.164,40.6661],[122.1627,40.6608],[122.1548,40.6427],[122.1426,40.6274],[122.1359,40.6272],[122.1315,40.6219],[122.1309,40.6153],[122.1383,40.6143],[122.1412,40.6086],[122.1495,40.6022],[122.1756,40.5862],[122.1844,40.5792],[122.1995,40.5698],[122.1908,40.5622],[122.1948,40.559],[122.2,40.5623],[122.2072,40.5575],[122.2187,40.5468],[122.2291,40.5395],[122.22,40.5355],[122.2359,40.5241],[122.2511,40.5148],[122.2502,40.5124],[122.2295,40.5041],[122.2405,40.4862],[122.2512,40.4881],[122.2635,40.4863],[122.2678,40.4842],[122.2792,40.4868],[122.2777,40.4746],[122.2743,40.4718],[122.2574,40.4746],[122.2331,40.4745],[122.2247,40.4736],[122.2183,40.4611],[122.2383,40.4601],[122.2479,40.4519],[122.2532,40.4436],[122.2463,40.4406],[122.2279,40.4205],[122.2157,40.4197],[122.2084,40.4227],[122.1998,40.4187],[122.1991,40.4153],[122.2026,40.4055],[122.2046,40.3944],[122.2002,40.39],[122.2061,40.3795],[122.1989,40.3739],[122.1853,40.3777],[122.179,40.3693],[122.1938,40.3631],[122.1901,40.3577],[122.1837,40.3611],[122.1815,40.3559],[122.1736,40.3496],[122.1724,40.3444],[122.1662,40.3429],[122.1568,40.3513],[122.1485,40.3448],[122.1349,40.3631],[122.1292,40.3654],[122.1113,40.3632],[122.1214,40.3519],[122.1192,40.3502],[122.1287,40.3395],[122.1325,40.3394],[122.1376,40.334],[122.1296,40.3298],[122.1314,40.3273],[122.1088,40.3155],[122.1115,40.31],[122.1018,40.307],[122.0941,40.3064],[122.0786,40.3292],[122.0722,40.3299],[122.0409,40.3178],[122.0378,40.3144],[122.0379,40.3043],[122.0641,40.3144],[122.0729,40.3165],[122.0821,40.3022],[122.0891,40.2935],[122.0944,40.291],[122.0988,40.2821],[122.0945,40.2802],[122.095,40.2471],[122.082,40.247],[122.0818,40.2626],[122.0792,40.2627],[122.0785,40.2461],[122.0451,40.2459],[122.0464,40.2381],[122.0521,40.2362],[122.0984,40.2368],[122.095,40.2317],[122.0837,40.2229],[122.0653,40.2124],[122.0547,40.2129],[122.0519,40.2186],[122.0456,40.2195],[122.042,40.2129],[122.0515,40.2015],[122.0399,40.1956],[122.0218,40.1888],[122.0199,40.1895],[122.02,40.2004],[121.9926,40.2006],[121.9921,40.2103],[121.981,40.2115],[121.9812,40.2006],[121.9593,40.201],[121.9611,40.1953],[121.9869,40.189],[121.9875,40.1831],[121.9907,40.1791],[121.9956,40.1822],[122.002,40.18],[122.0089,40.1661],[122.0099,40.1527],[122.0072,40.1402],[122.0011,40.1291],[121.9868,40.1206],[121.9754,40.1172],[121.9607,40.1201],[121.9502,40.1157],[121.9598,40.1115],[121.9677,40.1075],[121.9795,40.0935],[121.9829,40.0862],[121.9802,40.0802],[121.9748,40.0757],[121.9796,40.0578],[121.9894,40.0511],[122.005,40.0512],[122.0151,40.0569],[122.0381,40.0609],[122.0445,40.0654],[122.0527,40.063],[122.0625,40.0651],[122.0675,40.0634],[122.0679,40.055],[122.077,40.0536],[122.08,40.0437],[122.0847,40.0374],[122.0906,40.0408],[122.1063,40.0409],[122.1123,40.0423],[122.1197,40.0409],[122.1346,40.0294],[122.1523,40.0342],[122.1698,40.0257],[122.1755,40.0133],[122.1802,40.0085],[122.1857,40.0089],[122.1915,40.0047],[122.1957,39.9965],[122.2136,39.9988],[122.2259,40.0075],[122.2375,40.0208],[122.2439,40.0159],[122.2446,40.0105],[122.2552,40.0047],[122.2563,39.9939],[122.2544,39.9883],[122.2646,39.9827],[122.2649,39.9778],[122.2749,39.9673],[122.2858,39.9667],[122.2902,39.9714],[122.2979,39.9738],[122.3053,39.9796],[122.3218,39.9832],[122.3289,39.9836],[122.3389,39.9811],[122.3525,39.9681],[122.3628,39.9672],[122.3683,39.9648],[122.3787,39.968],[122.3954,39.9695],[122.4002,39.9663],[122.4122,39.9707],[122.4127,39.9673],[122.4246,39.9615],[122.4391,39.9559],[122.4722,39.9382],[122.4861,39.9336],[122.492,39.934],[122.4962,39.926],[122.5077,39.919],[122.5052,39.927],[122.5114,39.9331],[122.5235,39.9398],[122.5305,39.9403],[122.5402,39.9374],[122.5522,39.9376],[122.5543,39.9425],[122.5443,39.9516],[122.5458,39.9567],[122.5528,39.9687],[122.5478,39.9729],[122.5409,39.9692],[122.5347,39.9699],[122.539,39.9786],[122.5389,39.9912],[122.5298,39.9922],[122.5179,39.996],[122.5145,40.0046],[122.5213,40.0135],[122.5311,40.0153],[122.54,40.0119],[122.5472,40.0186],[122.5471,40.0226],[122.5315,40.0303],[122.5247,40.044],[122.5337,40.0607],[122.5381,40.061],[122.5456,40.0563],[122.5528,40.0578],[122.5556,40.0536],[122.5645,40.0487],[122.5726,40.0545],[122.5865,40.0538],[122.5909,40.0518],[122.6024,40.0517],[122.6126,40.0629],[122.6238,40.0607],[122.6411,40.0625],[122.6456,40.0647],[122.6527,40.0615],[122.6783,40.0679],[122.6894,40.0697],[122.7038,40.0661],[122.7085,40.0689],[122.7084,40.0746],[122.7149,40.0789],[122.7281,40.0934],[122.7432,40.0972],[122.7484,40.1014],[122.7558,40.1033],[122.7586,40.1068],[122.7733,40.1107],[122.7923,40.1053],[122.7959,40.1015],[122.8086,40.1021],[122.8104,40.11],[122.8192,40.1194],[122.8254,40.1211],[122.83,40.118],[122.846,40.1234],[122.8488,40.1308],[122.8531,40.1333],[122.8508,40.1396],[122.8445,40.1425],[122.8428,40.1492],[122.8488,40.1534],[122.8646,40.1777],[122.8749,40.1868],[122.8761,40.1943],[122.8853,40.1986],[122.8887,40.204]]]},"properties":{"region_code":"CN-21-2108","parent_region_code":"CN-21","name":"营口市","level":"prefecture","has_children":true,"full_path":"中国 / 辽宁省 / 营口市","source_admin_code":"2108","osm_relation_id":2771992}},
{"type":"Feature","geometry":{"type":"Polygon","coordinates":[[[122.8344,42.7163],[122.8349,42.7204],[122.8264,42.7203],[122.8137,42.7288],[122.8125,42.7342],[122.808,42.7346],[122.7991,42.7397],[122.7933,42.7362],[122.7885,42.7456],[122.7829,42.7492],[122.7809,42.7551],[122.7734,42.7539],[122.7671,42.7577],[122.7608,42.7569],[122.7518,42.7662],[122.7441,42.765],[122.7321,42.7689],[122.7254,42.7848],[122.7104,42.7832],[122.6945,42.7802],[122.6881,42.781],[122.6655,42.7791],[122.6486,42.7799],[122.6194,42.7714],[122.6122,42.7763],[122.5915,42.7823],[122.5746,42.7879],[122.574,42.7937],[122.564,42.8058],[122.5707,42.8166],[122.5596,42.8236],[122.5436,42.8262],[122.518,42.8286],[122.5011,42.8341],[122.4803,42.8343],[122.456,42.838],[122.4434,42.8381],[122.4339,42.8402],[122.4186,42.8414],[122.3957,42.8374],[122.3797,42.8357],[122.3515,42.834],[122.3432,42.823],[122.3494,42.8106],[122.3561,42.792],[122.356,42.7864],[122.3613,42.7812],[122.3661,42.7729],[122.3795,42.7714],[122.3879,42.7722],[122.4337,42.7678],[122.4379,42.7713],[122.4521,42.7727],[122.4564,42.7546],[122.4516,42.7513],[122.4367,42.7461],[122.4303,42.728],[122.4179,42.7198],[122.3953,42.7104],[122.3903,42.7052],[122.3897,42.6935],[122.3925,42.6848],[122.39,42.6812],[122.3655,42.6801],[122.3617,42.6819],[122.3534,42.6811],[122.3539,42.6777],[122.3438,42.6757],[122.3334,42.6679],[122.3291,42.6711],[122.3289,42.6781],[122.3184,42.6827],[122.3069,42.6798],[122.3021,42.6884],[122.2912,42.6914],[122.2804,42.6911],[122.2746,42.6926],[122.2536,42.6945],[122.2515,42.7023],[122.236,42.7105],[122.2333,42.7162],[122.2223,42.7258],[122.1981,42.7296],[122.2043,42.7096],[122.201,42.7045],[122.1998,42.6857],[122.1943,42.6837],[122.1919,42.6888],[122.1868,42.6893],[122.1706,42.6861],[122.1668,42.6839],[122.157,42.687],[122.1491,42.6864],[122.1484,42.6834],[122.1368,42.6857],[122.1228,42.694],[122.1046,42.7017],[122.1001,42.698],[122.0891,42.7043],[122.0871,42.7098],[122.082,42.7124],[122.0699,42.7077],[122.0663,42.7117],[122.0696,42.717],[122.0615,42.7175],[122.0564,42.7212],[122.0508,42.7197],[122.043,42.7137],[122.0437,42.7114],[122.0334,42.7061],[122.0224,42.7052],[122.0174,42.6973],[122.0031,42.7007],[121.9859,42.7033],[121.9842,42.6937],[121.9807,42.6894],[121.9715,42.6982],[121.9595,42.698],[121.9522,42.6953],[121.9577,42.688],[121.957,42.6838],[121.9318,42.6864],[121.9304,42.6811],[121.9366,42.6643],[121.9325,42.6618],[121.9214,42.6631],[121.9128,42.6565],[121.9115,42.6473],[121.9151,42.637],[121.9071,42.6372],[121.8978,42.6347],[121.9046,42.6271],[121.9044,42.6211],[121.8964,42.6196],[121.9039,42.612],[121.9153,42.6051],[121.9074,42.5987],[121.9124,42.5867],[121.9033,42.5838],[121.8986,42.5921],[121.8911,42.5919],[121.8969,42.5851],[121.8943,42.5827],[121.9025,42.5753],[121.9022,42.5716],[121.8921,42.5609],[121.8805,42.553],[121.877,42.5584],[121.8646,42.559],[121.8615,42.5534],[121.8602,42.543],[121.863,42.5391],[121.861,42.5348],[121.8669,42.5266],[121.861,42.526],[121.8578,42.5335],[121.8521,42.5378],[121.848,42.5328],[121.8402,42.5323],[121.8326,42.5367],[121.8255,42.5369],[121.8258,42.5312],[121.8181,42.5214],[121.8133,42.5047],[121.8059,42.4985],[121.7979,42.4986],[121.8008,42.5058],[121.7964,42.5116],[121.7874,42.5046],[121.7805,42.4953],[121.7633,42.4912],[121.7577,42.4832],[121.746,42.4872],[121.7396,42.4809],[121.7315,42.4692],[121.7205,42.4592],[121.7153,42.4496],[121.7077,42.4435],[121.6965,42.4374],[121.6865,42.4354],[121.6679,42.438],[121.6602,42.4353],[121.6513,42.441],[121.6467,42.4484],[121.6408,42.4523],[121.6362,42.4671],[121.6371,42.4714],[121.6327,42.4784],[121.6226,42.474],[121.6187,42.4786],[121.6117,42.4811],[121.6083,42.4872],[121.6005,42.4915],[121.5966,42.5],[121.6052,42.5072],[121.6028,42.5137],[121.5924,42.5112],[121.5919,42.5074],[121.5853,42.5071],[121.5856,42.5004],[121.5711,42.4947],[121.5731,42.4902],[121.5635,42.4845],[121.547,42.4885],[121.5243,42.4819],[121.5186,42.4823],[121.5128,42.4883],[121.5047,42.4865],[121.5003,42.4803],[121.4914,42.4909],[121.4731,42.4941],[121.4622,42.4846],[121.4595,42.4789],[121.4455,42.4742],[121.4395,42.4755],[121.4351,42.4729],[121.428,42.4731],[121.4228,42.4759],[121.4173,42.483],[121.4096,42.4837],[121.4112,42.476],[121.4058,42.4735],[121.3841,42.4734],[121.3799,42.4716],[121.3805,42.4511],[121.3732,42.4501],[121.3665,42.4522],[121.3598,42.4574],[121.344,42.4578],[121.3425,42.4525],[121.336,42.4475],[121.3214,42.4412],[121.3057,42.4381],[121.2988,42.4334],[121.3009,42.4291],[121.3079,42.4247],[121.3013,42.4211],[121.3011,42.4112],[121.2981,42.4031],[121.2925,42.396],[121.2741,42.3847],[121.2583,42.3771],[121.2369,42.3707],[121.2131,42.3697],[121.2084,42.3596],[121.1978,42.3559],[121.1954,42.3528],[121.1853,42.3512],[121.179,42.3444],[121.1822,42.3399],[121.1786,42.3308],[121.1643,42.3202],[121.1441,42.3123],[121.1482,42.3081],[121.144,42.3047],[121.1426,42.2991],[121.1345,42.2964],[121.1274,42.2978],[121.1251,42.2913],[121.1168,42.2851],[121.1155,42.2786],[121.1001,42.2767],[121.0959,42.2813],[121.0813,42.2757],[121.0701,42.2624],[121.0661,42.2532],[121.0582,42.2506],[121.0507,42.2551],[121.0429,42.2576],[121.026,42.2516],[121.0337,42.2464],[121.0227,42.2403],[121.0275,42.2348],[121.0417,42.2275],[121.0501,42.2168],[121.0519,42.2056],[121.0445,42.1924],[121.0547,42.1827],[121.0509,42.1786],[121.0556,42.172],[121.0548,42.1655],[121.0615,42.16],[121.0614,42.1545],[121.0671,42.1503],[121.0643,42.1419],[121.0724,42.1365],[121.0751,42.1223],[121.0791,42.1166],[121.0749,42.1134],[121.0775,42.1066],[121.069,42.1022],[121.0713,42.0986],[121.0697,42.0894],[121.0627,42.0851],[121.0659,42.0787],[121.0628,42.0724],[121.0524,42.0718],[121.0441,42.0619],[121.0395,42.0593],[121.0381,42.0537],[121.0421,42.0383],[121.047,42.0289],[121.0492,42.0161],[121.0449,42.0028],[121.0337,41.9855],[121.0359,41.9778],[121.046,41.9751],[121.0672,41.9764],[121.0736,41.9716],[121.0822,41.9676],[121.0991,41.9626],[121.1099,41.9631],[121.1164,41.9669],[121.1377,41.972],[121.1442,41.9746],[121.1575,41.9752],[121.1703,41.9709],[121.1864,41.9638],[121.1942,41.9532],[121.195,41.9475],[121.2026,41.9286],[121.2038,41.9173],[121.2074,41.9127],[121.2217,41.9075],[121.2329,41.9014],[121.2439,41.898],[121.258,41.896],[121.2683,41.8922],[121.287,41.8876],[121.2933,41.8818],[121.2963,41.8636],[121.2882,41.8552],[121.2844,41.8535],[121.277,41.836],[121.2739,41.8344],[121.2717,41.8245],[121.264,41.8209],[121.2626,41.8086],[121.2672,41.8013],[121.2613,41.8],[121.2581,41.7923],[121.2672,41.7902],[121.2784,41.7828],[121.3026,41.7734],[121.308,41.7702],[121.327,41.7687],[121.3309,41.7695],[121.3378,41.7663],[121.3362,41.7587],[121.3384,41.7522],[121.337,41.7443],[121.3274,41.7398],[121.3334,41.7312],[121.3545,41.7235],[121.3696,41.7216],[121.375,41.7225],[121.3747,41.7274],[121.3891,41.7345],[121.3979,41.7322],[121.4137,41.7342],[121.4154,41.7318],[121.4314,41.7307],[121.4472,41.7174],[121.4499,41.7088],[121.453,41.7054],[121.4521,41.6986],[121.4627,41.6907],[121.4706,41.6935],[121.469,41.6991],[121.4725,41.7102],[121.4812,41.7172],[121.4872,41.7195],[121.4963,41.7157],[121.5058,41.7156],[121.5098,41.7183],[121.5103,41.7276],[121.5054,41.7325],[121.5063,41.7366],[121.5016,41.7421],[121.5076,41.7469],[121.507,41.7603],[121.5159,41.7621],[121.5167,41.766],[121.5301,41.7698],[121.5324,41.7808],[121.544,41.7829],[121.5996,41.7856],[121.6238,41.782],[121.6354,41.7724],[121.6496,41.7742],[121.6587,41.7718],[121.6697,41.7721],[121.6812,41.7861],[121.6916,41.7967],[121.7019,41.8018],[121.7088,41.7969],[121.717,41.7935],[121.7489,41.7939],[121.7731,41.8041],[121.7926,41.7996],[121.8013,41.7946],[121.8069,41.7881],[121.8171,41.7806],[121.8211,41.7805],[121.8298,41.7847],[121.8406,41.7969],[121.8573,41.8111],[121.8481,41.8096],[121.8356,41.8115],[121.8263,41.8185],[121.8278,41.8267],[121.8384,41.8339],[121.8437,41.8432],[121.8553,41.8439],[121.8786,41.8421],[121.8918,41.8426],[121.9112,41.8562],[121.9028,41.8593],[121.9026,41.862],[121.9234,41.8602],[121.9277,41.8726],[121.9364,41.8711],[121.9533,41.8786],[121.9571,41.8828],[121.9554,41.892],[121.9674,41.8906],[121.9764,41.8979],[121.9807,41.899],[121.9921,41.9092],[121.9865,41.9177],[121.9909,41.9261],[121.9987,41.9284],[122.0086,41.923],[122.0295,41.9286],[122.0338,41.9349],[122.0367,41.9438],[122.0437,41.9471],[122.0564,41.9583],[122.0578,41.9646],[122.0631,41.9634],[122.0723,41.9665],[122.0765,41.965],[122.0884,41.9735],[122.0908,41.9803],[122.0894,41.9841],[122.1,41.9896],[122.1128,41.9991],[122.1184,41.9967],[122.1256,41.9973],[122.1328,42.0077],[122.1307,42.015],[122.1362,42.0174],[122.1441,42.0153],[122.141,42.0224],[122.1466,42.0302],[122.152,42.028],[122.1693,42.025],[122.1808,42.0262],[122.1865,42.0303],[122.2017,42.0353],[122.2017,42.0394],[122.2074,42.0479],[122.2215,42.0468],[122.2665,42.0659],[122.2883,42.0778],[122.2959,42.0774],[122.3075,42.0813],[122.3313,42.092],[122.3411,42.0975],[122.3613,42.1026],[122.3751,42.1072],[122.3845,42.1126],[122.4114,42.1219],[122.4203,42.1267],[122.4173,42.1334],[122.4177,42.1384],[122.427,42.1367],[122.4307,42.1462],[122.4392,42.1479],[122.4418,42.1447],[122.4538,42.1423],[122.4664,42.1474],[122.4754,42.1525],[122.4946,42.1607],[122.4955,42.1622],[122.5148,42.1725],[122.5468,42.186],[122.5593,42.1896],[122.5682,42.194],[122.6092,42.2107],[122.6059,42.2159],[122.6046,42.2279],[122.6138,42.2291],[122.6199,42.2327],[122.627,42.2291],[122.6317,42.2298],[122.6313,42.2351],[122.6398,42.2357],[122.6464,42.2307],[122.6757,42.2425],[122.6864,42.2478],[122.6983,42.259],[122.7166,42.2704],[122.7225,42.2695],[122.7232,42.2746],[122.7291,42.2786],[122.7285,42.282],[122.7367,42.2863],[122.7432,42.2862],[122.757,42.2911],[122.764,42.2948],[122.7764,42.2967],[122.8035,42.3123],[122.8215,42.3241],[122.8447,42.3363],[122.853,42.344],[122.8719,42.3446],[122.8747,42.3618],[122.8746,42.372],[122.8699,42.3728],[122.877,42.3863],[122.8683,42.3873],[122.8602,42.3936],[122.8607,42.3969],[122.8535,42.4019],[122.8456,42.4032],[122.8408,42.3975],[122.8267,42.4012],[122.8228,42.4082],[122.8279,42.4113],[122.827,42.4152],[122.8163,42.4125],[122.8123,42.4146],[122.8158,42.4223],[122.823,42.4286],[122.8212,42.4367],[122.8218,42.4437],[122.8201,42.4508],[122.8165,42.4559],[122.8196,42.459],[122.8158,42.4648],[122.8178,42.4681],[122.8133,42.4737],[122.8131,42.4793],[122.821,42.488],[122.8178,42.4906],[122.8289,42.4959],[122.838,42.4979],[122.8661,42.502],[122.8767,42.5019],[122.8832,42.4994],[122.8954,42.4973],[122.9046,42.5024],[122.9034,42.5087],[122.9066,42.5179],[122.9128,42.5202],[122.9105,42.526],[122.9164,42.5335],[122.9368,42.5455],[122.9435,42.5431],[122.9504,42.5463],[122.962,42.5598],[122.9641,42.5688],[122.9578,42.5725],[122.9411,42.5784],[122.9256,42.5853],[122.9166,42.5951],[122.924,42.5994],[122.9211,42.6027],[122.9054,42.6069],[122.8972,42.6113],[122.8869,42.6066],[122.8805,42.6096],[122.8687,42.6068],[122.8629,42.6114],[122.8573,42.6194],[122.8371,42.6313],[122.8323,42.6491],[122.8193,42.6501],[122.8137,42.6482],[122.8055,42.6497],[122.7893,42.648],[122.7857,42.6606],[122.7738,42.6681],[122.7741,42.6713],[122.7641,42.676],[122.7508,42.6778],[122.7419,42.6868],[122.7451,42.6896],[122.7451,42.6961],[122.7502,42.7003],[122.7653,42.7078],[122.7742,42.7098],[122.7781,42.7161],[122.7839,42.716],[122.7878,42.7204],[122.7952,42.7239],[122.8086,42.717],[122.8313,42.7146],[122.8344,42.7163]]]},"properties":{"region_code":"CN-21-2109","parent_region_code":"CN-21","name":"阜新市","level":"prefecture","has_children":true,"full_path":"中国 / 辽宁省 / 阜新市","source_admin_code":"2109","osm_relation_id":2769803}},
{"type":"Feature","geometry":{"type":"Polygon","coordinates":[[[122.6179,41.1977],[122.6089,41.2001],[122.5993,41.1979],[122.5884,41.192],[122.5893,41.1888],[122.596,41.1838],[122.5923,41.1769],[122.5987,41.1726],[122.6137,41.1679],[122.6214,41.1633],[122.6346,41.1534],[122.6538,41.1472],[122.6734,41.1389],[122.6788,41.1312],[122.6902,41.1208],[122.7046,41.1159],[122.7146,41.1156],[122.7318,41.1136],[122.7478,41.1127],[122.7606,41.108],[122.7824,41.0927],[122.7956,41.0899],[122.8107,41.0847],[122.8177,41.0858],[122.8195,41.08],[122.8263,41.082],[122.8246,41.0888],[122.8363,41.1044],[122.8426,41.1092],[122.8515,41.113],[122.8514,41.1189],[122.8435,41.128],[122.8485,41.1317],[122.8451,41.1365],[122.8536,41.1431],[122.8602,41.1432],[122.8645,41.1511],[122.8707,41.1559],[122.8616,41.1614],[122.8705,41.1687],[122.88,41.1649],[122.8851,41.1697],[122.8907,41.1697],[122.8946,41.1816],[122.8994,41.1891],[122.9045,41.1926],[122.9113,41.1925],[122.9169,41.1899],[122.9304,41.1945],[122.9348,41.1907],[122.942,41.1938],[122.9572,41.1896],[122.9691,41.201],[122.9822,41.1986],[122.9858,41.1846],[122.9975,41.1859],[123.004,41.1892],[123.0093,41.1944],[123.009,41.1987],[123.0168,41.2048],[123.0246,41.2028],[123.0325,41.2063],[123.0506,41.2009],[123.0503,41.1971],[123.0572,41.1834],[123.0688,41.1822],[123.0737,41.18],[123.0933,41.1759],[123.1042,41.1823],[123.1133,41.1817],[123.1133,41.1747],[123.1223,41.1721],[123.1264,41.1617],[123.1316,41.1555],[123.1441,41.1521],[123.1444,41.1483],[123.1371,41.1428],[123.1341,41.1371],[123.1406,41.1316],[123.1371,41.1234],[123.1412,41.1064],[123.1348,41.105],[123.1397,41.0998],[123.1501,41.1041],[123.1532,41.0997],[123.1598,41.0961],[123.1718,41.0984],[123.1767,41.1041],[123.1909,41.0999],[123.1975,41.096],[123.2062,41.0967],[123.2077,41.0892],[123.2015,41.0773],[123.2088,41.0759],[123.2168,41.0701],[123.2265,41.0653],[123.2211,41.0574],[123.2221,41.053],[123.23,41.0476],[123.2273,41.0443],[123.2189,41.0434],[123.2086,41.0381],[123.1994,41.0376],[123.1936,41.0303],[123.1975,41.0228],[123.2064,41.0163],[123.1963,40.9999],[123.1848,40.9942],[123.1864,40.9846],[123.1841,40.9836],[123.167,40.9868],[123.1504,40.9798],[123.1435,40.9832],[123.1332,40.9834],[123.1267,40.9942],[123.1226,40.995],[123.11,40.992],[123.1056,40.9886],[123.1001,40.9774],[123.0922,40.9773],[123.0902,40.9691],[123.0789,40.9667],[123.0779,40.9592],[123.083,40.9549],[123.0863,40.9481],[123.0868,40.9409],[123.0937,40.9365],[123.0929,40.9287],[123.0863,40.9238],[123.0725,40.9189],[123.0613,40.9216],[123.0551,40.9188],[123.0604,40.9108],[123.0613,40.9048],[123.0685,40.8969],[123.0642,40.8912],[123.0568,40.8891],[123.0561,40.8832],[123.0499,40.8822],[123.0382,40.8604],[123.0472,40.854],[123.0416,40.8437],[123.0405,40.8365],[123.0456,40.8332],[123.0659,40.8343],[123.0717,40.8289],[123.0881,40.8267],[123.0971,40.8226],[123.0984,40.8182],[123.09,40.8082],[123.0914,40.7999],[123.0829,40.7976],[123.0719,40.7919],[123.0717,40.7888],[123.0644,40.7818],[123.0651,40.7698],[123.0767,40.7541],[123.0871,40.749],[123.0912,40.7437],[123.0946,40.7343],[123.1084,40.7343],[123.1181,40.7278],[123.1274,40.7187],[123.1304,40.7127],[123.1445,40.7235],[123.1546,40.7204],[123.1713,40.711],[123.1959,40.7247],[123.2086,40.7305],[123.2253,40.7323],[123.239,40.7298],[123.2527,40.7429],[123.2714,40.7474],[123.2822,40.7528],[123.2919,40.7642],[123.3092,40.7717],[123.3218,40.7688],[123.3342,40.7694],[123.3486,40.7742],[123.3695,40.7735],[123.3822,40.78],[123.3882,40.7846],[123.3966,40.8007],[123.405,40.8052],[123.423,40.8014],[123.4422,40.799],[123.4491,40.8011],[123.4657,40.809],[123.4785,40.8122],[123.4818,40.8089],[123.4894,40.8089],[123.494,40.8116],[123.5151,40.8129],[123.52,40.8196],[123.5268,40.8236],[123.5365,40.8247],[123.5429,40.8274],[123.5442,40.8378],[123.5386,40.8471],[123.5388,40.8594],[123.558,40.8551],[123.562,40.8557],[123.5723,40.8528],[123.5767,40.8559],[123.588,40.8638],[123.6024,40.8697],[123.6067,40.8782],[123.6072,40.8851],[123.6027,40.8907],[123.6139,40.8951],[123.6196,40.9053],[123.618,40.9106],[123.6268,40.9223],[123.6313,40.926],[123.6408,40.9291],[123.647,40.9455],[123.6523,40.9509],[123.6424,40.963],[123.6476,40.9693],[123.6468,40.9829],[123.643,40.9944],[123.6417,41.0052],[123.6452,41.0089],[123.6445,41.0146],[123.6505,41.0144],[123.6554,41.0176],[123.6537,41.0246],[123.6566,41.0393],[123.6646,41.0414],[123.6788,41.0483],[123.684,41.0578],[123.6629,41.0731],[123.6614,41.0793],[123.6548,41.0854],[123.6548,41.0941],[123.6494,41.0968],[123.6503,41.1011],[123.6456,41.111],[123.6484,41.1175],[123.6496,41.1273],[123.6589,41.1373],[123.6571,41.1423],[123.6521,41.1444],[123.644,41.1556],[123.6338,41.1594],[123.6332,41.1675],[123.6285,41.1792],[123.6178,41.1909],[123.6179,41.197],[123.6133,41.2007],[123.5951,41.2027],[123.6004,41.219],[123.6029,41.2199],[123.5913,41.2341],[123.5949,41.2403],[123.6023,41.2452],[123.6024,41.2482],[123.6097,41.2525],[123.6137,41.2447],[123.6192,41.2436],[123.6307,41.245],[123.6536,41.253],[123.664,41.2583],[123.6671,41.264],[123.6598,41.2672],[123.6583,41.2817],[123.6519,41.285],[123.6497,41.2902],[123.6505,41.2967],[123.657,41.3018],[123.6551,41.304],[123.6576,41.3141],[123.6562,41.3227],[123.6483,41.3265],[123.6491,41.3346],[123.6525,41.344],[123.6469,41.3513],[123.6487,41.3547],[123.6475,41.3646],[123.6498,41.3704],[123.6444,41.3765],[123.6469,41.3849],[123.6369,41.3906],[123.6331,41.3996],[123.6283,41.4049],[123.6255,41.4148],[123.6327,41.4231],[123.6476,41.437],[123.647,41.4474],[123.6386,41.4562],[123.6203,41.4618],[123.6019,41.4656],[123.6006,41.4744],[123.5962,41.4778],[123.5945,41.483],[123.5859,41.4883],[123.5858,41.4918],[123.5749,41.4965],[123.5551,41.4848],[123.5404,41.479],[123.5269,41.4887],[123.5217,41.4899],[123.5102,41.4779],[123.5069,41.4809],[123.4837,41.4767],[123.4718,41.4616],[123.4628,41.4608],[123.4564,41.4623],[123.4542,41.4692],[123.4477,41.4676],[123.4275,41.4706],[123.4228,41.4698],[123.4214,41.4755],[123.424,41.479],[123.411,41.4851],[123.4069,41.4959],[123.4015,41.4983],[123.3915,41.4928],[123.3834,41.4932],[123.3777,41.4981],[123.3756,41.5038],[123.3608,41.5054],[123.3547,41.511],[123.3467,41.5084],[123.3386,41.511],[123.3235,41.5062],[123.3165,41.5091],[123.3027,41.5195],[123.294,41.5204],[123.2898,41.5228],[123.2814,41.5236],[123.2739,41.5358],[123.2572,41.5366],[123.2492,41.5388],[123.2472,41.5359],[123.2399,41.5383],[123.2302,41.5381],[123.2296,41.5448],[123.2217,41.5565],[123.214,41.5569],[123.2137,41.5631],[123.1961,41.5623],[123.1897,41.557],[123.1818,41.5534],[123.1876,41.5471],[123.1823,41.5428],[123.1762,41.5471],[123.16,41.5446],[123.1509,41.5345],[123.1373,41.5364],[123.1365,41.533],[123.1285,41.5338],[123.1285,41.5374],[123.1219,41.5438],[123.1247,41.5521],[123.1097,41.5563],[123.1083,41.5664],[123.1098,41.5759],[123.1082,41.5829],[123.1189,41.589],[123.1216,41.5968],[123.1284,41.606],[123.1198,41.6116],[123.1156,41.6094],[123.1069,41.6152],[123.1011,41.6118],[123.1034,41.6046],[123.094,41.5988],[123.0887,41.5904],[123.0834,41.5886],[123.0784,41.5794],[123.0788,41.5666],[123.076,41.5598],[123.0662,41.5531],[123.0513,41.5511],[123.0386,41.5455],[123.0348,41.5412],[123.0296,41.5239],[123.0267,41.5225],[123.0248,41.5149],[123.0149,41.5052],[123.0047,41.5031],[122.9954,41.5123],[122.9808,41.5088],[122.9639,41.5077],[122.9542,41.499],[122.9528,41.4941],[122.9636,41.4907],[122.9658,41.4974],[122.9766,41.4943],[122.9699,41.4864],[122.9706,41.4768],[122.9621,41.4744],[122.9547,41.4747],[122.9546,41.4662],[122.929,41.4769],[122.9282,41.4673],[122.9325,41.4653],[122.93,41.4563],[122.9352,41.4543],[122.9287,41.446],[122.9143,41.4532],[122.9117,41.4485],[122.9172,41.4455],[122.9192,41.4411],[122.9073,41.4312],[122.9211,41.4263],[122.9221,41.4226],[122.9118,41.4188],[122.8931,41.4155],[122.8873,41.4188],[122.881,41.4161],[122.8766,41.4203],[122.8719,41.4144],[122.8645,41.4122],[122.8562,41.4221],[122.8465,41.4161],[122.847,41.3957],[122.8443,41.387],[122.8393,41.383],[122.8364,41.3762],[122.8176,41.3733],[122.8074,41.3701],[122.7967,41.3699],[122.7909,41.3635],[122.7827,41.3645],[122.7655,41.3604],[122.7657,41.3665],[122.7596,41.3656],[122.7521,41.3577],[122.7496,41.3517],[122.743,41.3479],[122.7435,41.3374],[122.7404,41.3273],[122.7297,41.3267],[122.7279,41.3213],[122.7122,41.3207],[122.7134,41.3167],[122.7195,41.3129],[122.7151,41.3081],[122.7048,41.3067],[122.7012,41.3007],[122.6932,41.2958],[122.7001,41.2854],[122.699,41.2783],[122.6935,41.277],[122.6891,41.2681],[122.683,41.2634],[122.6724,41.2594],[122.6709,41.2512],[122.6627,41.2429],[122.6627,41.2184],[122.6526,41.2098],[122.6466,41.208],[122.6344,41.2099],[122.6267,41.2004],[122.6179,41.1977]]]},"properties":{"region_code":"CN-21-2110","parent_region_code":"CN-21","name":"辽阳市","level":"prefecture","has_children":true,"full_path":"中国 / 辽宁省 / 辽阳市","source_admin_code":"2110","osm_relation_id":2769643}},
{"type":"Feature","geometry":{"type":"MultiPolygon","coordinates":[[[[123.0539,41.9211],[123.055,41.9257],[123.0628,41.9343],[123.044,41.9365],[123.0423,41.9314],[123.0539,41.9211]]],[[[122.9098,41.5205],[122.9028,41.5252],[122.8932,41.5172],[122.9015,41.5127],[122.9098,41.5205]]],[[[121.5855,40.948],[121.5916,40.9491],[121.5898,40.9542],[121.5819,40.9524],[121.5855,40.948]]],[[[121.4987,41.0031],[121.4987,41.0054],[121.4799,41.0051],[121.4847,40.9979],[121.4959,40.9982],[121.4987,41.0031]]],[[[122.1882,41.4574],[122.1798,41.4464],[122.1722,41.4497],[122.164,41.4409],[122.1615,41.4427],[122.1507,41.4334],[122.1319,41.4259],[122.1375,41.4204],[122.1104,41.4098],[122.1055,41.4039],[122.0935,41.3976],[122.089,41.392],[122.0824,41.3877],[122.0523,41.3782],[122.0313,41.3685],[122.0209,41.369],[122.0182,41.377],[122.015,41.3803],[122.0053,41.3839],[121.9965,41.3839],[121.9699,41.3819],[121.9511,41.3843],[121.9466,41.381],[121.9477,41.3759],[121.9415,41.3677],[121.9164,41.3644],[121.9119,41.3558],[121.8999,41.3499],[121.9008,41.3451],[121.8959,41.3402],[121.899,41.336],[121.8902,41.3302],[121.8802,41.3206],[121.8642,41.3286],[121.8628,41.339],[121.8422,41.3507],[121.8221,41.3504],[121.7961,41.3467],[121.7896,41.3436],[121.7861,41.3369],[121.7688,41.3375],[121.7699,41.3306],[121.7532,41.3291],[121.75,41.334],[121.7406,41.3348],[121.7299,41.3309],[121.724,41.3266],[121.716,41.3169],[121.7117,41.3144],[121.7038,41.3155],[121.6962,41.3138],[121.6806,41.3033],[121.6575,41.2915],[121.6463,41.2909],[121.646,41.2848],[121.638,41.2818],[121.6338,41.2834],[121.6223,41.2767],[121.6235,41.2741],[121.6102,41.2647],[121.5956,41.2558],[121.5751,41.2478],[121.5707,41.2303],[121.5729,41.2192],[121.5757,41.2141],[121.5861,41.2075],[121.5972,41.2098],[121.6159,41.2052],[121.6144,41.1856],[121.6102,41.1802],[121.5971,41.1789],[121.5663,41.1489],[121.5625,41.1442],[121.5615,41.1327],[121.5735,41.1137],[121.5799,41.1063],[121.6056,41.1016],[121.6319,41.1004],[121.6603,41.0977],[121.6749,41.0981],[121.6899,41.1036],[121.7125,41.1016],[121.7163,41.1063],[121.7368,41.1051],[121.7343,41.1125],[121.7475,41.1039],[121.7546,41.0977],[121.7534,41.0871],[121.7435,41.0877],[121.7424,41.0839],[121.7091,41.0853],[121.7096,41.0895],[121.6909,41.0893],[121.6824,41.0952],[121.6676,41.0895],[121.6688,41.0828],[121.6747,41.0829],[121.6612,41.0581],[121.6431,41.0606],[121.6455,41.0532],[121.6578,41.0491],[121.6555,41.0464],[121.656,41.0321],[121.6604,41.0306],[121.6619,41.0255],[121.671,41.006],[121.669,40.9928],[121.6779,40.9921],[121.6782,40.9866],[121.6679,40.9875],[121.6616,40.984],[121.6569,40.9682],[121.6584,40.9567],[121.6476,40.9524],[121.6433,40.9479],[121.6432,40.9386],[121.6278,40.9126],[121.6231,40.906],[121.6092,40.9048],[121.6056,40.9017],[121.592,40.8952],[121.5799,40.8846],[121.5728,40.876],[121.5656,40.8781],[121.5587,40.8764],[121.554,40.8691],[121.5579,40.8489],[121.5546,40.8461],[121.5577,40.8413],[121.5862,40.8435],[121.6067,40.8616],[121.6143,40.8589],[121.6122,40.8533],[121.6218,40.8494],[121.6297,40.8493],[121.6307,40.8338],[121.6364,40.8339],[121.6382,40.8524],[121.6431,40.8528],[121.6453,40.8305],[121.6678,40.8316],[121.6666,40.8483],[121.6785,40.8309],[121.688,40.8326],[121.6834,40.8488],[121.6807,40.8625],[121.6849,40.8677],[121.6853,40.8526],[121.687,40.8471],[121.6951,40.8458],[121.6959,40.8497],[121.704,40.8512],[121.7057,40.8434],[121.7255,40.8468],[121.7272,40.8616],[121.7388,40.8624],[121.7433,40.8543],[121.7443,40.8464],[121.7525,40.8427],[121.7536,40.8495],[121.7439,40.8543],[121.7376,40.8644],[121.7377,40.8698],[121.7203,40.877],[121.7093,40.8853],[121.7137,40.8903],[121.7258,40.8987],[121.7406,40.8985],[121.738,40.8909],[121.7386,40.8854],[121.7506,40.8825],[121.7522,40.8916],[121.7417,40.8994],[121.7456,40.9036],[121.7511,40.9009],[121.7508,40.8971],[121.7573,40.8961],[121.7628,40.8832],[121.7741,40.8916],[121.7703,40.8955],[121.7727,40.9007],[121.7809,40.9053],[121.783,40.9172],[121.7762,40.9239],[121.7772,40.9293],[121.7924,40.9412],[121.8036,40.9445],[121.8111,40.9508],[121.8212,40.95],[121.8223,40.9344],[121.8294,40.9248],[121.8365,40.9214],[121.8317,40.9098],[121.8329,40.9063],[121.8281,40.9013],[121.8398,40.9003],[121.8376,40.8938],[121.8359,40.8719],[121.8553,40.8377],[121.8497,40.8351],[121.858,40.8199],[121.8644,40.8219],[121.8709,40.8148],[121.8964,40.8069],[121.9358,40.8073],[121.9525,40.7996],[121.9487,40.7962],[121.9518,40.7901],[121.9468,40.7763],[121.9538,40.7749],[121.9487,40.7688],[121.9424,40.7689],[121.9403,40.7528],[121.9418,40.7391],[121.9449,40.7246],[121.9495,40.7081],[121.9621,40.6827],[121.9693,40.6848],[121.9687,40.6902],[121.9592,40.7097],[121.9514,40.74],[121.9508,40.7483],[121.9561,40.7546],[121.9624,40.7519],[121.9593,40.7482],[121.9599,40.7427],[121.9708,40.7373],[121.9646,40.7296],[121.966,40.7234],[121.9697,40.7217],[121.9874,40.7421],[122.0019,40.7349],[121.9756,40.7048],[121.9947,40.6949],[122.0029,40.6899],[121.9911,40.6761],[121.9981,40.6727],[122.0099,40.6864],[122.0165,40.6841],[122.0359,40.6746],[122.0406,40.6795],[122.0479,40.6766],[122.0473,40.6655],[122.0564,40.6583],[122.0739,40.6651],[122.095,40.6659],[122.1072,40.6674],[122.1157,40.6661],[122.1291,40.6678],[122.1395,40.6719],[122.143,40.685],[122.1487,40.6828],[122.1464,40.6977],[122.1488,40.7036],[122.1542,40.7085],[122.1625,40.7093],[122.1695,40.7061],[122.1822,40.6941],[122.1891,40.7002],[122.1999,40.6915],[122.2117,40.6917],[122.2138,40.6889],[122.2275,40.6862],[122.2289,40.6807],[122.2392,40.6813],[122.2648,40.6911],[122.2676,40.7013],[122.2648,40.7065],[122.2563,40.7105],[122.2426,40.7116],[122.2266,40.7091],[122.205,40.7088],[122.1949,40.7121],[122.1833,40.7223],[122.1787,40.7319],[122.1797,40.7426],[122.1717,40.7515],[122.1528,40.7581],[122.1286,40.775],[122.0966,40.7888],[122.0918,40.7944],[122.0921,40.7988],[122.0978,40.804],[122.1226,40.8149],[122.1323,40.8227],[122.1431,40.8366],[122.1522,40.8385],[122.1723,40.831],[122.1791,40.8306],[122.1836,40.835],[122.1755,40.8442],[122.1702,40.8543],[122.1711,40.8669],[122.1767,40.8749],[122.1841,40.8727],[122.2011,40.8549],[122.209,40.8508],[122.2166,40.8502],[122.2202,40.8594],[122.229,40.8629],[122.2395,40.8637],[122.2532,40.8685],[122.262,40.867],[122.2665,40.8619],[122.2753,40.8644],[122.2802,40.8707],[122.2909,40.878],[122.2996,40.888],[122.3041,40.9049],[122.3063,40.9067],[122.3177,40.9059],[122.3188,40.9028],[122.3126,40.8965],[122.3172,40.8924],[122.3249,40.8917],[122.3303,40.8954],[122.33,40.9039],[122.3222,40.9164],[122.3132,40.9217],[122.3131,40.9274],[122.3181,40.9282],[122.3271,40.9213],[122.3375,40.9248],[122.3316,40.9366],[122.3328,40.9436],[122.3439,40.9462],[122.3469,40.9491],[122.3435,40.9548],[122.332,40.957],[122.3221,40.9626],[122.3253,40.9684],[122.3314,40.9662],[122.3444,40.9672],[122.3499,40.9701],[122.3604,40.986],[122.3546,40.9861],[122.3506,40.9814],[122.343,40.9771],[122.3358,40.9773],[122.3351,40.9853],[122.3389,40.9893],[122.354,40.9992],[122.3606,40.9991],[122.373,40.9878],[122.384,40.9856],[122.3903,40.9864],[122.3903,40.9938],[122.3852,40.9999],[122.3902,41.0048],[122.3956,40.9924],[122.4012,40.9908],[122.4114,40.9969],[122.415,41.0107],[122.4072,41.0191],[122.409,41.0281],[122.4013,41.0286],[122.4011,41.0342],[122.3979,41.0395],[122.401,41.0453],[122.4039,41.0559],[122.403,41.0634],[122.4077,41.0691],[122.4092,41.0827],[122.4059,41.0918],[122.4001,41.0932],[122.398,41.0979],[122.3889,41.0991],[122.3879,41.1024],[122.3914,41.1105],[122.3912,41.1183],[122.3855,41.1265],[122.3791,41.1275],[122.3773,41.1312],[122.3802,41.1401],[122.379,41.1459],[122.3819,41.1511],[122.3808,41.1581],[122.3737,41.1635],[122.3668,41.1607],[122.3617,41.1639],[122.3617,41.1704],[122.3569,41.1761],[122.3687,41.1787],[122.3738,41.191],[122.3825,41.196],[122.4035,41.1991],[122.4022,41.2076],[122.4123,41.2129],[122.4319,41.2102],[122.4387,41.2116],[122.4401,41.2194],[122.4503,41.223],[122.4543,41.2324],[122.4592,41.2364],[122.4663,41.2376],[122.4704,41.2415],[122.4759,41.2418],[122.484,41.2477],[122.4849,41.2544],[122.4889,41.2624],[122.4828,41.262],[122.4782,41.2526],[122.4551,41.2529],[122.4145,41.2512],[122.4091,41.2514],[122.3967,41.2455],[122.3967,41.2401],[122.3897,41.2413],[122.3817,41.229],[122.3808,41.2232],[122.3729,41.222],[122.3633,41.2135],[122.3566,41.2102],[122.3542,41.2057],[122.346,41.2063],[122.3383,41.2035],[122.3486,41.1973],[122.3429,41.1928],[122.3269,41.1878],[122.3221,41.1931],[122.3146,41.1897],[122.2956,41.189],[122.2813,41.1895],[122.2628,41.1855],[122.2667,41.1903],[122.2642,41.1944],[122.252,41.194],[122.2386,41.1964],[122.2317,41.199],[122.2246,41.2051],[122.199,41.221],[122.207,41.2251],[122.2261,41.2285],[122.2389,41.2351],[122.2444,41.2405],[122.2466,41.273],[122.2524,41.2819],[122.2591,41.2891],[122.2616,41.3072],[122.2695,41.3177],[122.2661,41.3376],[122.2664,41.3532],[122.2539,41.3603],[122.2397,41.3714],[122.2271,41.385],[122.2231,41.3912],[122.2105,41.4055],[122.1901,41.4326],[122.1948,41.4395],[122.1935,41.4432],[122.187,41.447],[122.1942,41.4559],[122.1882,41.4574]]]]},"properties":{"region_code":"CN-21-2111","parent_region_code":"CN-21","name":"盘锦市","level":"prefecture","has_children":true,"full_path":"中国 / 辽宁省 / 盘锦市","source_admin_code":"2111","osm_relation_id":2771970}},
{"type":"Feature","geometry":{"type":"Polygon","coordinates":[[[123.7918,41.9899],[123.7996,41.995],[123.808,42.0055],[123.8176,42.0118],[123.837,42.0208],[123.8466,42.0216],[123.871,42.0269],[123.875,42.0308],[123.8826,42.0311],[123.8964,42.0268],[123.8996,42.0283],[123.9211,42.0163],[123.9344,42.0217],[123.9415,42.0217],[123.9446,42.0165],[123.9377,42.0096],[123.9378,42.0066],[123.949,42.0035],[123.9594,42.0026],[123.977,42.0036],[123.9886,42.0062],[123.9953,42.0094],[124.0091,42.0089],[124.0225,42.0114],[124.0286,42.0164],[124.0349,42.0433],[124.0517,42.0561],[124.062,42.062],[124.0735,42.0627],[124.089,42.071],[124.1015,42.0706],[124.1086,42.0679],[124.1316,42.0657],[124.143,42.0613],[124.1555,42.0544],[124.1653,42.0534],[124.1825,42.0566],[124.1986,42.053],[124.2122,42.0534],[124.228,42.0551],[124.2484,42.0649],[124.2587,42.0621],[124.2629,42.0437],[124.2696,42.0408],[124.2695,42.0352],[124.2793,42.0252],[124.275,42.0188],[124.2781,42.0105],[124.2745,42.0049],[124.2891,42.0035],[124.2997,42.0071],[124.3076,42.0131],[124.3309,42.014],[124.3358,42.0076],[124.3449,42.0097],[124.3632,42.0185],[124.3583,42.0221],[124.3611,42.0301],[124.3658,42.0293],[124.3916,42.0388],[124.4025,42.0416],[124.4066,42.0472],[124.4157,42.0485],[124.4293,42.0578],[124.4316,42.0607],[124.4416,42.0654],[124.4915,42.0774],[124.5143,42.0856],[124.5347,42.1066],[124.5419,42.1123],[124.5444,42.1168],[124.5357,42.1289],[124.5371,42.1352],[124.5422,42.1414],[124.5497,42.1446],[124.5558,42.1582],[124.5552,42.162],[124.5371,42.1747],[124.5323,42.1832],[124.5306,42.1913],[124.522,42.2],[124.5103,42.2347],[124.5153,42.2423],[124.5229,42.2462],[124.5308,42.2566],[124.5391,42.2634],[124.5485,42.2691],[124.5556,42.2817],[124.5568,42.2953],[124.5716,42.3183],[124.5667,42.3273],[124.5642,42.3385],[124.568,42.3491],[124.5894,42.3488],[124.5925,42.3454],[124.6,42.343],[124.6253,42.3461],[124.6272,42.338],[124.6225,42.3364],[124.62,42.325],[124.6313,42.3216],[124.6336,42.3181],[124.6481,42.3159],[124.6534,42.3133],[124.6758,42.3175],[124.6839,42.3138],[124.7073,42.3228],[124.7205,42.3222],[124.7255,42.3273],[124.7239,42.33],[124.7325,42.3367],[124.7424,42.3372],[124.7466,42.3352],[124.7593,42.3407],[124.7626,42.3369],[124.7725,42.3344],[124.7816,42.3376],[124.7813,42.3418],[124.7867,42.3492],[124.7848,42.3534],[124.7906,42.3585],[124.7821,42.364],[124.7813,42.3761],[124.779,42.3803],[124.7717,42.3777],[124.7658,42.3888],[124.7696,42.3984],[124.7791,42.4043],[124.7808,42.4082],[124.7936,42.4137],[124.81,42.4113],[124.8166,42.4157],[124.8425,42.4115],[124.859,42.4056],[124.8749,42.4086],[124.8809,42.4075],[124.8839,42.3996],[124.9059,42.3944],[124.92,42.3947],[124.9256,42.4006],[124.9394,42.3985],[124.9462,42.3892],[124.9556,42.3821],[124.9513,42.3694],[124.9684,42.3661],[124.973,42.3733],[124.9789,42.3769],[124.9861,42.3749],[124.987,42.3716],[124.9998,42.3761],[124.992,42.3905],[124.9939,42.3954],[124.9989,42.3995],[125.009,42.4012],[125.0179,42.3998],[125.0229,42.4035],[125.0302,42.4034],[125.0354,42.4117],[125.0304,42.4175],[125.0299,42.4293],[125.028,42.4331],[125.0504,42.4429],[125.0571,42.4482],[125.0681,42.4505],[125.0735,42.4549],[125.0719,42.4624],[125.0769,42.4674],[125.0901,42.4743],[125.1014,42.4766],[125.1031,42.482],[125.0985,42.4886],[125.0917,42.4898],[125.0789,42.4985],[125.063,42.4973],[125.0606,42.5007],[125.07,42.5027],[125.0708,42.5077],[125.0749,42.5111],[125.0846,42.5118],[125.0756,42.5226],[125.0612,42.5318],[125.0652,42.5367],[125.0706,42.5376],[125.0691,42.546],[125.0712,42.5538],[125.0754,42.5613],[125.0831,42.5654],[125.0853,42.5699],[125.082,42.5743],[125.0818,42.5813],[125.0749,42.5864],[125.0783,42.5915],[125.089,42.597],[125.0896,42.6002],[125.084,42.604],[125.0912,42.6087],[125.0904,42.6202],[125.0798,42.6232],[125.0643,42.6223],[125.0564,42.6182],[125.0481,42.6216],[125.0393,42.6184],[125.0321,42.6131],[125.0231,42.6147],[125.0223,42.6207],[125.0043,42.6301],[125.0108,42.6411],[125.0077,42.6437],[125.0136,42.6513],[125.0065,42.6578],[125.0085,42.6636],[124.9989,42.6668],[124.9904,42.6676],[124.9903,42.6729],[124.9793,42.6748],[124.9744,42.6717],[124.9629,42.6712],[124.9614,42.6779],[124.969,42.6816],[124.9799,42.6844],[124.9832,42.6925],[124.9802,42.6992],[124.9752,42.7017],[124.9728,42.7078],[124.9658,42.7111],[124.971,42.7145],[124.9669,42.7218],[124.9734,42.7267],[124.9838,42.7261],[124.9818,42.7307],[124.9891,42.7369],[124.9878,42.7446],[124.9784,42.7509],[124.9751,42.7569],[124.9824,42.7579],[124.9871,42.7672],[124.984,42.7761],[124.9737,42.7792],[124.9687,42.7857],[124.9709,42.789],[124.9697,42.7997],[124.9649,42.8031],[124.9576,42.8027],[124.9468,42.8051],[124.9325,42.8099],[124.9227,42.8177],[124.9174,42.8144],[124.9108,42.8157],[124.909,42.8018],[124.9047,42.8],[124.9008,42.7914],[124.892,42.7859],[124.8821,42.7887],[124.8748,42.7864],[124.8689,42.7876],[124.8631,42.7954],[124.862,42.8044],[124.8551,42.8139],[124.8512,42.829],[124.854,42.8302],[124.8487,42.8531],[124.8505,42.8555],[124.8491,42.8668],[124.8445,42.8703],[124.8428,42.8801],[124.8506,42.8833],[124.8443,42.8905],[124.8476,42.9007],[124.8554,42.9024],[124.8545,42.9122],[124.8612,42.9176],[124.8583,42.9213],[124.8633,42.9322],[124.8592,42.9363],[124.8596,42.9459],[124.8639,42.9519],[124.8667,42.9597],[124.8619,42.9752],[124.8663,42.9821],[124.8617,42.9869],[124.8555,42.9885],[124.8551,42.995],[124.851,42.9982],[124.8558,43.0016],[124.8522,43.0105],[124.8447,43.0136],[124.8384,43.024],[124.8344,43.0246],[124.8345,43.0307],[124.8395,43.0331],[124.8579,43.0322],[124.8531,43.0414],[124.8517,43.0492],[124.8623,43.0518],[124.8702,43.0646],[124.8836,43.0728],[124.878,43.0779],[124.8782,43.0914],[124.8734,43.0979],[124.8784,43.1051],[124.8755,43.1086],[124.8882,43.116],[124.8893,43.1288],[124.8853,43.1313],[124.8772,43.1315],[124.8613,43.1207],[124.8511,43.1163],[124.8391,43.1243],[124.8187,43.1225],[124.8138,43.1182],[124.801,43.1145],[124.7936,43.1204],[124.7793,43.115],[124.7788,43.1036],[124.7726,43.0965],[124.7531,43.0845],[124.7478,43.071],[124.7352,43.0652],[124.7139,43.068],[124.6864,43.0563],[124.6679,43.0264],[124.6711,43.0005],[124.6534,42.9716],[124.6416,42.9747],[124.6295,42.9711],[124.6275,42.9561],[124.6334,42.9532],[124.6253,42.948],[124.6161,42.9468],[124.6149,42.9395],[124.6014,42.9356],[124.5967,42.9298],[124.5985,42.9255],[124.5892,42.9129],[124.5818,42.9089],[124.5337,42.8762],[124.5315,42.8653],[124.5076,42.8707],[124.4889,42.8613],[124.4673,42.8542],[124.4611,42.8438],[124.4614,42.8383],[124.466,42.8282],[124.4659,42.8246],[124.4592,42.8201],[124.4485,42.8214],[124.4455,42.8239],[124.4477,42.8312],[124.4488,42.8472],[124.4402,42.8627],[124.4318,42.8647],[124.4351,42.8747],[124.4282,42.8783],[124.4192,42.8719],[124.4086,42.8769],[124.3802,42.879],[124.3672,42.8783],[124.3629,42.8803],[124.3637,42.887],[124.3604,42.8894],[124.362,42.8973],[124.3598,42.8996],[124.3741,42.9098],[124.3823,42.9083],[124.3924,42.9127],[124.3917,42.9165],[124.4083,42.92],[124.4085,42.9237],[124.4156,42.9272],[124.4257,42.9283],[124.4278,42.9347],[124.4361,42.9392],[124.4339,42.9488],[124.4359,42.956],[124.4269,42.9634],[124.4217,42.965],[124.4161,42.9734],[124.4087,42.974],[124.3942,42.9684],[124.3662,42.968],[124.3273,42.9946],[124.3319,43.0005],[124.3385,43.0047],[124.4116,43.0661],[124.4193,43.0736],[124.4151,43.0802],[124.4067,43.0823],[124.3919,43.0891],[124.3828,43.0962],[124.3803,43.1006],[124.3596,43.1189],[124.3419,43.1224],[124.3346,43.1259],[124.3232,43.141],[124.3027,43.1526],[124.2969,43.1465],[124.2893,43.1517],[124.2943,43.1559],[124.2783,43.1634],[124.277,43.1745],[124.2681,43.1765],[124.2749,43.1824],[124.2761,43.1867],[124.2712,43.194],[124.2743,43.2],[124.2814,43.2044],[124.2743,43.214],[124.2766,43.2183],[124.2743,43.2276],[124.2673,43.2313],[124.2627,43.2282],[124.2527,43.2313],[124.2467,43.2299],[124.2451,43.236],[124.2312,43.2316],[124.2171,43.2391],[124.2056,43.2527],[124.1872,43.2417],[124.1647,43.2428],[124.1443,43.2503],[124.1127,43.2456],[124.1067,43.2478],[124.1109,43.2608],[124.1058,43.2666],[124.111,43.2746],[124.0991,43.2804],[124.0949,43.2916],[124.0917,43.2902],[124.0595,43.2901],[124.05,43.2869],[124.0364,43.2846],[124.0271,43.2786],[124.0163,43.2853],[123.9956,43.3019],[123.9862,43.3065],[123.97,43.3244],[123.9557,43.3366],[123.9577,43.3388],[123.9466,43.3439],[123.941,43.3485],[123.9351,43.3493],[123.9162,43.3581],[123.9052,43.3559],[123.891,43.359],[123.8952,43.378],[123.884,43.387],[123.8605,43.3939],[123.8572,43.3998],[123.8468,43.4047],[123.8438,43.4129],[123.8476,43.4214],[123.8477,43.4302],[123.851,43.4358],[123.8574,43.4394],[123.8652,43.4486],[123.851,43.4567],[123.8549,43.4595],[123.8427,43.4682],[123.84,43.4653],[123.8277,43.4717],[123.8197,43.4696],[123.7988,43.4799],[123.7915,43.4874],[123.7866,43.4852],[123.7813,43.4781],[123.7545,43.4767],[123.7495,43.4716],[123.7404,43.4664],[123.7471,43.4574],[123.7429,43.4496],[123.7388,43.4467],[123.7436,43.4413],[123.7388,43.4375],[123.7273,43.4239],[123.7146,43.4194],[123.7035,43.4121],[123.7023,43.4065],[123.7044,43.4008],[123.6975,43.4007],[123.7003,43.3933],[123.6936,43.3868],[123.7019,43.3851],[123.7022,43.3809],[123.6922,43.3803],[123.691,43.3757],[123.6975,43.3692],[123.6982,43.358],[123.7052,43.3571],[123.7131,43.3525],[123.7014,43.3517],[123.7082,43.3422],[123.7035,43.3374],[123.709,43.332],[123.7053,43.3273],[123.6971,43.3228],[123.7041,43.3168],[123.7125,43.3171],[123.715,43.3112],[123.7059,43.308],[123.6959,43.3082],[123.6941,43.3057],[123.6984,43.2969],[123.6925,43.2932],[123.6917,43.2784],[123.6997,43.2753],[123.7006,43.2717],[123.6934,43.2692],[123.6827,43.2743],[123.672,43.268],[123.663,43.2661],[123.6584,43.2602],[123.6596,43.2564],[123.6688,43.2454],[123.6707,43.2398],[123.6635,43.2325],[123.6716,43.2222],[123.6672,43.2187],[123.6536,43.2192],[123.6409,43.2116],[123.6431,43.2011],[123.6482,43.1976],[123.6511,43.1914],[123.6595,43.1911],[123.6651,43.1839],[123.664,43.1794],[123.6549,43.1743],[123.6474,43.1734],[123.6421,43.1669],[123.6491,43.1584],[123.6418,43.1527],[123.6402,43.1435],[123.6317,43.139],[123.6309,43.1321],[123.6357,43.1284],[123.6326,43.1225],[123.6264,43.1203],[123.6249,43.1166],[123.6278,43.1093],[123.6227,43.0985],[123.6261,43.0868],[123.6225,43.0837],[123.6191,43.0756],[123.6114,43.0749],[123.6025,43.0664],[123.5997,43.0612],[123.592,43.0595],[123.591,43.0559],[123.6059,43.0485],[123.6044,43.0451],[123.5911,43.0383],[123.5868,43.0304],[123.5747,43.0282],[123.5778,43.0236],[123.5755,43.0175],[123.583,43.0136],[123.5767,43.0075],[123.5677,43.0077],[123.5675,43.002],[123.5575,42.9997],[123.5555,42.995],[123.5612,42.9844],[123.5574,42.9823],[123.5467,42.9825],[123.5408,42.9754],[123.5454,42.9645],[123.5549,42.953],[123.5653,42.9476],[123.5779,42.9467],[123.5797,42.9405],[123.589,42.9353],[123.5986,42.9264],[123.5951,42.9209],[123.5836,42.9187],[123.5787,42.9095],[123.5831,42.9056],[123.5968,42.9011],[123.5932,42.894],[123.5941,42.89],[123.5827,42.885],[123.5783,42.8799],[123.578,42.8738],[123.5861,42.8695],[123.597,42.8673],[123.597,42.8627],[123.5808,42.8506],[123.5803,42.8471],[123.5878,42.8444],[123.5871,42.841],[123.5913,42.8342],[123.5992,42.8298],[123.5984,42.826],[123.5867,42.8214],[123.5891,42.813],[123.5886,42.8074],[123.5915,42.7989],[123.5957,42.7944],[123.5878,42.7873],[123.596,42.7818],[123.6,42.7725],[123.5931,42.7691],[123.5814,42.7728],[123.572,42.7688],[123.5755,42.7604],[123.5809,42.7579],[123.5812,42.7524],[123.5777,42.7487],[123.5715,42.7491],[123.5668,42.7385],[123.5577,42.7294],[123.5534,42.7233],[123.5634,42.715],[123.5684,42.7074],[123.5736,42.7066],[123.5768,42.7005],[123.5704,42.6944],[123.5641,42.6943],[123.5647,42.6896],[123.5748,42.6873],[123.5834,42.6807],[123.5815,42.6752],[123.5745,42.6782],[123.5714,42.6749],[123.5786,42.6724],[123.5843,42.663],[123.588,42.6617],[123.5963,42.6662],[123.5984,42.6735],[123.6061,42.6779],[123.6195,42.6736],[123.6198,42.6624],[123.6132,42.651],[123.6177,42.6457],[123.6313,42.6375],[123.6572,42.6266],[123.66,42.6238],[123.6558,42.619],[123.6472,42.6165],[123.6576,42.6113],[123.6631,42.6021],[123.6697,42.5996],[123.6887,42.6005],[123.6966,42.5947],[123.6929,42.5907],[123.686,42.5907],[123.6847,42.5858],[123.6881,42.578],[123.6943,42.5751],[123.7021,42.577],[123.7072,42.5732],[123.7055,42.5656],[123.7093,42.5639],[123.7213,42.5649],[123.7239,42.5566],[123.7202,42.5521],[123.7269,42.5493],[123.7316,42.5511],[123.7345,42.5565],[123.7396,42.5574],[123.7525,42.5519],[123.7541,42.5494],[123.7468,42.5411],[123.7303,42.5403],[123.7232,42.5361],[123.7117,42.5324],[123.7083,42.5346],[123.6957,42.526],[123.6907,42.5198],[123.678,42.5079],[123.6735,42.5147],[123.6649,42.5166],[123.6569,42.5209],[123.663,42.5281],[123.6578,42.5331],[123.6604,42.542],[123.6579,42.5496],[123.6473,42.5482],[123.638,42.5507],[123.6177,42.5418],[123.6195,42.5357],[123.6163,42.5322],[123.6084,42.5312],[123.6064,42.5245],[123.6109,42.5229],[123.6035,42.5073],[123.5799,42.5087],[123.5773,42.5006],[123.5663,42.5041],[123.5635,42.5007],[123.5523,42.4977],[123.544,42.4889],[123.536,42.4886],[123.5286,42.4799],[123.5242,42.4848],[123.5164,42.4855],[123.5078,42.4764],[123.5036,42.4669],[123.4846,42.4608],[123.4731,42.4627],[123.466,42.4575],[123.4672,42.4535],[123.4561,42.4438],[123.4503,42.4421],[123.4489,42.4305],[123.4563,42.4289],[123.4618,42.4183],[123.4727,42.4124],[123.4752,42.406],[123.4688,42.4048],[123.4658,42.3953],[123.4689,42.3949],[123.4642,42.3848],[123.4595,42.3789],[123.4648,42.3743],[123.4761,42.3694],[123.4818,42.3608],[123.4943,42.3586],[123.4999,42.3516],[123.5037,42.3521],[123.5153,42.3429],[123.5168,42.3375],[123.5224,42.3374],[123.522,42.3196],[123.5097,42.2965],[123.5042,42.2907],[123.4928,42.2741],[123.4824,42.2745],[123.4761,42.2715],[123.475,42.2625],[123.4677,42.2595],[123.4624,42.2468],[123.4702,42.2309],[123.4592,42.2277],[123.4571,42.218],[123.4533,42.2183],[123.4454,42.2087],[123.4436,42.2027],[123.4523,42.1979],[123.4519,42.1936],[123.4587,42.1914],[123.4571,42.1878],[123.4629,42.1857],[123.4672,42.1802],[123.4811,42.1782],[123.4984,42.1906],[123.5124,42.1893],[123.5203,42.1862],[123.5273,42.1792],[123.5362,42.1801],[123.5345,42.1488],[123.536,42.1451],[123.5459,42.1408],[123.5501,42.1428],[123.576,42.1288],[123.5843,42.1272],[123.6029,42.1173],[123.6144,42.114],[123.6228,42.1064],[123.6262,42.0988],[123.6318,42.1008],[123.6407,42.0989],[123.6483,42.0925],[123.6645,42.0927],[123.6697,42.0957],[123.6874,42.0938],[123.692,42.09],[123.6991,42.0891],[123.6996,42.0835],[123.7071,42.0819],[123.7107,42.0785],[123.7216,42.0739],[123.7271,42.0688],[123.7293,42.0629],[123.7401,42.0631],[123.7491,42.0552],[123.7452,42.0511],[123.7614,42.0453],[123.7744,42.0384],[123.7829,42.0418],[123.7862,42.048],[123.7842,42.0503],[123.7897,42.0576],[123.7973,42.0574],[123.8026,42.0482],[123.8085,42.0476],[123.808,42.0408],[123.8019,42.0379],[123.8077,42.0272],[123.8009,42.0157],[123.7891,42.0101],[123.7735,42.0212],[123.7676,42.0215],[123.7577,42.0156],[123.7594,42.0077],[123.7564,42.0011],[123.764,41.9991],[123.7668,41.992],[123.7726,41.9894],[123.7918,41.9899]]]},"properties":{"region_code":"CN-21-2112","parent_region_code":"CN-21","name":"铁岭市","level":"prefecture","has_children":true,"full_path":"中国 / 辽宁省 / 铁岭市","source_admin_code":"2112","osm_relation_id":2767515}},
{"type":"Feature","geometry":{"type":"Polygon","coordinates":[[[121.2581,41.7923],[121.2613,41.8],[121.2672,41.8013],[121.2626,41.8086],[121.264,41.8209],[121.2717,41.8245],[121.2739,41.8344],[121.277,41.836],[121.2844,41.8535],[121.2882,41.8552],[121.2963,41.8636],[121.2933,41.8818],[121.287,41.8876],[121.2683,41.8922],[121.258,41.896],[121.2439,41.898],[121.2329,41.9014],[121.2217,41.9075],[121.2074,41.9127],[121.2038,41.9173],[121.2026,41.9286],[121.195,41.9475],[121.1942,41.9532],[121.1864,41.9638],[121.1703,41.9709],[121.1575,41.9752],[121.1442,41.9746],[121.1377,41.972],[121.1164,41.9669],[121.1099,41.9631],[121.0991,41.9626],[121.0822,41.9676],[121.0736,41.9716],[121.0672,41.9764],[121.046,41.9751],[121.0359,41.9778],[121.0337,41.9855],[121.0449,42.0028],[121.0492,42.0161],[121.047,42.0289],[121.0421,42.0383],[121.0381,42.0537],[121.0395,42.0593],[121.0441,42.0619],[121.0524,42.0718],[121.0628,42.0724],[121.0659,42.0787],[121.0627,42.0851],[121.0697,42.0894],[121.0713,42.0986],[121.069,42.1022],[121.0775,42.1066],[121.0749,42.1134],[121.0791,42.1166],[121.0751,42.1223],[121.0724,42.1365],[121.0643,42.1419],[121.0671,42.1503],[121.0614,42.1545],[121.0615,42.16],[121.0548,42.1655],[121.0556,42.172],[121.0509,42.1786],[121.0547,42.1827],[121.0445,42.1924],[121.0519,42.2056],[121.0501,42.2168],[121.0417,42.2275],[121.0275,42.2348],[121.0227,42.2403],[121.0068,42.2477],[120.9971,42.258],[120.9863,42.2623],[120.9782,42.2595],[120.9718,42.2613],[120.9658,42.2596],[120.9487,42.2738],[120.9278,42.2779],[120.9256,42.2728],[120.907,42.27],[120.9001,42.266],[120.8934,42.266],[120.8853,42.2697],[120.877,42.264],[120.8847,42.2552],[120.8846,42.247],[120.8785,42.2407],[120.8617,42.2498],[120.8461,42.2468],[120.8412,42.2488],[120.8294,42.2457],[120.8234,42.2491],[120.8184,42.2391],[120.8223,42.2328],[120.8154,42.226],[120.7987,42.2236],[120.785,42.2164],[120.7724,42.2169],[120.7638,42.2195],[120.7398,42.2213],[120.7326,42.2186],[120.7282,42.2125],[120.7166,42.2016],[120.6913,42.196],[120.6837,42.1858],[120.6629,42.1749],[120.6455,42.1679],[120.6294,42.1573],[120.6194,42.1525],[120.6047,42.1561],[120.5973,42.1596],[120.5789,42.1652],[120.5702,42.1584],[120.5624,42.1499],[120.5456,42.1413],[120.5308,42.1382],[120.5097,42.1289],[120.4893,42.1178],[120.4763,42.1136],[120.4611,42.1031],[120.4638,42.0955],[120.4745,42.0889],[120.4823,42.0934],[120.487,42.0935],[120.4933,42.0891],[120.4907,42.0857],[120.4772,42.0838],[120.4877,42.0714],[120.4861,42.0666],[120.4773,42.0614],[120.4613,42.0588],[120.4538,42.0548],[120.4459,42.0554],[120.4437,42.0485],[120.4463,42.0414],[120.448,42.0283],[120.446,42.0206],[120.4507,42.014],[120.4326,42.0038],[120.4225,42.0054],[120.4168,41.9989],[120.4073,41.9937],[120.4141,41.9898],[120.4159,41.9835],[120.4053,41.9817],[120.3937,41.9824],[120.3852,41.9845],[120.3677,41.9924],[120.3581,41.9849],[120.3524,41.984],[120.3485,41.9794],[120.3405,41.9757],[120.3289,41.9776],[120.3306,41.9681],[120.3294,41.963],[120.3163,41.9573],[120.304,41.9493],[120.3047,41.9394],[120.3113,41.9367],[120.3021,41.9249],[120.2903,41.9345],[120.2812,41.9326],[120.275,41.9234],[120.2707,41.9234],[120.2636,41.9189],[120.2612,41.9121],[120.2643,41.9062],[120.2546,41.9012],[120.2685,41.8964],[120.2748,41.898],[120.2863,41.8941],[120.2943,41.8854],[120.2858,41.8834],[120.2819,41.8777],[120.2724,41.8806],[120.2514,41.8824],[120.2449,41.8819],[120.2152,41.8541],[120.2004,41.8497],[120.1877,41.8471],[120.183,41.8444],[120.1795,41.8218],[120.1723,41.818],[120.1556,41.8047],[120.1545,41.7953],[120.1513,41.791],[120.1442,41.7903],[120.136,41.7778],[120.1307,41.7762],[120.1233,41.7702],[120.1228,41.7672],[120.1253,41.7416],[120.1273,41.7355],[120.1332,41.726],[120.1267,41.723],[120.1255,41.7194],[120.1081,41.7107],[120.1015,41.7051],[120.0949,41.6963],[120.0865,41.6963],[120.0807,41.6937],[120.0695,41.6985],[120.029,41.7118],[120.0302,41.7232],[120.0198,41.7322],[120.0188,41.7366],[120.0301,41.7455],[120.0258,41.7476],[120.0306,41.7521],[120.0313,41.7618],[120.0375,41.7629],[120.0457,41.7734],[120.0367,41.7721],[120.0344,41.7765],[120.0279,41.777],[120.0287,41.7821],[120.0373,41.7853],[120.0363,41.7945],[120.0394,41.802],[120.0357,41.8168],[120.0309,41.8178],[120.0175,41.8143],[120.012,41.8264],[120.0057,41.8512],[119.9998,41.8609],[119.9894,41.8656],[119.9857,41.8729],[119.9894,41.8922],[119.9862,41.8979],[119.9565,41.9172],[119.9487,41.9184],[119.9504,41.9305],[119.9558,41.9508],[119.9541,41.9665],[119.9495,41.974],[119.9291,41.9824],[119.9233,41.9822],[119.9266,41.9904],[119.9207,42.0066],[119.8919,42.026],[119.8934,42.0366],[119.8916,42.0449],[119.8791,42.0499],[119.8768,42.0641],[119.8697,42.0758],[119.8556,42.0867],[119.8392,42.095],[119.8363,42.1015],[119.8338,42.1261],[119.8318,42.1332],[119.8367,42.152],[119.8447,42.1621],[119.8501,42.1743],[119.847,42.2078],[119.8401,42.2134],[119.7997,42.2108],[119.7853,42.2133],[119.7828,42.2091],[119.7761,42.2085],[119.7706,42.2107],[119.7634,42.2081],[119.7514,42.2122],[119.7372,42.2101],[119.7346,42.2164],[119.7276,42.2199],[119.7136,42.2182],[119.7141,42.2274],[119.6974,42.2208],[119.6891,42.2296],[119.6774,42.2339],[119.6776,42.2371],[119.6664,42.2396],[119.6563,42.2378],[119.6507,42.2393],[119.6437,42.2377],[119.6362,42.2384],[119.6289,42.2489],[119.6083,42.2539],[119.608,42.2635],[119.6,42.273],[119.6025,42.2755],[119.5773,42.2775],[119.5764,42.2838],[119.5674,42.279],[119.5623,42.2827],[119.5689,42.2908],[119.565,42.2959],[119.5538,42.2873],[119.5485,42.2876],[119.5463,42.293],[119.5368,42.2902],[119.5339,42.2955],[119.5377,42.3051],[119.5507,42.3166],[119.5464,42.3228],[119.5574,42.3253],[119.5644,42.334],[119.5661,42.3575],[119.5385,42.3644],[119.5352,42.3622],[119.5267,42.3688],[119.5107,42.3739],[119.51,42.3807],[119.5028,42.3869],[119.4951,42.3854],[119.4904,42.3689],[119.4846,42.3573],[119.4823,42.3498],[119.4709,42.342],[119.4544,42.3353],[119.4497,42.3308],[119.4363,42.3303],[119.4316,42.3255],[119.4271,42.3135],[119.416,42.3137],[119.4093,42.3071],[119.3854,42.3048],[119.3727,42.2996],[119.3674,42.2961],[119.3573,42.3011],[119.3438,42.2996],[119.3363,42.296],[119.329,42.2862],[119.3188,42.2779],[119.2988,42.2659],[119.2922,42.267],[119.2795,42.2635],[119.2708,42.2555],[119.2723,42.2487],[119.2693,42.2385],[119.2621,42.2329],[119.2617,42.229],[119.2476,42.2191],[119.2439,42.2065],[119.2316,42.1984],[119.2381,42.1949],[119.2426,42.1859],[119.2627,42.1867],[119.2681,42.1816],[119.2711,42.1757],[119.2703,42.1707],[119.2793,42.1642],[119.2814,42.157],[119.2801,42.1533],[119.286,42.1488],[119.2947,42.1487],[119.3023,42.1442],[119.2968,42.136],[119.3005,42.1241],[119.3034,42.1207],[119.3131,42.1158],[119.3222,42.1146],[119.3417,42.1169],[119.3555,42.1068],[119.3668,42.103],[119.372,42.0928],[119.378,42.0897],[119.3747,42.073],[119.3713,42.0701],[119.3739,42.0568],[119.3778,42.0519],[119.3738,42.0432],[119.368,42.0196],[119.3628,42.0161],[119.3576,42.0082],[119.3585,42.0057],[119.3524,42.0009],[119.3486,41.992],[119.3381,41.9831],[119.3293,41.98],[119.3192,41.9693],[119.3205,41.9597],[119.3241,41.9502],[119.3179,41.9376],[119.3263,41.9254],[119.3252,41.9123],[119.3279,41.9081],[119.327,41.8987],[119.3219,41.8944],[119.3185,41.8879],[119.3209,41.8771],[119.3273,41.8715],[119.3288,41.8667],[119.3231,41.8612],[119.3202,41.8533],[119.3204,41.8471],[119.3164,41.8449],[119.3099,41.8328],[119.3132,41.8299],[119.3103,41.8183],[119.3096,41.8066],[119.3008,41.799],[119.2959,41.7975],[119.288,41.7907],[119.2838,41.7836],[119.2846,41.7791],[119.2901,41.7718],[119.3086,41.7651],[119.3114,41.7616],[119.3064,41.7537],[119.3058,41.7486],[119.2941,41.7407],[119.2975,41.7381],[119.3064,41.7388],[119.3111,41.7334],[119.3133,41.7259],[119.3024,41.7197],[119.2933,41.7086],[119.2939,41.7023],[119.2997,41.6951],[119.2982,41.6912],[119.3079,41.6806],[119.3056,41.6708],[119.3076,41.6634],[119.3119,41.6618],[119.3101,41.6542],[119.3031,41.6458],[119.307,41.6377],[119.3142,41.6427],[119.3246,41.6336],[119.3358,41.6166],[119.3334,41.6152],[119.3536,41.6064],[119.3607,41.6066],[119.3653,41.6034],[119.3729,41.6026],[119.3812,41.5956],[119.3911,41.5951],[119.3969,41.5913],[119.4101,41.587],[119.4134,41.5794],[119.4044,41.5784],[119.4141,41.566],[119.4085,41.559],[119.3969,41.5636],[119.3941,41.5609],[119.3855,41.5614],[119.3814,41.5653],[119.3711,41.5624],[119.3556,41.5643],[119.3539,41.5631],[119.3624,41.5532],[119.3569,41.5515],[119.3603,41.5468],[119.356,41.5434],[119.377,41.5285],[119.3769,41.5195],[119.3885,41.519],[119.3984,41.5069],[119.3994,41.5007],[119.3912,41.5013],[119.3984,41.4854],[119.397,41.4737],[119.3949,41.4702],[119.3839,41.4657],[119.3715,41.4575],[119.3637,41.4324],[119.3713,41.4226],[119.3625,41.4178],[119.357,41.4169],[119.3424,41.4088],[119.3138,41.405],[119.3092,41.4017],[119.2983,41.4013],[119.3045,41.3932],[119.318,41.3908],[119.3242,41.383],[119.3235,41.3697],[119.3136,41.3641],[119.3152,41.3586],[119.3202,41.3528],[119.324,41.3391],[119.3198,41.3273],[119.3135,41.3256],[119.3078,41.332],[119.3097,41.3398],[119.3054,41.3466],[119.2987,41.3402],[119.2931,41.3262],[119.2641,41.3208],[119.2402,41.3224],[119.2331,41.3125],[119.2344,41.299],[119.2433,41.2816],[119.2421,41.2742],[119.2277,41.2561],[119.2224,41.2538],[119.2128,41.2534],[119.2098,41.2435],[119.2038,41.2426],[119.2046,41.2271],[119.1979,41.2204],[119.1643,41.2213],[119.1571,41.2178],[119.1563,41.2144],[119.1661,41.2101],[119.168,41.2072],[119.1793,41.2023],[119.1825,41.1962],[119.1734,41.178],[119.1692,41.1772],[119.1523,41.167],[119.132,41.1456],[119.1199,41.1366],[119.112,41.1355],[119.0963,41.1368],[119.0813,41.1344],[119.0747,41.1294],[119.0726,41.1096],[119.074,41.093],[119.0714,41.086],[119.0673,41.0822],[119.0548,41.0757],[119.0398,41.0776],[119.0356,41.074],[119.0326,41.0671],[119.0278,41.0636],[118.9944,41.0689],[118.9823,41.073],[118.9798,41.0758],[118.97,41.0742],[118.9584,41.0772],[118.9517,41.0685],[118.943,41.0632],[118.9406,41.0568],[118.9306,41.0511],[118.9335,41.0432],[118.9296,41.0359],[118.9332,41.0325],[118.9351,41.0253],[118.9459,41.0168],[119.0072,41.0058],[119.0114,41.0025],[119.0141,40.9961],[119.0088,40.99],[118.9988,40.983],[118.9986,40.9784],[118.9944,40.9654],[118.9821,40.9644],[118.9719,40.9601],[118.9494,40.9561],[118.9324,40.9577],[118.9331,40.9613],[118.922,40.9619],[118.9136,40.9657],[118.8961,40.9601],[118.892,40.9449],[118.8938,40.9418],[118.8878,40.9291],[118.8884,40.924],[118.88,40.9227],[118.8848,40.8999],[118.8828,40.8852],[118.8785,40.879],[118.8791,40.8717],[118.875,40.8646],[118.8757,40.8614],[118.8674,40.8554],[118.8671,40.8468],[118.8523,40.8399],[118.8461,40.831],[118.845,40.8226],[118.8399,40.8208],[118.8399,40.8126],[118.8435,40.7993],[118.8549,40.8015],[118.8599,40.7924],[118.8701,40.7887],[118.8733,40.7805],[118.8872,40.7762],[118.8961,40.7797],[118.9015,40.7746],[118.9022,40.7701],[118.8971,40.7653],[118.8963,40.7591],[118.8914,40.7577],[118.89,40.7523],[118.9023,40.755],[118.9136,40.7527],[118.9206,40.7489],[118.9308,40.7491],[118.9433,40.7462],[118.9475,40.7423],[118.9543,40.7265],[118.955,40.7191],[118.9703,40.7077],[118.975,40.7059],[118.9801,40.7005],[118.9951,40.6945],[119.0006,40.6888],[119.0065,40.6857],[119.0138,40.69],[119.0211,40.6906],[119.0443,40.6771],[119.0484,40.6631],[119.0589,40.6623],[119.0637,40.6679],[119.0785,40.6744],[119.0846,40.6693],[119.0851,40.6657],[119.1028,40.6629],[119.1305,40.6805],[119.137,40.6833],[119.144,40.6838],[119.1518,40.6929],[119.1578,40.6933],[119.1747,40.6856],[119.1777,40.6792],[119.1847,40.6803],[119.1938,40.6714],[119.1879,40.665],[119.1825,40.6647],[119.1713,40.6594],[119.1679,40.6529],[119.1588,40.6475],[119.15,40.6456],[119.1454,40.6367],[119.1381,40.6319],[119.1524,40.6173],[119.1511,40.6023],[119.1544,40.5987],[119.1642,40.6016],[119.172,40.6077],[119.1796,40.6114],[119.1915,40.6104],[119.1968,40.605],[119.2046,40.6074],[119.2122,40.6068],[119.2178,40.6032],[119.2229,40.6055],[119.2275,40.6004],[119.2346,40.5973],[119.2367,40.6037],[119.2407,40.6061],[119.2445,40.6152],[119.2522,40.6197],[119.2606,40.6125],[119.2599,40.6077],[119.2714,40.6051],[119.2779,40.6092],[119.2903,40.6124],[119.2897,40.6165],[119.2955,40.6196],[119.2965,40.6271],[119.3065,40.628],[119.3138,40.6356],[119.3134,40.6406],[119.3221,40.6489],[119.3298,40.6507],[119.3332,40.6587],[119.3385,40.6598],[119.3372,40.6659],[119.3397,40.6695],[119.3515,40.6749],[119.3575,40.6741],[119.3682,40.6813],[119.3766,40.6796],[119.3817,40.6754],[119.4028,40.6845],[119.4057,40.6963],[119.4123,40.6984],[119.4178,40.7107],[119.4156,40.7144],[119.4201,40.719],[119.4244,40.7286],[119.4329,40.7384],[119.4419,40.7433],[119.4531,40.7466],[119.455,40.7495],[119.4747,40.76],[119.4866,40.761],[119.4967,40.767],[119.4964,40.7703],[119.5018,40.7739],[119.5043,40.7813],[119.5106,40.7878],[119.5091,40.7952],[119.5141,40.8024],[119.5206,40.8065],[119.5238,40.8117],[119.5241,40.8181],[119.5206,40.8216],[119.522,40.8325],[119.5261,40.8363],[119.5433,40.8317],[119.5557,40.8225],[119.567,40.8168],[119.5797,40.8209],[119.5898,40.8273],[119.598,40.8364],[119.6027,40.8388],[119.6121,40.8348],[119.6322,40.8284],[119.6419,40.8151],[119.6452,40.8152],[119.6537,40.8059],[119.6547,40.7921],[119.6638,40.7812],[119.6717,40.7812],[119.6785,40.779],[119.6854,40.7898],[119.6854,40.7974],[119.6931,40.8018],[119.6999,40.8094],[119.7013,40.8148],[119.7052,40.817],[119.7064,40.8246],[119.6894,40.8225],[119.6891,40.834],[119.6994,40.8392],[119.7003,40.8478],[119.7045,40.8567],[119.7114,40.8587],[119.7231,40.8585],[119.7287,40.8631],[119.7379,40.8646],[119.7412,40.8569],[119.758,40.8569],[119.7651,40.8529],[119.7655,40.8499],[119.7752,40.845],[119.7799,40.8546],[119.7893,40.8528],[119.7953,40.8596],[119.7964,40.8685],[119.8099,40.8706],[119.8123,40.878],[119.8204,40.8848],[119.8202,40.8945],[119.8158,40.8982],[119.8181,40.904],[119.8151,40.9107],[119.8161,40.9183],[119.8131,40.9281],[119.8157,40.9308],[119.8266,40.9345],[119.829,40.9268],[119.8347,40.9281],[119.8444,40.9272],[119.8537,40.9228],[119.8632,40.9109],[119.8687,40.9095],[119.8818,40.9121],[119.8892,40.912],[119.8938,40.9094],[119.9025,40.9086],[119.9079,40.9262],[119.9115,40.9304],[119.9233,40.9336],[119.9271,40.9362],[119.9332,40.9455],[119.937,40.9469],[119.9463,40.9456],[119.9505,40.9415],[119.9543,40.932],[119.9617,40.9264],[119.9742,40.9316],[119.9905,40.9469],[120.0006,40.9629],[119.9994,40.9657],[120.0013,40.976],[120.0105,40.9821],[120.0101,40.9881],[120.0178,40.9914],[120.0211,41.0029],[120.0165,41.0093],[120.0168,41.0181],[120.0129,41.0256],[120.015,41.0314],[120.0123,41.038],[120.0032,41.0415],[120.0039,41.0467],[119.9988,41.0602],[119.9902,41.0615],[119.9878,41.0652],[119.9953,41.0736],[120.0025,41.0772],[120.0165,41.079],[120.0228,41.0844],[120.0332,41.0848],[120.0411,41.0874],[120.0459,41.0911],[120.0508,41.0894],[120.0546,41.0929],[120.0563,41.0997],[120.074,41.0982],[120.0792,41.091],[120.0935,41.0863],[120.1008,41.0877],[120.1096,41.0816],[120.1133,41.0743],[120.1048,41.0684],[120.1028,41.0611],[120.1138,41.0587],[120.1218,41.0459],[120.1301,41.0282],[120.1367,41.0097],[120.1403,41.0051],[120.1479,41.0087],[120.1647,41.0254],[120.1729,41.0256],[120.1828,40.9991],[120.1935,40.9992],[120.1994,40.9788],[120.1943,40.9694],[120.1876,40.967],[120.1887,40.9615],[120.1843,40.9551],[120.168,40.9533],[120.1707,40.9471],[120.1611,40.9418],[120.1601,40.9332],[120.1634,40.9251],[120.1741,40.9204],[120.1911,40.9218],[120.1981,40.9307],[120.1979,40.9356],[120.2026,40.9449],[120.2128,40.9552],[120.2238,40.9533],[120.2293,40.9488],[120.2336,40.9493],[120.24,40.9546],[120.2466,40.9573],[120.2515,40.9436],[120.2613,40.9458],[120.274,40.9439],[120.2796,40.951],[120.2852,40.9626],[120.285,40.9713],[120.2985,40.9715],[120.3006,40.975],[120.2998,40.9832],[120.3044,40.9891],[120.3127,40.9925],[120.3148,40.9961],[120.3233,40.9995],[120.3294,40.9938],[120.3339,40.9949],[120.3412,40.9884],[120.3499,40.9829],[120.3579,40.9811],[120.3642,40.977],[120.3763,40.9716],[120.3826,40.9709],[120.3877,40.9615],[120.3942,40.9539],[120.4009,40.9513],[120.4133,40.9545],[120.4194,40.962],[120.4391,40.9758],[120.4487,40.9892],[120.4467,40.9954],[120.4534,40.9996],[120.4498,41.0131],[120.4516,41.0288],[120.4504,41.0387],[120.451,41.0485],[120.4492,41.0528],[120.4558,41.0587],[120.4655,41.0725],[120.4717,41.0759],[120.4806,41.0753],[120.4918,41.0771],[120.5023,41.0663],[120.5156,41.0607],[120.5222,41.0605],[120.5308,41.0652],[120.5323,41.0693],[120.531,41.0824],[120.5323,41.0909],[120.5378,41.094],[120.5444,41.0938],[120.5557,41.0969],[120.58,41.1009],[120.5931,41.1038],[120.5959,41.1136],[120.5974,41.1261],[120.6011,41.1347],[120.6082,41.1417],[120.6064,41.1538],[120.6099,41.1596],[120.6312,41.167],[120.6346,41.1739],[120.6351,41.1823],[120.6393,41.1837],[120.652,41.1815],[120.6589,41.176],[120.6714,41.1792],[120.6727,41.1847],[120.68,41.1867],[120.6849,41.1936],[120.6961,41.1971],[120.6983,41.1937],[120.6923,41.1841],[120.7065,41.182],[120.7137,41.1848],[120.7219,41.1852],[120.7306,41.1925],[120.7389,41.1926],[120.7412,41.1961],[120.7562,41.188],[120.7659,41.1922],[120.7588,41.1921],[120.7635,41.1993],[120.7631,41.204],[120.7575,41.2092],[120.7461,41.2111],[120.7374,41.2194],[120.7275,41.2162],[120.7232,41.2184],[120.715,41.2176],[120.7117,41.2205],[120.7153,41.2262],[120.7253,41.229],[120.733,41.2383],[120.7415,41.2392],[120.7449,41.2418],[120.7551,41.2441],[120.7607,41.2515],[120.7586,41.2595],[120.7523,41.2593],[120.7471,41.2665],[120.7333,41.2687],[120.7283,41.2715],[120.7305,41.2845],[120.7362,41.2883],[120.7415,41.2888],[120.7449,41.2971],[120.7502,41.3004],[120.7462,41.3059],[120.7466,41.3113],[120.7424,41.3174],[120.7457,41.3279],[120.7512,41.335],[120.7472,41.3407],[120.751,41.345],[120.7531,41.3551],[120.7647,41.3562],[120.7692,41.3662],[120.763,41.3675],[120.7649,41.3745],[120.7749,41.3771],[120.781,41.3837],[120.7811,41.3893],[120.7851,41.3935],[120.7967,41.3938],[120.8017,41.3994],[120.8108,41.4033],[120.8111,41.4058],[120.8046,41.4145],[120.8007,41.4161],[120.8023,41.4219],[120.8096,41.4233],[120.8143,41.4194],[120.8137,41.4153],[120.8167,41.4075],[120.8279,41.3961],[120.831,41.3965],[120.8385,41.4048],[120.8363,41.4118],[120.8405,41.42],[120.8475,41.4211],[120.852,41.4155],[120.86,41.4147],[120.8656,41.4195],[120.8723,41.4163],[120.8787,41.4198],[120.8774,41.4255],[120.8708,41.4333],[120.8734,41.4476],[120.8724,41.4746],[120.8776,41.4756],[120.8875,41.4734],[120.8923,41.4695],[120.897,41.4724],[120.8998,41.4792],[120.8915,41.4835],[120.8954,41.4907],[120.8971,41.4981],[120.8961,41.5104],[120.9016,41.5195],[120.9094,41.5259],[120.9192,41.5229],[120.921,41.5291],[120.9313,41.5292],[120.9349,41.5355],[120.9434,41.539],[120.9521,41.5393],[120.9511,41.543],[120.9665,41.5585],[120.9764,41.5646],[120.97,41.5721],[120.9736,41.5733],[120.9684,41.5816],[120.9709,41.5891],[120.9686,41.5934],[120.9707,41.5973],[120.9788,41.5983],[120.9835,41.5944],[120.9918,41.5939],[120.9996,41.6025],[121.0078,41.6041],[121.0113,41.6003],[121.0208,41.6078],[121.0285,41.6073],[121.037,41.6091],[121.0427,41.6149],[121.0448,41.6219],[121.0566,41.6243],[121.0617,41.6272],[121.0665,41.6223],[121.0613,41.616],[121.0697,41.6115],[121.0717,41.6153],[121.0858,41.6134],[121.0945,41.6164],[121.0981,41.621],[121.1055,41.6171],[121.1122,41.6229],[121.1182,41.631],[121.1173,41.6378],[121.123,41.6389],[121.1344,41.6461],[121.1414,41.6472],[121.1383,41.6591],[121.1446,41.6618],[121.1479,41.6666],[121.1538,41.6689],[121.1606,41.6648],[121.1718,41.6686],[121.1703,41.6638],[121.186,41.6726],[121.1886,41.6758],[121.2012,41.6733],[121.205,41.6757],[121.219,41.6759],[121.2212,41.6865],[121.2126,41.6874],[121.218,41.6974],[121.2225,41.6975],[121.224,41.7037],[121.2208,41.7054],[121.2257,41.7123],[121.2279,41.7193],[121.2167,41.7284],[121.2104,41.738],[121.2125,41.7432],[121.222,41.7515],[121.2178,41.7549],[121.2212,41.761],[121.2558,41.7723],[121.2506,41.7766],[121.2524,41.7841],[121.2581,41.7923]]]},"properties":{"region_code":"CN-21-2113","parent_region_code":"CN-21","name":"朝阳市","level":"prefecture","has_children":true,"full_path":"中国 / 辽宁省 / 朝阳市","source_admin_code":"2113","osm_relation_id":2769829}},
{"type":"Feature","geometry":{"type":"MultiPolygon","coordinates":[[[[120.7804,40.4728],[120.7857,40.4751],[120.7929,40.4877],[120.7962,40.4887],[120.8174,40.487],[120.8274,40.4929],[120.8238,40.5019],[120.8256,40.5086],[120.8115,40.5192],[120.8068,40.5191],[120.8077,40.513],[120.7968,40.5088],[120.7909,40.5107],[120.7886,40.5064],[120.7934,40.5017],[120.7934,40.4975],[120.787,40.495],[120.7774,40.4963],[120.7755,40.4901],[120.771,40.4872],[120.7706,40.4788],[120.7804,40.4728]]],[[[120.7659,41.1922],[120.7562,41.188],[120.7412,41.1961],[120.7389,41.1926],[120.7306,41.1925],[120.7219,41.1852],[120.7137,41.1848],[120.7065,41.182],[120.6923,41.1841],[120.6983,41.1937],[120.6961,41.1971],[120.6849,41.1936],[120.68,41.1867],[120.6727,41.1847],[120.6714,41.1792],[120.6589,41.176],[120.652,41.1815],[120.6393,41.1837],[120.6351,41.1823],[120.6346,41.1739],[120.6312,41.167],[120.6099,41.1596],[120.6064,41.1538],[120.6082,41.1417],[120.6011,41.1347],[120.5974,41.1261],[120.5959,41.1136],[120.5931,41.1038],[120.58,41.1009],[120.5557,41.0969],[120.5444,41.0938],[120.5378,41.094],[120.5323,41.0909],[120.531,41.0824],[120.5323,41.0693],[120.5308,41.0652],[120.5222,41.0605],[120.5156,41.0607],[120.5023,41.0663],[120.4918,41.0771],[120.4806,41.0753],[120.4717,41.0759],[120.4655,41.0725],[120.4558,41.0587],[120.4492,41.0528],[120.451,41.0485],[120.4504,41.0387],[120.4516,41.0288],[120.4498,41.0131],[120.4534,40.9996],[120.4467,40.9954],[120.4487,40.9892],[120.4391,40.9758],[120.4194,40.962],[120.4133,40.9545],[120.4009,40.9513],[120.3942,40.9539],[120.3877,40.9615],[120.3826,40.9709],[120.3763,40.9716],[120.3642,40.977],[120.3579,40.9811],[120.3499,40.9829],[120.3412,40.9884],[120.3339,40.9949],[120.3294,40.9938],[120.3233,40.9995],[120.3148,40.9961],[120.3127,40.9925],[120.3044,40.9891],[120.2998,40.9832],[120.3006,40.975],[120.2985,40.9715],[120.285,40.9713],[120.2852,40.9626],[120.2796,40.951],[120.274,40.9439],[120.2613,40.9458],[120.2515,40.9436],[120.2466,40.9573],[120.24,40.9546],[120.2336,40.9493],[120.2293,40.9488],[120.2238,40.9533],[120.2128,40.9552],[120.2026,40.9449],[120.1979,40.9356],[120.1981,40.9307],[120.1911,40.9218],[120.1741,40.9204],[120.1634,40.9251],[120.1601,40.9332],[120.1611,40.9418],[120.1707,40.9471],[120.168,40.9533],[120.1843,40.9551],[120.1887,40.9615],[120.1876,40.967],[120.1943,40.9694],[120.1994,40.9788],[120.1935,40.9992],[120.1828,40.9991],[120.1729,41.0256],[120.1647,41.0254],[120.1479,41.0087],[120.1403,41.0051],[120.1367,41.0097],[120.1301,41.0282],[120.1218,41.0459],[120.1138,41.0587],[120.1028,41.0611],[120.1048,41.0684],[120.1133,41.0743],[120.1096,41.0816],[120.1008,41.0877],[120.0935,41.0863],[120.0792,41.091],[120.074,41.0982],[120.0563,41.0997],[120.0546,41.0929],[120.0508,41.0894],[120.0459,41.0911],[120.0411,41.0874],[120.0332,41.0848],[120.0228,41.0844],[120.0165,41.079],[120.0025,41.0772],[119.9953,41.0736],[119.9878,41.0652],[119.9902,41.0615],[119.9988,41.0602],[120.0039,41.0467],[120.0032,41.0415],[120.0123,41.038],[120.015,41.0314],[120.0129,41.0256],[120.0168,41.0181],[120.0165,41.0093],[120.0211,41.0029],[120.0178,40.9914],[120.0101,40.9881],[120.0105,40.9821],[120.0013,40.976],[119.9994,40.9657],[120.0006,40.9629],[119.9905,40.9469],[119.9742,40.9316],[119.9617,40.9264],[119.9543,40.932],[119.9505,40.9415],[119.9463,40.9456],[119.937,40.9469],[119.9332,40.9455],[119.9271,40.9362],[119.9233,40.9336],[119.9115,40.9304],[119.9079,40.9262],[119.9025,40.9086],[119.8938,40.9094],[119.8892,40.912],[119.8818,40.9121],[119.8687,40.9095],[119.8632,40.9109],[119.8537,40.9228],[119.8444,40.9272],[119.8347,40.9281],[119.829,40.9268],[119.8266,40.9345],[119.8157,40.9308],[119.8131,40.9281],[119.8161,40.9183],[119.8151,40.9107],[119.8181,40.904],[119.8158,40.8982],[119.8202,40.8945],[119.8204,40.8848],[119.8123,40.878],[119.8099,40.8706],[119.7964,40.8685],[119.7953,40.8596],[119.7893,40.8528],[119.7799,40.8546],[119.7752,40.845],[119.7655,40.8499],[119.7651,40.8529],[119.758,40.8569],[119.7412,40.8569],[119.7379,40.8646],[119.7287,40.8631],[119.7231,40.8585],[119.7114,40.8587],[119.7045,40.8567],[119.7003,40.8478],[119.6994,40.8392],[119.6891,40.834],[119.6894,40.8225],[119.7064,40.8246],[119.7052,40.817],[119.7013,40.8148],[119.6999,40.8094],[119.6931,40.8018],[119.6854,40.7974],[119.6854,40.7898],[119.6785,40.779],[119.6717,40.7812],[119.6638,40.7812],[119.6547,40.7921],[119.6537,40.8059],[119.6452,40.8152],[119.6419,40.8151],[119.6322,40.8284],[119.6121,40.8348],[119.6027,40.8388],[119.598,40.8364],[119.5898,40.8273],[119.5797,40.8209],[119.567,40.8168],[119.5557,40.8225],[119.5433,40.8317],[119.5261,40.8363],[119.522,40.8325],[119.5206,40.8216],[119.5241,40.8181],[119.5238,40.8117],[119.5206,40.8065],[119.5141,40.8024],[119.5091,40.7952],[119.5106,40.7878],[119.5043,40.7813],[119.5018,40.7739],[119.4964,40.7703],[119.4967,40.767],[119.4866,40.761],[119.4747,40.76],[119.455,40.7495],[119.4531,40.7466],[119.4419,40.7433],[119.4329,40.7384],[119.4244,40.7286],[119.4201,40.719],[119.4156,40.7144],[119.4178,40.7107],[119.4123,40.6984],[119.4057,40.6963],[119.4028,40.6845],[119.3817,40.6754],[119.3766,40.6796],[119.3682,40.6813],[119.3575,40.6741],[119.3515,40.6749],[119.3397,40.6695],[119.3372,40.6659],[119.3385,40.6598],[119.3332,40.6587],[119.3298,40.6507],[119.3221,40.6489],[119.3134,40.6406],[119.3138,40.6356],[119.3065,40.628],[119.2965,40.6271],[119.2955,40.6196],[119.2897,40.6165],[119.2903,40.6124],[119.2779,40.6092],[119.2714,40.6051],[119.2599,40.6077],[119.2606,40.6125],[119.2522,40.6197],[119.2445,40.6152],[119.2407,40.6061],[119.2367,40.6037],[119.2346,40.5973],[119.2297,40.5897],[119.2303,40.5833],[119.2158,40.5656],[119.2499,40.5419],[119.2544,40.5359],[119.265,40.535],[119.2696,40.5399],[119.2738,40.5396],[119.2782,40.5351],[119.2894,40.5374],[119.2999,40.529],[119.3293,40.5262],[119.3383,40.5305],[119.3727,40.5371],[119.3874,40.5394],[119.3905,40.5351],[119.3993,40.5354],[119.4223,40.5403],[119.438,40.5421],[119.4479,40.535],[119.4752,40.532],[119.4842,40.5344],[119.4864,40.5399],[119.4928,40.545],[119.4966,40.5519],[119.5155,40.5462],[119.5261,40.551],[119.5323,40.5515],[119.5531,40.5466],[119.5653,40.539],[119.5668,40.5258],[119.5619,40.5201],[119.5447,40.5145],[119.5412,40.5124],[119.5483,40.4991],[119.5638,40.4894],[119.5691,40.4773],[119.5774,40.4713],[119.5891,40.4684],[119.5955,40.459],[119.5919,40.4541],[119.5953,40.4477],[119.5867,40.4383],[119.589,40.4248],[119.5946,40.4057],[119.588,40.3951],[119.5808,40.3743],[119.594,40.3554],[119.5923,40.333],[119.6084,40.318],[119.6182,40.3002],[119.6235,40.295],[119.639,40.2887],[119.6457,40.2731],[119.643,40.268],[119.6373,40.2635],[119.6378,40.2579],[119.6322,40.255],[119.631,40.2489],[119.625,40.2446],[119.6201,40.2296],[119.6172,40.2252],[119.6211,40.2219],[119.6304,40.2288],[119.6412,40.2279],[119.6495,40.2334],[119.6604,40.2377],[119.6663,40.2379],[119.6722,40.2283],[119.6703,40.2242],[119.6912,40.207],[119.7012,40.2031],[119.7043,40.1977],[119.7115,40.1947],[119.7155,40.199],[119.7135,40.204],[119.7249,40.2046],[119.7288,40.1991],[119.7331,40.2055],[119.7399,40.2067],[119.7476,40.1792],[119.7458,40.1687],[119.7513,40.1582],[119.7495,40.1521],[119.7546,40.1473],[119.7563,40.1388],[119.7477,40.131],[119.7486,40.1275],[119.7451,40.1198],[119.7364,40.1136],[119.7354,40.1099],[119.728,40.1049],[119.7308,40.101],[119.7413,40.0956],[119.7571,40.083],[119.7659,40.0815],[119.7583,40.0753],[119.7589,40.0708],[119.7532,40.0663],[119.7576,40.0598],[119.7623,40.0575],[119.7627,40.0523],[119.7665,40.0483],[119.7742,40.0481],[119.7816,40.042],[119.7894,40.0383],[119.8018,40.0428],[119.8109,40.0498],[119.8183,40.0465],[119.8293,40.0491],[119.8322,40.0422],[119.839,40.0359],[119.8486,40.0311],[119.8423,40.0267],[119.8449,40.022],[119.8375,40.0109],[119.8386,39.9985],[119.8432,39.998],[119.8477,39.9891],[119.8614,39.9924],[119.8756,39.9914],[119.8821,39.9961],[119.8895,39.998],[119.9096,39.9991],[119.9166,40.0021],[119.9168,40.0062],[119.9097,40.0091],[119.9057,40.0166],[119.9158,40.0347],[119.9284,40.047],[119.9412,40.0542],[119.9555,40.0595],[119.9692,40.0625],[119.9861,40.0649],[119.9957,40.0702],[120.0092,40.0719],[120.0181,40.0749],[120.0215,40.069],[120.0315,40.0718],[120.0277,40.0817],[120.0491,40.0834],[120.0638,40.0884],[120.0732,40.0891],[120.0857,40.0879],[120.0939,40.0957],[120.1063,40.0968],[120.1167,40.0744],[120.1253,40.0778],[120.1154,40.0985],[120.1212,40.1032],[120.1576,40.1134],[120.1646,40.1124],[120.1668,40.1072],[120.1808,40.1107],[120.1971,40.1164],[120.195,40.124],[120.2181,40.1321],[120.2246,40.1391],[120.2402,40.144],[120.2479,40.1478],[120.2629,40.1512],[120.2728,40.1546],[120.2899,40.1639],[120.3028,40.1747],[120.2966,40.1801],[120.3167,40.1868],[120.3334,40.1877],[120.3517,40.1916],[120.3642,40.1933],[120.3704,40.1967],[120.3869,40.1986],[120.4154,40.1962],[120.4414,40.1958],[120.449,40.2003],[120.4483,40.2026],[120.4589,40.2125],[120.4625,40.2134],[120.4823,40.2298],[120.4854,40.235],[120.4925,40.23],[120.5009,40.2369],[120.5018,40.2476],[120.5074,40.2525],[120.5163,40.2572],[120.5068,40.2605],[120.4938,40.2594],[120.4843,40.2616],[120.4774,40.2649],[120.4763,40.2695],[120.4857,40.2676],[120.4901,40.273],[120.5037,40.2856],[120.51,40.2886],[120.5068,40.2932],[120.4992,40.3121],[120.4957,40.3142],[120.4983,40.3257],[120.5182,40.3373],[120.5329,40.3424],[120.5395,40.3422],[120.5451,40.3471],[120.5579,40.3523],[120.5608,40.3572],[120.5856,40.3632],[120.5898,40.3745],[120.5933,40.3796],[120.5873,40.3832],[120.5783,40.3799],[120.5692,40.3937],[120.5803,40.4048],[120.5794,40.4135],[120.5992,40.4031],[120.61,40.4153],[120.6083,40.4266],[120.6008,40.4299],[120.6042,40.4456],[120.595,40.446],[120.5953,40.4559],[120.6105,40.4481],[120.6152,40.4519],[120.5944,40.4692],[120.6037,40.4737],[120.6155,40.4776],[120.6162,40.4807],[120.625,40.4855],[120.6362,40.4828],[120.6379,40.4788],[120.6446,40.4789],[120.6489,40.4815],[120.66,40.4846],[120.6655,40.506],[120.6712,40.5115],[120.6845,40.5101],[120.689,40.5048],[120.6982,40.5063],[120.7107,40.5133],[120.7161,40.5196],[120.7053,40.5318],[120.6944,40.5264],[120.6904,40.5311],[120.6994,40.5346],[120.6995,40.5418],[120.7146,40.5443],[120.7253,40.5501],[120.7206,40.5553],[120.7399,40.5659],[120.7503,40.5693],[120.7604,40.5662],[120.7782,40.5874],[120.7605,40.5951],[120.7588,40.5997],[120.7776,40.5916],[120.7827,40.5915],[120.7928,40.6007],[120.7959,40.611],[120.8022,40.6143],[120.7984,40.6198],[120.8107,40.6353],[120.8249,40.6433],[120.8242,40.6522],[120.8207,40.6586],[120.8242,40.6642],[120.8205,40.6673],[120.8246,40.674],[120.8321,40.6786],[120.8405,40.6817],[120.8546,40.6844],[120.861,40.6815],[120.8704,40.682],[120.8765,40.684],[120.895,40.6855],[120.9,40.6892],[120.9292,40.6909],[120.9373,40.6923],[120.9446,40.6993],[120.9524,40.6946],[120.9623,40.7003],[120.9594,40.7037],[120.9657,40.7074],[120.9733,40.7001],[120.9786,40.7034],[120.9706,40.7117],[120.9929,40.7168],[120.9956,40.7186],[121.0072,40.7166],[121.0162,40.7104],[121.0267,40.7098],[121.0315,40.7116],[121.0309,40.722],[121.0226,40.7251],[121.0215,40.7281],[121.0095,40.7275],[121.0097,40.7389],[121.0125,40.7436],[120.9892,40.7441],[120.9851,40.7417],[120.9849,40.7353],[120.9405,40.7374],[120.9347,40.7432],[120.9688,40.7429],[120.9693,40.7699],[120.9542,40.7707],[120.9584,40.7751],[120.9691,40.7764],[120.9714,40.7826],[120.9776,40.787],[120.9731,40.7945],[120.9636,40.7968],[120.9599,40.8045],[120.9632,40.8105],[120.9721,40.8192],[120.9715,40.823],[120.9845,40.8181],[120.9831,40.8141],[120.9881,40.8104],[120.9983,40.8207],[120.9934,40.826],[120.9995,40.8272],[121.0032,40.8352],[121.0008,40.8467],[121.0025,40.856],[121.0058,40.8617],[121.0146,40.8665],[121.0271,40.8884],[121.0263,40.8955],[121.0282,40.9049],[121.0232,40.911],[121.0288,40.9132],[121.0291,40.9174],[121.0181,40.926],[121.0311,40.9319],[121.029,40.9415],[121.0147,40.9408],[121.0062,40.9458],[121.0105,40.9556],[121.0109,40.9714],[121.0076,40.9758],[121.008,40.9827],[121.0113,40.9968],[121.0186,41.0135],[121.0221,41.0275],[121.0268,41.0318],[121.0271,41.0444],[121.0185,41.0442],[121.0163,41.0415],[121.0054,41.0393],[120.9982,41.0324],[120.9858,41.0308],[120.9751,41.0384],[120.9776,41.0437],[120.9666,41.0441],[120.9546,41.0482],[120.9475,41.0431],[120.9387,41.0503],[120.9376,41.0597],[120.9411,41.0707],[120.9387,41.076],[120.9457,41.0773],[120.9433,41.0883],[120.9386,41.0968],[120.9359,41.1117],[120.9374,41.1175],[120.9331,41.1221],[120.9255,41.1158],[120.9177,41.1188],[120.9042,41.1194],[120.8935,41.1258],[120.8934,41.1292],[120.905,41.1332],[120.9069,41.1364],[120.9024,41.1424],[120.8767,41.1499],[120.8709,41.1543],[120.8548,41.1432],[120.8519,41.1384],[120.8455,41.1388],[120.8377,41.1304],[120.8292,41.1297],[120.8272,41.1338],[120.8199,41.1391],[120.8009,41.1454],[120.7985,41.1488],[120.8002,41.1558],[120.7833,41.1595],[120.7788,41.1683],[120.7828,41.1741],[120.7904,41.1802],[120.782,41.1984],[120.7757,41.2008],[120.7659,41.1922]]]]},"properties":{"region_code":"CN-21-2114","parent_region_code":"CN-21","name":"葫芦岛市","level":"prefecture","has_children":true,"full_path":"中国 / 辽宁省 / 葫芦岛市","source_admin_code":"2114","osm_relation_id":2769902}}
]}