{"type":"FeatureCollection", "features": [
{"type":"Feature","geometry":{"type":"Polygon","coordinates":[[[119.7155,29.2509],[119.7139,29.2499],[119.7119,29.2498],[119.7113,29.249],[119.7089,29.2487],[119.7082,29.2474],[119.7085,29.2463],[119.7072,29.2445],[119.7061,29.2436],[119.7046,29.2433],[119.7029,29.2424],[119.702,29.2413],[119.6967,29.2403],[119.696,29.2397],[119.6927,29.2395],[119.6901,29.2379],[119.6867,29.2364],[119.6844,29.2361],[119.6825,29.2365],[119.681,29.2375],[119.6786,29.238],[119.677,29.2378],[119.6785,29.24],[119.6778,29.2411],[119.6762,29.2413],[119.6749,29.2396],[119.674,29.2391],[119.6718,29.2391],[119.6699,29.2399],[119.6662,29.2377],[119.6643,29.2361],[119.6623,29.2337],[119.6608,29.2315],[119.6591,29.2299],[119.6564,29.2291],[119.6548,29.2293],[119.6535,29.23],[119.6504,29.2294],[119.6462,29.2272],[119.6449,29.227],[119.6434,29.226],[119.6406,29.2251],[119.6389,29.2223],[119.6368,29.222],[119.6345,29.2228],[119.6305,29.2231],[119.6297,29.2237],[119.6298,29.2251],[119.6274,29.2264],[119.6242,29.2263],[119.622,29.2276],[119.6202,29.2274],[119.618,29.2278],[119.6153,29.2278],[119.6144,29.2273],[119.6127,29.2277],[119.6107,29.2274],[119.6087,29.2279],[119.6053,29.2272],[119.6031,29.2279],[119.6018,29.2277],[119.5977,29.2286],[119.5961,29.2286],[119.5935,29.2269],[119.5907,29.2233],[119.5916,29.2221],[119.5933,29.2216],[119.5932,29.2199],[119.5917,29.2194],[119.5911,29.2182],[119.5922,29.2165],[119.5902,29.2158],[119.5897,29.2135],[119.5904,29.2119],[119.5881,29.2113],[119.5858,29.2093],[119.5853,29.2083],[119.5808,29.2047],[119.5787,29.2038],[119.5794,29.2016],[119.5779,29.1997],[119.5774,29.1984],[119.5759,29.1961],[119.573,29.1946],[119.5678,29.1926],[119.5632,29.1917],[119.5627,29.1911],[119.5637,29.1897],[119.563,29.188],[119.5634,29.1852],[119.5628,29.1826],[119.5613,29.1818],[119.5605,29.1809],[119.5607,29.1797],[119.5595,29.1763],[119.5587,29.175],[119.5585,29.1717],[119.558,29.1713],[119.5595,29.17],[119.5587,29.1674],[119.5587,29.1659],[119.5612,29.165],[119.5577,29.1639],[119.5593,29.1634],[119.5564,29.1623],[119.5579,29.1612],[119.5586,29.1584],[119.5585,29.1567],[119.5591,29.1559],[119.5574,29.155],[119.5576,29.1539],[119.5557,29.1517],[119.5531,29.1523],[119.5517,29.1511],[119.5522,29.1502],[119.5511,29.1491],[119.5521,29.1481],[119.5536,29.1477],[119.5533,29.1466],[119.5517,29.1461],[119.5516,29.1433],[119.5497,29.1405],[119.5485,29.1402],[119.5474,29.1391],[119.5468,29.1369],[119.5457,29.1351],[119.5456,29.1329],[119.545,29.1316],[119.5423,29.1304],[119.5407,29.1309],[119.5405,29.1328],[119.541,29.1355],[119.5419,29.1379],[119.542,29.1394],[119.5414,29.1421],[119.5402,29.1434],[119.5392,29.1436],[119.5358,29.14],[119.5341,29.1403],[119.5329,29.1375],[119.5318,29.1371],[119.5316,29.136],[119.5292,29.1337],[119.5269,29.1335],[119.5223,29.134],[119.5201,29.1334],[119.5199,29.135],[119.5161,29.1353],[119.5143,29.1349],[119.5141,29.1339],[119.5127,29.1342],[119.509,29.1338],[119.507,29.134],[119.5012,29.1353],[119.5004,29.1349],[119.5005,29.133],[119.4979,29.1323],[119.4981,29.1315],[119.497,29.1299],[119.4961,29.1277],[119.4963,29.1264],[119.4976,29.1245],[119.4969,29.1239],[119.4965,29.1208],[119.4978,29.1197],[119.4972,29.1185],[119.4971,29.1165],[119.4979,29.1126],[119.4961,29.1132],[119.4929,29.1135],[119.4919,29.1133],[119.4913,29.1119],[119.4901,29.1132],[119.4898,29.1146],[119.4873,29.1143],[119.4859,29.1136],[119.4855,29.1127],[119.4876,29.1109],[119.4877,29.1097],[119.4863,29.1087],[119.4836,29.1093],[119.482,29.11],[119.481,29.1092],[119.4798,29.1068],[119.4777,29.1051],[119.4759,29.1031],[119.4747,29.1023],[119.4748,29.1008],[119.474,29.0993],[119.4717,29.0972],[119.4733,29.0965],[119.4739,29.095],[119.4719,29.0949],[119.4703,29.0935],[119.4697,29.0898],[119.469,29.0875],[119.4701,29.0866],[119.4693,29.085],[119.4685,29.0813],[119.4688,29.08],[119.4676,29.0789],[119.4677,29.0765],[119.4665,29.0774],[119.4658,29.0793],[119.4672,29.0832],[119.4667,29.0837],[119.4679,29.086],[119.4677,29.0873],[119.4682,29.0891],[119.4695,29.0903],[119.4697,29.0919],[119.4691,29.0941],[119.4678,29.0941],[119.4645,29.0976],[119.4633,29.0978],[119.4624,29.0989],[119.4608,29.0973],[119.4589,29.0988],[119.4578,29.098],[119.4593,29.0962],[119.4571,29.0952],[119.4581,29.0937],[119.4581,29.0923],[119.4565,29.0919],[119.4527,29.0935],[119.4521,29.0951],[119.4512,29.0957],[119.4495,29.0957],[119.4492,29.0982],[119.4507,29.0992],[119.4494,29.1],[119.4504,29.1022],[119.4521,29.1017],[119.4531,29.1041],[119.4552,29.1043],[119.4537,29.1079],[119.4519,29.1082],[119.4514,29.109],[119.4486,29.1092],[119.447,29.1088],[119.4466,29.1102],[119.4444,29.1099],[119.4445,29.1131],[119.4465,29.1146],[119.4455,29.1159],[119.446,29.1172],[119.444,29.1177],[119.4431,29.1195],[119.4412,29.1192],[119.4417,29.117],[119.4419,29.1143],[119.4406,29.1122],[119.4366,29.1135],[119.4345,29.1135],[119.4326,29.115],[119.4321,29.1159],[119.4323,29.1184],[119.4337,29.1191],[119.4344,29.1208],[119.4333,29.1218],[119.4356,29.1228],[119.4361,29.1253],[119.4368,29.1254],[119.4381,29.1233],[119.4424,29.1253],[119.4451,29.1277],[119.4467,29.1309],[119.4463,29.1335],[119.4451,29.1334],[119.4404,29.131],[119.4393,29.1312],[119.4376,29.1337],[119.4376,29.1352],[119.4347,29.1372],[119.4348,29.1398],[119.4322,29.1405],[119.4293,29.1416],[119.4283,29.1445],[119.4256,29.1452],[119.4208,29.1452],[119.4175,29.1435],[119.4165,29.1439],[119.4156,29.1432],[119.414,29.1433],[119.4107,29.141],[119.4093,29.1393],[119.4082,29.1403],[119.406,29.1399],[119.4048,29.1427],[119.4052,29.144],[119.4087,29.1456],[119.405,29.1468],[119.4047,29.1441],[119.4031,29.1434],[119.403,29.1419],[119.4015,29.1404],[119.3999,29.1403],[119.3976,29.1396],[119.3956,29.1406],[119.3958,29.1419],[119.3967,29.1435],[119.3991,29.1434],[119.4001,29.1444],[119.398,29.1464],[119.3991,29.1472],[119.396,29.1492],[119.3931,29.1466],[119.3913,29.1454],[119.3886,29.1422],[119.3878,29.1416],[119.3846,29.1406],[119.3789,29.136],[119.378,29.1284],[119.3747,29.1279],[119.3725,29.128],[119.3705,29.1291],[119.3687,29.131],[119.3635,29.1304],[119.3551,29.1284],[119.3536,29.1276],[119.351,29.123],[119.3501,29.1188],[119.3483,29.1154],[119.3461,29.1133],[119.3413,29.1102],[119.3361,29.1058],[119.3269,29.0993],[119.3244,29.0972],[119.3214,29.0951],[119.3209,29.0921],[119.324,29.0871],[119.3254,29.0859],[119.3254,29.085],[119.3268,29.0847],[119.3267,29.0837],[119.3283,29.0827],[119.3285,29.0819],[119.33,29.082],[119.3311,29.0796],[119.3317,29.0771],[119.3318,29.0753],[119.3309,29.0742],[119.3295,29.0735],[119.3295,29.0724],[119.3279,29.0714],[119.3271,29.0722],[119.3256,29.0723],[119.3237,29.0713],[119.3231,29.0702],[119.3229,29.0675],[119.3214,29.0632],[119.3206,29.0627],[119.3196,29.0609],[119.3211,29.0577],[119.3234,29.0562],[119.3254,29.0511],[119.3289,29.0485],[119.3289,29.0451],[119.3259,29.0429],[119.3241,29.0419],[119.3269,29.0417],[119.3277,29.0403],[119.3278,29.0386],[119.3271,29.0357],[119.3273,29.0336],[119.3263,29.0327],[119.3267,29.037],[119.3249,29.0376],[119.3228,29.0405],[119.3221,29.0427],[119.3203,29.0417],[119.3207,29.0403],[119.3218,29.0393],[119.3229,29.0371],[119.3204,29.0322],[119.321,29.0276],[119.3215,29.0258],[119.3236,29.0267],[119.323,29.025],[119.3228,29.0229],[119.3188,29.0217],[119.3183,29.021],[119.3179,29.0184],[119.3186,29.0162],[119.3182,29.0133],[119.3154,29.0121],[119.3158,29.011],[119.3147,29.0067],[119.3167,29.0066],[119.3168,29.0055],[119.315,29.0034],[119.3158,29.0018],[119.3182,29.0007],[119.3197,29.0006],[119.3198,28.9985],[119.3184,28.9973],[119.3184,28.995],[119.3172,28.9941],[119.3172,28.9916],[119.3203,28.9914],[119.3207,28.9903],[119.3223,28.9905],[119.3241,28.9893],[119.3232,28.9885],[119.3224,28.9863],[119.3231,28.9859],[119.3229,28.9842],[119.3218,28.9837],[119.3218,28.9821],[119.3205,28.9813],[119.3204,28.9804],[119.319,28.9793],[119.3187,28.9775],[119.3173,28.9768],[119.3173,28.9751],[119.3188,28.9726],[119.3193,28.9708],[119.3177,28.9699],[119.3161,28.9697],[119.3148,28.9681],[119.3144,28.9666],[119.3135,28.9653],[119.3115,28.9638],[119.3112,28.9629],[119.3118,28.9617],[119.3103,28.9588],[119.3085,28.9573],[119.3092,28.9559],[119.309,28.9551],[119.3102,28.9529],[119.312,28.9507],[119.3083,28.9478],[119.3091,28.9469],[119.3104,28.9482],[119.3126,28.9479],[119.3126,28.947],[119.3112,28.9455],[119.3112,28.9445],[119.3124,28.9428],[119.3148,28.9431],[119.3165,28.9428],[119.3155,28.941],[119.3155,28.9401],[119.3182,28.9398],[119.3195,28.9392],[119.3215,28.9391],[119.3217,28.9377],[119.3226,28.9363],[119.3226,28.9346],[119.3232,28.9335],[119.3226,28.9302],[119.3217,28.9284],[119.3221,28.9267],[119.3215,28.9251],[119.3189,28.9235],[119.3206,28.9224],[119.3221,28.9228],[119.3254,28.9207],[119.323,28.9193],[119.3241,28.9183],[119.3262,28.9175],[119.3272,28.9152],[119.3276,28.9122],[119.3274,28.9107],[119.3294,28.9099],[119.3306,28.9102],[119.3327,28.9099],[119.3346,28.9092],[119.335,28.9083],[119.3363,28.9077],[119.3392,28.9033],[119.3417,28.9016],[119.3388,28.9008],[119.3406,28.8992],[119.3408,28.898],[119.3397,28.8953],[119.3402,28.8929],[119.3399,28.8917],[119.3388,28.8905],[119.3374,28.8929],[119.3355,28.8925],[119.3347,28.8916],[119.3361,28.8901],[119.3354,28.8885],[119.3345,28.8879],[119.3346,28.8861],[119.3331,28.8839],[119.3316,28.8835],[119.3306,28.8844],[119.3274,28.8852],[119.3261,28.8843],[119.3267,28.8827],[119.3296,28.8828],[119.3312,28.8822],[119.3321,28.8801],[119.3319,28.8784],[119.3324,28.877],[119.3312,28.8734],[119.3298,28.8723],[119.3298,28.8697],[119.3282,28.868],[119.3266,28.8687],[119.3246,28.8684],[119.3226,28.8687],[119.3221,28.8703],[119.3194,28.8702],[119.3189,28.869],[119.3173,28.8685],[119.3164,28.8671],[119.3146,28.8707],[119.3116,28.8695],[119.3116,28.8685],[119.3102,28.8669],[119.3085,28.8687],[119.3074,28.8686],[119.3064,28.8661],[119.3046,28.8657],[119.3056,28.8643],[119.3092,28.8645],[119.3086,28.8611],[119.3077,28.8595],[119.3074,28.858],[119.3059,28.8585],[119.3063,28.8569],[119.307,28.8564],[119.3059,28.8542],[119.3063,28.8524],[119.3063,28.8503],[119.3052,28.8464],[119.3064,28.845],[119.3082,28.8456],[119.3094,28.8468],[119.3105,28.8468],[119.3136,28.8476],[119.3146,28.8482],[119.3173,28.8484],[119.3188,28.8494],[119.3231,28.8498],[119.325,28.8482],[119.3285,28.8484],[119.3292,28.8466],[119.3307,28.8447],[119.3319,28.8448],[119.3315,28.8428],[119.3291,28.8436],[119.3293,28.842],[119.3309,28.8386],[119.3324,28.8374],[119.3338,28.8356],[119.3381,28.8345],[119.3383,28.8331],[119.3399,28.8317],[119.3405,28.8306],[119.3399,28.829],[119.3386,28.8284],[119.338,28.8274],[119.3347,28.8269],[119.3338,28.8253],[119.3349,28.8224],[119.332,28.8202],[119.3317,28.8188],[119.33,28.816],[119.3262,28.8158],[119.3253,28.8131],[119.3259,28.8111],[119.3229,28.8123],[119.3218,28.8122],[119.3212,28.81],[119.3184,28.8083],[119.3161,28.8074],[119.3164,28.806],[119.316,28.8047],[119.3147,28.8027],[119.3166,28.8018],[119.3183,28.8018],[119.3199,28.8009],[119.3191,28.7985],[119.3194,28.7965],[119.3184,28.7934],[119.3199,28.7923],[119.3197,28.7912],[119.3215,28.7895],[119.3219,28.7875],[119.3215,28.7857],[119.3203,28.7848],[119.3219,28.7832],[119.3198,28.7831],[119.3203,28.7818],[119.3221,28.7819],[119.3244,28.7824],[119.3266,28.7808],[119.3276,28.7797],[119.3296,28.7786],[119.3319,28.7751],[119.3322,28.7729],[119.3319,28.7685],[119.3331,28.7674],[119.3344,28.7657],[119.3352,28.7638],[119.3365,28.7628],[119.3369,28.7612],[119.3381,28.7608],[119.3399,28.761],[119.3412,28.7605],[119.3425,28.7606],[119.3462,28.7595],[119.3472,28.7616],[119.3496,28.762],[119.3504,28.7629],[119.3522,28.7629],[119.3538,28.7658],[119.3552,28.7676],[119.3545,28.7688],[119.3543,28.7705],[119.3547,28.7725],[119.3596,28.7752],[119.3622,28.7761],[119.3632,28.7758],[119.3644,28.778],[119.3657,28.7796],[119.3653,28.7819],[119.3661,28.7832],[119.3666,28.7877],[119.3679,28.7886],[119.3705,28.7886],[119.3733,28.79],[119.3758,28.79],[119.3778,28.7892],[119.3795,28.7892],[119.3819,28.7901],[119.3838,28.7892],[119.3839,28.7879],[119.3872,28.7858],[119.3885,28.7856],[119.3893,28.7837],[119.3904,28.7825],[119.3902,28.7803],[119.3909,28.7792],[119.3942,28.7785],[119.3943,28.7776],[119.3958,28.7763],[119.3957,28.775],[119.3966,28.7748],[119.4,28.7701],[119.4017,28.7682],[119.4034,28.7677],[119.4053,28.7679],[119.4089,28.7662],[119.4094,28.7646],[119.4092,28.7631],[119.4085,28.7625],[119.4093,28.7608],[119.4092,28.7587],[119.4104,28.7573],[119.4096,28.7563],[119.4101,28.7546],[119.4126,28.7534],[119.4137,28.7524],[119.4156,28.7525],[119.418,28.752],[119.4198,28.7551],[119.4211,28.7548],[119.423,28.7553],[119.4246,28.7581],[119.4275,28.759],[119.4287,28.7599],[119.4305,28.7594],[119.4319,28.7598],[119.4362,28.7596],[119.4373,28.7607],[119.4383,28.7604],[119.4409,28.7606],[119.4412,28.7616],[119.4434,28.7635],[119.4443,28.7632],[119.4458,28.7637],[119.4468,28.7633],[119.4491,28.7634],[119.4535,28.765],[119.4566,28.7659],[119.4578,28.7658],[119.4591,28.7677],[119.4601,28.7698],[119.4629,28.7697],[119.4643,28.7684],[119.4676,28.7679],[119.4687,28.7671],[119.469,28.7646],[119.4684,28.7631],[119.4686,28.7615],[119.4671,28.7608],[119.4666,28.7574],[119.4682,28.7563],[119.4689,28.755],[119.4685,28.7541],[119.4689,28.752],[119.4704,28.7489],[119.47,28.7481],[119.4681,28.7469],[119.465,28.7475],[119.4641,28.747],[119.4643,28.7447],[119.4653,28.7435],[119.4684,28.7429],[119.4711,28.7431],[119.4747,28.7429],[119.4785,28.7411],[119.4787,28.7388],[119.4813,28.7358],[119.4827,28.7347],[119.4834,28.7334],[119.4852,28.733],[119.4857,28.7322],[119.4876,28.7326],[119.4873,28.734],[119.4877,28.736],[119.4891,28.74],[119.4943,28.7409],[119.4951,28.7422],[119.4967,28.7419],[119.497,28.7428],[119.4943,28.7442],[119.4923,28.744],[119.4909,28.7461],[119.492,28.7485],[119.4909,28.7501],[119.4916,28.7519],[119.4935,28.7525],[119.4965,28.754],[119.496,28.7548],[119.4972,28.757],[119.4963,28.7579],[119.4996,28.7603],[119.5001,28.7615],[119.4992,28.7655],[119.5019,28.7643],[119.5007,28.7634],[119.5034,28.7629],[119.5045,28.7635],[119.5053,28.7623],[119.5068,28.7634],[119.5039,28.7656],[119.5018,28.7659],[119.5004,28.7672],[119.5016,28.7676],[119.5041,28.7698],[119.5049,28.7711],[119.5066,28.7726],[119.5076,28.7728],[119.5082,28.7751],[119.5081,28.7773],[119.5099,28.7783],[119.5107,28.7774],[119.5138,28.7773],[119.516,28.7785],[119.5164,28.7804],[119.5161,28.7818],[119.5173,28.7818],[119.5183,28.783],[119.518,28.7843],[119.5194,28.7855],[119.5207,28.7844],[119.5215,28.7863],[119.5214,28.7885],[119.525,28.7888],[119.5265,28.79],[119.5255,28.7924],[119.5263,28.7937],[119.5257,28.7947],[119.5268,28.7964],[119.5297,28.7962],[119.5317,28.7951],[119.5337,28.7961],[119.5356,28.7977],[119.5363,28.7962],[119.535,28.7944],[119.5331,28.7929],[119.5345,28.7917],[119.5346,28.7937],[119.5372,28.7922],[119.5383,28.7919],[119.5417,28.7948],[119.5435,28.7946],[119.5468,28.7975],[119.5482,28.7998],[119.5497,28.8036],[119.5494,28.8052],[119.5524,28.8075],[119.5499,28.8103],[119.5478,28.8113],[119.5478,28.8122],[119.5513,28.814],[119.551,28.8147],[119.5474,28.814],[119.5464,28.8154],[119.5471,28.8167],[119.548,28.8171],[119.5499,28.8162],[119.553,28.8156],[119.5549,28.8167],[119.5528,28.8185],[119.554,28.8193],[119.5522,28.8199],[119.5541,28.8223],[119.5557,28.8226],[119.5574,28.8243],[119.5575,28.826],[119.559,28.8272],[119.559,28.8285],[119.5577,28.8292],[119.5567,28.8274],[119.5556,28.8275],[119.553,28.8292],[119.5532,28.8262],[119.5499,28.8269],[119.5504,28.8287],[119.5491,28.8308],[119.5506,28.8324],[119.5528,28.8303],[119.5535,28.8309],[119.5527,28.8321],[119.5501,28.8341],[119.5523,28.8349],[119.5552,28.8371],[119.5553,28.8379],[119.5567,28.8395],[119.5569,28.8407],[119.5593,28.8424],[119.5612,28.8426],[119.5631,28.8433],[119.5641,28.8417],[119.5654,28.8411],[119.5671,28.8422],[119.567,28.8445],[119.5689,28.8451],[119.5672,28.8467],[119.5647,28.8478],[119.5658,28.8493],[119.5677,28.8494],[119.5723,28.8517],[119.5717,28.8531],[119.5727,28.8545],[119.5735,28.8539],[119.5739,28.8519],[119.5768,28.85],[119.5784,28.8507],[119.5795,28.8482],[119.582,28.8483],[119.5813,28.8467],[119.5821,28.8446],[119.5836,28.8449],[119.5841,28.8437],[119.5871,28.8436],[119.5884,28.842],[119.5882,28.841],[119.5888,28.8395],[119.5917,28.8394],[119.5937,28.8364],[119.5939,28.8375],[119.592,28.8404],[119.5923,28.8415],[119.595,28.8401],[119.5954,28.8423],[119.5971,28.8423],[119.5961,28.8449],[119.5954,28.8448],[119.5947,28.8464],[119.5962,28.8469],[119.5976,28.8455],[119.5979,28.8474],[119.6002,28.8485],[119.5988,28.8508],[119.5999,28.8531],[119.6012,28.8545],[119.6019,28.856],[119.6036,28.8577],[119.603,28.86],[119.607,28.8627],[119.6065,28.8649],[119.6053,28.8662],[119.6039,28.8669],[119.6064,28.8693],[119.6068,28.8703],[119.6096,28.8715],[119.6113,28.8736],[119.6113,28.8746],[119.6144,28.8735],[119.6173,28.8721],[119.6194,28.8724],[119.6196,28.8715],[119.6168,28.8703],[119.6169,28.8684],[119.6189,28.8675],[119.6219,28.8687],[119.6234,28.8672],[119.6246,28.8652],[119.6274,28.8665],[119.63,28.8681],[119.6309,28.8691],[119.6317,28.8711],[119.6313,28.8731],[119.6329,28.8749],[119.6324,28.8763],[119.6312,28.8768],[119.6309,28.878],[119.6331,28.8799],[119.6342,28.8822],[119.6362,28.8828],[119.6383,28.8838],[119.6405,28.8853],[119.6413,28.8865],[119.642,28.889],[119.6416,28.8904],[119.6423,28.8917],[119.6435,28.892],[119.6449,28.8915],[119.6475,28.8919],[119.6468,28.8943],[119.6472,28.8954],[119.6502,28.8941],[119.6509,28.8951],[119.6496,28.8976],[119.6487,28.8984],[119.6463,28.8978],[119.6465,28.9],[119.645,28.9016],[119.6481,28.9013],[119.6474,28.9034],[119.6464,28.9049],[119.6468,28.9074],[119.6448,28.9083],[119.6469,28.9097],[119.6461,28.9114],[119.6478,28.9156],[119.6447,28.9163],[119.6459,28.9176],[119.6459,28.9188],[119.6475,28.9185],[119.6485,28.9167],[119.6497,28.9174],[119.6488,28.9182],[119.6466,28.9216],[119.65,28.9224],[119.6518,28.9214],[119.6547,28.9223],[119.6578,28.9208],[119.6615,28.9223],[119.6629,28.9224],[119.6654,28.9208],[119.6669,28.9213],[119.6675,28.9201],[119.6698,28.9223],[119.6735,28.9207],[119.6736,28.9221],[119.6748,28.9241],[119.6764,28.9229],[119.6765,28.9214],[119.6788,28.9216],[119.6782,28.9233],[119.6786,28.927],[119.6793,28.9289],[119.6781,28.9303],[119.6779,28.9314],[119.6804,28.934],[119.6805,28.9361],[119.6809,28.937],[119.6825,28.9375],[119.6835,28.9367],[119.6864,28.9375],[119.6872,28.9358],[119.6877,28.9338],[119.6893,28.9339],[119.6917,28.9353],[119.6911,28.9377],[119.694,28.9375],[119.6961,28.9366],[119.6943,28.9358],[119.6904,28.9344],[119.6895,28.9313],[119.6901,28.9285],[119.6918,28.9286],[119.694,28.928],[119.6946,28.9292],[119.6964,28.9303],[119.6997,28.9308],[119.7006,28.9298],[119.7003,28.9276],[119.7027,28.9278],[119.7036,28.9283],[119.7023,28.9306],[119.7027,28.9317],[119.7019,28.9344],[119.7009,28.9354],[119.6979,28.9353],[119.6968,28.937],[119.6999,28.9379],[119.7018,28.9377],[119.7037,28.9389],[119.7047,28.9391],[119.7085,28.9376],[119.7106,28.9385],[119.7121,28.9396],[119.7141,28.9382],[119.7161,28.9402],[119.7172,28.9421],[119.7185,28.9425],[119.7181,28.9445],[119.7193,28.9446],[119.7183,28.9461],[119.7165,28.9442],[119.715,28.9456],[119.7144,28.9482],[119.7133,28.9488],[119.7137,28.9498],[119.715,28.9514],[119.718,28.9523],[119.7183,28.9531],[119.7215,28.9548],[119.7219,28.9558],[119.7235,28.9559],[119.7253,28.9565],[119.7274,28.9599],[119.7285,28.9621],[119.7289,28.9657],[119.7283,28.9669],[119.7261,28.9684],[119.7263,28.97],[119.7276,28.9723],[119.7296,28.9727],[119.7297,28.9743],[119.7293,28.9759],[119.7298,28.979],[119.732,28.9779],[119.7323,28.9794],[119.7342,28.9805],[119.7358,28.9803],[119.7365,28.9796],[119.7409,28.9801],[119.7433,28.9819],[119.7444,28.9837],[119.7444,28.9848],[119.7423,28.9868],[119.7428,28.9886],[119.742,28.9904],[119.744,28.9914],[119.7463,28.9916],[119.7489,28.9923],[119.7501,28.993],[119.7517,28.9917],[119.7525,28.9903],[119.7545,28.9903],[119.756,28.9908],[119.7605,28.9942],[119.7601,28.9953],[119.7588,28.996],[119.7572,28.9951],[119.7568,28.9932],[119.7547,28.9927],[119.7533,28.9943],[119.7533,28.9951],[119.7522,28.9961],[119.7506,28.9983],[119.7494,28.9995],[119.7465,29.0014],[119.7449,29.002],[119.7421,29.0018],[119.7368,28.9988],[119.7341,28.9976],[119.7334,28.9966],[119.7336,28.9952],[119.7321,28.9945],[119.7306,28.9959],[119.7308,28.9977],[119.7267,28.9982],[119.7254,28.9991],[119.7252,29.0001],[119.7276,29.002],[119.7342,29.0049],[119.7344,29.0058],[119.7337,29.0073],[119.732,29.0128],[119.731,29.0149],[119.7293,29.0205],[119.7289,29.0222],[119.7288,29.0249],[119.7297,29.0302],[119.7305,29.032],[119.7354,29.037],[119.7374,29.0405],[119.7383,29.0437],[119.7379,29.0465],[119.7363,29.0477],[119.7316,29.0494],[119.7288,29.0499],[119.7229,29.0516],[119.7171,29.0541],[119.7136,29.0544],[119.7116,29.0537],[119.7052,29.0531],[119.7051,29.0517],[119.7043,29.0458],[119.7033,29.0436],[119.7019,29.0461],[119.7006,29.0464],[119.6982,29.0462],[119.6958,29.0446],[119.6951,29.0455],[119.6939,29.0448],[119.6937,29.0438],[119.6915,29.0426],[119.6907,29.0416],[119.689,29.0409],[119.6885,29.0393],[119.6846,29.0394],[119.6827,29.04],[119.6803,29.0412],[119.6788,29.0427],[119.6759,29.0449],[119.6722,29.0479],[119.6711,29.0494],[119.6711,29.0528],[119.6707,29.0596],[119.6694,29.0621],[119.6667,29.0661],[119.667,29.0682],[119.6693,29.0738],[119.6716,29.0733],[119.6717,29.0751],[119.6725,29.0756],[119.6746,29.0751],[119.6743,29.0768],[119.6751,29.0789],[119.6749,29.0808],[119.6734,29.083],[119.6724,29.0832],[119.6707,29.0848],[119.6695,29.0842],[119.6677,29.087],[119.6659,29.089],[119.6615,29.0919],[119.6623,29.0929],[119.6609,29.0943],[119.6614,29.0949],[119.6658,29.0964],[119.6674,29.0974],[119.6665,29.1021],[119.6672,29.1026],[119.6707,29.1016],[119.6725,29.1007],[119.6736,29.1019],[119.675,29.1025],[119.6755,29.1037],[119.6779,29.1048],[119.6764,29.1071],[119.6787,29.1081],[119.6754,29.1133],[119.6746,29.113],[119.6713,29.1131],[119.6699,29.1142],[119.6683,29.1131],[119.6673,29.1169],[119.6676,29.1177],[119.6672,29.1205],[119.6653,29.1205],[119.6626,29.1224],[119.6636,29.1234],[119.6648,29.126],[119.6643,29.1271],[119.6669,29.1275],[119.6683,29.1285],[119.6688,29.1302],[119.6705,29.1316],[119.6696,29.1327],[119.6722,29.1345],[119.673,29.1369],[119.6741,29.1379],[119.674,29.1408],[119.6758,29.1409],[119.6761,29.142],[119.6756,29.143],[119.6741,29.1431],[119.6742,29.1457],[119.6749,29.1461],[119.6758,29.1482],[119.6749,29.1495],[119.6725,29.1502],[119.6721,29.1523],[119.6711,29.1521],[119.6685,29.1537],[119.6678,29.1549],[119.6682,29.1582],[119.6687,29.1592],[119.6685,29.1609],[119.6696,29.165],[119.6692,29.1683],[119.6666,29.1707],[119.6661,29.1732],[119.665,29.1738],[119.6627,29.1739],[119.6617,29.175],[119.6614,29.177],[119.6604,29.178],[119.6573,29.1798],[119.6565,29.1787],[119.6552,29.1802],[119.6562,29.1832],[119.6571,29.184],[119.6566,29.1863],[119.6575,29.1896],[119.6596,29.1922],[119.6597,29.1931],[119.6581,29.1937],[119.6568,29.195],[119.6569,29.1965],[119.6584,29.1998],[119.6581,29.2008],[119.6565,29.2011],[119.6544,29.2001],[119.6535,29.1988],[119.6537,29.1977],[119.6556,29.1975],[119.655,29.1966],[119.6547,29.1946],[119.6525,29.1967],[119.6525,29.198],[119.6512,29.1999],[119.6522,29.2003],[119.653,29.2015],[119.6523,29.2027],[119.6506,29.2029],[119.6507,29.2046],[119.6499,29.2062],[119.6505,29.2077],[119.6528,29.2102],[119.653,29.2111],[119.6557,29.2117],[119.6592,29.2128],[119.6603,29.2139],[119.6614,29.214],[119.6612,29.2157],[119.6605,29.2166],[119.6608,29.218],[119.6625,29.2191],[119.6627,29.2223],[119.6642,29.2225],[119.6646,29.2239],[119.6659,29.2247],[119.666,29.2264],[119.6671,29.2266],[119.6668,29.2278],[119.6687,29.2273],[119.67,29.228],[119.6713,29.2264],[119.6746,29.2271],[119.6772,29.2282],[119.678,29.2278],[119.6778,29.2263],[119.6788,29.2257],[119.681,29.2256],[119.6819,29.2269],[119.6839,29.2276],[119.6855,29.2287],[119.6855,29.2305],[119.6861,29.2314],[119.6901,29.23],[119.6906,29.2292],[119.6928,29.2274],[119.6943,29.2269],[119.6952,29.2272],[119.6968,29.229],[119.6984,29.2297],[119.7007,29.2297],[119.7015,29.2304],[119.7022,29.2352],[119.7031,29.2355],[119.704,29.2345],[119.7052,29.2341],[119.7086,29.2348],[119.7084,29.2359],[119.7072,29.2374],[119.7095,29.2382],[119.7108,29.238],[119.7117,29.2389],[119.7122,29.2407],[119.7163,29.2422],[119.7164,29.244],[119.7181,29.2455],[119.7176,29.2467],[119.7184,29.2486],[119.7196,29.2488],[119.7168,29.251],[119.7155,29.2509]]]},"properties":{"region_code":"CN-33-3307-330702","parent_region_code":"CN-33-3307","name":"婺城区","level":"county","has_children":false,"full_path":"中国 / 浙江省 / 金华市 / 婺城区","source_admin_code":"330702","osm_relation_id":4483296}},
{"type":"Feature","geometry":{"type":"Polygon","coordinates":[[[119.7605,28.9942],[119.7656,28.9963],[119.7666,28.998],[119.7692,28.9995],[119.7713,29.0014],[119.7723,29.0004],[119.7731,29.0007],[119.7741,29.0026],[119.7759,29.0041],[119.7737,29.0044],[119.7746,29.006],[119.7767,29.0058],[119.7782,29.007],[119.7797,29.0071],[119.7822,29.0066],[119.7836,29.007],[119.7852,29.0059],[119.7863,29.0082],[119.7864,29.0101],[119.7873,29.011],[119.789,29.0104],[119.7926,29.0106],[119.7934,29.0101],[119.7953,29.0113],[119.7997,29.0116],[119.8008,29.0126],[119.8019,29.0127],[119.803,29.0117],[119.8038,29.0126],[119.8068,29.0129],[119.8074,29.0112],[119.8115,29.0096],[119.815,29.01],[119.817,29.0092],[119.8197,29.0095],[119.821,29.0092],[119.8239,29.0097],[119.8269,29.0091],[119.8288,29.0097],[119.8305,29.0113],[119.8305,29.0128],[119.8312,29.0145],[119.83,29.0158],[119.8314,29.017],[119.8335,29.0198],[119.8343,29.0216],[119.8342,29.0231],[119.8363,29.0243],[119.8377,29.0269],[119.839,29.027],[119.8397,29.0281],[119.839,29.0293],[119.8399,29.0299],[119.8438,29.0312],[119.8444,29.0317],[119.8457,29.0299],[119.8473,29.0316],[119.8491,29.0332],[119.8498,29.0342],[119.8514,29.0331],[119.8507,29.0322],[119.8511,29.0311],[119.8524,29.0303],[119.8548,29.0317],[119.8561,29.0309],[119.8567,29.0315],[119.8558,29.0333],[119.8574,29.035],[119.8591,29.035],[119.86,29.0356],[119.8634,29.0365],[119.8658,29.0389],[119.8662,29.0413],[119.8679,29.0424],[119.8696,29.0457],[119.8709,29.0458],[119.8745,29.0499],[119.8755,29.0517],[119.8787,29.054],[119.8794,29.055],[119.881,29.0555],[119.8835,29.0543],[119.8834,29.0524],[119.885,29.0515],[119.8859,29.0534],[119.8869,29.0539],[119.8867,29.055],[119.8883,29.0562],[119.8916,29.0541],[119.8907,29.0529],[119.892,29.0518],[119.8929,29.0529],[119.8962,29.0547],[119.8966,29.0558],[119.8958,29.06],[119.9012,29.0647],[119.9028,29.0646],[119.9076,29.0679],[119.9065,29.0699],[119.9053,29.0686],[119.9039,29.0693],[119.9048,29.0707],[119.9034,29.0733],[119.9021,29.0732],[119.902,29.0751],[119.9037,29.0758],[119.9023,29.079],[119.903,29.0805],[119.9021,29.0823],[119.9003,29.0832],[119.8973,29.0819],[119.8953,29.08],[119.894,29.0813],[119.8947,29.0832],[119.8985,29.0849],[119.899,29.0859],[119.9013,29.0859],[119.9027,29.0866],[119.9047,29.0866],[119.9069,29.0854],[119.9101,29.0862],[119.9115,29.0851],[119.9129,29.0852],[119.9117,29.0871],[119.9121,29.0909],[119.9102,29.091],[119.9092,29.0901],[119.9069,29.0935],[119.905,29.0938],[119.9029,29.0936],[119.9008,29.0937],[119.9031,29.0952],[119.9077,29.0942],[119.9074,29.0974],[119.9104,29.0984],[119.9106,29.1002],[119.9092,29.1013],[119.9114,29.1014],[119.9131,29.1025],[119.914,29.1052],[119.9137,29.1073],[119.9159,29.1075],[119.9158,29.1092],[119.9187,29.1085],[119.9186,29.1095],[119.917,29.1123],[119.9155,29.1169],[119.9148,29.1181],[119.9186,29.119],[119.9188,29.1176],[119.9201,29.1179],[119.9214,29.1173],[119.9252,29.1182],[119.9282,29.1198],[119.9294,29.1184],[119.9298,29.1157],[119.9308,29.1136],[119.9315,29.1134],[119.9335,29.1149],[119.9346,29.1176],[119.9345,29.1203],[119.9364,29.1217],[119.9372,29.1206],[119.9376,29.1188],[119.9395,29.121],[119.9374,29.1214],[119.9382,29.1233],[119.9392,29.1234],[119.9391,29.1256],[119.9398,29.1298],[119.9398,29.1324],[119.9413,29.1328],[119.9421,29.1342],[119.9417,29.1353],[119.9422,29.1376],[119.9419,29.1382],[119.943,29.14],[119.9443,29.1409],[119.9438,29.1425],[119.9452,29.144],[119.9451,29.1467],[119.9457,29.1486],[119.9451,29.1494],[119.9422,29.1506],[119.9417,29.1501],[119.9413,29.1477],[119.9401,29.1464],[119.939,29.1469],[119.9383,29.1484],[119.9369,29.1498],[119.9376,29.1512],[119.9361,29.1512],[119.9354,29.1523],[119.9371,29.1528],[119.9368,29.1553],[119.937,29.1568],[119.9363,29.1588],[119.9369,29.16],[119.9359,29.1617],[119.9359,29.1633],[119.935,29.1643],[119.9365,29.1651],[119.9365,29.1666],[119.9397,29.1665],[119.9391,29.169],[119.941,29.1706],[119.9407,29.1722],[119.9378,29.1727],[119.9367,29.1732],[119.9338,29.1759],[119.9309,29.178],[119.9286,29.1793],[119.926,29.18],[119.9256,29.1809],[119.9242,29.1813],[119.9241,29.1826],[119.9259,29.1841],[119.9235,29.185],[119.9234,29.1866],[119.9214,29.1869],[119.921,29.1858],[119.9193,29.1868],[119.9185,29.1878],[119.9189,29.1885],[119.9187,29.1904],[119.9199,29.1904],[119.9204,29.192],[119.9213,29.193],[119.9222,29.1948],[119.9218,29.1988],[119.9225,29.1993],[119.9216,29.2024],[119.9191,29.2012],[119.919,29.1999],[119.9175,29.1992],[119.9161,29.1979],[119.9146,29.1988],[119.9132,29.2006],[119.9113,29.2002],[119.9106,29.202],[119.9099,29.2025],[119.9074,29.203],[119.9083,29.2048],[119.9073,29.2063],[119.9081,29.2081],[119.91,29.2086],[119.9093,29.2111],[119.9102,29.2129],[119.9112,29.2131],[119.9096,29.2165],[119.91,29.217],[119.9093,29.2186],[119.9074,29.2187],[119.9066,29.2202],[119.9074,29.2226],[119.9065,29.2237],[119.9057,29.2267],[119.9069,29.2275],[119.908,29.2264],[119.909,29.2287],[119.9092,29.2304],[119.9082,29.2332],[119.9078,29.2359],[119.9086,29.237],[119.9101,29.2373],[119.9115,29.2388],[119.9117,29.2403],[119.9111,29.2413],[119.9095,29.2423],[119.91,29.2434],[119.908,29.2455],[119.9084,29.2469],[119.9095,29.2483],[119.9102,29.2506],[119.9085,29.2511],[119.9079,29.2518],[119.9083,29.2528],[119.9055,29.2529],[119.9055,29.2539],[119.9043,29.2549],[119.9009,29.2547],[119.9011,29.2559],[119.9001,29.2573],[119.9004,29.2604],[119.8974,29.2624],[119.8968,29.2637],[119.8954,29.2642],[119.8944,29.2661],[119.8914,29.2681],[119.8907,29.2661],[119.8872,29.2667],[119.8879,29.2676],[119.8866,29.2711],[119.885,29.2723],[119.8852,29.2744],[119.8845,29.276],[119.8825,29.2764],[119.8815,29.2774],[119.8794,29.2774],[119.8798,29.276],[119.8786,29.2753],[119.8779,29.2762],[119.8762,29.2764],[119.8745,29.2755],[119.8736,29.2756],[119.8718,29.2744],[119.8706,29.2772],[119.8695,29.2786],[119.8688,29.28],[119.8677,29.2814],[119.8645,29.2825],[119.8625,29.2816],[119.8618,29.2827],[119.8622,29.2839],[119.8602,29.284],[119.8596,29.2835],[119.8554,29.2863],[119.855,29.2878],[119.854,29.2884],[119.8502,29.2895],[119.8489,29.2906],[119.8481,29.2921],[119.847,29.293],[119.8441,29.2948],[119.8427,29.2935],[119.8418,29.2952],[119.8427,29.2965],[119.8419,29.2978],[119.8399,29.2975],[119.8382,29.2983],[119.8368,29.3005],[119.8369,29.3016],[119.8358,29.3036],[119.8335,29.3027],[119.83,29.3046],[119.8287,29.3046],[119.8263,29.3059],[119.8247,29.308],[119.8227,29.3079],[119.8207,29.3086],[119.8172,29.3083],[119.8149,29.3089],[119.8119,29.3085],[119.8108,29.3068],[119.8092,29.307],[119.8071,29.3055],[119.8039,29.3045],[119.8029,29.3049],[119.8012,29.3042],[119.7999,29.3042],[119.7981,29.303],[119.7968,29.3026],[119.7946,29.3013],[119.7948,29.2996],[119.793,29.2993],[119.7896,29.2979],[119.7851,29.2969],[119.7843,29.296],[119.7823,29.295],[119.7816,29.2934],[119.7798,29.2937],[119.778,29.2924],[119.779,29.2911],[119.7785,29.2906],[119.7794,29.2893],[119.7761,29.29],[119.7757,29.2889],[119.7732,29.2867],[119.7719,29.2865],[119.7714,29.2856],[119.7701,29.2855],[119.77,29.2866],[119.7686,29.2871],[119.7682,29.2861],[119.7666,29.2859],[119.7649,29.2847],[119.7621,29.2832],[119.761,29.2811],[119.7591,29.2789],[119.7587,29.2777],[119.7553,29.2749],[119.753,29.2734],[119.7498,29.272],[119.7478,29.2701],[119.7452,29.2697],[119.7429,29.2673],[119.7435,29.265],[119.7417,29.262],[119.7413,29.2591],[119.7373,29.2571],[119.736,29.2559],[119.7329,29.2564],[119.7316,29.256],[119.7303,29.257],[119.7293,29.2556],[119.7273,29.2548],[119.7231,29.2545],[119.7218,29.2547],[119.7187,29.2538],[119.7171,29.2529],[119.7155,29.2509],[119.7168,29.251],[119.7196,29.2488],[119.7184,29.2486],[119.7176,29.2467],[119.7181,29.2455],[119.7164,29.244],[119.7163,29.2422],[119.7122,29.2407],[119.7117,29.2389],[119.7108,29.238],[119.7095,29.2382],[119.7072,29.2374],[119.7084,29.2359],[119.7086,29.2348],[119.7052,29.2341],[119.704,29.2345],[119.7031,29.2355],[119.7022,29.2352],[119.7015,29.2304],[119.7007,29.2297],[119.6984,29.2297],[119.6968,29.229],[119.6952,29.2272],[119.6943,29.2269],[119.6928,29.2274],[119.6906,29.2292],[119.6901,29.23],[119.6861,29.2314],[119.6855,29.2305],[119.6855,29.2287],[119.6839,29.2276],[119.6819,29.2269],[119.681,29.2256],[119.6788,29.2257],[119.6778,29.2263],[119.678,29.2278],[119.6772,29.2282],[119.6746,29.2271],[119.6713,29.2264],[119.67,29.228],[119.6687,29.2273],[119.6668,29.2278],[119.6671,29.2266],[119.666,29.2264],[119.6659,29.2247],[119.6646,29.2239],[119.6642,29.2225],[119.6627,29.2223],[119.6625,29.2191],[119.6608,29.218],[119.6605,29.2166],[119.6612,29.2157],[119.6614,29.214],[119.6603,29.2139],[119.6592,29.2128],[119.6557,29.2117],[119.653,29.2111],[119.6528,29.2102],[119.6505,29.2077],[119.6499,29.2062],[119.6507,29.2046],[119.6506,29.2029],[119.6523,29.2027],[119.653,29.2015],[119.6522,29.2003],[119.6512,29.1999],[119.6525,29.198],[119.6525,29.1967],[119.6547,29.1946],[119.655,29.1966],[119.6556,29.1975],[119.6537,29.1977],[119.6535,29.1988],[119.6544,29.2001],[119.6565,29.2011],[119.6581,29.2008],[119.6584,29.1998],[119.6569,29.1965],[119.6568,29.195],[119.6581,29.1937],[119.6597,29.1931],[119.6596,29.1922],[119.6575,29.1896],[119.6566,29.1863],[119.6571,29.184],[119.6562,29.1832],[119.6552,29.1802],[119.6565,29.1787],[119.6573,29.1798],[119.6604,29.178],[119.6614,29.177],[119.6617,29.175],[119.6627,29.1739],[119.665,29.1738],[119.6661,29.1732],[119.6666,29.1707],[119.6692,29.1683],[119.6696,29.165],[119.6685,29.1609],[119.6687,29.1592],[119.6682,29.1582],[119.6678,29.1549],[119.6685,29.1537],[119.6711,29.1521],[119.6721,29.1523],[119.6725,29.1502],[119.6749,29.1495],[119.6758,29.1482],[119.6749,29.1461],[119.6742,29.1457],[119.6741,29.1431],[119.6756,29.143],[119.6761,29.142],[119.6758,29.1409],[119.674,29.1408],[119.6741,29.1379],[119.673,29.1369],[119.6722,29.1345],[119.6696,29.1327],[119.6705,29.1316],[119.6688,29.1302],[119.6683,29.1285],[119.6669,29.1275],[119.6643,29.1271],[119.6648,29.126],[119.6636,29.1234],[119.6626,29.1224],[119.6653,29.1205],[119.6672,29.1205],[119.6676,29.1177],[119.6673,29.1169],[119.6683,29.1131],[119.6699,29.1142],[119.6713,29.1131],[119.6746,29.113],[119.6754,29.1133],[119.6787,29.1081],[119.6764,29.1071],[119.6779,29.1048],[119.6755,29.1037],[119.675,29.1025],[119.6736,29.1019],[119.6725,29.1007],[119.6707,29.1016],[119.6672,29.1026],[119.6665,29.1021],[119.6674,29.0974],[119.6658,29.0964],[119.6614,29.0949],[119.6609,29.0943],[119.6623,29.0929],[119.6615,29.0919],[119.6659,29.089],[119.6677,29.087],[119.6695,29.0842],[119.6707,29.0848],[119.6724,29.0832],[119.6734,29.083],[119.6749,29.0808],[119.6751,29.0789],[119.6743,29.0768],[119.6746,29.0751],[119.6725,29.0756],[119.6717,29.0751],[119.6716,29.0733],[119.6693,29.0738],[119.667,29.0682],[119.6667,29.0661],[119.6694,29.0621],[119.6707,29.0596],[119.6711,29.0528],[119.6711,29.0494],[119.6722,29.0479],[119.6759,29.0449],[119.6788,29.0427],[119.6803,29.0412],[119.6827,29.04],[119.6846,29.0394],[119.6885,29.0393],[119.689,29.0409],[119.6907,29.0416],[119.6915,29.0426],[119.6937,29.0438],[119.6939,29.0448],[119.6951,29.0455],[119.6958,29.0446],[119.6982,29.0462],[119.7006,29.0464],[119.7019,29.0461],[119.7033,29.0436],[119.7043,29.0458],[119.7051,29.0517],[119.7052,29.0531],[119.7116,29.0537],[119.7136,29.0544],[119.7171,29.0541],[119.7229,29.0516],[119.7288,29.0499],[119.7316,29.0494],[119.7363,29.0477],[119.7379,29.0465],[119.7383,29.0437],[119.7374,29.0405],[119.7354,29.037],[119.7305,29.032],[119.7297,29.0302],[119.7288,29.0249],[119.7289,29.0222],[119.7293,29.0205],[119.731,29.0149],[119.732,29.0128],[119.7337,29.0073],[119.7344,29.0058],[119.7342,29.0049],[119.7276,29.002],[119.7252,29.0001],[119.7254,28.9991],[119.7267,28.9982],[119.7308,28.9977],[119.7306,28.9959],[119.7321,28.9945],[119.7336,28.9952],[119.7334,28.9966],[119.7341,28.9976],[119.7368,28.9988],[119.7421,29.0018],[119.7449,29.002],[119.7465,29.0014],[119.7494,28.9995],[119.7506,28.9983],[119.7522,28.9961],[119.7533,28.9951],[119.7533,28.9943],[119.7547,28.9927],[119.7568,28.9932],[119.7572,28.9951],[119.7588,28.996],[119.7601,28.9953],[119.7605,28.9942]]]},"properties":{"region_code":"CN-33-3307-330703","parent_region_code":"CN-33-3307","name":"金东区","level":"county","has_children":false,"full_path":"中国 / 浙江省 / 金华市 / 金东区","source_admin_code":"330703","osm_relation_id":4483293}},
{"type":"Feature","geometry":{"type":"Polygon","coordinates":[[[119.4653,28.7435],[119.4625,28.7454],[119.4588,28.7458],[119.4557,28.7452],[119.4568,28.7419],[119.4581,28.7404],[119.4584,28.7369],[119.4583,28.7346],[119.4577,28.7327],[119.458,28.7307],[119.4592,28.7284],[119.4589,28.7268],[119.4594,28.725],[119.4589,28.7232],[119.4576,28.7211],[119.4564,28.7212],[119.4544,28.7183],[119.4561,28.717],[119.457,28.7178],[119.4588,28.7172],[119.4609,28.7133],[119.4606,28.7126],[119.4616,28.7109],[119.459,28.7053],[119.4594,28.7039],[119.4587,28.7021],[119.4593,28.7006],[119.4587,28.6987],[119.4596,28.6972],[119.456,28.6923],[119.4558,28.6904],[119.455,28.6899],[119.4562,28.6881],[119.4551,28.6854],[119.4549,28.684],[119.4558,28.6836],[119.4555,28.6822],[119.4565,28.6785],[119.4575,28.6775],[119.4582,28.6752],[119.4566,28.6732],[119.4576,28.6708],[119.4592,28.6696],[119.4608,28.6708],[119.462,28.6711],[119.4635,28.6706],[119.466,28.6691],[119.4684,28.6687],[119.4715,28.6685],[119.4725,28.6666],[119.4756,28.664],[119.4745,28.6612],[119.4734,28.6608],[119.472,28.6593],[119.4713,28.6593],[119.469,28.6571],[119.4674,28.6573],[119.4657,28.6567],[119.4648,28.657],[119.462,28.6567],[119.4608,28.6575],[119.4589,28.6571],[119.4574,28.6557],[119.4551,28.6552],[119.4533,28.6557],[119.4525,28.6547],[119.4513,28.6547],[119.4507,28.6528],[119.4509,28.6504],[119.4517,28.6488],[119.4533,28.6476],[119.455,28.6457],[119.4546,28.6437],[119.4539,28.6422],[119.455,28.6407],[119.4554,28.6392],[119.4576,28.6371],[119.4596,28.637],[119.4607,28.6363],[119.4621,28.6369],[119.4643,28.6372],[119.4677,28.6397],[119.4696,28.6402],[119.4717,28.6413],[119.4741,28.6411],[119.4771,28.6434],[119.4787,28.6429],[119.4805,28.6412],[119.4828,28.6399],[119.4818,28.6387],[119.4818,28.6355],[119.4805,28.6338],[119.4813,28.6322],[119.4844,28.6308],[119.4843,28.6298],[119.4864,28.628],[119.4877,28.6279],[119.4893,28.6298],[119.4891,28.6334],[119.4906,28.6347],[119.4914,28.6347],[119.4936,28.6366],[119.4953,28.6364],[119.497,28.6373],[119.4995,28.6382],[119.5008,28.64],[119.5032,28.6386],[119.5041,28.6392],[119.506,28.6396],[119.5075,28.6404],[119.5108,28.6404],[119.5119,28.6413],[119.5144,28.6421],[119.5147,28.6409],[119.5142,28.6389],[119.5124,28.6376],[119.511,28.636],[119.5091,28.6352],[119.509,28.6342],[119.5071,28.6326],[119.5043,28.632],[119.5021,28.6319],[119.5009,28.6301],[119.5043,28.6294],[119.5051,28.628],[119.5045,28.6266],[119.5016,28.6263],[119.5008,28.6244],[119.4997,28.6253],[119.498,28.6255],[119.494,28.6245],[119.4968,28.6222],[119.4983,28.6223],[119.4995,28.623],[119.5027,28.6235],[119.5054,28.6214],[119.5059,28.6182],[119.5051,28.6173],[119.5046,28.6145],[119.5037,28.6124],[119.5047,28.6117],[119.5087,28.611],[119.5089,28.6117],[119.5103,28.6132],[119.511,28.6146],[119.5119,28.6137],[119.5123,28.6117],[119.5133,28.6109],[119.5128,28.6098],[119.5107,28.6085],[119.5084,28.6061],[119.5054,28.6041],[119.5045,28.6039],[119.5042,28.6023],[119.5023,28.5998],[119.5017,28.5977],[119.4991,28.5962],[119.4981,28.5943],[119.4967,28.5927],[119.4962,28.5916],[119.4945,28.591],[119.4928,28.5865],[119.4926,28.5847],[119.4915,28.583],[119.4916,28.5817],[119.4945,28.5787],[119.4932,28.5781],[119.4931,28.5761],[119.4921,28.5764],[119.4921,28.574],[119.4902,28.573],[119.4879,28.5712],[119.4864,28.5692],[119.4868,28.5673],[119.4875,28.5663],[119.4887,28.5663],[119.4902,28.5638],[119.4897,28.5629],[119.491,28.5613],[119.4892,28.5593],[119.4895,28.5563],[119.4913,28.5561],[119.4923,28.5549],[119.4927,28.5532],[119.4937,28.5529],[119.4967,28.5531],[119.4967,28.5542],[119.4977,28.5555],[119.4994,28.556],[119.5013,28.5571],[119.5022,28.5587],[119.5023,28.5601],[119.5036,28.5624],[119.505,28.5644],[119.5095,28.5654],[119.5111,28.5645],[119.5137,28.5637],[119.5144,28.5625],[119.5187,28.5619],[119.5201,28.5608],[119.5223,28.5611],[119.5251,28.5578],[119.526,28.5584],[119.5287,28.5592],[119.5305,28.5577],[119.5291,28.5553],[119.529,28.5539],[119.5313,28.5524],[119.5321,28.5507],[119.5303,28.5489],[119.5314,28.5464],[119.533,28.5445],[119.5333,28.5431],[119.5324,28.5428],[119.53,28.5455],[119.5293,28.5434],[119.5298,28.5431],[119.5304,28.5401],[119.5318,28.5413],[119.534,28.5416],[119.5369,28.5385],[119.537,28.5371],[119.538,28.5347],[119.5398,28.5368],[119.5417,28.5359],[119.5433,28.5336],[119.5451,28.5328],[119.5463,28.5333],[119.5468,28.5344],[119.5467,28.5364],[119.5487,28.5385],[119.5499,28.5392],[119.5505,28.538],[119.5496,28.5369],[119.5481,28.5361],[119.5487,28.5353],[119.5487,28.5339],[119.5504,28.5343],[119.5521,28.5366],[119.5546,28.5367],[119.556,28.5374],[119.5579,28.5373],[119.5596,28.5362],[119.5617,28.5361],[119.5643,28.5367],[119.5659,28.5353],[119.5667,28.5354],[119.5684,28.5371],[119.569,28.5387],[119.5728,28.5393],[119.5751,28.5403],[119.5789,28.5365],[119.5823,28.5397],[119.5832,28.5415],[119.5844,28.5423],[119.5866,28.5421],[119.5888,28.5397],[119.5873,28.5387],[119.5866,28.5357],[119.588,28.5356],[119.5885,28.5375],[119.5903,28.5353],[119.5922,28.5343],[119.5927,28.5322],[119.594,28.53],[119.5958,28.5305],[119.596,28.5289],[119.5971,28.5293],[119.5991,28.5329],[119.5995,28.5346],[119.6017,28.5344],[119.6037,28.5303],[119.6045,28.5303],[119.6062,28.5314],[119.6093,28.5309],[119.6118,28.5313],[119.613,28.5277],[119.6161,28.5263],[119.6188,28.5254],[119.6202,28.5238],[119.6214,28.5241],[119.6231,28.5233],[119.6227,28.5214],[119.6247,28.5212],[119.6243,28.518],[119.625,28.5167],[119.6265,28.5165],[119.6272,28.5175],[119.6267,28.5218],[119.6258,28.523],[119.6274,28.5233],[119.6286,28.5243],[119.6278,28.5262],[119.628,28.5286],[119.6277,28.5298],[119.629,28.5303],[119.6316,28.5303],[119.6318,28.5317],[119.6374,28.5354],[119.6363,28.5359],[119.6352,28.5375],[119.6368,28.5385],[119.6384,28.5384],[119.64,28.5368],[119.6399,28.5346],[119.6372,28.5328],[119.6376,28.5316],[119.6399,28.5308],[119.6438,28.5317],[119.6441,28.5321],[119.6437,28.5347],[119.6406,28.537],[119.6418,28.5379],[119.6432,28.5408],[119.6423,28.5445],[119.6424,28.5456],[119.645,28.5452],[119.6458,28.5441],[119.647,28.544],[119.6496,28.5452],[119.6508,28.5471],[119.65,28.5484],[119.6498,28.5498],[119.6534,28.5499],[119.6551,28.5517],[119.6558,28.5497],[119.657,28.5493],[119.6597,28.5515],[119.6608,28.551],[119.6601,28.5492],[119.6588,28.5471],[119.6592,28.5459],[119.6617,28.5435],[119.6613,28.5425],[119.6595,28.542],[119.6598,28.5397],[119.6606,28.5381],[119.6615,28.5375],[119.665,28.5342],[119.6654,28.5329],[119.6671,28.5331],[119.6706,28.5343],[119.672,28.533],[119.671,28.5308],[119.6708,28.5296],[119.6727,28.5294],[119.6763,28.5303],[119.6756,28.533],[119.6768,28.5336],[119.6788,28.5337],[119.68,28.5322],[119.6809,28.532],[119.6818,28.5332],[119.6809,28.5351],[119.6848,28.5358],[119.6875,28.5334],[119.6884,28.5341],[119.6896,28.5329],[119.6911,28.5325],[119.6912,28.5309],[119.6933,28.5299],[119.695,28.5313],[119.6978,28.5302],[119.6991,28.5278],[119.7001,28.5296],[119.6989,28.5316],[119.6966,28.5338],[119.6966,28.5349],[119.7004,28.5365],[119.702,28.5366],[119.7035,28.5386],[119.704,28.541],[119.7033,28.5423],[119.7032,28.5441],[119.7039,28.5448],[119.703,28.5486],[119.7041,28.5491],[119.7061,28.5514],[119.7064,28.5526],[119.7086,28.5548],[119.7094,28.5544],[119.7124,28.5554],[119.7131,28.5569],[119.7144,28.5574],[119.7142,28.5601],[119.7153,28.5616],[119.7149,28.5632],[119.7133,28.5646],[119.7126,28.5658],[119.7138,28.5673],[119.7148,28.5678],[119.7151,28.5691],[119.7179,28.5706],[119.7188,28.5687],[119.7197,28.5682],[119.7218,28.5685],[119.7229,28.5674],[119.7233,28.5654],[119.7264,28.5658],[119.7283,28.5655],[119.7315,28.5668],[119.7294,28.5673],[119.7257,28.5687],[119.7244,28.5711],[119.7308,28.5719],[119.7318,28.5765],[119.7325,28.5777],[119.7335,28.5814],[119.7346,28.5802],[119.7349,28.5826],[119.7357,28.583],[119.7366,28.5814],[119.7369,28.577],[119.7381,28.5771],[119.7399,28.5757],[119.7441,28.5788],[119.7448,28.5778],[119.7458,28.5788],[119.7463,28.5817],[119.7463,28.5841],[119.7453,28.587],[119.7452,28.5887],[119.7459,28.5908],[119.7447,28.5926],[119.7446,28.5944],[119.7451,28.5961],[119.7475,28.5966],[119.7493,28.5962],[119.7515,28.5962],[119.7539,28.5953],[119.7544,28.5942],[119.7586,28.593],[119.7601,28.592],[119.7619,28.5914],[119.7638,28.5887],[119.764,28.5869],[119.7658,28.5882],[119.7658,28.5892],[119.7678,28.5898],[119.7694,28.5892],[119.7715,28.5875],[119.7717,28.5888],[119.7707,28.5898],[119.7681,28.5937],[119.7688,28.5947],[119.7687,28.5963],[119.7695,28.598],[119.768,28.5998],[119.7662,28.6003],[119.7661,28.6025],[119.7657,28.6035],[119.7638,28.6047],[119.7646,28.6062],[119.7661,28.6066],[119.7651,28.6082],[119.7664,28.6091],[119.7659,28.6099],[119.7665,28.6117],[119.7675,28.6117],[119.7685,28.6102],[119.7693,28.6116],[119.7678,28.6134],[119.7655,28.6137],[119.763,28.6154],[119.7615,28.6161],[119.7606,28.6174],[119.7585,28.6183],[119.7575,28.62],[119.7596,28.6213],[119.7579,28.6241],[119.7548,28.6248],[119.7547,28.6265],[119.756,28.6268],[119.7565,28.6295],[119.7562,28.6309],[119.7548,28.6307],[119.7525,28.6311],[119.752,28.6328],[119.7508,28.6351],[119.7506,28.6367],[119.7482,28.6369],[119.7483,28.6387],[119.751,28.6402],[119.7531,28.6407],[119.755,28.6407],[119.7581,28.6441],[119.7594,28.6442],[119.7609,28.6422],[119.7658,28.6402],[119.7666,28.6407],[119.7692,28.6382],[119.7693,28.6372],[119.7709,28.6375],[119.772,28.6363],[119.775,28.637],[119.7781,28.6387],[119.7796,28.6366],[119.7809,28.6375],[119.7823,28.6359],[119.7831,28.6377],[119.7852,28.6395],[119.7865,28.6372],[119.788,28.6358],[119.789,28.6372],[119.7871,28.6399],[119.7882,28.6406],[119.791,28.637],[119.7922,28.6377],[119.7926,28.6398],[119.7936,28.6429],[119.7954,28.6435],[119.7972,28.6459],[119.7987,28.6472],[119.799,28.6485],[119.8013,28.6494],[119.8028,28.6494],[119.8039,28.6515],[119.8033,28.6526],[119.8032,28.6559],[119.8054,28.6569],[119.808,28.6574],[119.8081,28.6613],[119.8057,28.666],[119.8068,28.668],[119.8069,28.6702],[119.8082,28.6713],[119.8094,28.6738],[119.8089,28.6752],[119.8089,28.6771],[119.8103,28.6788],[119.8101,28.6813],[119.8105,28.6849],[119.8097,28.6871],[119.8097,28.6886],[119.8085,28.6883],[119.8067,28.6862],[119.805,28.686],[119.805,28.6873],[119.8025,28.6876],[119.8043,28.6895],[119.8057,28.6893],[119.8075,28.692],[119.8099,28.6904],[119.8107,28.6906],[119.8112,28.6924],[119.8144,28.6943],[119.8124,28.6946],[119.8117,28.6952],[119.8088,28.6937],[119.8083,28.6953],[119.8103,28.6959],[119.8117,28.6959],[119.8149,28.6983],[119.8171,28.6964],[119.8192,28.6974],[119.8209,28.6975],[119.8203,28.6995],[119.8218,28.6989],[119.8234,28.6991],[119.8249,28.7004],[119.8244,28.7029],[119.8266,28.7023],[119.8278,28.7034],[119.8265,28.7048],[119.8275,28.706],[119.8273,28.7071],[119.8287,28.7079],[119.8301,28.7095],[119.8289,28.7108],[119.8277,28.7134],[119.8272,28.7163],[119.8299,28.716],[119.8313,28.7155],[119.8334,28.7166],[119.8346,28.7184],[119.8359,28.7192],[119.8377,28.7213],[119.8385,28.7237],[119.84,28.7218],[119.841,28.722],[119.8427,28.7204],[119.8457,28.7205],[119.8465,28.7212],[119.848,28.7211],[119.8495,28.7215],[119.8523,28.7214],[119.8573,28.7231],[119.8573,28.7244],[119.8587,28.7248],[119.8595,28.7237],[119.8583,28.7217],[119.8608,28.7212],[119.8616,28.7222],[119.8616,28.7235],[119.8654,28.7249],[119.8645,28.7274],[119.8649,28.7293],[119.8665,28.7303],[119.8685,28.7311],[119.8678,28.7327],[119.8658,28.7335],[119.8691,28.7359],[119.8711,28.7394],[119.8711,28.7404],[119.8691,28.742],[119.8688,28.7434],[119.8673,28.7449],[119.8672,28.7456],[119.8693,28.7466],[119.8708,28.7484],[119.8729,28.7495],[119.8747,28.7531],[119.8762,28.7556],[119.8779,28.7542],[119.8802,28.7514],[119.8812,28.7509],[119.8814,28.7484],[119.8829,28.7479],[119.8846,28.7483],[119.886,28.75],[119.8905,28.7528],[119.8923,28.7532],[119.8928,28.7545],[119.8941,28.7549],[119.8959,28.7566],[119.8977,28.7574],[119.8995,28.759],[119.8967,28.7612],[119.8964,28.7621],[119.8974,28.7646],[119.896,28.766],[119.8988,28.7678],[119.9006,28.7674],[119.901,28.7681],[119.9,28.7703],[119.9025,28.7705],[119.9026,28.7722],[119.9062,28.774],[119.9072,28.7741],[119.909,28.7762],[119.9108,28.7775],[119.9112,28.7793],[119.9106,28.782],[119.9118,28.7828],[119.9139,28.7834],[119.9159,28.785],[119.9167,28.785],[119.9185,28.7833],[119.9203,28.783],[119.92,28.7851],[119.9183,28.7857],[119.9181,28.7868],[119.9166,28.7884],[119.9174,28.7903],[119.9169,28.791],[119.9186,28.7976],[119.9168,28.7986],[119.9154,28.7987],[119.915,28.8013],[119.9133,28.7997],[119.9114,28.801],[119.9108,28.8027],[119.9121,28.8039],[119.913,28.8031],[119.9142,28.8043],[119.9158,28.8035],[119.9173,28.8049],[119.9194,28.8036],[119.9214,28.8034],[119.9225,28.8024],[119.9224,28.8008],[119.9236,28.7993],[119.9279,28.7991],[119.9263,28.8012],[119.9266,28.803],[119.9247,28.8042],[119.9254,28.8054],[119.9235,28.8053],[119.9248,28.8074],[119.9259,28.8078],[119.9272,28.8066],[119.9281,28.8081],[119.93,28.8069],[119.9308,28.8078],[119.9327,28.8086],[119.9326,28.8095],[119.9336,28.8114],[119.9344,28.8113],[119.937,28.8101],[119.9396,28.8106],[119.9425,28.8124],[119.9422,28.8138],[119.9439,28.8143],[119.9439,28.8131],[119.946,28.8133],[119.9473,28.8142],[119.9484,28.8173],[119.9494,28.8179],[119.9519,28.8179],[119.9547,28.8167],[119.9575,28.8183],[119.9579,28.8198],[119.9593,28.8183],[119.9607,28.8182],[119.9627,28.8197],[119.9637,28.8185],[119.9635,28.8169],[119.9651,28.8178],[119.9659,28.8162],[119.966,28.8143],[119.9671,28.8149],[119.9678,28.8164],[119.9691,28.8175],[119.9688,28.8197],[119.9698,28.8207],[119.9714,28.8233],[119.9723,28.8239],[119.9711,28.8262],[119.967,28.8299],[119.965,28.8335],[119.9655,28.8348],[119.9648,28.8366],[119.9623,28.8388],[119.9605,28.8409],[119.9614,28.8422],[119.9597,28.8437],[119.9602,28.8455],[119.9595,28.8467],[119.9615,28.8472],[119.961,28.8488],[119.9624,28.8505],[119.9615,28.8515],[119.9634,28.8524],[119.9646,28.8513],[119.9662,28.8511],[119.9669,28.8525],[119.9659,28.853],[119.9667,28.8547],[119.9651,28.8545],[119.9642,28.855],[119.9641,28.8563],[119.965,28.8578],[119.9635,28.8583],[119.9641,28.86],[119.9656,28.8596],[119.9656,28.861],[119.9644,28.8611],[119.9644,28.863],[119.9635,28.8634],[119.9631,28.8646],[119.9616,28.8656],[119.9619,28.8671],[119.961,28.8694],[119.9656,28.8695],[119.9635,28.8723],[119.9628,28.8729],[119.9615,28.8714],[119.9583,28.8723],[119.9558,28.8722],[119.9555,28.873],[119.9535,28.8735],[119.9516,28.8756],[119.9491,28.8775],[119.9478,28.8788],[119.9508,28.8788],[119.9523,28.8778],[119.9539,28.8794],[119.9535,28.8805],[119.9516,28.8803],[119.9492,28.8821],[119.9476,28.8827],[119.9456,28.883],[119.9442,28.8843],[119.9434,28.8861],[119.9415,28.8846],[119.9408,28.8869],[119.9424,28.8869],[119.944,28.8878],[119.9429,28.8901],[119.9433,28.8921],[119.942,28.8924],[119.94,28.8917],[119.9371,28.8939],[119.9383,28.8953],[119.938,28.8961],[119.9403,28.8963],[119.9411,28.8999],[119.9381,28.9001],[119.9391,28.9019],[119.9401,28.9017],[119.9407,28.9033],[119.9383,28.9039],[119.9376,28.9029],[119.9363,28.9025],[119.9365,28.9007],[119.9342,28.9],[119.9347,28.9019],[119.9343,28.903],[119.9329,28.902],[119.932,28.9006],[119.9306,28.9022],[119.9296,28.9019],[119.9281,28.9004],[119.9263,28.9005],[119.9258,28.8995],[119.9244,28.8993],[119.9205,28.9001],[119.9185,28.8991],[119.9176,28.8995],[119.9148,28.9018],[119.9158,28.9059],[119.9166,28.9076],[119.9188,28.9094],[119.9187,28.9108],[119.9173,28.9123],[119.9146,28.9141],[119.9149,28.9158],[119.9146,28.918],[119.9158,28.9191],[119.9165,28.9212],[119.9162,28.9226],[119.9172,28.9245],[119.9168,28.9253],[119.9193,28.9277],[119.9192,28.929],[119.9176,28.9293],[119.9162,28.9288],[119.916,28.93],[119.9146,28.9321],[119.9122,28.9327],[119.908,28.9331],[119.9058,28.9336],[119.9037,28.9349],[119.9013,28.9348],[119.8986,28.9338],[119.898,28.9329],[119.8951,28.9331],[119.8944,28.9323],[119.8927,28.9328],[119.8908,28.9341],[119.8922,28.9367],[119.8938,28.9373],[119.8943,28.9399],[119.8916,28.9402],[119.8912,28.9433],[119.8921,28.9438],[119.8931,28.9431],[119.8942,28.9443],[119.8964,28.9451],[119.8972,28.9465],[119.8987,28.9473],[119.898,28.949],[119.8992,28.9506],[119.9002,28.9508],[119.903,28.9477],[119.9032,28.9495],[119.9043,28.9506],[119.9063,28.9505],[119.9087,28.9509],[119.9104,28.9524],[119.912,28.9521],[119.915,28.9524],[119.9163,28.9535],[119.9171,28.9535],[119.9179,28.9547],[119.9198,28.9546],[119.9208,28.9568],[119.9204,28.9581],[119.9214,28.959],[119.9213,28.9603],[119.9197,28.9609],[119.9185,28.9607],[119.918,28.9622],[119.9207,28.9613],[119.921,28.965],[119.9225,28.9644],[119.9237,28.9657],[119.923,28.9679],[119.9253,28.9678],[119.9249,28.9694],[119.924,28.9704],[119.9245,28.9713],[119.9234,28.9735],[119.925,28.9742],[119.9281,28.9773],[119.9262,28.9786],[119.926,28.9797],[119.9285,28.9795],[119.9293,28.9785],[119.9283,28.9777],[119.9304,28.9747],[119.9318,28.9734],[119.9318,28.972],[119.9338,28.9726],[119.9343,28.9741],[119.9352,28.9748],[119.9366,28.9747],[119.9373,28.976],[119.9365,28.9779],[119.9373,28.9795],[119.9371,28.9809],[119.9362,28.9816],[119.9364,28.9826],[119.934,28.9827],[119.9328,28.9833],[119.9335,28.9848],[119.9344,28.9853],[119.9336,28.9866],[119.9325,28.985],[119.932,28.9822],[119.9297,28.981],[119.9279,28.9811],[119.928,28.9799],[119.9255,28.9811],[119.9245,28.9835],[119.9248,28.9858],[119.9243,28.9869],[119.9259,28.9882],[119.9263,28.9901],[119.9248,28.9909],[119.9231,28.9931],[119.9232,28.9951],[119.9245,28.9971],[119.9216,29.0004],[119.9209,29.0016],[119.9193,29.0009],[119.9194,29.0033],[119.9181,29.0032],[119.9177,29.0012],[119.9148,29.0005],[119.9138,29.001],[119.9105,29.0006],[119.9085,29.0021],[119.908,29.0038],[119.9048,29.0038],[119.9051,29.0023],[119.9074,29.0022],[119.9076,29.0008],[119.9057,28.9995],[119.9055,28.9981],[119.9041,28.996],[119.9014,28.9974],[119.8996,28.9961],[119.8987,28.9975],[119.8976,28.9963],[119.8962,28.9955],[119.8956,28.9929],[119.8942,28.9941],[119.8942,28.995],[119.8924,28.995],[119.8909,28.9956],[119.8921,28.9974],[119.8907,28.9984],[119.8907,29],[119.89,29.0008],[119.8915,29.0037],[119.8923,29.0047],[119.8915,29.0053],[119.8936,29.0078],[119.8951,29.0091],[119.8943,29.0103],[119.8939,29.0122],[119.8925,29.0123],[119.8913,29.0136],[119.8913,29.0144],[119.8935,29.0143],[119.8922,29.0163],[119.8935,29.0175],[119.8939,29.0192],[119.8934,29.0204],[119.8945,29.022],[119.8918,29.0231],[119.8935,29.0237],[119.8954,29.0229],[119.8981,29.0237],[119.9,29.0268],[119.9012,29.028],[119.9002,29.0291],[119.9,29.0303],[119.9017,29.0331],[119.902,29.0349],[119.9008,29.0362],[119.9011,29.0375],[119.9037,29.0365],[119.9036,29.039],[119.9045,29.0406],[119.9064,29.0416],[119.9059,29.0427],[119.9088,29.0434],[119.908,29.0443],[119.9051,29.0428],[119.9049,29.0442],[119.9038,29.0453],[119.904,29.0474],[119.9017,29.0491],[119.8962,29.0502],[119.8942,29.0493],[119.8928,29.0493],[119.8919,29.0503],[119.892,29.0518],[119.8907,29.0529],[119.8916,29.0541],[119.8883,29.0562],[119.8867,29.055],[119.8869,29.0539],[119.8859,29.0534],[119.885,29.0515],[119.8834,29.0524],[119.8835,29.0543],[119.881,29.0555],[119.8794,29.055],[119.8787,29.054],[119.8755,29.0517],[119.8745,29.0499],[119.8709,29.0458],[119.8696,29.0457],[119.8679,29.0424],[119.8662,29.0413],[119.8658,29.0389],[119.8634,29.0365],[119.86,29.0356],[119.8591,29.035],[119.8574,29.035],[119.8558,29.0333],[119.8567,29.0315],[119.8561,29.0309],[119.8548,29.0317],[119.8524,29.0303],[119.8511,29.0311],[119.8507,29.0322],[119.8514,29.0331],[119.8498,29.0342],[119.8491,29.0332],[119.8473,29.0316],[119.8457,29.0299],[119.8444,29.0317],[119.8438,29.0312],[119.8399,29.0299],[119.839,29.0293],[119.8397,29.0281],[119.839,29.027],[119.8377,29.0269],[119.8363,29.0243],[119.8342,29.0231],[119.8343,29.0216],[119.8335,29.0198],[119.8314,29.017],[119.83,29.0158],[119.8312,29.0145],[119.8305,29.0128],[119.8305,29.0113],[119.8288,29.0097],[119.8269,29.0091],[119.8239,29.0097],[119.821,29.0092],[119.8197,29.0095],[119.817,29.0092],[119.815,29.01],[119.8115,29.0096],[119.8074,29.0112],[119.8068,29.0129],[119.8038,29.0126],[119.803,29.0117],[119.8019,29.0127],[119.8008,29.0126],[119.7997,29.0116],[119.7953,29.0113],[119.7934,29.0101],[119.7926,29.0106],[119.789,29.0104],[119.7873,29.011],[119.7864,29.0101],[119.7863,29.0082],[119.7852,29.0059],[119.7836,29.007],[119.7822,29.0066],[119.7797,29.0071],[119.7782,29.007],[119.7767,29.0058],[119.7746,29.006],[119.7737,29.0044],[119.7759,29.0041],[119.7741,29.0026],[119.7731,29.0007],[119.7723,29.0004],[119.7713,29.0014],[119.7692,28.9995],[119.7666,28.998],[119.7656,28.9963],[119.7605,28.9942],[119.756,28.9908],[119.7545,28.9903],[119.7525,28.9903],[119.7517,28.9917],[119.7501,28.993],[119.7489,28.9923],[119.7463,28.9916],[119.744,28.9914],[119.742,28.9904],[119.7428,28.9886],[119.7423,28.9868],[119.7444,28.9848],[119.7444,28.9837],[119.7433,28.9819],[119.7409,28.9801],[119.7365,28.9796],[119.7358,28.9803],[119.7342,28.9805],[119.7323,28.9794],[119.732,28.9779],[119.7298,28.979],[119.7293,28.9759],[119.7297,28.9743],[119.7296,28.9727],[119.7276,28.9723],[119.7263,28.97],[119.7261,28.9684],[119.7283,28.9669],[119.7289,28.9657],[119.7285,28.9621],[119.7274,28.9599],[119.7253,28.9565],[119.7235,28.9559],[119.7219,28.9558],[119.7215,28.9548],[119.7183,28.9531],[119.718,28.9523],[119.715,28.9514],[119.7137,28.9498],[119.7133,28.9488],[119.7144,28.9482],[119.715,28.9456],[119.7165,28.9442],[119.7183,28.9461],[119.7193,28.9446],[119.7181,28.9445],[119.7185,28.9425],[119.7172,28.9421],[119.7161,28.9402],[119.7141,28.9382],[119.7121,28.9396],[119.7106,28.9385],[119.7085,28.9376],[119.7047,28.9391],[119.7037,28.9389],[119.7018,28.9377],[119.6999,28.9379],[119.6968,28.937],[119.6979,28.9353],[119.7009,28.9354],[119.7019,28.9344],[119.7027,28.9317],[119.7023,28.9306],[119.7036,28.9283],[119.7027,28.9278],[119.7003,28.9276],[119.7006,28.9298],[119.6997,28.9308],[119.6964,28.9303],[119.6946,28.9292],[119.694,28.928],[119.6918,28.9286],[119.6901,28.9285],[119.6895,28.9313],[119.6904,28.9344],[119.6943,28.9358],[119.6961,28.9366],[119.694,28.9375],[119.6911,28.9377],[119.6917,28.9353],[119.6893,28.9339],[119.6877,28.9338],[119.6872,28.9358],[119.6864,28.9375],[119.6835,28.9367],[119.6825,28.9375],[119.6809,28.937],[119.6805,28.9361],[119.6804,28.934],[119.6779,28.9314],[119.6781,28.9303],[119.6793,28.9289],[119.6786,28.927],[119.6782,28.9233],[119.6788,28.9216],[119.6765,28.9214],[119.6764,28.9229],[119.6748,28.9241],[119.6736,28.9221],[119.6735,28.9207],[119.6698,28.9223],[119.6675,28.9201],[119.6669,28.9213],[119.6654,28.9208],[119.6629,28.9224],[119.6615,28.9223],[119.6578,28.9208],[119.6547,28.9223],[119.6518,28.9214],[119.65,28.9224],[119.6466,28.9216],[119.6488,28.9182],[119.6497,28.9174],[119.6485,28.9167],[119.6475,28.9185],[119.6459,28.9188],[119.6459,28.9176],[119.6447,28.9163],[119.6478,28.9156],[119.6461,28.9114],[119.6469,28.9097],[119.6448,28.9083],[119.6468,28.9074],[119.6464,28.9049],[119.6474,28.9034],[119.6481,28.9013],[119.645,28.9016],[119.6465,28.9],[119.6463,28.8978],[119.6487,28.8984],[119.6496,28.8976],[119.6509,28.8951],[119.6502,28.8941],[119.6472,28.8954],[119.6468,28.8943],[119.6475,28.8919],[119.6449,28.8915],[119.6435,28.892],[119.6423,28.8917],[119.6416,28.8904],[119.642,28.889],[119.6413,28.8865],[119.6405,28.8853],[119.6383,28.8838],[119.6362,28.8828],[119.6342,28.8822],[119.6331,28.8799],[119.6309,28.878],[119.6312,28.8768],[119.6324,28.8763],[119.6329,28.8749],[119.6313,28.8731],[119.6317,28.8711],[119.6309,28.8691],[119.63,28.8681],[119.6274,28.8665],[119.6246,28.8652],[119.6234,28.8672],[119.6219,28.8687],[119.6189,28.8675],[119.6169,28.8684],[119.6168,28.8703],[119.6196,28.8715],[119.6194,28.8724],[119.6173,28.8721],[119.6144,28.8735],[119.6113,28.8746],[119.6113,28.8736],[119.6096,28.8715],[119.6068,28.8703],[119.6064,28.8693],[119.6039,28.8669],[119.6053,28.8662],[119.6065,28.8649],[119.607,28.8627],[119.603,28.86],[119.6036,28.8577],[119.6019,28.856],[119.6012,28.8545],[119.5999,28.8531],[119.5988,28.8508],[119.6002,28.8485],[119.5979,28.8474],[119.5976,28.8455],[119.5962,28.8469],[119.5947,28.8464],[119.5954,28.8448],[119.5961,28.8449],[119.5971,28.8423],[119.5954,28.8423],[119.595,28.8401],[119.5923,28.8415],[119.592,28.8404],[119.5939,28.8375],[119.5937,28.8364],[119.5917,28.8394],[119.5888,28.8395],[119.5882,28.841],[119.5884,28.842],[119.5871,28.8436],[119.5841,28.8437],[119.5836,28.8449],[119.5821,28.8446],[119.5813,28.8467],[119.582,28.8483],[119.5795,28.8482],[119.5784,28.8507],[119.5768,28.85],[119.5739,28.8519],[119.5735,28.8539],[119.5727,28.8545],[119.5717,28.8531],[119.5723,28.8517],[119.5677,28.8494],[119.5658,28.8493],[119.5647,28.8478],[119.5672,28.8467],[119.5689,28.8451],[119.567,28.8445],[119.5671,28.8422],[119.5654,28.8411],[119.5641,28.8417],[119.5631,28.8433],[119.5612,28.8426],[119.5593,28.8424],[119.5569,28.8407],[119.5567,28.8395],[119.5553,28.8379],[119.5552,28.8371],[119.5523,28.8349],[119.5501,28.8341],[119.5527,28.8321],[119.5535,28.8309],[119.5528,28.8303],[119.5506,28.8324],[119.5491,28.8308],[119.5504,28.8287],[119.5499,28.8269],[119.5532,28.8262],[119.553,28.8292],[119.5556,28.8275],[119.5567,28.8274],[119.5577,28.8292],[119.559,28.8285],[119.559,28.8272],[119.5575,28.826],[119.5574,28.8243],[119.5557,28.8226],[119.5541,28.8223],[119.5522,28.8199],[119.554,28.8193],[119.5528,28.8185],[119.5549,28.8167],[119.553,28.8156],[119.5499,28.8162],[119.548,28.8171],[119.5471,28.8167],[119.5464,28.8154],[119.5474,28.814],[119.551,28.8147],[119.5513,28.814],[119.5478,28.8122],[119.5478,28.8113],[119.5499,28.8103],[119.5524,28.8075],[119.5494,28.8052],[119.5497,28.8036],[119.5482,28.7998],[119.5468,28.7975],[119.5435,28.7946],[119.5417,28.7948],[119.5383,28.7919],[119.5372,28.7922],[119.5346,28.7937],[119.5345,28.7917],[119.5331,28.7929],[119.535,28.7944],[119.5363,28.7962],[119.5356,28.7977],[119.5337,28.7961],[119.5317,28.7951],[119.5297,28.7962],[119.5268,28.7964],[119.5257,28.7947],[119.5263,28.7937],[119.5255,28.7924],[119.5265,28.79],[119.525,28.7888],[119.5214,28.7885],[119.5215,28.7863],[119.5207,28.7844],[119.5194,28.7855],[119.518,28.7843],[119.5183,28.783],[119.5173,28.7818],[119.5161,28.7818],[119.5164,28.7804],[119.516,28.7785],[119.5138,28.7773],[119.5107,28.7774],[119.5099,28.7783],[119.5081,28.7773],[119.5082,28.7751],[119.5076,28.7728],[119.5066,28.7726],[119.5049,28.7711],[119.5041,28.7698],[119.5016,28.7676],[119.5004,28.7672],[119.5018,28.7659],[119.5039,28.7656],[119.5068,28.7634],[119.5053,28.7623],[119.5045,28.7635],[119.5034,28.7629],[119.5007,28.7634],[119.5019,28.7643],[119.4992,28.7655],[119.5001,28.7615],[119.4996,28.7603],[119.4963,28.7579],[119.4972,28.757],[119.496,28.7548],[119.4965,28.754],[119.4935,28.7525],[119.4916,28.7519],[119.4909,28.7501],[119.492,28.7485],[119.4909,28.7461],[119.4923,28.744],[119.4943,28.7442],[119.497,28.7428],[119.4967,28.7419],[119.4951,28.7422],[119.4943,28.7409],[119.4891,28.74],[119.4877,28.736],[119.4873,28.734],[119.4876,28.7326],[119.4857,28.7322],[119.4852,28.733],[119.4834,28.7334],[119.4827,28.7347],[119.4813,28.7358],[119.4787,28.7388],[119.4785,28.7411],[119.4747,28.7429],[119.4711,28.7431],[119.4684,28.7429],[119.4653,28.7435]]]},"properties":{"region_code":"CN-33-3307-330723","parent_region_code":"CN-33-3307","name":"武义县","level":"county","has_children":false,"full_path":"中国 / 浙江省 / 金华市 / 武义县","source_admin_code":"330723","osm_relation_id":3411907}},
{"type":"Feature","geometry":{"type":"Polygon","coordinates":[[[120.101,29.4906],[120.1005,29.4918],[120.1022,29.4937],[120.1024,29.4952],[120.1044,29.4953],[120.1042,29.4969],[120.1059,29.4986],[120.106,29.4998],[120.1053,29.5006],[120.1034,29.5011],[120.1046,29.5029],[120.1047,29.5042],[120.1026,29.505],[120.1006,29.5078],[120.1002,29.5092],[120.0987,29.5093],[120.0976,29.5085],[120.0965,29.5095],[120.0948,29.5096],[120.0925,29.507],[120.0915,29.5075],[120.0891,29.5035],[120.0877,29.5017],[120.0859,29.5027],[120.0825,29.5033],[120.0805,29.505],[120.0785,29.5053],[120.0771,29.5048],[120.0755,29.5074],[120.0731,29.5067],[120.0721,29.5074],[120.0733,29.5094],[120.0729,29.5103],[120.0713,29.5115],[120.0722,29.5123],[120.0703,29.5139],[120.0688,29.514],[120.0682,29.5148],[120.0689,29.5163],[120.0702,29.5167],[120.0741,29.5188],[120.0751,29.5186],[120.0756,29.5171],[120.0789,29.5174],[120.0804,29.5172],[120.0808,29.5162],[120.0822,29.5169],[120.0826,29.5185],[120.0815,29.5247],[120.0835,29.5263],[120.0837,29.5306],[120.0852,29.5322],[120.0859,29.5335],[120.088,29.5354],[120.0872,29.5371],[120.0857,29.5364],[120.0837,29.539],[120.0812,29.5386],[120.0795,29.5387],[120.0786,29.5401],[120.0774,29.5393],[120.0738,29.5402],[120.0731,29.5392],[120.0693,29.5374],[120.0681,29.5398],[120.0661,29.5408],[120.0621,29.5436],[120.059,29.5439],[120.0576,29.5449],[120.0551,29.5451],[120.0535,29.5458],[120.0525,29.5439],[120.0519,29.5443],[120.0511,29.5468],[120.0523,29.5485],[120.0505,29.55],[120.0466,29.5516],[120.0466,29.5524],[120.0479,29.5539],[120.0478,29.5561],[120.0487,29.5573],[120.0505,29.5607],[120.0484,29.5623],[120.0462,29.5628],[120.0452,29.5623],[120.0426,29.5633],[120.0424,29.5643],[120.0403,29.566],[120.0383,29.5686],[120.0385,29.573],[120.0375,29.5736],[120.0357,29.573],[120.0348,29.5734],[120.0338,29.5722],[120.0313,29.5709],[120.0292,29.5693],[120.0271,29.5689],[120.0261,29.5682],[120.0243,29.5695],[120.0238,29.5705],[120.0225,29.57],[120.0207,29.5719],[120.0183,29.5712],[120.0145,29.5728],[120.0114,29.5726],[120.0099,29.5737],[120.0094,29.5748],[120.0078,29.5753],[120.0062,29.5751],[120.0009,29.577],[120.0011,29.5788],[120.0017,29.5793],[120.0028,29.5822],[120.0025,29.5854],[120.0041,29.5876],[120.0042,29.5885],[120.0033,29.5896],[120.0024,29.5925],[120.0008,29.5929],[120.0009,29.5938],[120.0023,29.596],[120.0017,29.597],[120.0036,29.6],[120.0049,29.6005],[120.0059,29.6056],[120.0072,29.6071],[120.0081,29.6093],[120.0103,29.6105],[120.0116,29.6102],[120.0118,29.6134],[120.0125,29.6153],[120.0121,29.617],[120.0129,29.6184],[120.0127,29.6202],[120.0148,29.6207],[120.0175,29.6218],[120.0213,29.6223],[120.0224,29.6219],[120.0239,29.6227],[120.0254,29.6201],[120.0296,29.6197],[120.0308,29.6218],[120.0324,29.6227],[120.033,29.6216],[120.0346,29.623],[120.0363,29.6219],[120.0373,29.6228],[120.0381,29.6254],[120.0395,29.6261],[120.0407,29.6294],[120.0395,29.6343],[120.0385,29.6353],[120.0367,29.6361],[120.0349,29.6362],[120.0335,29.6376],[120.0316,29.6379],[120.0304,29.6386],[120.0284,29.639],[120.0271,29.6409],[120.0262,29.6413],[120.0263,29.6431],[120.0253,29.6442],[120.023,29.6453],[120.0223,29.647],[120.0213,29.6473],[120.0197,29.6469],[120.0191,29.6484],[120.02,29.6511],[120.0245,29.6515],[120.0285,29.6536],[120.03,29.6565],[120.0322,29.6573],[120.0334,29.6567],[120.0353,29.6582],[120.0353,29.6597],[120.0344,29.6611],[120.0329,29.6614],[120.0321,29.6624],[120.0321,29.6644],[120.0308,29.6651],[120.0299,29.6662],[120.0279,29.6679],[120.028,29.6693],[120.0297,29.6707],[120.0277,29.6725],[120.0271,29.6707],[120.0253,29.6716],[120.0248,29.6704],[120.0255,29.6691],[120.0258,29.6668],[120.0265,29.6659],[120.0257,29.6647],[120.0257,29.6613],[120.0251,29.6604],[120.0248,29.6587],[120.0253,29.657],[120.0233,29.6551],[120.0208,29.6549],[120.0188,29.6519],[120.017,29.6506],[120.0148,29.6505],[120.014,29.6512],[120.0113,29.6513],[120.0095,29.6525],[120.0073,29.6523],[120.0048,29.6537],[120.005,29.6544],[120.0034,29.6552],[120.0019,29.6565],[120.0005,29.6566],[119.9994,29.6581],[119.9968,29.6578],[119.9954,29.6585],[119.9933,29.6579],[119.9911,29.6582],[119.9887,29.6574],[119.9875,29.6582],[119.9853,29.6585],[119.9856,29.6606],[119.9855,29.6622],[119.9846,29.6641],[119.9807,29.6672],[119.9766,29.6692],[119.9764,29.6699],[119.9736,29.6715],[119.9723,29.6731],[119.9682,29.6741],[119.9672,29.6751],[119.968,29.6767],[119.9677,29.6779],[119.9665,29.679],[119.9643,29.6784],[119.9634,29.6768],[119.9657,29.6758],[119.9666,29.6749],[119.9651,29.673],[119.9615,29.6742],[119.9595,29.6744],[119.9574,29.6753],[119.956,29.6753],[119.9547,29.6762],[119.9549,29.6786],[119.9531,29.6807],[119.9512,29.6823],[119.9505,29.6817],[119.9491,29.6795],[119.9463,29.6787],[119.9453,29.6796],[119.9468,29.6812],[119.9462,29.6834],[119.9438,29.6819],[119.9414,29.6841],[119.9358,29.6805],[119.9325,29.6805],[119.9305,29.6797],[119.93,29.6778],[119.9287,29.6779],[119.9262,29.6772],[119.9241,29.6758],[119.9245,29.6745],[119.9229,29.6719],[119.9217,29.6718],[119.9236,29.675],[119.9223,29.6755],[119.922,29.6744],[119.9191,29.6728],[119.9177,29.6711],[119.917,29.6688],[119.9168,29.667],[119.9145,29.6676],[119.9114,29.6674],[119.9083,29.6694],[119.9058,29.6678],[119.9056,29.666],[119.9037,29.6663],[119.9018,29.6662],[119.9001,29.6644],[119.8974,29.665],[119.8964,29.6649],[119.8933,29.6634],[119.8895,29.664],[119.8874,29.6653],[119.8846,29.6641],[119.8826,29.6653],[119.8822,29.6682],[119.8849,29.6723],[119.8859,29.6757],[119.8884,29.6788],[119.8858,29.6796],[119.8848,29.6783],[119.8829,29.6768],[119.8795,29.6759],[119.8796,29.6736],[119.8786,29.673],[119.8778,29.6714],[119.8766,29.6703],[119.8736,29.6708],[119.8708,29.6715],[119.8697,29.6721],[119.8677,29.6711],[119.8652,29.6728],[119.8619,29.6731],[119.8605,29.6723],[119.8579,29.6722],[119.8553,29.674],[119.8532,29.6735],[119.852,29.6739],[119.8503,29.6728],[119.8494,29.6714],[119.8477,29.6718],[119.8449,29.6732],[119.8434,29.6749],[119.8405,29.6753],[119.8391,29.6763],[119.8368,29.6792],[119.8349,29.6793],[119.8342,29.6788],[119.832,29.6808],[119.829,29.6829],[119.8269,29.6805],[119.8224,29.6763],[119.8209,29.6754],[119.82,29.6743],[119.8156,29.674],[119.8133,29.6762],[119.8124,29.6752],[119.8104,29.6747],[119.8096,29.6734],[119.808,29.6725],[119.8068,29.6701],[119.8034,29.6674],[119.8006,29.6678],[119.7981,29.6665],[119.7979,29.6646],[119.7949,29.6632],[119.7939,29.6612],[119.7936,29.6597],[119.7927,29.6588],[119.7903,29.6588],[119.789,29.6595],[119.7862,29.658],[119.7861,29.656],[119.7848,29.6556],[119.782,29.6555],[119.7804,29.6572],[119.7777,29.6565],[119.7766,29.6549],[119.7741,29.6529],[119.773,29.6526],[119.7736,29.6512],[119.773,29.6501],[119.7738,29.6481],[119.7726,29.6472],[119.7705,29.6444],[119.7729,29.6424],[119.7721,29.6409],[119.7711,29.6409],[119.77,29.6395],[119.7677,29.6383],[119.7666,29.637],[119.7656,29.6345],[119.7635,29.6334],[119.7639,29.6316],[119.7633,29.6282],[119.7648,29.6246],[119.7672,29.6241],[119.7693,29.6241],[119.7705,29.6235],[119.772,29.6213],[119.7731,29.6203],[119.7744,29.62],[119.7752,29.6189],[119.7746,29.6149],[119.7753,29.6124],[119.774,29.6127],[119.7729,29.6112],[119.7741,29.6096],[119.7726,29.6095],[119.7718,29.6088],[119.7679,29.6083],[119.7673,29.6064],[119.7662,29.6044],[119.7657,29.6025],[119.7661,29.6003],[119.7636,29.5997],[119.7597,29.6],[119.7613,29.6017],[119.7633,29.6048],[119.7634,29.6059],[119.7649,29.608],[119.7634,29.6104],[119.7619,29.6115],[119.7602,29.6107],[119.7593,29.6086],[119.7594,29.605],[119.7579,29.6067],[119.7569,29.6092],[119.7547,29.6063],[119.7557,29.6005],[119.7572,29.6006],[119.7577,29.5993],[119.7574,29.5976],[119.7567,29.5964],[119.759,29.5961],[119.761,29.5964],[119.7612,29.5954],[119.7624,29.5949],[119.7624,29.5935],[119.7616,29.5926],[119.7606,29.5898],[119.7606,29.5884],[119.762,29.5867],[119.7632,29.5859],[119.7638,29.5847],[119.7651,29.5838],[119.764,29.583],[119.7638,29.5815],[119.7617,29.5815],[119.7612,29.581],[119.7571,29.581],[119.7556,29.5815],[119.7525,29.5811],[119.7519,29.5798],[119.7496,29.5787],[119.7493,29.5778],[119.7465,29.5761],[119.7487,29.573],[119.7505,29.5714],[119.7516,29.5708],[119.7491,29.5688],[119.747,29.5668],[119.7503,29.5657],[119.7502,29.5643],[119.7535,29.5638],[119.7561,29.5641],[119.7569,29.5651],[119.7569,29.5675],[119.7582,29.5677],[119.7606,29.5645],[119.7615,29.5612],[119.7601,29.5598],[119.7599,29.5576],[119.7584,29.5577],[119.7566,29.5591],[119.7571,29.5602],[119.7573,29.5625],[119.7548,29.5623],[119.7544,29.5618],[119.7506,29.5609],[119.75,29.5616],[119.7478,29.5617],[119.7467,29.5626],[119.7465,29.5639],[119.7447,29.5637],[119.7425,29.5612],[119.7422,29.5594],[119.7402,29.5598],[119.7397,29.5587],[119.7398,29.5558],[119.7396,29.5544],[119.7364,29.5548],[119.7342,29.5544],[119.7326,29.5531],[119.7292,29.5524],[119.7267,29.5514],[119.7238,29.5531],[119.7231,29.555],[119.7209,29.5555],[119.7189,29.5551],[119.7213,29.5535],[119.7209,29.5527],[119.7244,29.5497],[119.7241,29.549],[119.7223,29.5487],[119.7211,29.5495],[119.7189,29.552],[119.715,29.5525],[119.7148,29.554],[119.7125,29.554],[119.7126,29.5529],[119.7136,29.5518],[119.7132,29.551],[119.7161,29.5498],[119.7183,29.5479],[119.7185,29.5464],[119.7147,29.5442],[119.7145,29.5433],[119.7126,29.5436],[119.7128,29.5419],[119.714,29.5395],[119.7159,29.539],[119.7177,29.5393],[119.7174,29.5381],[119.716,29.536],[119.7188,29.5369],[119.719,29.5389],[119.7208,29.5387],[119.7215,29.5406],[119.7231,29.5394],[119.7233,29.5385],[119.7221,29.5376],[119.7236,29.5366],[119.7221,29.5352],[119.7243,29.5349],[119.7256,29.5338],[119.7246,29.5319],[119.725,29.5276],[119.7259,29.5264],[119.7273,29.526],[119.727,29.5248],[119.7291,29.525],[119.7298,29.524],[119.7293,29.5231],[119.7295,29.5208],[119.7274,29.5195],[119.7273,29.5213],[119.7261,29.5232],[119.7237,29.5211],[119.7226,29.5191],[119.7206,29.5207],[119.7191,29.5193],[119.7192,29.5215],[119.7201,29.5241],[119.7195,29.5243],[119.7171,29.5218],[119.7157,29.52],[119.713,29.521],[119.7121,29.5207],[119.7118,29.5228],[119.711,29.5234],[119.7093,29.5228],[119.709,29.5213],[119.708,29.5202],[119.7105,29.5192],[119.7113,29.5182],[119.7157,29.5187],[119.7214,29.516],[119.7227,29.5141],[119.7224,29.5119],[119.7202,29.5105],[119.7202,29.5096],[119.7156,29.508],[119.714,29.5078],[119.7132,29.5091],[119.7104,29.5096],[119.7091,29.5071],[119.7112,29.507],[119.7116,29.506],[119.7138,29.506],[119.7141,29.5049],[119.7132,29.503],[119.7108,29.5015],[119.7124,29.5006],[119.7132,29.4995],[119.7102,29.4969],[119.7115,29.4962],[119.7124,29.495],[119.7115,29.4945],[119.7108,29.4928],[119.7096,29.492],[119.7106,29.4899],[119.7088,29.4893],[119.7087,29.4878],[119.7069,29.4886],[119.7071,29.4894],[119.7064,29.4913],[119.7082,29.4939],[119.7066,29.4934],[119.7055,29.4935],[119.7052,29.4946],[119.7058,29.4961],[119.7046,29.4976],[119.7034,29.4981],[119.7018,29.497],[119.6996,29.4964],[119.7007,29.4951],[119.6986,29.4926],[119.6978,29.4912],[119.6985,29.4893],[119.6975,29.4886],[119.6977,29.4865],[119.6986,29.486],[119.7002,29.487],[119.7012,29.4854],[119.7002,29.4845],[119.6997,29.4814],[119.7027,29.4802],[119.7035,29.4789],[119.7022,29.4783],[119.7033,29.4731],[119.7012,29.4715],[119.703,29.4703],[119.7036,29.4689],[119.7028,29.4669],[119.7039,29.4655],[119.7039,29.4644],[119.705,29.4641],[119.7058,29.4606],[119.7078,29.4596],[119.7099,29.4592],[119.7107,29.4577],[119.7122,29.456],[119.7139,29.4561],[119.7141,29.455],[119.7155,29.4539],[119.7159,29.4556],[119.7183,29.4564],[119.7214,29.456],[119.7222,29.4551],[119.7232,29.4525],[119.7245,29.4545],[119.7275,29.4552],[119.7288,29.4535],[119.7284,29.4524],[119.7301,29.4501],[119.7324,29.449],[119.7324,29.4461],[119.7316,29.4448],[119.7295,29.4441],[119.7295,29.4427],[119.732,29.4429],[119.7352,29.4425],[119.7356,29.4421],[119.7346,29.4391],[119.738,29.4378],[119.7384,29.436],[119.7398,29.4366],[119.7403,29.4333],[119.7432,29.4327],[119.7445,29.4328],[119.7455,29.432],[119.7448,29.43],[119.7458,29.4273],[119.7456,29.4263],[119.7439,29.4267],[119.7429,29.4249],[119.7444,29.424],[119.7463,29.4238],[119.7455,29.421],[119.7461,29.4209],[119.7479,29.4237],[119.7509,29.4195],[119.7517,29.4196],[119.7573,29.4159],[119.7569,29.4145],[119.7584,29.4144],[119.7597,29.4105],[119.7592,29.4093],[119.7596,29.4069],[119.7617,29.4053],[119.7614,29.4046],[119.7643,29.4038],[119.7654,29.4022],[119.767,29.4013],[119.7687,29.4012],[119.77,29.3989],[119.774,29.4002],[119.7756,29.4002],[119.7772,29.401],[119.7794,29.4012],[119.7798,29.4033],[119.7827,29.4041],[119.7837,29.4037],[119.7869,29.4012],[119.7906,29.3996],[119.7956,29.3989],[119.7974,29.3968],[119.7971,29.3949],[119.7982,29.3932],[119.8035,29.3926],[119.8035,29.3918],[119.8014,29.3919],[119.8008,29.3908],[119.805,29.3919],[119.8058,29.3912],[119.8071,29.392],[119.8056,29.3933],[119.8063,29.3957],[119.8072,29.3946],[119.8083,29.3945],[119.809,29.396],[119.8112,29.3986],[119.8109,29.4],[119.8128,29.4029],[119.8142,29.4042],[119.812,29.4068],[119.8121,29.4077],[119.8138,29.4087],[119.8158,29.409],[119.8161,29.4114],[119.8179,29.4114],[119.8195,29.4107],[119.821,29.4107],[119.8218,29.41],[119.8229,29.4119],[119.8255,29.4107],[119.8265,29.4123],[119.8293,29.4117],[119.8296,29.4132],[119.8317,29.4154],[119.8337,29.4166],[119.8357,29.4161],[119.8358,29.4177],[119.8375,29.4182],[119.8394,29.416],[119.8416,29.4158],[119.8431,29.417],[119.8457,29.4166],[119.8482,29.4151],[119.8494,29.4134],[119.8527,29.4132],[119.8539,29.412],[119.8568,29.4116],[119.8589,29.4104],[119.8591,29.4089],[119.8578,29.4078],[119.86,29.404],[119.8615,29.4068],[119.8626,29.4056],[119.8636,29.406],[119.8676,29.4069],[119.8674,29.4057],[119.8694,29.4062],[119.8717,29.4056],[119.8708,29.4077],[119.8712,29.4098],[119.8733,29.4095],[119.8745,29.4081],[119.8744,29.4068],[119.8771,29.4069],[119.8797,29.4059],[119.8804,29.4051],[119.879,29.404],[119.8777,29.4044],[119.8772,29.4033],[119.8781,29.4028],[119.8774,29.401],[119.879,29.3993],[119.8788,29.3985],[119.877,29.3972],[119.8753,29.3993],[119.8728,29.3992],[119.8744,29.3965],[119.8752,29.3969],[119.8776,29.3949],[119.877,29.394],[119.8756,29.3953],[119.8747,29.3944],[119.8757,29.3928],[119.8741,29.391],[119.8738,29.3899],[119.8725,29.3891],[119.87,29.3905],[119.8711,29.3883],[119.8709,29.3872],[119.8716,29.386],[119.8736,29.3852],[119.8761,29.3861],[119.8779,29.3862],[119.881,29.387],[119.8822,29.3877],[119.8841,29.3872],[119.8855,29.384],[119.8872,29.3837],[119.8888,29.3826],[119.8901,29.3809],[119.8903,29.3793],[119.8892,29.3782],[119.8891,29.3758],[119.8902,29.3744],[119.8877,29.3727],[119.8863,29.3721],[119.887,29.3689],[119.8884,29.3647],[119.8904,29.3651],[119.8916,29.3658],[119.8918,29.3674],[119.8939,29.3715],[119.8959,29.3722],[119.8977,29.3709],[119.8983,29.3723],[119.9007,29.3718],[119.9027,29.3718],[119.9042,29.3733],[119.9051,29.3729],[119.9049,29.3705],[119.9024,29.3717],[119.9013,29.3714],[119.9004,29.3702],[119.9031,29.3702],[119.9021,29.3691],[119.9056,29.3675],[119.9078,29.3673],[119.909,29.3686],[119.9098,29.3688],[119.9102,29.3671],[119.9139,29.3661],[119.9123,29.3634],[119.9154,29.3618],[119.9162,29.3631],[119.9175,29.3623],[119.9169,29.3578],[119.9192,29.3583],[119.9186,29.3596],[119.9191,29.3616],[119.9216,29.3614],[119.9222,29.3638],[119.9198,29.3652],[119.9192,29.3675],[119.9216,29.3664],[119.9218,29.368],[119.9233,29.3688],[119.9236,29.3699],[119.9259,29.3693],[119.9275,29.3706],[119.9281,29.3717],[119.9255,29.3721],[119.9261,29.3736],[119.9281,29.3723],[119.9301,29.3733],[119.9296,29.3746],[119.9273,29.3749],[119.9263,29.3756],[119.9268,29.3768],[119.9288,29.3772],[119.9285,29.3789],[119.9286,29.3817],[119.9307,29.382],[119.932,29.3817],[119.933,29.3822],[119.9353,29.3821],[119.9366,29.3835],[119.9381,29.3832],[119.9391,29.382],[119.9404,29.3817],[119.9429,29.3803],[119.9423,29.3795],[119.9447,29.3778],[119.9455,29.3766],[119.9466,29.3774],[119.9485,29.3759],[119.9496,29.3747],[119.9512,29.3756],[119.9517,29.375],[119.9514,29.3734],[119.9527,29.3714],[119.9544,29.371],[119.955,29.3703],[119.9579,29.3729],[119.9591,29.3723],[119.9563,29.3704],[119.9566,29.3679],[119.9577,29.3668],[119.9587,29.3651],[119.9602,29.3652],[119.9605,29.3665],[119.962,29.367],[119.9633,29.3652],[119.9653,29.3647],[119.9665,29.3656],[119.9674,29.3653],[119.9692,29.3638],[119.9688,29.3625],[119.9676,29.3612],[119.9682,29.3601],[119.9668,29.3585],[119.9679,29.3569],[119.9668,29.355],[119.9672,29.3543],[119.9692,29.3548],[119.9703,29.3538],[119.9714,29.354],[119.9742,29.3572],[119.9744,29.3591],[119.9751,29.3607],[119.9745,29.3634],[119.9739,29.3641],[119.9748,29.3652],[119.9755,29.3672],[119.9772,29.3675],[119.9798,29.3703],[119.9829,29.3698],[119.9842,29.3699],[119.986,29.3709],[119.9877,29.3742],[119.9897,29.3747],[119.9902,29.3775],[119.9922,29.3783],[119.9918,29.3794],[119.992,29.3809],[119.9933,29.3821],[119.9948,29.3817],[119.9961,29.3828],[119.9978,29.3851],[120.0007,29.3861],[120.0026,29.3878],[120.0055,29.3913],[120.007,29.3927],[120.0071,29.395],[120.0112,29.3959],[120.0119,29.398],[120.0137,29.3999],[120.015,29.4009],[120.0156,29.402],[120.0172,29.4035],[120.0181,29.4035],[120.0201,29.4056],[120.0201,29.4071],[120.0216,29.4094],[120.0237,29.4112],[120.0271,29.4127],[120.0287,29.4127],[120.0298,29.4136],[120.0322,29.4138],[120.0349,29.4135],[120.0353,29.4144],[120.0325,29.4144],[120.0325,29.4159],[120.0341,29.4168],[120.0321,29.4178],[120.034,29.4194],[120.0343,29.4219],[120.0353,29.4224],[120.0366,29.4239],[120.0382,29.4246],[120.0397,29.4266],[120.0413,29.4273],[120.041,29.4283],[120.0422,29.4288],[120.0431,29.4302],[120.0461,29.4303],[120.0484,29.4319],[120.0487,29.4329],[120.0514,29.4327],[120.0517,29.4315],[120.0539,29.431],[120.0562,29.431],[120.0568,29.4328],[120.0579,29.4333],[120.0583,29.4352],[120.0595,29.4356],[120.0606,29.4373],[120.0629,29.4371],[120.0638,29.4385],[120.0643,29.4402],[120.0638,29.4429],[120.0654,29.4446],[120.0664,29.4464],[120.0681,29.4464],[120.0691,29.4496],[120.071,29.4509],[120.0707,29.4524],[120.0689,29.4533],[120.0687,29.4551],[120.0694,29.4572],[120.0714,29.4591],[120.0714,29.4611],[120.0705,29.4631],[120.0714,29.4641],[120.0739,29.4641],[120.0741,29.4652],[120.0759,29.4672],[120.0772,29.4693],[120.0785,29.4705],[120.0791,29.4725],[120.0779,29.4738],[120.0785,29.4747],[120.0803,29.4748],[120.0812,29.477],[120.0829,29.4782],[120.0822,29.4792],[120.0816,29.4835],[120.0827,29.4842],[120.0836,29.4832],[120.0855,29.4829],[120.0859,29.4845],[120.0908,29.4854],[120.0915,29.4849],[120.0936,29.485],[120.0948,29.4855],[120.0976,29.4859],[120.0989,29.489],[120.101,29.4906]]]},"properties":{"region_code":"CN-33-3307-330726","parent_region_code":"CN-33-3307","name":"浦江县","level":"county","has_children":false,"full_path":"中国 / 浙江省 / 金华市 / 浦江县","source_admin_code":"330726","osm_relation_id":4483295}},
{"type":"Feature","geometry":{"type":"Polygon","coordinates":[[[120.3035,28.9365],[120.3045,28.9353],[120.3033,28.9336],[120.3029,28.9317],[120.3018,28.9309],[120.3019,28.9288],[120.3025,28.9277],[120.3052,28.9265],[120.3065,28.9246],[120.3076,28.9248],[120.3087,28.9238],[120.3085,28.9218],[120.311,28.9214],[120.3096,28.9198],[120.3079,28.9196],[120.308,28.9181],[120.3105,28.9191],[120.3099,28.9164],[120.3087,28.9156],[120.3071,28.9136],[120.3062,28.9136],[120.3047,28.9117],[120.3045,28.9107],[120.3033,28.9098],[120.3033,28.9084],[120.3043,28.9033],[120.304,28.8998],[120.3033,28.8979],[120.3021,28.8972],[120.3004,28.8969],[120.2986,28.8957],[120.2987,28.895],[120.3007,28.8941],[120.3011,28.895],[120.3032,28.8929],[120.3031,28.8902],[120.3045,28.8919],[120.3075,28.8923],[120.3075,28.8906],[120.3109,28.8896],[120.3127,28.8887],[120.3134,28.8837],[120.3151,28.8832],[120.3143,28.8813],[120.3122,28.881],[120.3119,28.8795],[120.313,28.8786],[120.316,28.8775],[120.3173,28.8773],[120.3174,28.8752],[120.3204,28.8744],[120.3221,28.8732],[120.3249,28.8722],[120.3267,28.8721],[120.3274,28.8712],[120.329,28.8706],[120.3292,28.8693],[120.331,28.8685],[120.3318,28.8667],[120.3313,28.8651],[120.335,28.8625],[120.3375,28.8623],[120.3393,28.8613],[120.343,28.8613],[120.3434,28.8601],[120.3434,28.8559],[120.344,28.8545],[120.3439,28.8531],[120.3454,28.8525],[120.3478,28.8531],[120.3485,28.8502],[120.3513,28.8485],[120.3534,28.8449],[120.3533,28.8424],[120.3547,28.8419],[120.3559,28.8422],[120.3586,28.8414],[120.3607,28.842],[120.3638,28.841],[120.3661,28.8394],[120.3693,28.8367],[120.3714,28.8357],[120.373,28.8364],[120.3741,28.8362],[120.3752,28.8369],[120.3768,28.837],[120.3775,28.8361],[120.3793,28.835],[120.3799,28.8338],[120.3815,28.8327],[120.3844,28.8324],[120.3875,28.8355],[120.388,28.8383],[120.3894,28.8394],[120.3901,28.842],[120.39,28.845],[120.3882,28.8463],[120.3884,28.85],[120.3898,28.851],[120.3917,28.8514],[120.3928,28.8544],[120.3938,28.855],[120.3945,28.857],[120.3966,28.8587],[120.3981,28.8587],[120.4003,28.8571],[120.4006,28.8558],[120.4002,28.8541],[120.4006,28.8526],[120.4003,28.8503],[120.4019,28.8493],[120.4019,28.8483],[120.4058,28.8485],[120.4108,28.8503],[120.4114,28.8514],[120.412,28.8538],[120.4135,28.8546],[120.415,28.8536],[120.4154,28.8524],[120.4166,28.8505],[120.4182,28.8494],[120.4181,28.8454],[120.4188,28.8444],[120.42,28.8412],[120.4203,28.8389],[120.4223,28.8348],[120.4244,28.8349],[120.426,28.8357],[120.4275,28.8383],[120.4286,28.8394],[120.4318,28.841],[120.4325,28.8409],[120.4349,28.8428],[120.4363,28.8431],[120.437,28.8443],[120.439,28.8448],[120.4419,28.8448],[120.4458,28.8453],[120.4482,28.8444],[120.4517,28.8438],[120.4522,28.8435],[120.4552,28.8435],[120.4581,28.8416],[120.4594,28.8427],[120.4617,28.8438],[120.4623,28.8447],[120.4655,28.8444],[120.468,28.8428],[120.4696,28.8427],[120.4699,28.8406],[120.4714,28.8379],[120.4725,28.8369],[120.4721,28.8353],[120.4721,28.8327],[120.4759,28.8311],[120.4765,28.8305],[120.4781,28.833],[120.4792,28.8339],[120.4809,28.836],[120.4794,28.8367],[120.4799,28.8381],[120.478,28.8389],[120.48,28.8414],[120.4837,28.843],[120.4832,28.8451],[120.4817,28.8474],[120.4825,28.8492],[120.4842,28.8489],[120.4868,28.8501],[120.489,28.8508],[120.491,28.8507],[120.4926,28.8499],[120.4944,28.8518],[120.4942,28.8532],[120.4925,28.854],[120.4919,28.855],[120.4918,28.8566],[120.4934,28.8579],[120.4944,28.8571],[120.4957,28.8581],[120.4983,28.8597],[120.4977,28.8606],[120.4958,28.8618],[120.4962,28.8631],[120.495,28.8648],[120.492,28.8669],[120.4904,28.8689],[120.491,28.8702],[120.4905,28.8718],[120.4915,28.8731],[120.493,28.8742],[120.5008,28.8751],[120.5017,28.8762],[120.5045,28.8767],[120.5054,28.8765],[120.5068,28.8781],[120.5068,28.8797],[120.5103,28.8787],[120.5125,28.8784],[120.5113,28.8799],[120.5093,28.8804],[120.5072,28.8814],[120.5076,28.8837],[120.5069,28.8859],[120.5063,28.8866],[120.5067,28.8879],[120.5099,28.8916],[120.5105,28.8939],[120.5143,28.8921],[120.5162,28.8907],[120.5155,28.8902],[120.5136,28.8876],[120.5142,28.8862],[120.5162,28.8855],[120.5188,28.8823],[120.5214,28.882],[120.5249,28.8806],[120.5258,28.8837],[120.5265,28.8833],[120.5283,28.8838],[120.5298,28.8826],[120.53,28.8813],[120.5316,28.8811],[120.5318,28.8795],[120.53,28.8784],[120.528,28.8785],[120.5272,28.8764],[120.5271,28.875],[120.5279,28.8722],[120.5302,28.8727],[120.5296,28.8704],[120.5283,28.8702],[120.5307,28.8685],[120.5326,28.8679],[120.5356,28.8682],[120.5371,28.869],[120.5393,28.8707],[120.5416,28.8711],[120.5418,28.8695],[120.5424,28.8679],[120.544,28.8683],[120.5486,28.865],[120.5504,28.8647],[120.5525,28.8657],[120.5535,28.8649],[120.5546,28.8651],[120.5569,28.8644],[120.5583,28.8649],[120.5603,28.8649],[120.5615,28.8659],[120.563,28.8662],[120.5665,28.8691],[120.5671,28.8704],[120.5685,28.8713],[120.57,28.8713],[120.5736,28.8723],[120.5759,28.8725],[120.5784,28.8742],[120.5793,28.8756],[120.5817,28.8774],[120.5832,28.8796],[120.5836,28.8816],[120.586,28.8842],[120.5876,28.8846],[120.5901,28.887],[120.5929,28.8873],[120.597,28.8896],[120.5985,28.8913],[120.6004,28.8945],[120.6016,28.8943],[120.6029,28.8933],[120.604,28.8942],[120.6061,28.8951],[120.6073,28.8949],[120.6095,28.8956],[120.6101,28.8969],[120.6129,28.8975],[120.6147,28.8995],[120.6196,28.8992],[120.62,28.899],[120.6249,28.8999],[120.6268,28.9005],[120.6301,28.8992],[120.6307,28.8985],[120.6321,28.8993],[120.6345,28.8994],[120.6354,28.9005],[120.634,28.9012],[120.6337,28.9025],[120.6329,28.9029],[120.6338,28.9043],[120.6362,28.9049],[120.638,28.9046],[120.6396,28.903],[120.6419,28.9029],[120.6438,28.9041],[120.6454,28.9044],[120.6448,28.9057],[120.6464,28.9073],[120.6475,28.908],[120.648,28.9092],[120.6491,28.91],[120.6503,28.9101],[120.6531,28.911],[120.6535,28.913],[120.6551,28.9142],[120.6547,28.9159],[120.656,28.9173],[120.6571,28.9175],[120.6603,28.9197],[120.6603,28.924],[120.6609,28.9267],[120.6605,28.9286],[120.6597,28.9302],[120.6587,28.9307],[120.6579,28.9324],[120.6562,28.9342],[120.6561,28.9372],[120.6557,28.9386],[120.6559,28.9411],[120.6568,28.9439],[120.6582,28.9453],[120.66,28.9466],[120.6589,28.9484],[120.6589,28.9492],[120.6602,28.9498],[120.663,28.9504],[120.6643,28.9516],[120.6651,28.9532],[120.666,28.9538],[120.6669,28.9554],[120.667,28.9573],[120.6695,28.9609],[120.6698,28.9622],[120.6696,28.9642],[120.6683,28.9681],[120.6695,28.9716],[120.6683,28.9739],[120.6688,28.9758],[120.6706,28.9776],[120.6728,28.9792],[120.6731,28.9802],[120.6743,28.9805],[120.6762,28.9802],[120.6783,28.9813],[120.6801,28.981],[120.683,28.9813],[120.6834,28.981],[120.6859,28.9829],[120.6879,28.9837],[120.6912,28.9834],[120.6935,28.9826],[120.6927,28.9817],[120.6931,28.98],[120.6926,28.9789],[120.6947,28.9789],[120.6956,28.9757],[120.6983,28.9757],[120.6984,28.9768],[120.7001,28.9789],[120.7011,28.9776],[120.7037,28.9764],[120.7047,28.9752],[120.7068,28.9753],[120.7073,28.9772],[120.7085,28.9771],[120.7113,28.9785],[120.7116,28.9763],[120.7136,28.9768],[120.7151,28.9796],[120.7144,28.9822],[120.7161,28.9831],[120.7171,28.983],[120.7225,28.9839],[120.7232,28.9849],[120.7249,28.9858],[120.7244,28.9878],[120.7246,28.9891],[120.7241,28.9914],[120.722,28.9927],[120.7212,28.9937],[120.7209,28.9956],[120.7195,28.9944],[120.7187,28.9958],[120.7168,28.9982],[120.7179,28.9995],[120.7179,29.0005],[120.7198,29.0022],[120.7188,29.0039],[120.7211,29.005],[120.7205,29.0064],[120.7228,29.0091],[120.7251,29.0098],[120.7253,29.0107],[120.7241,29.0135],[120.7228,29.014],[120.7229,29.0156],[120.7218,29.0168],[120.7196,29.0157],[120.7186,29.013],[120.7161,29.0142],[120.7166,29.0171],[120.7158,29.0181],[120.7166,29.0201],[120.7204,29.0245],[120.7205,29.0264],[120.7212,29.0282],[120.7191,29.0284],[120.7166,29.0276],[120.7151,29.0282],[120.7128,29.0316],[120.7112,29.032],[120.7111,29.0359],[120.7135,29.0378],[120.7114,29.0403],[120.7104,29.0382],[120.7078,29.0379],[120.7061,29.0388],[120.7035,29.0362],[120.7032,29.0351],[120.7039,29.0337],[120.7047,29.0311],[120.703,29.0299],[120.7027,29.029],[120.7047,29.0278],[120.7048,29.0266],[120.7021,29.0255],[120.7018,29.0241],[120.6997,29.0243],[120.6983,29.0249],[120.6968,29.0264],[120.6966,29.0274],[120.6956,29.0277],[120.6943,29.0301],[120.6916,29.032],[120.692,29.0334],[120.6903,29.0353],[120.6912,29.0375],[120.6895,29.0417],[120.6895,29.0425],[120.6876,29.0438],[120.6896,29.0446],[120.6931,29.0429],[120.6954,29.0433],[120.6965,29.0447],[120.6972,29.0471],[120.695,29.0493],[120.6938,29.0495],[120.6902,29.0513],[120.6863,29.054],[120.6869,29.0553],[120.6905,29.053],[120.6926,29.0528],[120.6925,29.0544],[120.693,29.0559],[120.6913,29.0571],[120.6936,29.0583],[120.6969,29.0585],[120.6977,29.0595],[120.6963,29.0608],[120.6982,29.0617],[120.6991,29.0629],[120.6976,29.0657],[120.6974,29.0669],[120.6995,29.0687],[120.7002,29.0706],[120.7,29.0739],[120.7011,29.0759],[120.7006,29.079],[120.6983,29.0805],[120.6973,29.0826],[120.6951,29.0836],[120.6927,29.0865],[120.6901,29.0888],[120.69,29.0926],[120.6909,29.0946],[120.6905,29.0955],[120.6926,29.0959],[120.694,29.0976],[120.6948,29.0975],[120.6975,29.0996],[120.7003,29.1008],[120.7032,29.1005],[120.7068,29.1013],[120.7064,29.1021],[120.7074,29.1038],[120.7083,29.1043],[120.7101,29.107],[120.7112,29.108],[120.7144,29.1085],[120.7149,29.11],[120.7174,29.1108],[120.7178,29.1119],[120.7157,29.1128],[120.7152,29.115],[120.7171,29.1164],[120.7184,29.1184],[120.7194,29.1212],[120.7193,29.1227],[120.7203,29.1231],[120.7223,29.1223],[120.7223,29.1217],[120.7235,29.1187],[120.7246,29.1182],[120.725,29.117],[120.7279,29.1165],[120.7319,29.118],[120.7329,29.1167],[120.735,29.1165],[120.7357,29.1157],[120.7387,29.117],[120.7398,29.1194],[120.7411,29.1201],[120.7415,29.1222],[120.7428,29.1236],[120.7432,29.1256],[120.7423,29.1265],[120.7421,29.1276],[120.741,29.129],[120.739,29.1297],[120.7326,29.1294],[120.7325,29.132],[120.7318,29.1333],[120.7304,29.1336],[120.7298,29.1329],[120.7257,29.1331],[120.725,29.1344],[120.725,29.1366],[120.7237,29.1364],[120.7224,29.1356],[120.7211,29.1359],[120.7197,29.1342],[120.7161,29.1324],[120.7161,29.1357],[120.7156,29.1373],[120.7146,29.1382],[120.715,29.1391],[120.7127,29.1392],[120.7102,29.1397],[120.7096,29.1404],[120.7106,29.1421],[120.7123,29.142],[120.7126,29.1426],[120.7113,29.1435],[120.7079,29.1466],[120.708,29.1479],[120.7092,29.1486],[120.7098,29.1523],[120.7109,29.1526],[120.7131,29.1523],[120.7156,29.1528],[120.7161,29.1555],[120.7188,29.1581],[120.7184,29.16],[120.72,29.1602],[120.7227,29.162],[120.7222,29.1642],[120.721,29.163],[120.7198,29.1657],[120.7216,29.1652],[120.724,29.1655],[120.7245,29.1662],[120.7263,29.1665],[120.7276,29.1678],[120.731,29.1685],[120.732,29.1701],[120.7343,29.171],[120.7359,29.1708],[120.7368,29.1726],[120.738,29.1731],[120.7378,29.1745],[120.7384,29.1755],[120.7404,29.1764],[120.743,29.1772],[120.7447,29.1789],[120.7458,29.1784],[120.7469,29.1805],[120.7484,29.181],[120.7494,29.1819],[120.751,29.1819],[120.7519,29.1851],[120.7516,29.1868],[120.7524,29.1893],[120.7521,29.1904],[120.7527,29.1912],[120.7553,29.1916],[120.756,29.192],[120.759,29.1926],[120.76,29.1943],[120.7612,29.1949],[120.7603,29.1971],[120.759,29.198],[120.7585,29.1992],[120.7592,29.2001],[120.7605,29.1978],[120.7611,29.1978],[120.7618,29.2002],[120.7627,29.2016],[120.7628,29.2032],[120.7651,29.2035],[120.7647,29.2017],[120.7667,29.2002],[120.7679,29.1983],[120.7693,29.198],[120.7723,29.2007],[120.7737,29.2015],[120.773,29.2037],[120.7701,29.2054],[120.7699,29.2065],[120.7685,29.2078],[120.7693,29.2095],[120.7686,29.2099],[120.7713,29.2114],[120.7737,29.2116],[120.7743,29.213],[120.7721,29.214],[120.7714,29.216],[120.7734,29.2173],[120.7745,29.2186],[120.7764,29.2193],[120.7793,29.2191],[120.7801,29.2203],[120.7787,29.221],[120.7803,29.2234],[120.7792,29.2256],[120.7775,29.227],[120.7754,29.2265],[120.7729,29.2277],[120.7702,29.2277],[120.7702,29.2306],[120.7706,29.2324],[120.7705,29.2354],[120.7711,29.2368],[120.77,29.2374],[120.771,29.2392],[120.7723,29.2391],[120.7723,29.2419],[120.7734,29.2418],[120.774,29.2429],[120.7739,29.2451],[120.7721,29.2466],[120.774,29.2473],[120.7719,29.2493],[120.7704,29.2502],[120.77,29.2519],[120.7724,29.2523],[120.7719,29.2532],[120.7723,29.2553],[120.7712,29.2588],[120.7702,29.2603],[120.7672,29.2616],[120.7678,29.2658],[120.7688,29.2684],[120.7703,29.2691],[120.7725,29.2716],[120.7717,29.2722],[120.768,29.2735],[120.7688,29.2757],[120.7702,29.2752],[120.7709,29.2743],[120.7732,29.2763],[120.7746,29.2783],[120.7747,29.2797],[120.776,29.2801],[120.7749,29.2823],[120.7743,29.2816],[120.7714,29.2819],[120.7697,29.2808],[120.7664,29.2805],[120.7623,29.282],[120.7599,29.2816],[120.756,29.2822],[120.7545,29.2815],[120.7556,29.2845],[120.758,29.285],[120.7565,29.2861],[120.7574,29.287],[120.7575,29.2881],[120.759,29.2884],[120.7592,29.2911],[120.7558,29.2908],[120.7562,29.2926],[120.7579,29.294],[120.7583,29.2964],[120.7604,29.2979],[120.7621,29.2984],[120.7641,29.2983],[120.7656,29.2958],[120.7659,29.294],[120.7674,29.2938],[120.7686,29.2931],[120.77,29.2934],[120.7701,29.2945],[120.7692,29.2952],[120.7672,29.2977],[120.77,29.2995],[120.771,29.3014],[120.7719,29.3023],[120.7707,29.3039],[120.7715,29.305],[120.7713,29.306],[120.7695,29.306],[120.7689,29.3068],[120.7686,29.3097],[120.7665,29.3103],[120.7652,29.312],[120.7641,29.3125],[120.7639,29.3135],[120.7604,29.3156],[120.7576,29.3157],[120.7566,29.3175],[120.7546,29.3177],[120.7535,29.3171],[120.7514,29.3181],[120.7507,29.3179],[120.7495,29.3196],[120.7494,29.3211],[120.7476,29.3213],[120.7473,29.317],[120.7464,29.3164],[120.7433,29.3158],[120.7418,29.3139],[120.7393,29.3121],[120.7378,29.3123],[120.7375,29.3133],[120.7358,29.3137],[120.7348,29.3127],[120.7325,29.3119],[120.7331,29.3105],[120.7341,29.3099],[120.7341,29.3089],[120.7321,29.3095],[120.7313,29.3091],[120.7295,29.3071],[120.7276,29.3065],[120.7295,29.3025],[120.729,29.3014],[120.7294,29.3],[120.728,29.2996],[120.7281,29.2973],[120.7258,29.2954],[120.7251,29.293],[120.7262,29.2917],[120.7257,29.2908],[120.7232,29.2912],[120.7222,29.2921],[120.7207,29.2917],[120.7208,29.2898],[120.7192,29.289],[120.7176,29.2897],[120.7168,29.2886],[120.7174,29.2842],[120.718,29.2834],[120.7148,29.2814],[120.7156,29.2794],[120.7141,29.2773],[120.7114,29.2765],[120.7124,29.2751],[120.7142,29.2737],[120.7148,29.2728],[120.714,29.2709],[120.7126,29.2701],[120.7134,29.2692],[120.7128,29.2671],[120.7102,29.2692],[120.7101,29.2667],[120.709,29.2652],[120.7076,29.2654],[120.7055,29.2639],[120.7056,29.2614],[120.7026,29.2616],[120.7019,29.2641],[120.6975,29.2662],[120.6951,29.2663],[120.6945,29.2673],[120.6918,29.2667],[120.6913,29.2644],[120.6894,29.2637],[120.6864,29.2651],[120.6853,29.263],[120.6836,29.2657],[120.6827,29.2659],[120.6822,29.2674],[120.6837,29.2676],[120.6856,29.2684],[120.6843,29.2705],[120.6838,29.2729],[120.6817,29.273],[120.6803,29.2723],[120.6784,29.2735],[120.6762,29.2708],[120.6741,29.2715],[120.6727,29.2735],[120.6721,29.2754],[120.6713,29.2763],[120.6682,29.2769],[120.6677,29.2776],[120.6653,29.2786],[120.6643,29.2785],[120.662,29.279],[120.6592,29.2776],[120.6553,29.2783],[120.6549,29.2762],[120.6539,29.2753],[120.6541,29.2739],[120.6533,29.273],[120.6518,29.2733],[120.6503,29.2718],[120.6487,29.2715],[120.645,29.2671],[120.6413,29.2657],[120.6401,29.2628],[120.6402,29.2612],[120.6345,29.2567],[120.6333,29.2553],[120.633,29.2536],[120.6322,29.2522],[120.6297,29.2524],[120.6282,29.2499],[120.6293,29.2481],[120.6296,29.2465],[120.6278,29.2444],[120.628,29.2428],[120.6257,29.2412],[120.6254,29.239],[120.6242,29.2395],[120.6217,29.2393],[120.6206,29.2383],[120.6196,29.2389],[120.6184,29.2386],[120.6176,29.2396],[120.616,29.2392],[120.6131,29.238],[120.6122,29.2385],[120.6095,29.2368],[120.6071,29.2362],[120.6067,29.2351],[120.6054,29.2354],[120.6029,29.2346],[120.6013,29.2322],[120.5988,29.2318],[120.5971,29.2323],[120.5963,29.2344],[120.5956,29.2349],[120.594,29.2337],[120.592,29.2328],[120.5936,29.2313],[120.5943,29.2298],[120.5939,29.2284],[120.5946,29.2267],[120.5934,29.2241],[120.5937,29.2218],[120.5932,29.2209],[120.5933,29.2188],[120.5918,29.2176],[120.5895,29.2163],[120.5866,29.2167],[120.5852,29.2151],[120.5847,29.2129],[120.5824,29.2115],[120.5826,29.2104],[120.5821,29.2084],[120.5812,29.2069],[120.5794,29.2076],[120.5783,29.2097],[120.5776,29.2097],[120.5758,29.2064],[120.575,29.2059],[120.5751,29.2045],[120.577,29.2024],[120.5729,29.1999],[120.5697,29.2016],[120.569,29.2009],[120.5677,29.2024],[120.5665,29.2012],[120.5649,29.201],[120.5658,29.1992],[120.5649,29.1975],[120.5629,29.1967],[120.5623,29.197],[120.5605,29.1959],[120.5591,29.1945],[120.5554,29.1916],[120.5549,29.1887],[120.556,29.1871],[120.5549,29.186],[120.5552,29.1852],[120.5584,29.1836],[120.5571,29.1827],[120.5589,29.1807],[120.557,29.1803],[120.5567,29.1797],[120.5543,29.179],[120.5538,29.1781],[120.5558,29.1768],[120.5547,29.1753],[120.5527,29.1747],[120.5518,29.1737],[120.5516,29.1725],[120.5482,29.173],[120.5469,29.1721],[120.544,29.1724],[120.5425,29.1717],[120.5421,29.1689],[120.5413,29.1679],[120.5395,29.1678],[120.5389,29.1667],[120.5338,29.1654],[120.5313,29.1622],[120.5302,29.1589],[120.529,29.1595],[120.5273,29.1627],[120.5267,29.1623],[120.5276,29.1594],[120.5269,29.1594],[120.5263,29.162],[120.5237,29.1622],[120.5221,29.1618],[120.5205,29.1606],[120.5192,29.1609],[120.52,29.1588],[120.5185,29.1586],[120.519,29.1611],[120.5189,29.1629],[120.5173,29.162],[120.5153,29.1601],[120.5143,29.1616],[120.5109,29.1649],[120.5106,29.1658],[120.5073,29.1649],[120.5065,29.1658],[120.5065,29.1687],[120.5051,29.1706],[120.5021,29.1712],[120.501,29.1722],[120.4994,29.1704],[120.4994,29.1695],[120.498,29.1678],[120.4975,29.1665],[120.4983,29.1647],[120.4985,29.1632],[120.4978,29.1608],[120.4969,29.1603],[120.4951,29.1585],[120.4927,29.1583],[120.492,29.1574],[120.4902,29.158],[120.4888,29.1557],[120.4879,29.1562],[120.4848,29.1556],[120.485,29.154],[120.4832,29.154],[120.4818,29.155],[120.4807,29.1542],[120.479,29.155],[120.4757,29.1547],[120.4734,29.1524],[120.4716,29.1517],[120.4707,29.15],[120.469,29.1487],[120.4675,29.1484],[120.4667,29.1456],[120.4673,29.1441],[120.4666,29.1423],[120.4672,29.1411],[120.4688,29.1399],[120.4683,29.1382],[120.4668,29.1365],[120.4678,29.1359],[120.4694,29.1366],[120.4687,29.1346],[120.4698,29.133],[120.4725,29.1326],[120.4718,29.1351],[120.4746,29.1337],[120.4753,29.1327],[120.479,29.1336],[120.48,29.1328],[120.4851,29.1318],[120.4872,29.1325],[120.4892,29.1322],[120.4909,29.1328],[120.4914,29.1317],[120.4904,29.1305],[120.4892,29.1306],[120.4888,29.1287],[120.4902,29.1276],[120.4903,29.1263],[120.4921,29.1247],[120.4925,29.1224],[120.4942,29.12],[120.493,29.1188],[120.4929,29.118],[120.4948,29.1151],[120.4938,29.1128],[120.494,29.111],[120.4932,29.1092],[120.4918,29.1083],[120.4901,29.1081],[120.49,29.1052],[120.4884,29.1034],[120.4885,29.1012],[120.4867,29.0986],[120.4867,29.0961],[120.4863,29.095],[120.4871,29.0933],[120.4887,29.0957],[120.4896,29.0955],[120.4897,29.0903],[120.4888,29.0891],[120.4893,29.0869],[120.488,29.0837],[120.4882,29.0828],[120.4876,29.0802],[120.4889,29.079],[120.4895,29.0775],[120.4914,29.0765],[120.492,29.0749],[120.4916,29.073],[120.4904,29.0708],[120.4888,29.0694],[120.4863,29.0704],[120.4827,29.0705],[120.4822,29.0712],[120.4797,29.0715],[120.4788,29.0735],[120.4794,29.0751],[120.4792,29.0775],[120.4799,29.0782],[120.4803,29.0813],[120.4793,29.0813],[120.4779,29.0788],[120.4768,29.0795],[120.4758,29.0809],[120.4758,29.0829],[120.4753,29.0846],[120.4762,29.0854],[120.476,29.0877],[120.4738,29.0877],[120.473,29.0872],[120.4714,29.0872],[120.4716,29.0883],[120.4691,29.0882],[120.4655,29.0867],[120.4653,29.0896],[120.4644,29.0904],[120.4644,29.0923],[120.4624,29.0932],[120.4611,29.0914],[120.4592,29.0898],[120.4546,29.0917],[120.4534,29.0927],[120.452,29.0925],[120.4505,29.0915],[120.4503,29.0906],[120.4489,29.0897],[120.4482,29.0863],[120.4458,29.0852],[120.4483,29.0845],[120.4485,29.0823],[120.4476,29.0823],[120.4463,29.0808],[120.4441,29.0807],[120.4418,29.0828],[120.4401,29.0826],[120.4392,29.0832],[120.4393,29.0847],[120.4376,29.0858],[120.4366,29.0843],[120.4363,29.0831],[120.434,29.0817],[120.432,29.0828],[120.4312,29.0806],[120.4288,29.0798],[120.4268,29.0798],[120.424,29.0792],[120.4216,29.0782],[120.4212,29.0771],[120.4191,29.0772],[120.417,29.0753],[120.4154,29.0746],[120.4136,29.0747],[120.4127,29.0761],[120.4114,29.0763],[120.4072,29.0749],[120.4092,29.0733],[120.4084,29.0726],[120.4087,29.0697],[120.4082,29.067],[120.4061,29.0656],[120.4044,29.065],[120.4046,29.0627],[120.404,29.0609],[120.4042,29.0596],[120.4032,29.0572],[120.4016,29.0565],[120.4002,29.0552],[120.3991,29.0549],[120.3985,29.0538],[120.3984,29.0519],[120.398,29.0511],[120.4002,29.0495],[120.4027,29.0473],[120.4023,29.0456],[120.4044,29.044],[120.4051,29.0419],[120.4043,29.0408],[120.4016,29.0396],[120.4013,29.0381],[120.3998,29.0373],[120.3987,29.035],[120.3991,29.0337],[120.4001,29.0326],[120.3993,29.03],[120.3977,29.0288],[120.3945,29.0253],[120.3943,29.0241],[120.3929,29.0224],[120.3914,29.0214],[120.3901,29.019],[120.3893,29.0184],[120.3857,29.0177],[120.3843,29.017],[120.3867,29.0155],[120.3868,29.0138],[120.3874,29.0127],[120.3829,29.0086],[120.3831,29.0067],[120.3823,29.0056],[120.3811,29.0056],[120.3802,29.0063],[120.3791,29.006],[120.3786,29.0073],[120.3759,29.0068],[120.3746,29.0055],[120.3732,29.0064],[120.372,29.005],[120.3716,29.0009],[120.3734,28.9991],[120.3751,28.999],[120.372,28.9964],[120.3704,28.9984],[120.3695,28.9972],[120.367,28.9961],[120.3665,28.9953],[120.3663,28.9933],[120.3665,28.991],[120.3682,28.9878],[120.3685,28.9861],[120.3699,28.9853],[120.3708,28.9857],[120.3716,28.987],[120.3732,28.9868],[120.3747,28.9851],[120.3746,28.9838],[120.3731,28.9826],[120.3741,28.9814],[120.3711,28.98],[120.3714,28.9786],[120.3711,28.9771],[120.369,28.976],[120.3677,28.9743],[120.3663,28.9732],[120.3662,28.9712],[120.3654,28.9708],[120.3635,28.9716],[120.3619,28.9703],[120.3626,28.9694],[120.3597,28.9689],[120.3564,28.9709],[120.3557,28.9722],[120.3531,28.9728],[120.3535,28.9752],[120.3502,28.9728],[120.3477,28.9723],[120.3464,28.9731],[120.3475,28.9741],[120.3471,28.9748],[120.3451,28.9749],[120.3438,28.9743],[120.3439,28.9732],[120.3426,28.9693],[120.3415,28.9681],[120.342,28.9664],[120.344,28.9675],[120.3445,28.9654],[120.3428,28.9651],[120.3414,28.9643],[120.3406,28.9657],[120.3396,28.9661],[120.3377,28.9656],[120.3366,28.9638],[120.335,28.9637],[120.3325,28.9613],[120.3309,28.9616],[120.328,28.96],[120.3259,28.9581],[120.324,28.9581],[120.3209,28.9571],[120.3207,28.9554],[120.3196,28.9542],[120.3182,28.9536],[120.3174,28.9521],[120.3134,28.9509],[120.3122,28.9498],[120.3117,28.9465],[120.308,28.944],[120.3068,28.9422],[120.3054,28.9413],[120.3046,28.9396],[120.3043,28.9375],[120.3035,28.9365]]]},"properties":{"region_code":"CN-33-3307-330727","parent_region_code":"CN-33-3307","name":"磐安县","level":"county","has_children":false,"full_path":"中国 / 浙江省 / 金华市 / 磐安县","source_admin_code":"330727","osm_relation_id":3411718}},
{"type":"Feature","geometry":{"type":"Polygon","coordinates":[[[119.7155,29.2509],[119.7171,29.2529],[119.7187,29.2538],[119.7218,29.2547],[119.7231,29.2545],[119.7273,29.2548],[119.7293,29.2556],[119.7303,29.257],[119.7316,29.256],[119.7329,29.2564],[119.736,29.2559],[119.7373,29.2571],[119.7413,29.2591],[119.7417,29.262],[119.7435,29.265],[119.7429,29.2673],[119.7452,29.2697],[119.7478,29.2701],[119.7498,29.272],[119.753,29.2734],[119.7553,29.2749],[119.7587,29.2777],[119.7591,29.2789],[119.761,29.2811],[119.7621,29.2832],[119.7649,29.2847],[119.7666,29.2859],[119.7682,29.2861],[119.7686,29.2871],[119.77,29.2866],[119.7701,29.2855],[119.7714,29.2856],[119.7719,29.2865],[119.7732,29.2867],[119.7757,29.2889],[119.7761,29.29],[119.7794,29.2893],[119.7785,29.2906],[119.779,29.2911],[119.778,29.2924],[119.7798,29.2937],[119.7816,29.2934],[119.7823,29.295],[119.7843,29.296],[119.7851,29.2969],[119.7896,29.2979],[119.793,29.2993],[119.7948,29.2996],[119.7946,29.3013],[119.7968,29.3026],[119.7981,29.303],[119.7999,29.3042],[119.8012,29.3042],[119.8029,29.3049],[119.8039,29.3045],[119.8071,29.3055],[119.8092,29.307],[119.8108,29.3068],[119.8119,29.3085],[119.8149,29.3089],[119.8172,29.3083],[119.8207,29.3086],[119.822,29.3104],[119.8216,29.3118],[119.8206,29.3132],[119.8218,29.3142],[119.8212,29.3152],[119.8216,29.3164],[119.8191,29.3184],[119.8173,29.3206],[119.8178,29.3217],[119.8189,29.3222],[119.8194,29.3234],[119.8213,29.3245],[119.8212,29.3255],[119.8221,29.3272],[119.8245,29.3279],[119.8246,29.3291],[119.8261,29.329],[119.8279,29.328],[119.8299,29.3315],[119.8316,29.3334],[119.8332,29.3338],[119.8354,29.3352],[119.8385,29.3357],[119.8398,29.3337],[119.8393,29.3316],[119.8403,29.3314],[119.8414,29.3326],[119.8446,29.3337],[119.8468,29.3349],[119.846,29.3378],[119.8468,29.3391],[119.8486,29.34],[119.8489,29.3409],[119.8503,29.3416],[119.8517,29.3431],[119.8511,29.345],[119.8542,29.3458],[119.857,29.3444],[119.8615,29.3461],[119.8626,29.3479],[119.8624,29.3494],[119.8645,29.3489],[119.866,29.3471],[119.8685,29.3498],[119.8727,29.3491],[119.8735,29.3494],[119.873,29.3511],[119.8755,29.3522],[119.877,29.3524],[119.8766,29.355],[119.877,29.3566],[119.8751,29.3569],[119.8734,29.3579],[119.875,29.3603],[119.8792,29.3605],[119.8795,29.3637],[119.8823,29.3658],[119.8833,29.3657],[119.8836,29.3639],[119.8884,29.3647],[119.887,29.3689],[119.8863,29.3721],[119.8877,29.3727],[119.8902,29.3744],[119.8891,29.3758],[119.8892,29.3782],[119.8903,29.3793],[119.8901,29.3809],[119.8888,29.3826],[119.8872,29.3837],[119.8855,29.384],[119.8841,29.3872],[119.8822,29.3877],[119.881,29.387],[119.8779,29.3862],[119.8761,29.3861],[119.8736,29.3852],[119.8716,29.386],[119.8709,29.3872],[119.8711,29.3883],[119.87,29.3905],[119.8725,29.3891],[119.8738,29.3899],[119.8741,29.391],[119.8757,29.3928],[119.8747,29.3944],[119.8756,29.3953],[119.877,29.394],[119.8776,29.3949],[119.8752,29.3969],[119.8744,29.3965],[119.8728,29.3992],[119.8753,29.3993],[119.877,29.3972],[119.8788,29.3985],[119.879,29.3993],[119.8774,29.401],[119.8781,29.4028],[119.8772,29.4033],[119.8777,29.4044],[119.879,29.404],[119.8804,29.4051],[119.8797,29.4059],[119.8771,29.4069],[119.8744,29.4068],[119.8745,29.4081],[119.8733,29.4095],[119.8712,29.4098],[119.8708,29.4077],[119.8717,29.4056],[119.8694,29.4062],[119.8674,29.4057],[119.8676,29.4069],[119.8636,29.406],[119.8626,29.4056],[119.8615,29.4068],[119.86,29.404],[119.8578,29.4078],[119.8591,29.4089],[119.8589,29.4104],[119.8568,29.4116],[119.8539,29.412],[119.8527,29.4132],[119.8494,29.4134],[119.8482,29.4151],[119.8457,29.4166],[119.8431,29.417],[119.8416,29.4158],[119.8394,29.416],[119.8375,29.4182],[119.8358,29.4177],[119.8357,29.4161],[119.8337,29.4166],[119.8317,29.4154],[119.8296,29.4132],[119.8293,29.4117],[119.8265,29.4123],[119.8255,29.4107],[119.8229,29.4119],[119.8218,29.41],[119.821,29.4107],[119.8195,29.4107],[119.8179,29.4114],[119.8161,29.4114],[119.8158,29.409],[119.8138,29.4087],[119.8121,29.4077],[119.812,29.4068],[119.8142,29.4042],[119.8128,29.4029],[119.8109,29.4],[119.8112,29.3986],[119.809,29.396],[119.8083,29.3945],[119.8072,29.3946],[119.8063,29.3957],[119.8056,29.3933],[119.8071,29.392],[119.8058,29.3912],[119.805,29.3919],[119.8008,29.3908],[119.8014,29.3919],[119.8035,29.3918],[119.8035,29.3926],[119.7982,29.3932],[119.7971,29.3949],[119.7974,29.3968],[119.7956,29.3989],[119.7906,29.3996],[119.7869,29.4012],[119.7837,29.4037],[119.7827,29.4041],[119.7798,29.4033],[119.7794,29.4012],[119.7772,29.401],[119.7756,29.4002],[119.774,29.4002],[119.77,29.3989],[119.7687,29.4012],[119.767,29.4013],[119.7654,29.4022],[119.7643,29.4038],[119.7614,29.4046],[119.7617,29.4053],[119.7596,29.4069],[119.7592,29.4093],[119.7597,29.4105],[119.7584,29.4144],[119.7569,29.4145],[119.7573,29.4159],[119.7517,29.4196],[119.7509,29.4195],[119.7479,29.4237],[119.7461,29.4209],[119.7455,29.421],[119.7463,29.4238],[119.7444,29.424],[119.7429,29.4249],[119.7439,29.4267],[119.7456,29.4263],[119.7458,29.4273],[119.7448,29.43],[119.7455,29.432],[119.7445,29.4328],[119.7432,29.4327],[119.7403,29.4333],[119.7398,29.4366],[119.7384,29.436],[119.738,29.4378],[119.7346,29.4391],[119.7356,29.4421],[119.7352,29.4425],[119.732,29.4429],[119.7295,29.4427],[119.7295,29.4441],[119.7316,29.4448],[119.7324,29.4461],[119.7324,29.449],[119.7301,29.4501],[119.7284,29.4524],[119.7288,29.4535],[119.7275,29.4552],[119.7245,29.4545],[119.7232,29.4525],[119.7222,29.4551],[119.7214,29.456],[119.7183,29.4564],[119.7159,29.4556],[119.7155,29.4539],[119.7141,29.455],[119.7139,29.4561],[119.7122,29.456],[119.7118,29.4546],[119.7095,29.4521],[119.7088,29.448],[119.7069,29.4481],[119.7049,29.4471],[119.703,29.4471],[119.7008,29.4458],[119.6997,29.4439],[119.7011,29.4441],[119.7017,29.4428],[119.705,29.4429],[119.7057,29.4409],[119.7057,29.4392],[119.7034,29.4388],[119.7016,29.439],[119.7014,29.438],[119.7026,29.4374],[119.7032,29.4358],[119.7013,29.4349],[119.7004,29.436],[119.696,29.4365],[119.6945,29.4378],[119.6925,29.438],[119.6906,29.4375],[119.6901,29.4399],[119.6891,29.4407],[119.6895,29.4424],[119.6874,29.4434],[119.6865,29.4407],[119.6871,29.4393],[119.6858,29.4368],[119.6859,29.4355],[119.6853,29.4339],[119.6832,29.4349],[119.6806,29.4347],[119.6779,29.4328],[119.6766,29.4315],[119.6811,29.4309],[119.6793,29.4296],[119.6779,29.4292],[119.6784,29.428],[119.6837,29.4255],[119.6853,29.4253],[119.6846,29.4227],[119.6836,29.4211],[119.6803,29.4211],[119.6805,29.4232],[119.6791,29.4234],[119.6779,29.423],[119.6754,29.4235],[119.6753,29.4224],[119.6765,29.4205],[119.679,29.4208],[119.6802,29.4192],[119.6793,29.4183],[119.6762,29.4179],[119.6724,29.4186],[119.6731,29.4201],[119.6754,29.4197],[119.6748,29.4226],[119.6754,29.4245],[119.6741,29.4251],[119.6717,29.4245],[119.6711,29.4256],[119.6706,29.4286],[119.6682,29.4296],[119.6663,29.4301],[119.6666,29.431],[119.6644,29.4332],[119.6636,29.4332],[119.6617,29.4319],[119.66,29.4315],[119.658,29.4306],[119.6574,29.4298],[119.6549,29.4299],[119.652,29.4281],[119.6513,29.4266],[119.6501,29.4287],[119.6485,29.4295],[119.6477,29.4309],[119.6448,29.4309],[119.6449,29.4328],[119.6442,29.436],[119.6418,29.4398],[119.6404,29.4391],[119.6396,29.4399],[119.6372,29.4377],[119.6389,29.4368],[119.639,29.435],[119.6384,29.4327],[119.6361,29.4347],[119.6352,29.4364],[119.6321,29.438],[119.6301,29.4366],[119.6288,29.4366],[119.6277,29.4349],[119.6273,29.4331],[119.6297,29.4314],[119.6324,29.4318],[119.6339,29.4333],[119.6355,29.4336],[119.6368,29.4312],[119.635,29.4299],[119.6328,29.4279],[119.6342,29.4254],[119.6327,29.425],[119.6306,29.4256],[119.629,29.4242],[119.6294,29.4231],[119.6253,29.4231],[119.6216,29.4218],[119.6209,29.4196],[119.6195,29.4189],[119.6192,29.4163],[119.6171,29.4127],[119.6166,29.4114],[119.6185,29.4111],[119.6199,29.4103],[119.6195,29.4084],[119.6171,29.4072],[119.6147,29.4048],[119.6146,29.4038],[119.613,29.4025],[119.6108,29.4013],[119.6091,29.3988],[119.6081,29.397],[119.6063,29.3954],[119.6051,29.3938],[119.6044,29.3939],[119.604,29.3958],[119.6024,29.396],[119.6014,29.3954],[119.6007,29.3928],[119.6014,29.3911],[119.6026,29.3898],[119.604,29.3896],[119.6086,29.3856],[119.6118,29.3836],[119.614,29.3834],[119.614,29.382],[119.6147,29.3799],[119.614,29.3792],[119.6136,29.3774],[119.6144,29.3765],[119.6156,29.3741],[119.6152,29.3732],[119.6136,29.3725],[119.612,29.3709],[119.6098,29.3697],[119.6068,29.3718],[119.6049,29.3724],[119.6033,29.3724],[119.6011,29.3712],[119.5986,29.3716],[119.5958,29.3742],[119.5942,29.3749],[119.5901,29.3775],[119.5881,29.3801],[119.5868,29.3807],[119.585,29.3802],[119.58,29.3815],[119.5743,29.381],[119.5731,29.3798],[119.5719,29.3771],[119.5703,29.3755],[119.5682,29.3743],[119.5659,29.3751],[119.5642,29.3751],[119.5612,29.374],[119.5571,29.3757],[119.5566,29.3753],[119.5535,29.3748],[119.5524,29.3737],[119.5503,29.3731],[119.5492,29.3708],[119.5481,29.3697],[119.5455,29.37],[119.5406,29.37],[119.5371,29.371],[119.5347,29.3731],[119.5334,29.3746],[119.5309,29.3755],[119.5287,29.3742],[119.5267,29.3735],[119.5245,29.3717],[119.5242,29.3703],[119.5214,29.3686],[119.5187,29.368],[119.5212,29.3643],[119.5217,29.3625],[119.5218,29.3599],[119.5214,29.3578],[119.52,29.3551],[119.513,29.346],[119.5111,29.3438],[119.5081,29.3392],[119.5054,29.3356],[119.5037,29.3365],[119.5044,29.3389],[119.504,29.3394],[119.502,29.3374],[119.5002,29.3376],[119.4993,29.3386],[119.4974,29.3389],[119.497,29.3381],[119.4953,29.3381],[119.493,29.3375],[119.4918,29.3344],[119.4903,29.3365],[119.4885,29.3369],[119.4887,29.3345],[119.4873,29.3339],[119.4868,29.3328],[119.4857,29.3324],[119.4845,29.3333],[119.4838,29.3357],[119.4798,29.3349],[119.4797,29.3362],[119.4808,29.3374],[119.4828,29.3376],[119.4847,29.3372],[119.4844,29.3385],[119.4812,29.3383],[119.4796,29.3405],[119.4775,29.3402],[119.4765,29.3394],[119.4736,29.3387],[119.4734,29.3392],[119.4752,29.3405],[119.4766,29.3428],[119.4759,29.3438],[119.4735,29.3442],[119.4735,29.3451],[119.4719,29.3469],[119.4718,29.3479],[119.4733,29.3491],[119.4718,29.3495],[119.472,29.3513],[119.4739,29.3544],[119.4716,29.3542],[119.4697,29.3564],[119.4683,29.3575],[119.4664,29.3567],[119.4645,29.358],[119.4634,29.3571],[119.4616,29.3551],[119.4608,29.3552],[119.461,29.3579],[119.4622,29.3586],[119.4617,29.3602],[119.4597,29.3612],[119.4577,29.3614],[119.4568,29.3635],[119.4542,29.364],[119.4535,29.3652],[119.4557,29.3662],[119.4551,29.3669],[119.4549,29.3688],[119.453,29.3687],[119.4526,29.3699],[119.4536,29.3715],[119.453,29.373],[119.4538,29.375],[119.4549,29.3757],[119.4574,29.3767],[119.4572,29.3781],[119.4583,29.3792],[119.4579,29.3809],[119.4588,29.3832],[119.4597,29.3836],[119.4618,29.3834],[119.4632,29.3846],[119.4619,29.3873],[119.4622,29.3924],[119.4604,29.3931],[119.4594,29.3941],[119.4573,29.3942],[119.4553,29.3937],[119.4553,29.3949],[119.4579,29.3965],[119.4577,29.3978],[119.4546,29.3968],[119.4547,29.3985],[119.4566,29.398],[119.4592,29.399],[119.4588,29.4006],[119.4582,29.4013],[119.4546,29.4033],[119.4524,29.4039],[119.4527,29.4051],[119.4513,29.4061],[119.4507,29.4048],[119.4482,29.4058],[119.4491,29.4073],[119.4476,29.4101],[119.4487,29.4115],[119.4463,29.4112],[119.4454,29.4103],[119.4432,29.4107],[119.4415,29.4115],[119.4394,29.4115],[119.4378,29.4122],[119.4379,29.4135],[119.4362,29.4173],[119.4353,29.4167],[119.4343,29.418],[119.437,29.4178],[119.4382,29.4187],[119.4369,29.4196],[119.4346,29.4195],[119.434,29.4226],[119.4342,29.4242],[119.4338,29.426],[119.4329,29.4266],[119.4307,29.4266],[119.4297,29.4261],[119.4252,29.4247],[119.4248,29.4239],[119.4248,29.4203],[119.4231,29.4196],[119.4222,29.4183],[119.4196,29.4177],[119.4177,29.4165],[119.4174,29.4143],[119.4176,29.4119],[119.4199,29.4141],[119.4226,29.4146],[119.4248,29.4154],[119.4243,29.4122],[119.4234,29.4111],[119.4233,29.4092],[119.4219,29.4078],[119.4203,29.4069],[119.4188,29.4068],[119.4168,29.4075],[119.4147,29.4067],[119.4123,29.4066],[119.4111,29.4084],[119.4097,29.4088],[119.4081,29.4081],[119.4075,29.409],[119.4061,29.4079],[119.4039,29.408],[119.403,29.409],[119.3993,29.4074],[119.3971,29.4115],[119.3955,29.4134],[119.3911,29.4141],[119.3898,29.4152],[119.3889,29.4165],[119.3876,29.4172],[119.3873,29.4205],[119.3852,29.423],[119.3848,29.4244],[119.3855,29.4267],[119.3851,29.4294],[119.3834,29.4312],[119.3803,29.4327],[119.3789,29.4341],[119.3778,29.4346],[119.376,29.4341],[119.3737,29.4318],[119.3726,29.4302],[119.3727,29.4291],[119.3708,29.4279],[119.3688,29.4255],[119.3674,29.4228],[119.3671,29.4208],[119.3662,29.4198],[119.3643,29.4191],[119.3631,29.4178],[119.3602,29.4174],[119.3594,29.4187],[119.3576,29.4191],[119.355,29.4182],[119.3533,29.4158],[119.3508,29.4142],[119.3491,29.4119],[119.3481,29.4118],[119.3469,29.4127],[119.3397,29.4108],[119.3372,29.4117],[119.3358,29.4101],[119.3351,29.4109],[119.3329,29.4085],[119.3317,29.4085],[119.3296,29.4095],[119.3289,29.4086],[119.328,29.404],[119.3266,29.4026],[119.327,29.4014],[119.3247,29.4012],[119.3241,29.4006],[119.3254,29.3996],[119.3287,29.3989],[119.3312,29.3979],[119.3319,29.3971],[119.3344,29.3972],[119.3367,29.3959],[119.3333,29.3954],[119.332,29.3941],[119.3292,29.3934],[119.3311,29.3909],[119.3333,29.3903],[119.3357,29.3936],[119.3363,29.3937],[119.3404,29.3919],[119.3402,29.3911],[119.3386,29.3899],[119.3362,29.3861],[119.3354,29.3836],[119.3344,29.3828],[119.335,29.3804],[119.3357,29.3791],[119.3352,29.3782],[119.3332,29.3771],[119.3326,29.3757],[119.3312,29.3745],[119.3307,29.3697],[119.3304,29.3689],[119.3307,29.367],[119.332,29.3663],[119.3312,29.365],[119.3307,29.3623],[119.3282,29.3604],[119.3279,29.3585],[119.329,29.3567],[119.3294,29.3553],[119.329,29.3534],[119.328,29.3532],[119.3283,29.3517],[119.3301,29.3517],[119.331,29.351],[119.3347,29.3525],[119.3356,29.3506],[119.3369,29.3505],[119.3357,29.3489],[119.3331,29.3468],[119.3349,29.3466],[119.3387,29.3447],[119.3411,29.3439],[119.3421,29.3426],[119.3421,29.3413],[119.341,29.3411],[119.3413,29.3385],[119.3427,29.3378],[119.3426,29.3358],[119.3432,29.334],[119.3418,29.3332],[119.3407,29.3311],[119.3415,29.3306],[119.3405,29.3288],[119.3415,29.327],[119.3403,29.3264],[119.3424,29.3248],[119.3426,29.3234],[119.344,29.3217],[119.3443,29.3206],[119.3459,29.3206],[119.3474,29.3194],[119.3473,29.3185],[119.3461,29.3178],[119.346,29.3162],[119.3438,29.3178],[119.3431,29.3194],[119.3406,29.32],[119.3389,29.3185],[119.3391,29.3171],[119.3379,29.3168],[119.3357,29.3176],[119.3347,29.3172],[119.3343,29.316],[119.3324,29.3168],[119.3308,29.3162],[119.3309,29.3155],[119.3292,29.3136],[119.3275,29.3133],[119.3269,29.3122],[119.3257,29.3121],[119.3227,29.313],[119.3218,29.3109],[119.3223,29.3096],[119.3204,29.3096],[119.3206,29.3082],[119.3222,29.3081],[119.3205,29.3065],[119.3209,29.3055],[119.3205,29.304],[119.322,29.3037],[119.3232,29.3027],[119.3232,29.3001],[119.324,29.2993],[119.3226,29.298],[119.3224,29.297],[119.3241,29.2967],[119.3257,29.2955],[119.3259,29.2938],[119.3251,29.292],[119.3258,29.2912],[119.3257,29.2896],[119.3247,29.2898],[119.3244,29.291],[119.3246,29.2932],[119.3239,29.2936],[119.3219,29.297],[119.3211,29.2969],[119.3222,29.2944],[119.3213,29.2929],[119.3214,29.2912],[119.3185,29.2908],[119.3192,29.2889],[119.319,29.288],[119.3175,29.2875],[119.3187,29.2863],[119.318,29.2852],[119.315,29.2854],[119.3128,29.2861],[119.311,29.2878],[119.31,29.2864],[119.3111,29.2853],[119.3138,29.284],[119.3124,29.2828],[119.3108,29.2822],[119.3081,29.2849],[119.3063,29.2856],[119.3042,29.2833],[119.302,29.2837],[119.3012,29.283],[119.3011,29.2801],[119.2965,29.2771],[119.2941,29.2788],[119.2931,29.2799],[119.2916,29.2775],[119.2915,29.2736],[119.2906,29.2734],[119.291,29.2759],[119.2902,29.2764],[119.2919,29.2792],[119.2911,29.2814],[119.2902,29.2826],[119.2897,29.2845],[119.2887,29.2848],[119.2875,29.2861],[119.2864,29.2851],[119.2848,29.285],[119.2817,29.2874],[119.2794,29.2883],[119.2804,29.2863],[119.2826,29.2858],[119.2832,29.2835],[119.2826,29.2821],[119.2795,29.2823],[119.2787,29.2806],[119.2791,29.2795],[119.2779,29.2792],[119.2782,29.2774],[119.2789,29.2766],[119.2793,29.2748],[119.2811,29.2726],[119.2813,29.2706],[119.28,29.2702],[119.2785,29.2678],[119.2759,29.2675],[119.2753,29.267],[119.2749,29.2639],[119.2736,29.2638],[119.2728,29.2628],[119.2725,29.2611],[119.2708,29.2614],[119.2686,29.2587],[119.2675,29.2579],[119.2677,29.2558],[119.267,29.2544],[119.2656,29.254],[119.2653,29.2528],[119.2619,29.253],[119.2585,29.2515],[119.2566,29.2503],[119.2544,29.2501],[119.2518,29.2481],[119.2517,29.2451],[119.2505,29.244],[119.249,29.2433],[119.2481,29.242],[119.2471,29.2385],[119.2451,29.2377],[119.2436,29.2359],[119.2422,29.2355],[119.2411,29.2346],[119.2403,29.2331],[119.2398,29.2309],[119.234,29.2277],[119.2327,29.2277],[119.2309,29.226],[119.2283,29.2261],[119.2298,29.2235],[119.2292,29.2219],[119.2312,29.2202],[119.2314,29.2178],[119.2294,29.2167],[119.2282,29.2165],[119.2276,29.2148],[119.2285,29.2124],[119.2284,29.2109],[119.2305,29.2103],[119.2318,29.2091],[119.2313,29.2073],[119.2327,29.2062],[119.231,29.2045],[119.2309,29.2037],[119.2287,29.2036],[119.2295,29.2004],[119.2293,29.1996],[119.226,29.1998],[119.2245,29.199],[119.2213,29.199],[119.2184,29.1997],[119.2174,29.198],[119.2162,29.1974],[119.2167,29.196],[119.2182,29.1962],[119.2186,29.1952],[119.2202,29.1944],[119.2214,29.1946],[119.2234,29.1956],[119.2249,29.1949],[119.225,29.1935],[119.226,29.192],[119.2277,29.1925],[119.2288,29.1933],[119.229,29.195],[119.2311,29.1956],[119.2342,29.1932],[119.2363,29.1939],[119.2373,29.1928],[119.2371,29.1918],[119.238,29.1911],[119.2374,29.1884],[119.2388,29.1876],[119.238,29.1867],[119.2405,29.185],[119.241,29.184],[119.2399,29.1836],[119.2399,29.1825],[119.2389,29.1813],[119.2402,29.1785],[119.2394,29.1749],[119.2384,29.1757],[119.2363,29.1725],[119.2385,29.1697],[119.2394,29.1672],[119.2394,29.166],[119.2374,29.1651],[119.2387,29.1642],[119.2414,29.1608],[119.2406,29.1595],[119.2421,29.1591],[119.2437,29.1576],[119.246,29.1576],[119.2472,29.1553],[119.2452,29.1552],[119.2439,29.1542],[119.2447,29.1524],[119.2464,29.1515],[119.2467,29.1485],[119.2453,29.1482],[119.2453,29.1473],[119.2439,29.1467],[119.244,29.1442],[119.2458,29.1433],[119.245,29.1426],[119.2473,29.1403],[119.2469,29.1389],[119.2478,29.1372],[119.2499,29.1384],[119.2511,29.1396],[119.2518,29.1389],[119.2533,29.1387],[119.2553,29.1379],[119.2565,29.1387],[119.2582,29.1388],[119.2617,29.1379],[119.2615,29.1369],[119.2631,29.136],[119.264,29.1345],[119.2639,29.1329],[119.2649,29.1315],[119.2634,29.1306],[119.2629,29.1294],[119.2636,29.1275],[119.2633,29.1254],[119.2657,29.123],[119.2663,29.1214],[119.2688,29.1213],[119.2704,29.1207],[119.2732,29.1205],[119.2729,29.1193],[119.2749,29.1194],[119.2765,29.12],[119.276,29.1171],[119.2777,29.1187],[119.2781,29.1173],[119.2793,29.1172],[119.2805,29.1179],[119.2818,29.1164],[119.2833,29.1166],[119.2822,29.1147],[119.2824,29.1129],[119.2806,29.1116],[119.2811,29.1103],[119.2839,29.1115],[119.2857,29.11],[119.286,29.1069],[119.2878,29.1056],[119.2899,29.1065],[119.2904,29.1073],[119.2922,29.1049],[119.295,29.1038],[119.2967,29.1025],[119.297,29.0999],[119.2958,29.0996],[119.2949,29.098],[119.2953,29.0962],[119.296,29.0957],[119.2953,29.0945],[119.2973,29.0938],[119.2963,29.0925],[119.2948,29.0917],[119.2961,29.0906],[119.2983,29.091],[119.3022,29.0911],[119.3021,29.0897],[119.3011,29.0876],[119.3019,29.0865],[119.306,29.0887],[119.3081,29.0889],[119.3113,29.0886],[119.3151,29.0944],[119.3171,29.0958],[119.3199,29.0966],[119.3214,29.0951],[119.3244,29.0972],[119.3269,29.0993],[119.3361,29.1058],[119.3413,29.1102],[119.3461,29.1133],[119.3483,29.1154],[119.3501,29.1188],[119.351,29.123],[119.3536,29.1276],[119.3551,29.1284],[119.3635,29.1304],[119.3687,29.131],[119.3705,29.1291],[119.3725,29.128],[119.3747,29.1279],[119.378,29.1284],[119.3789,29.136],[119.3846,29.1406],[119.3878,29.1416],[119.3886,29.1422],[119.3913,29.1454],[119.3931,29.1466],[119.396,29.1492],[119.3991,29.1472],[119.398,29.1464],[119.4001,29.1444],[119.3991,29.1434],[119.3967,29.1435],[119.3958,29.1419],[119.3956,29.1406],[119.3976,29.1396],[119.3999,29.1403],[119.4015,29.1404],[119.403,29.1419],[119.4031,29.1434],[119.4047,29.1441],[119.405,29.1468],[119.4087,29.1456],[119.4052,29.144],[119.4048,29.1427],[119.406,29.1399],[119.4082,29.1403],[119.4093,29.1393],[119.4107,29.141],[119.414,29.1433],[119.4156,29.1432],[119.4165,29.1439],[119.4175,29.1435],[119.4208,29.1452],[119.4256,29.1452],[119.4283,29.1445],[119.4293,29.1416],[119.4322,29.1405],[119.4348,29.1398],[119.4347,29.1372],[119.4376,29.1352],[119.4376,29.1337],[119.4393,29.1312],[119.4404,29.131],[119.4451,29.1334],[119.4463,29.1335],[119.4467,29.1309],[119.4451,29.1277],[119.4424,29.1253],[119.4381,29.1233],[119.4368,29.1254],[119.4361,29.1253],[119.4356,29.1228],[119.4333,29.1218],[119.4344,29.1208],[119.4337,29.1191],[119.4323,29.1184],[119.4321,29.1159],[119.4326,29.115],[119.4345,29.1135],[119.4366,29.1135],[119.4406,29.1122],[119.4419,29.1143],[119.4417,29.117],[119.4412,29.1192],[119.4431,29.1195],[119.444,29.1177],[119.446,29.1172],[119.4455,29.1159],[119.4465,29.1146],[119.4445,29.1131],[119.4444,29.1099],[119.4466,29.1102],[119.447,29.1088],[119.4486,29.1092],[119.4514,29.109],[119.4519,29.1082],[119.4537,29.1079],[119.4552,29.1043],[119.4531,29.1041],[119.4521,29.1017],[119.4504,29.1022],[119.4494,29.1],[119.4507,29.0992],[119.4492,29.0982],[119.4495,29.0957],[119.4512,29.0957],[119.4521,29.0951],[119.4527,29.0935],[119.4565,29.0919],[119.4581,29.0923],[119.4581,29.0937],[119.4571,29.0952],[119.4593,29.0962],[119.4578,29.098],[119.4589,29.0988],[119.4608,29.0973],[119.4624,29.0989],[119.4633,29.0978],[119.4645,29.0976],[119.4678,29.0941],[119.4691,29.0941],[119.4697,29.0919],[119.4695,29.0903],[119.4682,29.0891],[119.4677,29.0873],[119.4679,29.086],[119.4667,29.0837],[119.4672,29.0832],[119.4658,29.0793],[119.4665,29.0774],[119.4677,29.0765],[119.4676,29.0789],[119.4688,29.08],[119.4685,29.0813],[119.4693,29.085],[119.4701,29.0866],[119.469,29.0875],[119.4697,29.0898],[119.4703,29.0935],[119.4719,29.0949],[119.4739,29.095],[119.4733,29.0965],[119.4717,29.0972],[119.474,29.0993],[119.4748,29.1008],[119.4747,29.1023],[119.4759,29.1031],[119.4777,29.1051],[119.4798,29.1068],[119.481,29.1092],[119.482,29.11],[119.4836,29.1093],[119.4863,29.1087],[119.4877,29.1097],[119.4876,29.1109],[119.4855,29.1127],[119.4859,29.1136],[119.4873,29.1143],[119.4898,29.1146],[119.4901,29.1132],[119.4913,29.1119],[119.4919,29.1133],[119.4929,29.1135],[119.4961,29.1132],[119.4979,29.1126],[119.4971,29.1165],[119.4972,29.1185],[119.4978,29.1197],[119.4965,29.1208],[119.4969,29.1239],[119.4976,29.1245],[119.4963,29.1264],[119.4961,29.1277],[119.497,29.1299],[119.4981,29.1315],[119.4979,29.1323],[119.5005,29.133],[119.5004,29.1349],[119.5012,29.1353],[119.507,29.134],[119.509,29.1338],[119.5127,29.1342],[119.5141,29.1339],[119.5143,29.1349],[119.5161,29.1353],[119.5199,29.135],[119.5201,29.1334],[119.5223,29.134],[119.5269,29.1335],[119.5292,29.1337],[119.5316,29.136],[119.5318,29.1371],[119.5329,29.1375],[119.5341,29.1403],[119.5358,29.14],[119.5392,29.1436],[119.5402,29.1434],[119.5414,29.1421],[119.542,29.1394],[119.5419,29.1379],[119.541,29.1355],[119.5405,29.1328],[119.5407,29.1309],[119.5423,29.1304],[119.545,29.1316],[119.5456,29.1329],[119.5457,29.1351],[119.5468,29.1369],[119.5474,29.1391],[119.5485,29.1402],[119.5497,29.1405],[119.5516,29.1433],[119.5517,29.1461],[119.5533,29.1466],[119.5536,29.1477],[119.5521,29.1481],[119.5511,29.1491],[119.5522,29.1502],[119.5517,29.1511],[119.5531,29.1523],[119.5557,29.1517],[119.5576,29.1539],[119.5574,29.155],[119.5591,29.1559],[119.5585,29.1567],[119.5586,29.1584],[119.5579,29.1612],[119.5564,29.1623],[119.5593,29.1634],[119.5577,29.1639],[119.5612,29.165],[119.5587,29.1659],[119.5587,29.1674],[119.5595,29.17],[119.558,29.1713],[119.5585,29.1717],[119.5587,29.175],[119.5595,29.1763],[119.5607,29.1797],[119.5605,29.1809],[119.5613,29.1818],[119.5628,29.1826],[119.5634,29.1852],[119.563,29.188],[119.5637,29.1897],[119.5627,29.1911],[119.5632,29.1917],[119.5678,29.1926],[119.573,29.1946],[119.5759,29.1961],[119.5774,29.1984],[119.5779,29.1997],[119.5794,29.2016],[119.5787,29.2038],[119.5808,29.2047],[119.5853,29.2083],[119.5858,29.2093],[119.5881,29.2113],[119.5904,29.2119],[119.5897,29.2135],[119.5902,29.2158],[119.5922,29.2165],[119.5911,29.2182],[119.5917,29.2194],[119.5932,29.2199],[119.5933,29.2216],[119.5916,29.2221],[119.5907,29.2233],[119.5935,29.2269],[119.5961,29.2286],[119.5977,29.2286],[119.6018,29.2277],[119.6031,29.2279],[119.6053,29.2272],[119.6087,29.2279],[119.6107,29.2274],[119.6127,29.2277],[119.6144,29.2273],[119.6153,29.2278],[119.618,29.2278],[119.6202,29.2274],[119.622,29.2276],[119.6242,29.2263],[119.6274,29.2264],[119.6298,29.2251],[119.6297,29.2237],[119.6305,29.2231],[119.6345,29.2228],[119.6368,29.222],[119.6389,29.2223],[119.6406,29.2251],[119.6434,29.226],[119.6449,29.227],[119.6462,29.2272],[119.6504,29.2294],[119.6535,29.23],[119.6548,29.2293],[119.6564,29.2291],[119.6591,29.2299],[119.6608,29.2315],[119.6623,29.2337],[119.6643,29.2361],[119.6662,29.2377],[119.6699,29.2399],[119.6718,29.2391],[119.674,29.2391],[119.6749,29.2396],[119.6762,29.2413],[119.6778,29.2411],[119.6785,29.24],[119.677,29.2378],[119.6786,29.238],[119.681,29.2375],[119.6825,29.2365],[119.6844,29.2361],[119.6867,29.2364],[119.6901,29.2379],[119.6927,29.2395],[119.696,29.2397],[119.6967,29.2403],[119.702,29.2413],[119.7029,29.2424],[119.7046,29.2433],[119.7061,29.2436],[119.7072,29.2445],[119.7085,29.2463],[119.7082,29.2474],[119.7089,29.2487],[119.7113,29.249],[119.7119,29.2498],[119.7139,29.2499],[119.7155,29.2509]]]},"properties":{"region_code":"CN-33-3307-330781","parent_region_code":"CN-33-3307","name":"兰溪市","level":"county","has_children":false,"full_path":"中国 / 浙江省 / 金华市 / 兰溪市","source_admin_code":"330781","osm_relation_id":4483294}},
{"type":"Feature","geometry":{"type":"Polygon","coordinates":[[[119.892,29.0518],[119.8919,29.0503],[119.8928,29.0493],[119.8942,29.0493],[119.8962,29.0502],[119.9017,29.0491],[119.9025,29.0509],[119.9023,29.0517],[119.9031,29.0534],[119.9073,29.0566],[119.9092,29.0566],[119.9104,29.0573],[119.9155,29.0588],[119.9173,29.0577],[119.9206,29.0578],[119.9222,29.0593],[119.9244,29.0593],[119.9248,29.0608],[119.9273,29.0605],[119.9287,29.0599],[119.9309,29.0628],[119.9316,29.0642],[119.9335,29.0631],[119.9349,29.064],[119.9367,29.0637],[119.9374,29.0666],[119.9375,29.068],[119.9393,29.0685],[119.9414,29.0663],[119.9433,29.0654],[119.9442,29.0644],[119.945,29.062],[119.9466,29.0604],[119.9477,29.0602],[119.9503,29.0584],[119.9522,29.0585],[119.9534,29.0591],[119.9554,29.0589],[119.9561,29.0575],[119.9599,29.0565],[119.9612,29.0555],[119.9614,29.0528],[119.9634,29.0521],[119.9658,29.0506],[119.9659,29.0489],[119.965,29.0467],[119.9655,29.046],[119.9679,29.0458],[119.9695,29.0434],[119.9711,29.0434],[119.9717,29.0427],[119.9732,29.0428],[119.9741,29.0414],[119.9722,29.041],[119.9717,29.0389],[119.9723,29.0377],[119.9744,29.0374],[119.9763,29.0367],[119.9809,29.0393],[119.9802,29.0411],[119.9809,29.0432],[119.9841,29.0444],[119.985,29.0465],[119.9848,29.0482],[119.9855,29.0491],[119.9853,29.0504],[119.9861,29.0532],[119.9868,29.0539],[119.9896,29.0547],[119.9906,29.0545],[119.9924,29.0562],[119.9945,29.0572],[119.9955,29.0572],[119.9972,29.0589],[119.9976,29.0601],[119.9992,29.0598],[120.0006,29.0589],[120.0032,29.0593],[120.0043,29.0586],[120.0081,29.058],[120.0105,29.0584],[120.0117,29.0611],[120.0127,29.0621],[120.0129,29.0633],[120.0149,29.0641],[120.0171,29.0642],[120.0182,29.0659],[120.02,29.0678],[120.0237,29.0665],[120.0249,29.0652],[120.0271,29.0643],[120.0288,29.0641],[120.0299,29.0645],[120.0325,29.0646],[120.0322,29.0661],[120.0335,29.0669],[120.0357,29.0671],[120.0374,29.0682],[120.0391,29.0682],[120.0409,29.0695],[120.0414,29.0704],[120.0436,29.0696],[120.0446,29.0705],[120.0467,29.0712],[120.0491,29.0712],[120.0519,29.0716],[120.0546,29.0702],[120.0571,29.0722],[120.0587,29.0713],[120.0597,29.0714],[120.0586,29.0733],[120.0567,29.0735],[120.0534,29.0755],[120.0531,29.0768],[120.0554,29.0803],[120.0574,29.079],[120.0587,29.0802],[120.0586,29.0831],[120.0571,29.0838],[120.0604,29.0847],[120.0612,29.0856],[120.0607,29.0875],[120.0626,29.089],[120.0659,29.0885],[120.0653,29.0897],[120.0641,29.0904],[120.065,29.0912],[120.0637,29.0923],[120.0661,29.0938],[120.068,29.096],[120.0671,29.1],[120.0679,29.102],[120.066,29.1031],[120.068,29.1051],[120.0695,29.1022],[120.0726,29.1008],[120.0749,29.1007],[120.076,29.1013],[120.0783,29.1009],[120.0781,29.1002],[120.0826,29.1],[120.0821,29.1023],[120.0806,29.1038],[120.0791,29.1078],[120.0805,29.1106],[120.082,29.1126],[120.0821,29.1138],[120.0847,29.1147],[120.0874,29.1162],[120.0882,29.1187],[120.0872,29.121],[120.0887,29.1241],[120.0878,29.1261],[120.087,29.1263],[120.0866,29.1295],[120.0872,29.1301],[120.0871,29.1322],[120.0853,29.134],[120.0831,29.1368],[120.0818,29.1377],[120.0802,29.138],[120.0795,29.1398],[120.0797,29.141],[120.081,29.1419],[120.0808,29.144],[120.0791,29.1448],[120.0804,29.1464],[120.0809,29.1477],[120.0804,29.1503],[120.0808,29.1519],[120.078,29.1525],[120.0789,29.155],[120.0802,29.1567],[120.082,29.1582],[120.0832,29.1585],[120.0829,29.161],[120.0856,29.1618],[120.0852,29.1642],[120.0863,29.1651],[120.0866,29.1669],[120.0844,29.1686],[120.0854,29.1698],[120.0873,29.1699],[120.0877,29.1708],[120.0867,29.172],[120.0877,29.1744],[120.0873,29.1764],[120.0877,29.1784],[120.0872,29.1809],[120.0886,29.1841],[120.0932,29.1844],[120.0961,29.1853],[120.096,29.1868],[120.0947,29.1874],[120.0946,29.1891],[120.0951,29.1898],[120.095,29.1917],[120.0971,29.1929],[120.0993,29.1934],[120.0991,29.1954],[120.1004,29.1965],[120.0999,29.1999],[120.0983,29.1999],[120.0994,29.2025],[120.1023,29.2056],[120.1026,29.2067],[120.104,29.2066],[120.1068,29.2075],[120.1112,29.2112],[120.1115,29.2124],[120.1149,29.2159],[120.1139,29.2167],[120.1149,29.2178],[120.1169,29.2173],[120.1179,29.2176],[120.1177,29.2193],[120.1183,29.2205],[120.116,29.222],[120.1169,29.2235],[120.1201,29.2247],[120.1212,29.2264],[120.1224,29.2274],[120.123,29.2303],[120.1242,29.2309],[120.1255,29.2334],[120.1276,29.2335],[120.1294,29.2354],[120.1311,29.2353],[120.1324,29.2364],[120.132,29.2373],[120.1297,29.2386],[120.1277,29.2409],[120.1286,29.2426],[120.1308,29.2423],[120.1345,29.2432],[120.1352,29.2445],[120.1381,29.2454],[120.14,29.2444],[120.1399,29.2426],[120.1411,29.2425],[120.1425,29.2431],[120.1447,29.2416],[120.1449,29.2403],[120.1475,29.2402],[120.1471,29.2434],[120.1486,29.2429],[120.1501,29.243],[120.1507,29.2441],[120.1508,29.2457],[120.1524,29.248],[120.1542,29.2486],[120.1562,29.2485],[120.1571,29.25],[120.1574,29.2515],[120.1605,29.2507],[120.1598,29.2531],[120.1605,29.2549],[120.1598,29.2571],[120.1571,29.2591],[120.1573,29.261],[120.1541,29.2618],[120.1507,29.2637],[120.1506,29.2655],[120.1523,29.2675],[120.1518,29.269],[120.1501,29.2704],[120.1506,29.2716],[120.1522,29.272],[120.1532,29.2728],[120.1512,29.2743],[120.1519,29.2751],[120.1539,29.2761],[120.1523,29.2783],[120.152,29.2794],[120.1497,29.2798],[120.1486,29.2813],[120.1448,29.2828],[120.1469,29.2856],[120.1495,29.2869],[120.1507,29.2871],[120.1509,29.2905],[120.1524,29.2921],[120.1528,29.2934],[120.1525,29.2958],[120.1542,29.2965],[120.151,29.2984],[120.1512,29.299],[120.15,29.3013],[120.1507,29.3017],[120.1486,29.3043],[120.15,29.3058],[120.1504,29.3071],[120.1517,29.3054],[120.1534,29.3057],[120.1555,29.3034],[120.1558,29.306],[120.1573,29.3054],[120.1602,29.3072],[120.1595,29.3085],[120.1602,29.3105],[120.1622,29.3108],[120.1631,29.3121],[120.1654,29.3095],[120.1677,29.3084],[120.1729,29.3073],[120.1755,29.3072],[120.183,29.3073],[120.1895,29.3061],[120.1929,29.3044],[120.1954,29.3078],[120.1918,29.3095],[120.1923,29.3128],[120.1927,29.313],[120.1941,29.316],[120.1956,29.315],[120.1976,29.315],[120.1997,29.3165],[120.2005,29.3177],[120.2001,29.3188],[120.2012,29.3193],[120.2015,29.3202],[120.2008,29.3232],[120.2009,29.3252],[120.2023,29.3252],[120.2028,29.328],[120.2042,29.3278],[120.2097,29.328],[120.2093,29.3291],[120.2115,29.3297],[120.2141,29.331],[120.2161,29.3308],[120.2165,29.3317],[120.219,29.3337],[120.2201,29.3357],[120.2189,29.3371],[120.222,29.3385],[120.2237,29.341],[120.2242,29.3401],[120.226,29.3401],[120.2274,29.3432],[120.229,29.3441],[120.2277,29.3448],[120.2301,29.3463],[120.2307,29.3472],[120.2301,29.3486],[120.2314,29.3497],[120.2324,29.3517],[120.2307,29.3524],[120.2302,29.3532],[120.2307,29.3551],[120.2321,29.3565],[120.2333,29.3608],[120.2317,29.3615],[120.2317,29.3626],[120.2303,29.3648],[120.2295,29.3653],[120.2291,29.3668],[120.23,29.3683],[120.2313,29.3691],[120.2327,29.3683],[120.2342,29.3692],[120.2355,29.3718],[120.2352,29.3745],[120.2362,29.376],[120.2373,29.3764],[120.2394,29.3791],[120.2403,29.3821],[120.2413,29.3828],[120.2419,29.3848],[120.2425,29.3852],[120.2432,29.3881],[120.2429,29.3903],[120.2443,29.3914],[120.2457,29.3933],[120.2453,29.395],[120.2465,29.3962],[120.2423,29.4011],[120.2442,29.4031],[120.2446,29.4041],[120.2464,29.4044],[120.2471,29.4053],[120.2488,29.4057],[120.251,29.4049],[120.2525,29.4032],[120.2573,29.4019],[120.2598,29.4028],[120.2618,29.4038],[120.2633,29.4055],[120.2649,29.406],[120.2658,29.408],[120.2658,29.4094],[120.2667,29.41],[120.2675,29.4118],[120.2693,29.4134],[120.271,29.4135],[120.272,29.4158],[120.2735,29.4167],[120.275,29.4168],[120.2747,29.42],[120.2756,29.4211],[120.2745,29.4217],[120.2744,29.4235],[120.2751,29.4272],[120.2758,29.4279],[120.2746,29.429],[120.2751,29.4299],[120.2741,29.4314],[120.2748,29.4335],[120.2744,29.4352],[120.2748,29.4369],[120.2772,29.4387],[120.2766,29.4399],[120.2767,29.4412],[120.2774,29.4429],[120.2783,29.4434],[120.2782,29.4449],[120.2766,29.4437],[120.2733,29.4458],[120.2737,29.4474],[120.2735,29.4489],[120.2711,29.4484],[120.2719,29.4503],[120.2716,29.4525],[120.2689,29.4515],[120.2682,29.4529],[120.269,29.4558],[120.2678,29.4576],[120.2658,29.4591],[120.2658,29.4598],[120.2632,29.4604],[120.2617,29.4614],[120.2578,29.4609],[120.2581,29.4623],[120.2596,29.463],[120.2611,29.4644],[120.2595,29.4648],[120.2593,29.4663],[120.2577,29.4675],[120.2574,29.4685],[120.2579,29.4703],[120.2578,29.4722],[120.2565,29.474],[120.2581,29.4744],[120.2588,29.4752],[120.2592,29.4769],[120.2609,29.4777],[120.2613,29.4786],[120.2626,29.4796],[120.2626,29.4817],[120.2646,29.4839],[120.266,29.4832],[120.2688,29.4832],[120.2708,29.4829],[120.2726,29.4844],[120.273,29.4858],[120.2743,29.4862],[120.2778,29.4853],[120.2806,29.4859],[120.282,29.4874],[120.2781,29.4891],[120.2763,29.4896],[120.2774,29.4911],[120.2779,29.4936],[120.2768,29.4946],[120.2751,29.4951],[120.2753,29.4977],[120.2737,29.4984],[120.2699,29.4996],[120.268,29.5024],[120.2675,29.5014],[120.2676,29.5],[120.2693,29.4972],[120.2715,29.4959],[120.2699,29.4955],[120.2681,29.4972],[120.2664,29.4979],[120.2647,29.4994],[120.2641,29.5007],[120.2622,29.5013],[120.2595,29.5005],[120.2606,29.4979],[120.2578,29.4976],[120.2561,29.4983],[120.2529,29.4986],[120.2522,29.4993],[120.2498,29.4993],[120.2496,29.4982],[120.247,29.4961],[120.2463,29.4964],[120.2461,29.4984],[120.2438,29.5007],[120.2419,29.5015],[120.2419,29.5023],[120.244,29.5037],[120.2448,29.5059],[120.2441,29.5075],[120.2426,29.5079],[120.2426,29.5088],[120.2411,29.51],[120.2398,29.5122],[120.2398,29.514],[120.2382,29.5145],[120.2356,29.5138],[120.2344,29.5146],[120.2311,29.5131],[120.2298,29.5133],[120.2288,29.5147],[120.2259,29.515],[120.225,29.5157],[120.2179,29.518],[120.2184,29.5218],[120.219,29.5227],[120.2181,29.5242],[120.2154,29.5257],[120.2118,29.5261],[120.2099,29.5253],[120.2057,29.5248],[120.204,29.5252],[120.2036,29.5263],[120.2044,29.527],[120.2043,29.5283],[120.2032,29.5309],[120.2043,29.5341],[120.2061,29.5347],[120.2055,29.5382],[120.2046,29.5398],[120.2054,29.5405],[120.206,29.5424],[120.207,29.5428],[120.2077,29.5447],[120.2086,29.5453],[120.2073,29.5476],[120.205,29.548],[120.208,29.5497],[120.2075,29.5505],[120.2091,29.5526],[120.2081,29.5534],[120.2061,29.5532],[120.2031,29.5543],[120.2005,29.5546],[120.1989,29.5541],[120.1964,29.5545],[120.1945,29.554],[120.193,29.5553],[120.1911,29.5556],[120.1911,29.5568],[120.192,29.5578],[120.1907,29.5584],[120.1857,29.5565],[120.1854,29.5555],[120.1837,29.5539],[120.1822,29.5535],[120.1823,29.5515],[120.1815,29.5505],[120.1825,29.5497],[120.1828,29.5485],[120.1825,29.5462],[120.181,29.5441],[120.179,29.5419],[120.178,29.5396],[120.1768,29.5384],[120.1765,29.5368],[120.1754,29.5353],[120.1755,29.5328],[120.1763,29.5307],[120.177,29.5301],[120.1761,29.5282],[120.1741,29.5283],[120.1724,29.5276],[120.1719,29.5264],[120.1692,29.5258],[120.1693,29.5236],[120.1685,29.5212],[120.1674,29.5217],[120.1636,29.5209],[120.1623,29.5197],[120.1622,29.5185],[120.1609,29.5165],[120.1579,29.5168],[120.1574,29.5176],[120.1558,29.5178],[120.1549,29.5191],[120.1534,29.5195],[120.1511,29.5193],[120.15,29.5178],[120.1497,29.5152],[120.1484,29.5148],[120.1476,29.5135],[120.1449,29.5109],[120.1447,29.5101],[120.1413,29.5109],[120.1399,29.5117],[120.1386,29.5111],[120.1356,29.5119],[120.1334,29.5096],[120.1335,29.5086],[120.1327,29.5075],[120.1331,29.5057],[120.1304,29.5049],[120.1293,29.5054],[120.1266,29.5041],[120.1267,29.5023],[120.1255,29.5012],[120.1259,29.4981],[120.1249,29.4964],[120.1223,29.4976],[120.1204,29.4977],[120.1186,29.4962],[120.1158,29.4973],[120.1142,29.4971],[120.1168,29.495],[120.1162,29.4931],[120.1152,29.4924],[120.1113,29.4938],[120.1109,29.4926],[120.1115,29.4913],[120.1077,29.4906],[120.1052,29.4919],[120.1042,29.4907],[120.1024,29.4911],[120.101,29.4906],[120.0989,29.489],[120.0976,29.4859],[120.0948,29.4855],[120.0936,29.485],[120.0915,29.4849],[120.0908,29.4854],[120.0859,29.4845],[120.0855,29.4829],[120.0836,29.4832],[120.0827,29.4842],[120.0816,29.4835],[120.0822,29.4792],[120.0829,29.4782],[120.0812,29.477],[120.0803,29.4748],[120.0785,29.4747],[120.0779,29.4738],[120.0791,29.4725],[120.0785,29.4705],[120.0772,29.4693],[120.0759,29.4672],[120.0741,29.4652],[120.0739,29.4641],[120.0714,29.4641],[120.0705,29.4631],[120.0714,29.4611],[120.0714,29.4591],[120.0694,29.4572],[120.0687,29.4551],[120.0689,29.4533],[120.0707,29.4524],[120.071,29.4509],[120.0691,29.4496],[120.0681,29.4464],[120.0664,29.4464],[120.0654,29.4446],[120.0638,29.4429],[120.0643,29.4402],[120.0638,29.4385],[120.0629,29.4371],[120.0606,29.4373],[120.0595,29.4356],[120.0583,29.4352],[120.0579,29.4333],[120.0568,29.4328],[120.0562,29.431],[120.0539,29.431],[120.0517,29.4315],[120.0514,29.4327],[120.0487,29.4329],[120.0484,29.4319],[120.0461,29.4303],[120.0431,29.4302],[120.0422,29.4288],[120.041,29.4283],[120.0413,29.4273],[120.0397,29.4266],[120.0382,29.4246],[120.0366,29.4239],[120.0353,29.4224],[120.0343,29.4219],[120.034,29.4194],[120.0321,29.4178],[120.0341,29.4168],[120.0325,29.4159],[120.0325,29.4144],[120.0353,29.4144],[120.0349,29.4135],[120.0322,29.4138],[120.0298,29.4136],[120.0287,29.4127],[120.0271,29.4127],[120.0237,29.4112],[120.0216,29.4094],[120.0201,29.4071],[120.0201,29.4056],[120.0181,29.4035],[120.0172,29.4035],[120.0156,29.402],[120.015,29.4009],[120.0137,29.3999],[120.0119,29.398],[120.0112,29.3959],[120.0071,29.395],[120.007,29.3927],[120.0055,29.3913],[120.0026,29.3878],[120.0007,29.3861],[119.9978,29.3851],[119.9961,29.3828],[119.9948,29.3817],[119.9933,29.3821],[119.992,29.3809],[119.9918,29.3794],[119.9922,29.3783],[119.9902,29.3775],[119.9897,29.3747],[119.9877,29.3742],[119.986,29.3709],[119.9842,29.3699],[119.9829,29.3698],[119.9798,29.3703],[119.9772,29.3675],[119.9755,29.3672],[119.9748,29.3652],[119.9739,29.3641],[119.9745,29.3634],[119.9751,29.3607],[119.9744,29.3591],[119.9742,29.3572],[119.9714,29.354],[119.9703,29.3538],[119.9692,29.3548],[119.9672,29.3543],[119.9668,29.355],[119.9679,29.3569],[119.9668,29.3585],[119.9682,29.3601],[119.9676,29.3612],[119.9688,29.3625],[119.9692,29.3638],[119.9674,29.3653],[119.9665,29.3656],[119.9653,29.3647],[119.9633,29.3652],[119.962,29.367],[119.9605,29.3665],[119.9602,29.3652],[119.9587,29.3651],[119.9577,29.3668],[119.9566,29.3679],[119.9563,29.3704],[119.9591,29.3723],[119.9579,29.3729],[119.955,29.3703],[119.9544,29.371],[119.9527,29.3714],[119.9514,29.3734],[119.9517,29.375],[119.9512,29.3756],[119.9496,29.3747],[119.9485,29.3759],[119.9466,29.3774],[119.9455,29.3766],[119.9447,29.3778],[119.9423,29.3795],[119.9429,29.3803],[119.9404,29.3817],[119.9391,29.382],[119.9381,29.3832],[119.9366,29.3835],[119.9353,29.3821],[119.933,29.3822],[119.932,29.3817],[119.9307,29.382],[119.9286,29.3817],[119.9285,29.3789],[119.9288,29.3772],[119.9268,29.3768],[119.9263,29.3756],[119.9273,29.3749],[119.9296,29.3746],[119.9301,29.3733],[119.9281,29.3723],[119.9261,29.3736],[119.9255,29.3721],[119.9281,29.3717],[119.9275,29.3706],[119.9259,29.3693],[119.9236,29.3699],[119.9233,29.3688],[119.9218,29.368],[119.9216,29.3664],[119.9192,29.3675],[119.9198,29.3652],[119.9222,29.3638],[119.9216,29.3614],[119.9191,29.3616],[119.9186,29.3596],[119.9192,29.3583],[119.9169,29.3578],[119.9175,29.3623],[119.9162,29.3631],[119.9154,29.3618],[119.9123,29.3634],[119.9139,29.3661],[119.9102,29.3671],[119.9098,29.3688],[119.909,29.3686],[119.9078,29.3673],[119.9056,29.3675],[119.9021,29.3691],[119.9031,29.3702],[119.9004,29.3702],[119.9013,29.3714],[119.9024,29.3717],[119.9049,29.3705],[119.9051,29.3729],[119.9042,29.3733],[119.9027,29.3718],[119.9007,29.3718],[119.8983,29.3723],[119.8977,29.3709],[119.8959,29.3722],[119.8939,29.3715],[119.8918,29.3674],[119.8916,29.3658],[119.8904,29.3651],[119.8884,29.3647],[119.8836,29.3639],[119.8833,29.3657],[119.8823,29.3658],[119.8795,29.3637],[119.8792,29.3605],[119.875,29.3603],[119.8734,29.3579],[119.8751,29.3569],[119.877,29.3566],[119.8766,29.355],[119.877,29.3524],[119.8755,29.3522],[119.873,29.3511],[119.8735,29.3494],[119.8727,29.3491],[119.8685,29.3498],[119.866,29.3471],[119.8645,29.3489],[119.8624,29.3494],[119.8626,29.3479],[119.8615,29.3461],[119.857,29.3444],[119.8542,29.3458],[119.8511,29.345],[119.8517,29.3431],[119.8503,29.3416],[119.8489,29.3409],[119.8486,29.34],[119.8468,29.3391],[119.846,29.3378],[119.8468,29.3349],[119.8446,29.3337],[119.8414,29.3326],[119.8403,29.3314],[119.8393,29.3316],[119.8398,29.3337],[119.8385,29.3357],[119.8354,29.3352],[119.8332,29.3338],[119.8316,29.3334],[119.8299,29.3315],[119.8279,29.328],[119.8261,29.329],[119.8246,29.3291],[119.8245,29.3279],[119.8221,29.3272],[119.8212,29.3255],[119.8213,29.3245],[119.8194,29.3234],[119.8189,29.3222],[119.8178,29.3217],[119.8173,29.3206],[119.8191,29.3184],[119.8216,29.3164],[119.8212,29.3152],[119.8218,29.3142],[119.8206,29.3132],[119.8216,29.3118],[119.822,29.3104],[119.8207,29.3086],[119.8227,29.3079],[119.8247,29.308],[119.8263,29.3059],[119.8287,29.3046],[119.83,29.3046],[119.8335,29.3027],[119.8358,29.3036],[119.8369,29.3016],[119.8368,29.3005],[119.8382,29.2983],[119.8399,29.2975],[119.8419,29.2978],[119.8427,29.2965],[119.8418,29.2952],[119.8427,29.2935],[119.8441,29.2948],[119.847,29.293],[119.8481,29.2921],[119.8489,29.2906],[119.8502,29.2895],[119.854,29.2884],[119.855,29.2878],[119.8554,29.2863],[119.8596,29.2835],[119.8602,29.284],[119.8622,29.2839],[119.8618,29.2827],[119.8625,29.2816],[119.8645,29.2825],[119.8677,29.2814],[119.8688,29.28],[119.8695,29.2786],[119.8706,29.2772],[119.8718,29.2744],[119.8736,29.2756],[119.8745,29.2755],[119.8762,29.2764],[119.8779,29.2762],[119.8786,29.2753],[119.8798,29.276],[119.8794,29.2774],[119.8815,29.2774],[119.8825,29.2764],[119.8845,29.276],[119.8852,29.2744],[119.885,29.2723],[119.8866,29.2711],[119.8879,29.2676],[119.8872,29.2667],[119.8907,29.2661],[119.8914,29.2681],[119.8944,29.2661],[119.8954,29.2642],[119.8968,29.2637],[119.8974,29.2624],[119.9004,29.2604],[119.9001,29.2573],[119.9011,29.2559],[119.9009,29.2547],[119.9043,29.2549],[119.9055,29.2539],[119.9055,29.2529],[119.9083,29.2528],[119.9079,29.2518],[119.9085,29.2511],[119.9102,29.2506],[119.9095,29.2483],[119.9084,29.2469],[119.908,29.2455],[119.91,29.2434],[119.9095,29.2423],[119.9111,29.2413],[119.9117,29.2403],[119.9115,29.2388],[119.9101,29.2373],[119.9086,29.237],[119.9078,29.2359],[119.9082,29.2332],[119.9092,29.2304],[119.909,29.2287],[119.908,29.2264],[119.9069,29.2275],[119.9057,29.2267],[119.9065,29.2237],[119.9074,29.2226],[119.9066,29.2202],[119.9074,29.2187],[119.9093,29.2186],[119.91,29.217],[119.9096,29.2165],[119.9112,29.2131],[119.9102,29.2129],[119.9093,29.2111],[119.91,29.2086],[119.9081,29.2081],[119.9073,29.2063],[119.9083,29.2048],[119.9074,29.203],[119.9099,29.2025],[119.9106,29.202],[119.9113,29.2002],[119.9132,29.2006],[119.9146,29.1988],[119.9161,29.1979],[119.9175,29.1992],[119.919,29.1999],[119.9191,29.2012],[119.9216,29.2024],[119.9225,29.1993],[119.9218,29.1988],[119.9222,29.1948],[119.9213,29.193],[119.9204,29.192],[119.9199,29.1904],[119.9187,29.1904],[119.9189,29.1885],[119.9185,29.1878],[119.9193,29.1868],[119.921,29.1858],[119.9214,29.1869],[119.9234,29.1866],[119.9235,29.185],[119.9259,29.1841],[119.9241,29.1826],[119.9242,29.1813],[119.9256,29.1809],[119.926,29.18],[119.9286,29.1793],[119.9309,29.178],[119.9338,29.1759],[119.9367,29.1732],[119.9378,29.1727],[119.9407,29.1722],[119.941,29.1706],[119.9391,29.169],[119.9397,29.1665],[119.9365,29.1666],[119.9365,29.1651],[119.935,29.1643],[119.9359,29.1633],[119.9359,29.1617],[119.9369,29.16],[119.9363,29.1588],[119.937,29.1568],[119.9368,29.1553],[119.9371,29.1528],[119.9354,29.1523],[119.9361,29.1512],[119.9376,29.1512],[119.9369,29.1498],[119.9383,29.1484],[119.939,29.1469],[119.9401,29.1464],[119.9413,29.1477],[119.9417,29.1501],[119.9422,29.1506],[119.9451,29.1494],[119.9457,29.1486],[119.9451,29.1467],[119.9452,29.144],[119.9438,29.1425],[119.9443,29.1409],[119.943,29.14],[119.9419,29.1382],[119.9422,29.1376],[119.9417,29.1353],[119.9421,29.1342],[119.9413,29.1328],[119.9398,29.1324],[119.9398,29.1298],[119.9391,29.1256],[119.9392,29.1234],[119.9382,29.1233],[119.9374,29.1214],[119.9395,29.121],[119.9376,29.1188],[119.9372,29.1206],[119.9364,29.1217],[119.9345,29.1203],[119.9346,29.1176],[119.9335,29.1149],[119.9315,29.1134],[119.9308,29.1136],[119.9298,29.1157],[119.9294,29.1184],[119.9282,29.1198],[119.9252,29.1182],[119.9214,29.1173],[119.9201,29.1179],[119.9188,29.1176],[119.9186,29.119],[119.9148,29.1181],[119.9155,29.1169],[119.917,29.1123],[119.9186,29.1095],[119.9187,29.1085],[119.9158,29.1092],[119.9159,29.1075],[119.9137,29.1073],[119.914,29.1052],[119.9131,29.1025],[119.9114,29.1014],[119.9092,29.1013],[119.9106,29.1002],[119.9104,29.0984],[119.9074,29.0974],[119.9077,29.0942],[119.9031,29.0952],[119.9008,29.0937],[119.9029,29.0936],[119.905,29.0938],[119.9069,29.0935],[119.9092,29.0901],[119.9102,29.091],[119.9121,29.0909],[119.9117,29.0871],[119.9129,29.0852],[119.9115,29.0851],[119.9101,29.0862],[119.9069,29.0854],[119.9047,29.0866],[119.9027,29.0866],[119.9013,29.0859],[119.899,29.0859],[119.8985,29.0849],[119.8947,29.0832],[119.894,29.0813],[119.8953,29.08],[119.8973,29.0819],[119.9003,29.0832],[119.9021,29.0823],[119.903,29.0805],[119.9023,29.079],[119.9037,29.0758],[119.902,29.0751],[119.9021,29.0732],[119.9034,29.0733],[119.9048,29.0707],[119.9039,29.0693],[119.9053,29.0686],[119.9065,29.0699],[119.9076,29.0679],[119.9028,29.0646],[119.9012,29.0647],[119.8958,29.06],[119.8966,29.0558],[119.8962,29.0547],[119.8929,29.0529],[119.892,29.0518]]]},"properties":{"region_code":"CN-33-3307-330782","parent_region_code":"CN-33-3307","name":"义乌市","level":"county","has_children":false,"full_path":"中国 / 浙江省 / 金华市 / 义乌市","source_admin_code":"330782","osm_relation_id":4483297}},
{"type":"Feature","geometry":{"type":"Polygon","coordinates":[[[120.7325,29.3119],[120.7318,29.3127],[120.733,29.3154],[120.7317,29.3156],[120.7306,29.3151],[120.7292,29.3163],[120.7272,29.3163],[120.7268,29.3184],[120.7262,29.3186],[120.7248,29.3165],[120.722,29.3163],[120.7215,29.3137],[120.7193,29.3121],[120.7164,29.313],[120.7161,29.312],[120.7168,29.3108],[120.7157,29.3096],[120.7152,29.3079],[120.7138,29.3072],[120.713,29.3077],[120.7124,29.3093],[120.7107,29.3064],[120.711,29.3057],[120.7087,29.3054],[120.7082,29.3071],[120.7066,29.3063],[120.7051,29.3081],[120.705,29.3099],[120.7052,29.312],[120.705,29.3136],[120.7025,29.3148],[120.7007,29.3186],[120.7006,29.3217],[120.6993,29.3223],[120.6989,29.3205],[120.6975,29.3208],[120.6965,29.3224],[120.6943,29.3219],[120.6947,29.3233],[120.6938,29.3246],[120.6953,29.3253],[120.6962,29.3279],[120.6979,29.3268],[120.6988,29.3282],[120.699,29.3301],[120.7002,29.3319],[120.7011,29.3345],[120.7011,29.3357],[120.7026,29.3385],[120.7023,29.3402],[120.7017,29.341],[120.6994,29.3427],[120.6992,29.3438],[120.6972,29.3455],[120.697,29.347],[120.6948,29.3483],[120.6925,29.3476],[120.6915,29.3478],[120.6908,29.3458],[120.6935,29.3457],[120.6967,29.3472],[120.697,29.3461],[120.6964,29.3442],[120.6967,29.3431],[120.6949,29.3426],[120.6935,29.3438],[120.6919,29.3435],[120.6895,29.3442],[120.6864,29.3439],[120.6839,29.3447],[120.683,29.3432],[120.6815,29.3419],[120.6789,29.3412],[120.6781,29.3398],[120.677,29.3393],[120.6755,29.3396],[120.6739,29.3384],[120.6736,29.3363],[120.6725,29.3361],[120.6715,29.333],[120.6707,29.3318],[120.6684,29.3303],[120.6659,29.3291],[120.6645,29.3293],[120.661,29.3306],[120.6596,29.3305],[120.6597,29.3289],[120.6583,29.3284],[120.6568,29.329],[120.655,29.3289],[120.6545,29.3301],[120.6553,29.3315],[120.6535,29.3337],[120.6513,29.3346],[120.6523,29.3356],[120.6527,29.3369],[120.6511,29.3381],[120.651,29.3393],[120.6493,29.339],[120.6468,29.3376],[120.6459,29.3364],[120.6462,29.3347],[120.6435,29.3341],[120.641,29.3304],[120.6405,29.3317],[120.639,29.3329],[120.6379,29.333],[120.6375,29.3318],[120.6353,29.3306],[120.6348,29.3283],[120.6339,29.3279],[120.635,29.3253],[120.6324,29.3255],[120.6307,29.3251],[120.6282,29.3256],[120.6269,29.3276],[120.6268,29.3302],[120.6273,29.3309],[120.6292,29.3313],[120.6287,29.3339],[120.6275,29.3353],[120.6227,29.3366],[120.6203,29.3381],[120.6194,29.3393],[120.6178,29.3389],[120.6169,29.3402],[120.6155,29.3395],[120.6142,29.3397],[120.6126,29.3387],[120.6103,29.3402],[120.6085,29.3404],[120.6075,29.339],[120.6047,29.337],[120.6035,29.3366],[120.6018,29.3377],[120.6006,29.3364],[120.5993,29.3365],[120.5982,29.336],[120.5964,29.3379],[120.5938,29.3383],[120.5931,29.3397],[120.5939,29.3414],[120.5937,29.3432],[120.5914,29.3444],[120.5909,29.3452],[120.5914,29.3479],[120.5898,29.3499],[120.5885,29.3496],[120.5873,29.3485],[120.587,29.3506],[120.5843,29.3504],[120.5827,29.3515],[120.5808,29.3505],[120.58,29.3507],[120.5778,29.3492],[120.5764,29.3475],[120.5753,29.3456],[120.5761,29.3444],[120.5778,29.3442],[120.5787,29.3431],[120.5772,29.3426],[120.5748,29.3429],[120.5735,29.3425],[120.5732,29.3415],[120.5702,29.3415],[120.5688,29.3421],[120.5698,29.3441],[120.5658,29.3468],[120.5675,29.3485],[120.5667,29.3501],[120.567,29.352],[120.5676,29.3522],[120.5694,29.3546],[120.5717,29.3554],[120.5741,29.359],[120.5748,29.3605],[120.5742,29.3621],[120.5721,29.3622],[120.5699,29.3633],[120.5684,29.3658],[120.5675,29.3655],[120.5655,29.3663],[120.567,29.3671],[120.5684,29.3667],[120.5692,29.3671],[120.5682,29.3687],[120.5657,29.3689],[120.5641,29.3695],[120.5614,29.3691],[120.5605,29.3686],[120.5598,29.367],[120.5575,29.3667],[120.5571,29.3656],[120.5553,29.3661],[120.5551,29.3693],[120.5535,29.3681],[120.5521,29.368],[120.5523,29.3692],[120.5515,29.3707],[120.5493,29.3714],[120.5497,29.3733],[120.5491,29.3753],[120.5505,29.3755],[120.5501,29.3767],[120.5515,29.3771],[120.5518,29.3756],[120.5529,29.3756],[120.5528,29.3772],[120.5544,29.3789],[120.5555,29.3824],[120.5564,29.3824],[120.5556,29.3846],[120.5557,29.3859],[120.5532,29.3872],[120.5521,29.386],[120.551,29.3871],[120.5492,29.3877],[120.5489,29.389],[120.5497,29.3903],[120.5491,29.3932],[120.5483,29.3929],[120.5459,29.3939],[120.5452,29.3948],[120.543,29.3945],[120.542,29.3926],[120.5413,29.3923],[120.5388,29.3925],[120.5341,29.3921],[120.5351,29.395],[120.5335,29.3949],[120.5316,29.3958],[120.5314,29.3974],[120.53,29.3986],[120.5277,29.3998],[120.5279,29.401],[120.5261,29.4027],[120.5257,29.404],[120.5243,29.404],[120.5238,29.4028],[120.5214,29.404],[120.5205,29.4033],[120.5191,29.4041],[120.5163,29.4064],[120.5149,29.4068],[120.5138,29.4063],[120.5127,29.407],[120.512,29.4092],[120.5139,29.4094],[120.5145,29.4105],[120.5124,29.4117],[120.5123,29.415],[120.5101,29.4186],[120.5092,29.4188],[120.5086,29.4206],[120.5118,29.4225],[120.5134,29.4238],[120.5137,29.425],[120.5135,29.4271],[120.5112,29.4266],[120.5088,29.4255],[120.5074,29.4274],[120.5086,29.4296],[120.5088,29.431],[120.5082,29.4335],[120.5083,29.4347],[120.5073,29.4356],[120.5072,29.4372],[120.5063,29.4387],[120.5083,29.4388],[120.5077,29.4402],[120.508,29.4435],[120.511,29.4442],[120.5091,29.4452],[120.5083,29.4463],[120.5106,29.4488],[120.5108,29.451],[120.5096,29.452],[120.5109,29.4544],[120.5122,29.454],[120.5145,29.4545],[120.515,29.456],[120.5162,29.4569],[120.5169,29.4588],[120.518,29.4578],[120.519,29.4586],[120.5176,29.4597],[120.5174,29.4612],[120.5155,29.4615],[120.516,29.4636],[120.5141,29.4661],[120.5137,29.4674],[120.5125,29.4684],[120.5114,29.4684],[120.5099,29.4713],[120.5068,29.4719],[120.5019,29.471],[120.5002,29.4724],[120.4971,29.4709],[120.496,29.4698],[120.4934,29.4688],[120.4916,29.4686],[120.4908,29.4691],[120.4922,29.4703],[120.4928,29.4728],[120.4938,29.4747],[120.4937,29.4772],[120.4924,29.4778],[120.4913,29.4796],[120.4897,29.4814],[120.4893,29.4832],[120.4875,29.4837],[120.4858,29.4824],[120.4854,29.4847],[120.4843,29.4854],[120.4845,29.4871],[120.4836,29.4878],[120.4852,29.4889],[120.4823,29.4892],[120.4812,29.4881],[120.4789,29.487],[120.4773,29.488],[120.4767,29.4915],[120.474,29.4925],[120.4712,29.4951],[120.4694,29.4961],[120.4672,29.4967],[120.4655,29.4967],[120.4659,29.4945],[120.4652,29.493],[120.4643,29.4926],[120.4602,29.4924],[120.4589,29.4916],[120.4581,29.4887],[120.455,29.486],[120.4521,29.4848],[120.4506,29.4857],[120.4481,29.4847],[120.4448,29.4848],[120.4436,29.4839],[120.4406,29.4833],[120.4399,29.4823],[120.4373,29.482],[120.4346,29.4807],[120.4325,29.4807],[120.4285,29.4819],[120.4269,29.4811],[120.4243,29.4812],[120.4223,29.4805],[120.4225,29.4772],[120.4206,29.4755],[120.4174,29.47],[120.4157,29.4691],[120.4144,29.4653],[120.4139,29.4633],[120.413,29.4627],[120.4122,29.4606],[120.4112,29.4602],[120.41,29.4586],[120.4093,29.4559],[120.4074,29.4525],[120.4059,29.4522],[120.4037,29.454],[120.4012,29.454],[120.3991,29.4547],[120.3985,29.4544],[120.396,29.4551],[120.3931,29.4579],[120.3916,29.4577],[120.3902,29.4569],[120.389,29.4573],[120.3868,29.4573],[120.3849,29.4582],[120.3806,29.4587],[120.3775,29.4561],[120.3763,29.456],[120.3753,29.455],[120.3758,29.452],[120.3767,29.4512],[120.3766,29.4501],[120.3751,29.4487],[120.3734,29.4489],[120.3715,29.4472],[120.3711,29.448],[120.3717,29.45],[120.3708,29.4505],[120.3678,29.4496],[120.3671,29.4473],[120.3663,29.4471],[120.3639,29.4482],[120.3637,29.4461],[120.3652,29.4444],[120.361,29.4418],[120.3599,29.4406],[120.3598,29.4382],[120.359,29.437],[120.3593,29.4356],[120.3614,29.4342],[120.3617,29.4336],[120.3637,29.4323],[120.3649,29.4301],[120.3659,29.4296],[120.3667,29.4266],[120.3669,29.4249],[120.3677,29.4237],[120.3672,29.422],[120.3656,29.4207],[120.3663,29.4195],[120.366,29.4185],[120.3636,29.4186],[120.3617,29.4162],[120.3582,29.4181],[120.356,29.4174],[120.3541,29.4183],[120.353,29.4182],[120.351,29.416],[120.3483,29.4154],[120.3453,29.4138],[120.3418,29.4138],[120.3381,29.4131],[120.3357,29.4139],[120.3337,29.4134],[120.334,29.4121],[120.3319,29.412],[120.333,29.4081],[120.3289,29.4058],[120.3289,29.4037],[120.3282,29.4024],[120.3284,29.4001],[120.3276,29.3983],[120.3281,29.3962],[120.3268,29.3945],[120.3248,29.395],[120.324,29.3944],[120.3247,29.3932],[120.3247,29.3917],[120.324,29.3913],[120.3232,29.3887],[120.3222,29.3873],[120.3219,29.3855],[120.3212,29.3848],[120.3209,29.3832],[120.3196,29.3839],[120.3175,29.383],[120.3158,29.3818],[120.3147,29.3826],[120.3109,29.3815],[120.3091,29.3801],[120.3068,29.3765],[120.3066,29.3742],[120.3059,29.3732],[120.3061,29.3717],[120.304,29.3698],[120.3036,29.3671],[120.3021,29.3686],[120.3015,29.367],[120.3,29.3668],[120.2988,29.3677],[120.2979,29.3669],[120.2962,29.3642],[120.2946,29.3651],[120.293,29.3648],[120.2917,29.3639],[120.2914,29.3629],[120.2936,29.361],[120.2935,29.3589],[120.2915,29.3585],[120.2899,29.3573],[120.2888,29.3588],[120.2871,29.3579],[120.2851,29.3578],[120.2842,29.3592],[120.2835,29.3624],[120.2828,29.363],[120.2795,29.3645],[120.2784,29.3656],[120.2757,29.3658],[120.2749,29.3651],[120.2735,29.3652],[120.2731,29.3677],[120.2711,29.3686],[120.2715,29.3697],[120.269,29.3702],[120.2687,29.3715],[120.2668,29.3721],[120.2669,29.3741],[120.2657,29.3745],[120.267,29.376],[120.2669,29.3775],[120.2633,29.3778],[120.2604,29.3808],[120.2614,29.3831],[120.2615,29.3853],[120.2597,29.3882],[120.2588,29.3888],[120.2573,29.3908],[120.2565,29.3925],[120.2559,29.3955],[120.2568,29.3972],[120.2563,29.3987],[120.2573,29.4019],[120.2525,29.4032],[120.251,29.4049],[120.2488,29.4057],[120.2471,29.4053],[120.2464,29.4044],[120.2446,29.4041],[120.2442,29.4031],[120.2423,29.4011],[120.2465,29.3962],[120.2453,29.395],[120.2457,29.3933],[120.2443,29.3914],[120.2429,29.3903],[120.2432,29.3881],[120.2425,29.3852],[120.2419,29.3848],[120.2413,29.3828],[120.2403,29.3821],[120.2394,29.3791],[120.2373,29.3764],[120.2362,29.376],[120.2352,29.3745],[120.2355,29.3718],[120.2342,29.3692],[120.2327,29.3683],[120.2313,29.3691],[120.23,29.3683],[120.2291,29.3668],[120.2295,29.3653],[120.2303,29.3648],[120.2317,29.3626],[120.2317,29.3615],[120.2333,29.3608],[120.2321,29.3565],[120.2307,29.3551],[120.2302,29.3532],[120.2307,29.3524],[120.2324,29.3517],[120.2314,29.3497],[120.2301,29.3486],[120.2307,29.3472],[120.2301,29.3463],[120.2277,29.3448],[120.229,29.3441],[120.2274,29.3432],[120.226,29.3401],[120.2242,29.3401],[120.2237,29.341],[120.222,29.3385],[120.2189,29.3371],[120.2201,29.3357],[120.219,29.3337],[120.2165,29.3317],[120.2161,29.3308],[120.2141,29.331],[120.2115,29.3297],[120.2093,29.3291],[120.2097,29.328],[120.2042,29.3278],[120.2028,29.328],[120.2023,29.3252],[120.2009,29.3252],[120.2008,29.3232],[120.2015,29.3202],[120.2012,29.3193],[120.2001,29.3188],[120.2005,29.3177],[120.1997,29.3165],[120.1976,29.315],[120.1956,29.315],[120.1941,29.316],[120.1927,29.313],[120.1923,29.3128],[120.1918,29.3095],[120.1954,29.3078],[120.1929,29.3044],[120.1895,29.3061],[120.183,29.3073],[120.1755,29.3072],[120.1729,29.3073],[120.1677,29.3084],[120.1654,29.3095],[120.1631,29.3121],[120.1622,29.3108],[120.1602,29.3105],[120.1595,29.3085],[120.1602,29.3072],[120.1573,29.3054],[120.1558,29.306],[120.1555,29.3034],[120.1534,29.3057],[120.1517,29.3054],[120.1504,29.3071],[120.15,29.3058],[120.1486,29.3043],[120.1507,29.3017],[120.15,29.3013],[120.1512,29.299],[120.151,29.2984],[120.1542,29.2965],[120.1525,29.2958],[120.1528,29.2934],[120.1524,29.2921],[120.1509,29.2905],[120.1507,29.2871],[120.1495,29.2869],[120.1469,29.2856],[120.1448,29.2828],[120.1486,29.2813],[120.1497,29.2798],[120.152,29.2794],[120.1523,29.2783],[120.1539,29.2761],[120.1519,29.2751],[120.1512,29.2743],[120.1532,29.2728],[120.1522,29.272],[120.1506,29.2716],[120.1501,29.2704],[120.1518,29.269],[120.1523,29.2675],[120.1506,29.2655],[120.1507,29.2637],[120.1541,29.2618],[120.1573,29.261],[120.1571,29.2591],[120.1598,29.2571],[120.1605,29.2549],[120.1598,29.2531],[120.1605,29.2507],[120.1574,29.2515],[120.1571,29.25],[120.1562,29.2485],[120.1542,29.2486],[120.1524,29.248],[120.1508,29.2457],[120.1507,29.2441],[120.1501,29.243],[120.1486,29.2429],[120.1471,29.2434],[120.1475,29.2402],[120.1449,29.2403],[120.1447,29.2416],[120.1425,29.2431],[120.1411,29.2425],[120.1399,29.2426],[120.14,29.2444],[120.1381,29.2454],[120.1352,29.2445],[120.1345,29.2432],[120.1308,29.2423],[120.1286,29.2426],[120.1277,29.2409],[120.1297,29.2386],[120.132,29.2373],[120.1324,29.2364],[120.1311,29.2353],[120.1294,29.2354],[120.1276,29.2335],[120.1255,29.2334],[120.1242,29.2309],[120.123,29.2303],[120.1224,29.2274],[120.1212,29.2264],[120.1201,29.2247],[120.1169,29.2235],[120.116,29.222],[120.1183,29.2205],[120.1177,29.2193],[120.1179,29.2176],[120.1169,29.2173],[120.1149,29.2178],[120.1139,29.2167],[120.1149,29.2159],[120.1115,29.2124],[120.1112,29.2112],[120.1068,29.2075],[120.104,29.2066],[120.1026,29.2067],[120.1023,29.2056],[120.0994,29.2025],[120.0983,29.1999],[120.0999,29.1999],[120.1004,29.1965],[120.0991,29.1954],[120.0993,29.1934],[120.0971,29.1929],[120.095,29.1917],[120.0951,29.1898],[120.0946,29.1891],[120.0947,29.1874],[120.096,29.1868],[120.0961,29.1853],[120.0932,29.1844],[120.0886,29.1841],[120.0872,29.1809],[120.0877,29.1784],[120.0873,29.1764],[120.0877,29.1744],[120.0867,29.172],[120.0877,29.1708],[120.0873,29.1699],[120.0854,29.1698],[120.0844,29.1686],[120.0866,29.1669],[120.0863,29.1651],[120.0852,29.1642],[120.0856,29.1618],[120.0829,29.161],[120.0832,29.1585],[120.082,29.1582],[120.0802,29.1567],[120.0789,29.155],[120.078,29.1525],[120.0808,29.1519],[120.0804,29.1503],[120.0809,29.1477],[120.0804,29.1464],[120.0791,29.1448],[120.0808,29.144],[120.081,29.1419],[120.0797,29.141],[120.0795,29.1398],[120.0802,29.138],[120.0818,29.1377],[120.0831,29.1368],[120.0853,29.134],[120.0871,29.1322],[120.0872,29.1301],[120.0866,29.1295],[120.087,29.1263],[120.0878,29.1261],[120.0887,29.1241],[120.0872,29.121],[120.0882,29.1187],[120.0874,29.1162],[120.0847,29.1147],[120.0821,29.1138],[120.082,29.1126],[120.0805,29.1106],[120.0791,29.1078],[120.0806,29.1038],[120.0821,29.1023],[120.0826,29.1],[120.0781,29.1002],[120.0783,29.1009],[120.076,29.1013],[120.0749,29.1007],[120.0726,29.1008],[120.0728,29.0991],[120.0746,29.099],[120.0767,29.1008],[120.0776,29.0999],[120.0787,29.0965],[120.0804,29.0963],[120.0816,29.0972],[120.0831,29.097],[120.0852,29.0961],[120.0865,29.0948],[120.0885,29.0962],[120.0897,29.0942],[120.0937,29.0922],[120.096,29.0922],[120.0978,29.0928],[120.1006,29.0946],[120.101,29.097],[120.1022,29.1002],[120.1007,29.1016],[120.1018,29.1029],[120.1005,29.1033],[120.1009,29.1051],[120.1019,29.1067],[120.1033,29.1066],[120.104,29.1046],[120.1029,29.1027],[120.1051,29.1033],[120.1057,29.1025],[120.1081,29.1037],[120.1096,29.1036],[120.111,29.1047],[120.1145,29.1056],[120.1143,29.1045],[120.1147,29.1011],[120.1169,29.0996],[120.1182,29.0993],[120.1187,29.098],[120.1169,29.0969],[120.1185,29.094],[120.121,29.0932],[120.123,29.0947],[120.1238,29.0942],[120.1244,29.0924],[120.1258,29.0927],[120.1281,29.092],[120.1301,29.0944],[120.1328,29.0954],[120.1348,29.098],[120.1369,29.0983],[120.1392,29.0979],[120.1415,29.0963],[120.1447,29.0975],[120.1478,29.0965],[120.1473,29.0942],[120.1482,29.0937],[120.1505,29.0936],[120.1527,29.0929],[120.1555,29.0941],[120.1567,29.0932],[120.1578,29.0911],[120.1622,29.0903],[120.1633,29.0912],[120.167,29.0927],[120.1688,29.0943],[120.1685,29.0962],[120.1704,29.0966],[120.1705,29.0951],[120.1718,29.0954],[120.1728,29.0948],[120.1721,29.0932],[120.1683,29.0917],[120.1658,29.0902],[120.164,29.0895],[120.1647,29.0885],[120.1636,29.0877],[120.1627,29.0864],[120.1606,29.0875],[120.1596,29.0863],[120.1594,29.0839],[120.1588,29.0828],[120.1571,29.0825],[120.1562,29.0829],[120.155,29.0808],[120.1532,29.0796],[120.1518,29.078],[120.152,29.0771],[120.1566,29.0783],[120.1575,29.0793],[120.1605,29.0804],[120.1615,29.0783],[120.1634,29.078],[120.1641,29.0767],[120.1674,29.0761],[120.1674,29.0752],[120.1655,29.0722],[120.1685,29.0703],[120.1699,29.07],[120.1707,29.0688],[120.1727,29.0683],[120.1746,29.0684],[120.1758,29.067],[120.1788,29.068],[120.1803,29.0695],[120.1834,29.068],[120.1868,29.0674],[120.1876,29.0691],[120.1892,29.0694],[120.1929,29.0683],[120.1929,29.0677],[120.1959,29.0661],[120.1976,29.0659],[120.199,29.0668],[120.1998,29.0666],[120.2015,29.0674],[120.2046,29.0677],[120.2064,29.0672],[120.208,29.068],[120.2084,29.0665],[120.2096,29.0671],[120.2121,29.0677],[120.2129,29.0671],[120.2138,29.0683],[120.2156,29.0691],[120.217,29.0683],[120.2186,29.0684],[120.2188,29.067],[120.2205,29.0669],[120.2217,29.0664],[120.2222,29.0648],[120.2238,29.0653],[120.2247,29.0649],[120.2254,29.0633],[120.2264,29.0629],[120.2276,29.0634],[120.2304,29.0629],[120.2312,29.0622],[120.2328,29.0624],[120.2329,29.0609],[120.2339,29.0602],[120.2341,29.0592],[120.2337,29.0565],[120.2355,29.0557],[120.2384,29.0552],[120.2359,29.0518],[120.236,29.0493],[120.2384,29.0463],[120.2372,29.0458],[120.2372,29.0447],[120.2363,29.0439],[120.2375,29.043],[120.2362,29.0394],[120.2367,29.0376],[120.2389,29.0355],[120.2419,29.0342],[120.2441,29.0323],[120.2469,29.0324],[120.2479,29.0329],[120.2485,29.0315],[120.2497,29.0304],[120.2518,29.0302],[120.253,29.0293],[120.2551,29.0293],[120.2585,29.0303],[120.2611,29.0278],[120.263,29.0278],[120.263,29.0258],[120.2671,29.0273],[120.268,29.0265],[120.2698,29.0264],[120.2714,29.0243],[120.2725,29.0241],[120.273,29.0211],[120.2745,29.0183],[120.2766,29.0171],[120.2785,29.0174],[120.2801,29.0167],[120.2797,29.0152],[120.2801,29.0125],[120.2812,29.0119],[120.2838,29.0113],[120.2893,29.0126],[120.2948,29.0132],[120.3004,29.0101],[120.3022,29.0103],[120.3038,29.0116],[120.3048,29.0132],[120.3067,29.0113],[120.3133,29.013],[120.3139,29.0116],[120.3162,29.0106],[120.3167,29.01],[120.3166,29.0072],[120.314,29.0062],[120.315,29.0048],[120.3148,29.003],[120.3131,29.0018],[120.31,28.9979],[120.3093,28.9965],[120.3113,28.9945],[120.3112,28.9937],[120.3131,28.9914],[120.3158,28.9899],[120.3175,28.99],[120.3182,28.9892],[120.3176,28.9877],[120.3216,28.9868],[120.3222,28.9849],[120.3198,28.9827],[120.319,28.9842],[120.3181,28.9834],[120.3191,28.9812],[120.3176,28.9804],[120.3145,28.9777],[120.3142,28.9768],[120.3159,28.9767],[120.3162,28.9781],[120.3183,28.9784],[120.3187,28.9768],[120.3173,28.9764],[120.3178,28.9743],[120.3193,28.9736],[120.3198,28.9718],[120.3214,28.9715],[120.3245,28.9697],[120.3259,28.9698],[120.3273,28.9709],[120.3288,28.971],[120.3289,28.9724],[120.3298,28.9735],[120.3325,28.9747],[120.3335,28.9759],[120.3351,28.9763],[120.3355,28.9785],[120.3367,28.9807],[120.3383,28.981],[120.3405,28.9845],[120.342,28.9855],[120.3431,28.9853],[120.3442,28.9832],[120.3451,28.9797],[120.3451,28.9776],[120.3444,28.9767],[120.3451,28.9749],[120.3471,28.9748],[120.3475,28.9741],[120.3464,28.9731],[120.3477,28.9723],[120.3502,28.9728],[120.3535,28.9752],[120.3531,28.9728],[120.3557,28.9722],[120.3564,28.9709],[120.3597,28.9689],[120.3626,28.9694],[120.3619,28.9703],[120.3635,28.9716],[120.3654,28.9708],[120.3662,28.9712],[120.3663,28.9732],[120.3677,28.9743],[120.369,28.976],[120.3711,28.9771],[120.3714,28.9786],[120.3711,28.98],[120.3741,28.9814],[120.3731,28.9826],[120.3746,28.9838],[120.3747,28.9851],[120.3732,28.9868],[120.3716,28.987],[120.3708,28.9857],[120.3699,28.9853],[120.3685,28.9861],[120.3682,28.9878],[120.3665,28.991],[120.3663,28.9933],[120.3665,28.9953],[120.367,28.9961],[120.3695,28.9972],[120.3704,28.9984],[120.372,28.9964],[120.3751,28.999],[120.3734,28.9991],[120.3716,29.0009],[120.372,29.005],[120.3732,29.0064],[120.3746,29.0055],[120.3759,29.0068],[120.3786,29.0073],[120.3791,29.006],[120.3802,29.0063],[120.3811,29.0056],[120.3823,29.0056],[120.3831,29.0067],[120.3829,29.0086],[120.3874,29.0127],[120.3868,29.0138],[120.3867,29.0155],[120.3843,29.017],[120.3857,29.0177],[120.3893,29.0184],[120.3901,29.019],[120.3914,29.0214],[120.3929,29.0224],[120.3943,29.0241],[120.3945,29.0253],[120.3977,29.0288],[120.3993,29.03],[120.4001,29.0326],[120.3991,29.0337],[120.3987,29.035],[120.3998,29.0373],[120.4013,29.0381],[120.4016,29.0396],[120.4043,29.0408],[120.4051,29.0419],[120.4044,29.044],[120.4023,29.0456],[120.4027,29.0473],[120.4002,29.0495],[120.398,29.0511],[120.3984,29.0519],[120.3985,29.0538],[120.3991,29.0549],[120.4002,29.0552],[120.4016,29.0565],[120.4032,29.0572],[120.4042,29.0596],[120.404,29.0609],[120.4046,29.0627],[120.4044,29.065],[120.4061,29.0656],[120.4082,29.067],[120.4087,29.0697],[120.4084,29.0726],[120.4092,29.0733],[120.4072,29.0749],[120.4114,29.0763],[120.4127,29.0761],[120.4136,29.0747],[120.4154,29.0746],[120.417,29.0753],[120.4191,29.0772],[120.4212,29.0771],[120.4216,29.0782],[120.424,29.0792],[120.4268,29.0798],[120.4288,29.0798],[120.4312,29.0806],[120.432,29.0828],[120.434,29.0817],[120.4363,29.0831],[120.4366,29.0843],[120.4376,29.0858],[120.4393,29.0847],[120.4392,29.0832],[120.4401,29.0826],[120.4418,29.0828],[120.4441,29.0807],[120.4463,29.0808],[120.4476,29.0823],[120.4485,29.0823],[120.4483,29.0845],[120.4458,29.0852],[120.4482,29.0863],[120.4489,29.0897],[120.4503,29.0906],[120.4505,29.0915],[120.452,29.0925],[120.4534,29.0927],[120.4546,29.0917],[120.4592,29.0898],[120.4611,29.0914],[120.4624,29.0932],[120.4644,29.0923],[120.4644,29.0904],[120.4653,29.0896],[120.4655,29.0867],[120.4691,29.0882],[120.4716,29.0883],[120.4714,29.0872],[120.473,29.0872],[120.4738,29.0877],[120.476,29.0877],[120.4762,29.0854],[120.4753,29.0846],[120.4758,29.0829],[120.4758,29.0809],[120.4768,29.0795],[120.4779,29.0788],[120.4793,29.0813],[120.4803,29.0813],[120.4799,29.0782],[120.4792,29.0775],[120.4794,29.0751],[120.4788,29.0735],[120.4797,29.0715],[120.4822,29.0712],[120.4827,29.0705],[120.4863,29.0704],[120.4888,29.0694],[120.4904,29.0708],[120.4916,29.073],[120.492,29.0749],[120.4914,29.0765],[120.4895,29.0775],[120.4889,29.079],[120.4876,29.0802],[120.4882,29.0828],[120.488,29.0837],[120.4893,29.0869],[120.4888,29.0891],[120.4897,29.0903],[120.4896,29.0955],[120.4887,29.0957],[120.4871,29.0933],[120.4863,29.095],[120.4867,29.0961],[120.4867,29.0986],[120.4885,29.1012],[120.4884,29.1034],[120.49,29.1052],[120.4901,29.1081],[120.4918,29.1083],[120.4932,29.1092],[120.494,29.111],[120.4938,29.1128],[120.4948,29.1151],[120.4929,29.118],[120.493,29.1188],[120.4942,29.12],[120.4925,29.1224],[120.4921,29.1247],[120.4903,29.1263],[120.4902,29.1276],[120.4888,29.1287],[120.4892,29.1306],[120.4904,29.1305],[120.4914,29.1317],[120.4909,29.1328],[120.4892,29.1322],[120.4872,29.1325],[120.4851,29.1318],[120.48,29.1328],[120.479,29.1336],[120.4753,29.1327],[120.4746,29.1337],[120.4718,29.1351],[120.4725,29.1326],[120.4698,29.133],[120.4687,29.1346],[120.4694,29.1366],[120.4678,29.1359],[120.4668,29.1365],[120.4683,29.1382],[120.4688,29.1399],[120.4672,29.1411],[120.4666,29.1423],[120.4673,29.1441],[120.4667,29.1456],[120.4675,29.1484],[120.469,29.1487],[120.4707,29.15],[120.4716,29.1517],[120.4734,29.1524],[120.4757,29.1547],[120.479,29.155],[120.4807,29.1542],[120.4818,29.155],[120.4832,29.154],[120.485,29.154],[120.4848,29.1556],[120.4879,29.1562],[120.4888,29.1557],[120.4902,29.158],[120.492,29.1574],[120.4927,29.1583],[120.4951,29.1585],[120.4969,29.1603],[120.4978,29.1608],[120.4985,29.1632],[120.4983,29.1647],[120.4975,29.1665],[120.498,29.1678],[120.4994,29.1695],[120.4994,29.1704],[120.501,29.1722],[120.5021,29.1712],[120.5051,29.1706],[120.5065,29.1687],[120.5065,29.1658],[120.5073,29.1649],[120.5106,29.1658],[120.5109,29.1649],[120.5143,29.1616],[120.5153,29.1601],[120.5173,29.162],[120.5189,29.1629],[120.519,29.1611],[120.5185,29.1586],[120.52,29.1588],[120.5192,29.1609],[120.5205,29.1606],[120.5221,29.1618],[120.5237,29.1622],[120.5263,29.162],[120.5269,29.1594],[120.5276,29.1594],[120.5267,29.1623],[120.5273,29.1627],[120.529,29.1595],[120.5302,29.1589],[120.5313,29.1622],[120.5338,29.1654],[120.5389,29.1667],[120.5395,29.1678],[120.5413,29.1679],[120.5421,29.1689],[120.5425,29.1717],[120.544,29.1724],[120.5469,29.1721],[120.5482,29.173],[120.5516,29.1725],[120.5518,29.1737],[120.5527,29.1747],[120.5547,29.1753],[120.5558,29.1768],[120.5538,29.1781],[120.5543,29.179],[120.5567,29.1797],[120.557,29.1803],[120.5589,29.1807],[120.5571,29.1827],[120.5584,29.1836],[120.5552,29.1852],[120.5549,29.186],[120.556,29.1871],[120.5549,29.1887],[120.5554,29.1916],[120.5591,29.1945],[120.5605,29.1959],[120.5623,29.197],[120.5629,29.1967],[120.5649,29.1975],[120.5658,29.1992],[120.5649,29.201],[120.5665,29.2012],[120.5677,29.2024],[120.569,29.2009],[120.5697,29.2016],[120.5729,29.1999],[120.577,29.2024],[120.5751,29.2045],[120.575,29.2059],[120.5758,29.2064],[120.5776,29.2097],[120.5783,29.2097],[120.5794,29.2076],[120.5812,29.2069],[120.5821,29.2084],[120.5826,29.2104],[120.5824,29.2115],[120.5847,29.2129],[120.5852,29.2151],[120.5866,29.2167],[120.5895,29.2163],[120.5918,29.2176],[120.5933,29.2188],[120.5932,29.2209],[120.5937,29.2218],[120.5934,29.2241],[120.5946,29.2267],[120.5939,29.2284],[120.5943,29.2298],[120.5936,29.2313],[120.592,29.2328],[120.594,29.2337],[120.5956,29.2349],[120.5963,29.2344],[120.5971,29.2323],[120.5988,29.2318],[120.6013,29.2322],[120.6029,29.2346],[120.6054,29.2354],[120.6067,29.2351],[120.6071,29.2362],[120.6095,29.2368],[120.6122,29.2385],[120.6131,29.238],[120.616,29.2392],[120.6176,29.2396],[120.6184,29.2386],[120.6196,29.2389],[120.6206,29.2383],[120.6217,29.2393],[120.6242,29.2395],[120.6254,29.239],[120.6257,29.2412],[120.628,29.2428],[120.6278,29.2444],[120.6296,29.2465],[120.6293,29.2481],[120.6282,29.2499],[120.6297,29.2524],[120.6322,29.2522],[120.633,29.2536],[120.6333,29.2553],[120.6345,29.2567],[120.6402,29.2612],[120.6401,29.2628],[120.6413,29.2657],[120.645,29.2671],[120.6487,29.2715],[120.6503,29.2718],[120.6518,29.2733],[120.6533,29.273],[120.6541,29.2739],[120.6539,29.2753],[120.6549,29.2762],[120.6553,29.2783],[120.6592,29.2776],[120.662,29.279],[120.6643,29.2785],[120.6653,29.2786],[120.6677,29.2776],[120.6682,29.2769],[120.6713,29.2763],[120.6721,29.2754],[120.6727,29.2735],[120.6741,29.2715],[120.6762,29.2708],[120.6784,29.2735],[120.6803,29.2723],[120.6817,29.273],[120.6838,29.2729],[120.6843,29.2705],[120.6856,29.2684],[120.6837,29.2676],[120.6822,29.2674],[120.6827,29.2659],[120.6836,29.2657],[120.6853,29.263],[120.6864,29.2651],[120.6894,29.2637],[120.6913,29.2644],[120.6918,29.2667],[120.6945,29.2673],[120.6951,29.2663],[120.6975,29.2662],[120.7019,29.2641],[120.7026,29.2616],[120.7056,29.2614],[120.7055,29.2639],[120.7076,29.2654],[120.709,29.2652],[120.7101,29.2667],[120.7102,29.2692],[120.7128,29.2671],[120.7134,29.2692],[120.7126,29.2701],[120.714,29.2709],[120.7148,29.2728],[120.7142,29.2737],[120.7124,29.2751],[120.7114,29.2765],[120.7141,29.2773],[120.7156,29.2794],[120.7148,29.2814],[120.718,29.2834],[120.7174,29.2842],[120.7168,29.2886],[120.7176,29.2897],[120.7192,29.289],[120.7208,29.2898],[120.7207,29.2917],[120.7222,29.2921],[120.7232,29.2912],[120.7257,29.2908],[120.7262,29.2917],[120.7251,29.293],[120.7258,29.2954],[120.7281,29.2973],[120.728,29.2996],[120.7294,29.3],[120.729,29.3014],[120.7295,29.3025],[120.7276,29.3065],[120.7295,29.3071],[120.7313,29.3091],[120.7321,29.3095],[120.7341,29.3089],[120.7341,29.3099],[120.7331,29.3105],[120.7325,29.3119]]]},"properties":{"region_code":"CN-33-3307-330783","parent_region_code":"CN-33-3307","name":"东阳市","level":"county","has_children":false,"full_path":"中国 / 浙江省 / 金华市 / 东阳市","source_admin_code":"330783","osm_relation_id":3411717}},
{"type":"Feature","geometry":{"type":"Polygon","coordinates":[[[119.9279,28.7991],[119.9289,28.7977],[119.93,28.7968],[119.9319,28.7967],[119.9338,28.7961],[119.9343,28.7968],[119.9363,28.7967],[119.9377,28.7962],[119.942,28.7939],[119.9442,28.7904],[119.9472,28.79],[119.9485,28.7904],[119.9488,28.7913],[119.9513,28.7914],[119.9535,28.7922],[119.9571,28.7915],[119.9596,28.7892],[119.9626,28.7882],[119.9625,28.7895],[119.964,28.7896],[119.9655,28.7919],[119.9673,28.7984],[119.9683,28.7988],[119.9706,28.7978],[119.9722,28.7983],[119.9752,28.7985],[119.9765,28.8001],[119.9776,28.8002],[119.9782,28.7992],[119.9777,28.7963],[119.9812,28.7937],[119.9837,28.7929],[119.9868,28.7931],[119.9881,28.792],[119.9897,28.7916],[119.9899,28.7906],[119.9911,28.7901],[119.9924,28.7876],[119.9948,28.7877],[119.9955,28.7865],[119.9983,28.7853],[120.0002,28.7851],[120.0012,28.7837],[120.005,28.7848],[120.0055,28.7835],[120.0067,28.7824],[120.0069,28.7804],[120.0049,28.7766],[120.0036,28.7757],[120.0021,28.7739],[120.0038,28.7733],[120.0058,28.7744],[120.0077,28.7742],[120.0093,28.7729],[120.0108,28.7733],[120.0143,28.7719],[120.0141,28.7702],[120.0146,28.7693],[120.0162,28.7684],[120.0182,28.7683],[120.0196,28.7688],[120.021,28.7677],[120.0221,28.7658],[120.0229,28.7628],[120.0237,28.7612],[120.0246,28.7609],[120.0301,28.7637],[120.0327,28.7642],[120.0334,28.7647],[120.0391,28.7646],[120.042,28.7661],[120.0447,28.7663],[120.0471,28.7678],[120.0493,28.7703],[120.0513,28.7699],[120.0545,28.7714],[120.0538,28.7741],[120.0544,28.7756],[120.0573,28.7747],[120.0582,28.7753],[120.0598,28.7781],[120.0613,28.7784],[120.0632,28.78],[120.0643,28.7817],[120.0673,28.7833],[120.0698,28.7816],[120.0698,28.7831],[120.0706,28.7848],[120.0737,28.7874],[120.076,28.7872],[120.0773,28.7866],[120.0783,28.789],[120.0802,28.7908],[120.0811,28.7892],[120.0803,28.7873],[120.0839,28.7881],[120.0856,28.7893],[120.0865,28.7883],[120.0855,28.7871],[120.0841,28.7831],[120.0839,28.7816],[120.0846,28.7805],[120.0865,28.7788],[120.0868,28.7764],[120.0892,28.7744],[120.0909,28.7734],[120.0917,28.7708],[120.0926,28.7714],[120.0949,28.7712],[120.0953,28.7716],[120.099,28.7706],[120.1006,28.7704],[120.1027,28.771],[120.1037,28.7717],[120.1052,28.7706],[120.1048,28.7662],[120.1071,28.7652],[120.1093,28.7654],[120.1118,28.7652],[120.1129,28.7657],[120.1143,28.7648],[120.1153,28.7636],[120.1177,28.7632],[120.1189,28.7626],[120.1198,28.7638],[120.1218,28.7641],[120.1222,28.7632],[120.1252,28.7635],[120.1288,28.7615],[120.1298,28.762],[120.1282,28.7634],[120.1286,28.7647],[120.1299,28.7661],[120.1308,28.7681],[120.1321,28.7684],[120.1338,28.77],[120.1327,28.7711],[120.1339,28.7726],[120.1339,28.7737],[120.1357,28.7744],[120.135,28.776],[120.1351,28.7769],[120.1365,28.7776],[120.1368,28.7784],[120.1344,28.7818],[120.1331,28.7817],[120.1324,28.7827],[120.133,28.7847],[120.1352,28.7856],[120.1384,28.7861],[120.1401,28.7859],[120.1418,28.7871],[120.1428,28.7858],[120.1454,28.7839],[120.1481,28.7836],[120.1495,28.7829],[120.1506,28.7811],[120.1525,28.7816],[120.1533,28.7831],[120.1549,28.7826],[120.156,28.7817],[120.1558,28.7802],[120.1569,28.78],[120.1587,28.7804],[120.16,28.7797],[120.1603,28.7779],[120.1613,28.777],[120.1626,28.7773],[120.1662,28.7774],[120.1671,28.7791],[120.1695,28.7781],[120.1718,28.776],[120.1732,28.7776],[120.1753,28.7788],[120.1736,28.782],[120.1774,28.7833],[120.178,28.7848],[120.1764,28.7866],[120.1779,28.7868],[120.1789,28.7881],[120.1821,28.7882],[120.1832,28.7889],[120.1844,28.788],[120.186,28.788],[120.1872,28.7885],[120.1887,28.7881],[120.1883,28.787],[120.1922,28.7869],[120.1926,28.7876],[120.1949,28.787],[120.1955,28.7892],[120.1965,28.7897],[120.1984,28.7891],[120.1996,28.7906],[120.2007,28.7904],[120.2023,28.7913],[120.2018,28.792],[120.2025,28.7935],[120.2044,28.7959],[120.2037,28.7973],[120.2062,28.7982],[120.2031,28.8006],[120.2017,28.7996],[120.2006,28.8002],[120.2003,28.8022],[120.1965,28.8033],[120.1956,28.8055],[120.1971,28.8059],[120.1985,28.8081],[120.1968,28.8084],[120.1966,28.8099],[120.1953,28.8106],[120.1955,28.8121],[120.1968,28.8121],[120.198,28.8131],[120.1983,28.8152],[120.2,28.816],[120.2012,28.8176],[120.2022,28.8176],[120.2034,28.8194],[120.203,28.8207],[120.2052,28.8221],[120.2037,28.8239],[120.2054,28.8246],[120.2066,28.8235],[120.2081,28.8243],[120.2074,28.8251],[120.2076,28.8271],[120.2081,28.8282],[120.2099,28.8276],[120.2106,28.829],[120.2102,28.8296],[120.2082,28.8299],[120.2071,28.8321],[120.2091,28.8339],[120.2107,28.8338],[120.2114,28.8354],[120.2107,28.8362],[120.2112,28.8374],[120.2139,28.8364],[120.2146,28.8376],[120.2165,28.8364],[120.2179,28.8379],[120.2195,28.8401],[120.2184,28.8422],[120.2196,28.8436],[120.2209,28.844],[120.2212,28.8412],[120.2225,28.8411],[120.2218,28.8393],[120.2229,28.8377],[120.2244,28.8393],[120.224,28.8399],[120.2248,28.8414],[120.225,28.8451],[120.2264,28.8459],[120.2307,28.8465],[120.2316,28.8471],[120.2319,28.8487],[120.2342,28.8503],[120.2358,28.8503],[120.2368,28.8534],[120.2388,28.8531],[120.2402,28.8538],[120.2392,28.8548],[120.2388,28.8569],[120.2388,28.859],[120.2403,28.8596],[120.2404,28.8626],[120.2421,28.8636],[120.2435,28.8637],[120.2467,28.865],[120.2476,28.8631],[120.2507,28.8629],[120.25,28.8663],[120.2508,28.8671],[120.2549,28.8693],[120.2569,28.8696],[120.2584,28.8738],[120.2579,28.8744],[120.2571,28.8775],[120.2574,28.8789],[120.256,28.8813],[120.2559,28.8828],[120.2577,28.8854],[120.2584,28.8876],[120.2584,28.8899],[120.2579,28.8916],[120.2583,28.8934],[120.2572,28.8953],[120.2567,28.8976],[120.2572,28.8993],[120.2571,28.9017],[120.2547,28.9048],[120.2556,28.9076],[120.2545,28.9088],[120.2575,28.9108],[120.2584,28.9129],[120.2573,28.9145],[120.2522,28.9142],[120.2504,28.9136],[120.2498,28.9147],[120.2467,28.9155],[120.2461,28.9163],[120.2476,28.9187],[120.2478,28.9197],[120.2506,28.923],[120.2507,28.9246],[120.2515,28.926],[120.254,28.9275],[120.2546,28.9299],[120.2519,28.9317],[120.2519,28.9332],[120.2497,28.9328],[120.2509,28.9352],[120.2532,28.9376],[120.2546,28.9401],[120.2565,28.9392],[120.2586,28.9401],[120.2606,28.9426],[120.2611,28.9438],[120.2592,28.946],[120.2591,28.9476],[120.2604,28.9473],[120.2623,28.9485],[120.266,28.9527],[120.2679,28.9529],[120.268,28.9507],[120.2696,28.9501],[120.2705,28.9477],[120.2703,28.9463],[120.2715,28.9444],[120.2709,28.9429],[120.2715,28.9419],[120.2709,28.9404],[120.2733,28.9392],[120.2734,28.9369],[120.2725,28.9351],[120.2725,28.9342],[120.2761,28.9331],[120.2796,28.9346],[120.2807,28.9344],[120.2842,28.9355],[120.2857,28.9356],[120.2875,28.9347],[120.2885,28.935],[120.292,28.9346],[120.2938,28.9353],[120.296,28.9352],[120.2976,28.9364],[120.299,28.9356],[120.2982,28.934],[120.3005,28.9348],[120.3035,28.9365],[120.3043,28.9375],[120.3046,28.9396],[120.3054,28.9413],[120.3068,28.9422],[120.308,28.944],[120.3117,28.9465],[120.3122,28.9498],[120.3134,28.9509],[120.3174,28.9521],[120.3182,28.9536],[120.3196,28.9542],[120.3207,28.9554],[120.3209,28.9571],[120.324,28.9581],[120.3259,28.9581],[120.328,28.96],[120.3309,28.9616],[120.3325,28.9613],[120.335,28.9637],[120.3366,28.9638],[120.3377,28.9656],[120.3396,28.9661],[120.3406,28.9657],[120.3414,28.9643],[120.3428,28.9651],[120.3445,28.9654],[120.344,28.9675],[120.342,28.9664],[120.3415,28.9681],[120.3426,28.9693],[120.3439,28.9732],[120.3438,28.9743],[120.3451,28.9749],[120.3444,28.9767],[120.3451,28.9776],[120.3451,28.9797],[120.3442,28.9832],[120.3431,28.9853],[120.342,28.9855],[120.3405,28.9845],[120.3383,28.981],[120.3367,28.9807],[120.3355,28.9785],[120.3351,28.9763],[120.3335,28.9759],[120.3325,28.9747],[120.3298,28.9735],[120.3289,28.9724],[120.3288,28.971],[120.3273,28.9709],[120.3259,28.9698],[120.3245,28.9697],[120.3214,28.9715],[120.3198,28.9718],[120.3193,28.9736],[120.3178,28.9743],[120.3173,28.9764],[120.3187,28.9768],[120.3183,28.9784],[120.3162,28.9781],[120.3159,28.9767],[120.3142,28.9768],[120.3145,28.9777],[120.3176,28.9804],[120.3191,28.9812],[120.3181,28.9834],[120.319,28.9842],[120.3198,28.9827],[120.3222,28.9849],[120.3216,28.9868],[120.3176,28.9877],[120.3182,28.9892],[120.3175,28.99],[120.3158,28.9899],[120.3131,28.9914],[120.3112,28.9937],[120.3113,28.9945],[120.3093,28.9965],[120.31,28.9979],[120.3131,29.0018],[120.3148,29.003],[120.315,29.0048],[120.314,29.0062],[120.3166,29.0072],[120.3167,29.01],[120.3162,29.0106],[120.3139,29.0116],[120.3133,29.013],[120.3067,29.0113],[120.3048,29.0132],[120.3038,29.0116],[120.3022,29.0103],[120.3004,29.0101],[120.2948,29.0132],[120.2893,29.0126],[120.2838,29.0113],[120.2812,29.0119],[120.2801,29.0125],[120.2797,29.0152],[120.2801,29.0167],[120.2785,29.0174],[120.2766,29.0171],[120.2745,29.0183],[120.273,29.0211],[120.2725,29.0241],[120.2714,29.0243],[120.2698,29.0264],[120.268,29.0265],[120.2671,29.0273],[120.263,29.0258],[120.263,29.0278],[120.2611,29.0278],[120.2585,29.0303],[120.2551,29.0293],[120.253,29.0293],[120.2518,29.0302],[120.2497,29.0304],[120.2485,29.0315],[120.2479,29.0329],[120.2469,29.0324],[120.2441,29.0323],[120.2419,29.0342],[120.2389,29.0355],[120.2367,29.0376],[120.2362,29.0394],[120.2375,29.043],[120.2363,29.0439],[120.2372,29.0447],[120.2372,29.0458],[120.2384,29.0463],[120.236,29.0493],[120.2359,29.0518],[120.2384,29.0552],[120.2355,29.0557],[120.2337,29.0565],[120.2341,29.0592],[120.2339,29.0602],[120.2329,29.0609],[120.2328,29.0624],[120.2312,29.0622],[120.2304,29.0629],[120.2276,29.0634],[120.2264,29.0629],[120.2254,29.0633],[120.2247,29.0649],[120.2238,29.0653],[120.2222,29.0648],[120.2217,29.0664],[120.2205,29.0669],[120.2188,29.067],[120.2186,29.0684],[120.217,29.0683],[120.2156,29.0691],[120.2138,29.0683],[120.2129,29.0671],[120.2121,29.0677],[120.2096,29.0671],[120.2084,29.0665],[120.208,29.068],[120.2064,29.0672],[120.2046,29.0677],[120.2015,29.0674],[120.1998,29.0666],[120.199,29.0668],[120.1976,29.0659],[120.1959,29.0661],[120.1929,29.0677],[120.1929,29.0683],[120.1892,29.0694],[120.1876,29.0691],[120.1868,29.0674],[120.1834,29.068],[120.1803,29.0695],[120.1788,29.068],[120.1758,29.067],[120.1746,29.0684],[120.1727,29.0683],[120.1707,29.0688],[120.1699,29.07],[120.1685,29.0703],[120.1655,29.0722],[120.1674,29.0752],[120.1674,29.0761],[120.1641,29.0767],[120.1634,29.078],[120.1615,29.0783],[120.1605,29.0804],[120.1575,29.0793],[120.1566,29.0783],[120.152,29.0771],[120.1518,29.078],[120.1532,29.0796],[120.155,29.0808],[120.1562,29.0829],[120.1571,29.0825],[120.1588,29.0828],[120.1594,29.0839],[120.1596,29.0863],[120.1606,29.0875],[120.1627,29.0864],[120.1636,29.0877],[120.1647,29.0885],[120.164,29.0895],[120.1658,29.0902],[120.1683,29.0917],[120.1721,29.0932],[120.1728,29.0948],[120.1718,29.0954],[120.1705,29.0951],[120.1704,29.0966],[120.1685,29.0962],[120.1688,29.0943],[120.167,29.0927],[120.1633,29.0912],[120.1622,29.0903],[120.1578,29.0911],[120.1567,29.0932],[120.1555,29.0941],[120.1527,29.0929],[120.1505,29.0936],[120.1482,29.0937],[120.1473,29.0942],[120.1478,29.0965],[120.1447,29.0975],[120.1415,29.0963],[120.1392,29.0979],[120.1369,29.0983],[120.1348,29.098],[120.1328,29.0954],[120.1301,29.0944],[120.1281,29.092],[120.1258,29.0927],[120.1244,29.0924],[120.1238,29.0942],[120.123,29.0947],[120.121,29.0932],[120.1185,29.094],[120.1169,29.0969],[120.1187,29.098],[120.1182,29.0993],[120.1169,29.0996],[120.1147,29.1011],[120.1143,29.1045],[120.1145,29.1056],[120.111,29.1047],[120.1096,29.1036],[120.1081,29.1037],[120.1057,29.1025],[120.1051,29.1033],[120.1029,29.1027],[120.104,29.1046],[120.1033,29.1066],[120.1019,29.1067],[120.1009,29.1051],[120.1005,29.1033],[120.1018,29.1029],[120.1007,29.1016],[120.1022,29.1002],[120.101,29.097],[120.1006,29.0946],[120.0978,29.0928],[120.096,29.0922],[120.0937,29.0922],[120.0897,29.0942],[120.0885,29.0962],[120.0865,29.0948],[120.0852,29.0961],[120.0831,29.097],[120.0816,29.0972],[120.0804,29.0963],[120.0787,29.0965],[120.0776,29.0999],[120.0767,29.1008],[120.0746,29.099],[120.0728,29.0991],[120.0726,29.1008],[120.0695,29.1022],[120.068,29.1051],[120.066,29.1031],[120.0679,29.102],[120.0671,29.1],[120.068,29.096],[120.0661,29.0938],[120.0637,29.0923],[120.065,29.0912],[120.0641,29.0904],[120.0653,29.0897],[120.0659,29.0885],[120.0626,29.089],[120.0607,29.0875],[120.0612,29.0856],[120.0604,29.0847],[120.0571,29.0838],[120.0586,29.0831],[120.0587,29.0802],[120.0574,29.079],[120.0554,29.0803],[120.0531,29.0768],[120.0534,29.0755],[120.0567,29.0735],[120.0586,29.0733],[120.0597,29.0714],[120.0587,29.0713],[120.0571,29.0722],[120.0546,29.0702],[120.0519,29.0716],[120.0491,29.0712],[120.0467,29.0712],[120.0446,29.0705],[120.0436,29.0696],[120.0414,29.0704],[120.0409,29.0695],[120.0391,29.0682],[120.0374,29.0682],[120.0357,29.0671],[120.0335,29.0669],[120.0322,29.0661],[120.0325,29.0646],[120.0299,29.0645],[120.0288,29.0641],[120.0271,29.0643],[120.0249,29.0652],[120.0237,29.0665],[120.02,29.0678],[120.0182,29.0659],[120.0171,29.0642],[120.0149,29.0641],[120.0129,29.0633],[120.0127,29.0621],[120.0117,29.0611],[120.0105,29.0584],[120.0081,29.058],[120.0043,29.0586],[120.0032,29.0593],[120.0006,29.0589],[119.9992,29.0598],[119.9976,29.0601],[119.9972,29.0589],[119.9955,29.0572],[119.9945,29.0572],[119.9924,29.0562],[119.9906,29.0545],[119.9896,29.0547],[119.9868,29.0539],[119.9861,29.0532],[119.9853,29.0504],[119.9855,29.0491],[119.9848,29.0482],[119.985,29.0465],[119.9841,29.0444],[119.9809,29.0432],[119.9802,29.0411],[119.9809,29.0393],[119.9763,29.0367],[119.9744,29.0374],[119.9723,29.0377],[119.9717,29.0389],[119.9722,29.041],[119.9741,29.0414],[119.9732,29.0428],[119.9717,29.0427],[119.9711,29.0434],[119.9695,29.0434],[119.9679,29.0458],[119.9655,29.046],[119.965,29.0467],[119.9659,29.0489],[119.9658,29.0506],[119.9634,29.0521],[119.9614,29.0528],[119.9612,29.0555],[119.9599,29.0565],[119.9561,29.0575],[119.9554,29.0589],[119.9534,29.0591],[119.9522,29.0585],[119.9503,29.0584],[119.9477,29.0602],[119.9466,29.0604],[119.945,29.062],[119.9442,29.0644],[119.9433,29.0654],[119.9414,29.0663],[119.9393,29.0685],[119.9375,29.068],[119.9374,29.0666],[119.9367,29.0637],[119.9349,29.064],[119.9335,29.0631],[119.9316,29.0642],[119.9309,29.0628],[119.9287,29.0599],[119.9273,29.0605],[119.9248,29.0608],[119.9244,29.0593],[119.9222,29.0593],[119.9206,29.0578],[119.9173,29.0577],[119.9155,29.0588],[119.9104,29.0573],[119.9092,29.0566],[119.9073,29.0566],[119.9031,29.0534],[119.9023,29.0517],[119.9025,29.0509],[119.9017,29.0491],[119.904,29.0474],[119.9038,29.0453],[119.9049,29.0442],[119.9051,29.0428],[119.908,29.0443],[119.9088,29.0434],[119.9059,29.0427],[119.9064,29.0416],[119.9045,29.0406],[119.9036,29.039],[119.9037,29.0365],[119.9011,29.0375],[119.9008,29.0362],[119.902,29.0349],[119.9017,29.0331],[119.9,29.0303],[119.9002,29.0291],[119.9012,29.028],[119.9,29.0268],[119.8981,29.0237],[119.8954,29.0229],[119.8935,29.0237],[119.8918,29.0231],[119.8945,29.022],[119.8934,29.0204],[119.8939,29.0192],[119.8935,29.0175],[119.8922,29.0163],[119.8935,29.0143],[119.8913,29.0144],[119.8913,29.0136],[119.8925,29.0123],[119.8939,29.0122],[119.8943,29.0103],[119.8951,29.0091],[119.8936,29.0078],[119.8915,29.0053],[119.8923,29.0047],[119.8915,29.0037],[119.89,29.0008],[119.8907,29],[119.8907,28.9984],[119.8921,28.9974],[119.8909,28.9956],[119.8924,28.995],[119.8942,28.995],[119.8942,28.9941],[119.8956,28.9929],[119.8962,28.9955],[119.8976,28.9963],[119.8987,28.9975],[119.8996,28.9961],[119.9014,28.9974],[119.9041,28.996],[119.9055,28.9981],[119.9057,28.9995],[119.9076,29.0008],[119.9074,29.0022],[119.9051,29.0023],[119.9048,29.0038],[119.908,29.0038],[119.9085,29.0021],[119.9105,29.0006],[119.9138,29.001],[119.9148,29.0005],[119.9177,29.0012],[119.9181,29.0032],[119.9194,29.0033],[119.9193,29.0009],[119.9209,29.0016],[119.9216,29.0004],[119.9245,28.9971],[119.9232,28.9951],[119.9231,28.9931],[119.9248,28.9909],[119.9263,28.9901],[119.9259,28.9882],[119.9243,28.9869],[119.9248,28.9858],[119.9245,28.9835],[119.9255,28.9811],[119.928,28.9799],[119.9279,28.9811],[119.9297,28.981],[119.932,28.9822],[119.9325,28.985],[119.9336,28.9866],[119.9344,28.9853],[119.9335,28.9848],[119.9328,28.9833],[119.934,28.9827],[119.9364,28.9826],[119.9362,28.9816],[119.9371,28.9809],[119.9373,28.9795],[119.9365,28.9779],[119.9373,28.976],[119.9366,28.9747],[119.9352,28.9748],[119.9343,28.9741],[119.9338,28.9726],[119.9318,28.972],[119.9318,28.9734],[119.9304,28.9747],[119.9283,28.9777],[119.9293,28.9785],[119.9285,28.9795],[119.926,28.9797],[119.9262,28.9786],[119.9281,28.9773],[119.925,28.9742],[119.9234,28.9735],[119.9245,28.9713],[119.924,28.9704],[119.9249,28.9694],[119.9253,28.9678],[119.923,28.9679],[119.9237,28.9657],[119.9225,28.9644],[119.921,28.965],[119.9207,28.9613],[119.918,28.9622],[119.9185,28.9607],[119.9197,28.9609],[119.9213,28.9603],[119.9214,28.959],[119.9204,28.9581],[119.9208,28.9568],[119.9198,28.9546],[119.9179,28.9547],[119.9171,28.9535],[119.9163,28.9535],[119.915,28.9524],[119.912,28.9521],[119.9104,28.9524],[119.9087,28.9509],[119.9063,28.9505],[119.9043,28.9506],[119.9032,28.9495],[119.903,28.9477],[119.9002,28.9508],[119.8992,28.9506],[119.898,28.949],[119.8987,28.9473],[119.8972,28.9465],[119.8964,28.9451],[119.8942,28.9443],[119.8931,28.9431],[119.8921,28.9438],[119.8912,28.9433],[119.8916,28.9402],[119.8943,28.9399],[119.8938,28.9373],[119.8922,28.9367],[119.8908,28.9341],[119.8927,28.9328],[119.8944,28.9323],[119.8951,28.9331],[119.898,28.9329],[119.8986,28.9338],[119.9013,28.9348],[119.9037,28.9349],[119.9058,28.9336],[119.908,28.9331],[119.9122,28.9327],[119.9146,28.9321],[119.916,28.93],[119.9162,28.9288],[119.9176,28.9293],[119.9192,28.929],[119.9193,28.9277],[119.9168,28.9253],[119.9172,28.9245],[119.9162,28.9226],[119.9165,28.9212],[119.9158,28.9191],[119.9146,28.918],[119.9149,28.9158],[119.9146,28.9141],[119.9173,28.9123],[119.9187,28.9108],[119.9188,28.9094],[119.9166,28.9076],[119.9158,28.9059],[119.9148,28.9018],[119.9176,28.8995],[119.9185,28.8991],[119.9205,28.9001],[119.9244,28.8993],[119.9258,28.8995],[119.9263,28.9005],[119.9281,28.9004],[119.9296,28.9019],[119.9306,28.9022],[119.932,28.9006],[119.9329,28.902],[119.9343,28.903],[119.9347,28.9019],[119.9342,28.9],[119.9365,28.9007],[119.9363,28.9025],[119.9376,28.9029],[119.9383,28.9039],[119.9407,28.9033],[119.9401,28.9017],[119.9391,28.9019],[119.9381,28.9001],[119.9411,28.8999],[119.9403,28.8963],[119.938,28.8961],[119.9383,28.8953],[119.9371,28.8939],[119.94,28.8917],[119.942,28.8924],[119.9433,28.8921],[119.9429,28.8901],[119.944,28.8878],[119.9424,28.8869],[119.9408,28.8869],[119.9415,28.8846],[119.9434,28.8861],[119.9442,28.8843],[119.9456,28.883],[119.9476,28.8827],[119.9492,28.8821],[119.9516,28.8803],[119.9535,28.8805],[119.9539,28.8794],[119.9523,28.8778],[119.9508,28.8788],[119.9478,28.8788],[119.9491,28.8775],[119.9516,28.8756],[119.9535,28.8735],[119.9555,28.873],[119.9558,28.8722],[119.9583,28.8723],[119.9615,28.8714],[119.9628,28.8729],[119.9635,28.8723],[119.9656,28.8695],[119.961,28.8694],[119.9619,28.8671],[119.9616,28.8656],[119.9631,28.8646],[119.9635,28.8634],[119.9644,28.863],[119.9644,28.8611],[119.9656,28.861],[119.9656,28.8596],[119.9641,28.86],[119.9635,28.8583],[119.965,28.8578],[119.9641,28.8563],[119.9642,28.855],[119.9651,28.8545],[119.9667,28.8547],[119.9659,28.853],[119.9669,28.8525],[119.9662,28.8511],[119.9646,28.8513],[119.9634,28.8524],[119.9615,28.8515],[119.9624,28.8505],[119.961,28.8488],[119.9615,28.8472],[119.9595,28.8467],[119.9602,28.8455],[119.9597,28.8437],[119.9614,28.8422],[119.9605,28.8409],[119.9623,28.8388],[119.9648,28.8366],[119.9655,28.8348],[119.965,28.8335],[119.967,28.8299],[119.9711,28.8262],[119.9723,28.8239],[119.9714,28.8233],[119.9698,28.8207],[119.9688,28.8197],[119.9691,28.8175],[119.9678,28.8164],[119.9671,28.8149],[119.966,28.8143],[119.9659,28.8162],[119.9651,28.8178],[119.9635,28.8169],[119.9637,28.8185],[119.9627,28.8197],[119.9607,28.8182],[119.9593,28.8183],[119.9579,28.8198],[119.9575,28.8183],[119.9547,28.8167],[119.9519,28.8179],[119.9494,28.8179],[119.9484,28.8173],[119.9473,28.8142],[119.946,28.8133],[119.9439,28.8131],[119.9439,28.8143],[119.9422,28.8138],[119.9425,28.8124],[119.9396,28.8106],[119.937,28.8101],[119.9344,28.8113],[119.9336,28.8114],[119.9326,28.8095],[119.9327,28.8086],[119.9308,28.8078],[119.93,28.8069],[119.9281,28.8081],[119.9272,28.8066],[119.9259,28.8078],[119.9248,28.8074],[119.9235,28.8053],[119.9254,28.8054],[119.9247,28.8042],[119.9266,28.803],[119.9263,28.8012],[119.9279,28.7991]]]},"properties":{"region_code":"CN-33-3307-330784","parent_region_code":"CN-33-3307","name":"永康市","level":"county","has_children":false,"full_path":"中国 / 浙江省 / 金华市 / 永康市","source_admin_code":"330784","osm_relation_id":3411719}}
]}