{"type":"FeatureCollection", "features": [
{"type":"Feature","geometry":{"type":"Polygon","coordinates":[[[117.1525,31.0735],[117.1573,31.0814],[117.1636,31.0852],[117.169,31.093],[117.1736,31.0847],[117.1819,31.0775],[117.1843,31.0704],[117.1896,31.0673],[117.1936,31.0611],[117.2009,31.0624],[117.2022,31.057],[117.2074,31.0553],[117.2212,31.0362],[117.222,31.0254],[117.2354,31.0195],[117.2459,31.0113],[117.2491,31.011],[117.2619,30.9971],[117.2661,30.9954],[117.2729,30.9869],[117.2866,30.9858],[117.2935,30.9871],[117.2973,30.9969],[117.3028,31.0036],[117.3075,31.0026],[117.3139,30.9941],[117.3178,30.9958],[117.3285,30.9889],[117.3397,30.9935],[117.3492,30.9936],[117.3529,30.9897],[117.3524,30.983],[117.3629,30.9725],[117.364,30.9655],[117.3599,30.9627],[117.3624,30.9553],[117.3723,30.9523],[117.3802,30.9541],[117.3771,30.962],[117.3798,30.9672],[117.3911,30.9704],[117.4017,30.9777],[117.4077,30.9775],[117.4105,30.9818],[117.4176,30.9788],[117.4286,30.9794],[117.4403,30.9772],[117.4424,30.9847],[117.4609,30.9951],[117.4742,30.9922],[117.4756,30.9954],[117.4838,30.999],[117.4926,31.0001],[117.5023,31.0049],[117.4981,31.0165],[117.4894,31.0217],[117.4915,31.0295],[117.4799,31.0359],[117.4752,31.0409],[117.4884,31.0492],[117.5096,31.0493],[117.5142,31.0537],[117.5131,31.0595],[117.5169,31.0633],[117.5213,31.074],[117.5207,31.0797],[117.5258,31.0851],[117.5229,31.0965],[117.5174,31.1033],[117.5108,31.108],[117.5207,31.11],[117.5245,31.1139],[117.5244,31.1203],[117.521,31.1264],[117.5284,31.1336],[117.5227,31.1401],[117.5239,31.1444],[117.5316,31.1473],[117.5442,31.1472],[117.5562,31.1531],[117.5567,31.1599],[117.5542,31.1735],[117.5462,31.1714],[117.5419,31.1664],[117.5343,31.1663],[117.5364,31.1776],[117.5297,31.1802],[117.5336,31.1884],[117.5253,31.2025],[117.5311,31.2056],[117.5298,31.2095],[117.5432,31.214],[117.5507,31.2193],[117.554,31.2251],[117.5572,31.2405],[117.5637,31.2461],[117.5685,31.2573],[117.5678,31.2701],[117.5748,31.2751],[117.5837,31.2785],[117.595,31.2799],[117.6073,31.2798],[117.6151,31.2823],[117.611,31.2932],[117.6214,31.2998],[117.63,31.2993],[117.6346,31.3046],[117.6318,31.3078],[117.635,31.315],[117.6322,31.3191],[117.6376,31.3292],[117.648,31.3318],[117.6476,31.3403],[117.6513,31.3416],[117.6518,31.3567],[117.6497,31.3628],[117.6555,31.3657],[117.6598,31.3771],[117.6561,31.3798],[117.6581,31.3855],[117.6645,31.3858],[117.6696,31.3959],[117.6871,31.4097],[117.6872,31.4179],[117.6907,31.4304],[117.6963,31.4381],[117.6947,31.4441],[117.6976,31.4498],[117.6985,31.46],[117.7054,31.467],[117.7226,31.4763],[117.7298,31.4872],[117.753,31.4835],[117.7612,31.4886],[117.7701,31.4845],[117.7649,31.4789],[117.7705,31.4768],[117.7713,31.4854],[117.7768,31.4917],[117.7819,31.4861],[117.8024,31.4832],[117.8041,31.4801],[117.817,31.481],[117.8183,31.4856],[117.827,31.4923],[117.83,31.4857],[117.8353,31.4862],[117.8398,31.4807],[117.8486,31.4877],[117.8713,31.4944],[117.8866,31.5023],[117.8893,31.5008],[117.9003,31.5063],[117.91,31.5015],[117.919,31.5042],[117.9284,31.491],[117.9356,31.4886],[117.9437,31.4911],[117.9523,31.4978],[117.9605,31.5006],[117.9607,31.5058],[117.9535,31.5098],[117.9492,31.5217],[117.9362,31.5247],[117.9364,31.529],[117.9467,31.5394],[117.9434,31.5431],[117.9231,31.5398],[117.916,31.5505],[117.9106,31.5525],[117.903,31.5495],[117.9027,31.5601],[117.9083,31.5625],[117.909,31.5677],[117.9237,31.571],[117.9291,31.5788],[117.9247,31.5845],[117.9248,31.5897],[117.931,31.5917],[117.9297,31.6012],[117.9264,31.6079],[117.932,31.6138],[117.9288,31.6191],[117.9352,31.6274],[117.9399,31.6306],[117.9504,31.6284],[117.9551,31.6236],[117.9552,31.6193],[117.967,31.6229],[117.9685,31.6371],[117.9643,31.6414],[117.9599,31.6552],[117.9618,31.6582],[117.9561,31.6681],[117.9498,31.6693],[117.9446,31.6736],[117.9343,31.6737],[117.9323,31.6807],[117.921,31.6884],[117.9121,31.6991],[117.9019,31.6991],[117.8946,31.705],[117.9095,31.7169],[117.9104,31.7198],[117.9194,31.7237],[117.9286,31.7308],[117.9284,31.7357],[117.9198,31.7363],[117.914,31.7419],[117.9088,31.7525],[117.9205,31.7614],[117.915,31.7657],[117.9041,31.7679],[117.9005,31.778],[117.9045,31.785],[117.9111,31.7887],[117.9048,31.7952],[117.8998,31.8057],[117.9011,31.8091],[117.8984,31.8212],[117.9002,31.8257],[117.906,31.8264],[117.9081,31.8308],[117.9032,31.8378],[117.9028,31.8423],[117.9175,31.8445],[117.9335,31.8534],[117.9327,31.8581],[117.9363,31.8629],[117.9372,31.8745],[117.9432,31.8834],[117.9531,31.9042],[117.9465,31.9106],[117.9343,31.9173],[117.9287,31.9174],[117.9239,31.9234],[117.9078,31.925],[117.8954,31.9312],[117.88,31.9294],[117.8727,31.9323],[117.8638,31.9325],[117.863,31.9481],[117.8517,31.9578],[117.848,31.9631],[117.8411,31.9648],[117.8376,31.9732],[117.8393,31.9767],[117.8307,31.9812],[117.8301,31.9864],[117.8254,31.9955],[117.8108,31.9991],[117.8175,32.0119],[117.8333,32.0147],[117.8336,32.0178],[117.8278,32.0297],[117.8312,32.0398],[117.8554,32.0393],[117.8576,32.044],[117.869,32.0518],[117.8724,32.0602],[117.8783,32.0627],[117.8767,32.0679],[117.8687,32.0679],[117.8653,32.0803],[117.8677,32.0853],[117.8489,32.0931],[117.8624,32.0994],[117.8611,32.1093],[117.8532,32.1057],[117.8472,32.1077],[117.8476,32.1121],[117.8532,32.1254],[117.8667,32.136],[117.8702,32.142],[117.8696,32.1642],[117.8636,32.1695],[117.8661,32.1801],[117.8655,32.1883],[117.8595,32.204],[117.853,32.2051],[117.8539,32.2132],[117.8394,32.2188],[117.8329,32.2241],[117.8217,32.2287],[117.82,32.2338],[117.8105,32.2299],[117.8084,32.2248],[117.7918,32.2181],[117.7853,32.2219],[117.7835,32.2312],[117.7766,32.2334],[117.7777,32.2376],[117.7613,32.2427],[117.7556,32.2405],[117.7502,32.2426],[117.7474,32.2379],[117.7336,32.2441],[117.7242,32.2463],[117.7178,32.2443],[117.7145,32.2375],[117.7008,32.2394],[117.7056,32.2454],[117.7032,32.2514],[117.6981,32.2549],[117.6894,32.256],[117.6723,32.2556],[117.6679,32.2587],[117.6617,32.2579],[117.6494,32.262],[117.6478,32.259],[117.6396,32.2587],[117.6311,32.2553],[117.6116,32.2515],[117.6007,32.2399],[117.5853,32.2404],[117.5822,32.2334],[117.5683,32.2345],[117.5684,32.2277],[117.5625,32.2268],[117.5536,32.2166],[117.5451,32.2126],[117.5299,32.2113],[117.5232,32.2076],[117.5129,32.2089],[117.5062,32.2077],[117.4993,32.2026],[117.4916,32.203],[117.4863,32.208],[117.4865,32.2123],[117.4749,32.2135],[117.474,32.2183],[117.4676,32.2212],[117.465,32.2275],[117.4518,32.2345],[117.4416,32.2383],[117.4367,32.233],[117.4316,32.2327],[117.4249,32.2452],[117.4149,32.2504],[117.4232,32.2621],[117.4177,32.2679],[117.4117,32.2664],[117.4087,32.2734],[117.4028,32.2705],[117.396,32.2728],[117.3955,32.2811],[117.3872,32.2849],[117.3968,32.289],[117.3949,32.2955],[117.4007,32.302],[117.4011,32.3109],[117.4083,32.3135],[117.4092,32.3183],[117.4162,32.3251],[117.4193,32.3372],[117.428,32.3429],[117.4378,32.3418],[117.44,32.3468],[117.4378,32.3528],[117.4389,32.3595],[117.4375,32.3678],[117.4336,32.3729],[117.4269,32.3731],[117.4195,32.3767],[117.4155,32.375],[117.4095,32.3786],[117.4075,32.3838],[117.3986,32.3888],[117.3935,32.3958],[117.3853,32.3968],[117.3796,32.3938],[117.3721,32.3866],[117.3709,32.3787],[117.3677,32.3764],[117.3573,32.3827],[117.3489,32.39],[117.356,32.3949],[117.3663,32.3968],[117.3772,32.4046],[117.3777,32.4115],[117.382,32.4178],[117.377,32.4277],[117.378,32.4365],[117.3854,32.4483],[117.3834,32.4516],[117.3907,32.4559],[117.3935,32.4701],[117.3894,32.478],[117.3819,32.4767],[117.3757,32.469],[117.3741,32.4625],[117.3646,32.4594],[117.354,32.458],[117.3516,32.4507],[117.3445,32.4535],[117.3347,32.4484],[117.3296,32.4425],[117.3229,32.4392],[117.3146,32.4412],[117.3105,32.4484],[117.3123,32.4543],[117.3054,32.4558],[117.3002,32.4515],[117.2821,32.4452],[117.2736,32.4473],[117.2631,32.4552],[117.2607,32.4545],[117.2453,32.4613],[117.2408,32.4593],[117.2315,32.4642],[117.2165,32.4623],[117.2102,32.4655],[117.2081,32.4714],[117.2024,32.4743],[117.2055,32.4791],[117.2027,32.4989],[117.2073,32.5098],[117.2029,32.5155],[117.2048,32.5187],[117.197,32.5258],[117.1964,32.5384],[117.1714,32.5392],[117.1662,32.5419],[117.1605,32.535],[117.1501,32.5359],[117.1451,32.5286],[117.1378,32.5238],[117.13,32.5231],[117.1234,32.5281],[117.1101,32.5238],[117.0998,32.5327],[117.0878,32.5349],[117.0698,32.5281],[117.0695,32.5218],[117.0768,32.5222],[117.0756,32.5104],[117.0701,32.5062],[117.0719,32.5003],[117.0665,32.4968],[117.0653,32.4813],[117.0686,32.4754],[117.0681,32.4686],[117.0612,32.4586],[117.058,32.4591],[117.0491,32.4493],[117.0443,32.4498],[117.0422,32.4436],[117.0435,32.4384],[117.0407,32.4276],[117.0337,32.4177],[117.025,32.4179],[117.0198,32.4143],[117.0082,32.4099],[117.0026,32.4018],[117.0015,32.3954],[116.9973,32.3933],[117.003,32.3857],[117.0127,32.3822],[117.0208,32.3861],[117.0292,32.3846],[117.0383,32.3854],[117.0392,32.3744],[117.0353,32.3619],[117.038,32.3559],[117.0353,32.3472],[117.0306,32.3394],[117.039,32.3325],[117.0421,32.339],[117.0516,32.3361],[117.0479,32.3261],[117.0433,32.3248],[117.0366,32.3082],[117.0394,32.3028],[117.0366,32.2989],[117.0295,32.2975],[117.0338,32.2912],[117.0344,32.2836],[117.0457,32.2804],[117.0509,32.2851],[117.0628,32.2812],[117.0612,32.2757],[117.0689,32.2655],[117.0552,32.2516],[117.0607,32.2403],[117.0559,32.2349],[117.0503,32.2352],[117.0471,32.2289],[117.0382,32.2248],[117.0322,32.2257],[117.0225,32.2227],[117.0159,32.224],[117.0061,32.2199],[116.9982,32.2188],[116.9972,32.2108],[117.0041,32.2065],[117.0042,32.2015],[117.0168,32.1961],[117.0234,32.1879],[117.0198,32.1782],[117.0148,32.1713],[117.0186,32.1651],[117.013,32.1617],[116.9901,32.156],[116.9815,32.1637],[116.9734,32.158],[116.9816,32.1438],[116.9768,32.1375],[116.9814,32.1308],[116.9795,32.1274],[116.9874,32.1241],[116.9957,32.1146],[117.0097,32.1093],[117.0171,32.1047],[117.0145,32.0959],[117.015,32.0871],[117.0238,32.0789],[117.0222,32.0648],[117.0322,32.0578],[117.0382,32.0565],[117.0396,32.0482],[117.045,32.0407],[117.0348,32.0259],[117.0352,32.0177],[117.0228,32.012],[117.0278,32.0039],[117.0274,31.9989],[117.016,31.9946],[117.0089,31.9964],[117.0016,31.9918],[116.9902,31.9935],[116.9937,32.002],[116.9992,32.0056],[116.9944,32.0142],[116.9753,32.0142],[116.9725,32.0175],[116.9643,32.0184],[116.956,32.0166],[116.9471,32.0193],[116.9471,32.0241],[116.93,32.0275],[116.9208,32.0208],[116.9174,32.0148],[116.9218,32.0106],[116.9239,31.9983],[116.9288,31.9959],[116.9288,31.9912],[116.9219,31.9872],[116.9214,31.9828],[116.9104,31.9779],[116.9036,31.9797],[116.8841,31.9744],[116.8707,31.9727],[116.8635,31.9659],[116.8559,31.9649],[116.8515,31.9555],[116.8415,31.9528],[116.8385,31.9472],[116.8405,31.9428],[116.8337,31.9402],[116.8325,31.9356],[116.8177,31.9299],[116.8143,31.9221],[116.8098,31.9203],[116.7949,31.9219],[116.7878,31.9242],[116.7768,31.9154],[116.7703,31.9178],[116.7657,31.9124],[116.7665,31.9035],[116.7586,31.9036],[116.7573,31.9071],[116.7523,31.9024],[116.7438,31.8987],[116.7434,31.8899],[116.7365,31.8956],[116.7274,31.8956],[116.7251,31.8849],[116.7125,31.8876],[116.7119,31.8811],[116.7159,31.8782],[116.7192,31.8694],[116.7174,31.8621],[116.7285,31.8605],[116.734,31.8648],[116.7377,31.8599],[116.7365,31.8533],[116.7321,31.8522],[116.7283,31.8428],[116.7203,31.841],[116.7119,31.8442],[116.7061,31.8418],[116.7067,31.8345],[116.6971,31.8312],[116.6934,31.8205],[116.683,31.8216],[116.687,31.8154],[116.6957,31.8066],[116.7055,31.8004],[116.7116,31.7896],[116.7128,31.7814],[116.7211,31.7818],[116.7249,31.7863],[116.7328,31.7871],[116.7334,31.7829],[116.7288,31.7784],[116.743,31.7714],[116.7511,31.7739],[116.7598,31.7683],[116.758,31.7594],[116.7479,31.7425],[116.7568,31.7381],[116.7492,31.7268],[116.7429,31.7249],[116.745,31.7181],[116.7502,31.7136],[116.7602,31.7184],[116.7625,31.7142],[116.7589,31.7034],[116.7613,31.6942],[116.7553,31.6843],[116.7549,31.6799],[116.763,31.6709],[116.7637,31.665],[116.7577,31.6624],[116.7533,31.6572],[116.7513,31.645],[116.756,31.6394],[116.7624,31.6242],[116.7631,31.6177],[116.7607,31.5995],[116.7626,31.5879],[116.7582,31.5846],[116.7597,31.5728],[116.7735,31.558],[116.7867,31.5546],[116.7841,31.5468],[116.7989,31.5416],[116.8024,31.5373],[116.8106,31.5342],[116.8201,31.5229],[116.8263,31.5213],[116.8352,31.5287],[116.8464,31.5271],[116.8564,31.5338],[116.8632,31.5311],[116.8661,31.5352],[116.8762,31.5394],[116.9052,31.5347],[116.9265,31.5388],[116.9314,31.5418],[116.9451,31.5378],[116.9531,31.5393],[116.9654,31.5362],[116.9713,31.5425],[116.9765,31.5383],[116.9855,31.5399],[116.9894,31.5507],[116.9829,31.5597],[116.9904,31.5636],[116.9988,31.5625],[116.9973,31.558],[116.9993,31.551],[117.0103,31.548],[117.0147,31.5511],[117.0245,31.5465],[117.0361,31.5438],[117.0374,31.5397],[117.0461,31.5376],[117.048,31.5425],[117.0575,31.5516],[117.0625,31.554],[117.0772,31.5547],[117.0872,31.5478],[117.0973,31.5467],[117.1082,31.5436],[117.1189,31.5467],[117.1276,31.5461],[117.1293,31.5545],[117.1343,31.5571],[117.1432,31.5555],[117.1485,31.5473],[117.189,31.5547],[117.1944,31.5533],[117.2086,31.5442],[117.2143,31.5424],[117.2196,31.5468],[117.2239,31.5456],[117.2303,31.5287],[117.2364,31.5246],[117.2314,31.5206],[117.2365,31.5122],[117.2499,31.5037],[117.2384,31.4945],[117.2294,31.4919],[117.2037,31.4905],[117.1956,31.4935],[117.1771,31.493],[117.1411,31.4849],[117.1426,31.4793],[117.1338,31.4722],[117.1237,31.4606],[117.119,31.46],[117.1147,31.4483],[117.1103,31.4444],[117.1028,31.4318],[117.0988,31.4314],[117.0919,31.4169],[117.0877,31.4126],[117.0883,31.4079],[117.0842,31.4028],[117.0837,31.3933],[117.0805,31.3867],[117.0673,31.3699],[117.0721,31.3584],[117.0731,31.3444],[117.0662,31.3316],[117.0639,31.3164],[117.0682,31.3111],[117.0679,31.3052],[117.0623,31.2908],[117.0588,31.2899],[117.0417,31.2913],[117.0391,31.2845],[117.0419,31.2776],[117.0412,31.2701],[117.0285,31.2601],[117.0369,31.262],[117.0417,31.2555],[117.0405,31.2459],[117.0531,31.237],[117.0619,31.2382],[117.0637,31.2433],[117.0771,31.2445],[117.0771,31.2208],[117.0865,31.2121],[117.0907,31.2001],[117.0984,31.186],[117.1051,31.1767],[117.1122,31.1612],[117.1136,31.1544],[117.1187,31.1511],[117.12,31.1453],[117.116,31.1381],[117.1188,31.1313],[117.1134,31.1247],[117.1133,31.1198],[117.1175,31.1119],[117.1167,31.1],[117.1137,31.0835],[117.1271,31.0801],[117.136,31.0726],[117.1505,31.0763],[117.1525,31.0735]]]},"properties":{"region_code":"CN-34-3401","parent_region_code":"CN-34","name":"合肥市","level":"prefecture","has_children":true,"full_path":"中国 / 安徽省 / 合肥市","source_admin_code":"3401","osm_relation_id":3288965}},
{"type":"Feature","geometry":{"type":"Polygon","coordinates":[[[117.5023,31.0049],[117.5076,31.0037],[117.522,30.9954],[117.5318,30.9951],[117.5316,30.9883],[117.5271,30.9838],[117.5264,30.9734],[117.5362,30.9689],[117.5436,30.9691],[117.5484,30.9778],[117.5587,30.9762],[117.5612,30.9716],[117.5708,30.9706],[117.5761,30.972],[117.5854,30.981],[117.6013,30.98],[117.6088,30.9752],[117.619,30.9757],[117.6329,30.9699],[117.6388,30.9625],[117.6447,30.9618],[117.6466,30.953],[117.6551,30.9494],[117.6599,30.9578],[117.658,30.9644],[117.6634,30.9702],[117.6699,30.9721],[117.6768,30.9707],[117.6803,30.9734],[117.6806,30.9879],[117.6881,30.9916],[117.689,31.0001],[117.6951,31.005],[117.6923,31.0122],[117.7022,31.0136],[117.7077,31.0204],[117.7136,31.0212],[117.714,31.0131],[117.7281,31.0122],[117.7409,31.0429],[117.7622,31.0959],[117.7698,31.1077],[117.7844,31.1225],[117.8052,31.1367],[117.8219,31.1413],[117.8424,31.1421],[117.8523,31.1385],[117.8652,31.1297],[117.8759,31.1127],[117.8772,31.1028],[117.89,31.086],[117.8949,31.0813],[117.9077,31.0734],[117.9253,31.0687],[117.9437,31.0717],[117.9549,31.0773],[117.9792,31.093],[117.9841,31.0859],[117.9838,31.0796],[117.99,31.0698],[117.9974,31.0708],[118.0059,31.0793],[118.0187,31.0672],[118.0049,31.0472],[118.0074,31.0368],[118.0155,31.0342],[118.0235,31.0345],[118.0235,31.0273],[118.0286,31.0217],[118.0406,31.0195],[118.0465,31.0206],[118.0644,31.0174],[118.0759,31.0135],[118.08,31.0023],[118.0898,30.9896],[118.0921,30.9777],[118.1146,30.9683],[118.1228,30.9714],[118.1422,30.9724],[118.1547,30.966],[118.1511,30.9623],[118.1485,30.9502],[118.1515,30.9431],[118.1497,30.9329],[118.1566,30.9273],[118.1522,30.9236],[118.1555,30.9102],[118.1486,30.9041],[118.136,30.9027],[118.1267,30.9045],[118.0974,30.8891],[118.0852,30.8789],[118.073,30.8636],[118.0654,30.872],[118.0516,30.8744],[118.0447,30.8702],[118.0366,30.8617],[118.0434,30.8568],[118.0342,30.8475],[118.0218,30.8474],[118.0137,30.8546],[118.0129,30.8625],[118.005,30.862],[117.9852,30.8526],[117.98,30.846],[117.9812,30.8379],[117.9859,30.8323],[117.9854,30.8269],[117.9783,30.8202],[117.9667,30.8125],[117.963,30.8083],[117.9636,30.7974],[117.967,30.7957],[117.9748,30.7984],[117.9811,30.7979],[117.9917,30.7855],[117.9942,30.7777],[118.0011,30.7831],[118.0125,30.7787],[118.0249,30.7791],[118.0432,30.7705],[118.0603,30.7607],[118.0606,30.7483],[118.0736,30.7421],[118.0787,30.7448],[118.0838,30.7407],[118.0941,30.7463],[118.0959,30.7425],[118.1028,30.7409],[118.0997,30.7324],[118.1043,30.73],[118.1098,30.7216],[118.1195,30.72],[118.1231,30.7035],[118.1295,30.7025],[118.1206,30.693],[118.1164,30.6862],[118.1172,30.6806],[118.1088,30.6767],[118.0986,30.6624],[118.0935,30.6586],[118.0953,30.652],[118.0938,30.6415],[118.1008,30.6431],[118.105,30.6486],[118.1168,30.6531],[118.1179,30.647],[118.1225,30.6446],[118.1281,30.6526],[118.137,30.6582],[118.1439,30.6673],[118.1495,30.6679],[118.1534,30.6724],[118.156,30.6866],[118.1677,30.6877],[118.1682,30.6936],[118.1778,30.6963],[118.1927,30.707],[118.1975,30.7029],[118.206,30.708],[118.211,30.7169],[118.2196,30.7142],[118.2238,30.7065],[118.2442,30.6991],[118.2466,30.7046],[118.2558,30.7132],[118.2626,30.715],[118.2756,30.7128],[118.284,30.7026],[118.2956,30.7012],[118.305,30.7021],[118.3093,30.7114],[118.3027,30.7187],[118.2911,30.7178],[118.2896,30.7274],[118.287,30.7298],[118.2779,30.7282],[118.2732,30.733],[118.2707,30.7421],[118.2787,30.7476],[118.2831,30.7562],[118.2903,30.7566],[118.2924,30.7643],[118.2876,30.767],[118.2887,30.7762],[118.2958,30.7747],[118.2994,30.7877],[118.3044,30.7918],[118.2973,30.7961],[118.3025,30.8112],[118.3068,30.8126],[118.3134,30.824],[118.324,30.8266],[118.3284,30.8238],[118.333,30.829],[118.3423,30.8266],[118.3455,30.8371],[118.3533,30.8415],[118.3536,30.8479],[118.362,30.8456],[118.3763,30.8527],[118.3805,30.8518],[118.3929,30.844],[118.4046,30.8482],[118.4159,30.841],[118.421,30.8411],[118.4179,30.8286],[118.4254,30.829],[118.4206,30.8152],[118.4175,30.8197],[118.4086,30.8185],[118.4092,30.8144],[118.4158,30.8108],[118.4169,30.806],[118.4271,30.797],[118.4332,30.8006],[118.4477,30.8013],[118.4491,30.7964],[118.4462,30.7901],[118.4496,30.7876],[118.4457,30.7822],[118.4607,30.7701],[118.4651,30.7636],[118.4749,30.7662],[118.4737,30.7812],[118.4777,30.7909],[118.488,30.798],[118.4985,30.8071],[118.498,30.8128],[118.4903,30.8222],[118.4782,30.8255],[118.473,30.8342],[118.4774,30.8415],[118.4852,30.844],[118.482,30.85],[118.4937,30.8606],[118.4797,30.8655],[118.4782,30.8727],[118.4689,30.8748],[118.4672,30.8832],[118.4726,30.8842],[118.4806,30.8801],[118.4863,30.8833],[118.4891,30.8914],[118.4848,30.9025],[118.4939,30.9095],[118.5028,30.9136],[118.5079,30.9187],[118.5055,30.9292],[118.4891,30.9427],[118.5093,30.9414],[118.5077,30.9489],[118.5089,30.9557],[118.5189,30.9552],[118.5239,30.9569],[118.5313,30.9677],[118.539,30.9706],[118.5406,30.9742],[118.5479,30.9753],[118.5527,30.9728],[118.5659,30.9698],[118.5743,30.9832],[118.5789,30.9931],[118.5759,31.0001],[118.5705,31.0025],[118.5677,31.0104],[118.5619,31.0156],[118.5677,31.0176],[118.5733,31.0232],[118.5779,31.0242],[118.578,31.034],[118.5808,31.0428],[118.5907,31.0466],[118.5991,31.0407],[118.6056,31.0286],[118.6111,31.0247],[118.6174,31.0259],[118.6239,31.0229],[118.6315,31.0264],[118.6359,31.0332],[118.6534,31.048],[118.6505,31.0546],[118.6518,31.0597],[118.675,31.0686],[118.6797,31.0772],[118.6723,31.0851],[118.6733,31.0905],[118.6862,31.0992],[118.6789,31.1018],[118.6857,31.1101],[118.6796,31.1214],[118.69,31.1319],[118.7003,31.1341],[118.7005,31.1403],[118.7163,31.1483],[118.7232,31.1474],[118.7278,31.1511],[118.7265,31.1559],[118.7127,31.1771],[118.7034,31.1796],[118.6954,31.1857],[118.684,31.2008],[118.6821,31.2077],[118.6773,31.2156],[118.6649,31.2259],[118.66,31.2323],[118.6581,31.2398],[118.6425,31.2487],[118.6479,31.2654],[118.6545,31.2716],[118.6562,31.2927],[118.6524,31.3072],[118.6449,31.3066],[118.6376,31.3018],[118.6209,31.3],[118.6138,31.2969],[118.6055,31.298],[118.5924,31.2972],[118.577,31.2922],[118.5703,31.2938],[118.566,31.3039],[118.5615,31.3046],[118.5596,31.3118],[118.5501,31.3211],[118.5521,31.328],[118.5464,31.3342],[118.5466,31.3395],[118.5528,31.3486],[118.5487,31.357],[118.5399,31.361],[118.5388,31.3679],[118.5239,31.3772],[118.5188,31.3817],[118.518,31.3927],[118.5199,31.4042],[118.5157,31.4058],[118.5046,31.4058],[118.4966,31.4025],[118.4904,31.4065],[118.4839,31.3954],[118.4735,31.395],[118.4612,31.397],[118.4565,31.4013],[118.4397,31.3954],[118.4377,31.4091],[118.4311,31.4274],[118.4245,31.4385],[118.4194,31.4574],[118.425,31.4583],[118.4284,31.473],[118.4173,31.4814],[118.4101,31.5041],[118.4045,31.4966],[118.3992,31.4986],[118.3939,31.5045],[118.3875,31.5072],[118.3712,31.5343],[118.3577,31.4945],[118.3376,31.4641],[118.3234,31.4491],[118.3207,31.4428],[118.314,31.4437],[118.3094,31.4562],[118.3016,31.4559],[118.2996,31.4642],[118.2978,31.4813],[118.3022,31.494],[118.3073,31.4993],[118.3055,31.5078],[118.3009,31.5094],[118.2987,31.503],[118.2823,31.5035],[118.2651,31.5101],[118.2641,31.517],[118.2485,31.5272],[118.2441,31.5359],[118.2286,31.5298],[118.2141,31.5267],[118.1974,31.5287],[118.1939,31.5368],[118.1764,31.5404],[118.1596,31.5326],[118.1542,31.5257],[118.1429,31.5204],[118.1334,31.5202],[118.1288,31.5177],[118.1309,31.5018],[118.1356,31.4962],[118.1391,31.4792],[118.1452,31.4764],[118.1388,31.4699],[118.1326,31.4711],[118.1239,31.4658],[118.1219,31.4579],[118.1257,31.4395],[118.1437,31.4384],[118.1527,31.4353],[118.1589,31.4354],[118.1658,31.4316],[118.1576,31.4168],[118.1581,31.4121],[118.1633,31.4048],[118.1598,31.4011],[118.1311,31.4074],[118.1172,31.4112],[118.0705,31.421],[117.9839,31.4407],[117.9802,31.4347],[117.9702,31.4379],[117.9688,31.442],[117.9706,31.4507],[117.9653,31.4565],[117.963,31.4656],[117.9657,31.4691],[117.9776,31.4701],[117.9776,31.476],[117.9628,31.481],[117.9559,31.4808],[117.9525,31.4845],[117.9552,31.4918],[117.963,31.4935],[117.9663,31.4981],[117.9605,31.5006],[117.9523,31.4978],[117.9437,31.4911],[117.9356,31.4886],[117.9284,31.491],[117.919,31.5042],[117.91,31.5015],[117.9003,31.5063],[117.8893,31.5008],[117.8866,31.5023],[117.8713,31.4944],[117.8486,31.4877],[117.8398,31.4807],[117.8353,31.4862],[117.83,31.4857],[117.827,31.4923],[117.8183,31.4856],[117.817,31.481],[117.8041,31.4801],[117.8024,31.4832],[117.7819,31.4861],[117.7768,31.4917],[117.7713,31.4854],[117.7705,31.4768],[117.7649,31.4789],[117.7701,31.4845],[117.7612,31.4886],[117.753,31.4835],[117.7298,31.4872],[117.7226,31.4763],[117.7054,31.467],[117.6985,31.46],[117.6976,31.4498],[117.6947,31.4441],[117.6963,31.4381],[117.6907,31.4304],[117.6872,31.4179],[117.6871,31.4097],[117.6696,31.3959],[117.6645,31.3858],[117.6581,31.3855],[117.6561,31.3798],[117.6598,31.3771],[117.6555,31.3657],[117.6497,31.3628],[117.6518,31.3567],[117.6513,31.3416],[117.6476,31.3403],[117.648,31.3318],[117.6376,31.3292],[117.6322,31.3191],[117.635,31.315],[117.6318,31.3078],[117.6346,31.3046],[117.63,31.2993],[117.6214,31.2998],[117.611,31.2932],[117.6151,31.2823],[117.6073,31.2798],[117.595,31.2799],[117.5837,31.2785],[117.5748,31.2751],[117.5678,31.2701],[117.5685,31.2573],[117.5637,31.2461],[117.5572,31.2405],[117.554,31.2251],[117.5507,31.2193],[117.5432,31.214],[117.5298,31.2095],[117.5311,31.2056],[117.5253,31.2025],[117.5336,31.1884],[117.5297,31.1802],[117.5364,31.1776],[117.5343,31.1663],[117.5419,31.1664],[117.5462,31.1714],[117.5542,31.1735],[117.5567,31.1599],[117.5562,31.1531],[117.5442,31.1472],[117.5316,31.1473],[117.5239,31.1444],[117.5227,31.1401],[117.5284,31.1336],[117.521,31.1264],[117.5244,31.1203],[117.5245,31.1139],[117.5207,31.11],[117.5108,31.108],[117.5174,31.1033],[117.5229,31.0965],[117.5258,31.0851],[117.5207,31.0797],[117.5213,31.074],[117.5169,31.0633],[117.5131,31.0595],[117.5142,31.0537],[117.5096,31.0493],[117.4884,31.0492],[117.4752,31.0409],[117.4799,31.0359],[117.4915,31.0295],[117.4894,31.0217],[117.4981,31.0165],[117.5023,31.0049]]]},"properties":{"region_code":"CN-34-3402","parent_region_code":"CN-34","name":"芜湖市","level":"prefecture","has_children":true,"full_path":"中国 / 安徽省 / 芜湖市","source_admin_code":"3402","osm_relation_id":3262036}},
{"type":"Feature","geometry":{"type":"Polygon","coordinates":[[[117.9732,33.3359],[117.9654,33.3316],[117.9383,33.3298],[117.9262,33.3321],[117.9114,33.332],[117.9124,33.337],[117.9078,33.3443],[117.9011,33.3457],[117.8977,33.3385],[117.8883,33.333],[117.8866,33.3293],[117.8661,33.3274],[117.8553,33.3281],[117.8544,33.3145],[117.8456,33.3011],[117.8442,33.2966],[117.8089,33.3013],[117.8041,33.2831],[117.8001,33.2754],[117.7886,33.2804],[117.7645,33.2827],[117.7533,33.2772],[117.7323,33.2758],[117.7252,33.2823],[117.7167,33.2822],[117.7079,33.2844],[117.6967,33.2909],[117.6893,33.2932],[117.6842,33.307],[117.672,33.3084],[117.6689,33.3123],[117.6676,33.3206],[117.6599,33.3294],[117.6433,33.331],[117.6325,33.3404],[117.6254,33.3432],[117.605,33.3396],[117.5832,33.3252],[117.5718,33.3241],[117.5635,33.33],[117.5495,33.3317],[117.5467,33.3283],[117.5347,33.3307],[117.5216,33.3391],[117.5103,33.3406],[117.5028,33.3435],[117.4976,33.3482],[117.4769,33.3476],[117.4702,33.3499],[117.4612,33.3557],[117.4358,33.3745],[117.4282,33.3755],[117.4249,33.3876],[117.4172,33.4019],[117.4074,33.4079],[117.4053,33.414],[117.3977,33.4205],[117.3927,33.4277],[117.3924,33.4354],[117.3956,33.4428],[117.386,33.4581],[117.3799,33.4623],[117.3497,33.4723],[117.3236,33.476],[117.317,33.4749],[117.3062,33.4929],[117.274,33.4966],[117.2725,33.4893],[117.2647,33.4928],[117.2495,33.4963],[117.248,33.5007],[117.2376,33.5019],[117.2355,33.4875],[117.2313,33.4809],[117.2237,33.4793],[117.2208,33.4705],[117.2209,33.4572],[117.2147,33.4533],[117.2023,33.4546],[117.1971,33.4253],[117.1552,33.4583],[117.1516,33.4559],[117.1458,33.442],[117.1364,33.4448],[117.1292,33.4363],[117.1242,33.4329],[117.1204,33.4235],[117.1285,33.4213],[117.1381,33.4115],[117.1352,33.4036],[117.1272,33.3885],[117.1199,33.3824],[117.1164,33.3859],[117.1086,33.3879],[117.0965,33.3985],[117.0874,33.4003],[117.0791,33.408],[117.0636,33.4011],[117.0553,33.3933],[117.0458,33.373],[117.0536,33.3715],[117.0557,33.3761],[117.0695,33.3697],[117.0802,33.3666],[117.0821,33.3611],[117.0919,33.3579],[117.0849,33.3459],[117.0739,33.3466],[117.068,33.334],[117.062,33.3334],[117.0599,33.3276],[117.0621,33.3197],[117.0746,33.3224],[117.0757,33.3201],[117.0865,33.3188],[117.094,33.3124],[117.0899,33.2864],[117.0772,33.2891],[117.0769,33.2862],[117.0559,33.2911],[117.0303,33.2949],[117.0241,33.2967],[117.0202,33.2938],[117.0112,33.2939],[117.0086,33.2894],[117.0133,33.2865],[117.0126,33.2798],[116.998,33.2832],[116.9827,33.2818],[116.9801,33.2754],[116.9565,33.2794],[116.9511,33.2845],[116.9458,33.2854],[116.9391,33.2955],[116.9387,33.3046],[116.9207,33.3111],[116.9072,33.3081],[116.9072,33.3028],[116.8951,33.3029],[116.8905,33.2984],[116.8784,33.3014],[116.8698,33.3014],[116.8703,33.296],[116.8673,33.2864],[116.8596,33.2815],[116.8393,33.285],[116.826,33.2931],[116.8168,33.3026],[116.8028,33.3053],[116.7963,33.2983],[116.7921,33.2882],[116.7904,33.2793],[116.7955,33.2766],[116.8032,33.2769],[116.8054,33.2707],[116.8081,33.252],[116.8189,33.2449],[116.8155,33.2377],[116.82,33.2164],[116.8239,33.2156],[116.8172,33.1961],[116.8144,33.1965],[116.8124,33.1819],[116.8193,33.1783],[116.8131,33.1591],[116.8055,33.1573],[116.7942,33.1669],[116.7886,33.1741],[116.7793,33.164],[116.7653,33.1466],[116.7606,33.1486],[116.7558,33.1369],[116.752,33.1332],[116.7534,33.126],[116.7622,33.115],[116.7635,33.1089],[116.7633,33.0947],[116.7564,33.0928],[116.7562,33.0853],[116.751,33.0854],[116.7463,33.0782],[116.7437,33.0701],[116.7442,33.0588],[116.7486,33.055],[116.7597,33.0513],[116.7696,33.0462],[116.7761,33.049],[116.7829,33.0483],[116.7879,33.0447],[116.7871,33.0397],[116.7925,33.0337],[116.7982,33.0339],[116.8046,33.0301],[116.8109,33.0222],[116.8135,33.0005],[116.8061,32.9967],[116.7999,32.9977],[116.7967,33.0016],[116.7895,32.9972],[116.7703,32.999],[116.7605,33.008],[116.7485,33.0029],[116.7527,32.9935],[116.746,32.9776],[116.7349,32.9697],[116.7365,32.9552],[116.7439,32.9466],[116.7348,32.9454],[116.7374,32.9406],[116.7276,32.9365],[116.7254,32.9317],[116.7532,32.9259],[116.7559,32.9171],[116.761,32.9184],[116.7624,32.9237],[116.7799,32.9212],[116.7876,32.9054],[116.824,32.89],[116.8331,32.8912],[116.8352,32.8874],[116.8281,32.8766],[116.8349,32.8757],[116.8591,32.8584],[116.8803,32.8442],[116.8841,32.8494],[116.8945,32.8445],[116.8952,32.8382],[116.8904,32.8373],[116.9059,32.827],[116.9148,32.8262],[116.9139,32.8217],[116.9195,32.818],[116.9172,32.8105],[116.927,32.8088],[116.9292,32.8115],[116.9558,32.794],[116.9894,32.7849],[116.9964,32.7817],[117.0052,32.772],[117.0108,32.7614],[117.0143,32.7581],[117.0262,32.7579],[117.0245,32.7488],[117.0307,32.7451],[117.0378,32.7364],[117.0502,32.7341],[117.0556,32.7307],[117.0379,32.7225],[117.0436,32.7182],[117.0601,32.7247],[117.0687,32.7162],[117.0718,32.7214],[117.0825,32.7241],[117.087,32.7279],[117.0777,32.7344],[117.0759,32.7393],[117.0794,32.7503],[117.0936,32.7483],[117.0959,32.7516],[117.1096,32.7553],[117.1196,32.7594],[117.1305,32.7568],[117.1416,32.7524],[117.1504,32.7579],[117.1517,32.7437],[117.1597,32.7409],[117.1694,32.7436],[117.1836,32.7361],[117.188,32.7366],[117.2082,32.7551],[117.2138,32.7567],[117.2251,32.7666],[117.2271,32.7736],[117.2315,32.7771],[117.2298,32.7855],[117.2376,32.7917],[117.2398,32.8029],[117.2456,32.8037],[117.2505,32.8093],[117.2706,32.8072],[117.2787,32.8148],[117.2788,32.8192],[117.2921,32.8186],[117.3044,32.8212],[117.303,32.825],[117.3098,32.8292],[117.3267,32.8288],[117.3349,32.8331],[117.3371,32.8301],[117.3489,32.8365],[117.3543,32.8418],[117.363,32.8397],[117.3688,32.841],[117.3818,32.838],[117.3879,32.8382],[117.394,32.835],[117.4134,32.8349],[117.415,32.8485],[117.4227,32.8447],[117.4281,32.8452],[117.4502,32.8435],[117.4609,32.84],[117.4751,32.8487],[117.4751,32.8541],[117.4833,32.8623],[117.487,32.8688],[117.4958,32.8735],[117.5015,32.8697],[117.5071,32.8731],[117.5079,32.8902],[117.5039,32.8903],[117.4938,32.8981],[117.4978,32.9066],[117.5022,32.9213],[117.5027,32.9289],[117.5073,32.9326],[117.5087,32.9389],[117.5234,32.94],[117.5214,32.9537],[117.5214,32.9698],[117.5247,32.9827],[117.5421,32.9726],[117.5656,32.9505],[117.5931,32.9275],[117.5998,32.9247],[117.6179,32.9271],[117.6235,32.9261],[117.636,32.9154],[117.6418,32.9128],[117.6547,32.9136],[117.6652,32.9186],[117.6696,32.9302],[117.6844,32.959],[117.6931,32.98],[117.6952,32.9929],[117.7008,33.0025],[117.7068,33.0063],[117.7175,33.007],[117.726,33.0042],[117.7347,33.0052],[117.7393,33.0095],[117.7551,33.0381],[117.7656,33.0489],[117.7748,33.0496],[117.789,33.0419],[117.7985,33.0314],[117.8075,33.03],[117.8286,33.0333],[117.8385,33.036],[117.8549,33.0379],[117.8636,33.0403],[117.8817,33.0479],[117.888,33.0374],[117.8855,33.034],[117.8887,33.0268],[117.8955,33.0203],[117.8783,33.0083],[117.8772,33.0055],[117.8843,32.9997],[117.8879,32.9909],[117.906,32.9881],[117.9119,32.9956],[117.9307,33.0041],[117.9383,33.0157],[117.9451,33.0173],[117.953,33.0102],[117.9569,33.0044],[117.9688,33.0059],[117.9763,33.0142],[117.9816,33.0144],[117.9867,33.0106],[117.9923,33.0121],[117.9996,33.0031],[118.0163,33.0056],[118.0233,33.0105],[118.0316,33.0233],[118.0251,33.0352],[118.0206,33.0387],[118.0064,33.0321],[117.9998,33.0327],[117.9991,33.0412],[117.9938,33.0436],[117.9958,33.0584],[118.0064,33.058],[118.0115,33.0608],[118.0122,33.0658],[118.0224,33.0685],[118.0255,33.0783],[118.035,33.0769],[118.0427,33.0715],[118.0522,33.0731],[118.0563,33.0802],[118.0621,33.0837],[118.0634,33.0936],[118.0575,33.0969],[118.0666,33.1092],[118.0743,33.1121],[118.0689,33.1197],[118.0689,33.1318],[118.0593,33.1413],[118.0566,33.1489],[118.0379,33.1522],[118.0395,33.14],[118.0321,33.1379],[118.0307,33.1478],[118.0315,33.1548],[118.0194,33.1584],[118.0131,33.1663],[118.0008,33.1713],[118.0009,33.1786],[117.9961,33.1803],[117.9847,33.18],[117.9816,33.1955],[117.9774,33.1967],[117.974,33.2039],[117.98,33.2076],[117.9803,33.2217],[117.9742,33.228],[117.9642,33.2289],[117.9549,33.2233],[117.9421,33.2253],[117.9359,33.2293],[117.9355,33.2356],[117.9416,33.2451],[117.9432,33.2553],[117.9391,33.2642],[117.9414,33.2684],[117.9528,33.2749],[117.9641,33.2791],[117.9743,33.2964],[117.9786,33.2989],[117.9801,33.321],[117.9834,33.3235],[117.9859,33.3353],[117.9732,33.3359]]]},"properties":{"region_code":"CN-34-3403","parent_region_code":"CN-34","name":"蚌埠市","level":"prefecture","has_children":true,"full_path":"中国 / 安徽省 / 蚌埠市","source_admin_code":"3403","osm_relation_id":3262334}},
{"type":"Feature","geometry":{"type":"Polygon","coordinates":[[[117.1964,32.5384],[117.1983,32.5464],[117.2059,32.5517],[117.2094,32.5618],[117.1995,32.5804],[117.1952,32.5909],[117.1904,32.61],[117.1775,32.6372],[117.172,32.6418],[117.1724,32.6523],[117.1707,32.6581],[117.1631,32.6715],[117.1545,32.6836],[117.1561,32.6891],[117.1683,32.6962],[117.1778,32.7001],[117.1786,32.7058],[117.1858,32.72],[117.1944,32.7274],[117.2003,32.7285],[117.188,32.7366],[117.1836,32.7361],[117.1694,32.7436],[117.1597,32.7409],[117.1517,32.7437],[117.1504,32.7579],[117.1416,32.7524],[117.1305,32.7568],[117.1196,32.7594],[117.1096,32.7553],[117.0959,32.7516],[117.0936,32.7483],[117.0794,32.7503],[117.0759,32.7393],[117.0777,32.7344],[117.087,32.7279],[117.0825,32.7241],[117.0718,32.7214],[117.0687,32.7162],[117.0601,32.7247],[117.0436,32.7182],[117.0379,32.7225],[117.0556,32.7307],[117.0502,32.7341],[117.0378,32.7364],[117.0307,32.7451],[117.0245,32.7488],[117.0262,32.7579],[117.0143,32.7581],[117.0108,32.7614],[117.0052,32.772],[116.9964,32.7817],[116.9894,32.7849],[116.9558,32.794],[116.9292,32.8115],[116.927,32.8088],[116.9172,32.8105],[116.9195,32.818],[116.9139,32.8217],[116.9148,32.8262],[116.9059,32.827],[116.8904,32.8373],[116.8952,32.8382],[116.8945,32.8445],[116.8841,32.8494],[116.8803,32.8442],[116.8591,32.8584],[116.8349,32.8757],[116.8281,32.8766],[116.8352,32.8874],[116.8331,32.8912],[116.824,32.89],[116.7876,32.9054],[116.7799,32.9212],[116.7624,32.9237],[116.761,32.9184],[116.7559,32.9171],[116.7532,32.9259],[116.7254,32.9317],[116.7004,32.9387],[116.672,32.9423],[116.6418,32.9423],[116.6304,32.9429],[116.6131,32.9459],[116.5155,32.9706],[116.4446,32.9855],[116.3759,33.0073],[116.3712,32.9941],[116.3729,32.9806],[116.3701,32.9662],[116.3648,32.9644],[116.3644,32.9549],[116.3613,32.9494],[116.363,32.9418],[116.3532,32.9345],[116.3584,32.9321],[116.3624,32.9363],[116.3825,32.9231],[116.3858,32.9146],[116.3891,32.913],[116.386,32.9031],[116.3884,32.8961],[116.3897,32.8889],[116.3877,32.8812],[116.3823,32.8724],[116.3829,32.86],[116.388,32.8574],[116.4002,32.8551],[116.416,32.8601],[116.4223,32.8586],[116.4351,32.8502],[116.4408,32.8428],[116.4376,32.8295],[116.4342,32.8241],[116.4364,32.8191],[116.4428,32.816],[116.4356,32.8094],[116.4363,32.8013],[116.4436,32.7915],[116.442,32.7823],[116.4433,32.7689],[116.4382,32.7535],[116.4386,32.7414],[116.4405,32.7349],[116.4498,32.7319],[116.4469,32.7143],[116.4419,32.7148],[116.4388,32.7076],[116.4396,32.7001],[116.4458,32.6963],[116.4451,32.6914],[116.4602,32.6803],[116.4671,32.6828],[116.4821,32.6805],[116.4853,32.6842],[116.4973,32.6829],[116.4996,32.6663],[116.5186,32.6623],[116.5213,32.6599],[116.5229,32.6493],[116.5284,32.6375],[116.5292,32.6316],[116.5362,32.62],[116.5329,32.6184],[116.5351,32.605],[116.5519,32.6024],[116.5494,32.5873],[116.5714,32.5897],[116.5843,32.5923],[116.596,32.5918],[116.6134,32.5863],[116.6214,32.5811],[116.6278,32.5651],[116.6285,32.5568],[116.6045,32.5479],[116.5785,32.5475],[116.5665,32.5465],[116.5589,32.5443],[116.5497,32.5368],[116.5386,32.523],[116.5247,32.5122],[116.5204,32.5022],[116.525,32.4912],[116.5146,32.4821],[116.5141,32.471],[116.5094,32.4619],[116.5019,32.4601],[116.4924,32.4678],[116.4901,32.4667],[116.4844,32.4453],[116.4802,32.4408],[116.4736,32.4401],[116.4736,32.4373],[116.4819,32.4314],[116.4816,32.4241],[116.4787,32.418],[116.4724,32.4117],[116.4803,32.4079],[116.4879,32.408],[116.494,32.4052],[116.4943,32.3993],[116.4805,32.3878],[116.4779,32.3838],[116.4772,32.3731],[116.4803,32.3626],[116.4836,32.3576],[116.5023,32.3451],[116.5085,32.3274],[116.5171,32.3173],[116.5187,32.2997],[116.5252,32.273],[116.5233,32.2671],[116.519,32.2646],[116.527,32.2431],[116.5249,32.2369],[116.5176,32.2273],[116.5069,32.2228],[116.4993,32.2177],[116.5007,32.2119],[116.5118,32.2078],[116.5166,32.2017],[116.5091,32.1938],[116.5061,32.1874],[116.5061,32.1749],[116.5131,32.1633],[116.5203,32.1565],[116.5263,32.148],[116.527,32.1225],[116.5203,32.1171],[116.5269,32.1061],[116.5275,32.1003],[116.5326,32.0974],[116.5415,32.0857],[116.5428,32.0732],[116.5397,32.058],[116.5459,32.0517],[116.5469,32.0442],[116.5408,32.0257],[116.5568,32.0276],[116.5576,32.0236],[116.5776,32.0212],[116.5924,32.0138],[116.5967,32.0092],[116.6067,32.003],[116.628,31.9933],[116.6361,31.9953],[116.6453,31.9901],[116.6509,31.9838],[116.6584,31.9817],[116.6713,31.9817],[116.6779,31.9758],[116.6775,31.9666],[116.6808,31.9613],[116.6774,31.9575],[116.6815,31.9517],[116.6801,31.9459],[116.675,31.9427],[116.6798,31.9365],[116.6828,31.923],[116.6813,31.9058],[116.7025,31.9038],[116.7056,31.9102],[116.7172,31.9214],[116.7232,31.9191],[116.7418,31.9169],[116.7595,31.9164],[116.7623,31.9121],[116.7573,31.9071],[116.7586,31.9036],[116.7665,31.9035],[116.7657,31.9124],[116.7703,31.9178],[116.7768,31.9154],[116.7878,31.9242],[116.7949,31.9219],[116.8098,31.9203],[116.8143,31.9221],[116.8177,31.9299],[116.8325,31.9356],[116.8337,31.9402],[116.8405,31.9428],[116.8385,31.9472],[116.8415,31.9528],[116.8515,31.9555],[116.8559,31.9649],[116.8635,31.9659],[116.8707,31.9727],[116.8841,31.9744],[116.9036,31.9797],[116.9104,31.9779],[116.9214,31.9828],[116.9219,31.9872],[116.9288,31.9912],[116.9288,31.9959],[116.9239,31.9983],[116.9218,32.0106],[116.9174,32.0148],[116.9208,32.0208],[116.93,32.0275],[116.9471,32.0241],[116.9471,32.0193],[116.956,32.0166],[116.9643,32.0184],[116.9725,32.0175],[116.9753,32.0142],[116.9944,32.0142],[116.9992,32.0056],[116.9937,32.002],[116.9902,31.9935],[117.0016,31.9918],[117.0089,31.9964],[117.016,31.9946],[117.0274,31.9989],[117.0278,32.0039],[117.0228,32.012],[117.0352,32.0177],[117.0348,32.0259],[117.045,32.0407],[117.0396,32.0482],[117.0382,32.0565],[117.0322,32.0578],[117.0222,32.0648],[117.0238,32.0789],[117.015,32.0871],[117.0145,32.0959],[117.0171,32.1047],[117.0097,32.1093],[116.9957,32.1146],[116.9874,32.1241],[116.9795,32.1274],[116.9814,32.1308],[116.9768,32.1375],[116.9816,32.1438],[116.9734,32.158],[116.9815,32.1637],[116.9901,32.156],[117.013,32.1617],[117.0186,32.1651],[117.0148,32.1713],[117.0198,32.1782],[117.0234,32.1879],[117.0168,32.1961],[117.0042,32.2015],[117.0041,32.2065],[116.9972,32.2108],[116.9982,32.2188],[117.0061,32.2199],[117.0159,32.224],[117.0225,32.2227],[117.0322,32.2257],[117.0382,32.2248],[117.0471,32.2289],[117.0503,32.2352],[117.0559,32.2349],[117.0607,32.2403],[117.0552,32.2516],[117.0689,32.2655],[117.0612,32.2757],[117.0628,32.2812],[117.0509,32.2851],[117.0457,32.2804],[117.0344,32.2836],[117.0338,32.2912],[117.0295,32.2975],[117.0366,32.2989],[117.0394,32.3028],[117.0366,32.3082],[117.0433,32.3248],[117.0479,32.3261],[117.0516,32.3361],[117.0421,32.339],[117.039,32.3325],[117.0306,32.3394],[117.0353,32.3472],[117.038,32.3559],[117.0353,32.3619],[117.0392,32.3744],[117.0383,32.3854],[117.0292,32.3846],[117.0208,32.3861],[117.0127,32.3822],[117.003,32.3857],[116.9973,32.3933],[117.0015,32.3954],[117.0026,32.4018],[117.0082,32.4099],[117.0198,32.4143],[117.025,32.4179],[117.0337,32.4177],[117.0407,32.4276],[117.0435,32.4384],[117.0422,32.4436],[117.0443,32.4498],[117.0491,32.4493],[117.058,32.4591],[117.0612,32.4586],[117.0681,32.4686],[117.0686,32.4754],[117.0653,32.4813],[117.0665,32.4968],[117.0719,32.5003],[117.0701,32.5062],[117.0756,32.5104],[117.0768,32.5222],[117.0695,32.5218],[117.0698,32.5281],[117.0878,32.5349],[117.0998,32.5327],[117.1101,32.5238],[117.1234,32.5281],[117.13,32.5231],[117.1378,32.5238],[117.1451,32.5286],[117.1501,32.5359],[117.1605,32.535],[117.1662,32.5419],[117.1714,32.5392],[117.1964,32.5384]]]},"properties":{"region_code":"CN-34-3404","parent_region_code":"CN-34","name":"淮南市","level":"prefecture","has_children":true,"full_path":"中国 / 安徽省 / 淮南市","source_admin_code":"3404","osm_relation_id":3262360}},
{"type":"Feature","geometry":{"type":"MultiPolygon","coordinates":[[[[118.392,31.9744],[118.4012,31.9756],[118.4007,31.9811],[118.3939,31.98],[118.392,31.9744]]],[[[117.9605,31.5006],[117.9663,31.4981],[117.963,31.4935],[117.9552,31.4918],[117.9525,31.4845],[117.9559,31.4808],[117.9628,31.481],[117.9776,31.476],[117.9776,31.4701],[117.9657,31.4691],[117.963,31.4656],[117.9653,31.4565],[117.9706,31.4507],[117.9688,31.442],[117.9702,31.4379],[117.9802,31.4347],[117.9839,31.4407],[118.0705,31.421],[118.1172,31.4112],[118.1311,31.4074],[118.1598,31.4011],[118.1633,31.4048],[118.1581,31.4121],[118.1576,31.4168],[118.1658,31.4316],[118.1589,31.4354],[118.1527,31.4353],[118.1437,31.4384],[118.1257,31.4395],[118.1219,31.4579],[118.1239,31.4658],[118.1326,31.4711],[118.1388,31.4699],[118.1452,31.4764],[118.1391,31.4792],[118.1356,31.4962],[118.1309,31.5018],[118.1288,31.5177],[118.1334,31.5202],[118.1429,31.5204],[118.1542,31.5257],[118.1596,31.5326],[118.1764,31.5404],[118.1939,31.5368],[118.1974,31.5287],[118.2141,31.5267],[118.2286,31.5298],[118.2441,31.5359],[118.2485,31.5272],[118.2641,31.517],[118.2651,31.5101],[118.2823,31.5035],[118.2987,31.503],[118.3009,31.5094],[118.3055,31.5078],[118.3073,31.4993],[118.3022,31.494],[118.2978,31.4813],[118.2996,31.4642],[118.3016,31.4559],[118.3094,31.4562],[118.314,31.4437],[118.3207,31.4428],[118.3234,31.4491],[118.3376,31.4641],[118.3577,31.4945],[118.3712,31.5343],[118.3875,31.5072],[118.3939,31.5045],[118.3992,31.4986],[118.4045,31.4966],[118.4101,31.5041],[118.4173,31.4814],[118.4284,31.473],[118.425,31.4583],[118.4194,31.4574],[118.4245,31.4385],[118.4311,31.4274],[118.4377,31.4091],[118.4397,31.3954],[118.4565,31.4013],[118.4612,31.397],[118.4735,31.395],[118.4839,31.3954],[118.4904,31.4065],[118.4966,31.4025],[118.5046,31.4058],[118.5157,31.4058],[118.5199,31.4042],[118.518,31.3927],[118.5188,31.3817],[118.5239,31.3772],[118.5388,31.3679],[118.5399,31.361],[118.5487,31.357],[118.5528,31.3486],[118.5466,31.3395],[118.5464,31.3342],[118.5521,31.328],[118.5501,31.3211],[118.5596,31.3118],[118.5615,31.3046],[118.566,31.3039],[118.5703,31.2938],[118.577,31.2922],[118.5924,31.2972],[118.6055,31.298],[118.6138,31.2969],[118.6209,31.3],[118.6376,31.3018],[118.6449,31.3066],[118.6524,31.3072],[118.6678,31.3081],[118.674,31.3065],[118.69,31.3114],[118.6992,31.31],[118.7084,31.3229],[118.7147,31.3245],[118.7296,31.3471],[118.7405,31.3751],[118.7489,31.3871],[118.76,31.3911],[118.765,31.382],[118.7657,31.3755],[118.7637,31.366],[118.785,31.3713],[118.7947,31.3711],[118.8053,31.3733],[118.8142,31.3775],[118.8273,31.3812],[118.8396,31.3949],[118.8448,31.3943],[118.8554,31.4128],[118.8692,31.4323],[118.8766,31.4501],[118.874,31.4831],[118.8781,31.4986],[118.8825,31.5313],[118.8701,31.5417],[118.8713,31.5527],[118.8654,31.5556],[118.8714,31.564],[118.8775,31.5643],[118.8786,31.57],[118.8676,31.5765],[118.8725,31.5925],[118.8669,31.5949],[118.8591,31.5933],[118.8562,31.5982],[118.8641,31.5997],[118.8675,31.6078],[118.8663,31.6118],[118.8584,31.617],[118.8542,31.6258],[118.8431,31.6263],[118.8363,31.6308],[118.8239,31.633],[118.8151,31.633],[118.8151,31.6258],[118.8105,31.6225],[118.7987,31.6209],[118.7907,31.6308],[118.7856,31.6316],[118.7866,31.6404],[118.7824,31.6462],[118.7831,31.6506],[118.7779,31.6583],[118.7872,31.6612],[118.7941,31.6684],[118.7836,31.6741],[118.7748,31.6821],[118.7694,31.6847],[118.7631,31.6795],[118.7552,31.6824],[118.7459,31.6797],[118.7393,31.6705],[118.74,31.6587],[118.7333,31.649],[118.7316,31.6361],[118.721,31.6343],[118.7136,31.6299],[118.7077,31.6453],[118.6991,31.6405],[118.6901,31.642],[118.6792,31.6386],[118.6685,31.6428],[118.6529,31.6432],[118.651,31.6465],[118.6391,31.6519],[118.6432,31.6607],[118.6425,31.6687],[118.6375,31.6738],[118.6408,31.6811],[118.6513,31.6802],[118.6595,31.6824],[118.667,31.6996],[118.6734,31.6982],[118.6783,31.7047],[118.6859,31.7095],[118.6853,31.7229],[118.6728,31.731],[118.6484,31.734],[118.6446,31.7427],[118.6363,31.7478],[118.6433,31.753],[118.6385,31.7553],[118.6372,31.7614],[118.6218,31.7614],[118.6123,31.7533],[118.6034,31.7596],[118.5968,31.7597],[118.5873,31.7465],[118.5702,31.743],[118.5645,31.7468],[118.5572,31.74],[118.5522,31.7318],[118.5449,31.7367],[118.5341,31.7376],[118.53,31.7419],[118.5156,31.7481],[118.5245,31.7545],[118.5334,31.7534],[118.5331,31.7616],[118.5417,31.7629],[118.527,31.7691],[118.5166,31.7636],[118.4988,31.7735],[118.497,31.7783],[118.4856,31.7778],[118.4766,31.7796],[118.4757,31.7867],[118.4881,31.8134],[118.4994,31.843],[118.4851,31.8454],[118.4703,31.8524],[118.4614,31.86],[118.46,31.8695],[118.4716,31.8733],[118.473,31.8854],[118.4635,31.8882],[118.448,31.8862],[118.4449,31.8917],[118.4398,31.8914],[118.4354,31.8979],[118.4275,31.8991],[118.4193,31.8963],[118.4178,31.8868],[118.4125,31.8869],[118.4049,31.8965],[118.4038,31.904],[118.4055,31.9137],[118.3962,31.9149],[118.3882,31.9185],[118.3789,31.9112],[118.3702,31.9127],[118.3735,31.918],[118.3695,31.9241],[118.369,31.9298],[118.3578,31.9296],[118.3581,31.937],[118.3639,31.9436],[118.3602,31.9516],[118.3655,31.9622],[118.3628,31.9678],[118.3755,31.9692],[118.3692,31.9852],[118.3779,31.982],[118.384,31.9857],[118.3904,31.9957],[118.3847,32.0012],[118.385,32.01],[118.3829,32.0147],[118.3855,32.0189],[118.3956,32.0214],[118.3817,32.0307],[118.3775,32.0351],[118.3841,32.0459],[118.3896,32.0485],[118.3778,32.0613],[118.3684,32.0589],[118.3684,32.0502],[118.3589,32.0456],[118.352,32.0392],[118.3369,32.0314],[118.3342,32.0321],[118.3216,32.0249],[118.3129,32.0162],[118.3066,32.0074],[118.3004,31.9931],[118.2933,31.9864],[118.2813,31.9787],[118.2634,31.9633],[118.2474,31.9524],[118.2318,31.9386],[118.2177,31.9305],[118.2079,31.9309],[118.1962,31.928],[118.1842,31.9195],[118.1807,31.9126],[118.1634,31.904],[118.1549,31.9083],[118.1439,31.9086],[118.1273,31.9038],[118.1194,31.9084],[118.115,31.908],[118.1083,31.9025],[118.1058,31.8941],[118.0904,31.8851],[118.0804,31.8776],[118.082,31.871],[118.0786,31.8664],[118.0807,31.8568],[118.0649,31.8532],[118.0609,31.8659],[118.0393,31.8596],[118.0296,31.8607],[118.0345,31.8513],[118.0283,31.8488],[118.0228,31.8573],[118.0121,31.8618],[118.0096,31.865],[118.0097,31.8726],[117.9919,31.8826],[117.985,31.8815],[117.9743,31.8903],[117.9674,31.8979],[117.9695,31.9017],[117.9635,31.9049],[117.9531,31.9042],[117.9432,31.8834],[117.9372,31.8745],[117.9363,31.8629],[117.9327,31.8581],[117.9335,31.8534],[117.9175,31.8445],[117.9028,31.8423],[117.9032,31.8378],[117.9081,31.8308],[117.906,31.8264],[117.9002,31.8257],[117.8984,31.8212],[117.9011,31.8091],[117.8998,31.8057],[117.9048,31.7952],[117.9111,31.7887],[117.9045,31.785],[117.9005,31.778],[117.9041,31.7679],[117.915,31.7657],[117.9205,31.7614],[117.9088,31.7525],[117.914,31.7419],[117.9198,31.7363],[117.9284,31.7357],[117.9286,31.7308],[117.9194,31.7237],[117.9104,31.7198],[117.9095,31.7169],[117.8946,31.705],[117.9019,31.6991],[117.9121,31.6991],[117.921,31.6884],[117.9323,31.6807],[117.9343,31.6737],[117.9446,31.6736],[117.9498,31.6693],[117.9561,31.6681],[117.9618,31.6582],[117.9599,31.6552],[117.9643,31.6414],[117.9685,31.6371],[117.967,31.6229],[117.9552,31.6193],[117.9551,31.6236],[117.9504,31.6284],[117.9399,31.6306],[117.9352,31.6274],[117.9288,31.6191],[117.932,31.6138],[117.9264,31.6079],[117.9297,31.6012],[117.931,31.5917],[117.9248,31.5897],[117.9247,31.5845],[117.9291,31.5788],[117.9237,31.571],[117.909,31.5677],[117.9083,31.5625],[117.9027,31.5601],[117.903,31.5495],[117.9106,31.5525],[117.916,31.5505],[117.9231,31.5398],[117.9434,31.5431],[117.9467,31.5394],[117.9364,31.529],[117.9362,31.5247],[117.9492,31.5217],[117.9535,31.5098],[117.9607,31.5058],[117.9605,31.5006]]]]},"properties":{"region_code":"CN-34-3405","parent_region_code":"CN-34","name":"马鞍山市","level":"prefecture","has_children":true,"full_path":"中国 / 安徽省 / 马鞍山市","source_admin_code":"3405","osm_relation_id":3260816}},
{"type":"Feature","geometry":{"type":"MultiPolygon","coordinates":[[[[117.0279,34.1669],[117.0201,34.1684],[117.0256,34.1879],[117.0285,34.1873],[117.0327,34.1968],[117.0331,34.2021],[117.0405,34.2028],[117.0429,34.2084],[117.0393,34.214],[117.0461,34.2229],[117.0397,34.2257],[117.0365,34.2339],[117.0448,34.2385],[117.041,34.249],[117.0345,34.2493],[117.0261,34.2429],[117.031,34.2272],[117.0233,34.2233],[117.0163,34.2153],[117.0034,34.221],[117.0007,34.2327],[116.991,34.225],[116.986,34.2165],[116.9832,34.2064],[116.9864,34.1968],[116.9792,34.1972],[116.9744,34.1937],[116.9708,34.1835],[116.9737,34.1775],[116.9914,34.1723],[116.9895,34.1658],[116.9776,34.1549],[116.9735,34.156],[116.9765,34.1681],[116.971,34.169],[116.9674,34.1575],[116.974,34.1545],[116.9715,34.1466],[116.9754,34.1407],[116.9978,34.1457],[117.0014,34.1565],[117.0062,34.1528],[117.0121,34.1571],[117.0304,34.1581],[117.0279,34.1669]]],[[[116.9207,33.3111],[116.9282,33.3205],[116.9267,33.3253],[116.9144,33.3293],[116.9158,33.339],[116.9088,33.3437],[116.9197,33.3489],[116.9218,33.3617],[116.9261,33.3613],[116.9335,33.373],[116.935,33.3792],[116.9492,33.3794],[116.9556,33.3826],[116.9587,33.3894],[116.9642,33.3921],[116.9639,33.3978],[116.9585,33.4004],[116.9635,33.4126],[116.9597,33.417],[116.9618,33.4258],[116.9658,33.4279],[116.963,33.4408],[116.9576,33.4498],[116.9448,33.4561],[116.9391,33.4539],[116.9307,33.4559],[116.924,33.4688],[116.925,33.4732],[116.9153,33.4735],[116.8981,33.4786],[116.9003,33.484],[116.9096,33.494],[116.9063,33.5053],[116.8993,33.5081],[116.9027,33.5222],[116.908,33.533],[116.9085,33.5412],[116.918,33.5438],[116.9194,33.5531],[116.9245,33.5611],[116.9311,33.5807],[116.9219,33.5788],[116.9078,33.5787],[116.9005,33.5747],[116.8868,33.5793],[116.8897,33.5883],[116.8794,33.5909],[116.8709,33.5905],[116.8697,33.5937],[116.8621,33.5968],[116.8671,33.6138],[116.8534,33.6155],[116.8562,33.6249],[116.8539,33.6322],[116.8723,33.6312],[116.8714,33.6363],[116.8736,33.6627],[116.8644,33.6664],[116.8717,33.6752],[116.878,33.6731],[116.8843,33.6798],[116.8886,33.6877],[116.8964,33.6798],[116.9129,33.676],[116.9175,33.6737],[116.9275,33.6757],[116.9263,33.6839],[116.9224,33.6835],[116.9236,33.7028],[116.9302,33.7047],[116.9324,33.7135],[116.9321,33.7207],[116.9263,33.733],[116.9234,33.7499],[116.9338,33.7479],[116.9422,33.7515],[116.9376,33.757],[116.9362,33.7679],[116.9313,33.7745],[116.9407,33.7782],[116.9446,33.7899],[116.9445,33.8166],[116.9478,33.8263],[116.945,33.8333],[116.9524,33.8508],[116.9506,33.8628],[116.9542,33.8691],[116.9536,33.8815],[116.955,33.8877],[116.96,33.8959],[116.9694,33.8958],[116.9752,33.9023],[116.9824,33.9007],[116.9903,33.9108],[116.9908,33.9168],[116.9844,33.9283],[116.9887,33.9303],[116.9952,33.9463],[116.9849,33.9534],[116.9844,33.9645],[116.9761,33.9667],[116.9738,33.9626],[116.9657,33.9636],[116.9522,33.9697],[116.961,33.9825],[116.9677,33.9868],[116.972,33.995],[116.9697,34.0009],[116.9728,34.0082],[116.9631,34.0155],[116.9664,34.027],[116.9528,34.0326],[116.9427,34.0332],[116.9448,34.0396],[116.942,34.0447],[116.9433,34.0547],[116.9563,34.0657],[116.9665,34.0813],[116.9542,34.0844],[116.9489,34.0793],[116.9335,34.0815],[116.9313,34.0794],[116.921,34.0804],[116.9252,34.0875],[116.9162,34.0926],[116.9139,34.0998],[116.9046,34.0986],[116.8858,34.0853],[116.8802,34.0857],[116.8814,34.0775],[116.8704,34.0768],[116.8455,34.0823],[116.8385,34.0681],[116.8293,34.0683],[116.8288,34.0632],[116.8179,34.0646],[116.8106,34.077],[116.8126,34.0868],[116.805,34.0819],[116.8049,34.0697],[116.7998,34.0528],[116.7975,34.0331],[116.8021,34.0204],[116.8031,34.0132],[116.801,34.008],[116.8036,34.0031],[116.7969,33.9949],[116.7889,34.0062],[116.776,34.0089],[116.7779,34.0119],[116.7449,34.0135],[116.7446,34.0183],[116.7278,34.0147],[116.7273,34.0172],[116.6921,34.0114],[116.6862,34.0169],[116.6783,34.014],[116.6505,34.0208],[116.639,34.0205],[116.627,34.0224],[116.6228,34.0197],[116.6041,34.0193],[116.5988,34.0209],[116.5958,34.0148],[116.6022,34.0087],[116.6024,34.0014],[116.6177,33.9912],[116.617,33.9864],[116.6248,33.9857],[116.6283,33.9787],[116.6361,33.9794],[116.6443,33.975],[116.6427,33.952],[116.6355,33.9514],[116.6391,33.9456],[116.6408,33.9316],[116.6365,33.93],[116.6345,33.9085],[116.6421,33.9038],[116.6377,33.885],[116.6313,33.8856],[116.6261,33.8908],[116.6196,33.8886],[116.6095,33.8894],[116.5995,33.8948],[116.5953,33.9008],[116.585,33.9004],[116.5755,33.9019],[116.5752,33.9123],[116.5644,33.9118],[116.5571,33.9094],[116.5515,33.9009],[116.5508,33.8909],[116.5531,33.882],[116.5418,33.8839],[116.5402,33.8782],[116.5326,33.8768],[116.5318,33.8847],[116.5181,33.8814],[116.5164,33.8714],[116.5104,33.868],[116.5032,33.8716],[116.4977,33.8655],[116.4797,33.8707],[116.4754,33.8644],[116.4693,33.8626],[116.4593,33.8635],[116.4525,33.8507],[116.4465,33.8485],[116.4343,33.8483],[116.4315,33.8451],[116.4278,33.8163],[116.4322,33.8066],[116.4315,33.801],[116.4267,33.7964],[116.4141,33.7991],[116.4099,33.8044],[116.4011,33.807],[116.396,33.8026],[116.3941,33.7948],[116.3891,33.7854],[116.3912,33.7791],[116.3981,33.7788],[116.4026,33.7751],[116.4004,33.7633],[116.4161,33.7626],[116.425,33.764],[116.4337,33.7629],[116.4299,33.7491],[116.4293,33.7413],[116.4545,33.7354],[116.4574,33.7312],[116.4586,33.7185],[116.469,33.7157],[116.473,33.7118],[116.4795,33.6925],[116.4869,33.6917],[116.4915,33.6854],[116.4874,33.6704],[116.4794,33.6705],[116.4737,33.6577],[116.4757,33.6534],[116.4872,33.6472],[116.4902,33.6404],[116.4985,33.6336],[116.496,33.6242],[116.4995,33.6196],[116.5162,33.6159],[116.5281,33.6153],[116.5373,33.6095],[116.5397,33.5996],[116.5449,33.5987],[116.5493,33.5921],[116.5446,33.5869],[116.5353,33.5861],[116.538,33.5703],[116.526,33.5703],[116.5209,33.5532],[116.5233,33.5453],[116.5237,33.5284],[116.5294,33.5271],[116.5317,33.5196],[116.5324,33.5047],[116.5275,33.5038],[116.5263,33.4983],[116.5327,33.4899],[116.5293,33.4832],[116.5301,33.4702],[116.5432,33.4666],[116.5727,33.4689],[116.5805,33.4682],[116.5798,33.4788],[116.6323,33.4847],[116.6415,33.4826],[116.6441,33.4796],[116.6653,33.4772],[116.6906,33.4754],[116.7116,33.4712],[116.7141,33.4676],[116.7146,33.4565],[116.7214,33.4536],[116.7323,33.4542],[116.7429,33.4529],[116.7454,33.4502],[116.7449,33.441],[116.7508,33.4367],[116.7622,33.436],[116.7642,33.4309],[116.7824,33.43],[116.784,33.4255],[116.7922,33.423],[116.7954,33.417],[116.7906,33.4073],[116.7928,33.3899],[116.7926,33.381],[116.7883,33.3784],[116.7861,33.3644],[116.7858,33.3532],[116.7801,33.3473],[116.7864,33.3376],[116.7828,33.3263],[116.787,33.3228],[116.7868,33.3154],[116.7956,33.3059],[116.8028,33.3053],[116.8168,33.3026],[116.826,33.2931],[116.8393,33.285],[116.8596,33.2815],[116.8673,33.2864],[116.8703,33.296],[116.8698,33.3014],[116.8784,33.3014],[116.8905,33.2984],[116.8951,33.3029],[116.9072,33.3028],[116.9072,33.3081],[116.9207,33.3111]]]]},"properties":{"region_code":"CN-34-3406","parent_region_code":"CN-34","name":"淮北市","level":"prefecture","has_children":true,"full_path":"中国 / 安徽省 / 淮北市","source_admin_code":"3406","osm_relation_id":3231910}},
{"type":"Feature","geometry":{"type":"MultiPolygon","coordinates":[[[[117.3069,30.4969],[117.2965,30.4941],[117.2782,30.4722],[117.2723,30.4717],[117.271,30.4674],[117.2581,30.4652],[117.2485,30.4685],[117.2412,30.4685],[117.2436,30.4621],[117.2498,30.4621],[117.2526,30.4492],[117.2596,30.4477],[117.2596,30.4419],[117.2555,30.4387],[117.2561,30.4339],[117.2499,30.4253],[117.2627,30.4228],[117.2715,30.4309],[117.2828,30.4372],[117.2876,30.4382],[117.2971,30.446],[117.3037,30.449],[117.3091,30.464],[117.3161,30.4635],[117.3188,30.4719],[117.3241,30.4758],[117.3199,30.4959],[117.3105,30.5006],[117.3069,30.4969]]],[[[116.9596,30.6339],[116.9682,30.6477],[116.9619,30.6528],[116.9447,30.6587],[116.9356,30.6651],[116.9215,30.661],[116.917,30.656],[116.9109,30.6534],[116.9116,30.6475],[116.9175,30.649],[116.9207,30.6404],[116.9292,30.6331],[116.9421,30.631],[116.9521,30.6309],[116.9596,30.6339]]],[[[117.1525,31.0735],[117.1392,31.056],[117.1402,31.0411],[117.1333,31.0359],[117.134,31.0283],[117.1381,31.0128],[117.1179,31.0059],[117.1138,31.0139],[117.1019,31.0154],[117.0895,31.0128],[117.0883,30.9911],[117.0872,30.9876],[117.0759,30.9763],[117.0745,30.9638],[117.0809,30.9307],[117.0909,30.8878],[117.0958,30.8616],[117.0997,30.8345],[117.101,30.815],[117.0993,30.769],[117.1054,30.7657],[117.1117,30.7581],[117.1224,30.756],[117.1188,30.7495],[117.1184,30.7436],[117.1267,30.74],[117.1343,30.7311],[117.141,30.7276],[117.1467,30.7201],[117.1557,30.7193],[117.1585,30.7168],[117.158,30.7099],[117.1683,30.7052],[117.1635,30.6986],[117.1724,30.6942],[117.1776,30.6979],[117.1945,30.7043],[117.2005,30.7024],[117.1996,30.6942],[117.2241,30.6949],[117.2296,30.6972],[117.2358,30.6937],[117.2224,30.6904],[117.21,30.6834],[117.2016,30.6709],[117.1994,30.6597],[117.2005,30.6502],[117.2052,30.6415],[117.2213,30.6305],[117.2255,30.6361],[117.236,30.644],[117.2473,30.6488],[117.2616,30.6566],[117.2745,30.6615],[117.291,30.6711],[117.2951,30.6689],[117.3015,30.6716],[117.3046,30.6777],[117.3196,30.6839],[117.342,30.6913],[117.3678,30.6967],[117.3782,30.6915],[117.3871,30.6893],[117.4235,30.6846],[117.4311,30.6822],[117.4581,30.6795],[117.4686,30.6813],[117.4809,30.6887],[117.487,30.696],[117.4934,30.707],[117.4982,30.7242],[117.5131,30.73],[117.5343,30.7403],[117.5477,30.7482],[117.5709,30.7579],[117.6079,30.7706],[117.646,30.7794],[117.6679,30.7855],[117.6783,30.7963],[117.6959,30.8067],[117.6956,30.7901],[117.6982,30.7882],[117.7193,30.7959],[117.7383,30.81],[117.7414,30.8071],[117.7495,30.806],[117.7531,30.7964],[117.752,30.7895],[117.746,30.7816],[117.7538,30.7756],[117.7526,30.7645],[117.7659,30.7647],[117.7765,30.7663],[117.7799,30.764],[117.7769,30.755],[117.7791,30.7519],[117.7907,30.7515],[117.7979,30.76],[117.8085,30.7632],[117.8138,30.7618],[117.8244,30.7686],[117.839,30.7713],[117.8408,30.7821],[117.8399,30.7893],[117.8476,30.7925],[117.8562,30.8046],[117.8658,30.805],[117.8793,30.816],[117.8878,30.8163],[117.8946,30.812],[117.9059,30.8162],[117.9138,30.8226],[117.9233,30.8361],[117.929,30.8418],[117.935,30.8413],[117.9417,30.8322],[117.9473,30.8335],[117.9496,30.8281],[117.947,30.8219],[117.9561,30.8207],[117.9583,30.8281],[117.9728,30.8427],[117.98,30.846],[117.9852,30.8526],[118.005,30.862],[118.0129,30.8625],[118.0137,30.8546],[118.0218,30.8474],[118.0342,30.8475],[118.0434,30.8568],[118.0366,30.8617],[118.0447,30.8702],[118.0516,30.8744],[118.0654,30.872],[118.073,30.8636],[118.0852,30.8789],[118.0974,30.8891],[118.1267,30.9045],[118.136,30.9027],[118.1486,30.9041],[118.1555,30.9102],[118.1522,30.9236],[118.1566,30.9273],[118.1497,30.9329],[118.1515,30.9431],[118.1485,30.9502],[118.1511,30.9623],[118.1547,30.966],[118.1422,30.9724],[118.1228,30.9714],[118.1146,30.9683],[118.0921,30.9777],[118.0898,30.9896],[118.08,31.0023],[118.0759,31.0135],[118.0644,31.0174],[118.0465,31.0206],[118.0406,31.0195],[118.0286,31.0217],[118.0235,31.0273],[118.0235,31.0345],[118.0155,31.0342],[118.0074,31.0368],[118.0049,31.0472],[118.0187,31.0672],[118.0059,31.0793],[117.9974,31.0708],[117.99,31.0698],[117.9838,31.0796],[117.9841,31.0859],[117.9792,31.093],[117.9549,31.0773],[117.9437,31.0717],[117.9253,31.0687],[117.9077,31.0734],[117.8949,31.0813],[117.89,31.086],[117.8772,31.1028],[117.8759,31.1127],[117.8652,31.1297],[117.8523,31.1385],[117.8424,31.1421],[117.8219,31.1413],[117.8052,31.1367],[117.7844,31.1225],[117.7698,31.1077],[117.7622,31.0959],[117.7409,31.0429],[117.7281,31.0122],[117.714,31.0131],[117.7136,31.0212],[117.7077,31.0204],[117.7022,31.0136],[117.6923,31.0122],[117.6951,31.005],[117.689,31.0001],[117.6881,30.9916],[117.6806,30.9879],[117.6803,30.9734],[117.6768,30.9707],[117.6699,30.9721],[117.6634,30.9702],[117.658,30.9644],[117.6599,30.9578],[117.6551,30.9494],[117.6466,30.953],[117.6447,30.9618],[117.6388,30.9625],[117.6329,30.9699],[117.619,30.9757],[117.6088,30.9752],[117.6013,30.98],[117.5854,30.981],[117.5761,30.972],[117.5708,30.9706],[117.5612,30.9716],[117.5587,30.9762],[117.5484,30.9778],[117.5436,30.9691],[117.5362,30.9689],[117.5264,30.9734],[117.5271,30.9838],[117.5316,30.9883],[117.5318,30.9951],[117.522,30.9954],[117.5076,31.0037],[117.5023,31.0049],[117.4926,31.0001],[117.4838,30.999],[117.4756,30.9954],[117.4742,30.9922],[117.4609,30.9951],[117.4424,30.9847],[117.4403,30.9772],[117.4286,30.9794],[117.4176,30.9788],[117.4105,30.9818],[117.4077,30.9775],[117.4017,30.9777],[117.3911,30.9704],[117.3798,30.9672],[117.3771,30.962],[117.3802,30.9541],[117.3723,30.9523],[117.3624,30.9553],[117.3599,30.9627],[117.364,30.9655],[117.3629,30.9725],[117.3524,30.983],[117.3529,30.9897],[117.3492,30.9936],[117.3397,30.9935],[117.3285,30.9889],[117.3178,30.9958],[117.3139,30.9941],[117.3075,31.0026],[117.3028,31.0036],[117.2973,30.9969],[117.2935,30.9871],[117.2866,30.9858],[117.2729,30.9869],[117.2661,30.9954],[117.2619,30.9971],[117.2491,31.011],[117.2459,31.0113],[117.2354,31.0195],[117.222,31.0254],[117.2212,31.0362],[117.2074,31.0553],[117.2022,31.057],[117.2009,31.0624],[117.1936,31.0611],[117.1896,31.0673],[117.1843,31.0704],[117.1819,31.0775],[117.1736,31.0847],[117.169,31.093],[117.1636,31.0852],[117.1573,31.0814],[117.1525,31.0735]]]]},"properties":{"region_code":"CN-34-3407","parent_region_code":"CN-34","name":"铜陵市","level":"prefecture","has_children":true,"full_path":"中国 / 安徽省 / 铜陵市","source_admin_code":"3407","osm_relation_id":3077734}},
{"type":"Feature","geometry":{"type":"Polygon","coordinates":[[[117.0285,31.2601],[117.0214,31.2601],[117.0142,31.2673],[117.0131,31.2713],[116.9988,31.2674],[116.9943,31.2581],[116.9892,31.2581],[116.9865,31.2531],[116.9726,31.2479],[116.9687,31.2352],[116.962,31.2353],[116.9578,31.2322],[116.9612,31.2267],[116.9582,31.2213],[116.961,31.2175],[116.9561,31.2139],[116.9598,31.2099],[116.9525,31.2018],[116.9521,31.1961],[116.9461,31.1854],[116.941,31.1834],[116.9387,31.1767],[116.9414,31.172],[116.9384,31.1622],[116.9253,31.1638],[116.9169,31.1616],[116.9149,31.1543],[116.901,31.1446],[116.8984,31.1406],[116.8811,31.1347],[116.8767,31.1304],[116.8603,31.1325],[116.8461,31.1279],[116.8379,31.1317],[116.8306,31.1263],[116.8306,31.1204],[116.8368,31.1184],[116.8381,31.1086],[116.8317,31.1043],[116.8193,31.102],[116.8122,31.0898],[116.8003,31.0859],[116.7876,31.0695],[116.78,31.0668],[116.7732,31.0723],[116.7647,31.0731],[116.76,31.0707],[116.7538,31.0717],[116.7436,31.0627],[116.7329,31.0655],[116.7261,31.0624],[116.7156,31.0627],[116.7084,31.0506],[116.7032,31.0459],[116.6944,31.046],[116.6831,31.0501],[116.6815,31.0554],[116.6662,31.0677],[116.6567,31.0573],[116.6443,31.0535],[116.6427,31.0604],[116.6352,31.0667],[116.6206,31.0726],[116.6164,31.0782],[116.6091,31.0776],[116.607,31.0689],[116.5999,31.0668],[116.5994,31.0627],[116.5893,31.0588],[116.584,31.0511],[116.5764,31.0549],[116.5666,31.0534],[116.5599,31.0502],[116.5581,31.0446],[116.5534,31.0406],[116.5541,31.0345],[116.541,31.0237],[116.5283,31.0213],[116.5256,31.0289],[116.5271,31.0464],[116.5297,31.0502],[116.5276,31.0593],[116.5329,31.0673],[116.5315,31.0711],[116.5358,31.0805],[116.5422,31.0886],[116.5419,31.0939],[116.5489,31.0998],[116.551,31.1052],[116.5558,31.1067],[116.5574,31.1144],[116.5517,31.1225],[116.5539,31.1288],[116.5508,31.1373],[116.5511,31.145],[116.5539,31.1495],[116.5471,31.1588],[116.5472,31.1676],[116.5515,31.1737],[116.5473,31.183],[116.5381,31.1849],[116.5328,31.1818],[116.5325,31.1766],[116.5254,31.1733],[116.5201,31.1653],[116.5087,31.1568],[116.5019,31.1437],[116.4968,31.1435],[116.4888,31.1487],[116.4823,31.1426],[116.4715,31.1376],[116.4615,31.1374],[116.4486,31.1268],[116.4424,31.1296],[116.4346,31.1284],[116.429,31.1317],[116.4282,31.1454],[116.416,31.1592],[116.4061,31.1674],[116.394,31.1667],[116.3885,31.1642],[116.3778,31.1668],[116.373,31.1723],[116.3649,31.1693],[116.3588,31.1761],[116.3549,31.176],[116.3466,31.1687],[116.3414,31.168],[116.3376,31.1542],[116.3318,31.1528],[116.3258,31.1477],[116.3146,31.148],[116.3003,31.1391],[116.3015,31.1313],[116.2972,31.122],[116.2874,31.1204],[116.2727,31.1071],[116.263,31.101],[116.2581,31.087],[116.2523,31.0833],[116.2408,31.081],[116.2287,31.0763],[116.2219,31.0671],[116.211,31.0617],[116.1995,31.0598],[116.1813,31.0624],[116.1747,31.076],[116.1762,31.0839],[116.1711,31.0956],[116.1645,31.097],[116.1611,31.1021],[116.1526,31.1017],[116.1341,31.0971],[116.1183,31.0907],[116.1058,31.09],[116.0958,31.0974],[116.0878,31.0927],[116.0894,31.0876],[116.07,31.0748],[116.0642,31.0758],[116.0592,31.0721],[116.058,31.0637],[116.0459,31.054],[116.0441,31.0506],[116.0464,31.0432],[116.0405,31.0279],[116.0406,31.0167],[116.0523,31.0156],[116.0551,31.0039],[116.0553,30.9962],[116.0589,30.9866],[116.0633,30.9832],[116.0621,30.9742],[116.0671,30.9621],[116.048,30.9579],[116.0431,30.9604],[116.0344,30.9597],[116.031,30.9538],[116.0186,30.9557],[116.0108,30.951],[116.0053,30.9516],[115.9984,30.9459],[115.9948,30.9474],[115.9869,30.9384],[115.9735,30.9365],[115.964,30.9199],[115.9595,30.9202],[115.9493,30.9153],[115.9458,30.9068],[115.9399,30.9033],[115.931,30.9054],[115.9261,30.8896],[115.9146,30.8868],[115.9041,30.8884],[115.8959,30.8859],[115.8912,30.8819],[115.8858,30.8822],[115.8779,30.878],[115.873,30.8711],[115.8653,30.8718],[115.8596,30.8658],[115.8594,30.8578],[115.8454,30.848],[115.8414,30.8333],[115.8467,30.8255],[115.8597,30.8186],[115.8569,30.8137],[115.8585,30.8055],[115.8617,30.8032],[115.8516,30.7878],[115.866,30.7811],[115.8639,30.7755],[115.8475,30.7678],[115.8474,30.7617],[115.84,30.7555],[115.8347,30.7593],[115.8285,30.7592],[115.8239,30.7553],[115.8141,30.7527],[115.8088,30.7575],[115.7997,30.7611],[115.7836,30.7599],[115.7775,30.7552],[115.7728,30.7425],[115.7716,30.7288],[115.7665,30.7244],[115.7647,30.7163],[115.7609,30.7113],[115.7616,30.7042],[115.7559,30.6912],[115.7572,30.6865],[115.7658,30.6821],[115.7694,30.6746],[115.779,30.6663],[115.7927,30.6623],[115.792,30.6593],[115.7956,30.6462],[115.8,30.6422],[115.8051,30.6427],[115.8101,30.6374],[115.8095,30.6269],[115.8017,30.6181],[115.805,30.611],[115.8137,30.5985],[115.8179,30.598],[115.8238,30.6082],[115.8319,30.6027],[115.8429,30.6042],[115.8468,30.6014],[115.8491,30.5935],[115.8622,30.5907],[115.8735,30.5845],[115.875,30.5772],[115.8708,30.5732],[115.8791,30.5611],[115.8819,30.5462],[115.8906,30.5439],[115.8964,30.538],[115.9017,30.5251],[115.9088,30.5196],[115.912,30.5139],[115.9067,30.5099],[115.898,30.4967],[115.8956,30.4873],[115.891,30.4848],[115.8961,30.4724],[115.8898,30.4639],[115.8893,30.4544],[115.8988,30.4527],[115.9023,30.4486],[115.9123,30.4461],[115.9125,30.4424],[115.9184,30.4305],[115.9335,30.4305],[115.9393,30.4293],[115.9392,30.4228],[115.9323,30.4202],[115.9271,30.4231],[115.9176,30.4201],[115.9116,30.4086],[115.9038,30.4005],[115.8941,30.4011],[115.8941,30.3947],[115.8831,30.3883],[115.879,30.3824],[115.8841,30.3732],[115.8894,30.3671],[115.8899,30.3556],[115.8952,30.3558],[115.8996,30.3504],[115.9014,30.3435],[115.9102,30.3435],[115.9137,30.3279],[115.9053,30.3265],[115.9051,30.3182],[115.8997,30.3113],[115.9056,30.3077],[115.9155,30.3062],[115.9211,30.3033],[115.9287,30.3032],[115.9331,30.3123],[115.9383,30.3079],[115.9466,30.3104],[115.9508,30.3056],[115.96,30.3023],[115.9661,30.3036],[115.9731,30.2963],[115.9852,30.2896],[115.9799,30.2786],[115.9857,30.2752],[115.9868,30.2706],[115.9813,30.2676],[115.9977,30.2562],[116.0044,30.2579],[116.0107,30.248],[116.0097,30.2427],[116.0213,30.2442],[116.03,30.2313],[116.0424,30.2273],[116.0422,30.2229],[116.0508,30.2197],[116.0614,30.2075],[116.0569,30.2045],[116.0632,30.1956],[116.0503,30.1863],[116.0525,30.1751],[116.0574,30.1657],[116.055,30.1569],[116.0595,30.1532],[116.0602,30.1469],[116.0719,30.1354],[116.084,30.1286],[116.0802,30.1228],[116.0798,30.1139],[116.0855,30.1086],[116.0766,30.1017],[116.076,30.0925],[116.0779,30.087],[116.0832,30.0824],[116.0776,30.0725],[116.0721,30.0695],[116.0723,30.0585],[116.08,30.0552],[116.0797,30.0455],[116.0845,30.0425],[116.0869,30.0329],[116.0775,30.0288],[116.0799,30.0194],[116.0753,30.0137],[116.0742,29.9902],[116.0761,29.9843],[116.0723,29.9787],[116.069,29.9688],[116.1234,29.9],[116.1248,29.8929],[116.1212,29.886],[116.1289,29.882],[116.1306,29.8699],[116.1214,29.864],[116.1257,29.8576],[116.1292,29.8419],[116.1322,29.8357],[116.1312,29.8256],[116.1415,29.8295],[116.158,29.8319],[116.1883,29.8324],[116.203,29.8317],[116.2181,29.8261],[116.249,29.7887],[116.2586,29.784],[116.2752,29.7926],[116.2994,29.8084],[116.3197,29.8235],[116.3301,29.8333],[116.3548,29.8463],[116.3872,29.8581],[116.4363,29.8822],[116.4624,29.8987],[116.4748,29.9005],[116.5094,29.8999],[116.5208,29.9003],[116.5366,29.9043],[116.5472,29.9126],[116.5539,29.9268],[116.5608,29.9583],[116.5667,29.9925],[116.5651,30.0011],[116.5667,30.0169],[116.5725,30.0324],[116.5808,30.0479],[116.5918,30.0624],[116.6064,30.0735],[116.6157,30.0758],[116.6379,30.0791],[116.6567,30.08],[116.6696,30.0777],[116.6813,30.0732],[116.71,30.0586],[116.7157,30.0567],[116.7301,30.0565],[116.7424,30.0594],[116.7588,30.069],[116.7736,30.0813],[116.7868,30.0977],[116.7918,30.1002],[116.8043,30.1107],[116.8133,30.1195],[116.8205,30.1225],[116.8396,30.1432],[116.8441,30.1517],[116.8469,30.1628],[116.8546,30.1755],[116.8593,30.1805],[116.8746,30.1882],[116.8783,30.1935],[116.8733,30.1969],[116.879,30.2054],[116.8866,30.213],[116.8944,30.2185],[116.9009,30.2256],[116.9024,30.2329],[116.9101,30.2521],[116.9216,30.2676],[116.9278,30.2887],[116.9277,30.2955],[116.9059,30.3345],[116.8985,30.36],[116.8924,30.3726],[116.8834,30.4038],[116.8859,30.4181],[116.8862,30.4291],[116.8916,30.438],[116.8981,30.441],[116.9099,30.4285],[116.9257,30.4415],[116.9408,30.4439],[116.9488,30.4471],[116.9678,30.4584],[117.0064,30.4894],[117.0202,30.4956],[117.0632,30.4989],[117.0933,30.4985],[117.1243,30.4973],[117.1308,30.4928],[117.1576,30.4794],[117.1733,30.4731],[117.1892,30.4707],[117.1991,30.4728],[117.2137,30.4812],[117.2248,30.4928],[117.2289,30.4998],[117.2342,30.5172],[117.2388,30.5375],[117.2469,30.5664],[117.2461,30.5819],[117.2426,30.5917],[117.2225,30.6132],[117.2206,30.6221],[117.2213,30.6305],[117.2052,30.6415],[117.2005,30.6502],[117.1994,30.6597],[117.2016,30.6709],[117.21,30.6834],[117.2224,30.6904],[117.2358,30.6937],[117.2296,30.6972],[117.2241,30.6949],[117.1996,30.6942],[117.2005,30.7024],[117.1945,30.7043],[117.1776,30.6979],[117.1724,30.6942],[117.1635,30.6986],[117.1683,30.7052],[117.158,30.7099],[117.1585,30.7168],[117.1557,30.7193],[117.1467,30.7201],[117.141,30.7276],[117.1343,30.7311],[117.1267,30.74],[117.1184,30.7436],[117.1188,30.7495],[117.1224,30.756],[117.1117,30.7581],[117.1054,30.7657],[117.0993,30.769],[117.101,30.815],[117.0997,30.8345],[117.0958,30.8616],[117.0909,30.8878],[117.0809,30.9307],[117.0745,30.9638],[117.0759,30.9763],[117.0872,30.9876],[117.0883,30.9911],[117.0895,31.0128],[117.1019,31.0154],[117.1138,31.0139],[117.1179,31.0059],[117.1381,31.0128],[117.134,31.0283],[117.1333,31.0359],[117.1402,31.0411],[117.1392,31.056],[117.1525,31.0735],[117.1505,31.0763],[117.136,31.0726],[117.1271,31.0801],[117.1137,31.0835],[117.1167,31.1],[117.1175,31.1119],[117.1133,31.1198],[117.1134,31.1247],[117.1188,31.1313],[117.116,31.1381],[117.12,31.1453],[117.1187,31.1511],[117.1136,31.1544],[117.1122,31.1612],[117.1051,31.1767],[117.0984,31.186],[117.0907,31.2001],[117.0865,31.2121],[117.0771,31.2208],[117.0771,31.2445],[117.0637,31.2433],[117.0619,31.2382],[117.0531,31.237],[117.0405,31.2459],[117.0417,31.2555],[117.0369,31.262],[117.0285,31.2601]],[[116.9596,30.6339],[116.9521,30.6309],[116.9421,30.631],[116.9292,30.6331],[116.9207,30.6404],[116.9175,30.649],[116.9116,30.6475],[116.9109,30.6534],[116.917,30.656],[116.9215,30.661],[116.9356,30.6651],[116.9447,30.6587],[116.9619,30.6528],[116.9682,30.6477],[116.9596,30.6339]]]},"properties":{"region_code":"CN-34-3408","parent_region_code":"CN-34","name":"安庆市","level":"prefecture","has_children":true,"full_path":"中国 / 安徽省 / 安庆市","source_admin_code":"3408","osm_relation_id":3220387}},
{"type":"Feature","geometry":{"type":"Polygon","coordinates":[[[118.8618,30.103],[118.8498,30.1147],[118.8398,30.1122],[118.8373,30.1091],[118.8253,30.1079],[118.8157,30.0998],[118.8041,30.0966],[118.8032,30.0904],[118.7908,30.0823],[118.7819,30.0792],[118.7713,30.0781],[118.7674,30.0812],[118.7588,30.0731],[118.7506,30.0812],[118.7406,30.0933],[118.737,30.0904],[118.7353,30.0735],[118.7319,30.0668],[118.72,30.0689],[118.7008,30.0658],[118.6915,30.0551],[118.6883,30.0431],[118.6925,30.0353],[118.6834,30.0332],[118.6722,30.0277],[118.6683,30.0286],[118.6602,30.0247],[118.6532,30.0239],[118.6392,30.0282],[118.6316,30.0261],[118.6097,30.006],[118.6089,29.9961],[118.6105,29.9891],[118.6074,29.9829],[118.5918,29.9832],[118.5744,29.9768],[118.5677,29.9775],[118.5644,29.9747],[118.5644,29.9653],[118.5587,29.9627],[118.5534,29.9646],[118.5489,29.9596],[118.541,29.9551],[118.5377,29.9573],[118.5357,29.9652],[118.5255,29.9713],[118.5195,29.967],[118.5134,29.9709],[118.5025,29.9874],[118.5003,29.9959],[118.4965,30.0008],[118.5006,30.0102],[118.4954,30.0157],[118.4946,30.0221],[118.505,30.0256],[118.5098,30.032],[118.509,30.0414],[118.5053,30.0506],[118.4961,30.0607],[118.4873,30.0614],[118.4858,30.0654],[118.4947,30.0722],[118.4919,30.0822],[118.4841,30.0837],[118.4754,30.0778],[118.4731,30.0834],[118.4633,30.0876],[118.4587,30.0982],[118.4441,30.096],[118.4369,30.105],[118.4326,30.1069],[118.4223,30.1015],[118.4186,30.1022],[118.4115,30.097],[118.4023,30.1006],[118.393,30.1085],[118.3868,30.1097],[118.3776,30.0975],[118.3675,30.0973],[118.362,30.1027],[118.353,30.1068],[118.3469,30.1118],[118.3541,30.1208],[118.3472,30.1286],[118.3422,30.131],[118.3378,30.1373],[118.3384,30.1487],[118.3295,30.1573],[118.3404,30.1636],[118.334,30.1714],[118.3255,30.1703],[118.3214,30.1781],[118.3084,30.198],[118.2981,30.198],[118.2895,30.1957],[118.2851,30.203],[118.2864,30.2104],[118.2906,30.2178],[118.287,30.2248],[118.2885,30.2304],[118.2781,30.2367],[118.2655,30.2341],[118.263,30.2411],[118.2631,30.2483],[118.2565,30.2536],[118.2719,30.26],[118.2693,30.2722],[118.2797,30.2819],[118.2885,30.2857],[118.3139,30.2867],[118.3154,30.2962],[118.3069,30.2954],[118.2974,30.3013],[118.2916,30.3014],[118.2957,30.3113],[118.3052,30.3144],[118.305,30.323],[118.3012,30.3244],[118.2969,30.3321],[118.2946,30.3432],[118.3004,30.3538],[118.29,30.3608],[118.2944,30.3724],[118.2855,30.3712],[118.2752,30.3748],[118.273,30.3828],[118.2605,30.3788],[118.2569,30.3818],[118.2507,30.3809],[118.2515,30.3923],[118.2396,30.4025],[118.2326,30.4029],[118.2162,30.4168],[118.2178,30.4264],[118.2131,30.4308],[118.2102,30.4407],[118.2222,30.4418],[118.2264,30.4481],[118.2201,30.4575],[118.2086,30.4628],[118.2083,30.469],[118.191,30.4709],[118.1878,30.4664],[118.1791,30.4709],[118.1759,30.4653],[118.1675,30.4624],[118.1671,30.4563],[118.1755,30.453],[118.176,30.4495],[118.1644,30.4503],[118.1575,30.4461],[118.1512,30.4356],[118.1394,30.4364],[118.1326,30.4309],[118.1258,30.4319],[118.1196,30.4253],[118.1072,30.4287],[118.1026,30.4333],[118.1081,30.4499],[118.0986,30.4606],[118.0963,30.469],[118.1043,30.4762],[118.1125,30.4751],[118.1117,30.484],[118.1156,30.4967],[118.1255,30.5022],[118.1206,30.5086],[118.1213,30.5122],[118.1118,30.5124],[118.0974,30.5171],[118.0749,30.5161],[118.0693,30.5142],[118.0627,30.5194],[118.0571,30.5134],[118.0398,30.5044],[118.0308,30.5027],[118.0238,30.496],[118.017,30.4976],[118.0115,30.5025],[117.9923,30.4976],[117.9835,30.4996],[117.9775,30.5041],[117.9719,30.5122],[117.9623,30.5171],[117.9596,30.5085],[117.9512,30.4981],[117.9539,30.4909],[117.9425,30.4859],[117.9364,30.4702],[117.9354,30.4639],[117.9291,30.456],[117.9402,30.4554],[117.9459,30.4502],[117.9385,30.4354],[117.9343,30.4302],[117.9347,30.4246],[117.9418,30.4191],[117.9442,30.409],[117.9524,30.4039],[117.95,30.3943],[117.9409,30.3863],[117.9387,30.381],[117.9331,30.3807],[117.9251,30.3725],[117.92,30.3728],[117.9139,30.3665],[117.9236,30.3573],[117.9245,30.3536],[117.9341,30.3423],[117.9218,30.3312],[117.9234,30.3224],[117.9152,30.3227],[117.9081,30.3135],[117.9026,30.3125],[117.9033,30.3063],[117.9078,30.302],[117.8971,30.2969],[117.8866,30.2984],[117.8814,30.2968],[117.885,30.2902],[117.8869,30.2795],[117.8903,30.2737],[117.8775,30.2731],[117.8714,30.2685],[117.8592,30.2713],[117.8448,30.2648],[117.8392,30.2558],[117.8327,30.2514],[117.8238,30.2508],[117.8187,30.2416],[117.8214,30.2335],[117.8194,30.2266],[117.8268,30.2243],[117.8319,30.2258],[117.8497,30.2225],[117.8551,30.2188],[117.8564,30.2122],[117.8504,30.2044],[117.8495,30.1961],[117.8414,30.1953],[117.8224,30.1821],[117.8136,30.1871],[117.8021,30.1775],[117.7994,30.1703],[117.7903,30.1707],[117.7854,30.1674],[117.7773,30.1566],[117.7736,30.1561],[117.7641,30.1621],[117.7546,30.1618],[117.749,30.1569],[117.7316,30.1538],[117.7265,30.1548],[117.7088,30.1493],[117.7054,30.1467],[117.6936,30.146],[117.6914,30.1415],[117.6773,30.1353],[117.6811,30.1309],[117.6781,30.1258],[117.668,30.1247],[117.6721,30.12],[117.6654,30.1112],[117.6572,30.1115],[117.6506,30.1181],[117.6409,30.1171],[117.6377,30.1083],[117.63,30.1024],[117.621,30.1064],[117.6148,30.1128],[117.6102,30.1144],[117.6073,30.1308],[117.5946,30.1325],[117.5824,30.1254],[117.5797,30.1207],[117.5676,30.1184],[117.5635,30.1101],[117.5659,30.1044],[117.5647,30.093],[117.5547,30.0861],[117.5541,30.0913],[117.5457,30.0952],[117.5498,30.1033],[117.5387,30.1095],[117.5339,30.1086],[117.5238,30.1023],[117.525,30.0918],[117.5362,30.0882],[117.5307,30.0791],[117.5337,30.0698],[117.5341,30.0583],[117.5291,30.0515],[117.5196,30.0488],[117.509,30.0437],[117.501,30.0378],[117.4934,30.0393],[117.4904,30.0342],[117.4851,30.0342],[117.4762,30.0406],[117.4651,30.0385],[117.4565,30.0453],[117.4463,30.0275],[117.4338,30.0235],[117.4201,30.0255],[117.4074,30.034],[117.3907,30.035],[117.3858,30.033],[117.3823,30.0198],[117.3828,30.011],[117.3761,30.0081],[117.3608,30.0151],[117.3504,30.0155],[117.3417,30.0117],[117.3338,30.0108],[117.3302,30.0041],[117.3226,30.0075],[117.3202,30.0011],[117.3142,30.0039],[117.2947,30.0014],[117.2794,29.9943],[117.271,29.9995],[117.2585,29.9956],[117.2493,29.9897],[117.2439,29.983],[117.239,29.9844],[117.2288,29.9822],[117.2209,29.9838],[117.2139,29.9822],[117.207,29.9838],[117.2001,29.9784],[117.1983,29.972],[117.2008,29.9475],[117.2054,29.9417],[117.2015,29.9332],[117.2129,29.9273],[117.2248,29.9182],[117.2329,29.9192],[117.2464,29.9159],[117.2519,29.9099],[117.2517,29.9056],[117.2582,29.8972],[117.2612,29.8851],[117.2564,29.8803],[117.2555,29.8719],[117.2506,29.8618],[117.2381,29.8509],[117.2417,29.8436],[117.2511,29.8357],[117.2645,29.8348],[117.2701,29.8276],[117.2844,29.8236],[117.2893,29.8281],[117.285,29.8382],[117.299,29.8417],[117.3118,29.8398],[117.3157,29.8418],[117.3176,29.8481],[117.3225,29.8497],[117.3288,29.8567],[117.3418,29.8469],[117.337,29.8371],[117.3436,29.8327],[117.3424,29.8252],[117.3489,29.8227],[117.3509,29.816],[117.3556,29.8141],[117.3648,29.8147],[117.3726,29.8231],[117.3782,29.8209],[117.3816,29.8438],[117.388,29.8481],[117.4148,29.8532],[117.4231,29.8478],[117.4244,29.8439],[117.42,29.8384],[117.4172,29.8289],[117.4113,29.8208],[117.4124,29.8104],[117.4031,29.8029],[117.4077,29.7963],[117.407,29.7902],[117.414,29.7867],[117.4158,29.7776],[117.4222,29.7728],[117.4247,29.7659],[117.4317,29.7613],[117.4398,29.7639],[117.443,29.7579],[117.4384,29.7507],[117.4405,29.7466],[117.4479,29.7418],[117.4545,29.7346],[117.4467,29.7271],[117.4517,29.7211],[117.4513,29.713],[117.4453,29.7038],[117.4454,29.6943],[117.4589,29.683],[117.4639,29.6874],[117.4693,29.6828],[117.4676,29.6692],[117.4727,29.6672],[117.4783,29.6693],[117.4851,29.6636],[117.4947,29.6653],[117.4963,29.6693],[117.5042,29.6744],[117.5094,29.6675],[117.5225,29.6617],[117.526,29.6526],[117.521,29.6481],[117.519,29.6364],[117.5192,29.6279],[117.5222,29.6247],[117.5238,29.6115],[117.5291,29.6011],[117.5335,29.6002],[117.5369,29.5912],[117.5409,29.597],[117.5496,29.5966],[117.5517,29.5931],[117.5625,29.5929],[117.5705,29.5954],[117.5771,29.5952],[117.5856,29.5857],[117.5935,29.5859],[117.6012,29.5929],[117.6075,29.5931],[117.6208,29.6044],[117.6224,29.6083],[117.6303,29.6109],[117.6349,29.6148],[117.643,29.6171],[117.6498,29.6123],[117.6588,29.6122],[117.6639,29.5967],[117.6734,29.5969],[117.6777,29.5943],[117.6802,29.5871],[117.6792,29.5755],[117.6751,29.5708],[117.678,29.565],[117.6856,29.5565],[117.6936,29.5567],[117.7016,29.5532],[117.7052,29.562],[117.7104,29.563],[117.7215,29.5545],[117.725,29.5495],[117.7357,29.5534],[117.7438,29.5603],[117.7504,29.5624],[117.7608,29.5589],[117.769,29.5629],[117.7822,29.5616],[117.7899,29.5706],[117.8005,29.5739],[117.8068,29.5787],[117.8145,29.5738],[117.8233,29.5719],[117.8255,29.5659],[117.8321,29.5648],[117.8377,29.5574],[117.8476,29.5581],[117.8528,29.5611],[117.8653,29.557],[117.8765,29.5461],[117.8919,29.5466],[117.8997,29.5537],[117.907,29.5537],[117.9127,29.5581],[117.9295,29.561],[117.9393,29.5518],[117.9497,29.568],[117.9541,29.5715],[117.9626,29.5718],[117.9713,29.57],[117.9793,29.5603],[117.9882,29.5679],[117.9915,29.5748],[118.0135,29.5771],[118.0221,29.5758],[118.0281,29.5695],[118.0323,29.5696],[118.0386,29.5595],[118.0424,29.5573],[118.0424,29.5485],[118.0518,29.5415],[118.0766,29.5407],[118.0849,29.537],[118.0964,29.5398],[118.1019,29.5364],[118.1028,29.5268],[118.1106,29.5225],[118.1173,29.5156],[118.1248,29.5152],[118.1323,29.5059],[118.1329,29.5006],[118.1383,29.493],[118.1239,29.4819],[118.1213,29.4774],[118.1241,29.468],[118.1301,29.4663],[118.1322,29.4597],[118.1296,29.4534],[118.1346,29.4418],[118.1295,29.4388],[118.1275,29.4277],[118.133,29.4255],[118.1343,29.4191],[118.1436,29.4154],[118.1531,29.4137],[118.1714,29.4068],[118.1831,29.409],[118.1879,29.4046],[118.1876,29.3971],[118.1942,29.3953],[118.2002,29.3996],[118.2011,29.4045],[118.2145,29.4245],[118.2229,29.4277],[118.2304,29.4272],[118.2449,29.4339],[118.2521,29.4282],[118.2658,29.4304],[118.2722,29.4263],[118.2809,29.4292],[118.2862,29.4271],[118.2867,29.4222],[118.2937,29.4209],[118.3098,29.4257],[118.3099,29.4465],[118.3118,29.4519],[118.3036,29.4784],[118.3011,29.4807],[118.3019,29.4898],[118.2994,29.4924],[118.3054,29.4993],[118.3124,29.4978],[118.3168,29.4998],[118.3254,29.4985],[118.3311,29.4854],[118.3374,29.483],[118.3399,29.4787],[118.3553,29.4826],[118.3596,29.4903],[118.3673,29.4988],[118.3753,29.5046],[118.3786,29.5126],[118.3835,29.5105],[118.4015,29.5097],[118.4066,29.5132],[118.4248,29.5036],[118.4314,29.5118],[118.4326,29.5169],[118.4449,29.5155],[118.4482,29.5115],[118.4537,29.5154],[118.4629,29.5158],[118.4687,29.5116],[118.4744,29.5132],[118.48,29.518],[118.49,29.5215],[118.4894,29.5306],[118.493,29.5443],[118.4885,29.5532],[118.4932,29.5639],[118.4944,29.5788],[118.5033,29.5812],[118.5126,29.5873],[118.5312,29.5937],[118.5375,29.607],[118.5451,29.616],[118.5533,29.6177],[118.5543,29.6218],[118.5628,29.6293],[118.5635,29.6357],[118.5694,29.6413],[118.5806,29.6433],[118.5856,29.6463],[118.5969,29.6458],[118.6055,29.6524],[118.6158,29.6569],[118.6309,29.6498],[118.6376,29.6436],[118.646,29.6489],[118.6578,29.6634],[118.6692,29.6722],[118.6692,29.6766],[118.6765,29.6823],[118.6775,29.6922],[118.6877,29.6968],[118.6886,29.7037],[118.6961,29.7093],[118.7042,29.7085],[118.7134,29.7101],[118.7187,29.7179],[118.7196,29.7269],[118.7292,29.7332],[118.7346,29.7397],[118.7389,29.7404],[118.7436,29.752],[118.7443,29.7639],[118.7401,29.77],[118.7426,29.7754],[118.7373,29.7843],[118.7326,29.7873],[118.7313,29.7947],[118.7332,29.8039],[118.7328,29.8153],[118.7425,29.8214],[118.7531,29.8206],[118.7568,29.8239],[118.7568,29.8295],[118.7504,29.8325],[118.7478,29.8469],[118.7603,29.8519],[118.7698,29.846],[118.7803,29.8466],[118.783,29.8531],[118.7884,29.8584],[118.7933,29.8596],[118.8039,29.8717],[118.81,29.8764],[118.8207,29.8809],[118.8391,29.8963],[118.842,29.9118],[118.84,29.9227],[118.8358,29.9341],[118.848,29.9442],[118.8591,29.9399],[118.8677,29.9504],[118.8762,29.9462],[118.8808,29.9408],[118.8886,29.9451],[118.8856,29.9555],[118.8888,29.9577],[118.8869,29.9692],[118.894,29.9874],[118.8866,29.9965],[118.8893,30.0035],[118.8852,30.0126],[118.8937,30.0184],[118.8986,30.0302],[118.8874,30.0357],[118.886,30.0403],[118.8891,30.0481],[118.8869,30.0519],[118.8864,30.0702],[118.8826,30.0714],[118.8848,30.0783],[118.8776,30.0864],[118.8791,30.1016],[118.8699,30.1047],[118.8667,30.1001],[118.8618,30.103]]]},"properties":{"region_code":"CN-34-3410","parent_region_code":"CN-34","name":"黄山市","level":"prefecture","has_children":true,"full_path":"中国 / 安徽省 / 黄山市","source_admin_code":"3410","osm_relation_id":2992498}},
{"type":"Feature","geometry":{"type":"Polygon","coordinates":[[[117.9531,31.9042],[117.9635,31.9049],[117.9695,31.9017],[117.9674,31.8979],[117.9743,31.8903],[117.985,31.8815],[117.9919,31.8826],[118.0097,31.8726],[118.0096,31.865],[118.0121,31.8618],[118.0228,31.8573],[118.0283,31.8488],[118.0345,31.8513],[118.0296,31.8607],[118.0393,31.8596],[118.0609,31.8659],[118.0649,31.8532],[118.0807,31.8568],[118.0786,31.8664],[118.082,31.871],[118.0804,31.8776],[118.0904,31.8851],[118.1058,31.8941],[118.1083,31.9025],[118.115,31.908],[118.1194,31.9084],[118.1273,31.9038],[118.1439,31.9086],[118.1549,31.9083],[118.1634,31.904],[118.1807,31.9126],[118.1842,31.9195],[118.1962,31.928],[118.2079,31.9309],[118.2177,31.9305],[118.2318,31.9386],[118.2474,31.9524],[118.2634,31.9633],[118.2813,31.9787],[118.2933,31.9864],[118.3004,31.9931],[118.3066,32.0074],[118.3129,32.0162],[118.3216,32.0249],[118.3342,32.0321],[118.3369,32.0314],[118.352,32.0392],[118.3589,32.0456],[118.3684,32.0502],[118.3684,32.0589],[118.3778,32.0613],[118.3878,32.0645],[118.3916,32.074],[118.3894,32.0778],[118.3994,32.0823],[118.4064,32.0827],[118.4098,32.0895],[118.416,32.0875],[118.4253,32.0881],[118.4285,32.0914],[118.4479,32.0988],[118.4526,32.1026],[118.4583,32.1026],[118.4683,32.1116],[118.4706,32.1193],[118.4778,32.1191],[118.4843,32.1229],[118.4951,32.125],[118.4895,32.1334],[118.4925,32.1401],[118.5002,32.1456],[118.493,32.163],[118.4906,32.1783],[118.4941,32.1839],[118.4998,32.1822],[118.5035,32.1856],[118.504,32.1967],[118.513,32.1913],[118.519,32.1909],[118.5258,32.1976],[118.5337,32.1947],[118.543,32.197],[118.5474,32.2018],[118.5542,32.199],[118.5571,32.204],[118.5653,32.2062],[118.5659,32.2106],[118.5755,32.2061],[118.5756,32.2009],[118.5857,32.2028],[118.5938,32.2021],[118.6049,32.2045],[118.6112,32.2075],[118.6246,32.2052],[118.6386,32.212],[118.6451,32.22],[118.6626,32.2386],[118.6707,32.2573],[118.6625,32.2597],[118.6561,32.2639],[118.6541,32.2687],[118.6651,32.2864],[118.6632,32.2979],[118.6552,32.2984],[118.6522,32.3017],[118.6552,32.3076],[118.6638,32.3112],[118.6711,32.3175],[118.6808,32.3203],[118.6877,32.3196],[118.6903,32.3238],[118.6801,32.3254],[118.6818,32.3319],[118.6987,32.3316],[118.703,32.3391],[118.7006,32.3423],[118.6922,32.3449],[118.6879,32.356],[118.6903,32.3589],[118.6923,32.371],[118.6985,32.3707],[118.6966,32.3813],[118.6749,32.3914],[118.6737,32.3964],[118.6803,32.4066],[118.6851,32.4248],[118.6816,32.4323],[118.6873,32.4667],[118.6859,32.4751],[118.6804,32.4755],[118.6679,32.4722],[118.6487,32.4783],[118.6432,32.4786],[118.6379,32.4725],[118.6294,32.4732],[118.6223,32.4704],[118.6146,32.474],[118.603,32.473],[118.6003,32.4797],[118.5937,32.4792],[118.587,32.4859],[118.5891,32.4954],[118.5883,32.5048],[118.6011,32.5027],[118.6053,32.5099],[118.6115,32.5132],[118.6092,32.5243],[118.6013,32.5239],[118.5999,32.5343],[118.6042,32.5395],[118.5937,32.547],[118.5725,32.5546],[118.5657,32.5587],[118.558,32.5671],[118.5641,32.5878],[118.5742,32.5954],[118.5898,32.5989],[118.5929,32.604],[118.6079,32.5962],[118.6139,32.5961],[118.6167,32.5906],[118.6229,32.5912],[118.6251,32.5851],[118.6297,32.582],[118.6372,32.5855],[118.6363,32.589],[118.6471,32.5954],[118.6641,32.5969],[118.671,32.5956],[118.684,32.5901],[118.6958,32.5915],[118.6912,32.608],[118.7043,32.6106],[118.71,32.608],[118.7147,32.6154],[118.7198,32.5997],[118.7293,32.5928],[118.7381,32.5934],[118.738,32.602],[118.7455,32.5991],[118.7473,32.6063],[118.7563,32.6073],[118.7697,32.6013],[118.7695,32.5925],[118.7821,32.5849],[118.8,32.5863],[118.7982,32.5925],[118.8048,32.5961],[118.803,32.601],[118.8174,32.6046],[118.8164,32.5993],[118.8184,32.5908],[118.8133,32.59],[118.8124,32.5828],[118.8242,32.5826],[118.8295,32.5719],[118.8334,32.5766],[118.8428,32.5701],[118.8492,32.5765],[118.8676,32.5789],[118.8695,32.5855],[118.877,32.5763],[118.8803,32.5786],[118.8773,32.5876],[118.8821,32.5904],[118.8915,32.5889],[118.9007,32.5933],[118.9045,32.5886],[118.8962,32.5848],[118.8915,32.5788],[118.8945,32.5648],[118.8882,32.5624],[118.8847,32.5571],[118.892,32.5553],[118.9113,32.5618],[118.9151,32.559],[118.9259,32.5596],[118.9321,32.5567],[118.9381,32.5487],[118.9425,32.5481],[118.9516,32.5379],[118.9548,32.5304],[118.9607,32.5307],[118.9643,32.5273],[118.9634,32.5174],[118.9709,32.5067],[118.9799,32.5059],[118.9938,32.507],[119.0004,32.5103],[119.0017,32.5168],[119.0111,32.5153],[119.0164,32.5182],[119.0268,32.5188],[119.0357,32.5167],[119.0368,32.5051],[119.0403,32.5054],[119.0463,32.4943],[119.0578,32.4869],[119.0613,32.4704],[119.0573,32.4638],[119.0666,32.4615],[119.0682,32.4567],[119.0785,32.4523],[119.0863,32.4597],[119.085,32.4688],[119.0892,32.4771],[119.101,32.4738],[119.1053,32.4784],[119.1138,32.4818],[119.1256,32.493],[119.135,32.4948],[119.1405,32.4931],[119.1398,32.5042],[119.1469,32.5067],[119.1491,32.5116],[119.145,32.5247],[119.1481,32.5369],[119.1581,32.5395],[119.1603,32.5457],[119.1532,32.5506],[119.1472,32.5586],[119.1509,32.5646],[119.1634,32.5773],[119.1724,32.579],[119.1705,32.5898],[119.1713,32.5956],[119.1806,32.6013],[119.1857,32.5965],[119.1831,32.5926],[119.1855,32.5854],[119.1944,32.5846],[119.1979,32.5796],[119.2091,32.5718],[119.2103,32.5772],[119.2093,32.5913],[119.218,32.5976],[119.2129,32.6008],[119.2238,32.6066],[119.2235,32.6126],[119.2171,32.6108],[119.2037,32.616],[119.2039,32.6199],[119.2112,32.6284],[119.2076,32.6382],[119.2033,32.6426],[119.2061,32.6953],[119.2051,32.7287],[119.1854,32.8034],[119.1797,32.8292],[119.1396,32.8268],[119.1262,32.8249],[119.107,32.8206],[119.1016,32.8225],[119.0877,32.8364],[119.0735,32.8542],[119.0667,32.86],[119.0542,32.8666],[119.0481,32.8735],[119.0484,32.8817],[119.0404,32.8929],[119.0409,32.9001],[119.0386,32.9059],[119.0394,32.9128],[119.0294,32.9097],[119.0147,32.9082],[119.0099,32.9108],[119.0126,32.9168],[119.0134,32.9268],[119.0239,32.9274],[119.0243,32.9312],[119.018,32.9355],[119.0208,32.9387],[119.0202,32.9473],[119.0155,32.9583],[119.0089,32.9568],[118.9969,32.961],[118.9873,32.9601],[118.9609,32.9497],[118.9522,32.9512],[118.9438,32.9476],[118.9353,32.9498],[118.9311,32.9392],[118.9147,32.9414],[118.8998,32.9473],[118.8971,32.9434],[118.886,32.9463],[118.8853,32.9531],[118.8895,32.9611],[118.8817,32.9638],[118.8778,32.9594],[118.8639,32.9614],[118.8436,32.9601],[118.8426,32.9545],[118.8378,32.9457],[118.8386,32.9398],[118.8434,32.9343],[118.8422,32.9244],[118.8365,32.9271],[118.8323,32.9237],[118.8318,32.9155],[118.8238,32.9177],[118.819,32.9221],[118.8121,32.9227],[118.8025,32.9171],[118.8027,32.9116],[118.8076,32.9088],[118.8064,32.9],[118.8092,32.8884],[118.8054,32.8777],[118.8009,32.8759],[118.8087,32.862],[118.7882,32.8563],[118.787,32.8527],[118.7749,32.8509],[118.7719,32.8545],[118.7618,32.8546],[118.7517,32.8592],[118.7423,32.8593],[118.7338,32.8539],[118.7357,32.8388],[118.7377,32.8342],[118.7373,32.8251],[118.7402,32.8194],[118.7398,32.8039],[118.7353,32.7983],[118.7306,32.7879],[118.7328,32.7845],[118.7301,32.7742],[118.7374,32.7635],[118.7462,32.7593],[118.7511,32.7509],[118.7523,32.7413],[118.7484,32.737],[118.7425,32.7384],[118.7325,32.7361],[118.7123,32.7256],[118.7061,32.7281],[118.7,32.7232],[118.6895,32.7271],[118.6835,32.7314],[118.6757,32.7307],[118.6672,32.7346],[118.6529,32.7379],[118.6332,32.7482],[118.6281,32.7431],[118.6221,32.7451],[118.6127,32.743],[118.6059,32.739],[118.6023,32.7298],[118.5686,32.723],[118.567,32.7257],[118.5555,32.7327],[118.538,32.7322],[118.5209,32.7303],[118.5154,32.7266],[118.5082,32.7279],[118.4975,32.7248],[118.4858,32.7282],[118.4771,32.7245],[118.4659,32.7239],[118.4565,32.727],[118.4531,32.7325],[118.4516,32.7426],[118.4443,32.745],[118.4256,32.7229],[118.4186,32.7186],[118.4056,32.7187],[118.3995,32.722],[118.3894,32.7204],[118.3871,32.7239],[118.3753,32.7206],[118.3648,32.7208],[118.3609,32.731],[118.3618,32.7408],[118.3654,32.7442],[118.3666,32.7535],[118.3653,32.7595],[118.3559,32.7741],[118.3349,32.773],[118.3287,32.7636],[118.3205,32.7639],[118.3213,32.7735],[118.3135,32.7819],[118.305,32.7806],[118.2985,32.7824],[118.2917,32.8007],[118.2995,32.8074],[118.3003,32.8179],[118.2955,32.8275],[118.2986,32.833],[118.2921,32.8348],[118.2904,32.8485],[118.2793,32.852],[118.2815,32.8594],[118.267,32.8573],[118.2609,32.8582],[118.2512,32.8535],[118.2401,32.8552],[118.2407,32.8666],[118.2383,32.8761],[118.2299,32.8988],[118.2284,32.9203],[118.2302,32.9264],[118.2374,32.9344],[118.2497,32.9408],[118.286,32.9487],[118.2992,32.9585],[118.3068,32.961],[118.3044,32.9671],[118.295,32.971],[118.2816,32.9718],[118.2692,32.9709],[118.2592,32.9736],[118.2512,32.9798],[118.241,32.9933],[118.2378,33.0043],[118.2389,33.0273],[118.2354,33.0463],[118.2277,33.0632],[118.2203,33.0612],[118.2058,33.0632],[118.2095,33.0724],[118.223,33.0738],[118.2199,33.0858],[118.2048,33.0886],[118.2033,33.0924],[118.2196,33.0892],[118.2192,33.0988],[118.2166,33.1074],[118.2041,33.1062],[118.2049,33.1134],[118.2155,33.1162],[118.2183,33.1575],[118.2141,33.1621],[118.2172,33.166],[118.2166,33.1818],[118.2115,33.1935],[118.2061,33.2007],[118.1889,33.2133],[118.1726,33.2195],[118.1639,33.2155],[118.1587,33.2105],[118.151,33.1957],[118.1544,33.1834],[118.1522,33.1764],[118.1446,33.1706],[118.1077,33.1605],[118.0852,33.1529],[118.0672,33.1427],[118.0593,33.1413],[118.0689,33.1318],[118.0689,33.1197],[118.0743,33.1121],[118.0666,33.1092],[118.0575,33.0969],[118.0634,33.0936],[118.0621,33.0837],[118.0563,33.0802],[118.0522,33.0731],[118.0427,33.0715],[118.035,33.0769],[118.0255,33.0783],[118.0224,33.0685],[118.0122,33.0658],[118.0115,33.0608],[118.0064,33.058],[117.9958,33.0584],[117.9938,33.0436],[117.9991,33.0412],[117.9998,33.0327],[118.0064,33.0321],[118.0206,33.0387],[118.0251,33.0352],[118.0316,33.0233],[118.0233,33.0105],[118.0163,33.0056],[117.9996,33.0031],[117.9923,33.0121],[117.9867,33.0106],[117.9816,33.0144],[117.9763,33.0142],[117.9688,33.0059],[117.9569,33.0044],[117.953,33.0102],[117.9451,33.0173],[117.9383,33.0157],[117.9307,33.0041],[117.9119,32.9956],[117.906,32.9881],[117.8879,32.9909],[117.8843,32.9997],[117.8772,33.0055],[117.8783,33.0083],[117.8955,33.0203],[117.8887,33.0268],[117.8855,33.034],[117.888,33.0374],[117.8817,33.0479],[117.8636,33.0403],[117.8549,33.0379],[117.8385,33.036],[117.8286,33.0333],[117.8075,33.03],[117.7985,33.0314],[117.789,33.0419],[117.7748,33.0496],[117.7656,33.0489],[117.7551,33.0381],[117.7393,33.0095],[117.7347,33.0052],[117.726,33.0042],[117.7175,33.007],[117.7068,33.0063],[117.7008,33.0025],[117.6952,32.9929],[117.6931,32.98],[117.6844,32.959],[117.6696,32.9302],[117.6652,32.9186],[117.6547,32.9136],[117.6418,32.9128],[117.636,32.9154],[117.6235,32.9261],[117.6179,32.9271],[117.5998,32.9247],[117.5931,32.9275],[117.5656,32.9505],[117.5421,32.9726],[117.5247,32.9827],[117.5214,32.9698],[117.5214,32.9537],[117.5234,32.94],[117.5087,32.9389],[117.5073,32.9326],[117.5027,32.9289],[117.5022,32.9213],[117.4978,32.9066],[117.4938,32.8981],[117.5039,32.8903],[117.5079,32.8902],[117.5071,32.8731],[117.5015,32.8697],[117.4958,32.8735],[117.487,32.8688],[117.4833,32.8623],[117.4751,32.8541],[117.4751,32.8487],[117.4609,32.84],[117.4502,32.8435],[117.4281,32.8452],[117.4227,32.8447],[117.415,32.8485],[117.4134,32.8349],[117.394,32.835],[117.3879,32.8382],[117.3818,32.838],[117.3688,32.841],[117.363,32.8397],[117.3543,32.8418],[117.3489,32.8365],[117.3371,32.8301],[117.3349,32.8331],[117.3267,32.8288],[117.3098,32.8292],[117.303,32.825],[117.3044,32.8212],[117.2921,32.8186],[117.2788,32.8192],[117.2787,32.8148],[117.2706,32.8072],[117.2505,32.8093],[117.2456,32.8037],[117.2398,32.8029],[117.2376,32.7917],[117.2298,32.7855],[117.2315,32.7771],[117.2271,32.7736],[117.2251,32.7666],[117.2138,32.7567],[117.2082,32.7551],[117.188,32.7366],[117.2003,32.7285],[117.1944,32.7274],[117.1858,32.72],[117.1786,32.7058],[117.1778,32.7001],[117.1683,32.6962],[117.1561,32.6891],[117.1545,32.6836],[117.1631,32.6715],[117.1707,32.6581],[117.1724,32.6523],[117.172,32.6418],[117.1775,32.6372],[117.1904,32.61],[117.1952,32.5909],[117.1995,32.5804],[117.2094,32.5618],[117.2059,32.5517],[117.1983,32.5464],[117.1964,32.5384],[117.197,32.5258],[117.2048,32.5187],[117.2029,32.5155],[117.2073,32.5098],[117.2027,32.4989],[117.2055,32.4791],[117.2024,32.4743],[117.2081,32.4714],[117.2102,32.4655],[117.2165,32.4623],[117.2315,32.4642],[117.2408,32.4593],[117.2453,32.4613],[117.2607,32.4545],[117.2631,32.4552],[117.2736,32.4473],[117.2821,32.4452],[117.3002,32.4515],[117.3054,32.4558],[117.3123,32.4543],[117.3105,32.4484],[117.3146,32.4412],[117.3229,32.4392],[117.3296,32.4425],[117.3347,32.4484],[117.3445,32.4535],[117.3516,32.4507],[117.354,32.458],[117.3646,32.4594],[117.3741,32.4625],[117.3757,32.469],[117.3819,32.4767],[117.3894,32.478],[117.3935,32.4701],[117.3907,32.4559],[117.3834,32.4516],[117.3854,32.4483],[117.378,32.4365],[117.377,32.4277],[117.382,32.4178],[117.3777,32.4115],[117.3772,32.4046],[117.3663,32.3968],[117.356,32.3949],[117.3489,32.39],[117.3573,32.3827],[117.3677,32.3764],[117.3709,32.3787],[117.3721,32.3866],[117.3796,32.3938],[117.3853,32.3968],[117.3935,32.3958],[117.3986,32.3888],[117.4075,32.3838],[117.4095,32.3786],[117.4155,32.375],[117.4195,32.3767],[117.4269,32.3731],[117.4336,32.3729],[117.4375,32.3678],[117.4389,32.3595],[117.4378,32.3528],[117.44,32.3468],[117.4378,32.3418],[117.428,32.3429],[117.4193,32.3372],[117.4162,32.3251],[117.4092,32.3183],[117.4083,32.3135],[117.4011,32.3109],[117.4007,32.302],[117.3949,32.2955],[117.3968,32.289],[117.3872,32.2849],[117.3955,32.2811],[117.396,32.2728],[117.4028,32.2705],[117.4087,32.2734],[117.4117,32.2664],[117.4177,32.2679],[117.4232,32.2621],[117.4149,32.2504],[117.4249,32.2452],[117.4316,32.2327],[117.4367,32.233],[117.4416,32.2383],[117.4518,32.2345],[117.465,32.2275],[117.4676,32.2212],[117.474,32.2183],[117.4749,32.2135],[117.4865,32.2123],[117.4863,32.208],[117.4916,32.203],[117.4993,32.2026],[117.5062,32.2077],[117.5129,32.2089],[117.5232,32.2076],[117.5299,32.2113],[117.5451,32.2126],[117.5536,32.2166],[117.5625,32.2268],[117.5684,32.2277],[117.5683,32.2345],[117.5822,32.2334],[117.5853,32.2404],[117.6007,32.2399],[117.6116,32.2515],[117.6311,32.2553],[117.6396,32.2587],[117.6478,32.259],[117.6494,32.262],[117.6617,32.2579],[117.6679,32.2587],[117.6723,32.2556],[117.6894,32.256],[117.6981,32.2549],[117.7032,32.2514],[117.7056,32.2454],[117.7008,32.2394],[117.7145,32.2375],[117.7178,32.2443],[117.7242,32.2463],[117.7336,32.2441],[117.7474,32.2379],[117.7502,32.2426],[117.7556,32.2405],[117.7613,32.2427],[117.7777,32.2376],[117.7766,32.2334],[117.7835,32.2312],[117.7853,32.2219],[117.7918,32.2181],[117.8084,32.2248],[117.8105,32.2299],[117.82,32.2338],[117.8217,32.2287],[117.8329,32.2241],[117.8394,32.2188],[117.8539,32.2132],[117.853,32.2051],[117.8595,32.204],[117.8655,32.1883],[117.8661,32.1801],[117.8636,32.1695],[117.8696,32.1642],[117.8702,32.142],[117.8667,32.136],[117.8532,32.1254],[117.8476,32.1121],[117.8472,32.1077],[117.8532,32.1057],[117.8611,32.1093],[117.8624,32.0994],[117.8489,32.0931],[117.8677,32.0853],[117.8653,32.0803],[117.8687,32.0679],[117.8767,32.0679],[117.8783,32.0627],[117.8724,32.0602],[117.869,32.0518],[117.8576,32.044],[117.8554,32.0393],[117.8312,32.0398],[117.8278,32.0297],[117.8336,32.0178],[117.8333,32.0147],[117.8175,32.0119],[117.8108,31.9991],[117.8254,31.9955],[117.8301,31.9864],[117.8307,31.9812],[117.8393,31.9767],[117.8376,31.9732],[117.8411,31.9648],[117.848,31.9631],[117.8517,31.9578],[117.863,31.9481],[117.8638,31.9325],[117.8727,31.9323],[117.88,31.9294],[117.8954,31.9312],[117.9078,31.925],[117.9239,31.9234],[117.9287,31.9174],[117.9343,31.9173],[117.9465,31.9106],[117.9531,31.9042]]]},"properties":{"region_code":"CN-34-3411","parent_region_code":"CN-34","name":"滁州市","level":"prefecture","has_children":true,"full_path":"中国 / 安徽省 / 滁州市","source_admin_code":"3411","osm_relation_id":3231588}},
{"type":"Feature","geometry":{"type":"Polygon","coordinates":[[[116.3884,32.8961],[116.3824,32.8975],[116.369,32.8965],[116.3663,32.9009],[116.3556,32.8927],[116.356,32.886],[116.3421,32.8764],[116.3199,32.8705],[116.318,32.8672],[116.3038,32.8653],[116.2888,32.8605],[116.2863,32.8567],[116.2769,32.8611],[116.2579,32.8624],[116.2588,32.8707],[116.2481,32.8724],[116.2399,32.8709],[116.24,32.8804],[116.2464,32.8838],[116.2469,32.8885],[116.2366,32.8917],[116.2237,32.8885],[116.2205,32.8929],[116.2031,32.894],[116.1967,32.897],[116.1916,32.9025],[116.1858,32.9179],[116.1727,32.9256],[116.1625,32.9428],[116.1625,32.952],[116.16,32.9613],[116.1633,32.9685],[116.1484,32.9774],[116.1451,32.9755],[116.139,32.9826],[116.1294,32.9841],[116.1272,32.9804],[116.1195,32.9784],[116.1193,32.9851],[116.1058,32.9866],[116.1003,32.9849],[116.0805,32.9889],[116.0683,32.9876],[116.0658,32.9839],[116.0424,32.9976],[116.0484,33.0049],[116.0585,33.008],[116.0576,33.0154],[116.0511,33.018],[116.0451,33.0239],[116.0496,33.0294],[116.0486,33.0383],[116.0456,33.0462],[116.0354,33.051],[116.0274,33.0503],[116.0219,33.0468],[116.0154,33.0479],[116.0075,33.0448],[116.0078,33.0519],[116.0132,33.0531],[116.0124,33.06],[115.9954,33.0639],[115.9861,33.0641],[115.9804,33.0686],[115.9765,33.077],[115.9698,33.0749],[115.9679,33.0687],[115.9563,33.0754],[115.9592,33.083],[115.9504,33.0866],[115.9299,33.087],[115.9315,33.0913],[115.9283,33.1002],[115.9246,33.0993],[115.9182,33.0903],[115.9023,33.0919],[115.8907,33.0971],[115.886,33.0926],[115.8647,33.0968],[115.8619,33.1045],[115.867,33.1047],[115.8678,33.114],[115.8733,33.1206],[115.8734,33.1266],[115.8638,33.1231],[115.8615,33.1275],[115.8538,33.128],[115.8484,33.1245],[115.8372,33.1271],[115.8351,33.1347],[115.8392,33.1399],[115.8458,33.138],[115.846,33.1536],[115.8439,33.1565],[115.826,33.1585],[115.821,33.1571],[115.8185,33.1627],[115.8277,33.1704],[115.8282,33.1806],[115.8327,33.181],[115.8452,33.1914],[115.8486,33.2021],[115.8403,33.2039],[115.8291,33.2124],[115.829,33.2183],[115.8334,33.2345],[115.8272,33.2353],[115.8276,33.2454],[115.8311,33.2508],[115.8303,33.2648],[115.8492,33.2604],[115.8588,33.2539],[115.8785,33.2472],[115.9114,33.2168],[115.9134,33.2252],[115.919,33.2284],[115.9185,33.2357],[115.9135,33.2361],[115.915,33.2448],[115.9048,33.2454],[115.903,33.251],[115.9045,33.2587],[115.9082,33.2648],[115.9075,33.2817],[115.9129,33.2851],[115.9102,33.2984],[115.9226,33.3015],[115.9195,33.3065],[115.9211,33.3138],[115.9145,33.3159],[115.9156,33.3202],[115.9089,33.3312],[115.9051,33.3448],[115.8941,33.3571],[115.89,33.3682],[115.8928,33.3743],[115.8922,33.382],[115.8889,33.3843],[115.8936,33.3929],[115.8932,33.4015],[115.8868,33.405],[115.8871,33.4096],[115.8774,33.4151],[115.8749,33.4198],[115.865,33.4282],[115.8495,33.4442],[115.8431,33.4526],[115.8317,33.4542],[115.8254,33.4531],[115.8073,33.4669],[115.7903,33.4706],[115.7809,33.4827],[115.7683,33.4863],[115.7633,33.4927],[115.7467,33.4972],[115.7442,33.5011],[115.7154,33.5124],[115.7004,33.5096],[115.6919,33.5108],[115.6867,33.5086],[115.6753,33.5076],[115.6719,33.5096],[115.6555,33.5313],[115.6459,33.5461],[115.6353,33.5835],[115.6304,33.5862],[115.6156,33.5843],[115.5938,33.5798],[115.5571,33.578],[115.5536,33.5654],[115.5482,33.5643],[115.541,33.57],[115.5266,33.5691],[115.5202,33.5657],[115.5183,33.5615],[115.5124,33.5617],[115.5065,33.5584],[115.4943,33.5603],[115.4968,33.5644],[115.4824,33.5632],[115.4768,33.5597],[115.4631,33.5588],[115.4561,33.5716],[115.4465,33.5705],[115.4452,33.5655],[115.4104,33.5568],[115.4048,33.5514],[115.4058,33.545],[115.412,33.5437],[115.4061,33.537],[115.4005,33.5365],[115.4013,33.5307],[115.3963,33.5236],[115.3995,33.5188],[115.3958,33.5079],[115.3895,33.5079],[115.3743,33.517],[115.3628,33.5195],[115.3593,33.5144],[115.3491,33.5091],[115.34,33.5011],[115.3455,33.4918],[115.3428,33.4855],[115.3381,33.4823],[115.3473,33.4785],[115.3406,33.4626],[115.3459,33.4583],[115.3424,33.447],[115.3344,33.4465],[115.3288,33.4498],[115.3244,33.4571],[115.3185,33.457],[115.3182,33.4497],[115.312,33.443],[115.3112,33.4254],[115.3163,33.4149],[115.3234,33.4068],[115.3236,33.3988],[115.3135,33.3906],[115.3068,33.3934],[115.3089,33.3838],[115.3091,33.3725],[115.3155,33.366],[115.3265,33.3697],[115.3253,33.3738],[115.3378,33.3734],[115.3383,33.3683],[115.3335,33.3631],[115.3405,33.3607],[115.3455,33.3434],[115.3483,33.3416],[115.3594,33.3417],[115.3587,33.3334],[115.3526,33.311],[115.3558,33.3],[115.3463,33.2983],[115.3444,33.303],[115.3347,33.3026],[115.3293,33.2996],[115.3277,33.286],[115.3309,33.2839],[115.3349,33.2733],[115.3344,33.2625],[115.3234,33.2527],[115.323,33.2423],[115.3195,33.2302],[115.3133,33.2296],[115.309,33.2215],[115.3119,33.2181],[115.324,33.2183],[115.3195,33.2117],[115.3059,33.2066],[115.2995,33.2074],[115.2885,33.2024],[115.2855,33.1925],[115.2916,33.1885],[115.289,33.1793],[115.2929,33.1738],[115.292,33.1692],[115.2961,33.1438],[115.285,33.1429],[115.2834,33.1348],[115.2579,33.1407],[115.2534,33.137],[115.2416,33.1361],[115.2348,33.1296],[115.2212,33.1266],[115.2188,33.1239],[115.2096,33.1229],[115.2038,33.1156],[115.1987,33.1207],[115.1887,33.121],[115.1667,33.1118],[115.1619,33.0992],[115.164,33.0969],[115.1604,33.0889],[115.1512,33.0885],[115.15,33.0814],[115.1329,33.0856],[115.1261,33.0806],[115.114,33.0805],[115.1135,33.0772],[115.1016,33.083],[115.09,33.0845],[115.088,33.09],[115.0598,33.0869],[115.0461,33.0881],[115.048,33.096],[115.0398,33.0948],[115.0383,33.0879],[115.0156,33.0902],[115.0087,33.0992],[114.993,33.1016],[114.9856,33.1065],[114.985,33.1176],[114.9783,33.1256],[114.9706,33.1276],[114.9721,33.1317],[114.9633,33.1352],[114.9604,33.1436],[114.9612,33.1492],[114.953,33.1522],[114.9278,33.1565],[114.9282,33.1459],[114.9218,33.1407],[114.9027,33.1384],[114.9027,33.1337],[114.894,33.1285],[114.8999,33.124],[114.8998,33.1107],[114.8957,33.1083],[114.8953,33.0983],[114.8905,33.094],[114.8918,33.0835],[114.9063,33.0846],[114.9113,33.0822],[114.9148,33.0693],[114.9106,33.0682],[114.9077,33.0581],[114.9163,33.0566],[114.9177,33.0383],[114.9246,33.0346],[114.9278,33.0299],[114.9238,33.0224],[114.9162,33.0185],[114.9101,33.0182],[114.889,33.0223],[114.8932,33.0169],[114.8972,32.9999],[114.8894,32.9967],[114.8804,32.9986],[114.8762,32.9909],[114.8809,32.9848],[114.8786,32.9743],[114.8911,32.972],[114.8968,32.9677],[114.9102,32.9688],[114.9138,32.9614],[114.9192,32.9568],[114.9283,32.9575],[114.9338,32.95],[114.9348,32.9391],[114.9407,32.9325],[114.9521,32.9337],[114.9526,32.9389],[114.9581,32.9416],[114.9676,32.941],[114.9734,32.9466],[114.981,32.9476],[114.9939,32.938],[115.0038,32.9417],[115.0128,32.9349],[115.0175,32.9367],[115.0249,32.9339],[115.0296,32.9395],[115.0363,32.9375],[115.0331,32.9234],[115.0301,32.9168],[115.0181,32.917],[115.016,32.9095],[115.0285,32.905],[115.0394,32.9106],[115.0469,32.9086],[115.0612,32.9009],[115.0646,32.9048],[115.0822,32.9049],[115.0955,32.8959],[115.1072,32.9004],[115.1119,32.9046],[115.1267,32.8985],[115.134,32.9009],[115.1378,32.8972],[115.1362,32.8927],[115.14,32.8837],[115.1503,32.8803],[115.1516,32.8738],[115.1488,32.8664],[115.1589,32.8652],[115.1584,32.8618],[115.17,32.8576],[115.1949,32.8594],[115.1949,32.8532],[115.198,32.8456],[115.1905,32.8427],[115.1856,32.8434],[115.1825,32.8355],[115.1862,32.8314],[115.1915,32.8314],[115.1877,32.8192],[115.1843,32.8176],[115.1849,32.8088],[115.1896,32.804],[115.2064,32.7973],[115.2073,32.7881],[115.1881,32.7884],[115.1853,32.7928],[115.176,32.7883],[115.1757,32.7805],[115.1839,32.7742],[115.1812,32.7578],[115.1769,32.7479],[115.1728,32.7344],[115.1741,32.7266],[115.1795,32.7242],[115.1755,32.71],[115.1749,32.6872],[115.1798,32.6796],[115.1778,32.6692],[115.1841,32.6695],[115.1938,32.6744],[115.2002,32.6708],[115.1999,32.6555],[115.2063,32.6615],[115.2133,32.6615],[115.2123,32.6564],[115.203,32.6511],[115.2038,32.6386],[115.1991,32.6402],[115.1973,32.6478],[115.1892,32.6435],[115.1888,32.634],[115.1963,32.6351],[115.1978,32.6267],[115.194,32.6212],[115.2018,32.6165],[115.2039,32.6124],[115.1905,32.6087],[115.1863,32.6049],[115.1954,32.5941],[115.2023,32.5949],[115.2085,32.5898],[115.2223,32.5928],[115.2273,32.5865],[115.2364,32.5943],[115.2518,32.5968],[115.2563,32.5926],[115.2493,32.5874],[115.2594,32.5805],[115.2744,32.5859],[115.2774,32.5932],[115.284,32.5917],[115.2856,32.5845],[115.2908,32.5835],[115.2965,32.59],[115.2989,32.5831],[115.2924,32.5784],[115.2953,32.5708],[115.2912,32.5651],[115.2987,32.5559],[115.3057,32.5541],[115.3185,32.5569],[115.317,32.5663],[115.3244,32.5632],[115.3891,32.5735],[115.402,32.5794],[115.4061,32.5767],[115.4069,32.5611],[115.4033,32.5517],[115.4081,32.5506],[115.4138,32.5549],[115.4177,32.5522],[115.4249,32.5542],[115.438,32.5432],[115.4333,32.5345],[115.4603,32.5222],[115.4676,32.5234],[115.4726,32.5203],[115.4722,32.514],[115.4802,32.5144],[115.4803,32.5059],[115.4832,32.5008],[115.4923,32.4942],[115.4977,32.4848],[115.5056,32.4646],[115.508,32.4561],[115.5189,32.4494],[115.518,32.4443],[115.5235,32.4412],[115.532,32.4413],[115.5361,32.4374],[115.5417,32.4267],[115.5641,32.4232],[115.5632,32.4165],[115.5505,32.4095],[115.5613,32.4068],[115.5778,32.4201],[115.5929,32.4269],[115.6008,32.4282],[115.6058,32.421],[115.6123,32.4168],[115.6212,32.4074],[115.64,32.42],[115.6505,32.4324],[115.6525,32.4311],[115.6501,32.4125],[115.6545,32.4096],[115.6602,32.4109],[115.6666,32.419],[115.669,32.4333],[115.6754,32.4423],[115.6758,32.4546],[115.669,32.4657],[115.6723,32.4687],[115.6913,32.4696],[115.6956,32.4732],[115.688,32.4811],[115.6877,32.4915],[115.6961,32.4976],[115.7204,32.4846],[115.7378,32.4784],[115.7542,32.4843],[115.7607,32.4944],[115.7624,32.5072],[115.7664,32.5072],[115.7742,32.4989],[115.7811,32.4882],[115.7805,32.4778],[115.7761,32.4704],[115.7799,32.4685],[115.7995,32.4887],[115.8139,32.4989],[115.8205,32.5052],[115.8341,32.5023],[115.8348,32.527],[115.8402,32.5339],[115.8552,32.5395],[115.8598,32.5437],[115.8816,32.5689],[115.8853,32.5769],[115.8893,32.5801],[115.9074,32.5795],[115.9238,32.5697],[115.9474,32.5882],[115.9572,32.6029],[115.9635,32.6069],[115.9712,32.6083],[115.9924,32.6069],[116.0163,32.5951],[116.0211,32.5904],[116.0259,32.579],[116.0294,32.5637],[116.0371,32.5543],[116.0851,32.5424],[116.0945,32.5335],[116.0988,32.5215],[116.1017,32.5082],[116.1177,32.4738],[116.1209,32.4708],[116.1352,32.4649],[116.1424,32.4563],[116.144,32.4451],[116.1517,32.4407],[116.1631,32.4424],[116.1672,32.4383],[116.1693,32.4287],[116.1779,32.432],[116.1835,32.4517],[116.1904,32.4558],[116.2025,32.4503],[116.2082,32.4532],[116.2072,32.4633],[116.2118,32.4656],[116.2201,32.4628],[116.2329,32.4682],[116.2385,32.4659],[116.2404,32.4597],[116.2456,32.4577],[116.2485,32.4639],[116.2413,32.4798],[116.242,32.4857],[116.2592,32.4954],[116.2629,32.4991],[116.2641,32.5059],[116.2637,32.5202],[116.2664,32.522],[116.2971,32.5254],[116.3167,32.5242],[116.3252,32.5202],[116.3337,32.5085],[116.3427,32.4873],[116.3498,32.4786],[116.3825,32.4533],[116.3991,32.4451],[116.4072,32.4447],[116.4253,32.4512],[116.4395,32.451],[116.4736,32.4401],[116.4802,32.4408],[116.4844,32.4453],[116.4901,32.4667],[116.4924,32.4678],[116.5019,32.4601],[116.5094,32.4619],[116.5141,32.471],[116.5146,32.4821],[116.525,32.4912],[116.5204,32.5022],[116.5247,32.5122],[116.5386,32.523],[116.5497,32.5368],[116.5589,32.5443],[116.5665,32.5465],[116.5785,32.5475],[116.6045,32.5479],[116.6285,32.5568],[116.6278,32.5651],[116.6214,32.5811],[116.6134,32.5863],[116.596,32.5918],[116.5843,32.5923],[116.5714,32.5897],[116.5494,32.5873],[116.5519,32.6024],[116.5351,32.605],[116.5329,32.6184],[116.5362,32.62],[116.5292,32.6316],[116.5284,32.6375],[116.5229,32.6493],[116.5213,32.6599],[116.5186,32.6623],[116.4996,32.6663],[116.4973,32.6829],[116.4853,32.6842],[116.4821,32.6805],[116.4671,32.6828],[116.4602,32.6803],[116.4451,32.6914],[116.4458,32.6963],[116.4396,32.7001],[116.4388,32.7076],[116.4419,32.7148],[116.4469,32.7143],[116.4498,32.7319],[116.4405,32.7349],[116.4386,32.7414],[116.4382,32.7535],[116.4433,32.7689],[116.442,32.7823],[116.4436,32.7915],[116.4363,32.8013],[116.4356,32.8094],[116.4428,32.816],[116.4364,32.8191],[116.4342,32.8241],[116.4376,32.8295],[116.4408,32.8428],[116.4351,32.8502],[116.4223,32.8586],[116.416,32.8601],[116.4002,32.8551],[116.388,32.8574],[116.3829,32.86],[116.3823,32.8724],[116.3877,32.8812],[116.3897,32.8889],[116.3884,32.8961]]]},"properties":{"region_code":"CN-34-3412","parent_region_code":"CN-34","name":"阜阳市","level":"prefecture","has_children":true,"full_path":"中国 / 安徽省 / 阜阳市","source_admin_code":"3412","osm_relation_id":3246004}},
{"type":"Feature","geometry":{"type":"Polygon","coordinates":[[[117.9732,33.3359],[117.9698,33.3413],[117.9644,33.3435],[117.9645,33.3513],[117.98,33.3507],[117.9907,33.3487],[118.0078,33.3571],[118.0193,33.3722],[118.0211,33.3876],[118.0233,33.3926],[118.014,33.3984],[118.0111,33.4043],[118.0122,33.4109],[118.0178,33.4277],[118.0175,33.4375],[118.0222,33.4573],[118.0296,33.462],[118.0334,33.4705],[118.0388,33.4748],[118.0394,33.48],[118.0449,33.4934],[118.052,33.493],[118.1023,33.4764],[118.1011,33.5052],[118.1037,33.5174],[118.1022,33.5215],[118.0943,33.5243],[118.0934,33.5307],[118.1027,33.5313],[118.1044,33.5392],[118.1115,33.5929],[118.1096,33.6098],[118.1065,33.6183],[118.1144,33.623],[118.1312,33.6379],[118.1428,33.6347],[118.14,33.6436],[118.1422,33.6475],[118.1625,33.6651],[118.1601,33.6748],[118.1583,33.6939],[118.1601,33.7094],[118.1632,33.716],[118.1533,33.7193],[118.1523,33.7249],[118.1603,33.734],[118.1692,33.7315],[118.1749,33.7331],[118.1809,33.7433],[118.1805,33.746],[118.1579,33.7522],[118.1436,33.7478],[118.1356,33.749],[118.1243,33.7553],[118.1105,33.7704],[118.1013,33.7698],[118.1012,33.7662],[118.0672,33.7674],[118.0599,33.7671],[118.0589,33.7622],[118.0418,33.7531],[118.0255,33.7495],[118.0252,33.7419],[118.0144,33.7401],[118.0131,33.7476],[117.9912,33.7477],[117.9887,33.7514],[117.977,33.7488],[117.9676,33.7508],[117.9643,33.7608],[117.9517,33.7588],[117.9515,33.7535],[117.9471,33.7476],[117.9478,33.7322],[117.943,33.7306],[117.9313,33.7314],[117.9299,33.7289],[117.9183,33.7308],[117.91,33.74],[117.9005,33.7365],[117.8953,33.7372],[117.8922,33.7307],[117.8963,33.7219],[117.8713,33.7278],[117.8708,33.7312],[117.8535,33.7359],[117.8428,33.7375],[117.8238,33.7345],[117.8222,33.7387],[117.8087,33.7389],[117.7856,33.7345],[117.7823,33.7295],[117.7725,33.724],[117.7615,33.7234],[117.7471,33.7131],[117.7391,33.713],[117.7404,33.7191],[117.7285,33.7244],[117.7299,33.7292],[117.7261,33.7362],[117.7202,33.7385],[117.723,33.7462],[117.7286,33.7479],[117.7296,33.7565],[117.7383,33.765],[117.7334,33.7727],[117.7358,33.784],[117.7394,33.7911],[117.7458,33.7968],[117.7454,33.8114],[117.748,33.8136],[117.7426,33.8212],[117.7442,33.8349],[117.7498,33.8423],[117.7464,33.8481],[117.7501,33.8507],[117.7461,33.8597],[117.7512,33.8637],[117.7508,33.8694],[117.7548,33.8753],[117.7518,33.8888],[117.7404,33.8926],[117.73,33.8933],[117.7178,33.8887],[117.7178,33.8823],[117.7126,33.8811],[117.7028,33.8833],[117.697,33.8898],[117.6953,33.9025],[117.6922,33.9036],[117.6911,33.9139],[117.6879,33.914],[117.6785,33.9295],[117.6686,33.9298],[117.6649,33.935],[117.6652,33.9421],[117.67,33.9484],[117.6654,33.9546],[117.6576,33.9592],[117.659,33.9665],[117.6546,33.973],[117.66,33.9774],[117.6597,33.9819],[117.666,33.988],[117.665,33.9962],[117.6596,33.998],[117.6574,34.0029],[117.6388,34.0099],[117.6385,34.0165],[117.6294,34.0171],[117.6217,34.0203],[117.6177,34.0343],[117.6028,34.0333],[117.6072,34.022],[117.6126,34.0164],[117.6073,34.0112],[117.607,33.9994],[117.5842,33.9975],[117.5835,33.9864],[117.5714,33.9808],[117.5588,33.9801],[117.5583,33.9898],[117.5607,33.9971],[117.5512,33.9978],[117.552,34.0051],[117.5377,34.009],[117.5394,34.0187],[117.5357,34.0228],[117.541,34.0465],[117.5337,34.0477],[117.5264,34.0518],[117.5217,34.0579],[117.5034,34.0624],[117.4913,34.0474],[117.4745,34.049],[117.4648,34.0395],[117.4492,34.0356],[117.4494,34.0282],[117.4445,34.0272],[117.4295,34.0278],[117.4291,34.0239],[117.4152,34.0221],[117.3936,34.0293],[117.3944,34.0472],[117.3834,34.0587],[117.3705,34.0581],[117.3652,34.0619],[117.3712,34.0685],[117.3715,34.0742],[117.3679,34.0795],[117.3611,34.0841],[117.3522,34.0854],[117.3529,34.0914],[117.3426,34.0874],[117.3305,34.087],[117.3209,34.0844],[117.3138,34.085],[117.311,34.0796],[117.308,34.0652],[117.2946,34.0655],[117.2842,34.07],[117.2864,34.0775],[117.2717,34.0777],[117.2642,34.0727],[117.2458,34.0714],[117.2361,34.069],[117.2293,34.0645],[117.2114,34.0713],[117.2078,34.0752],[117.2023,34.0701],[117.1738,34.0716],[117.1727,34.0792],[117.1639,34.0784],[117.1435,34.0799],[117.1519,34.0998],[117.1395,34.0995],[117.1302,34.1036],[117.1145,34.1046],[117.1163,34.1112],[117.1296,34.1111],[117.1316,34.1156],[117.1241,34.1269],[117.115,34.1279],[117.0973,34.132],[117.091,34.1443],[117.0643,34.1445],[117.0619,34.1528],[117.05,34.1563],[117.0415,34.153],[117.037,34.1638],[117.0279,34.1669],[117.0304,34.1581],[117.0121,34.1571],[117.0062,34.1528],[117.0014,34.1565],[116.9978,34.1457],[116.9754,34.1407],[116.9715,34.1466],[116.974,34.1545],[116.9674,34.1575],[116.971,34.169],[116.9765,34.1681],[116.9735,34.156],[116.9776,34.1549],[116.9895,34.1658],[116.9914,34.1723],[116.9737,34.1775],[116.9708,34.1835],[116.9744,34.1937],[116.9792,34.1972],[116.9864,34.1968],[116.9832,34.2064],[116.986,34.2165],[116.991,34.225],[117.0007,34.2327],[117.0034,34.221],[117.0163,34.2153],[117.0233,34.2233],[117.031,34.2272],[117.0261,34.2429],[117.021,34.2415],[117.0138,34.2442],[117.0171,34.2515],[117.012,34.2607],[116.9985,34.2561],[116.9931,34.2688],[116.9841,34.2727],[116.9783,34.271],[116.9774,34.2777],[116.9719,34.2855],[116.9713,34.2919],[116.9663,34.2993],[116.9725,34.3046],[116.9715,34.319],[116.9639,34.3201],[116.9664,34.3308],[116.9752,34.3412],[116.9777,34.3547],[116.9748,34.3598],[116.9679,34.3629],[116.9538,34.3656],[116.9563,34.3735],[116.9653,34.3928],[116.9528,34.3949],[116.9504,34.3935],[116.9163,34.4063],[116.9063,34.4027],[116.9029,34.4084],[116.8962,34.4108],[116.8944,34.4047],[116.8838,34.4062],[116.8722,34.4113],[116.8675,34.4072],[116.8667,34.3989],[116.8568,34.3944],[116.8509,34.3983],[116.8371,34.3971],[116.8274,34.3862],[116.82,34.3943],[116.8212,34.3985],[116.8079,34.4065],[116.7995,34.414],[116.7875,34.422],[116.7766,34.432],[116.777,34.4397],[116.7729,34.449],[116.7637,34.4544],[116.7543,34.4641],[116.7414,34.4687],[116.7403,34.4664],[116.7122,34.4714],[116.7078,34.475],[116.696,34.4736],[116.6732,34.4747],[116.6579,34.474],[116.6335,34.4831],[116.6141,34.4878],[116.5928,34.4872],[116.5839,34.4904],[116.5749,34.4861],[116.5677,34.4867],[116.5639,34.4925],[116.5659,34.4991],[116.5715,34.4998],[116.5798,34.4959],[116.5897,34.4968],[116.5955,34.5061],[116.5943,34.5134],[116.5877,34.5121],[116.5766,34.5165],[116.5767,34.5201],[116.5661,34.5308],[116.5583,34.5312],[116.5501,34.5369],[116.5502,34.5416],[116.5337,34.544],[116.5244,34.541],[116.5144,34.5441],[116.5201,34.5538],[116.5061,34.557],[116.5032,34.565],[116.4891,34.5663],[116.4903,34.5739],[116.4841,34.5795],[116.4869,34.5847],[116.4936,34.5847],[116.4955,34.5904],[116.4808,34.5903],[116.4775,34.5929],[116.4779,34.6039],[116.4758,34.6115],[116.462,34.6129],[116.4598,34.6177],[116.4512,34.623],[116.4384,34.6229],[116.4327,34.6265],[116.4322,34.6428],[116.4273,34.6462],[116.4249,34.6524],[116.4124,34.6515],[116.4061,34.6443],[116.3943,34.6471],[116.3915,34.6427],[116.386,34.6422],[116.3856,34.6322],[116.3733,34.6375],[116.3647,34.6326],[116.3645,34.6287],[116.3568,34.6281],[116.3465,34.6235],[116.3304,34.6229],[116.325,34.6178],[116.3255,34.6105],[116.3204,34.602],[116.3136,34.5985],[116.309,34.6009],[116.2971,34.6015],[116.2941,34.6067],[116.2806,34.6064],[116.2745,34.6029],[116.2748,34.5943],[116.2783,34.5936],[116.2771,34.5824],[116.2737,34.5832],[116.2551,34.5794],[116.2498,34.574],[116.2464,34.5668],[116.2434,34.553],[116.2291,34.5553],[116.2232,34.5585],[116.2182,34.5705],[116.2063,34.5779],[116.1961,34.5795],[116.1912,34.577],[116.195,34.5685],[116.1953,34.5606],[116.1912,34.5391],[116.1876,34.5375],[116.1871,34.5301],[116.1921,34.5242],[116.2015,34.5179],[116.1994,34.508],[116.1884,34.504],[116.1827,34.4946],[116.1761,34.4918],[116.1714,34.4805],[116.1717,34.4742],[116.1634,34.4739],[116.1535,34.4506],[116.1643,34.4454],[116.1753,34.4438],[116.1803,34.435],[116.1741,34.4265],[116.1905,34.4251],[116.1962,34.4147],[116.2131,34.4071],[116.2113,34.4019],[116.205,34.4016],[116.2067,34.3913],[116.2014,34.391],[116.2014,34.3831],[116.2055,34.3799],[116.219,34.3775],[116.2258,34.381],[116.2288,34.375],[116.2381,34.3744],[116.2507,34.3794],[116.2648,34.3718],[116.2717,34.3616],[116.2774,34.3599],[116.2939,34.3592],[116.2907,34.3528],[116.2992,34.3393],[116.304,34.3357],[116.3083,34.3395],[116.3178,34.3362],[116.3266,34.3261],[116.3379,34.3262],[116.3452,34.3281],[116.3525,34.323],[116.3518,34.3152],[116.3602,34.3134],[116.3698,34.2991],[116.3723,34.2925],[116.3651,34.2913],[116.3627,34.2832],[116.3583,34.2834],[116.3578,34.2749],[116.3689,34.2706],[116.3752,34.2741],[116.3885,34.2772],[116.4005,34.2776],[116.4106,34.2694],[116.4246,34.2719],[116.425,34.278],[116.4329,34.2868],[116.443,34.2897],[116.4496,34.2884],[116.4456,34.2818],[116.4467,34.2721],[116.4562,34.2712],[116.4722,34.2718],[116.4801,34.2851],[116.4865,34.2876],[116.4907,34.2941],[116.4971,34.2967],[116.5162,34.295],[116.5259,34.2901],[116.5289,34.293],[116.5404,34.2901],[116.5538,34.2903],[116.5607,34.2846],[116.5626,34.2799],[116.5774,34.2768],[116.5772,34.2678],[116.5611,34.252],[116.5558,34.2502],[116.5489,34.2435],[116.5414,34.2437],[116.5394,34.2333],[116.5423,34.2261],[116.5407,34.2157],[116.543,34.2085],[116.5403,34.198],[116.5497,34.1881],[116.5552,34.1875],[116.5563,34.1787],[116.5606,34.1752],[116.5573,34.1683],[116.5413,34.1672],[116.5453,34.1554],[116.5377,34.1525],[116.5295,34.1454],[116.529,34.1262],[116.5264,34.1234],[116.5297,34.1144],[116.5358,34.1108],[116.5342,34.0982],[116.5531,34.0986],[116.5556,34.0848],[116.5596,34.0851],[116.5597,34.0753],[116.5701,34.072],[116.5763,34.0566],[116.5824,34.0472],[116.5909,34.0412],[116.5988,34.0209],[116.6041,34.0193],[116.6228,34.0197],[116.627,34.0224],[116.639,34.0205],[116.6505,34.0208],[116.6783,34.014],[116.6862,34.0169],[116.6921,34.0114],[116.7273,34.0172],[116.7278,34.0147],[116.7446,34.0183],[116.7449,34.0135],[116.7779,34.0119],[116.776,34.0089],[116.7889,34.0062],[116.7969,33.9949],[116.8036,34.0031],[116.801,34.008],[116.8031,34.0132],[116.8021,34.0204],[116.7975,34.0331],[116.7998,34.0528],[116.8049,34.0697],[116.805,34.0819],[116.8126,34.0868],[116.8106,34.077],[116.8179,34.0646],[116.8288,34.0632],[116.8293,34.0683],[116.8385,34.0681],[116.8455,34.0823],[116.8704,34.0768],[116.8814,34.0775],[116.8802,34.0857],[116.8858,34.0853],[116.9046,34.0986],[116.9139,34.0998],[116.9162,34.0926],[116.9252,34.0875],[116.921,34.0804],[116.9313,34.0794],[116.9335,34.0815],[116.9489,34.0793],[116.9542,34.0844],[116.9665,34.0813],[116.9563,34.0657],[116.9433,34.0547],[116.942,34.0447],[116.9448,34.0396],[116.9427,34.0332],[116.9528,34.0326],[116.9664,34.027],[116.9631,34.0155],[116.9728,34.0082],[116.9697,34.0009],[116.972,33.995],[116.9677,33.9868],[116.961,33.9825],[116.9522,33.9697],[116.9657,33.9636],[116.9738,33.9626],[116.9761,33.9667],[116.9844,33.9645],[116.9849,33.9534],[116.9952,33.9463],[116.9887,33.9303],[116.9844,33.9283],[116.9908,33.9168],[116.9903,33.9108],[116.9824,33.9007],[116.9752,33.9023],[116.9694,33.8958],[116.96,33.8959],[116.955,33.8877],[116.9536,33.8815],[116.9542,33.8691],[116.9506,33.8628],[116.9524,33.8508],[116.945,33.8333],[116.9478,33.8263],[116.9445,33.8166],[116.9446,33.7899],[116.9407,33.7782],[116.9313,33.7745],[116.9362,33.7679],[116.9376,33.757],[116.9422,33.7515],[116.9338,33.7479],[116.9234,33.7499],[116.9263,33.733],[116.9321,33.7207],[116.9324,33.7135],[116.9302,33.7047],[116.9236,33.7028],[116.9224,33.6835],[116.9263,33.6839],[116.9275,33.6757],[116.9175,33.6737],[116.9129,33.676],[116.8964,33.6798],[116.8886,33.6877],[116.8843,33.6798],[116.878,33.6731],[116.8717,33.6752],[116.8644,33.6664],[116.8736,33.6627],[116.8714,33.6363],[116.8723,33.6312],[116.8539,33.6322],[116.8562,33.6249],[116.8534,33.6155],[116.8671,33.6138],[116.8621,33.5968],[116.8697,33.5937],[116.8709,33.5905],[116.8794,33.5909],[116.8897,33.5883],[116.8868,33.5793],[116.9005,33.5747],[116.9078,33.5787],[116.9219,33.5788],[116.9311,33.5807],[116.9245,33.5611],[116.9194,33.5531],[116.918,33.5438],[116.9085,33.5412],[116.908,33.533],[116.9027,33.5222],[116.8993,33.5081],[116.9063,33.5053],[116.9096,33.494],[116.9003,33.484],[116.8981,33.4786],[116.9153,33.4735],[116.925,33.4732],[116.924,33.4688],[116.9307,33.4559],[116.9391,33.4539],[116.9448,33.4561],[116.9576,33.4498],[116.963,33.4408],[116.9658,33.4279],[116.9618,33.4258],[116.9597,33.417],[116.9635,33.4126],[116.9585,33.4004],[116.9639,33.3978],[116.9642,33.3921],[116.9587,33.3894],[116.9556,33.3826],[116.9492,33.3794],[116.935,33.3792],[116.9335,33.373],[116.9261,33.3613],[116.9218,33.3617],[116.9197,33.3489],[116.9088,33.3437],[116.9158,33.339],[116.9144,33.3293],[116.9267,33.3253],[116.9282,33.3205],[116.9207,33.3111],[116.9387,33.3046],[116.9391,33.2955],[116.9458,33.2854],[116.9511,33.2845],[116.9565,33.2794],[116.9801,33.2754],[116.9827,33.2818],[116.998,33.2832],[117.0126,33.2798],[117.0133,33.2865],[117.0086,33.2894],[117.0112,33.2939],[117.0202,33.2938],[117.0241,33.2967],[117.0303,33.2949],[117.0559,33.2911],[117.0769,33.2862],[117.0772,33.2891],[117.0899,33.2864],[117.094,33.3124],[117.0865,33.3188],[117.0757,33.3201],[117.0746,33.3224],[117.0621,33.3197],[117.0599,33.3276],[117.062,33.3334],[117.068,33.334],[117.0739,33.3466],[117.0849,33.3459],[117.0919,33.3579],[117.0821,33.3611],[117.0802,33.3666],[117.0695,33.3697],[117.0557,33.3761],[117.0536,33.3715],[117.0458,33.373],[117.0553,33.3933],[117.0636,33.4011],[117.0791,33.408],[117.0874,33.4003],[117.0965,33.3985],[117.1086,33.3879],[117.1164,33.3859],[117.1199,33.3824],[117.1272,33.3885],[117.1352,33.4036],[117.1381,33.4115],[117.1285,33.4213],[117.1204,33.4235],[117.1242,33.4329],[117.1292,33.4363],[117.1364,33.4448],[117.1458,33.442],[117.1516,33.4559],[117.1552,33.4583],[117.1971,33.4253],[117.2023,33.4546],[117.2147,33.4533],[117.2209,33.4572],[117.2208,33.4705],[117.2237,33.4793],[117.2313,33.4809],[117.2355,33.4875],[117.2376,33.5019],[117.248,33.5007],[117.2495,33.4963],[117.2647,33.4928],[117.2725,33.4893],[117.274,33.4966],[117.3062,33.4929],[117.317,33.4749],[117.3236,33.476],[117.3497,33.4723],[117.3799,33.4623],[117.386,33.4581],[117.3956,33.4428],[117.3924,33.4354],[117.3927,33.4277],[117.3977,33.4205],[117.4053,33.414],[117.4074,33.4079],[117.4172,33.4019],[117.4249,33.3876],[117.4282,33.3755],[117.4358,33.3745],[117.4612,33.3557],[117.4702,33.3499],[117.4769,33.3476],[117.4976,33.3482],[117.5028,33.3435],[117.5103,33.3406],[117.5216,33.3391],[117.5347,33.3307],[117.5467,33.3283],[117.5495,33.3317],[117.5635,33.33],[117.5718,33.3241],[117.5832,33.3252],[117.605,33.3396],[117.6254,33.3432],[117.6325,33.3404],[117.6433,33.331],[117.6599,33.3294],[117.6676,33.3206],[117.6689,33.3123],[117.672,33.3084],[117.6842,33.307],[117.6893,33.2932],[117.6967,33.2909],[117.7079,33.2844],[117.7167,33.2822],[117.7252,33.2823],[117.7323,33.2758],[117.7533,33.2772],[117.7645,33.2827],[117.7886,33.2804],[117.8001,33.2754],[117.8041,33.2831],[117.8089,33.3013],[117.8442,33.2966],[117.8456,33.3011],[117.8544,33.3145],[117.8553,33.3281],[117.8661,33.3274],[117.8866,33.3293],[117.8883,33.333],[117.8977,33.3385],[117.9011,33.3457],[117.9078,33.3443],[117.9124,33.337],[117.9114,33.332],[117.9262,33.3321],[117.9383,33.3298],[117.9654,33.3316],[117.9732,33.3359]]]},"properties":{"region_code":"CN-34-3413","parent_region_code":"CN-34","name":"宿州市","level":"prefecture","has_children":true,"full_path":"中国 / 安徽省 / 宿州市","source_admin_code":"3413","osm_relation_id":3231858}},
{"type":"Feature","geometry":{"type":"Polygon","coordinates":[[[116.7573,31.9071],[116.7623,31.9121],[116.7595,31.9164],[116.7418,31.9169],[116.7232,31.9191],[116.7172,31.9214],[116.7056,31.9102],[116.7025,31.9038],[116.6813,31.9058],[116.6828,31.923],[116.6798,31.9365],[116.675,31.9427],[116.6801,31.9459],[116.6815,31.9517],[116.6774,31.9575],[116.6808,31.9613],[116.6775,31.9666],[116.6779,31.9758],[116.6713,31.9817],[116.6584,31.9817],[116.6509,31.9838],[116.6453,31.9901],[116.6361,31.9953],[116.628,31.9933],[116.6067,32.003],[116.5967,32.0092],[116.5924,32.0138],[116.5776,32.0212],[116.5576,32.0236],[116.5568,32.0276],[116.5408,32.0257],[116.5469,32.0442],[116.5459,32.0517],[116.5397,32.058],[116.5428,32.0732],[116.5415,32.0857],[116.5326,32.0974],[116.5275,32.1003],[116.5269,32.1061],[116.5203,32.1171],[116.527,32.1225],[116.5263,32.148],[116.5203,32.1565],[116.5131,32.1633],[116.5061,32.1749],[116.5061,32.1874],[116.5091,32.1938],[116.5166,32.2017],[116.5118,32.2078],[116.5007,32.2119],[116.4993,32.2177],[116.5069,32.2228],[116.5176,32.2273],[116.5249,32.2369],[116.527,32.2431],[116.519,32.2646],[116.5233,32.2671],[116.5252,32.273],[116.5187,32.2997],[116.5171,32.3173],[116.5085,32.3274],[116.5023,32.3451],[116.4836,32.3576],[116.4803,32.3626],[116.4772,32.3731],[116.4779,32.3838],[116.4805,32.3878],[116.4943,32.3993],[116.494,32.4052],[116.4879,32.408],[116.4803,32.4079],[116.4724,32.4117],[116.4787,32.418],[116.4816,32.4241],[116.4819,32.4314],[116.4736,32.4373],[116.4736,32.4401],[116.4395,32.451],[116.4253,32.4512],[116.4072,32.4447],[116.3991,32.4451],[116.3825,32.4533],[116.3498,32.4786],[116.3427,32.4873],[116.3337,32.5085],[116.3252,32.5202],[116.3167,32.5242],[116.2971,32.5254],[116.2664,32.522],[116.2637,32.5202],[116.2641,32.5059],[116.2629,32.4991],[116.2592,32.4954],[116.242,32.4857],[116.2413,32.4798],[116.2485,32.4639],[116.2456,32.4577],[116.2404,32.4597],[116.2385,32.4659],[116.2329,32.4682],[116.2201,32.4628],[116.2118,32.4656],[116.2072,32.4633],[116.2082,32.4532],[116.2025,32.4503],[116.1904,32.4558],[116.1835,32.4517],[116.1779,32.432],[116.1693,32.4287],[116.1672,32.4383],[116.1631,32.4424],[116.1517,32.4407],[116.144,32.4451],[116.1424,32.4563],[116.1352,32.4649],[116.1209,32.4708],[116.1177,32.4738],[116.1017,32.5082],[116.0988,32.5215],[116.0945,32.5335],[116.0851,32.5424],[116.0371,32.5543],[116.0294,32.5637],[116.0259,32.579],[116.0211,32.5904],[116.0163,32.5951],[115.9924,32.6069],[115.9712,32.6083],[115.9635,32.6069],[115.9572,32.6029],[115.9474,32.5882],[115.9238,32.5697],[115.9137,32.5681],[115.9048,32.5693],[115.8969,32.561],[115.8707,32.5446],[115.8692,32.5311],[115.8665,32.5275],[115.8509,32.5201],[115.8416,32.5113],[115.8395,32.505],[115.8586,32.508],[115.8683,32.5059],[115.8696,32.5005],[115.877,32.494],[115.8763,32.477],[115.868,32.4726],[115.8593,32.4649],[115.8627,32.4587],[115.871,32.4607],[115.8796,32.4535],[115.8743,32.4346],[115.8792,32.4325],[115.8844,32.4259],[115.883,32.4212],[115.8873,32.4075],[115.8939,32.3941],[115.8929,32.3762],[115.8942,32.3623],[115.8923,32.3487],[115.8951,32.3427],[115.8995,32.3411],[115.9038,32.3276],[115.8989,32.3224],[115.904,32.3188],[115.8969,32.304],[115.9067,32.2985],[115.9051,32.2817],[115.9123,32.2786],[115.9182,32.2689],[115.9139,32.2661],[115.9147,32.2612],[115.9075,32.2513],[115.9092,32.241],[115.9075,32.2333],[115.9153,32.208],[115.9177,32.1924],[115.9247,32.1885],[115.9283,32.1826],[115.9278,32.1777],[115.9332,32.1726],[115.9339,32.1638],[115.9307,32.157],[115.9341,32.1483],[115.9303,32.1294],[115.9268,32.1241],[115.9267,32.1163],[115.9214,32.1072],[115.9257,32.0976],[115.9266,32.0898],[115.93,32.0845],[115.9377,32.081],[115.9374,32.0735],[115.9335,32.0703],[115.9322,32.0625],[115.9175,32.0545],[115.919,32.0448],[115.9226,32.0389],[115.9141,32.0304],[115.9225,32.0261],[115.9222,32.0098],[115.9281,32.0039],[115.9268,31.9977],[115.9206,31.9992],[115.9169,31.992],[115.9193,31.9836],[115.9137,31.9768],[115.9094,31.9666],[115.9087,31.9593],[115.9045,31.9553],[115.9044,31.9452],[115.9118,31.9412],[115.9138,31.9361],[115.9107,31.9328],[115.9173,31.9203],[115.9144,31.9113],[115.9028,31.8934],[115.9007,31.8841],[115.8928,31.8803],[115.8957,31.8707],[115.8905,31.8647],[115.8908,31.8523],[115.8881,31.8394],[115.8938,31.8323],[115.9008,31.8307],[115.9102,31.8198],[115.9075,31.8014],[115.9049,31.7948],[115.8962,31.7943],[115.8879,31.7885],[115.8804,31.7774],[115.851,31.7772],[115.8471,31.7863],[115.8431,31.7876],[115.8344,31.7763],[115.8265,31.78],[115.8111,31.7643],[115.803,31.7686],[115.7987,31.7737],[115.7891,31.7756],[115.7854,31.7817],[115.766,31.7878],[115.7589,31.7851],[115.7431,31.7833],[115.7352,31.7849],[115.7353,31.7778],[115.7296,31.7785],[115.7291,31.7716],[115.734,31.7673],[115.7292,31.7631],[115.7201,31.7672],[115.716,31.7651],[115.7055,31.7738],[115.6972,31.7691],[115.6879,31.7727],[115.6862,31.7779],[115.6766,31.7818],[115.6717,31.7805],[115.6688,31.7751],[115.6579,31.7631],[115.6338,31.7596],[115.627,31.7498],[115.6176,31.7418],[115.6113,31.7403],[115.5952,31.7334],[115.5899,31.7269],[115.5808,31.7236],[115.5809,31.717],[115.5691,31.7108],[115.5628,31.7116],[115.5506,31.7028],[115.5486,31.6974],[115.53,31.7007],[115.5247,31.7003],[115.5137,31.6927],[115.5094,31.6846],[115.4985,31.6797],[115.4943,31.6754],[115.4889,31.6749],[115.4877,31.6663],[115.4805,31.6615],[115.4818,31.6561],[115.4788,31.6493],[115.4721,31.6471],[115.4757,31.639],[115.4864,31.6231],[115.482,31.6121],[115.465,31.6056],[115.4545,31.6001],[115.4499,31.5958],[115.4429,31.5954],[115.4324,31.5884],[115.4339,31.5796],[115.4283,31.5755],[115.4235,31.5668],[115.4268,31.5624],[115.4241,31.5479],[115.421,31.5452],[115.418,31.5358],[115.4129,31.5275],[115.4047,31.5206],[115.3913,31.5156],[115.3863,31.5078],[115.3755,31.5051],[115.3686,31.5008],[115.3664,31.4929],[115.37,31.4872],[115.3692,31.4802],[115.3731,31.4766],[115.3717,31.4719],[115.3758,31.4683],[115.3766,31.4625],[115.3835,31.4514],[115.3807,31.446],[115.3811,31.4359],[115.3784,31.4317],[115.3798,31.4223],[115.3783,31.4169],[115.3705,31.4133],[115.3692,31.4066],[115.3763,31.3998],[115.3869,31.3934],[115.3864,31.3873],[115.3801,31.384],[115.3772,31.3758],[115.37,31.3736],[115.3761,31.366],[115.3743,31.3565],[115.3663,31.3518],[115.3843,31.3417],[115.3906,31.3456],[115.4021,31.3391],[115.4118,31.3426],[115.4143,31.3516],[115.4236,31.3483],[115.4282,31.3506],[115.4374,31.3469],[115.4401,31.3419],[115.4419,31.3218],[115.4459,31.3146],[115.45,31.3131],[115.458,31.3203],[115.4591,31.3102],[115.4553,31.3071],[115.4555,31.2949],[115.4514,31.2863],[115.453,31.2818],[115.4616,31.2778],[115.4646,31.2698],[115.4694,31.2651],[115.4768,31.2669],[115.4802,31.2705],[115.4938,31.2671],[115.496,31.2627],[115.5064,31.2712],[115.5153,31.2658],[115.5289,31.2429],[115.5354,31.2363],[115.5377,31.2288],[115.535,31.2127],[115.5289,31.2057],[115.5305,31.1992],[115.5373,31.1941],[115.5422,31.1963],[115.5417,31.1851],[115.5499,31.1768],[115.5535,31.1755],[115.549,31.1665],[115.5527,31.1636],[115.564,31.1602],[115.5731,31.1521],[115.5788,31.145],[115.5886,31.1477],[115.5927,31.1544],[115.5921,31.1596],[115.5987,31.1608],[115.6002,31.1694],[115.614,31.1832],[115.627,31.1847],[115.6305,31.1871],[115.6384,31.2042],[115.6389,31.2185],[115.6406,31.2218],[115.6569,31.2191],[115.6591,31.2103],[115.6708,31.2116],[115.6855,31.2038],[115.6958,31.2052],[115.7083,31.2006],[115.7069,31.1863],[115.727,31.1784],[115.7302,31.1686],[115.7293,31.1577],[115.7416,31.1558],[115.7469,31.1458],[115.7586,31.1334],[115.7639,31.119],[115.763,31.1133],[115.7718,31.1055],[115.7827,31.1155],[115.7831,31.1229],[115.7941,31.129],[115.8076,31.1287],[115.8143,31.1265],[115.8232,31.1267],[115.8412,31.1314],[115.8411,31.1366],[115.8492,31.1423],[115.849,31.1453],[115.8679,31.1507],[115.8745,31.1503],[115.8802,31.1442],[115.8833,31.1339],[115.8889,31.1285],[115.8831,31.1208],[115.8876,31.1168],[115.8854,31.1077],[115.8923,31.0962],[115.8987,31.091],[115.9087,31.0933],[115.9179,31.088],[115.9169,31.0817],[115.9249,31.0748],[115.9396,31.0711],[115.9421,31.0649],[115.9355,31.0463],[115.9411,31.0423],[115.9492,31.0455],[115.9575,31.0406],[115.968,31.0405],[115.9763,31.045],[115.9833,31.0383],[115.9869,31.0401],[115.9922,31.035],[116.0006,31.0357],[116.0042,31.0297],[116.003,31.0205],[116.0106,31.0143],[116.0198,31.0153],[116.026,31.0106],[116.034,31.0181],[116.0406,31.0167],[116.0405,31.0279],[116.0464,31.0432],[116.0441,31.0506],[116.0459,31.054],[116.058,31.0637],[116.0592,31.0721],[116.0642,31.0758],[116.07,31.0748],[116.0894,31.0876],[116.0878,31.0927],[116.0958,31.0974],[116.1058,31.09],[116.1183,31.0907],[116.1341,31.0971],[116.1526,31.1017],[116.1611,31.1021],[116.1645,31.097],[116.1711,31.0956],[116.1762,31.0839],[116.1747,31.076],[116.1813,31.0624],[116.1995,31.0598],[116.211,31.0617],[116.2219,31.0671],[116.2287,31.0763],[116.2408,31.081],[116.2523,31.0833],[116.2581,31.087],[116.263,31.101],[116.2727,31.1071],[116.2874,31.1204],[116.2972,31.122],[116.3015,31.1313],[116.3003,31.1391],[116.3146,31.148],[116.3258,31.1477],[116.3318,31.1528],[116.3376,31.1542],[116.3414,31.168],[116.3466,31.1687],[116.3549,31.176],[116.3588,31.1761],[116.3649,31.1693],[116.373,31.1723],[116.3778,31.1668],[116.3885,31.1642],[116.394,31.1667],[116.4061,31.1674],[116.416,31.1592],[116.4282,31.1454],[116.429,31.1317],[116.4346,31.1284],[116.4424,31.1296],[116.4486,31.1268],[116.4615,31.1374],[116.4715,31.1376],[116.4823,31.1426],[116.4888,31.1487],[116.4968,31.1435],[116.5019,31.1437],[116.5087,31.1568],[116.5201,31.1653],[116.5254,31.1733],[116.5325,31.1766],[116.5328,31.1818],[116.5381,31.1849],[116.5473,31.183],[116.5515,31.1737],[116.5472,31.1676],[116.5471,31.1588],[116.5539,31.1495],[116.5511,31.145],[116.5508,31.1373],[116.5539,31.1288],[116.5517,31.1225],[116.5574,31.1144],[116.5558,31.1067],[116.551,31.1052],[116.5489,31.0998],[116.5419,31.0939],[116.5422,31.0886],[116.5358,31.0805],[116.5315,31.0711],[116.5329,31.0673],[116.5276,31.0593],[116.5297,31.0502],[116.5271,31.0464],[116.5256,31.0289],[116.5283,31.0213],[116.541,31.0237],[116.5541,31.0345],[116.5534,31.0406],[116.5581,31.0446],[116.5599,31.0502],[116.5666,31.0534],[116.5764,31.0549],[116.584,31.0511],[116.5893,31.0588],[116.5994,31.0627],[116.5999,31.0668],[116.607,31.0689],[116.6091,31.0776],[116.6164,31.0782],[116.6206,31.0726],[116.6352,31.0667],[116.6427,31.0604],[116.6443,31.0535],[116.6567,31.0573],[116.6662,31.0677],[116.6815,31.0554],[116.6831,31.0501],[116.6944,31.046],[116.7032,31.0459],[116.7084,31.0506],[116.7156,31.0627],[116.7261,31.0624],[116.7329,31.0655],[116.7436,31.0627],[116.7538,31.0717],[116.76,31.0707],[116.7647,31.0731],[116.7732,31.0723],[116.78,31.0668],[116.7876,31.0695],[116.8003,31.0859],[116.8122,31.0898],[116.8193,31.102],[116.8317,31.1043],[116.8381,31.1086],[116.8368,31.1184],[116.8306,31.1204],[116.8306,31.1263],[116.8379,31.1317],[116.8461,31.1279],[116.8603,31.1325],[116.8767,31.1304],[116.8811,31.1347],[116.8984,31.1406],[116.901,31.1446],[116.9149,31.1543],[116.9169,31.1616],[116.9253,31.1638],[116.9384,31.1622],[116.9414,31.172],[116.9387,31.1767],[116.941,31.1834],[116.9461,31.1854],[116.9521,31.1961],[116.9525,31.2018],[116.9598,31.2099],[116.9561,31.2139],[116.961,31.2175],[116.9582,31.2213],[116.9612,31.2267],[116.9578,31.2322],[116.962,31.2353],[116.9687,31.2352],[116.9726,31.2479],[116.9865,31.2531],[116.9892,31.2581],[116.9943,31.2581],[116.9988,31.2674],[117.0131,31.2713],[117.0142,31.2673],[117.0214,31.2601],[117.0285,31.2601],[117.0412,31.2701],[117.0419,31.2776],[117.0391,31.2845],[117.0417,31.2913],[117.0588,31.2899],[117.0623,31.2908],[117.0679,31.3052],[117.0682,31.3111],[117.0639,31.3164],[117.0662,31.3316],[117.0731,31.3444],[117.0721,31.3584],[117.0673,31.3699],[117.0805,31.3867],[117.0837,31.3933],[117.0842,31.4028],[117.0883,31.4079],[117.0877,31.4126],[117.0919,31.4169],[117.0988,31.4314],[117.1028,31.4318],[117.1103,31.4444],[117.1147,31.4483],[117.119,31.46],[117.1237,31.4606],[117.1338,31.4722],[117.1426,31.4793],[117.1411,31.4849],[117.1771,31.493],[117.1956,31.4935],[117.2037,31.4905],[117.2294,31.4919],[117.2384,31.4945],[117.2499,31.5037],[117.2365,31.5122],[117.2314,31.5206],[117.2364,31.5246],[117.2303,31.5287],[117.2239,31.5456],[117.2196,31.5468],[117.2143,31.5424],[117.2086,31.5442],[117.1944,31.5533],[117.189,31.5547],[117.1485,31.5473],[117.1432,31.5555],[117.1343,31.5571],[117.1293,31.5545],[117.1276,31.5461],[117.1189,31.5467],[117.1082,31.5436],[117.0973,31.5467],[117.0872,31.5478],[117.0772,31.5547],[117.0625,31.554],[117.0575,31.5516],[117.048,31.5425],[117.0461,31.5376],[117.0374,31.5397],[117.0361,31.5438],[117.0245,31.5465],[117.0147,31.5511],[117.0103,31.548],[116.9993,31.551],[116.9973,31.558],[116.9988,31.5625],[116.9904,31.5636],[116.9829,31.5597],[116.9894,31.5507],[116.9855,31.5399],[116.9765,31.5383],[116.9713,31.5425],[116.9654,31.5362],[116.9531,31.5393],[116.9451,31.5378],[116.9314,31.5418],[116.9265,31.5388],[116.9052,31.5347],[116.8762,31.5394],[116.8661,31.5352],[116.8632,31.5311],[116.8564,31.5338],[116.8464,31.5271],[116.8352,31.5287],[116.8263,31.5213],[116.8201,31.5229],[116.8106,31.5342],[116.8024,31.5373],[116.7989,31.5416],[116.7841,31.5468],[116.7867,31.5546],[116.7735,31.558],[116.7597,31.5728],[116.7582,31.5846],[116.7626,31.5879],[116.7607,31.5995],[116.7631,31.6177],[116.7624,31.6242],[116.756,31.6394],[116.7513,31.645],[116.7533,31.6572],[116.7577,31.6624],[116.7637,31.665],[116.763,31.6709],[116.7549,31.6799],[116.7553,31.6843],[116.7613,31.6942],[116.7589,31.7034],[116.7625,31.7142],[116.7602,31.7184],[116.7502,31.7136],[116.745,31.7181],[116.7429,31.7249],[116.7492,31.7268],[116.7568,31.7381],[116.7479,31.7425],[116.758,31.7594],[116.7598,31.7683],[116.7511,31.7739],[116.743,31.7714],[116.7288,31.7784],[116.7334,31.7829],[116.7328,31.7871],[116.7249,31.7863],[116.7211,31.7818],[116.7128,31.7814],[116.7116,31.7896],[116.7055,31.8004],[116.6957,31.8066],[116.687,31.8154],[116.683,31.8216],[116.6934,31.8205],[116.6971,31.8312],[116.7067,31.8345],[116.7061,31.8418],[116.7119,31.8442],[116.7203,31.841],[116.7283,31.8428],[116.7321,31.8522],[116.7365,31.8533],[116.7377,31.8599],[116.734,31.8648],[116.7285,31.8605],[116.7174,31.8621],[116.7192,31.8694],[116.7159,31.8782],[116.7119,31.8811],[116.7125,31.8876],[116.7251,31.8849],[116.7274,31.8956],[116.7365,31.8956],[116.7434,31.8899],[116.7438,31.8987],[116.7523,31.9024],[116.7573,31.9071]]]},"properties":{"region_code":"CN-34-3415","parent_region_code":"CN-34","name":"六安市","level":"prefecture","has_children":true,"full_path":"中国 / 安徽省 / 六安市","source_admin_code":"3415","osm_relation_id":3243393}},
{"type":"Feature","geometry":{"type":"Polygon","coordinates":[[[116.8028,33.3053],[116.7956,33.3059],[116.7868,33.3154],[116.787,33.3228],[116.7828,33.3263],[116.7864,33.3376],[116.7801,33.3473],[116.7858,33.3532],[116.7861,33.3644],[116.7883,33.3784],[116.7926,33.381],[116.7928,33.3899],[116.7906,33.4073],[116.7954,33.417],[116.7922,33.423],[116.784,33.4255],[116.7824,33.43],[116.7642,33.4309],[116.7622,33.436],[116.7508,33.4367],[116.7449,33.441],[116.7454,33.4502],[116.7429,33.4529],[116.7323,33.4542],[116.7214,33.4536],[116.7146,33.4565],[116.7141,33.4676],[116.7116,33.4712],[116.6906,33.4754],[116.6653,33.4772],[116.6441,33.4796],[116.6415,33.4826],[116.6323,33.4847],[116.5798,33.4788],[116.5805,33.4682],[116.5727,33.4689],[116.5432,33.4666],[116.5301,33.4702],[116.5293,33.4832],[116.5327,33.4899],[116.5263,33.4983],[116.5275,33.5038],[116.5324,33.5047],[116.5317,33.5196],[116.5294,33.5271],[116.5237,33.5284],[116.5233,33.5453],[116.5209,33.5532],[116.526,33.5703],[116.538,33.5703],[116.5353,33.5861],[116.5446,33.5869],[116.5493,33.5921],[116.5449,33.5987],[116.5397,33.5996],[116.5373,33.6095],[116.5281,33.6153],[116.5162,33.6159],[116.4995,33.6196],[116.496,33.6242],[116.4985,33.6336],[116.4902,33.6404],[116.4872,33.6472],[116.4757,33.6534],[116.4737,33.6577],[116.4794,33.6705],[116.4874,33.6704],[116.4915,33.6854],[116.4869,33.6917],[116.4795,33.6925],[116.473,33.7118],[116.469,33.7157],[116.4586,33.7185],[116.4574,33.7312],[116.4545,33.7354],[116.4293,33.7413],[116.4299,33.7491],[116.4337,33.7629],[116.425,33.764],[116.4161,33.7626],[116.4004,33.7633],[116.4026,33.7751],[116.3981,33.7788],[116.3912,33.7791],[116.3891,33.7854],[116.3825,33.786],[116.3751,33.7795],[116.3657,33.7815],[116.3588,33.778],[116.3442,33.7799],[116.3326,33.7839],[116.3262,33.7778],[116.3252,33.7733],[116.3165,33.7689],[116.3089,33.7672],[116.2981,33.753],[116.284,33.7563],[116.2731,33.7542],[116.2672,33.7497],[116.266,33.7394],[116.2601,33.7396],[116.2587,33.7293],[116.249,33.7271],[116.2359,33.7357],[116.2343,33.7452],[116.2275,33.7442],[116.2224,33.7393],[116.216,33.738],[116.2231,33.73],[116.2171,33.7227],[116.1937,33.7259],[116.1874,33.7199],[116.1848,33.7109],[116.1757,33.7076],[116.1618,33.7096],[116.1569,33.7122],[116.1503,33.709],[116.1494,33.7213],[116.1445,33.7257],[116.136,33.726],[116.1341,33.7311],[116.1356,33.7399],[116.127,33.7454],[116.1255,33.7533],[116.1042,33.7595],[116.0978,33.7654],[116.0958,33.7816],[116.0941,33.7837],[116.0757,33.7837],[116.0721,33.7817],[116.0646,33.7845],[116.0694,33.7948],[116.0597,33.7973],[116.0608,33.8019],[116.0494,33.8073],[116.0557,33.8131],[116.0531,33.822],[116.0387,33.8224],[116.0418,33.8324],[116.0522,33.8303],[116.0579,33.8346],[116.0541,33.8377],[116.06,33.8483],[116.0528,33.8505],[116.0476,33.8549],[116.0467,33.8659],[116.0396,33.874],[116.0253,33.8803],[116.0201,33.8894],[116.0099,33.8886],[116.006,33.9004],[115.9949,33.9032],[115.9793,33.9026],[115.9828,33.9141],[115.9745,33.9152],[115.9761,33.9249],[115.9716,33.9285],[115.9871,33.9362],[115.9886,33.9486],[115.9859,33.9506],[115.9988,33.9591],[115.9953,33.9693],[115.9844,33.9776],[115.9801,33.9927],[115.9737,33.9958],[115.962,33.9975],[115.9569,34.0056],[115.9458,34.0041],[115.9335,34.0055],[115.9303,34.009],[115.9216,34.0117],[115.913,34.0096],[115.9123,34.005],[115.9065,34.0017],[115.901,34.0026],[115.8972,34.009],[115.8984,34.0134],[115.8875,34.0179],[115.8869,34.028],[115.8745,34.0305],[115.8707,34.0242],[115.8712,34.0056],[115.8458,34.0062],[115.848,34.0185],[115.845,34.0306],[115.8308,34.0338],[115.8302,34.0394],[115.823,34.0425],[115.8208,34.0471],[115.8111,34.0513],[115.8128,34.0613],[115.8028,34.0656],[115.7866,34.0667],[115.7773,34.072],[115.7723,34.0637],[115.7651,34.0617],[115.7529,34.0618],[115.7535,34.07],[115.7357,34.0734],[115.7365,34.0801],[115.7269,34.0811],[115.7196,34.0707],[115.7108,34.0694],[115.7103,34.0654],[115.6928,34.0676],[115.6883,34.0655],[115.6793,34.068],[115.6709,34.0603],[115.6601,34.0598],[115.6568,34.0649],[115.6493,34.0647],[115.6466,34.058],[115.6541,34.0552],[115.6505,34.0512],[115.6436,34.0522],[115.6427,34.0448],[115.6458,34.0353],[115.6418,34.0331],[115.6315,34.0328],[115.6282,34.0358],[115.6135,34.0335],[115.5987,34.0351],[115.5972,34.0231],[115.6007,34.0164],[115.5988,34.012],[115.5836,34.0139],[115.5831,34.0012],[115.5772,33.9915],[115.5867,33.9883],[115.5854,33.9803],[115.5722,33.9752],[115.5711,33.9641],[115.5719,33.9511],[115.5653,33.9509],[115.5633,33.9456],[115.5658,33.9346],[115.5574,33.9317],[115.5539,33.9163],[115.5641,33.9108],[115.5618,33.9064],[115.5477,33.906],[115.5472,33.9015],[115.5536,33.8959],[115.5508,33.8905],[115.5406,33.8933],[115.5408,33.8766],[115.5481,33.8785],[115.5587,33.8732],[115.5653,33.8779],[115.5743,33.8785],[115.5855,33.8703],[115.6006,33.869],[115.6045,33.8724],[115.6229,33.8762],[115.6272,33.8688],[115.6223,33.8586],[115.6276,33.8585],[115.6314,33.8425],[115.622,33.8406],[115.6202,33.8374],[115.6208,33.8251],[115.6079,33.8209],[115.6161,33.8148],[115.6128,33.8066],[115.6143,33.7943],[115.611,33.794],[115.6082,33.7775],[115.5819,33.787],[115.5754,33.7913],[115.5698,33.789],[115.5591,33.7781],[115.5568,33.7713],[115.5652,33.77],[115.5719,33.7581],[115.5724,33.7505],[115.5784,33.7498],[115.5858,33.7397],[115.5929,33.7331],[115.5928,33.7244],[115.5973,33.7226],[115.5965,33.7164],[115.5923,33.7106],[115.5897,33.6991],[115.5966,33.697],[115.5909,33.6788],[115.598,33.6761],[115.5955,33.6679],[115.5968,33.6592],[115.6033,33.6472],[115.6127,33.6339],[115.619,33.6282],[115.6294,33.6016],[115.6353,33.5835],[115.6459,33.5461],[115.6555,33.5313],[115.6719,33.5096],[115.6753,33.5076],[115.6867,33.5086],[115.6919,33.5108],[115.7004,33.5096],[115.7154,33.5124],[115.7442,33.5011],[115.7467,33.4972],[115.7633,33.4927],[115.7683,33.4863],[115.7809,33.4827],[115.7903,33.4706],[115.8073,33.4669],[115.8254,33.4531],[115.8317,33.4542],[115.8431,33.4526],[115.8495,33.4442],[115.865,33.4282],[115.8749,33.4198],[115.8774,33.4151],[115.8871,33.4096],[115.8868,33.405],[115.8932,33.4015],[115.8936,33.3929],[115.8889,33.3843],[115.8922,33.382],[115.8928,33.3743],[115.89,33.3682],[115.8941,33.3571],[115.9051,33.3448],[115.9089,33.3312],[115.9156,33.3202],[115.9145,33.3159],[115.9211,33.3138],[115.9195,33.3065],[115.9226,33.3015],[115.9102,33.2984],[115.9129,33.2851],[115.9075,33.2817],[115.9082,33.2648],[115.9045,33.2587],[115.903,33.251],[115.9048,33.2454],[115.915,33.2448],[115.9135,33.2361],[115.9185,33.2357],[115.919,33.2284],[115.9134,33.2252],[115.9114,33.2168],[115.8785,33.2472],[115.8588,33.2539],[115.8492,33.2604],[115.8303,33.2648],[115.8311,33.2508],[115.8276,33.2454],[115.8272,33.2353],[115.8334,33.2345],[115.829,33.2183],[115.8291,33.2124],[115.8403,33.2039],[115.8486,33.2021],[115.8452,33.1914],[115.8327,33.181],[115.8282,33.1806],[115.8277,33.1704],[115.8185,33.1627],[115.821,33.1571],[115.826,33.1585],[115.8439,33.1565],[115.846,33.1536],[115.8458,33.138],[115.8392,33.1399],[115.8351,33.1347],[115.8372,33.1271],[115.8484,33.1245],[115.8538,33.128],[115.8615,33.1275],[115.8638,33.1231],[115.8734,33.1266],[115.8733,33.1206],[115.8678,33.114],[115.867,33.1047],[115.8619,33.1045],[115.8647,33.0968],[115.886,33.0926],[115.8907,33.0971],[115.9023,33.0919],[115.9182,33.0903],[115.9246,33.0993],[115.9283,33.1002],[115.9315,33.0913],[115.9299,33.087],[115.9504,33.0866],[115.9592,33.083],[115.9563,33.0754],[115.9679,33.0687],[115.9698,33.0749],[115.9765,33.077],[115.9804,33.0686],[115.9861,33.0641],[115.9954,33.0639],[116.0124,33.06],[116.0132,33.0531],[116.0078,33.0519],[116.0075,33.0448],[116.0154,33.0479],[116.0219,33.0468],[116.0274,33.0503],[116.0354,33.051],[116.0456,33.0462],[116.0486,33.0383],[116.0496,33.0294],[116.0451,33.0239],[116.0511,33.018],[116.0576,33.0154],[116.0585,33.008],[116.0484,33.0049],[116.0424,32.9976],[116.0658,32.9839],[116.0683,32.9876],[116.0805,32.9889],[116.1003,32.9849],[116.1058,32.9866],[116.1193,32.9851],[116.1195,32.9784],[116.1272,32.9804],[116.1294,32.9841],[116.139,32.9826],[116.1451,32.9755],[116.1484,32.9774],[116.1633,32.9685],[116.16,32.9613],[116.1625,32.952],[116.1625,32.9428],[116.1727,32.9256],[116.1858,32.9179],[116.1916,32.9025],[116.1967,32.897],[116.2031,32.894],[116.2205,32.8929],[116.2237,32.8885],[116.2366,32.8917],[116.2469,32.8885],[116.2464,32.8838],[116.24,32.8804],[116.2399,32.8709],[116.2481,32.8724],[116.2588,32.8707],[116.2579,32.8624],[116.2769,32.8611],[116.2863,32.8567],[116.2888,32.8605],[116.3038,32.8653],[116.318,32.8672],[116.3199,32.8705],[116.3421,32.8764],[116.356,32.886],[116.3556,32.8927],[116.3663,32.9009],[116.369,32.8965],[116.3824,32.8975],[116.3884,32.8961],[116.386,32.9031],[116.3891,32.913],[116.3858,32.9146],[116.3825,32.9231],[116.3624,32.9363],[116.3584,32.9321],[116.3532,32.9345],[116.363,32.9418],[116.3613,32.9494],[116.3644,32.9549],[116.3648,32.9644],[116.3701,32.9662],[116.3729,32.9806],[116.3712,32.9941],[116.3759,33.0073],[116.4446,32.9855],[116.5155,32.9706],[116.6131,32.9459],[116.6304,32.9429],[116.6418,32.9423],[116.672,32.9423],[116.7004,32.9387],[116.7254,32.9317],[116.7276,32.9365],[116.7374,32.9406],[116.7348,32.9454],[116.7439,32.9466],[116.7365,32.9552],[116.7349,32.9697],[116.746,32.9776],[116.7527,32.9935],[116.7485,33.0029],[116.7605,33.008],[116.7703,32.999],[116.7895,32.9972],[116.7967,33.0016],[116.7999,32.9977],[116.8061,32.9967],[116.8135,33.0005],[116.8109,33.0222],[116.8046,33.0301],[116.7982,33.0339],[116.7925,33.0337],[116.7871,33.0397],[116.7879,33.0447],[116.7829,33.0483],[116.7761,33.049],[116.7696,33.0462],[116.7597,33.0513],[116.7486,33.055],[116.7442,33.0588],[116.7437,33.0701],[116.7463,33.0782],[116.751,33.0854],[116.7562,33.0853],[116.7564,33.0928],[116.7633,33.0947],[116.7635,33.1089],[116.7622,33.115],[116.7534,33.126],[116.752,33.1332],[116.7558,33.1369],[116.7606,33.1486],[116.7653,33.1466],[116.7793,33.164],[116.7886,33.1741],[116.7942,33.1669],[116.8055,33.1573],[116.8131,33.1591],[116.8193,33.1783],[116.8124,33.1819],[116.8144,33.1965],[116.8172,33.1961],[116.8239,33.2156],[116.82,33.2164],[116.8155,33.2377],[116.8189,33.2449],[116.8081,33.252],[116.8054,33.2707],[116.8032,33.2769],[116.7955,33.2766],[116.7904,33.2793],[116.7921,33.2882],[116.7963,33.2983],[116.8028,33.3053]]]},"properties":{"region_code":"CN-34-3416","parent_region_code":"CN-34","name":"亳州市","level":"prefecture","has_children":true,"full_path":"中国 / 安徽省 / 亳州市","source_admin_code":"3416","osm_relation_id":3245950}},
{"type":"Feature","geometry":{"type":"Polygon","coordinates":[[[117.98,30.846],[117.9728,30.8427],[117.9583,30.8281],[117.9561,30.8207],[117.947,30.8219],[117.9496,30.8281],[117.9473,30.8335],[117.9417,30.8322],[117.935,30.8413],[117.929,30.8418],[117.9233,30.8361],[117.9138,30.8226],[117.9059,30.8162],[117.8946,30.812],[117.8878,30.8163],[117.8793,30.816],[117.8658,30.805],[117.8562,30.8046],[117.8476,30.7925],[117.8399,30.7893],[117.8408,30.7821],[117.839,30.7713],[117.8244,30.7686],[117.8138,30.7618],[117.8085,30.7632],[117.7979,30.76],[117.7907,30.7515],[117.7791,30.7519],[117.7769,30.755],[117.7799,30.764],[117.7765,30.7663],[117.7659,30.7647],[117.7526,30.7645],[117.7538,30.7756],[117.746,30.7816],[117.752,30.7895],[117.7531,30.7964],[117.7495,30.806],[117.7414,30.8071],[117.7383,30.81],[117.7193,30.7959],[117.6982,30.7882],[117.6956,30.7901],[117.6959,30.8067],[117.6783,30.7963],[117.6679,30.7855],[117.646,30.7794],[117.6079,30.7706],[117.5709,30.7579],[117.5477,30.7482],[117.5343,30.7403],[117.5131,30.73],[117.4982,30.7242],[117.4934,30.707],[117.487,30.696],[117.4809,30.6887],[117.4686,30.6813],[117.4581,30.6795],[117.4311,30.6822],[117.4235,30.6846],[117.3871,30.6893],[117.3782,30.6915],[117.3678,30.6967],[117.342,30.6913],[117.3196,30.6839],[117.3046,30.6777],[117.3015,30.6716],[117.2951,30.6689],[117.291,30.6711],[117.2745,30.6615],[117.2616,30.6566],[117.2473,30.6488],[117.236,30.644],[117.2255,30.6361],[117.2213,30.6305],[117.2206,30.6221],[117.2225,30.6132],[117.2426,30.5917],[117.2461,30.5819],[117.2469,30.5664],[117.2388,30.5375],[117.2342,30.5172],[117.2289,30.4998],[117.2248,30.4928],[117.2137,30.4812],[117.1991,30.4728],[117.1892,30.4707],[117.1733,30.4731],[117.1576,30.4794],[117.1308,30.4928],[117.1243,30.4973],[117.0933,30.4985],[117.0632,30.4989],[117.0202,30.4956],[117.0064,30.4894],[116.9678,30.4584],[116.9488,30.4471],[116.9408,30.4439],[116.9257,30.4415],[116.9099,30.4285],[116.8981,30.441],[116.8916,30.438],[116.8862,30.4291],[116.8859,30.4181],[116.8834,30.4038],[116.8924,30.3726],[116.8985,30.36],[116.9059,30.3345],[116.9277,30.2955],[116.9278,30.2887],[116.9216,30.2676],[116.9101,30.2521],[116.9024,30.2329],[116.9009,30.2256],[116.8944,30.2185],[116.8866,30.213],[116.879,30.2054],[116.8733,30.1969],[116.8783,30.1935],[116.8746,30.1882],[116.8593,30.1805],[116.8546,30.1755],[116.8469,30.1628],[116.8441,30.1517],[116.8396,30.1432],[116.8205,30.1225],[116.8133,30.1195],[116.8043,30.1107],[116.7918,30.1002],[116.7868,30.0977],[116.7736,30.0813],[116.7588,30.069],[116.7424,30.0594],[116.7504,30.0525],[116.7576,30.0517],[116.7608,30.0466],[116.7695,30.0438],[116.7805,30.0247],[116.7854,30.0215],[116.7836,30.0169],[116.7878,30.0099],[116.7928,30.0067],[116.7968,29.9989],[116.8059,30.0027],[116.8095,30.0017],[116.8172,30.0055],[116.8202,30.0126],[116.8248,30.0135],[116.8231,30.0001],[116.8249,29.9917],[116.8216,29.9795],[116.8239,29.9658],[116.8299,29.9645],[116.8304,29.9733],[116.8402,29.972],[116.8484,29.9739],[116.864,29.9841],[116.871,29.9811],[116.8731,29.9763],[116.8799,29.9781],[116.882,29.9702],[116.8914,29.9713],[116.8995,29.951],[116.8989,29.9468],[116.8897,29.9418],[116.8891,29.9311],[116.8868,29.9253],[116.8928,29.919],[116.8913,29.9137],[116.885,29.9124],[116.881,29.9081],[116.8806,29.8975],[116.8773,29.8953],[116.8709,29.885],[116.8632,29.8818],[116.8618,29.8759],[116.8504,29.8669],[116.8451,29.8594],[116.8415,29.8508],[116.8269,29.8411],[116.8172,29.8371],[116.8236,29.8274],[116.8235,29.8223],[116.8158,29.8182],[116.8041,29.8195],[116.7977,29.8109],[116.7979,29.8032],[116.7919,29.8046],[116.7826,29.7942],[116.7573,29.8081],[116.7523,29.8003],[116.747,29.7996],[116.7398,29.7934],[116.7363,29.7861],[116.7355,29.7775],[116.7267,29.7748],[116.7216,29.7757],[116.7172,29.7679],[116.7104,29.7625],[116.7124,29.759],[116.7051,29.7521],[116.7041,29.7462],[116.6913,29.7431],[116.6831,29.743],[116.6746,29.7303],[116.6712,29.7293],[116.6719,29.7198],[116.6652,29.7119],[116.6658,29.7056],[116.6622,29.703],[116.6506,29.704],[116.6446,29.699],[116.6473,29.6907],[116.6685,29.6912],[116.6763,29.6866],[116.6839,29.6761],[116.6686,29.6708],[116.6646,29.6656],[116.6545,29.6615],[116.6454,29.646],[116.6509,29.6374],[116.6598,29.6341],[116.6777,29.6192],[116.679,29.6087],[116.6739,29.6054],[116.6803,29.5995],[116.6859,29.6047],[116.7114,29.5933],[116.7159,29.5789],[116.7146,29.5722],[116.7205,29.5661],[116.7243,29.5712],[116.7248,29.579],[116.7331,29.5848],[116.7334,29.5944],[116.7461,29.5977],[116.752,29.5971],[116.7554,29.6053],[116.7656,29.6026],[116.7698,29.5981],[116.7822,29.5948],[116.7744,29.5782],[116.7759,29.5725],[116.7811,29.5709],[116.7874,29.5729],[116.7944,29.5651],[116.8006,29.5684],[116.8113,29.5679],[116.8303,29.5716],[116.8429,29.579],[116.8457,29.5878],[116.8536,29.5989],[116.8659,29.6035],[116.8709,29.6155],[116.8755,29.6197],[116.8939,29.6267],[116.9002,29.6254],[116.9054,29.6344],[116.9126,29.6397],[116.9191,29.6413],[116.9272,29.65],[116.9344,29.6474],[116.9433,29.6541],[116.9495,29.6523],[116.9613,29.6556],[116.9694,29.6504],[116.9721,29.6539],[116.9715,29.6647],[116.979,29.6709],[116.9784,29.6743],[116.9909,29.6859],[117.0032,29.6864],[117.0136,29.6896],[117.0248,29.6882],[117.0305,29.6828],[117.039,29.6855],[117.046,29.6921],[117.0521,29.6907],[117.0595,29.692],[117.0694,29.7009],[117.0734,29.7018],[117.0848,29.6996],[117.0891,29.708],[117.0958,29.7103],[117.1073,29.7091],[117.1111,29.7126],[117.1151,29.7277],[117.1099,29.7396],[117.1049,29.7429],[117.0995,29.7516],[117.1069,29.7539],[117.1127,29.7643],[117.1279,29.7732],[117.1337,29.7859],[117.1211,29.7947],[117.1187,29.8029],[117.1025,29.7997],[117.1017,29.8044],[117.0805,29.8222],[117.0683,29.825],[117.0666,29.8308],[117.0695,29.8356],[117.0763,29.8403],[117.085,29.8393],[117.0948,29.8471],[117.0973,29.8542],[117.1079,29.8581],[117.1108,29.8612],[117.1234,29.8645],[117.128,29.8837],[117.1199,29.8935],[117.1248,29.906],[117.1329,29.9093],[117.1368,29.9143],[117.1468,29.9194],[117.1521,29.9191],[117.157,29.9236],[117.1659,29.9203],[117.1746,29.9248],[117.1861,29.9273],[117.1955,29.9272],[117.2015,29.9332],[117.2054,29.9417],[117.2008,29.9475],[117.1983,29.972],[117.2001,29.9784],[117.207,29.9838],[117.2139,29.9822],[117.2209,29.9838],[117.2288,29.9822],[117.239,29.9844],[117.2439,29.983],[117.2493,29.9897],[117.2585,29.9956],[117.271,29.9995],[117.2794,29.9943],[117.2947,30.0014],[117.3142,30.0039],[117.3202,30.0011],[117.3226,30.0075],[117.3302,30.0041],[117.3338,30.0108],[117.3417,30.0117],[117.3504,30.0155],[117.3608,30.0151],[117.3761,30.0081],[117.3828,30.011],[117.3823,30.0198],[117.3858,30.033],[117.3907,30.035],[117.4074,30.034],[117.4201,30.0255],[117.4338,30.0235],[117.4463,30.0275],[117.4565,30.0453],[117.4651,30.0385],[117.4762,30.0406],[117.4851,30.0342],[117.4904,30.0342],[117.4934,30.0393],[117.501,30.0378],[117.509,30.0437],[117.5196,30.0488],[117.5291,30.0515],[117.5341,30.0583],[117.5337,30.0698],[117.5307,30.0791],[117.5362,30.0882],[117.525,30.0918],[117.5238,30.1023],[117.5339,30.1086],[117.5387,30.1095],[117.5498,30.1033],[117.5457,30.0952],[117.5541,30.0913],[117.5547,30.0861],[117.5647,30.093],[117.5659,30.1044],[117.5635,30.1101],[117.5676,30.1184],[117.5797,30.1207],[117.5824,30.1254],[117.5946,30.1325],[117.6073,30.1308],[117.6102,30.1144],[117.6148,30.1128],[117.621,30.1064],[117.63,30.1024],[117.6377,30.1083],[117.6409,30.1171],[117.6506,30.1181],[117.6572,30.1115],[117.6654,30.1112],[117.6721,30.12],[117.668,30.1247],[117.6781,30.1258],[117.6811,30.1309],[117.6773,30.1353],[117.6914,30.1415],[117.6936,30.146],[117.7054,30.1467],[117.7088,30.1493],[117.7265,30.1548],[117.7316,30.1538],[117.749,30.1569],[117.7546,30.1618],[117.7641,30.1621],[117.7736,30.1561],[117.7773,30.1566],[117.7854,30.1674],[117.7903,30.1707],[117.7994,30.1703],[117.8021,30.1775],[117.8136,30.1871],[117.8224,30.1821],[117.8414,30.1953],[117.8495,30.1961],[117.8504,30.2044],[117.8564,30.2122],[117.8551,30.2188],[117.8497,30.2225],[117.8319,30.2258],[117.8268,30.2243],[117.8194,30.2266],[117.8214,30.2335],[117.8187,30.2416],[117.8238,30.2508],[117.8327,30.2514],[117.8392,30.2558],[117.8448,30.2648],[117.8592,30.2713],[117.8714,30.2685],[117.8775,30.2731],[117.8903,30.2737],[117.8869,30.2795],[117.885,30.2902],[117.8814,30.2968],[117.8866,30.2984],[117.8971,30.2969],[117.9078,30.302],[117.9033,30.3063],[117.9026,30.3125],[117.9081,30.3135],[117.9152,30.3227],[117.9234,30.3224],[117.9218,30.3312],[117.9341,30.3423],[117.9245,30.3536],[117.9236,30.3573],[117.9139,30.3665],[117.92,30.3728],[117.9251,30.3725],[117.9331,30.3807],[117.9387,30.381],[117.9409,30.3863],[117.95,30.3943],[117.9524,30.4039],[117.9442,30.409],[117.9418,30.4191],[117.9347,30.4246],[117.9343,30.4302],[117.9385,30.4354],[117.9459,30.4502],[117.9402,30.4554],[117.9291,30.456],[117.9354,30.4639],[117.9364,30.4702],[117.9425,30.4859],[117.9539,30.4909],[117.9512,30.4981],[117.9596,30.5085],[117.9623,30.5171],[117.9707,30.5262],[117.9772,30.5277],[117.9784,30.5375],[117.9813,30.5452],[117.98,30.559],[117.9781,30.564],[117.9796,30.5714],[117.9836,30.5748],[117.99,30.5739],[118.0086,30.5745],[118.0176,30.5761],[118.0233,30.5819],[118.0245,30.5867],[118.0364,30.5952],[118.034,30.6024],[118.0359,30.6065],[118.0463,30.6045],[118.0576,30.5982],[118.0709,30.6159],[118.0744,30.626],[118.0807,30.628],[118.0938,30.6415],[118.0953,30.652],[118.0935,30.6586],[118.0986,30.6624],[118.1088,30.6767],[118.1172,30.6806],[118.1164,30.6862],[118.1206,30.693],[118.1295,30.7025],[118.1231,30.7035],[118.1195,30.72],[118.1098,30.7216],[118.1043,30.73],[118.0997,30.7324],[118.1028,30.7409],[118.0959,30.7425],[118.0941,30.7463],[118.0838,30.7407],[118.0787,30.7448],[118.0736,30.7421],[118.0606,30.7483],[118.0603,30.7607],[118.0432,30.7705],[118.0249,30.7791],[118.0125,30.7787],[118.0011,30.7831],[117.9942,30.7777],[117.9917,30.7855],[117.9811,30.7979],[117.9748,30.7984],[117.967,30.7957],[117.9636,30.7974],[117.963,30.8083],[117.9667,30.8125],[117.9783,30.8202],[117.9854,30.8269],[117.9859,30.8323],[117.9812,30.8379],[117.98,30.846]],[[117.3069,30.4969],[117.3105,30.5006],[117.3199,30.4959],[117.3241,30.4758],[117.3188,30.4719],[117.3161,30.4635],[117.3091,30.464],[117.3037,30.449],[117.2971,30.446],[117.2876,30.4382],[117.2828,30.4372],[117.2715,30.4309],[117.2627,30.4228],[117.2499,30.4253],[117.2561,30.4339],[117.2555,30.4387],[117.2596,30.4419],[117.2596,30.4477],[117.2526,30.4492],[117.2498,30.4621],[117.2436,30.4621],[117.2412,30.4685],[117.2485,30.4685],[117.2581,30.4652],[117.271,30.4674],[117.2723,30.4717],[117.2782,30.4722],[117.2965,30.4941],[117.3069,30.4969]]]},"properties":{"region_code":"CN-34-3417","parent_region_code":"CN-34","name":"池州市","level":"prefecture","has_children":true,"full_path":"中国 / 安徽省 / 池州市","source_admin_code":"3417","osm_relation_id":3164669}},
{"type":"Feature","geometry":{"type":"Polygon","coordinates":[[[118.0938,30.6415],[118.0807,30.628],[118.0744,30.626],[118.0709,30.6159],[118.0576,30.5982],[118.0463,30.6045],[118.0359,30.6065],[118.034,30.6024],[118.0364,30.5952],[118.0245,30.5867],[118.0233,30.5819],[118.0176,30.5761],[118.0086,30.5745],[117.99,30.5739],[117.9836,30.5748],[117.9796,30.5714],[117.9781,30.564],[117.98,30.559],[117.9813,30.5452],[117.9784,30.5375],[117.9772,30.5277],[117.9707,30.5262],[117.9623,30.5171],[117.9719,30.5122],[117.9775,30.5041],[117.9835,30.4996],[117.9923,30.4976],[118.0115,30.5025],[118.017,30.4976],[118.0238,30.496],[118.0308,30.5027],[118.0398,30.5044],[118.0571,30.5134],[118.0627,30.5194],[118.0693,30.5142],[118.0749,30.5161],[118.0974,30.5171],[118.1118,30.5124],[118.1213,30.5122],[118.1206,30.5086],[118.1255,30.5022],[118.1156,30.4967],[118.1117,30.484],[118.1125,30.4751],[118.1043,30.4762],[118.0963,30.469],[118.0986,30.4606],[118.1081,30.4499],[118.1026,30.4333],[118.1072,30.4287],[118.1196,30.4253],[118.1258,30.4319],[118.1326,30.4309],[118.1394,30.4364],[118.1512,30.4356],[118.1575,30.4461],[118.1644,30.4503],[118.176,30.4495],[118.1755,30.453],[118.1671,30.4563],[118.1675,30.4624],[118.1759,30.4653],[118.1791,30.4709],[118.1878,30.4664],[118.191,30.4709],[118.2083,30.469],[118.2086,30.4628],[118.2201,30.4575],[118.2264,30.4481],[118.2222,30.4418],[118.2102,30.4407],[118.2131,30.4308],[118.2178,30.4264],[118.2162,30.4168],[118.2326,30.4029],[118.2396,30.4025],[118.2515,30.3923],[118.2507,30.3809],[118.2569,30.3818],[118.2605,30.3788],[118.273,30.3828],[118.2752,30.3748],[118.2855,30.3712],[118.2944,30.3724],[118.29,30.3608],[118.3004,30.3538],[118.2946,30.3432],[118.2969,30.3321],[118.3012,30.3244],[118.305,30.323],[118.3052,30.3144],[118.2957,30.3113],[118.2916,30.3014],[118.2974,30.3013],[118.3069,30.2954],[118.3154,30.2962],[118.3139,30.2867],[118.2885,30.2857],[118.2797,30.2819],[118.2693,30.2722],[118.2719,30.26],[118.2565,30.2536],[118.2631,30.2483],[118.263,30.2411],[118.2655,30.2341],[118.2781,30.2367],[118.2885,30.2304],[118.287,30.2248],[118.2906,30.2178],[118.2864,30.2104],[118.2851,30.203],[118.2895,30.1957],[118.2981,30.198],[118.3084,30.198],[118.3214,30.1781],[118.3255,30.1703],[118.334,30.1714],[118.3404,30.1636],[118.3295,30.1573],[118.3384,30.1487],[118.3378,30.1373],[118.3422,30.131],[118.3472,30.1286],[118.3541,30.1208],[118.3469,30.1118],[118.353,30.1068],[118.362,30.1027],[118.3675,30.0973],[118.3776,30.0975],[118.3868,30.1097],[118.393,30.1085],[118.4023,30.1006],[118.4115,30.097],[118.4186,30.1022],[118.4223,30.1015],[118.4326,30.1069],[118.4369,30.105],[118.4441,30.096],[118.4587,30.0982],[118.4633,30.0876],[118.4731,30.0834],[118.4754,30.0778],[118.4841,30.0837],[118.4919,30.0822],[118.4947,30.0722],[118.4858,30.0654],[118.4873,30.0614],[118.4961,30.0607],[118.5053,30.0506],[118.509,30.0414],[118.5098,30.032],[118.505,30.0256],[118.4946,30.0221],[118.4954,30.0157],[118.5006,30.0102],[118.4965,30.0008],[118.5003,29.9959],[118.5025,29.9874],[118.5134,29.9709],[118.5195,29.967],[118.5255,29.9713],[118.5357,29.9652],[118.5377,29.9573],[118.541,29.9551],[118.5489,29.9596],[118.5534,29.9646],[118.5587,29.9627],[118.5644,29.9653],[118.5644,29.9747],[118.5677,29.9775],[118.5744,29.9768],[118.5918,29.9832],[118.6074,29.9829],[118.6105,29.9891],[118.6089,29.9961],[118.6097,30.006],[118.6316,30.0261],[118.6392,30.0282],[118.6532,30.0239],[118.6602,30.0247],[118.6683,30.0286],[118.6722,30.0277],[118.6834,30.0332],[118.6925,30.0353],[118.6883,30.0431],[118.6915,30.0551],[118.7008,30.0658],[118.72,30.0689],[118.7319,30.0668],[118.7353,30.0735],[118.737,30.0904],[118.7406,30.0933],[118.7506,30.0812],[118.7588,30.0731],[118.7674,30.0812],[118.7713,30.0781],[118.7819,30.0792],[118.7908,30.0823],[118.8032,30.0904],[118.8041,30.0966],[118.8157,30.0998],[118.8253,30.1079],[118.8373,30.1091],[118.8398,30.1122],[118.8498,30.1147],[118.8618,30.103],[118.8581,30.1108],[118.8606,30.1241],[118.8509,30.1212],[118.8548,30.1329],[118.8603,30.1366],[118.8768,30.127],[118.888,30.1315],[118.8933,30.1394],[118.8948,30.1467],[118.8859,30.1524],[118.8748,30.1353],[118.8691,30.1418],[118.8604,30.1407],[118.8519,30.1438],[118.854,30.1482],[118.8485,30.1562],[118.8411,30.1565],[118.8435,30.1658],[118.8706,30.1744],[118.889,30.1823],[118.8946,30.1824],[118.9009,30.1883],[118.9026,30.1931],[118.9108,30.2007],[118.9225,30.2039],[118.9259,30.2078],[118.9179,30.2108],[118.9174,30.2162],[118.9105,30.2153],[118.8995,30.2177],[118.8996,30.2264],[118.8911,30.2311],[118.8859,30.2386],[118.8792,30.2399],[118.8772,30.2523],[118.8851,30.2543],[118.8902,30.2604],[118.8873,30.2681],[118.8782,30.2763],[118.8729,30.2857],[118.8789,30.3044],[118.8756,30.3172],[118.8826,30.318],[118.8957,30.3238],[118.8965,30.3265],[118.9063,30.3357],[118.9134,30.3358],[118.9154,30.3417],[118.9304,30.3452],[118.9343,30.3483],[118.9354,30.3554],[118.9505,30.3613],[118.9553,30.3488],[118.9642,30.3547],[118.9701,30.348],[118.9814,30.3514],[118.984,30.3486],[118.9827,30.335],[119.0046,30.3291],[119.0126,30.3324],[119.0263,30.3303],[119.0269,30.32],[119.0303,30.3141],[119.0401,30.3148],[119.0451,30.3123],[119.0497,30.3057],[119.0581,30.3051],[119.0735,30.3206],[119.0856,30.3256],[119.0911,30.3189],[119.0972,30.3202],[119.1053,30.3137],[119.1163,30.312],[119.1222,30.307],[119.1283,30.3055],[119.1374,30.3073],[119.1495,30.3053],[119.1561,30.2994],[119.1641,30.2977],[119.1735,30.2988],[119.1821,30.2939],[119.2026,30.2937],[119.212,30.2945],[119.2165,30.3021],[119.2233,30.2908],[119.235,30.3028],[119.24,30.3206],[119.2387,30.3353],[119.2445,30.3438],[119.251,30.3402],[119.259,30.3393],[119.2677,30.345],[119.2724,30.3431],[119.2868,30.3529],[119.2935,30.3599],[119.2953,30.3663],[119.306,30.3685],[119.3146,30.3724],[119.3238,30.3737],[119.3387,30.3661],[119.3391,30.3583],[119.3435,30.3534],[119.3583,30.353],[119.377,30.3604],[119.3831,30.3676],[119.3934,30.3687],[119.3989,30.3761],[119.3988,30.3839],[119.3796,30.3875],[119.3688,30.386],[119.3622,30.3883],[119.3621,30.3992],[119.3574,30.4019],[119.3513,30.4094],[119.3523,30.4197],[119.3461,30.4253],[119.3445,30.4338],[119.3457,30.4403],[119.3382,30.4464],[119.3294,30.4501],[119.3332,30.4555],[119.3327,30.4633],[119.329,30.4688],[119.3317,30.4729],[119.3236,30.4862],[119.3277,30.4937],[119.3277,30.5014],[119.3323,30.5067],[119.3233,30.5258],[119.3252,30.5338],[119.3223,30.5355],[119.3072,30.5328],[119.298,30.5231],[119.2806,30.5133],[119.2672,30.5117],[119.2557,30.5214],[119.2571,30.5294],[119.2393,30.5324],[119.2363,30.5438],[119.2324,30.5487],[119.2368,30.5514],[119.2433,30.5597],[119.2432,30.5658],[119.2545,30.5704],[119.2595,30.5749],[119.2614,30.583],[119.2492,30.5992],[119.2455,30.5985],[119.2341,30.6085],[119.236,30.6135],[119.2431,30.6224],[119.2525,30.6164],[119.2735,30.6208],[119.2828,30.6165],[119.2885,30.6196],[119.3073,30.623],[119.3159,30.6289],[119.3206,30.6352],[119.3204,30.6422],[119.3286,30.6508],[119.3283,30.6554],[119.3351,30.6608],[119.3381,30.6664],[119.3494,30.6707],[119.3573,30.6765],[119.3625,30.677],[119.367,30.6836],[119.3761,30.6818],[119.386,30.691],[119.3897,30.6872],[119.3894,30.6818],[119.3938,30.6745],[119.397,30.6551],[119.4007,30.655],[119.4057,30.6459],[119.4141,30.6444],[119.4396,30.6512],[119.4397,30.6685],[119.4426,30.6729],[119.4556,30.6792],[119.4605,30.6898],[119.4649,30.6928],[119.4643,30.6978],[119.469,30.7008],[119.4803,30.7035],[119.4804,30.7163],[119.4848,30.7213],[119.4748,30.7379],[119.4817,30.749],[119.475,30.7542],[119.4776,30.7675],[119.4749,30.7738],[119.4776,30.7775],[119.4869,30.78],[119.4993,30.7728],[119.522,30.7784],[119.5245,30.7811],[119.5257,30.7925],[119.5364,30.8027],[119.5414,30.8155],[119.547,30.8208],[119.5505,30.8283],[119.5737,30.8314],[119.5742,30.8371],[119.5691,30.8471],[119.5705,30.8553],[119.569,30.8622],[119.5565,30.8624],[119.5556,30.8721],[119.5509,30.8842],[119.5551,30.8915],[119.5482,30.9028],[119.5517,30.9075],[119.5591,30.9097],[119.5596,30.9143],[119.5679,30.9233],[119.576,30.9356],[119.5748,30.942],[119.5776,30.947],[119.587,30.9491],[119.5872,30.9539],[119.5773,30.9592],[119.575,30.9657],[119.583,30.9666],[119.5897,30.9727],[119.5919,30.9776],[119.5924,30.9876],[119.6021,30.9937],[119.6063,30.994],[119.6134,31.005],[119.6258,31.0097],[119.6261,31.0233],[119.6329,31.0287],[119.6237,31.0322],[119.6229,31.041],[119.6283,31.0458],[119.6223,31.0592],[119.6282,31.0672],[119.6229,31.0708],[119.6254,31.076],[119.6207,31.0829],[119.6292,31.0941],[119.6293,31.098],[119.6353,31.1032],[119.6425,31.1022],[119.6404,31.1094],[119.6347,31.1096],[119.6323,31.1175],[119.6262,31.1135],[119.6208,31.1139],[119.6197,31.122],[119.6157,31.1226],[119.6186,31.1323],[119.6092,31.1314],[119.5988,31.1175],[119.6014,31.1092],[119.5862,31.1131],[119.5795,31.117],[119.5705,31.1125],[119.5658,31.124],[119.5659,31.1307],[119.5515,31.1446],[119.5415,31.1486],[119.5283,31.1605],[119.5148,31.1612],[119.5118,31.1568],[119.5011,31.1587],[119.4972,31.1631],[119.4874,31.1666],[119.4821,31.1648],[119.4798,31.1546],[119.4717,31.1603],[119.455,31.1584],[119.4462,31.175],[119.4328,31.1783],[119.4254,31.1785],[119.4285,31.1848],[119.4228,31.1858],[119.4149,31.1762],[119.4094,31.1757],[119.4048,31.1841],[119.3989,31.1831],[119.3917,31.177],[119.3865,31.1794],[119.3846,31.192],[119.381,31.1936],[119.3744,31.1897],[119.3657,31.1962],[119.3603,31.1961],[119.3561,31.2061],[119.3555,31.2139],[119.3613,31.2207],[119.3582,31.2269],[119.3595,31.233],[119.3561,31.2384],[119.3628,31.2421],[119.3695,31.2495],[119.3698,31.2603],[119.3759,31.2615],[119.3752,31.2715],[119.3647,31.2721],[119.367,31.2795],[119.3605,31.2869],[119.3606,31.2916],[119.3562,31.3014],[119.3487,31.3046],[119.3439,31.3031],[119.3468,31.2858],[119.3425,31.279],[119.3356,31.2772],[119.3411,31.2652],[119.3407,31.2598],[119.3233,31.2654],[119.3139,31.2661],[119.308,31.2696],[119.3017,31.2681],[119.2965,31.2713],[119.2825,31.2601],[119.2776,31.2624],[119.2695,31.2565],[119.2608,31.256],[119.2505,31.2667],[119.2453,31.265],[119.2439,31.2578],[119.2339,31.2562],[119.2206,31.2689],[119.2133,31.2701],[119.2094,31.276],[119.2022,31.2748],[119.2002,31.2685],[119.1933,31.2696],[119.1917,31.2761],[119.193,31.291],[119.1948,31.2976],[119.1864,31.2971],[119.1812,31.3013],[119.1755,31.3022],[119.1702,31.2955],[119.1637,31.294],[119.1528,31.2968],[119.1455,31.2937],[119.1461,31.2852],[119.1429,31.2762],[119.133,31.2706],[119.1276,31.2654],[119.1152,31.2637],[119.1063,31.256],[119.0989,31.2558],[119.0981,31.2461],[119.1,31.2368],[119.0956,31.2362],[119.092,31.2423],[119.0799,31.2404],[119.0797,31.2363],[119.0725,31.2344],[119.0642,31.2395],[119.0522,31.2399],[119.0513,31.2351],[119.0443,31.2331],[119.0355,31.2389],[119.0176,31.2402],[119.009,31.2433],[118.9984,31.2361],[118.9887,31.2328],[118.9816,31.2331],[118.9796,31.2398],[118.9688,31.241],[118.9487,31.2395],[118.9442,31.2369],[118.934,31.2415],[118.923,31.2423],[118.9135,31.2463],[118.8998,31.235],[118.8825,31.2323],[118.8761,31.241],[118.8659,31.2408],[118.8651,31.2446],[118.8455,31.2417],[118.8312,31.2361],[118.8266,31.2316],[118.8192,31.2326],[118.8151,31.2379],[118.8041,31.2364],[118.7982,31.2303],[118.7902,31.2314],[118.7787,31.2393],[118.7744,31.2455],[118.7747,31.2623],[118.7581,31.2782],[118.7485,31.282],[118.7219,31.2843],[118.7185,31.287],[118.7207,31.2943],[118.7134,31.2971],[118.7147,31.3245],[118.7084,31.3229],[118.6992,31.31],[118.69,31.3114],[118.674,31.3065],[118.6678,31.3081],[118.6524,31.3072],[118.6562,31.2927],[118.6545,31.2716],[118.6479,31.2654],[118.6425,31.2487],[118.6581,31.2398],[118.66,31.2323],[118.6649,31.2259],[118.6773,31.2156],[118.6821,31.2077],[118.684,31.2008],[118.6954,31.1857],[118.7034,31.1796],[118.7127,31.1771],[118.7265,31.1559],[118.7278,31.1511],[118.7232,31.1474],[118.7163,31.1483],[118.7005,31.1403],[118.7003,31.1341],[118.69,31.1319],[118.6796,31.1214],[118.6857,31.1101],[118.6789,31.1018],[118.6862,31.0992],[118.6733,31.0905],[118.6723,31.0851],[118.6797,31.0772],[118.675,31.0686],[118.6518,31.0597],[118.6505,31.0546],[118.6534,31.048],[118.6359,31.0332],[118.6315,31.0264],[118.6239,31.0229],[118.6174,31.0259],[118.6111,31.0247],[118.6056,31.0286],[118.5991,31.0407],[118.5907,31.0466],[118.5808,31.0428],[118.578,31.034],[118.5779,31.0242],[118.5733,31.0232],[118.5677,31.0176],[118.5619,31.0156],[118.5677,31.0104],[118.5705,31.0025],[118.5759,31.0001],[118.5789,30.9931],[118.5743,30.9832],[118.5659,30.9698],[118.5527,30.9728],[118.5479,30.9753],[118.5406,30.9742],[118.539,30.9706],[118.5313,30.9677],[118.5239,30.9569],[118.5189,30.9552],[118.5089,30.9557],[118.5077,30.9489],[118.5093,30.9414],[118.4891,30.9427],[118.5055,30.9292],[118.5079,30.9187],[118.5028,30.9136],[118.4939,30.9095],[118.4848,30.9025],[118.4891,30.8914],[118.4863,30.8833],[118.4806,30.8801],[118.4726,30.8842],[118.4672,30.8832],[118.4689,30.8748],[118.4782,30.8727],[118.4797,30.8655],[118.4937,30.8606],[118.482,30.85],[118.4852,30.844],[118.4774,30.8415],[118.473,30.8342],[118.4782,30.8255],[118.4903,30.8222],[118.498,30.8128],[118.4985,30.8071],[118.488,30.798],[118.4777,30.7909],[118.4737,30.7812],[118.4749,30.7662],[118.4651,30.7636],[118.4607,30.7701],[118.4457,30.7822],[118.4496,30.7876],[118.4462,30.7901],[118.4491,30.7964],[118.4477,30.8013],[118.4332,30.8006],[118.4271,30.797],[118.4169,30.806],[118.4158,30.8108],[118.4092,30.8144],[118.4086,30.8185],[118.4175,30.8197],[118.4206,30.8152],[118.4254,30.829],[118.4179,30.8286],[118.421,30.8411],[118.4159,30.841],[118.4046,30.8482],[118.3929,30.844],[118.3805,30.8518],[118.3763,30.8527],[118.362,30.8456],[118.3536,30.8479],[118.3533,30.8415],[118.3455,30.8371],[118.3423,30.8266],[118.333,30.829],[118.3284,30.8238],[118.324,30.8266],[118.3134,30.824],[118.3068,30.8126],[118.3025,30.8112],[118.2973,30.7961],[118.3044,30.7918],[118.2994,30.7877],[118.2958,30.7747],[118.2887,30.7762],[118.2876,30.767],[118.2924,30.7643],[118.2903,30.7566],[118.2831,30.7562],[118.2787,30.7476],[118.2707,30.7421],[118.2732,30.733],[118.2779,30.7282],[118.287,30.7298],[118.2896,30.7274],[118.2911,30.7178],[118.3027,30.7187],[118.3093,30.7114],[118.305,30.7021],[118.2956,30.7012],[118.284,30.7026],[118.2756,30.7128],[118.2626,30.715],[118.2558,30.7132],[118.2466,30.7046],[118.2442,30.6991],[118.2238,30.7065],[118.2196,30.7142],[118.211,30.7169],[118.206,30.708],[118.1975,30.7029],[118.1927,30.707],[118.1778,30.6963],[118.1682,30.6936],[118.1677,30.6877],[118.156,30.6866],[118.1534,30.6724],[118.1495,30.6679],[118.1439,30.6673],[118.137,30.6582],[118.1281,30.6526],[118.1225,30.6446],[118.1179,30.647],[118.1168,30.6531],[118.105,30.6486],[118.1008,30.6431],[118.0938,30.6415]],[[118.6002,30.8817],[118.6046,30.8941],[118.6132,30.9006],[118.6122,30.9073],[118.6052,30.9134],[118.6117,30.9254],[118.6189,30.9285],[118.6277,30.9219],[118.6318,30.9121],[118.6374,30.9117],[118.6444,30.9064],[118.6393,30.9005],[118.6339,30.8874],[118.6342,30.8701],[118.6227,30.8787],[118.6195,30.8845],[118.6133,30.8853],[118.6002,30.8817]],[[119.2462,31.1421],[119.2522,31.1438],[119.2552,31.1365],[119.2615,31.1324],[119.2566,31.119],[119.2463,31.1258],[119.243,31.1343],[119.2462,31.1421]],[[119.3193,31.0411],[119.3142,31.036],[119.3062,31.0323],[119.3095,31.0215],[119.3008,31.0202],[119.3009,31.0145],[119.2901,31.0193],[119.2849,31.018],[119.2716,31.0235],[119.2727,31.0172],[119.2684,31.0115],[119.2646,31.0175],[119.2548,31.0193],[119.2591,31.0266],[119.2744,31.033],[119.2753,31.0372],[119.2858,31.0302],[119.294,31.0323],[119.2991,31.0286],[119.3037,31.0421],[119.2935,31.0529],[119.2949,31.0575],[119.2859,31.0634],[119.2846,31.0669],[119.2898,31.073],[119.2934,31.0651],[119.3089,31.0596],[119.3158,31.0535],[119.3139,31.05],[119.3207,31.0455],[119.3193,31.0411]]]},"properties":{"region_code":"CN-34-3418","parent_region_code":"CN-34","name":"宣城市","level":"prefecture","has_children":true,"full_path":"中国 / 安徽省 / 宣城市","source_admin_code":"3418","osm_relation_id":3222248}}
]}