{"type":"FeatureCollection", "features": [
{"type":"Feature","geometry":{"type":"MultiPolygon","coordinates":[[[[115.8013,28.9716],[115.7981,28.9826],[115.791,28.9797],[115.7906,28.9721],[115.7847,28.9714],[115.7861,28.9627],[115.7944,28.9552],[115.8006,28.966],[115.8013,28.9716]]],[[[115.7956,28.9525],[115.7965,28.9486],[115.7911,28.938],[115.7874,28.9397],[115.7801,28.936],[115.7909,28.9296],[115.7959,28.9287],[115.8012,28.9343],[115.8002,28.9428],[115.7964,28.9453],[115.7974,28.949],[115.7956,28.9525]]],[[[116.3954,29.0556],[116.3903,29.0551],[116.3824,29.0588],[116.3732,29.0688],[116.3708,29.0751],[116.362,29.0801],[116.3521,29.0814],[116.3351,29.0881],[116.3278,29.0955],[116.3231,29.1042],[116.311,29.0996],[116.2858,29.1118],[116.2815,29.1155],[116.282,29.1209],[116.2785,29.1315],[116.2747,29.1369],[116.2588,29.1355],[116.233,29.1359],[116.2181,29.1301],[116.207,29.1275],[116.2017,29.1306],[116.1681,29.1208],[116.1273,29.1251],[116.1069,29.1204],[116.0884,29.1219],[116.0806,29.1157],[116.0592,29.1191],[116.0435,29.1084],[116.0339,29.111],[116.0343,29.1048],[116.0281,29.0987],[116.0226,29.0982],[116.0204,29.0937],[116.0135,29.0915],[116.0111,29.097],[116.0033,29.1022],[116.0032,29.1093],[115.9968,29.1101],[115.9918,29.1065],[115.9908,29.1017],[115.9828,29.0923],[115.9791,29.0922],[115.9726,29.103],[115.9532,29.0996],[115.9477,29.0961],[115.9409,29.096],[115.9326,29.0928],[115.9256,29.0969],[115.918,29.0886],[115.9156,29.0813],[115.9102,29.0752],[115.9168,29.0622],[115.911,29.0457],[115.9029,29.0362],[115.895,29.0375],[115.8857,29.0258],[115.8807,29.0272],[115.877,29.0233],[115.8847,29.0171],[115.8848,29.0103],[115.8768,29.0036],[115.8783,29.0004],[115.8683,28.9869],[115.8554,28.9853],[115.8566,28.9928],[115.8522,28.9943],[115.8499,28.9994],[115.8434,29.0041],[115.8296,29.0044],[115.8297,29.0007],[115.8143,29.0007],[115.8142,28.9834],[115.8158,28.9739],[115.8203,28.9587],[115.8183,28.9455],[115.8198,28.9431],[115.8136,28.9376],[115.8101,28.9214],[115.8121,28.9163],[115.8069,28.91],[115.7999,28.9123],[115.7985,28.9053],[115.7917,28.9022],[115.7803,28.9069],[115.7708,28.907],[115.7662,28.9039],[115.7643,28.8985],[115.7571,28.8964],[115.7514,28.9012],[115.7502,28.9087],[115.7443,28.9163],[115.738,28.9194],[115.7362,28.9253],[115.7312,28.9312],[115.7242,28.9355],[115.7203,28.9308],[115.7213,28.9253],[115.7142,28.9197],[115.7037,28.9246],[115.6806,28.9271],[115.6725,28.9255],[115.6698,28.9319],[115.662,28.9319],[115.6596,28.9397],[115.6687,28.9453],[115.6768,28.9462],[115.6775,28.9548],[115.6725,28.9561],[115.6702,28.9493],[115.6634,28.947],[115.6559,28.9519],[115.6475,28.951],[115.6408,28.9459],[115.6304,28.9518],[115.6236,28.951],[115.618,28.9544],[115.6169,28.9612],[115.6133,28.9659],[115.6043,28.9679],[115.5983,28.9642],[115.5839,28.968],[115.5797,28.967],[115.5687,28.9689],[115.5605,28.9774],[115.5502,28.9824],[115.5434,28.9889],[115.54,28.999],[115.5325,29.009],[115.5235,29.013],[115.5209,29.0166],[115.5099,29.017],[115.5063,29.0187],[115.4969,29.0172],[115.4889,29.0105],[115.4765,29.0126],[115.4698,29.0082],[115.4683,29.0037],[115.4707,28.9973],[115.4634,28.9951],[115.4589,28.9851],[115.4689,28.9687],[115.4743,28.9687],[115.4764,28.9573],[115.4853,28.9484],[115.4859,28.944],[115.4924,28.9384],[115.4938,28.9313],[115.5013,28.9255],[115.4991,28.9163],[115.5109,28.899],[115.5207,28.8884],[115.5163,28.884],[115.5206,28.8801],[115.521,28.8739],[115.5243,28.868],[115.5165,28.8585],[115.5092,28.8418],[115.5045,28.838],[115.4988,28.8372],[115.4894,28.8462],[115.4841,28.8329],[115.4875,28.8262],[115.4868,28.817],[115.483,28.8169],[115.4797,28.8096],[115.4755,28.7947],[115.4664,28.7957],[115.4665,28.7916],[115.4605,28.7871],[115.4579,28.7795],[115.4542,28.7768],[115.4419,28.7781],[115.4357,28.7739],[115.4384,28.762],[115.4355,28.7615],[115.4436,28.7457],[115.4458,28.7378],[115.4567,28.7327],[115.4622,28.7251],[115.4691,28.7283],[115.4691,28.733],[115.4792,28.7329],[115.4804,28.7382],[115.4886,28.7379],[115.5034,28.7343],[115.5124,28.7354],[115.5162,28.7417],[115.5214,28.7414],[115.5286,28.7349],[115.535,28.7341],[115.5394,28.7365],[115.5535,28.7336],[115.5503,28.7238],[115.5441,28.7191],[115.541,28.7086],[115.5433,28.7008],[115.5482,28.6996],[115.5465,28.6913],[115.5511,28.6901],[115.5464,28.6814],[115.5435,28.6816],[115.538,28.6684],[115.5384,28.6351],[115.5374,28.63],[115.542,28.6246],[115.53,28.6143],[115.5255,28.6157],[115.5206,28.6111],[115.5188,28.5992],[115.5237,28.5921],[115.5224,28.5858],[115.5481,28.5836],[115.5565,28.5899],[115.5627,28.5892],[115.5651,28.5925],[115.5721,28.5935],[115.577,28.5873],[115.5778,28.5756],[115.5753,28.5721],[115.5584,28.5682],[115.5584,28.5618],[115.5616,28.5588],[115.5635,28.5507],[115.5581,28.5446],[115.5634,28.5352],[115.5621,28.5239],[115.5649,28.5169],[115.5555,28.5183],[115.551,28.5098],[115.5537,28.5011],[115.5607,28.5045],[115.5605,28.4975],[115.5493,28.4922],[115.5401,28.4847],[115.544,28.4702],[115.5458,28.4563],[115.5382,28.4477],[115.5454,28.4405],[115.5484,28.4318],[115.549,28.4156],[115.5325,28.4117],[115.5284,28.403],[115.527,28.3949],[115.5306,28.3941],[115.5403,28.398],[115.5517,28.3938],[115.5575,28.3965],[115.5608,28.4046],[115.5669,28.4044],[115.5732,28.4012],[115.5798,28.4021],[115.5847,28.4134],[115.5983,28.4218],[115.6044,28.4219],[115.6122,28.4177],[115.612,28.411],[115.6148,28.403],[115.6232,28.4005],[115.6394,28.4016],[115.6454,28.3964],[115.6462,28.3852],[115.6496,28.3801],[115.6328,28.3708],[115.6372,28.3653],[115.6302,28.3634],[115.623,28.3526],[115.6171,28.3485],[115.6251,28.3436],[115.6396,28.339],[115.6468,28.3384],[115.6521,28.3424],[115.6539,28.348],[115.6648,28.35],[115.6672,28.3411],[115.6741,28.3457],[115.6786,28.3519],[115.6858,28.3528],[115.6893,28.3581],[115.6852,28.3657],[115.678,28.3659],[115.6683,28.3707],[115.6691,28.3779],[115.6754,28.3784],[115.6821,28.3717],[115.6962,28.3683],[115.7019,28.3709],[115.7143,28.3659],[115.7193,28.362],[115.7236,28.353],[115.7307,28.3612],[115.7413,28.3676],[115.7516,28.3712],[115.7641,28.3641],[115.7724,28.3647],[115.7794,28.3737],[115.7787,28.3791],[115.795,28.3802],[115.795,28.3943],[115.7908,28.4009],[115.7967,28.4067],[115.8006,28.4039],[115.8068,28.4055],[115.8136,28.4113],[115.8233,28.3998],[115.837,28.3919],[115.846,28.381],[115.8506,28.3683],[115.8585,28.3509],[115.8575,28.3334],[115.8582,28.3278],[115.8556,28.3179],[115.8681,28.3049],[115.8722,28.2983],[115.874,28.2908],[115.883,28.2906],[115.8904,28.3106],[115.8971,28.313],[115.8977,28.3177],[115.9033,28.3178],[115.9053,28.3066],[115.9107,28.3056],[115.9147,28.3167],[115.9257,28.3173],[115.9302,28.3086],[115.9429,28.3143],[115.9492,28.313],[115.9555,28.2945],[115.9527,28.2899],[115.9446,28.2842],[115.9631,28.2787],[115.9704,28.2828],[115.975,28.2946],[115.988,28.2922],[115.9908,28.2849],[115.9989,28.2808],[116.0017,28.2858],[116.0078,28.2857],[116.0145,28.29],[116.0244,28.2915],[116.0352,28.2988],[116.0418,28.2989],[116.0493,28.296],[116.0663,28.2943],[116.0748,28.2824],[116.082,28.2772],[116.0903,28.2747],[116.094,28.268],[116.0968,28.2571],[116.1028,28.2484],[116.1075,28.2446],[116.1156,28.2378],[116.1416,28.2265],[116.1506,28.2213],[116.1551,28.2167],[116.1605,28.2057],[116.1602,28.1995],[116.1636,28.1929],[116.1714,28.1851],[116.178,28.1824],[116.1974,28.1818],[116.2042,28.1788],[116.21,28.1726],[116.2136,28.1653],[116.2185,28.1617],[116.223,28.1641],[116.2233,28.1713],[116.2304,28.1788],[116.2258,28.1864],[116.2275,28.1901],[116.2377,28.1955],[116.2432,28.2062],[116.2508,28.2116],[116.2563,28.2114],[116.2638,28.2143],[116.2705,28.2135],[116.2765,28.2191],[116.2779,28.2233],[116.2856,28.2261],[116.2954,28.2265],[116.302,28.2177],[116.3053,28.2177],[116.3057,28.2263],[116.3092,28.2321],[116.3036,28.2445],[116.3058,28.2487],[116.312,28.2477],[116.3101,28.257],[116.3186,28.2499],[116.3197,28.2412],[116.3308,28.2456],[116.3364,28.2422],[116.3378,28.2368],[116.3467,28.2344],[116.3553,28.2277],[116.3517,28.2154],[116.3534,28.2084],[116.3581,28.2084],[116.3651,28.2154],[116.3609,28.2215],[116.3713,28.225],[116.3707,28.2332],[116.3729,28.2375],[116.3785,28.2382],[116.3792,28.2427],[116.3875,28.242],[116.3958,28.2467],[116.4065,28.2499],[116.4102,28.253],[116.4297,28.249],[116.4371,28.2491],[116.4502,28.2544],[116.456,28.2483],[116.4606,28.2522],[116.4719,28.2772],[116.4749,28.2789],[116.476,28.2869],[116.4734,28.2955],[116.481,28.3003],[116.4835,28.3041],[116.5042,28.3099],[116.5032,28.321],[116.5145,28.3264],[116.5024,28.3338],[116.5003,28.3456],[116.5032,28.348],[116.501,28.3569],[116.5017,28.3628],[116.5099,28.3667],[116.5086,28.3743],[116.5051,28.3798],[116.5062,28.3845],[116.5127,28.388],[116.5227,28.3903],[116.52,28.3968],[116.5259,28.4015],[116.5316,28.3985],[116.5346,28.4048],[116.5416,28.406],[116.5506,28.4112],[116.5543,28.4162],[116.5522,28.4193],[116.5583,28.4274],[116.5607,28.4445],[116.5524,28.4487],[116.5519,28.4572],[116.5547,28.4602],[116.5522,28.4733],[116.5474,28.4853],[116.5509,28.4921],[116.5557,28.4938],[116.5529,28.4973],[116.5585,28.503],[116.5508,28.5037],[116.5482,28.5147],[116.5397,28.5174],[116.5222,28.5333],[116.5136,28.5422],[116.5123,28.5488],[116.5047,28.5547],[116.5004,28.5515],[116.4981,28.561],[116.4851,28.5697],[116.4757,28.5729],[116.4647,28.593],[116.4643,28.6011],[116.4525,28.6276],[116.4444,28.6321],[116.438,28.6392],[116.4376,28.6453],[116.4442,28.6575],[116.4428,28.6681],[116.4363,28.6707],[116.4354,28.6755],[116.439,28.6814],[116.4378,28.6881],[116.4418,28.6986],[116.4407,28.7047],[116.4258,28.7202],[116.411,28.7255],[116.3957,28.7292],[116.3829,28.734],[116.3738,28.748],[116.3717,28.755],[116.3655,28.748],[116.3587,28.7436],[116.3531,28.7492],[116.3531,28.757],[116.3475,28.7582],[116.3302,28.7524],[116.319,28.7444],[116.3186,28.759],[116.3132,28.7722],[116.3035,28.7777],[116.3019,28.7855],[116.2913,28.7915],[116.2751,28.7892],[116.2717,28.8079],[116.2682,28.8043],[116.2542,28.8026],[116.2456,28.8063],[116.2377,28.8078],[116.2363,28.8202],[116.2435,28.8343],[116.2404,28.8439],[116.225,28.8554],[116.2242,28.8599],[116.2442,28.8765],[116.2515,28.8697],[116.2559,28.8712],[116.2727,28.8725],[116.2807,28.8695],[116.2925,28.8732],[116.2977,28.8686],[116.3025,28.8726],[116.3081,28.8713],[116.317,28.8737],[116.3259,28.8808],[116.3371,28.8806],[116.3411,28.884],[116.3393,28.8908],[116.3476,28.9035],[116.3535,28.9051],[116.3536,28.9132],[116.3631,28.932],[116.3704,28.9418],[116.3756,28.9464],[116.3991,28.9566],[116.4011,28.9636],[116.4019,28.9823],[116.4032,28.9924],[116.4021,29.0089],[116.3973,29.0184],[116.4026,29.0284],[116.4045,29.0352],[116.3954,29.0556]]]]},"properties":{"region_code":"CN-36-3601","parent_region_code":"CN-36","name":"南昌市","level":"prefecture","has_children":true,"full_path":"中国 / 江西省 / 南昌市","source_admin_code":"3601","osm_relation_id":3169865}},
{"type":"Feature","geometry":{"type":"Polygon","coordinates":[[[117.0842,29.6995],[117.0883,29.6941],[117.0801,29.6877],[117.0757,29.6819],[117.0759,29.6755],[117.0808,29.664],[117.0752,29.6619],[117.0702,29.6453],[117.0678,29.643],[117.0551,29.6484],[117.0504,29.6399],[117.0437,29.6323],[117.0432,29.6227],[117.0307,29.6211],[117.0303,29.6164],[117.0224,29.6049],[117.0239,29.5976],[117.0335,29.5866],[117.0358,29.5801],[117.0359,29.5669],[117.039,29.5636],[117.0404,29.5544],[117.0366,29.5478],[117.0476,29.5394],[117.0477,29.531],[117.0445,29.5262],[117.0417,29.5111],[117.0465,29.5033],[117.0402,29.497],[117.0466,29.4886],[117.0384,29.4762],[117.0415,29.4554],[117.0389,29.4501],[117.0404,29.4441],[117.0494,29.4387],[117.0657,29.4371],[117.0646,29.4305],[117.0674,29.4171],[117.0568,29.4142],[117.0618,29.4075],[117.0604,29.4011],[117.0633,29.3962],[117.0622,29.3897],[117.0542,29.3866],[117.0483,29.3806],[117.0458,29.3703],[117.0362,29.3717],[117.0373,29.3665],[117.0326,29.3617],[117.0342,29.3541],[117.0394,29.3566],[117.0448,29.3552],[117.054,29.347],[117.0665,29.3427],[117.0675,29.3366],[117.0645,29.3309],[117.0705,29.3188],[117.0681,29.3139],[117.0556,29.3085],[117.0507,29.3021],[117.042,29.3041],[117.0373,29.303],[117.0375,29.2968],[117.0318,29.29],[117.0311,29.2858],[117.0237,29.2861],[117.018,29.2763],[117.0133,29.2802],[117.003,29.2837],[117.0022,29.2745],[117.0063,29.267],[117.0048,29.2613],[117.0123,29.2553],[117.0069,29.25],[117.0049,29.2447],[117.0103,29.2397],[117.0134,29.2324],[117.0136,29.2261],[117.0087,29.2221],[117.0128,29.2176],[117.006,29.2071],[117.0128,29.2006],[117.0126,29.1956],[117.0228,29.1856],[117.0266,29.1781],[117.0232,29.1659],[117.0331,29.1639],[117.0358,29.1581],[117.0441,29.1514],[117.0518,29.1525],[117.0549,29.1466],[117.0636,29.1394],[117.064,29.1313],[117.0747,29.125],[117.0645,29.1154],[117.0724,29.1072],[117.0675,29.1038],[117.0617,29.1073],[117.0571,29.1056],[117.0561,29.0987],[117.043,29.0968],[117.0394,29.0856],[117.0399,29.0787],[117.0482,29.0576],[117.0499,29.0466],[117.0399,29.0452],[117.0355,29.0392],[117.0311,29.0396],[117.0259,29.0357],[117.0212,29.0249],[117.0314,29.0212],[117.0349,29.0088],[117.023,29.0036],[117.0082,29.007],[117.0022,28.9967],[117.0018,28.986],[117.0061,28.9826],[116.9983,28.9721],[117.0016,28.9651],[116.9985,28.9547],[116.9883,28.9474],[116.9859,28.9508],[116.978,28.9505],[116.9765,28.9447],[116.9687,28.9325],[116.9658,28.9206],[116.9536,28.9111],[116.9522,28.9079],[116.9588,28.9017],[116.9589,28.8897],[116.9615,28.8838],[116.9679,28.8789],[116.9714,28.8854],[116.9762,28.8826],[116.9736,28.8749],[116.9786,28.8721],[116.9814,28.8667],[116.9886,28.8715],[116.9936,28.8621],[116.9995,28.8617],[117.0048,28.8581],[117.0044,28.8534],[117.0081,28.8457],[117.022,28.8416],[117.0293,28.8344],[117.0298,28.8294],[117.0358,28.8215],[117.0408,28.8081],[117.0435,28.8062],[117.0505,28.8139],[117.0562,28.8121],[117.0649,28.8184],[117.0802,28.8143],[117.08,28.8082],[117.0829,28.8039],[117.0887,28.8069],[117.0935,28.803],[117.1104,28.8041],[117.1189,28.7977],[117.1169,28.7837],[117.1203,28.7845],[117.1267,28.7961],[117.1312,28.7995],[117.1384,28.7982],[117.1366,28.7909],[117.1378,28.7858],[117.1474,28.7802],[117.1505,28.7853],[117.1577,28.7831],[117.163,28.7778],[117.1704,28.7738],[117.1661,28.7632],[117.1688,28.7548],[117.1769,28.7514],[117.181,28.7451],[117.1865,28.744],[117.1878,28.7503],[117.1948,28.7495],[117.1968,28.7451],[117.2214,28.7526],[117.227,28.7461],[117.2343,28.7467],[117.2369,28.7407],[117.2356,28.7309],[117.2431,28.7223],[117.2516,28.7228],[117.2597,28.7303],[117.2687,28.7261],[117.2694,28.7339],[117.2737,28.7393],[117.2827,28.7424],[117.2942,28.7482],[117.2997,28.7613],[117.3191,28.766],[117.3248,28.7764],[117.342,28.7767],[117.3455,28.7785],[117.3507,28.7728],[117.3567,28.7696],[117.3686,28.7719],[117.3803,28.7779],[117.3796,28.7841],[117.3876,28.7877],[117.3965,28.7868],[117.3943,28.8031],[117.3998,28.808],[117.3912,28.8126],[117.3863,28.8176],[117.3868,28.8269],[117.3892,28.8324],[117.3989,28.8306],[117.4081,28.8263],[117.4168,28.8283],[117.4228,28.8363],[117.4405,28.8377],[117.4479,28.8431],[117.4536,28.8435],[117.4568,28.8376],[117.4639,28.8364],[117.4684,28.8305],[117.473,28.8325],[117.4859,28.8328],[117.4919,28.8285],[117.498,28.8302],[117.5099,28.8253],[117.511,28.8184],[117.5204,28.8125],[117.5324,28.8161],[117.5428,28.8097],[117.546,28.8138],[117.5451,28.8195],[117.5403,28.8201],[117.5377,28.8304],[117.5401,28.8421],[117.5346,28.846],[117.5348,28.8531],[117.5398,28.8578],[117.542,28.8646],[117.546,28.8665],[117.5469,28.8776],[117.549,28.8798],[117.5501,28.8949],[117.5558,28.8984],[117.5525,28.902],[117.5399,28.9007],[117.5336,28.9035],[117.5297,28.9085],[117.525,28.908],[117.5188,28.9244],[117.5107,28.922],[117.507,28.9268],[117.5075,28.933],[117.4947,28.939],[117.4947,28.9454],[117.4888,28.9463],[117.4874,28.9598],[117.4825,28.9656],[117.477,28.9671],[117.4668,28.9621],[117.4551,28.9716],[117.457,28.976],[117.4656,28.9794],[117.4723,28.9781],[117.4775,28.9854],[117.4826,28.9844],[117.4859,28.9901],[117.4857,28.9956],[117.4885,29.004],[117.4814,29.0084],[117.4756,29.018],[117.489,29.0254],[117.4908,29.0285],[117.485,29.0328],[117.4924,29.0389],[117.4894,29.0446],[117.4981,29.047],[117.498,29.0517],[117.515,29.0531],[117.5178,29.0577],[117.5113,29.0609],[117.5065,29.0659],[117.5066,29.0705],[117.4998,29.0712],[117.4962,29.0769],[117.497,29.0824],[117.5018,29.0874],[117.5024,29.0948],[117.51,29.0999],[117.5063,29.1072],[117.4997,29.1029],[117.4918,29.1074],[117.4876,29.1072],[117.4883,29.115],[117.4822,29.1192],[117.4775,29.1255],[117.4821,29.1294],[117.4828,29.1351],[117.4901,29.1428],[117.4905,29.1545],[117.4923,29.1589],[117.4872,29.1654],[117.474,29.1644],[117.4668,29.1603],[117.4584,29.1524],[117.4521,29.158],[117.44,29.159],[117.4367,29.1523],[117.4328,29.138],[117.4247,29.1395],[117.4153,29.1386],[117.409,29.147],[117.398,29.1486],[117.3901,29.1543],[117.3816,29.1579],[117.3828,29.1652],[117.3809,29.179],[117.378,29.1853],[117.3715,29.1885],[117.3699,29.1954],[117.3724,29.2027],[117.3837,29.2203],[117.3789,29.2317],[117.3971,29.2467],[117.4011,29.2523],[117.4137,29.2514],[117.4226,29.2554],[117.4246,29.2607],[117.4404,29.2688],[117.4434,29.2773],[117.4483,29.28],[117.4436,29.2864],[117.4347,29.2947],[117.4342,29.2993],[117.4262,29.3071],[117.4262,29.3115],[117.4347,29.3241],[117.4417,29.3257],[117.4623,29.3381],[117.4663,29.337],[117.4775,29.341],[117.4876,29.3495],[117.4818,29.3585],[117.4811,29.3636],[117.4864,29.3684],[117.487,29.3801],[117.4836,29.3851],[117.484,29.3924],[117.481,29.3945],[117.4799,29.4023],[117.5018,29.4043],[117.5095,29.4089],[117.5123,29.4136],[117.5056,29.4204],[117.5063,29.4258],[117.5027,29.4325],[117.5066,29.4405],[117.5155,29.4441],[117.5244,29.4329],[117.5323,29.4355],[117.5397,29.4471],[117.5404,29.4509],[117.5463,29.4555],[117.5623,29.4609],[117.5679,29.4595],[117.5734,29.4647],[117.5661,29.4709],[117.571,29.4874],[117.5796,29.4902],[117.5828,29.4863],[117.5839,29.476],[117.5908,29.4726],[117.6016,29.4812],[117.6059,29.492],[117.6089,29.5048],[117.6149,29.5146],[117.6215,29.5132],[117.6238,29.5077],[117.6352,29.5106],[117.637,29.516],[117.6419,29.518],[117.6421,29.5261],[117.6486,29.533],[117.6507,29.538],[117.6646,29.5297],[117.6786,29.5308],[117.6981,29.548],[117.7045,29.5509],[117.6936,29.5567],[117.6856,29.5565],[117.678,29.565],[117.6751,29.5708],[117.6792,29.5755],[117.6802,29.5871],[117.6777,29.5943],[117.6734,29.5969],[117.6639,29.5967],[117.6588,29.6122],[117.6498,29.6123],[117.643,29.6171],[117.6349,29.6148],[117.6303,29.6109],[117.6224,29.6083],[117.6208,29.6044],[117.6075,29.5931],[117.6012,29.5929],[117.5935,29.5859],[117.5856,29.5857],[117.5771,29.5952],[117.5705,29.5954],[117.5625,29.5929],[117.5517,29.5931],[117.5496,29.5966],[117.5409,29.597],[117.5369,29.5912],[117.5335,29.6002],[117.5291,29.6011],[117.5238,29.6115],[117.5222,29.6247],[117.5192,29.6279],[117.519,29.6364],[117.521,29.6481],[117.526,29.6526],[117.5225,29.6617],[117.5094,29.6675],[117.5042,29.6744],[117.4963,29.6693],[117.4947,29.6653],[117.4851,29.6636],[117.4783,29.6693],[117.4727,29.6672],[117.4676,29.6692],[117.4693,29.6828],[117.4639,29.6874],[117.4589,29.683],[117.4454,29.6943],[117.4453,29.7038],[117.4513,29.713],[117.4517,29.7211],[117.4467,29.7271],[117.4545,29.7346],[117.4479,29.7418],[117.4405,29.7466],[117.4384,29.7507],[117.443,29.7579],[117.4398,29.7639],[117.4317,29.7613],[117.4247,29.7659],[117.4222,29.7728],[117.4158,29.7776],[117.414,29.7867],[117.407,29.7902],[117.4077,29.7963],[117.4031,29.8029],[117.4124,29.8104],[117.4113,29.8208],[117.4172,29.8289],[117.42,29.8384],[117.4244,29.8439],[117.4231,29.8478],[117.4148,29.8532],[117.388,29.8481],[117.3816,29.8438],[117.3782,29.8209],[117.3726,29.8231],[117.3648,29.8147],[117.3556,29.8141],[117.3509,29.816],[117.3489,29.8227],[117.3424,29.8252],[117.3436,29.8327],[117.337,29.8371],[117.3418,29.8469],[117.3288,29.8567],[117.3225,29.8497],[117.3176,29.8481],[117.3157,29.8418],[117.3118,29.8398],[117.299,29.8417],[117.285,29.8382],[117.2893,29.8281],[117.2844,29.8236],[117.2701,29.8276],[117.2645,29.8348],[117.2511,29.8357],[117.2417,29.8436],[117.2381,29.8509],[117.2506,29.8618],[117.2555,29.8719],[117.2564,29.8803],[117.2612,29.8851],[117.2582,29.8972],[117.2517,29.9056],[117.2519,29.9099],[117.2464,29.9159],[117.2329,29.9192],[117.2248,29.9182],[117.2129,29.9273],[117.2015,29.9332],[117.1955,29.9272],[117.1861,29.9273],[117.1746,29.9248],[117.1659,29.9203],[117.157,29.9236],[117.1521,29.9191],[117.1468,29.9194],[117.1368,29.9143],[117.1329,29.9093],[117.1248,29.906],[117.1199,29.8935],[117.1213,29.8896],[117.128,29.8837],[117.1234,29.8645],[117.1108,29.8612],[117.1079,29.8581],[117.0973,29.8542],[117.0948,29.8471],[117.085,29.8393],[117.0763,29.8403],[117.0695,29.8356],[117.0666,29.8308],[117.0683,29.825],[117.0805,29.8222],[117.1017,29.8044],[117.1025,29.7997],[117.1187,29.8029],[117.1211,29.7947],[117.1337,29.7859],[117.1279,29.7732],[117.1202,29.7676],[117.1127,29.7643],[117.1069,29.7539],[117.0995,29.7516],[117.1049,29.7429],[117.1099,29.7396],[117.1151,29.7277],[117.1111,29.7126],[117.1073,29.7091],[117.0958,29.7103],[117.0891,29.708],[117.0842,29.6995]]]},"properties":{"region_code":"CN-36-3602","parent_region_code":"CN-36","name":"景德镇市","level":"prefecture","has_children":true,"full_path":"中国 / 江西省 / 景德镇市","source_admin_code":"3602","osm_relation_id":3224017}},
{"type":"Feature","geometry":{"type":"Polygon","coordinates":[[[113.9158,26.9633],[113.925,26.977],[113.9251,26.982],[113.9327,26.9874],[113.934,26.9952],[113.9449,27.0012],[113.9531,27.0006],[113.9589,27.0059],[113.9519,27.0176],[113.9527,27.0265],[113.9578,27.0299],[113.9626,27.0371],[113.9697,27.0362],[113.9778,27.0492],[113.9831,27.0542],[113.9887,27.0547],[113.9934,27.0639],[113.992,27.0671],[113.9963,27.0729],[113.9892,27.0804],[113.9906,27.0919],[113.9997,27.0994],[114.0033,27.1161],[114.0089,27.1275],[114.0167,27.1361],[114.028,27.1507],[114.0352,27.1551],[114.04,27.161],[114.0485,27.1614],[114.0686,27.1568],[114.0725,27.1652],[114.0774,27.1677],[114.081,27.1738],[114.0818,27.1807],[114.0868,27.1938],[114.0928,27.2001],[114.0891,27.2071],[114.0906,27.2131],[114.1032,27.224],[114.1097,27.2262],[114.1154,27.2209],[114.1198,27.2246],[114.1288,27.2284],[114.1387,27.2352],[114.15,27.2449],[114.1526,27.2488],[114.1421,27.2657],[114.1418,27.2842],[114.1368,27.2984],[114.1336,27.3001],[114.1343,27.3084],[114.1388,27.3152],[114.121,27.3189],[114.1169,27.3137],[114.1112,27.314],[114.0997,27.3208],[114.0959,27.3262],[114.0968,27.3321],[114.0828,27.3356],[114.0766,27.3342],[114.0648,27.3412],[114.0658,27.351],[114.0622,27.3537],[114.0617,27.3598],[114.0516,27.3611],[114.0422,27.3708],[114.0422,27.3774],[114.034,27.3821],[114.0235,27.3846],[114.016,27.3954],[114.0201,27.3993],[114.0166,27.4075],[114.0205,27.4103],[114.0254,27.4222],[114.0247,27.4293],[114.0346,27.437],[114.0482,27.4366],[114.0539,27.4338],[114.0645,27.4389],[114.0766,27.4313],[114.0845,27.4332],[114.092,27.4372],[114.1074,27.4399],[114.1167,27.4325],[114.1279,27.435],[114.1354,27.4337],[114.143,27.4356],[114.1505,27.4424],[114.1564,27.4423],[114.1679,27.4478],[114.1725,27.4532],[114.1762,27.4699],[114.1815,27.4744],[114.1876,27.4753],[114.1908,27.4835],[114.1956,27.4903],[114.1997,27.5],[114.1928,27.5084],[114.197,27.5237],[114.2031,27.5245],[114.2138,27.5289],[114.221,27.5425],[114.2209,27.5509],[114.2353,27.5614],[114.2423,27.5606],[114.2484,27.5654],[114.2564,27.5666],[114.2614,27.5741],[114.2666,27.5753],[114.2767,27.5814],[114.2681,27.5798],[114.2628,27.5832],[114.2613,27.5889],[114.2552,27.5923],[114.2462,27.5942],[114.2449,27.5986],[114.2386,27.6007],[114.2349,27.6059],[114.227,27.6106],[114.227,27.6138],[114.2153,27.6202],[114.2137,27.6268],[114.2085,27.6294],[114.2085,27.635],[114.2051,27.6395],[114.1906,27.6435],[114.1927,27.6467],[114.2001,27.6456],[114.2116,27.6628],[114.2117,27.6705],[114.2088,27.6744],[114.1965,27.6828],[114.1977,27.6881],[114.1872,27.6954],[114.1921,27.7022],[114.1867,27.7068],[114.1828,27.7152],[114.1732,27.7265],[114.1733,27.7348],[114.1685,27.739],[114.1576,27.7407],[114.1535,27.7366],[114.1473,27.737],[114.1557,27.7452],[114.1512,27.7484],[114.1488,27.7552],[114.1375,27.7579],[114.1353,27.7648],[114.1255,27.7645],[114.1155,27.7733],[114.1081,27.7738],[114.1049,27.7674],[114.11,27.7596],[114.0987,27.7551],[114.0877,27.7584],[114.0788,27.7502],[114.0749,27.7506],[114.0655,27.7452],[114.0606,27.7468],[114.0379,27.7444],[114.0281,27.7592],[114.0214,27.7597],[114.0153,27.7649],[114.0031,27.7599],[114.0022,27.7563],[113.9912,27.755],[113.9776,27.767],[113.9708,27.7626],[113.9672,27.7654],[113.9671,27.7775],[113.9585,27.781],[113.9529,27.786],[113.9548,27.797],[113.9651,27.8038],[113.9614,27.8109],[113.9653,27.817],[113.9549,27.8166],[113.9374,27.8124],[113.936,27.8069],[113.9295,27.8056],[113.9266,27.8122],[113.9316,27.8147],[113.9311,27.8248],[113.9261,27.829],[113.926,27.8366],[113.9183,27.8333],[113.9033,27.8348],[113.8916,27.8418],[113.8938,27.8493],[113.9029,27.8444],[113.9069,27.8503],[113.9034,27.8564],[113.9043,27.8673],[113.8953,27.8706],[113.8879,27.8771],[113.9,27.8834],[113.9002,27.8901],[113.918,27.9058],[113.9313,27.916],[113.9423,27.9155],[113.9333,27.9076],[113.938,27.9017],[113.951,27.9118],[113.9494,27.9163],[113.9586,27.9228],[113.9691,27.9202],[113.9725,27.9237],[113.9715,27.9308],[113.9815,27.9375],[113.9853,27.9449],[113.9952,27.9454],[113.9953,27.9541],[114.0016,27.9601],[113.9944,27.9611],[113.9906,27.9645],[113.9903,27.9748],[113.9821,27.9778],[113.9735,27.9784],[113.9712,27.9702],[113.9664,27.9681],[113.9579,27.9685],[113.9492,27.9737],[113.9433,27.9866],[113.944,27.9929],[113.9356,27.9931],[113.9251,27.9883],[113.9177,27.9889],[113.9177,27.9951],[113.9105,27.9965],[113.909,27.9948],[113.8933,27.9908],[113.8734,27.9954],[113.8642,28.0077],[113.8595,28.0086],[113.8545,28.0051],[113.8532,28.0001],[113.8469,27.992],[113.8456,27.9776],[113.8398,27.9752],[113.8239,27.9748],[113.8197,27.9843],[113.8147,27.9855],[113.8031,27.9787],[113.796,27.9768],[113.7905,27.9709],[113.7878,27.9648],[113.7901,27.9597],[113.7828,27.9579],[113.7709,27.9577],[113.7651,27.9557],[113.7573,27.9451],[113.749,27.9389],[113.7404,27.9245],[113.7377,27.9156],[113.7334,27.9124],[113.7252,27.8917],[113.7227,27.8793],[113.7283,27.8717],[113.7351,27.8717],[113.7515,27.862],[113.7544,27.8438],[113.7513,27.8388],[113.7596,27.8309],[113.7614,27.8241],[113.7595,27.8101],[113.7603,27.8041],[113.7535,27.8007],[113.7496,27.7935],[113.7331,27.7761],[113.7242,27.7728],[113.7164,27.7619],[113.7097,27.758],[113.6937,27.7415],[113.6959,27.728],[113.6727,27.7061],[113.6686,27.7059],[113.6676,27.6993],[113.6575,27.6829],[113.6532,27.678],[113.6531,27.6711],[113.6415,27.6603],[113.6387,27.66],[113.6261,27.6503],[113.6204,27.6485],[113.6129,27.6396],[113.6096,27.6423],[113.6016,27.6391],[113.6,27.6291],[113.6042,27.6221],[113.5998,27.6145],[113.5984,27.6076],[113.599,27.597],[113.6034,27.592],[113.5958,27.5821],[113.5944,27.5714],[113.5875,27.5684],[113.5855,27.5623],[113.579,27.557],[113.5749,27.5506],[113.5773,27.5438],[113.5751,27.5385],[113.5788,27.5301],[113.5889,27.5259],[113.5972,27.5187],[113.6049,27.5181],[113.6106,27.5213],[113.6143,27.5289],[113.6234,27.5174],[113.6169,27.5072],[113.6219,27.5031],[113.6145,27.4967],[113.6078,27.4872],[113.609,27.4824],[113.5985,27.479],[113.5937,27.4733],[113.5848,27.471],[113.591,27.4646],[113.5899,27.457],[113.5951,27.4533],[113.5916,27.4482],[113.5947,27.4368],[113.5923,27.4322],[113.5961,27.4236],[113.6024,27.421],[113.6181,27.4216],[113.6208,27.4187],[113.6194,27.4119],[113.6265,27.4095],[113.6246,27.4047],[113.6173,27.4042],[113.6016,27.3914],[113.5949,27.3912],[113.5934,27.381],[113.5989,27.3748],[113.5987,27.3638],[113.6149,27.3513],[113.6399,27.3554],[113.6591,27.3469],[113.6615,27.3399],[113.6705,27.3295],[113.6773,27.3353],[113.6943,27.3354],[113.7076,27.344],[113.7118,27.3546],[113.7174,27.3537],[113.7263,27.3467],[113.7336,27.351],[113.7437,27.3603],[113.758,27.3598],[113.7711,27.3637],[113.7783,27.3625],[113.7915,27.3685],[113.8052,27.3688],[113.8108,27.3652],[113.8195,27.3653],[113.8236,27.3678],[113.8227,27.3738],[113.8263,27.3769],[113.839,27.378],[113.8444,27.3715],[113.8515,27.372],[113.8616,27.3821],[113.8656,27.3804],[113.8658,27.3727],[113.8691,27.3689],[113.8631,27.3401],[113.8529,27.3293],[113.8553,27.3229],[113.848,27.3167],[113.8441,27.311],[113.8521,27.2962],[113.8651,27.2986],[113.8627,27.2851],[113.8514,27.2694],[113.8518,27.2629],[113.848,27.2577],[113.8475,27.2412],[113.8404,27.2343],[113.825,27.2162],[113.8257,27.2049],[113.8165,27.1946],[113.8067,27.1681],[113.7968,27.1649],[113.7908,27.1597],[113.7827,27.1435],[113.778,27.1417],[113.7702,27.1308],[113.7688,27.1247],[113.7681,27.1056],[113.7696,27.0951],[113.7758,27.0901],[113.7794,27.0905],[113.7946,27.1018],[113.8006,27.0982],[113.8043,27.0743],[113.8073,27.07],[113.8064,27.0616],[113.8075,27.0492],[113.8157,27.048],[113.8288,27.0396],[113.8386,27.0295],[113.8391,27.0201],[113.8456,27.0217],[113.8548,27.0209],[113.8544,27.0155],[113.8596,27.0118],[113.8608,26.9967],[113.8731,26.9871],[113.8814,26.9784],[113.8874,26.9675],[113.9058,26.9622],[113.9158,26.9633]]]},"properties":{"region_code":"CN-36-3603","parent_region_code":"CN-36","name":"萍乡市","level":"prefecture","has_children":true,"full_path":"中国 / 江西省 / 萍乡市","source_admin_code":"3603","osm_relation_id":3189984}},
{"type":"Feature","geometry":{"type":"MultiPolygon","coordinates":[[[[116.7109,29.6918],[116.7107,29.6995],[116.7013,29.6987],[116.7,29.6915],[116.7109,29.6918]]],[[[116.3954,29.0556],[116.4015,29.0589],[116.41,29.0714],[116.4184,29.0796],[116.4326,29.0976],[116.4324,29.1067],[116.438,29.1108],[116.4435,29.1086],[116.4526,29.1182],[116.4465,29.1268],[116.468,29.1585],[116.5428,29.1588],[116.5817,29.1873],[116.6417,29.2323],[116.6233,29.2431],[116.6062,29.2517],[116.5989,29.2541],[116.5888,29.2552],[116.5903,29.2612],[116.5854,29.2625],[116.5842,29.2782],[116.5786,29.2808],[116.5784,29.2847],[116.5708,29.2891],[116.5605,29.2985],[116.5578,29.3049],[116.56,29.315],[116.5477,29.3256],[116.5398,29.3367],[116.5373,29.3438],[116.5329,29.346],[116.5382,29.354],[116.5369,29.3622],[116.5497,29.3582],[116.55,29.3677],[116.544,29.3705],[116.5552,29.3794],[116.552,29.3857],[116.5439,29.3916],[116.5437,29.3951],[116.5378,29.3997],[116.5332,29.4146],[116.5357,29.4177],[116.525,29.4263],[116.5164,29.4256],[116.5121,29.4357],[116.5179,29.4437],[116.5158,29.4503],[116.5196,29.4553],[116.5201,29.4637],[116.5298,29.4618],[116.5329,29.4637],[116.5351,29.4735],[116.5341,29.4815],[116.5307,29.4864],[116.5239,29.4874],[116.5153,29.4949],[116.5181,29.5022],[116.5278,29.5071],[116.5276,29.5158],[116.5238,29.5218],[116.5309,29.5272],[116.5284,29.5301],[116.5299,29.5423],[116.526,29.5468],[116.5303,29.5588],[116.5247,29.5595],[116.5173,29.5569],[116.5126,29.5641],[116.5046,29.5576],[116.4973,29.5685],[116.4869,29.5745],[116.4899,29.5796],[116.5009,29.5869],[116.5084,29.606],[116.5127,29.6141],[116.5176,29.6139],[116.5238,29.6056],[116.5305,29.6079],[116.5394,29.6011],[116.5558,29.5971],[116.5637,29.6011],[116.5738,29.596],[116.5769,29.5903],[116.5754,29.5853],[116.5841,29.5792],[116.5881,29.5815],[116.5953,29.5802],[116.5991,29.5765],[116.6086,29.5741],[116.6146,29.5855],[116.6231,29.5834],[116.6406,29.5848],[116.6411,29.5938],[116.6444,29.5996],[116.6426,29.6062],[116.6536,29.6109],[116.6683,29.601],[116.6741,29.6058],[116.679,29.6087],[116.6777,29.6192],[116.6598,29.6341],[116.6509,29.6374],[116.6454,29.646],[116.6545,29.6615],[116.6646,29.6656],[116.6686,29.6708],[116.6839,29.6761],[116.6763,29.6866],[116.6685,29.6912],[116.6473,29.6907],[116.6446,29.699],[116.6506,29.704],[116.6622,29.703],[116.6658,29.7056],[116.6652,29.7119],[116.6704,29.7152],[116.6719,29.7198],[116.6712,29.7293],[116.6746,29.7303],[116.6831,29.743],[116.6913,29.7431],[116.7041,29.7462],[116.7051,29.7521],[116.7124,29.759],[116.7104,29.7625],[116.7172,29.7679],[116.7216,29.7757],[116.7267,29.7748],[116.7355,29.7775],[116.7363,29.7861],[116.7398,29.7934],[116.747,29.7996],[116.7523,29.8003],[116.7573,29.8081],[116.7826,29.7942],[116.7919,29.8046],[116.7979,29.8032],[116.7977,29.8109],[116.8041,29.8195],[116.8158,29.8182],[116.8235,29.8223],[116.8236,29.8274],[116.8172,29.8371],[116.8269,29.8411],[116.8415,29.8508],[116.8451,29.8594],[116.8504,29.8669],[116.8618,29.8759],[116.8632,29.8818],[116.8709,29.885],[116.8773,29.8953],[116.8806,29.8975],[116.881,29.9081],[116.885,29.9124],[116.8913,29.9137],[116.8928,29.919],[116.8868,29.9253],[116.8891,29.9311],[116.8897,29.9418],[116.8989,29.9468],[116.8995,29.951],[116.8914,29.9713],[116.882,29.9702],[116.8799,29.9781],[116.8731,29.9763],[116.871,29.9811],[116.864,29.9841],[116.8484,29.9739],[116.8402,29.972],[116.8304,29.9733],[116.8299,29.9645],[116.8239,29.9658],[116.8216,29.9795],[116.8249,29.9917],[116.8231,30.0001],[116.8248,30.0135],[116.8202,30.0126],[116.8172,30.0055],[116.8095,30.0017],[116.8059,30.0027],[116.7968,29.9989],[116.7928,30.0067],[116.7878,30.0099],[116.7836,30.0169],[116.7854,30.0215],[116.7805,30.0247],[116.7695,30.0438],[116.7608,30.0466],[116.7576,30.0517],[116.7504,30.0525],[116.7424,30.0594],[116.7301,30.0565],[116.7157,30.0567],[116.71,30.0586],[116.6813,30.0732],[116.6696,30.0777],[116.6567,30.08],[116.6379,30.0791],[116.6157,30.0758],[116.6064,30.0735],[116.5993,30.0693],[116.5918,30.0624],[116.5808,30.0479],[116.5725,30.0324],[116.5667,30.0169],[116.5651,30.0011],[116.5667,29.9925],[116.5608,29.9583],[116.5539,29.9268],[116.5472,29.9126],[116.5366,29.9043],[116.5208,29.9003],[116.5094,29.8999],[116.4748,29.9005],[116.4624,29.8987],[116.4363,29.8822],[116.3872,29.8581],[116.3548,29.8463],[116.3301,29.8333],[116.3197,29.8235],[116.2994,29.8084],[116.2752,29.7926],[116.2586,29.784],[116.249,29.7887],[116.2181,29.8261],[116.203,29.8317],[116.1883,29.8324],[116.158,29.8319],[116.1415,29.8295],[116.1182,29.8213],[116.1038,29.8134],[116.0773,29.7955],[116.066,29.785],[116.0533,29.7689],[116.0274,29.7564],[115.9831,29.7363],[115.9608,29.7274],[115.9384,29.7238],[115.9277,29.7239],[115.9049,29.727],[115.8325,29.751],[115.79,29.7758],[115.7567,29.7963],[115.7013,29.8408],[115.6781,29.8505],[115.6633,29.8531],[115.6496,29.8514],[115.6038,29.8418],[115.5658,29.8384],[115.5499,29.8384],[115.5186,29.8403],[115.5052,29.8418],[115.5013,29.8266],[115.4855,29.821],[115.4793,29.82],[115.4724,29.8124],[115.464,29.8082],[115.4702,29.8034],[115.4712,29.792],[115.4669,29.79],[115.4704,29.7821],[115.4669,29.7755],[115.4587,29.772],[115.4601,29.7561],[115.4662,29.7617],[115.4713,29.7565],[115.4696,29.7469],[115.4608,29.7354],[115.4519,29.7351],[115.4484,29.7251],[115.4389,29.7267],[115.4326,29.7164],[115.4257,29.7124],[115.4186,29.711],[115.42,29.7054],[115.413,29.7],[115.4135,29.6893],[115.4071,29.6802],[115.3955,29.6841],[115.3905,29.6768],[115.3865,29.6776],[115.3753,29.6708],[115.3611,29.659],[115.3537,29.6494],[115.3504,29.652],[115.34,29.6508],[115.3316,29.6527],[115.3226,29.6495],[115.315,29.64],[115.3094,29.638],[115.3021,29.64],[115.2927,29.6314],[115.2851,29.6267],[115.283,29.6225],[115.2735,29.6256],[115.2658,29.6258],[115.2528,29.6443],[115.269,29.6503],[115.2655,29.6567],[115.2586,29.6604],[115.248,29.6611],[115.243,29.6583],[115.2319,29.6569],[115.2264,29.654],[115.2157,29.6556],[115.2057,29.655],[115.1991,29.657],[115.1668,29.6596],[115.1589,29.6584],[115.1457,29.6607],[115.1385,29.6662],[115.1296,29.6785],[115.1295,29.6831],[115.12,29.6827],[115.1111,29.6855],[115.1054,29.6782],[115.1052,29.6707],[115.1015,29.6668],[115.1035,29.6614],[115.123,29.6517],[115.1346,29.6538],[115.1389,29.6456],[115.1372,29.639],[115.1302,29.6393],[115.1266,29.6333],[115.1272,29.6213],[115.1304,29.6176],[115.1252,29.6134],[115.124,29.603],[115.1115,29.5999],[115.128,29.5928],[115.1366,29.5984],[115.1502,29.6016],[115.1518,29.6051],[115.1701,29.6008],[115.1707,29.5923],[115.1522,29.5875],[115.1523,29.5801],[115.1482,29.5787],[115.152,29.5664],[115.1475,29.5597],[115.1508,29.5546],[115.146,29.5498],[115.1485,29.5442],[115.146,29.5378],[115.1409,29.5353],[115.149,29.5297],[115.1499,29.522],[115.155,29.5122],[115.1534,29.5086],[115.1298,29.5143],[115.1243,29.5114],[115.1193,29.5121],[115.0955,29.5229],[115.0852,29.5216],[115.0814,29.5258],[115.0945,29.5529],[115.0825,29.5627],[115.0764,29.559],[115.0669,29.5605],[115.0636,29.5577],[115.0502,29.5536],[115.0415,29.5547],[115.0281,29.5493],[115.0189,29.5582],[115.0139,29.5576],[115.0077,29.5672],[114.9985,29.5704],[114.9885,29.5654],[114.9799,29.5646],[114.9763,29.5671],[114.9695,29.5576],[114.9654,29.555],[114.9506,29.5525],[114.9489,29.5474],[114.9432,29.5467],[114.9409,29.5371],[114.9417,29.5306],[114.952,29.5273],[114.9586,29.5289],[114.968,29.5229],[114.9673,29.5191],[114.9587,29.5133],[114.9566,29.5053],[114.9458,29.4998],[114.9341,29.4969],[114.9266,29.5032],[114.9183,29.5045],[114.9221,29.5233],[114.9169,29.5237],[114.9135,29.5134],[114.902,29.5095],[114.897,29.513],[114.9001,29.5211],[114.9036,29.5221],[114.8984,29.5325],[114.8906,29.5304],[114.8888,29.5148],[114.884,29.504],[114.8771,29.5042],[114.8784,29.496],[114.8706,29.4921],[114.8665,29.483],[114.8573,29.4808],[114.8542,29.4751],[114.8568,29.4702],[114.8622,29.4681],[114.8678,29.4725],[114.8716,29.4705],[114.873,29.4626],[114.8777,29.4549],[114.878,29.4425],[114.8798,29.4388],[114.8877,29.4417],[114.8983,29.4511],[114.9095,29.4529],[114.9186,29.4648],[114.9142,29.4679],[114.9016,29.4705],[114.9057,29.4778],[114.9108,29.4802],[114.9129,29.4855],[114.9215,29.4905],[114.9294,29.4908],[114.9344,29.4869],[114.9296,29.4793],[114.9336,29.4721],[114.9415,29.4667],[114.9352,29.4645],[114.9321,29.4554],[114.928,29.4496],[114.9228,29.4497],[114.9238,29.4418],[114.9274,29.4375],[114.9261,29.4285],[114.9221,29.4191],[114.9187,29.4185],[114.9112,29.424],[114.906,29.4242],[114.8992,29.4151],[114.8949,29.4058],[114.8877,29.3997],[114.874,29.3938],[114.8734,29.4024],[114.8642,29.4076],[114.8479,29.403],[114.8373,29.3972],[114.8209,29.3924],[114.8014,29.3793],[114.7973,29.3821],[114.7841,29.3864],[114.7779,29.3857],[114.768,29.3773],[114.7605,29.3774],[114.7576,29.3683],[114.7541,29.3649],[114.7375,29.3669],[114.7352,29.3686],[114.7353,29.3909],[114.7314,29.3956],[114.708,29.3975],[114.6889,29.3907],[114.6757,29.3899],[114.668,29.3965],[114.6606,29.3924],[114.653,29.393],[114.6398,29.3835],[114.6283,29.3815],[114.6196,29.3846],[114.61,29.3795],[114.6007,29.3647],[114.5959,29.3606],[114.5893,29.3594],[114.5798,29.353],[114.5645,29.3475],[114.5518,29.3474],[114.5436,29.3378],[114.5369,29.3338],[114.5287,29.3337],[114.5072,29.3274],[114.4975,29.3263],[114.4919,29.3321],[114.4873,29.3293],[114.4796,29.329],[114.4732,29.3313],[114.4591,29.3253],[114.4505,29.3286],[114.4431,29.3388],[114.4352,29.3441],[114.4209,29.339],[114.4118,29.3375],[114.3942,29.3401],[114.3839,29.3363],[114.3819,29.3334],[114.3687,29.3235],[114.3559,29.3277],[114.3444,29.3238],[114.3371,29.3285],[114.3293,29.3366],[114.3273,29.3453],[114.3189,29.3597],[114.3053,29.3681],[114.2955,29.365],[114.2901,29.3611],[114.2803,29.3588],[114.2775,29.3558],[114.2711,29.3563],[114.2585,29.3503],[114.2536,29.3463],[114.2572,29.3231],[114.2515,29.3194],[114.2454,29.3092],[114.246,29.3042],[114.2546,29.299],[114.2559,29.2925],[114.2497,29.2868],[114.2498,29.272],[114.2409,29.2676],[114.2481,29.2525],[114.2494,29.2418],[114.247,29.2368],[114.2362,29.2347],[114.2251,29.2397],[114.2105,29.2368],[114.2115,29.2324],[114.1965,29.2261],[114.1855,29.2255],[114.1716,29.2157],[114.1648,29.2192],[114.1564,29.2194],[114.1418,29.2152],[114.1383,29.213],[114.126,29.2176],[114.1196,29.2139],[114.1013,29.2162],[114.0664,29.2081],[114.0649,29.2026],[114.0546,29.1911],[114.0524,29.185],[114.047,29.1785],[114.0389,29.1756],[114.0328,29.1643],[114.0152,29.1461],[114.0083,29.1449],[114.0006,29.1405],[113.9931,29.1324],[113.9817,29.1288],[113.9802,29.123],[113.9688,29.107],[113.9612,29.1015],[113.9506,29.1033],[113.9474,29.1004],[113.9466,29.0846],[113.9444,29.0793],[113.9468,29.0719],[113.9443,29.0619],[113.9379,29.0545],[113.9412,29.0464],[113.9428,29.0347],[113.9409,29.0211],[113.9507,29.0065],[113.9563,29.0008],[113.9514,28.9893],[113.9503,28.9815],[113.9565,28.964],[113.9614,28.9474],[113.9684,28.941],[113.9776,28.9504],[113.9848,28.9544],[113.9924,28.9549],[114.0006,28.9596],[114.0041,28.958],[114.0045,28.9488],[113.9985,28.9295],[113.9995,28.9214],[114.0091,28.9209],[114.0185,28.9108],[114.0213,28.8966],[114.0365,28.9104],[114.0483,28.909],[114.0573,28.9029],[114.0612,28.8875],[114.0564,28.8839],[114.0508,28.8735],[114.0532,28.8648],[114.0567,28.8597],[114.0541,28.8527],[114.0576,28.8488],[114.0643,28.8488],[114.0657,28.8436],[114.0748,28.8362],[114.0919,28.8367],[114.1004,28.8406],[114.1193,28.8462],[114.1289,28.8299],[114.1374,28.831],[114.144,28.838],[114.1484,28.8323],[114.1464,28.8248],[114.1491,28.8199],[114.1465,28.8046],[114.1433,28.7995],[114.1347,28.7921],[114.1319,28.7827],[114.1483,28.7738],[114.152,28.778],[114.1594,28.7817],[114.1578,28.7883],[114.1773,28.8023],[114.1844,28.8039],[114.1934,28.8119],[114.198,28.822],[114.2066,28.827],[114.208,28.8317],[114.213,28.8327],[114.2202,28.8243],[114.2194,28.8137],[114.2243,28.8099],[114.2268,28.8027],[114.2354,28.8015],[114.2394,28.8107],[114.2534,28.8092],[114.2566,28.7988],[114.2623,28.7928],[114.2651,28.7794],[114.2661,28.7678],[114.2701,28.7667],[114.2788,28.7601],[114.2845,28.7608],[114.2937,28.7509],[114.3036,28.7471],[114.3083,28.7384],[114.3076,28.7314],[114.3149,28.7275],[114.3239,28.7253],[114.3271,28.7199],[114.3356,28.7166],[114.3365,28.7123],[114.3491,28.7042],[114.3516,28.7065],[114.3593,28.7042],[114.3625,28.7149],[114.3663,28.7165],[114.3777,28.7116],[114.3849,28.7068],[114.3975,28.707],[114.4092,28.71],[114.4142,28.7175],[114.4271,28.7165],[114.4343,28.7095],[114.4405,28.7087],[114.4509,28.7026],[114.4597,28.6993],[114.463,28.7049],[114.457,28.7176],[114.4564,28.7232],[114.4615,28.7285],[114.4615,28.7324],[114.4699,28.7425],[114.4749,28.7461],[114.4751,28.7546],[114.4837,28.7576],[114.4925,28.7574],[114.5076,28.7613],[114.5143,28.7582],[114.519,28.7625],[114.5266,28.7641],[114.5307,28.7614],[114.5436,28.7612],[114.5444,28.7661],[114.5492,28.7705],[114.5568,28.7729],[114.5664,28.7733],[114.5742,28.7674],[114.5786,28.7467],[114.5778,28.743],[114.5877,28.726],[114.6046,28.7157],[114.6111,28.7132],[114.6131,28.7055],[114.6203,28.6977],[114.6302,28.6949],[114.6365,28.6957],[114.6418,28.6899],[114.6555,28.6917],[114.6594,28.6903],[114.6695,28.6945],[114.6929,28.6906],[114.7052,28.6953],[114.7151,28.6938],[114.7187,28.6913],[114.7313,28.6897],[114.7368,28.6985],[114.742,28.7031],[114.7513,28.708],[114.756,28.715],[114.7601,28.717],[114.7687,28.7153],[114.7835,28.7265],[114.7942,28.7279],[114.7984,28.733],[114.7985,28.7421],[114.7922,28.7592],[114.8004,28.7632],[114.8065,28.7728],[114.817,28.7698],[114.8222,28.7636],[114.8237,28.7571],[114.8354,28.7446],[114.8388,28.7473],[114.851,28.7501],[114.8546,28.7576],[114.8612,28.7591],[114.8661,28.7559],[114.8688,28.762],[114.8641,28.7687],[114.8675,28.7736],[114.8758,28.7768],[114.8791,28.7734],[114.8868,28.773],[114.8913,28.7758],[114.8918,28.7812],[114.897,28.7902],[114.9007,28.7908],[114.9116,28.8027],[114.9135,28.8102],[114.9102,28.8165],[114.9019,28.8228],[114.9049,28.8503],[114.9032,28.8548],[114.9187,28.8719],[114.929,28.8709],[114.95,28.8812],[114.9528,28.8897],[114.9456,28.9006],[114.9432,28.91],[114.9493,28.9181],[114.9442,28.9268],[114.9543,28.9383],[114.9616,28.9402],[114.964,28.9499],[114.9622,28.9601],[114.9636,28.9631],[114.9585,28.972],[114.9668,28.9813],[114.9783,28.986],[114.975,28.9918],[114.975,28.9978],[114.9836,29.0003],[114.9903,29.0106],[115.0112,29.0153],[115.0189,29.0123],[115.0299,29.0162],[115.0372,29.0167],[115.0449,29.0232],[115.0449,29.0341],[115.0554,29.0385],[115.0627,29.0362],[115.0676,29.0371],[115.0713,29.0429],[115.079,29.0473],[115.0897,29.0505],[115.0929,29.0545],[115.1029,29.0546],[115.1126,29.0593],[115.1205,29.0659],[115.1237,29.0657],[115.1408,29.0773],[115.1591,29.0798],[115.1714,29.0833],[115.1788,29.0868],[115.1845,29.0862],[115.1998,29.0899],[115.2106,29.0975],[115.226,29.0963],[115.2312,29.0932],[115.2439,29.0929],[115.2606,29.0975],[115.2644,29.1011],[115.275,29.1002],[115.2828,29.1026],[115.2885,29.098],[115.3063,29.1019],[115.314,29.1015],[115.3338,29.097],[115.3479,29.0895],[115.3602,29.0882],[115.3679,29.0844],[115.3881,29.0793],[115.39,29.0702],[115.4027,29.0691],[115.4044,29.0659],[115.4129,29.0661],[115.4154,29.0686],[115.4282,29.0679],[115.4418,29.0622],[115.4429,29.0578],[115.4343,29.0499],[115.4357,29.0425],[115.4455,29.0321],[115.4585,29.0289],[115.4635,29.0295],[115.4671,29.0214],[115.4698,29.0082],[115.4765,29.0126],[115.4889,29.0105],[115.4969,29.0172],[115.5063,29.0187],[115.5099,29.017],[115.5209,29.0166],[115.5235,29.013],[115.5325,29.009],[115.54,28.999],[115.5434,28.9889],[115.5502,28.9824],[115.5605,28.9774],[115.5687,28.9689],[115.5797,28.967],[115.5839,28.968],[115.5983,28.9642],[115.6043,28.9679],[115.6133,28.9659],[115.6169,28.9612],[115.618,28.9544],[115.6236,28.951],[115.6304,28.9518],[115.6408,28.9459],[115.6475,28.951],[115.6559,28.9519],[115.6634,28.947],[115.6702,28.9493],[115.6725,28.9561],[115.6775,28.9548],[115.6768,28.9462],[115.6687,28.9453],[115.6596,28.9397],[115.662,28.9319],[115.6698,28.9319],[115.6725,28.9255],[115.6806,28.9271],[115.7037,28.9246],[115.7142,28.9197],[115.7213,28.9253],[115.7203,28.9308],[115.7242,28.9355],[115.7312,28.9312],[115.7362,28.9253],[115.738,28.9194],[115.7443,28.9163],[115.7502,28.9087],[115.7514,28.9012],[115.7571,28.8964],[115.7643,28.8985],[115.7662,28.9039],[115.7708,28.907],[115.7803,28.9069],[115.7917,28.9022],[115.7985,28.9053],[115.7999,28.9123],[115.8069,28.91],[115.8121,28.9163],[115.8101,28.9214],[115.8136,28.9376],[115.8198,28.9431],[115.8183,28.9455],[115.8203,28.9587],[115.8158,28.9739],[115.8142,28.9834],[115.8143,29.0007],[115.8297,29.0007],[115.8296,29.0044],[115.8434,29.0041],[115.8499,28.9994],[115.8522,28.9943],[115.8566,28.9928],[115.8554,28.9853],[115.8683,28.9869],[115.8783,29.0004],[115.8768,29.0036],[115.8848,29.0103],[115.8847,29.0171],[115.877,29.0233],[115.8807,29.0272],[115.8857,29.0258],[115.895,29.0375],[115.9029,29.0362],[115.911,29.0457],[115.9168,29.0622],[115.9102,29.0752],[115.9156,29.0813],[115.918,29.0886],[115.9256,29.0969],[115.9326,29.0928],[115.9409,29.096],[115.9477,29.0961],[115.9532,29.0996],[115.9726,29.103],[115.9791,29.0922],[115.9828,29.0923],[115.9908,29.1017],[115.9918,29.1065],[115.9968,29.1101],[116.0032,29.1093],[116.0033,29.1022],[116.0111,29.097],[116.0135,29.0915],[116.0204,29.0937],[116.0226,29.0982],[116.0281,29.0987],[116.0343,29.1048],[116.0339,29.111],[116.0435,29.1084],[116.0592,29.1191],[116.0806,29.1157],[116.0884,29.1219],[116.1069,29.1204],[116.1273,29.1251],[116.1681,29.1208],[116.2017,29.1306],[116.207,29.1275],[116.2181,29.1301],[116.233,29.1359],[116.2588,29.1355],[116.2747,29.1369],[116.2785,29.1315],[116.282,29.1209],[116.2815,29.1155],[116.2858,29.1118],[116.311,29.0996],[116.3231,29.1042],[116.3278,29.0955],[116.3351,29.0881],[116.3521,29.0814],[116.362,29.0801],[116.3708,29.0751],[116.3732,29.0688],[116.3824,29.0588],[116.3903,29.0551],[116.3954,29.0556]],[[115.8013,28.9716],[115.8006,28.966],[115.7944,28.9552],[115.7861,28.9627],[115.7847,28.9714],[115.7906,28.9721],[115.791,28.9797],[115.7981,28.9826],[115.8013,28.9716]],[[115.7956,28.9525],[115.7974,28.949],[115.7964,28.9453],[115.8002,28.9428],[115.8012,28.9343],[115.7959,28.9287],[115.7909,28.9296],[115.7801,28.936],[115.7874,28.9397],[115.7911,28.938],[115.7965,28.9486],[115.7956,28.9525]]]]},"properties":{"region_code":"CN-36-3604","parent_region_code":"CN-36","name":"九江市","level":"prefecture","has_children":true,"full_path":"中国 / 江西省 / 九江市","source_admin_code":"3604","osm_relation_id":3190361}},
{"type":"Feature","geometry":{"type":"Polygon","coordinates":[[[115.4023,27.876],[115.39,27.88],[115.3823,27.8785],[115.376,27.8742],[115.364,27.8775],[115.3583,27.8717],[115.3441,27.8746],[115.3328,27.8698],[115.3289,27.8724],[115.3276,27.8787],[115.3177,27.8799],[115.3113,27.874],[115.3063,27.8749],[115.2956,27.8841],[115.2867,27.8841],[115.2662,27.8715],[115.2609,27.8729],[115.2578,27.8802],[115.247,27.8771],[115.2393,27.8806],[115.2281,27.8943],[115.2218,27.8933],[115.221,27.8824],[115.2109,27.8782],[115.205,27.8805],[115.197,27.8871],[115.1841,27.8806],[115.1833,27.8854],[115.1714,27.8846],[115.1697,27.888],[115.1572,27.8955],[115.1495,27.8942],[115.1411,27.9036],[115.1302,27.9082],[115.1317,27.9153],[115.1281,27.9201],[115.129,27.9245],[115.124,27.9288],[115.1246,27.9341],[115.1131,27.9487],[115.1148,27.9573],[115.1093,27.959],[115.1238,27.9712],[115.1273,27.9709],[115.1342,27.9761],[115.1315,27.9826],[115.1249,27.9833],[115.1236,27.9935],[115.128,27.9964],[115.1238,28.0045],[115.1252,28.0076],[115.1357,28.0084],[115.1419,28.0122],[115.1451,28.0172],[115.1482,28.0365],[115.1479,28.0455],[115.1559,28.0531],[115.154,28.0581],[115.149,28.0591],[115.1532,28.0672],[115.1468,28.08],[115.1333,28.0797],[115.1213,28.084],[115.1092,28.0826],[115.0904,28.0832],[115.0678,28.0743],[115.0557,28.0708],[115.0506,28.0742],[115.0467,28.0814],[115.0429,28.0774],[115.0328,28.0761],[115.0165,28.0853],[115.0063,28.0784],[114.999,28.0778],[114.9944,28.0744],[114.9795,28.0817],[114.9788,28.0871],[114.9672,28.0947],[114.9584,28.0918],[114.9478,28.0803],[114.9476,28.0735],[114.9395,28.0673],[114.9311,28.0644],[114.9234,28.065],[114.9131,28.0589],[114.9121,28.0532],[114.9061,28.0471],[114.9083,28.032],[114.9014,28.0388],[114.8986,28.0333],[114.8892,28.0298],[114.8817,28.0308],[114.8796,28.0352],[114.8734,28.0367],[114.8698,28.0425],[114.8696,28.048],[114.8601,28.0473],[114.8542,28.0507],[114.8458,28.0483],[114.8402,28.0494],[114.827,28.0488],[114.8229,28.0504],[114.8142,28.0447],[114.8039,28.0353],[114.7904,28.034],[114.7836,28.0417],[114.7799,28.0497],[114.7693,28.0519],[114.7717,28.0576],[114.7708,28.0641],[114.7784,28.0662],[114.782,28.0721],[114.781,28.0808],[114.7822,28.089],[114.7764,28.0917],[114.7781,28.1016],[114.7808,28.1034],[114.7794,28.1107],[114.7673,28.1064],[114.7632,28.1097],[114.757,28.1042],[114.748,28.1087],[114.735,28.1099],[114.7352,28.1054],[114.7254,28.1031],[114.7143,28.1068],[114.7138,28.1028],[114.7062,28.1018],[114.6988,28.0968],[114.69,28.1049],[114.6805,28.1028],[114.6671,28.1058],[114.651,28.0981],[114.6373,28.0966],[114.6319,28.0901],[114.6163,28.0844],[114.6101,28.0802],[114.6031,28.0838],[114.5945,28.0829],[114.592,28.0861],[114.5833,28.0812],[114.5817,28.0758],[114.5716,28.0694],[114.5625,28.0583],[114.5782,28.0487],[114.5845,28.0378],[114.5806,28.0345],[114.5839,28.0219],[114.5944,28.0049],[114.5972,27.9964],[114.5956,27.989],[114.6045,27.9926],[114.6068,27.9868],[114.5949,27.9813],[114.5757,27.9643],[114.5713,27.9577],[114.5656,27.9562],[114.5528,27.9616],[114.5444,27.957],[114.5395,27.9618],[114.5358,27.959],[114.5193,27.9583],[114.5068,27.9493],[114.5113,27.94],[114.5159,27.9364],[114.5156,27.932],[114.5066,27.9248],[114.5028,27.9271],[114.4952,27.922],[114.4895,27.9232],[114.4864,27.9201],[114.4869,27.9105],[114.4849,27.9045],[114.4796,27.8986],[114.4821,27.8879],[114.4814,27.8774],[114.4849,27.8692],[114.488,27.8668],[114.491,27.8583],[114.4949,27.853],[114.5003,27.8406],[114.4976,27.8368],[114.5056,27.8349],[114.5111,27.8296],[114.5204,27.8317],[114.5232,27.8273],[114.5309,27.8284],[114.5372,27.8213],[114.5439,27.8225],[114.5473,27.8262],[114.5445,27.8328],[114.5501,27.8408],[114.5656,27.8474],[114.572,27.841],[114.5744,27.832],[114.5777,27.8301],[114.5765,27.8216],[114.5797,27.8201],[114.5787,27.804],[114.5761,27.804],[114.5598,27.7937],[114.5598,27.7884],[114.5632,27.7832],[114.5539,27.7746],[114.5564,27.7682],[114.5649,27.769],[114.5627,27.7756],[114.5708,27.7799],[114.5702,27.7703],[114.5783,27.7652],[114.5783,27.7554],[114.5724,27.7449],[114.578,27.7386],[114.5799,27.7335],[114.5792,27.7263],[114.5753,27.7166],[114.5736,27.7063],[114.5604,27.7023],[114.5521,27.6955],[114.5524,27.6863],[114.5464,27.6835],[114.5408,27.671],[114.5346,27.6658],[114.5373,27.6587],[114.5375,27.6515],[114.5292,27.6448],[114.523,27.6284],[114.5305,27.6226],[114.5317,27.6171],[114.5372,27.6131],[114.5279,27.6079],[114.5259,27.6048],[114.5252,27.5941],[114.5295,27.5879],[114.5305,27.5724],[114.5283,27.57],[114.5357,27.5632],[114.5438,27.5631],[114.5621,27.5676],[114.5863,27.568],[114.5905,27.5655],[114.5887,27.56],[114.5952,27.5522],[114.6051,27.556],[114.613,27.5553],[114.6157,27.5496],[114.6135,27.5465],[114.6192,27.5397],[114.6262,27.5346],[114.634,27.5349],[114.6448,27.5431],[114.6494,27.5577],[114.6529,27.5644],[114.6591,27.5709],[114.6627,27.5712],[114.6645,27.5872],[114.6719,27.5937],[114.6877,27.5979],[114.6911,27.5965],[114.7063,27.6008],[114.728,27.6042],[114.7281,27.5978],[114.7329,27.5934],[114.7386,27.599],[114.7391,27.6069],[114.75,27.6105],[114.7581,27.61],[114.7617,27.6158],[114.7663,27.6153],[114.7683,27.622],[114.7728,27.6224],[114.7766,27.6318],[114.7868,27.6294],[114.788,27.6209],[114.7967,27.621],[114.8038,27.6186],[114.8063,27.6136],[114.8131,27.6104],[114.8134,27.5966],[114.8199,27.5974],[114.8255,27.5939],[114.8344,27.5948],[114.8413,27.5918],[114.8417,27.5861],[114.8523,27.5883],[114.8612,27.5952],[114.866,27.5912],[114.8771,27.5967],[114.878,27.6039],[114.8841,27.6149],[114.8942,27.6175],[114.9019,27.616],[114.9149,27.6229],[114.9135,27.6281],[114.9221,27.6312],[114.9229,27.6397],[114.9322,27.6441],[114.9404,27.6442],[114.9505,27.6464],[114.9587,27.6507],[114.9663,27.6569],[114.9563,27.6636],[114.9692,27.677],[114.9784,27.6776],[114.9837,27.6737],[114.983,27.6678],[114.994,27.6583],[114.9992,27.6591],[115.0059,27.6524],[115.0154,27.6587],[115.0156,27.669],[115.0116,27.6706],[115.0104,27.69],[115.0149,27.6971],[115.0205,27.6977],[115.0228,27.7027],[115.0191,27.7149],[115.0297,27.7172],[115.0383,27.7238],[115.0457,27.7239],[115.0492,27.7266],[115.0504,27.7355],[115.056,27.7347],[115.0602,27.7277],[115.0731,27.7225],[115.0726,27.7128],[115.0773,27.7068],[115.0873,27.7092],[115.0978,27.7142],[115.1049,27.7225],[115.1077,27.7298],[115.1143,27.7312],[115.1132,27.7398],[115.1147,27.7437],[115.1221,27.7456],[115.127,27.7422],[115.1338,27.7272],[115.1309,27.7137],[115.1398,27.7131],[115.1457,27.7167],[115.152,27.7164],[115.1553,27.7217],[115.1516,27.7239],[115.1595,27.736],[115.1687,27.7363],[115.1745,27.7408],[115.188,27.7462],[115.195,27.7553],[115.2214,27.7583],[115.2244,27.7612],[115.2329,27.7635],[115.2498,27.7651],[115.2735,27.7704],[115.2941,27.7806],[115.2969,27.7856],[115.3054,27.789],[115.3087,27.7923],[115.3164,27.8057],[115.3171,27.8142],[115.3282,27.8187],[115.3375,27.8281],[115.3447,27.831],[115.3476,27.8391],[115.3521,27.842],[115.3581,27.8556],[115.3542,27.86],[115.3551,27.8651],[115.3663,27.867],[115.3778,27.8661],[115.383,27.8617],[115.385,27.8686],[115.4023,27.876]]]},"properties":{"region_code":"CN-36-3605","parent_region_code":"CN-36","name":"新余市","level":"prefecture","has_children":true,"full_path":"中国 / 江西省 / 新余市","source_admin_code":"3605","osm_relation_id":3182912}},
{"type":"Feature","geometry":{"type":"Polygon","coordinates":[[[117.4403,27.9354],[117.4339,27.9389],[117.4277,27.9386],[117.4282,27.9486],[117.4376,27.9571],[117.4423,27.9592],[117.4425,27.9718],[117.4411,27.9822],[117.4427,27.988],[117.4467,27.9905],[117.4477,28.0026],[117.4586,28.0088],[117.4611,28.0167],[117.4675,28.0235],[117.4639,28.033],[117.4648,28.0391],[117.4571,28.0519],[117.4583,28.0612],[117.455,28.0699],[117.449,28.0773],[117.4421,28.09],[117.4446,28.1031],[117.4243,28.1131],[117.4228,28.1185],[117.4069,28.1218],[117.4022,28.1155],[117.3931,28.12],[117.3888,28.119],[117.3727,28.1222],[117.363,28.1323],[117.3564,28.1345],[117.354,28.1393],[117.3476,28.1388],[117.3449,28.1349],[117.3356,28.1308],[117.3312,28.1349],[117.3226,28.1312],[117.3208,28.1464],[117.3145,28.1508],[117.3025,28.1491],[117.2974,28.1533],[117.2899,28.1515],[117.285,28.1479],[117.2783,28.1542],[117.2675,28.1547],[117.2687,28.1633],[117.2676,28.1701],[117.2814,28.178],[117.2724,28.1903],[117.2725,28.1973],[117.2761,28.1981],[117.2794,28.218],[117.277,28.2221],[117.2838,28.2311],[117.2921,28.2326],[117.2928,28.2417],[117.297,28.2426],[117.2971,28.2495],[117.2864,28.2598],[117.2876,28.2676],[117.28,28.2743],[117.2775,28.2809],[117.2653,28.2811],[117.2581,28.2847],[117.2574,28.2922],[117.2522,28.3116],[117.2554,28.3135],[117.2731,28.3106],[117.2811,28.3146],[117.2814,28.332],[117.2999,28.3443],[117.307,28.3469],[117.3206,28.3492],[117.3169,28.3592],[117.3224,28.3692],[117.3203,28.3728],[117.3208,28.3833],[117.3245,28.3868],[117.3216,28.3927],[117.3045,28.4003],[117.3119,28.4138],[117.3139,28.4233],[117.3251,28.4347],[117.3274,28.4534],[117.3179,28.4584],[117.3151,28.463],[117.3229,28.4649],[117.3229,28.4725],[117.3198,28.4826],[117.3133,28.4903],[117.3152,28.5016],[117.3109,28.5092],[117.3117,28.5259],[117.3036,28.5328],[117.3023,28.5362],[117.3078,28.5437],[117.2988,28.5484],[117.2965,28.5569],[117.2882,28.5653],[117.2884,28.5706],[117.2838,28.5764],[117.2772,28.5776],[117.2765,28.5866],[117.2711,28.6037],[117.2721,28.6068],[117.2609,28.6082],[117.2593,28.6133],[117.2548,28.6167],[117.2431,28.6179],[117.2425,28.6221],[117.2344,28.6276],[117.2295,28.6252],[117.2272,28.6306],[117.2175,28.6279],[117.2205,28.623],[117.2208,28.6159],[117.2171,28.6058],[117.2127,28.5989],[117.2021,28.5968],[117.1959,28.5917],[117.1842,28.5888],[117.1744,28.5799],[117.1692,28.5794],[117.1598,28.5715],[117.1529,28.5678],[117.1418,28.5661],[117.1346,28.5686],[117.1257,28.5742],[117.1247,28.5811],[117.1176,28.5808],[117.111,28.586],[117.1086,28.5821],[117.1022,28.587],[117.0965,28.587],[117.0751,28.5964],[117.0755,28.6029],[117.0665,28.6085],[117.056,28.6084],[117.0524,28.6106],[117.0456,28.6046],[117.0454,28.5999],[117.0358,28.598],[117.0376,28.5919],[117.0419,28.5895],[117.0423,28.5825],[117.0472,28.5658],[117.0492,28.5538],[117.0437,28.5489],[117.0393,28.5485],[117.0288,28.5354],[117.0287,28.5296],[117.0137,28.5234],[117.0061,28.517],[117.0079,28.5124],[117.0031,28.5048],[116.9969,28.5011],[116.9945,28.5083],[116.9811,28.5216],[116.9781,28.5315],[116.9705,28.5424],[116.9666,28.538],[116.9592,28.5371],[116.9589,28.5276],[116.9529,28.5236],[116.9399,28.5305],[116.9282,28.5253],[116.9201,28.5303],[116.9142,28.5221],[116.9079,28.5171],[116.9006,28.5181],[116.9015,28.5113],[116.8869,28.5087],[116.8812,28.5105],[116.8743,28.5088],[116.8736,28.5014],[116.8785,28.4965],[116.8838,28.4816],[116.888,28.4732],[116.8959,28.4662],[116.8916,28.4605],[116.8908,28.4541],[116.8851,28.4479],[116.882,28.441],[116.876,28.4362],[116.8652,28.4355],[116.8575,28.4257],[116.8701,28.4108],[116.8733,28.4046],[116.869,28.3846],[116.8579,28.3833],[116.8512,28.3798],[116.839,28.3794],[116.8317,28.3808],[116.826,28.3843],[116.821,28.3829],[116.8121,28.3751],[116.8061,28.3722],[116.8031,28.3635],[116.7978,28.3646],[116.7908,28.3616],[116.789,28.3541],[116.7817,28.3493],[116.783,28.3447],[116.7906,28.3388],[116.7957,28.3279],[116.7942,28.3174],[116.8039,28.315],[116.8114,28.3061],[116.8148,28.2923],[116.8107,28.2876],[116.8113,28.2769],[116.8034,28.2781],[116.8021,28.2726],[116.8055,28.2679],[116.8013,28.2631],[116.798,28.2546],[116.7819,28.2581],[116.7764,28.2672],[116.7637,28.2583],[116.7523,28.2592],[116.7476,28.2672],[116.7326,28.2678],[116.7251,28.2641],[116.7145,28.2548],[116.7055,28.2528],[116.6973,28.2465],[116.6955,28.2405],[116.6847,28.2308],[116.6889,28.2183],[116.6947,28.2095],[116.7019,28.212],[116.7179,28.208],[116.7226,28.2105],[116.7302,28.2095],[116.7295,28.2023],[116.7265,28.1962],[116.7223,28.1948],[116.7237,28.1852],[116.7273,28.1824],[116.7369,28.184],[116.7424,28.1812],[116.7423,28.1686],[116.749,28.1689],[116.7551,28.1744],[116.7717,28.1767],[116.7812,28.1857],[116.788,28.1827],[116.7901,28.1784],[116.7998,28.1728],[116.8073,28.1744],[116.8098,28.1688],[116.8062,28.1584],[116.7937,28.1447],[116.7945,28.1404],[116.791,28.1282],[116.7912,28.123],[116.8017,28.1153],[116.802,28.107],[116.799,28.1045],[116.8036,28.0985],[116.8105,28.0972],[116.8117,28.1042],[116.8188,28.1105],[116.8289,28.1103],[116.835,28.1036],[116.8354,28.0998],[116.8471,28.0988],[116.8454,28.0899],[116.8629,28.0898],[116.8701,28.0864],[116.8792,28.0864],[116.8831,28.0807],[116.8843,28.0717],[116.8954,28.0716],[116.9023,28.0753],[116.9088,28.0721],[116.9112,28.0752],[116.9114,28.0908],[116.9218,28.1011],[116.9285,28.0973],[116.929,28.0866],[116.9333,28.0723],[116.9381,28.0733],[116.9397,28.059],[116.9375,28.0521],[116.9317,28.049],[116.9369,28.0453],[116.945,28.0501],[116.9599,28.0528],[116.9697,28.0455],[116.9676,28.038],[116.9721,28.0301],[116.9767,28.0288],[116.9766,28.0203],[116.9831,28.0151],[116.9843,28.0107],[116.991,28.0078],[117.0003,28.0013],[116.9992,27.997],[117.0044,27.9921],[117.0196,27.9852],[117.0216,27.9805],[117.0327,27.9803],[117.04,27.9755],[117.0439,27.9761],[117.0467,27.9679],[117.0405,27.9615],[117.0401,27.9509],[117.0434,27.9414],[117.0399,27.9357],[117.0271,27.9346],[117.0201,27.9167],[117.0092,27.9089],[117.0092,27.9021],[117.0042,27.8937],[117.0079,27.8868],[117.0055,27.8823],[117.0166,27.8741],[117.0158,27.8691],[117.0184,27.8613],[117.0244,27.8568],[117.0312,27.8567],[117.0362,27.8487],[117.0448,27.8498],[117.0496,27.8632],[117.0625,27.875],[117.0677,27.8822],[117.0749,27.8839],[117.0777,27.8887],[117.0777,27.8953],[117.0848,27.8963],[117.0862,27.8918],[117.093,27.8832],[117.0973,27.8809],[117.1027,27.8839],[117.1053,27.8942],[117.1049,27.9034],[117.1124,27.9112],[117.1187,27.9142],[117.1241,27.9136],[117.127,27.9054],[117.1342,27.9],[117.1384,27.8937],[117.1459,27.8918],[117.1576,27.9024],[117.1655,27.9007],[117.1676,27.8931],[117.1729,27.8873],[117.1788,27.8883],[117.1824,27.8925],[117.188,27.8874],[117.2023,27.8902],[117.2073,27.8976],[117.213,27.8988],[117.2162,27.8958],[117.231,27.8913],[117.2352,27.8829],[117.2407,27.8796],[117.2429,27.8737],[117.2563,27.8706],[117.2596,27.8634],[117.2654,27.8626],[117.2676,27.855],[117.2719,27.8512],[117.2732,27.861],[117.2786,27.8737],[117.2986,27.8759],[117.3071,27.8867],[117.3119,27.8976],[117.3203,27.899],[117.3299,27.8914],[117.3318,27.88],[117.3289,27.8769],[117.3305,27.8708],[117.3275,27.8671],[117.3331,27.8635],[117.3359,27.8584],[117.3437,27.8594],[117.3488,27.8629],[117.3487,27.8693],[117.3567,27.8815],[117.3618,27.887],[117.3728,27.8918],[117.3814,27.8901],[117.3902,27.8964],[117.4073,27.8981],[117.4104,27.9035],[117.4234,27.9136],[117.4262,27.9217],[117.438,27.9293],[117.4403,27.9354]]]},"properties":{"region_code":"CN-36-3606","parent_region_code":"CN-36","name":"鹰潭市","level":"prefecture","has_children":true,"full_path":"中国 / 江西省 / 鹰潭市","source_admin_code":"3606","osm_relation_id":3245900}},
{"type":"Feature","geometry":{"type":"Polygon","coordinates":[[[114.0155,25.9752],[114.0137,25.9709],[114.0179,25.9618],[114.0174,25.953],[114.0228,25.9524],[114.0259,25.9411],[114.0163,25.9238],[114.0198,25.9148],[114.017,25.9088],[114.0219,25.8972],[114.0118,25.8931],[114.005,25.879],[113.9921,25.864],[113.9866,25.8624],[113.9745,25.8499],[113.9717,25.8427],[113.9646,25.8346],[113.9659,25.8182],[113.9619,25.8116],[113.9573,25.8087],[113.9537,25.7866],[113.9559,25.7805],[113.953,25.7765],[113.9326,25.7594],[113.9157,25.7441],[113.9107,25.7333],[113.9131,25.7195],[113.9091,25.704],[113.9156,25.6986],[113.9276,25.6675],[113.9341,25.6647],[113.9372,25.6458],[113.9455,25.6389],[113.9454,25.6256],[113.9525,25.615],[113.9772,25.6057],[113.9743,25.5779],[113.9754,25.575],[113.9859,25.5672],[113.9856,25.5621],[113.979,25.5413],[113.9821,25.533],[113.9579,25.5345],[113.9479,25.5095],[113.939,25.5025],[113.9505,25.5027],[113.9461,25.4915],[113.9536,25.4861],[113.9438,25.4717],[113.9349,25.4653],[113.9364,25.4495],[113.939,25.4446],[113.95,25.4494],[113.9564,25.4569],[113.9648,25.4521],[113.9744,25.4515],[113.9859,25.4458],[113.9942,25.4476],[113.9997,25.4442],[114.0012,25.4395],[113.9868,25.4262],[113.9807,25.4221],[113.977,25.4167],[113.9798,25.4093],[113.9866,25.4043],[113.9952,25.4009],[114.0026,25.4],[114.0056,25.3896],[114.0135,25.3903],[114.0171,25.3876],[114.0263,25.3936],[114.0348,25.395],[114.04,25.3869],[114.0327,25.3832],[114.0282,25.3835],[114.0202,25.3763],[114.0292,25.3747],[114.0329,25.3719],[114.0404,25.3712],[114.0459,25.3666],[114.0403,25.3612],[114.0412,25.3561],[114.0463,25.3502],[114.043,25.3446],[114.0312,25.346],[114.0295,25.3402],[114.0236,25.3375],[114.0251,25.3293],[114.0285,25.3241],[114.0392,25.3215],[114.0484,25.3149],[114.0423,25.3104],[114.0292,25.3114],[114.0207,25.3047],[114.0225,25.3005],[114.0215,25.2929],[114.0177,25.2864],[114.0109,25.2827],[114.0155,25.2732],[114.0252,25.2695],[114.024,25.2577],[114.0269,25.2549],[114.0354,25.2541],[114.0461,25.2766],[114.059,25.2837],[114.0628,25.2767],[114.0713,25.2816],[114.0785,25.2782],[114.0889,25.291],[114.0975,25.2971],[114.1038,25.2987],[114.1119,25.3063],[114.1213,25.303],[114.1295,25.3119],[114.1455,25.3123],[114.1504,25.3162],[114.1619,25.3165],[114.1665,25.309],[114.1746,25.3091],[114.1871,25.3209],[114.1971,25.3169],[114.2001,25.3137],[114.1995,25.3034],[114.2192,25.3016],[114.2311,25.3035],[114.2473,25.2969],[114.2588,25.2941],[114.2638,25.3037],[114.2809,25.303],[114.2845,25.3009],[114.2864,25.2919],[114.2982,25.2934],[114.2898,25.301],[114.2961,25.3071],[114.3029,25.3093],[114.3088,25.3082],[114.3077,25.3151],[114.2992,25.318],[114.2984,25.3269],[114.3009,25.335],[114.3107,25.3423],[114.3208,25.3374],[114.3325,25.3372],[114.3518,25.3299],[114.3639,25.3298],[114.3679,25.328],[114.3701,25.3219],[114.3756,25.3185],[114.3815,25.326],[114.3946,25.3296],[114.3974,25.3372],[114.4072,25.339],[114.4109,25.3378],[114.4202,25.3403],[114.4257,25.349],[114.4267,25.3608],[114.4316,25.3663],[114.4345,25.3811],[114.4463,25.3891],[114.455,25.3903],[114.4604,25.3877],[114.4579,25.3836],[114.4765,25.3738],[114.4824,25.3797],[114.4908,25.3795],[114.5045,25.3877],[114.506,25.392],[114.5018,25.3969],[114.5013,25.4033],[114.5084,25.4041],[114.5213,25.4127],[114.5257,25.4187],[114.5354,25.4219],[114.5389,25.4162],[114.5466,25.4159],[114.5517,25.4106],[114.5663,25.4046],[114.5702,25.3997],[114.5674,25.3888],[114.5713,25.3843],[114.5765,25.3873],[114.5741,25.3946],[114.5752,25.4003],[114.5801,25.4012],[114.591,25.3936],[114.5969,25.3879],[114.5929,25.3786],[114.592,25.3716],[114.5974,25.3728],[114.5954,25.3628],[114.6071,25.3615],[114.6128,25.3502],[114.6212,25.3418],[114.6198,25.3344],[114.6301,25.3303],[114.6328,25.327],[114.6421,25.3294],[114.6483,25.3287],[114.6534,25.3311],[114.6637,25.3288],[114.6646,25.3255],[114.6749,25.3161],[114.6903,25.324],[114.7079,25.317],[114.7081,25.3082],[114.7152,25.3079],[114.7207,25.2966],[114.7183,25.288],[114.727,25.2878],[114.7391,25.2775],[114.7387,25.2697],[114.7413,25.2624],[114.7367,25.2515],[114.7441,25.2457],[114.7402,25.2431],[114.732,25.2427],[114.735,25.2374],[114.7441,25.235],[114.7393,25.2304],[114.7331,25.2284],[114.7263,25.2296],[114.7206,25.2364],[114.7079,25.2246],[114.6974,25.224],[114.6964,25.2191],[114.6891,25.2165],[114.6919,25.2081],[114.6961,25.2053],[114.6905,25.1985],[114.6819,25.1993],[114.678,25.1976],[114.6764,25.1911],[114.6869,25.1832],[114.6812,25.1792],[114.6855,25.1731],[114.7051,25.1645],[114.7113,25.1661],[114.7204,25.1652],[114.7211,25.16],[114.7279,25.1575],[114.7311,25.1537],[114.7269,25.1471],[114.7346,25.1293],[114.7249,25.1204],[114.7115,25.1181],[114.7037,25.1112],[114.6997,25.1123],[114.6911,25.1064],[114.6786,25.1116],[114.6665,25.1054],[114.6614,25.1063],[114.6594,25.1018],[114.661,25.0961],[114.6544,25.0875],[114.6534,25.0825],[114.6397,25.079],[114.6386,25.0746],[114.6253,25.0773],[114.6172,25.0767],[114.6089,25.079],[114.6032,25.084],[114.5984,25.0845],[114.5931,25.0784],[114.5841,25.0825],[114.5744,25.084],[114.5665,25.0812],[114.5567,25.0819],[114.5525,25.0741],[114.5515,25.0671],[114.5429,25.06],[114.5356,25.0521],[114.5374,25.0415],[114.5341,25.0331],[114.5287,25.0245],[114.5215,25.0234],[114.5165,25.0273],[114.51,25.028],[114.5073,25.016],[114.5092,25.0085],[114.5039,25.0043],[114.4853,25.005],[114.4769,25.0093],[114.4689,25.005],[114.4618,25.0033],[114.4513,24.9973],[114.4526,24.9873],[114.4516,24.9803],[114.4434,24.976],[114.4329,24.9747],[114.4196,24.9754],[114.4145,24.9719],[114.4223,24.9622],[114.4175,24.9592],[114.3981,24.9574],[114.3903,24.9533],[114.3932,24.9466],[114.3914,24.9382],[114.397,24.9322],[114.3936,24.9206],[114.3863,24.9141],[114.3957,24.9058],[114.4,24.8943],[114.3984,24.8812],[114.3954,24.8765],[114.3882,24.873],[114.3824,24.8662],[114.373,24.8642],[114.3691,24.8552],[114.3581,24.8469],[114.358,24.8402],[114.3513,24.832],[114.3527,24.8224],[114.3441,24.8197],[114.3367,24.8141],[114.3399,24.8023],[114.339,24.7927],[114.3302,24.7886],[114.3288,24.7837],[114.3349,24.775],[114.3368,24.7668],[114.3319,24.7542],[114.3239,24.7479],[114.3118,24.7444],[114.3083,24.7383],[114.2977,24.7341],[114.2887,24.7348],[114.2839,24.7332],[114.2767,24.7267],[114.2745,24.7206],[114.2746,24.7111],[114.2713,24.7055],[114.2666,24.7033],[114.2582,24.7036],[114.2516,24.7003],[114.2439,24.702],[114.2261,24.7007],[114.2067,24.6919],[114.1983,24.6912],[114.1866,24.6973],[114.1696,24.6951],[114.1646,24.6929],[114.1644,24.687],[114.1727,24.6752],[114.178,24.6719],[114.1789,24.6656],[114.1849,24.6612],[114.1842,24.6579],[114.1773,24.656],[114.1754,24.6627],[114.1681,24.6589],[114.1705,24.6483],[114.1787,24.6501],[114.187,24.6555],[114.2019,24.6567],[114.2078,24.6492],[114.2257,24.6433],[114.2378,24.6482],[114.2421,24.6482],[114.2539,24.6434],[114.2559,24.6372],[114.2628,24.6336],[114.2711,24.635],[114.2766,24.6299],[114.2771,24.6243],[114.2847,24.6213],[114.2871,24.6013],[114.2943,24.5917],[114.2963,24.5816],[114.2992,24.578],[114.3092,24.5781],[114.3185,24.5822],[114.3264,24.5799],[114.3343,24.5867],[114.3414,24.5878],[114.3471,24.5927],[114.3493,24.5862],[114.3583,24.5859],[114.3612,24.5802],[114.3708,24.5765],[114.372,24.5695],[114.3763,24.5658],[114.3862,24.5654],[114.3823,24.5507],[114.3845,24.5486],[114.3843,24.5371],[114.3984,24.5314],[114.4012,24.5206],[114.3976,24.5067],[114.3993,24.5007],[114.4059,24.5053],[114.4093,24.5007],[114.4172,24.4996],[114.4236,24.4888],[114.4288,24.4919],[114.4374,24.5013],[114.4464,24.5031],[114.4572,24.5104],[114.4648,24.5134],[114.4741,24.5312],[114.4877,24.5371],[114.494,24.5361],[114.4992,24.5441],[114.5069,24.545],[114.5224,24.5549],[114.5245,24.5602],[114.5298,24.5622],[114.5338,24.5587],[114.5422,24.5458],[114.558,24.5404],[114.5681,24.5452],[114.586,24.5398],[114.5914,24.5456],[114.5957,24.5565],[114.6065,24.5688],[114.6221,24.5798],[114.6317,24.573],[114.6415,24.5787],[114.6509,24.5813],[114.66,24.5866],[114.6679,24.5769],[114.6649,24.5753],[114.6814,24.5424],[114.6954,24.5401],[114.7004,24.529],[114.705,24.5353],[114.7077,24.5442],[114.7139,24.557],[114.7219,24.5527],[114.7281,24.5655],[114.7333,24.5679],[114.7327,24.5727],[114.7281,24.578],[114.7312,24.5866],[114.7256,24.5953],[114.7278,24.6028],[114.7251,24.6118],[114.7278,24.6153],[114.742,24.616],[114.7479,24.6191],[114.7523,24.6174],[114.7642,24.6086],[114.7734,24.6098],[114.7764,24.6158],[114.7874,24.6108],[114.7891,24.6068],[114.7946,24.605],[114.7994,24.6083],[114.8152,24.5946],[114.8216,24.5912],[114.8281,24.5993],[114.842,24.6054],[114.8545,24.6003],[114.8552,24.5984],[114.8496,24.5855],[114.8539,24.5801],[114.857,24.5703],[114.8644,24.5654],[114.8783,24.5722],[114.882,24.5833],[114.8887,24.5854],[114.8892,24.594],[114.8973,24.611],[114.8939,24.626],[114.9012,24.6356],[114.8981,24.6415],[114.9037,24.6471],[114.9031,24.6591],[114.905,24.6646],[114.915,24.6702],[114.9321,24.6685],[114.9311,24.6618],[114.9328,24.6549],[114.9407,24.6536],[114.9505,24.6584],[114.9576,24.6681],[114.9741,24.6762],[114.9864,24.6762],[114.999,24.682],[115.003,24.6753],[115.0121,24.6766],[115.0199,24.6719],[115.026,24.6809],[115.0388,24.6882],[115.0417,24.6915],[115.0406,24.7007],[115.0516,24.7064],[115.0688,24.7071],[115.0689,24.7018],[115.0766,24.7024],[115.0832,24.6944],[115.0817,24.69],[115.0909,24.6768],[115.0986,24.677],[115.1,24.6705],[115.1067,24.6742],[115.1125,24.6707],[115.1191,24.6698],[115.1232,24.6736],[115.1197,24.6793],[115.1204,24.6837],[115.1275,24.6828],[115.1348,24.6847],[115.1441,24.6925],[115.1502,24.6914],[115.1686,24.6983],[115.1796,24.6959],[115.1832,24.7],[115.1794,24.7142],[115.1953,24.7165],[115.2115,24.7234],[115.2197,24.7292],[115.2311,24.7273],[115.2427,24.7345],[115.2541,24.7317],[115.2576,24.7343],[115.2635,24.7446],[115.265,24.7523],[115.2736,24.757],[115.295,24.7598],[115.3017,24.7615],[115.3109,24.7544],[115.317,24.7515],[115.3277,24.7528],[115.334,24.7518],[115.3535,24.7379],[115.3587,24.7421],[115.3573,24.7503],[115.3578,24.7602],[115.3675,24.7771],[115.3725,24.7743],[115.3805,24.7746],[115.3844,24.7771],[115.3962,24.793],[115.4014,24.7961],[115.4079,24.7955],[115.4392,24.7744],[115.4459,24.769],[115.4531,24.7683],[115.4607,24.77],[115.4738,24.7639],[115.4779,24.7525],[115.4845,24.7501],[115.4956,24.7408],[115.4916,24.7363],[115.5017,24.7278],[115.503,24.7194],[115.5102,24.7181],[115.5188,24.7204],[115.5231,24.7155],[115.5183,24.7059],[115.5198,24.7027],[115.5275,24.6985],[115.5294,24.6949],[115.5376,24.6932],[115.5515,24.6857],[115.5505,24.6748],[115.5549,24.6639],[115.5533,24.6506],[115.5548,24.646],[115.564,24.631],[115.5661,24.6207],[115.5727,24.6175],[115.5902,24.6171],[115.596,24.6209],[115.6011,24.6275],[115.6088,24.6267],[115.6156,24.623],[115.6244,24.622],[115.6262,24.6164],[115.6314,24.6142],[115.6418,24.6186],[115.6541,24.6109],[115.6687,24.6046],[115.681,24.5864],[115.6819,24.5736],[115.6731,24.5684],[115.6733,24.563],[115.6842,24.5475],[115.6928,24.5488],[115.6974,24.5461],[115.7031,24.5474],[115.7148,24.5418],[115.7307,24.5453],[115.7405,24.5459],[115.7553,24.5519],[115.7594,24.5576],[115.7799,24.5694],[115.7889,24.5698],[115.8018,24.565],[115.808,24.5671],[115.8176,24.5632],[115.8339,24.5666],[115.839,24.5642],[115.8439,24.5687],[115.8445,24.5751],[115.8363,24.5769],[115.8359,24.5864],[115.8201,24.5999],[115.8163,24.6062],[115.8108,24.61],[115.8005,24.6224],[115.7952,24.6248],[115.7908,24.6335],[115.7815,24.6331],[115.7846,24.6474],[115.7791,24.6558],[115.7785,24.6628],[115.7755,24.6662],[115.7651,24.6655],[115.7563,24.6701],[115.7565,24.6726],[115.7679,24.6747],[115.7737,24.6805],[115.7931,24.6783],[115.7935,24.6861],[115.7978,24.6884],[115.7979,24.6977],[115.8006,24.7051],[115.7964,24.706],[115.7872,24.7026],[115.7815,24.7056],[115.7757,24.7045],[115.7717,24.7089],[115.7643,24.7103],[115.7676,24.7246],[115.752,24.7384],[115.7519,24.7503],[115.7588,24.7571],[115.76,24.7646],[115.7716,24.7734],[115.7719,24.7771],[115.7644,24.7896],[115.7593,24.7954],[115.7685,24.8055],[115.7684,24.8167],[115.7744,24.8225],[115.7733,24.8329],[115.7761,24.8375],[115.7834,24.8359],[115.7873,24.8392],[115.7807,24.8492],[115.7861,24.8564],[115.7799,24.8593],[115.7775,24.8648],[115.7866,24.8652],[115.7914,24.8612],[115.7996,24.8609],[115.8025,24.8637],[115.8003,24.8781],[115.8043,24.8955],[115.8195,24.911],[115.8312,24.9105],[115.8451,24.9031],[115.8471,24.8968],[115.851,24.894],[115.8616,24.8921],[115.8566,24.8826],[115.8597,24.8786],[115.855,24.8682],[115.8579,24.8658],[115.8656,24.8707],[115.8787,24.8704],[115.8889,24.8728],[115.9002,24.8828],[115.9005,24.8872],[115.8808,24.8999],[115.8788,24.9074],[115.8774,24.9249],[115.8737,24.936],[115.8777,24.9392],[115.8841,24.9357],[115.888,24.9401],[115.8799,24.9484],[115.8786,24.9533],[115.8683,24.9562],[115.8645,24.9616],[115.8661,24.9731],[115.8721,24.9773],[115.8797,24.9785],[115.8813,24.9747],[115.8876,24.9724],[115.8901,24.9641],[115.8985,24.9667],[115.9119,24.9604],[115.9196,24.9619],[115.9197,24.9662],[115.9025,24.9865],[115.8913,24.9956],[115.8806,24.9972],[115.8714,25.0063],[115.8694,25.0224],[115.8771,25.0294],[115.8785,25.0341],[115.8928,25.0375],[115.8939,25.0423],[115.9074,25.0449],[115.9146,25.0416],[115.9189,25.0486],[115.9247,25.0518],[115.9178,25.0577],[115.9101,25.0682],[115.9147,25.0767],[115.9079,25.0854],[115.9021,25.0897],[115.8927,25.0914],[115.8788,25.092],[115.8755,25.095],[115.875,25.1013],[115.8795,25.107],[115.8698,25.1156],[115.8704,25.1264],[115.8761,25.1259],[115.8817,25.1285],[115.8835,25.1333],[115.883,25.1451],[115.8759,25.1486],[115.8729,25.1552],[115.8652,25.1521],[115.854,25.1527],[115.8473,25.1623],[115.8483,25.1671],[115.8549,25.1718],[115.8488,25.1792],[115.8535,25.1863],[115.8516,25.2115],[115.8671,25.2263],[115.8744,25.217],[115.8866,25.2217],[115.8989,25.2344],[115.9226,25.2375],[115.9436,25.2705],[115.9461,25.279],[115.9427,25.2916],[115.9517,25.2954],[115.9672,25.289],[115.9704,25.2992],[115.9777,25.3005],[115.9838,25.2916],[115.9926,25.3013],[116.0039,25.3238],[115.997,25.3284],[116.0028,25.3348],[115.9995,25.3433],[115.9831,25.3486],[115.9957,25.3524],[115.9951,25.3594],[115.9911,25.3662],[115.9881,25.3817],[116.0037,25.398],[115.996,25.4157],[116.0022,25.4177],[116.0129,25.416],[116.0175,25.4253],[116.0154,25.4307],[116.019,25.4389],[116.0114,25.4452],[116.0066,25.4607],[116.0144,25.477],[116.0062,25.4743],[116.0016,25.4818],[116.0034,25.4895],[116.0003,25.4936],[116.0063,25.498],[116.0111,25.5114],[116.0294,25.5153],[116.0317,25.5177],[116.0305,25.5252],[116.0302,25.5426],[116.0334,25.5498],[116.0489,25.5495],[116.056,25.559],[116.0579,25.566],[116.0527,25.5717],[116.0531,25.5762],[116.0495,25.5809],[116.0488,25.5959],[116.0471,25.6013],[116.0383,25.6053],[116.0361,25.6097],[116.042,25.6197],[116.0367,25.6291],[116.0461,25.6303],[116.0526,25.6409],[116.0622,25.6371],[116.064,25.6491],[116.058,25.6526],[116.0526,25.6629],[116.0572,25.6689],[116.0549,25.673],[116.0599,25.6792],[116.0518,25.6844],[116.0553,25.6977],[116.0631,25.6964],[116.0621,25.7032],[116.0718,25.7042],[116.0776,25.699],[116.0857,25.7025],[116.0948,25.7015],[116.102,25.7039],[116.1051,25.7103],[116.1031,25.7245],[116.1063,25.73],[116.1133,25.7356],[116.1118,25.7417],[116.1163,25.7504],[116.1213,25.7551],[116.1247,25.762],[116.1411,25.7624],[116.152,25.7684],[116.1607,25.7693],[116.1597,25.7614],[116.1611,25.7513],[116.1706,25.7523],[116.1722,25.7713],[116.1768,25.7793],[116.1714,25.7881],[116.166,25.7913],[116.1607,25.7991],[116.1552,25.8016],[116.1544,25.8124],[116.1443,25.8195],[116.1376,25.8212],[116.1328,25.8287],[116.1268,25.8271],[116.1265,25.8361],[116.1243,25.8415],[116.1241,25.8537],[116.1258,25.8616],[116.1369,25.8683],[116.139,25.8732],[116.1486,25.8797],[116.1582,25.8812],[116.1649,25.88],[116.1728,25.8973],[116.1871,25.904],[116.2024,25.9044],[116.2073,25.9085],[116.2188,25.9116],[116.2275,25.9035],[116.2414,25.9061],[116.2491,25.9043],[116.2536,25.906],[116.2568,25.9134],[116.2635,25.9173],[116.276,25.9175],[116.2823,25.9213],[116.2887,25.9214],[116.2976,25.9256],[116.2994,25.9325],[116.3071,25.9403],[116.3155,25.9439],[116.3215,25.9596],[116.332,25.9599],[116.3435,25.9647],[116.3595,25.9634],[116.3653,25.9678],[116.3633,25.9782],[116.3553,25.9939],[116.3563,26.0035],[116.3602,26.0085],[116.3661,26.0087],[116.3673,26.0147],[116.3735,26.0197],[116.3742,26.0248],[116.3805,26.034],[116.3954,26.0363],[116.3977,26.043],[116.3973,26.0513],[116.4022,26.0518],[116.4147,26.0572],[116.4185,26.072],[116.4237,26.073],[116.4354,26.0806],[116.4449,26.0847],[116.456,26.0963],[116.4777,26.1109],[116.4842,26.1178],[116.4865,26.1264],[116.4852,26.1333],[116.4776,26.1444],[116.4793,26.1498],[116.476,26.1552],[116.4763,26.1637],[116.4708,26.1765],[116.4655,26.1788],[116.4439,26.1683],[116.4292,26.1629],[116.4217,26.162],[116.4202,26.1675],[116.4146,26.1708],[116.4111,26.162],[116.3988,26.1691],[116.3913,26.1698],[116.3869,26.1743],[116.3917,26.1827],[116.3958,26.1971],[116.3906,26.2062],[116.3805,26.2107],[116.3913,26.2213],[116.3949,26.2319],[116.3903,26.2368],[116.3816,26.2414],[116.3905,26.2474],[116.3915,26.2512],[116.3864,26.2576],[116.3881,26.2637],[116.3933,26.2677],[116.3942,26.2767],[116.4172,26.2854],[116.4183,26.2927],[116.4154,26.2979],[116.4081,26.3014],[116.4225,26.3041],[116.4323,26.312],[116.4335,26.3247],[116.449,26.3348],[116.4545,26.3484],[116.46,26.3524],[116.4684,26.3555],[116.4749,26.3555],[116.4849,26.3627],[116.4951,26.3647],[116.4898,26.3724],[116.4924,26.3766],[116.4935,26.3904],[116.5025,26.391],[116.5064,26.3945],[116.5075,26.4056],[116.5103,26.4117],[116.5147,26.4137],[116.5288,26.4123],[116.5299,26.4042],[116.5406,26.4007],[116.549,26.4038],[116.5547,26.3891],[116.5541,26.382],[116.5491,26.3689],[116.5514,26.3679],[116.5665,26.3745],[116.5721,26.374],[116.5797,26.3696],[116.5869,26.3741],[116.5932,26.3748],[116.6026,26.3862],[116.6059,26.398],[116.6,26.408],[116.6,26.42],[116.6031,26.4215],[116.6024,26.4311],[116.6113,26.4415],[116.6223,26.4471],[116.6236,26.4571],[116.6322,26.4713],[116.6335,26.483],[116.6047,26.4815],[116.5994,26.4862],[116.5949,26.4859],[116.5995,26.4968],[116.5861,26.4985],[116.5939,26.5122],[116.5924,26.5167],[116.5872,26.517],[116.5825,26.5233],[116.5752,26.5246],[116.5752,26.538],[116.5687,26.5402],[116.5507,26.5524],[116.5364,26.5594],[116.5346,26.5656],[116.525,26.5605],[116.5151,26.5587],[116.5098,26.5532],[116.4994,26.5512],[116.4922,26.5743],[116.4824,26.5794],[116.4772,26.5844],[116.4711,26.5849],[116.4666,26.5905],[116.4685,26.5941],[116.461,26.6008],[116.4528,26.6035],[116.448,26.6022],[116.4479,26.5962],[116.4421,26.5949],[116.4404,26.5823],[116.4345,26.5705],[116.4286,26.5637],[116.4202,26.5634],[116.4075,26.5553],[116.3923,26.5551],[116.3782,26.5481],[116.3723,26.5397],[116.377,26.5328],[116.3804,26.5242],[116.3773,26.5189],[116.3721,26.5164],[116.3683,26.5109],[116.3608,26.5102],[116.3565,26.5139],[116.3492,26.5119],[116.3358,26.5156],[116.3191,26.5095],[116.3095,26.5089],[116.3001,26.5021],[116.2931,26.5113],[116.2852,26.5162],[116.2835,26.5197],[116.2736,26.527],[116.2697,26.5329],[116.2635,26.5349],[116.2583,26.5404],[116.2484,26.5451],[116.2435,26.5447],[116.2354,26.551],[116.2397,26.5596],[116.2482,26.5667],[116.2598,26.5702],[116.266,26.5839],[116.2647,26.5911],[116.2597,26.5975],[116.2597,26.6014],[116.2506,26.6105],[116.2443,26.6122],[116.2314,26.6214],[116.2363,26.6285],[116.2433,26.6276],[116.2514,26.6356],[116.2608,26.642],[116.2673,26.6427],[116.2722,26.6504],[116.2693,26.6614],[116.2567,26.6604],[116.2543,26.6636],[116.2438,26.6574],[116.2384,26.6584],[116.2295,26.6567],[116.219,26.6572],[116.2173,26.6677],[116.2149,26.6704],[116.2079,26.6665],[116.2004,26.6691],[116.1952,26.6663],[116.1915,26.6686],[116.1942,26.6749],[116.192,26.6819],[116.1857,26.6857],[116.1825,26.6988],[116.1695,26.7046],[116.1631,26.7037],[116.1561,26.7001],[116.15,26.701],[116.1442,26.7135],[116.1381,26.7174],[116.131,26.7121],[116.1247,26.719],[116.1196,26.7203],[116.1195,26.7276],[116.1144,26.7275],[116.1117,26.7333],[116.1267,26.7449],[116.1272,26.7545],[116.1342,26.7596],[116.1395,26.7771],[116.1381,26.7842],[116.1391,26.796],[116.1472,26.8043],[116.1493,26.8092],[116.1412,26.8235],[116.1353,26.8246],[116.1333,26.838],[116.1387,26.8417],[116.1442,26.8512],[116.148,26.8624],[116.153,26.8689],[116.1644,26.8763],[116.1596,26.8858],[116.1673,26.8988],[116.1541,26.9025],[116.1524,26.9088],[116.1546,26.9144],[116.1466,26.919],[116.1459,26.9297],[116.148,26.9341],[116.1475,26.9424],[116.1436,26.9467],[116.1476,26.9547],[116.1478,26.9623],[116.1509,26.9671],[116.1509,26.9758],[116.1551,26.9757],[116.1656,26.9803],[116.1668,26.9881],[116.1716,26.9964],[116.1767,26.999],[116.1827,27.0084],[116.1819,27.0139],[116.1852,27.025],[116.1804,27.0381],[116.1838,27.0449],[116.1783,27.0549],[116.1724,27.0565],[116.1636,27.051],[116.1567,27.0423],[116.1528,27.0433],[116.1501,27.049],[116.1455,27.0496],[116.1402,27.0603],[116.1398,27.0667],[116.1341,27.0708],[116.1366,27.083],[116.1402,27.0887],[116.1378,27.0936],[116.1286,27.0939],[116.1192,27.1038],[116.1241,27.115],[116.117,27.1221],[116.1198,27.1339],[116.1162,27.1396],[116.109,27.1331],[116.1018,27.136],[116.0978,27.1424],[116.0875,27.1452],[116.0797,27.143],[116.0628,27.1467],[116.0514,27.1338],[116.0451,27.1379],[116.0337,27.1319],[116.0245,27.1323],[116.0162,27.1267],[116.0159,27.1194],[116.0054,27.1175],[116.0046,27.1053],[116.0015,27.0987],[115.9982,27.0865],[116.0006,27.0765],[116.0088,27.0707],[116.0006,27.062],[115.9954,27.0476],[115.9889,27.0439],[115.9849,27.0353],[115.9776,27.0334],[115.9756,27.0258],[115.9644,27.0132],[115.9624,27.0038],[115.9561,27.0011],[115.954,26.9931],[115.9435,26.9884],[115.9408,26.9846],[115.9403,26.9754],[115.9308,26.9687],[115.9252,26.962],[115.926,26.9569],[115.9166,26.9569],[115.9146,26.9598],[115.9056,26.9578],[115.8997,26.9534],[115.8972,26.9485],[115.8893,26.9434],[115.8871,26.9378],[115.8816,26.933],[115.8724,26.9205],[115.8561,26.9124],[115.8492,26.9063],[115.8418,26.9029],[115.8336,26.9027],[115.8311,26.8994],[115.8283,26.8859],[115.8225,26.8759],[115.8221,26.8655],[115.8197,26.8616],[115.809,26.8607],[115.8014,26.8619],[115.7998,26.8549],[115.7925,26.8362],[115.785,26.8258],[115.7818,26.8086],[115.7759,26.8073],[115.7719,26.8108],[115.7625,26.8137],[115.7518,26.8196],[115.7494,26.83],[115.7443,26.8366],[115.7319,26.8396],[115.719,26.8483],[115.717,26.8533],[115.703,26.8567],[115.7004,26.8507],[115.7016,26.8462],[115.6986,26.8396],[115.691,26.836],[115.6829,26.8246],[115.6879,26.8156],[115.6841,26.8135],[115.687,26.8069],[115.6933,26.8013],[115.6843,26.7974],[115.6823,26.791],[115.686,26.7839],[115.6783,26.7827],[115.6716,26.7779],[115.6774,26.7685],[115.6835,26.7693],[115.6903,26.7625],[115.6976,26.7613],[115.7004,26.7581],[115.7086,26.7589],[115.7178,26.7649],[115.7205,26.761],[115.722,26.7523],[115.7249,26.7484],[115.7232,26.7424],[115.7251,26.7267],[115.7278,26.7137],[115.7253,26.7108],[115.7171,26.709],[115.7141,26.7129],[115.7085,26.7096],[115.7023,26.7119],[115.6976,26.7032],[115.7046,26.7004],[115.711,26.6947],[115.7077,26.6912],[115.7014,26.6933],[115.6947,26.6823],[115.6941,26.6759],[115.687,26.6714],[115.6816,26.6617],[115.6756,26.6558],[115.6683,26.6524],[115.6707,26.6466],[115.6642,26.6455],[115.6617,26.6511],[115.6535,26.6519],[115.6433,26.6585],[115.6393,26.6654],[115.6336,26.6632],[115.6106,26.6679],[115.6065,26.6667],[115.6021,26.6608],[115.5983,26.664],[115.5887,26.6651],[115.5868,26.6545],[115.5745,26.6543],[115.5666,26.6497],[115.5586,26.6539],[115.5525,26.6492],[115.5465,26.6502],[115.5367,26.6546],[115.5319,26.66],[115.5314,26.671],[115.5296,26.6774],[115.5315,26.6931],[115.5259,26.6942],[115.5239,26.6996],[115.5167,26.6989],[115.5103,26.6916],[115.5032,26.6898],[115.5001,26.6803],[115.4946,26.6789],[115.4832,26.6852],[115.4766,26.6835],[115.4683,26.6767],[115.4585,26.6768],[115.4551,26.6843],[115.4483,26.687],[115.4438,26.6914],[115.437,26.6863],[115.4207,26.6791],[115.4198,26.6733],[115.4137,26.6667],[115.4044,26.665],[115.3999,26.6621],[115.3868,26.6624],[115.3837,26.6582],[115.3769,26.6572],[115.3664,26.6596],[115.3605,26.6563],[115.3539,26.6589],[115.3506,26.665],[115.344,26.6696],[115.3434,26.6751],[115.3393,26.6777],[115.3303,26.6771],[115.3259,26.6714],[115.3234,26.6633],[115.3132,26.6659],[115.3045,26.6602],[115.2933,26.6584],[115.2971,26.651],[115.2912,26.6444],[115.2983,26.6364],[115.2894,26.6316],[115.2819,26.6309],[115.2797,26.6168],[115.2727,26.6105],[115.2634,26.6078],[115.2543,26.5893],[115.2506,26.5879],[115.2514,26.5764],[115.2467,26.5766],[115.2288,26.5611],[115.2277,26.5538],[115.2213,26.5478],[115.2135,26.5371],[115.2162,26.5323],[115.2233,26.533],[115.2252,26.5229],[115.2124,26.5163],[115.1974,26.5219],[115.1932,26.5207],[115.1885,26.5246],[115.1791,26.5241],[115.1607,26.5261],[115.1584,26.5242],[115.1362,26.5161],[115.1307,26.5163],[115.1202,26.5099],[115.1125,26.5084],[115.0959,26.4965],[115.0935,26.4906],[115.0857,26.4847],[115.0774,26.4749],[115.0767,26.4716],[115.0696,26.466],[115.0678,26.4602],[115.0616,26.4569],[115.0529,26.4462],[115.0532,26.4393],[115.0468,26.4314],[115.0398,26.4286],[115.0375,26.4185],[115.0315,26.4122],[115.0409,26.4076],[115.038,26.4006],[115.0278,26.3962],[115.0241,26.3874],[115.03,26.384],[115.0333,26.3774],[115.0253,26.3707],[115.0233,26.3614],[115.0314,26.3558],[115.0345,26.3497],[115.0436,26.3443],[115.0464,26.3396],[115.0612,26.3274],[115.0605,26.3225],[115.0675,26.3187],[115.0688,26.3084],[115.0638,26.3009],[115.0633,26.2947],[115.0656,26.2886],[115.0712,26.2878],[115.08,26.2754],[115.0819,26.2697],[115.0815,26.2623],[115.0732,26.2589],[115.0732,26.2457],[115.0666,26.2384],[115.053,26.2274],[115.0475,26.2251],[115.0412,26.2133],[115.046,26.2061],[115.0415,26.1992],[115.0535,26.1956],[115.0611,26.1957],[115.0678,26.189],[115.0711,26.1925],[115.0766,26.1889],[115.0785,26.1825],[115.0822,26.1821],[115.0817,26.1744],[115.0946,26.1714],[115.0942,26.1659],[115.0903,26.161],[115.0868,26.1521],[115.08,26.1515],[115.0734,26.1474],[115.057,26.1459],[115.0539,26.1502],[115.0486,26.1505],[115.041,26.1603],[115.0309,26.1622],[115.0256,26.1615],[115.0221,26.1696],[115.0232,26.1743],[115.0181,26.1769],[115.0124,26.172],[115.0046,26.1736],[115.0072,26.1787],[115.0039,26.1852],[115.0048,26.1922],[115.0023,26.197],[114.9883,26.2014],[114.9801,26.1984],[114.9695,26.2052],[114.9623,26.2015],[114.9366,26.2062],[114.9293,26.2045],[114.9283,26.2104],[114.9139,26.2118],[114.9067,26.2156],[114.9016,26.2136],[114.898,26.2057],[114.8865,26.2073],[114.8761,26.198],[114.8695,26.1897],[114.8557,26.1903],[114.8579,26.1961],[114.8522,26.1983],[114.8518,26.2025],[114.8429,26.2021],[114.8383,26.1966],[114.8329,26.1964],[114.8283,26.1923],[114.8193,26.1923],[114.8147,26.1863],[114.8027,26.1882],[114.797,26.186],[114.7877,26.1879],[114.7827,26.1911],[114.7775,26.1891],[114.7712,26.1946],[114.7659,26.1941],[114.7602,26.1871],[114.7608,26.1798],[114.7498,26.1835],[114.7437,26.184],[114.7321,26.1893],[114.722,26.1877],[114.7193,26.1755],[114.7137,26.1723],[114.7105,26.1657],[114.7043,26.1672],[114.698,26.173],[114.6848,26.1779],[114.6822,26.1828],[114.6756,26.1828],[114.668,26.189],[114.6625,26.1889],[114.663,26.198],[114.6515,26.2026],[114.6477,26.2017],[114.637,26.1933],[114.6333,26.2022],[114.627,26.2064],[114.6237,26.2044],[114.6154,26.2068],[114.6112,26.2042],[114.6,26.2058],[114.6061,26.2205],[114.6025,26.2282],[114.5931,26.2289],[114.5913,26.2357],[114.585,26.2355],[114.577,26.2407],[114.558,26.2322],[114.5436,26.2281],[114.545,26.2223],[114.5367,26.2169],[114.5285,26.2239],[114.5233,26.2222],[114.5191,26.217],[114.5143,26.202],[114.5151,26.1969],[114.5095,26.1939],[114.5086,26.1888],[114.4986,26.181],[114.4966,26.1762],[114.4806,26.1675],[114.4755,26.1627],[114.4753,26.156],[114.4577,26.1472],[114.4524,26.1503],[114.4469,26.1472],[114.4506,26.137],[114.4498,26.1332],[114.4537,26.12],[114.4403,26.1137],[114.4338,26.1059],[114.4286,26.0907],[114.4228,26.0922],[114.4188,26.1018],[114.4207,26.1106],[114.4162,26.1123],[114.3992,26.1109],[114.3971,26.1182],[114.3902,26.1155],[114.3795,26.1191],[114.3697,26.1206],[114.3644,26.1138],[114.3513,26.0932],[114.3391,26.0929],[114.3315,26.0856],[114.3284,26.0793],[114.3243,26.0802],[114.3194,26.0759],[114.3088,26.0706],[114.3069,26.0722],[114.2963,26.0596],[114.2903,26.058],[114.2855,26.0505],[114.2895,26.0424],[114.2771,26.0354],[114.2731,26.0394],[114.2655,26.0336],[114.2505,26.03],[114.2258,26.0303],[114.2179,26.0231],[114.2065,26.0239],[114.2062,26.0263],[114.1865,26.0329],[114.1773,26.0304],[114.1717,26.0326],[114.1569,26.029],[114.1484,26.0247],[114.1456,26.0157],[114.1391,26.0134],[114.1328,26.0083],[114.1243,26.0058],[114.1171,26.0081],[114.0996,25.9928],[114.09,25.9961],[114.0845,25.9938],[114.0766,25.995],[114.0689,25.99],[114.0528,25.9946],[114.0337,25.99],[114.0216,25.9777],[114.0155,25.9752]]]},"properties":{"region_code":"CN-36-3607","parent_region_code":"CN-36","name":"赣州市","level":"prefecture","has_children":true,"full_path":"中国 / 江西省 / 赣州市","source_admin_code":"3607","osm_relation_id":3180745}},
{"type":"Feature","geometry":{"type":"Polygon","coordinates":[[[113.9158,26.9633],[113.9161,26.9577],[113.9212,26.951],[113.9123,26.9419],[113.8962,26.9297],[113.8969,26.9133],[113.8911,26.9049],[113.885,26.9007],[113.8848,26.8873],[113.883,26.8825],[113.8851,26.8766],[113.8866,26.8633],[113.8815,26.8641],[113.8697,26.8609],[113.8531,26.837],[113.8522,26.83],[113.8305,26.81],[113.831,26.8001],[113.835,26.7946],[113.8407,26.7917],[113.8425,26.7831],[113.8483,26.773],[113.8471,26.7668],[113.8503,26.7605],[113.8475,26.7536],[113.8516,26.7391],[113.8501,26.7306],[113.8512,26.7184],[113.8561,26.7095],[113.8577,26.6953],[113.856,26.6882],[113.8565,26.6736],[113.8552,26.6675],[113.8628,26.6564],[113.8721,26.6599],[113.8763,26.6579],[113.8797,26.6394],[113.8928,26.6345],[113.8963,26.6314],[113.8984,26.6223],[113.9073,26.6177],[113.9195,26.6188],[113.9293,26.6166],[113.9476,26.6171],[113.9548,26.6217],[113.9772,26.6183],[113.991,26.6193],[114.0074,26.6055],[114.0123,26.6031],[114.0101,26.5973],[114.0143,26.5909],[114.0278,26.5889],[114.0373,26.5833],[114.0555,26.5841],[114.0644,26.5792],[114.0735,26.5785],[114.0793,26.5812],[114.1023,26.5789],[114.1033,26.5729],[114.1005,26.5631],[114.0909,26.5516],[114.0921,26.5445],[114.0809,26.529],[114.0821,26.5245],[114.0786,26.5169],[114.0788,26.5082],[114.0726,26.4947],[114.0686,26.4913],[114.0673,26.4833],[114.0814,26.4814],[114.0926,26.4874],[114.1047,26.4862],[114.1042,26.4835],[114.0927,26.4715],[114.0906,26.4645],[114.0852,26.4591],[114.0848,26.4494],[114.0811,26.4428],[114.0836,26.4381],[114.0797,26.4267],[114.0832,26.4217],[114.0827,26.4145],[114.0796,26.4092],[114.0691,26.4083],[114.0658,26.4128],[114.0567,26.4092],[114.054,26.4042],[114.044,26.3941],[114.0372,26.3935],[114.0364,26.3888],[114.0268,26.3731],[114.0336,26.3664],[114.0331,26.3581],[114.0353,26.3491],[114.0438,26.3405],[114.0371,26.3374],[114.0304,26.3277],[114.0322,26.3174],[114.0363,26.3129],[114.0272,26.3074],[114.0204,26.2973],[114.0155,26.2927],[114.0187,26.2741],[114.0231,26.2698],[114.0107,26.2623],[114.0052,26.2616],[113.994,26.2525],[113.9841,26.2502],[113.9731,26.2412],[113.9745,26.2294],[113.9656,26.2227],[113.9672,26.2116],[113.9649,26.2055],[113.9572,26.2013],[113.9439,26.1961],[113.9408,26.1871],[113.9462,26.1821],[113.946,26.1741],[113.939,26.1673],[113.9554,26.1536],[113.9616,26.1576],[113.9665,26.1572],[113.9794,26.1697],[113.988,26.172],[113.9985,26.1784],[114.0005,26.1842],[114.0074,26.1868],[114.0233,26.1832],[114.0293,26.1918],[114.0395,26.1837],[114.0516,26.1864],[114.0518,26.1814],[114.0478,26.1732],[114.0498,26.1671],[114.0536,26.1667],[114.06,26.1725],[114.081,26.1702],[114.0884,26.1798],[114.0947,26.1819],[114.0962,26.1901],[114.1098,26.1954],[114.1164,26.1994],[114.1302,26.2021],[114.1368,26.2064],[114.1467,26.2072],[114.1562,26.2119],[114.1761,26.2179],[114.1799,26.2012],[114.1872,26.2016],[114.2116,26.2068],[114.2151,26.2],[114.2149,26.1932],[114.2236,26.1893],[114.2268,26.1843],[114.2133,26.1716],[114.2141,26.1662],[114.22,26.163],[114.2302,26.1628],[114.2319,26.1564],[114.2184,26.15],[114.2097,26.1402],[114.1959,26.1347],[114.1936,26.1302],[114.1831,26.1244],[114.1649,26.1264],[114.1568,26.1245],[114.1513,26.119],[114.1385,26.1141],[114.1026,26.1036],[114.1022,26.0985],[114.1118,26.0944],[114.1158,26.0892],[114.1101,26.0795],[114.1041,26.0774],[114.1019,26.073],[114.0943,26.0752],[114.0846,26.0702],[114.0748,26.0718],[114.0645,26.0817],[114.0524,26.079],[114.0423,26.0818],[114.0407,26.0743],[114.0313,26.066],[114.03,26.0546],[114.0314,26.0495],[114.0255,26.044],[114.0229,26.0341],[114.0148,26.0311],[114.0034,26.0192],[114.0027,26.0102],[114.0116,26],[114.0122,25.9963],[114.02,25.996],[114.0229,25.9845],[114.0159,25.9796],[114.0155,25.9752],[114.0216,25.9777],[114.0337,25.99],[114.0528,25.9946],[114.0689,25.99],[114.0766,25.995],[114.0845,25.9938],[114.09,25.9961],[114.0996,25.9928],[114.1171,26.0081],[114.1243,26.0058],[114.1328,26.0083],[114.1391,26.0134],[114.1456,26.0157],[114.1484,26.0247],[114.1569,26.029],[114.1717,26.0326],[114.1773,26.0304],[114.1865,26.0329],[114.2062,26.0263],[114.2065,26.0239],[114.2179,26.0231],[114.2258,26.0303],[114.2505,26.03],[114.2655,26.0336],[114.2731,26.0394],[114.2771,26.0354],[114.2895,26.0424],[114.2855,26.0505],[114.2903,26.058],[114.2963,26.0596],[114.3069,26.0722],[114.3088,26.0706],[114.3194,26.0759],[114.3243,26.0802],[114.3284,26.0793],[114.3315,26.0856],[114.3391,26.0929],[114.3513,26.0932],[114.3644,26.1138],[114.3697,26.1206],[114.3795,26.1191],[114.3902,26.1155],[114.3971,26.1182],[114.3992,26.1109],[114.4162,26.1123],[114.4207,26.1106],[114.4188,26.1018],[114.4228,26.0922],[114.4286,26.0907],[114.4338,26.1059],[114.4403,26.1137],[114.4537,26.12],[114.4498,26.1332],[114.4506,26.137],[114.4469,26.1472],[114.4524,26.1503],[114.4577,26.1472],[114.4753,26.156],[114.4755,26.1627],[114.4806,26.1675],[114.4966,26.1762],[114.4986,26.181],[114.5086,26.1888],[114.5095,26.1939],[114.5151,26.1969],[114.5143,26.202],[114.5191,26.217],[114.5233,26.2222],[114.5285,26.2239],[114.5367,26.2169],[114.545,26.2223],[114.5436,26.2281],[114.558,26.2322],[114.577,26.2407],[114.585,26.2355],[114.5913,26.2357],[114.5931,26.2289],[114.6025,26.2282],[114.6061,26.2205],[114.6,26.2058],[114.6112,26.2042],[114.6154,26.2068],[114.6237,26.2044],[114.627,26.2064],[114.6333,26.2022],[114.637,26.1933],[114.6477,26.2017],[114.6515,26.2026],[114.663,26.198],[114.6625,26.1889],[114.668,26.189],[114.6756,26.1828],[114.6822,26.1828],[114.6848,26.1779],[114.698,26.173],[114.7043,26.1672],[114.7105,26.1657],[114.7137,26.1723],[114.7193,26.1755],[114.722,26.1877],[114.7321,26.1893],[114.7437,26.184],[114.7498,26.1835],[114.7608,26.1798],[114.7602,26.1871],[114.7659,26.1941],[114.7712,26.1946],[114.7775,26.1891],[114.7827,26.1911],[114.7877,26.1879],[114.797,26.186],[114.8027,26.1882],[114.8147,26.1863],[114.8193,26.1923],[114.8283,26.1923],[114.8329,26.1964],[114.8383,26.1966],[114.8429,26.2021],[114.8518,26.2025],[114.8522,26.1983],[114.8579,26.1961],[114.8557,26.1903],[114.8695,26.1897],[114.8761,26.198],[114.8865,26.2073],[114.898,26.2057],[114.9016,26.2136],[114.9067,26.2156],[114.9139,26.2118],[114.9283,26.2104],[114.9293,26.2045],[114.9366,26.2062],[114.9623,26.2015],[114.9695,26.2052],[114.9801,26.1984],[114.9883,26.2014],[115.0023,26.197],[115.0048,26.1922],[115.0039,26.1852],[115.0072,26.1787],[115.0046,26.1736],[115.0124,26.172],[115.0181,26.1769],[115.0232,26.1743],[115.0221,26.1696],[115.0256,26.1615],[115.0309,26.1622],[115.041,26.1603],[115.0486,26.1505],[115.0539,26.1502],[115.057,26.1459],[115.0734,26.1474],[115.08,26.1515],[115.0868,26.1521],[115.0903,26.161],[115.0942,26.1659],[115.0946,26.1714],[115.0817,26.1744],[115.0822,26.1821],[115.0785,26.1825],[115.0766,26.1889],[115.0711,26.1925],[115.0678,26.189],[115.0611,26.1957],[115.0535,26.1956],[115.0415,26.1992],[115.046,26.2061],[115.0412,26.2133],[115.0475,26.2251],[115.053,26.2274],[115.0666,26.2384],[115.0732,26.2457],[115.0732,26.2589],[115.0815,26.2623],[115.0819,26.2697],[115.08,26.2754],[115.0712,26.2878],[115.0656,26.2886],[115.0633,26.2947],[115.0638,26.3009],[115.0688,26.3084],[115.0675,26.3187],[115.0605,26.3225],[115.0612,26.3274],[115.0464,26.3396],[115.0436,26.3443],[115.0345,26.3497],[115.0314,26.3558],[115.0233,26.3614],[115.0253,26.3707],[115.0333,26.3774],[115.03,26.384],[115.0241,26.3874],[115.0278,26.3962],[115.038,26.4006],[115.0409,26.4076],[115.0315,26.4122],[115.0375,26.4185],[115.0398,26.4286],[115.0468,26.4314],[115.0532,26.4393],[115.0529,26.4462],[115.0616,26.4569],[115.0678,26.4602],[115.0696,26.466],[115.0767,26.4716],[115.0774,26.4749],[115.0857,26.4847],[115.0935,26.4906],[115.0959,26.4965],[115.1125,26.5084],[115.1202,26.5099],[115.1307,26.5163],[115.1362,26.5161],[115.1584,26.5242],[115.1607,26.5261],[115.1791,26.5241],[115.1885,26.5246],[115.1932,26.5207],[115.1974,26.5219],[115.2124,26.5163],[115.2252,26.5229],[115.2233,26.533],[115.2162,26.5323],[115.2135,26.5371],[115.2213,26.5478],[115.2277,26.5538],[115.2288,26.5611],[115.2467,26.5766],[115.2514,26.5764],[115.2506,26.5879],[115.2543,26.5893],[115.2634,26.6078],[115.2727,26.6105],[115.2797,26.6168],[115.2819,26.6309],[115.2894,26.6316],[115.2983,26.6364],[115.2912,26.6444],[115.2971,26.651],[115.2933,26.6584],[115.3045,26.6602],[115.3132,26.6659],[115.3234,26.6633],[115.3259,26.6714],[115.3303,26.6771],[115.3393,26.6777],[115.3434,26.6751],[115.344,26.6696],[115.3506,26.665],[115.3539,26.6589],[115.3605,26.6563],[115.3664,26.6596],[115.3769,26.6572],[115.3837,26.6582],[115.3868,26.6624],[115.3999,26.6621],[115.4044,26.665],[115.4137,26.6667],[115.4198,26.6733],[115.4207,26.6791],[115.437,26.6863],[115.4438,26.6914],[115.4483,26.687],[115.4551,26.6843],[115.4585,26.6768],[115.4683,26.6767],[115.4766,26.6835],[115.4832,26.6852],[115.4946,26.6789],[115.5001,26.6803],[115.5032,26.6898],[115.5103,26.6916],[115.5167,26.6989],[115.5239,26.6996],[115.5259,26.6942],[115.5315,26.6931],[115.5296,26.6774],[115.5314,26.671],[115.5319,26.66],[115.5367,26.6546],[115.5465,26.6502],[115.5525,26.6492],[115.5586,26.6539],[115.5666,26.6497],[115.5745,26.6543],[115.5868,26.6545],[115.5887,26.6651],[115.5983,26.664],[115.6021,26.6608],[115.6065,26.6667],[115.6106,26.6679],[115.6336,26.6632],[115.6393,26.6654],[115.6433,26.6585],[115.6535,26.6519],[115.6617,26.6511],[115.6642,26.6455],[115.6707,26.6466],[115.6683,26.6524],[115.6756,26.6558],[115.6816,26.6617],[115.687,26.6714],[115.6941,26.6759],[115.6947,26.6823],[115.7014,26.6933],[115.7077,26.6912],[115.711,26.6947],[115.7046,26.7004],[115.6976,26.7032],[115.7023,26.7119],[115.7085,26.7096],[115.7141,26.7129],[115.7171,26.709],[115.7253,26.7108],[115.7278,26.7137],[115.7251,26.7267],[115.7232,26.7424],[115.7249,26.7484],[115.722,26.7523],[115.7205,26.761],[115.7178,26.7649],[115.7086,26.7589],[115.7004,26.7581],[115.6976,26.7613],[115.6903,26.7625],[115.6835,26.7693],[115.6774,26.7685],[115.6716,26.7779],[115.6783,26.7827],[115.686,26.7839],[115.6823,26.791],[115.6843,26.7974],[115.6933,26.8013],[115.687,26.8069],[115.6841,26.8135],[115.6879,26.8156],[115.6829,26.8246],[115.691,26.836],[115.6986,26.8396],[115.7016,26.8462],[115.7004,26.8507],[115.703,26.8567],[115.717,26.8533],[115.719,26.8483],[115.7319,26.8396],[115.7443,26.8366],[115.7494,26.83],[115.7518,26.8196],[115.7625,26.8137],[115.7719,26.8108],[115.7759,26.8073],[115.7818,26.8086],[115.785,26.8258],[115.7925,26.8362],[115.7998,26.8549],[115.8014,26.8619],[115.809,26.8607],[115.8197,26.8616],[115.8221,26.8655],[115.8225,26.8759],[115.8283,26.8859],[115.8311,26.8994],[115.8336,26.9027],[115.8418,26.9029],[115.8492,26.9063],[115.8561,26.9124],[115.8724,26.9205],[115.8816,26.933],[115.8871,26.9378],[115.8893,26.9434],[115.8972,26.9485],[115.8997,26.9534],[115.9056,26.9578],[115.9146,26.9598],[115.9166,26.9569],[115.926,26.9569],[115.9252,26.962],[115.9308,26.9687],[115.9215,26.9797],[115.9162,26.9816],[115.9067,26.989],[115.8958,26.9865],[115.8886,26.9819],[115.882,26.9857],[115.8789,26.9958],[115.8827,27.0018],[115.8683,27.0005],[115.8592,27.0061],[115.8567,27.0144],[115.8532,27.0184],[115.8584,27.0216],[115.8583,27.0262],[115.8512,27.0301],[115.8472,27.0495],[115.8497,27.0555],[115.8485,27.0612],[115.8444,27.0654],[115.8429,27.0726],[115.8332,27.0803],[115.8216,27.0848],[115.82,27.0944],[115.8164,27.099],[115.8161,27.1086],[115.8109,27.1143],[115.7944,27.1164],[115.7893,27.1197],[115.778,27.1172],[115.7759,27.1148],[115.7664,27.1132],[115.7587,27.1145],[115.7479,27.1131],[115.7354,27.1073],[115.7215,27.1035],[115.7136,27.1048],[115.7129,27.1096],[115.7077,27.1201],[115.7044,27.1187],[115.6988,27.1241],[115.6933,27.1238],[115.6925,27.1307],[115.6836,27.1338],[115.6771,27.1382],[115.6716,27.1501],[115.6734,27.1538],[115.6678,27.16],[115.6694,27.1652],[115.6604,27.1738],[115.6629,27.1811],[115.6592,27.1836],[115.6541,27.1946],[115.6482,27.1975],[115.6389,27.1902],[115.6342,27.1919],[115.6347,27.1982],[115.6307,27.2056],[115.6312,27.2109],[115.6259,27.215],[115.6265,27.2273],[115.6234,27.2323],[115.6266,27.2358],[115.6213,27.2427],[115.6201,27.25],[115.6331,27.2572],[115.6365,27.2563],[115.6399,27.2651],[115.6462,27.2625],[115.6502,27.2691],[115.6604,27.2681],[115.6665,27.2698],[115.6726,27.2672],[115.6803,27.2719],[115.6904,27.2749],[115.6889,27.2806],[115.691,27.2873],[115.6791,27.2975],[115.681,27.3],[115.677,27.3145],[115.6781,27.3224],[115.6754,27.3266],[115.6738,27.3357],[115.6709,27.3404],[115.6748,27.351],[115.6834,27.3691],[115.6931,27.3686],[115.6966,27.3731],[115.6956,27.3902],[115.6908,27.4042],[115.6969,27.4137],[115.7074,27.42],[115.7118,27.4205],[115.7159,27.4313],[115.7154,27.4464],[115.705,27.4588],[115.6985,27.4601],[115.6949,27.4565],[115.6881,27.4555],[115.6785,27.4505],[115.6673,27.4546],[115.6642,27.4496],[115.643,27.4573],[115.6444,27.4608],[115.6276,27.4705],[115.6245,27.4818],[115.6153,27.4873],[115.6159,27.4918],[115.6089,27.4945],[115.6097,27.4991],[115.6046,27.504],[115.6025,27.5113],[115.5986,27.5162],[115.5901,27.5216],[115.5903,27.5297],[115.6,27.5365],[115.598,27.5412],[115.6016,27.5461],[115.6007,27.5522],[115.6021,27.5653],[115.6049,27.5714],[115.6024,27.5799],[115.6116,27.5893],[115.6186,27.6016],[115.627,27.6115],[115.6325,27.6238],[115.6383,27.6284],[115.6407,27.6344],[115.6589,27.6476],[115.6591,27.6542],[115.6674,27.6542],[115.6793,27.6634],[115.6838,27.6721],[115.6889,27.6762],[115.6893,27.6803],[115.6959,27.6887],[115.7095,27.6964],[115.7138,27.7055],[115.7188,27.71],[115.7244,27.7189],[115.7246,27.7248],[115.732,27.7334],[115.7291,27.7368],[115.7281,27.7461],[115.7249,27.7521],[115.7261,27.76],[115.7236,27.7657],[115.7158,27.7651],[115.7097,27.7696],[115.7011,27.7691],[115.6895,27.777],[115.6863,27.7832],[115.6858,27.7941],[115.6761,27.8127],[115.6718,27.8127],[115.6707,27.8246],[115.6577,27.8274],[115.6512,27.8319],[115.6451,27.8267],[115.6295,27.8263],[115.6126,27.8296],[115.604,27.8334],[115.6022,27.8373],[115.5842,27.8466],[115.582,27.8576],[115.5765,27.8566],[115.5735,27.8655],[115.5683,27.8623],[115.5601,27.863],[115.5535,27.8671],[115.5484,27.8675],[115.5391,27.8733],[115.5291,27.888],[115.5213,27.8883],[115.5152,27.8908],[115.503,27.8989],[115.5052,27.9063],[115.5109,27.9074],[115.5135,27.914],[115.5079,27.9174],[115.5104,27.924],[115.5281,27.9322],[115.5287,27.9379],[115.534,27.9416],[115.5225,27.953],[115.5039,27.9527],[115.496,27.9588],[115.4901,27.9558],[115.4858,27.9603],[115.4789,27.9628],[115.4745,27.9556],[115.4698,27.9561],[115.4663,27.9497],[115.4609,27.9508],[115.4607,27.9439],[115.4696,27.9409],[115.4667,27.9294],[115.462,27.9256],[115.4471,27.9261],[115.4451,27.9356],[115.4344,27.9384],[115.4357,27.9488],[115.4386,27.9568],[115.4381,27.9614],[115.4228,27.9649],[115.4213,27.9608],[115.4249,27.9504],[115.4209,27.9465],[115.4158,27.9488],[115.4117,27.9551],[115.4,27.9541],[115.3889,27.9491],[115.3886,27.9431],[115.392,27.9372],[115.402,27.934],[115.404,27.9297],[115.3988,27.9131],[115.3885,27.9085],[115.3784,27.8993],[115.3804,27.8933],[115.3878,27.8867],[115.3964,27.8835],[115.4023,27.876],[115.385,27.8686],[115.383,27.8617],[115.3778,27.8661],[115.3663,27.867],[115.3551,27.8651],[115.3542,27.86],[115.3581,27.8556],[115.3521,27.842],[115.3476,27.8391],[115.3447,27.831],[115.3375,27.8281],[115.3282,27.8187],[115.3171,27.8142],[115.3164,27.8057],[115.3087,27.7923],[115.3054,27.789],[115.2969,27.7856],[115.2941,27.7806],[115.2735,27.7704],[115.2498,27.7651],[115.2329,27.7635],[115.2244,27.7612],[115.2214,27.7583],[115.195,27.7553],[115.188,27.7462],[115.1745,27.7408],[115.1687,27.7363],[115.1595,27.736],[115.1516,27.7239],[115.1553,27.7217],[115.152,27.7164],[115.1457,27.7167],[115.1398,27.7131],[115.1309,27.7137],[115.1338,27.7272],[115.127,27.7422],[115.1221,27.7456],[115.1147,27.7437],[115.1132,27.7398],[115.1143,27.7312],[115.1077,27.7298],[115.1049,27.7225],[115.0978,27.7142],[115.0873,27.7092],[115.0773,27.7068],[115.0726,27.7128],[115.0731,27.7225],[115.0602,27.7277],[115.056,27.7347],[115.0504,27.7355],[115.0492,27.7266],[115.0457,27.7239],[115.0383,27.7238],[115.0297,27.7172],[115.0191,27.7149],[115.0228,27.7027],[115.0205,27.6977],[115.0149,27.6971],[115.0104,27.69],[115.0116,27.6706],[115.0156,27.669],[115.0154,27.6587],[115.0059,27.6524],[114.9992,27.6591],[114.994,27.6583],[114.983,27.6678],[114.9837,27.6737],[114.9784,27.6776],[114.9692,27.677],[114.9563,27.6636],[114.9663,27.6569],[114.9587,27.6507],[114.9505,27.6464],[114.9404,27.6442],[114.9322,27.6441],[114.9229,27.6397],[114.9221,27.6312],[114.9135,27.6281],[114.9149,27.6229],[114.9019,27.616],[114.8942,27.6175],[114.8841,27.6149],[114.878,27.6039],[114.8771,27.5967],[114.866,27.5912],[114.8612,27.5952],[114.8523,27.5883],[114.8417,27.5861],[114.8413,27.5918],[114.8344,27.5948],[114.8255,27.5939],[114.8199,27.5974],[114.8134,27.5966],[114.8131,27.6104],[114.8063,27.6136],[114.8038,27.6186],[114.7967,27.621],[114.788,27.6209],[114.7868,27.6294],[114.7766,27.6318],[114.7728,27.6224],[114.7683,27.622],[114.7663,27.6153],[114.7617,27.6158],[114.7581,27.61],[114.75,27.6105],[114.7391,27.6069],[114.7386,27.599],[114.7329,27.5934],[114.7281,27.5978],[114.728,27.6042],[114.7063,27.6008],[114.6911,27.5965],[114.6877,27.5979],[114.6719,27.5937],[114.6645,27.5872],[114.6627,27.5712],[114.6591,27.5709],[114.6529,27.5644],[114.6494,27.5577],[114.6448,27.5431],[114.634,27.5349],[114.6262,27.5346],[114.6192,27.5397],[114.6135,27.5465],[114.6157,27.5496],[114.613,27.5553],[114.6051,27.556],[114.5952,27.5522],[114.5887,27.56],[114.5905,27.5655],[114.5863,27.568],[114.5621,27.5676],[114.5438,27.5631],[114.5357,27.5632],[114.5283,27.57],[114.5305,27.5724],[114.5295,27.5879],[114.5252,27.5941],[114.5259,27.6048],[114.5134,27.6115],[114.5033,27.6017],[114.4971,27.5933],[114.5002,27.5887],[114.4999,27.5828],[114.4893,27.5837],[114.4861,27.5819],[114.4785,27.5838],[114.4769,27.5762],[114.4606,27.5643],[114.4523,27.5646],[114.4486,27.5706],[114.4421,27.5712],[114.4362,27.5671],[114.4301,27.5669],[114.4198,27.5629],[114.4136,27.5514],[114.3988,27.554],[114.3825,27.5522],[114.3811,27.5595],[114.3779,27.5616],[114.3687,27.5587],[114.3684,27.5505],[114.3646,27.5472],[114.3518,27.5561],[114.3492,27.5619],[114.3434,27.5681],[114.3366,27.5636],[114.3282,27.5625],[114.3191,27.5683],[114.3145,27.5691],[114.307,27.5773],[114.2948,27.5814],[114.2824,27.5824],[114.2767,27.5814],[114.2666,27.5753],[114.2614,27.5741],[114.2564,27.5666],[114.2484,27.5654],[114.2423,27.5606],[114.2353,27.5614],[114.2209,27.5509],[114.221,27.5425],[114.2138,27.5289],[114.2031,27.5245],[114.197,27.5237],[114.1928,27.5084],[114.1997,27.5],[114.1956,27.4903],[114.1908,27.4835],[114.1876,27.4753],[114.1815,27.4744],[114.1762,27.4699],[114.1725,27.4532],[114.1679,27.4478],[114.1564,27.4423],[114.1505,27.4424],[114.143,27.4356],[114.1354,27.4337],[114.1279,27.435],[114.1167,27.4325],[114.1074,27.4399],[114.092,27.4372],[114.0845,27.4332],[114.0766,27.4313],[114.0645,27.4389],[114.0539,27.4338],[114.0482,27.4366],[114.0346,27.437],[114.0247,27.4293],[114.0254,27.4222],[114.0205,27.4103],[114.0166,27.4075],[114.0201,27.3993],[114.016,27.3954],[114.0235,27.3846],[114.034,27.3821],[114.0422,27.3774],[114.0422,27.3708],[114.0516,27.3611],[114.0617,27.3598],[114.0622,27.3537],[114.0658,27.351],[114.0648,27.3412],[114.0766,27.3342],[114.0828,27.3356],[114.0968,27.3321],[114.0959,27.3262],[114.0997,27.3208],[114.1112,27.314],[114.1169,27.3137],[114.121,27.3189],[114.1388,27.3152],[114.1343,27.3084],[114.1336,27.3001],[114.1368,27.2984],[114.1418,27.2842],[114.1421,27.2657],[114.1526,27.2488],[114.15,27.2449],[114.1387,27.2352],[114.1288,27.2284],[114.1198,27.2246],[114.1154,27.2209],[114.1097,27.2262],[114.1032,27.224],[114.0906,27.2131],[114.0891,27.2071],[114.0928,27.2001],[114.0868,27.1938],[114.0818,27.1807],[114.081,27.1738],[114.0774,27.1677],[114.0725,27.1652],[114.0686,27.1568],[114.0485,27.1614],[114.04,27.161],[114.0352,27.1551],[114.028,27.1507],[114.0167,27.1361],[114.0089,27.1275],[114.0033,27.1161],[113.9997,27.0994],[113.9906,27.0919],[113.9892,27.0804],[113.9963,27.0729],[113.992,27.0671],[113.9934,27.0639],[113.9887,27.0547],[113.9831,27.0542],[113.9778,27.0492],[113.9697,27.0362],[113.9626,27.0371],[113.9578,27.0299],[113.9527,27.0265],[113.9519,27.0176],[113.9589,27.0059],[113.9531,27.0006],[113.9449,27.0012],[113.934,26.9952],[113.9327,26.9874],[113.9251,26.982],[113.925,26.977],[113.9158,26.9633]]]},"properties":{"region_code":"CN-36-3608","parent_region_code":"CN-36","name":"吉安市","level":"prefecture","has_children":true,"full_path":"中国 / 江西省 / 吉安市","source_admin_code":"3608","osm_relation_id":2950516}},
{"type":"Feature","geometry":{"type":"Polygon","coordinates":[[[115.4698,29.0082],[115.4671,29.0214],[115.4635,29.0295],[115.4585,29.0289],[115.4455,29.0321],[115.4357,29.0425],[115.4343,29.0499],[115.4429,29.0578],[115.4418,29.0622],[115.4282,29.0679],[115.4154,29.0686],[115.4129,29.0661],[115.4044,29.0659],[115.4027,29.0691],[115.39,29.0702],[115.3881,29.0793],[115.3679,29.0844],[115.3602,29.0882],[115.3479,29.0895],[115.3338,29.097],[115.314,29.1015],[115.3063,29.1019],[115.2885,29.098],[115.2828,29.1026],[115.275,29.1002],[115.2644,29.1011],[115.2606,29.0975],[115.2439,29.0929],[115.2312,29.0932],[115.226,29.0963],[115.2106,29.0975],[115.1998,29.0899],[115.1845,29.0862],[115.1788,29.0868],[115.1714,29.0833],[115.1591,29.0798],[115.1408,29.0773],[115.1237,29.0657],[115.1205,29.0659],[115.1126,29.0593],[115.1029,29.0546],[115.0929,29.0545],[115.0897,29.0505],[115.079,29.0473],[115.0713,29.0429],[115.0676,29.0371],[115.0627,29.0362],[115.0554,29.0385],[115.0449,29.0341],[115.0449,29.0232],[115.0372,29.0167],[115.0299,29.0162],[115.0189,29.0123],[115.0112,29.0153],[114.9903,29.0106],[114.9836,29.0003],[114.975,28.9978],[114.975,28.9918],[114.9783,28.986],[114.9668,28.9813],[114.9585,28.972],[114.9636,28.9631],[114.9622,28.9601],[114.964,28.9499],[114.9616,28.9402],[114.9543,28.9383],[114.9442,28.9268],[114.9493,28.9181],[114.9432,28.91],[114.9456,28.9006],[114.9528,28.8897],[114.95,28.8812],[114.929,28.8709],[114.9187,28.8719],[114.9032,28.8548],[114.9049,28.8503],[114.9019,28.8228],[114.9102,28.8165],[114.9135,28.8102],[114.9116,28.8027],[114.9007,28.7908],[114.897,28.7902],[114.8918,28.7812],[114.8913,28.7758],[114.8868,28.773],[114.8791,28.7734],[114.8758,28.7768],[114.8675,28.7736],[114.8641,28.7687],[114.8688,28.762],[114.8661,28.7559],[114.8612,28.7591],[114.8546,28.7576],[114.851,28.7501],[114.8388,28.7473],[114.8354,28.7446],[114.8237,28.7571],[114.8222,28.7636],[114.817,28.7698],[114.8065,28.7728],[114.8004,28.7632],[114.7922,28.7592],[114.7985,28.7421],[114.7984,28.733],[114.7942,28.7279],[114.7835,28.7265],[114.7687,28.7153],[114.7601,28.717],[114.756,28.715],[114.7513,28.708],[114.742,28.7031],[114.7368,28.6985],[114.7313,28.6897],[114.7187,28.6913],[114.7151,28.6938],[114.7052,28.6953],[114.6929,28.6906],[114.6695,28.6945],[114.6594,28.6903],[114.6555,28.6917],[114.6418,28.6899],[114.6365,28.6957],[114.6302,28.6949],[114.6203,28.6977],[114.6131,28.7055],[114.6111,28.7132],[114.6046,28.7157],[114.5877,28.726],[114.5778,28.743],[114.5786,28.7467],[114.5742,28.7674],[114.5664,28.7733],[114.5568,28.7729],[114.5492,28.7705],[114.5444,28.7661],[114.5436,28.7612],[114.5307,28.7614],[114.5266,28.7641],[114.519,28.7625],[114.5143,28.7582],[114.5076,28.7613],[114.4925,28.7574],[114.4837,28.7576],[114.4751,28.7546],[114.4749,28.7461],[114.4699,28.7425],[114.4615,28.7324],[114.4615,28.7285],[114.4564,28.7232],[114.457,28.7176],[114.463,28.7049],[114.4597,28.6993],[114.4509,28.7026],[114.4405,28.7087],[114.4343,28.7095],[114.4271,28.7165],[114.4142,28.7175],[114.4092,28.71],[114.3975,28.707],[114.3849,28.7068],[114.3777,28.7116],[114.3663,28.7165],[114.3625,28.7149],[114.3593,28.7042],[114.3516,28.7065],[114.3491,28.7042],[114.3365,28.7123],[114.3356,28.7166],[114.3271,28.7199],[114.3239,28.7253],[114.3149,28.7275],[114.3076,28.7314],[114.3083,28.7384],[114.3036,28.7471],[114.2937,28.7509],[114.2845,28.7608],[114.2788,28.7601],[114.2701,28.7667],[114.2661,28.7678],[114.2651,28.7794],[114.2623,28.7928],[114.2566,28.7988],[114.2534,28.8092],[114.2394,28.8107],[114.2354,28.8015],[114.2268,28.8027],[114.2243,28.8099],[114.2194,28.8137],[114.2202,28.8243],[114.213,28.8327],[114.208,28.8317],[114.2066,28.827],[114.198,28.822],[114.1934,28.8119],[114.1844,28.8039],[114.1773,28.8023],[114.1578,28.7883],[114.1594,28.7817],[114.152,28.778],[114.1483,28.7738],[114.1517,28.7645],[114.1466,28.7498],[114.1465,28.7455],[114.1411,28.7376],[114.1439,28.7268],[114.1367,28.7163],[114.1345,28.706],[114.1227,28.7041],[114.1169,28.6925],[114.1178,28.6852],[114.1276,28.6747],[114.1239,28.6653],[114.1269,28.6614],[114.1241,28.6489],[114.1273,28.6449],[114.1219,28.6335],[114.1167,28.6263],[114.1191,28.6209],[114.124,28.6188],[114.1266,28.6103],[114.1132,28.5899],[114.099,28.5862],[114.0951,28.579],[114.0892,28.5732],[114.0891,28.5653],[114.0827,28.5631],[114.081,28.5593],[114.0847,28.5528],[114.0951,28.5434],[114.1039,28.5417],[114.113,28.5421],[114.1177,28.5378],[114.1282,28.5397],[114.1326,28.5368],[114.1351,28.5266],[114.1418,28.5208],[114.1492,28.5107],[114.1545,28.51],[114.1592,28.5051],[114.1693,28.5006],[114.181,28.5001],[114.1903,28.5018],[114.2135,28.4859],[114.214,28.4738],[114.2116,28.4697],[114.2027,28.4637],[114.197,28.4625],[114.1943,28.4567],[114.1861,28.4496],[114.1847,28.4446],[114.1733,28.4365],[114.188,28.4341],[114.1969,28.4277],[114.2014,28.4218],[114.2093,28.4064],[114.2155,28.4056],[114.2212,28.4001],[114.2472,28.3991],[114.2508,28.3954],[114.2528,28.3763],[114.2454,28.3714],[114.2464,28.3658],[114.2549,28.359],[114.2433,28.3457],[114.2419,28.3414],[114.2503,28.3299],[114.2489,28.3242],[114.2299,28.3142],[114.2233,28.3059],[114.2104,28.2973],[114.2051,28.298],[114.1928,28.294],[114.1908,28.2877],[114.1938,28.2758],[114.191,28.2716],[114.1793,28.2709],[114.1783,28.2601],[114.1752,28.2531],[114.1653,28.2568],[114.1506,28.2521],[114.1396,28.251],[114.1383,28.2414],[114.1319,28.2356],[114.1242,28.2313],[114.1232,28.2266],[114.1157,28.2163],[114.1011,28.2048],[114.1023,28.1891],[114.0998,28.1847],[114.09,28.1846],[114.0782,28.1824],[114.0749,28.1784],[114.0631,28.1748],[114.048,28.1743],[114.0425,28.1799],[114.0355,28.1766],[114.0263,28.1772],[114.0196,28.1754],[114.0069,28.1784],[114.0019,28.1699],[113.9902,28.1681],[113.9873,28.1648],[113.9893,28.1582],[113.9945,28.1506],[114.0006,28.1482],[114.0027,28.1414],[114.0018,28.1287],[114.008,28.1273],[114.0102,28.1208],[114.0119,28.106],[114.017,28.1023],[114.0216,28.0956],[114.0231,28.088],[114.0199,28.0838],[114.0308,28.0814],[114.032,28.0758],[114.0375,28.0709],[114.0414,28.0615],[114.04,28.056],[114.0305,28.0541],[114.0221,28.045],[114.0214,28.0351],[114.0142,28.0367],[114.0048,28.0414],[113.9952,28.0438],[113.9839,28.0421],[113.9708,28.0444],[113.9581,28.0431],[113.9527,28.0383],[113.9517,28.0319],[113.9596,28.0247],[113.9566,28.0186],[113.9388,28.0177],[113.9303,28.0224],[113.9254,28.0188],[113.92,28.0077],[113.9137,28.0049],[113.9105,27.9965],[113.9177,27.9951],[113.9177,27.9889],[113.9251,27.9883],[113.9356,27.9931],[113.944,27.9929],[113.9433,27.9866],[113.9492,27.9737],[113.9579,27.9685],[113.9664,27.9681],[113.9712,27.9702],[113.9735,27.9784],[113.9821,27.9778],[113.9903,27.9748],[113.9906,27.9645],[113.9944,27.9611],[114.0016,27.9601],[113.9953,27.9541],[113.9952,27.9454],[113.9853,27.9449],[113.9815,27.9375],[113.9715,27.9308],[113.9725,27.9237],[113.9691,27.9202],[113.9586,27.9228],[113.9494,27.9163],[113.951,27.9118],[113.938,27.9017],[113.9333,27.9076],[113.9423,27.9155],[113.9313,27.916],[113.918,27.9058],[113.9002,27.8901],[113.9,27.8834],[113.8879,27.8771],[113.8953,27.8706],[113.9043,27.8673],[113.9034,27.8564],[113.9069,27.8503],[113.9029,27.8444],[113.8938,27.8493],[113.8916,27.8418],[113.9033,27.8348],[113.9183,27.8333],[113.926,27.8366],[113.9261,27.829],[113.9311,27.8248],[113.9316,27.8147],[113.9266,27.8122],[113.9295,27.8056],[113.936,27.8069],[113.9374,27.8124],[113.9549,27.8166],[113.9653,27.817],[113.9614,27.8109],[113.9651,27.8038],[113.9548,27.797],[113.9529,27.786],[113.9585,27.781],[113.9671,27.7775],[113.9672,27.7654],[113.9708,27.7626],[113.9776,27.767],[113.9912,27.755],[114.0022,27.7563],[114.0031,27.7599],[114.0153,27.7649],[114.0214,27.7597],[114.0281,27.7592],[114.0379,27.7444],[114.0606,27.7468],[114.0655,27.7452],[114.0749,27.7506],[114.0788,27.7502],[114.0877,27.7584],[114.0987,27.7551],[114.11,27.7596],[114.1049,27.7674],[114.1081,27.7738],[114.1155,27.7733],[114.1255,27.7645],[114.1353,27.7648],[114.1375,27.7579],[114.1488,27.7552],[114.1512,27.7484],[114.1557,27.7452],[114.1473,27.737],[114.1535,27.7366],[114.1576,27.7407],[114.1685,27.739],[114.1733,27.7348],[114.1732,27.7265],[114.1828,27.7152],[114.1867,27.7068],[114.1921,27.7022],[114.1872,27.6954],[114.1977,27.6881],[114.1965,27.6828],[114.2088,27.6744],[114.2117,27.6705],[114.2116,27.6628],[114.2001,27.6456],[114.1927,27.6467],[114.1906,27.6435],[114.2051,27.6395],[114.2085,27.635],[114.2085,27.6294],[114.2137,27.6268],[114.2153,27.6202],[114.227,27.6138],[114.227,27.6106],[114.2349,27.6059],[114.2386,27.6007],[114.2449,27.5986],[114.2462,27.5942],[114.2552,27.5923],[114.2613,27.5889],[114.2628,27.5832],[114.2681,27.5798],[114.2767,27.5814],[114.2824,27.5824],[114.2948,27.5814],[114.307,27.5773],[114.3145,27.5691],[114.3191,27.5683],[114.3282,27.5625],[114.3366,27.5636],[114.3434,27.5681],[114.3492,27.5619],[114.3518,27.5561],[114.3646,27.5472],[114.3684,27.5505],[114.3687,27.5587],[114.3779,27.5616],[114.3811,27.5595],[114.3825,27.5522],[114.3988,27.554],[114.4136,27.5514],[114.4198,27.5629],[114.4301,27.5669],[114.4362,27.5671],[114.4421,27.5712],[114.4486,27.5706],[114.4523,27.5646],[114.4606,27.5643],[114.4769,27.5762],[114.4785,27.5838],[114.4861,27.5819],[114.4893,27.5837],[114.4999,27.5828],[114.5002,27.5887],[114.4971,27.5933],[114.5033,27.6017],[114.5134,27.6115],[114.5259,27.6048],[114.5279,27.6079],[114.5372,27.6131],[114.5317,27.6171],[114.5305,27.6226],[114.523,27.6284],[114.5292,27.6448],[114.5375,27.6515],[114.5373,27.6587],[114.5346,27.6658],[114.5408,27.671],[114.5464,27.6835],[114.5524,27.6863],[114.5521,27.6955],[114.5604,27.7023],[114.5736,27.7063],[114.5753,27.7166],[114.5792,27.7263],[114.5799,27.7335],[114.578,27.7386],[114.5724,27.7449],[114.5783,27.7554],[114.5783,27.7652],[114.5702,27.7703],[114.5708,27.7799],[114.5627,27.7756],[114.5649,27.769],[114.5564,27.7682],[114.5539,27.7746],[114.5632,27.7832],[114.5598,27.7884],[114.5598,27.7937],[114.5761,27.804],[114.5787,27.804],[114.5797,27.8201],[114.5765,27.8216],[114.5777,27.8301],[114.5744,27.832],[114.572,27.841],[114.5656,27.8474],[114.5501,27.8408],[114.5445,27.8328],[114.5473,27.8262],[114.5439,27.8225],[114.5372,27.8213],[114.5309,27.8284],[114.5232,27.8273],[114.5204,27.8317],[114.5111,27.8296],[114.5056,27.8349],[114.4976,27.8368],[114.5003,27.8406],[114.4949,27.853],[114.491,27.8583],[114.488,27.8668],[114.4849,27.8692],[114.4814,27.8774],[114.4821,27.8879],[114.4796,27.8986],[114.4849,27.9045],[114.4869,27.9105],[114.4864,27.9201],[114.4895,27.9232],[114.4952,27.922],[114.5028,27.9271],[114.5066,27.9248],[114.5156,27.932],[114.5159,27.9364],[114.5113,27.94],[114.5068,27.9493],[114.5193,27.9583],[114.5358,27.959],[114.5395,27.9618],[114.5444,27.957],[114.5528,27.9616],[114.5656,27.9562],[114.5713,27.9577],[114.5757,27.9643],[114.5949,27.9813],[114.6068,27.9868],[114.6045,27.9926],[114.5956,27.989],[114.5972,27.9964],[114.5944,28.0049],[114.5839,28.0219],[114.5806,28.0345],[114.5845,28.0378],[114.5782,28.0487],[114.5625,28.0583],[114.5716,28.0694],[114.5817,28.0758],[114.5833,28.0812],[114.592,28.0861],[114.5945,28.0829],[114.6031,28.0838],[114.6101,28.0802],[114.6163,28.0844],[114.6319,28.0901],[114.6373,28.0966],[114.651,28.0981],[114.6671,28.1058],[114.6805,28.1028],[114.69,28.1049],[114.6988,28.0968],[114.7062,28.1018],[114.7138,28.1028],[114.7143,28.1068],[114.7254,28.1031],[114.7352,28.1054],[114.735,28.1099],[114.748,28.1087],[114.757,28.1042],[114.7632,28.1097],[114.7673,28.1064],[114.7794,28.1107],[114.7808,28.1034],[114.7781,28.1016],[114.7764,28.0917],[114.7822,28.089],[114.781,28.0808],[114.782,28.0721],[114.7784,28.0662],[114.7708,28.0641],[114.7717,28.0576],[114.7693,28.0519],[114.7799,28.0497],[114.7836,28.0417],[114.7904,28.034],[114.8039,28.0353],[114.8142,28.0447],[114.8229,28.0504],[114.827,28.0488],[114.8402,28.0494],[114.8458,28.0483],[114.8542,28.0507],[114.8601,28.0473],[114.8696,28.048],[114.8698,28.0425],[114.8734,28.0367],[114.8796,28.0352],[114.8817,28.0308],[114.8892,28.0298],[114.8986,28.0333],[114.9014,28.0388],[114.9083,28.032],[114.9061,28.0471],[114.9121,28.0532],[114.9131,28.0589],[114.9234,28.065],[114.9311,28.0644],[114.9395,28.0673],[114.9476,28.0735],[114.9478,28.0803],[114.9584,28.0918],[114.9672,28.0947],[114.9788,28.0871],[114.9795,28.0817],[114.9944,28.0744],[114.999,28.0778],[115.0063,28.0784],[115.0165,28.0853],[115.0328,28.0761],[115.0429,28.0774],[115.0467,28.0814],[115.0506,28.0742],[115.0557,28.0708],[115.0678,28.0743],[115.0904,28.0832],[115.1092,28.0826],[115.1213,28.084],[115.1333,28.0797],[115.1468,28.08],[115.1532,28.0672],[115.149,28.0591],[115.154,28.0581],[115.1559,28.0531],[115.1479,28.0455],[115.1482,28.0365],[115.1451,28.0172],[115.1419,28.0122],[115.1357,28.0084],[115.1252,28.0076],[115.1238,28.0045],[115.128,27.9964],[115.1236,27.9935],[115.1249,27.9833],[115.1315,27.9826],[115.1342,27.9761],[115.1273,27.9709],[115.1238,27.9712],[115.1093,27.959],[115.1148,27.9573],[115.1131,27.9487],[115.1246,27.9341],[115.124,27.9288],[115.129,27.9245],[115.1281,27.9201],[115.1317,27.9153],[115.1302,27.9082],[115.1411,27.9036],[115.1495,27.8942],[115.1572,27.8955],[115.1697,27.888],[115.1714,27.8846],[115.1833,27.8854],[115.1841,27.8806],[115.197,27.8871],[115.205,27.8805],[115.2109,27.8782],[115.221,27.8824],[115.2218,27.8933],[115.2281,27.8943],[115.2393,27.8806],[115.247,27.8771],[115.2578,27.8802],[115.2609,27.8729],[115.2662,27.8715],[115.2867,27.8841],[115.2956,27.8841],[115.3063,27.8749],[115.3113,27.874],[115.3177,27.8799],[115.3276,27.8787],[115.3289,27.8724],[115.3328,27.8698],[115.3441,27.8746],[115.3583,27.8717],[115.364,27.8775],[115.376,27.8742],[115.3823,27.8785],[115.39,27.88],[115.4023,27.876],[115.3964,27.8835],[115.3878,27.8867],[115.3804,27.8933],[115.3784,27.8993],[115.3885,27.9085],[115.3988,27.9131],[115.404,27.9297],[115.402,27.934],[115.392,27.9372],[115.3886,27.9431],[115.3889,27.9491],[115.4,27.9541],[115.4117,27.9551],[115.4158,27.9488],[115.4209,27.9465],[115.4249,27.9504],[115.4213,27.9608],[115.4228,27.9649],[115.4381,27.9614],[115.4386,27.9568],[115.4357,27.9488],[115.4344,27.9384],[115.4451,27.9356],[115.4471,27.9261],[115.462,27.9256],[115.4667,27.9294],[115.4696,27.9409],[115.4607,27.9439],[115.4609,27.9508],[115.4663,27.9497],[115.4698,27.9561],[115.4745,27.9556],[115.4789,27.9628],[115.4858,27.9603],[115.4901,27.9558],[115.496,27.9588],[115.5039,27.9527],[115.5225,27.953],[115.534,27.9416],[115.5287,27.9379],[115.5281,27.9322],[115.5104,27.924],[115.5079,27.9174],[115.5135,27.914],[115.5109,27.9074],[115.5052,27.9063],[115.503,27.8989],[115.5152,27.8908],[115.5213,27.8883],[115.5291,27.888],[115.5391,27.8733],[115.5484,27.8675],[115.5535,27.8671],[115.5601,27.863],[115.5683,27.8623],[115.5735,27.8655],[115.5765,27.8566],[115.582,27.8576],[115.5842,27.8466],[115.6022,27.8373],[115.604,27.8334],[115.6126,27.8296],[115.6295,27.8263],[115.6451,27.8267],[115.6512,27.8319],[115.6577,27.8274],[115.6707,27.8246],[115.6718,27.8127],[115.6761,27.8127],[115.6858,27.7941],[115.6863,27.7832],[115.6895,27.777],[115.7011,27.7691],[115.7097,27.7696],[115.7158,27.7651],[115.7236,27.7657],[115.7261,27.76],[115.7249,27.7521],[115.7281,27.7461],[115.7291,27.7368],[115.732,27.7334],[115.7406,27.7359],[115.7477,27.7402],[115.7506,27.746],[115.7595,27.7509],[115.7748,27.7437],[115.7831,27.7456],[115.7829,27.7413],[115.7891,27.7401],[115.7954,27.7333],[115.8028,27.7301],[115.8131,27.735],[115.8236,27.7358],[115.8303,27.7293],[115.8383,27.7352],[115.8391,27.7425],[115.8449,27.7438],[115.8436,27.7518],[115.8468,27.7533],[115.8485,27.7603],[115.8431,27.7682],[115.8477,27.7724],[115.8555,27.7862],[115.8543,27.7897],[115.8587,27.7988],[115.861,27.8115],[115.8596,27.8214],[115.8562,27.8302],[115.8554,27.8414],[115.8601,27.8518],[115.8616,27.8601],[115.8766,27.8576],[115.8819,27.8587],[115.8878,27.8638],[115.8967,27.8679],[115.8994,27.8785],[115.9043,27.8883],[115.9122,27.8842],[115.9198,27.8894],[115.9306,27.8914],[115.9371,27.8973],[115.9561,27.8953],[115.9609,27.8988],[115.9783,27.8998],[115.9896,27.905],[115.999,27.9022],[116.0187,27.9067],[116.025,27.9142],[116.0267,27.9197],[116.0364,27.929],[116.0444,27.9293],[116.053,27.9324],[116.0533,27.938],[116.0636,27.9422],[116.064,27.9477],[116.0728,27.951],[116.0756,27.9562],[116.0743,27.9613],[116.0814,27.9644],[116.0806,27.9719],[116.0838,27.9789],[116.0888,27.9835],[116.0942,27.9842],[116.0997,27.9899],[116.0986,27.9953],[116.1022,28.0029],[116.1118,28.0079],[116.1155,28.0135],[116.1143,28.0195],[116.1161,28.0271],[116.1231,28.0356],[116.1149,28.0391],[116.116,28.0449],[116.1212,28.0473],[116.1257,28.0451],[116.1327,28.0475],[116.1327,28.054],[116.1389,28.0589],[116.139,28.0656],[116.1321,28.072],[116.1448,28.0793],[116.1425,28.0886],[116.1391,28.0934],[116.1318,28.0953],[116.1297,28.1022],[116.1354,28.1144],[116.1347,28.1237],[116.14,28.1274],[116.1477,28.1283],[116.1434,28.1362],[116.1325,28.139],[116.1198,28.1353],[116.1151,28.1387],[116.1058,28.1397],[116.1022,28.1378],[116.0884,28.1488],[116.0766,28.1512],[116.0723,28.1638],[116.0754,28.1706],[116.0824,28.1773],[116.0783,28.183],[116.0851,28.1951],[116.0872,28.2013],[116.0966,28.213],[116.0947,28.2183],[116.1052,28.2313],[116.1075,28.2446],[116.1028,28.2484],[116.0968,28.2571],[116.094,28.268],[116.0903,28.2747],[116.082,28.2772],[116.0748,28.2824],[116.0663,28.2943],[116.0493,28.296],[116.0418,28.2989],[116.0352,28.2988],[116.0244,28.2915],[116.0145,28.29],[116.0078,28.2857],[116.0017,28.2858],[115.9989,28.2808],[115.9908,28.2849],[115.988,28.2922],[115.975,28.2946],[115.9704,28.2828],[115.9631,28.2787],[115.9446,28.2842],[115.9527,28.2899],[115.9555,28.2945],[115.9492,28.313],[115.9429,28.3143],[115.9302,28.3086],[115.9257,28.3173],[115.9147,28.3167],[115.9107,28.3056],[115.9053,28.3066],[115.9033,28.3178],[115.8977,28.3177],[115.8971,28.313],[115.8904,28.3106],[115.883,28.2906],[115.874,28.2908],[115.8722,28.2983],[115.8681,28.3049],[115.8556,28.3179],[115.8582,28.3278],[115.8575,28.3334],[115.8585,28.3509],[115.8506,28.3683],[115.846,28.381],[115.837,28.3919],[115.8233,28.3998],[115.8136,28.4113],[115.8068,28.4055],[115.8006,28.4039],[115.7967,28.4067],[115.7908,28.4009],[115.795,28.3943],[115.795,28.3802],[115.7787,28.3791],[115.7794,28.3737],[115.7724,28.3647],[115.7641,28.3641],[115.7516,28.3712],[115.7413,28.3676],[115.7307,28.3612],[115.7236,28.353],[115.7193,28.362],[115.7143,28.3659],[115.7019,28.3709],[115.6962,28.3683],[115.6821,28.3717],[115.6754,28.3784],[115.6691,28.3779],[115.6683,28.3707],[115.678,28.3659],[115.6852,28.3657],[115.6893,28.3581],[115.6858,28.3528],[115.6786,28.3519],[115.6741,28.3457],[115.6672,28.3411],[115.6648,28.35],[115.6539,28.348],[115.6521,28.3424],[115.6468,28.3384],[115.6396,28.339],[115.6251,28.3436],[115.6171,28.3485],[115.623,28.3526],[115.6302,28.3634],[115.6372,28.3653],[115.6328,28.3708],[115.6496,28.3801],[115.6462,28.3852],[115.6454,28.3964],[115.6394,28.4016],[115.6232,28.4005],[115.6148,28.403],[115.612,28.411],[115.6122,28.4177],[115.6044,28.4219],[115.5983,28.4218],[115.5847,28.4134],[115.5798,28.4021],[115.5732,28.4012],[115.5669,28.4044],[115.5608,28.4046],[115.5575,28.3965],[115.5517,28.3938],[115.5403,28.398],[115.5306,28.3941],[115.527,28.3949],[115.5284,28.403],[115.5325,28.4117],[115.549,28.4156],[115.5484,28.4318],[115.5454,28.4405],[115.5382,28.4477],[115.5458,28.4563],[115.544,28.4702],[115.5401,28.4847],[115.5493,28.4922],[115.5605,28.4975],[115.5607,28.5045],[115.5537,28.5011],[115.551,28.5098],[115.5555,28.5183],[115.5649,28.5169],[115.5621,28.5239],[115.5634,28.5352],[115.5581,28.5446],[115.5635,28.5507],[115.5616,28.5588],[115.5584,28.5618],[115.5584,28.5682],[115.5753,28.5721],[115.5778,28.5756],[115.577,28.5873],[115.5721,28.5935],[115.5651,28.5925],[115.5627,28.5892],[115.5565,28.5899],[115.5481,28.5836],[115.5224,28.5858],[115.5237,28.5921],[115.5188,28.5992],[115.5206,28.6111],[115.5255,28.6157],[115.53,28.6143],[115.542,28.6246],[115.5374,28.63],[115.5384,28.6351],[115.538,28.6684],[115.5435,28.6816],[115.5464,28.6814],[115.5511,28.6901],[115.5465,28.6913],[115.5482,28.6996],[115.5433,28.7008],[115.541,28.7086],[115.5441,28.7191],[115.5503,28.7238],[115.5535,28.7336],[115.5394,28.7365],[115.535,28.7341],[115.5286,28.7349],[115.5214,28.7414],[115.5162,28.7417],[115.5124,28.7354],[115.5034,28.7343],[115.4886,28.7379],[115.4804,28.7382],[115.4792,28.7329],[115.4691,28.733],[115.4691,28.7283],[115.4622,28.7251],[115.4567,28.7327],[115.4458,28.7378],[115.4436,28.7457],[115.4355,28.7615],[115.4384,28.762],[115.4357,28.7739],[115.4419,28.7781],[115.4542,28.7768],[115.4579,28.7795],[115.4605,28.7871],[115.4665,28.7916],[115.4664,28.7957],[115.4755,28.7947],[115.4797,28.8096],[115.483,28.8169],[115.4868,28.817],[115.4875,28.8262],[115.4841,28.8329],[115.4894,28.8462],[115.4988,28.8372],[115.5045,28.838],[115.5092,28.8418],[115.5165,28.8585],[115.5243,28.868],[115.521,28.8739],[115.5206,28.8801],[115.5163,28.884],[115.5207,28.8884],[115.5109,28.899],[115.4991,28.9163],[115.5013,28.9255],[115.4938,28.9313],[115.4924,28.9384],[115.4859,28.944],[115.4853,28.9484],[115.4764,28.9573],[115.4743,28.9687],[115.4689,28.9687],[115.4589,28.9851],[115.4634,28.9951],[115.4707,28.9973],[115.4683,29.0037],[115.4698,29.0082]]]},"properties":{"region_code":"CN-36-3609","parent_region_code":"CN-36","name":"宜春市","level":"prefecture","has_children":true,"full_path":"中国 / 江西省 / 宜春市","source_admin_code":"3609","osm_relation_id":3182923}},
{"type":"Feature","geometry":{"type":"Polygon","coordinates":[[[116.1075,28.2446],[116.1052,28.2313],[116.0947,28.2183],[116.0966,28.213],[116.0872,28.2013],[116.0851,28.1951],[116.0783,28.183],[116.0824,28.1773],[116.0754,28.1706],[116.0723,28.1638],[116.0766,28.1512],[116.0884,28.1488],[116.1022,28.1378],[116.1058,28.1397],[116.1151,28.1387],[116.1198,28.1353],[116.1325,28.139],[116.1434,28.1362],[116.1477,28.1283],[116.14,28.1274],[116.1347,28.1237],[116.1354,28.1144],[116.1297,28.1022],[116.1318,28.0953],[116.1391,28.0934],[116.1425,28.0886],[116.1448,28.0793],[116.1321,28.072],[116.139,28.0656],[116.1389,28.0589],[116.1327,28.054],[116.1327,28.0475],[116.1257,28.0451],[116.1212,28.0473],[116.116,28.0449],[116.1149,28.0391],[116.1231,28.0356],[116.1161,28.0271],[116.1143,28.0195],[116.1155,28.0135],[116.1118,28.0079],[116.1022,28.0029],[116.0986,27.9953],[116.0997,27.9899],[116.0942,27.9842],[116.0888,27.9835],[116.0838,27.9789],[116.0806,27.9719],[116.0814,27.9644],[116.0743,27.9613],[116.0756,27.9562],[116.0728,27.951],[116.064,27.9477],[116.0636,27.9422],[116.0533,27.938],[116.053,27.9324],[116.0444,27.9293],[116.0364,27.929],[116.0267,27.9197],[116.025,27.9142],[116.0187,27.9067],[115.999,27.9022],[115.9896,27.905],[115.9783,27.8998],[115.9609,27.8988],[115.9561,27.8953],[115.9371,27.8973],[115.9306,27.8914],[115.9198,27.8894],[115.9122,27.8842],[115.9043,27.8883],[115.8994,27.8785],[115.8967,27.8679],[115.8878,27.8638],[115.8819,27.8587],[115.8766,27.8576],[115.8616,27.8601],[115.8601,27.8518],[115.8554,27.8414],[115.8562,27.8302],[115.8596,27.8214],[115.861,27.8115],[115.8587,27.7988],[115.8543,27.7897],[115.8555,27.7862],[115.8477,27.7724],[115.8431,27.7682],[115.8485,27.7603],[115.8468,27.7533],[115.8436,27.7518],[115.8449,27.7438],[115.8391,27.7425],[115.8383,27.7352],[115.8303,27.7293],[115.8236,27.7358],[115.8131,27.735],[115.8028,27.7301],[115.7954,27.7333],[115.7891,27.7401],[115.7829,27.7413],[115.7831,27.7456],[115.7748,27.7437],[115.7595,27.7509],[115.7506,27.746],[115.7477,27.7402],[115.7406,27.7359],[115.732,27.7334],[115.7246,27.7248],[115.7244,27.7189],[115.7188,27.71],[115.7138,27.7055],[115.7095,27.6964],[115.6959,27.6887],[115.6893,27.6803],[115.6889,27.6762],[115.6838,27.6721],[115.6793,27.6634],[115.6674,27.6542],[115.6591,27.6542],[115.6589,27.6476],[115.6407,27.6344],[115.6383,27.6284],[115.6325,27.6238],[115.627,27.6115],[115.6186,27.6016],[115.6116,27.5893],[115.6024,27.5799],[115.6049,27.5714],[115.6021,27.5653],[115.6007,27.5522],[115.6016,27.5461],[115.598,27.5412],[115.6,27.5365],[115.5903,27.5297],[115.5901,27.5216],[115.5986,27.5162],[115.6025,27.5113],[115.6046,27.504],[115.6097,27.4991],[115.6089,27.4945],[115.6159,27.4918],[115.6153,27.4873],[115.6245,27.4818],[115.6276,27.4705],[115.6444,27.4608],[115.643,27.4573],[115.6642,27.4496],[115.6673,27.4546],[115.6785,27.4505],[115.6881,27.4555],[115.6949,27.4565],[115.6985,27.4601],[115.705,27.4588],[115.7154,27.4464],[115.7159,27.4313],[115.7118,27.4205],[115.7074,27.42],[115.6969,27.4137],[115.6908,27.4042],[115.6956,27.3902],[115.6966,27.3731],[115.6931,27.3686],[115.6834,27.3691],[115.6748,27.351],[115.6709,27.3404],[115.6738,27.3357],[115.6754,27.3266],[115.6781,27.3224],[115.677,27.3145],[115.681,27.3],[115.6791,27.2975],[115.691,27.2873],[115.6889,27.2806],[115.6904,27.2749],[115.6803,27.2719],[115.6726,27.2672],[115.6665,27.2698],[115.6604,27.2681],[115.6502,27.2691],[115.6462,27.2625],[115.6399,27.2651],[115.6365,27.2563],[115.6331,27.2572],[115.6201,27.25],[115.6213,27.2427],[115.6266,27.2358],[115.6234,27.2323],[115.6265,27.2273],[115.6259,27.215],[115.6312,27.2109],[115.6307,27.2056],[115.6347,27.1982],[115.6342,27.1919],[115.6389,27.1902],[115.6482,27.1975],[115.6541,27.1946],[115.6592,27.1836],[115.6629,27.1811],[115.6604,27.1738],[115.6694,27.1652],[115.6678,27.16],[115.6734,27.1538],[115.6716,27.1501],[115.6771,27.1382],[115.6836,27.1338],[115.6925,27.1307],[115.6933,27.1238],[115.6988,27.1241],[115.7044,27.1187],[115.7077,27.1201],[115.7129,27.1096],[115.7136,27.1048],[115.7215,27.1035],[115.7354,27.1073],[115.7479,27.1131],[115.7587,27.1145],[115.7664,27.1132],[115.7759,27.1148],[115.778,27.1172],[115.7893,27.1197],[115.7944,27.1164],[115.8109,27.1143],[115.8161,27.1086],[115.8164,27.099],[115.82,27.0944],[115.8216,27.0848],[115.8332,27.0803],[115.8429,27.0726],[115.8444,27.0654],[115.8485,27.0612],[115.8497,27.0555],[115.8472,27.0495],[115.8512,27.0301],[115.8583,27.0262],[115.8584,27.0216],[115.8532,27.0184],[115.8567,27.0144],[115.8592,27.0061],[115.8683,27.0005],[115.8827,27.0018],[115.8789,26.9958],[115.882,26.9857],[115.8886,26.9819],[115.8958,26.9865],[115.9067,26.989],[115.9162,26.9816],[115.9215,26.9797],[115.9308,26.9687],[115.9403,26.9754],[115.9408,26.9846],[115.9435,26.9884],[115.954,26.9931],[115.9561,27.0011],[115.9624,27.0038],[115.9644,27.0132],[115.9756,27.0258],[115.9776,27.0334],[115.9849,27.0353],[115.9889,27.0439],[115.9954,27.0476],[116.0006,27.062],[116.0088,27.0707],[116.0006,27.0765],[115.9982,27.0865],[116.0015,27.0987],[116.0046,27.1053],[116.0054,27.1175],[116.0159,27.1194],[116.0162,27.1267],[116.0245,27.1323],[116.0337,27.1319],[116.0451,27.1379],[116.0514,27.1338],[116.0628,27.1467],[116.0797,27.143],[116.0875,27.1452],[116.0978,27.1424],[116.1018,27.136],[116.109,27.1331],[116.1162,27.1396],[116.1198,27.1339],[116.117,27.1221],[116.1241,27.115],[116.1192,27.1038],[116.1286,27.0939],[116.1378,27.0936],[116.1402,27.0887],[116.1366,27.083],[116.1341,27.0708],[116.1398,27.0667],[116.1402,27.0603],[116.1455,27.0496],[116.1501,27.049],[116.1528,27.0433],[116.1567,27.0423],[116.1636,27.051],[116.1724,27.0565],[116.1783,27.0549],[116.1838,27.0449],[116.1804,27.0381],[116.1852,27.025],[116.1819,27.0139],[116.1827,27.0084],[116.1767,26.999],[116.1716,26.9964],[116.1668,26.9881],[116.1656,26.9803],[116.1551,26.9757],[116.1509,26.9758],[116.1509,26.9671],[116.1478,26.9623],[116.1476,26.9547],[116.1436,26.9467],[116.1475,26.9424],[116.148,26.9341],[116.1459,26.9297],[116.1466,26.919],[116.1546,26.9144],[116.1524,26.9088],[116.1541,26.9025],[116.1673,26.8988],[116.1596,26.8858],[116.1644,26.8763],[116.153,26.8689],[116.148,26.8624],[116.1442,26.8512],[116.1387,26.8417],[116.1333,26.838],[116.1353,26.8246],[116.1412,26.8235],[116.1493,26.8092],[116.1472,26.8043],[116.1391,26.796],[116.1381,26.7842],[116.1395,26.7771],[116.1342,26.7596],[116.1272,26.7545],[116.1267,26.7449],[116.1117,26.7333],[116.1144,26.7275],[116.1195,26.7276],[116.1196,26.7203],[116.1247,26.719],[116.131,26.7121],[116.1381,26.7174],[116.1442,26.7135],[116.15,26.701],[116.1561,26.7001],[116.1631,26.7037],[116.1695,26.7046],[116.1825,26.6988],[116.1857,26.6857],[116.192,26.6819],[116.1942,26.6749],[116.1915,26.6686],[116.1952,26.6663],[116.2004,26.6691],[116.2079,26.6665],[116.2149,26.6704],[116.2173,26.6677],[116.219,26.6572],[116.2295,26.6567],[116.2384,26.6584],[116.2438,26.6574],[116.2543,26.6636],[116.2567,26.6604],[116.2693,26.6614],[116.2722,26.6504],[116.2673,26.6427],[116.2608,26.642],[116.2514,26.6356],[116.2433,26.6276],[116.2363,26.6285],[116.2314,26.6214],[116.2443,26.6122],[116.2506,26.6105],[116.2597,26.6014],[116.2597,26.5975],[116.2647,26.5911],[116.266,26.5839],[116.2598,26.5702],[116.2482,26.5667],[116.2397,26.5596],[116.2354,26.551],[116.2435,26.5447],[116.2484,26.5451],[116.2583,26.5404],[116.2635,26.5349],[116.2697,26.5329],[116.2736,26.527],[116.2835,26.5197],[116.2852,26.5162],[116.2931,26.5113],[116.3001,26.5021],[116.3095,26.5089],[116.3191,26.5095],[116.3358,26.5156],[116.3492,26.5119],[116.3565,26.5139],[116.3608,26.5102],[116.3683,26.5109],[116.3721,26.5164],[116.3773,26.5189],[116.3804,26.5242],[116.377,26.5328],[116.3723,26.5397],[116.3782,26.5481],[116.3923,26.5551],[116.4075,26.5553],[116.4202,26.5634],[116.4286,26.5637],[116.4345,26.5705],[116.4404,26.5823],[116.4421,26.5949],[116.4479,26.5962],[116.448,26.6022],[116.4528,26.6035],[116.461,26.6008],[116.4685,26.5941],[116.4666,26.5905],[116.4711,26.5849],[116.4772,26.5844],[116.4824,26.5794],[116.4922,26.5743],[116.4994,26.5512],[116.5098,26.5532],[116.5151,26.5587],[116.525,26.5605],[116.5346,26.5656],[116.5373,26.5733],[116.5414,26.5734],[116.5443,26.5821],[116.5528,26.5985],[116.558,26.6064],[116.5579,26.6313],[116.5614,26.6397],[116.5617,26.6549],[116.5562,26.6488],[116.5516,26.647],[116.5452,26.6505],[116.546,26.6585],[116.5323,26.669],[116.5283,26.6699],[116.5266,26.6761],[116.5208,26.6804],[116.5203,26.6844],[116.5124,26.6897],[116.5092,26.7028],[116.5114,26.712],[116.5047,26.7156],[116.5158,26.7294],[116.5277,26.7356],[116.5299,26.7426],[116.5386,26.7478],[116.5573,26.7609],[116.5591,26.7681],[116.5546,26.7726],[116.5487,26.7892],[116.5416,26.793],[116.5378,26.8157],[116.541,26.8192],[116.54,26.8263],[116.5453,26.842],[116.5534,26.8471],[116.5553,26.8583],[116.563,26.8639],[116.5621,26.872],[116.5709,26.8736],[116.5758,26.8683],[116.5857,26.882],[116.5836,26.8856],[116.594,26.8967],[116.6006,26.8939],[116.6043,26.8974],[116.6055,26.9064],[116.6144,26.914],[116.6174,26.9192],[116.6161,26.9269],[116.642,26.9457],[116.6467,26.9479],[116.6509,26.9609],[116.6495,26.9656],[116.6651,26.969],[116.6816,26.9843],[116.6951,26.9926],[116.7004,26.994],[116.7201,26.9946],[116.7272,26.9994],[116.7366,26.9974],[116.7416,26.9876],[116.749,26.9827],[116.7565,26.9855],[116.7559,26.9951],[116.7624,27.0029],[116.777,27.0019],[116.787,27.0109],[116.8004,27.0129],[116.808,27.0122],[116.8137,27.0165],[116.8192,27.0237],[116.8278,27.0229],[116.8378,27.0117],[116.8575,27.0121],[116.8653,27.0247],[116.872,27.0243],[116.8822,27.0337],[116.8881,27.0337],[116.8934,27.0404],[116.8984,27.0375],[116.9085,27.0355],[116.914,27.0403],[116.9173,27.0362],[116.9186,27.0287],[116.9338,27.0173],[116.9373,27.0305],[116.9497,27.0425],[116.9484,27.0486],[116.959,27.0581],[116.964,27.0607],[116.9707,27.0604],[116.9766,27.0667],[116.9865,27.0728],[116.9986,27.0849],[117.0091,27.0907],[117.0253,27.0897],[117.0333,27.0944],[117.0357,27.0981],[117.0478,27.1035],[117.0445,27.1234],[117.0418,27.1271],[117.0386,27.1432],[117.0437,27.1556],[117.0519,27.1602],[117.054,27.1667],[117.0643,27.1784],[117.0797,27.1863],[117.0834,27.1949],[117.0922,27.2089],[117.0959,27.2111],[117.1019,27.207],[117.1126,27.2122],[117.1155,27.2194],[117.121,27.2215],[117.124,27.2261],[117.1341,27.2329],[117.1376,27.2389],[117.145,27.2448],[117.1429,27.2498],[117.1486,27.256],[117.1493,27.2644],[117.1613,27.2703],[117.1624,27.2817],[117.1664,27.2909],[117.1647,27.2958],[117.1551,27.2985],[117.1519,27.3049],[117.1402,27.3045],[117.1323,27.3063],[117.1322,27.311],[117.1376,27.3194],[117.1356,27.3261],[117.1247,27.3257],[117.1098,27.3317],[117.1046,27.3301],[117.0997,27.3344],[117.0954,27.3424],[117.0978,27.353],[117.0964,27.3636],[117.0991,27.3699],[117.0942,27.3825],[117.1007,27.3856],[117.1026,27.3969],[117.117,27.4044],[117.1225,27.4099],[117.1281,27.4282],[117.1212,27.4382],[117.1209,27.4543],[117.1136,27.4552],[117.1052,27.4621],[117.104,27.4726],[117.1067,27.4781],[117.0998,27.488],[117.1017,27.4938],[117.1082,27.5012],[117.0982,27.5141],[117.097,27.52],[117.0983,27.5368],[117.0973,27.5434],[117.0939,27.5474],[117.0861,27.5506],[117.0846,27.5606],[117.0779,27.5691],[117.071,27.5686],[117.0678,27.5617],[117.0609,27.5574],[117.0561,27.55],[117.05,27.5459],[117.0447,27.5531],[117.0368,27.5504],[117.0189,27.5571],[117.0116,27.5666],[117.0138,27.5717],[117.0193,27.5956],[117.0163,27.6031],[117.0084,27.6099],[117.011,27.6171],[117.0039,27.6215],[116.9983,27.6291],[117.0053,27.6365],[117.0122,27.6362],[117.0165,27.6461],[117.0152,27.6561],[117.0209,27.6633],[117.0356,27.6735],[117.0461,27.6751],[117.0556,27.6724],[117.0601,27.6689],[117.0674,27.659],[117.0735,27.6542],[117.0734,27.6454],[117.0889,27.631],[117.0937,27.63],[117.1034,27.6341],[117.1004,27.6403],[117.1009,27.6455],[117.1067,27.6485],[117.097,27.666],[117.0912,27.6702],[117.0947,27.6803],[117.1001,27.6834],[117.1012,27.6889],[117.1092,27.6952],[117.1163,27.6974],[117.1279,27.6905],[117.1379,27.692],[117.1453,27.6884],[117.1502,27.689],[117.1675,27.6813],[117.1724,27.6811],[117.1811,27.6858],[117.1997,27.688],[117.1978,27.7063],[117.1985,27.7145],[117.201,27.719],[117.2099,27.7185],[117.2198,27.7221],[117.2388,27.7212],[117.2434,27.7288],[117.2493,27.7324],[117.2594,27.7321],[117.2629,27.7435],[117.2746,27.753],[117.2711,27.7667],[117.2743,27.771],[117.2801,27.7677],[117.2896,27.7671],[117.3005,27.7786],[117.3009,27.785],[117.2926,27.8016],[117.2952,27.8238],[117.2981,27.8333],[117.2971,27.8395],[117.2879,27.8478],[117.283,27.8457],[117.2719,27.8512],[117.2676,27.855],[117.2654,27.8626],[117.2596,27.8634],[117.2563,27.8706],[117.2429,27.8737],[117.2407,27.8796],[117.2352,27.8829],[117.231,27.8913],[117.2162,27.8958],[117.213,27.8988],[117.2073,27.8976],[117.2023,27.8902],[117.188,27.8874],[117.1824,27.8925],[117.1788,27.8883],[117.1729,27.8873],[117.1676,27.8931],[117.1655,27.9007],[117.1576,27.9024],[117.1459,27.8918],[117.1384,27.8937],[117.1342,27.9],[117.127,27.9054],[117.1241,27.9136],[117.1187,27.9142],[117.1124,27.9112],[117.1049,27.9034],[117.1053,27.8942],[117.1027,27.8839],[117.0973,27.8809],[117.093,27.8832],[117.0862,27.8918],[117.0848,27.8963],[117.0777,27.8953],[117.0777,27.8887],[117.0749,27.8839],[117.0677,27.8822],[117.0625,27.875],[117.0496,27.8632],[117.0448,27.8498],[117.0362,27.8487],[117.0312,27.8567],[117.0244,27.8568],[117.0184,27.8613],[117.0158,27.8691],[117.0166,27.8741],[117.0055,27.8823],[117.0079,27.8868],[117.0042,27.8937],[117.0092,27.9021],[117.0092,27.9089],[117.0201,27.9167],[117.0271,27.9346],[117.0399,27.9357],[117.0434,27.9414],[117.0401,27.9509],[117.0405,27.9615],[117.0467,27.9679],[117.0439,27.9761],[117.04,27.9755],[117.0327,27.9803],[117.0216,27.9805],[117.0196,27.9852],[117.0044,27.9921],[116.9992,27.997],[117.0003,28.0013],[116.991,28.0078],[116.9843,28.0107],[116.9831,28.0151],[116.9766,28.0203],[116.9767,28.0288],[116.9721,28.0301],[116.9676,28.038],[116.9697,28.0455],[116.9599,28.0528],[116.945,28.0501],[116.9369,28.0453],[116.9317,28.049],[116.9375,28.0521],[116.9397,28.059],[116.9381,28.0733],[116.9333,28.0723],[116.929,28.0866],[116.9285,28.0973],[116.9218,28.1011],[116.9114,28.0908],[116.9112,28.0752],[116.9088,28.0721],[116.9023,28.0753],[116.8954,28.0716],[116.8843,28.0717],[116.8831,28.0807],[116.8792,28.0864],[116.8701,28.0864],[116.8629,28.0898],[116.8454,28.0899],[116.8471,28.0988],[116.8354,28.0998],[116.835,28.1036],[116.8289,28.1103],[116.8188,28.1105],[116.8117,28.1042],[116.8105,28.0972],[116.8036,28.0985],[116.799,28.1045],[116.802,28.107],[116.8017,28.1153],[116.7912,28.123],[116.791,28.1282],[116.7945,28.1404],[116.7937,28.1447],[116.8062,28.1584],[116.8098,28.1688],[116.8073,28.1744],[116.7998,28.1728],[116.7901,28.1784],[116.788,28.1827],[116.7812,28.1857],[116.7717,28.1767],[116.7551,28.1744],[116.749,28.1689],[116.7423,28.1686],[116.7424,28.1812],[116.7369,28.184],[116.7273,28.1824],[116.7237,28.1852],[116.7223,28.1948],[116.7265,28.1962],[116.7295,28.2023],[116.7302,28.2095],[116.7226,28.2105],[116.7179,28.208],[116.7019,28.212],[116.6947,28.2095],[116.6889,28.2183],[116.6847,28.2308],[116.6955,28.2405],[116.6973,28.2465],[116.7055,28.2528],[116.7145,28.2548],[116.7251,28.2641],[116.7326,28.2678],[116.7476,28.2672],[116.7523,28.2592],[116.7637,28.2583],[116.7764,28.2672],[116.7819,28.2581],[116.798,28.2546],[116.8013,28.2631],[116.8055,28.2679],[116.8021,28.2726],[116.8034,28.2781],[116.8113,28.2769],[116.8107,28.2876],[116.8148,28.2923],[116.8114,28.3061],[116.8039,28.315],[116.7942,28.3174],[116.7957,28.3279],[116.7906,28.3388],[116.783,28.3447],[116.7817,28.3493],[116.776,28.3616],[116.7738,28.371],[116.7713,28.3728],[116.7617,28.3715],[116.7539,28.3738],[116.7465,28.3922],[116.7391,28.4055],[116.7338,28.4126],[116.7305,28.4127],[116.7203,28.4071],[116.7166,28.4017],[116.7128,28.3895],[116.7073,28.3859],[116.6946,28.3869],[116.6887,28.3822],[116.6773,28.3835],[116.6743,28.3872],[116.6631,28.3845],[116.6591,28.3798],[116.6492,28.3806],[116.6462,28.3768],[116.6395,28.3775],[116.6339,28.3856],[116.6193,28.3924],[116.6104,28.3907],[116.6012,28.3961],[116.5941,28.3938],[116.5855,28.387],[116.5739,28.3846],[116.567,28.3892],[116.5633,28.4036],[116.5708,28.4131],[116.5814,28.4169],[116.5857,28.4234],[116.594,28.423],[116.5871,28.4302],[116.5802,28.4324],[116.5803,28.4387],[116.585,28.4432],[116.5814,28.4486],[116.5847,28.452],[116.5832,28.4624],[116.585,28.4699],[116.5796,28.4774],[116.5752,28.4903],[116.5715,28.4935],[116.5607,28.4968],[116.5557,28.4938],[116.5509,28.4921],[116.5474,28.4853],[116.5522,28.4733],[116.5547,28.4602],[116.5519,28.4572],[116.5524,28.4487],[116.5607,28.4445],[116.5583,28.4274],[116.5522,28.4193],[116.5543,28.4162],[116.5506,28.4112],[116.5416,28.406],[116.5346,28.4048],[116.5316,28.3985],[116.5259,28.4015],[116.52,28.3968],[116.5227,28.3903],[116.5127,28.388],[116.5062,28.3845],[116.5051,28.3798],[116.5086,28.3743],[116.5099,28.3667],[116.5017,28.3628],[116.501,28.3569],[116.5032,28.348],[116.5003,28.3456],[116.5024,28.3338],[116.5145,28.3264],[116.5032,28.321],[116.5042,28.3099],[116.4835,28.3041],[116.481,28.3003],[116.4734,28.2955],[116.476,28.2869],[116.4749,28.2789],[116.4719,28.2772],[116.4606,28.2522],[116.456,28.2483],[116.4502,28.2544],[116.4371,28.2491],[116.4297,28.249],[116.4102,28.253],[116.4065,28.2499],[116.3958,28.2467],[116.3875,28.242],[116.3792,28.2427],[116.3785,28.2382],[116.3729,28.2375],[116.3707,28.2332],[116.3713,28.225],[116.3609,28.2215],[116.3651,28.2154],[116.3581,28.2084],[116.3534,28.2084],[116.3517,28.2154],[116.3553,28.2277],[116.3467,28.2344],[116.3378,28.2368],[116.3364,28.2422],[116.3308,28.2456],[116.3197,28.2412],[116.3186,28.2499],[116.3101,28.257],[116.312,28.2477],[116.3058,28.2487],[116.3036,28.2445],[116.3092,28.2321],[116.3057,28.2263],[116.3053,28.2177],[116.302,28.2177],[116.2954,28.2265],[116.2856,28.2261],[116.2779,28.2233],[116.2765,28.2191],[116.2705,28.2135],[116.2638,28.2143],[116.2563,28.2114],[116.2508,28.2116],[116.2432,28.2062],[116.2377,28.1955],[116.2275,28.1901],[116.2258,28.1864],[116.2304,28.1788],[116.2233,28.1713],[116.223,28.1641],[116.2185,28.1617],[116.2136,28.1653],[116.21,28.1726],[116.2042,28.1788],[116.1974,28.1818],[116.178,28.1824],[116.1714,28.1851],[116.1636,28.1929],[116.1602,28.1995],[116.1605,28.2057],[116.1551,28.2167],[116.1506,28.2213],[116.1416,28.2265],[116.1156,28.2378],[116.1075,28.2446]]]},"properties":{"region_code":"CN-36-3610","parent_region_code":"CN-36","name":"抚州市","level":"prefecture","has_children":true,"full_path":"中国 / 江西省 / 抚州市","source_admin_code":"3610","osm_relation_id":3182605}},
{"type":"Feature","geometry":{"type":"Polygon","coordinates":[[[116.5557,28.4938],[116.5607,28.4968],[116.5715,28.4935],[116.5752,28.4903],[116.5796,28.4774],[116.585,28.4699],[116.5832,28.4624],[116.5847,28.452],[116.5814,28.4486],[116.585,28.4432],[116.5803,28.4387],[116.5802,28.4324],[116.5871,28.4302],[116.594,28.423],[116.5857,28.4234],[116.5814,28.4169],[116.5708,28.4131],[116.5633,28.4036],[116.567,28.3892],[116.5739,28.3846],[116.5855,28.387],[116.5941,28.3938],[116.6012,28.3961],[116.6104,28.3907],[116.6193,28.3924],[116.6339,28.3856],[116.6395,28.3775],[116.6462,28.3768],[116.6492,28.3806],[116.6591,28.3798],[116.6631,28.3845],[116.6743,28.3872],[116.6773,28.3835],[116.6887,28.3822],[116.6946,28.3869],[116.7073,28.3859],[116.7128,28.3895],[116.7166,28.4017],[116.7203,28.4071],[116.7305,28.4127],[116.7338,28.4126],[116.7391,28.4055],[116.7465,28.3922],[116.7539,28.3738],[116.7617,28.3715],[116.7713,28.3728],[116.7738,28.371],[116.776,28.3616],[116.7817,28.3493],[116.789,28.3541],[116.7908,28.3616],[116.7978,28.3646],[116.8031,28.3635],[116.8061,28.3722],[116.8121,28.3751],[116.821,28.3829],[116.826,28.3843],[116.8317,28.3808],[116.839,28.3794],[116.8512,28.3798],[116.8579,28.3833],[116.869,28.3846],[116.8733,28.4046],[116.8701,28.4108],[116.8575,28.4257],[116.8652,28.4355],[116.876,28.4362],[116.882,28.441],[116.8851,28.4479],[116.8908,28.4541],[116.8916,28.4605],[116.8959,28.4662],[116.888,28.4732],[116.8838,28.4816],[116.8785,28.4965],[116.8736,28.5014],[116.8743,28.5088],[116.8812,28.5105],[116.8869,28.5087],[116.9015,28.5113],[116.9006,28.5181],[116.9079,28.5171],[116.9142,28.5221],[116.9201,28.5303],[116.9282,28.5253],[116.9399,28.5305],[116.9529,28.5236],[116.9589,28.5276],[116.9592,28.5371],[116.9666,28.538],[116.9705,28.5424],[116.9781,28.5315],[116.9811,28.5216],[116.9945,28.5083],[116.9969,28.5011],[117.0031,28.5048],[117.0079,28.5124],[117.0061,28.517],[117.0137,28.5234],[117.0287,28.5296],[117.0288,28.5354],[117.0393,28.5485],[117.0437,28.5489],[117.0492,28.5538],[117.0472,28.5658],[117.0423,28.5825],[117.0419,28.5895],[117.0376,28.5919],[117.0358,28.598],[117.0454,28.5999],[117.0456,28.6046],[117.0524,28.6106],[117.056,28.6084],[117.0665,28.6085],[117.0755,28.6029],[117.0751,28.5964],[117.0965,28.587],[117.1022,28.587],[117.1086,28.5821],[117.111,28.586],[117.1176,28.5808],[117.1247,28.5811],[117.1257,28.5742],[117.1346,28.5686],[117.1418,28.5661],[117.1529,28.5678],[117.1598,28.5715],[117.1692,28.5794],[117.1744,28.5799],[117.1842,28.5888],[117.1959,28.5917],[117.2021,28.5968],[117.2127,28.5989],[117.2171,28.6058],[117.2208,28.6159],[117.2205,28.623],[117.2175,28.6279],[117.2272,28.6306],[117.2295,28.6252],[117.2344,28.6276],[117.2425,28.6221],[117.2431,28.6179],[117.2548,28.6167],[117.2593,28.6133],[117.2609,28.6082],[117.2721,28.6068],[117.2711,28.6037],[117.2765,28.5866],[117.2772,28.5776],[117.2838,28.5764],[117.2884,28.5706],[117.2882,28.5653],[117.2965,28.5569],[117.2988,28.5484],[117.3078,28.5437],[117.3023,28.5362],[117.3036,28.5328],[117.3117,28.5259],[117.3109,28.5092],[117.3152,28.5016],[117.3133,28.4903],[117.3198,28.4826],[117.3229,28.4725],[117.3229,28.4649],[117.3151,28.463],[117.3179,28.4584],[117.3274,28.4534],[117.3251,28.4347],[117.3139,28.4233],[117.3119,28.4138],[117.3045,28.4003],[117.3216,28.3927],[117.3245,28.3868],[117.3208,28.3833],[117.3203,28.3728],[117.3224,28.3692],[117.3169,28.3592],[117.3206,28.3492],[117.307,28.3469],[117.2999,28.3443],[117.2814,28.332],[117.2811,28.3146],[117.2731,28.3106],[117.2554,28.3135],[117.2522,28.3116],[117.2574,28.2922],[117.2581,28.2847],[117.2653,28.2811],[117.2775,28.2809],[117.28,28.2743],[117.2876,28.2676],[117.2864,28.2598],[117.2971,28.2495],[117.297,28.2426],[117.2928,28.2417],[117.2921,28.2326],[117.2838,28.2311],[117.277,28.2221],[117.2794,28.218],[117.2761,28.1981],[117.2725,28.1973],[117.2724,28.1903],[117.2814,28.178],[117.2676,28.1701],[117.2687,28.1633],[117.2675,28.1547],[117.2783,28.1542],[117.285,28.1479],[117.2899,28.1515],[117.2974,28.1533],[117.3025,28.1491],[117.3145,28.1508],[117.3208,28.1464],[117.3226,28.1312],[117.3312,28.1349],[117.3356,28.1308],[117.3449,28.1349],[117.3476,28.1388],[117.354,28.1393],[117.3564,28.1345],[117.363,28.1323],[117.3727,28.1222],[117.3888,28.119],[117.3931,28.12],[117.4022,28.1155],[117.4069,28.1218],[117.4228,28.1185],[117.4243,28.1131],[117.4446,28.1031],[117.4421,28.09],[117.449,28.0773],[117.455,28.0699],[117.4583,28.0612],[117.4571,28.0519],[117.4648,28.0391],[117.4639,28.033],[117.4675,28.0235],[117.4611,28.0167],[117.4586,28.0088],[117.4477,28.0026],[117.4467,27.9905],[117.4427,27.988],[117.4411,27.9822],[117.4425,27.9718],[117.4423,27.9592],[117.4376,27.9571],[117.4282,27.9486],[117.4277,27.9386],[117.4339,27.9389],[117.4403,27.9354],[117.4467,27.9388],[117.4482,27.9432],[117.4568,27.9453],[117.4613,27.9374],[117.4719,27.9335],[117.478,27.9435],[117.5,27.9572],[117.5044,27.9654],[117.5063,27.9779],[117.517,27.9859],[117.5256,27.985],[117.5279,27.9768],[117.5385,27.9729],[117.5456,27.9723],[117.5529,27.9684],[117.5587,27.9596],[117.5554,27.9507],[117.5608,27.9399],[117.5646,27.9387],[117.5723,27.9477],[117.5789,27.9431],[117.5813,27.9374],[117.5811,27.9278],[117.5838,27.9218],[117.5799,27.9146],[117.5812,27.909],[117.5899,27.9047],[117.5921,27.8955],[117.5987,27.8895],[117.5979,27.8727],[117.6045,27.867],[117.6147,27.8672],[117.6213,27.8629],[117.6323,27.8584],[117.6452,27.8562],[117.6476,27.8516],[117.6605,27.8449],[117.6682,27.8315],[117.6775,27.827],[117.6823,27.831],[117.692,27.831],[117.7004,27.8364],[117.7126,27.8168],[117.7222,27.8118],[117.7284,27.8047],[117.7367,27.8042],[117.7497,27.8161],[117.7514,27.8252],[117.7548,27.8315],[117.7642,27.8381],[117.7703,27.8396],[117.7833,27.8605],[117.7776,27.87],[117.784,27.8862],[117.7802,27.8942],[117.7837,27.9004],[117.794,27.9043],[117.7972,27.9115],[117.8037,27.9147],[117.8092,27.9234],[117.8207,27.9281],[117.8272,27.9289],[117.8451,27.9408],[117.8497,27.9488],[117.8541,27.9496],[117.862,27.9411],[117.8721,27.9471],[117.8851,27.9511],[117.8942,27.9484],[117.899,27.954],[117.9058,27.9536],[117.917,27.9683],[117.9241,27.9687],[117.9314,27.9728],[117.9366,27.9786],[117.9488,27.9742],[117.9538,27.9683],[117.967,27.9672],[117.9732,27.9695],[117.9824,27.9786],[117.9911,27.9953],[117.994,27.9944],[118.0014,27.9837],[118.011,27.9839],[118.0233,27.9908],[118.029,27.9915],[118.0416,27.9819],[118.0459,27.9848],[118.0559,27.9859],[118.0658,27.9807],[118.0693,27.9709],[118.0856,27.9683],[118.0921,27.971],[118.0868,27.985],[118.0895,27.9906],[118.0888,28.0046],[118.0924,28.0105],[118.0984,28.014],[118.0995,28.0197],[118.1073,28.0165],[118.1184,28.0157],[118.1242,28.0202],[118.1227,28.0302],[118.1165,28.0357],[118.1156,28.0451],[118.1302,28.0572],[118.1325,28.0611],[118.1386,28.06],[118.149,28.0652],[118.1565,28.0608],[118.1663,28.0606],[118.1786,28.0546],[118.1876,28.0565],[118.1949,28.0533],[118.2074,28.0615],[118.2202,28.0625],[118.2326,28.0722],[118.2374,28.0787],[118.2474,28.0725],[118.2515,28.0731],[118.2603,28.0809],[118.2697,28.0859],[118.2768,28.085],[118.2811,28.0873],[118.2877,28.0853],[118.3041,28.0926],[118.3153,28.0912],[118.3189,28.0927],[118.3302,28.0911],[118.3353,28.0879],[118.3471,28.0897],[118.3502,28.0941],[118.3506,28.1066],[118.3539,28.1105],[118.3518,28.119],[118.3517,28.1276],[118.3634,28.1325],[118.3567,28.1418],[118.3572,28.149],[118.3541,28.154],[118.3561,28.1593],[118.3625,28.1609],[118.3736,28.1685],[118.3697,28.1772],[118.3705,28.1897],[118.3675,28.1922],[118.353,28.1958],[118.3412,28.1946],[118.3345,28.1976],[118.3295,28.2101],[118.3234,28.2119],[118.3148,28.2176],[118.3101,28.2239],[118.3155,28.2302],[118.3341,28.2391],[118.3388,28.2378],[118.3484,28.2552],[118.3597,28.2572],[118.3601,28.2603],[118.368,28.2688],[118.3775,28.2683],[118.3835,28.27],[118.3917,28.2783],[118.4005,28.2837],[118.41,28.2874],[118.4174,28.2936],[118.4278,28.296],[118.4286,28.2917],[118.4419,28.297],[118.4614,28.3095],[118.4686,28.3215],[118.4766,28.3245],[118.4752,28.3306],[118.4668,28.3361],[118.4693,28.341],[118.4652,28.3467],[118.4638,28.3605],[118.4583,28.3629],[118.4592,28.3692],[118.4546,28.3747],[118.4527,28.3827],[118.4482,28.3889],[118.4357,28.3947],[118.4331,28.403],[118.4349,28.4153],[118.4452,28.4184],[118.4484,28.4268],[118.4544,28.4334],[118.4565,28.4445],[118.4603,28.4506],[118.461,28.4621],[118.4672,28.4667],[118.4727,28.474],[118.4696,28.482],[118.4624,28.4839],[118.4546,28.4835],[118.4483,28.4798],[118.4454,28.4848],[118.4386,28.4891],[118.4353,28.4945],[118.4159,28.4962],[118.4094,28.5008],[118.4137,28.5055],[118.4194,28.5033],[118.4306,28.5069],[118.4389,28.5137],[118.4372,28.5196],[118.432,28.5248],[118.422,28.5252],[118.4193,28.5326],[118.4211,28.5352],[118.4168,28.5429],[118.417,28.5489],[118.4133,28.5559],[118.4071,28.5589],[118.4087,28.5662],[118.405,28.5697],[118.4061,28.5761],[118.411,28.58],[118.4123,28.5868],[118.4183,28.5881],[118.4157,28.5967],[118.4108,28.5981],[118.4084,28.604],[118.4087,28.6126],[118.4205,28.615],[118.4218,28.6205],[118.4281,28.6278],[118.4184,28.6417],[118.4172,28.649],[118.4261,28.6542],[118.4258,28.6754],[118.4279,28.6794],[118.4229,28.6844],[118.4168,28.6825],[118.4112,28.6853],[118.4103,28.6938],[118.4045,28.7017],[118.3976,28.7062],[118.3867,28.706],[118.3872,28.7135],[118.3969,28.7173],[118.3943,28.7304],[118.3885,28.7372],[118.3867,28.7456],[118.3885,28.7516],[118.3871,28.7585],[118.382,28.7577],[118.3799,28.7628],[118.3785,28.7771],[118.3751,28.7879],[118.3769,28.79],[118.3673,28.804],[118.3689,28.8061],[118.3631,28.8142],[118.3529,28.818],[118.3427,28.8165],[118.3354,28.8186],[118.3287,28.8171],[118.3168,28.8222],[118.3061,28.8244],[118.2957,28.829],[118.2898,28.8382],[118.3,28.8435],[118.2921,28.851],[118.2926,28.8557],[118.2892,28.8638],[118.2834,28.8705],[118.2811,28.8794],[118.2768,28.8847],[118.2764,28.8948],[118.2695,28.9055],[118.2665,28.9203],[118.2492,28.9263],[118.2456,28.9223],[118.2385,28.9234],[118.2324,28.9218],[118.2212,28.9147],[118.1948,28.9053],[118.1881,28.9112],[118.1917,28.9195],[118.202,28.9233],[118.211,28.9342],[118.2161,28.9373],[118.2228,28.9477],[118.2153,28.952],[118.2068,28.952],[118.2045,28.9576],[118.1995,28.9555],[118.1944,28.96],[118.191,28.9682],[118.1843,28.9738],[118.1815,28.9799],[118.1748,28.984],[118.1701,28.9827],[118.1625,28.9887],[118.1418,28.9875],[118.1394,28.9833],[118.1285,28.9864],[118.1204,28.9968],[118.1241,29.002],[118.1272,29.0111],[118.1219,29.0188],[118.1108,29.0125],[118.1049,28.9943],[118.0973,28.9961],[118.1053,29.0066],[118.1018,29.0148],[118.0983,29.0132],[118.0955,29.0049],[118.0877,29.0059],[118.0828,29.0157],[118.0836,29.0297],[118.0743,29.0403],[118.0677,29.039],[118.067,29.0456],[118.0604,29.0525],[118.06,29.0567],[118.072,29.0654],[118.0681,29.0702],[118.0704,29.0776],[118.0639,29.0839],[118.0554,29.084],[118.046,29.0911],[118.0399,29.0908],[118.0327,29.096],[118.0308,29.1015],[118.0388,29.1137],[118.0485,29.1156],[118.0481,29.1189],[118.0407,29.1249],[118.0332,29.1283],[118.0384,29.1419],[118.037,29.149],[118.0394,29.1517],[118.0385,29.1603],[118.0357,29.1639],[118.0224,29.171],[118.0286,29.1786],[118.0276,29.1854],[118.036,29.203],[118.0361,29.213],[118.0427,29.2195],[118.0511,29.2173],[118.0622,29.2184],[118.0787,29.222],[118.0742,29.233],[118.0792,29.2402],[118.0752,29.2464],[118.0703,29.2485],[118.0757,29.2668],[118.0719,29.2727],[118.0727,29.2803],[118.0695,29.2933],[118.0784,29.2926],[118.0972,29.2864],[118.1089,29.2957],[118.1155,29.2907],[118.131,29.2866],[118.1387,29.2901],[118.1435,29.2898],[118.155,29.2848],[118.1649,29.2845],[118.164,29.2952],[118.167,29.301],[118.1737,29.3009],[118.1697,29.3106],[118.1619,29.3132],[118.1623,29.3174],[118.1743,29.3241],[118.178,29.329],[118.1775,29.3337],[118.1885,29.3433],[118.1938,29.3438],[118.2039,29.3502],[118.202,29.3547],[118.2033,29.3628],[118.1982,29.3704],[118.2032,29.3799],[118.1943,29.3856],[118.1856,29.3933],[118.1883,29.4],[118.1861,29.408],[118.1714,29.4068],[118.1531,29.4137],[118.1436,29.4154],[118.1343,29.4191],[118.133,29.4255],[118.1275,29.4277],[118.1295,29.4388],[118.1346,29.4418],[118.1296,29.4534],[118.1322,29.4597],[118.1301,29.4663],[118.1241,29.468],[118.1213,29.4774],[118.1239,29.4819],[118.1383,29.493],[118.1329,29.5006],[118.1323,29.5059],[118.1248,29.5152],[118.1173,29.5156],[118.1106,29.5225],[118.1028,29.5268],[118.1019,29.5364],[118.0964,29.5398],[118.0849,29.537],[118.0766,29.5407],[118.0518,29.5415],[118.048,29.5463],[118.0424,29.5485],[118.0424,29.5573],[118.0386,29.5595],[118.0323,29.5696],[118.0281,29.5695],[118.0221,29.5758],[118.0135,29.5771],[118.0013,29.5766],[117.9968,29.5779],[117.9915,29.5748],[117.9882,29.5679],[117.9793,29.5603],[117.9713,29.57],[117.9626,29.5718],[117.9541,29.5715],[117.9497,29.568],[117.9393,29.5518],[117.9295,29.561],[117.9127,29.5581],[117.907,29.5537],[117.8997,29.5537],[117.8919,29.5466],[117.8765,29.5461],[117.8653,29.557],[117.8528,29.5611],[117.8476,29.5581],[117.8377,29.5574],[117.8321,29.5648],[117.8255,29.5659],[117.8233,29.5719],[117.8145,29.5738],[117.8068,29.5787],[117.8005,29.5739],[117.7899,29.5706],[117.7822,29.5616],[117.769,29.5629],[117.7608,29.5589],[117.7504,29.5624],[117.7438,29.5603],[117.7357,29.5534],[117.725,29.5495],[117.7215,29.5545],[117.7104,29.563],[117.7052,29.562],[117.7045,29.5509],[117.6981,29.548],[117.6786,29.5308],[117.6646,29.5297],[117.6507,29.538],[117.6486,29.533],[117.6421,29.5261],[117.6419,29.518],[117.637,29.516],[117.6352,29.5106],[117.6238,29.5077],[117.6215,29.5132],[117.6149,29.5146],[117.6089,29.5048],[117.6059,29.492],[117.6016,29.4812],[117.5908,29.4726],[117.5839,29.476],[117.5828,29.4863],[117.5796,29.4902],[117.571,29.4874],[117.5661,29.4709],[117.5734,29.4647],[117.5679,29.4595],[117.5623,29.4609],[117.5463,29.4555],[117.5404,29.4509],[117.5397,29.4471],[117.5323,29.4355],[117.5244,29.4329],[117.5155,29.4441],[117.5066,29.4405],[117.5027,29.4325],[117.5063,29.4258],[117.5056,29.4204],[117.5123,29.4136],[117.5095,29.4089],[117.5018,29.4043],[117.4799,29.4023],[117.481,29.3945],[117.484,29.3924],[117.4836,29.3851],[117.487,29.3801],[117.4864,29.3684],[117.4811,29.3636],[117.4818,29.3585],[117.4876,29.3495],[117.4775,29.341],[117.4663,29.337],[117.4623,29.3381],[117.4417,29.3257],[117.4347,29.3241],[117.4262,29.3115],[117.4262,29.3071],[117.4342,29.2993],[117.4347,29.2947],[117.4436,29.2864],[117.4483,29.28],[117.4434,29.2773],[117.4404,29.2688],[117.4246,29.2607],[117.4226,29.2554],[117.4137,29.2514],[117.4011,29.2523],[117.3971,29.2467],[117.3789,29.2317],[117.3837,29.2203],[117.3724,29.2027],[117.3699,29.1954],[117.3715,29.1885],[117.378,29.1853],[117.3809,29.179],[117.3828,29.1652],[117.3816,29.1579],[117.3901,29.1543],[117.398,29.1486],[117.409,29.147],[117.4153,29.1386],[117.4247,29.1395],[117.4328,29.138],[117.4367,29.1523],[117.44,29.159],[117.4521,29.158],[117.4584,29.1524],[117.4668,29.1603],[117.474,29.1644],[117.4872,29.1654],[117.4923,29.1589],[117.4905,29.1545],[117.4901,29.1428],[117.4828,29.1351],[117.4821,29.1294],[117.4775,29.1255],[117.4822,29.1192],[117.4883,29.115],[117.4876,29.1072],[117.4918,29.1074],[117.4997,29.1029],[117.5063,29.1072],[117.51,29.0999],[117.5024,29.0948],[117.5018,29.0874],[117.497,29.0824],[117.4962,29.0769],[117.4998,29.0712],[117.5066,29.0705],[117.5065,29.0659],[117.5113,29.0609],[117.5178,29.0577],[117.515,29.0531],[117.498,29.0517],[117.4981,29.047],[117.4894,29.0446],[117.4924,29.0389],[117.485,29.0328],[117.4908,29.0285],[117.489,29.0254],[117.4756,29.018],[117.4814,29.0084],[117.4885,29.004],[117.4857,28.9956],[117.4859,28.9901],[117.4826,28.9844],[117.4775,28.9854],[117.4723,28.9781],[117.4656,28.9794],[117.457,28.976],[117.4551,28.9716],[117.4668,28.9621],[117.477,28.9671],[117.4825,28.9656],[117.4874,28.9598],[117.4888,28.9463],[117.4947,28.9454],[117.4947,28.939],[117.5075,28.933],[117.507,28.9268],[117.5107,28.922],[117.5188,28.9244],[117.525,28.908],[117.5297,28.9085],[117.5336,28.9035],[117.5399,28.9007],[117.5525,28.902],[117.5558,28.8984],[117.5501,28.8949],[117.549,28.8798],[117.5469,28.8776],[117.546,28.8665],[117.542,28.8646],[117.5398,28.8578],[117.5348,28.8531],[117.5346,28.846],[117.5401,28.8421],[117.5377,28.8304],[117.5403,28.8201],[117.5451,28.8195],[117.546,28.8138],[117.5428,28.8097],[117.5324,28.8161],[117.5204,28.8125],[117.511,28.8184],[117.5099,28.8253],[117.498,28.8302],[117.4919,28.8285],[117.4859,28.8328],[117.473,28.8325],[117.4684,28.8305],[117.4639,28.8364],[117.4568,28.8376],[117.4536,28.8435],[117.4479,28.8431],[117.4405,28.8377],[117.4228,28.8363],[117.4168,28.8283],[117.4081,28.8263],[117.3989,28.8306],[117.3892,28.8324],[117.3868,28.8269],[117.3863,28.8176],[117.3912,28.8126],[117.3998,28.808],[117.3943,28.8031],[117.3965,28.7868],[117.3876,28.7877],[117.3796,28.7841],[117.3803,28.7779],[117.3686,28.7719],[117.3567,28.7696],[117.3507,28.7728],[117.3455,28.7785],[117.342,28.7767],[117.3248,28.7764],[117.3191,28.766],[117.2997,28.7613],[117.2942,28.7482],[117.2827,28.7424],[117.2737,28.7393],[117.2694,28.7339],[117.2687,28.7261],[117.2597,28.7303],[117.2516,28.7228],[117.2431,28.7223],[117.2356,28.7309],[117.2369,28.7407],[117.2343,28.7467],[117.227,28.7461],[117.2214,28.7526],[117.1968,28.7451],[117.1948,28.7495],[117.1878,28.7503],[117.1865,28.744],[117.181,28.7451],[117.1769,28.7514],[117.1688,28.7548],[117.1661,28.7632],[117.1704,28.7738],[117.163,28.7778],[117.1577,28.7831],[117.1505,28.7853],[117.1474,28.7802],[117.1378,28.7858],[117.1366,28.7909],[117.1384,28.7982],[117.1312,28.7995],[117.1267,28.7961],[117.1203,28.7845],[117.1169,28.7837],[117.1189,28.7977],[117.1104,28.8041],[117.0935,28.803],[117.0887,28.8069],[117.0829,28.8039],[117.08,28.8082],[117.0802,28.8143],[117.0649,28.8184],[117.0562,28.8121],[117.0505,28.8139],[117.0435,28.8062],[117.0408,28.8081],[117.0358,28.8215],[117.0298,28.8294],[117.0293,28.8344],[117.022,28.8416],[117.0081,28.8457],[117.0044,28.8534],[117.0048,28.8581],[116.9995,28.8617],[116.9936,28.8621],[116.9886,28.8715],[116.9814,28.8667],[116.9786,28.8721],[116.9736,28.8749],[116.9762,28.8826],[116.9714,28.8854],[116.9679,28.8789],[116.9615,28.8838],[116.9589,28.8897],[116.9588,28.9017],[116.9522,28.9079],[116.9536,28.9111],[116.9658,28.9206],[116.9687,28.9325],[116.9765,28.9447],[116.978,28.9505],[116.9859,28.9508],[116.9883,28.9474],[116.9985,28.9547],[117.0016,28.9651],[116.9983,28.9721],[117.0061,28.9826],[117.0018,28.986],[117.0022,28.9967],[117.0082,29.007],[117.023,29.0036],[117.0349,29.0088],[117.0314,29.0212],[117.0212,29.0249],[117.0259,29.0357],[117.0311,29.0396],[117.0355,29.0392],[117.0399,29.0452],[117.0499,29.0466],[117.0482,29.0576],[117.0399,29.0787],[117.0394,29.0856],[117.043,29.0968],[117.0561,29.0987],[117.0571,29.1056],[117.0617,29.1073],[117.0675,29.1038],[117.0724,29.1072],[117.0645,29.1154],[117.0747,29.125],[117.064,29.1313],[117.0636,29.1394],[117.0549,29.1466],[117.0518,29.1525],[117.0441,29.1514],[117.0358,29.1581],[117.0331,29.1639],[117.0232,29.1659],[117.0266,29.1781],[117.0228,29.1856],[117.0126,29.1956],[117.0128,29.2006],[117.006,29.2071],[117.0128,29.2176],[117.0087,29.2221],[117.0136,29.2261],[117.0134,29.2324],[117.0103,29.2397],[117.0049,29.2447],[117.0069,29.25],[117.0123,29.2553],[117.0048,29.2613],[117.0063,29.267],[117.0022,29.2745],[117.003,29.2837],[117.0133,29.2802],[117.018,29.2763],[117.0237,29.2861],[117.0311,29.2858],[117.0318,29.29],[117.0375,29.2968],[117.0373,29.303],[117.042,29.3041],[117.0507,29.3021],[117.0556,29.3085],[117.0681,29.3139],[117.0705,29.3188],[117.0645,29.3309],[117.0675,29.3366],[117.0665,29.3427],[117.054,29.347],[117.0448,29.3552],[117.0394,29.3566],[117.0342,29.3541],[117.0326,29.3617],[117.0373,29.3665],[117.0362,29.3717],[117.0458,29.3703],[117.0483,29.3806],[117.0542,29.3866],[117.0622,29.3897],[117.0633,29.3962],[117.0604,29.4011],[117.0618,29.4075],[117.0568,29.4142],[117.0674,29.4171],[117.0646,29.4305],[117.0657,29.4371],[117.0494,29.4387],[117.0404,29.4441],[117.0389,29.4501],[117.0415,29.4554],[117.0384,29.4762],[117.0466,29.4886],[117.0402,29.497],[117.0465,29.5033],[117.0417,29.5111],[117.0445,29.5262],[117.0477,29.531],[117.0476,29.5394],[117.0366,29.5478],[117.0404,29.5544],[117.039,29.5636],[117.0359,29.5669],[117.0358,29.5801],[117.0335,29.5866],[117.0239,29.5976],[117.0224,29.6049],[117.0303,29.6164],[117.0307,29.6211],[117.0432,29.6227],[117.0437,29.6323],[117.0504,29.6399],[117.0551,29.6484],[117.0678,29.643],[117.0702,29.6453],[117.0752,29.6619],[117.0808,29.664],[117.0759,29.6755],[117.0757,29.6819],[117.0801,29.6877],[117.0883,29.6941],[117.0842,29.6995],[117.0734,29.7018],[117.0694,29.7009],[117.0595,29.692],[117.0521,29.6907],[117.046,29.6921],[117.039,29.6855],[117.0305,29.6828],[117.0248,29.6882],[117.0136,29.6896],[117.0032,29.6864],[116.9909,29.6859],[116.9784,29.6743],[116.979,29.6709],[116.9715,29.6647],[116.9721,29.6539],[116.9694,29.6504],[116.9613,29.6556],[116.9495,29.6523],[116.9433,29.6541],[116.9344,29.6474],[116.9272,29.65],[116.9191,29.6413],[116.9126,29.6397],[116.9054,29.6344],[116.9042,29.6288],[116.9002,29.6254],[116.8939,29.6267],[116.8755,29.6197],[116.8709,29.6155],[116.8659,29.6035],[116.8536,29.5989],[116.8457,29.5878],[116.8429,29.579],[116.8303,29.5716],[116.8113,29.5679],[116.8006,29.5684],[116.7944,29.5651],[116.7874,29.5729],[116.7811,29.5709],[116.7759,29.5725],[116.7744,29.5782],[116.7822,29.5948],[116.7698,29.5981],[116.7656,29.6026],[116.7554,29.6053],[116.752,29.5971],[116.7461,29.5977],[116.7334,29.5944],[116.7331,29.5848],[116.7248,29.579],[116.7243,29.5712],[116.7205,29.5661],[116.7146,29.5722],[116.7159,29.5789],[116.7114,29.5933],[116.6859,29.6047],[116.6803,29.5995],[116.6741,29.6058],[116.6683,29.601],[116.6536,29.6109],[116.6426,29.6062],[116.6444,29.5996],[116.6411,29.5938],[116.6406,29.5848],[116.6231,29.5834],[116.6146,29.5855],[116.6086,29.5741],[116.5991,29.5765],[116.5953,29.5802],[116.5881,29.5815],[116.5841,29.5792],[116.5754,29.5853],[116.5769,29.5903],[116.5738,29.596],[116.5637,29.6011],[116.5558,29.5971],[116.5394,29.6011],[116.5305,29.6079],[116.5238,29.6056],[116.5176,29.6139],[116.5127,29.6141],[116.5084,29.606],[116.5009,29.5869],[116.4899,29.5796],[116.4869,29.5745],[116.4973,29.5685],[116.5046,29.5576],[116.5126,29.5641],[116.5173,29.5569],[116.5247,29.5595],[116.5303,29.5588],[116.526,29.5468],[116.5299,29.5423],[116.5284,29.5301],[116.5309,29.5272],[116.5238,29.5218],[116.5276,29.5158],[116.5278,29.5071],[116.5181,29.5022],[116.5153,29.4949],[116.5239,29.4874],[116.5307,29.4864],[116.5341,29.4815],[116.5351,29.4735],[116.5329,29.4637],[116.5298,29.4618],[116.5201,29.4637],[116.5196,29.4553],[116.5158,29.4503],[116.5179,29.4437],[116.5121,29.4357],[116.5164,29.4256],[116.525,29.4263],[116.5357,29.4177],[116.5332,29.4146],[116.5378,29.3997],[116.5437,29.3951],[116.5439,29.3916],[116.552,29.3857],[116.5552,29.3794],[116.544,29.3705],[116.55,29.3677],[116.5497,29.3582],[116.5369,29.3622],[116.5382,29.354],[116.5329,29.346],[116.5373,29.3438],[116.5398,29.3367],[116.5477,29.3256],[116.56,29.315],[116.5578,29.3049],[116.5605,29.2985],[116.5708,29.2891],[116.5784,29.2847],[116.5786,29.2808],[116.5842,29.2782],[116.5854,29.2625],[116.5903,29.2612],[116.5888,29.2552],[116.5989,29.2541],[116.6062,29.2517],[116.6233,29.2431],[116.6417,29.2323],[116.5817,29.1873],[116.5428,29.1588],[116.468,29.1585],[116.4465,29.1268],[116.4526,29.1182],[116.4435,29.1086],[116.438,29.1108],[116.4324,29.1067],[116.4326,29.0976],[116.4184,29.0796],[116.41,29.0714],[116.4015,29.0589],[116.3954,29.0556],[116.4045,29.0352],[116.4026,29.0284],[116.3973,29.0184],[116.4021,29.0089],[116.4032,28.9924],[116.4019,28.9823],[116.4011,28.9636],[116.3991,28.9566],[116.3756,28.9464],[116.3704,28.9418],[116.3631,28.932],[116.3536,28.9132],[116.3535,28.9051],[116.3476,28.9035],[116.3393,28.8908],[116.3411,28.884],[116.3371,28.8806],[116.3259,28.8808],[116.317,28.8737],[116.3081,28.8713],[116.3025,28.8726],[116.2977,28.8686],[116.2925,28.8732],[116.2807,28.8695],[116.2727,28.8725],[116.2559,28.8712],[116.2515,28.8697],[116.2442,28.8765],[116.2242,28.8599],[116.225,28.8554],[116.2404,28.8439],[116.2435,28.8343],[116.2363,28.8202],[116.2377,28.8078],[116.2456,28.8063],[116.2542,28.8026],[116.2682,28.8043],[116.2717,28.8079],[116.2751,28.7892],[116.2913,28.7915],[116.3019,28.7855],[116.3035,28.7777],[116.3132,28.7722],[116.3186,28.759],[116.319,28.7444],[116.3302,28.7524],[116.3475,28.7582],[116.3531,28.757],[116.3531,28.7492],[116.3587,28.7436],[116.3655,28.748],[116.3717,28.755],[116.3738,28.748],[116.3829,28.734],[116.3957,28.7292],[116.411,28.7255],[116.4258,28.7202],[116.4407,28.7047],[116.4418,28.6986],[116.4378,28.6881],[116.439,28.6814],[116.4354,28.6755],[116.4363,28.6707],[116.4428,28.6681],[116.4442,28.6575],[116.4376,28.6453],[116.438,28.6392],[116.4444,28.6321],[116.4525,28.6276],[116.4643,28.6011],[116.4647,28.593],[116.4757,28.5729],[116.4851,28.5697],[116.4981,28.561],[116.5004,28.5515],[116.5047,28.5547],[116.5123,28.5488],[116.5136,28.5422],[116.5222,28.5333],[116.5397,28.5174],[116.5482,28.5147],[116.5508,28.5037],[116.5585,28.503],[116.5529,28.4973],[116.5557,28.4938]]]},"properties":{"region_code":"CN-36-3611","parent_region_code":"CN-36","name":"上饶市","level":"prefecture","has_children":true,"full_path":"中国 / 江西省 / 上饶市","source_admin_code":"3611","osm_relation_id":3046790}}
]}