{"type":"FeatureCollection", "features": [
{"type":"Feature","geometry":{"type":"MultiPolygon","coordinates":[[[[118.8653,31.2397],[118.8632,31.244],[118.8486,31.2413],[118.8548,31.2357],[118.8653,31.2397]]],[[[118.3516,31.9404],[118.35,31.9473],[118.3423,31.9562],[118.3386,31.9472],[118.3516,31.9404]]],[[[118.8425,31.4997],[118.8514,31.523],[118.8625,31.5235],[118.8673,31.5296],[118.8635,31.5342],[118.8505,31.5304],[118.8453,31.5261],[118.8352,31.5],[118.8425,31.4997]]],[[[119.2304,31.627],[119.217,31.6329],[119.2122,31.6305],[119.2026,31.6355],[119.2011,31.6487],[119.1844,31.6509],[119.1805,31.6552],[119.1886,31.6622],[119.1817,31.669],[119.1823,31.6808],[119.1868,31.6859],[119.1808,31.6972],[119.1746,31.6962],[119.1683,31.6999],[119.1534,31.6995],[119.1488,31.7083],[119.1398,31.7136],[119.1405,31.718],[119.1347,31.7247],[119.1233,31.725],[119.119,31.7406],[119.1128,31.7413],[119.1035,31.7482],[119.1036,31.7555],[119.0929,31.7559],[119.0847,31.7728],[119.0718,31.7707],[119.0738,31.7829],[119.0713,31.7864],[119.059,31.7842],[119.0473,31.7923],[119.0388,31.7911],[119.0299,31.7866],[119.0212,31.7867],[119.0124,31.7806],[118.9999,31.7798],[118.9939,31.7688],[118.9835,31.7658],[118.9772,31.772],[118.9734,31.7856],[118.9863,31.7847],[118.9998,31.7892],[119.0009,31.8011],[118.9934,31.8036],[118.9817,31.8196],[118.9659,31.8267],[118.9721,31.838],[118.9736,31.8452],[118.9909,31.8455],[118.9966,31.8482],[119.0209,31.8489],[119.0284,31.8549],[119.04,31.8555],[119.0398,31.8603],[119.0471,31.8636],[119.0589,31.8643],[119.064,31.8719],[119.0683,31.8667],[119.0884,31.8621],[119.0957,31.8681],[119.0981,31.8789],[119.1032,31.8873],[119.1128,31.8892],[119.1144,31.8976],[119.1087,31.9019],[119.1086,31.9113],[119.1043,31.9128],[119.1024,31.9285],[119.0966,31.9351],[119.0831,31.9345],[119.0794,31.9379],[119.0598,31.9421],[119.0472,31.9387],[119.0334,31.9411],[119.0236,31.9492],[119.0236,31.9561],[119.0296,31.9648],[119.0356,31.9634],[119.0409,31.9696],[119.0601,31.9759],[119.0716,31.9693],[119.0762,31.9756],[119.0897,31.9752],[119.1005,31.9673],[119.1074,31.9736],[119.1047,31.9808],[119.1142,31.9799],[119.1153,31.9845],[119.1087,31.9904],[119.1081,31.9978],[119.1007,32.006],[119.0918,32.0023],[119.0851,32.0049],[119.0916,32.0201],[119.0871,32.0311],[119.0909,32.0389],[119.0814,32.049],[119.0807,32.0554],[119.0922,32.0634],[119.0956,32.0779],[119.0933,32.0811],[119.0956,32.0931],[119.0899,32.0967],[119.0826,32.0958],[119.0763,32.0994],[119.0748,32.1092],[119.0657,32.1109],[119.0536,32.1045],[119.046,32.1076],[119.0444,32.1118],[119.0213,32.118],[119.0035,32.1179],[119.0039,32.1268],[119.0108,32.1318],[119.0146,32.1305],[119.0189,32.1396],[119.0268,32.1473],[119.0307,32.1476],[119.034,32.159],[119.0423,32.1603],[119.0532,32.1584],[119.055,32.1648],[119.0682,32.1647],[119.0796,32.1803],[119.0887,32.1819],[119.1104,32.1882],[119.1294,32.1953],[119.1467,32.189],[119.1541,32.1828],[119.158,32.1875],[119.1784,32.1915],[119.1909,32.187],[119.2123,32.1938],[119.215,32.2018],[119.2395,32.2181],[119.2235,32.2246],[119.1901,32.2358],[119.1615,32.244],[119.133,32.2466],[119.1073,32.2463],[119.084,32.2422],[119.0748,32.2379],[119.0704,32.2514],[119.0545,32.2537],[119.0307,32.2606],[119.0368,32.2782],[119.0351,32.289],[119.0302,32.2974],[119.0365,32.3071],[119.0312,32.3079],[119.0326,32.3256],[119.0365,32.334],[119.0235,32.3414],[119.0208,32.3551],[119.0289,32.3563],[119.0338,32.3646],[119.0316,32.3725],[119.0152,32.3759],[119.0172,32.3811],[119.0321,32.3848],[119.0282,32.3906],[119.0204,32.3956],[119.0073,32.4133],[119.0121,32.4235],[119.0175,32.4227],[119.0221,32.4315],[119.0158,32.448],[119.0176,32.4596],[119.0316,32.4579],[119.0359,32.4591],[119.0407,32.4669],[119.0447,32.4644],[119.0561,32.4632],[119.0613,32.4704],[119.0578,32.4869],[119.0463,32.4943],[119.0403,32.5054],[119.0368,32.5051],[119.0357,32.5167],[119.0268,32.5188],[119.0164,32.5182],[119.0111,32.5153],[119.0017,32.5168],[119.0004,32.5103],[118.9938,32.507],[118.9709,32.5067],[118.9634,32.5174],[118.9643,32.5273],[118.9548,32.5304],[118.9516,32.5379],[118.9425,32.5481],[118.9381,32.5487],[118.9321,32.5567],[118.9259,32.5596],[118.9151,32.559],[118.9113,32.5618],[118.892,32.5553],[118.8847,32.5571],[118.8882,32.5624],[118.8945,32.5648],[118.8915,32.5788],[118.8962,32.5848],[118.9045,32.5886],[118.9007,32.5933],[118.8915,32.5889],[118.8821,32.5904],[118.8773,32.5876],[118.8803,32.5786],[118.877,32.5763],[118.8676,32.5789],[118.8492,32.5765],[118.8428,32.5701],[118.8334,32.5766],[118.8295,32.5719],[118.8242,32.5826],[118.8124,32.5828],[118.8133,32.59],[118.8184,32.5908],[118.8174,32.6046],[118.803,32.601],[118.8048,32.5961],[118.7982,32.5925],[118.8,32.5863],[118.7821,32.5849],[118.7695,32.5925],[118.7697,32.6013],[118.7563,32.6073],[118.7473,32.6063],[118.7455,32.5991],[118.738,32.602],[118.7381,32.5934],[118.7293,32.5928],[118.7198,32.5997],[118.7147,32.6154],[118.71,32.608],[118.7043,32.6106],[118.6912,32.608],[118.6958,32.5915],[118.684,32.5901],[118.6641,32.5969],[118.6471,32.5954],[118.6363,32.589],[118.6297,32.582],[118.6229,32.5912],[118.6167,32.5906],[118.6139,32.5961],[118.6079,32.5962],[118.5929,32.604],[118.5898,32.5989],[118.5742,32.5954],[118.5641,32.5878],[118.558,32.5671],[118.5657,32.5587],[118.5725,32.5546],[118.5937,32.547],[118.6042,32.5395],[118.5999,32.5343],[118.6013,32.5239],[118.6092,32.5243],[118.6115,32.5132],[118.6053,32.5099],[118.6011,32.5027],[118.5883,32.5048],[118.5891,32.4954],[118.587,32.4859],[118.5937,32.4792],[118.6003,32.4797],[118.603,32.473],[118.6146,32.474],[118.6223,32.4704],[118.6294,32.4732],[118.6379,32.4725],[118.6432,32.4786],[118.6487,32.4783],[118.6679,32.4722],[118.6804,32.4755],[118.6859,32.4751],[118.6873,32.4667],[118.6816,32.4323],[118.6851,32.4248],[118.6803,32.4066],[118.6737,32.3964],[118.6749,32.3914],[118.6966,32.3813],[118.6985,32.3707],[118.6923,32.371],[118.6903,32.3589],[118.6879,32.356],[118.6922,32.3449],[118.703,32.3391],[118.6987,32.3316],[118.6818,32.3319],[118.6801,32.3254],[118.6903,32.3238],[118.6877,32.3196],[118.6808,32.3203],[118.6711,32.3175],[118.6638,32.3112],[118.6552,32.3076],[118.6522,32.3017],[118.6552,32.2984],[118.6632,32.2979],[118.6651,32.2864],[118.6541,32.2687],[118.6561,32.2639],[118.6707,32.2573],[118.6626,32.2386],[118.6386,32.212],[118.6246,32.2052],[118.6112,32.2075],[118.5938,32.2021],[118.5857,32.2028],[118.5756,32.2009],[118.5755,32.2061],[118.5653,32.2062],[118.5571,32.204],[118.5542,32.199],[118.5474,32.2018],[118.543,32.197],[118.5337,32.1947],[118.5258,32.1976],[118.519,32.1909],[118.513,32.1913],[118.504,32.1967],[118.5035,32.1856],[118.4941,32.1839],[118.4906,32.1783],[118.493,32.163],[118.5002,32.1456],[118.4925,32.1401],[118.4895,32.1334],[118.4951,32.125],[118.4843,32.1229],[118.4778,32.1191],[118.4706,32.1193],[118.4683,32.1116],[118.4583,32.1026],[118.4285,32.0914],[118.4253,32.0881],[118.4098,32.0895],[118.4064,32.0827],[118.3994,32.0823],[118.3894,32.0778],[118.3916,32.074],[118.3878,32.0645],[118.3778,32.0613],[118.3896,32.0485],[118.3841,32.0459],[118.3775,32.0351],[118.3956,32.0214],[118.3855,32.0189],[118.3847,32.0012],[118.3904,31.9957],[118.384,31.9857],[118.3779,31.982],[118.3692,31.9852],[118.3755,31.9692],[118.3628,31.9678],[118.3655,31.9622],[118.3602,31.9516],[118.3639,31.9436],[118.3581,31.937],[118.3578,31.9296],[118.369,31.9298],[118.3735,31.918],[118.3702,31.9127],[118.3789,31.9112],[118.3882,31.9185],[118.3962,31.9149],[118.4055,31.9137],[118.4038,31.904],[118.4049,31.8965],[118.4125,31.8869],[118.4178,31.8868],[118.4193,31.8963],[118.4275,31.8991],[118.4354,31.8979],[118.4398,31.8914],[118.448,31.8862],[118.4635,31.8882],[118.473,31.8854],[118.4716,31.8733],[118.46,31.8695],[118.4614,31.86],[118.4703,31.8524],[118.4851,31.8454],[118.4994,31.843],[118.4881,31.8134],[118.4757,31.7867],[118.4766,31.7796],[118.4856,31.7778],[118.497,31.7783],[118.4988,31.7735],[118.5166,31.7636],[118.527,31.7691],[118.5331,31.7616],[118.5334,31.7534],[118.5245,31.7545],[118.5156,31.7481],[118.53,31.7419],[118.5341,31.7376],[118.5449,31.7367],[118.5522,31.7318],[118.5572,31.74],[118.5645,31.7468],[118.5702,31.743],[118.5873,31.7465],[118.5968,31.7597],[118.6034,31.7596],[118.6123,31.7533],[118.6218,31.7614],[118.6372,31.7614],[118.6385,31.7553],[118.6363,31.7478],[118.6446,31.7427],[118.6484,31.734],[118.6728,31.731],[118.6853,31.7229],[118.6859,31.7095],[118.6783,31.7047],[118.6734,31.6982],[118.667,31.6996],[118.6595,31.6824],[118.6513,31.6802],[118.6408,31.6811],[118.6375,31.6738],[118.6425,31.6687],[118.6432,31.6607],[118.6391,31.6519],[118.651,31.6465],[118.6529,31.6432],[118.6685,31.6428],[118.6792,31.6386],[118.6901,31.642],[118.6991,31.6405],[118.7077,31.6453],[118.7136,31.6299],[118.721,31.6343],[118.7316,31.6361],[118.7333,31.649],[118.74,31.6587],[118.7393,31.6705],[118.7459,31.6797],[118.7552,31.6824],[118.7631,31.6795],[118.7694,31.6847],[118.7836,31.6741],[118.7941,31.6684],[118.7872,31.6612],[118.7779,31.6583],[118.7831,31.6506],[118.7866,31.6404],[118.7856,31.6316],[118.7907,31.6308],[118.7987,31.6209],[118.8105,31.6225],[118.8151,31.6258],[118.8151,31.633],[118.8363,31.6308],[118.8431,31.6263],[118.8542,31.6258],[118.8584,31.617],[118.8663,31.6118],[118.8675,31.6078],[118.8641,31.5997],[118.8725,31.5925],[118.8676,31.5765],[118.8786,31.57],[118.8775,31.5643],[118.8714,31.564],[118.8654,31.5556],[118.8713,31.5527],[118.8701,31.5417],[118.8825,31.5313],[118.8781,31.4986],[118.874,31.4831],[118.8766,31.4501],[118.8692,31.4323],[118.8554,31.4128],[118.8448,31.3943],[118.8396,31.3949],[118.8273,31.3812],[118.8053,31.3733],[118.7947,31.3711],[118.785,31.3713],[118.7637,31.366],[118.765,31.382],[118.76,31.3911],[118.7489,31.3871],[118.7405,31.3751],[118.7296,31.3471],[118.7147,31.3245],[118.7134,31.2971],[118.7207,31.2943],[118.7185,31.287],[118.7219,31.2843],[118.7485,31.282],[118.7581,31.2782],[118.7747,31.2623],[118.7744,31.2455],[118.7787,31.2393],[118.7902,31.2314],[118.7982,31.2303],[118.8041,31.2364],[118.8151,31.2379],[118.8192,31.2326],[118.8266,31.2316],[118.8312,31.2361],[118.8455,31.2417],[118.8651,31.2446],[118.8659,31.2408],[118.8761,31.241],[118.8825,31.2323],[118.8998,31.235],[118.9135,31.2463],[118.923,31.2423],[118.934,31.2415],[118.9442,31.2369],[118.9487,31.2395],[118.9688,31.241],[118.9796,31.2398],[118.9816,31.2331],[118.9887,31.2328],[118.9984,31.2361],[119.009,31.2433],[119.0176,31.2402],[119.0355,31.2389],[119.0443,31.2331],[119.0513,31.2351],[119.0522,31.2399],[119.0642,31.2395],[119.0725,31.2344],[119.0799,31.2404],[119.092,31.2423],[119.0981,31.2461],[119.0989,31.2558],[119.1063,31.256],[119.1152,31.2637],[119.1276,31.2654],[119.1429,31.2762],[119.1461,31.2852],[119.1455,31.2937],[119.1528,31.2968],[119.1637,31.294],[119.1702,31.2955],[119.1755,31.3022],[119.1806,31.3035],[119.1838,31.31],[119.1899,31.3113],[119.1881,31.3212],[119.193,31.3323],[119.2028,31.3435],[119.2128,31.3508],[119.2094,31.3564],[119.2002,31.3604],[119.1967,31.3694],[119.1917,31.3762],[119.1804,31.3834],[119.1697,31.3851],[119.1633,31.3997],[119.1659,31.4016],[119.1633,31.4107],[119.166,31.4141],[119.1627,31.4245],[119.1581,31.4279],[119.1635,31.4341],[119.1587,31.4426],[119.147,31.4409],[119.1349,31.449],[119.1417,31.4565],[119.1508,31.4719],[119.1515,31.4824],[119.1418,31.4884],[119.1523,31.4967],[119.1618,31.4963],[119.18,31.5034],[119.1942,31.5265],[119.1936,31.5329],[119.1758,31.5295],[119.1748,31.5383],[119.1781,31.542],[119.1798,31.5521],[119.1928,31.5533],[119.2002,31.5608],[119.2001,31.5655],[119.2092,31.5715],[119.213,31.5804],[119.2106,31.5861],[119.2203,31.6063],[119.2266,31.6152],[119.2264,31.621],[119.2304,31.627]]]]},"properties":{"region_code":"CN-32-3201","parent_region_code":"CN-32","name":"南京市","level":"prefecture","has_children":true,"full_path":"中国 / 江苏省 / 南京市","source_admin_code":"3201","osm_relation_id":2131524}},
{"type":"Feature","geometry":{"type":"Polygon","coordinates":[[[119.9162,31.1738],[120.0264,31.2369],[120.1411,31.3026],[120.2307,31.3539],[120.232,31.3569],[120.2828,31.3835],[120.4138,31.45],[120.4204,31.4478],[120.4269,31.4504],[120.4527,31.4477],[120.4669,31.4481],[120.4775,31.4512],[120.4915,31.4529],[120.4962,31.4589],[120.5095,31.4608],[120.5127,31.4673],[120.5186,31.4698],[120.5286,31.4693],[120.5384,31.4716],[120.55,31.48],[120.5481,31.487],[120.5403,31.4916],[120.5507,31.5121],[120.5637,31.5131],[120.5698,31.5195],[120.5872,31.533],[120.5906,31.5183],[120.5972,31.5206],[120.6005,31.5283],[120.5972,31.5404],[120.5984,31.5485],[120.5954,31.5506],[120.591,31.5775],[120.5782,31.5874],[120.5663,31.5877],[120.5654,31.5797],[120.5556,31.5764],[120.5413,31.5789],[120.5393,31.6076],[120.5495,31.6067],[120.5524,31.6033],[120.5634,31.605],[120.5613,31.6097],[120.5694,31.6134],[120.5686,31.6172],[120.5867,31.6137],[120.5947,31.6176],[120.5932,31.6239],[120.5866,31.6284],[120.591,31.6342],[120.5883,31.6408],[120.5929,31.647],[120.5883,31.6541],[120.5789,31.6525],[120.5602,31.6585],[120.5649,31.6624],[120.5628,31.6742],[120.5593,31.6833],[120.5681,31.6919],[120.5807,31.695],[120.5951,31.7133],[120.5836,31.7175],[120.5773,31.7217],[120.5759,31.7289],[120.5828,31.7389],[120.5907,31.7405],[120.5956,31.7474],[120.5913,31.7626],[120.5845,31.7687],[120.5843,31.7754],[120.5793,31.7858],[120.5666,31.7959],[120.5556,31.7886],[120.5511,31.7961],[120.5375,31.7896],[120.5295,31.7903],[120.5288,31.7944],[120.5191,31.8004],[120.5171,31.8124],[120.5243,31.8146],[120.5273,31.8209],[120.5231,31.8248],[120.5259,31.8335],[120.5106,31.8383],[120.5128,31.8428],[120.5037,31.8473],[120.4922,31.8588],[120.4855,31.8752],[120.4763,31.879],[120.4622,31.8788],[120.4633,31.8877],[120.4594,31.8929],[120.4467,31.8936],[120.4167,31.9017],[120.3977,31.9091],[120.3847,31.9105],[120.3745,31.9155],[120.3764,31.9217],[120.3846,31.9275],[120.3836,31.9369],[120.3696,31.9406],[120.3653,31.9636],[120.3653,31.9927],[120.3388,31.9776],[120.2933,31.955],[120.2533,31.9385],[120.227,31.9347],[120.1915,31.935],[120.1443,31.9402],[120.0961,31.9518],[120.0517,31.9616],[120.0264,31.9686],[120.0143,31.9731],[120.0027,31.9496],[120.0018,31.9382],[120.0045,31.9321],[120.0143,31.9231],[120.0134,31.9171],[120.005,31.916],[119.9976,31.9074],[119.9986,31.8986],[119.9939,31.8967],[120.0108,31.8824],[120.0083,31.8737],[120.0001,31.8607],[119.99,31.8588],[119.9877,31.852],[119.9957,31.8476],[120.0006,31.8392],[119.9976,31.83],[120.0152,31.8245],[120.0214,31.8341],[120.03,31.8244],[120.0366,31.8241],[120.0507,31.8353],[120.0772,31.8494],[120.0802,31.8551],[120.0978,31.857],[120.1111,31.8564],[120.1194,31.8621],[120.1289,31.8594],[120.1417,31.8616],[120.1479,31.8719],[120.1543,31.8698],[120.1676,31.8717],[120.1751,31.8688],[120.1807,31.8631],[120.1761,31.8532],[120.1695,31.8441],[120.1588,31.835],[120.1601,31.8281],[120.1688,31.8244],[120.1666,31.8181],[120.1769,31.8156],[120.1684,31.8036],[120.1765,31.7962],[120.1844,31.7781],[120.1911,31.7786],[120.1927,31.7725],[120.1893,31.7684],[120.198,31.7648],[120.1961,31.7556],[120.1792,31.7517],[120.1726,31.7556],[120.1688,31.7616],[120.1606,31.7634],[120.1509,31.7595],[120.151,31.7416],[120.1529,31.7325],[120.1503,31.7289],[120.1566,31.7199],[120.1497,31.7121],[120.1514,31.7045],[120.142,31.702],[120.1382,31.6913],[120.1462,31.6864],[120.1396,31.6773],[120.1226,31.6859],[120.1197,31.6772],[120.1239,31.6549],[120.1195,31.6552],[120.1182,31.6444],[120.1123,31.633],[120.1028,31.6339],[120.1008,31.6268],[120.0687,31.6077],[120.0667,31.5939],[120.0579,31.5892],[120.0579,31.5827],[120.0505,31.5785],[120.0546,31.5746],[120.0513,31.5651],[120.0536,31.5611],[120.0636,31.5547],[120.0741,31.5566],[120.0808,31.5527],[120.0926,31.5505],[120.098,31.5422],[120.0958,31.5354],[120.099,31.5242],[120.0967,31.5184],[120.1029,31.514],[120.1087,31.5199],[120.1151,31.5171],[120.1249,31.5064],[120.1099,31.4916],[120.1024,31.48],[120.1013,31.4711],[120.1052,31.4631],[120.0856,31.4545],[120.0783,31.4543],[120.0592,31.447],[120.0538,31.4418],[120.0448,31.4135],[120.0398,31.3925],[120.037,31.3745],[120.0378,31.3693],[120.0437,31.3635],[120.0763,31.3547],[120.0891,31.3529],[120.0936,31.346],[120.0939,31.3375],[120.0839,31.333],[120.0598,31.3411],[120.0414,31.3498],[120.029,31.3646],[120.0246,31.3739],[120.024,31.3823],[120.0345,31.4257],[120.0372,31.44],[120.0428,31.4813],[120.0365,31.4857],[120.0409,31.4899],[120.0324,31.5002],[120.0267,31.4989],[120.0131,31.5023],[120.0115,31.5075],[120.0012,31.5057],[119.997,31.5083],[119.9885,31.5034],[119.9775,31.5109],[119.9734,31.5178],[119.9686,31.5337],[119.9557,31.5435],[119.9405,31.5451],[119.9306,31.5573],[119.9238,31.5536],[119.9072,31.5502],[119.8856,31.5488],[119.8765,31.554],[119.8687,31.553],[119.8576,31.5455],[119.8391,31.5296],[119.824,31.5323],[119.8143,31.5403],[119.7296,31.5646],[119.7213,31.5634],[119.7163,31.5588],[119.7101,31.558],[119.7026,31.5665],[119.7024,31.5767],[119.6938,31.58],[119.6844,31.6032],[119.6713,31.6114],[119.664,31.6135],[119.6547,31.6125],[119.6372,31.6061],[119.6353,31.6012],[119.6395,31.5954],[119.6382,31.5775],[119.6249,31.5688],[119.6258,31.5624],[119.6138,31.5642],[119.6034,31.5558],[119.5964,31.5412],[119.5902,31.5367],[119.5775,31.5049],[119.5703,31.5093],[119.5627,31.5068],[119.5614,31.4958],[119.5675,31.4888],[119.5674,31.4823],[119.5633,31.474],[119.5657,31.4639],[119.5746,31.4663],[119.587,31.4655],[119.5838,31.4482],[119.5853,31.4435],[119.5804,31.4363],[119.5707,31.4334],[119.5498,31.4364],[119.5489,31.4175],[119.5469,31.4138],[119.5387,31.4143],[119.532,31.4111],[119.5323,31.4048],[119.5386,31.4002],[119.5351,31.3864],[119.527,31.3775],[119.5219,31.362],[119.5231,31.3474],[119.5265,31.3363],[119.514,31.3152],[119.5216,31.3007],[119.5281,31.2968],[119.5266,31.2814],[119.5323,31.2776],[119.5258,31.2706],[119.5281,31.2612],[119.5221,31.2537],[119.5219,31.2446],[119.5245,31.2385],[119.5344,31.2344],[119.5349,31.2262],[119.5472,31.2263],[119.5469,31.2176],[119.5492,31.2107],[119.5475,31.2037],[119.5499,31.1949],[119.5491,31.1833],[119.5316,31.1697],[119.5283,31.1605],[119.5415,31.1486],[119.5515,31.1446],[119.5659,31.1307],[119.5658,31.124],[119.5705,31.1125],[119.5795,31.117],[119.5862,31.1131],[119.6014,31.1092],[119.5988,31.1175],[119.6092,31.1314],[119.6263,31.1293],[119.6291,31.1352],[119.6396,31.1362],[119.6362,31.1468],[119.6456,31.1562],[119.6522,31.1552],[119.6586,31.1639],[119.6629,31.1661],[119.6771,31.1662],[119.6768,31.1627],[119.6861,31.1607],[119.6982,31.1534],[119.7064,31.1598],[119.7099,31.1723],[119.7255,31.1718],[119.7377,31.1744],[119.7461,31.1713],[119.7515,31.1754],[119.7591,31.1756],[119.7755,31.1824],[119.7879,31.1715],[119.7835,31.1565],[119.7936,31.1603],[119.8029,31.1502],[119.8226,31.1581],[119.8183,31.1638],[119.8126,31.1658],[119.8152,31.1717],[119.8217,31.1715],[119.8338,31.1759],[119.8364,31.1713],[119.8458,31.1691],[119.8523,31.1725],[119.8646,31.1652],[119.8788,31.1632],[119.8984,31.1716],[119.9111,31.1712],[119.9162,31.1738]]]},"properties":{"region_code":"CN-32-3202","parent_region_code":"CN-32","name":"无锡市","level":"prefecture","has_children":true,"full_path":"中国 / 江苏省 / 无锡市","source_admin_code":"3202","osm_relation_id":4430942}},
{"type":"Feature","geometry":{"type":"Polygon","coordinates":[[[118.1623,33.7509],[118.161,33.757],[118.1724,33.7656],[118.1645,33.782],[118.1648,33.7883],[118.1589,33.7922],[118.1563,33.7982],[118.1575,33.8071],[118.1636,33.8219],[118.1767,33.8182],[118.1818,33.8277],[118.1789,33.836],[118.1789,33.8497],[118.1697,33.8516],[118.165,33.8681],[118.1632,33.8814],[118.1512,33.8906],[118.1433,33.9034],[118.1382,33.9198],[118.1356,33.936],[118.1226,33.9541],[118.1119,33.9559],[118.1095,33.9369],[118.1021,33.9342],[118.096,33.9409],[118.0859,33.9436],[118.075,33.943],[118.0792,33.9511],[118.0797,33.9654],[118.0778,33.968],[118.059,33.9702],[118.0579,33.9731],[118.0458,33.9719],[118.0431,33.985],[118.0269,33.9855],[118.0229,33.995],[118.0312,34.0171],[118.0428,34.0131],[118.0456,34.0099],[118.0616,34.0173],[118.0573,34.0224],[118.055,34.0419],[118.0515,34.0524],[118.0572,34.052],[118.0594,34.0601],[118.0509,34.0806],[118.0447,34.0882],[118.0418,34.0955],[118.0087,34.0863],[118.0036,34.0861],[118.0003,34.0927],[117.9987,34.1047],[117.989,34.1068],[117.9893,34.1212],[117.9945,34.1385],[118.0112,34.1381],[118.0109,34.1438],[118.0248,34.1478],[118.0328,34.1435],[118.0393,34.1446],[118.0428,34.1504],[118.0531,34.1487],[118.0562,34.1618],[118.0623,34.1668],[118.0633,34.1735],[118.0773,34.1671],[118.0836,34.1553],[118.0918,34.1508],[118.0957,34.1414],[118.1129,34.1449],[118.1402,34.1368],[118.1456,34.138],[118.1493,34.1506],[118.1433,34.1602],[118.1707,34.1592],[118.1797,34.1653],[118.1868,34.1625],[118.1969,34.1649],[118.2165,34.1497],[118.2231,34.1423],[118.2323,34.1267],[118.2513,34.1249],[118.2868,34.1138],[118.3137,34.1163],[118.3391,34.1175],[118.3506,34.12],[118.3763,34.1186],[118.4233,34.1097],[118.4335,34.1061],[118.4464,34.1076],[118.4559,34.1048],[118.464,34.0988],[118.4762,34.1008],[118.4839,34.1077],[118.504,34.1148],[118.5009,34.1213],[118.5002,34.1355],[118.5038,34.1498],[118.4977,34.1497],[118.4991,34.1598],[118.5025,34.1657],[118.5159,34.1717],[118.5414,34.1673],[118.5486,34.1675],[118.5546,34.174],[118.5562,34.1982],[118.5695,34.2357],[118.5574,34.2385],[118.5553,34.2474],[118.5598,34.2637],[118.559,34.2752],[118.5635,34.2795],[118.5629,34.2851],[118.5671,34.303],[118.5824,34.3079],[118.5966,34.3067],[118.6001,34.3106],[118.611,34.3108],[118.6228,34.3082],[118.6292,34.3139],[118.6331,34.321],[118.6315,34.3339],[118.6272,34.3388],[118.6213,34.3394],[118.6167,34.3456],[118.6274,34.3455],[118.6327,34.3511],[118.6335,34.3582],[118.6392,34.3578],[118.6411,34.3696],[118.6366,34.3802],[118.6425,34.384],[118.6556,34.3851],[118.6645,34.3913],[118.6688,34.399],[118.6711,34.4121],[118.6632,34.4223],[118.6519,34.4272],[118.6444,34.4361],[118.6357,34.4413],[118.6244,34.4416],[118.6172,34.4463],[118.6032,34.4516],[118.5903,34.4458],[118.5884,34.4381],[118.5789,34.4296],[118.5623,34.4291],[118.5403,34.4384],[118.5285,34.4423],[118.4765,34.4204],[118.4617,34.4147],[118.432,34.4186],[118.4136,34.4261],[118.4054,34.4329],[118.4033,34.4274],[118.3956,34.4262],[118.3935,34.429],[118.3759,34.4259],[118.3703,34.4151],[118.3478,34.4189],[118.3388,34.4224],[118.3149,34.423],[118.3099,34.4266],[118.3022,34.4252],[118.2841,34.4288],[118.2785,34.4105],[118.2722,34.4118],[118.2707,34.405],[118.2609,34.4066],[118.2406,34.4068],[118.2272,34.3992],[118.2145,34.4077],[118.2111,34.3786],[118.1805,34.3852],[118.1653,34.3876],[118.1627,34.3934],[118.1687,34.3981],[118.1719,34.409],[118.1668,34.4138],[118.1787,34.4337],[118.1766,34.4533],[118.1581,34.4626],[118.154,34.467],[118.1404,34.4723],[118.1342,34.4777],[118.1363,34.4818],[118.1226,34.4864],[118.1253,34.4929],[118.1336,34.5027],[118.1448,34.4993],[118.1541,34.5046],[118.1579,34.5021],[118.1656,34.5154],[118.1626,34.5164],[118.1626,34.5286],[118.1657,34.5291],[118.1683,34.5409],[118.18,34.5395],[118.1839,34.5447],[118.153,34.5539],[118.1499,34.5478],[118.1369,34.553],[118.1303,34.5617],[118.1221,34.5581],[118.1115,34.5572],[118.1043,34.5634],[118.0938,34.5645],[118.0727,34.5712],[118.0772,34.5816],[118.0859,34.5855],[118.0976,34.5948],[118.1101,34.6159],[118.1071,34.6232],[118.1007,34.6249],[118.0894,34.636],[118.0956,34.6458],[118.0924,34.6537],[118.0816,34.6556],[118.072,34.6535],[118.0699,34.6583],[118.0617,34.6594],[118.0445,34.6535],[118.0373,34.6564],[118.0226,34.6582],[118.0141,34.6618],[118.0133,34.6525],[118.0011,34.6508],[117.9989,34.6572],[117.9852,34.6621],[117.9854,34.6749],[117.9783,34.6726],[117.9675,34.6725],[117.9568,34.6805],[117.9466,34.6793],[117.9262,34.658],[117.918,34.6602],[117.9193,34.667],[117.9047,34.6721],[117.8978,34.6455],[117.8862,34.6462],[117.8608,34.6523],[117.8569,34.6479],[117.8502,34.6504],[117.8315,34.6491],[117.8258,34.6551],[117.8189,34.6556],[117.8167,34.6506],[117.8071,34.6453],[117.7932,34.6496],[117.7858,34.6462],[117.7904,34.6384],[117.7876,34.6293],[117.7935,34.6253],[117.7879,34.6001],[117.7859,34.5846],[117.7886,34.5782],[117.7886,34.5608],[117.7914,34.5565],[117.788,34.5518],[117.7919,34.5387],[117.7914,34.5226],[117.7669,34.5278],[117.7609,34.5314],[117.7253,34.5393],[117.7182,34.5418],[117.6948,34.5467],[117.677,34.5476],[117.6757,34.5278],[117.6706,34.524],[117.6667,34.5155],[117.659,34.5119],[117.6553,34.5032],[117.6474,34.4982],[117.6337,34.4996],[117.6274,34.4911],[117.6181,34.4894],[117.6073,34.493],[117.5978,34.4815],[117.5975,34.477],[117.5834,34.4633],[117.5736,34.4652],[117.5641,34.4644],[117.5511,34.4754],[117.5398,34.4762],[117.5338,34.4686],[117.5141,34.4714],[117.5071,34.4749],[117.4938,34.4738],[117.4892,34.4696],[117.4823,34.4707],[117.4803,34.4853],[117.4588,34.49],[117.4527,34.5001],[117.451,34.5101],[117.4403,34.5181],[117.4362,34.529],[117.4196,34.5182],[117.4201,34.5324],[117.4181,34.5412],[117.4021,34.5432],[117.3979,34.5556],[117.3979,34.5697],[117.3689,34.5853],[117.3659,34.5814],[117.3497,34.5806],[117.3457,34.5855],[117.3375,34.5831],[117.3345,34.5778],[117.3261,34.5747],[117.312,34.5743],[117.3126,34.5672],[117.3251,34.5694],[117.3268,34.5607],[117.319,34.5588],[117.3149,34.5612],[117.3032,34.5556],[117.2963,34.5622],[117.3015,34.5714],[117.2937,34.5721],[117.2898,34.566],[117.2971,34.5598],[117.288,34.5551],[117.2898,34.5642],[117.2798,34.5668],[117.2742,34.5609],[117.2738,34.5542],[117.2839,34.5567],[117.2886,34.5522],[117.2969,34.55],[117.2965,34.5446],[117.291,34.5389],[117.2814,34.5347],[117.2695,34.5329],[117.2667,34.5283],[117.2657,34.5131],[117.269,34.5044],[117.2537,34.4991],[117.2602,34.4822],[117.2571,34.4744],[117.2496,34.4776],[117.2504,34.4824],[117.2458,34.4878],[117.2366,34.481],[117.2405,34.4763],[117.2493,34.4776],[117.2524,34.4723],[117.2522,34.4553],[117.2349,34.4455],[117.2338,34.4517],[117.2282,34.4558],[117.22,34.4546],[117.2205,34.4474],[117.2063,34.4431],[117.2046,34.4348],[117.1927,34.4339],[117.1793,34.4357],[117.1669,34.4349],[117.1605,34.4306],[117.1528,34.4536],[117.1497,34.4819],[117.1382,34.5059],[117.1322,34.5234],[117.1334,34.5402],[117.1392,34.548],[117.1438,34.5627],[117.1407,34.5701],[117.1281,34.5843],[117.1179,34.6021],[117.11,34.6241],[117.0973,34.6487],[117.0802,34.6469],[117.077,34.6402],[117.0683,34.6397],[117.0615,34.6454],[117.0817,34.6576],[117.0727,34.6586],[117.0497,34.6572],[117.0597,34.6664],[117.0812,34.6681],[117.0713,34.6817],[117.0592,34.6812],[117.0652,34.6942],[117.0714,34.6971],[117.0512,34.7221],[117.0352,34.7349],[117.0229,34.7473],[117.0079,34.7689],[116.9859,34.7639],[116.9715,34.7651],[116.97,34.7788],[116.9603,34.7772],[116.9522,34.7872],[116.9529,34.7915],[116.945,34.7951],[116.9456,34.8085],[116.9645,34.8095],[116.966,34.8037],[116.9772,34.805],[116.9621,34.839],[116.9611,34.8437],[116.9514,34.8447],[116.9223,34.8433],[116.9204,34.8532],[116.928,34.8591],[116.9284,34.8639],[116.9405,34.8635],[116.9375,34.8753],[116.9281,34.8761],[116.9169,34.8745],[116.9166,34.898],[116.921,34.9013],[116.9025,34.9112],[116.9007,34.902],[116.8885,34.9019],[116.889,34.9088],[116.8938,34.9159],[116.8393,34.9462],[116.8319,34.9477],[116.8324,34.9358],[116.8375,34.9343],[116.8422,34.9398],[116.8473,34.9387],[116.8527,34.9314],[116.852,34.9247],[116.8396,34.9249],[116.8296,34.9297],[116.8287,34.9502],[116.824,34.9543],[116.8,34.9694],[116.8012,34.9376],[116.8037,34.9312],[116.7934,34.9293],[116.7976,34.9381],[116.7962,34.9706],[116.7807,34.9757],[116.7774,34.9501],[116.7923,34.9452],[116.7924,34.9356],[116.7809,34.9403],[116.7758,34.9176],[116.7627,34.917],[116.7501,34.9084],[116.7465,34.91],[116.7484,34.9187],[116.7304,34.9252],[116.7161,34.9267],[116.7008,34.9351],[116.686,34.9338],[116.6838,34.9371],[116.6728,34.9401],[116.6705,34.9341],[116.6533,34.9344],[116.6528,34.93],[116.635,34.9337],[116.6268,34.9418],[116.6174,34.9411],[116.6127,34.9356],[116.6088,34.9239],[116.5535,34.9102],[116.541,34.9104],[116.5343,34.9071],[116.5179,34.9049],[116.4972,34.9072],[116.495,34.902],[116.4766,34.901],[116.475,34.8982],[116.4575,34.8994],[116.4395,34.8961],[116.4368,34.8891],[116.4303,34.8838],[116.4155,34.8679],[116.4097,34.8672],[116.4053,34.8548],[116.4077,34.8502],[116.4013,34.827],[116.406,34.8245],[116.4069,34.8166],[116.3955,34.8112],[116.3986,34.7871],[116.3972,34.7736],[116.3985,34.7655],[116.3916,34.7661],[116.3915,34.7601],[116.3985,34.7541],[116.3975,34.7508],[116.3827,34.7514],[116.3714,34.7495],[116.3594,34.7507],[116.3566,34.7387],[116.3602,34.7376],[116.3641,34.7278],[116.3573,34.7228],[116.3588,34.7163],[116.3783,34.7184],[116.3797,34.7059],[116.3883,34.7047],[116.389,34.6992],[116.3804,34.6883],[116.3722,34.6864],[116.376,34.6764],[116.3758,34.6613],[116.3617,34.6522],[116.3694,34.6371],[116.3733,34.6375],[116.3856,34.6322],[116.386,34.6422],[116.3943,34.6471],[116.4061,34.6443],[116.4124,34.6515],[116.4249,34.6524],[116.4322,34.6428],[116.4327,34.6265],[116.4384,34.6229],[116.4512,34.623],[116.4598,34.6177],[116.462,34.6129],[116.4758,34.6115],[116.4779,34.6039],[116.4775,34.5929],[116.4808,34.5903],[116.4955,34.5904],[116.4936,34.5847],[116.4869,34.5847],[116.4841,34.5795],[116.4903,34.5739],[116.4891,34.5663],[116.5032,34.565],[116.5061,34.557],[116.5201,34.5538],[116.5144,34.5441],[116.5244,34.541],[116.5337,34.544],[116.5502,34.5416],[116.5501,34.5369],[116.5583,34.5312],[116.5661,34.5308],[116.5767,34.5201],[116.5766,34.5165],[116.5877,34.5121],[116.5943,34.5134],[116.5955,34.5061],[116.5897,34.4968],[116.5798,34.4959],[116.5715,34.4998],[116.5659,34.4991],[116.5639,34.4925],[116.5677,34.4867],[116.5749,34.4861],[116.5839,34.4904],[116.5928,34.4872],[116.6141,34.4878],[116.6335,34.4831],[116.6579,34.474],[116.6732,34.4747],[116.696,34.4736],[116.7078,34.475],[116.7122,34.4714],[116.7543,34.4641],[116.7637,34.4544],[116.7729,34.449],[116.777,34.4397],[116.7766,34.432],[116.7875,34.422],[116.7995,34.414],[116.8079,34.4065],[116.8212,34.3985],[116.82,34.3943],[116.8274,34.3862],[116.8371,34.3971],[116.8509,34.3983],[116.8568,34.3944],[116.8667,34.3989],[116.8675,34.4072],[116.8722,34.4113],[116.8838,34.4062],[116.8944,34.4047],[116.8962,34.4108],[116.9029,34.4084],[116.9063,34.4027],[116.9163,34.4063],[116.9504,34.3935],[116.9653,34.3928],[116.9538,34.3656],[116.9679,34.3629],[116.9748,34.3598],[116.9777,34.3547],[116.9752,34.3412],[116.9664,34.3308],[116.9639,34.3201],[116.9715,34.319],[116.9725,34.3046],[116.9663,34.2993],[116.9713,34.2919],[116.9719,34.2855],[116.9774,34.2777],[116.9931,34.2688],[116.9985,34.2561],[117.012,34.2607],[117.0171,34.2515],[117.0138,34.2442],[117.021,34.2415],[117.041,34.249],[117.0448,34.2385],[117.0365,34.2339],[117.0397,34.2257],[117.0461,34.2229],[117.0393,34.214],[117.0429,34.2084],[117.0405,34.2028],[117.0331,34.2021],[117.0285,34.1873],[117.0256,34.1879],[117.0201,34.1684],[117.037,34.1638],[117.0415,34.153],[117.05,34.1563],[117.0619,34.1528],[117.0643,34.1445],[117.091,34.1443],[117.0973,34.132],[117.1241,34.1269],[117.1316,34.1156],[117.1296,34.1111],[117.1163,34.1112],[117.1145,34.1046],[117.1302,34.1036],[117.1395,34.0995],[117.1519,34.0998],[117.1435,34.0799],[117.1639,34.0784],[117.1727,34.0792],[117.1738,34.0716],[117.2023,34.0701],[117.2114,34.0713],[117.2293,34.0645],[117.2361,34.069],[117.2458,34.0714],[117.2642,34.0727],[117.2717,34.0777],[117.2864,34.0775],[117.2842,34.07],[117.2946,34.0655],[117.308,34.0652],[117.311,34.0796],[117.3138,34.085],[117.3209,34.0844],[117.3305,34.087],[117.3426,34.0874],[117.3529,34.0914],[117.3522,34.0854],[117.3611,34.0841],[117.3715,34.0742],[117.3712,34.0685],[117.3652,34.0619],[117.3705,34.0581],[117.3834,34.0587],[117.3944,34.0472],[117.3936,34.0293],[117.4152,34.0221],[117.4291,34.0239],[117.4295,34.0278],[117.4494,34.0282],[117.4492,34.0356],[117.4648,34.0395],[117.4745,34.049],[117.4913,34.0474],[117.5034,34.0624],[117.5217,34.0579],[117.5264,34.0518],[117.541,34.0465],[117.5357,34.0228],[117.5394,34.0187],[117.5377,34.009],[117.552,34.0051],[117.5512,33.9978],[117.5607,33.9971],[117.5583,33.9898],[117.5588,33.9801],[117.5714,33.9808],[117.5835,33.9864],[117.5842,33.9975],[117.607,33.9994],[117.6073,34.0112],[117.6126,34.0164],[117.6072,34.022],[117.6028,34.0333],[117.6177,34.0343],[117.6217,34.0203],[117.6294,34.0171],[117.6385,34.0165],[117.6388,34.0099],[117.6574,34.0029],[117.665,33.9962],[117.666,33.988],[117.6597,33.9819],[117.6546,33.973],[117.659,33.9665],[117.6576,33.9592],[117.6654,33.9546],[117.67,33.9484],[117.6652,33.9421],[117.6649,33.935],[117.6686,33.9298],[117.6785,33.9295],[117.6879,33.914],[117.6922,33.9036],[117.6953,33.9025],[117.697,33.8898],[117.7028,33.8833],[117.7178,33.8823],[117.7178,33.8887],[117.73,33.8933],[117.7404,33.8926],[117.7518,33.8888],[117.7548,33.8753],[117.7508,33.8694],[117.7512,33.8637],[117.7461,33.8597],[117.7501,33.8507],[117.7498,33.8423],[117.7442,33.8349],[117.7426,33.8212],[117.7454,33.8114],[117.7458,33.7968],[117.7394,33.7911],[117.7334,33.7727],[117.7383,33.765],[117.7296,33.7565],[117.7286,33.7479],[117.723,33.7462],[117.7202,33.7385],[117.7261,33.7362],[117.7299,33.7292],[117.7285,33.7244],[117.7404,33.7191],[117.7391,33.713],[117.7471,33.7131],[117.7615,33.7234],[117.7725,33.724],[117.7823,33.7295],[117.7856,33.7345],[117.8087,33.7389],[117.8222,33.7387],[117.8238,33.7345],[117.8428,33.7375],[117.8708,33.7312],[117.8713,33.7278],[117.8963,33.7219],[117.8922,33.7307],[117.8953,33.7372],[117.9005,33.7365],[117.91,33.74],[117.9183,33.7308],[117.943,33.7306],[117.9478,33.7322],[117.9471,33.7476],[117.9517,33.7588],[117.9643,33.7608],[117.9676,33.7508],[117.977,33.7488],[117.9887,33.7514],[117.9912,33.7477],[118.0131,33.7476],[118.0144,33.7401],[118.0252,33.7419],[118.0255,33.7495],[118.0418,33.7531],[118.0589,33.7622],[118.0599,33.7671],[118.1012,33.7662],[118.1105,33.7704],[118.1243,33.7553],[118.1356,33.749],[118.1436,33.7478],[118.1579,33.7522],[118.1623,33.7509]]]},"properties":{"region_code":"CN-32-3203","parent_region_code":"CN-32","name":"徐州市","level":"prefecture","has_children":true,"full_path":"中国 / 江苏省 / 徐州市","source_admin_code":"3203","osm_relation_id":3218572}},
{"type":"Feature","geometry":{"type":"Polygon","coordinates":[[[119.1806,31.3035],[119.1864,31.2971],[119.1948,31.2976],[119.1917,31.2761],[119.1933,31.2696],[119.2002,31.2685],[119.2022,31.2748],[119.2094,31.276],[119.2133,31.2701],[119.2206,31.2689],[119.2339,31.2562],[119.2439,31.2578],[119.2453,31.265],[119.2505,31.2667],[119.2608,31.256],[119.2695,31.2565],[119.2776,31.2624],[119.2825,31.2601],[119.2965,31.2713],[119.3017,31.2681],[119.308,31.2696],[119.3139,31.2661],[119.3233,31.2654],[119.3407,31.2598],[119.3411,31.2652],[119.3356,31.2772],[119.3425,31.279],[119.3468,31.2858],[119.3439,31.3031],[119.3487,31.3046],[119.3562,31.3014],[119.3605,31.2869],[119.367,31.2795],[119.3647,31.2721],[119.3752,31.2715],[119.3759,31.2615],[119.3698,31.2603],[119.3695,31.2495],[119.3628,31.2421],[119.3561,31.2384],[119.3595,31.233],[119.3582,31.2269],[119.3613,31.2207],[119.3555,31.2139],[119.3561,31.2061],[119.3603,31.1961],[119.3657,31.1962],[119.3744,31.1897],[119.3846,31.192],[119.3865,31.1794],[119.3917,31.177],[119.3989,31.1831],[119.4048,31.1841],[119.4094,31.1757],[119.4149,31.1762],[119.4228,31.1858],[119.4254,31.1785],[119.4462,31.175],[119.455,31.1584],[119.4717,31.1603],[119.4798,31.1546],[119.4821,31.1648],[119.4874,31.1666],[119.4972,31.1631],[119.5011,31.1587],[119.5118,31.1568],[119.5148,31.1612],[119.5283,31.1605],[119.5316,31.1697],[119.5491,31.1833],[119.5499,31.1949],[119.5475,31.2037],[119.5492,31.2107],[119.5469,31.2176],[119.5472,31.2263],[119.5349,31.2262],[119.5344,31.2344],[119.5245,31.2385],[119.5219,31.2446],[119.5221,31.2537],[119.5281,31.2612],[119.5258,31.2706],[119.5323,31.2776],[119.5266,31.2814],[119.5281,31.2968],[119.5216,31.3007],[119.514,31.3152],[119.5265,31.3363],[119.5231,31.3474],[119.5219,31.362],[119.527,31.3775],[119.5351,31.3864],[119.5386,31.4002],[119.5323,31.4048],[119.532,31.4111],[119.5387,31.4143],[119.5469,31.4138],[119.5489,31.4175],[119.5498,31.4364],[119.5707,31.4334],[119.5804,31.4363],[119.5853,31.4435],[119.5838,31.4482],[119.587,31.4655],[119.5746,31.4663],[119.5657,31.4639],[119.5633,31.474],[119.5674,31.4823],[119.5675,31.4888],[119.5614,31.4958],[119.5627,31.5068],[119.5703,31.5093],[119.5775,31.5049],[119.5902,31.5367],[119.5964,31.5412],[119.6034,31.5558],[119.6138,31.5642],[119.6258,31.5624],[119.6249,31.5688],[119.6382,31.5775],[119.6395,31.5954],[119.6353,31.6012],[119.6372,31.6061],[119.6547,31.6125],[119.664,31.6135],[119.6713,31.6114],[119.6844,31.6032],[119.6938,31.58],[119.7024,31.5767],[119.7026,31.5665],[119.7101,31.558],[119.7163,31.5588],[119.7213,31.5634],[119.7296,31.5646],[119.8143,31.5403],[119.824,31.5323],[119.8391,31.5296],[119.8576,31.5455],[119.8687,31.553],[119.8765,31.554],[119.8856,31.5488],[119.9072,31.5502],[119.9238,31.5536],[119.9306,31.5573],[119.9405,31.5451],[119.9557,31.5435],[119.9686,31.5337],[119.9734,31.5178],[119.9775,31.5109],[119.9885,31.5034],[119.997,31.5083],[120.0012,31.5057],[120.0115,31.5075],[120.0131,31.5023],[120.0267,31.4989],[120.0324,31.5002],[120.0409,31.4899],[120.0365,31.4857],[120.0428,31.4813],[120.0372,31.44],[120.0345,31.4257],[120.024,31.3823],[120.0246,31.3739],[120.029,31.3646],[120.0414,31.3498],[120.0598,31.3411],[120.0839,31.333],[120.0939,31.3375],[120.0936,31.346],[120.0891,31.3529],[120.0763,31.3547],[120.0437,31.3635],[120.0378,31.3693],[120.037,31.3745],[120.0398,31.3925],[120.0448,31.4135],[120.0538,31.4418],[120.0592,31.447],[120.0783,31.4543],[120.0856,31.4545],[120.1052,31.4631],[120.1013,31.4711],[120.1024,31.48],[120.1099,31.4916],[120.1249,31.5064],[120.1151,31.5171],[120.1087,31.5199],[120.1029,31.514],[120.0967,31.5184],[120.099,31.5242],[120.0958,31.5354],[120.098,31.5422],[120.0926,31.5505],[120.0808,31.5527],[120.0741,31.5566],[120.0636,31.5547],[120.0536,31.5611],[120.0513,31.5651],[120.0546,31.5746],[120.0505,31.5785],[120.0579,31.5827],[120.0579,31.5892],[120.0667,31.5939],[120.0687,31.6077],[120.1008,31.6268],[120.1028,31.6339],[120.1123,31.633],[120.1182,31.6444],[120.1195,31.6552],[120.1239,31.6549],[120.1197,31.6772],[120.1226,31.6859],[120.1396,31.6773],[120.1462,31.6864],[120.1382,31.6913],[120.142,31.702],[120.1514,31.7045],[120.1497,31.7121],[120.1566,31.7199],[120.1503,31.7289],[120.1529,31.7325],[120.151,31.7416],[120.1509,31.7595],[120.1606,31.7634],[120.1688,31.7616],[120.1726,31.7556],[120.1792,31.7517],[120.1961,31.7556],[120.198,31.7648],[120.1893,31.7684],[120.1927,31.7725],[120.1911,31.7786],[120.1844,31.7781],[120.1765,31.7962],[120.1684,31.8036],[120.1769,31.8156],[120.1666,31.8181],[120.1688,31.8244],[120.1601,31.8281],[120.1588,31.835],[120.1695,31.8441],[120.1761,31.8532],[120.1807,31.8631],[120.1751,31.8688],[120.1676,31.8717],[120.1543,31.8698],[120.1479,31.8719],[120.1417,31.8616],[120.1289,31.8594],[120.1194,31.8621],[120.1111,31.8564],[120.0978,31.857],[120.0802,31.8551],[120.0772,31.8494],[120.0507,31.8353],[120.0366,31.8241],[120.03,31.8244],[120.0214,31.8341],[120.0152,31.8245],[119.9976,31.83],[120.0006,31.8392],[119.9957,31.8476],[119.9877,31.852],[119.99,31.8588],[120.0001,31.8607],[120.0083,31.8737],[120.0108,31.8824],[119.9939,31.8967],[119.9986,31.8986],[119.9976,31.9074],[120.005,31.916],[120.0134,31.9171],[120.0143,31.9231],[120.0045,31.9321],[120.0018,31.9382],[120.0027,31.9496],[120.0143,31.9731],[120.0042,31.9812],[119.993,31.9935],[119.9791,32.0061],[119.9648,32.0164],[119.952,32.0101],[119.9503,32.0044],[119.9282,32.0067],[119.9152,32.0058],[119.9102,32.0074],[119.9017,32.0163],[119.8913,32.0415],[119.8932,32.0489],[119.8859,32.0498],[119.8776,32.0417],[119.8689,32.0509],[119.8641,32.061],[119.8543,32.0544],[119.8451,32.0609],[119.8395,32.0619],[119.8345,32.0563],[119.8212,32.0543],[119.8172,32.0571],[119.7948,32.0572],[119.7883,32.0491],[119.775,32.0195],[119.7799,32.0135],[119.7736,32.0093],[119.7747,31.9933],[119.7722,31.9922],[119.768,31.9747],[119.7697,31.9731],[119.7641,31.9531],[119.7722,31.949],[119.7714,31.9406],[119.7783,31.9379],[119.7805,31.9317],[119.777,31.9229],[119.7783,31.905],[119.7676,31.9037],[119.7545,31.8891],[119.7486,31.8857],[119.7613,31.8718],[119.7578,31.8621],[119.7655,31.8499],[119.7732,31.8505],[119.7796,31.8556],[119.7927,31.8562],[119.8067,31.8543],[119.7933,31.8329],[119.7873,31.8306],[119.7891,31.8233],[119.781,31.8205],[119.7836,31.8139],[119.7781,31.8101],[119.7645,31.8105],[119.7601,31.8086],[119.7539,31.7879],[119.7477,31.7874],[119.7478,31.7813],[119.7352,31.7734],[119.7322,31.768],[119.7337,31.76],[119.7302,31.7523],[119.7293,31.743],[119.7388,31.7324],[119.7295,31.7324],[119.7155,31.7386],[119.7028,31.7416],[119.7021,31.7521],[119.6907,31.7567],[119.6881,31.7691],[119.6818,31.7722],[119.6596,31.7761],[119.654,31.7745],[119.647,31.7792],[119.639,31.7933],[119.6289,31.8044],[119.6232,31.8053],[119.6204,31.7992],[119.6064,31.8009],[119.5991,31.8098],[119.5984,31.8198],[119.5938,31.8331],[119.5869,31.8341],[119.5842,31.8508],[119.5761,31.8476],[119.5708,31.8489],[119.568,31.8565],[119.5479,31.8584],[119.5292,31.8561],[119.5233,31.857],[119.5043,31.8537],[119.4918,31.8592],[119.4705,31.8739],[119.4633,31.8735],[119.456,31.8858],[119.4477,31.8887],[119.439,31.885],[119.4344,31.8786],[119.4177,31.8736],[119.4214,31.8702],[119.4116,31.8619],[119.4143,31.8538],[119.425,31.853],[119.4299,31.8369],[119.4375,31.8316],[119.4303,31.8276],[119.4268,31.8335],[119.4146,31.832],[119.41,31.8351],[119.4022,31.8345],[119.3892,31.8374],[119.3909,31.8419],[119.3821,31.8475],[119.3668,31.8506],[119.3602,31.8601],[119.332,31.8591],[119.3242,31.8505],[119.3257,31.8383],[119.3163,31.829],[119.3097,31.8152],[119.3121,31.8121],[119.3078,31.8013],[119.315,31.7993],[119.3129,31.7849],[119.3087,31.7793],[119.3031,31.7784],[119.2994,31.7604],[119.3074,31.7423],[119.3005,31.7376],[119.3133,31.731],[119.3201,31.7351],[119.3263,31.7293],[119.3254,31.7255],[119.3176,31.7236],[119.315,31.7191],[119.3185,31.7098],[119.3247,31.7064],[119.3194,31.6954],[119.3194,31.6909],[119.3099,31.6764],[119.2915,31.6552],[119.2858,31.6541],[119.2805,31.6476],[119.2703,31.6425],[119.2641,31.6367],[119.2577,31.6373],[119.2304,31.627],[119.2264,31.621],[119.2266,31.6152],[119.2203,31.6063],[119.2106,31.5861],[119.213,31.5804],[119.2092,31.5715],[119.2001,31.5655],[119.2002,31.5608],[119.1928,31.5533],[119.1798,31.5521],[119.1781,31.542],[119.1748,31.5383],[119.1758,31.5295],[119.1936,31.5329],[119.1942,31.5265],[119.18,31.5034],[119.1618,31.4963],[119.1523,31.4967],[119.1418,31.4884],[119.1515,31.4824],[119.1508,31.4719],[119.1417,31.4565],[119.1349,31.449],[119.147,31.4409],[119.1587,31.4426],[119.1635,31.4341],[119.1581,31.4279],[119.1627,31.4245],[119.166,31.4141],[119.1633,31.4107],[119.1659,31.4016],[119.1633,31.3997],[119.1697,31.3851],[119.1804,31.3834],[119.1917,31.3762],[119.1967,31.3694],[119.2002,31.3604],[119.2094,31.3564],[119.2128,31.3508],[119.2028,31.3435],[119.193,31.3323],[119.1881,31.3212],[119.1899,31.3113],[119.1838,31.31],[119.1806,31.3035]]]},"properties":{"region_code":"CN-32-3204","parent_region_code":"CN-32","name":"常州市","level":"prefecture","has_children":true,"full_path":"中国 / 江苏省 / 常州市","source_admin_code":"3204","osm_relation_id":3429666}},
{"type":"Feature","geometry":{"type":"Polygon","coordinates":[[[119.9162,31.1738],[119.9166,31.1659],[119.9204,31.16],[119.9335,31.1488],[119.9365,31.1442],[119.9367,31.1315],[119.9434,31.113],[119.9426,31.1087],[119.9476,31.1006],[119.9558,31.0918],[119.9661,31.0748],[119.9813,31.0611],[119.9855,31.0475],[119.9899,31.0399],[119.9899,31.0347],[120.0122,31.0207],[120.0263,31.015],[120.0483,31.0081],[120.0679,30.9905],[120.0817,30.9815],[120.0978,30.9662],[120.1015,30.9679],[120.1113,30.9564],[120.1311,30.9447],[120.1356,30.9454],[120.1446,30.94],[120.1848,30.9346],[120.1934,30.9311],[120.1991,30.9323],[120.2179,30.9295],[120.2508,30.9291],[120.2702,30.9306],[120.3111,30.9358],[120.3259,30.9401],[120.3427,30.9435],[120.3611,30.9498],[120.3687,30.9488],[120.3649,30.9419],[120.3532,30.9344],[120.3597,30.925],[120.3521,30.9212],[120.3548,30.9163],[120.3513,30.9092],[120.3545,30.9011],[120.3552,30.8868],[120.3607,30.8823],[120.3727,30.8879],[120.3748,30.8927],[120.3889,30.8927],[120.4007,30.898],[120.4182,30.9036],[120.4129,30.9269],[120.4289,30.9266],[120.4329,30.916],[120.428,30.9133],[120.4297,30.9056],[120.4337,30.9008],[120.4309,30.8918],[120.4362,30.8861],[120.4408,30.8767],[120.4485,30.8703],[120.4376,30.8622],[120.4383,30.855],[120.4498,30.8523],[120.4503,30.8453],[120.4547,30.8421],[120.4561,30.8299],[120.4524,30.8264],[120.454,30.8177],[120.4582,30.8176],[120.4609,30.8085],[120.4722,30.8083],[120.4718,30.7889],[120.4824,30.772],[120.4847,30.7659],[120.5009,30.7609],[120.5136,30.7753],[120.5498,30.826],[120.5524,30.8349],[120.5583,30.8369],[120.5768,30.8479],[120.5818,30.8573],[120.5996,30.8513],[120.6142,30.853],[120.6221,30.8585],[120.6322,30.8564],[120.6378,30.8579],[120.6455,30.8531],[120.6509,30.8581],[120.6536,30.8652],[120.666,30.8697],[120.668,30.8788],[120.6804,30.8838],[120.6867,30.8727],[120.6971,30.8709],[120.698,30.8792],[120.6944,30.8843],[120.7073,30.8871],[120.7086,30.8925],[120.7055,30.9089],[120.7082,30.9205],[120.7063,30.9321],[120.7022,30.9419],[120.692,30.9528],[120.6784,30.958],[120.6831,30.9651],[120.6936,30.9722],[120.6983,30.9668],[120.7119,30.9726],[120.7248,30.9734],[120.7414,30.9653],[120.7555,30.978],[120.7655,30.9804],[120.7624,30.993],[120.7695,31.0035],[120.8031,31.0084],[120.8181,31.0081],[120.8349,31.0023],[120.8384,30.9943],[120.8429,30.9922],[120.8498,30.9956],[120.8544,30.9921],[120.8631,30.9933],[120.889,31.008],[120.893,31.0197],[120.8973,31.0197],[120.8974,31.0377],[120.8909,31.0541],[120.8907,31.0601],[120.8973,31.0862],[120.892,31.0889],[120.8873,31.0967],[120.8736,31.0977],[120.8723,31.1023],[120.8602,31.101],[120.8549,31.1027],[120.8509,31.1091],[120.8645,31.1195],[120.8673,31.1276],[120.8762,31.137],[120.8944,31.1384],[120.9007,31.1366],[120.9122,31.1385],[120.9255,31.1437],[120.9468,31.1408],[120.9791,31.1339],[120.9866,31.1353],[121.014,31.1363],[121.0176,31.1427],[121.0286,31.1443],[121.0361,31.1397],[121.0404,31.1478],[121.0365,31.1514],[121.0446,31.1564],[121.0508,31.1545],[121.0679,31.156],[121.0723,31.1667],[121.0666,31.1883],[121.0581,31.2265],[121.0601,31.2293],[121.0564,31.2485],[121.0575,31.27],[121.0756,31.2719],[121.0767,31.2804],[121.082,31.2936],[121.0906,31.2882],[121.0942,31.2782],[121.101,31.2769],[121.1117,31.2878],[121.1166,31.2874],[121.1387,31.277],[121.1461,31.2775],[121.1566,31.2857],[121.1544,31.2899],[121.1466,31.2938],[121.1464,31.3018],[121.139,31.3118],[121.1344,31.305],[121.1255,31.3046],[121.122,31.3204],[121.1284,31.3277],[121.125,31.3378],[121.1256,31.3462],[121.1132,31.3455],[121.1122,31.3539],[121.1042,31.353],[121.102,31.3663],[121.1136,31.3698],[121.109,31.3761],[121.1186,31.3803],[121.1223,31.3794],[121.1435,31.3874],[121.1422,31.3916],[121.1454,31.4042],[121.1536,31.4104],[121.1432,31.4232],[121.1598,31.4314],[121.1457,31.4364],[121.1416,31.441],[121.1428,31.4459],[121.1564,31.4518],[121.1694,31.4513],[121.181,31.4563],[121.181,31.4626],[121.1902,31.4699],[121.1976,31.4717],[121.2033,31.4782],[121.2103,31.4809],[121.2137,31.4772],[121.2217,31.479],[121.23,31.4946],[121.2366,31.4931],[121.2428,31.4789],[121.2527,31.4798],[121.2633,31.4856],[121.2718,31.4872],[121.2807,31.4922],[121.2938,31.4933],[121.2965,31.5035],[121.302,31.5074],[121.3122,31.5077],[121.3153,31.5027],[121.3248,31.506],[121.3829,31.5459],[121.3614,31.5596],[121.3272,31.58],[121.3208,31.5823],[121.2584,31.6497],[121.2331,31.6697],[121.124,31.741],[121.096,31.7655],[121.0702,31.7792],[121.0499,31.7849],[120.9927,31.7855],[120.9559,31.7913],[120.9421,31.7956],[120.9015,31.8154],[120.8836,31.8331],[120.8676,31.8565],[120.8437,31.8969],[120.8238,31.9337],[120.8044,31.9661],[120.8035,31.973],[120.7897,31.9926],[120.7801,31.9994],[120.7688,32.0024],[120.7408,32.0062],[120.7046,32.0029],[120.6531,31.9972],[120.6333,31.9976],[120.6124,32.0009],[120.5938,32.0027],[120.5607,32.0093],[120.5431,32.015],[120.5391,32.0167],[120.532,32.0265],[120.5009,32.0422],[120.4884,32.0444],[120.4665,32.0457],[120.4526,32.0439],[120.3959,32.0176],[120.3836,32.0093],[120.3653,31.9927],[120.3653,31.9636],[120.3696,31.9406],[120.3836,31.9369],[120.3846,31.9275],[120.3764,31.9217],[120.3745,31.9155],[120.3847,31.9105],[120.3977,31.9091],[120.4167,31.9017],[120.4467,31.8936],[120.4594,31.8929],[120.4633,31.8877],[120.4622,31.8788],[120.4763,31.879],[120.4855,31.8752],[120.4922,31.8588],[120.5037,31.8473],[120.5128,31.8428],[120.5106,31.8383],[120.5259,31.8335],[120.5231,31.8248],[120.5273,31.8209],[120.5243,31.8146],[120.5171,31.8124],[120.5191,31.8004],[120.5288,31.7944],[120.5295,31.7903],[120.5375,31.7896],[120.5511,31.7961],[120.5556,31.7886],[120.5666,31.7959],[120.5793,31.7858],[120.5843,31.7754],[120.5845,31.7687],[120.5913,31.7626],[120.5956,31.7474],[120.5907,31.7405],[120.5828,31.7389],[120.5759,31.7289],[120.5773,31.7217],[120.5836,31.7175],[120.5951,31.7133],[120.5807,31.695],[120.5681,31.6919],[120.5593,31.6833],[120.5628,31.6742],[120.5649,31.6624],[120.5602,31.6585],[120.5789,31.6525],[120.5883,31.6541],[120.5929,31.647],[120.5883,31.6408],[120.591,31.6342],[120.5866,31.6284],[120.5932,31.6239],[120.5947,31.6176],[120.5867,31.6137],[120.5686,31.6172],[120.5694,31.6134],[120.5613,31.6097],[120.5634,31.605],[120.5524,31.6033],[120.5495,31.6067],[120.5393,31.6076],[120.5413,31.5789],[120.5556,31.5764],[120.5654,31.5797],[120.5663,31.5877],[120.5782,31.5874],[120.591,31.5775],[120.5954,31.5506],[120.5984,31.5485],[120.5972,31.5404],[120.6005,31.5283],[120.5972,31.5206],[120.5906,31.5183],[120.5872,31.533],[120.5698,31.5195],[120.5637,31.5131],[120.5507,31.5121],[120.5403,31.4916],[120.5481,31.487],[120.55,31.48],[120.5384,31.4716],[120.5286,31.4693],[120.5186,31.4698],[120.5127,31.4673],[120.5095,31.4608],[120.4962,31.4589],[120.4915,31.4529],[120.4775,31.4512],[120.4669,31.4481],[120.4527,31.4477],[120.4269,31.4504],[120.4204,31.4478],[120.4138,31.45],[120.2828,31.3835],[120.232,31.3569],[120.2307,31.3539],[120.1411,31.3026],[120.0264,31.2369],[119.9162,31.1738]]]},"properties":{"region_code":"CN-32-3205","parent_region_code":"CN-32","name":"苏州市","level":"prefecture","has_children":true,"full_path":"中国 / 江苏省 / 苏州市","source_admin_code":"3205","osm_relation_id":4430941}},
{"type":"Feature","geometry":{"type":"Polygon","coordinates":[[[121.096,31.7655],[121.1028,31.7685],[121.1347,31.7883],[121.1517,31.8019],[121.1713,31.8198],[121.2204,31.8481],[121.2812,31.8703],[121.2904,31.872],[121.3055,31.8714],[121.328,31.863],[121.3696,31.8437],[121.3815,31.8351],[121.4008,31.8116],[121.4065,31.8085],[121.4117,31.7993],[121.4062,31.7973],[121.4126,31.7865],[121.4259,31.7721],[121.4427,31.7659],[121.4469,31.7631],[121.4622,31.7596],[121.4949,31.7552],[121.5106,31.7449],[121.5246,31.7417],[121.5466,31.7305],[121.5604,31.7196],[121.575,31.7132],[121.5891,31.7091],[121.5977,31.7092],[121.6072,31.7066],[121.6331,31.6965],[121.6406,31.6978],[121.8109,31.6464],[121.8741,31.6341],[121.9228,31.682],[122.0197,31.7019],[122.3845,31.7019],[122.1979,32.2049],[122.1578,32.3109],[121.9492,32.8583],[121.7005,32.8583],[121.4191,32.8583],[121.4164,32.7679],[121.1363,32.6226],[121.0714,32.6327],[121.01,32.666],[120.9668,32.6517],[120.9618,32.6516],[120.9386,32.6458],[120.9369,32.647],[120.8913,32.6338],[120.8588,32.6325],[120.8592,32.6208],[120.8466,32.6204],[120.8469,32.609],[120.8531,32.6143],[120.8613,32.6095],[120.8469,32.606],[120.8335,32.6086],[120.827,32.5993],[120.8128,32.5943],[120.8031,32.5859],[120.789,32.5811],[120.7877,32.5833],[120.7887,32.6041],[120.7732,32.6038],[120.7635,32.6078],[120.7601,32.6047],[120.7391,32.6038],[120.7352,32.6004],[120.7358,32.5901],[120.7257,32.5872],[120.7253,32.5941],[120.7153,32.5937],[120.7159,32.603],[120.7044,32.6059],[120.6791,32.5996],[120.6659,32.5882],[120.6585,32.5756],[120.6477,32.5764],[120.6443,32.5922],[120.6531,32.5961],[120.6507,32.6067],[120.6397,32.6179],[120.634,32.615],[120.6245,32.6177],[120.6135,32.6046],[120.609,32.6079],[120.6163,32.6296],[120.6074,32.6359],[120.6055,32.6424],[120.596,32.6521],[120.588,32.6476],[120.5807,32.6397],[120.5685,32.6378],[120.5667,32.6401],[120.5473,32.6369],[120.5377,32.6338],[120.5327,32.6375],[120.5184,32.6364],[120.5094,32.6384],[120.5018,32.6441],[120.4914,32.6424],[120.493,32.6251],[120.4837,32.6282],[120.4805,32.6333],[120.4532,32.6342],[120.4379,32.6322],[120.4384,32.6395],[120.4426,32.6423],[120.4319,32.65],[120.426,32.6776],[120.4141,32.6802],[120.4041,32.6907],[120.3925,32.6895],[120.3841,32.6933],[120.3863,32.7072],[120.3832,32.7112],[120.3727,32.7143],[120.366,32.7072],[120.3286,32.7066],[120.3138,32.7009],[120.3122,32.7075],[120.3028,32.7024],[120.2868,32.6897],[120.2736,32.6819],[120.2456,32.6821],[120.2421,32.6766],[120.2314,32.6748],[120.227,32.6795],[120.2198,32.6783],[120.2189,32.6605],[120.2231,32.6514],[120.2156,32.6513],[120.2163,32.6373],[120.2083,32.6294],[120.203,32.6109],[120.1972,32.6034],[120.2024,32.5931],[120.21,32.5908],[120.2185,32.5843],[120.2236,32.5897],[120.2443,32.5971],[120.2541,32.5933],[120.253,32.5871],[120.2569,32.5773],[120.255,32.5725],[120.2576,32.5641],[120.265,32.5511],[120.2608,32.5345],[120.2583,32.5187],[120.2597,32.5094],[120.254,32.5031],[120.253,32.4948],[120.2598,32.4892],[120.2671,32.4736],[120.2673,32.4609],[120.2705,32.4409],[120.2759,32.4333],[120.2754,32.4228],[120.2789,32.4025],[120.2835,32.3912],[120.2785,32.382],[120.2843,32.3727],[120.2968,32.3745],[120.3043,32.3638],[120.3169,32.3702],[120.3458,32.3799],[120.3472,32.3702],[120.3523,32.3684],[120.3497,32.3595],[120.3427,32.3581],[120.3444,32.3506],[120.3403,32.343],[120.3453,32.3371],[120.3492,32.3256],[120.3599,32.3175],[120.3609,32.3126],[120.3517,32.3045],[120.3443,32.3021],[120.3473,32.293],[120.3449,32.2787],[120.3465,32.2715],[120.3421,32.2692],[120.3452,32.2575],[120.3423,32.2522],[120.3491,32.2443],[120.3567,32.2424],[120.3656,32.2312],[120.3661,32.2146],[120.356,32.2031],[120.3566,32.1986],[120.3454,32.1822],[120.3405,32.1705],[120.3446,32.166],[120.3407,32.1603],[120.3493,32.1509],[120.3527,32.1422],[120.3514,32.1327],[120.3713,32.1296],[120.3869,32.1301],[120.3952,32.1253],[120.4069,32.1266],[120.4316,32.1251],[120.4432,32.1191],[120.478,32.1056],[120.5058,32.0959],[120.515,32.075],[120.5131,32.0637],[120.5249,32.0589],[120.5434,32.0563],[120.5413,32.043],[120.5532,32.0355],[120.5431,32.015],[120.5607,32.0093],[120.5938,32.0027],[120.6124,32.0009],[120.6333,31.9976],[120.6531,31.9972],[120.7046,32.0029],[120.7408,32.0062],[120.7688,32.0024],[120.7801,31.9994],[120.7897,31.9926],[120.8035,31.973],[120.8044,31.9661],[120.8238,31.9337],[120.8437,31.8969],[120.8676,31.8565],[120.8836,31.8331],[120.9015,31.8154],[120.9421,31.7956],[120.9559,31.7913],[120.9927,31.7855],[121.0499,31.7849],[121.0702,31.7792],[121.096,31.7655]]]},"properties":{"region_code":"CN-32-3206","parent_region_code":"CN-32","name":"南通市","level":"prefecture","has_children":true,"full_path":"中国 / 江苏省 / 南通市","source_admin_code":"3206","osm_relation_id":4430899}},
{"type":"Feature","geometry":{"type":"MultiPolygon","coordinates":[[[[119.8027,34.9828],[119.8157,34.9818],[119.9065,35.0021],[119.9303,35.1416],[119.9224,35.147],[119.9013,35.1446],[119.8012,34.9869],[119.8027,34.9828]]],[[[118.6392,34.3578],[118.6505,34.3531],[118.6569,34.3453],[118.6752,34.3403],[118.681,34.3476],[118.6996,34.3429],[118.7019,34.3365],[118.7141,34.3363],[118.7246,34.3311],[118.7302,34.325],[118.7457,34.331],[118.7564,34.3212],[118.7554,34.3136],[118.7801,34.3128],[118.7852,34.3212],[118.7936,34.3275],[118.7982,34.3379],[118.8049,34.3381],[118.8036,34.3461],[118.806,34.3541],[118.8031,34.3594],[118.8161,34.3615],[118.8243,34.3587],[118.8258,34.3665],[118.8364,34.3706],[118.8599,34.3674],[118.8695,34.3691],[118.9059,34.3697],[118.9055,34.3788],[118.9206,34.3774],[118.9227,34.374],[118.9386,34.3782],[118.9486,34.3673],[118.948,34.3525],[118.9543,34.3516],[118.9565,34.3623],[118.9714,34.3746],[118.9762,34.3818],[118.9891,34.3912],[118.9893,34.4044],[118.9955,34.4069],[119.0099,34.4076],[119.02,34.4011],[119.0297,34.4009],[119.0325,34.404],[119.0366,34.4218],[119.0435,34.4185],[119.056,34.4171],[119.0555,34.4212],[119.0838,34.4219],[119.0812,34.4108],[119.0597,34.4101],[119.057,34.3981],[119.0525,34.3907],[119.0492,34.3772],[119.0511,34.3528],[119.0529,34.3478],[119.0622,34.346],[119.0626,34.3385],[119.0675,34.3324],[119.0705,34.3224],[119.0771,34.3128],[119.0752,34.302],[119.066,34.2996],[119.0663,34.2898],[119.071,34.2874],[119.0673,34.2699],[119.0738,34.265],[119.085,34.2634],[119.0885,34.2559],[119.0859,34.2515],[119.0856,34.2413],[119.0894,34.2384],[119.0929,34.2212],[119.0928,34.2055],[119.108,34.2031],[119.1081,34.2073],[119.1255,34.2069],[119.1283,34.1997],[119.1348,34.1985],[119.1343,34.1894],[119.1276,34.1882],[119.1269,34.1813],[119.1409,34.1757],[119.1367,34.1626],[119.1404,34.1604],[119.1305,34.1507],[119.1201,34.145],[119.1288,34.1414],[119.135,34.1347],[119.1463,34.137],[119.1639,34.1299],[119.1706,34.1203],[119.1597,34.1065],[119.1642,34.1036],[119.169,34.0946],[119.1825,34.0958],[119.1885,34.0937],[119.1942,34.0756],[119.2106,34.061],[119.2235,34.06],[119.2328,34.0479],[119.2393,34.0477],[119.2414,34.04],[119.2489,34.04],[119.2591,34.0369],[119.2717,34.04],[119.2846,34.0491],[119.2971,34.051],[119.3013,34.0488],[119.3027,34.0372],[119.3183,34.0358],[119.3277,34.0298],[119.3408,34.0339],[119.3674,34.0376],[119.3807,34.035],[119.3834,34.0422],[119.392,34.0446],[119.3988,34.0282],[119.4061,34.0246],[119.4084,34.0186],[119.4051,34.0108],[119.4103,34.0055],[119.4284,34.0077],[119.4275,34.0012],[119.4344,33.9915],[119.4438,33.99],[119.4546,33.9926],[119.4823,34.0107],[119.4929,34.0141],[119.4999,34.0191],[119.511,34.022],[119.5191,34.0291],[119.5176,34.037],[119.5224,34.0382],[119.5403,34.0343],[119.5388,34.0272],[119.5436,34.0222],[119.5534,34.025],[119.5647,34.0244],[119.5649,34.0352],[119.5498,34.0613],[119.5603,34.0716],[119.5712,34.0713],[119.5806,34.0794],[119.5774,34.0956],[119.5709,34.102],[119.5552,34.1015],[119.5473,34.1161],[119.533,34.1109],[119.5203,34.1281],[119.5154,34.1373],[119.522,34.1431],[119.5297,34.1563],[119.5218,34.1662],[119.508,34.1628],[119.5017,34.1658],[119.4974,34.1731],[119.5189,34.1829],[119.5308,34.1905],[119.5362,34.198],[119.5479,34.2086],[119.5592,34.2071],[119.5739,34.2116],[119.5844,34.2201],[119.6033,34.2291],[119.6328,34.2484],[119.6532,34.2545],[119.6606,34.2583],[119.6962,34.2818],[119.7111,34.2928],[119.7209,34.3034],[119.7332,34.3085],[119.7392,34.3228],[119.7487,34.3274],[119.7509,34.3334],[119.7475,34.3437],[119.7506,34.3497],[119.7664,34.3552],[119.7704,34.3584],[119.7739,34.3683],[119.7799,34.373],[119.7926,34.376],[119.7997,34.3833],[119.7975,34.3879],[119.7855,34.4012],[119.7829,34.4137],[119.7909,34.4272],[119.7941,34.4391],[119.7894,34.4541],[119.8035,34.4513],[119.8064,34.4641],[119.8154,34.4638],[119.8192,34.4703],[119.8782,34.5321],[119.6988,34.6677],[119.7438,34.9783],[119.3099,35.0255],[119.2977,35.0858],[119.2938,35.0973],[119.2899,35.1005],[119.2857,35.1117],[119.2613,35.1179],[119.2403,35.1265],[119.2347,35.126],[119.2304,35.1176],[119.2192,35.1149],[119.2196,35.1091],[119.2052,35.1093],[119.1996,35.1125],[119.1882,35.1119],[119.1769,35.108],[119.1635,35.1079],[119.1582,35.1004],[119.1465,35.1016],[119.1269,35.097],[119.1322,35.0907],[119.1298,35.0825],[119.1216,35.0734],[119.1164,35.073],[119.1154,35.0656],[119.1208,35.055],[119.1102,35.0506],[119.0984,35.0518],[119.0899,35.0569],[119.0756,35.056],[119.0659,35.0575],[119.0614,35.0523],[119.0503,35.0521],[119.0435,35.0494],[119.0288,35.053],[119.0247,35.0566],[119.0147,35.0538],[118.9945,35.0531],[118.9922,35.0488],[118.9839,35.0463],[118.9824,35.0524],[118.9673,35.0473],[118.9613,35.0497],[118.9557,35.0453],[118.9416,35.0471],[118.9327,35.0458],[118.9207,35.0525],[118.9066,35.0449],[118.8943,35.0436],[118.8821,35.035],[118.8599,35.032],[118.8547,35.0247],[118.8591,35.0097],[118.8661,34.9965],[118.8578,34.9885],[118.8571,34.9816],[118.851,34.9684],[118.8593,34.9524],[118.8529,34.939],[118.8571,34.9291],[118.8487,34.927],[118.8401,34.9293],[118.8295,34.9183],[118.8263,34.9173],[118.8137,34.9039],[118.8112,34.8895],[118.8009,34.8851],[118.7965,34.8755],[118.8007,34.8704],[118.7957,34.8606],[118.802,34.8553],[118.7991,34.8477],[118.7925,34.8442],[118.7831,34.8491],[118.7822,34.8545],[118.7681,34.8479],[118.7599,34.8518],[118.7561,34.8419],[118.7672,34.8443],[118.7629,34.8355],[118.7776,34.8347],[118.7807,34.8282],[118.7717,34.8208],[118.7728,34.8158],[118.7686,34.8065],[118.7691,34.7979],[118.7605,34.7907],[118.7507,34.79],[118.7379,34.7933],[118.7255,34.7915],[118.7302,34.7824],[118.7366,34.7827],[118.7343,34.768],[118.7269,34.7709],[118.7103,34.7648],[118.7091,34.7617],[118.7135,34.7463],[118.7217,34.7478],[118.7352,34.7347],[118.7497,34.7387],[118.7551,34.7471],[118.7658,34.7375],[118.7704,34.7307],[118.7717,34.7236],[118.7653,34.7201],[118.7667,34.7157],[118.7578,34.7126],[118.7569,34.7059],[118.749,34.705],[118.7394,34.6987],[118.7238,34.6954],[118.7073,34.694],[118.6968,34.6849],[118.6882,34.6836],[118.6819,34.6797],[118.6744,34.6795],[118.6712,34.6876],[118.6717,34.6981],[118.6578,34.7001],[118.6472,34.6965],[118.6419,34.6981],[118.6349,34.6941],[118.6346,34.6893],[118.6291,34.6843],[118.6198,34.6924],[118.5993,34.692],[118.5986,34.7022],[118.6029,34.7111],[118.5876,34.7197],[118.5838,34.716],[118.5511,34.7118],[118.5317,34.7165],[118.5239,34.7153],[118.5187,34.7002],[118.5286,34.6937],[118.5239,34.6878],[118.5027,34.6892],[118.5022,34.683],[118.4954,34.6637],[118.4889,34.6639],[118.4751,34.6748],[118.4627,34.675],[118.4572,34.6681],[118.455,34.6567],[118.46,34.6429],[118.4701,34.6414],[118.4735,34.633],[118.4706,34.6223],[118.4572,34.6255],[118.4537,34.6208],[118.4463,34.6186],[118.4335,34.6262],[118.4266,34.62],[118.4156,34.5972],[118.4189,34.5769],[118.427,34.5558],[118.4259,34.5504],[118.4307,34.5439],[118.4293,34.5202],[118.4115,34.4947],[118.4036,34.466],[118.4009,34.447],[118.3956,34.4262],[118.4033,34.4274],[118.4054,34.4329],[118.4136,34.4261],[118.432,34.4186],[118.4617,34.4147],[118.4765,34.4204],[118.5285,34.4423],[118.5403,34.4384],[118.5623,34.4291],[118.5789,34.4296],[118.5884,34.4381],[118.5903,34.4458],[118.6032,34.4516],[118.6172,34.4463],[118.6244,34.4416],[118.6357,34.4413],[118.6444,34.4361],[118.6519,34.4272],[118.6632,34.4223],[118.6711,34.4121],[118.6688,34.399],[118.6645,34.3913],[118.6556,34.3851],[118.6425,34.384],[118.6366,34.3802],[118.6411,34.3696],[118.6392,34.3578]]]]},"properties":{"region_code":"CN-32-3207","parent_region_code":"CN-32","name":"连云港市","level":"prefecture","has_children":true,"full_path":"中国 / 江苏省 / 连云港市","source_admin_code":"3207","osm_relation_id":3320347}},
{"type":"Feature","geometry":{"type":"Polygon","coordinates":[[[119.169,34.0946],[119.1614,34.0897],[119.1565,34.0799],[119.1527,34.0777],[119.1484,34.0637],[119.1496,34.0586],[119.1428,34.0466],[119.1313,34.038],[119.1236,34.0299],[119.1161,34.0289],[119.106,34.0239],[119.0996,34.018],[119.0798,34.0038],[119.0745,33.9865],[119.0524,33.979],[119.0489,33.9742],[119.0418,33.974],[119.0368,33.9694],[119.0353,33.9624],[119.046,33.9585],[119.044,33.9487],[119.0487,33.9483],[119.0456,33.9376],[119.0391,33.9317],[119.0295,33.93],[119.0275,33.9208],[119.0213,33.9221],[119.0178,33.9109],[119.012,33.9094],[119.0023,33.8978],[118.9917,33.8954],[118.9927,33.9054],[118.9774,33.9117],[118.97,33.9194],[118.9646,33.921],[118.9573,33.9174],[118.947,33.9169],[118.9446,33.9088],[118.9384,33.9097],[118.9303,33.9025],[118.9168,33.9041],[118.9116,33.8974],[118.9027,33.8916],[118.885,33.8872],[118.8803,33.8876],[118.8652,33.8947],[118.8543,33.8832],[118.8231,33.859],[118.8201,33.852],[118.8138,33.8464],[118.8108,33.8372],[118.8047,33.8271],[118.7949,33.8202],[118.7953,33.8084],[118.7977,33.799],[118.8025,33.795],[118.7935,33.7869],[118.7953,33.7847],[118.79,33.7698],[118.8022,33.7681],[118.7972,33.758],[118.7966,33.7405],[118.8031,33.7341],[118.8053,33.7265],[118.8024,33.7127],[118.809,33.7092],[118.8036,33.6963],[118.794,33.6979],[118.7867,33.6681],[118.7921,33.6597],[118.7942,33.6488],[118.7876,33.644],[118.7824,33.6457],[118.7632,33.6406],[118.7508,33.6401],[118.76,33.6161],[118.7689,33.6048],[118.777,33.5917],[118.7994,33.576],[118.7988,33.5677],[118.7945,33.5637],[118.7932,33.5511],[118.783,33.54],[118.7836,33.5183],[118.7821,33.5059],[118.7785,33.4952],[118.7728,33.4904],[118.7753,33.4417],[118.773,33.4148],[118.7719,33.4135],[118.7369,33.397],[118.7208,33.3933],[118.749,33.3599],[118.7503,33.3446],[118.7433,33.3371],[118.629,33.2924],[118.5958,33.2752],[118.4835,33.2273],[118.4541,33.2083],[118.4388,33.2041],[118.4036,33.1927],[118.3743,33.1979],[118.3138,33.2076],[118.2726,33.2082],[118.253,33.2],[118.2442,33.1903],[118.2291,33.1852],[118.2172,33.1777],[118.2183,33.1575],[118.2155,33.1162],[118.2049,33.1134],[118.2041,33.1062],[118.2166,33.1074],[118.2192,33.0988],[118.2199,33.0858],[118.223,33.0738],[118.2095,33.0724],[118.2058,33.0632],[118.2203,33.0612],[118.2277,33.0632],[118.2354,33.0463],[118.2389,33.0273],[118.2378,33.0043],[118.241,32.9933],[118.2512,32.9798],[118.2592,32.9736],[118.2692,32.9709],[118.295,32.971],[118.3044,32.9671],[118.3068,32.961],[118.2992,32.9585],[118.286,32.9487],[118.2497,32.9408],[118.2374,32.9344],[118.2302,32.9264],[118.2284,32.9203],[118.2299,32.8988],[118.2383,32.8761],[118.2407,32.8666],[118.2401,32.8552],[118.2512,32.8535],[118.2609,32.8582],[118.267,32.8573],[118.2815,32.8594],[118.2793,32.852],[118.2904,32.8485],[118.2921,32.8348],[118.3003,32.8179],[118.2995,32.8074],[118.2917,32.8007],[118.2985,32.7824],[118.305,32.7806],[118.3135,32.7819],[118.3213,32.7735],[118.3205,32.7639],[118.3287,32.7636],[118.3349,32.773],[118.3559,32.7741],[118.3653,32.7595],[118.3654,32.7442],[118.3618,32.7408],[118.3609,32.731],[118.3648,32.7208],[118.3753,32.7206],[118.3871,32.7239],[118.3894,32.7204],[118.3995,32.722],[118.4056,32.7187],[118.4186,32.7186],[118.4256,32.7229],[118.4443,32.745],[118.4516,32.7426],[118.4531,32.7325],[118.4565,32.727],[118.4659,32.7239],[118.4771,32.7245],[118.4858,32.7282],[118.4975,32.7248],[118.5082,32.7279],[118.5154,32.7266],[118.5209,32.7303],[118.538,32.7322],[118.5555,32.7327],[118.5686,32.723],[118.6023,32.7298],[118.6059,32.739],[118.6127,32.743],[118.6221,32.7451],[118.6281,32.7431],[118.6332,32.7482],[118.6529,32.7379],[118.6672,32.7346],[118.6757,32.7307],[118.6835,32.7314],[118.7,32.7232],[118.7061,32.7281],[118.7123,32.7256],[118.7325,32.7361],[118.7425,32.7384],[118.7484,32.737],[118.7523,32.7413],[118.7511,32.7509],[118.7462,32.7593],[118.7374,32.7635],[118.7301,32.7742],[118.7328,32.7845],[118.7306,32.7879],[118.7398,32.8039],[118.7402,32.8194],[118.7373,32.8251],[118.7338,32.8539],[118.7423,32.8593],[118.7517,32.8592],[118.7618,32.8546],[118.7719,32.8545],[118.7749,32.8509],[118.787,32.8527],[118.7882,32.8563],[118.8087,32.862],[118.8009,32.8759],[118.8054,32.8777],[118.8092,32.8884],[118.8064,32.9],[118.8076,32.9088],[118.8025,32.9171],[118.8121,32.9227],[118.819,32.9221],[118.8238,32.9177],[118.8318,32.9155],[118.8323,32.9237],[118.8422,32.9244],[118.8434,32.9343],[118.8386,32.9398],[118.8378,32.9457],[118.8436,32.9601],[118.8639,32.9614],[118.8778,32.9594],[118.8817,32.9638],[118.8895,32.9611],[118.8853,32.9531],[118.886,32.9463],[118.8971,32.9434],[118.8998,32.9473],[118.9147,32.9414],[118.9311,32.9392],[118.9353,32.9498],[118.9438,32.9476],[118.9522,32.9512],[118.9609,32.9497],[118.9873,32.9601],[118.9969,32.961],[119.0089,32.9568],[119.0155,32.9583],[119.0202,32.9473],[119.0239,32.9274],[119.0134,32.9268],[119.0099,32.9108],[119.0147,32.9082],[119.0294,32.9097],[119.0394,32.9128],[119.0404,32.8929],[119.0484,32.8817],[119.0481,32.8735],[119.0542,32.8666],[119.0667,32.86],[119.0735,32.8542],[119.0877,32.8364],[119.1016,32.8225],[119.107,32.8206],[119.1262,32.8249],[119.1396,32.8268],[119.1797,32.8292],[119.2488,32.8254],[119.3094,32.8304],[119.3168,32.9857],[119.3201,32.9982],[119.3485,33.0238],[119.3582,33.0435],[119.357,33.0552],[119.3386,33.065],[119.3328,33.0719],[119.3316,33.0833],[119.3148,33.1027],[119.3148,33.121],[119.3074,33.1337],[119.2726,33.1478],[119.26,33.162],[119.2518,33.179],[119.2479,33.1797],[119.2499,33.1634],[119.2369,33.1626],[119.2213,33.1571],[119.2201,33.1636],[119.2236,33.1675],[119.219,33.1842],[119.2135,33.1865],[119.2123,33.2035],[119.1975,33.2045],[119.1955,33.2094],[119.1851,33.2067],[119.178,33.2086],[119.164,33.2024],[119.1585,33.2119],[119.1426,33.2146],[119.1429,33.2567],[119.155,33.2662],[119.1588,33.2869],[119.1899,33.2921],[119.2112,33.2944],[119.2158,33.2977],[119.2327,33.3022],[119.2575,33.3044],[119.2539,33.3106],[119.2433,33.32],[119.2384,33.3333],[119.2275,33.3505],[119.2352,33.3538],[119.2456,33.3539],[119.2989,33.3683],[119.352,33.3708],[119.3688,33.3728],[119.377,33.3796],[119.386,33.3796],[119.3911,33.3751],[119.4149,33.376],[119.4266,33.379],[119.4423,33.3878],[119.445,33.394],[119.4516,33.3959],[119.4536,33.4025],[119.4606,33.4067],[119.4861,33.4057],[119.488,33.4125],[119.4998,33.4106],[119.5045,33.407],[119.5162,33.4086],[119.5189,33.4138],[119.5334,33.4171],[119.5459,33.4112],[119.5627,33.3911],[119.5656,33.3925],[119.5661,33.4062],[119.5723,33.4057],[119.5771,33.4146],[119.5879,33.4212],[119.5793,33.4238],[119.6045,33.4279],[119.609,33.4266],[119.6135,33.4337],[119.6082,33.4367],[119.6127,33.4425],[119.6078,33.4474],[119.6044,33.4565],[119.5965,33.4545],[119.5953,33.4609],[119.5843,33.467],[119.5743,33.4657],[119.5706,33.4767],[119.5541,33.474],[119.5403,33.4883],[119.5351,33.4959],[119.5294,33.4911],[119.522,33.4955],[119.5186,33.5038],[119.5139,33.5037],[119.5042,33.5113],[119.5,33.5186],[119.4925,33.5219],[119.4876,33.5373],[119.4801,33.5424],[119.4739,33.535],[119.4702,33.5421],[119.4769,33.5436],[119.4782,33.55],[119.4867,33.5506],[119.4817,33.5605],[119.4812,33.5669],[119.4766,33.5753],[119.4706,33.5921],[119.4648,33.5993],[119.4636,33.6146],[119.4595,33.6223],[119.4607,33.6368],[119.4539,33.6387],[119.4782,33.651],[119.4901,33.6583],[119.4789,33.6596],[119.4771,33.6656],[119.4867,33.6745],[119.4848,33.6815],[119.4738,33.6899],[119.4768,33.6991],[119.4833,33.704],[119.4952,33.7175],[119.5037,33.7221],[119.5035,33.7409],[119.5127,33.7575],[119.5194,33.7722],[119.5273,33.7774],[119.5313,33.7995],[119.541,33.8056],[119.5382,33.8139],[119.5444,33.8242],[119.5508,33.8299],[119.5545,33.843],[119.5774,33.8578],[119.5935,33.876],[119.6017,33.8793],[119.6128,33.8808],[119.6354,33.8967],[119.6324,33.9003],[119.6353,33.9095],[119.6279,33.9095],[119.6263,33.9144],[119.6375,33.9162],[119.6413,33.9269],[119.6396,33.9421],[119.6365,33.9502],[119.6309,33.954],[119.6249,33.9519],[119.6213,33.946],[119.6147,33.9467],[119.6053,33.9611],[119.5969,33.9646],[119.5892,33.9732],[119.592,33.9785],[119.5981,33.9812],[119.5924,33.9907],[119.5941,33.9978],[119.5798,33.9996],[119.5774,34.0086],[119.5644,34.0061],[119.5659,34.0208],[119.5647,34.0244],[119.5534,34.025],[119.5436,34.0222],[119.5388,34.0272],[119.5403,34.0343],[119.5224,34.0382],[119.5176,34.037],[119.5191,34.0291],[119.511,34.022],[119.4999,34.0191],[119.4929,34.0141],[119.4823,34.0107],[119.4546,33.9926],[119.4438,33.99],[119.4344,33.9915],[119.4275,34.0012],[119.4284,34.0077],[119.4103,34.0055],[119.4051,34.0108],[119.4084,34.0186],[119.4061,34.0246],[119.3988,34.0282],[119.392,34.0446],[119.3834,34.0422],[119.3807,34.035],[119.3674,34.0376],[119.3408,34.0339],[119.3277,34.0298],[119.3183,34.0358],[119.3027,34.0372],[119.3013,34.0488],[119.2971,34.051],[119.2846,34.0491],[119.2717,34.04],[119.2591,34.0369],[119.2489,34.04],[119.2414,34.04],[119.2393,34.0477],[119.2328,34.0479],[119.2235,34.06],[119.2106,34.061],[119.1942,34.0756],[119.1885,34.0937],[119.1825,34.0958],[119.169,34.0946]]]},"properties":{"region_code":"CN-32-3208","parent_region_code":"CN-32","name":"淮安市","level":"prefecture","has_children":true,"full_path":"中国 / 江苏省 / 淮安市","source_admin_code":"3208","osm_relation_id":3429722}},
{"type":"Feature","geometry":{"type":"Polygon","coordinates":[[[121.01,32.666],[120.9914,32.7041],[121.1143,32.7503],[121.2297,32.7541],[121.2424,32.8433],[121.3976,32.9609],[121.4216,32.9439],[121.4191,32.8583],[121.7005,32.8583],[121.9492,32.8583],[121.8664,33.0768],[121.8529,33.1046],[121.8346,33.1304],[121.5407,33.4803],[121.477,33.5538],[121.3678,33.6795],[120.8646,34.2564],[120.4251,34.7571],[119.8782,34.5321],[119.8192,34.4703],[119.8154,34.4638],[119.8064,34.4641],[119.8035,34.4513],[119.7894,34.4541],[119.7941,34.4391],[119.7909,34.4272],[119.7829,34.4137],[119.7855,34.4012],[119.7975,34.3879],[119.7997,34.3833],[119.7926,34.376],[119.7799,34.373],[119.7739,34.3683],[119.7704,34.3584],[119.7664,34.3552],[119.7506,34.3497],[119.7475,34.3437],[119.7509,34.3334],[119.7487,34.3274],[119.7392,34.3228],[119.7332,34.3085],[119.7209,34.3034],[119.7111,34.2928],[119.6962,34.2818],[119.6606,34.2583],[119.6532,34.2545],[119.6328,34.2484],[119.6033,34.2291],[119.5844,34.2201],[119.5739,34.2116],[119.5592,34.2071],[119.5479,34.2086],[119.5362,34.198],[119.5308,34.1905],[119.5189,34.1829],[119.4974,34.1731],[119.5017,34.1658],[119.508,34.1628],[119.5218,34.1662],[119.5297,34.1563],[119.522,34.1431],[119.5154,34.1373],[119.5203,34.1281],[119.533,34.1109],[119.5473,34.1161],[119.5552,34.1015],[119.5709,34.102],[119.5774,34.0956],[119.5806,34.0794],[119.5712,34.0713],[119.5603,34.0716],[119.5498,34.0613],[119.5649,34.0352],[119.5647,34.0244],[119.5659,34.0208],[119.5644,34.0061],[119.5774,34.0086],[119.5798,33.9996],[119.5941,33.9978],[119.5924,33.9907],[119.5981,33.9812],[119.592,33.9785],[119.5892,33.9732],[119.5969,33.9646],[119.6053,33.9611],[119.6147,33.9467],[119.6213,33.946],[119.6249,33.9519],[119.6309,33.954],[119.6365,33.9502],[119.6396,33.9421],[119.6413,33.9269],[119.6375,33.9162],[119.6263,33.9144],[119.6279,33.9095],[119.6353,33.9095],[119.6324,33.9003],[119.6354,33.8967],[119.6128,33.8808],[119.6017,33.8793],[119.5935,33.876],[119.5774,33.8578],[119.5545,33.843],[119.5508,33.8299],[119.5444,33.8242],[119.5382,33.8139],[119.541,33.8056],[119.5313,33.7995],[119.5273,33.7774],[119.5194,33.7722],[119.5127,33.7575],[119.5035,33.7409],[119.5037,33.7221],[119.4952,33.7175],[119.4833,33.704],[119.4768,33.6991],[119.4738,33.6899],[119.4848,33.6815],[119.4867,33.6745],[119.4771,33.6656],[119.4789,33.6596],[119.4901,33.6583],[119.4782,33.651],[119.4539,33.6387],[119.4607,33.6368],[119.4595,33.6223],[119.4636,33.6146],[119.4648,33.5993],[119.4706,33.5921],[119.4766,33.5753],[119.4812,33.5669],[119.4817,33.5605],[119.4867,33.5506],[119.4782,33.55],[119.4769,33.5436],[119.4702,33.5421],[119.4739,33.535],[119.4801,33.5424],[119.4876,33.5373],[119.4925,33.5219],[119.5,33.5186],[119.5042,33.5113],[119.5139,33.5037],[119.5186,33.5038],[119.522,33.4955],[119.5294,33.4911],[119.5351,33.4959],[119.5403,33.4883],[119.5541,33.474],[119.5706,33.4767],[119.5743,33.4657],[119.5843,33.467],[119.5953,33.4609],[119.5965,33.4545],[119.6044,33.4565],[119.6078,33.4474],[119.6127,33.4425],[119.6082,33.4367],[119.6135,33.4337],[119.609,33.4266],[119.6045,33.4279],[119.5793,33.4238],[119.5879,33.4212],[119.5771,33.4146],[119.5723,33.4057],[119.5661,33.4062],[119.5656,33.3925],[119.5627,33.3911],[119.5662,33.3879],[119.5654,33.3785],[119.5798,33.383],[119.5911,33.3803],[119.6008,33.3813],[119.6062,33.3653],[119.6062,33.3598],[119.6119,33.3367],[119.6276,33.3372],[119.6318,33.3265],[119.626,33.3167],[119.6364,33.3121],[119.6364,33.3008],[119.6301,33.2971],[119.637,33.2914],[119.6426,33.2827],[119.6514,33.2813],[119.6546,33.2878],[119.6644,33.2882],[119.677,33.2992],[119.6844,33.2945],[119.6962,33.2959],[119.7043,33.2874],[119.7086,33.2799],[119.7072,33.2708],[119.6995,33.2707],[119.6946,33.2593],[119.6856,33.2454],[119.6794,33.2396],[119.6884,33.2258],[119.7178,33.2185],[119.7176,33.2132],[119.7281,33.213],[119.7235,33.1848],[119.7233,33.1763],[119.7295,33.1732],[119.7443,33.1736],[119.739,33.1636],[119.7403,33.1489],[119.7322,33.1496],[119.743,33.1327],[119.7517,33.134],[119.7602,33.1313],[119.7697,33.1339],[119.7764,33.1391],[119.7833,33.1403],[119.8019,33.1481],[119.8199,33.1467],[119.8212,33.1521],[119.844,33.1562],[119.8637,33.1533],[119.8618,33.1442],[119.8707,33.1415],[119.8769,33.1505],[119.8853,33.1493],[119.8909,33.1521],[119.8986,33.1502],[119.9083,33.1509],[119.9314,33.1572],[119.9758,33.1498],[119.997,33.1602],[119.998,33.1577],[120.019,33.1596],[120.0428,33.1655],[120.0757,33.1833],[120.0894,33.1801],[120.1517,33.1577],[120.1598,33.1561],[120.2085,33.1393],[120.2437,33.1365],[120.252,33.1329],[120.2606,33.1343],[120.2812,33.1334],[120.292,33.1313],[120.2846,33.1066],[120.2875,33.1036],[120.2891,33.0903],[120.2875,33.0827],[120.293,33.075],[120.3016,33.0689],[120.3084,33.0498],[120.3041,33.0263],[120.3051,33.0069],[120.3077,32.9941],[120.3033,32.9821],[120.2943,32.9675],[120.2968,32.961],[120.2821,32.9545],[120.2838,32.9488],[120.2906,32.9466],[120.2864,32.9345],[120.2782,32.929],[120.2601,32.9314],[120.2595,32.9282],[120.2346,32.9296],[120.2329,32.9243],[120.2247,32.9213],[120.2232,32.9155],[120.2152,32.9155],[120.211,32.923],[120.1985,32.9245],[120.1976,32.9322],[120.1742,32.934],[120.1715,32.9273],[120.1779,32.8987],[120.1748,32.8899],[120.1726,32.8762],[120.1853,32.8787],[120.1915,32.8746],[120.193,32.8683],[120.2045,32.8689],[120.2064,32.8552],[120.1895,32.8513],[120.1913,32.843],[120.1867,32.8363],[120.1824,32.8387],[120.1771,32.8337],[120.1805,32.8285],[120.1868,32.8261],[120.1863,32.8168],[120.1797,32.8157],[120.1652,32.8175],[120.1566,32.8136],[120.1572,32.8063],[120.1666,32.8],[120.1607,32.7931],[120.1548,32.7901],[120.1555,32.784],[120.1741,32.7823],[120.1823,32.777],[120.1949,32.7897],[120.2082,32.7913],[120.2142,32.7943],[120.2205,32.791],[120.2236,32.7805],[120.2156,32.7731],[120.2155,32.7668],[120.2087,32.7676],[120.2012,32.7569],[120.198,32.7449],[120.1847,32.7416],[120.1752,32.7436],[120.1758,32.7275],[120.1671,32.7211],[120.162,32.7223],[120.1509,32.7176],[120.1489,32.7052],[120.1383,32.7033],[120.1291,32.6992],[120.1278,32.6924],[120.1217,32.6905],[120.1196,32.6843],[120.1124,32.676],[120.1201,32.6745],[120.1177,32.6659],[120.1121,32.6642],[120.1148,32.6567],[120.1137,32.6388],[120.1056,32.6326],[120.1061,32.6162],[120.1211,32.6123],[120.1241,32.6155],[120.154,32.6206],[120.1615,32.6267],[120.1701,32.6237],[120.17,32.6318],[120.178,32.6322],[120.1801,32.6274],[120.1952,32.6187],[120.192,32.6053],[120.1972,32.6034],[120.203,32.6109],[120.2083,32.6294],[120.2163,32.6373],[120.2156,32.6513],[120.2231,32.6514],[120.2189,32.6605],[120.2198,32.6783],[120.227,32.6795],[120.2314,32.6748],[120.2421,32.6766],[120.2456,32.6821],[120.2736,32.6819],[120.2868,32.6897],[120.3028,32.7024],[120.3122,32.7075],[120.3138,32.7009],[120.3286,32.7066],[120.366,32.7072],[120.3727,32.7143],[120.3832,32.7112],[120.3863,32.7072],[120.3841,32.6933],[120.3925,32.6895],[120.4041,32.6907],[120.4141,32.6802],[120.426,32.6776],[120.4319,32.65],[120.4426,32.6423],[120.4384,32.6395],[120.4379,32.6322],[120.4532,32.6342],[120.4805,32.6333],[120.4837,32.6282],[120.493,32.6251],[120.4914,32.6424],[120.5018,32.6441],[120.5094,32.6384],[120.5184,32.6364],[120.5327,32.6375],[120.5377,32.6338],[120.5473,32.6369],[120.5667,32.6401],[120.5685,32.6378],[120.5807,32.6397],[120.588,32.6476],[120.596,32.6521],[120.6055,32.6424],[120.6074,32.6359],[120.6163,32.6296],[120.609,32.6079],[120.6135,32.6046],[120.6245,32.6177],[120.634,32.615],[120.6397,32.6179],[120.6507,32.6067],[120.6531,32.5961],[120.6443,32.5922],[120.6477,32.5764],[120.6585,32.5756],[120.6659,32.5882],[120.6791,32.5996],[120.7044,32.6059],[120.7159,32.603],[120.7153,32.5937],[120.7253,32.5941],[120.7257,32.5872],[120.7358,32.5901],[120.7352,32.6004],[120.7391,32.6038],[120.7601,32.6047],[120.7635,32.6078],[120.7732,32.6038],[120.7887,32.6041],[120.7877,32.5833],[120.789,32.5811],[120.8031,32.5859],[120.8128,32.5943],[120.827,32.5993],[120.8335,32.6086],[120.8469,32.606],[120.8613,32.6095],[120.8531,32.6143],[120.8469,32.609],[120.8466,32.6204],[120.8592,32.6208],[120.8588,32.6325],[120.8913,32.6338],[120.9369,32.647],[120.9386,32.6458],[120.9618,32.6516],[120.9668,32.6517],[121.01,32.666]],[[120.5748,33.3695],[120.5779,33.383],[120.5936,33.4002],[120.5997,33.41],[120.6412,33.3999],[120.6584,33.393],[120.6615,33.3886],[120.6655,33.3483],[120.6631,33.3368],[120.6641,33.3298],[120.6832,33.2888],[120.6876,33.2834],[120.6953,33.2825],[120.7151,33.277],[120.7196,33.2743],[120.7319,33.2568],[120.6238,33.2466],[120.6448,33.2089],[120.5841,33.2052],[120.5835,33.2056],[120.5771,33.2886],[120.5348,33.286],[120.5341,33.2953],[120.5244,33.2925],[120.5236,33.3033],[120.5334,33.3039],[120.5321,33.3172],[120.526,33.3216],[120.5095,33.3206],[120.5072,33.3297],[120.5023,33.3358],[120.5161,33.3367],[120.5157,33.3412],[120.5019,33.3404],[120.4959,33.3464],[120.489,33.3482],[120.4885,33.3613],[120.5,33.362],[120.5166,33.3659],[120.5121,33.3813],[120.525,33.3925],[120.5252,33.3986],[120.5352,33.3992],[120.5331,33.4237],[120.5515,33.4248],[120.546,33.4339],[120.5646,33.4431],[120.5656,33.4407],[120.5704,33.3809],[120.5695,33.3691],[120.5748,33.3695]],[[120.6949,32.9329],[120.6883,32.9477],[120.6819,32.9478],[120.6781,32.9549],[120.6857,32.9571],[120.6872,32.9664],[120.6807,32.9664],[120.6781,32.9731],[120.6695,32.9731],[120.6691,32.9853],[120.6979,32.9852],[120.698,32.9993],[120.7044,33.0039],[120.6841,33.004],[120.6808,33.015],[120.7007,33.0217],[120.7013,33.0113],[120.7113,33.0129],[120.7152,33.0059],[120.72,33.0038],[120.7166,32.9963],[120.7185,32.9756],[120.7227,32.9757],[120.7228,32.985],[120.7275,32.985],[120.7275,32.9943],[120.7523,32.9942],[120.7522,32.9849],[120.7477,32.9849],[120.7474,32.9756],[120.7411,32.9756],[120.7413,32.9662],[120.7274,32.9663],[120.7273,32.9568],[120.7132,32.9569],[120.713,32.9431],[120.704,32.9399],[120.6949,32.9329]]]},"properties":{"region_code":"CN-32-3209","parent_region_code":"CN-32","name":"盐城市","level":"prefecture","has_children":true,"full_path":"中国 / 江苏省 / 盐城市","source_admin_code":"3209","osm_relation_id":3473496}},
{"type":"Feature","geometry":{"type":"Polygon","coordinates":[[[119.2235,32.2246],[119.2382,32.2311],[119.2601,32.2347],[119.2851,32.2367],[119.3269,32.2351],[119.3562,32.2281],[119.3847,32.2262],[119.4035,32.2443],[119.4258,32.2582],[119.4664,32.2658],[119.5087,32.256],[119.5179,32.2587],[119.5317,32.267],[119.5314,32.2723],[119.5378,32.2779],[119.5389,32.2846],[119.5576,32.2873],[119.5722,32.2871],[119.5725,32.2778],[119.5639,32.2767],[119.5667,32.2469],[119.5747,32.2519],[119.5885,32.2553],[119.5991,32.2557],[119.6095,32.2539],[119.6199,32.2267],[119.6251,32.2292],[119.6222,32.2521],[119.6332,32.2619],[119.6421,32.2648],[119.6506,32.2643],[119.6628,32.2676],[119.6805,32.2777],[119.6833,32.2834],[119.7029,32.2803],[119.7128,32.2991],[119.7257,32.3103],[119.7519,32.3265],[119.7688,32.3276],[119.7862,32.3252],[119.7995,32.3212],[119.8159,32.3123],[119.8241,32.3041],[119.8299,32.316],[119.8393,32.3233],[119.8447,32.333],[119.8379,32.3401],[119.8406,32.3521],[119.8335,32.3553],[119.8414,32.3657],[119.8489,32.3637],[119.8513,32.3824],[119.8412,32.3921],[119.8397,32.3981],[119.849,32.4046],[119.847,32.4132],[119.8491,32.4181],[119.8581,32.419],[119.8585,32.4353],[119.8557,32.4442],[119.8562,32.4563],[119.8508,32.4588],[119.8494,32.4684],[119.8226,32.463],[119.8098,32.4746],[119.8164,32.4755],[119.8154,32.4875],[119.8182,32.4993],[119.8199,32.5311],[119.8159,32.5354],[119.8187,32.5398],[119.8342,32.5421],[119.8328,32.5616],[119.8164,32.5631],[119.8136,32.5757],[119.8087,32.5836],[119.8153,32.5855],[119.812,32.6013],[119.8088,32.6064],[119.8168,32.6093],[119.8093,32.6258],[119.8094,32.6291],[119.8238,32.6315],[119.8277,32.643],[119.8398,32.6426],[119.8412,32.639],[119.8505,32.6383],[119.8502,32.6341],[119.8593,32.6314],[119.8655,32.6322],[119.8646,32.6214],[119.8859,32.6225],[119.8938,32.6186],[119.8959,32.6263],[119.9073,32.6273],[119.9051,32.6339],[119.8959,32.6469],[119.8928,32.6616],[119.8862,32.6747],[119.8771,32.6747],[119.8663,32.681],[119.8739,32.6932],[119.8736,32.703],[119.8594,32.7054],[119.8546,32.7153],[119.8501,32.729],[119.8406,32.7338],[119.838,32.7489],[119.8567,32.7623],[119.8589,32.7669],[119.8587,32.778],[119.8433,32.7791],[119.8287,32.7777],[119.8253,32.7907],[119.8255,32.7993],[119.8226,32.8058],[119.7957,32.8072],[119.79,32.8088],[119.7903,32.8166],[119.7975,32.8298],[119.7978,32.8406],[119.7892,32.8397],[119.7932,32.8495],[119.7979,32.8539],[119.7988,32.8618],[119.7954,32.8706],[119.7902,32.8712],[119.791,32.8807],[119.7846,32.8825],[119.7791,32.8942],[119.7789,32.9024],[119.788,32.9039],[119.788,32.9088],[119.7794,32.9094],[119.7797,32.9143],[119.762,32.9122],[119.7562,32.9061],[119.7318,32.9019],[119.7156,32.9016],[119.7133,32.913],[119.7163,32.9166],[119.715,32.9249],[119.7081,32.929],[119.7126,32.9373],[119.7022,32.9408],[119.6839,32.9543],[119.6848,32.9604],[119.6938,32.9637],[119.6943,32.9734],[119.6918,32.9782],[119.7031,32.9883],[119.7064,32.9935],[119.702,33.0009],[119.6896,33.0018],[119.6849,33.0109],[119.6849,33.0181],[119.6902,33.0221],[119.6926,33.0303],[119.6904,33.0368],[119.6794,33.0338],[119.6786,33.0422],[119.6826,33.0521],[119.6753,33.0593],[119.6822,33.0635],[119.6863,33.0708],[119.6839,33.0751],[119.6747,33.0746],[119.6542,33.0803],[119.6343,33.1056],[119.6428,33.1078],[119.6349,33.1207],[119.6422,33.1252],[119.6416,33.1367],[119.6391,33.1447],[119.6672,33.1701],[119.673,33.1696],[119.6795,33.1751],[119.6832,33.1881],[119.6786,33.1938],[119.698,33.1972],[119.6955,33.2047],[119.7176,33.2132],[119.7178,33.2185],[119.6884,33.2258],[119.6794,33.2396],[119.6856,33.2454],[119.6946,33.2593],[119.6995,33.2707],[119.7072,33.2708],[119.7086,33.2799],[119.7043,33.2874],[119.6962,33.2959],[119.6844,33.2945],[119.677,33.2992],[119.6644,33.2882],[119.6546,33.2878],[119.6514,33.2813],[119.6426,33.2827],[119.637,33.2914],[119.6301,33.2971],[119.6364,33.3008],[119.6364,33.3121],[119.626,33.3167],[119.6318,33.3265],[119.6276,33.3372],[119.6119,33.3367],[119.6062,33.3598],[119.6062,33.3653],[119.6008,33.3813],[119.5911,33.3803],[119.5798,33.383],[119.5654,33.3785],[119.5662,33.3879],[119.5627,33.3911],[119.5459,33.4112],[119.5334,33.4171],[119.5189,33.4138],[119.5162,33.4086],[119.5045,33.407],[119.4998,33.4106],[119.488,33.4125],[119.4861,33.4057],[119.4606,33.4067],[119.4536,33.4025],[119.4516,33.3959],[119.445,33.394],[119.4423,33.3878],[119.4266,33.379],[119.4149,33.376],[119.3911,33.3751],[119.386,33.3796],[119.377,33.3796],[119.3688,33.3728],[119.352,33.3708],[119.2989,33.3683],[119.2456,33.3539],[119.2352,33.3538],[119.2275,33.3505],[119.2384,33.3333],[119.2433,33.32],[119.2539,33.3106],[119.2575,33.3044],[119.2327,33.3022],[119.2158,33.2977],[119.2112,33.2944],[119.1899,33.2921],[119.1588,33.2869],[119.155,33.2662],[119.1429,33.2567],[119.1426,33.2146],[119.1585,33.2119],[119.164,33.2024],[119.178,33.2086],[119.1851,33.2067],[119.1955,33.2094],[119.1975,33.2045],[119.2123,33.2035],[119.2135,33.1865],[119.219,33.1842],[119.2236,33.1675],[119.2201,33.1636],[119.2213,33.1571],[119.2369,33.1626],[119.2499,33.1634],[119.2479,33.1797],[119.2518,33.179],[119.26,33.162],[119.2726,33.1478],[119.3074,33.1337],[119.3148,33.121],[119.3148,33.1027],[119.3316,33.0833],[119.3328,33.0719],[119.3386,33.065],[119.357,33.0552],[119.3582,33.0435],[119.3485,33.0238],[119.3201,32.9982],[119.3168,32.9857],[119.3094,32.8304],[119.2488,32.8254],[119.1797,32.8292],[119.1854,32.8034],[119.2051,32.7287],[119.2061,32.6953],[119.2033,32.6426],[119.2076,32.6382],[119.2112,32.6284],[119.2039,32.6199],[119.2037,32.616],[119.2238,32.6066],[119.2129,32.6008],[119.218,32.5976],[119.2093,32.5913],[119.2091,32.5718],[119.1979,32.5796],[119.1944,32.5846],[119.1855,32.5854],[119.1831,32.5926],[119.1857,32.5965],[119.1806,32.6013],[119.1713,32.5956],[119.1724,32.579],[119.1634,32.5773],[119.1509,32.5646],[119.1472,32.5586],[119.1532,32.5506],[119.1603,32.5457],[119.1581,32.5395],[119.1481,32.5369],[119.145,32.5247],[119.1491,32.5116],[119.1469,32.5067],[119.1398,32.5042],[119.1405,32.4931],[119.135,32.4948],[119.1256,32.493],[119.1138,32.4818],[119.1053,32.4784],[119.101,32.4738],[119.0892,32.4771],[119.085,32.4688],[119.0863,32.4597],[119.0785,32.4523],[119.0682,32.4567],[119.0628,32.4635],[119.0561,32.4632],[119.0447,32.4644],[119.0407,32.4669],[119.0359,32.4591],[119.0316,32.4579],[119.0176,32.4596],[119.0158,32.448],[119.0221,32.4315],[119.0175,32.4227],[119.0121,32.4235],[119.0073,32.4133],[119.0204,32.3956],[119.0282,32.3906],[119.0321,32.3848],[119.0172,32.3811],[119.0152,32.3759],[119.0316,32.3725],[119.0338,32.3646],[119.0289,32.3563],[119.0208,32.3551],[119.0235,32.3414],[119.0365,32.334],[119.0326,32.3256],[119.0312,32.3079],[119.0365,32.3071],[119.0302,32.2974],[119.0351,32.289],[119.0368,32.2782],[119.0307,32.2606],[119.0545,32.2537],[119.0704,32.2514],[119.0748,32.2379],[119.084,32.2422],[119.1073,32.2463],[119.133,32.2466],[119.1615,32.244],[119.1901,32.2358],[119.2235,32.2246]]]},"properties":{"region_code":"CN-32-3210","parent_region_code":"CN-32","name":"扬州市","level":"prefecture","has_children":true,"full_path":"中国 / 江苏省 / 扬州市","source_admin_code":"3210","osm_relation_id":4430826}},
{"type":"Feature","geometry":{"type":"Polygon","coordinates":[[[119.2304,31.627],[119.2577,31.6373],[119.2641,31.6367],[119.2703,31.6425],[119.2805,31.6476],[119.2858,31.6541],[119.2915,31.6552],[119.3099,31.6764],[119.3194,31.6909],[119.3194,31.6954],[119.3247,31.7064],[119.3185,31.7098],[119.315,31.7191],[119.3176,31.7236],[119.3254,31.7255],[119.3263,31.7293],[119.3201,31.7351],[119.3133,31.731],[119.3005,31.7376],[119.3074,31.7423],[119.2994,31.7604],[119.3031,31.7784],[119.3087,31.7793],[119.3129,31.7849],[119.315,31.7993],[119.3078,31.8013],[119.3121,31.8121],[119.3097,31.8152],[119.3163,31.829],[119.3257,31.8383],[119.3242,31.8505],[119.332,31.8591],[119.3602,31.8601],[119.3668,31.8506],[119.3821,31.8475],[119.3909,31.8419],[119.3892,31.8374],[119.4022,31.8345],[119.41,31.8351],[119.4146,31.832],[119.4268,31.8335],[119.4303,31.8276],[119.4375,31.8316],[119.4299,31.8369],[119.425,31.853],[119.4143,31.8538],[119.4116,31.8619],[119.4214,31.8702],[119.4177,31.8736],[119.4344,31.8786],[119.439,31.885],[119.4477,31.8887],[119.456,31.8858],[119.4633,31.8735],[119.4705,31.8739],[119.4918,31.8592],[119.5043,31.8537],[119.5233,31.857],[119.5292,31.8561],[119.5479,31.8584],[119.568,31.8565],[119.5708,31.8489],[119.5761,31.8476],[119.5842,31.8508],[119.5869,31.8341],[119.5938,31.8331],[119.5984,31.8198],[119.5991,31.8098],[119.6064,31.8009],[119.6204,31.7992],[119.6232,31.8053],[119.6289,31.8044],[119.639,31.7933],[119.647,31.7792],[119.654,31.7745],[119.6596,31.7761],[119.6818,31.7722],[119.6881,31.7691],[119.6907,31.7567],[119.7021,31.7521],[119.7028,31.7416],[119.7155,31.7386],[119.7295,31.7324],[119.7388,31.7324],[119.7293,31.743],[119.7302,31.7523],[119.7337,31.76],[119.7322,31.768],[119.7352,31.7734],[119.7478,31.7813],[119.7477,31.7874],[119.7539,31.7879],[119.7601,31.8086],[119.7645,31.8105],[119.7781,31.8101],[119.7836,31.8139],[119.781,31.8205],[119.7891,31.8233],[119.7873,31.8306],[119.7933,31.8329],[119.8067,31.8543],[119.7927,31.8562],[119.7796,31.8556],[119.7732,31.8505],[119.7655,31.8499],[119.7578,31.8621],[119.7613,31.8718],[119.7486,31.8857],[119.7545,31.8891],[119.7676,31.9037],[119.7783,31.905],[119.777,31.9229],[119.7805,31.9317],[119.7783,31.9379],[119.7714,31.9406],[119.7722,31.949],[119.7641,31.9531],[119.7697,31.9731],[119.768,31.9747],[119.7722,31.9922],[119.7747,31.9933],[119.7736,32.0093],[119.7799,32.0135],[119.775,32.0195],[119.7883,32.0491],[119.7948,32.0572],[119.8172,32.0571],[119.8212,32.0543],[119.8345,32.0563],[119.8395,32.0619],[119.8451,32.0609],[119.8543,32.0544],[119.8641,32.061],[119.8689,32.0509],[119.8776,32.0417],[119.8859,32.0498],[119.8932,32.0489],[119.8913,32.0415],[119.9017,32.0163],[119.9102,32.0074],[119.9152,32.0058],[119.9282,32.0067],[119.9503,32.0044],[119.952,32.0101],[119.9648,32.0164],[119.9487,32.0485],[119.9228,32.0872],[119.8962,32.156],[119.8809,32.232],[119.8739,32.2526],[119.8524,32.279],[119.8329,32.2951],[119.8241,32.3041],[119.8159,32.3123],[119.7995,32.3212],[119.7862,32.3252],[119.7688,32.3276],[119.7519,32.3265],[119.7257,32.3103],[119.7128,32.2991],[119.7029,32.2803],[119.6833,32.2834],[119.6805,32.2777],[119.6628,32.2676],[119.6506,32.2643],[119.6421,32.2648],[119.6332,32.2619],[119.6222,32.2521],[119.6251,32.2292],[119.6199,32.2267],[119.6095,32.2539],[119.5991,32.2557],[119.5885,32.2553],[119.5747,32.2519],[119.5667,32.2469],[119.5639,32.2767],[119.5725,32.2778],[119.5722,32.2871],[119.5576,32.2873],[119.5389,32.2846],[119.5378,32.2779],[119.5314,32.2723],[119.5317,32.267],[119.5179,32.2587],[119.5087,32.256],[119.4664,32.2658],[119.4258,32.2582],[119.4035,32.2443],[119.3847,32.2262],[119.3562,32.2281],[119.3269,32.2351],[119.2851,32.2367],[119.2601,32.2347],[119.2382,32.2311],[119.2235,32.2246],[119.2395,32.2181],[119.215,32.2018],[119.2123,32.1938],[119.1909,32.187],[119.1784,32.1915],[119.158,32.1875],[119.1541,32.1828],[119.1467,32.189],[119.1294,32.1953],[119.1104,32.1882],[119.0887,32.1819],[119.0796,32.1803],[119.0682,32.1647],[119.055,32.1648],[119.0532,32.1584],[119.0423,32.1603],[119.034,32.159],[119.0307,32.1476],[119.0268,32.1473],[119.0189,32.1396],[119.0146,32.1305],[119.0108,32.1318],[119.0039,32.1268],[119.0035,32.1179],[119.0213,32.118],[119.0444,32.1118],[119.046,32.1076],[119.0536,32.1045],[119.0657,32.1109],[119.0748,32.1092],[119.0763,32.0994],[119.0826,32.0958],[119.0899,32.0967],[119.0956,32.0931],[119.0933,32.0811],[119.0956,32.0779],[119.0922,32.0634],[119.0807,32.0554],[119.0814,32.049],[119.0909,32.0389],[119.0871,32.0311],[119.0916,32.0201],[119.0851,32.0049],[119.0918,32.0023],[119.1007,32.006],[119.1081,31.9978],[119.1087,31.9904],[119.1153,31.9845],[119.1142,31.9799],[119.1047,31.9808],[119.1074,31.9736],[119.1005,31.9673],[119.0897,31.9752],[119.0762,31.9756],[119.0716,31.9693],[119.0601,31.9759],[119.0409,31.9696],[119.0356,31.9634],[119.0296,31.9648],[119.0236,31.9561],[119.0236,31.9492],[119.0334,31.9411],[119.0472,31.9387],[119.0598,31.9421],[119.0794,31.9379],[119.0831,31.9345],[119.0966,31.9351],[119.1024,31.9285],[119.1043,31.9128],[119.1086,31.9113],[119.1087,31.9019],[119.1144,31.8976],[119.1128,31.8892],[119.1032,31.8873],[119.0981,31.8789],[119.0957,31.8681],[119.0884,31.8621],[119.0683,31.8667],[119.064,31.8719],[119.0589,31.8643],[119.0471,31.8636],[119.0398,31.8603],[119.04,31.8555],[119.0284,31.8549],[119.0209,31.8489],[118.9966,31.8482],[118.9909,31.8455],[118.9736,31.8452],[118.9721,31.838],[118.9659,31.8267],[118.9817,31.8196],[118.9934,31.8036],[119.0009,31.8011],[118.9998,31.7892],[118.9863,31.7847],[118.9734,31.7856],[118.9772,31.772],[118.9835,31.7658],[118.9939,31.7688],[118.9999,31.7798],[119.0124,31.7806],[119.0212,31.7867],[119.0299,31.7866],[119.0388,31.7911],[119.0473,31.7923],[119.059,31.7842],[119.0713,31.7864],[119.0738,31.7829],[119.0718,31.7707],[119.0847,31.7728],[119.0929,31.7559],[119.1036,31.7555],[119.1035,31.7482],[119.1128,31.7413],[119.119,31.7406],[119.1233,31.725],[119.1347,31.7247],[119.1405,31.718],[119.1398,31.7136],[119.1488,31.7083],[119.1534,31.6995],[119.1683,31.6999],[119.1746,31.6962],[119.1808,31.6972],[119.1868,31.6859],[119.1823,31.6808],[119.1817,31.669],[119.1886,31.6622],[119.1805,31.6552],[119.1844,31.6509],[119.2011,31.6487],[119.2026,31.6355],[119.2122,31.6305],[119.217,31.6329],[119.2304,31.627]]]},"properties":{"region_code":"CN-32-3211","parent_region_code":"CN-32","name":"镇江市","level":"prefecture","has_children":true,"full_path":"中国 / 江苏省 / 镇江市","source_admin_code":"3211","osm_relation_id":3429680}},
{"type":"Feature","geometry":{"type":"Polygon","coordinates":[[[120.3653,31.9927],[120.3836,32.0093],[120.3959,32.0176],[120.4526,32.0439],[120.4665,32.0457],[120.4884,32.0444],[120.5009,32.0422],[120.532,32.0265],[120.5391,32.0167],[120.5431,32.015],[120.5532,32.0355],[120.5413,32.043],[120.5434,32.0563],[120.5249,32.0589],[120.5131,32.0637],[120.515,32.075],[120.5058,32.0959],[120.478,32.1056],[120.4432,32.1191],[120.4316,32.1251],[120.4069,32.1266],[120.3952,32.1253],[120.3869,32.1301],[120.3713,32.1296],[120.3514,32.1327],[120.3527,32.1422],[120.3493,32.1509],[120.3407,32.1603],[120.3446,32.166],[120.3405,32.1705],[120.3454,32.1822],[120.3566,32.1986],[120.356,32.2031],[120.3661,32.2146],[120.3656,32.2312],[120.3567,32.2424],[120.3491,32.2443],[120.3423,32.2522],[120.3452,32.2575],[120.3421,32.2692],[120.3465,32.2715],[120.3449,32.2787],[120.3473,32.293],[120.3443,32.3021],[120.3517,32.3045],[120.3609,32.3126],[120.3599,32.3175],[120.3492,32.3256],[120.3453,32.3371],[120.3403,32.343],[120.3444,32.3506],[120.3427,32.3581],[120.3497,32.3595],[120.3523,32.3684],[120.3472,32.3702],[120.3458,32.3799],[120.3169,32.3702],[120.3043,32.3638],[120.2968,32.3745],[120.2843,32.3727],[120.2785,32.382],[120.2835,32.3912],[120.2789,32.4025],[120.2754,32.4228],[120.2759,32.4333],[120.2705,32.4409],[120.2673,32.4609],[120.2671,32.4736],[120.2598,32.4892],[120.253,32.4948],[120.254,32.5031],[120.2597,32.5094],[120.2583,32.5187],[120.2608,32.5345],[120.265,32.5511],[120.2576,32.5641],[120.255,32.5725],[120.2569,32.5773],[120.253,32.5871],[120.2541,32.5933],[120.2443,32.5971],[120.2236,32.5897],[120.2185,32.5843],[120.21,32.5908],[120.2024,32.5931],[120.1972,32.6034],[120.192,32.6053],[120.1952,32.6187],[120.1801,32.6274],[120.178,32.6322],[120.17,32.6318],[120.1701,32.6237],[120.1615,32.6267],[120.154,32.6206],[120.1241,32.6155],[120.1211,32.6123],[120.1061,32.6162],[120.1056,32.6326],[120.1137,32.6388],[120.1148,32.6567],[120.1121,32.6642],[120.1177,32.6659],[120.1201,32.6745],[120.1124,32.676],[120.1196,32.6843],[120.1217,32.6905],[120.1278,32.6924],[120.1291,32.6992],[120.1383,32.7033],[120.1489,32.7052],[120.1509,32.7176],[120.162,32.7223],[120.1671,32.7211],[120.1758,32.7275],[120.1752,32.7436],[120.1847,32.7416],[120.198,32.7449],[120.2012,32.7569],[120.2087,32.7676],[120.2155,32.7668],[120.2156,32.7731],[120.2236,32.7805],[120.2205,32.791],[120.2142,32.7943],[120.2082,32.7913],[120.1949,32.7897],[120.1823,32.777],[120.1741,32.7823],[120.1555,32.784],[120.1548,32.7901],[120.1607,32.7931],[120.1666,32.8],[120.1572,32.8063],[120.1566,32.8136],[120.1652,32.8175],[120.1797,32.8157],[120.1863,32.8168],[120.1868,32.8261],[120.1805,32.8285],[120.1771,32.8337],[120.1824,32.8387],[120.1867,32.8363],[120.1913,32.843],[120.1895,32.8513],[120.2064,32.8552],[120.2045,32.8689],[120.193,32.8683],[120.1915,32.8746],[120.1853,32.8787],[120.1726,32.8762],[120.1748,32.8899],[120.1779,32.8987],[120.1715,32.9273],[120.1742,32.934],[120.1976,32.9322],[120.1985,32.9245],[120.211,32.923],[120.2152,32.9155],[120.2232,32.9155],[120.2247,32.9213],[120.2329,32.9243],[120.2346,32.9296],[120.2595,32.9282],[120.2601,32.9314],[120.2782,32.929],[120.2864,32.9345],[120.2906,32.9466],[120.2838,32.9488],[120.2821,32.9545],[120.2968,32.961],[120.2943,32.9675],[120.3033,32.9821],[120.3077,32.9941],[120.3051,33.0069],[120.3041,33.0263],[120.3084,33.0498],[120.3016,33.0689],[120.293,33.075],[120.2875,33.0827],[120.2891,33.0903],[120.2875,33.1036],[120.2846,33.1066],[120.292,33.1313],[120.2812,33.1334],[120.2606,33.1343],[120.252,33.1329],[120.2437,33.1365],[120.2085,33.1393],[120.1598,33.1561],[120.1517,33.1577],[120.0894,33.1801],[120.0757,33.1833],[120.0428,33.1655],[120.019,33.1596],[119.998,33.1577],[119.997,33.1602],[119.9758,33.1498],[119.9314,33.1572],[119.9083,33.1509],[119.8986,33.1502],[119.8909,33.1521],[119.8853,33.1493],[119.8769,33.1505],[119.8707,33.1415],[119.8618,33.1442],[119.8637,33.1533],[119.844,33.1562],[119.8212,33.1521],[119.8199,33.1467],[119.8019,33.1481],[119.7833,33.1403],[119.7764,33.1391],[119.7697,33.1339],[119.7602,33.1313],[119.7517,33.134],[119.743,33.1327],[119.7322,33.1496],[119.7403,33.1489],[119.739,33.1636],[119.7443,33.1736],[119.7295,33.1732],[119.7233,33.1763],[119.7235,33.1848],[119.7281,33.213],[119.7176,33.2132],[119.6955,33.2047],[119.698,33.1972],[119.6786,33.1938],[119.6832,33.1881],[119.6795,33.1751],[119.673,33.1696],[119.6672,33.1701],[119.6391,33.1447],[119.6416,33.1367],[119.6422,33.1252],[119.6349,33.1207],[119.6428,33.1078],[119.6343,33.1056],[119.6542,33.0803],[119.6747,33.0746],[119.6839,33.0751],[119.6863,33.0708],[119.6822,33.0635],[119.6753,33.0593],[119.6826,33.0521],[119.6786,33.0422],[119.6794,33.0338],[119.6904,33.0368],[119.6926,33.0303],[119.6902,33.0221],[119.6849,33.0181],[119.6849,33.0109],[119.6896,33.0018],[119.702,33.0009],[119.7064,32.9935],[119.7031,32.9883],[119.6918,32.9782],[119.6943,32.9734],[119.6938,32.9637],[119.6848,32.9604],[119.6839,32.9543],[119.7022,32.9408],[119.7126,32.9373],[119.7081,32.929],[119.715,32.9249],[119.7163,32.9166],[119.7133,32.913],[119.7156,32.9016],[119.7318,32.9019],[119.7562,32.9061],[119.762,32.9122],[119.7797,32.9143],[119.7794,32.9094],[119.788,32.9088],[119.788,32.9039],[119.7789,32.9024],[119.7791,32.8942],[119.7846,32.8825],[119.791,32.8807],[119.7902,32.8712],[119.7954,32.8706],[119.7988,32.8618],[119.7979,32.8539],[119.7932,32.8495],[119.7892,32.8397],[119.7978,32.8406],[119.7975,32.8298],[119.7903,32.8166],[119.79,32.8088],[119.7957,32.8072],[119.8226,32.8058],[119.8255,32.7993],[119.8253,32.7907],[119.8287,32.7777],[119.8433,32.7791],[119.8587,32.778],[119.8589,32.7669],[119.8567,32.7623],[119.838,32.7489],[119.8406,32.7338],[119.8501,32.729],[119.8546,32.7153],[119.8594,32.7054],[119.8736,32.703],[119.8739,32.6932],[119.8663,32.681],[119.8771,32.6747],[119.8862,32.6747],[119.8928,32.6616],[119.8959,32.6469],[119.9051,32.6339],[119.9073,32.6273],[119.8959,32.6263],[119.8938,32.6186],[119.8859,32.6225],[119.8646,32.6214],[119.8655,32.6322],[119.8593,32.6314],[119.8502,32.6341],[119.8505,32.6383],[119.8412,32.639],[119.8398,32.6426],[119.8277,32.643],[119.8238,32.6315],[119.8094,32.6291],[119.8093,32.6258],[119.8168,32.6093],[119.8088,32.6064],[119.812,32.6013],[119.8153,32.5855],[119.8087,32.5836],[119.8136,32.5757],[119.8164,32.5631],[119.8328,32.5616],[119.8342,32.5421],[119.8187,32.5398],[119.8159,32.5354],[119.8199,32.5311],[119.8182,32.4993],[119.8154,32.4875],[119.8164,32.4755],[119.8098,32.4746],[119.8226,32.463],[119.8494,32.4684],[119.8508,32.4588],[119.8562,32.4563],[119.8557,32.4442],[119.8585,32.4353],[119.8581,32.419],[119.8491,32.4181],[119.847,32.4132],[119.849,32.4046],[119.8397,32.3981],[119.8412,32.3921],[119.8513,32.3824],[119.8489,32.3637],[119.8414,32.3657],[119.8335,32.3553],[119.8406,32.3521],[119.8379,32.3401],[119.8447,32.333],[119.8393,32.3233],[119.8299,32.316],[119.8241,32.3041],[119.8329,32.2951],[119.8524,32.279],[119.8739,32.2526],[119.8809,32.232],[119.8962,32.156],[119.9228,32.0872],[119.9487,32.0485],[119.9648,32.0164],[119.9791,32.0061],[119.993,31.9935],[120.0042,31.9812],[120.0143,31.9731],[120.0264,31.9686],[120.0517,31.9616],[120.0961,31.9518],[120.1443,31.9402],[120.1915,31.935],[120.227,31.9347],[120.2533,31.9385],[120.2933,31.955],[120.3388,31.9776],[120.3653,31.9927]]]},"properties":{"region_code":"CN-32-3212","parent_region_code":"CN-32","name":"泰州市","level":"prefecture","has_children":true,"full_path":"中国 / 江苏省 / 泰州市","source_admin_code":"3212","osm_relation_id":4430874}},
{"type":"Feature","geometry":{"type":"Polygon","coordinates":[[[118.1623,33.7509],[118.1805,33.746],[118.1749,33.7331],[118.1692,33.7315],[118.1603,33.734],[118.1523,33.7249],[118.1533,33.7193],[118.1632,33.716],[118.1601,33.7094],[118.1583,33.6939],[118.1601,33.6748],[118.1625,33.6651],[118.1422,33.6475],[118.14,33.6436],[118.1428,33.6347],[118.1312,33.6379],[118.1144,33.623],[118.1065,33.6183],[118.1096,33.6098],[118.1115,33.5929],[118.1044,33.5392],[118.1027,33.5313],[118.0934,33.5307],[118.0943,33.5243],[118.1022,33.5215],[118.1037,33.5174],[118.1011,33.5052],[118.1023,33.4764],[118.052,33.493],[118.0449,33.4934],[118.0388,33.4748],[118.0334,33.4705],[118.0296,33.462],[118.0222,33.4573],[118.0175,33.4375],[118.0178,33.4277],[118.0111,33.4043],[118.014,33.3984],[118.0233,33.3926],[118.0211,33.3876],[118.0193,33.3722],[118.0078,33.3571],[117.9907,33.3487],[117.98,33.3507],[117.9645,33.3513],[117.9644,33.3435],[117.9753,33.3353],[117.9859,33.3353],[117.9834,33.3235],[117.9801,33.321],[117.9786,33.2989],[117.9743,33.2964],[117.9641,33.2791],[117.9528,33.2749],[117.9414,33.2684],[117.9391,33.2642],[117.9432,33.2553],[117.9416,33.2451],[117.9355,33.2356],[117.9359,33.2293],[117.9421,33.2253],[117.9549,33.2233],[117.9642,33.2289],[117.9742,33.228],[117.9803,33.2217],[117.98,33.2076],[117.974,33.2039],[117.9774,33.1967],[117.9816,33.1955],[117.9847,33.18],[118.0009,33.1786],[118.0008,33.1713],[118.0131,33.1663],[118.0194,33.1584],[118.0315,33.1548],[118.0321,33.1379],[118.0395,33.14],[118.0379,33.1522],[118.0566,33.1489],[118.0593,33.1413],[118.0672,33.1427],[118.0852,33.1529],[118.1077,33.1605],[118.1446,33.1706],[118.1522,33.1764],[118.1544,33.1834],[118.151,33.1957],[118.1587,33.2105],[118.1639,33.2155],[118.1726,33.2195],[118.1889,33.2133],[118.2061,33.2007],[118.2115,33.1935],[118.2172,33.1777],[118.2291,33.1852],[118.2442,33.1903],[118.253,33.2],[118.2726,33.2082],[118.3138,33.2076],[118.3743,33.1979],[118.4036,33.1927],[118.4388,33.2041],[118.4541,33.2083],[118.4835,33.2273],[118.5958,33.2752],[118.629,33.2924],[118.7433,33.3371],[118.7503,33.3446],[118.749,33.3599],[118.7208,33.3933],[118.7369,33.397],[118.7719,33.4135],[118.773,33.4148],[118.7753,33.4417],[118.7728,33.4904],[118.7785,33.4952],[118.7821,33.5059],[118.7836,33.5183],[118.783,33.54],[118.7932,33.5511],[118.7945,33.5637],[118.7988,33.5677],[118.7994,33.576],[118.777,33.5917],[118.7689,33.6048],[118.76,33.6161],[118.7508,33.6401],[118.7632,33.6406],[118.7824,33.6457],[118.7876,33.644],[118.7942,33.6488],[118.7921,33.6597],[118.7867,33.6681],[118.794,33.6979],[118.8036,33.6963],[118.809,33.7092],[118.8024,33.7127],[118.8053,33.7265],[118.8031,33.7341],[118.7966,33.7405],[118.7972,33.758],[118.8022,33.7681],[118.79,33.7698],[118.7953,33.7847],[118.7935,33.7869],[118.8025,33.795],[118.7977,33.799],[118.7953,33.8084],[118.7949,33.8202],[118.8047,33.8271],[118.8108,33.8372],[118.8138,33.8464],[118.8201,33.852],[118.8231,33.859],[118.8543,33.8832],[118.8652,33.8947],[118.8803,33.8876],[118.885,33.8872],[118.9027,33.8916],[118.9116,33.8974],[118.9168,33.9041],[118.9303,33.9025],[118.9384,33.9097],[118.9446,33.9088],[118.947,33.9169],[118.9573,33.9174],[118.9646,33.921],[118.97,33.9194],[118.9774,33.9117],[118.9927,33.9054],[118.9917,33.8954],[119.0023,33.8978],[119.012,33.9094],[119.0178,33.9109],[119.0213,33.9221],[119.0275,33.9208],[119.0295,33.93],[119.0391,33.9317],[119.0456,33.9376],[119.0487,33.9483],[119.044,33.9487],[119.046,33.9585],[119.0353,33.9624],[119.0368,33.9694],[119.0418,33.974],[119.0489,33.9742],[119.0524,33.979],[119.0745,33.9865],[119.0798,34.0038],[119.0996,34.018],[119.106,34.0239],[119.1161,34.0289],[119.1236,34.0299],[119.1313,34.038],[119.1428,34.0466],[119.1496,34.0586],[119.1484,34.0637],[119.1527,34.0777],[119.1565,34.0799],[119.1614,34.0897],[119.169,34.0946],[119.1642,34.1036],[119.1597,34.1065],[119.1706,34.1203],[119.1639,34.1299],[119.1463,34.137],[119.135,34.1347],[119.1288,34.1414],[119.1201,34.145],[119.1305,34.1507],[119.1404,34.1604],[119.1367,34.1626],[119.1409,34.1757],[119.1269,34.1813],[119.1276,34.1882],[119.1343,34.1894],[119.1348,34.1985],[119.1283,34.1997],[119.1255,34.2069],[119.1081,34.2073],[119.108,34.2031],[119.0928,34.2055],[119.0929,34.2212],[119.0894,34.2384],[119.0856,34.2413],[119.0859,34.2515],[119.0885,34.2559],[119.085,34.2634],[119.0738,34.265],[119.0673,34.2699],[119.071,34.2874],[119.0663,34.2898],[119.066,34.2996],[119.0752,34.302],[119.0771,34.3128],[119.0705,34.3224],[119.0675,34.3324],[119.0626,34.3385],[119.0622,34.346],[119.0529,34.3478],[119.0511,34.3528],[119.0492,34.3772],[119.0525,34.3907],[119.057,34.3981],[119.0597,34.4101],[119.0812,34.4108],[119.0838,34.4219],[119.0555,34.4212],[119.056,34.4171],[119.0435,34.4185],[119.0366,34.4218],[119.0325,34.404],[119.0297,34.4009],[119.02,34.4011],[119.0099,34.4076],[118.9955,34.4069],[118.9893,34.4044],[118.9891,34.3912],[118.9762,34.3818],[118.9714,34.3746],[118.9565,34.3623],[118.9543,34.3516],[118.948,34.3525],[118.9486,34.3673],[118.9386,34.3782],[118.9227,34.374],[118.9206,34.3774],[118.9055,34.3788],[118.9059,34.3697],[118.8695,34.3691],[118.8599,34.3674],[118.8364,34.3706],[118.8258,34.3665],[118.8243,34.3587],[118.8161,34.3615],[118.8031,34.3594],[118.806,34.3541],[118.8036,34.3461],[118.8049,34.3381],[118.7982,34.3379],[118.7936,34.3275],[118.7852,34.3212],[118.7801,34.3128],[118.7554,34.3136],[118.7564,34.3212],[118.7457,34.331],[118.7302,34.325],[118.7246,34.3311],[118.7141,34.3363],[118.7019,34.3365],[118.6996,34.3429],[118.681,34.3476],[118.6752,34.3403],[118.6569,34.3453],[118.6505,34.3531],[118.6392,34.3578],[118.6335,34.3582],[118.6327,34.3511],[118.6274,34.3455],[118.6167,34.3456],[118.6213,34.3394],[118.6272,34.3388],[118.6315,34.3339],[118.6331,34.321],[118.6292,34.3139],[118.6228,34.3082],[118.611,34.3108],[118.6001,34.3106],[118.5966,34.3067],[118.5824,34.3079],[118.5671,34.303],[118.5629,34.2851],[118.5635,34.2795],[118.559,34.2752],[118.5598,34.2637],[118.5553,34.2474],[118.5574,34.2385],[118.5695,34.2357],[118.5562,34.1982],[118.5546,34.174],[118.5486,34.1675],[118.5414,34.1673],[118.5159,34.1717],[118.5025,34.1657],[118.4991,34.1598],[118.4977,34.1497],[118.5038,34.1498],[118.5002,34.1355],[118.5009,34.1213],[118.504,34.1148],[118.4839,34.1077],[118.4762,34.1008],[118.464,34.0988],[118.4559,34.1048],[118.4464,34.1076],[118.4335,34.1061],[118.4233,34.1097],[118.3763,34.1186],[118.3506,34.12],[118.3391,34.1175],[118.3137,34.1163],[118.2868,34.1138],[118.2513,34.1249],[118.2323,34.1267],[118.2231,34.1423],[118.2165,34.1497],[118.1969,34.1649],[118.1868,34.1625],[118.1797,34.1653],[118.1707,34.1592],[118.1433,34.1602],[118.1493,34.1506],[118.1456,34.138],[118.1402,34.1368],[118.1129,34.1449],[118.0957,34.1414],[118.0918,34.1508],[118.0836,34.1553],[118.0773,34.1671],[118.0633,34.1735],[118.0623,34.1668],[118.0562,34.1618],[118.0531,34.1487],[118.0428,34.1504],[118.0393,34.1446],[118.0328,34.1435],[118.0248,34.1478],[118.0109,34.1438],[118.0112,34.1381],[117.9945,34.1385],[117.9893,34.1212],[117.989,34.1068],[117.9987,34.1047],[118.0003,34.0927],[118.0036,34.0861],[118.0087,34.0863],[118.0418,34.0955],[118.0447,34.0882],[118.0509,34.0806],[118.0594,34.0601],[118.0572,34.052],[118.0515,34.0524],[118.055,34.0419],[118.0573,34.0224],[118.0616,34.0173],[118.0456,34.0099],[118.0428,34.0131],[118.0312,34.0171],[118.0229,33.995],[118.0269,33.9855],[118.0431,33.985],[118.0458,33.9719],[118.0579,33.9731],[118.059,33.9702],[118.0778,33.968],[118.0797,33.9654],[118.0792,33.9511],[118.075,33.943],[118.0859,33.9436],[118.096,33.9409],[118.1021,33.9342],[118.1095,33.9369],[118.1119,33.9559],[118.1226,33.9541],[118.1356,33.936],[118.1382,33.9198],[118.1433,33.9034],[118.1512,33.8906],[118.1632,33.8814],[118.165,33.8681],[118.1697,33.8516],[118.1789,33.8497],[118.1789,33.836],[118.1818,33.8277],[118.1767,33.8182],[118.1636,33.8219],[118.1575,33.8071],[118.1563,33.7982],[118.1589,33.7922],[118.1648,33.7883],[118.1645,33.782],[118.1724,33.7656],[118.161,33.757],[118.1623,33.7509]]]},"properties":{"region_code":"CN-32-3213","parent_region_code":"CN-32","name":"宿迁市","level":"prefecture","has_children":true,"full_path":"中国 / 江苏省 / 宿迁市","source_admin_code":"3213","osm_relation_id":3293941}}
]}