{"type":"FeatureCollection", "features": [
{"type":"Feature","geometry":{"type":"Polygon","coordinates":[[[114.7911,25.9561],[114.7961,25.9499],[114.7942,25.9446],[114.7857,25.9352],[114.7799,25.926],[114.7818,25.9193],[114.7896,25.9184],[114.7963,25.9095],[114.7964,25.8963],[114.8005,25.8936],[114.8133,25.9062],[114.8167,25.896],[114.8119,25.8909],[114.8115,25.8751],[114.8061,25.8646],[114.8099,25.857],[114.8207,25.8532],[114.8196,25.8436],[114.8245,25.844],[114.826,25.8371],[114.846,25.8213],[114.8345,25.815],[114.8189,25.8099],[114.8197,25.8061],[114.8304,25.8012],[114.8454,25.7994],[114.8416,25.7932],[114.8305,25.7884],[114.8294,25.7805],[114.8256,25.7747],[114.8197,25.7724],[114.8062,25.7712],[114.8002,25.7662],[114.7982,25.7543],[114.804,25.7496],[114.8198,25.753],[114.8304,25.7507],[114.8296,25.7423],[114.8339,25.7374],[114.8314,25.7164],[114.8365,25.7128],[114.8308,25.7077],[114.8495,25.6994],[114.8539,25.6918],[114.8623,25.6896],[114.8662,25.6829],[114.87,25.6669],[114.879,25.6602],[114.8909,25.6623],[114.9002,25.669],[114.8979,25.674],[114.9015,25.6837],[114.9101,25.682],[114.9248,25.6891],[114.926,25.6959],[114.9339,25.7028],[114.9384,25.704],[114.9417,25.6961],[114.9458,25.6942],[114.9513,25.6856],[114.9625,25.685],[114.9607,25.6905],[114.9669,25.6921],[114.9727,25.6805],[114.9816,25.6726],[114.9905,25.6755],[114.9976,25.6855],[115.006,25.6942],[115.026,25.7066],[115.0209,25.7119],[115.0221,25.7165],[115.0317,25.7149],[115.0343,25.7175],[115.0281,25.7245],[115.0172,25.7288],[115.011,25.7355],[115.0024,25.7379],[115.0116,25.7503],[115.0177,25.7513],[115.0211,25.7567],[115.031,25.7649],[115.0358,25.7743],[115.0428,25.7783],[115.0424,25.7839],[115.0519,25.7911],[115.0577,25.7932],[115.0617,25.8096],[115.0508,25.8135],[115.0488,25.8192],[115.0526,25.8408],[115.0604,25.8503],[115.0581,25.8602],[115.0476,25.8605],[115.0423,25.8652],[115.0329,25.8687],[115.0208,25.8551],[115.0106,25.8507],[114.9997,25.8481],[114.9975,25.8591],[114.9904,25.8639],[114.9874,25.8704],[114.983,25.8873],[114.965,25.8797],[114.9636,25.8884],[114.9564,25.905],[114.9609,25.9162],[114.9494,25.9243],[114.9585,25.9326],[114.9583,25.9403],[114.9461,25.946],[114.9249,25.947],[114.9121,25.9512],[114.9003,25.9808],[114.887,25.9762],[114.8905,25.9732],[114.89,25.9653],[114.8795,25.9686],[114.873,25.9635],[114.8621,25.9712],[114.8437,25.9694],[114.8201,25.9619],[114.8033,25.959],[114.8003,25.9641],[114.7911,25.9561]]]},"properties":{"region_code":"CN-36-3607-360702","parent_region_code":"CN-36-3607","name":"章贡区","level":"county","has_children":false,"full_path":"中国 / 江西省 / 赣州市 / 章贡区","source_admin_code":"360702","osm_relation_id":3180946}},
{"type":"Feature","geometry":{"type":"Polygon","coordinates":[[[114.7911,25.9561],[114.7863,25.9634],[114.779,25.9695],[114.7783,25.9761],[114.77,25.9797],[114.7717,25.9944],[114.7846,26.0018],[114.782,26.011],[114.7865,26.0178],[114.7777,26.0195],[114.7716,26.023],[114.7744,26.0348],[114.7736,26.0418],[114.7795,26.0473],[114.7817,26.056],[114.7812,26.0655],[114.7838,26.0711],[114.7733,26.0798],[114.7698,26.0756],[114.7521,26.0819],[114.7529,26.0853],[114.7488,26.0957],[114.7421,26.0986],[114.7413,26.1136],[114.7348,26.1141],[114.7269,26.1227],[114.7287,26.1377],[114.7334,26.1444],[114.7265,26.1553],[114.7115,26.1583],[114.7051,26.166],[114.698,26.173],[114.6848,26.1779],[114.6822,26.1828],[114.6756,26.1828],[114.668,26.189],[114.6625,26.1889],[114.663,26.198],[114.6515,26.2026],[114.6477,26.2017],[114.637,26.1933],[114.6333,26.2022],[114.6154,26.2068],[114.6112,26.2042],[114.6,26.2058],[114.6061,26.2205],[114.6025,26.2282],[114.5931,26.2289],[114.5913,26.2357],[114.585,26.2355],[114.577,26.2407],[114.558,26.2322],[114.5436,26.2281],[114.545,26.2223],[114.5367,26.2169],[114.5285,26.2239],[114.5191,26.217],[114.5143,26.202],[114.5151,26.1969],[114.5095,26.1939],[114.5086,26.1888],[114.4986,26.181],[114.4966,26.1762],[114.4885,26.1716],[114.4899,26.1548],[114.4867,26.1481],[114.4867,26.1367],[114.4894,26.1292],[114.5019,26.1305],[114.5042,26.1261],[114.5231,26.1182],[114.5296,26.1109],[114.5313,26.1001],[114.5372,26.0925],[114.5444,26.0884],[114.5497,26.0891],[114.5599,26.0829],[114.5658,26.0833],[114.5663,26.0761],[114.5595,26.0657],[114.562,26.0566],[114.5577,26.0442],[114.5613,26.0396],[114.5712,26.0409],[114.5753,26.0307],[114.5826,26.0285],[114.5823,26.0211],[114.5934,26.0161],[114.6056,26.0179],[114.6105,26.0262],[114.6207,26.0307],[114.625,26.0362],[114.6366,26.0305],[114.6432,26.0216],[114.6487,26.0226],[114.6587,26.017],[114.6536,26.0071],[114.6438,26.0052],[114.6313,25.9921],[114.6289,25.9831],[114.6246,25.9791],[114.6267,25.9655],[114.633,25.9663],[114.6353,25.9591],[114.6226,25.9516],[114.6251,25.9423],[114.6202,25.9421],[114.6117,25.9335],[114.6103,25.9263],[114.5978,25.9209],[114.588,25.9194],[114.5968,25.9088],[114.5902,25.9011],[114.5751,25.8956],[114.5728,25.8869],[114.5728,25.8678],[114.5801,25.8613],[114.5775,25.8576],[114.5839,25.8524],[114.5859,25.859],[114.5988,25.8627],[114.6068,25.8516],[114.6115,25.8372],[114.6158,25.8326],[114.619,25.8229],[114.6151,25.8191],[114.6234,25.8066],[114.6169,25.7989],[114.6061,25.7919],[114.6129,25.7856],[114.6121,25.7765],[114.619,25.7694],[114.6119,25.7588],[114.6198,25.755],[114.6196,25.7443],[114.6054,25.7403],[114.6039,25.7448],[114.5958,25.7437],[114.6008,25.7276],[114.6135,25.7245],[114.6233,25.7162],[114.617,25.712],[114.6125,25.7034],[114.5926,25.7018],[114.5869,25.7038],[114.5778,25.7012],[114.5739,25.704],[114.5617,25.6877],[114.5603,25.6832],[114.5531,25.6824],[114.5418,25.6643],[114.5292,25.6619],[114.5211,25.6561],[114.5185,25.6481],[114.5068,25.6364],[114.5053,25.6304],[114.5,25.6282],[114.5023,25.6202],[114.501,25.6134],[114.5079,25.6114],[114.5117,25.6146],[114.52,25.614],[114.5212,25.6076],[114.5282,25.602],[114.5423,25.6035],[114.5479,25.5981],[114.5543,25.5968],[114.553,25.5897],[114.5682,25.5866],[114.5788,25.5884],[114.5838,25.594],[114.5903,25.5969],[114.596,25.5953],[114.6104,25.5978],[114.6275,25.5989],[114.6367,25.5961],[114.6487,25.6021],[114.6609,25.5953],[114.6622,25.5883],[114.6665,25.5839],[114.6659,25.5751],[114.6583,25.5708],[114.6666,25.5607],[114.6643,25.5504],[114.6589,25.5434],[114.658,25.5365],[114.6641,25.5346],[114.6711,25.5272],[114.6755,25.5151],[114.6751,25.5105],[114.6812,25.4928],[114.6934,25.4827],[114.7016,25.4831],[114.7014,25.4755],[114.7092,25.4742],[114.7146,25.4789],[114.7148,25.4833],[114.7235,25.4864],[114.7372,25.4715],[114.7463,25.4658],[114.7567,25.4738],[114.7588,25.4836],[114.7699,25.4873],[114.7747,25.491],[114.7832,25.4893],[114.7877,25.4919],[114.7966,25.4886],[114.8073,25.4907],[114.8251,25.4972],[114.8327,25.4979],[114.8362,25.4945],[114.8483,25.5011],[114.8514,25.5123],[114.8584,25.5178],[114.8536,25.5249],[114.8473,25.5292],[114.8514,25.5347],[114.8436,25.537],[114.8372,25.545],[114.8415,25.5493],[114.8423,25.5561],[114.8315,25.5598],[114.8279,25.5637],[114.8281,25.5748],[114.8384,25.5829],[114.8412,25.5975],[114.8395,25.6043],[114.8415,25.6117],[114.8491,25.6129],[114.8535,25.6242],[114.8438,25.6324],[114.8519,25.6429],[114.8628,25.6494],[114.8689,25.6563],[114.879,25.6602],[114.87,25.6669],[114.8662,25.6829],[114.8623,25.6896],[114.8539,25.6918],[114.8495,25.6994],[114.8308,25.7077],[114.8365,25.7128],[114.8314,25.7164],[114.8339,25.7374],[114.8296,25.7423],[114.8304,25.7507],[114.8198,25.753],[114.804,25.7496],[114.7982,25.7543],[114.8002,25.7662],[114.8062,25.7712],[114.8197,25.7724],[114.8256,25.7747],[114.8294,25.7805],[114.8305,25.7884],[114.8416,25.7932],[114.8454,25.7994],[114.8304,25.8012],[114.8197,25.8061],[114.8189,25.8099],[114.8345,25.815],[114.846,25.8213],[114.826,25.8371],[114.8245,25.844],[114.8196,25.8436],[114.8207,25.8532],[114.8099,25.857],[114.8061,25.8646],[114.8115,25.8751],[114.8119,25.8909],[114.8167,25.896],[114.8133,25.9062],[114.8005,25.8936],[114.7964,25.8963],[114.7963,25.9095],[114.7896,25.9184],[114.7818,25.9193],[114.7799,25.926],[114.7857,25.9352],[114.7942,25.9446],[114.7961,25.9499],[114.7911,25.9561]]]},"properties":{"region_code":"CN-36-3607-360703","parent_region_code":"CN-36-3607","name":"南康区","level":"county","has_children":false,"full_path":"中国 / 江西省 / 赣州市 / 南康区","source_admin_code":"360703","osm_relation_id":3180937}},
{"type":"Feature","geometry":{"type":"Polygon","coordinates":[[[114.879,25.6602],[114.8689,25.6563],[114.8628,25.6494],[114.8519,25.6429],[114.8438,25.6324],[114.8535,25.6242],[114.8491,25.6129],[114.8415,25.6117],[114.8395,25.6043],[114.8412,25.5975],[114.8384,25.5829],[114.8281,25.5748],[114.8279,25.5637],[114.8315,25.5598],[114.8423,25.5561],[114.8415,25.5493],[114.8372,25.545],[114.8436,25.537],[114.8514,25.5347],[114.8625,25.5329],[114.8633,25.5424],[114.8677,25.5482],[114.8761,25.5484],[114.8819,25.5448],[114.8811,25.5396],[114.895,25.5256],[114.9041,25.5227],[114.9051,25.5177],[114.911,25.517],[114.9241,25.5191],[114.9267,25.5293],[114.947,25.5242],[114.9489,25.5196],[114.9612,25.5227],[114.9687,25.519],[114.9728,25.514],[114.9816,25.5144],[114.9911,25.5078],[115.0001,25.5058],[115.0126,25.4938],[115.003,25.4825],[115.0248,25.4847],[115.0339,25.4941],[115.0358,25.5003],[115.0508,25.5015],[115.0517,25.5086],[115.0656,25.5014],[115.072,25.4941],[115.0725,25.4807],[115.0769,25.4641],[115.082,25.4579],[115.0805,25.4476],[115.0826,25.4424],[115.0933,25.4372],[115.0967,25.4334],[115.1043,25.4389],[115.1113,25.4384],[115.1159,25.4414],[115.1251,25.4377],[115.1344,25.4413],[115.1419,25.4542],[115.1426,25.4584],[115.1488,25.4677],[115.1582,25.4729],[115.1604,25.4791],[115.1725,25.4803],[115.1821,25.4795],[115.1897,25.4857],[115.2014,25.4892],[115.2008,25.5007],[115.2143,25.5138],[115.2217,25.5079],[115.2259,25.5114],[115.2401,25.5287],[115.2421,25.5371],[115.2473,25.537],[115.2561,25.5462],[115.2562,25.5566],[115.2484,25.5679],[115.2425,25.5893],[115.2406,25.5988],[115.2341,25.6083],[115.2407,25.6132],[115.235,25.6218],[115.2392,25.6255],[115.2364,25.6326],[115.2306,25.6314],[115.2264,25.6382],[115.2259,25.645],[115.2134,25.6476],[115.2095,25.6509],[115.2128,25.6623],[115.2248,25.6722],[115.2247,25.6819],[115.233,25.6914],[115.2468,25.693],[115.2521,25.7001],[115.2576,25.6956],[115.2634,25.7028],[115.2547,25.7083],[115.2551,25.7146],[115.2419,25.7155],[115.2431,25.7249],[115.2539,25.724],[115.26,25.729],[115.2597,25.7363],[115.2523,25.7454],[115.2462,25.7453],[115.2424,25.7547],[115.2408,25.7664],[115.2437,25.7722],[115.2406,25.7831],[115.24,25.7945],[115.2493,25.7999],[115.2457,25.8099],[115.2379,25.8088],[115.2328,25.8198],[115.2272,25.8252],[115.226,25.8344],[115.2101,25.8359],[115.2077,25.8434],[115.2073,25.8602],[115.2151,25.8678],[115.2111,25.8714],[115.1999,25.865],[115.191,25.8694],[115.1853,25.8693],[115.1838,25.8775],[115.1802,25.8807],[115.1776,25.8935],[115.1819,25.8963],[115.186,25.9123],[115.1853,25.9249],[115.1819,25.9292],[115.1824,25.9405],[115.186,25.9432],[115.1845,25.9494],[115.1871,25.9539],[115.1956,25.9593],[115.1935,25.9686],[115.1952,25.9741],[115.2024,25.9803],[115.2051,25.9866],[115.2146,25.9812],[115.223,25.9807],[115.2364,25.9728],[115.2388,25.9672],[115.2483,25.9662],[115.2584,25.9728],[115.268,25.9676],[115.2788,25.9776],[115.2923,25.9781],[115.2984,25.9766],[115.307,25.9832],[115.3085,25.989],[115.3196,25.9914],[115.3273,26.0026],[115.3272,26.0111],[115.3216,26.0124],[115.3171,26.0177],[115.311,26.0184],[115.298,26.0284],[115.3046,26.0367],[115.3118,26.0406],[115.3304,26.0425],[115.3354,26.0481],[115.3374,26.0564],[115.3348,26.0621],[115.3383,26.0661],[115.3352,26.0872],[115.3283,26.0903],[115.3285,26.0972],[115.3353,26.1031],[115.3465,26.1022],[115.3526,26.1079],[115.3612,26.1212],[115.3591,26.1295],[115.3528,26.1343],[115.3425,26.1285],[115.331,26.1315],[115.3102,26.152],[115.2993,26.1509],[115.293,26.1548],[115.2917,26.1637],[115.2869,26.1623],[115.277,26.1714],[115.277,26.18],[115.2611,26.1871],[115.2646,26.1997],[115.2605,26.205],[115.2606,26.2104],[115.2515,26.2196],[115.2541,26.2275],[115.2476,26.2274],[115.2366,26.233],[115.2294,26.2326],[115.2222,26.2271],[115.2185,26.2315],[115.2132,26.2248],[115.2025,26.2289],[115.1829,26.2224],[115.1781,26.2267],[115.1812,26.2386],[115.1806,26.2527],[115.1756,26.2626],[115.1775,26.2707],[115.1651,26.2692],[115.161,26.267],[115.143,26.2697],[115.1389,26.2748],[115.1226,26.2742],[115.1112,26.2717],[115.0998,26.2665],[115.0906,26.2701],[115.0857,26.2688],[115.0815,26.2623],[115.0732,26.2589],[115.0732,26.2457],[115.0666,26.2384],[115.053,26.2274],[115.0475,26.2251],[115.0412,26.2133],[115.046,26.2061],[115.0415,26.1992],[115.0535,26.1956],[115.0611,26.1957],[115.0678,26.189],[115.0711,26.1925],[115.0822,26.1821],[115.0817,26.1744],[115.0946,26.1714],[115.0942,26.1659],[115.0868,26.1521],[115.08,26.1515],[115.0734,26.1474],[115.057,26.1459],[115.0486,26.1505],[115.041,26.1603],[115.0256,26.1615],[115.0181,26.1769],[115.0124,26.172],[115.0046,26.1736],[115.0072,26.1787],[115.0039,26.1852],[115.0048,26.1922],[115.0023,26.197],[114.9883,26.2014],[114.9801,26.1984],[114.9695,26.2052],[114.9623,26.2015],[114.9366,26.2062],[114.9293,26.2045],[114.9283,26.2104],[114.9139,26.2118],[114.9067,26.2156],[114.9016,26.2136],[114.898,26.2057],[114.8865,26.2073],[114.8761,26.198],[114.8695,26.1897],[114.8557,26.1903],[114.8579,26.1961],[114.8518,26.2025],[114.8429,26.2021],[114.8383,26.1966],[114.8283,26.1923],[114.8193,26.1923],[114.8147,26.1863],[114.8027,26.1882],[114.797,26.186],[114.7827,26.1911],[114.7775,26.1891],[114.7712,26.1946],[114.7659,26.1941],[114.7602,26.1871],[114.7608,26.1798],[114.7437,26.184],[114.7321,26.1893],[114.722,26.1877],[114.7193,26.1755],[114.7137,26.1723],[114.7134,26.1672],[114.7051,26.166],[114.7115,26.1583],[114.7265,26.1553],[114.7334,26.1444],[114.7287,26.1377],[114.7269,26.1227],[114.7348,26.1141],[114.7413,26.1136],[114.7421,26.0986],[114.7488,26.0957],[114.7529,26.0853],[114.7521,26.0819],[114.7698,26.0756],[114.7733,26.0798],[114.7838,26.0711],[114.7812,26.0655],[114.7817,26.056],[114.7795,26.0473],[114.7736,26.0418],[114.7744,26.0348],[114.7716,26.023],[114.7777,26.0195],[114.7865,26.0178],[114.782,26.011],[114.7846,26.0018],[114.7717,25.9944],[114.77,25.9797],[114.7783,25.9761],[114.779,25.9695],[114.7863,25.9634],[114.7911,25.9561],[114.8003,25.9641],[114.8033,25.959],[114.8201,25.9619],[114.8437,25.9694],[114.8621,25.9712],[114.873,25.9635],[114.8795,25.9686],[114.89,25.9653],[114.8905,25.9732],[114.887,25.9762],[114.9003,25.9808],[114.9121,25.9512],[114.9249,25.947],[114.9461,25.946],[114.9583,25.9403],[114.9585,25.9326],[114.9494,25.9243],[114.9609,25.9162],[114.9564,25.905],[114.9636,25.8884],[114.965,25.8797],[114.983,25.8873],[114.9874,25.8704],[114.9904,25.8639],[114.9975,25.8591],[114.9997,25.8481],[115.0106,25.8507],[115.0208,25.8551],[115.0329,25.8687],[115.0423,25.8652],[115.0476,25.8605],[115.0581,25.8602],[115.0604,25.8503],[115.0526,25.8408],[115.0488,25.8192],[115.0508,25.8135],[115.0617,25.8096],[115.0577,25.7932],[115.0519,25.7911],[115.0424,25.7839],[115.0428,25.7783],[115.0358,25.7743],[115.031,25.7649],[115.0211,25.7567],[115.0177,25.7513],[115.0116,25.7503],[115.0024,25.7379],[115.011,25.7355],[115.0172,25.7288],[115.0281,25.7245],[115.0343,25.7175],[115.0317,25.7149],[115.0221,25.7165],[115.0209,25.7119],[115.026,25.7066],[115.006,25.6942],[114.9976,25.6855],[114.9905,25.6755],[114.9816,25.6726],[114.9727,25.6805],[114.9669,25.6921],[114.9607,25.6905],[114.9625,25.685],[114.9513,25.6856],[114.9458,25.6942],[114.9417,25.6961],[114.9384,25.704],[114.9339,25.7028],[114.926,25.6959],[114.9248,25.6891],[114.9101,25.682],[114.9015,25.6837],[114.8979,25.674],[114.9002,25.669],[114.8909,25.6623],[114.879,25.6602]]]},"properties":{"region_code":"CN-36-3607-360704","parent_region_code":"CN-36-3607","name":"赣县区","level":"county","has_children":false,"full_path":"中国 / 江西省 / 赣州市 / 赣县区","source_admin_code":"360704","osm_relation_id":3180935}},
{"type":"Feature","geometry":{"type":"Polygon","coordinates":[[[114.7014,25.4755],[114.6604,25.4506],[114.6523,25.4497],[114.645,25.4341],[114.6371,25.4358],[114.6351,25.4414],[114.6269,25.4416],[114.6244,25.4384],[114.6274,25.4313],[114.6181,25.4255],[114.6079,25.4167],[114.5999,25.4193],[114.5914,25.4256],[114.5776,25.4203],[114.5721,25.4158],[114.5706,25.4052],[114.5674,25.3888],[114.5713,25.3843],[114.5765,25.3873],[114.5741,25.3946],[114.5752,25.4003],[114.5801,25.4012],[114.5969,25.3879],[114.5929,25.3786],[114.5974,25.3728],[114.5954,25.3628],[114.6071,25.3615],[114.6128,25.3502],[114.6212,25.3418],[114.6198,25.3344],[114.6301,25.3303],[114.6328,25.327],[114.6534,25.3311],[114.6637,25.3288],[114.6646,25.3255],[114.6749,25.3161],[114.6903,25.324],[114.7079,25.317],[114.7081,25.3082],[114.7152,25.3079],[114.7207,25.2966],[114.7183,25.288],[114.727,25.2878],[114.7391,25.2775],[114.7387,25.2697],[114.7413,25.2624],[114.7367,25.2515],[114.7441,25.2457],[114.732,25.2427],[114.735,25.2374],[114.7441,25.235],[114.7331,25.2284],[114.7263,25.2296],[114.7206,25.2364],[114.7079,25.2246],[114.6974,25.224],[114.6964,25.2191],[114.6891,25.2165],[114.6919,25.2081],[114.6961,25.2053],[114.6905,25.1985],[114.678,25.1976],[114.6764,25.1911],[114.6869,25.1832],[114.6812,25.1792],[114.6855,25.1731],[114.7051,25.1645],[114.7204,25.1652],[114.7211,25.16],[114.7311,25.1537],[114.7269,25.1471],[114.7353,25.1308],[114.7448,25.1225],[114.7559,25.1055],[114.7607,25.1026],[114.7735,25.0997],[114.7815,25.0872],[114.7917,25.0857],[114.7973,25.0737],[114.8101,25.0713],[114.8419,25.0621],[114.8448,25.0574],[114.855,25.0484],[114.8533,25.0432],[114.8585,25.0386],[114.858,25.0337],[114.8656,25.0297],[114.8665,25.0211],[114.8635,25.0128],[114.856,25.0058],[114.8582,25.0011],[114.8721,25.0011],[114.8943,25.0109],[114.9014,25.0038],[114.914,25.0095],[114.9224,25.0158],[114.9334,25.0189],[114.9471,25.0061],[114.9521,25.0071],[114.952,24.9946],[114.9596,24.9989],[114.9676,24.9996],[114.9687,25.0041],[114.9776,25.0063],[114.9706,25.0173],[114.975,25.0213],[114.9753,25.0331],[114.9868,25.0399],[114.9973,25.0358],[115.0008,25.0384],[115.0048,25.0482],[115.0119,25.044],[115.0208,25.0477],[115.0198,25.0552],[115.032,25.0618],[115.0395,25.0557],[115.0547,25.0587],[115.0583,25.05],[115.0621,25.0475],[115.0753,25.0482],[115.0797,25.0399],[115.0886,25.0382],[115.0946,25.0406],[115.0999,25.0385],[115.1094,25.0398],[115.1127,25.029],[115.1191,25.0254],[115.1253,25.0144],[115.1321,25.0068],[115.1374,25.0056],[115.1399,25.0138],[115.1474,25.0172],[115.1488,25.0109],[115.158,25.0029],[115.1634,25.0033],[115.1753,24.9975],[115.1844,24.9976],[115.193,24.9886],[115.1925,24.9963],[115.2012,24.9974],[115.2042,25.0018],[115.2024,25.0085],[115.1944,25.0114],[115.1981,25.0278],[115.2065,25.0318],[115.2046,25.0391],[115.2076,25.0467],[115.2062,25.052],[115.1985,25.0535],[115.1894,25.06],[115.1898,25.0631],[115.1997,25.0635],[115.2003,25.0694],[115.1936,25.0718],[115.1961,25.0763],[115.1878,25.0864],[115.1883,25.0969],[115.1859,25.102],[115.1775,25.0985],[115.1711,25.0984],[115.1656,25.1035],[115.1725,25.1067],[115.1826,25.1223],[115.172,25.1299],[115.1784,25.1399],[115.1739,25.1448],[115.1819,25.1533],[115.1782,25.1579],[115.186,25.1601],[115.1863,25.1661],[115.2005,25.1652],[115.2067,25.1667],[115.2198,25.1773],[115.2183,25.1814],[115.2236,25.1856],[115.2293,25.2008],[115.2288,25.2038],[115.2366,25.2126],[115.2405,25.212],[115.2611,25.2314],[115.2618,25.239],[115.267,25.2435],[115.2764,25.2562],[115.2737,25.2754],[115.2771,25.281],[115.2844,25.2858],[115.2866,25.2907],[115.2841,25.297],[115.2859,25.3074],[115.2931,25.3124],[115.2911,25.3167],[115.2964,25.3213],[115.2971,25.3287],[115.3042,25.3347],[115.3127,25.3454],[115.313,25.3508],[115.3072,25.3602],[115.3099,25.3734],[115.314,25.3787],[115.3056,25.3888],[115.3078,25.3944],[115.3013,25.4005],[115.3026,25.4085],[115.2952,25.4124],[115.2918,25.4187],[115.2993,25.426],[115.2963,25.4303],[115.3,25.4394],[115.2971,25.445],[115.2908,25.4484],[115.2921,25.4534],[115.288,25.4571],[115.2756,25.4553],[115.2638,25.4564],[115.2573,25.4588],[115.259,25.4792],[115.2492,25.4788],[115.2423,25.4896],[115.2426,25.4932],[115.2329,25.4986],[115.2308,25.5056],[115.2217,25.5079],[115.2143,25.5138],[115.2008,25.5007],[115.2014,25.4892],[115.1897,25.4857],[115.1821,25.4795],[115.1725,25.4803],[115.1604,25.4791],[115.1582,25.4729],[115.1488,25.4677],[115.1426,25.4584],[115.1419,25.4542],[115.1344,25.4413],[115.1251,25.4377],[115.1159,25.4414],[115.1113,25.4384],[115.1043,25.4389],[115.0967,25.4334],[115.0933,25.4372],[115.0826,25.4424],[115.0805,25.4476],[115.082,25.4579],[115.0769,25.4641],[115.0725,25.4807],[115.072,25.4941],[115.0656,25.5014],[115.0517,25.5086],[115.0508,25.5015],[115.0358,25.5003],[115.0339,25.4941],[115.0248,25.4847],[115.003,25.4825],[115.0126,25.4938],[115.0001,25.5058],[114.9911,25.5078],[114.9816,25.5144],[114.9728,25.514],[114.9687,25.519],[114.9612,25.5227],[114.9489,25.5196],[114.947,25.5242],[114.9267,25.5293],[114.9241,25.5191],[114.911,25.517],[114.9051,25.5177],[114.9041,25.5227],[114.895,25.5256],[114.8811,25.5396],[114.8819,25.5448],[114.8761,25.5484],[114.8677,25.5482],[114.8633,25.5424],[114.8625,25.5329],[114.8514,25.5347],[114.8473,25.5292],[114.8536,25.5249],[114.8584,25.5178],[114.8514,25.5123],[114.8483,25.5011],[114.8362,25.4945],[114.8327,25.4979],[114.8251,25.4972],[114.8073,25.4907],[114.7966,25.4886],[114.7877,25.4919],[114.7832,25.4893],[114.7747,25.491],[114.7699,25.4873],[114.7588,25.4836],[114.7567,25.4738],[114.7463,25.4658],[114.7372,25.4715],[114.7235,25.4864],[114.7148,25.4833],[114.7146,25.4789],[114.7092,25.4742],[114.7014,25.4755]]]},"properties":{"region_code":"CN-36-3607-360722","parent_region_code":"CN-36-3607","name":"信丰县","level":"county","has_children":false,"full_path":"中国 / 江西省 / 赣州市 / 信丰县","source_admin_code":"360722","osm_relation_id":3180942}},
{"type":"Feature","geometry":{"type":"Polygon","coordinates":[[[114.501,25.6134],[114.4879,25.6139],[114.4745,25.6173],[114.4622,25.6165],[114.4553,25.6144],[114.4443,25.6021],[114.4354,25.6107],[114.43,25.6102],[114.4273,25.6211],[114.4128,25.6165],[114.4094,25.6115],[114.3938,25.6084],[114.3844,25.5999],[114.3814,25.5894],[114.3747,25.589],[114.3731,25.584],[114.377,25.5687],[114.374,25.5611],[114.3602,25.5582],[114.3559,25.5462],[114.3529,25.5436],[114.3533,25.5361],[114.3576,25.5317],[114.3544,25.5223],[114.3588,25.5119],[114.3478,25.5038],[114.3467,25.4974],[114.3425,25.4935],[114.3399,25.4795],[114.3423,25.4709],[114.3342,25.4708],[114.3255,25.4639],[114.3165,25.4643],[114.3135,25.4585],[114.2785,25.4665],[114.2745,25.4808],[114.2673,25.4845],[114.2647,25.4936],[114.2658,25.5006],[114.2609,25.5162],[114.2515,25.52],[114.2396,25.518],[114.2337,25.532],[114.2219,25.5305],[114.2168,25.5257],[114.2068,25.5228],[114.1862,25.526],[114.1748,25.5227],[114.1705,25.5122],[114.1767,25.5055],[114.1893,25.509],[114.1936,25.5012],[114.1893,25.4954],[114.1882,25.4862],[114.196,25.4865],[114.2003,25.4827],[114.1952,25.4754],[114.1768,25.4679],[114.1755,25.4639],[114.167,25.4584],[114.1671,25.4664],[114.1562,25.4679],[114.1563,25.4592],[114.1432,25.4599],[114.1435,25.4455],[114.1345,25.4415],[114.1304,25.4359],[114.1216,25.4357],[114.1162,25.4284],[114.1149,25.4204],[114.1017,25.4161],[114.0967,25.4208],[114.0993,25.432],[114.0887,25.4355],[114.0856,25.4422],[114.0785,25.4382],[114.0707,25.4406],[114.0587,25.437],[114.0561,25.4424],[114.036,25.4493],[114.0215,25.44],[114.0175,25.4206],[114.0088,25.4176],[114.0026,25.4],[114.0056,25.3896],[114.0135,25.3903],[114.0171,25.3876],[114.0263,25.3936],[114.0348,25.395],[114.04,25.3869],[114.0282,25.3835],[114.0202,25.3763],[114.0404,25.3712],[114.0459,25.3666],[114.0403,25.3612],[114.0463,25.3502],[114.043,25.3446],[114.0312,25.346],[114.0295,25.3402],[114.0236,25.3375],[114.0285,25.3241],[114.0392,25.3215],[114.0484,25.3149],[114.0423,25.3104],[114.0292,25.3114],[114.0207,25.3047],[114.0215,25.2929],[114.0177,25.2864],[114.0109,25.2827],[114.0155,25.2732],[114.0252,25.2695],[114.024,25.2577],[114.0269,25.2549],[114.0354,25.2541],[114.0461,25.2766],[114.059,25.2837],[114.0628,25.2767],[114.0713,25.2816],[114.0785,25.2782],[114.0889,25.291],[114.0975,25.2971],[114.1038,25.2987],[114.1119,25.3063],[114.1213,25.303],[114.1295,25.3119],[114.1455,25.3123],[114.1504,25.3162],[114.1619,25.3165],[114.1665,25.309],[114.1746,25.3091],[114.1871,25.3209],[114.2001,25.3137],[114.1995,25.3034],[114.2192,25.3016],[114.2311,25.3035],[114.2473,25.2969],[114.2588,25.2941],[114.2638,25.3037],[114.2809,25.303],[114.2845,25.3009],[114.2864,25.2919],[114.2982,25.2934],[114.2898,25.301],[114.2961,25.3071],[114.3029,25.3093],[114.3077,25.3151],[114.2992,25.318],[114.2984,25.3269],[114.3009,25.335],[114.3107,25.3423],[114.3208,25.3374],[114.3325,25.3372],[114.3518,25.3299],[114.3639,25.3298],[114.3701,25.3219],[114.3756,25.3185],[114.3815,25.326],[114.3946,25.3296],[114.3974,25.3372],[114.4109,25.3378],[114.4202,25.3403],[114.4257,25.349],[114.4267,25.3608],[114.4316,25.3663],[114.4345,25.3811],[114.4463,25.3891],[114.455,25.3903],[114.4579,25.3836],[114.4765,25.3738],[114.4824,25.3797],[114.4908,25.3795],[114.5045,25.3877],[114.506,25.392],[114.5018,25.3969],[114.5013,25.4033],[114.5084,25.4041],[114.5213,25.4127],[114.5257,25.4187],[114.5354,25.4219],[114.5389,25.4162],[114.5466,25.4159],[114.5517,25.4106],[114.5706,25.4052],[114.5721,25.4158],[114.5776,25.4203],[114.5914,25.4256],[114.5999,25.4193],[114.6079,25.4167],[114.6181,25.4255],[114.6274,25.4313],[114.6244,25.4384],[114.6269,25.4416],[114.6351,25.4414],[114.6371,25.4358],[114.645,25.4341],[114.6523,25.4497],[114.6604,25.4506],[114.7014,25.4755],[114.7016,25.4831],[114.6934,25.4827],[114.6812,25.4928],[114.6751,25.5105],[114.6755,25.5151],[114.6711,25.5272],[114.6641,25.5346],[114.658,25.5365],[114.6589,25.5434],[114.6643,25.5504],[114.6666,25.5607],[114.6583,25.5708],[114.6659,25.5751],[114.6665,25.5839],[114.6622,25.5883],[114.6609,25.5953],[114.6487,25.6021],[114.6367,25.5961],[114.6275,25.5989],[114.6104,25.5978],[114.596,25.5953],[114.5903,25.5969],[114.5838,25.594],[114.5788,25.5884],[114.5682,25.5866],[114.553,25.5897],[114.5543,25.5968],[114.5479,25.5981],[114.5423,25.6035],[114.5282,25.602],[114.5212,25.6076],[114.52,25.614],[114.5117,25.6146],[114.5079,25.6114],[114.501,25.6134]]]},"properties":{"region_code":"CN-36-3607-360723","parent_region_code":"CN-36-3607","name":"大余县","level":"county","has_children":false,"full_path":"中国 / 江西省 / 赣州市 / 大余县","source_admin_code":"360723","osm_relation_id":3180934}},
{"type":"Feature","geometry":{"type":"Polygon","coordinates":[[[114.4885,26.1716],[114.4755,26.1627],[114.4753,26.156],[114.4577,26.1472],[114.4524,26.1503],[114.4469,26.1472],[114.4506,26.137],[114.4498,26.1332],[114.4537,26.12],[114.4403,26.1137],[114.4338,26.1059],[114.4286,26.0907],[114.4228,26.0922],[114.4188,26.1018],[114.4207,26.1106],[114.4162,26.1123],[114.3992,26.1109],[114.3971,26.1182],[114.3902,26.1155],[114.3697,26.1206],[114.3644,26.1138],[114.3513,26.0932],[114.3391,26.0929],[114.3315,26.0856],[114.3284,26.0793],[114.3088,26.0706],[114.3069,26.0722],[114.2963,26.0596],[114.2903,26.058],[114.2855,26.0505],[114.2895,26.0424],[114.2771,26.0354],[114.2731,26.0394],[114.2655,26.0336],[114.2505,26.03],[114.2258,26.0303],[114.2179,26.0231],[114.1865,26.0329],[114.1773,26.0304],[114.1717,26.0326],[114.1569,26.029],[114.1484,26.0247],[114.1456,26.0157],[114.1328,26.0083],[114.1243,26.0058],[114.1171,26.0081],[114.0996,25.9928],[114.09,25.9961],[114.0845,25.9938],[114.0766,25.995],[114.0689,25.99],[114.0528,25.9946],[114.0337,25.99],[114.0137,25.9709],[114.0179,25.9618],[114.0174,25.953],[114.0228,25.9524],[114.0259,25.9411],[114.0163,25.9238],[114.0198,25.9148],[114.017,25.9088],[114.0219,25.8972],[114.0323,25.8976],[114.0508,25.9031],[114.0571,25.9069],[114.0639,25.9064],[114.0839,25.8996],[114.0972,25.9008],[114.1,25.8865],[114.1056,25.8822],[114.1197,25.895],[114.1305,25.8918],[114.1405,25.9026],[114.1515,25.8957],[114.1558,25.8983],[114.1649,25.896],[114.1695,25.8887],[114.1834,25.882],[114.1825,25.8746],[114.194,25.8708],[114.2013,25.8648],[114.2108,25.8627],[114.2194,25.8576],[114.2193,25.8751],[114.2233,25.875],[114.241,25.8831],[114.2531,25.8841],[114.2625,25.8766],[114.2715,25.877],[114.2776,25.8747],[114.2825,25.8785],[114.2993,25.8853],[114.305,25.8852],[114.315,25.8748],[114.3204,25.876],[114.3255,25.8719],[114.3332,25.8733],[114.339,25.8706],[114.3512,25.8734],[114.3648,25.8642],[114.3734,25.8616],[114.3783,25.8649],[114.3814,25.8526],[114.376,25.8464],[114.3761,25.8406],[114.3818,25.8322],[114.3774,25.8254],[114.3851,25.8162],[114.3951,25.817],[114.4059,25.8119],[114.4076,25.7959],[114.3985,25.7797],[114.3988,25.7706],[114.3952,25.7551],[114.4024,25.7499],[114.3962,25.7266],[114.4001,25.7234],[114.3984,25.7175],[114.4183,25.7099],[114.4211,25.7051],[114.43,25.7072],[114.4438,25.7052],[114.4495,25.7093],[114.4564,25.7061],[114.4679,25.7085],[114.4765,25.7057],[114.4906,25.7229],[114.4923,25.7293],[114.4986,25.7356],[114.5063,25.7358],[114.5166,25.731],[114.5223,25.7368],[114.5328,25.738],[114.5443,25.7332],[114.5502,25.7411],[114.5648,25.7425],[114.5738,25.7419],[114.5794,25.7387],[114.5854,25.7431],[114.5958,25.7437],[114.6039,25.7448],[114.6054,25.7403],[114.6196,25.7443],[114.6198,25.755],[114.6119,25.7588],[114.619,25.7694],[114.6121,25.7765],[114.6129,25.7856],[114.6061,25.7919],[114.6169,25.7989],[114.6234,25.8066],[114.6151,25.8191],[114.619,25.8229],[114.6158,25.8326],[114.6115,25.8372],[114.6068,25.8516],[114.5988,25.8627],[114.5859,25.859],[114.5839,25.8524],[114.5775,25.8576],[114.5801,25.8613],[114.5728,25.8678],[114.5728,25.8869],[114.5751,25.8956],[114.5902,25.9011],[114.5968,25.9088],[114.588,25.9194],[114.5978,25.9209],[114.6103,25.9263],[114.6117,25.9335],[114.6202,25.9421],[114.6251,25.9423],[114.6226,25.9516],[114.6353,25.9591],[114.633,25.9663],[114.6267,25.9655],[114.6246,25.9791],[114.6289,25.9831],[114.6313,25.9921],[114.6438,26.0052],[114.6536,26.0071],[114.6587,26.017],[114.6487,26.0226],[114.6432,26.0216],[114.6366,26.0305],[114.625,26.0362],[114.6207,26.0307],[114.6105,26.0262],[114.6056,26.0179],[114.5934,26.0161],[114.5823,26.0211],[114.5826,26.0285],[114.5753,26.0307],[114.5712,26.0409],[114.5613,26.0396],[114.5577,26.0442],[114.562,26.0566],[114.5595,26.0657],[114.5663,26.0761],[114.5658,26.0833],[114.5599,26.0829],[114.5497,26.0891],[114.5444,26.0884],[114.5372,26.0925],[114.5313,26.1001],[114.5296,26.1109],[114.5231,26.1182],[114.5042,26.1261],[114.5019,26.1305],[114.4894,26.1292],[114.4867,26.1367],[114.4867,26.1481],[114.4899,26.1548],[114.4885,26.1716]]]},"properties":{"region_code":"CN-36-3607-360724","parent_region_code":"CN-36-3607","name":"上犹县","level":"county","has_children":false,"full_path":"中国 / 江西省 / 赣州市 / 上犹县","source_admin_code":"360724","osm_relation_id":3180940}},
{"type":"Feature","geometry":{"type":"Polygon","coordinates":[[[114.5958,25.7437],[114.5854,25.7431],[114.5794,25.7387],[114.5738,25.7419],[114.5648,25.7425],[114.5502,25.7411],[114.5443,25.7332],[114.5328,25.738],[114.5223,25.7368],[114.5166,25.731],[114.5063,25.7358],[114.4986,25.7356],[114.4923,25.7293],[114.4906,25.7229],[114.4765,25.7057],[114.4679,25.7085],[114.4564,25.7061],[114.4495,25.7093],[114.4438,25.7052],[114.43,25.7072],[114.4211,25.7051],[114.4183,25.7099],[114.3984,25.7175],[114.4001,25.7234],[114.3962,25.7266],[114.4024,25.7499],[114.3952,25.7551],[114.3988,25.7706],[114.3985,25.7797],[114.4076,25.7959],[114.4059,25.8119],[114.3951,25.817],[114.3851,25.8162],[114.3774,25.8254],[114.3818,25.8322],[114.3761,25.8406],[114.376,25.8464],[114.3814,25.8526],[114.3783,25.8649],[114.3734,25.8616],[114.3648,25.8642],[114.3512,25.8734],[114.339,25.8706],[114.3332,25.8733],[114.3255,25.8719],[114.3204,25.876],[114.315,25.8748],[114.305,25.8852],[114.2993,25.8853],[114.2825,25.8785],[114.2776,25.8747],[114.2715,25.877],[114.2625,25.8766],[114.2531,25.8841],[114.241,25.8831],[114.2233,25.875],[114.2193,25.8751],[114.2194,25.8576],[114.2108,25.8627],[114.2013,25.8648],[114.194,25.8708],[114.1825,25.8746],[114.1834,25.882],[114.1695,25.8887],[114.1649,25.896],[114.1558,25.8983],[114.1515,25.8957],[114.1405,25.9026],[114.1305,25.8918],[114.1197,25.895],[114.1056,25.8822],[114.1,25.8865],[114.0972,25.9008],[114.0839,25.8996],[114.0639,25.9064],[114.0571,25.9069],[114.0508,25.9031],[114.0323,25.8976],[114.0219,25.8972],[114.0118,25.8931],[114.005,25.879],[113.9921,25.864],[113.9866,25.8624],[113.9745,25.8499],[113.9717,25.8427],[113.9646,25.8346],[113.9659,25.8182],[113.9573,25.8087],[113.9537,25.7866],[113.9559,25.7805],[113.953,25.7765],[113.9326,25.7594],[113.9157,25.7441],[113.9107,25.7333],[113.9131,25.7195],[113.9091,25.704],[113.9156,25.6986],[113.9276,25.6675],[113.9341,25.6647],[113.9372,25.6458],[113.9455,25.6389],[113.9454,25.6256],[113.9525,25.615],[113.9772,25.6057],[113.9743,25.5779],[113.9754,25.575],[113.9859,25.5672],[113.9856,25.5621],[113.979,25.5413],[113.9821,25.533],[113.9579,25.5345],[113.9479,25.5095],[113.939,25.5025],[113.9505,25.5027],[113.9461,25.4915],[113.9536,25.4861],[113.9438,25.4717],[113.9349,25.4653],[113.9364,25.4495],[113.939,25.4446],[113.95,25.4494],[113.9564,25.4569],[113.9648,25.4521],[113.9744,25.4515],[113.9859,25.4458],[113.9942,25.4476],[114.0012,25.4395],[113.977,25.4167],[113.9798,25.4093],[113.9866,25.4043],[114.0026,25.4],[114.0088,25.4176],[114.0175,25.4206],[114.0215,25.44],[114.036,25.4493],[114.0561,25.4424],[114.0587,25.437],[114.0707,25.4406],[114.0785,25.4382],[114.0856,25.4422],[114.0887,25.4355],[114.0993,25.432],[114.0967,25.4208],[114.1017,25.4161],[114.1149,25.4204],[114.1162,25.4284],[114.1216,25.4357],[114.1304,25.4359],[114.1345,25.4415],[114.1435,25.4455],[114.1432,25.4599],[114.1563,25.4592],[114.1562,25.4679],[114.1671,25.4664],[114.167,25.4584],[114.1755,25.4639],[114.1768,25.4679],[114.1952,25.4754],[114.2003,25.4827],[114.196,25.4865],[114.1882,25.4862],[114.1893,25.4954],[114.1936,25.5012],[114.1893,25.509],[114.1767,25.5055],[114.1705,25.5122],[114.1748,25.5227],[114.1862,25.526],[114.2068,25.5228],[114.2168,25.5257],[114.2219,25.5305],[114.2337,25.532],[114.2396,25.518],[114.2515,25.52],[114.2609,25.5162],[114.2658,25.5006],[114.2647,25.4936],[114.2673,25.4845],[114.2745,25.4808],[114.2785,25.4665],[114.3135,25.4585],[114.3165,25.4643],[114.3255,25.4639],[114.3342,25.4708],[114.3423,25.4709],[114.3399,25.4795],[114.3425,25.4935],[114.3467,25.4974],[114.3478,25.5038],[114.3588,25.5119],[114.3544,25.5223],[114.3576,25.5317],[114.3533,25.5361],[114.3529,25.5436],[114.3559,25.5462],[114.3602,25.5582],[114.374,25.5611],[114.377,25.5687],[114.3731,25.584],[114.3747,25.589],[114.3814,25.5894],[114.3844,25.5999],[114.3938,25.6084],[114.4094,25.6115],[114.4128,25.6165],[114.4273,25.6211],[114.43,25.6102],[114.4354,25.6107],[114.4443,25.6021],[114.4553,25.6144],[114.4622,25.6165],[114.4745,25.6173],[114.4879,25.6139],[114.501,25.6134],[114.5023,25.6202],[114.5,25.6282],[114.5053,25.6304],[114.5068,25.6364],[114.5185,25.6481],[114.5211,25.6561],[114.5292,25.6619],[114.5418,25.6643],[114.5531,25.6824],[114.5603,25.6832],[114.5617,25.6877],[114.5739,25.704],[114.5778,25.7012],[114.5869,25.7038],[114.5926,25.7018],[114.6125,25.7034],[114.617,25.712],[114.6233,25.7162],[114.6135,25.7245],[114.6008,25.7276],[114.5958,25.7437]]]},"properties":{"region_code":"CN-36-3607-360725","parent_region_code":"CN-36-3607","name":"崇义县","level":"county","has_children":false,"full_path":"中国 / 江西省 / 赣州市 / 崇义县","source_admin_code":"360725","osm_relation_id":3180933}},
{"type":"Feature","geometry":{"type":"Polygon","coordinates":[[[115.2217,25.5079],[115.2308,25.5056],[115.2329,25.4986],[115.2426,25.4932],[115.2423,25.4896],[115.2492,25.4788],[115.259,25.4792],[115.2573,25.4588],[115.2638,25.4564],[115.2756,25.4553],[115.288,25.4571],[115.2921,25.4534],[115.2908,25.4484],[115.2971,25.445],[115.3,25.4394],[115.2963,25.4303],[115.2993,25.426],[115.2918,25.4187],[115.2952,25.4124],[115.3026,25.4085],[115.3013,25.4005],[115.3078,25.3944],[115.3056,25.3888],[115.314,25.3787],[115.3099,25.3734],[115.3072,25.3602],[115.313,25.3508],[115.3127,25.3454],[115.3042,25.3347],[115.2971,25.3287],[115.2964,25.3213],[115.2911,25.3167],[115.2931,25.3124],[115.2859,25.3074],[115.2841,25.297],[115.2866,25.2907],[115.2844,25.2858],[115.2771,25.281],[115.2737,25.2754],[115.2764,25.2562],[115.267,25.2435],[115.2618,25.239],[115.2611,25.2314],[115.2405,25.212],[115.2366,25.2126],[115.2288,25.2038],[115.2293,25.2008],[115.2236,25.1856],[115.2183,25.1814],[115.2198,25.1773],[115.2067,25.1667],[115.2005,25.1652],[115.1863,25.1661],[115.186,25.1601],[115.1782,25.1579],[115.1819,25.1533],[115.1739,25.1448],[115.1784,25.1399],[115.172,25.1299],[115.1826,25.1223],[115.1725,25.1067],[115.1656,25.1035],[115.1711,25.0984],[115.1775,25.0985],[115.1859,25.102],[115.1883,25.0969],[115.1878,25.0864],[115.1961,25.0763],[115.1936,25.0718],[115.2003,25.0694],[115.1997,25.0635],[115.1898,25.0631],[115.1894,25.06],[115.1985,25.0535],[115.2062,25.052],[115.2076,25.0467],[115.2046,25.0391],[115.2065,25.0318],[115.1981,25.0278],[115.1944,25.0114],[115.2024,25.0085],[115.2042,25.0018],[115.2012,24.9974],[115.1925,24.9963],[115.193,24.9886],[115.1886,24.9858],[115.1837,24.9731],[115.177,24.973],[115.1733,24.957],[115.1662,24.9578],[115.1561,24.9525],[115.1577,24.9404],[115.1565,24.9331],[115.1644,24.933],[115.1736,24.9072],[115.1823,24.8947],[115.2149,24.8947],[115.2233,24.9036],[115.2341,24.9016],[115.2395,24.9071],[115.248,24.9026],[115.2605,24.8995],[115.2612,24.8911],[115.2679,24.8878],[115.2672,24.8833],[115.2723,24.8796],[115.2792,24.8796],[115.293,24.8876],[115.3067,24.8823],[115.3066,24.8772],[115.3161,24.8784],[115.3191,24.8743],[115.3263,24.8722],[115.3432,24.8844],[115.3513,24.8855],[115.359,24.8917],[115.3624,24.8857],[115.3774,24.8819],[115.3901,24.8851],[115.4071,24.8806],[115.4137,24.8908],[115.4272,24.8952],[115.4287,24.9003],[115.4375,24.9006],[115.4576,24.9064],[115.4512,24.918],[115.4505,24.9235],[115.4538,24.9299],[115.4632,24.9306],[115.4571,24.941],[115.4637,24.9475],[115.4637,24.9549],[115.475,24.9567],[115.4789,24.9676],[115.4889,24.9704],[115.4858,24.9917],[115.4951,24.9989],[115.4982,25.0091],[115.4791,25.0104],[115.4765,25.0227],[115.4716,25.0288],[115.472,25.0349],[115.4767,25.0382],[115.4887,25.0398],[115.4839,25.0466],[115.4841,25.057],[115.4976,25.0627],[115.5016,25.0761],[115.4993,25.0804],[115.4875,25.0899],[115.4918,25.1042],[115.4958,25.1081],[115.508,25.109],[115.5147,25.1164],[115.5215,25.1208],[115.5327,25.1194],[115.5379,25.1282],[115.5407,25.1377],[115.5479,25.1436],[115.5525,25.1527],[115.5484,25.1635],[115.556,25.1712],[115.5498,25.1808],[115.5476,25.1971],[115.5528,25.2054],[115.548,25.2127],[115.552,25.2204],[115.5473,25.2244],[115.5492,25.2304],[115.5496,25.2438],[115.5585,25.2557],[115.569,25.2607],[115.5686,25.2658],[115.5829,25.2736],[115.5787,25.2816],[115.5849,25.2842],[115.586,25.2888],[115.5829,25.2956],[115.5748,25.3008],[115.5735,25.306],[115.5676,25.3115],[115.576,25.3217],[115.5848,25.3219],[115.5879,25.3274],[115.6008,25.3349],[115.6027,25.3434],[115.6003,25.3511],[115.6043,25.3556],[115.6061,25.3638],[115.6131,25.3623],[115.6266,25.3657],[115.6314,25.3732],[115.6319,25.3896],[115.6345,25.401],[115.6345,25.4119],[115.6231,25.4136],[115.6209,25.4244],[115.6263,25.4296],[115.6195,25.4364],[115.61,25.4279],[115.5956,25.4316],[115.591,25.4275],[115.5812,25.4254],[115.5695,25.4302],[115.5717,25.4394],[115.5768,25.4492],[115.5656,25.4605],[115.5559,25.4642],[115.5582,25.4711],[115.5463,25.4718],[115.5493,25.4773],[115.5601,25.4867],[115.5604,25.498],[115.5527,25.5025],[115.5464,25.4993],[115.5357,25.5145],[115.5314,25.5163],[115.5392,25.5239],[115.5297,25.5298],[115.5223,25.5292],[115.5141,25.5338],[115.5087,25.5275],[115.5014,25.5288],[115.4967,25.5349],[115.495,25.5466],[115.4969,25.5523],[115.4918,25.5556],[115.4846,25.5553],[115.4768,25.5596],[115.4706,25.5616],[115.4575,25.5581],[115.4491,25.5663],[115.4387,25.5704],[115.429,25.5591],[115.4162,25.5562],[115.4012,25.5626],[115.3927,25.5772],[115.3982,25.5826],[115.3884,25.5916],[115.3825,25.5886],[115.3697,25.5889],[115.3624,25.5972],[115.3676,25.6025],[115.376,25.6016],[115.3831,25.6085],[115.3757,25.6174],[115.3667,25.6236],[115.3573,25.6166],[115.3525,25.6232],[115.3382,25.6179],[115.3299,25.6214],[115.3255,25.6258],[115.3132,25.6266],[115.3058,25.6251],[115.3069,25.6188],[115.2997,25.6089],[115.2939,25.6082],[115.2716,25.5996],[115.2676,25.597],[115.2659,25.585],[115.2617,25.5796],[115.2555,25.5815],[115.2526,25.5902],[115.2475,25.5869],[115.2425,25.5893],[115.2484,25.5679],[115.2562,25.5566],[115.2561,25.5462],[115.2473,25.537],[115.2421,25.5371],[115.2401,25.5287],[115.2259,25.5114],[115.2217,25.5079]]]},"properties":{"region_code":"CN-36-3607-360726","parent_region_code":"CN-36-3607","name":"安远县","level":"county","has_children":false,"full_path":"中国 / 江西省 / 赣州市 / 安远县","source_admin_code":"360726","osm_relation_id":3180932}},
{"type":"Feature","geometry":{"type":"Polygon","coordinates":[[[114.952,24.9946],[114.9471,24.9867],[114.9383,24.9797],[114.9473,24.9742],[114.9493,24.9683],[114.9458,24.9633],[114.9463,24.9558],[114.9552,24.9525],[114.9526,24.94],[114.9548,24.932],[114.9643,24.9324],[114.9662,24.9242],[114.9672,24.9076],[114.9653,24.9032],[114.971,24.8987],[114.9649,24.8944],[114.9638,24.8874],[114.958,24.8873],[114.9515,24.8816],[114.9534,24.8763],[114.9612,24.8754],[114.9667,24.8671],[114.9572,24.8617],[114.9627,24.8569],[114.9694,24.8597],[114.9755,24.8574],[114.9732,24.8515],[114.9832,24.8395],[114.9759,24.8297],[114.9789,24.8263],[114.987,24.8253],[114.9877,24.8167],[114.9726,24.8112],[114.97,24.804],[114.9597,24.8044],[114.9603,24.7979],[114.9566,24.7938],[114.9465,24.791],[114.9304,24.7969],[114.9287,24.7873],[114.9336,24.7743],[114.937,24.7593],[114.9351,24.7521],[114.9199,24.7523],[114.9224,24.7415],[114.912,24.7383],[114.9021,24.7276],[114.8923,24.728],[114.8833,24.7243],[114.8839,24.7185],[114.8789,24.7153],[114.8686,24.7168],[114.8591,24.7311],[114.8528,24.7268],[114.8416,24.724],[114.8428,24.7186],[114.8389,24.707],[114.83,24.703],[114.8267,24.6904],[114.8277,24.686],[114.8204,24.6745],[114.8273,24.6703],[114.8283,24.6637],[114.8201,24.6603],[114.811,24.6597],[114.8129,24.6515],[114.8054,24.6492],[114.8022,24.6444],[114.8078,24.6381],[114.8087,24.6325],[114.8032,24.6249],[114.7994,24.6083],[114.8152,24.5946],[114.8216,24.5912],[114.8281,24.5993],[114.842,24.6054],[114.8545,24.6003],[114.8496,24.5855],[114.8539,24.5801],[114.857,24.5703],[114.8644,24.5654],[114.8783,24.5722],[114.882,24.5833],[114.8887,24.5854],[114.8892,24.594],[114.8973,24.611],[114.8939,24.626],[114.9012,24.6356],[114.8981,24.6415],[114.9037,24.6471],[114.9031,24.6591],[114.905,24.6646],[114.915,24.6702],[114.9321,24.6685],[114.9328,24.6549],[114.9407,24.6536],[114.9505,24.6584],[114.9576,24.6681],[114.9741,24.6762],[114.9864,24.6762],[114.999,24.682],[115.003,24.6753],[115.0121,24.6766],[115.0199,24.6719],[115.026,24.6809],[115.0388,24.6882],[115.0417,24.6915],[115.0406,24.7007],[115.0516,24.7064],[115.0688,24.7071],[115.0689,24.7018],[115.0766,24.7024],[115.0832,24.6944],[115.0817,24.69],[115.0909,24.6768],[115.0986,24.677],[115.1,24.6705],[115.1067,24.6742],[115.1191,24.6698],[115.1232,24.6736],[115.1204,24.6837],[115.1348,24.6847],[115.1441,24.6925],[115.1502,24.6914],[115.1686,24.6983],[115.1796,24.6959],[115.1832,24.7],[115.1794,24.7142],[115.1953,24.7165],[115.2115,24.7234],[115.2197,24.7292],[115.2311,24.7273],[115.2427,24.7345],[115.2541,24.7317],[115.2576,24.7343],[115.2635,24.7446],[115.265,24.7523],[115.2736,24.757],[115.3017,24.7615],[115.317,24.7515],[115.334,24.7518],[115.3535,24.7379],[115.3587,24.7421],[115.3578,24.7602],[115.3689,24.7775],[115.3621,24.7854],[115.3541,24.7833],[115.3473,24.7878],[115.3485,24.7972],[115.358,24.7984],[115.3588,24.802],[115.3701,24.8152],[115.3806,24.815],[115.3844,24.828],[115.3804,24.8317],[115.3823,24.8369],[115.3643,24.8379],[115.3642,24.8437],[115.357,24.8482],[115.3502,24.8408],[115.3428,24.8389],[115.3392,24.8339],[115.3336,24.836],[115.3388,24.8499],[115.339,24.8603],[115.3287,24.8596],[115.3248,24.8665],[115.3263,24.8722],[115.3191,24.8743],[115.3161,24.8784],[115.3066,24.8772],[115.3067,24.8823],[115.293,24.8876],[115.2792,24.8796],[115.2723,24.8796],[115.2672,24.8833],[115.2679,24.8878],[115.2612,24.8911],[115.2605,24.8995],[115.248,24.9026],[115.2395,24.9071],[115.2341,24.9016],[115.2233,24.9036],[115.2149,24.8947],[115.1823,24.8947],[115.1736,24.9072],[115.1644,24.933],[115.1565,24.9331],[115.1577,24.9404],[115.1561,24.9525],[115.1662,24.9578],[115.1733,24.957],[115.177,24.973],[115.1837,24.9731],[115.1886,24.9858],[115.193,24.9886],[115.1844,24.9976],[115.1753,24.9975],[115.1634,25.0033],[115.158,25.0029],[115.1488,25.0109],[115.1474,25.0172],[115.1399,25.0138],[115.1374,25.0056],[115.1321,25.0068],[115.1253,25.0144],[115.1191,25.0254],[115.1127,25.029],[115.1094,25.0398],[115.0999,25.0385],[115.0946,25.0406],[115.0886,25.0382],[115.0797,25.0399],[115.0753,25.0482],[115.0621,25.0475],[115.0583,25.05],[115.0547,25.0587],[115.0395,25.0557],[115.032,25.0618],[115.0198,25.0552],[115.0208,25.0477],[115.0119,25.044],[115.0048,25.0482],[115.0008,25.0384],[114.9973,25.0358],[114.9868,25.0399],[114.9753,25.0331],[114.975,25.0213],[114.9706,25.0173],[114.9776,25.0063],[114.9687,25.0041],[114.9676,24.9996],[114.9596,24.9989],[114.952,24.9946]]]},"properties":{"region_code":"CN-36-3607-360728","parent_region_code":"CN-36-3607","name":"定南县","level":"county","has_children":false,"full_path":"中国 / 江西省 / 赣州市 / 定南县","source_admin_code":"360728","osm_relation_id":2221863}},
{"type":"Feature","geometry":{"type":"Polygon","coordinates":[[[114.7353,25.1308],[114.7249,25.1204],[114.7115,25.1181],[114.7037,25.1112],[114.6997,25.1123],[114.6911,25.1064],[114.6786,25.1116],[114.6594,25.1018],[114.661,25.0961],[114.6544,25.0875],[114.6534,25.0825],[114.6397,25.079],[114.6386,25.0746],[114.6253,25.0773],[114.6172,25.0767],[114.6089,25.079],[114.5984,25.0845],[114.5931,25.0784],[114.5841,25.0825],[114.5744,25.084],[114.5665,25.0812],[114.5567,25.0819],[114.5525,25.0741],[114.5515,25.0671],[114.5356,25.0521],[114.5374,25.0415],[114.5287,25.0245],[114.5215,25.0234],[114.51,25.028],[114.5073,25.016],[114.5092,25.0085],[114.5039,25.0043],[114.4853,25.005],[114.4769,25.0093],[114.4618,25.0033],[114.4513,24.9973],[114.4516,24.9803],[114.4434,24.976],[114.4329,24.9747],[114.4196,24.9754],[114.4145,24.9719],[114.4223,24.9622],[114.4175,24.9592],[114.3981,24.9574],[114.3903,24.9533],[114.3932,24.9466],[114.3914,24.9382],[114.397,24.9322],[114.3936,24.9206],[114.3863,24.9141],[114.3957,24.9058],[114.4,24.8943],[114.3984,24.8812],[114.3954,24.8765],[114.3882,24.873],[114.3824,24.8662],[114.373,24.8642],[114.3691,24.8552],[114.3581,24.8469],[114.358,24.8402],[114.3513,24.832],[114.3527,24.8224],[114.3441,24.8197],[114.3367,24.8141],[114.3399,24.8023],[114.339,24.7927],[114.3302,24.7886],[114.3288,24.7837],[114.3349,24.775],[114.3368,24.7668],[114.3319,24.7542],[114.3239,24.7479],[114.3118,24.7444],[114.3083,24.7383],[114.2977,24.7341],[114.2839,24.7332],[114.2767,24.7267],[114.2745,24.7206],[114.2746,24.7111],[114.2666,24.7033],[114.2582,24.7036],[114.2516,24.7003],[114.2439,24.702],[114.2261,24.7007],[114.2067,24.6919],[114.1983,24.6912],[114.1866,24.6973],[114.1696,24.6951],[114.1646,24.6929],[114.1644,24.687],[114.1727,24.6752],[114.178,24.6719],[114.1789,24.6656],[114.1849,24.6612],[114.1773,24.656],[114.1754,24.6627],[114.1681,24.6589],[114.1705,24.6483],[114.1787,24.6501],[114.187,24.6555],[114.2019,24.6567],[114.2078,24.6492],[114.2257,24.6433],[114.2378,24.6482],[114.2421,24.6482],[114.2539,24.6434],[114.2559,24.6372],[114.2628,24.6336],[114.2711,24.635],[114.2766,24.6299],[114.2771,24.6243],[114.2847,24.6213],[114.2871,24.6013],[114.2943,24.5917],[114.2963,24.5816],[114.2992,24.578],[114.3092,24.5781],[114.3185,24.5822],[114.3264,24.5799],[114.3343,24.5867],[114.3414,24.5878],[114.3583,24.5859],[114.3612,24.5802],[114.3708,24.5765],[114.372,24.5695],[114.3763,24.5658],[114.3862,24.5654],[114.392,24.57],[114.3971,24.5801],[114.4111,24.5873],[114.4087,24.5947],[114.4171,24.6007],[114.4168,24.6085],[114.4351,24.6018],[114.4461,24.6],[114.4578,24.6047],[114.4704,24.615],[114.4715,24.6291],[114.481,24.6366],[114.4837,24.6429],[114.4903,24.6489],[114.4962,24.6475],[114.5001,24.6412],[114.5142,24.6521],[114.529,24.6504],[114.538,24.6627],[114.5424,24.6638],[114.5586,24.6767],[114.5604,24.6862],[114.5594,24.6926],[114.5661,24.7011],[114.5647,24.7102],[114.5751,24.7127],[114.5704,24.721],[114.5775,24.728],[114.5876,24.7335],[114.6139,24.7313],[114.6045,24.7399],[114.6004,24.7496],[114.5996,24.7583],[114.6043,24.7659],[114.6133,24.7626],[114.6197,24.7677],[114.6183,24.7752],[114.6125,24.7811],[114.6045,24.7852],[114.599,24.7978],[114.5938,24.806],[114.5975,24.8117],[114.6073,24.8141],[114.6091,24.8196],[114.6048,24.8238],[114.5978,24.8233],[114.5909,24.8302],[114.582,24.8343],[114.5818,24.8402],[114.5916,24.8456],[114.5966,24.8571],[114.5903,24.8589],[114.5753,24.874],[114.5597,24.8777],[114.5606,24.8839],[114.5747,24.8917],[114.5812,24.9019],[114.5819,24.9117],[114.5898,24.9122],[114.6042,24.9172],[114.6134,24.9134],[114.6218,24.9216],[114.6245,24.9288],[114.6325,24.9325],[114.6365,24.9307],[114.6432,24.94],[114.6543,24.9448],[114.6575,24.9487],[114.6672,24.9504],[114.6726,24.9598],[114.68,24.9643],[114.675,24.9708],[114.6753,24.9789],[114.6844,24.9749],[114.6953,24.9736],[114.7038,24.9776],[114.7118,24.9777],[114.7097,24.9855],[114.7248,24.9867],[114.7382,24.9789],[114.736,24.9736],[114.7456,24.9743],[114.7489,24.97],[114.7622,24.9748],[114.7659,24.9812],[114.775,24.9866],[114.7955,24.9939],[114.81,24.995],[114.8158,24.991],[114.8216,24.9954],[114.8291,24.9957],[114.8387,24.9919],[114.8469,25.0006],[114.846,25.0102],[114.856,25.0058],[114.8635,25.0128],[114.8665,25.0211],[114.8656,25.0297],[114.858,25.0337],[114.8585,25.0386],[114.8533,25.0432],[114.855,25.0484],[114.8448,25.0574],[114.8419,25.0621],[114.8101,25.0713],[114.7973,25.0737],[114.7917,25.0857],[114.7815,25.0872],[114.7735,25.0997],[114.7607,25.1026],[114.7559,25.1055],[114.7448,25.1225],[114.7353,25.1308]]]},"properties":{"region_code":"CN-36-3607-360729","parent_region_code":"CN-36-3607","name":"全南县","level":"county","has_children":false,"full_path":"中国 / 江西省 / 赣州市 / 全南县","source_admin_code":"360729","osm_relation_id":2221865}},
{"type":"Feature","geometry":{"type":"Polygon","coordinates":[[[116.2354,26.551],[116.2397,26.5596],[116.2482,26.5667],[116.2598,26.5702],[116.266,26.5839],[116.2647,26.5911],[116.2597,26.6014],[116.2506,26.6105],[116.2443,26.6122],[116.2314,26.6214],[116.2363,26.6285],[116.2433,26.6276],[116.2514,26.6356],[116.2608,26.642],[116.2673,26.6427],[116.2722,26.6504],[116.2693,26.6614],[116.2567,26.6604],[116.2543,26.6636],[116.2438,26.6574],[116.219,26.6572],[116.2173,26.6677],[116.2079,26.6665],[116.2004,26.6691],[116.1915,26.6686],[116.1942,26.6749],[116.192,26.6819],[116.1857,26.6857],[116.1825,26.6988],[116.1695,26.7046],[116.1561,26.7001],[116.15,26.701],[116.1442,26.7135],[116.1381,26.7174],[116.131,26.7121],[116.1247,26.719],[116.1196,26.7203],[116.1195,26.7276],[116.1144,26.7275],[116.1117,26.7333],[116.1267,26.7449],[116.1272,26.7545],[116.1342,26.7596],[116.1395,26.7771],[116.1381,26.7842],[116.1391,26.796],[116.1472,26.8043],[116.1493,26.8092],[116.1412,26.8235],[116.1353,26.8246],[116.1333,26.838],[116.1387,26.8417],[116.1442,26.8512],[116.148,26.8624],[116.153,26.8689],[116.1644,26.8763],[116.1596,26.8858],[116.1673,26.8988],[116.1541,26.9025],[116.1524,26.9088],[116.1546,26.9144],[116.1466,26.919],[116.1459,26.9297],[116.1475,26.9424],[116.1436,26.9467],[116.1476,26.9547],[116.1478,26.9623],[116.1509,26.9671],[116.1509,26.9758],[116.1656,26.9803],[116.1668,26.9881],[116.1716,26.9964],[116.1767,26.999],[116.1827,27.0084],[116.1819,27.0139],[116.1852,27.025],[116.1804,27.0381],[116.1838,27.0449],[116.1783,27.0549],[116.1724,27.0565],[116.1636,27.051],[116.1567,27.0423],[116.1501,27.049],[116.1455,27.0496],[116.1402,27.0603],[116.1398,27.0667],[116.1341,27.0708],[116.1366,27.083],[116.1402,27.0887],[116.1378,27.0936],[116.1286,27.0939],[116.1192,27.1038],[116.1241,27.115],[116.117,27.1221],[116.1198,27.1339],[116.1162,27.1396],[116.109,27.1331],[116.1018,27.136],[116.0978,27.1424],[116.0875,27.1452],[116.0797,27.143],[116.0628,27.1467],[116.0514,27.1338],[116.0451,27.1379],[116.0337,27.1319],[116.0245,27.1323],[116.0162,27.1267],[116.0159,27.1194],[116.0054,27.1175],[116.0046,27.1053],[115.9982,27.0865],[116.0006,27.0765],[116.0088,27.0707],[116.0006,27.062],[115.9954,27.0476],[115.9889,27.0439],[115.9849,27.0353],[115.9776,27.0334],[115.9756,27.0258],[115.9644,27.0132],[115.9624,27.0038],[115.9561,27.0011],[115.954,26.9931],[115.9435,26.9884],[115.9408,26.9846],[115.9403,26.9754],[115.9308,26.9687],[115.9252,26.962],[115.926,26.9569],[115.9166,26.9569],[115.9146,26.9598],[115.9056,26.9578],[115.8972,26.9485],[115.8893,26.9434],[115.8724,26.9205],[115.8561,26.9124],[115.8492,26.9063],[115.8418,26.9029],[115.8336,26.9027],[115.8311,26.8994],[115.8283,26.8859],[115.8225,26.8759],[115.8221,26.8655],[115.8197,26.8616],[115.8014,26.8619],[115.7998,26.8549],[115.7925,26.8362],[115.785,26.8258],[115.7818,26.8086],[115.7759,26.8073],[115.7719,26.8108],[115.7625,26.8137],[115.7518,26.8196],[115.7494,26.83],[115.7443,26.8366],[115.7319,26.8396],[115.719,26.8483],[115.717,26.8533],[115.703,26.8567],[115.7016,26.8462],[115.6986,26.8396],[115.691,26.836],[115.6829,26.8246],[115.6879,26.8156],[115.6841,26.8135],[115.687,26.8069],[115.6933,26.8013],[115.6843,26.7974],[115.6823,26.791],[115.686,26.7839],[115.6783,26.7827],[115.6716,26.7779],[115.6774,26.7685],[115.6835,26.7693],[115.6903,26.7625],[115.7004,26.7581],[115.7086,26.7589],[115.7178,26.7649],[115.7249,26.7484],[115.7232,26.7424],[115.7278,26.7137],[115.7171,26.709],[115.7023,26.7119],[115.6976,26.7032],[115.7046,26.7004],[115.711,26.6947],[115.7077,26.6912],[115.7014,26.6933],[115.6947,26.6823],[115.6926,26.6753],[115.6901,26.6707],[115.7065,26.6622],[115.7101,26.6578],[115.7186,26.6604],[115.7257,26.6585],[115.7257,26.6449],[115.7209,26.6338],[115.7128,26.6264],[115.714,26.6154],[115.7205,26.6171],[115.7284,26.6099],[115.7354,26.6085],[115.7443,26.6104],[115.753,26.6169],[115.759,26.6257],[115.7625,26.6207],[115.7584,26.6107],[115.7606,26.5982],[115.7587,26.5913],[115.7627,26.5818],[115.7679,26.5775],[115.7743,26.5793],[115.7875,26.5731],[115.7995,26.5806],[115.803,26.5809],[115.8024,26.569],[115.8059,26.5634],[115.815,26.5654],[115.8173,26.573],[115.8307,26.5747],[115.8396,26.5718],[115.8438,26.5662],[115.8496,26.5688],[115.858,26.5664],[115.8616,26.5609],[115.8533,26.553],[115.8493,26.5455],[115.8555,26.5249],[115.8547,26.5197],[115.8471,26.5153],[115.8422,26.5094],[115.8423,26.5007],[115.8381,26.4963],[115.8395,26.4867],[115.835,26.4828],[115.8342,26.4766],[115.8185,26.4692],[115.8137,26.4622],[115.8061,26.4573],[115.7915,26.4432],[115.7991,26.4213],[115.8039,26.4157],[115.8131,26.4155],[115.8144,26.4023],[115.8073,26.399],[115.7977,26.3917],[115.7832,26.3846],[115.7726,26.3814],[115.7657,26.3695],[115.7535,26.3659],[115.7305,26.3436],[115.7349,26.3406],[115.7315,26.3345],[115.7336,26.3297],[115.7313,26.3211],[115.7334,26.3113],[115.7323,26.3063],[115.7418,26.2938],[115.7527,26.3016],[115.7595,26.2956],[115.7683,26.304],[115.7851,26.2931],[115.7894,26.2971],[115.7948,26.2952],[115.7962,26.2864],[115.8019,26.2815],[115.8175,26.2833],[115.8273,26.2826],[115.8366,26.2887],[115.8475,26.2869],[115.8508,26.291],[115.8613,26.296],[115.8651,26.2914],[115.8788,26.2926],[115.8819,26.2855],[115.8813,26.275],[115.8847,26.2699],[115.8857,26.2592],[115.8936,26.2595],[115.8989,26.2546],[115.8925,26.2466],[115.8913,26.2415],[115.8965,26.2337],[115.8912,26.2199],[115.8869,26.2158],[115.8892,26.2068],[115.8961,26.199],[115.9034,26.1941],[115.8956,26.1869],[115.8961,26.1803],[115.9011,26.1719],[115.9009,26.1594],[115.9033,26.157],[115.9013,26.1403],[115.9048,26.1349],[115.9,26.1204],[115.9157,26.1187],[115.9273,26.1052],[115.9325,26.0952],[115.9319,26.0885],[115.9465,26.0879],[115.9551,26.094],[115.9604,26.1056],[115.9682,26.1069],[115.972,26.1132],[115.9698,26.1176],[115.9738,26.1221],[115.9853,26.1261],[115.9835,26.1301],[115.9951,26.1386],[116.009,26.1413],[116.0124,26.1462],[116.01,26.153],[116.0115,26.1647],[116.0231,26.1666],[116.0312,26.1611],[116.034,26.1477],[116.0334,26.1431],[116.0408,26.1335],[116.0456,26.1326],[116.0636,26.1069],[116.0686,26.1155],[116.0822,26.1263],[116.089,26.1246],[116.0912,26.1168],[116.1039,26.1176],[116.1045,26.113],[116.1111,26.1074],[116.1172,26.109],[116.1194,26.1194],[116.1109,26.1326],[116.1152,26.1483],[116.1181,26.1516],[116.1165,26.1605],[116.125,26.1635],[116.1514,26.1659],[116.1656,26.1745],[116.1666,26.1836],[116.1895,26.1976],[116.1965,26.1968],[116.2037,26.2041],[116.2059,26.216],[116.2093,26.2182],[116.2252,26.2161],[116.2278,26.2196],[116.2209,26.2263],[116.2255,26.2325],[116.2367,26.234],[116.2387,26.2414],[116.2445,26.2487],[116.2427,26.256],[116.2477,26.2571],[116.2473,26.2634],[116.2543,26.2666],[116.2585,26.2638],[116.264,26.2729],[116.2771,26.2791],[116.2864,26.2891],[116.2681,26.2928],[116.2623,26.2962],[116.2586,26.3029],[116.2471,26.3053],[116.2425,26.315],[116.2346,26.3192],[116.2267,26.3287],[116.2232,26.3266],[116.2161,26.331],[116.2109,26.3413],[116.2189,26.3459],[116.2261,26.3422],[116.2301,26.3484],[116.2265,26.36],[116.2298,26.3655],[116.2401,26.3689],[116.2454,26.3744],[116.2395,26.3832],[116.2421,26.3882],[116.2498,26.3894],[116.2503,26.4054],[116.2602,26.4111],[116.2639,26.4088],[116.2757,26.4121],[116.2615,26.4228],[116.2699,26.4333],[116.276,26.4349],[116.2737,26.4415],[116.2586,26.4456],[116.2457,26.4551],[116.2451,26.4628],[116.2397,26.4676],[116.2389,26.4736],[116.246,26.4837],[116.2407,26.4856],[116.2322,26.4977],[116.2203,26.5059],[116.2185,26.5267],[116.2125,26.5326],[116.2153,26.5425],[116.2202,26.546],[116.2258,26.5447],[116.2333,26.5469],[116.2354,26.551]]]},"properties":{"region_code":"CN-36-3607-360730","parent_region_code":"CN-36-3607","name":"宁都县","level":"county","has_children":false,"full_path":"中国 / 江西省 / 赣州市 / 宁都县","source_admin_code":"360730","osm_relation_id":3180938}},
{"type":"Feature","geometry":{"type":"Polygon","coordinates":[[[115.2425,25.5893],[115.2475,25.5869],[115.2526,25.5902],[115.2555,25.5815],[115.2617,25.5796],[115.2659,25.585],[115.2676,25.597],[115.2716,25.5996],[115.2939,25.6082],[115.2997,25.6089],[115.3069,25.6188],[115.3058,25.6251],[115.3132,25.6266],[115.3255,25.6258],[115.3299,25.6214],[115.3382,25.6179],[115.3525,25.6232],[115.3573,25.6166],[115.3667,25.6236],[115.3757,25.6174],[115.3831,25.6085],[115.376,25.6016],[115.3676,25.6025],[115.3624,25.5972],[115.3697,25.5889],[115.3825,25.5886],[115.3884,25.5916],[115.3982,25.5826],[115.3927,25.5772],[115.4012,25.5626],[115.4162,25.5562],[115.429,25.5591],[115.4387,25.5704],[115.4491,25.5663],[115.4575,25.5581],[115.4706,25.5616],[115.4768,25.5596],[115.4906,25.5655],[115.4938,25.574],[115.493,25.5824],[115.4968,25.5963],[115.4919,25.6043],[115.4991,25.6142],[115.5061,25.6172],[115.513,25.6133],[115.5291,25.6116],[115.5343,25.6172],[115.5455,25.6108],[115.5539,25.5996],[115.5611,25.6041],[115.57,25.6024],[115.5795,25.6064],[115.5833,25.6131],[115.5819,25.6309],[115.5864,25.6384],[115.582,25.646],[115.5756,25.6467],[115.5718,25.6584],[115.5776,25.6582],[115.5802,25.6627],[115.5885,25.6671],[115.5852,25.6744],[115.5747,25.6789],[115.5761,25.6872],[115.5864,25.6868],[115.5882,25.6902],[115.5842,25.6969],[115.5838,25.7047],[115.58,25.7117],[115.5843,25.7235],[115.585,25.736],[115.5819,25.7409],[115.5827,25.748],[115.5797,25.754],[115.5676,25.7528],[115.5609,25.7634],[115.5533,25.7627],[115.5475,25.7707],[115.5468,25.776],[115.5539,25.7859],[115.5595,25.8037],[115.5557,25.8108],[115.5546,25.8244],[115.5504,25.8291],[115.5545,25.838],[115.5592,25.8366],[115.57,25.8411],[115.5727,25.8469],[115.5827,25.8502],[115.5928,25.861],[115.5986,25.8571],[115.6064,25.8581],[115.6128,25.8669],[115.6245,25.8695],[115.6391,25.8634],[115.6412,25.8514],[115.6377,25.8473],[115.6406,25.8426],[115.6358,25.8392],[115.6341,25.8294],[115.6443,25.8308],[115.6395,25.8163],[115.646,25.8102],[115.6478,25.8021],[115.6512,25.8004],[115.6569,25.7895],[115.6687,25.7873],[115.6828,25.7885],[115.6892,25.792],[115.7042,25.7955],[115.704,25.8029],[115.6998,25.8105],[115.7004,25.8243],[115.6928,25.829],[115.6887,25.8285],[115.6871,25.8434],[115.6896,25.8505],[115.6972,25.8582],[115.692,25.8679],[115.6847,25.8756],[115.6707,25.8732],[115.6616,25.8783],[115.6734,25.8845],[115.6744,25.8883],[115.688,25.893],[115.6952,25.8903],[115.6981,25.8943],[115.7092,25.9013],[115.7229,25.9018],[115.7248,25.9042],[115.7167,25.9087],[115.7182,25.9186],[115.7134,25.9235],[115.7127,25.9298],[115.6901,25.94],[115.6861,25.9507],[115.6945,25.9479],[115.702,25.9558],[115.703,25.9667],[115.7098,25.9692],[115.7087,25.9795],[115.7017,25.9838],[115.7032,25.988],[115.6969,25.995],[115.7043,25.9996],[115.7074,26.0071],[115.7116,26.0093],[115.7084,26.0205],[115.718,26.0222],[115.7193,26.0273],[115.7256,26.0305],[115.7423,26.0338],[115.7467,26.0419],[115.7543,26.0377],[115.7522,26.0262],[115.7484,26.0194],[115.7527,26],[115.7406,25.9922],[115.7371,25.9855],[115.7298,25.9791],[115.7361,25.9709],[115.7485,25.9717],[115.7479,25.965],[115.7575,25.9627],[115.7616,25.9551],[115.7659,25.9527],[115.782,25.9631],[115.7858,25.9612],[115.8021,25.9594],[115.8089,25.9679],[115.8183,25.9666],[115.8168,25.9754],[115.8135,25.9787],[115.8087,25.9934],[115.815,26.0072],[115.8016,26.0238],[115.7802,26.0293],[115.7745,26.0345],[115.771,26.0452],[115.7629,26.0462],[115.7578,26.0418],[115.7537,26.0469],[115.7486,26.0469],[115.7468,26.0531],[115.7511,26.0598],[115.7552,26.059],[115.7562,26.07],[115.7542,26.0734],[115.7392,26.0795],[115.7339,26.0796],[115.7284,26.0889],[115.7305,26.0935],[115.7206,26.0959],[115.7074,26.1017],[115.7104,26.1075],[115.7077,26.1112],[115.7257,26.1205],[115.7313,26.1296],[115.7253,26.1358],[115.7257,26.1397],[115.737,26.1506],[115.7348,26.1572],[115.7566,26.1642],[115.7586,26.1716],[115.7493,26.1748],[115.7491,26.1863],[115.7529,26.1925],[115.7644,26.2028],[115.7722,26.2061],[115.7749,26.2161],[115.7826,26.2227],[115.7893,26.2178],[115.7975,26.2205],[115.8042,26.2296],[115.8105,26.2272],[115.8165,26.2314],[115.8138,26.2383],[115.821,26.2481],[115.8202,26.256],[115.826,26.2577],[115.8289,26.2693],[115.8222,26.2749],[115.8175,26.2833],[115.8019,26.2815],[115.7962,26.2864],[115.7948,26.2952],[115.7894,26.2971],[115.7851,26.2931],[115.7683,26.304],[115.7595,26.2956],[115.7527,26.3016],[115.7418,26.2938],[115.7323,26.3063],[115.7334,26.3113],[115.7313,26.3211],[115.7336,26.3297],[115.7315,26.3345],[115.7184,26.3402],[115.7162,26.3479],[115.7045,26.3448],[115.6933,26.335],[115.6903,26.3362],[115.6831,26.3267],[115.6763,26.3211],[115.6609,26.3188],[115.6486,26.3204],[115.642,26.3127],[115.635,26.311],[115.6276,26.3151],[115.6248,26.3111],[115.6115,26.3109],[115.6055,26.3072],[115.5935,26.3049],[115.5858,26.2966],[115.5813,26.289],[115.5818,26.2822],[115.5707,26.2663],[115.5551,26.2659],[115.5458,26.2687],[115.5364,26.262],[115.5277,26.2611],[115.5248,26.2536],[115.5303,26.246],[115.5326,26.2389],[115.5298,26.2235],[115.5238,26.2175],[115.5235,26.2133],[115.5162,26.206],[115.5035,26.2089],[115.5059,26.2014],[115.4922,26.1947],[115.49,26.1905],[115.4818,26.1886],[115.478,26.1845],[115.479,26.1767],[115.4852,26.1692],[115.4985,26.1648],[115.4986,26.1559],[115.4953,26.1497],[115.5038,26.1449],[115.5014,26.1369],[115.5105,26.1303],[115.5072,26.1228],[115.5011,26.1156],[115.4802,26.1194],[115.4735,26.1135],[115.4655,26.11],[115.4613,26.1116],[115.4498,26.1071],[115.4453,26.1117],[115.4411,26.1077],[115.4312,26.1111],[115.4235,26.1158],[115.4104,26.1096],[115.3974,26.1168],[115.3911,26.1143],[115.3877,26.1011],[115.383,26.0958],[115.3733,26.0931],[115.3702,26.0882],[115.3756,26.0809],[115.3748,26.0748],[115.3802,26.0574],[115.3739,26.0563],[115.369,26.0601],[115.3579,26.056],[115.3523,26.0503],[115.3457,26.0516],[115.3374,26.0564],[115.3354,26.0481],[115.3304,26.0425],[115.3118,26.0406],[115.3046,26.0367],[115.298,26.0284],[115.311,26.0184],[115.3171,26.0177],[115.3216,26.0124],[115.3272,26.0111],[115.3273,26.0026],[115.3196,25.9914],[115.3085,25.989],[115.307,25.9832],[115.2984,25.9766],[115.2923,25.9781],[115.2788,25.9776],[115.268,25.9676],[115.2584,25.9728],[115.2483,25.9662],[115.2388,25.9672],[115.2364,25.9728],[115.223,25.9807],[115.2146,25.9812],[115.2051,25.9866],[115.2024,25.9803],[115.1952,25.9741],[115.1935,25.9686],[115.1956,25.9593],[115.1871,25.9539],[115.1845,25.9494],[115.186,25.9432],[115.1824,25.9405],[115.1819,25.9292],[115.1853,25.9249],[115.186,25.9123],[115.1819,25.8963],[115.1776,25.8935],[115.1802,25.8807],[115.1838,25.8775],[115.1853,25.8693],[115.191,25.8694],[115.1999,25.865],[115.2111,25.8714],[115.2151,25.8678],[115.2073,25.8602],[115.2077,25.8434],[115.2101,25.8359],[115.226,25.8344],[115.2272,25.8252],[115.2328,25.8198],[115.2379,25.8088],[115.2457,25.8099],[115.2493,25.7999],[115.24,25.7945],[115.2406,25.7831],[115.2437,25.7722],[115.2408,25.7664],[115.2424,25.7547],[115.2462,25.7453],[115.2523,25.7454],[115.2597,25.7363],[115.26,25.729],[115.2539,25.724],[115.2431,25.7249],[115.2419,25.7155],[115.2551,25.7146],[115.2547,25.7083],[115.2634,25.7028],[115.2576,25.6956],[115.2521,25.7001],[115.2468,25.693],[115.233,25.6914],[115.2247,25.6819],[115.2248,25.6722],[115.2128,25.6623],[115.2095,25.6509],[115.2134,25.6476],[115.2259,25.645],[115.2264,25.6382],[115.2306,25.6314],[115.2364,25.6326],[115.2392,25.6255],[115.235,25.6218],[115.2407,25.6132],[115.2341,25.6083],[115.2406,25.5988],[115.2425,25.5893]]]},"properties":{"region_code":"CN-36-3607-360731","parent_region_code":"CN-36-3607","name":"于都县","level":"county","has_children":false,"full_path":"中国 / 江西省 / 赣州市 / 于都县","source_admin_code":"360731","osm_relation_id":3180945}},
{"type":"Feature","geometry":{"type":"Polygon","coordinates":[[[115.3374,26.0564],[115.3457,26.0516],[115.3523,26.0503],[115.3579,26.056],[115.369,26.0601],[115.3739,26.0563],[115.3802,26.0574],[115.3748,26.0748],[115.3756,26.0809],[115.3702,26.0882],[115.3733,26.0931],[115.383,26.0958],[115.3877,26.1011],[115.3911,26.1143],[115.3974,26.1168],[115.4104,26.1096],[115.4235,26.1158],[115.4312,26.1111],[115.4411,26.1077],[115.4453,26.1117],[115.4498,26.1071],[115.4613,26.1116],[115.4655,26.11],[115.4735,26.1135],[115.4802,26.1194],[115.5011,26.1156],[115.5072,26.1228],[115.5105,26.1303],[115.5014,26.1369],[115.5038,26.1449],[115.4953,26.1497],[115.4986,26.1559],[115.4985,26.1648],[115.4852,26.1692],[115.479,26.1767],[115.478,26.1845],[115.4818,26.1886],[115.49,26.1905],[115.4922,26.1947],[115.5059,26.2014],[115.5035,26.2089],[115.5162,26.206],[115.5235,26.2133],[115.5238,26.2175],[115.5298,26.2235],[115.5326,26.2389],[115.5303,26.246],[115.5248,26.2536],[115.5277,26.2611],[115.5364,26.262],[115.5458,26.2687],[115.5551,26.2659],[115.5707,26.2663],[115.5818,26.2822],[115.5813,26.289],[115.5858,26.2966],[115.5935,26.3049],[115.6055,26.3072],[115.6115,26.3109],[115.6248,26.3111],[115.6276,26.3151],[115.635,26.311],[115.642,26.3127],[115.6486,26.3204],[115.6609,26.3188],[115.6763,26.3211],[115.6831,26.3267],[115.6903,26.3362],[115.6933,26.335],[115.7045,26.3448],[115.7162,26.3479],[115.7184,26.3402],[115.7315,26.3345],[115.7349,26.3406],[115.7305,26.3436],[115.7535,26.3659],[115.7657,26.3695],[115.7726,26.3814],[115.7832,26.3846],[115.7977,26.3917],[115.8073,26.399],[115.8144,26.4023],[115.8131,26.4155],[115.8039,26.4157],[115.7991,26.4213],[115.7915,26.4432],[115.8061,26.4573],[115.8137,26.4622],[115.8185,26.4692],[115.8342,26.4766],[115.835,26.4828],[115.8395,26.4867],[115.8381,26.4963],[115.8423,26.5007],[115.8422,26.5094],[115.8471,26.5153],[115.8547,26.5197],[115.8555,26.5249],[115.8493,26.5455],[115.8533,26.553],[115.8616,26.5609],[115.858,26.5664],[115.8496,26.5688],[115.8438,26.5662],[115.8396,26.5718],[115.8307,26.5747],[115.8173,26.573],[115.815,26.5654],[115.8059,26.5634],[115.8024,26.569],[115.803,26.5809],[115.7995,26.5806],[115.7875,26.5731],[115.7743,26.5793],[115.7679,26.5775],[115.7627,26.5818],[115.7587,26.5913],[115.7606,26.5982],[115.7584,26.6107],[115.7625,26.6207],[115.759,26.6257],[115.753,26.6169],[115.7443,26.6104],[115.7354,26.6085],[115.7284,26.6099],[115.7205,26.6171],[115.714,26.6154],[115.7128,26.6264],[115.7209,26.6338],[115.7257,26.6449],[115.7257,26.6585],[115.7186,26.6604],[115.7101,26.6578],[115.7065,26.6622],[115.6901,26.6707],[115.6926,26.6753],[115.687,26.6714],[115.6816,26.6617],[115.6756,26.6558],[115.6683,26.6524],[115.6707,26.6466],[115.6642,26.6455],[115.6617,26.6511],[115.6535,26.6519],[115.6433,26.6585],[115.6393,26.6654],[115.6336,26.6632],[115.6106,26.6679],[115.6021,26.6608],[115.5983,26.664],[115.5887,26.6651],[115.5868,26.6545],[115.5745,26.6543],[115.5666,26.6497],[115.5586,26.6539],[115.5525,26.6492],[115.5367,26.6546],[115.5319,26.66],[115.5296,26.6774],[115.5315,26.6931],[115.5259,26.6942],[115.5239,26.6996],[115.5167,26.6989],[115.5103,26.6916],[115.5032,26.6898],[115.5001,26.6803],[115.4946,26.6789],[115.4832,26.6852],[115.4766,26.6835],[115.4683,26.6767],[115.4585,26.6768],[115.4551,26.6843],[115.4438,26.6914],[115.437,26.6863],[115.4207,26.6791],[115.4198,26.6733],[115.4137,26.6667],[115.3999,26.6621],[115.3868,26.6624],[115.3837,26.6582],[115.3769,26.6572],[115.3664,26.6596],[115.3605,26.6563],[115.3539,26.6589],[115.3506,26.665],[115.344,26.6696],[115.3393,26.6777],[115.3303,26.6771],[115.3259,26.6714],[115.3234,26.6633],[115.3132,26.6659],[115.3045,26.6602],[115.2933,26.6584],[115.2971,26.651],[115.2912,26.6444],[115.2983,26.6364],[115.2894,26.6316],[115.2819,26.6309],[115.2797,26.6168],[115.2727,26.6105],[115.2634,26.6078],[115.2543,26.5893],[115.2506,26.5879],[115.2514,26.5764],[115.2467,26.5766],[115.2288,26.5611],[115.2277,26.5538],[115.2213,26.5478],[115.2135,26.5371],[115.2162,26.5323],[115.2233,26.533],[115.2252,26.5229],[115.2124,26.5163],[115.1885,26.5246],[115.1791,26.5241],[115.1607,26.5261],[115.1584,26.5242],[115.1362,26.5161],[115.1307,26.5163],[115.1202,26.5099],[115.1125,26.5084],[115.0959,26.4965],[115.0935,26.4906],[115.0857,26.4847],[115.0696,26.466],[115.0678,26.4602],[115.0616,26.4569],[115.0529,26.4462],[115.0532,26.4393],[115.0468,26.4314],[115.0398,26.4286],[115.0375,26.4185],[115.0315,26.4122],[115.0409,26.4076],[115.038,26.4006],[115.0278,26.3962],[115.0241,26.3874],[115.03,26.384],[115.0333,26.3774],[115.0253,26.3707],[115.0233,26.3614],[115.0314,26.3558],[115.0345,26.3497],[115.0436,26.3443],[115.0464,26.3396],[115.0612,26.3274],[115.0605,26.3225],[115.0675,26.3187],[115.0688,26.3084],[115.0638,26.3009],[115.0656,26.2886],[115.0712,26.2878],[115.0857,26.2688],[115.0906,26.2701],[115.0998,26.2665],[115.1112,26.2717],[115.1226,26.2742],[115.1389,26.2748],[115.143,26.2697],[115.161,26.267],[115.1651,26.2692],[115.1775,26.2707],[115.1756,26.2626],[115.1806,26.2527],[115.1812,26.2386],[115.1781,26.2267],[115.1829,26.2224],[115.2025,26.2289],[115.2132,26.2248],[115.2185,26.2315],[115.2222,26.2271],[115.2294,26.2326],[115.2366,26.233],[115.2476,26.2274],[115.2541,26.2275],[115.2515,26.2196],[115.2606,26.2104],[115.2605,26.205],[115.2646,26.1997],[115.2611,26.1871],[115.277,26.18],[115.277,26.1714],[115.2869,26.1623],[115.2917,26.1637],[115.293,26.1548],[115.2993,26.1509],[115.3102,26.152],[115.331,26.1315],[115.3425,26.1285],[115.3528,26.1343],[115.3591,26.1295],[115.3612,26.1212],[115.3526,26.1079],[115.3465,26.1022],[115.3353,26.1031],[115.3285,26.0972],[115.3283,26.0903],[115.3352,26.0872],[115.3383,26.0661],[115.3348,26.0621],[115.3374,26.0564]]]},"properties":{"region_code":"CN-36-3607-360732","parent_region_code":"CN-36-3607","name":"兴国县","level":"county","has_children":false,"full_path":"中国 / 江西省 / 赣州市 / 兴国县","source_admin_code":"360732","osm_relation_id":3180943}},
{"type":"Feature","geometry":{"type":"Polygon","coordinates":[[[115.5528,25.2054],[115.5638,25.1936],[115.5815,25.1913],[115.5737,25.1852],[115.5824,25.1834],[115.6099,25.186],[115.6154,25.1912],[115.6221,25.1927],[115.6286,25.2012],[115.6277,25.2143],[115.6324,25.2204],[115.6422,25.224],[115.6485,25.2375],[115.6572,25.2428],[115.6718,25.2409],[115.6743,25.2345],[115.6739,25.2258],[115.6656,25.2141],[115.6693,25.2084],[115.6609,25.1955],[115.6689,25.1885],[115.6641,25.1846],[115.6663,25.176],[115.6761,25.1599],[115.6863,25.1678],[115.6966,25.1662],[115.6992,25.1554],[115.7094,25.1528],[115.715,25.1477],[115.7066,25.1419],[115.7135,25.1364],[115.7201,25.1351],[115.7255,25.1405],[115.733,25.1413],[115.7385,25.1503],[115.7457,25.1582],[115.7534,25.1613],[115.755,25.1704],[115.7603,25.1728],[115.7601,25.1815],[115.7717,25.1732],[115.7619,25.1605],[115.7762,25.1585],[115.7814,25.1638],[115.7875,25.1655],[115.7936,25.1636],[115.8018,25.1648],[115.8061,25.1626],[115.8141,25.1645],[115.8226,25.1696],[115.8307,25.1655],[115.8364,25.1699],[115.8331,25.1778],[115.8248,25.177],[115.8232,25.1839],[115.8324,25.1855],[115.8412,25.1838],[115.8488,25.1792],[115.8535,25.1863],[115.8516,25.2115],[115.8671,25.2263],[115.8744,25.217],[115.8866,25.2217],[115.8989,25.2344],[115.9226,25.2375],[115.9436,25.2705],[115.9461,25.279],[115.9427,25.2916],[115.9517,25.2954],[115.9672,25.289],[115.9704,25.2992],[115.9777,25.3005],[115.9838,25.2916],[115.9926,25.3013],[116.0039,25.3238],[115.997,25.3284],[116.0028,25.3348],[115.9995,25.3433],[115.9831,25.3486],[115.9957,25.3524],[115.9951,25.3594],[115.9911,25.3662],[115.9881,25.3817],[116.0037,25.398],[115.996,25.4157],[116.0022,25.4177],[116.0129,25.416],[116.0175,25.4253],[116.0154,25.4307],[116.019,25.4389],[116.0114,25.4452],[116.0066,25.4607],[116.0144,25.477],[116.0062,25.4743],[116.0016,25.4818],[116.0034,25.4895],[116.0003,25.4936],[116.0063,25.498],[116.0111,25.5114],[116.0294,25.5153],[116.0305,25.5252],[116.0302,25.5426],[116.0334,25.5498],[116.0199,25.5537],[116.0167,25.5653],[116.0089,25.5667],[115.9855,25.5673],[115.9752,25.5623],[115.9707,25.5652],[115.9798,25.571],[115.974,25.5755],[115.9735,25.5838],[115.9704,25.5895],[115.9734,25.5937],[115.9684,25.5976],[115.9771,25.611],[115.9697,25.6153],[115.9683,25.6217],[115.9529,25.6127],[115.942,25.5955],[115.9369,25.5934],[115.9273,25.5958],[115.9212,25.5947],[115.9133,25.5868],[115.9141,25.5816],[115.9112,25.5725],[115.9003,25.5674],[115.8944,25.5695],[115.8988,25.5814],[115.8912,25.583],[115.8928,25.5881],[115.8859,25.5922],[115.8802,25.6015],[115.8789,25.6087],[115.8719,25.6119],[115.8634,25.6202],[115.8654,25.6331],[115.8618,25.6358],[115.8482,25.6374],[115.8401,25.6477],[115.8228,25.6428],[115.8169,25.6463],[115.8098,25.6467],[115.8081,25.6426],[115.8189,25.6353],[115.8175,25.6268],[115.8134,25.6234],[115.8059,25.6253],[115.7848,25.6229],[115.7822,25.6199],[115.7659,25.6195],[115.7627,25.6246],[115.7645,25.6302],[115.7515,25.6348],[115.7461,25.6441],[115.7508,25.6488],[115.7731,25.6454],[115.7797,25.6495],[115.7755,25.6547],[115.7775,25.6608],[115.7933,25.6708],[115.7949,25.6793],[115.7885,25.6873],[115.7911,25.6932],[115.7961,25.6958],[115.7983,25.7026],[115.7924,25.7061],[115.7953,25.7126],[115.8003,25.7106],[115.8098,25.7148],[115.8094,25.719],[115.818,25.7213],[115.8249,25.735],[115.8248,25.7388],[115.8345,25.7404],[115.8281,25.7503],[115.8311,25.7558],[115.8333,25.7675],[115.8495,25.7797],[115.8404,25.7855],[115.8388,25.7811],[115.8321,25.7791],[115.8259,25.7853],[115.8308,25.7918],[115.8266,25.8136],[115.8317,25.8211],[115.8225,25.8242],[115.8299,25.8366],[115.8401,25.8303],[115.8468,25.8299],[115.854,25.8255],[115.8637,25.8067],[115.8694,25.8079],[115.8794,25.8022],[115.879,25.7951],[115.8837,25.7945],[115.886,25.8024],[115.8791,25.8137],[115.8877,25.818],[115.893,25.8261],[115.8887,25.8322],[115.8891,25.8395],[115.881,25.8392],[115.873,25.8438],[115.8725,25.8505],[115.8594,25.8552],[115.8482,25.8655],[115.8394,25.8637],[115.8343,25.8753],[115.8294,25.8773],[115.8293,25.8861],[115.8255,25.8893],[115.8139,25.8922],[115.8085,25.9109],[115.8031,25.9102],[115.7843,25.9172],[115.7761,25.9132],[115.7671,25.9129],[115.7608,25.9158],[115.7526,25.9139],[115.7461,25.9056],[115.7248,25.9042],[115.7229,25.9018],[115.7092,25.9013],[115.6981,25.8943],[115.6952,25.8903],[115.688,25.893],[115.6744,25.8883],[115.6734,25.8845],[115.6616,25.8783],[115.6707,25.8732],[115.6847,25.8756],[115.692,25.8679],[115.6972,25.8582],[115.6896,25.8505],[115.6871,25.8434],[115.6887,25.8285],[115.6928,25.829],[115.7004,25.8243],[115.6998,25.8105],[115.704,25.8029],[115.7042,25.7955],[115.6892,25.792],[115.6828,25.7885],[115.6687,25.7873],[115.6569,25.7895],[115.6512,25.8004],[115.6478,25.8021],[115.646,25.8102],[115.6395,25.8163],[115.6443,25.8308],[115.6341,25.8294],[115.6358,25.8392],[115.6406,25.8426],[115.6377,25.8473],[115.6412,25.8514],[115.6391,25.8634],[115.6245,25.8695],[115.6128,25.8669],[115.6064,25.8581],[115.5986,25.8571],[115.5928,25.861],[115.5827,25.8502],[115.5727,25.8469],[115.57,25.8411],[115.5592,25.8366],[115.5545,25.838],[115.5504,25.8291],[115.5546,25.8244],[115.5557,25.8108],[115.5595,25.8037],[115.5539,25.7859],[115.5468,25.776],[115.5475,25.7707],[115.5533,25.7627],[115.5609,25.7634],[115.5676,25.7528],[115.5797,25.754],[115.5827,25.748],[115.5819,25.7409],[115.585,25.736],[115.5843,25.7235],[115.58,25.7117],[115.5838,25.7047],[115.5842,25.6969],[115.5882,25.6902],[115.5864,25.6868],[115.5761,25.6872],[115.5747,25.6789],[115.5852,25.6744],[115.5885,25.6671],[115.5802,25.6627],[115.5776,25.6582],[115.5718,25.6584],[115.5756,25.6467],[115.582,25.646],[115.5864,25.6384],[115.5819,25.6309],[115.5833,25.6131],[115.5795,25.6064],[115.57,25.6024],[115.5611,25.6041],[115.5539,25.5996],[115.5455,25.6108],[115.5343,25.6172],[115.5291,25.6116],[115.513,25.6133],[115.5061,25.6172],[115.4991,25.6142],[115.4919,25.6043],[115.4968,25.5963],[115.493,25.5824],[115.4938,25.574],[115.4906,25.5655],[115.4768,25.5596],[115.4846,25.5553],[115.4918,25.5556],[115.4969,25.5523],[115.495,25.5466],[115.4967,25.5349],[115.5014,25.5288],[115.5087,25.5275],[115.5141,25.5338],[115.5223,25.5292],[115.5297,25.5298],[115.5392,25.5239],[115.5314,25.5163],[115.5357,25.5145],[115.5464,25.4993],[115.5527,25.5025],[115.5604,25.498],[115.5601,25.4867],[115.5493,25.4773],[115.5463,25.4718],[115.5582,25.4711],[115.5559,25.4642],[115.5656,25.4605],[115.5768,25.4492],[115.5717,25.4394],[115.5695,25.4302],[115.5812,25.4254],[115.591,25.4275],[115.5956,25.4316],[115.61,25.4279],[115.6195,25.4364],[115.6263,25.4296],[115.6209,25.4244],[115.6231,25.4136],[115.6345,25.4119],[115.6345,25.401],[115.6319,25.3896],[115.6314,25.3732],[115.6266,25.3657],[115.6131,25.3623],[115.6061,25.3638],[115.6043,25.3556],[115.6003,25.3511],[115.6027,25.3434],[115.6008,25.3349],[115.5879,25.3274],[115.5848,25.3219],[115.576,25.3217],[115.5676,25.3115],[115.5735,25.306],[115.5748,25.3008],[115.5829,25.2956],[115.586,25.2888],[115.5849,25.2842],[115.5787,25.2816],[115.5829,25.2736],[115.5686,25.2658],[115.569,25.2607],[115.5585,25.2557],[115.5496,25.2438],[115.5492,25.2304],[115.5473,25.2244],[115.552,25.2204],[115.548,25.2127],[115.5528,25.2054]]]},"properties":{"region_code":"CN-36-3607-360733","parent_region_code":"CN-36-3607","name":"会昌县","level":"county","has_children":false,"full_path":"中国 / 江西省 / 赣州市 / 会昌县","source_admin_code":"360733","osm_relation_id":3180936}},
{"type":"Feature","geometry":{"type":"Polygon","coordinates":[[[115.3263,24.8722],[115.3248,24.8665],[115.3287,24.8596],[115.339,24.8603],[115.3388,24.8499],[115.3336,24.836],[115.3392,24.8339],[115.3428,24.8389],[115.3502,24.8408],[115.357,24.8482],[115.3642,24.8437],[115.3643,24.8379],[115.3823,24.8369],[115.3804,24.8317],[115.3844,24.828],[115.3806,24.815],[115.3701,24.8152],[115.3588,24.802],[115.358,24.7984],[115.3485,24.7972],[115.3473,24.7878],[115.3541,24.7833],[115.3621,24.7854],[115.3689,24.7775],[115.3725,24.7743],[115.3844,24.7771],[115.3962,24.793],[115.4014,24.7961],[115.4079,24.7955],[115.4392,24.7744],[115.4459,24.769],[115.4607,24.77],[115.4738,24.7639],[115.4779,24.7525],[115.4845,24.7501],[115.4956,24.7408],[115.4916,24.7363],[115.5017,24.7278],[115.503,24.7194],[115.5102,24.7181],[115.5188,24.7204],[115.5231,24.7155],[115.5183,24.7059],[115.5294,24.6949],[115.5376,24.6932],[115.5515,24.6857],[115.5505,24.6748],[115.5549,24.6639],[115.5533,24.6506],[115.564,24.631],[115.5661,24.6207],[115.5727,24.6175],[115.5902,24.6171],[115.6011,24.6275],[115.6088,24.6267],[115.6156,24.623],[115.6244,24.622],[115.6262,24.6164],[115.6314,24.6142],[115.6418,24.6186],[115.6541,24.6109],[115.6687,24.6046],[115.681,24.5864],[115.6819,24.5736],[115.6731,24.5684],[115.6733,24.563],[115.6842,24.5475],[115.6928,24.5488],[115.7031,24.5474],[115.7148,24.5418],[115.7307,24.5453],[115.7405,24.5459],[115.7553,24.5519],[115.7594,24.5576],[115.7799,24.5694],[115.7889,24.5698],[115.8018,24.565],[115.808,24.5671],[115.8176,24.5632],[115.8339,24.5666],[115.839,24.5642],[115.8439,24.5687],[115.8445,24.5751],[115.8363,24.5769],[115.8359,24.5864],[115.8201,24.5999],[115.8005,24.6224],[115.7952,24.6248],[115.7908,24.6335],[115.7815,24.6331],[115.7846,24.6474],[115.7791,24.6558],[115.7755,24.6662],[115.7651,24.6655],[115.7565,24.6726],[115.7679,24.6747],[115.7737,24.6805],[115.7931,24.6783],[115.7935,24.6861],[115.7978,24.6884],[115.7964,24.706],[115.7872,24.7026],[115.7815,24.7056],[115.7757,24.7045],[115.7717,24.7089],[115.7643,24.7103],[115.7676,24.7246],[115.752,24.7384],[115.7519,24.7503],[115.7588,24.7571],[115.76,24.7646],[115.7716,24.7734],[115.7719,24.7771],[115.7593,24.7954],[115.7685,24.8055],[115.7684,24.8167],[115.7744,24.8225],[115.7733,24.8329],[115.7761,24.8375],[115.7834,24.8359],[115.7873,24.8392],[115.7807,24.8492],[115.7861,24.8564],[115.7799,24.8593],[115.7775,24.8648],[115.7866,24.8652],[115.7914,24.8612],[115.7996,24.8609],[115.8025,24.8637],[115.8003,24.8781],[115.8043,24.8955],[115.8195,24.911],[115.8312,24.9105],[115.8451,24.9031],[115.851,24.894],[115.8616,24.8921],[115.8566,24.8826],[115.8597,24.8786],[115.855,24.8682],[115.8579,24.8658],[115.8656,24.8707],[115.8787,24.8704],[115.8889,24.8728],[115.9002,24.8828],[115.9005,24.8872],[115.8808,24.8999],[115.8788,24.9074],[115.8774,24.9249],[115.8737,24.936],[115.8777,24.9392],[115.8841,24.9357],[115.888,24.9401],[115.8799,24.9484],[115.8786,24.9533],[115.8683,24.9562],[115.8645,24.9616],[115.8661,24.9731],[115.8721,24.9773],[115.8797,24.9785],[115.8876,24.9724],[115.8901,24.9641],[115.8985,24.9667],[115.9119,24.9604],[115.9196,24.9619],[115.9197,24.9662],[115.9025,24.9865],[115.8913,24.9956],[115.8806,24.9972],[115.8714,25.0063],[115.8694,25.0224],[115.8771,25.0294],[115.8785,25.0341],[115.8928,25.0375],[115.8939,25.0423],[115.9074,25.0449],[115.9146,25.0416],[115.9189,25.0486],[115.9247,25.0518],[115.9178,25.0577],[115.9101,25.0682],[115.9147,25.0767],[115.9079,25.0854],[115.9021,25.0897],[115.8788,25.092],[115.875,25.1013],[115.8795,25.107],[115.8698,25.1156],[115.8704,25.1264],[115.8817,25.1285],[115.8835,25.1333],[115.883,25.1451],[115.8759,25.1486],[115.8729,25.1552],[115.8652,25.1521],[115.854,25.1527],[115.8473,25.1623],[115.8483,25.1671],[115.8549,25.1718],[115.8488,25.1792],[115.8412,25.1838],[115.8324,25.1855],[115.8232,25.1839],[115.8248,25.177],[115.8331,25.1778],[115.8364,25.1699],[115.8307,25.1655],[115.8226,25.1696],[115.8141,25.1645],[115.8061,25.1626],[115.8018,25.1648],[115.7936,25.1636],[115.7875,25.1655],[115.7814,25.1638],[115.7762,25.1585],[115.7619,25.1605],[115.7717,25.1732],[115.7601,25.1815],[115.7603,25.1728],[115.755,25.1704],[115.7534,25.1613],[115.7457,25.1582],[115.7385,25.1503],[115.733,25.1413],[115.7255,25.1405],[115.7201,25.1351],[115.7135,25.1364],[115.7066,25.1419],[115.715,25.1477],[115.7094,25.1528],[115.6992,25.1554],[115.6966,25.1662],[115.6863,25.1678],[115.6761,25.1599],[115.6663,25.176],[115.6641,25.1846],[115.6689,25.1885],[115.6609,25.1955],[115.6693,25.2084],[115.6656,25.2141],[115.6739,25.2258],[115.6743,25.2345],[115.6718,25.2409],[115.6572,25.2428],[115.6485,25.2375],[115.6422,25.224],[115.6324,25.2204],[115.6277,25.2143],[115.6286,25.2012],[115.6221,25.1927],[115.6154,25.1912],[115.6099,25.186],[115.5824,25.1834],[115.5737,25.1852],[115.5815,25.1913],[115.5638,25.1936],[115.5528,25.2054],[115.5476,25.1971],[115.5498,25.1808],[115.556,25.1712],[115.5484,25.1635],[115.5525,25.1527],[115.5479,25.1436],[115.5407,25.1377],[115.5379,25.1282],[115.5327,25.1194],[115.5215,25.1208],[115.5147,25.1164],[115.508,25.109],[115.4958,25.1081],[115.4918,25.1042],[115.4875,25.0899],[115.4993,25.0804],[115.5016,25.0761],[115.4976,25.0627],[115.4841,25.057],[115.4839,25.0466],[115.4887,25.0398],[115.4767,25.0382],[115.472,25.0349],[115.4716,25.0288],[115.4765,25.0227],[115.4791,25.0104],[115.4982,25.0091],[115.4951,24.9989],[115.4858,24.9917],[115.4889,24.9704],[115.4789,24.9676],[115.475,24.9567],[115.4637,24.9549],[115.4637,24.9475],[115.4571,24.941],[115.4632,24.9306],[115.4538,24.9299],[115.4505,24.9235],[115.4512,24.918],[115.4576,24.9064],[115.4375,24.9006],[115.4287,24.9003],[115.4272,24.8952],[115.4137,24.8908],[115.4071,24.8806],[115.3901,24.8851],[115.3774,24.8819],[115.3624,24.8857],[115.359,24.8917],[115.3513,24.8855],[115.3432,24.8844],[115.3263,24.8722]]]},"properties":{"region_code":"CN-36-3607-360734","parent_region_code":"CN-36-3607","name":"寻乌县","level":"county","has_children":false,"full_path":"中国 / 江西省 / 赣州市 / 寻乌县","source_admin_code":"360734","osm_relation_id":3180944}},
{"type":"Feature","geometry":{"type":"Polygon","coordinates":[[[116.1045,26.113],[116.0976,26.1053],[116.0968,26.0979],[116.1034,26.0944],[116.1129,26.0941],[116.118,26.0882],[116.1328,26.0891],[116.1402,26.0806],[116.1496,26.075],[116.1563,26.0777],[116.1744,26.0797],[116.1844,26.0783],[116.1865,26.0739],[116.1971,26.0692],[116.2131,26.0712],[116.2192,26.066],[116.23,26.0661],[116.2297,26.055],[116.2355,26.0508],[116.2516,26.0482],[116.2622,26.0416],[116.2659,26.0437],[116.2753,26.0394],[116.2863,26.0426],[116.2879,26.0352],[116.2852,26.0316],[116.29,26.024],[116.3025,26.0209],[116.3086,26.0136],[116.3069,26.01],[116.3098,25.9925],[116.3167,25.9936],[116.3292,25.9923],[116.3334,25.9848],[116.3242,25.9807],[116.3334,25.9687],[116.3422,25.9666],[116.3487,25.9715],[116.3595,25.9708],[116.3641,25.9737],[116.3633,25.9782],[116.3553,25.9939],[116.3563,26.0035],[116.3602,26.0085],[116.3661,26.0087],[116.3673,26.0147],[116.3735,26.0197],[116.3742,26.0248],[116.3805,26.034],[116.3954,26.0363],[116.3977,26.043],[116.3973,26.0513],[116.4147,26.0572],[116.4185,26.072],[116.4237,26.073],[116.4354,26.0806],[116.4449,26.0847],[116.456,26.0963],[116.4777,26.1109],[116.4842,26.1178],[116.4865,26.1264],[116.4852,26.1333],[116.4776,26.1444],[116.4793,26.1498],[116.476,26.1552],[116.4763,26.1637],[116.4708,26.1765],[116.4655,26.1788],[116.4439,26.1683],[116.4292,26.1629],[116.4217,26.162],[116.4202,26.1675],[116.4146,26.1708],[116.4111,26.162],[116.3988,26.1691],[116.3913,26.1698],[116.3869,26.1743],[116.3917,26.1827],[116.3958,26.1971],[116.3906,26.2062],[116.3805,26.2107],[116.3913,26.2213],[116.3949,26.2319],[116.3903,26.2368],[116.3816,26.2414],[116.3905,26.2474],[116.3915,26.2512],[116.3864,26.2576],[116.3881,26.2637],[116.3933,26.2677],[116.3942,26.2767],[116.4172,26.2854],[116.4183,26.2927],[116.4154,26.2979],[116.4323,26.312],[116.4335,26.3247],[116.449,26.3348],[116.4545,26.3484],[116.4684,26.3555],[116.4749,26.3555],[116.4849,26.3627],[116.4951,26.3647],[116.4898,26.3724],[116.4924,26.3766],[116.4935,26.3904],[116.5025,26.391],[116.5064,26.3945],[116.5075,26.4056],[116.5147,26.4137],[116.5288,26.4123],[116.5299,26.4042],[116.5406,26.4007],[116.549,26.4038],[116.5547,26.3891],[116.5541,26.382],[116.5491,26.3689],[116.5514,26.3679],[116.5665,26.3745],[116.5797,26.3696],[116.5869,26.3741],[116.5932,26.3748],[116.6026,26.3862],[116.6059,26.398],[116.6,26.408],[116.6,26.42],[116.6031,26.4215],[116.6024,26.4311],[116.6113,26.4415],[116.6223,26.4471],[116.6236,26.4571],[116.6322,26.4713],[116.6335,26.483],[116.6047,26.4815],[116.5949,26.4859],[116.5995,26.4968],[116.5861,26.4985],[116.5939,26.5122],[116.5825,26.5233],[116.5752,26.5246],[116.5752,26.538],[116.5687,26.5402],[116.5507,26.5524],[116.5364,26.5594],[116.5334,26.566],[116.525,26.5605],[116.5151,26.5587],[116.5098,26.5532],[116.4994,26.5512],[116.4922,26.5743],[116.4824,26.5794],[116.4772,26.5844],[116.4711,26.5849],[116.4666,26.5905],[116.4685,26.5941],[116.461,26.6008],[116.4528,26.6035],[116.448,26.6022],[116.4479,26.5962],[116.4421,26.5949],[116.4404,26.5823],[116.4345,26.5705],[116.4286,26.5637],[116.4202,26.5634],[116.4075,26.5553],[116.3923,26.5551],[116.3782,26.5481],[116.3723,26.5397],[116.3804,26.5242],[116.3773,26.5189],[116.3683,26.5109],[116.3608,26.5102],[116.3565,26.5139],[116.3492,26.5119],[116.3358,26.5156],[116.3191,26.5095],[116.3095,26.5089],[116.3001,26.5021],[116.2931,26.5113],[116.2736,26.527],[116.2697,26.5329],[116.2635,26.5349],[116.2583,26.5404],[116.2484,26.5451],[116.2435,26.5447],[116.2354,26.551],[116.2333,26.5469],[116.2258,26.5447],[116.2202,26.546],[116.2153,26.5425],[116.2125,26.5326],[116.2185,26.5267],[116.2203,26.5059],[116.2322,26.4977],[116.2407,26.4856],[116.246,26.4837],[116.2389,26.4736],[116.2397,26.4676],[116.2451,26.4628],[116.2457,26.4551],[116.2586,26.4456],[116.2737,26.4415],[116.276,26.4349],[116.2699,26.4333],[116.2615,26.4228],[116.2757,26.4121],[116.2639,26.4088],[116.2602,26.4111],[116.2503,26.4054],[116.2498,26.3894],[116.2421,26.3882],[116.2395,26.3832],[116.2454,26.3744],[116.2401,26.3689],[116.2298,26.3655],[116.2265,26.36],[116.2301,26.3484],[116.2261,26.3422],[116.2189,26.3459],[116.2109,26.3413],[116.2161,26.331],[116.2232,26.3266],[116.2267,26.3287],[116.2346,26.3192],[116.2425,26.315],[116.2471,26.3053],[116.2586,26.3029],[116.2623,26.2962],[116.2681,26.2928],[116.2864,26.2891],[116.2771,26.2791],[116.264,26.2729],[116.2585,26.2638],[116.2543,26.2666],[116.2473,26.2634],[116.2477,26.2571],[116.2427,26.256],[116.2445,26.2487],[116.2387,26.2414],[116.2367,26.234],[116.2255,26.2325],[116.2209,26.2263],[116.2278,26.2196],[116.2252,26.2161],[116.2093,26.2182],[116.2059,26.216],[116.2037,26.2041],[116.1965,26.1968],[116.1895,26.1976],[116.1666,26.1836],[116.1656,26.1745],[116.1514,26.1659],[116.125,26.1635],[116.1165,26.1605],[116.1181,26.1516],[116.1152,26.1483],[116.1109,26.1326],[116.1194,26.1194],[116.1172,26.109],[116.1111,26.1074],[116.1045,26.113]]]},"properties":{"region_code":"CN-36-3607-360735","parent_region_code":"CN-36-3607","name":"石城县","level":"county","has_children":false,"full_path":"中国 / 江西省 / 赣州市 / 石城县","source_admin_code":"360735","osm_relation_id":3180941}},
{"type":"Feature","geometry":{"type":"Polygon","coordinates":[[[115.8175,26.2833],[115.8222,26.2749],[115.8289,26.2693],[115.826,26.2577],[115.8202,26.256],[115.821,26.2481],[115.8138,26.2383],[115.8165,26.2314],[115.8105,26.2272],[115.8042,26.2296],[115.7975,26.2205],[115.7893,26.2178],[115.7826,26.2227],[115.7749,26.2161],[115.7722,26.2061],[115.7644,26.2028],[115.7529,26.1925],[115.7491,26.1863],[115.7493,26.1748],[115.7586,26.1716],[115.7566,26.1642],[115.7348,26.1572],[115.737,26.1506],[115.7257,26.1397],[115.7253,26.1358],[115.7313,26.1296],[115.7257,26.1205],[115.7077,26.1112],[115.7104,26.1075],[115.7074,26.1017],[115.7206,26.0959],[115.7305,26.0935],[115.7284,26.0889],[115.7339,26.0796],[115.7392,26.0795],[115.7542,26.0734],[115.7562,26.07],[115.7552,26.059],[115.7511,26.0598],[115.7468,26.0531],[115.7486,26.0469],[115.7537,26.0469],[115.7578,26.0418],[115.7629,26.0462],[115.771,26.0452],[115.7745,26.0345],[115.7802,26.0293],[115.8016,26.0238],[115.815,26.0072],[115.8087,25.9934],[115.8135,25.9787],[115.8168,25.9754],[115.8183,25.9666],[115.8089,25.9679],[115.8021,25.9594],[115.7858,25.9612],[115.782,25.9631],[115.7659,25.9527],[115.7616,25.9551],[115.7575,25.9627],[115.7479,25.965],[115.7485,25.9717],[115.7361,25.9709],[115.7298,25.9791],[115.7371,25.9855],[115.7406,25.9922],[115.7527,26],[115.7484,26.0194],[115.7522,26.0262],[115.7543,26.0377],[115.7467,26.0419],[115.7423,26.0338],[115.7256,26.0305],[115.7193,26.0273],[115.718,26.0222],[115.7084,26.0205],[115.7116,26.0093],[115.7074,26.0071],[115.7043,25.9996],[115.6969,25.995],[115.7032,25.988],[115.7017,25.9838],[115.7087,25.9795],[115.7098,25.9692],[115.703,25.9667],[115.702,25.9558],[115.6945,25.9479],[115.6861,25.9507],[115.6901,25.94],[115.7127,25.9298],[115.7134,25.9235],[115.7182,25.9186],[115.7167,25.9087],[115.7248,25.9042],[115.7461,25.9056],[115.7526,25.9139],[115.7608,25.9158],[115.7671,25.9129],[115.7761,25.9132],[115.7843,25.9172],[115.8031,25.9102],[115.8085,25.9109],[115.8139,25.8922],[115.8255,25.8893],[115.8293,25.8861],[115.8294,25.8773],[115.8343,25.8753],[115.8394,25.8637],[115.8482,25.8655],[115.8594,25.8552],[115.8725,25.8505],[115.873,25.8438],[115.881,25.8392],[115.8891,25.8395],[115.8887,25.8322],[115.893,25.8261],[115.8877,25.818],[115.8791,25.8137],[115.886,25.8024],[115.8837,25.7945],[115.879,25.7951],[115.8794,25.8022],[115.8694,25.8079],[115.8637,25.8067],[115.854,25.8255],[115.8468,25.8299],[115.8401,25.8303],[115.8299,25.8366],[115.8225,25.8242],[115.8317,25.8211],[115.8266,25.8136],[115.8308,25.7918],[115.8259,25.7853],[115.8321,25.7791],[115.8388,25.7811],[115.8404,25.7855],[115.8495,25.7797],[115.8333,25.7675],[115.8311,25.7558],[115.8281,25.7503],[115.8345,25.7404],[115.8248,25.7388],[115.8249,25.735],[115.818,25.7213],[115.8094,25.719],[115.8098,25.7148],[115.8003,25.7106],[115.7953,25.7126],[115.7924,25.7061],[115.7983,25.7026],[115.7961,25.6958],[115.7911,25.6932],[115.7885,25.6873],[115.7949,25.6793],[115.7933,25.6708],[115.7775,25.6608],[115.7755,25.6547],[115.7797,25.6495],[115.7731,25.6454],[115.7508,25.6488],[115.7461,25.6441],[115.7515,25.6348],[115.7645,25.6302],[115.7627,25.6246],[115.7659,25.6195],[115.7822,25.6199],[115.7848,25.6229],[115.8059,25.6253],[115.8134,25.6234],[115.8175,25.6268],[115.8189,25.6353],[115.8081,25.6426],[115.8098,25.6467],[115.8169,25.6463],[115.8228,25.6428],[115.8401,25.6477],[115.8482,25.6374],[115.8618,25.6358],[115.8654,25.6331],[115.8634,25.6202],[115.8719,25.6119],[115.8789,25.6087],[115.8802,25.6015],[115.8859,25.5922],[115.8928,25.5881],[115.8912,25.583],[115.8988,25.5814],[115.8944,25.5695],[115.9003,25.5674],[115.9112,25.5725],[115.9141,25.5816],[115.9133,25.5868],[115.9212,25.5947],[115.9273,25.5958],[115.9369,25.5934],[115.942,25.5955],[115.9529,25.6127],[115.9683,25.6217],[115.9697,25.6153],[115.9771,25.611],[115.9684,25.5976],[115.9734,25.5937],[115.9704,25.5895],[115.9735,25.5838],[115.974,25.5755],[115.9798,25.571],[115.9707,25.5652],[115.9752,25.5623],[115.9855,25.5673],[116.0089,25.5667],[116.0167,25.5653],[116.0199,25.5537],[116.0334,25.5498],[116.0489,25.5495],[116.056,25.559],[116.0579,25.566],[116.0527,25.5717],[116.0495,25.5809],[116.0488,25.5959],[116.0471,25.6013],[116.0383,25.6053],[116.0361,25.6097],[116.042,25.6197],[116.0367,25.6291],[116.0461,25.6303],[116.0526,25.6409],[116.0622,25.6371],[116.064,25.6491],[116.058,25.6526],[116.0526,25.6629],[116.0572,25.6689],[116.0549,25.673],[116.0599,25.6792],[116.0518,25.6844],[116.0553,25.6977],[116.0631,25.6964],[116.0621,25.7032],[116.0718,25.7042],[116.0776,25.699],[116.0857,25.7025],[116.0948,25.7015],[116.102,25.7039],[116.1051,25.7103],[116.1031,25.7245],[116.1133,25.7356],[116.1118,25.7417],[116.1163,25.7504],[116.1247,25.762],[116.1411,25.7624],[116.152,25.7684],[116.1607,25.7693],[116.1597,25.7614],[116.1611,25.7513],[116.1706,25.7523],[116.1722,25.7713],[116.1768,25.7793],[116.1714,25.7881],[116.166,25.7913],[116.1607,25.7991],[116.1552,25.8016],[116.1544,25.8124],[116.1443,25.8195],[116.1376,25.8212],[116.1328,25.8287],[116.1268,25.8271],[116.1243,25.8415],[116.1241,25.8537],[116.1258,25.8616],[116.1369,25.8683],[116.139,25.8732],[116.1486,25.8797],[116.1582,25.8812],[116.1649,25.88],[116.1728,25.8973],[116.1871,25.904],[116.2024,25.9044],[116.2073,25.9085],[116.2188,25.9116],[116.2275,25.9035],[116.2414,25.9061],[116.2536,25.906],[116.2568,25.9134],[116.2635,25.9173],[116.276,25.9175],[116.2823,25.9213],[116.2887,25.9214],[116.2976,25.9256],[116.2994,25.9325],[116.3071,25.9403],[116.3155,25.9439],[116.3215,25.9596],[116.332,25.9599],[116.3435,25.9647],[116.3595,25.9634],[116.3653,25.9678],[116.3641,25.9737],[116.3595,25.9708],[116.3487,25.9715],[116.3422,25.9666],[116.3334,25.9687],[116.3242,25.9807],[116.3334,25.9848],[116.3292,25.9923],[116.3167,25.9936],[116.3098,25.9925],[116.3069,26.01],[116.3086,26.0136],[116.3025,26.0209],[116.29,26.024],[116.2852,26.0316],[116.2879,26.0352],[116.2863,26.0426],[116.2753,26.0394],[116.2659,26.0437],[116.2622,26.0416],[116.2516,26.0482],[116.2355,26.0508],[116.2297,26.055],[116.23,26.0661],[116.2192,26.066],[116.2131,26.0712],[116.1971,26.0692],[116.1865,26.0739],[116.1844,26.0783],[116.1744,26.0797],[116.1563,26.0777],[116.1496,26.075],[116.1402,26.0806],[116.1328,26.0891],[116.118,26.0882],[116.1129,26.0941],[116.1034,26.0944],[116.0968,26.0979],[116.0976,26.1053],[116.1045,26.113],[116.1039,26.1176],[116.0912,26.1168],[116.089,26.1246],[116.0822,26.1263],[116.0686,26.1155],[116.0636,26.1069],[116.0456,26.1326],[116.0408,26.1335],[116.0334,26.1431],[116.034,26.1477],[116.0312,26.1611],[116.0231,26.1666],[116.0115,26.1647],[116.01,26.153],[116.0124,26.1462],[116.009,26.1413],[115.9951,26.1386],[115.9835,26.1301],[115.9853,26.1261],[115.9738,26.1221],[115.9698,26.1176],[115.972,26.1132],[115.9682,26.1069],[115.9604,26.1056],[115.9551,26.094],[115.9465,26.0879],[115.9319,26.0885],[115.9325,26.0952],[115.9273,26.1052],[115.9157,26.1187],[115.9,26.1204],[115.9048,26.1349],[115.9013,26.1403],[115.9033,26.157],[115.9009,26.1594],[115.9011,26.1719],[115.8961,26.1803],[115.8956,26.1869],[115.9034,26.1941],[115.8961,26.199],[115.8892,26.2068],[115.8869,26.2158],[115.8912,26.2199],[115.8965,26.2337],[115.8913,26.2415],[115.8925,26.2466],[115.8989,26.2546],[115.8936,26.2595],[115.8857,26.2592],[115.8847,26.2699],[115.8813,26.275],[115.8819,26.2855],[115.8788,26.2926],[115.8651,26.2914],[115.8613,26.296],[115.8508,26.291],[115.8475,26.2869],[115.8366,26.2887],[115.8273,26.2826],[115.8175,26.2833]]]},"properties":{"region_code":"CN-36-3607-360781","parent_region_code":"CN-36-3607","name":"瑞金市","level":"county","has_children":false,"full_path":"中国 / 江西省 / 赣州市 / 瑞金市","source_admin_code":"360781","osm_relation_id":3180939}},
{"type":"Feature","geometry":{"type":"Polygon","coordinates":[[[114.856,25.0058],[114.846,25.0102],[114.8469,25.0006],[114.8387,24.9919],[114.8291,24.9957],[114.8216,24.9954],[114.8158,24.991],[114.81,24.995],[114.7955,24.9939],[114.775,24.9866],[114.7659,24.9812],[114.7622,24.9748],[114.7489,24.97],[114.7456,24.9743],[114.736,24.9736],[114.7382,24.9789],[114.7248,24.9867],[114.7097,24.9855],[114.7118,24.9777],[114.7038,24.9776],[114.6953,24.9736],[114.6844,24.9749],[114.6753,24.9789],[114.675,24.9708],[114.68,24.9643],[114.6726,24.9598],[114.6672,24.9504],[114.6575,24.9487],[114.6543,24.9448],[114.6432,24.94],[114.6365,24.9307],[114.6325,24.9325],[114.6245,24.9288],[114.6218,24.9216],[114.6134,24.9134],[114.6042,24.9172],[114.5898,24.9122],[114.5819,24.9117],[114.5812,24.9019],[114.5747,24.8917],[114.5606,24.8839],[114.5597,24.8777],[114.5753,24.874],[114.5903,24.8589],[114.5966,24.8571],[114.5916,24.8456],[114.5818,24.8402],[114.582,24.8343],[114.5909,24.8302],[114.5978,24.8233],[114.6048,24.8238],[114.6091,24.8196],[114.6073,24.8141],[114.5975,24.8117],[114.5938,24.806],[114.599,24.7978],[114.6045,24.7852],[114.6125,24.7811],[114.6183,24.7752],[114.6197,24.7677],[114.6133,24.7626],[114.6043,24.7659],[114.5996,24.7583],[114.6004,24.7496],[114.6045,24.7399],[114.6139,24.7313],[114.5876,24.7335],[114.5775,24.728],[114.5704,24.721],[114.5751,24.7127],[114.5647,24.7102],[114.5661,24.7011],[114.5594,24.6926],[114.5604,24.6862],[114.5586,24.6767],[114.5424,24.6638],[114.538,24.6627],[114.529,24.6504],[114.5142,24.6521],[114.5001,24.6412],[114.4962,24.6475],[114.4903,24.6489],[114.4837,24.6429],[114.481,24.6366],[114.4715,24.6291],[114.4704,24.615],[114.4578,24.6047],[114.4461,24.6],[114.4351,24.6018],[114.4168,24.6085],[114.4171,24.6007],[114.4087,24.5947],[114.4111,24.5873],[114.3971,24.5801],[114.392,24.57],[114.3862,24.5654],[114.3823,24.5507],[114.3845,24.5486],[114.3843,24.5371],[114.3984,24.5314],[114.4012,24.5206],[114.3976,24.5067],[114.3993,24.5007],[114.4059,24.5053],[114.4093,24.5007],[114.4172,24.4996],[114.4236,24.4888],[114.4288,24.4919],[114.4374,24.5013],[114.4464,24.5031],[114.4572,24.5104],[114.4648,24.5134],[114.4741,24.5312],[114.4877,24.5371],[114.494,24.5361],[114.4992,24.5441],[114.5069,24.545],[114.5224,24.5549],[114.5245,24.5602],[114.5298,24.5622],[114.5338,24.5587],[114.5422,24.5458],[114.558,24.5404],[114.5681,24.5452],[114.586,24.5398],[114.5914,24.5456],[114.5957,24.5565],[114.6065,24.5688],[114.6221,24.5798],[114.6317,24.573],[114.6415,24.5787],[114.6509,24.5813],[114.66,24.5866],[114.6679,24.5769],[114.6649,24.5753],[114.6814,24.5424],[114.6954,24.5401],[114.7004,24.529],[114.705,24.5353],[114.7077,24.5442],[114.7139,24.557],[114.7219,24.5527],[114.7281,24.5655],[114.7333,24.5679],[114.7281,24.578],[114.7312,24.5866],[114.7256,24.5953],[114.7278,24.6028],[114.7251,24.6118],[114.7278,24.6153],[114.742,24.616],[114.7479,24.6191],[114.7642,24.6086],[114.7734,24.6098],[114.7764,24.6158],[114.7874,24.6108],[114.7946,24.605],[114.7994,24.6083],[114.8032,24.6249],[114.8087,24.6325],[114.8078,24.6381],[114.8022,24.6444],[114.8054,24.6492],[114.8129,24.6515],[114.811,24.6597],[114.8201,24.6603],[114.8283,24.6637],[114.8273,24.6703],[114.8204,24.6745],[114.8277,24.686],[114.8267,24.6904],[114.83,24.703],[114.8389,24.707],[114.8428,24.7186],[114.8416,24.724],[114.8528,24.7268],[114.8591,24.7311],[114.8686,24.7168],[114.8789,24.7153],[114.8839,24.7185],[114.8833,24.7243],[114.8923,24.728],[114.9021,24.7276],[114.912,24.7383],[114.9224,24.7415],[114.9199,24.7523],[114.9351,24.7521],[114.937,24.7593],[114.9336,24.7743],[114.9287,24.7873],[114.9304,24.7969],[114.9465,24.791],[114.9566,24.7938],[114.9603,24.7979],[114.9597,24.8044],[114.97,24.804],[114.9726,24.8112],[114.9877,24.8167],[114.987,24.8253],[114.9789,24.8263],[114.9759,24.8297],[114.9832,24.8395],[114.9732,24.8515],[114.9755,24.8574],[114.9694,24.8597],[114.9627,24.8569],[114.9572,24.8617],[114.9667,24.8671],[114.9612,24.8754],[114.9534,24.8763],[114.9515,24.8816],[114.958,24.8873],[114.9638,24.8874],[114.9649,24.8944],[114.971,24.8987],[114.9653,24.9032],[114.9672,24.9076],[114.9662,24.9242],[114.9643,24.9324],[114.9548,24.932],[114.9526,24.94],[114.9552,24.9525],[114.9463,24.9558],[114.9458,24.9633],[114.9493,24.9683],[114.9473,24.9742],[114.9383,24.9797],[114.9471,24.9867],[114.952,24.9946],[114.9521,25.0071],[114.9471,25.0061],[114.9334,25.0189],[114.9224,25.0158],[114.914,25.0095],[114.9014,25.0038],[114.8943,25.0109],[114.8721,25.0011],[114.8582,25.0011],[114.856,25.0058]]]},"properties":{"region_code":"CN-36-3607-360783","parent_region_code":"CN-36-3607","name":"龙南市","level":"county","has_children":false,"full_path":"中国 / 江西省 / 赣州市 / 龙南市","source_admin_code":"360783","osm_relation_id":2221864}}
]}