{"type":"FeatureCollection", "features": [
{"type":"Feature","geometry":{"type":"Polygon","coordinates":[[[117.7198,36.6895],[117.7115,36.6957],[117.7133,36.7057],[117.7331,36.7176],[117.7322,36.7327],[117.7374,36.7502],[117.7133,36.7558],[117.6882,36.7535],[117.6814,36.761],[117.6755,36.7778],[117.6485,36.8023],[117.6045,36.8179],[117.5874,36.8354],[117.5752,36.8516],[117.5716,36.8692],[117.5802,36.8908],[117.5698,36.9034],[117.5644,36.9153],[117.5282,36.9302],[117.5325,36.9404],[117.5439,36.9333],[117.5482,36.9412],[117.5585,36.9453],[117.559,36.9583],[117.5433,36.9619],[117.5521,36.9702],[117.5448,36.9797],[117.531,36.9787],[117.5176,36.9602],[117.4971,36.9702],[117.4655,36.9683],[117.4664,36.9591],[117.4138,36.9527],[117.4088,36.9608],[117.3962,36.953],[117.3805,36.9541],[117.3719,36.9638],[117.3692,36.9868],[117.3593,36.999],[117.3265,37.0087],[117.3107,37.0274],[117.3265,37.036],[117.3351,37.0694],[117.3532,37.0672],[117.3686,37.0699],[117.3968,37.0874],[117.4327,37.0916],[117.454,37.108],[117.4476,37.1206],[117.4446,37.1515],[117.4334,37.1652],[117.4356,37.173],[117.4287,37.1931],[117.4126,37.1985],[117.3971,37.2196],[117.3979,37.2341],[117.4036,37.2396],[117.416,37.239],[117.422,37.2534],[117.4319,37.2571],[117.4318,37.2674],[117.4261,37.2712],[117.4224,37.2941],[117.4168,37.3071],[117.3995,37.3173],[117.3998,37.33],[117.4079,37.3345],[117.4024,37.3574],[117.4015,37.3744],[117.3915,37.3743],[117.3834,37.3874],[117.3697,37.3898],[117.3566,37.3968],[117.3576,37.4087],[117.3636,37.4293],[117.3545,37.4448],[117.34,37.4549],[117.3215,37.4544],[117.3221,37.4486],[117.2955,37.4498],[117.2901,37.4625],[117.2762,37.4679],[117.2802,37.4858],[117.3138,37.4869],[117.3134,37.504],[117.298,37.5079],[117.2811,37.5065],[117.2774,37.5219],[117.2578,37.5282],[117.2423,37.5281],[117.2259,37.5339],[117.2213,37.5142],[117.2077,37.5092],[117.2078,37.5015],[117.194,37.497],[117.1884,37.4871],[117.1609,37.4846],[117.1459,37.4722],[117.1207,37.479],[117.0915,37.4697],[117.0944,37.4384],[117.068,37.4283],[117.0516,37.4252],[117.0362,37.436],[117.018,37.4392],[117.0078,37.4233],[117.0079,37.4123],[117.0206,37.3978],[117.0106,37.3941],[116.9926,37.3927],[116.9949,37.38],[117.0021,37.3712],[117.0007,37.3543],[116.9865,37.3484],[116.9774,37.3281],[116.9859,37.3233],[116.9883,37.307],[116.9867,37.2955],[116.995,37.2936],[116.9961,37.28],[117.0238,37.275],[117.0263,37.2525],[117.0353,37.2468],[117.0307,37.2371],[117.0297,37.2229],[117.0162,37.2142],[117.0318,37.2066],[117.0363,37.1965],[117.0513,37.1914],[117.0574,37.1821],[117.055,37.1635],[117.0444,37.161],[117.0486,37.141],[117.0379,37.1309],[117.0382,37.1209],[117.0175,37.1166],[117.0045,37.1278],[116.9873,37.1266],[116.982,37.1156],[116.9629,37.1094],[116.9536,37.1123],[116.9432,37.1036],[116.9231,37.1018],[116.9169,37.1044],[116.9119,37.085],[116.912,37.0718],[116.9185,37.0688],[116.9246,37.0469],[116.9359,37.0403],[116.941,37.0305],[116.9044,37.0223],[116.8932,37.0072],[116.8729,36.9986],[116.8801,36.9913],[116.8814,36.9816],[116.8943,36.9771],[116.8907,36.9642],[116.9048,36.9602],[116.9274,36.9602],[116.928,36.9543],[116.9169,36.9342],[116.9346,36.9226],[116.9532,36.9152],[116.9522,36.9015],[116.9583,36.8951],[116.9571,36.8757],[116.9512,36.8708],[116.957,36.8625],[116.9593,36.8436],[116.9419,36.8406],[116.9309,36.8349],[116.9279,36.8237],[116.914,36.8226],[116.887,36.83],[116.8775,36.8259],[116.8838,36.8163],[116.8757,36.8097],[116.8657,36.8118],[116.8598,36.7947],[116.8585,36.7777],[116.8655,36.7596],[116.879,36.7581],[116.881,36.7452],[116.8742,36.7432],[116.8568,36.7298],[116.8284,36.7249],[116.7986,36.7084],[116.7954,36.6965],[116.7751,36.6928],[116.7743,36.6669],[116.7698,36.6585],[116.7572,36.6508],[116.7519,36.6294],[116.728,36.6157],[116.7012,36.6088],[116.6875,36.6074],[116.6865,36.5865],[116.6749,36.581],[116.6597,36.5794],[116.6531,36.5748],[116.6578,36.5644],[116.6547,36.5541],[116.6349,36.5429],[116.6255,36.5449],[116.6045,36.5167],[116.6214,36.509],[116.6222,36.4995],[116.5945,36.4939],[116.5882,36.4879],[116.5912,36.4786],[116.6063,36.4751],[116.6055,36.4596],[116.6159,36.4389],[116.6138,36.4298],[116.596,36.4197],[116.541,36.4084],[116.5363,36.4063],[116.5249,36.3885],[116.494,36.3748],[116.4901,36.3565],[116.4798,36.3485],[116.4742,36.338],[116.447,36.3422],[116.4417,36.3392],[116.4357,36.3214],[116.4229,36.3153],[116.4043,36.3224],[116.3961,36.3219],[116.3445,36.2977],[116.3263,36.2959],[116.3122,36.2816],[116.3031,36.2681],[116.3036,36.263],[116.2833,36.2438],[116.2776,36.2321],[116.2245,36.178],[116.2193,36.1699],[116.2341,36.1608],[116.2534,36.1315],[116.2582,36.1305],[116.2662,36.1161],[116.2557,36.101],[116.2594,36.0857],[116.2561,36.0654],[116.2678,36.0539],[116.2539,36.0482],[116.2869,36.0334],[116.3002,36.036],[116.3047,36.0535],[116.3205,36.0585],[116.3341,36.059],[116.3367,36.0649],[116.3488,36.0707],[116.3505,36.0814],[116.362,36.0862],[116.3823,36.0895],[116.3907,36.0879],[116.3995,36.0698],[116.4127,36.0713],[116.4251,36.0661],[116.4239,36.0517],[116.4316,36.041],[116.4436,36.0472],[116.4467,36.0577],[116.4536,36.0618],[116.4858,36.0674],[116.4863,36.0708],[116.5099,36.073],[116.5219,36.0708],[116.5355,36.0818],[116.5402,36.0912],[116.5379,36.1039],[116.5614,36.109],[116.5626,36.1184],[116.5572,36.1265],[116.5523,36.1438],[116.5429,36.1447],[116.5311,36.1354],[116.515,36.1411],[116.5055,36.1482],[116.5168,36.1565],[116.5217,36.1762],[116.505,36.1791],[116.5038,36.1857],[116.4891,36.1962],[116.4748,36.1973],[116.4668,36.2141],[116.4794,36.223],[116.4803,36.235],[116.5008,36.2401],[116.5073,36.2545],[116.5219,36.2545],[116.5309,36.2456],[116.5445,36.2516],[116.5576,36.2628],[116.5692,36.2635],[116.5787,36.2589],[116.5819,36.2687],[116.592,36.2715],[116.6053,36.2921],[116.6294,36.2947],[116.6454,36.2998],[116.6642,36.2857],[116.6659,36.2807],[116.6811,36.2752],[116.6958,36.2852],[116.7139,36.2794],[116.7207,36.2818],[116.7248,36.2927],[116.7391,36.3038],[116.749,36.3036],[116.7539,36.3106],[116.764,36.3112],[116.771,36.3175],[116.787,36.3115],[116.7975,36.3108],[116.8095,36.2962],[116.8251,36.2945],[116.8503,36.3016],[116.8502,36.2895],[116.8593,36.2841],[116.8684,36.2636],[116.8856,36.2556],[116.9011,36.2604],[116.9231,36.2715],[116.9269,36.2651],[116.945,36.2574],[116.9509,36.26],[116.9592,36.2497],[116.9698,36.2427],[116.9817,36.2507],[116.9909,36.2513],[117.0004,36.2617],[117.0223,36.2698],[117.0225,36.2782],[117.0337,36.2781],[117.0508,36.2866],[117.0668,36.2883],[117.0724,36.3073],[117.0694,36.3138],[117.075,36.3304],[117.0815,36.337],[117.0835,36.3469],[117.0943,36.342],[117.1202,36.3385],[117.1273,36.3349],[117.1352,36.3464],[117.1603,36.3536],[117.1759,36.3533],[117.188,36.3822],[117.1969,36.3902],[117.202,36.4045],[117.237,36.4168],[117.2491,36.4391],[117.2739,36.4547],[117.2847,36.4736],[117.2955,36.4777],[117.3005,36.472],[117.3245,36.467],[117.3384,36.4718],[117.3499,36.4617],[117.3438,36.4568],[117.331,36.4347],[117.3406,36.4181],[117.3387,36.4003],[117.3447,36.3896],[117.3452,36.3771],[117.358,36.3593],[117.3855,36.3342],[117.386,36.3265],[117.3742,36.3166],[117.3812,36.3035],[117.382,36.2858],[117.393,36.2845],[117.3889,36.2661],[117.409,36.2678],[117.4126,36.2439],[117.3874,36.2375],[117.3873,36.2224],[117.3923,36.2161],[117.4067,36.2107],[117.4227,36.222],[117.4422,36.218],[117.4471,36.2038],[117.4352,36.1914],[117.4576,36.17],[117.4699,36.1729],[117.4777,36.1686],[117.4828,36.1561],[117.4713,36.1506],[117.4543,36.1507],[117.4407,36.1201],[117.4498,36.1114],[117.4527,36.0898],[117.4715,36.0907],[117.4778,36.1013],[117.5001,36.098],[117.5248,36.111],[117.5369,36.1118],[117.5441,36.1065],[117.5482,36.0871],[117.5696,36.0753],[117.5909,36.0798],[117.6021,36.0702],[117.6112,36.0716],[117.6277,36.0637],[117.6362,36.0564],[117.6671,36.0465],[117.679,36.0546],[117.7083,36.0413],[117.7202,36.0316],[117.7285,36.0297],[117.7363,36.0368],[117.7493,36.0201],[117.7452,36.012],[117.7509,35.9921],[117.7663,35.9949],[117.7771,36.0029],[117.7819,36.012],[117.7943,36.0162],[117.8227,36.0131],[117.8472,36.0066],[117.8665,36.0104],[117.873,36.0187],[117.895,36.0215],[117.9078,36.0209],[117.9182,36.0157],[117.9208,36.0052],[117.9302,36.006],[117.9439,36.0149],[117.9374,36.0241],[117.9419,36.0351],[117.9338,36.0558],[117.9241,36.0681],[117.9335,36.0765],[117.9354,36.0909],[117.9455,36.0985],[117.9416,36.1064],[117.9202,36.1095],[117.9111,36.1211],[117.9075,36.1323],[117.8975,36.1386],[117.8978,36.1528],[117.9106,36.1702],[117.9081,36.1806],[117.9131,36.1967],[117.9299,36.2033],[117.9512,36.2041],[117.9564,36.2079],[117.9598,36.2282],[117.9726,36.2623],[117.9673,36.2684],[117.9379,36.274],[117.9273,36.2718],[117.9216,36.2773],[117.926,36.2851],[117.9175,36.2997],[117.9193,36.3132],[117.9127,36.3178],[117.9293,36.3424],[117.9201,36.3509],[117.897,36.3522],[117.8767,36.3685],[117.8614,36.3866],[117.8534,36.3894],[117.85,36.4125],[117.823,36.419],[117.8214,36.428],[117.8272,36.4431],[117.8135,36.4423],[117.8062,36.4367],[117.7932,36.437],[117.7849,36.4413],[117.7502,36.4454],[117.7564,36.4624],[117.7507,36.4961],[117.737,36.4981],[117.7302,36.5051],[117.7506,36.5109],[117.7437,36.5244],[117.7059,36.5601],[117.7002,36.5716],[117.7006,36.5885],[117.705,36.6146],[117.704,36.6338],[117.6939,36.6571],[117.6941,36.669],[117.7002,36.685],[117.7198,36.6895]]]},"properties":{"region_code":"CN-37-3701","parent_region_code":"CN-37","name":"济南市","level":"prefecture","has_children":true,"full_path":"中国 / 山东省 / 济南市","source_admin_code":"3701","osm_relation_id":3486449}},
{"type":"Feature","geometry":{"type":"Polygon","coordinates":[[[121.5699,36.0664],[121.048,36.5305],[120.9833,36.5579],[120.9416,36.573],[120.9287,36.5812],[120.916,36.5932],[120.8845,36.6136],[120.8572,36.6199],[120.8165,36.5993],[120.8106,36.5912],[120.7886,36.5885],[120.7767,36.5906],[120.7728,36.601],[120.7528,36.6055],[120.7466,36.6147],[120.7336,36.6173],[120.72,36.6242],[120.7036,36.6212],[120.7046,36.6128],[120.6949,36.607],[120.6783,36.5897],[120.6654,36.588],[120.6519,36.5788],[120.6311,36.5752],[120.631,36.5967],[120.6353,36.6005],[120.6401,36.6264],[120.6527,36.6265],[120.6559,36.6478],[120.6443,36.6557],[120.6374,36.6659],[120.6227,36.6597],[120.6205,36.6791],[120.6053,36.6916],[120.5945,36.6916],[120.5816,36.6971],[120.5919,36.7079],[120.5795,36.7347],[120.5578,36.7363],[120.5393,36.7488],[120.5407,36.7692],[120.5507,36.7784],[120.5642,36.8023],[120.5861,36.8012],[120.5969,36.8048],[120.6051,36.8326],[120.5838,36.8394],[120.5885,36.8533],[120.5751,36.8586],[120.5719,36.8796],[120.5814,36.8823],[120.6045,36.8834],[120.6173,36.8923],[120.6181,36.907],[120.6127,36.9108],[120.5893,36.912],[120.5685,36.9281],[120.5664,36.9483],[120.5585,36.9513],[120.5556,36.9603],[120.5618,36.9652],[120.5638,36.9829],[120.5693,36.9872],[120.5712,36.9987],[120.5849,36.9979],[120.596,36.9918],[120.6018,37.0008],[120.6014,37.0181],[120.6089,37.0243],[120.6015,37.0467],[120.5818,37.0481],[120.5797,37.0577],[120.5661,37.046],[120.5542,37.047],[120.545,37.0408],[120.5325,37.0474],[120.5281,37.0556],[120.535,37.0599],[120.5316,37.0814],[120.5428,37.1162],[120.5377,37.1281],[120.5231,37.1361],[120.5222,37.1428],[120.5054,37.1475],[120.4882,37.1326],[120.488,37.126],[120.4736,37.1235],[120.4578,37.1144],[120.442,37.1182],[120.4058,37.1103],[120.4069,37.0981],[120.3929,37.0956],[120.3862,37.1018],[120.3727,37.1045],[120.357,37.0997],[120.3473,37.0787],[120.3311,37.0912],[120.3316,37.1034],[120.3181,37.1065],[120.3101,37.1123],[120.3007,37.1112],[120.2949,37.1191],[120.298,37.1294],[120.275,37.1304],[120.2662,37.1194],[120.2555,37.1135],[120.2481,37.1202],[120.2293,37.1227],[120.2258,37.1061],[120.2287,37.0978],[120.225,37.089],[120.2132,37.0829],[120.2104,37.0693],[120.2134,37.0604],[120.2013,37.0378],[120.1888,37.0332],[120.1694,37.0328],[120.1627,37.018],[120.1515,37.0142],[120.1364,37.0148],[120.1352,37.0213],[120.1171,37.0157],[120.0968,37.0134],[120.0863,37.0174],[120.0498,37.0193],[120.0431,37.0175],[120.0304,36.9982],[120.0023,37.0098],[119.9857,37.0127],[119.9793,37.0176],[119.9706,37.0107],[119.9624,37.0138],[119.9179,36.9938],[119.9024,36.995],[119.8815,37],[119.8146,37.0022],[119.806,37.0105],[119.7913,37.0134],[119.7662,37.0067],[119.7643,36.996],[119.755,36.9922],[119.7349,36.9917],[119.7261,36.9876],[119.7167,36.9928],[119.7105,37.0051],[119.6761,36.998],[119.6496,37.0099],[119.6049,37.0153],[119.5991,36.9952],[119.5919,36.988],[119.5785,36.955],[119.5779,36.9495],[119.5912,36.93],[119.5944,36.9205],[119.5945,36.878],[119.5923,36.8572],[119.5626,36.8057],[119.5447,36.8087],[119.5359,36.8073],[119.5326,36.7895],[119.5253,36.7696],[119.5308,36.7415],[119.5438,36.7229],[119.5546,36.7214],[119.5624,36.7129],[119.5744,36.7117],[119.5819,36.6962],[119.5914,36.6894],[119.6056,36.667],[119.6156,36.6423],[119.6461,36.6235],[119.6652,36.6161],[119.6764,36.6068],[119.6918,36.6043],[119.7235,36.584],[119.7341,36.5822],[119.7453,36.5753],[119.746,36.5679],[119.7747,36.562],[119.7914,36.5533],[119.8071,36.5501],[119.8398,36.5377],[119.9125,36.526],[119.9167,36.521],[119.918,36.4947],[119.9311,36.4954],[119.9302,36.5107],[119.9534,36.5206],[119.967,36.5216],[119.9697,36.5154],[119.9945,36.5034],[120.0049,36.5081],[119.9989,36.4893],[120.0054,36.4842],[119.9988,36.4772],[120.0075,36.4676],[120.0066,36.454],[120.0006,36.4484],[119.9858,36.4505],[119.9633,36.4501],[119.9435,36.4441],[119.9308,36.4274],[119.9201,36.4193],[119.9213,36.4033],[119.9363,36.395],[119.9403,36.3846],[119.9047,36.3844],[119.8992,36.3815],[119.8997,36.3699],[119.8919,36.3484],[119.8929,36.3339],[119.8846,36.3181],[119.8636,36.3108],[119.8475,36.2976],[119.8286,36.2788],[119.8251,36.2605],[119.814,36.2565],[119.8156,36.2444],[119.8027,36.2328],[119.8142,36.2118],[119.8233,36.2091],[119.8178,36.1989],[119.8261,36.1849],[119.8155,36.1732],[119.8035,36.167],[119.7869,36.1716],[119.7774,36.1652],[119.7669,36.1676],[119.7426,36.1586],[119.7284,36.1635],[119.7273,36.1725],[119.7173,36.1756],[119.6863,36.1763],[119.6759,36.1804],[119.6657,36.1779],[119.6599,36.1627],[119.6543,36.1615],[119.6521,36.1476],[119.645,36.1318],[119.6389,36.1291],[119.6523,36.1087],[119.6517,36.1009],[119.6268,36.0916],[119.6283,36.0678],[119.6541,36.0655],[119.6604,36.0579],[119.6786,36.0572],[119.7018,36.048],[119.7056,36.0396],[119.7017,36.0271],[119.6926,36.0183],[119.6797,35.9978],[119.6806,35.9751],[119.6916,35.9553],[119.696,35.9348],[119.712,35.918],[119.722,35.8964],[119.7219,35.8678],[119.7144,35.8631],[119.6935,35.8693],[119.6824,35.8659],[119.6708,35.8542],[119.653,35.8539],[119.6393,35.8491],[119.6324,35.8351],[119.6198,35.828],[119.6195,35.8005],[119.6094,35.7929],[119.6077,35.7833],[119.5934,35.7785],[119.5862,35.7633],[119.6218,35.7243],[119.5974,35.717],[119.5693,35.7173],[119.5486,35.729],[119.5362,35.7297],[119.5132,35.7214],[119.5163,35.7158],[119.5143,35.7014],[119.5092,35.6987],[119.5141,35.6852],[119.5236,35.6748],[119.5228,35.6545],[119.5183,35.643],[119.5196,35.6328],[119.5139,35.6278],[119.5132,35.6141],[119.5318,35.6058],[119.5356,35.5901],[119.5546,35.5934],[119.5695,35.5868],[119.5871,35.6006],[119.5953,35.5902],[119.6048,35.592],[119.6089,35.6047],[119.6298,35.598],[119.6429,35.5903],[119.6604,35.5848],[119.6673,35.5752],[119.6962,35.5655],[119.8382,35.4517],[120.7277,35.4517],[120.8526,35.5648],[121.0525,35.7454],[121.396,35.9587],[121.5699,36.0664]]]},"properties":{"region_code":"CN-37-3702","parent_region_code":"CN-37","name":"青岛市","level":"prefecture","has_children":true,"full_path":"中国 / 山东省 / 青岛市","source_admin_code":"3702","osm_relation_id":3469133}},
{"type":"Feature","geometry":{"type":"Polygon","coordinates":[[[117.9302,36.006],[117.9308,35.9894],[117.9406,35.9616],[117.9491,35.9588],[117.9647,35.9708],[117.9797,35.97],[117.9802,35.9544],[117.9848,35.9475],[117.9954,35.9463],[118.0129,35.9537],[118.0186,35.9626],[118.0262,35.9615],[118.028,35.9784],[118.0428,35.9917],[118.0532,35.9921],[118.0587,36.0062],[118.0708,36.0073],[118.1051,36.0276],[118.1268,36.0299],[118.1354,36.0176],[118.1593,36.0207],[118.1728,36.0169],[118.1868,36.008],[118.1973,35.9949],[118.2003,35.9771],[118.1907,35.971],[118.2012,35.9649],[118.2047,35.9504],[118.2164,35.9505],[118.2364,35.9432],[118.2295,35.9379],[118.2367,35.9312],[118.2502,35.9308],[118.2527,35.9245],[118.267,35.9289],[118.2789,35.9385],[118.2938,35.9435],[118.2991,35.9511],[118.3186,35.9472],[118.3374,35.957],[118.35,35.956],[118.3555,35.972],[118.3645,35.9697],[118.3747,35.9732],[118.3812,35.9883],[118.4097,35.9917],[118.4294,35.9653],[118.4389,35.9621],[118.4538,35.9514],[118.4654,35.9614],[118.4968,35.9623],[118.4998,35.9663],[118.4917,35.9783],[118.481,35.9871],[118.488,35.9962],[118.4818,36.0053],[118.4717,36.0113],[118.4635,36.0229],[118.4704,36.0314],[118.4854,36.0256],[118.51,36.0264],[118.5163,36.04],[118.5167,36.053],[118.5102,36.0614],[118.5072,36.0735],[118.4845,36.0664],[118.4788,36.0743],[118.4763,36.0911],[118.4787,36.1094],[118.4838,36.1253],[118.4803,36.1316],[118.4588,36.1391],[118.4402,36.1322],[118.428,36.1238],[118.4139,36.1225],[118.4035,36.1328],[118.3996,36.1583],[118.3757,36.1889],[118.3735,36.1985],[118.3807,36.2172],[118.3798,36.2332],[118.3629,36.2535],[118.3549,36.258],[118.3365,36.2589],[118.3137,36.2461],[118.3081,36.2476],[118.3153,36.2694],[118.3142,36.2873],[118.3058,36.3072],[118.2916,36.3226],[118.2956,36.331],[118.2837,36.3409],[118.2606,36.3457],[118.2538,36.3525],[118.2341,36.3909],[118.2434,36.4016],[118.2448,36.4109],[118.2237,36.4077],[118.2187,36.4143],[118.2224,36.4295],[118.2271,36.4327],[118.2214,36.4512],[118.2277,36.4562],[118.2241,36.4674],[118.2104,36.4783],[118.207,36.4899],[118.2126,36.4971],[118.2048,36.5031],[118.2043,36.5252],[118.2161,36.5326],[118.2088,36.5391],[118.1862,36.5457],[118.1826,36.5553],[118.175,36.5606],[118.1746,36.5769],[118.1703,36.5853],[118.1746,36.5934],[118.1907,36.6041],[118.1967,36.6126],[118.21,36.6174],[118.201,36.6369],[118.2086,36.6467],[118.2149,36.6617],[118.2257,36.6647],[118.2104,36.6753],[118.2316,36.7127],[118.2218,36.7176],[118.2276,36.7245],[118.2482,36.7316],[118.2575,36.7239],[118.2712,36.7195],[118.2786,36.723],[118.2663,36.7379],[118.2734,36.751],[118.2922,36.753],[118.2922,36.7771],[118.3123,36.7792],[118.3164,36.7702],[118.3444,36.7678],[118.3784,36.7866],[118.4141,36.7958],[118.4187,36.8024],[118.4321,36.8098],[118.4335,36.8369],[118.4441,36.8369],[118.4444,36.8489],[118.4561,36.845],[118.4761,36.8524],[118.4709,36.8598],[118.4591,36.8609],[118.4717,36.8764],[118.477,36.8787],[118.4773,36.9002],[118.4691,36.9048],[118.4755,36.9132],[118.4841,36.9139],[118.4913,36.9286],[118.4842,36.9432],[118.4618,36.946],[118.4603,36.9406],[118.4183,36.9437],[118.3973,36.9424],[118.3894,36.9476],[118.3848,36.9691],[118.3627,36.9671],[118.3335,36.9563],[118.2982,36.9602],[118.2929,36.9638],[118.2877,36.9774],[118.2831,36.9993],[118.2629,37.0063],[118.2414,36.998],[118.2413,36.9855],[118.2295,36.985],[118.2257,36.9747],[118.2156,36.967],[118.1981,36.9627],[118.1899,36.967],[118.187,36.9771],[118.1551,36.9813],[118.146,36.9876],[118.1472,36.9997],[118.1327,37.0055],[118.13,37.0304],[118.1337,37.0441],[118.1455,37.0456],[118.1447,37.0541],[118.1518,37.0641],[118.1301,37.0647],[118.125,37.0905],[118.1048,37.0937],[118.0803,37.0911],[118.0681,37.0854],[118.0535,37.0836],[118.0508,37.0929],[118.0398,37.0978],[118.0388,37.1061],[118.0618,37.111],[118.0731,37.1202],[118.0585,37.1393],[118.0529,37.1573],[118.0684,37.1694],[118.0653,37.1768],[118.0762,37.1847],[118.0627,37.2065],[118.0416,37.205],[118.0402,37.2155],[118.0168,37.2215],[118.0138,37.2097],[117.9887,37.2088],[117.9704,37.2152],[117.9721,37.2314],[117.9905,37.2458],[117.9847,37.2618],[117.9612,37.2711],[117.9422,37.2657],[117.9336,37.2796],[117.9032,37.2646],[117.8824,37.262],[117.8757,37.2691],[117.8577,37.2781],[117.8374,37.2819],[117.8183,37.278],[117.797,37.2614],[117.7765,37.2481],[117.7557,37.2453],[117.7208,37.2502],[117.6937,37.2557],[117.666,37.2717],[117.6536,37.2737],[117.6334,37.2602],[117.6259,37.2501],[117.6223,37.2316],[117.6169,37.2203],[117.5949,37.2044],[117.5893,37.1971],[117.5853,37.1685],[117.5758,37.1554],[117.5455,37.1455],[117.5512,37.1239],[117.5686,37.1206],[117.5621,37.1098],[117.5689,37.0888],[117.5851,37.0849],[117.6035,37.0904],[117.6129,37.0899],[117.6419,37.0825],[117.6671,37.0731],[117.6966,37.0682],[117.7206,37.0685],[117.7326,37.0642],[117.758,37.0658],[117.7651,37.0685],[117.7939,37.0705],[117.8398,37.066],[117.8374,37.045],[117.8319,37.0291],[117.852,37.0208],[117.8588,37.022],[117.8648,37.009],[117.859,37.0056],[117.8638,36.9856],[117.8801,36.9822],[117.9027,36.9807],[117.9043,36.9612],[117.9374,36.9279],[117.9429,36.9183],[117.955,36.922],[117.9562,36.9083],[117.9343,36.8989],[117.9305,36.8924],[117.9172,36.8857],[117.9114,36.8698],[117.8923,36.8714],[117.8721,36.8615],[117.8595,36.8663],[117.8507,36.8597],[117.8281,36.8595],[117.8218,36.8478],[117.826,36.8359],[117.814,36.8118],[117.8089,36.797],[117.8094,36.7885],[117.8185,36.7877],[117.82,36.7759],[117.8344,36.7778],[117.8448,36.7647],[117.8469,36.7507],[117.8268,36.7448],[117.8279,36.7522],[117.816,36.7626],[117.8044,36.7344],[117.7897,36.7199],[117.7873,36.7073],[117.7759,36.7053],[117.7752,36.6972],[117.7641,36.6944],[117.7481,36.6967],[117.7198,36.6895],[117.7002,36.685],[117.6941,36.669],[117.6939,36.6571],[117.704,36.6338],[117.705,36.6146],[117.7006,36.5885],[117.7002,36.5716],[117.7059,36.5601],[117.7437,36.5244],[117.7506,36.5109],[117.7302,36.5051],[117.737,36.4981],[117.7507,36.4961],[117.7564,36.4624],[117.7502,36.4454],[117.7849,36.4413],[117.7932,36.437],[117.8062,36.4367],[117.8135,36.4423],[117.8272,36.4431],[117.8214,36.428],[117.823,36.419],[117.85,36.4125],[117.8534,36.3894],[117.8614,36.3866],[117.8767,36.3685],[117.897,36.3522],[117.9201,36.3509],[117.9293,36.3424],[117.9127,36.3178],[117.9193,36.3132],[117.9175,36.2997],[117.926,36.2851],[117.9216,36.2773],[117.9273,36.2718],[117.9379,36.274],[117.9673,36.2684],[117.9726,36.2623],[117.9598,36.2282],[117.9564,36.2079],[117.9512,36.2041],[117.9299,36.2033],[117.9131,36.1967],[117.9081,36.1806],[117.9106,36.1702],[117.8978,36.1528],[117.8975,36.1386],[117.9075,36.1323],[117.9111,36.1211],[117.9202,36.1095],[117.9416,36.1064],[117.9455,36.0985],[117.9354,36.0909],[117.9335,36.0765],[117.9241,36.0681],[117.9338,36.0558],[117.9419,36.0351],[117.9374,36.0241],[117.9439,36.0149],[117.9302,36.006]]]},"properties":{"region_code":"CN-37-3703","parent_region_code":"CN-37","name":"淄博市","level":"prefecture","has_children":true,"full_path":"中国 / 山东省 / 淄博市","source_admin_code":"3703","osm_relation_id":3468503}},
{"type":"Feature","geometry":{"type":"Polygon","coordinates":[[[117.4115,35.2718],[117.3986,35.2806],[117.4004,35.2941],[117.3935,35.3043],[117.3783,35.3099],[117.3369,35.3217],[117.3235,35.3187],[117.3098,35.32],[117.3078,35.3024],[117.3019,35.2937],[117.2779,35.3037],[117.2737,35.2962],[117.256,35.2875],[117.2646,35.262],[117.2535,35.2559],[117.239,35.2617],[117.2282,35.2612],[117.2193,35.2557],[117.2119,35.2618],[117.2028,35.261],[117.1951,35.2499],[117.1825,35.2499],[117.1464,35.2309],[117.1322,35.2358],[117.1198,35.2318],[117.0931,35.2167],[117.0783,35.2201],[117.0762,35.2302],[117.0388,35.2227],[117.0215,35.2216],[117.0103,35.216],[117.0044,35.2077],[116.973,35.1898],[116.962,35.1864],[116.9556,35.1794],[116.9311,35.1699],[116.9284,35.1783],[116.9133,35.1801],[116.899,35.1764],[116.8911,35.1962],[116.8667,35.1843],[116.8652,35.1746],[116.8555,35.1646],[116.8278,35.1854],[116.8154,35.1812],[116.8103,35.1733],[116.8091,35.1583],[116.8209,35.1483],[116.8224,35.128],[116.8304,35.1247],[116.8326,35.1155],[116.8571,35.0928],[116.8612,35.0786],[116.8741,35.0825],[116.8881,35.0789],[116.8953,35.0695],[116.8752,35.0633],[116.8759,35.0589],[116.8957,35.0607],[116.9075,35.0561],[116.9014,35.048],[116.9177,35.0439],[116.9139,35.0291],[116.9294,35.0271],[116.9479,35.0142],[116.9546,34.9946],[116.9372,34.9802],[116.9414,34.9629],[116.9565,34.9634],[116.9571,34.9515],[116.968,34.9473],[116.9694,34.9341],[116.985,34.9401],[117.0088,34.9431],[117.0153,34.9362],[117.0311,34.9415],[117.0354,34.9258],[117.0581,34.9295],[117.068,34.926],[117.0767,34.9355],[117.0976,34.9379],[117.105,34.9198],[117.1023,34.9111],[117.1122,34.907],[117.1183,34.8926],[117.1202,34.8584],[117.1419,34.8452],[117.1456,34.8369],[117.1569,34.8299],[117.1678,34.8303],[117.1724,34.8224],[117.1836,34.8207],[117.1877,34.8142],[117.1795,34.8057],[117.1678,34.8012],[117.1573,34.7838],[117.1721,34.7812],[117.1862,34.7822],[117.196,34.7699],[117.2075,34.7625],[117.2197,34.7487],[117.2303,34.7466],[117.2359,34.7311],[117.2531,34.7245],[117.2679,34.7282],[117.2715,34.7177],[117.3066,34.7196],[117.3081,34.7106],[117.3202,34.7051],[117.3186,34.6984],[117.3295,34.6891],[117.3214,34.6812],[117.3268,34.6743],[117.3448,34.6754],[117.346,34.6664],[117.354,34.6639],[117.3482,34.6533],[117.3627,34.6516],[117.3635,34.6378],[117.3719,34.6264],[117.3791,34.6314],[117.3945,34.63],[117.4058,34.6239],[117.4008,34.61],[117.3921,34.6048],[117.3909,34.5925],[117.3848,34.5875],[117.3877,34.5753],[117.397,34.5686],[117.4021,34.5432],[117.4181,34.5412],[117.4196,34.5182],[117.4362,34.529],[117.4403,34.5181],[117.451,34.5101],[117.4588,34.49],[117.4803,34.4853],[117.4823,34.4707],[117.5071,34.4749],[117.5338,34.4686],[117.5398,34.4762],[117.5511,34.4754],[117.5641,34.4644],[117.5834,34.4633],[117.5975,34.477],[117.6073,34.493],[117.6181,34.4894],[117.6274,34.4911],[117.6337,34.4996],[117.6474,34.4982],[117.659,34.5119],[117.6667,34.5155],[117.6757,34.5278],[117.677,34.5476],[117.6948,34.5467],[117.7609,34.5314],[117.7669,34.5278],[117.7914,34.5226],[117.7919,34.5387],[117.788,34.5518],[117.7886,34.5782],[117.7859,34.5846],[117.7935,34.6253],[117.7876,34.6293],[117.7904,34.6384],[117.7858,34.6462],[117.7882,34.6549],[117.7986,34.658],[117.804,34.6657],[117.8129,34.6666],[117.8209,34.6773],[117.8236,34.6939],[117.819,34.6981],[117.8233,34.723],[117.8151,34.742],[117.83,34.7418],[117.8312,34.7504],[117.8251,34.7598],[117.8099,34.7648],[117.7983,34.7652],[117.7769,34.7842],[117.777,34.7935],[117.7704,34.8008],[117.7911,34.8106],[117.7988,34.8332],[117.7742,34.844],[117.7452,34.8539],[117.7431,34.8654],[117.7336,34.8763],[117.7195,34.8795],[117.7136,34.8938],[117.7,34.9124],[117.693,34.9274],[117.6997,34.9377],[117.7191,34.9589],[117.7132,34.9711],[117.7216,34.9829],[117.7211,35.0041],[117.7323,35.0111],[117.7391,35.022],[117.7254,35.0296],[117.7024,35.0271],[117.693,35.0409],[117.7025,35.0472],[117.6886,35.0547],[117.669,35.0615],[117.6657,35.0686],[117.6563,35.0689],[117.6477,35.0781],[117.6464,35.0911],[117.6134,35.1135],[117.6096,35.1284],[117.6027,35.1294],[117.5893,35.1485],[117.5785,35.1534],[117.5762,35.1648],[117.5664,35.1682],[117.5509,35.1633],[117.5384,35.1651],[117.528,35.1733],[117.5216,35.1861],[117.5284,35.1942],[117.5221,35.2011],[117.513,35.1984],[117.4883,35.202],[117.4781,35.2081],[117.4835,35.2138],[117.4725,35.2234],[117.4665,35.2212],[117.4563,35.2297],[117.4424,35.2282],[117.4438,35.2382],[117.4511,35.2506],[117.4484,35.257],[117.4345,35.2569],[117.4119,35.2656],[117.4115,35.2718]]]},"properties":{"region_code":"CN-37-3704","parent_region_code":"CN-37","name":"枣庄市","level":"prefecture","has_children":true,"full_path":"中国 / 山东省 / 枣庄市","source_admin_code":"3704","osm_relation_id":3246762}},
{"type":"Feature","geometry":{"type":"Polygon","coordinates":[[[118.4618,36.946],[118.4707,36.9565],[118.4979,36.951],[118.4975,36.9437],[118.5194,36.9449],[118.5218,36.9388],[118.5389,36.936],[118.5492,36.9379],[118.5563,36.9509],[118.5501,36.9629],[118.5526,36.9792],[118.546,36.9873],[118.5484,37.0011],[118.5579,36.9938],[118.5654,37.0038],[118.5755,37.0035],[118.5824,37.0116],[118.5715,37.0198],[118.5603,37.0229],[118.5403,37.0229],[118.5416,37.0302],[118.5569,37.0406],[118.5529,37.0567],[118.5655,37.0571],[118.5817,37.0625],[118.6123,37.0606],[118.6351,37.0674],[118.656,37.0813],[118.6629,37.0894],[118.6694,37.1184],[118.6657,37.1336],[118.6473,37.1549],[118.6462,37.1695],[118.6496,37.1834],[118.6605,37.1988],[118.6623,37.2159],[118.673,37.2231],[118.6693,37.2282],[118.7043,37.2409],[118.7247,37.2532],[118.7733,37.2797],[118.8178,37.2884],[118.8582,37.2939],[118.901,37.2977],[118.9297,37.296],[118.9549,37.311],[118.9869,37.3175],[119.2432,37.3723],[119.2291,37.4182],[119.2181,37.4907],[119.4186,37.6023],[119.5264,37.6069],[119.5151,37.9474],[119.3191,38.1497],[119.1587,38.2541],[118.9689,38.354],[118.7931,38.352],[118.559,38.3492],[118.5418,38.361],[118.5413,38.0847],[118.5675,38.0477],[118.5805,38.0401],[118.5763,38.018],[118.5875,38.005],[118.6043,37.9785],[118.5926,37.9755],[118.5952,37.9486],[118.6168,37.9482],[118.6176,37.9262],[118.594,37.9232],[118.5209,37.9234],[118.5138,37.9206],[118.4906,37.9252],[118.4912,37.9286],[118.468,37.9335],[118.4606,37.9607],[118.4195,37.9596],[118.4196,37.9854],[118.4134,38.0023],[118.4264,38.0025],[118.4287,38.0274],[118.4173,38.0189],[118.4048,38.0158],[118.3844,38.0158],[118.3809,38.0332],[118.3756,38.0405],[118.3356,38.0654],[118.3336,38.0771],[118.3379,38.0913],[118.3289,38.0938],[118.3331,38.1108],[118.3286,38.1367],[118.3367,38.1495],[118.3369,38.414],[118.2705,38.4339],[118.2309,38.1268],[118.2209,38.1154],[118.2363,38.1097],[118.2287,38.0814],[118.2235,38.0705],[118.2243,38.0522],[118.2169,37.9977],[118.2237,37.9856],[118.215,37.9819],[118.2211,37.9379],[118.22,37.9227],[118.2376,37.8949],[118.2309,37.8841],[118.2334,37.8678],[118.2525,37.8541],[118.2643,37.8524],[118.2804,37.8562],[118.296,37.8698],[118.3066,37.861],[118.321,37.8645],[118.3388,37.8234],[118.3455,37.8153],[118.3554,37.791],[118.3431,37.7908],[118.3361,37.7764],[118.3349,37.7629],[118.347,37.7572],[118.3476,37.749],[118.3361,37.7458],[118.3309,37.7286],[118.3118,37.728],[118.3134,37.712],[118.3026,37.6997],[118.2991,37.6821],[118.2872,37.6767],[118.287,37.6689],[118.2785,37.6612],[118.2493,37.6537],[118.2243,37.6579],[118.2045,37.6654],[118.1713,37.6569],[118.169,37.6463],[118.1595,37.6437],[118.1574,37.6297],[118.1489,37.6271],[118.1509,37.6086],[118.1407,37.5991],[118.1424,37.5924],[118.1264,37.5875],[118.1213,37.5772],[118.1287,37.5675],[118.1279,37.5575],[118.1481,37.5578],[118.167,37.5628],[118.1634,37.5427],[118.1537,37.5382],[118.1365,37.5181],[118.1303,37.5157],[118.1285,37.4964],[118.1212,37.4908],[118.1067,37.4624],[118.1192,37.458],[118.1083,37.445],[118.1155,37.4396],[118.1443,37.4375],[118.1508,37.4296],[118.1588,37.4073],[118.1516,37.3912],[118.1362,37.3913],[118.1296,37.3846],[118.1353,37.3753],[118.1485,37.3776],[118.1557,37.3618],[118.1847,37.3767],[118.2108,37.3853],[118.2117,37.3701],[118.2164,37.3672],[118.2375,37.3665],[118.2395,37.3756],[118.2514,37.3783],[118.2553,37.3628],[118.2787,37.3612],[118.2841,37.3549],[118.3116,37.353],[118.3077,37.314],[118.3115,37.3058],[118.3204,37.3054],[118.3204,37.2938],[118.3357,37.2945],[118.3358,37.2866],[118.3488,37.2866],[118.3525,37.2792],[118.362,37.2787],[118.3697,37.2664],[118.3551,37.2441],[118.3433,37.2431],[118.341,37.231],[118.3577,37.21],[118.3697,37.2054],[118.3808,37.1771],[118.3744,37.1743],[118.3717,37.1534],[118.3507,37.139],[118.3356,37.1323],[118.3327,37.1218],[118.3402,37.1158],[118.3444,37.1016],[118.3316,37.0981],[118.3269,37.0814],[118.3327,37.0721],[118.3323,37.0536],[118.3192,37.0457],[118.3211,37.0361],[118.3052,37.0282],[118.3029,37.0196],[118.2947,37.0184],[118.2831,36.9993],[118.2877,36.9774],[118.2929,36.9638],[118.2982,36.9602],[118.3335,36.9563],[118.3627,36.9671],[118.3848,36.9691],[118.3894,36.9476],[118.3973,36.9424],[118.4183,36.9437],[118.4603,36.9406],[118.4618,36.946]]]},"properties":{"region_code":"CN-37-3705","parent_region_code":"CN-37","name":"东营市","level":"prefecture","has_children":true,"full_path":"中国 / 山东省 / 东营市","source_admin_code":"3705","osm_relation_id":4433983}},
{"type":"Feature","geometry":{"type":"Polygon","coordinates":[[[121.5699,36.0664],[121.6328,36.1054],[121.4618,36.7433],[121.4775,36.7604],[121.4746,36.7818],[121.456,36.7827],[121.4488,36.7888],[121.4121,36.793],[121.402,36.7888],[121.399,36.8024],[121.3907,36.8068],[121.3851,36.8173],[121.3879,36.8275],[121.3736,36.8403],[121.3644,36.8413],[121.3576,36.8501],[121.3526,36.8686],[121.3669,36.8715],[121.3776,36.8824],[121.3651,36.8849],[121.3585,36.8982],[121.3583,36.9219],[121.3423,36.9215],[121.3291,36.9098],[121.3102,36.9046],[121.3012,36.9189],[121.2787,36.916],[121.2724,36.9261],[121.2617,36.9257],[121.2513,36.9339],[121.2454,36.9458],[121.2529,36.956],[121.2355,36.9568],[121.2238,36.9677],[121.2279,36.9829],[121.22,36.9885],[121.208,36.9866],[121.1955,36.9943],[121.1792,37],[121.1683,37.0074],[121.1752,37.0152],[121.189,37.0159],[121.1902,37.03],[121.1865,37.0379],[121.1989,37.0486],[121.1916,37.0553],[121.1914,37.0657],[121.2052,37.0781],[121.2178,37.0793],[121.2467,37.0957],[121.2491,37.1033],[121.2602,37.1158],[121.2692,37.12],[121.2784,37.131],[121.2884,37.1313],[121.2978,37.1454],[121.3126,37.1479],[121.3153,37.134],[121.3342,37.1306],[121.3551,37.1424],[121.3615,37.1307],[121.3495,37.128],[121.3622,37.1113],[121.384,37.1048],[121.3886,37.0967],[121.4121,37.1002],[121.4218,37.0955],[121.4258,37.1079],[121.4366,37.1197],[121.4417,37.1306],[121.4716,37.1214],[121.4906,37.1124],[121.4942,37.1049],[121.506,37.1101],[121.5103,37.103],[121.5245,37.1086],[121.5341,37.1055],[121.544,37.1135],[121.5572,37.117],[121.5769,37.1153],[121.5861,37.1295],[121.5856,37.1421],[121.5979,37.1402],[121.6024,37.1304],[121.6166,37.1285],[121.6277,37.1402],[121.6332,37.1402],[121.6508,37.1202],[121.6624,37.1186],[121.6645,37.1111],[121.6801,37.1229],[121.6823,37.1359],[121.6902,37.1336],[121.6965,37.1237],[121.7285,37.1248],[121.7326,37.1354],[121.7446,37.1423],[121.7629,37.1698],[121.7553,37.1782],[121.7544,37.1916],[121.7641,37.1958],[121.7591,37.2169],[121.7421,37.2228],[121.7429,37.2407],[121.7511,37.2464],[121.771,37.2475],[121.7706,37.2552],[121.7787,37.2626],[121.7864,37.2839],[121.7873,37.296],[121.7929,37.3102],[121.8032,37.3056],[121.8162,37.3106],[121.8277,37.3257],[121.8378,37.3263],[121.8604,37.3366],[121.8592,37.3538],[121.8667,37.3555],[121.8677,37.3718],[121.8857,37.3827],[121.8838,37.3913],[121.8903,37.4037],[121.9122,37.4169],[121.9196,37.4264],[121.9244,37.4541],[121.9204,37.4695],[121.917,37.6719],[121.8348,37.6763],[121.8156,37.661],[121.794,37.658],[121.7841,37.659],[121.7719,37.6798],[121.7172,37.6827],[121.4454,37.8058],[121.3858,37.8327],[121.3381,37.834],[121.3119,37.857],[121.2769,37.879],[121.2426,37.894],[121.2167,37.902],[121.1881,37.908],[121.1631,37.911],[121.1587,37.915],[121.1697,37.9303],[121.0022,38.0059],[121.0419,38.4899],[120.7281,38.5584],[120.3999,38.0989],[120.3408,37.965],[120.2934,37.9439],[120.2797,37.8994],[120.2778,37.8777],[120.1355,37.8789],[120.0744,37.8486],[119.9936,37.7684],[119.9171,37.6901],[119.8876,37.6058],[119.6895,37.6061],[119.7002,37.5644],[119.534,37.5606],[119.5527,37.3562],[119.5744,37.118],[119.5721,37.11],[119.5571,37.0898],[119.5556,37.0724],[119.5499,37.0597],[119.5565,37.0533],[119.5735,37.0511],[119.5845,37.043],[119.6002,37.0394],[119.6072,37.0333],[119.6049,37.0153],[119.6496,37.0099],[119.6761,36.998],[119.7105,37.0051],[119.7167,36.9928],[119.7261,36.9876],[119.7349,36.9917],[119.755,36.9922],[119.7643,36.996],[119.7662,37.0067],[119.7913,37.0134],[119.806,37.0105],[119.8146,37.0022],[119.8815,37],[119.9024,36.995],[119.9179,36.9938],[119.9624,37.0138],[119.9706,37.0107],[119.9793,37.0176],[119.9857,37.0127],[120.0023,37.0098],[120.0304,36.9982],[120.0431,37.0175],[120.0498,37.0193],[120.0863,37.0174],[120.0968,37.0134],[120.1171,37.0157],[120.1352,37.0213],[120.1364,37.0148],[120.1515,37.0142],[120.1627,37.018],[120.1694,37.0328],[120.1888,37.0332],[120.2013,37.0378],[120.2134,37.0604],[120.2104,37.0693],[120.2132,37.0829],[120.225,37.089],[120.2287,37.0978],[120.2258,37.1061],[120.2293,37.1227],[120.2481,37.1202],[120.2555,37.1135],[120.2662,37.1194],[120.275,37.1304],[120.298,37.1294],[120.2949,37.1191],[120.3007,37.1112],[120.3101,37.1123],[120.3181,37.1065],[120.3316,37.1034],[120.3311,37.0912],[120.3473,37.0787],[120.357,37.0997],[120.3727,37.1045],[120.3862,37.1018],[120.3929,37.0956],[120.4069,37.0981],[120.4058,37.1103],[120.442,37.1182],[120.4578,37.1144],[120.4736,37.1235],[120.488,37.126],[120.4882,37.1326],[120.5054,37.1475],[120.5222,37.1428],[120.5231,37.1361],[120.5377,37.1281],[120.5428,37.1162],[120.5316,37.0814],[120.535,37.0599],[120.5281,37.0556],[120.5325,37.0474],[120.545,37.0408],[120.5542,37.047],[120.5661,37.046],[120.5797,37.0577],[120.5818,37.0481],[120.6015,37.0467],[120.6089,37.0243],[120.6014,37.0181],[120.6018,37.0008],[120.596,36.9918],[120.5849,36.9979],[120.5712,36.9987],[120.5693,36.9872],[120.5638,36.9829],[120.5618,36.9652],[120.5556,36.9603],[120.5585,36.9513],[120.5664,36.9483],[120.5685,36.9281],[120.5893,36.912],[120.6127,36.9108],[120.6181,36.907],[120.6173,36.8923],[120.6045,36.8834],[120.5814,36.8823],[120.5719,36.8796],[120.5751,36.8586],[120.5885,36.8533],[120.5838,36.8394],[120.6051,36.8326],[120.5969,36.8048],[120.5861,36.8012],[120.5642,36.8023],[120.5507,36.7784],[120.5407,36.7692],[120.5393,36.7488],[120.5578,36.7363],[120.5795,36.7347],[120.5919,36.7079],[120.5816,36.6971],[120.5945,36.6916],[120.6053,36.6916],[120.6205,36.6791],[120.6227,36.6597],[120.6374,36.6659],[120.6443,36.6557],[120.6559,36.6478],[120.6527,36.6265],[120.6401,36.6264],[120.6353,36.6005],[120.631,36.5967],[120.6311,36.5752],[120.6519,36.5788],[120.6654,36.588],[120.6783,36.5897],[120.6949,36.607],[120.7046,36.6128],[120.7036,36.6212],[120.72,36.6242],[120.7336,36.6173],[120.7466,36.6147],[120.7528,36.6055],[120.7728,36.601],[120.7767,36.5906],[120.7886,36.5885],[120.8106,36.5912],[120.8165,36.5993],[120.8572,36.6199],[120.8845,36.6136],[120.916,36.5932],[120.9287,36.5812],[120.9416,36.573],[120.9833,36.5579],[121.048,36.5305],[121.5699,36.0664]]]},"properties":{"region_code":"CN-37-3706","parent_region_code":"CN-37","name":"烟台市","level":"prefecture","has_children":true,"full_path":"中国 / 山东省 / 烟台市","source_admin_code":"3706","osm_relation_id":3469843}},
{"type":"Feature","geometry":{"type":"Polygon","coordinates":[[[119.6049,37.0153],[119.6072,37.0333],[119.6002,37.0394],[119.5845,37.043],[119.5735,37.0511],[119.5565,37.0533],[119.5499,37.0597],[119.5556,37.0724],[119.5571,37.0898],[119.5721,37.11],[119.5744,37.118],[119.5527,37.3562],[119.3564,37.3598],[119.2432,37.3723],[118.9869,37.3175],[118.9549,37.311],[118.9297,37.296],[118.901,37.2977],[118.8582,37.2939],[118.8178,37.2884],[118.7733,37.2797],[118.7247,37.2532],[118.7043,37.2409],[118.6693,37.2282],[118.673,37.2231],[118.6623,37.2159],[118.6605,37.1988],[118.6496,37.1834],[118.6462,37.1695],[118.6473,37.1549],[118.6657,37.1336],[118.6694,37.1184],[118.6629,37.0894],[118.656,37.0813],[118.6351,37.0674],[118.6123,37.0606],[118.5817,37.0625],[118.5655,37.0571],[118.5529,37.0567],[118.5569,37.0406],[118.5416,37.0302],[118.5403,37.0229],[118.5603,37.0229],[118.5715,37.0198],[118.5824,37.0116],[118.5755,37.0035],[118.5654,37.0038],[118.5579,36.9938],[118.5484,37.0011],[118.546,36.9873],[118.5526,36.9792],[118.5501,36.9629],[118.5563,36.9509],[118.5492,36.9379],[118.5389,36.936],[118.5218,36.9388],[118.5194,36.9449],[118.4975,36.9437],[118.4979,36.951],[118.4707,36.9565],[118.4618,36.946],[118.4842,36.9432],[118.4913,36.9286],[118.4841,36.9139],[118.4755,36.9132],[118.4691,36.9048],[118.4773,36.9002],[118.477,36.8787],[118.4717,36.8764],[118.4591,36.8609],[118.4709,36.8598],[118.4761,36.8524],[118.4561,36.845],[118.4444,36.8489],[118.4441,36.8369],[118.4335,36.8369],[118.4321,36.8098],[118.4187,36.8024],[118.4141,36.7958],[118.3784,36.7866],[118.3444,36.7678],[118.3164,36.7702],[118.3123,36.7792],[118.2922,36.7771],[118.2922,36.753],[118.2734,36.751],[118.2663,36.7379],[118.2786,36.723],[118.2712,36.7195],[118.2575,36.7239],[118.2482,36.7316],[118.2276,36.7245],[118.2218,36.7176],[118.2316,36.7127],[118.2104,36.6753],[118.2257,36.6647],[118.2149,36.6617],[118.2086,36.6467],[118.201,36.6369],[118.21,36.6174],[118.1967,36.6126],[118.1907,36.6041],[118.1746,36.5934],[118.1703,36.5853],[118.1746,36.5769],[118.175,36.5606],[118.1826,36.5553],[118.1862,36.5457],[118.2088,36.5391],[118.2161,36.5326],[118.2043,36.5252],[118.2048,36.5031],[118.2126,36.4971],[118.207,36.4899],[118.2104,36.4783],[118.2241,36.4674],[118.2277,36.4562],[118.2214,36.4512],[118.2271,36.4327],[118.2224,36.4295],[118.2187,36.4143],[118.2237,36.4077],[118.2448,36.4109],[118.2434,36.4016],[118.2341,36.3909],[118.2538,36.3525],[118.2606,36.3457],[118.2837,36.3409],[118.2956,36.331],[118.2916,36.3226],[118.3058,36.3072],[118.3142,36.2873],[118.3153,36.2694],[118.3081,36.2476],[118.3137,36.2461],[118.3365,36.2589],[118.3549,36.258],[118.3629,36.2535],[118.3798,36.2332],[118.3807,36.2172],[118.3735,36.1985],[118.3757,36.1889],[118.3996,36.1583],[118.4035,36.1328],[118.4139,36.1225],[118.428,36.1238],[118.4402,36.1322],[118.4588,36.1391],[118.4803,36.1316],[118.4838,36.1253],[118.4787,36.1094],[118.4763,36.0911],[118.4788,36.0743],[118.4845,36.0664],[118.5072,36.0735],[118.5071,36.0777],[118.5226,36.0922],[118.5197,36.1129],[118.5476,36.1301],[118.5597,36.1313],[118.5588,36.1428],[118.5661,36.1569],[118.5769,36.1524],[118.6011,36.1644],[118.6148,36.1766],[118.6313,36.1704],[118.639,36.1771],[118.6706,36.1699],[118.678,36.1585],[118.6749,36.152],[118.6878,36.1487],[118.7092,36.1552],[118.7176,36.1419],[118.7317,36.1463],[118.7288,36.1676],[118.7386,36.1671],[118.7449,36.1846],[118.7404,36.1918],[118.7557,36.2051],[118.7701,36.203],[118.7824,36.1971],[118.8306,36.2029],[118.8422,36.1965],[118.8396,36.1771],[118.8537,36.1627],[118.8528,36.127],[118.8583,36.1109],[118.8555,36.1009],[118.8631,36.098],[118.8769,36.0844],[118.8997,36.0915],[118.9067,36.0961],[118.9098,36.111],[118.9202,36.1145],[118.9321,36.112],[118.9412,36.1164],[118.9589,36.1038],[118.9779,36.0939],[118.9859,36.0969],[119.0088,36.0991],[119.0215,36.0967],[119.0323,36.0905],[119.0431,36.0925],[119.0614,36.0814],[119.0575,36.074],[119.043,36.0651],[119.0341,36.0409],[119.0462,36.0374],[119.0421,36.0245],[119.0184,36.027],[119.0042,36.0237],[118.9952,36.0121],[118.9961,36.0061],[119.0118,35.9929],[119.0169,35.9795],[119.0221,35.9765],[119.0489,35.9806],[119.056,35.978],[119.0601,35.9645],[119.0742,35.9616],[119.1177,35.9639],[119.1364,35.9693],[119.1729,35.9755],[119.1769,35.9667],[119.1747,35.9344],[119.1724,35.9242],[119.1624,35.9144],[119.1535,35.9111],[119.1402,35.8997],[119.1487,35.8906],[119.164,35.8929],[119.1904,35.8823],[119.2103,35.8854],[119.2389,35.8927],[119.2489,35.8971],[119.2702,35.9119],[119.2833,35.9169],[119.2926,35.9092],[119.2915,35.9011],[119.3116,35.8937],[119.3356,35.904],[119.3525,35.8952],[119.3657,35.8649],[119.3653,35.8599],[119.3526,35.8496],[119.3672,35.8392],[119.3684,35.8206],[119.3647,35.7913],[119.3616,35.7815],[119.3702,35.7751],[119.3847,35.7831],[119.392,35.7912],[119.422,35.8065],[119.4591,35.8131],[119.4768,35.8043],[119.4878,35.7944],[119.4911,35.7838],[119.481,35.7762],[119.4844,35.7578],[119.5034,35.7528],[119.5173,35.7277],[119.5132,35.7214],[119.5362,35.7297],[119.5486,35.729],[119.5693,35.7173],[119.5974,35.717],[119.6218,35.7243],[119.5862,35.7633],[119.5934,35.7785],[119.6077,35.7833],[119.6094,35.7929],[119.6195,35.8005],[119.6198,35.828],[119.6324,35.8351],[119.6393,35.8491],[119.653,35.8539],[119.6708,35.8542],[119.6824,35.8659],[119.6935,35.8693],[119.7144,35.8631],[119.7219,35.8678],[119.722,35.8964],[119.712,35.918],[119.696,35.9348],[119.6916,35.9553],[119.6806,35.9751],[119.6797,35.9978],[119.6926,36.0183],[119.7017,36.0271],[119.7056,36.0396],[119.7018,36.048],[119.6786,36.0572],[119.6604,36.0579],[119.6541,36.0655],[119.6283,36.0678],[119.6268,36.0916],[119.6517,36.1009],[119.6523,36.1087],[119.6389,36.1291],[119.645,36.1318],[119.6521,36.1476],[119.6543,36.1615],[119.6599,36.1627],[119.6657,36.1779],[119.6759,36.1804],[119.6863,36.1763],[119.7173,36.1756],[119.7273,36.1725],[119.7284,36.1635],[119.7426,36.1586],[119.7669,36.1676],[119.7774,36.1652],[119.7869,36.1716],[119.8035,36.167],[119.8155,36.1732],[119.8261,36.1849],[119.8178,36.1989],[119.8233,36.2091],[119.8142,36.2118],[119.8027,36.2328],[119.8156,36.2444],[119.814,36.2565],[119.8251,36.2605],[119.8286,36.2788],[119.8475,36.2976],[119.8636,36.3108],[119.8846,36.3181],[119.8929,36.3339],[119.8919,36.3484],[119.8997,36.3699],[119.8992,36.3815],[119.9047,36.3844],[119.9403,36.3846],[119.9363,36.395],[119.9213,36.4033],[119.9201,36.4193],[119.9308,36.4274],[119.9435,36.4441],[119.9633,36.4501],[119.9858,36.4505],[120.0006,36.4484],[120.0066,36.454],[120.0075,36.4676],[119.9988,36.4772],[120.0054,36.4842],[119.9989,36.4893],[120.0049,36.5081],[119.9945,36.5034],[119.9697,36.5154],[119.967,36.5216],[119.9534,36.5206],[119.9302,36.5107],[119.9311,36.4954],[119.918,36.4947],[119.9167,36.521],[119.9125,36.526],[119.8398,36.5377],[119.8071,36.5501],[119.7914,36.5533],[119.7747,36.562],[119.746,36.5679],[119.7453,36.5753],[119.7341,36.5822],[119.7235,36.584],[119.6918,36.6043],[119.6764,36.6068],[119.6652,36.6161],[119.6461,36.6235],[119.6156,36.6423],[119.6056,36.667],[119.5914,36.6894],[119.5819,36.6962],[119.5744,36.7117],[119.5624,36.7129],[119.5546,36.7214],[119.5438,36.7229],[119.5308,36.7415],[119.5253,36.7696],[119.5326,36.7895],[119.5359,36.8073],[119.5447,36.8087],[119.5626,36.8057],[119.5923,36.8572],[119.5945,36.878],[119.5944,36.9205],[119.5912,36.93],[119.5779,36.9495],[119.5785,36.955],[119.5919,36.988],[119.5991,36.9952],[119.6049,37.0153]]]},"properties":{"region_code":"CN-37-3707","parent_region_code":"CN-37","name":"潍坊市","level":"prefecture","has_children":true,"full_path":"中国 / 山东省 / 潍坊市","source_admin_code":"3707","osm_relation_id":3468564}},
{"type":"Feature","geometry":{"type":"Polygon","coordinates":[[[117.4115,35.2718],[117.43,35.2798],[117.4348,35.2867],[117.4556,35.2855],[117.4662,35.3053],[117.4752,35.3148],[117.4615,35.3249],[117.4425,35.3222],[117.4337,35.3499],[117.4353,35.3642],[117.4481,35.3635],[117.4559,35.3673],[117.4648,35.3832],[117.454,35.3853],[117.4696,35.3981],[117.4683,35.4115],[117.4445,35.4452],[117.4243,35.4547],[117.4191,35.463],[117.4383,35.4743],[117.4389,35.4871],[117.446,35.4945],[117.4583,35.5002],[117.4592,35.51],[117.4673,35.5138],[117.4747,35.5079],[117.4912,35.5023],[117.4956,35.511],[117.5099,35.5126],[117.5171,35.5223],[117.5097,35.5309],[117.4994,35.5286],[117.4899,35.5402],[117.4929,35.5522],[117.512,35.5509],[117.5253,35.5428],[117.5414,35.5513],[117.5703,35.5554],[117.5852,35.5603],[117.5763,35.5976],[117.5882,35.633],[117.5753,35.6411],[117.5731,35.6468],[117.5603,35.6499],[117.5506,35.6616],[117.5236,35.683],[117.5113,35.6891],[117.521,35.7109],[117.5101,35.7123],[117.4973,35.7092],[117.4823,35.7133],[117.4807,35.7232],[117.467,35.7312],[117.4551,35.7421],[117.4483,35.738],[117.4326,35.7447],[117.4232,35.7712],[117.4134,35.7772],[117.4021,35.7763],[117.3844,35.7693],[117.3774,35.7817],[117.3622,35.7744],[117.3389,35.7889],[117.3254,35.8013],[117.3116,35.7965],[117.3002,35.8],[117.278,35.7798],[117.2596,35.7664],[117.2282,35.7734],[117.2089,35.7798],[117.1931,35.7748],[117.169,35.7795],[117.1333,35.7674],[117.1311,35.7846],[117.1136,35.7882],[117.0949,35.7867],[117.0929,35.8009],[117.079,35.8043],[117.0595,35.7909],[117.052,35.7982],[117.0199,35.7964],[117.0062,35.8091],[116.9948,35.8074],[116.9872,35.7954],[116.9908,35.7907],[116.9636,35.7579],[116.9415,35.7508],[116.9391,35.7395],[116.9493,35.7191],[116.925,35.7093],[116.9067,35.7042],[116.9043,35.7002],[116.8854,35.7021],[116.8636,35.6808],[116.8559,35.6791],[116.8315,35.6974],[116.8175,35.6971],[116.8082,35.706],[116.8029,35.6934],[116.8052,35.6841],[116.7894,35.6767],[116.7737,35.6784],[116.7685,35.6863],[116.7701,35.7021],[116.7544,35.7062],[116.7474,35.6954],[116.7187,35.699],[116.6939,35.7043],[116.6955,35.7223],[116.6872,35.7231],[116.6781,35.7161],[116.6653,35.716],[116.6618,35.7103],[116.6422,35.7111],[116.6384,35.707],[116.6094,35.7036],[116.6044,35.7186],[116.6157,35.7493],[116.6284,35.7553],[116.6339,35.7624],[116.6601,35.7566],[116.668,35.7618],[116.6724,35.7734],[116.6865,35.7844],[116.6725,35.8057],[116.6788,35.8207],[116.6634,35.8241],[116.6557,35.83],[116.638,35.8299],[116.6054,35.8526],[116.6116,35.8618],[116.6176,35.879],[116.6346,35.879],[116.6445,35.8923],[116.6604,35.8938],[116.6615,35.914],[116.6668,35.9337],[116.6572,35.9388],[116.6399,35.9404],[116.621,35.9379],[116.6076,35.9317],[116.5904,35.9061],[116.5611,35.8978],[116.5512,35.8908],[116.5464,35.869],[116.5476,35.8617],[116.5392,35.8507],[116.5262,35.8478],[116.5113,35.8391],[116.4897,35.8366],[116.4812,35.8386],[116.4728,35.8333],[116.4634,35.8365],[116.4508,35.8233],[116.4524,35.814],[116.4386,35.8092],[116.4246,35.8091],[116.4038,35.7878],[116.3908,35.7907],[116.384,35.8034],[116.3739,35.7961],[116.3555,35.7954],[116.3547,35.8111],[116.3481,35.8116],[116.3353,35.7967],[116.3238,35.7972],[116.3273,35.7824],[116.2943,35.7801],[116.2919,35.7929],[116.3024,35.8079],[116.2814,35.8067],[116.2656,35.8083],[116.2409,35.8284],[116.2247,35.86],[116.2285,35.8847],[116.2267,35.8917],[116.2171,35.8936],[116.2057,35.8856],[116.1809,35.8943],[116.1791,35.9014],[116.161,35.9064],[116.1509,35.8913],[116.1113,35.891],[116.1007,35.9036],[116.0918,35.9035],[116.0777,35.9093],[116.067,35.9401],[116.042,35.9418],[116.0418,35.9538],[116.0542,35.9546],[116.0593,35.9634],[116.0539,35.9809],[116.0448,35.9815],[116.0426,35.9698],[116.0326,35.9639],[116.0029,35.9734],[115.9852,35.9756],[115.9475,35.9668],[115.9063,35.9603],[115.9031,35.9541],[115.9047,35.9351],[115.9021,35.9268],[115.8676,35.919],[115.8669,35.9096],[115.8792,35.909],[115.8772,35.88],[115.8705,35.8751],[115.8701,35.8639],[115.8742,35.8578],[115.8714,35.8466],[115.8762,35.8344],[115.868,35.8142],[115.8884,35.8073],[115.909,35.8112],[115.9185,35.806],[115.9162,35.7977],[115.9334,35.7964],[115.9364,35.7884],[115.9462,35.7896],[115.9614,35.7823],[115.969,35.7726],[115.9897,35.7747],[116.0096,35.7593],[116.01,35.7525],[116.0394,35.7519],[116.0382,35.7387],[116.0557,35.7258],[116.0667,35.7244],[116.0714,35.7145],[116.069,35.7032],[116.0874,35.7008],[116.0911,35.6875],[116.1085,35.6874],[116.1133,35.6715],[116.109,35.659],[116.1155,35.6564],[116.1105,35.6458],[116.1292,35.6383],[116.126,35.6264],[116.112,35.62],[116.106,35.5982],[116.1246,35.5921],[116.1256,35.5826],[116.1124,35.5827],[116.1066,35.5636],[116.1119,35.5599],[116.1224,35.5328],[116.122,35.5252],[116.1145,35.5158],[116.1166,35.5044],[116.1144,35.4902],[116.1259,35.4906],[116.1289,35.4716],[116.1551,35.4717],[116.1512,35.447],[116.1622,35.4523],[116.1727,35.4504],[116.1716,35.4642],[116.1836,35.4713],[116.1967,35.4584],[116.1988,35.4363],[116.2122,35.4358],[116.2103,35.4189],[116.2051,35.4006],[116.2144,35.3938],[116.2264,35.3681],[116.223,35.3598],[116.2134,35.3557],[116.2097,35.3432],[116.1887,35.3333],[116.1936,35.3247],[116.1842,35.315],[116.2018,35.2893],[116.2132,35.2838],[116.2179,35.2651],[116.2337,35.2718],[116.2608,35.2731],[116.2689,35.2684],[116.273,35.2506],[116.2811,35.245],[116.2749,35.2245],[116.2752,35.2124],[116.2588,35.1886],[116.2416,35.188],[116.2383,35.1984],[116.2305,35.2015],[116.2247,35.1918],[116.2068,35.1945],[116.208,35.1808],[116.2189,35.1731],[116.2114,35.1678],[116.2067,35.1569],[116.2084,35.1484],[116.1934,35.1385],[116.1896,35.1185],[116.1813,35.1123],[116.166,35.1089],[116.1496,35.1088],[116.1348,35.1006],[116.1345,35.0884],[116.1464,35.0842],[116.1406,35.0678],[116.1267,35.0481],[116.1073,35.0536],[116.1081,35.0333],[116.1037,35.0286],[116.109,35.0196],[116.132,34.9993],[116.1311,34.9924],[116.1475,34.9863],[116.1582,34.97],[116.161,34.9579],[116.1529,34.9548],[116.1493,34.9417],[116.1844,34.939],[116.1958,34.9243],[116.1949,34.9138],[116.2151,34.9102],[116.2176,34.9055],[116.2397,34.9021],[116.2518,34.905],[116.2582,34.8942],[116.2687,34.89],[116.2718,34.8771],[116.3193,34.8714],[116.3324,34.8597],[116.3418,34.8616],[116.384,34.8596],[116.3879,34.8498],[116.405,34.8506],[116.4097,34.8672],[116.4155,34.8679],[116.4368,34.8891],[116.4395,34.8961],[116.4575,34.8994],[116.495,34.902],[116.4972,34.9072],[116.5179,34.9049],[116.541,34.9104],[116.5535,34.9102],[116.6088,34.9239],[116.6174,34.9411],[116.6268,34.9418],[116.635,34.9337],[116.686,34.9338],[116.7008,34.9351],[116.7161,34.9267],[116.7304,34.9252],[116.7484,34.9187],[116.7501,34.9084],[116.7627,34.917],[116.7758,34.9176],[116.7809,34.9403],[116.7774,34.9501],[116.7807,34.9757],[116.7962,34.9706],[116.7976,34.9381],[116.8012,34.9376],[116.8,34.9694],[116.8287,34.9502],[116.8296,34.9297],[116.8396,34.9249],[116.852,34.9247],[116.8473,34.9387],[116.8938,34.9159],[116.8885,34.9019],[116.9007,34.902],[116.9025,34.9112],[116.921,34.9013],[116.9166,34.898],[116.9169,34.8745],[116.9375,34.8753],[116.9405,34.8635],[116.9284,34.8639],[116.9204,34.8532],[116.9223,34.8433],[116.9514,34.8447],[116.9621,34.839],[116.9772,34.805],[116.9645,34.8095],[116.9456,34.8085],[116.945,34.7951],[116.9603,34.7772],[116.97,34.7788],[116.9715,34.7651],[116.9859,34.7639],[117.0079,34.7689],[117.0229,34.7473],[117.0512,34.7221],[117.0714,34.6971],[117.0652,34.6942],[117.0592,34.6812],[117.0713,34.6817],[117.0812,34.6681],[117.0597,34.6664],[117.0497,34.6572],[117.0817,34.6576],[117.0615,34.6454],[117.0683,34.6397],[117.0802,34.6469],[117.0973,34.6487],[117.11,34.6241],[117.1179,34.6021],[117.1281,34.5843],[117.1407,34.5701],[117.1438,34.5627],[117.1392,34.548],[117.1334,34.5402],[117.1322,34.5234],[117.1382,34.5059],[117.1497,34.4819],[117.1528,34.4536],[117.1605,34.4306],[117.1669,34.4349],[117.2046,34.4348],[117.2063,34.4431],[117.2205,34.4474],[117.2282,34.4558],[117.2349,34.4455],[117.2522,34.4553],[117.2524,34.4723],[117.2602,34.4822],[117.2537,34.4991],[117.269,34.5044],[117.2657,34.5131],[117.2695,34.5329],[117.291,34.5389],[117.2969,34.55],[117.2742,34.5609],[117.2798,34.5668],[117.2963,34.5622],[117.3032,34.5556],[117.3149,34.5612],[117.3268,34.5607],[117.3261,34.5747],[117.3375,34.5831],[117.3497,34.5806],[117.3659,34.5814],[117.3689,34.5853],[117.3877,34.5753],[117.3848,34.5875],[117.3909,34.5925],[117.3921,34.6048],[117.4008,34.61],[117.4058,34.6239],[117.3945,34.63],[117.3791,34.6314],[117.3719,34.6264],[117.3635,34.6378],[117.3627,34.6516],[117.3482,34.6533],[117.354,34.6639],[117.346,34.6664],[117.3448,34.6754],[117.3268,34.6743],[117.3214,34.6812],[117.3295,34.6891],[117.3186,34.6984],[117.3202,34.7051],[117.3081,34.7106],[117.3066,34.7196],[117.2715,34.7177],[117.2679,34.7282],[117.2531,34.7245],[117.2359,34.7311],[117.2303,34.7466],[117.2197,34.7487],[117.2075,34.7625],[117.196,34.7699],[117.1862,34.7822],[117.1721,34.7812],[117.1573,34.7838],[117.1678,34.8012],[117.1795,34.8057],[117.1877,34.8142],[117.1836,34.8207],[117.1724,34.8224],[117.1678,34.8303],[117.1569,34.8299],[117.1456,34.8369],[117.1419,34.8452],[117.1202,34.8584],[117.1183,34.8926],[117.1122,34.907],[117.1023,34.9111],[117.105,34.9198],[117.0976,34.9379],[117.0767,34.9355],[117.068,34.926],[117.0581,34.9295],[117.0354,34.9258],[117.0311,34.9415],[117.0153,34.9362],[117.0088,34.9431],[116.985,34.9401],[116.9694,34.9341],[116.968,34.9473],[116.9571,34.9515],[116.9565,34.9634],[116.9414,34.9629],[116.9372,34.9802],[116.9546,34.9946],[116.9479,35.0142],[116.9294,35.0271],[116.9139,35.0291],[116.9177,35.0439],[116.9014,35.048],[116.9075,35.0561],[116.8957,35.0607],[116.8759,35.0589],[116.8752,35.0633],[116.8953,35.0695],[116.8881,35.0789],[116.8741,35.0825],[116.8612,35.0786],[116.8571,35.0928],[116.8326,35.1155],[116.8304,35.1247],[116.8224,35.128],[116.8209,35.1483],[116.8091,35.1583],[116.8103,35.1733],[116.8154,35.1812],[116.8278,35.1854],[116.8555,35.1646],[116.8652,35.1746],[116.8667,35.1843],[116.8911,35.1962],[116.899,35.1764],[116.9133,35.1801],[116.9284,35.1783],[116.9311,35.1699],[116.9556,35.1794],[116.962,35.1864],[116.973,35.1898],[117.0044,35.2077],[117.0103,35.216],[117.0215,35.2216],[117.0388,35.2227],[117.0762,35.2302],[117.0783,35.2201],[117.0931,35.2167],[117.1198,35.2318],[117.1322,35.2358],[117.1464,35.2309],[117.1825,35.2499],[117.1951,35.2499],[117.2028,35.261],[117.2119,35.2618],[117.2193,35.2557],[117.2282,35.2612],[117.239,35.2617],[117.2535,35.2559],[117.2646,35.262],[117.256,35.2875],[117.2737,35.2962],[117.2779,35.3037],[117.3019,35.2937],[117.3078,35.3024],[117.3098,35.32],[117.3235,35.3187],[117.3369,35.3217],[117.3783,35.3099],[117.3935,35.3043],[117.4004,35.2941],[117.3986,35.2806],[117.4115,35.2718]]]},"properties":{"region_code":"CN-37-3708","parent_region_code":"CN-37","name":"济宁市","level":"prefecture","has_children":true,"full_path":"中国 / 山东省 / 济宁市","source_admin_code":"3708","osm_relation_id":3286961}},
{"type":"Feature","geometry":{"type":"Polygon","coordinates":[[[116.2193,36.1699],[116.2137,36.1683],[116.1907,36.1721],[116.1662,36.1723],[116.1632,36.162],[116.1508,36.1589],[116.147,36.1383],[116.1207,36.1378],[116.112,36.1334],[116.1091,36.1209],[116.0957,36.1117],[116.091,36.0921],[116.0812,36.0755],[116.0794,36.0659],[116.0712,36.0555],[116.0729,36.0397],[116.0678,36.0259],[116.0573,36.0287],[116.05,36.01],[116.0448,35.9815],[116.0539,35.9809],[116.0593,35.9634],[116.0542,35.9546],[116.0418,35.9538],[116.042,35.9418],[116.067,35.9401],[116.0777,35.9093],[116.0918,35.9035],[116.1007,35.9036],[116.1113,35.891],[116.1509,35.8913],[116.161,35.9064],[116.1791,35.9014],[116.1809,35.8943],[116.2057,35.8856],[116.2171,35.8936],[116.2267,35.8917],[116.2285,35.8847],[116.2247,35.86],[116.2409,35.8284],[116.2656,35.8083],[116.2814,35.8067],[116.3024,35.8079],[116.2919,35.7929],[116.2943,35.7801],[116.3273,35.7824],[116.3238,35.7972],[116.3353,35.7967],[116.3481,35.8116],[116.3547,35.8111],[116.3555,35.7954],[116.3739,35.7961],[116.384,35.8034],[116.3908,35.7907],[116.4038,35.7878],[116.4246,35.8091],[116.4386,35.8092],[116.4524,35.814],[116.4508,35.8233],[116.4634,35.8365],[116.4728,35.8333],[116.4812,35.8386],[116.4897,35.8366],[116.5113,35.8391],[116.5262,35.8478],[116.5392,35.8507],[116.5476,35.8617],[116.5464,35.869],[116.5512,35.8908],[116.5611,35.8978],[116.5904,35.9061],[116.6076,35.9317],[116.621,35.9379],[116.6399,35.9404],[116.6572,35.9388],[116.6668,35.9337],[116.6615,35.914],[116.6604,35.8938],[116.6445,35.8923],[116.6346,35.879],[116.6176,35.879],[116.6116,35.8618],[116.6054,35.8526],[116.638,35.8299],[116.6557,35.83],[116.6634,35.8241],[116.6788,35.8207],[116.6725,35.8057],[116.6865,35.7844],[116.6724,35.7734],[116.668,35.7618],[116.6601,35.7566],[116.6339,35.7624],[116.6284,35.7553],[116.6157,35.7493],[116.6044,35.7186],[116.6094,35.7036],[116.6384,35.707],[116.6422,35.7111],[116.6618,35.7103],[116.6653,35.716],[116.6781,35.7161],[116.6872,35.7231],[116.6955,35.7223],[116.6939,35.7043],[116.7187,35.699],[116.7474,35.6954],[116.7544,35.7062],[116.7701,35.7021],[116.7685,35.6863],[116.7737,35.6784],[116.7894,35.6767],[116.8052,35.6841],[116.8029,35.6934],[116.8082,35.706],[116.8175,35.6971],[116.8315,35.6974],[116.8559,35.6791],[116.8636,35.6808],[116.8854,35.7021],[116.9043,35.7002],[116.9067,35.7042],[116.925,35.7093],[116.9493,35.7191],[116.9391,35.7395],[116.9415,35.7508],[116.9636,35.7579],[116.9908,35.7907],[116.9872,35.7954],[116.9948,35.8074],[117.0062,35.8091],[117.0199,35.7964],[117.052,35.7982],[117.0595,35.7909],[117.079,35.8043],[117.0929,35.8009],[117.0949,35.7867],[117.1136,35.7882],[117.1311,35.7846],[117.1333,35.7674],[117.169,35.7795],[117.1931,35.7748],[117.2089,35.7798],[117.2282,35.7734],[117.2596,35.7664],[117.278,35.7798],[117.3002,35.8],[117.3116,35.7965],[117.3254,35.8013],[117.3389,35.7889],[117.3622,35.7744],[117.3774,35.7817],[117.3844,35.7693],[117.4021,35.7763],[117.4134,35.7772],[117.4232,35.7712],[117.4326,35.7447],[117.4483,35.738],[117.4551,35.7421],[117.467,35.7312],[117.4807,35.7232],[117.4823,35.7133],[117.4973,35.7092],[117.5101,35.7123],[117.521,35.7109],[117.5113,35.6891],[117.5236,35.683],[117.5506,35.6616],[117.5603,35.6499],[117.5731,35.6468],[117.5753,35.6411],[117.5882,35.633],[117.5954,35.6396],[117.5966,35.6576],[117.6005,35.6743],[117.619,35.7041],[117.6366,35.7087],[117.6652,35.7073],[117.6872,35.7227],[117.704,35.7234],[117.725,35.7109],[117.7475,35.7091],[117.7504,35.7173],[117.7711,35.7271],[117.7851,35.7239],[117.7924,35.7305],[117.804,35.7261],[117.8158,35.7367],[117.8286,35.7352],[117.8378,35.7478],[117.821,35.772],[117.8213,35.7843],[117.8362,35.7967],[117.839,35.8111],[117.8244,35.814],[117.8328,35.8243],[117.8284,35.8367],[117.8463,35.8407],[117.8533,35.8475],[117.8532,35.8623],[117.8756,35.8826],[117.8899,35.8811],[117.9187,35.8817],[117.9307,35.8749],[117.9502,35.8698],[117.9656,35.8865],[117.9754,35.8876],[117.9764,35.9065],[117.9912,35.911],[117.9965,35.9279],[117.9899,35.9345],[117.9848,35.9475],[117.9802,35.9544],[117.9797,35.97],[117.9647,35.9708],[117.9491,35.9588],[117.9406,35.9616],[117.9308,35.9894],[117.9302,36.006],[117.9208,36.0052],[117.9182,36.0157],[117.9078,36.0209],[117.895,36.0215],[117.873,36.0187],[117.8665,36.0104],[117.8472,36.0066],[117.8227,36.0131],[117.7943,36.0162],[117.7819,36.012],[117.7771,36.0029],[117.7663,35.9949],[117.7509,35.9921],[117.7452,36.012],[117.7493,36.0201],[117.7363,36.0368],[117.7285,36.0297],[117.7202,36.0316],[117.7083,36.0413],[117.679,36.0546],[117.6671,36.0465],[117.6362,36.0564],[117.6277,36.0637],[117.6112,36.0716],[117.6021,36.0702],[117.5909,36.0798],[117.5696,36.0753],[117.5482,36.0871],[117.5441,36.1065],[117.5369,36.1118],[117.5248,36.111],[117.5001,36.098],[117.4778,36.1013],[117.4715,36.0907],[117.4527,36.0898],[117.4498,36.1114],[117.4407,36.1201],[117.4543,36.1507],[117.4713,36.1506],[117.4828,36.1561],[117.4777,36.1686],[117.4699,36.1729],[117.4576,36.17],[117.4352,36.1914],[117.4471,36.2038],[117.4422,36.218],[117.4227,36.222],[117.4067,36.2107],[117.3923,36.2161],[117.3873,36.2224],[117.3874,36.2375],[117.4126,36.2439],[117.409,36.2678],[117.3889,36.2661],[117.393,36.2845],[117.382,36.2858],[117.3812,36.3035],[117.3742,36.3166],[117.386,36.3265],[117.3855,36.3342],[117.358,36.3593],[117.3452,36.3771],[117.3447,36.3896],[117.3387,36.4003],[117.3406,36.4181],[117.331,36.4347],[117.3438,36.4568],[117.3499,36.4617],[117.3384,36.4718],[117.3245,36.467],[117.3005,36.472],[117.2955,36.4777],[117.2847,36.4736],[117.2739,36.4547],[117.2491,36.4391],[117.237,36.4168],[117.202,36.4045],[117.1969,36.3902],[117.188,36.3822],[117.1759,36.3533],[117.1603,36.3536],[117.1352,36.3464],[117.1273,36.3349],[117.1202,36.3385],[117.0943,36.342],[117.0835,36.3469],[117.0815,36.337],[117.075,36.3304],[117.0694,36.3138],[117.0724,36.3073],[117.0668,36.2883],[117.0508,36.2866],[117.0337,36.2781],[117.0225,36.2782],[117.0223,36.2698],[117.0004,36.2617],[116.9909,36.2513],[116.9817,36.2507],[116.9698,36.2427],[116.9592,36.2497],[116.9509,36.26],[116.945,36.2574],[116.9269,36.2651],[116.9231,36.2715],[116.9011,36.2604],[116.8856,36.2556],[116.8684,36.2636],[116.8593,36.2841],[116.8502,36.2895],[116.8503,36.3016],[116.8251,36.2945],[116.8095,36.2962],[116.7975,36.3108],[116.787,36.3115],[116.771,36.3175],[116.764,36.3112],[116.7539,36.3106],[116.749,36.3036],[116.7391,36.3038],[116.7248,36.2927],[116.7207,36.2818],[116.7139,36.2794],[116.6958,36.2852],[116.6811,36.2752],[116.6659,36.2807],[116.6642,36.2857],[116.6454,36.2998],[116.6294,36.2947],[116.6053,36.2921],[116.592,36.2715],[116.5819,36.2687],[116.5787,36.2589],[116.5692,36.2635],[116.5576,36.2628],[116.5445,36.2516],[116.5309,36.2456],[116.5219,36.2545],[116.5073,36.2545],[116.5008,36.2401],[116.4803,36.235],[116.4794,36.223],[116.4668,36.2141],[116.4748,36.1973],[116.4891,36.1962],[116.5038,36.1857],[116.505,36.1791],[116.5217,36.1762],[116.5168,36.1565],[116.5055,36.1482],[116.515,36.1411],[116.5311,36.1354],[116.5429,36.1447],[116.5523,36.1438],[116.5572,36.1265],[116.5626,36.1184],[116.5614,36.109],[116.5379,36.1039],[116.5402,36.0912],[116.5355,36.0818],[116.5219,36.0708],[116.5099,36.073],[116.4863,36.0708],[116.4858,36.0674],[116.4536,36.0618],[116.4467,36.0577],[116.4436,36.0472],[116.4316,36.041],[116.4239,36.0517],[116.4251,36.0661],[116.4127,36.0713],[116.3995,36.0698],[116.3907,36.0879],[116.3823,36.0895],[116.362,36.0862],[116.3505,36.0814],[116.3488,36.0707],[116.3367,36.0649],[116.3341,36.059],[116.3205,36.0585],[116.3047,36.0535],[116.3002,36.036],[116.2869,36.0334],[116.2539,36.0482],[116.2678,36.0539],[116.2561,36.0654],[116.2594,36.0857],[116.2557,36.101],[116.2662,36.1161],[116.2582,36.1305],[116.2534,36.1315],[116.2341,36.1608],[116.2193,36.1699]]]},"properties":{"region_code":"CN-37-3709","parent_region_code":"CN-37","name":"泰安市","level":"prefecture","has_children":true,"full_path":"中国 / 山东省 / 泰安市","source_admin_code":"3709","osm_relation_id":3486494}},
{"type":"Feature","geometry":{"type":"Polygon","coordinates":[[[121.6328,36.1054],[121.8542,36.2423],[122.0834,36.3837],[122.4132,36.5868],[122.43,36.5979],[122.665,36.7331],[122.7009,36.7585],[122.7445,36.7978],[122.7614,36.8181],[122.7733,36.8368],[122.8035,36.8914],[122.8127,36.9147],[122.9491,37.3464],[122.9548,37.3704],[122.9568,37.4],[122.9546,37.4265],[122.9504,37.445],[122.8529,37.584],[122.8227,37.606],[122.8009,37.618],[122.7778,37.6281],[122.6627,37.6422],[122.6414,37.6469],[122.6176,37.644],[122.5807,37.636],[122.5304,37.648],[122.5055,37.651],[122.4758,37.652],[122.4536,37.651],[122.4229,37.647],[122.3885,37.639],[122.3647,37.657],[122.335,37.686],[122.3168,37.701],[122.2923,37.717],[122.2718,37.7276],[122.1487,37.7544],[121.917,37.6719],[121.9204,37.4695],[121.9244,37.4541],[121.9196,37.4264],[121.9122,37.4169],[121.8903,37.4037],[121.8838,37.3913],[121.8857,37.3827],[121.8677,37.3718],[121.8667,37.3555],[121.8592,37.3538],[121.8604,37.3366],[121.8378,37.3263],[121.8277,37.3257],[121.8162,37.3106],[121.8032,37.3056],[121.7929,37.3102],[121.7873,37.296],[121.7864,37.2839],[121.7787,37.2626],[121.7706,37.2552],[121.771,37.2475],[121.7511,37.2464],[121.7429,37.2407],[121.7421,37.2228],[121.7591,37.2169],[121.7641,37.1958],[121.7544,37.1916],[121.7553,37.1782],[121.7629,37.1698],[121.7446,37.1423],[121.7326,37.1354],[121.7285,37.1248],[121.6965,37.1237],[121.6902,37.1336],[121.6823,37.1359],[121.6801,37.1229],[121.6645,37.1111],[121.6624,37.1186],[121.6508,37.1202],[121.6332,37.1402],[121.6277,37.1402],[121.6166,37.1285],[121.6024,37.1304],[121.5979,37.1402],[121.5856,37.1421],[121.5861,37.1295],[121.5769,37.1153],[121.5572,37.117],[121.544,37.1135],[121.5341,37.1055],[121.5245,37.1086],[121.5103,37.103],[121.506,37.1101],[121.4942,37.1049],[121.4906,37.1124],[121.4716,37.1214],[121.4417,37.1306],[121.4366,37.1197],[121.4258,37.1079],[121.4218,37.0955],[121.4121,37.1002],[121.3886,37.0967],[121.384,37.1048],[121.3622,37.1113],[121.3495,37.128],[121.3615,37.1307],[121.3551,37.1424],[121.3342,37.1306],[121.3153,37.134],[121.3126,37.1479],[121.2978,37.1454],[121.2884,37.1313],[121.2784,37.131],[121.2692,37.12],[121.2602,37.1158],[121.2491,37.1033],[121.2467,37.0957],[121.2178,37.0793],[121.2052,37.0781],[121.1914,37.0657],[121.1916,37.0553],[121.1989,37.0486],[121.1865,37.0379],[121.1902,37.03],[121.189,37.0159],[121.1752,37.0152],[121.1683,37.0074],[121.1792,37],[121.1955,36.9943],[121.208,36.9866],[121.22,36.9885],[121.2279,36.9829],[121.2238,36.9677],[121.2355,36.9568],[121.2529,36.956],[121.2454,36.9458],[121.2513,36.9339],[121.2617,36.9257],[121.2724,36.9261],[121.2787,36.916],[121.3012,36.9189],[121.3102,36.9046],[121.3291,36.9098],[121.3423,36.9215],[121.3583,36.9219],[121.3585,36.8982],[121.3651,36.8849],[121.3776,36.8824],[121.3669,36.8715],[121.3526,36.8686],[121.3576,36.8501],[121.3644,36.8413],[121.3736,36.8403],[121.3879,36.8275],[121.3851,36.8173],[121.3907,36.8068],[121.399,36.8024],[121.402,36.7888],[121.4121,36.793],[121.4488,36.7888],[121.456,36.7827],[121.4746,36.7818],[121.4775,36.7604],[121.4618,36.7433],[121.6328,36.1054]]]},"properties":{"region_code":"CN-37-3710","parent_region_code":"CN-37","name":"威海市","level":"prefecture","has_children":true,"full_path":"中国 / 山东省 / 威海市","source_admin_code":"3710","osm_relation_id":3307448}},
{"type":"Feature","geometry":{"type":"Polygon","coordinates":[[[119.5132,35.7214],[119.5173,35.7277],[119.5034,35.7528],[119.4844,35.7578],[119.481,35.7762],[119.4911,35.7838],[119.4878,35.7944],[119.4768,35.8043],[119.4591,35.8131],[119.422,35.8065],[119.392,35.7912],[119.3847,35.7831],[119.3702,35.7751],[119.3616,35.7815],[119.3647,35.7913],[119.3684,35.8206],[119.3672,35.8392],[119.3526,35.8496],[119.3653,35.8599],[119.3657,35.8649],[119.3525,35.8952],[119.3356,35.904],[119.3116,35.8937],[119.2915,35.9011],[119.2926,35.9092],[119.2833,35.9169],[119.2702,35.9119],[119.2489,35.8971],[119.2389,35.8927],[119.2103,35.8854],[119.1904,35.8823],[119.164,35.8929],[119.1487,35.8906],[119.1402,35.8997],[119.1535,35.9111],[119.1624,35.9144],[119.1724,35.9242],[119.1747,35.9344],[119.1769,35.9667],[119.1729,35.9755],[119.1364,35.9693],[119.1177,35.9639],[119.0742,35.9616],[119.0601,35.9645],[119.056,35.978],[119.0489,35.9806],[119.0221,35.9765],[119.0169,35.9795],[119.0118,35.9929],[118.9961,36.0061],[118.9952,36.0121],[119.0042,36.0237],[119.0184,36.027],[119.0044,36.0363],[118.9888,36.0365],[118.9844,36.0186],[118.9693,36.019],[118.9624,36.0129],[118.9433,36.0144],[118.9339,36.004],[118.9109,36.0069],[118.9053,36.0044],[118.8932,36.0123],[118.8731,35.999],[118.8932,35.9732],[118.8935,35.9616],[118.8723,35.9592],[118.851,35.9534],[118.834,35.9542],[118.8192,35.947],[118.8087,35.9517],[118.8018,35.9398],[118.8013,35.9249],[118.7688,35.9155],[118.7729,35.9033],[118.7642,35.9015],[118.7561,35.879],[118.7581,35.8681],[118.7539,35.8575],[118.7464,35.8547],[118.7319,35.8578],[118.7225,35.8388],[118.7125,35.8342],[118.7169,35.8175],[118.7071,35.8039],[118.6944,35.7984],[118.7005,35.7922],[118.6943,35.7849],[118.7013,35.7781],[118.6993,35.7658],[118.7047,35.7626],[118.6986,35.7417],[118.703,35.7364],[118.7206,35.7296],[118.7412,35.7333],[118.7496,35.7268],[118.7582,35.7317],[118.7711,35.7264],[118.7923,35.7292],[118.8004,35.722],[118.7993,35.7106],[118.7899,35.6963],[118.7881,35.6738],[118.7771,35.6643],[118.765,35.6598],[118.7545,35.6442],[118.7337,35.6282],[118.729,35.5993],[118.7354,35.5767],[118.7236,35.563],[118.7165,35.5601],[118.7193,35.5503],[118.6902,35.533],[118.6875,35.5198],[118.6989,35.5072],[118.7276,35.4936],[118.7191,35.473],[118.7047,35.4563],[118.6774,35.4635],[118.6707,35.4541],[118.6539,35.4627],[118.6388,35.4519],[118.6238,35.4508],[118.6295,35.4407],[118.6254,35.432],[118.5978,35.4146],[118.6002,35.391],[118.6201,35.3906],[118.6219,35.3758],[118.6265,35.3672],[118.6389,35.3701],[118.644,35.3825],[118.6615,35.3723],[118.6807,35.3735],[118.6937,35.3799],[118.709,35.368],[118.7274,35.3598],[118.7403,35.3611],[118.7517,35.3705],[118.7626,35.3668],[118.772,35.3752],[118.7867,35.3673],[118.7958,35.3738],[118.8156,35.3798],[118.8259,35.3738],[118.8411,35.3711],[118.8689,35.3888],[118.8697,35.374],[118.865,35.3702],[118.8704,35.3604],[118.8995,35.3552],[118.916,35.3491],[118.9176,35.339],[118.9241,35.3313],[118.9332,35.3313],[118.9438,35.3409],[118.962,35.3363],[118.983,35.3542],[118.9852,35.3655],[118.9781,35.3758],[118.9797,35.3819],[118.9959,35.3896],[119.0185,35.3888],[119.0382,35.3779],[119.0426,35.3701],[119.0596,35.364],[119.0747,35.3643],[119.0729,35.3569],[119.0821,35.3497],[119.088,35.3299],[119.0928,35.328],[119.1186,35.3347],[119.1431,35.3277],[119.1348,35.3163],[119.1477,35.3032],[119.1486,35.2898],[119.1668,35.291],[119.1772,35.2832],[119.1804,35.258],[119.175,35.2528],[119.1749,35.2371],[119.1665,35.2334],[119.1642,35.2209],[119.1547,35.2035],[119.1439,35.2038],[119.1267,35.198],[119.1343,35.1848],[119.1473,35.1878],[119.1601,35.1632],[119.1583,35.1395],[119.1848,35.1384],[119.1908,35.132],[119.1935,35.1124],[119.2196,35.1091],[119.2403,35.1265],[119.2613,35.1179],[119.2857,35.1117],[119.2977,35.0858],[119.3099,35.0255],[120,35.1667],[120.4132,35.1662],[120.4489,35.1986],[120.7277,35.4517],[119.8382,35.4517],[119.6962,35.5655],[119.6673,35.5752],[119.6604,35.5848],[119.6429,35.5903],[119.6298,35.598],[119.6089,35.6047],[119.6048,35.592],[119.5953,35.5902],[119.5871,35.6006],[119.5695,35.5868],[119.5546,35.5934],[119.5356,35.5901],[119.5318,35.6058],[119.5132,35.6141],[119.5139,35.6278],[119.5196,35.6328],[119.5183,35.643],[119.5228,35.6545],[119.5236,35.6748],[119.5141,35.6852],[119.5092,35.6987],[119.5143,35.7014],[119.5163,35.7158],[119.5132,35.7214]]]},"properties":{"region_code":"CN-37-3711","parent_region_code":"CN-37","name":"日照市","level":"prefecture","has_children":true,"full_path":"中国 / 山东省 / 日照市","source_admin_code":"3711","osm_relation_id":3485666}},
{"type":"Feature","geometry":{"type":"Polygon","coordinates":[[[117.9848,35.9475],[117.9899,35.9345],[117.9965,35.9279],[117.9912,35.911],[117.9764,35.9065],[117.9754,35.8876],[117.9656,35.8865],[117.9502,35.8698],[117.9307,35.8749],[117.9187,35.8817],[117.8899,35.8811],[117.8756,35.8826],[117.8532,35.8623],[117.8533,35.8475],[117.8463,35.8407],[117.8284,35.8367],[117.8328,35.8243],[117.8244,35.814],[117.839,35.8111],[117.8362,35.7967],[117.8213,35.7843],[117.821,35.772],[117.8378,35.7478],[117.8286,35.7352],[117.8158,35.7367],[117.804,35.7261],[117.7924,35.7305],[117.7851,35.7239],[117.7711,35.7271],[117.7504,35.7173],[117.7475,35.7091],[117.725,35.7109],[117.704,35.7234],[117.6872,35.7227],[117.6652,35.7073],[117.6366,35.7087],[117.619,35.7041],[117.6005,35.6743],[117.5966,35.6576],[117.5954,35.6396],[117.5882,35.633],[117.5763,35.5976],[117.5852,35.5603],[117.5703,35.5554],[117.5414,35.5513],[117.5253,35.5428],[117.512,35.5509],[117.4929,35.5522],[117.4899,35.5402],[117.4994,35.5286],[117.5097,35.5309],[117.5171,35.5223],[117.5099,35.5126],[117.4956,35.511],[117.4912,35.5023],[117.4747,35.5079],[117.4673,35.5138],[117.4592,35.51],[117.4583,35.5002],[117.446,35.4945],[117.4389,35.4871],[117.4383,35.4743],[117.4191,35.463],[117.4243,35.4547],[117.4445,35.4452],[117.4683,35.4115],[117.4696,35.3981],[117.454,35.3853],[117.4648,35.3832],[117.4559,35.3673],[117.4481,35.3635],[117.4353,35.3642],[117.4337,35.3499],[117.4425,35.3222],[117.4615,35.3249],[117.4752,35.3148],[117.4662,35.3053],[117.4556,35.2855],[117.4348,35.2867],[117.43,35.2798],[117.4115,35.2718],[117.4119,35.2656],[117.4345,35.2569],[117.4484,35.257],[117.4511,35.2506],[117.4438,35.2382],[117.4424,35.2282],[117.4563,35.2297],[117.4665,35.2212],[117.4725,35.2234],[117.4835,35.2138],[117.4781,35.2081],[117.4883,35.202],[117.513,35.1984],[117.5221,35.2011],[117.5284,35.1942],[117.5216,35.1861],[117.528,35.1733],[117.5384,35.1651],[117.5509,35.1633],[117.5664,35.1682],[117.5762,35.1648],[117.5785,35.1534],[117.5893,35.1485],[117.6027,35.1294],[117.6096,35.1284],[117.6134,35.1135],[117.6464,35.0911],[117.6477,35.0781],[117.6563,35.0689],[117.6657,35.0686],[117.669,35.0615],[117.6886,35.0547],[117.7025,35.0472],[117.693,35.0409],[117.7024,35.0271],[117.7254,35.0296],[117.7391,35.022],[117.7323,35.0111],[117.7211,35.0041],[117.7216,34.9829],[117.7132,34.9711],[117.7191,34.9589],[117.6997,34.9377],[117.693,34.9274],[117.7,34.9124],[117.7136,34.8938],[117.7195,34.8795],[117.7336,34.8763],[117.7431,34.8654],[117.7452,34.8539],[117.7742,34.844],[117.7988,34.8332],[117.7911,34.8106],[117.7704,34.8008],[117.777,34.7935],[117.7769,34.7842],[117.7983,34.7652],[117.8099,34.7648],[117.8251,34.7598],[117.8312,34.7504],[117.83,34.7418],[117.8151,34.742],[117.8233,34.723],[117.819,34.6981],[117.8236,34.6939],[117.8209,34.6773],[117.8129,34.6666],[117.804,34.6657],[117.7986,34.658],[117.7882,34.6549],[117.7932,34.6496],[117.8071,34.6453],[117.8258,34.6551],[117.8315,34.6491],[117.8608,34.6523],[117.8862,34.6462],[117.8978,34.6455],[117.9047,34.6721],[117.9193,34.667],[117.9262,34.658],[117.9466,34.6793],[117.9568,34.6805],[117.9675,34.6725],[117.9854,34.6749],[117.9852,34.6621],[117.9989,34.6572],[118.0011,34.6508],[118.0133,34.6525],[118.0226,34.6582],[118.0445,34.6535],[118.0617,34.6594],[118.072,34.6535],[118.0924,34.6537],[118.0956,34.6458],[118.0894,34.636],[118.1101,34.6159],[118.0976,34.5948],[118.0772,34.5816],[118.0727,34.5712],[118.1043,34.5634],[118.1115,34.5572],[118.1303,34.5617],[118.1369,34.553],[118.1499,34.5478],[118.153,34.5539],[118.1839,34.5447],[118.18,34.5395],[118.1683,34.5409],[118.1626,34.5164],[118.1541,34.5046],[118.1448,34.4993],[118.1336,34.5027],[118.1226,34.4864],[118.1363,34.4818],[118.1404,34.4723],[118.1766,34.4533],[118.1787,34.4337],[118.1668,34.4138],[118.1719,34.409],[118.1653,34.3876],[118.2111,34.3786],[118.2145,34.4077],[118.2272,34.3992],[118.2406,34.4068],[118.2707,34.405],[118.2785,34.4105],[118.2841,34.4288],[118.3149,34.423],[118.3388,34.4224],[118.3703,34.4151],[118.3759,34.4259],[118.3935,34.429],[118.4009,34.447],[118.4036,34.466],[118.4115,34.4947],[118.4293,34.5202],[118.4307,34.5439],[118.4189,34.5769],[118.4156,34.5972],[118.4266,34.62],[118.4335,34.6262],[118.4463,34.6186],[118.4572,34.6255],[118.4706,34.6223],[118.4735,34.633],[118.4701,34.6414],[118.46,34.6429],[118.455,34.6567],[118.4627,34.675],[118.4751,34.6748],[118.4889,34.6639],[118.4954,34.6637],[118.5027,34.6892],[118.5239,34.6878],[118.5286,34.6937],[118.5187,34.7002],[118.5239,34.7153],[118.5317,34.7165],[118.5511,34.7118],[118.5838,34.716],[118.5876,34.7197],[118.6029,34.7111],[118.5986,34.7022],[118.5993,34.692],[118.6198,34.6924],[118.6291,34.6843],[118.6349,34.6941],[118.6578,34.7001],[118.6717,34.6981],[118.6744,34.6795],[118.6968,34.6849],[118.7073,34.694],[118.7394,34.6987],[118.7578,34.7126],[118.7667,34.7157],[118.7717,34.7236],[118.7658,34.7375],[118.7551,34.7471],[118.7497,34.7387],[118.7352,34.7347],[118.7217,34.7478],[118.7135,34.7463],[118.7103,34.7648],[118.7269,34.7709],[118.7343,34.768],[118.7379,34.7933],[118.7605,34.7907],[118.7691,34.7979],[118.7717,34.8208],[118.7807,34.8282],[118.7776,34.8347],[118.7629,34.8355],[118.7561,34.8419],[118.7681,34.8479],[118.7831,34.8491],[118.7925,34.8442],[118.802,34.8553],[118.7957,34.8606],[118.8007,34.8704],[118.7965,34.8755],[118.8009,34.8851],[118.8112,34.8895],[118.8137,34.9039],[118.8401,34.9293],[118.8571,34.9291],[118.8529,34.939],[118.8593,34.9524],[118.851,34.9684],[118.8578,34.9885],[118.8661,34.9965],[118.8547,35.0247],[118.8599,35.032],[118.8821,35.035],[118.8943,35.0436],[118.9066,35.0449],[118.9207,35.0525],[118.9327,35.0458],[118.9557,35.0453],[118.9824,35.0524],[119.0147,35.0538],[119.0435,35.0494],[119.0614,35.0523],[119.0659,35.0575],[119.0899,35.0569],[119.1102,35.0506],[119.1208,35.055],[119.1154,35.0656],[119.1298,35.0825],[119.1322,35.0907],[119.1269,35.097],[119.1465,35.1016],[119.1582,35.1004],[119.1635,35.1079],[119.1769,35.108],[119.1935,35.1124],[119.1908,35.132],[119.1848,35.1384],[119.1583,35.1395],[119.1601,35.1632],[119.1473,35.1878],[119.1343,35.1848],[119.1267,35.198],[119.1439,35.2038],[119.1547,35.2035],[119.1642,35.2209],[119.1665,35.2334],[119.1749,35.2371],[119.175,35.2528],[119.1804,35.258],[119.1772,35.2832],[119.1668,35.291],[119.1486,35.2898],[119.1477,35.3032],[119.1348,35.3163],[119.1431,35.3277],[119.1186,35.3347],[119.0928,35.328],[119.088,35.3299],[119.0821,35.3497],[119.0729,35.3569],[119.0747,35.3643],[119.0596,35.364],[119.0426,35.3701],[119.0382,35.3779],[119.0185,35.3888],[118.9959,35.3896],[118.9797,35.3819],[118.9781,35.3758],[118.9852,35.3655],[118.983,35.3542],[118.962,35.3363],[118.9438,35.3409],[118.9332,35.3313],[118.9241,35.3313],[118.9176,35.339],[118.916,35.3491],[118.8995,35.3552],[118.8704,35.3604],[118.865,35.3702],[118.8697,35.374],[118.8689,35.3888],[118.8411,35.3711],[118.8259,35.3738],[118.8156,35.3798],[118.7958,35.3738],[118.7867,35.3673],[118.772,35.3752],[118.7626,35.3668],[118.7517,35.3705],[118.7403,35.3611],[118.7274,35.3598],[118.709,35.368],[118.6937,35.3799],[118.6807,35.3735],[118.6615,35.3723],[118.644,35.3825],[118.6389,35.3701],[118.6265,35.3672],[118.6219,35.3758],[118.6201,35.3906],[118.6002,35.391],[118.5978,35.4146],[118.6254,35.432],[118.6295,35.4407],[118.6238,35.4508],[118.6388,35.4519],[118.6539,35.4627],[118.6707,35.4541],[118.6774,35.4635],[118.7047,35.4563],[118.7191,35.473],[118.7276,35.4936],[118.6989,35.5072],[118.6875,35.5198],[118.6902,35.533],[118.7193,35.5503],[118.7165,35.5601],[118.7236,35.563],[118.7354,35.5767],[118.729,35.5993],[118.7337,35.6282],[118.7545,35.6442],[118.765,35.6598],[118.7771,35.6643],[118.7881,35.6738],[118.7899,35.6963],[118.7993,35.7106],[118.8004,35.722],[118.7923,35.7292],[118.7711,35.7264],[118.7582,35.7317],[118.7496,35.7268],[118.7412,35.7333],[118.7206,35.7296],[118.703,35.7364],[118.6986,35.7417],[118.7047,35.7626],[118.6993,35.7658],[118.7013,35.7781],[118.6943,35.7849],[118.7005,35.7922],[118.6944,35.7984],[118.7071,35.8039],[118.7169,35.8175],[118.7125,35.8342],[118.7225,35.8388],[118.7319,35.8578],[118.7464,35.8547],[118.7539,35.8575],[118.7581,35.8681],[118.7561,35.879],[118.7642,35.9015],[118.7729,35.9033],[118.7688,35.9155],[118.8013,35.9249],[118.8018,35.9398],[118.8087,35.9517],[118.8192,35.947],[118.834,35.9542],[118.851,35.9534],[118.8723,35.9592],[118.8935,35.9616],[118.8932,35.9732],[118.8731,35.999],[118.8932,36.0123],[118.9053,36.0044],[118.9109,36.0069],[118.9339,36.004],[118.9433,36.0144],[118.9624,36.0129],[118.9693,36.019],[118.9844,36.0186],[118.9888,36.0365],[119.0044,36.0363],[119.0184,36.027],[119.0421,36.0245],[119.0462,36.0374],[119.0341,36.0409],[119.043,36.0651],[119.0575,36.074],[119.0614,36.0814],[119.0431,36.0925],[119.0323,36.0905],[119.0215,36.0967],[119.0088,36.0991],[118.9859,36.0969],[118.9779,36.0939],[118.9589,36.1038],[118.9412,36.1164],[118.9321,36.112],[118.9202,36.1145],[118.9098,36.111],[118.9067,36.0961],[118.8997,36.0915],[118.8769,36.0844],[118.8631,36.098],[118.8555,36.1009],[118.8583,36.1109],[118.8528,36.127],[118.8537,36.1627],[118.8396,36.1771],[118.8422,36.1965],[118.8306,36.2029],[118.7824,36.1971],[118.7701,36.203],[118.7557,36.2051],[118.7404,36.1918],[118.7449,36.1846],[118.7386,36.1671],[118.7288,36.1676],[118.7317,36.1463],[118.7176,36.1419],[118.7092,36.1552],[118.6878,36.1487],[118.6749,36.152],[118.678,36.1585],[118.6706,36.1699],[118.639,36.1771],[118.6313,36.1704],[118.6148,36.1766],[118.6011,36.1644],[118.5769,36.1524],[118.5661,36.1569],[118.5588,36.1428],[118.5597,36.1313],[118.5476,36.1301],[118.5197,36.1129],[118.5226,36.0922],[118.5071,36.0777],[118.5072,36.0735],[118.5102,36.0614],[118.5167,36.053],[118.5163,36.04],[118.51,36.0264],[118.4854,36.0256],[118.4704,36.0314],[118.4635,36.0229],[118.4717,36.0113],[118.4818,36.0053],[118.488,35.9962],[118.481,35.9871],[118.4917,35.9783],[118.4998,35.9663],[118.4968,35.9623],[118.4654,35.9614],[118.4538,35.9514],[118.4389,35.9621],[118.4294,35.9653],[118.4097,35.9917],[118.3812,35.9883],[118.3747,35.9732],[118.3645,35.9697],[118.3555,35.972],[118.35,35.956],[118.3374,35.957],[118.3186,35.9472],[118.2991,35.9511],[118.2938,35.9435],[118.2789,35.9385],[118.267,35.9289],[118.2527,35.9245],[118.2502,35.9308],[118.2367,35.9312],[118.2295,35.9379],[118.2364,35.9432],[118.2164,35.9505],[118.2047,35.9504],[118.2012,35.9649],[118.1907,35.971],[118.2003,35.9771],[118.1973,35.9949],[118.1868,36.008],[118.1728,36.0169],[118.1593,36.0207],[118.1354,36.0176],[118.1268,36.0299],[118.1051,36.0276],[118.0708,36.0073],[118.0587,36.0062],[118.0532,35.9921],[118.0428,35.9917],[118.028,35.9784],[118.0262,35.9615],[118.0186,35.9626],[118.0129,35.9537],[117.9954,35.9463],[117.9848,35.9475]]]},"properties":{"region_code":"CN-37-3713","parent_region_code":"CN-37","name":"临沂市","level":"prefecture","has_children":true,"full_path":"中国 / 山东省 / 临沂市","source_admin_code":"3713","osm_relation_id":2801712}},
{"type":"Feature","geometry":{"type":"Polygon","coordinates":[[[117.2578,37.5282],[117.2585,37.5379],[117.2749,37.546],[117.2791,37.5627],[117.275,37.5771],[117.2857,37.5781],[117.291,37.5844],[117.3021,37.5864],[117.3029,37.6009],[117.313,37.619],[117.3117,37.6293],[117.3019,37.6343],[117.31,37.6534],[117.3084,37.6644],[117.3175,37.6669],[117.3229,37.6759],[117.341,37.678],[117.3385,37.6922],[117.3462,37.7065],[117.36,37.6926],[117.3567,37.6758],[117.3506,37.6651],[117.3538,37.6526],[117.3635,37.6511],[117.3785,37.6562],[117.3938,37.668],[117.4001,37.6806],[117.4158,37.673],[117.4469,37.6674],[117.4604,37.6537],[117.4725,37.651],[117.4737,37.6647],[117.4825,37.6782],[117.4973,37.6798],[117.5084,37.6885],[117.5255,37.6884],[117.5373,37.7033],[117.5316,37.7067],[117.544,37.7218],[117.5363,37.7259],[117.5407,37.7425],[117.5255,37.7475],[117.5156,37.7587],[117.5206,37.7624],[117.5413,37.7669],[117.5409,37.7755],[117.5542,37.7998],[117.5621,37.804],[117.5604,37.8122],[117.5787,37.8196],[117.5884,37.8336],[117.6004,37.8444],[117.5736,37.8602],[117.5717,37.8774],[117.5584,37.8774],[117.5532,37.8828],[117.5332,37.8859],[117.5383,37.9011],[117.5324,37.909],[117.5275,37.9301],[117.535,37.9389],[117.5641,37.9502],[117.5593,37.9606],[117.5606,37.9745],[117.5537,38.0027],[117.5429,38.0028],[117.5351,38.0107],[117.5186,37.9902],[117.5157,37.9696],[117.5058,37.9411],[117.4842,37.9249],[117.4747,37.914],[117.4637,37.8949],[117.4326,37.8535],[117.4165,37.8461],[117.3961,37.8408],[117.3757,37.8535],[117.3587,37.8532],[117.3336,37.8624],[117.311,37.8597],[117.2938,37.8499],[117.2824,37.8478],[117.2635,37.8384],[117.2472,37.8385],[117.2018,37.8429],[117.1792,37.849],[117.162,37.8397],[117.1457,37.8386],[117.0891,37.8484],[117.0609,37.8469],[117.0182,37.8319],[116.9966,37.8343],[116.9691,37.8406],[116.9462,37.8354],[116.9155,37.8446],[116.9028,37.8423],[116.8731,37.843],[116.8451,37.835],[116.8297,37.8351],[116.8219,37.8404],[116.8069,37.8406],[116.7962,37.837],[116.7626,37.8128],[116.7537,37.8024],[116.7431,37.7995],[116.7494,37.7872],[116.7449,37.7601],[116.733,37.7564],[116.7175,37.7663],[116.7122,37.7582],[116.7187,37.7435],[116.6944,37.7299],[116.6746,37.7242],[116.6692,37.7198],[116.6596,37.6899],[116.6533,37.6804],[116.6326,37.68],[116.6355,37.6659],[116.623,37.6494],[116.5947,37.6214],[116.5691,37.6092],[116.5549,37.5917],[116.5395,37.5815],[116.5368,37.5711],[116.5189,37.5629],[116.5112,37.5563],[116.5034,37.5429],[116.4934,37.5368],[116.4767,37.5209],[116.4574,37.5173],[116.4411,37.5003],[116.432,37.4755],[116.4205,37.4778],[116.405,37.4938],[116.3989,37.512],[116.3819,37.5114],[116.3822,37.5206],[116.3631,37.5256],[116.362,37.533],[116.3709,37.5454],[116.3738,37.5624],[116.3612,37.5652],[116.3376,37.5651],[116.3281,37.5754],[116.295,37.5604],[116.2889,37.5522],[116.2834,37.5335],[116.2856,37.5231],[116.2745,37.5105],[116.2872,37.4971],[116.2836,37.483],[116.26,37.4778],[116.2375,37.4899],[116.2294,37.4791],[116.2187,37.4792],[116.2238,37.4588],[116.2376,37.4556],[116.2374,37.4475],[116.2217,37.4334],[116.226,37.4239],[116.2415,37.4216],[116.2579,37.4265],[116.2605,37.4178],[116.2777,37.4007],[116.2668,37.3972],[116.2675,37.39],[116.2554,37.3889],[116.2518,37.3819],[116.2299,37.3609],[116.1884,37.3652],[116.1754,37.3721],[116.1633,37.3835],[116.1238,37.373],[116.1105,37.3741],[116.1029,37.3676],[116.0806,37.3729],[116.067,37.3676],[116.0472,37.3677],[116.0469,37.3574],[116.0182,37.3592],[116.0152,37.352],[116.0029,37.3423],[115.9817,37.341],[115.9694,37.3345],[115.9777,37.3287],[115.9702,37.3171],[115.979,37.316],[115.9678,37.293],[115.9624,37.2875],[115.9709,37.2747],[115.9666,37.2562],[115.9618,37.2499],[115.9647,37.2405],[115.9463,37.2227],[115.9365,37.2274],[115.9233,37.2206],[115.9031,37.2022],[115.899,37.1879],[115.9071,37.18],[115.8969,37.1656],[115.8739,37.1515],[115.8743,37.1385],[115.8806,37.1261],[115.8795,37.1189],[115.8634,37.0847],[115.8606,37.0721],[115.8504,37.0597],[115.8279,37.0456],[115.8168,37.0288],[115.8064,37.029],[115.8062,37.0147],[115.7925,37.0049],[115.7857,37.0058],[115.7704,36.992],[115.7916,36.9688],[115.7781,36.9465],[115.755,36.9248],[115.7613,36.9206],[115.7737,36.9128],[115.8178,36.9132],[115.8276,36.918],[115.8413,36.912],[115.8508,36.9026],[115.8636,36.9015],[115.868,36.9136],[115.8798,36.9098],[115.8827,36.9028],[115.8994,36.8982],[115.9039,36.8914],[115.9257,36.8887],[115.9395,36.8935],[115.9446,36.8838],[115.96,36.8821],[115.9683,36.8904],[115.9844,36.8834],[116.009,36.8824],[116.0419,36.8939],[116.0441,36.8907],[116.0648,36.888],[116.0765,36.8833],[116.0911,36.8831],[116.0925,36.8914],[116.1139,36.8962],[116.1181,36.8898],[116.1329,36.8998],[116.1445,36.9123],[116.1564,36.9151],[116.1683,36.9296],[116.1676,36.9458],[116.1934,36.9651],[116.2058,36.9626],[116.2138,36.979],[116.2082,36.9907],[116.2233,36.9958],[116.23,37.0096],[116.2165,37.0098],[116.2206,37.027],[116.2447,37.025],[116.2473,37.0118],[116.277,37.0051],[116.283,36.9951],[116.2927,36.9974],[116.3168,36.9806],[116.3165,36.9728],[116.3322,36.9698],[116.3411,36.9766],[116.3551,36.9742],[116.3598,36.9663],[116.373,36.9636],[116.3818,36.9701],[116.3969,36.9691],[116.4144,36.9778],[116.4291,36.9768],[116.4263,36.9678],[116.4375,36.9538],[116.447,36.9547],[116.4649,36.9464],[116.4648,36.9395],[116.4385,36.9328],[116.4391,36.9236],[116.4495,36.9067],[116.4279,36.908],[116.4158,36.9043],[116.4116,36.8784],[116.425,36.876],[116.4252,36.8657],[116.4085,36.8603],[116.4077,36.8508],[116.3996,36.8266],[116.4034,36.8066],[116.3918,36.8088],[116.3818,36.792],[116.3903,36.7919],[116.3971,36.7725],[116.3921,36.7639],[116.4023,36.7458],[116.3886,36.7413],[116.3802,36.7248],[116.393,36.7177],[116.3956,36.7008],[116.3922,36.6912],[116.401,36.6771],[116.3992,36.6662],[116.4077,36.6539],[116.4017,36.6277],[116.3973,36.6201],[116.4093,36.6173],[116.4082,36.6043],[116.4031,36.6005],[116.401,36.5784],[116.3939,36.5693],[116.3963,36.552],[116.3926,36.5458],[116.392,36.5262],[116.4069,36.5187],[116.4224,36.5057],[116.4377,36.498],[116.4425,36.4855],[116.4533,36.4791],[116.4569,36.4716],[116.4512,36.4619],[116.4558,36.4479],[116.4711,36.4436],[116.4829,36.4535],[116.5017,36.4481],[116.5073,36.4403],[116.5063,36.4299],[116.5306,36.4183],[116.5432,36.4165],[116.541,36.4084],[116.596,36.4197],[116.6138,36.4298],[116.6159,36.4389],[116.6055,36.4596],[116.6063,36.4751],[116.5912,36.4786],[116.5882,36.4879],[116.5945,36.4939],[116.6222,36.4995],[116.6214,36.509],[116.6045,36.5167],[116.6255,36.5449],[116.6349,36.5429],[116.6547,36.5541],[116.6578,36.5644],[116.6531,36.5748],[116.6597,36.5794],[116.6749,36.581],[116.6865,36.5865],[116.6875,36.6074],[116.7012,36.6088],[116.728,36.6157],[116.7519,36.6294],[116.7572,36.6508],[116.7698,36.6585],[116.7743,36.6669],[116.7751,36.6928],[116.7954,36.6965],[116.7986,36.7084],[116.8284,36.7249],[116.8568,36.7298],[116.8742,36.7432],[116.881,36.7452],[116.879,36.7581],[116.8655,36.7596],[116.8585,36.7777],[116.8598,36.7947],[116.8657,36.8118],[116.8757,36.8097],[116.8838,36.8163],[116.8775,36.8259],[116.887,36.83],[116.914,36.8226],[116.9279,36.8237],[116.9309,36.8349],[116.9419,36.8406],[116.9593,36.8436],[116.957,36.8625],[116.9512,36.8708],[116.9571,36.8757],[116.9583,36.8951],[116.9522,36.9015],[116.9532,36.9152],[116.9346,36.9226],[116.9169,36.9342],[116.928,36.9543],[116.9274,36.9602],[116.9048,36.9602],[116.8907,36.9642],[116.8943,36.9771],[116.8814,36.9816],[116.8801,36.9913],[116.8729,36.9986],[116.8932,37.0072],[116.9044,37.0223],[116.941,37.0305],[116.9359,37.0403],[116.9246,37.0469],[116.9185,37.0688],[116.912,37.0718],[116.9119,37.085],[116.9169,37.1044],[116.9231,37.1018],[116.9432,37.1036],[116.9536,37.1123],[116.9629,37.1094],[116.982,37.1156],[116.9873,37.1266],[117.0045,37.1278],[117.0175,37.1166],[117.0382,37.1209],[117.0379,37.1309],[117.0486,37.141],[117.0444,37.161],[117.055,37.1635],[117.0574,37.1821],[117.0513,37.1914],[117.0363,37.1965],[117.0318,37.2066],[117.0162,37.2142],[117.0297,37.2229],[117.0307,37.2371],[117.0353,37.2468],[117.0263,37.2525],[117.0238,37.275],[116.9961,37.28],[116.995,37.2936],[116.9867,37.2955],[116.9883,37.307],[116.9859,37.3233],[116.9774,37.3281],[116.9865,37.3484],[117.0007,37.3543],[117.0021,37.3712],[116.9949,37.38],[116.9926,37.3927],[117.0106,37.3941],[117.0206,37.3978],[117.0079,37.4123],[117.0078,37.4233],[117.018,37.4392],[117.0362,37.436],[117.0516,37.4252],[117.068,37.4283],[117.0944,37.4384],[117.0915,37.4697],[117.1207,37.479],[117.1459,37.4722],[117.1609,37.4846],[117.1884,37.4871],[117.194,37.497],[117.2078,37.5015],[117.2077,37.5092],[117.2213,37.5142],[117.2259,37.5339],[117.2423,37.5281],[117.2578,37.5282]]]},"properties":{"region_code":"CN-37-3714","parent_region_code":"CN-37","name":"德州市","level":"prefecture","has_children":true,"full_path":"中国 / 山东省 / 德州市","source_admin_code":"3714","osm_relation_id":3485982}},
{"type":"Feature","geometry":{"type":"Polygon","coordinates":[[[116.541,36.4084],[116.5432,36.4165],[116.5306,36.4183],[116.5063,36.4299],[116.5073,36.4403],[116.5017,36.4481],[116.4829,36.4535],[116.4711,36.4436],[116.4558,36.4479],[116.4512,36.4619],[116.4569,36.4716],[116.4533,36.4791],[116.4425,36.4855],[116.4377,36.498],[116.4224,36.5057],[116.4069,36.5187],[116.392,36.5262],[116.3926,36.5458],[116.3963,36.552],[116.3939,36.5693],[116.401,36.5784],[116.4031,36.6005],[116.4082,36.6043],[116.4093,36.6173],[116.3973,36.6201],[116.4017,36.6277],[116.4077,36.6539],[116.3992,36.6662],[116.401,36.6771],[116.3922,36.6912],[116.3956,36.7008],[116.393,36.7177],[116.3802,36.7248],[116.3886,36.7413],[116.4023,36.7458],[116.3921,36.7639],[116.3971,36.7725],[116.3903,36.7919],[116.3818,36.792],[116.3918,36.8088],[116.4034,36.8066],[116.3996,36.8266],[116.4077,36.8508],[116.4085,36.8603],[116.4252,36.8657],[116.425,36.876],[116.4116,36.8784],[116.4158,36.9043],[116.4279,36.908],[116.4495,36.9067],[116.4391,36.9236],[116.4385,36.9328],[116.4648,36.9395],[116.4649,36.9464],[116.447,36.9547],[116.4375,36.9538],[116.4263,36.9678],[116.4291,36.9768],[116.4144,36.9778],[116.3969,36.9691],[116.3818,36.9701],[116.373,36.9636],[116.3598,36.9663],[116.3551,36.9742],[116.3411,36.9766],[116.3322,36.9698],[116.3165,36.9728],[116.3168,36.9806],[116.2927,36.9974],[116.283,36.9951],[116.277,37.0051],[116.2473,37.0118],[116.2447,37.025],[116.2206,37.027],[116.2165,37.0098],[116.23,37.0096],[116.2233,36.9958],[116.2082,36.9907],[116.2138,36.979],[116.2058,36.9626],[116.1934,36.9651],[116.1676,36.9458],[116.1683,36.9296],[116.1564,36.9151],[116.1445,36.9123],[116.1329,36.8998],[116.1181,36.8898],[116.1139,36.8962],[116.0925,36.8914],[116.0911,36.8831],[116.0765,36.8833],[116.0648,36.888],[116.0441,36.8907],[116.0419,36.8939],[116.009,36.8824],[115.9844,36.8834],[115.9683,36.8904],[115.96,36.8821],[115.9446,36.8838],[115.9395,36.8935],[115.9257,36.8887],[115.9039,36.8914],[115.8994,36.8982],[115.8827,36.9028],[115.8798,36.9098],[115.868,36.9136],[115.8636,36.9015],[115.8508,36.9026],[115.8413,36.912],[115.8276,36.918],[115.8178,36.9132],[115.7737,36.9128],[115.7613,36.9206],[115.7593,36.9083],[115.7364,36.903],[115.7159,36.89],[115.6963,36.8691],[115.6956,36.8619],[115.6833,36.8408],[115.6858,36.828],[115.6833,36.8187],[115.6741,36.8111],[115.6601,36.8125],[115.645,36.8074],[115.6198,36.7945],[115.5952,36.785],[115.5796,36.7815],[115.5745,36.775],[115.5463,36.7758],[115.5434,36.7833],[115.5305,36.7816],[115.5309,36.7727],[115.5103,36.7666],[115.4923,36.7681],[115.4817,36.7605],[115.4711,36.7593],[115.4693,36.7429],[115.4524,36.7249],[115.4443,36.7133],[115.4406,36.6942],[115.4147,36.6866],[115.4142,36.6808],[115.4035,36.6721],[115.4034,36.6649],[115.3813,36.6573],[115.3819,36.646],[115.3729,36.6332],[115.3619,36.6234],[115.3513,36.6291],[115.3426,36.6096],[115.3356,36.603],[115.3285,36.5821],[115.329,36.5736],[115.3247,36.5484],[115.3015,36.5272],[115.2875,36.532],[115.2858,36.5175],[115.2908,36.5098],[115.2838,36.4977],[115.2669,36.4971],[115.2664,36.4877],[115.2782,36.4843],[115.2833,36.4685],[115.3111,36.4539],[115.3111,36.4328],[115.3028,36.4303],[115.2923,36.4126],[115.3211,36.4029],[115.3263,36.3966],[115.3397,36.3963],[115.3429,36.3846],[115.3427,36.3642],[115.3477,36.3553],[115.3635,36.344],[115.3644,36.3325],[115.3597,36.324],[115.3494,36.3177],[115.3527,36.3086],[115.3677,36.3085],[115.3889,36.3225],[115.4089,36.3264],[115.4171,36.322],[115.4136,36.3107],[115.4164,36.3016],[115.4122,36.2924],[115.4307,36.2762],[115.4404,36.2737],[115.4494,36.2772],[115.4628,36.265],[115.4583,36.2512],[115.4711,36.2463],[115.4692,36.2184],[115.474,36.2031],[115.4703,36.1929],[115.4757,36.1653],[115.478,36.136],[115.4765,36.1237],[115.4603,36.0789],[115.4503,36.0718],[115.4372,36.0522],[115.4429,36.0472],[115.4413,36.0089],[115.4316,36.0034],[115.4196,36.0082],[115.406,36.0052],[115.4056,35.9957],[115.3916,35.9929],[115.3845,35.9775],[115.3521,35.9752],[115.3541,35.9574],[115.3458,35.9415],[115.3579,35.927],[115.3601,35.8975],[115.3509,35.87],[115.3334,35.8707],[115.3324,35.8648],[115.3436,35.861],[115.3385,35.8432],[115.329,35.8337],[115.3361,35.8269],[115.3259,35.8087],[115.3279,35.7927],[115.3443,35.7873],[115.3636,35.773],[115.3701,35.776],[115.3778,35.7886],[115.389,35.7947],[115.3988,35.7939],[115.4012,35.806],[115.4086,35.8138],[115.4299,35.8244],[115.4334,35.8386],[115.4409,35.8394],[115.4539,35.8543],[115.4573,35.8638],[115.4911,35.8679],[115.498,35.8761],[115.5086,35.8733],[115.5097,35.8871],[115.5208,35.8817],[115.5273,35.8903],[115.5545,35.8997],[115.567,35.9114],[115.5862,35.9102],[115.5982,35.9176],[115.613,35.9178],[115.6248,35.9223],[115.6269,35.9132],[115.6429,35.9062],[115.6473,35.9257],[115.6617,35.925],[115.6879,35.9313],[115.6894,35.9446],[115.7048,35.9521],[115.7195,35.947],[115.7318,35.9474],[115.7489,35.9551],[115.7696,35.9602],[115.7748,35.9678],[115.7898,35.9785],[115.7745,35.9792],[115.777,35.9967],[115.7948,36.0085],[115.8118,36.0129],[115.8308,36.0114],[115.8414,36.0042],[115.8544,36.0026],[115.861,36.008],[115.8615,36.0167],[115.8864,36.0266],[115.8964,36.0268],[115.9136,36.0203],[115.9293,36.0329],[115.9643,36.0447],[115.9843,36.0467],[116.0082,36.0608],[116.0391,36.0909],[116.0509,36.1056],[116.0921,36.1132],[116.0957,36.1117],[116.1091,36.1209],[116.112,36.1334],[116.1207,36.1378],[116.147,36.1383],[116.1508,36.1589],[116.1632,36.162],[116.1662,36.1723],[116.1907,36.1721],[116.2137,36.1683],[116.2193,36.1699],[116.2245,36.178],[116.2776,36.2321],[116.2833,36.2438],[116.3036,36.263],[116.3031,36.2681],[116.3122,36.2816],[116.3263,36.2959],[116.3445,36.2977],[116.3961,36.3219],[116.4043,36.3224],[116.4229,36.3153],[116.4357,36.3214],[116.4417,36.3392],[116.447,36.3422],[116.4742,36.338],[116.4798,36.3485],[116.4901,36.3565],[116.494,36.3748],[116.5249,36.3885],[116.5363,36.4063],[116.541,36.4084]]]},"properties":{"region_code":"CN-37-3715","parent_region_code":"CN-37","name":"聊城市","level":"prefecture","has_children":true,"full_path":"中国 / 山东省 / 聊城市","source_admin_code":"3715","osm_relation_id":3485816}},
{"type":"Feature","geometry":{"type":"MultiPolygon","coordinates":[[[[118.5418,38.361],[118.4426,38.4291],[118.3678,38.4047],[118.3369,38.414],[118.3367,38.1495],[118.3286,38.1367],[118.3331,38.1108],[118.3289,38.0938],[118.3379,38.0913],[118.3336,38.0771],[118.3356,38.0654],[118.3756,38.0405],[118.3809,38.0332],[118.3844,38.0158],[118.4048,38.0158],[118.4173,38.0189],[118.4287,38.0274],[118.4264,38.0025],[118.4134,38.0023],[118.4196,37.9854],[118.4195,37.9596],[118.4606,37.9607],[118.468,37.9335],[118.4912,37.9286],[118.4906,37.9252],[118.5138,37.9206],[118.5209,37.9234],[118.594,37.9232],[118.6176,37.9262],[118.6168,37.9482],[118.5952,37.9486],[118.5926,37.9755],[118.6043,37.9785],[118.5875,38.005],[118.5763,38.018],[118.5805,38.0401],[118.5675,38.0477],[118.5413,38.0847],[118.5418,38.361]]],[[[117.7198,36.6895],[117.7481,36.6967],[117.7641,36.6944],[117.7752,36.6972],[117.7759,36.7053],[117.7873,36.7073],[117.7897,36.7199],[117.8044,36.7344],[117.816,36.7626],[117.8279,36.7522],[117.8268,36.7448],[117.8469,36.7507],[117.8448,36.7647],[117.8344,36.7778],[117.82,36.7759],[117.8185,36.7877],[117.8094,36.7885],[117.8089,36.797],[117.814,36.8118],[117.826,36.8359],[117.8218,36.8478],[117.8281,36.8595],[117.8507,36.8597],[117.8595,36.8663],[117.8721,36.8615],[117.8923,36.8714],[117.9114,36.8698],[117.9172,36.8857],[117.9305,36.8924],[117.9343,36.8989],[117.9562,36.9083],[117.955,36.922],[117.9429,36.9183],[117.9374,36.9279],[117.9043,36.9612],[117.9027,36.9807],[117.8801,36.9822],[117.8638,36.9856],[117.859,37.0056],[117.8648,37.009],[117.8588,37.022],[117.852,37.0208],[117.8319,37.0291],[117.8374,37.045],[117.8398,37.066],[117.7939,37.0705],[117.7651,37.0685],[117.758,37.0658],[117.7326,37.0642],[117.7206,37.0685],[117.6966,37.0682],[117.6671,37.0731],[117.6419,37.0825],[117.6129,37.0899],[117.6035,37.0904],[117.5851,37.0849],[117.5689,37.0888],[117.5621,37.1098],[117.5686,37.1206],[117.5512,37.1239],[117.5455,37.1455],[117.5758,37.1554],[117.5853,37.1685],[117.5893,37.1971],[117.5949,37.2044],[117.6169,37.2203],[117.6223,37.2316],[117.6259,37.2501],[117.6334,37.2602],[117.6536,37.2737],[117.666,37.2717],[117.6937,37.2557],[117.7208,37.2502],[117.7557,37.2453],[117.7765,37.2481],[117.797,37.2614],[117.8183,37.278],[117.8374,37.2819],[117.8577,37.2781],[117.8757,37.2691],[117.8824,37.262],[117.9032,37.2646],[117.9336,37.2796],[117.9422,37.2657],[117.9612,37.2711],[117.9847,37.2618],[117.9905,37.2458],[117.9721,37.2314],[117.9704,37.2152],[117.9887,37.2088],[118.0138,37.2097],[118.0168,37.2215],[118.0402,37.2155],[118.0416,37.205],[118.0627,37.2065],[118.0762,37.1847],[118.0653,37.1768],[118.0684,37.1694],[118.0529,37.1573],[118.0585,37.1393],[118.0731,37.1202],[118.0618,37.111],[118.0388,37.1061],[118.0398,37.0978],[118.0508,37.0929],[118.0535,37.0836],[118.0681,37.0854],[118.0803,37.0911],[118.1048,37.0937],[118.125,37.0905],[118.1301,37.0647],[118.1518,37.0641],[118.1447,37.0541],[118.1455,37.0456],[118.1337,37.0441],[118.13,37.0304],[118.1327,37.0055],[118.1472,36.9997],[118.146,36.9876],[118.1551,36.9813],[118.187,36.9771],[118.1899,36.967],[118.1981,36.9627],[118.2156,36.967],[118.2257,36.9747],[118.2295,36.985],[118.2413,36.9855],[118.2414,36.998],[118.2629,37.0063],[118.2831,36.9993],[118.2947,37.0184],[118.3029,37.0196],[118.3052,37.0282],[118.3211,37.0361],[118.3192,37.0457],[118.3323,37.0536],[118.3327,37.0721],[118.3269,37.0814],[118.3316,37.0981],[118.3444,37.1016],[118.3402,37.1158],[118.3327,37.1218],[118.3356,37.1323],[118.3507,37.139],[118.3717,37.1534],[118.3744,37.1743],[118.3808,37.1771],[118.3697,37.2054],[118.3577,37.21],[118.341,37.231],[118.3433,37.2431],[118.3551,37.2441],[118.3697,37.2664],[118.362,37.2787],[118.3525,37.2792],[118.3488,37.2866],[118.3358,37.2866],[118.3357,37.2945],[118.3204,37.2938],[118.3204,37.3054],[118.3115,37.3058],[118.3077,37.314],[118.3116,37.353],[118.2841,37.3549],[118.2787,37.3612],[118.2553,37.3628],[118.2514,37.3783],[118.2395,37.3756],[118.2375,37.3665],[118.2164,37.3672],[118.2117,37.3701],[118.2108,37.3853],[118.1847,37.3767],[118.1557,37.3618],[118.1485,37.3776],[118.1353,37.3753],[118.1296,37.3846],[118.1362,37.3913],[118.1516,37.3912],[118.1588,37.4073],[118.1508,37.4296],[118.1443,37.4375],[118.1155,37.4396],[118.1083,37.445],[118.1192,37.458],[118.1067,37.4624],[118.1212,37.4908],[118.1285,37.4964],[118.1303,37.5157],[118.1365,37.5181],[118.1537,37.5382],[118.1634,37.5427],[118.167,37.5628],[118.1481,37.5578],[118.1279,37.5575],[118.1287,37.5675],[118.1213,37.5772],[118.1264,37.5875],[118.1424,37.5924],[118.1407,37.5991],[118.1509,37.6086],[118.1489,37.6271],[118.1574,37.6297],[118.1595,37.6437],[118.169,37.6463],[118.1713,37.6569],[118.2045,37.6654],[118.2243,37.6579],[118.2493,37.6537],[118.2785,37.6612],[118.287,37.6689],[118.2872,37.6767],[118.2991,37.6821],[118.3026,37.6997],[118.3134,37.712],[118.3118,37.728],[118.3309,37.7286],[118.3361,37.7458],[118.3476,37.749],[118.347,37.7572],[118.3349,37.7629],[118.3361,37.7764],[118.3431,37.7908],[118.3554,37.791],[118.3455,37.8153],[118.3388,37.8234],[118.321,37.8645],[118.3066,37.861],[118.296,37.8698],[118.2804,37.8562],[118.2643,37.8524],[118.2525,37.8541],[118.2334,37.8678],[118.2309,37.8841],[118.2376,37.8949],[118.22,37.9227],[118.2211,37.9379],[118.215,37.9819],[118.2237,37.9856],[118.2169,37.9977],[118.2243,38.0522],[118.2235,38.0705],[118.2287,38.0814],[118.2363,38.1097],[118.2209,38.1154],[118.2309,38.1268],[118.2705,38.4339],[118.1375,38.4738],[118.0433,38.3976],[118.0048,38.3746],[117.9023,38.3192],[117.8566,38.2817],[117.8478,38.2645],[117.8212,38.2641],[117.8031,38.2768],[117.7981,38.2758],[117.7884,38.2614],[117.8078,38.2456],[117.8079,38.2313],[117.8,38.2267],[117.8006,38.2183],[117.7861,38.2043],[117.7905,38.1965],[117.7827,38.1801],[117.7959,38.1731],[117.7872,38.1669],[117.7754,38.1687],[117.7605,38.1622],[117.7658,38.1355],[117.738,38.1229],[117.7234,38.1066],[117.7233,38.0934],[117.6983,38.0756],[117.6705,38.079],[117.6594,38.071],[117.6372,38.0728],[117.6176,38.0686],[117.5976,38.0723],[117.5791,38.0706],[117.5708,38.0647],[117.5597,38.0635],[117.5505,38.0505],[117.5548,38.0404],[117.5412,38.0283],[117.5351,38.0107],[117.5429,38.0028],[117.5537,38.0027],[117.5606,37.9745],[117.5593,37.9606],[117.5641,37.9502],[117.535,37.9389],[117.5275,37.9301],[117.5324,37.909],[117.5383,37.9011],[117.5332,37.8859],[117.5532,37.8828],[117.5584,37.8774],[117.5717,37.8774],[117.5736,37.8602],[117.6004,37.8444],[117.5884,37.8336],[117.5787,37.8196],[117.5604,37.8122],[117.5621,37.804],[117.5542,37.7998],[117.5409,37.7755],[117.5413,37.7669],[117.5206,37.7624],[117.5156,37.7587],[117.5255,37.7475],[117.5407,37.7425],[117.5363,37.7259],[117.544,37.7218],[117.5316,37.7067],[117.5373,37.7033],[117.5255,37.6884],[117.5084,37.6885],[117.4973,37.6798],[117.4825,37.6782],[117.4737,37.6647],[117.4725,37.651],[117.4604,37.6537],[117.4469,37.6674],[117.4158,37.673],[117.4001,37.6806],[117.3938,37.668],[117.3785,37.6562],[117.3635,37.6511],[117.3538,37.6526],[117.3506,37.6651],[117.3567,37.6758],[117.36,37.6926],[117.3462,37.7065],[117.3385,37.6922],[117.341,37.678],[117.3229,37.6759],[117.3175,37.6669],[117.3084,37.6644],[117.31,37.6534],[117.3019,37.6343],[117.3117,37.6293],[117.313,37.619],[117.3029,37.6009],[117.3021,37.5864],[117.291,37.5844],[117.2857,37.5781],[117.275,37.5771],[117.2791,37.5627],[117.2749,37.546],[117.2585,37.5379],[117.2578,37.5282],[117.2774,37.5219],[117.2811,37.5065],[117.298,37.5079],[117.3134,37.504],[117.3138,37.4869],[117.2802,37.4858],[117.2762,37.4679],[117.2901,37.4625],[117.2955,37.4498],[117.3221,37.4486],[117.3215,37.4544],[117.34,37.4549],[117.3545,37.4448],[117.3636,37.4293],[117.3576,37.4087],[117.3566,37.3968],[117.3697,37.3898],[117.3834,37.3874],[117.3915,37.3743],[117.4015,37.3744],[117.4024,37.3574],[117.4079,37.3345],[117.3998,37.33],[117.3995,37.3173],[117.4168,37.3071],[117.4224,37.2941],[117.4261,37.2712],[117.4318,37.2674],[117.4319,37.2571],[117.422,37.2534],[117.416,37.239],[117.4036,37.2396],[117.3979,37.2341],[117.3971,37.2196],[117.4126,37.1985],[117.4287,37.1931],[117.4356,37.173],[117.4334,37.1652],[117.4446,37.1515],[117.4476,37.1206],[117.454,37.108],[117.4327,37.0916],[117.3968,37.0874],[117.3686,37.0699],[117.3532,37.0672],[117.3351,37.0694],[117.3265,37.036],[117.3107,37.0274],[117.3265,37.0087],[117.3593,36.999],[117.3692,36.9868],[117.3719,36.9638],[117.3805,36.9541],[117.3962,36.953],[117.4088,36.9608],[117.4138,36.9527],[117.4664,36.9591],[117.4655,36.9683],[117.4971,36.9702],[117.5176,36.9602],[117.531,36.9787],[117.5448,36.9797],[117.5521,36.9702],[117.5433,36.9619],[117.559,36.9583],[117.5585,36.9453],[117.5482,36.9412],[117.5439,36.9333],[117.5325,36.9404],[117.5282,36.9302],[117.5644,36.9153],[117.5698,36.9034],[117.5802,36.8908],[117.5716,36.8692],[117.5752,36.8516],[117.5874,36.8354],[117.6045,36.8179],[117.6485,36.8023],[117.6755,36.7778],[117.6814,36.761],[117.6882,36.7535],[117.7133,36.7558],[117.7374,36.7502],[117.7322,36.7327],[117.7331,36.7176],[117.7133,36.7057],[117.7115,36.6957],[117.7198,36.6895]]]]},"properties":{"region_code":"CN-37-3716","parent_region_code":"CN-37","name":"滨州市","level":"prefecture","has_children":true,"full_path":"中国 / 山东省 / 滨州市","source_admin_code":"3716","osm_relation_id":4434116}},
{"type":"Feature","geometry":{"type":"Polygon","coordinates":[[[115.8701,35.8639],[115.8596,35.8686],[115.8542,35.8579],[115.8354,35.8571],[115.8357,35.8501],[115.8158,35.8527],[115.8111,35.8443],[115.7677,35.8544],[115.7578,35.8383],[115.7474,35.833],[115.7293,35.833],[115.7221,35.8154],[115.7144,35.817],[115.7118,35.8029],[115.7006,35.8059],[115.6986,35.7889],[115.6877,35.7636],[115.6876,35.7539],[115.6572,35.7508],[115.6407,35.7449],[115.6194,35.742],[115.6069,35.7368],[115.5866,35.7384],[115.5865,35.7274],[115.5576,35.7369],[115.5474,35.7285],[115.5239,35.7322],[115.5187,35.7247],[115.5045,35.7253],[115.5019,35.7145],[115.4785,35.7021],[115.4702,35.6866],[115.4638,35.6841],[115.4656,35.6666],[115.4505,35.6583],[115.4331,35.6569],[115.4199,35.6367],[115.4205,35.624],[115.4084,35.6249],[115.4021,35.5949],[115.3919,35.5938],[115.3877,35.5816],[115.3778,35.5777],[115.3769,35.5689],[115.366,35.5703],[115.3521,35.5552],[115.3399,35.5474],[115.3466,35.5412],[115.3418,35.5222],[115.3539,35.4992],[115.3499,35.4922],[115.321,35.4879],[115.317,35.4773],[115.3093,35.4768],[115.2918,35.4653],[115.2732,35.462],[115.2634,35.4554],[115.2647,35.4476],[115.2461,35.4319],[115.2227,35.4172],[115.2133,35.4072],[115.1897,35.4244],[115.1625,35.4284],[115.119,35.4185],[115.1168,35.4029],[115.0986,35.4035],[115.0833,35.4153],[115.0777,35.4081],[115.0811,35.393],[115.0691,35.3759],[115.0299,35.3754],[115.0178,35.3727],[115.0122,35.3565],[115.0117,35.332],[115.0008,35.3189],[114.981,35.3045],[114.9759,35.2925],[114.9641,35.2866],[114.9627,35.2744],[114.9435,35.2546],[114.9314,35.2521],[114.9265,35.2444],[114.9273,35.1986],[114.9192,35.1961],[114.897,35.1959],[114.8847,35.1933],[114.8532,35.1813],[114.8395,35.1683],[114.8361,35.1556],[114.8614,35.1354],[114.8823,35.1057],[114.882,35.0911],[114.8702,35.0845],[114.8526,35.0792],[114.8189,35.0634],[114.8169,35.0547],[114.8307,35.0234],[114.8321,35.0081],[114.8538,35.0035],[114.8645,35.0253],[114.879,35.0228],[114.8749,35.0044],[114.8822,34.9938],[114.9022,34.9901],[114.9013,34.9777],[114.9226,34.9702],[114.9286,34.9809],[114.9383,34.9894],[114.952,34.99],[114.9555,34.9963],[114.9684,34.9947],[114.9746,34.9891],[114.9957,34.991],[115.0024,34.9873],[115.0162,34.9711],[115.025,34.9724],[115.0328,34.9833],[115.0473,34.9855],[115.0542,34.9956],[115.083,34.9966],[115.0959,34.9949],[115.1077,34.9986],[115.1098,35.0077],[115.12,35.0073],[115.1263,35.0011],[115.1236,34.9851],[115.1381,34.9791],[115.1427,34.9714],[115.1568,34.9588],[115.1684,34.9626],[115.1837,34.9604],[115.1863,34.9531],[115.2047,34.9599],[115.2194,34.9541],[115.2143,34.9433],[115.2063,34.9441],[115.197,34.9264],[115.1865,34.9262],[115.1834,34.9155],[115.2006,34.9113],[115.2237,34.9163],[115.2369,34.9154],[115.251,34.9062],[115.2398,34.8925],[115.2289,34.8926],[115.2305,34.8676],[115.2343,34.8675],[115.2389,34.8444],[115.2546,34.8384],[115.2616,34.8549],[115.2697,34.857],[115.2795,34.8525],[115.2859,34.8441],[115.2919,34.8617],[115.3138,34.8619],[115.3229,34.8524],[115.3346,34.8492],[115.35,34.8369],[115.3664,34.8338],[115.3772,34.8287],[115.3837,34.8334],[115.3956,34.8328],[115.3997,34.8228],[115.4087,34.8175],[115.4139,34.8085],[115.426,34.8043],[115.4234,34.7889],[115.4321,34.7786],[115.439,34.7569],[115.4397,34.7388],[115.4223,34.7326],[115.4266,34.7221],[115.4348,34.7218],[115.4427,34.7116],[115.4379,34.704],[115.447,34.6936],[115.4415,34.6889],[115.4451,34.6763],[115.4398,34.663],[115.4529,34.6555],[115.4555,34.6381],[115.471,34.637],[115.4786,34.629],[115.4811,34.617],[115.4891,34.6044],[115.5098,34.5845],[115.5287,34.5746],[115.5791,34.5719],[115.5883,34.5745],[115.6052,34.5736],[115.6171,34.576],[115.6373,34.5699],[115.6645,34.5582],[115.6795,34.557],[115.6911,34.5713],[115.6907,34.5966],[115.6961,34.602],[115.7118,34.5959],[115.7346,34.5902],[115.7631,34.5876],[115.7801,34.5806],[115.7908,34.5792],[115.7933,34.5726],[115.8108,34.5663],[115.8209,34.5586],[115.8326,34.5631],[115.916,34.576],[115.9734,34.5832],[115.9802,34.5945],[115.9806,34.6045],[115.9936,34.6163],[116.0005,34.6089],[116.0103,34.6084],[116.0114,34.6008],[116.0243,34.6031],[116.0391,34.5963],[116.0545,34.5989],[116.1002,34.5979],[116.1247,34.5792],[116.1358,34.5589],[116.1506,34.5603],[116.1837,34.5725],[116.1961,34.5795],[116.2063,34.5779],[116.2182,34.5705],[116.2232,34.5585],[116.2434,34.553],[116.2464,34.5668],[116.2551,34.5794],[116.2737,34.5832],[116.2783,34.5936],[116.2745,34.6029],[116.2941,34.6067],[116.2971,34.6015],[116.3136,34.5985],[116.3204,34.602],[116.3304,34.6229],[116.3465,34.6235],[116.3645,34.6287],[116.3694,34.6371],[116.3617,34.6522],[116.3758,34.6613],[116.376,34.6764],[116.3722,34.6864],[116.3804,34.6883],[116.389,34.6992],[116.3797,34.7059],[116.3783,34.7184],[116.3588,34.7163],[116.3641,34.7278],[116.3566,34.7387],[116.3594,34.7507],[116.3975,34.7508],[116.3915,34.7601],[116.3985,34.7655],[116.3986,34.7871],[116.3955,34.8112],[116.4069,34.8166],[116.4013,34.827],[116.405,34.8506],[116.3879,34.8498],[116.384,34.8596],[116.3418,34.8616],[116.3324,34.8597],[116.3193,34.8714],[116.2718,34.8771],[116.2687,34.89],[116.2582,34.8942],[116.2518,34.905],[116.2397,34.9021],[116.2176,34.9055],[116.2151,34.9102],[116.1949,34.9138],[116.1958,34.9243],[116.1844,34.939],[116.1493,34.9417],[116.1529,34.9548],[116.161,34.9579],[116.1582,34.97],[116.1475,34.9863],[116.1311,34.9924],[116.132,34.9993],[116.109,35.0196],[116.1037,35.0286],[116.1081,35.0333],[116.1073,35.0536],[116.1267,35.0481],[116.1406,35.0678],[116.1464,35.0842],[116.1345,35.0884],[116.1348,35.1006],[116.1496,35.1088],[116.166,35.1089],[116.1813,35.1123],[116.1896,35.1185],[116.1934,35.1385],[116.2084,35.1484],[116.2067,35.1569],[116.2114,35.1678],[116.2189,35.1731],[116.208,35.1808],[116.2068,35.1945],[116.2247,35.1918],[116.2305,35.2015],[116.2383,35.1984],[116.2416,35.188],[116.2588,35.1886],[116.2752,35.2124],[116.2749,35.2245],[116.2811,35.245],[116.273,35.2506],[116.2689,35.2684],[116.2608,35.2731],[116.2337,35.2718],[116.2179,35.2651],[116.2132,35.2838],[116.2018,35.2893],[116.1842,35.315],[116.1936,35.3247],[116.1887,35.3333],[116.2097,35.3432],[116.2134,35.3557],[116.223,35.3598],[116.2264,35.3681],[116.2144,35.3938],[116.2051,35.4006],[116.2103,35.4189],[116.2122,35.4358],[116.1988,35.4363],[116.1967,35.4584],[116.1836,35.4713],[116.1716,35.4642],[116.1727,35.4504],[116.1622,35.4523],[116.1512,35.447],[116.1551,35.4717],[116.1289,35.4716],[116.1259,35.4906],[116.1144,35.4902],[116.1166,35.5044],[116.1145,35.5158],[116.122,35.5252],[116.1224,35.5328],[116.1119,35.5599],[116.1066,35.5636],[116.1124,35.5827],[116.1256,35.5826],[116.1246,35.5921],[116.106,35.5982],[116.112,35.62],[116.126,35.6264],[116.1292,35.6383],[116.1105,35.6458],[116.1155,35.6564],[116.109,35.659],[116.1133,35.6715],[116.1085,35.6874],[116.0911,35.6875],[116.0874,35.7008],[116.069,35.7032],[116.0714,35.7145],[116.0667,35.7244],[116.0557,35.7258],[116.0382,35.7387],[116.0394,35.7519],[116.01,35.7525],[116.0096,35.7593],[115.9897,35.7747],[115.969,35.7726],[115.9614,35.7823],[115.9462,35.7896],[115.9364,35.7884],[115.9334,35.7964],[115.9162,35.7977],[115.9185,35.806],[115.909,35.8112],[115.8884,35.8073],[115.868,35.8142],[115.8762,35.8344],[115.8714,35.8466],[115.8742,35.8578],[115.8701,35.8639]]]},"properties":{"region_code":"CN-37-3717","parent_region_code":"CN-37","name":"菏泽市","level":"prefecture","has_children":true,"full_path":"中国 / 山东省 / 菏泽市","source_admin_code":"3717","osm_relation_id":3284918}}
]}