{"type":"FeatureCollection", "features": [
{"type":"Feature","geometry":{"type":"Polygon","coordinates":[[[120.7913,30.258],[120.7839,30.2586],[120.7168,30.2093],[120.7122,30.2061],[120.707,30.2023],[120.7011,30.1952],[120.6801,30.1702],[120.6781,30.1676],[120.6715,30.1598],[120.6682,30.1565],[120.6624,30.1511],[120.6556,30.1447],[120.645,30.1348],[120.6429,30.1327],[120.6415,30.1319],[120.6407,30.1296],[120.6344,30.1299],[120.6231,30.1248],[120.6195,30.1233],[120.6145,30.122],[120.6131,30.1229],[120.6131,30.125],[120.609,30.1235],[120.6079,30.1235],[120.6078,30.1251],[120.6069,30.1268],[120.6051,30.1282],[120.6014,30.1303],[120.5987,30.1305],[120.5967,30.1292],[120.5942,30.1296],[120.5922,30.128],[120.591,30.1299],[120.5873,30.1311],[120.5856,30.1319],[120.5836,30.1335],[120.5821,30.1321],[120.5828,30.1307],[120.5807,30.1303],[120.5812,30.1254],[120.5784,30.1247],[120.5772,30.1236],[120.577,30.1221],[120.5777,30.1201],[120.5758,30.1204],[120.575,30.1183],[120.5737,30.1178],[120.5731,30.1156],[120.5718,30.1137],[120.569,30.1126],[120.5691,30.1107],[120.5723,30.1105],[120.5726,30.1061],[120.5706,30.1064],[120.5702,30.1051],[120.5689,30.1041],[120.5701,30.1028],[120.5694,30.101],[120.5657,30.1017],[120.5648,30.0976],[120.561,30.0977],[120.5612,30.1006],[120.5593,30.101],[120.5599,30.1034],[120.5567,30.1042],[120.5538,30.1042],[120.5524,30.1012],[120.5501,30.1015],[120.5507,30.1042],[120.5499,30.1053],[120.5481,30.1043],[120.5466,30.1065],[120.5447,30.1072],[120.544,30.1048],[120.5425,30.1062],[120.5359,30.1069],[120.5342,30.1078],[120.5327,30.1066],[120.5314,30.1073],[120.5287,30.1018],[120.5273,30.1033],[120.5279,30.1044],[120.5246,30.1042],[120.5243,30.1024],[120.5224,30.1023],[120.5219,30.0996],[120.5246,30.0992],[120.525,30.097],[120.5267,30.0965],[120.5262,30.0935],[120.5262,30.087],[120.5181,30.0872],[120.5177,30.086],[120.5159,30.0857],[120.5158,30.0838],[120.514,30.0812],[120.5126,30.0776],[120.5133,30.0767],[120.5127,30.075],[120.5153,30.0746],[120.5165,30.0736],[120.5156,30.0719],[120.5178,30.0711],[120.5191,30.07],[120.5183,30.0663],[120.5172,30.0663],[120.5156,30.065],[120.5164,30.0643],[120.5158,30.0617],[120.5134,30.0625],[120.5124,30.0599],[120.5084,30.0618],[120.5079,30.0614],[120.5123,30.059],[120.5129,30.0578],[120.5104,30.0547],[120.5093,30.0525],[120.5126,30.0508],[120.5113,30.0472],[120.5167,30.0445],[120.5152,30.0419],[120.5127,30.0423],[120.5115,30.041],[120.5123,30.04],[120.5114,30.0386],[120.5113,30.0369],[120.5128,30.0354],[120.5117,30.0328],[120.5131,30.0321],[120.5096,30.0292],[120.5081,30.0301],[120.5066,30.0286],[120.5043,30.0298],[120.5033,30.0282],[120.5009,30.0261],[120.5011,30.0242],[120.4993,30.0219],[120.4982,30.0225],[120.4971,30.0195],[120.4999,30.0166],[120.5016,30.0163],[120.5036,30.0148],[120.5057,30.0158],[120.5079,30.0148],[120.5074,30.0135],[120.5096,30.0131],[120.5108,30.0123],[120.5125,30.0097],[120.5117,30.0086],[120.5129,30.0077],[120.5138,30.0053],[120.516,30.005],[120.5187,30.0056],[120.5194,30.0068],[120.523,30.0053],[120.5248,30.0043],[120.5268,30.0043],[120.5279,30.0049],[120.53,30.0046],[120.5325,30.0033],[120.5336,30.0014],[120.5323,30.0007],[120.5324,29.9984],[120.5309,29.9964],[120.5358,29.9946],[120.5372,29.9935],[120.5358,29.9928],[120.5349,29.9915],[120.5363,29.9889],[120.5352,29.9875],[120.537,29.9852],[120.5353,29.9839],[120.534,29.9812],[120.5382,29.9799],[120.5405,29.9797],[120.5411,29.9782],[120.5425,29.9774],[120.5421,29.9763],[120.5432,29.9755],[120.5444,29.9734],[120.5441,29.9712],[120.5477,29.9685],[120.5475,29.9648],[120.549,29.9635],[120.549,29.9601],[120.5517,29.9581],[120.5515,29.9563],[120.5494,29.9529],[120.5477,29.9523],[120.545,29.9523],[120.5457,29.9506],[120.5432,29.9463],[120.5414,29.9461],[120.5411,29.9451],[120.5393,29.9447],[120.5381,29.9402],[120.5374,29.9356],[120.5349,29.9344],[120.5338,29.9324],[120.5328,29.9298],[120.5303,29.9283],[120.5283,29.9257],[120.5277,29.9239],[120.5264,29.9229],[120.526,29.9214],[120.5243,29.9207],[120.5246,29.9186],[120.5234,29.9176],[120.5236,29.9153],[120.5257,29.9129],[120.5231,29.9108],[120.5226,29.9077],[120.5219,29.9061],[120.52,29.9066],[120.5186,29.9048],[120.5196,29.9032],[120.5224,29.9026],[120.5245,29.9027],[120.5246,29.9012],[120.5274,29.8994],[120.5295,29.9],[120.5306,29.9012],[120.5318,29.9007],[120.5338,29.9016],[120.5369,29.9043],[120.5389,29.9038],[120.5415,29.9024],[120.5429,29.8998],[120.5437,29.897],[120.5455,29.8929],[120.5452,29.8907],[120.5461,29.8889],[120.548,29.8878],[120.5486,29.8859],[120.5507,29.884],[120.5532,29.8833],[120.5542,29.885],[120.5563,29.8857],[120.5582,29.8856],[120.5582,29.8871],[120.5613,29.8869],[120.5633,29.8863],[120.5665,29.8875],[120.5684,29.887],[120.5688,29.8861],[120.571,29.8862],[120.5734,29.8856],[120.5748,29.8847],[120.5781,29.8844],[120.5812,29.8857],[120.5836,29.8854],[120.5892,29.8872],[120.591,29.8872],[120.5931,29.8901],[120.5944,29.8906],[120.5964,29.894],[120.5994,29.8953],[120.6016,29.8955],[120.6009,29.8985],[120.6028,29.8995],[120.6023,29.9028],[120.6038,29.904],[120.6049,29.906],[120.6047,29.9074],[120.6014,29.9085],[120.6003,29.9115],[120.5986,29.9136],[120.597,29.9146],[120.5995,29.9194],[120.5995,29.9225],[120.6038,29.9258],[120.6056,29.926],[120.6068,29.928],[120.6059,29.9293],[120.6072,29.9301],[120.6099,29.9342],[120.6103,29.9356],[120.6095,29.9377],[120.6084,29.9386],[120.6093,29.9417],[120.6093,29.9439],[120.6084,29.945],[120.6086,29.9471],[120.6104,29.9471],[120.6119,29.9481],[120.6143,29.948],[120.616,29.9499],[120.619,29.9501],[120.6222,29.9509],[120.6232,29.9521],[120.6267,29.9513],[120.6275,29.9508],[120.6305,29.9513],[120.6319,29.9474],[120.6344,29.9453],[120.6359,29.9462],[120.6346,29.949],[120.6332,29.953],[120.6333,29.9558],[120.634,29.9575],[120.6364,29.9571],[120.6381,29.9562],[120.6399,29.9581],[120.6416,29.9583],[120.6435,29.9571],[120.6452,29.9575],[120.6471,29.9573],[120.6489,29.959],[120.6527,29.9571],[120.6542,29.9553],[120.6549,29.9565],[120.6574,29.9543],[120.656,29.952],[120.6564,29.9493],[120.6527,29.9462],[120.6577,29.9438],[120.6588,29.9441],[120.6606,29.9433],[120.6651,29.9427],[120.6665,29.941],[120.669,29.9405],[120.6711,29.9392],[120.6757,29.9346],[120.6782,29.9338],[120.6789,29.9322],[120.6784,29.9299],[120.6761,29.9295],[120.6766,29.9253],[120.6796,29.9248],[120.6813,29.9222],[120.682,29.9188],[120.6847,29.9157],[120.6866,29.9144],[120.6869,29.9099],[120.6887,29.9082],[120.6874,29.9058],[120.6875,29.9048],[120.6899,29.9041],[120.6898,29.9019],[120.6902,29.8999],[120.6917,29.8989],[120.6935,29.8958],[120.6955,29.8946],[120.6957,29.8936],[120.6938,29.8913],[120.694,29.8902],[120.6984,29.8899],[120.6991,29.8882],[120.6984,29.8866],[120.6995,29.8859],[120.6998,29.8845],[120.7016,29.8844],[120.7037,29.8823],[120.7039,29.8793],[120.7071,29.8783],[120.7075,29.8775],[120.7095,29.8771],[120.7133,29.8755],[120.7142,29.8745],[120.7151,29.8718],[120.7167,29.8719],[120.7226,29.8712],[120.7244,29.8724],[120.7248,29.8742],[120.7267,29.8748],[120.7274,29.876],[120.729,29.8755],[120.733,29.8774],[120.7352,29.8799],[120.7371,29.8799],[120.7385,29.8811],[120.7409,29.8811],[120.7418,29.8801],[120.7399,29.8778],[120.7414,29.8764],[120.742,29.8786],[120.7435,29.879],[120.7433,29.8805],[120.7442,29.881],[120.7473,29.8814],[120.7478,29.8825],[120.7463,29.884],[120.7473,29.885],[120.7504,29.8862],[120.7522,29.8891],[120.7523,29.893],[120.7516,29.8953],[120.7521,29.8976],[120.7512,29.8995],[120.7483,29.9012],[120.7472,29.9037],[120.7495,29.9055],[120.751,29.9079],[120.7531,29.9061],[120.7571,29.9065],[120.7582,29.9079],[120.7608,29.9092],[120.7619,29.9092],[120.7642,29.9109],[120.7639,29.9123],[120.7668,29.9131],[120.7672,29.9145],[120.7692,29.9146],[120.7677,29.9178],[120.7681,29.9201],[120.7664,29.921],[120.7663,29.9245],[120.764,29.9258],[120.764,29.9276],[120.7619,29.9282],[120.7638,29.9303],[120.7665,29.9313],[120.7656,29.9338],[120.7665,29.9348],[120.7664,29.937],[120.7698,29.9415],[120.7689,29.9439],[120.7713,29.946],[120.7708,29.9469],[120.7674,29.9483],[120.766,29.9512],[120.7637,29.9534],[120.7654,29.9552],[120.7654,29.957],[120.7638,29.9585],[120.7636,29.96],[120.7667,29.9607],[120.7635,29.9628],[120.765,29.9649],[120.7661,29.9636],[120.7682,29.9628],[120.7681,29.9612],[120.7699,29.961],[120.7704,29.9654],[120.7745,29.9682],[120.7742,29.9732],[120.7757,29.9732],[120.7769,29.9751],[120.7782,29.9759],[120.7777,29.977],[120.7758,29.9775],[120.7747,29.9795],[120.7752,29.9819],[120.7739,29.9826],[120.7738,29.9842],[120.7749,29.9855],[120.7765,29.9864],[120.7769,29.9882],[120.7755,29.9893],[120.7707,29.9911],[120.7701,29.9902],[120.7679,29.9908],[120.7686,29.9934],[120.7672,29.9932],[120.7677,29.9911],[120.7636,29.9922],[120.7641,29.9941],[120.767,29.9974],[120.7664,29.9997],[120.767,30.0006],[120.7708,30.0009],[120.7711,30.0035],[120.7723,30.0047],[120.7737,30.0081],[120.7746,30.0081],[120.7742,30.0119],[120.7627,30.0128],[120.7625,30.0138],[120.7597,30.0141],[120.7578,30.0148],[120.7585,30.0162],[120.7573,30.0166],[120.7558,30.0182],[120.7568,30.0193],[120.7551,30.0236],[120.7532,30.0229],[120.751,30.0253],[120.7509,30.0276],[120.7515,30.0282],[120.7489,30.0297],[120.749,30.0317],[120.7512,30.0321],[120.7475,30.0368],[120.7454,30.0357],[120.7427,30.0353],[120.7423,30.0375],[120.7396,30.0372],[120.7379,30.0382],[120.7377,30.0408],[120.7358,30.0408],[120.7348,30.0394],[120.7301,30.0376],[120.727,30.038],[120.7252,30.0377],[120.7257,30.0432],[120.7264,30.0475],[120.7299,30.0485],[120.7357,30.0531],[120.7367,30.0532],[120.7388,30.0558],[120.7392,30.0581],[120.7376,30.059],[120.7384,30.062],[120.7351,30.0631],[120.7355,30.0657],[120.7348,30.0659],[120.7353,30.0694],[120.7352,30.0708],[120.7329,30.0718],[120.7333,30.0754],[120.7322,30.0758],[120.7337,30.0781],[120.7292,30.08],[120.7274,30.0802],[120.728,30.0834],[120.728,30.0855],[120.7294,30.0857],[120.7442,30.0842],[120.7507,30.0827],[120.755,30.0831],[120.7572,30.0852],[120.7576,30.087],[120.7568,30.0923],[120.7571,30.0946],[120.7585,30.0965],[120.7599,30.097],[120.7625,30.0965],[120.7656,30.095],[120.7698,30.0922],[120.7796,30.0879],[120.7852,30.0859],[120.7901,30.0838],[120.7923,30.0862],[120.7939,30.0872],[120.7931,30.0885],[120.787,30.0914],[120.789,30.0925],[120.7875,30.0935],[120.7897,30.096],[120.7933,30.0952],[120.7959,30.1001],[120.7971,30.1011],[120.7983,30.1009],[120.8001,30.102],[120.8007,30.1044],[120.7995,30.1045],[120.7994,30.1072],[120.7979,30.1075],[120.7978,30.1097],[120.8016,30.1094],[120.8025,30.1134],[120.8017,30.1168],[120.8002,30.1216],[120.7982,30.1214],[120.7981,30.123],[120.8008,30.123],[120.8008,30.1239],[120.7989,30.1256],[120.7943,30.1255],[120.7941,30.1281],[120.7927,30.1281],[120.7922,30.1263],[120.79,30.1262],[120.7883,30.1251],[120.7881,30.1302],[120.7867,30.1302],[120.7865,30.1333],[120.793,30.1333],[120.792,30.1439],[120.7835,30.1424],[120.7802,30.1415],[120.7781,30.1416],[120.7745,30.1425],[120.7737,30.1492],[120.7737,30.1672],[120.7732,30.1741],[120.7703,30.1989],[120.77,30.2017],[120.77,30.2055],[120.7704,30.2084],[120.7718,30.2152],[120.7743,30.2232],[120.7791,30.2335],[120.7838,30.2422],[120.7913,30.258]]]},"properties":{"region_code":"CN-33-3306-330602","parent_region_code":"CN-33-3306","name":"越城区","level":"county","has_children":false,"full_path":"中国 / 浙江省 / 绍兴市 / 越城区","source_admin_code":"330602","osm_relation_id":3316526}},
{"type":"Feature","geometry":{"type":"Polygon","coordinates":[[[120.7839,30.2586],[120.7781,30.2593],[120.7742,30.2601],[120.7702,30.2612],[120.7617,30.2629],[120.7607,30.2632],[120.7555,30.2667],[120.7509,30.2703],[120.7422,30.2782],[120.7365,30.2839],[120.7255,30.2994],[120.7029,30.2807],[120.6903,30.2655],[120.6908,30.2651],[120.6859,30.2594],[120.6801,30.2523],[120.6711,30.2418],[120.6659,30.2357],[120.664,30.234],[120.6482,30.2248],[120.6409,30.2207],[120.6329,30.2084],[120.6271,30.1996],[120.6243,30.1946],[120.6242,30.194],[120.6215,30.1899],[120.6209,30.1895],[120.6181,30.1855],[120.6131,30.1759],[120.6104,30.1713],[120.6087,30.1668],[120.6073,30.1613],[120.6061,30.1551],[120.6062,30.1537],[120.6042,30.1528],[120.6007,30.1526],[120.6002,30.1511],[120.5973,30.1509],[120.597,30.1497],[120.5946,30.1481],[120.5919,30.1491],[120.5884,30.1497],[120.5871,30.149],[120.5846,30.1492],[120.5829,30.15],[120.5808,30.1501],[120.5808,30.1534],[120.5799,30.154],[120.5761,30.1551],[120.5737,30.1552],[120.5709,30.1545],[120.566,30.155],[120.565,30.1544],[120.5646,30.1529],[120.5614,30.1534],[120.5609,30.1518],[120.5589,30.1521],[120.558,30.1498],[120.5555,30.1501],[120.5551,30.1518],[120.5554,30.1535],[120.554,30.1537],[120.5546,30.1562],[120.5533,30.1578],[120.552,30.1578],[120.55,30.1592],[120.5457,30.16],[120.5427,30.1602],[120.5396,30.1594],[120.5392,30.1601],[120.5366,30.1601],[120.534,30.1607],[120.5314,30.1606],[120.5297,30.1613],[120.5291,30.16],[120.5255,30.1609],[120.524,30.1609],[120.5236,30.1596],[120.5218,30.1573],[120.5121,30.1569],[120.5108,30.1594],[120.5087,30.16],[120.5068,30.1627],[120.5059,30.1657],[120.5069,30.1664],[120.5061,30.1683],[120.5046,30.1682],[120.5032,30.1671],[120.5021,30.1677],[120.5007,30.1661],[120.4997,30.168],[120.4987,30.1686],[120.4976,30.1673],[120.4956,30.1684],[120.4951,30.1721],[120.4963,30.1731],[120.4969,30.1748],[120.4917,30.1744],[120.4902,30.1721],[120.4874,30.173],[120.4856,30.1723],[120.4835,30.1738],[120.4833,30.1746],[120.4798,30.1752],[120.4793,30.1729],[120.4772,30.1731],[120.4762,30.1714],[120.4748,30.1711],[120.4708,30.1722],[120.4634,30.1721],[120.4579,30.1712],[120.4568,30.1704],[120.4565,30.1685],[120.4583,30.1679],[120.4582,30.1655],[120.4588,30.1639],[120.4585,30.1618],[120.4563,30.1618],[120.457,30.1595],[120.4565,30.1572],[120.4587,30.1558],[120.4549,30.1554],[120.4537,30.1529],[120.4479,30.1528],[120.4463,30.1519],[120.4464,30.1503],[120.4454,30.1455],[120.444,30.145],[120.4444,30.1436],[120.4421,30.1436],[120.4416,30.1417],[120.4425,30.1357],[120.4418,30.1346],[120.4401,30.1339],[120.4376,30.1339],[120.4367,30.1346],[120.4357,30.1367],[120.433,30.1361],[120.432,30.1346],[120.4269,30.1351],[120.4264,30.1341],[120.4232,30.1335],[120.4219,30.1324],[120.4204,30.1325],[120.4202,30.1368],[120.4194,30.1399],[120.4215,30.1465],[120.4186,30.1482],[120.419,30.1494],[120.4179,30.15],[120.4189,30.1522],[120.4174,30.1534],[120.4171,30.1506],[120.4148,30.1553],[120.4135,30.1536],[120.4134,30.1509],[120.4108,30.1503],[120.4096,30.1515],[120.4063,30.1519],[120.4066,30.1495],[120.4062,30.1485],[120.4067,30.142],[120.4066,30.1398],[120.4069,30.1342],[120.4042,30.1334],[120.4036,30.132],[120.3999,30.132],[120.401,30.137],[120.4009,30.1388],[120.3992,30.1395],[120.3958,30.1387],[120.3936,30.139],[120.3928,30.1401],[120.3939,30.1441],[120.3932,30.1455],[120.3885,30.1482],[120.3857,30.1521],[120.3846,30.1559],[120.3833,30.1587],[120.3813,30.1597],[120.3794,30.1593],[120.3764,30.1573],[120.3725,30.1573],[120.3688,30.1578],[120.3652,30.1572],[120.359,30.1551],[120.3571,30.1541],[120.3563,30.1528],[120.3552,30.1499],[120.3532,30.1499],[120.3501,30.1537],[120.3483,30.1539],[120.3475,30.153],[120.3472,30.1495],[120.3498,30.1457],[120.349,30.1444],[120.3433,30.1446],[120.3412,30.1444],[120.3377,30.1448],[120.3356,30.1447],[120.3347,30.1435],[120.3355,30.1411],[120.3346,30.1398],[120.3314,30.1386],[120.3285,30.1349],[120.3254,30.1296],[120.3235,30.1276],[120.3223,30.1272],[120.3181,30.1296],[120.3174,30.1296],[120.3143,30.1272],[120.3133,30.1279],[120.3128,30.1316],[120.3112,30.1372],[120.3094,30.1395],[120.3082,30.1401],[120.3018,30.1371],[120.2995,30.1358],[120.2941,30.1314],[120.2934,30.1295],[120.2949,30.1291],[120.2992,30.1292],[120.2997,30.1282],[120.2975,30.1247],[120.2959,30.1206],[120.293,30.1193],[120.2907,30.1171],[120.2892,30.1139],[120.286,30.1116],[120.2828,30.1099],[120.2825,30.1086],[120.2844,30.1039],[120.2884,30.1028],[120.2892,30.1018],[120.2921,30.1004],[120.2931,30.1012],[120.293,30.1028],[120.296,30.102],[120.3001,30.1029],[120.2996,30.1042],[120.3007,30.1051],[120.3021,30.105],[120.3048,30.1068],[120.3066,30.1092],[120.3067,30.1107],[120.3087,30.1119],[120.3091,30.1102],[120.3107,30.1069],[120.3127,30.105],[120.3158,30.1028],[120.3166,30.1027],[120.3194,30.1007],[120.3212,30.102],[120.3225,30.1022],[120.3245,30.104],[120.3262,30.1032],[120.3278,30.0999],[120.3284,30.0996],[120.3306,30.0965],[120.3319,30.0954],[120.3304,30.0936],[120.3308,30.0924],[120.3312,30.0886],[120.3292,30.0883],[120.3294,30.0863],[120.3311,30.087],[120.3316,30.0861],[120.3294,30.0847],[120.3287,30.0835],[120.3277,30.0789],[120.3301,30.075],[120.3303,30.0736],[120.3293,30.0726],[120.3296,30.0713],[120.3286,30.0702],[120.3293,30.0675],[120.3282,30.0657],[120.3307,30.0654],[120.331,30.0641],[120.333,30.0616],[120.3308,30.0604],[120.3296,30.0575],[120.3285,30.0571],[120.3266,30.0539],[120.3229,30.0537],[120.3216,30.0541],[120.3202,30.0528],[120.3203,30.0506],[120.3197,30.0481],[120.3213,30.0463],[120.3233,30.0456],[120.3253,30.0458],[120.3262,30.0448],[120.3269,30.0419],[120.3299,30.0397],[120.3319,30.0395],[120.335,30.0379],[120.3374,30.0386],[120.3376,30.0369],[120.337,30.0354],[120.3373,30.0334],[120.3391,30.0339],[120.3388,30.0354],[120.3419,30.0343],[120.3434,30.0357],[120.3446,30.035],[120.3435,30.033],[120.3444,30.032],[120.3429,30.0311],[120.3427,30.0292],[120.3409,30.0294],[120.3399,30.0278],[120.3411,30.0257],[120.3411,30.0242],[120.34,30.0226],[120.3402,30.0214],[120.3442,30.021],[120.3473,30.0197],[120.351,30.0175],[120.351,30.016],[120.3522,30.0143],[120.352,30.0126],[120.351,30.0099],[120.3541,30.0091],[120.3544,30.0071],[120.3552,30.0067],[120.3549,30.0045],[120.3557,30.004],[120.3565,30.002],[120.3544,30.001],[120.3549,29.9997],[120.3549,29.9974],[120.3534,29.9954],[120.3497,29.995],[120.3482,29.9937],[120.3506,29.9932],[120.3551,29.9915],[120.3559,29.989],[120.3574,29.9899],[120.3586,29.9882],[120.357,29.985],[120.3586,29.9826],[120.3598,29.9819],[120.3628,29.9809],[120.367,29.9809],[120.368,29.9842],[120.3714,29.9846],[120.3748,29.981],[120.3769,29.9829],[120.3774,29.9841],[120.379,29.9839],[120.381,29.9814],[120.3823,29.9824],[120.3827,29.9843],[120.3845,29.9831],[120.3837,29.982],[120.3836,29.9803],[120.3851,29.9781],[120.3842,29.9767],[120.3852,29.9762],[120.3867,29.9769],[120.3879,29.9789],[120.3899,29.9797],[120.3907,29.9783],[120.3927,29.976],[120.3911,29.9752],[120.3919,29.9735],[120.3908,29.9696],[120.3886,29.97],[120.3892,29.9659],[120.3888,29.9647],[120.3901,29.9629],[120.3908,29.961],[120.3906,29.9586],[120.3929,29.9573],[120.3942,29.9552],[120.3918,29.9526],[120.3924,29.9512],[120.3944,29.951],[120.3985,29.949],[120.3992,29.9476],[120.4003,29.9474],[120.402,29.9436],[120.4033,29.9421],[120.4051,29.9425],[120.4064,29.9441],[120.4072,29.9464],[120.4095,29.9459],[120.4101,29.9448],[120.4116,29.9447],[120.412,29.9425],[120.4107,29.9419],[120.4156,29.9382],[120.4141,29.9361],[120.4143,29.9341],[120.412,29.9336],[120.4116,29.9302],[120.4098,29.9286],[120.4102,29.9275],[120.4091,29.9261],[120.4099,29.9251],[120.4138,29.9264],[120.4145,29.9254],[120.4203,29.9292],[120.4235,29.9273],[120.4246,29.9292],[120.426,29.93],[120.4278,29.929],[120.4276,29.9263],[120.4304,29.9268],[120.4309,29.9254],[120.4297,29.9247],[120.4285,29.9227],[120.4312,29.922],[120.4317,29.9231],[120.4334,29.924],[120.4351,29.924],[120.4345,29.9224],[120.4362,29.9221],[120.4367,29.9232],[120.4392,29.9233],[120.441,29.9246],[120.4407,29.9259],[120.4421,29.9265],[120.4444,29.9262],[120.4443,29.9239],[120.4451,29.9222],[120.4452,29.9206],[120.4433,29.9173],[120.4449,29.9169],[120.446,29.9149],[120.447,29.915],[120.4497,29.9167],[120.4519,29.9159],[120.4516,29.9147],[120.4526,29.9128],[120.4501,29.911],[120.4495,29.9098],[120.4495,29.9073],[120.4502,29.9053],[120.4532,29.9024],[120.4537,29.9007],[120.4551,29.9],[120.4573,29.9005],[120.4599,29.8997],[120.4612,29.8982],[120.4559,29.8979],[120.4561,29.8958],[120.4571,29.8946],[120.4586,29.895],[120.4591,29.8964],[120.4607,29.8953],[120.461,29.894],[120.4602,29.8909],[120.4618,29.891],[120.4663,29.892],[120.4693,29.8892],[120.4696,29.8877],[120.471,29.8872],[120.4712,29.8856],[120.4734,29.8852],[120.4745,29.8845],[120.4755,29.886],[120.4778,29.8827],[120.4792,29.8823],[120.4811,29.8835],[120.4839,29.8819],[120.484,29.8804],[120.4831,29.8782],[120.4856,29.8774],[120.4868,29.8775],[120.4873,29.8747],[120.4879,29.874],[120.4872,29.8717],[120.4856,29.8695],[120.4856,29.8687],[120.4875,29.8681],[120.4895,29.8663],[120.491,29.8661],[120.4928,29.8648],[120.4944,29.8643],[120.4962,29.8628],[120.4977,29.8635],[120.4971,29.8649],[120.4995,29.8685],[120.5004,29.8684],[120.501,29.8653],[120.5004,29.8628],[120.502,29.8634],[120.5016,29.8677],[120.5026,29.8699],[120.5053,29.8672],[120.5047,29.8637],[120.5041,29.8633],[120.5039,29.8599],[120.5063,29.8597],[120.5076,29.8577],[120.5094,29.8571],[120.5087,29.8551],[120.5117,29.8561],[120.513,29.8559],[120.5128,29.8543],[120.5141,29.854],[120.5163,29.8543],[120.5175,29.8537],[120.5189,29.8543],[120.5223,29.8542],[120.5243,29.8533],[120.5259,29.8534],[120.5283,29.8547],[120.5299,29.8534],[120.5297,29.8517],[120.5332,29.8506],[120.5322,29.8488],[120.5316,29.8465],[120.5326,29.8443],[120.5299,29.8429],[120.5276,29.8407],[120.5245,29.8418],[120.5235,29.8418],[120.5213,29.8396],[120.521,29.8371],[120.52,29.8362],[120.5191,29.8314],[120.5202,29.8296],[120.521,29.8268],[120.5198,29.8252],[120.5195,29.8233],[120.5169,29.8212],[120.513,29.8213],[120.5121,29.8187],[120.511,29.8176],[120.5081,29.8163],[120.5083,29.8138],[120.5095,29.8126],[120.5064,29.8121],[120.5056,29.8112],[120.5036,29.8123],[120.5019,29.8111],[120.5039,29.8081],[120.5021,29.8078],[120.5005,29.8067],[120.4975,29.8061],[120.4962,29.8047],[120.4961,29.8036],[120.5006,29.8013],[120.4995,29.7998],[120.4987,29.7972],[120.4995,29.7961],[120.5037,29.795],[120.5057,29.7948],[120.5067,29.7926],[120.5048,29.7912],[120.5064,29.7896],[120.5045,29.7875],[120.5055,29.7865],[120.5049,29.7836],[120.5043,29.7789],[120.5054,29.7777],[120.5073,29.7771],[120.5091,29.7747],[120.5088,29.7733],[120.5071,29.77],[120.5067,29.7681],[120.5057,29.7659],[120.5058,29.7648],[120.5042,29.7621],[120.5061,29.759],[120.5069,29.7562],[120.5084,29.7546],[120.5104,29.7532],[120.5096,29.7489],[120.5098,29.7476],[120.5114,29.7463],[120.5122,29.7447],[120.5149,29.7468],[120.5177,29.7438],[120.5192,29.7403],[120.5205,29.7398],[120.5236,29.736],[120.5252,29.733],[120.527,29.7321],[120.5279,29.7308],[120.53,29.73],[120.5311,29.7288],[120.5334,29.7244],[120.5324,29.7239],[120.5342,29.7221],[120.5359,29.7211],[120.5362,29.7184],[120.5349,29.7177],[120.5346,29.7157],[120.5334,29.7152],[120.5324,29.7127],[120.5306,29.7115],[120.529,29.7117],[120.5247,29.7063],[120.5289,29.7033],[120.5339,29.7044],[120.5361,29.7039],[120.5398,29.7049],[120.5412,29.7065],[120.5396,29.7075],[120.5412,29.7086],[120.5428,29.7087],[120.5451,29.7065],[120.5461,29.7047],[120.5472,29.7052],[120.5504,29.705],[120.5495,29.7064],[120.5498,29.7081],[120.5463,29.7096],[120.5433,29.7089],[120.5431,29.7098],[120.5448,29.7119],[120.5448,29.7127],[120.5465,29.7144],[120.5449,29.7175],[120.5463,29.7171],[120.5493,29.7154],[120.5526,29.7169],[120.5541,29.7164],[120.5517,29.714],[120.5537,29.7129],[120.555,29.7142],[120.5579,29.7151],[120.5604,29.7138],[120.5623,29.7112],[120.5643,29.7102],[120.564,29.7074],[120.5663,29.7076],[120.5658,29.7096],[120.5673,29.7107],[120.5705,29.711],[120.5729,29.7141],[120.5762,29.717],[120.5777,29.7198],[120.5778,29.7209],[120.5767,29.7222],[120.575,29.7223],[120.5745,29.7235],[120.5793,29.7269],[120.5791,29.7281],[120.5835,29.7304],[120.5851,29.7289],[120.5871,29.7316],[120.5895,29.7306],[120.5903,29.7296],[120.5922,29.7296],[120.5944,29.7315],[120.5955,29.731],[120.5985,29.7314],[120.6002,29.7325],[120.6008,29.7342],[120.6028,29.7341],[120.6018,29.7357],[120.6041,29.7382],[120.6086,29.7421],[120.6113,29.7422],[120.6122,29.7439],[120.6115,29.7446],[120.6142,29.7467],[120.6161,29.7457],[120.6184,29.7472],[120.6204,29.7467],[120.6247,29.7491],[120.6257,29.7503],[120.6283,29.751],[120.63,29.7497],[120.6293,29.7479],[120.6324,29.7452],[120.6344,29.7471],[120.6366,29.7461],[120.6392,29.7455],[120.6394,29.7447],[120.644,29.744],[120.6468,29.7458],[120.6466,29.7443],[120.6478,29.7436],[120.6517,29.7436],[120.6537,29.7455],[120.6563,29.7451],[120.6576,29.7457],[120.6608,29.7492],[120.6632,29.7491],[120.6621,29.7478],[120.6649,29.7465],[120.6619,29.7456],[120.6619,29.7434],[120.6637,29.7437],[120.6646,29.7428],[120.6641,29.7411],[120.6636,29.7374],[120.6648,29.7362],[120.6691,29.7356],[120.6712,29.7346],[120.6721,29.7333],[120.6707,29.7287],[120.6718,29.7277],[120.6696,29.7223],[120.6701,29.7214],[120.6691,29.7173],[120.6706,29.7153],[120.6729,29.7142],[120.6748,29.7101],[120.676,29.7094],[120.6773,29.7098],[120.6786,29.7083],[120.6802,29.7075],[120.6827,29.7055],[120.6866,29.7036],[120.6873,29.7006],[120.6898,29.7032],[120.6912,29.7016],[120.6935,29.7007],[120.6961,29.702],[120.6992,29.7053],[120.7031,29.7065],[120.7067,29.7082],[120.7079,29.7096],[120.7101,29.7094],[120.7123,29.7105],[120.715,29.7105],[120.7147,29.7124],[120.7172,29.7156],[120.7204,29.7167],[120.718,29.7202],[120.722,29.7228],[120.7212,29.7237],[120.7217,29.725],[120.7241,29.7278],[120.7229,29.7288],[120.7234,29.73],[120.7256,29.7318],[120.7242,29.7324],[120.7225,29.7322],[120.7204,29.7308],[120.7194,29.7311],[120.7173,29.7302],[120.7153,29.7318],[120.7141,29.7337],[120.7134,29.7363],[120.7167,29.7378],[120.7171,29.7392],[120.7172,29.7424],[120.716,29.7431],[120.7154,29.7447],[120.716,29.7458],[120.7198,29.7464],[120.7215,29.7462],[120.7225,29.7476],[120.7242,29.7484],[120.7254,29.7507],[120.7264,29.7554],[120.7288,29.757],[120.7313,29.755],[120.7303,29.7536],[120.7359,29.7551],[120.7415,29.7562],[120.7414,29.7569],[120.7392,29.7579],[120.7389,29.7605],[120.7409,29.7614],[120.7409,29.7629],[120.7433,29.7646],[120.7452,29.7647],[120.7451,29.767],[120.7442,29.7685],[120.7443,29.7735],[120.7462,29.7757],[120.7499,29.7764],[120.7506,29.7775],[120.7488,29.7792],[120.7464,29.7796],[120.7445,29.7813],[120.7455,29.7832],[120.7466,29.7837],[120.7483,29.788],[120.7494,29.7884],[120.7488,29.79],[120.7492,29.7909],[120.7465,29.7929],[120.7476,29.7941],[120.7478,29.7966],[120.7462,29.7973],[120.7439,29.797],[120.7435,29.798],[120.7414,29.7968],[120.7415,29.7954],[120.7386,29.7949],[120.7374,29.7961],[120.7377,29.7978],[120.737,29.7989],[120.7371,29.8017],[120.7358,29.8023],[120.7352,29.8044],[120.7324,29.8052],[120.7314,29.8067],[120.7325,29.8076],[120.7326,29.8094],[120.7314,29.8104],[120.733,29.8138],[120.7355,29.8173],[120.7348,29.818],[120.7365,29.8208],[120.7392,29.8215],[120.741,29.8209],[120.7417,29.8219],[120.7381,29.825],[120.7384,29.8265],[120.7364,29.8287],[120.7386,29.8308],[120.7376,29.8317],[120.7371,29.8335],[120.7379,29.8353],[120.7361,29.8369],[120.7378,29.8393],[120.735,29.8389],[120.7344,29.8405],[120.7366,29.8415],[120.7375,29.8443],[120.7367,29.8464],[120.7358,29.8471],[120.7352,29.8494],[120.7359,29.8508],[120.7341,29.8515],[120.7342,29.8527],[120.7334,29.8556],[120.7319,29.8571],[120.7321,29.8602],[120.7327,29.8616],[120.7353,29.8621],[120.7341,29.8642],[120.7315,29.865],[120.7291,29.8681],[120.7281,29.8705],[120.7258,29.8722],[120.7244,29.8724],[120.7226,29.8712],[120.7167,29.8719],[120.7151,29.8718],[120.7142,29.8745],[120.7133,29.8755],[120.7095,29.8771],[120.7075,29.8775],[120.7071,29.8783],[120.7039,29.8793],[120.7037,29.8823],[120.7016,29.8844],[120.6998,29.8845],[120.6995,29.8859],[120.6984,29.8866],[120.6991,29.8882],[120.6984,29.8899],[120.694,29.8902],[120.6938,29.8913],[120.6957,29.8936],[120.6955,29.8946],[120.6935,29.8958],[120.6917,29.8989],[120.6902,29.8999],[120.6898,29.9019],[120.6899,29.9041],[120.6875,29.9048],[120.6874,29.9058],[120.6887,29.9082],[120.6869,29.9099],[120.6866,29.9144],[120.6847,29.9157],[120.682,29.9188],[120.6813,29.9222],[120.6796,29.9248],[120.6766,29.9253],[120.6761,29.9295],[120.6784,29.9299],[120.6789,29.9322],[120.6782,29.9338],[120.6757,29.9346],[120.6711,29.9392],[120.669,29.9405],[120.6665,29.941],[120.6651,29.9427],[120.6606,29.9433],[120.6588,29.9441],[120.6577,29.9438],[120.6527,29.9462],[120.6564,29.9493],[120.656,29.952],[120.6574,29.9543],[120.6549,29.9565],[120.6542,29.9553],[120.6527,29.9571],[120.6489,29.959],[120.6471,29.9573],[120.6452,29.9575],[120.6435,29.9571],[120.6416,29.9583],[120.6399,29.9581],[120.6381,29.9562],[120.6364,29.9571],[120.634,29.9575],[120.6333,29.9558],[120.6332,29.953],[120.6346,29.949],[120.6359,29.9462],[120.6344,29.9453],[120.6319,29.9474],[120.6305,29.9513],[120.6275,29.9508],[120.6267,29.9513],[120.6232,29.9521],[120.6222,29.9509],[120.619,29.9501],[120.616,29.9499],[120.6143,29.948],[120.6119,29.9481],[120.6104,29.9471],[120.6086,29.9471],[120.6084,29.945],[120.6093,29.9439],[120.6093,29.9417],[120.6084,29.9386],[120.6095,29.9377],[120.6103,29.9356],[120.6099,29.9342],[120.6072,29.9301],[120.6059,29.9293],[120.6068,29.928],[120.6056,29.926],[120.6038,29.9258],[120.5995,29.9225],[120.5995,29.9194],[120.597,29.9146],[120.5986,29.9136],[120.6003,29.9115],[120.6014,29.9085],[120.6047,29.9074],[120.6049,29.906],[120.6038,29.904],[120.6023,29.9028],[120.6028,29.8995],[120.6009,29.8985],[120.6016,29.8955],[120.5994,29.8953],[120.5964,29.894],[120.5944,29.8906],[120.5931,29.8901],[120.591,29.8872],[120.5892,29.8872],[120.5836,29.8854],[120.5812,29.8857],[120.5781,29.8844],[120.5748,29.8847],[120.5734,29.8856],[120.571,29.8862],[120.5688,29.8861],[120.5684,29.887],[120.5665,29.8875],[120.5633,29.8863],[120.5613,29.8869],[120.5582,29.8871],[120.5582,29.8856],[120.5563,29.8857],[120.5542,29.885],[120.5532,29.8833],[120.5507,29.884],[120.5486,29.8859],[120.548,29.8878],[120.5461,29.8889],[120.5452,29.8907],[120.5455,29.8929],[120.5437,29.897],[120.5429,29.8998],[120.5415,29.9024],[120.5389,29.9038],[120.5369,29.9043],[120.5338,29.9016],[120.5318,29.9007],[120.5306,29.9012],[120.5295,29.9],[120.5274,29.8994],[120.5246,29.9012],[120.5245,29.9027],[120.5224,29.9026],[120.5196,29.9032],[120.5186,29.9048],[120.52,29.9066],[120.5219,29.9061],[120.5226,29.9077],[120.5231,29.9108],[120.5257,29.9129],[120.5236,29.9153],[120.5234,29.9176],[120.5246,29.9186],[120.5243,29.9207],[120.526,29.9214],[120.5264,29.9229],[120.5277,29.9239],[120.5283,29.9257],[120.5303,29.9283],[120.5328,29.9298],[120.5338,29.9324],[120.5349,29.9344],[120.5374,29.9356],[120.5381,29.9402],[120.5393,29.9447],[120.5411,29.9451],[120.5414,29.9461],[120.5432,29.9463],[120.5457,29.9506],[120.545,29.9523],[120.5477,29.9523],[120.5494,29.9529],[120.5515,29.9563],[120.5517,29.9581],[120.549,29.9601],[120.549,29.9635],[120.5475,29.9648],[120.5477,29.9685],[120.5441,29.9712],[120.5444,29.9734],[120.5432,29.9755],[120.5421,29.9763],[120.5425,29.9774],[120.5411,29.9782],[120.5405,29.9797],[120.5382,29.9799],[120.534,29.9812],[120.5353,29.9839],[120.537,29.9852],[120.5352,29.9875],[120.5363,29.9889],[120.5349,29.9915],[120.5358,29.9928],[120.5372,29.9935],[120.5358,29.9946],[120.5309,29.9964],[120.5324,29.9984],[120.5323,30.0007],[120.5336,30.0014],[120.5325,30.0033],[120.53,30.0046],[120.5279,30.0049],[120.5268,30.0043],[120.5248,30.0043],[120.523,30.0053],[120.5194,30.0068],[120.5187,30.0056],[120.516,30.005],[120.5138,30.0053],[120.5129,30.0077],[120.5117,30.0086],[120.5125,30.0097],[120.5108,30.0123],[120.5096,30.0131],[120.5074,30.0135],[120.5079,30.0148],[120.5057,30.0158],[120.5036,30.0148],[120.5016,30.0163],[120.4999,30.0166],[120.4971,30.0195],[120.4982,30.0225],[120.4993,30.0219],[120.5011,30.0242],[120.5009,30.0261],[120.5033,30.0282],[120.5043,30.0298],[120.5066,30.0286],[120.5081,30.0301],[120.5096,30.0292],[120.5131,30.0321],[120.5117,30.0328],[120.5128,30.0354],[120.5113,30.0369],[120.5114,30.0386],[120.5123,30.04],[120.5115,30.041],[120.5127,30.0423],[120.5152,30.0419],[120.5167,30.0445],[120.5113,30.0472],[120.5126,30.0508],[120.5093,30.0525],[120.5104,30.0547],[120.5129,30.0578],[120.5123,30.059],[120.5079,30.0614],[120.5084,30.0618],[120.5124,30.0599],[120.5134,30.0625],[120.5158,30.0617],[120.5164,30.0643],[120.5156,30.065],[120.5172,30.0663],[120.5183,30.0663],[120.5191,30.07],[120.5178,30.0711],[120.5156,30.0719],[120.5165,30.0736],[120.5153,30.0746],[120.5127,30.075],[120.5133,30.0767],[120.5126,30.0776],[120.514,30.0812],[120.5158,30.0838],[120.5159,30.0857],[120.5177,30.086],[120.5181,30.0872],[120.5262,30.087],[120.5262,30.0935],[120.5267,30.0965],[120.525,30.097],[120.5246,30.0992],[120.5219,30.0996],[120.5224,30.1023],[120.5243,30.1024],[120.5246,30.1042],[120.5279,30.1044],[120.5273,30.1033],[120.5287,30.1018],[120.5314,30.1073],[120.5327,30.1066],[120.5342,30.1078],[120.5359,30.1069],[120.5425,30.1062],[120.544,30.1048],[120.5447,30.1072],[120.5466,30.1065],[120.5481,30.1043],[120.5499,30.1053],[120.5507,30.1042],[120.5501,30.1015],[120.5524,30.1012],[120.5538,30.1042],[120.5567,30.1042],[120.5599,30.1034],[120.5593,30.101],[120.5612,30.1006],[120.561,30.0977],[120.5648,30.0976],[120.5657,30.1017],[120.5694,30.101],[120.5701,30.1028],[120.5689,30.1041],[120.5702,30.1051],[120.5706,30.1064],[120.5726,30.1061],[120.5723,30.1105],[120.5691,30.1107],[120.569,30.1126],[120.5718,30.1137],[120.5731,30.1156],[120.5737,30.1178],[120.575,30.1183],[120.5758,30.1204],[120.5777,30.1201],[120.577,30.1221],[120.5772,30.1236],[120.5784,30.1247],[120.5812,30.1254],[120.5807,30.1303],[120.5828,30.1307],[120.5821,30.1321],[120.5836,30.1335],[120.5856,30.1319],[120.5873,30.1311],[120.591,30.1299],[120.5922,30.128],[120.5942,30.1296],[120.5967,30.1292],[120.5987,30.1305],[120.6014,30.1303],[120.6051,30.1282],[120.6069,30.1268],[120.6078,30.1251],[120.6079,30.1235],[120.609,30.1235],[120.6131,30.125],[120.6131,30.1229],[120.6145,30.122],[120.6195,30.1233],[120.6231,30.1248],[120.6344,30.1299],[120.6407,30.1296],[120.6415,30.1319],[120.6429,30.1327],[120.645,30.1348],[120.6556,30.1447],[120.6624,30.1511],[120.6682,30.1565],[120.6715,30.1598],[120.6781,30.1676],[120.6801,30.1702],[120.7011,30.1952],[120.707,30.2023],[120.7122,30.2061],[120.7168,30.2093],[120.7839,30.2586]]]},"properties":{"region_code":"CN-33-3306-330603","parent_region_code":"CN-33-3306","name":"柯桥区","level":"county","has_children":false,"full_path":"中国 / 浙江省 / 绍兴市 / 柯桥区","source_admin_code":"330603","osm_relation_id":3316525}},
{"type":"Feature","geometry":{"type":"Polygon","coordinates":[[[120.7244,29.8724],[120.7258,29.8722],[120.7281,29.8705],[120.7291,29.8681],[120.7315,29.865],[120.7341,29.8642],[120.7353,29.8621],[120.7327,29.8616],[120.7321,29.8602],[120.7319,29.8571],[120.7334,29.8556],[120.7342,29.8527],[120.7341,29.8515],[120.7359,29.8508],[120.7352,29.8494],[120.7358,29.8471],[120.7367,29.8464],[120.7375,29.8443],[120.7366,29.8415],[120.7344,29.8405],[120.735,29.8389],[120.7378,29.8393],[120.7361,29.8369],[120.7379,29.8353],[120.7371,29.8335],[120.7376,29.8317],[120.7386,29.8308],[120.7364,29.8287],[120.7384,29.8265],[120.7381,29.825],[120.7417,29.8219],[120.741,29.8209],[120.7392,29.8215],[120.7365,29.8208],[120.7348,29.818],[120.7355,29.8173],[120.733,29.8138],[120.7314,29.8104],[120.7326,29.8094],[120.7325,29.8076],[120.7314,29.8067],[120.7324,29.8052],[120.7352,29.8044],[120.7358,29.8023],[120.7371,29.8017],[120.737,29.7989],[120.7377,29.7978],[120.7374,29.7961],[120.7386,29.7949],[120.7415,29.7954],[120.7414,29.7968],[120.7435,29.798],[120.7439,29.797],[120.7462,29.7973],[120.7478,29.7966],[120.7502,29.796],[120.7532,29.7965],[120.7535,29.7994],[120.7523,29.8009],[120.7521,29.8023],[120.755,29.8048],[120.7542,29.8054],[120.751,29.8046],[120.7489,29.8082],[120.7484,29.8107],[120.75,29.8111],[120.7543,29.8093],[120.7555,29.8086],[120.7574,29.8098],[120.7552,29.8113],[120.7551,29.812],[120.7599,29.8117],[120.762,29.8128],[120.7641,29.8114],[120.7691,29.8113],[120.7704,29.8117],[120.7718,29.813],[120.7728,29.8127],[120.7786,29.8146],[120.7842,29.8199],[120.7872,29.8213],[120.7885,29.8229],[120.791,29.8227],[120.7942,29.8234],[120.7954,29.8252],[120.797,29.8261],[120.7986,29.8281],[120.8003,29.8284],[120.8036,29.8296],[120.8054,29.8307],[120.8093,29.8311],[120.8102,29.8303],[120.8133,29.83],[120.8152,29.8304],[120.8166,29.8297],[120.8199,29.83],[120.8215,29.8291],[120.8234,29.8299],[120.8259,29.8299],[120.8292,29.8291],[120.833,29.8308],[120.8368,29.8314],[120.8384,29.8322],[120.8352,29.8267],[120.8329,29.824],[120.833,29.8221],[120.8344,29.821],[120.8349,29.8199],[120.8335,29.8193],[120.8351,29.8153],[120.8365,29.815],[120.8366,29.8133],[120.8379,29.8122],[120.8405,29.8123],[120.8403,29.8094],[120.8389,29.8102],[120.8383,29.8065],[120.8358,29.8051],[120.8398,29.7995],[120.8426,29.7969],[120.8426,29.7954],[120.8445,29.7939],[120.8464,29.7907],[120.8461,29.786],[120.8478,29.7858],[120.8477,29.784],[120.849,29.7834],[120.8502,29.7845],[120.8516,29.7838],[120.8525,29.7769],[120.8518,29.7706],[120.8567,29.7691],[120.8587,29.7696],[120.8596,29.7711],[120.8623,29.7716],[120.8646,29.7711],[120.8668,29.7699],[120.8667,29.7674],[120.8652,29.7662],[120.8618,29.7652],[120.8598,29.7652],[120.8571,29.7646],[120.8565,29.7634],[120.858,29.7623],[120.8604,29.7626],[120.8579,29.7601],[120.8569,29.7578],[120.8538,29.7584],[120.8483,29.76],[120.8494,29.7584],[120.8523,29.7571],[120.8537,29.7556],[120.8558,29.7557],[120.858,29.754],[120.8604,29.7501],[120.8618,29.7488],[120.8644,29.7479],[120.8672,29.7473],[120.8721,29.7472],[120.8759,29.7477],[120.8786,29.7486],[120.8809,29.7476],[120.8822,29.7484],[120.8851,29.7483],[120.8859,29.7491],[120.8839,29.7508],[120.8829,29.7509],[120.8804,29.7534],[120.8789,29.7539],[120.8796,29.7569],[120.8839,29.7598],[120.8851,29.7602],[120.8889,29.7591],[120.8904,29.7574],[120.8926,29.756],[120.8922,29.7543],[120.8955,29.7504],[120.8988,29.7449],[120.8964,29.7434],[120.8951,29.7418],[120.8964,29.7389],[120.8992,29.7395],[120.8998,29.7375],[120.901,29.7365],[120.9032,29.7376],[120.9023,29.7395],[120.9042,29.7411],[120.9069,29.7423],[120.9086,29.7425],[120.9114,29.7449],[120.9128,29.7439],[120.9156,29.7447],[120.9183,29.7442],[120.9186,29.743],[120.9155,29.7414],[120.9151,29.7396],[120.9164,29.7395],[120.9191,29.7401],[120.9195,29.7392],[120.9184,29.7373],[120.9192,29.7361],[120.9208,29.7363],[120.9223,29.7379],[120.9243,29.7382],[120.9274,29.7425],[120.9275,29.7448],[120.9302,29.7446],[120.9303,29.7458],[120.9326,29.7477],[120.9334,29.7461],[120.9361,29.7449],[120.9381,29.7461],[120.9396,29.7487],[120.9415,29.7485],[120.9445,29.7503],[120.9479,29.746],[120.9496,29.7447],[120.9497,29.7419],[120.9492,29.74],[120.9508,29.7389],[120.9536,29.7361],[120.9612,29.7372],[120.9626,29.7369],[120.9677,29.7378],[120.9697,29.7386],[120.9712,29.7402],[120.9753,29.7422],[120.9749,29.7435],[120.9767,29.7456],[120.9775,29.7473],[120.9837,29.7462],[120.9848,29.7451],[120.9882,29.7447],[120.9893,29.7431],[120.9911,29.7421],[120.9928,29.7429],[120.9958,29.7424],[120.9974,29.7405],[120.9976,29.7382],[120.9957,29.7368],[120.9925,29.7361],[120.9923,29.7351],[120.9948,29.7335],[120.9969,29.7333],[120.9985,29.7353],[120.9998,29.7351],[121.0007,29.7366],[121.0019,29.7352],[121.0061,29.737],[121.0078,29.7405],[121.0076,29.7423],[121.0083,29.7444],[121.0101,29.7447],[121.014,29.7431],[121.0171,29.7433],[121.0152,29.7446],[121.0113,29.7449],[121.0102,29.7458],[121.0113,29.7469],[121.0134,29.7459],[121.0178,29.7459],[121.019,29.747],[121.0204,29.7467],[121.023,29.7503],[121.0238,29.7503],[121.0244,29.7481],[121.0238,29.7467],[121.0258,29.7456],[121.0293,29.7452],[121.0318,29.7482],[121.0306,29.749],[121.0293,29.7513],[121.0297,29.7524],[121.0287,29.7541],[121.0275,29.7548],[121.0264,29.7567],[121.024,29.7573],[121.0239,29.7593],[121.0266,29.7604],[121.0244,29.762],[121.0233,29.7621],[121.0212,29.7635],[121.0194,29.7655],[121.0195,29.7678],[121.0231,29.7691],[121.0233,29.7704],[121.0265,29.7708],[121.0313,29.77],[121.0341,29.7709],[121.036,29.768],[121.0369,29.7678],[121.0386,29.7659],[121.0412,29.768],[121.0408,29.7692],[121.0424,29.7705],[121.0463,29.7667],[121.046,29.7646],[121.0491,29.7654],[121.0488,29.7635],[121.0504,29.7627],[121.0513,29.7631],[121.0534,29.7619],[121.0554,29.7627],[121.056,29.7655],[121.0552,29.7666],[121.0578,29.7684],[121.0587,29.7671],[121.0607,29.7668],[121.062,29.7683],[121.0633,29.7689],[121.0623,29.7705],[121.0635,29.7725],[121.065,29.7722],[121.0684,29.7741],[121.0697,29.7763],[121.0711,29.7752],[121.0722,29.776],[121.0751,29.7758],[121.0755,29.777],[121.0776,29.7792],[121.0766,29.7813],[121.078,29.7853],[121.0765,29.7857],[121.0777,29.7871],[121.081,29.787],[121.0824,29.7886],[121.0838,29.7885],[121.0886,29.7912],[121.0887,29.7929],[121.0878,29.7939],[121.0874,29.7962],[121.0891,29.796],[121.0899,29.7981],[121.0931,29.7976],[121.0931,29.8],[121.094,29.8006],[121.0958,29.8002],[121.097,29.8009],[121.0986,29.8009],[121.0996,29.8022],[121.0991,29.8035],[121.1033,29.8049],[121.1016,29.807],[121.1021,29.8076],[121.1015,29.8101],[121.0988,29.8108],[121.0978,29.813],[121.0954,29.814],[121.0933,29.813],[121.0919,29.8134],[121.0916,29.8155],[121.0925,29.8179],[121.092,29.8201],[121.0926,29.8231],[121.0946,29.8255],[121.0981,29.8265],[121.0997,29.8276],[121.0994,29.8292],[121.0982,29.8312],[121.0989,29.8327],[121.1004,29.8335],[121.1012,29.835],[121.1006,29.8361],[121.0984,29.8383],[121.0996,29.8398],[121.0992,29.8409],[121.1006,29.8426],[121.0994,29.8445],[121.0953,29.8459],[121.0921,29.8474],[121.0887,29.8452],[121.0877,29.8462],[121.0839,29.8471],[121.0827,29.8482],[121.0832,29.8495],[121.0801,29.8514],[121.079,29.8525],[121.0744,29.8515],[121.0725,29.8518],[121.0702,29.8512],[121.0684,29.8521],[121.0658,29.8556],[121.0643,29.8567],[121.0626,29.8607],[121.0613,29.8617],[121.0585,29.8576],[121.0552,29.8551],[121.0551,29.8534],[121.0532,29.8529],[121.0497,29.8543],[121.0489,29.8568],[121.0466,29.8571],[121.0464,29.8596],[121.0468,29.8614],[121.0455,29.8617],[121.0448,29.8639],[121.0393,29.866],[121.0379,29.8675],[121.0333,29.8668],[121.0318,29.8717],[121.0322,29.8724],[121.0298,29.8751],[121.0288,29.8771],[121.0273,29.8777],[121.0274,29.8788],[121.0286,29.8807],[121.0283,29.8821],[121.0258,29.8813],[121.0227,29.8823],[121.0228,29.8851],[121.021,29.887],[121.0196,29.8869],[121.0144,29.8877],[121.0125,29.8905],[121.0107,29.8922],[121.0145,29.894],[121.0129,29.896],[121.0125,29.8975],[121.0102,29.8994],[121.0101,29.9021],[121.0136,29.9024],[121.0152,29.9015],[121.0149,29.9039],[121.0112,29.9061],[121.0124,29.908],[121.0143,29.9091],[121.0159,29.9088],[121.0179,29.9075],[121.0206,29.9085],[121.0219,29.908],[121.0236,29.9097],[121.0256,29.9105],[121.0274,29.9119],[121.0289,29.9142],[121.0285,29.9164],[121.0256,29.9199],[121.027,29.9213],[121.0292,29.9256],[121.0318,29.9263],[121.0326,29.9278],[121.0347,29.9277],[121.0354,29.9286],[121.0351,29.9307],[121.0375,29.9347],[121.038,29.94],[121.0391,29.9456],[121.0405,29.9475],[121.0409,29.951],[121.0406,29.9521],[121.0435,29.9546],[121.0431,29.9558],[121.0436,29.9577],[121.0466,29.96],[121.0478,29.9603],[121.0484,29.9588],[121.053,29.9613],[121.0544,29.9615],[121.0576,29.9601],[121.0595,29.958],[121.061,29.9588],[121.0618,29.9619],[121.0652,29.9657],[121.0688,29.9674],[121.0697,29.9698],[121.0714,29.9714],[121.0735,29.9724],[121.0753,29.9727],[121.0772,29.9722],[121.0803,29.9735],[121.0817,29.9751],[121.0838,29.9766],[121.083,29.9793],[121.0836,29.9824],[121.0857,29.9842],[121.0858,29.9862],[121.0878,29.988],[121.0878,29.9899],[121.0863,29.9912],[121.0825,29.9913],[121.0804,29.9925],[121.0781,29.9946],[121.0778,29.9976],[121.077,29.9994],[121.0741,30.001],[121.0735,30.002],[121.07,30.005],[121.068,30.0053],[121.0665,30.0067],[121.0648,30.0059],[121.0636,30.0064],[121.0632,30.0088],[121.0605,30.0085],[121.0601,30.0091],[121.0574,30.0084],[121.0552,30.0072],[121.0541,30.0053],[121.0517,30.0078],[121.0483,30.0082],[121.0467,30.0093],[121.0454,30.0088],[121.0431,30.0059],[121.0422,30.0042],[121.041,30.0031],[121.0381,30.0021],[121.0354,30.0027],[121.0332,30.0016],[121.0303,30.0063],[121.0331,30.0108],[121.032,30.0118],[121.0349,30.0164],[121.0329,30.0184],[121.0288,30.0149],[121.0283,30.0152],[121.0214,30.0147],[121.0197,30.0168],[121.0172,30.0132],[121.0141,30.0132],[121.012,30.0143],[121.012,30.0164],[121.0084,30.0163],[121.0074,30.0175],[121.0046,30.0177],[121.0037,30.02],[121.0039,30.0211],[121.0024,30.0217],[120.9992,30.0203],[120.9973,30.0218],[120.9959,30.0237],[120.9919,30.0239],[120.9904,30.026],[120.9892,30.0268],[120.9896,30.028],[120.9859,30.0302],[120.9862,30.0316],[120.9855,30.0337],[120.9828,30.0343],[120.9826,30.0363],[120.9845,30.0386],[120.9831,30.041],[120.9828,30.0449],[120.9831,30.0467],[120.9846,30.0479],[120.9844,30.05],[120.9852,30.0521],[120.9882,30.0529],[120.988,30.0542],[120.9864,30.0549],[120.9835,30.0555],[120.9823,30.057],[120.9872,30.0591],[120.9887,30.0612],[120.9875,30.0636],[120.9832,30.0623],[120.9808,30.0625],[120.9792,30.0655],[120.9772,30.0682],[120.9746,30.0682],[120.9708,30.0675],[120.9702,30.0688],[120.9684,30.0687],[120.9682,30.0697],[120.9713,30.0699],[120.9735,30.0705],[120.9726,30.0721],[120.9715,30.0725],[120.9681,30.0711],[120.9657,30.0729],[120.9657,30.0741],[120.9682,30.0761],[120.9703,30.0784],[120.9695,30.0792],[120.9703,30.0807],[120.9662,30.0832],[120.9655,30.0873],[120.9609,30.0943],[120.9587,30.0955],[120.9577,30.0966],[120.9525,30.0969],[120.9513,30.0963],[120.9501,30.0939],[120.9439,30.0962],[120.9425,30.0991],[120.9408,30.1],[120.9397,30.1015],[120.9402,30.1027],[120.9384,30.1054],[120.937,30.1052],[120.9364,30.1069],[120.9376,30.1083],[120.9371,30.1113],[120.9358,30.1125],[120.9359,30.1146],[120.9335,30.1159],[120.9321,30.115],[120.9282,30.1163],[120.9283,30.12],[120.9267,30.1202],[120.9264,30.1213],[120.9298,30.1223],[120.9299,30.1264],[120.9305,30.1276],[120.9332,30.1272],[120.9342,30.129],[120.934,30.1322],[120.9315,30.1328],[120.9296,30.1325],[120.9287,30.1332],[120.9304,30.1355],[120.9303,30.1369],[120.9281,30.1452],[120.9267,30.154],[120.9246,30.162],[120.9238,30.1676],[120.9195,30.1737],[120.9197,30.174],[120.9172,30.1805],[120.9095,30.2055],[120.8913,30.265],[120.8825,30.2647],[120.8727,30.2654],[120.8646,30.2657],[120.855,30.265],[120.8439,30.2635],[120.8416,30.2629],[120.832,30.261],[120.8225,30.2593],[120.8091,30.2579],[120.8018,30.2575],[120.7966,30.2576],[120.7913,30.258],[120.7838,30.2422],[120.7791,30.2335],[120.7743,30.2232],[120.7718,30.2152],[120.7704,30.2084],[120.77,30.2055],[120.77,30.2017],[120.7703,30.1989],[120.7732,30.1741],[120.7737,30.1672],[120.7737,30.1492],[120.7745,30.1425],[120.7781,30.1416],[120.7802,30.1415],[120.7835,30.1424],[120.792,30.1439],[120.793,30.1333],[120.7865,30.1333],[120.7867,30.1302],[120.7881,30.1302],[120.7883,30.1251],[120.79,30.1262],[120.7922,30.1263],[120.7927,30.1281],[120.7941,30.1281],[120.7943,30.1255],[120.7989,30.1256],[120.8008,30.1239],[120.8008,30.123],[120.7981,30.123],[120.7982,30.1214],[120.8002,30.1216],[120.8017,30.1168],[120.8025,30.1134],[120.8016,30.1094],[120.7978,30.1097],[120.7979,30.1075],[120.7994,30.1072],[120.7995,30.1045],[120.8007,30.1044],[120.8001,30.102],[120.7983,30.1009],[120.7971,30.1011],[120.7959,30.1001],[120.7933,30.0952],[120.7897,30.096],[120.7875,30.0935],[120.789,30.0925],[120.787,30.0914],[120.7931,30.0885],[120.7939,30.0872],[120.7923,30.0862],[120.7901,30.0838],[120.7852,30.0859],[120.7796,30.0879],[120.7698,30.0922],[120.7656,30.095],[120.7625,30.0965],[120.7599,30.097],[120.7585,30.0965],[120.7571,30.0946],[120.7568,30.0923],[120.7576,30.087],[120.7572,30.0852],[120.755,30.0831],[120.7507,30.0827],[120.7442,30.0842],[120.7294,30.0857],[120.728,30.0855],[120.728,30.0834],[120.7274,30.0802],[120.7292,30.08],[120.7337,30.0781],[120.7322,30.0758],[120.7333,30.0754],[120.7329,30.0718],[120.7352,30.0708],[120.7353,30.0694],[120.7348,30.0659],[120.7355,30.0657],[120.7351,30.0631],[120.7384,30.062],[120.7376,30.059],[120.7392,30.0581],[120.7388,30.0558],[120.7367,30.0532],[120.7357,30.0531],[120.7299,30.0485],[120.7264,30.0475],[120.7257,30.0432],[120.7252,30.0377],[120.727,30.038],[120.7301,30.0376],[120.7348,30.0394],[120.7358,30.0408],[120.7377,30.0408],[120.7379,30.0382],[120.7396,30.0372],[120.7423,30.0375],[120.7427,30.0353],[120.7454,30.0357],[120.7475,30.0368],[120.7512,30.0321],[120.749,30.0317],[120.7489,30.0297],[120.7515,30.0282],[120.7509,30.0276],[120.751,30.0253],[120.7532,30.0229],[120.7551,30.0236],[120.7568,30.0193],[120.7558,30.0182],[120.7573,30.0166],[120.7585,30.0162],[120.7578,30.0148],[120.7597,30.0141],[120.7625,30.0138],[120.7627,30.0128],[120.7742,30.0119],[120.7746,30.0081],[120.7737,30.0081],[120.7723,30.0047],[120.7711,30.0035],[120.7708,30.0009],[120.767,30.0006],[120.7664,29.9997],[120.767,29.9974],[120.7641,29.9941],[120.7636,29.9922],[120.7677,29.9911],[120.7672,29.9932],[120.7686,29.9934],[120.7679,29.9908],[120.7701,29.9902],[120.7707,29.9911],[120.7755,29.9893],[120.7769,29.9882],[120.7765,29.9864],[120.7749,29.9855],[120.7738,29.9842],[120.7739,29.9826],[120.7752,29.9819],[120.7747,29.9795],[120.7758,29.9775],[120.7777,29.977],[120.7782,29.9759],[120.7769,29.9751],[120.7757,29.9732],[120.7742,29.9732],[120.7745,29.9682],[120.7704,29.9654],[120.7699,29.961],[120.7681,29.9612],[120.7682,29.9628],[120.7661,29.9636],[120.765,29.9649],[120.7635,29.9628],[120.7667,29.9607],[120.7636,29.96],[120.7638,29.9585],[120.7654,29.957],[120.7654,29.9552],[120.7637,29.9534],[120.766,29.9512],[120.7674,29.9483],[120.7708,29.9469],[120.7713,29.946],[120.7689,29.9439],[120.7698,29.9415],[120.7664,29.937],[120.7665,29.9348],[120.7656,29.9338],[120.7665,29.9313],[120.7638,29.9303],[120.7619,29.9282],[120.764,29.9276],[120.764,29.9258],[120.7663,29.9245],[120.7664,29.921],[120.7681,29.9201],[120.7677,29.9178],[120.7692,29.9146],[120.7672,29.9145],[120.7668,29.9131],[120.7639,29.9123],[120.7642,29.9109],[120.7619,29.9092],[120.7608,29.9092],[120.7582,29.9079],[120.7571,29.9065],[120.7531,29.9061],[120.751,29.9079],[120.7495,29.9055],[120.7472,29.9037],[120.7483,29.9012],[120.7512,29.8995],[120.7521,29.8976],[120.7516,29.8953],[120.7523,29.893],[120.7522,29.8891],[120.7504,29.8862],[120.7473,29.885],[120.7463,29.884],[120.7478,29.8825],[120.7473,29.8814],[120.7442,29.881],[120.7433,29.8805],[120.7435,29.879],[120.742,29.8786],[120.7414,29.8764],[120.7399,29.8778],[120.7418,29.8801],[120.7409,29.8811],[120.7385,29.8811],[120.7371,29.8799],[120.7352,29.8799],[120.733,29.8774],[120.729,29.8755],[120.7274,29.876],[120.7267,29.8748],[120.7248,29.8742],[120.7244,29.8724]]]},"properties":{"region_code":"CN-33-3306-330604","parent_region_code":"CN-33-3306","name":"上虞区","level":"county","has_children":false,"full_path":"中国 / 浙江省 / 绍兴市 / 上虞区","source_admin_code":"330604","osm_relation_id":3316524}},
{"type":"Feature","geometry":{"type":"Polygon","coordinates":[[[120.7002,29.3458],[120.6994,29.3427],[120.7017,29.341],[120.7026,29.3385],[120.7011,29.3357],[120.7011,29.3345],[120.7002,29.3319],[120.699,29.3301],[120.6988,29.3282],[120.6979,29.3268],[120.6962,29.3279],[120.6953,29.3253],[120.6938,29.3246],[120.6947,29.3233],[120.6943,29.3219],[120.6965,29.3224],[120.6975,29.3208],[120.6989,29.3205],[120.6993,29.3223],[120.7006,29.3217],[120.7007,29.3186],[120.7025,29.3148],[120.705,29.3136],[120.7052,29.312],[120.7051,29.3081],[120.7066,29.3063],[120.7082,29.3071],[120.7087,29.3054],[120.7107,29.3064],[120.7124,29.3093],[120.7138,29.3072],[120.7152,29.3079],[120.7157,29.3096],[120.7168,29.3108],[120.7164,29.313],[120.7193,29.3121],[120.7215,29.3137],[120.722,29.3163],[120.7248,29.3165],[120.7262,29.3186],[120.7272,29.3163],[120.7292,29.3163],[120.7306,29.3151],[120.733,29.3154],[120.7318,29.3127],[120.7325,29.3119],[120.7348,29.3127],[120.7358,29.3137],[120.7375,29.3133],[120.7393,29.3121],[120.7418,29.3139],[120.7433,29.3158],[120.7473,29.317],[120.7476,29.3213],[120.7494,29.3211],[120.7495,29.3196],[120.7514,29.3181],[120.7535,29.3171],[120.7546,29.3177],[120.7566,29.3175],[120.7576,29.3157],[120.7604,29.3156],[120.7639,29.3135],[120.7665,29.3103],[120.7686,29.3097],[120.7689,29.3068],[120.7695,29.306],[120.7713,29.306],[120.7707,29.3039],[120.7719,29.3023],[120.77,29.2995],[120.7672,29.2977],[120.7701,29.2945],[120.77,29.2934],[120.7686,29.2931],[120.7659,29.294],[120.7656,29.2958],[120.7641,29.2983],[120.7604,29.2979],[120.7583,29.2964],[120.7579,29.294],[120.7562,29.2926],[120.7558,29.2908],[120.7592,29.2911],[120.759,29.2884],[120.7575,29.2881],[120.7565,29.2861],[120.758,29.285],[120.7556,29.2845],[120.756,29.2822],[120.7599,29.2816],[120.7623,29.282],[120.7664,29.2805],[120.7697,29.2808],[120.7714,29.2819],[120.7743,29.2816],[120.7746,29.2783],[120.7732,29.2763],[120.7709,29.2743],[120.7688,29.2757],[120.768,29.2735],[120.7725,29.2716],[120.7703,29.2691],[120.7688,29.2684],[120.7678,29.2658],[120.7672,29.2616],[120.7702,29.2603],[120.7712,29.2588],[120.7723,29.2553],[120.7719,29.2532],[120.7724,29.2523],[120.77,29.2519],[120.7704,29.2502],[120.774,29.2473],[120.7721,29.2466],[120.7739,29.2451],[120.774,29.2429],[120.7723,29.2419],[120.7723,29.2391],[120.771,29.2392],[120.77,29.2374],[120.7711,29.2368],[120.7705,29.2354],[120.7706,29.2324],[120.7702,29.2277],[120.7729,29.2277],[120.7754,29.2265],[120.78,29.228],[120.7813,29.229],[120.7839,29.2293],[120.7865,29.2287],[120.7885,29.2297],[120.7896,29.2314],[120.7927,29.2329],[120.7931,29.2342],[120.7969,29.2357],[120.8029,29.2392],[120.8054,29.2396],[120.8068,29.2363],[120.8088,29.2369],[120.8111,29.237],[120.8125,29.2343],[120.814,29.2329],[120.8157,29.2336],[120.8183,29.2341],[120.8197,29.2326],[120.8215,29.2336],[120.8232,29.2338],[120.8275,29.2362],[120.8317,29.2397],[120.8357,29.2401],[120.8361,29.2421],[120.8369,29.2423],[120.839,29.2445],[120.8407,29.2448],[120.842,29.2478],[120.8421,29.2496],[120.843,29.2503],[120.8448,29.2504],[120.8466,29.2531],[120.8477,29.2534],[120.849,29.2559],[120.8512,29.2562],[120.8522,29.2572],[120.8552,29.2567],[120.8571,29.2575],[120.8604,29.253],[120.8604,29.2519],[120.8628,29.2494],[120.8622,29.2467],[120.8642,29.2466],[120.8657,29.2456],[120.868,29.2456],[120.8701,29.2448],[120.8716,29.2464],[120.8744,29.2457],[120.8763,29.2437],[120.8778,29.2429],[120.8792,29.2406],[120.8809,29.2408],[120.8848,29.2431],[120.8871,29.243],[120.8884,29.2463],[120.8882,29.2478],[120.89,29.2484],[120.8914,29.2505],[120.8913,29.2516],[120.8899,29.2527],[120.89,29.2538],[120.8917,29.2539],[120.8891,29.256],[120.8885,29.2571],[120.8929,29.2574],[120.8901,29.2598],[120.8877,29.2604],[120.8856,29.2635],[120.8859,29.2646],[120.8844,29.2658],[120.8833,29.2678],[120.8845,29.2699],[120.8867,29.2717],[120.8872,29.2734],[120.8888,29.2734],[120.8899,29.2744],[120.8934,29.2744],[120.8963,29.2755],[120.8989,29.2773],[120.8992,29.2792],[120.8991,29.2827],[120.898,29.2857],[120.8972,29.287],[120.8979,29.2886],[120.9,29.2893],[120.9003,29.2914],[120.8992,29.2933],[120.9003,29.2941],[120.9016,29.298],[120.9027,29.2992],[120.9049,29.3003],[120.9052,29.3012],[120.9076,29.3039],[120.9086,29.3026],[120.9091,29.3007],[120.9116,29.3013],[120.9129,29.3033],[120.9149,29.3032],[120.9182,29.3015],[120.9201,29.302],[120.9225,29.2995],[120.9224,29.2975],[120.9214,29.2966],[120.9216,29.2939],[120.9237,29.294],[120.9258,29.2934],[120.9276,29.2938],[120.9292,29.2927],[120.9312,29.2948],[120.9325,29.295],[120.9354,29.2943],[120.9366,29.2948],[120.9402,29.2926],[120.9402,29.291],[120.9419,29.2879],[120.9435,29.2869],[120.9456,29.2874],[120.946,29.2918],[120.947,29.2928],[120.9461,29.2954],[120.9504,29.2944],[120.9522,29.2955],[120.9519,29.2981],[120.9556,29.3009],[120.9552,29.3033],[120.9566,29.3041],[120.9615,29.3011],[120.9628,29.3018],[120.9624,29.3054],[120.9651,29.3044],[120.9651,29.3056],[120.967,29.3066],[120.9682,29.3089],[120.9695,29.3122],[120.9678,29.3146],[120.9694,29.3171],[120.9708,29.317],[120.9711,29.3204],[120.9723,29.3214],[120.9739,29.3198],[120.9756,29.3208],[120.9776,29.3211],[120.9793,29.3208],[120.981,29.3187],[120.9816,29.3172],[120.9809,29.316],[120.9796,29.3158],[120.9777,29.3127],[120.9791,29.311],[120.9828,29.3097],[120.9838,29.3087],[120.9861,29.3108],[120.9879,29.3111],[120.9905,29.3098],[120.991,29.3109],[120.993,29.312],[120.9918,29.3147],[120.9941,29.3158],[120.9968,29.3157],[120.9998,29.3173],[120.9983,29.32],[120.9971,29.3203],[120.9963,29.3223],[120.9967,29.3232],[120.999,29.3239],[121.0018,29.3232],[121.0025,29.3222],[121.004,29.3217],[121.0053,29.3223],[121.0095,29.3229],[121.0109,29.3214],[121.0122,29.3229],[121.0149,29.3248],[121.0174,29.322],[121.0175,29.3201],[121.0196,29.32],[121.0218,29.3174],[121.0207,29.3149],[121.0213,29.3129],[121.0209,29.3114],[121.0241,29.311],[121.0253,29.3119],[121.0279,29.3113],[121.0316,29.3117],[121.0336,29.3126],[121.0373,29.312],[121.039,29.3135],[121.0405,29.314],[121.0444,29.3174],[121.0437,29.3194],[121.0459,29.3191],[121.0476,29.3203],[121.0489,29.325],[121.0477,29.3261],[121.0502,29.327],[121.0509,29.3259],[121.0531,29.3274],[121.0571,29.3256],[121.0578,29.3249],[121.0624,29.3253],[121.0645,29.3247],[121.0679,29.3253],[121.071,29.3247],[121.0722,29.3241],[121.0726,29.3218],[121.0749,29.3202],[121.0778,29.3193],[121.0793,29.3221],[121.0819,29.3221],[121.0841,29.323],[121.0886,29.3209],[121.0916,29.3217],[121.0925,29.3208],[121.0941,29.3181],[121.0939,29.316],[121.0924,29.3155],[121.0927,29.314],[121.096,29.3132],[121.0951,29.3103],[121.0971,29.3083],[121.0987,29.3074],[121.1025,29.3071],[121.1062,29.3058],[121.1073,29.3062],[121.1107,29.3062],[121.1127,29.3083],[121.1139,29.3106],[121.1144,29.315],[121.115,29.3154],[121.1141,29.3179],[121.1163,29.3199],[121.1171,29.3219],[121.1137,29.3262],[121.1132,29.3287],[121.1137,29.3304],[121.113,29.3344],[121.1139,29.3361],[121.1163,29.337],[121.1182,29.3388],[121.1184,29.3402],[121.1199,29.3409],[121.1255,29.3409],[121.1264,29.3404],[121.1294,29.3414],[121.1305,29.3412],[121.1334,29.3388],[121.1344,29.3391],[121.1365,29.3382],[121.138,29.3384],[121.1391,29.3365],[121.141,29.335],[121.1438,29.3335],[121.1462,29.3335],[121.1485,29.3347],[121.1492,29.3343],[121.1513,29.3352],[121.1514,29.3362],[121.1533,29.3381],[121.1534,29.3391],[121.1548,29.3413],[121.1605,29.3469],[121.1619,29.3466],[121.1625,29.3453],[121.1603,29.3428],[121.1602,29.3415],[121.1591,29.3399],[121.1589,29.3364],[121.1585,29.3344],[121.159,29.3301],[121.1596,29.3284],[121.1619,29.3279],[121.1666,29.3256],[121.1687,29.3253],[121.1706,29.3282],[121.1721,29.3282],[121.1721,29.3297],[121.1754,29.3299],[121.1768,29.3313],[121.1812,29.3291],[121.1825,29.3271],[121.1841,29.3259],[121.1896,29.3254],[121.192,29.3267],[121.1927,29.3288],[121.1917,29.3305],[121.192,29.3323],[121.1905,29.3343],[121.192,29.3359],[121.1924,29.3374],[121.1917,29.3384],[121.1918,29.3403],[121.191,29.3415],[121.1911,29.3428],[121.1901,29.3441],[121.194,29.3443],[121.1971,29.3458],[121.1972,29.3468],[121.201,29.3503],[121.2015,29.3516],[121.2048,29.3511],[121.2057,29.3532],[121.2088,29.3557],[121.2094,29.3573],[121.2131,29.358],[121.2155,29.3593],[121.2181,29.3585],[121.2206,29.3596],[121.2207,29.3618],[121.2194,29.364],[121.2203,29.3656],[121.2239,29.3692],[121.2216,29.37],[121.2212,29.3708],[121.2221,29.3728],[121.2249,29.3741],[121.2268,29.3746],[121.225,29.3782],[121.2226,29.3789],[121.2238,29.3825],[121.2236,29.3841],[121.2217,29.3858],[121.2223,29.387],[121.2218,29.39],[121.2204,29.3911],[121.2231,29.3939],[121.2252,29.3935],[121.2268,29.3944],[121.2264,29.3957],[121.2271,29.3988],[121.2269,29.4001],[121.2242,29.4027],[121.2244,29.4075],[121.2239,29.4085],[121.2243,29.4109],[121.2256,29.4134],[121.2247,29.4155],[121.2226,29.4162],[121.2224,29.4173],[121.2196,29.4175],[121.218,29.419],[121.2141,29.419],[121.213,29.4199],[121.2108,29.4199],[121.2138,29.4237],[121.2121,29.4254],[121.2114,29.4295],[121.2106,29.4318],[121.211,29.433],[121.2081,29.4362],[121.2051,29.4387],[121.2048,29.4404],[121.2064,29.442],[121.2086,29.4419],[121.2107,29.443],[121.2133,29.4418],[121.2158,29.444],[121.2157,29.445],[121.2174,29.4469],[121.2198,29.4475],[121.2205,29.4485],[121.2203,29.4501],[121.2191,29.4514],[121.2172,29.4522],[121.214,29.4512],[121.2139,29.4527],[121.2123,29.4527],[121.2097,29.4558],[121.2111,29.4564],[121.2107,29.4592],[121.2099,29.4601],[121.2097,29.4627],[121.2104,29.4639],[121.2101,29.4656],[121.2122,29.4662],[121.2138,29.469],[121.2133,29.4715],[121.2141,29.4725],[121.213,29.475],[121.2137,29.4761],[121.2115,29.4774],[121.2128,29.4791],[121.2115,29.4798],[121.2112,29.4817],[121.2125,29.4819],[121.2138,29.4832],[121.2149,29.4852],[121.2168,29.4858],[121.2191,29.486],[121.2206,29.4894],[121.2222,29.4906],[121.2233,29.4906],[121.2241,29.4923],[121.2223,29.4944],[121.2222,29.4957],[121.2193,29.4964],[121.2192,29.4973],[121.2159,29.4986],[121.2129,29.499],[121.2119,29.5002],[121.2112,29.5023],[121.2096,29.5027],[121.2095,29.5039],[121.2105,29.5055],[121.2127,29.5057],[121.2161,29.5051],[121.2175,29.5064],[121.2171,29.5088],[121.2176,29.5101],[121.2191,29.511],[121.2197,29.513],[121.2216,29.515],[121.2222,29.5167],[121.2241,29.5181],[121.2261,29.5203],[121.2265,29.5214],[121.2249,29.5228],[121.2209,29.5254],[121.2206,29.5265],[121.2211,29.5287],[121.2183,29.5317],[121.2192,29.5331],[121.2198,29.5358],[121.2213,29.537],[121.2203,29.5379],[121.2178,29.5371],[121.2154,29.5352],[121.215,29.533],[121.2126,29.5328],[121.2119,29.5321],[121.2127,29.5309],[121.2093,29.5316],[121.2073,29.5346],[121.2058,29.5338],[121.2022,29.5339],[121.2004,29.5343],[121.2015,29.5357],[121.2029,29.5362],[121.2012,29.5384],[121.2002,29.5372],[121.1981,29.5375],[121.1961,29.5392],[121.1939,29.5394],[121.1909,29.5412],[121.1874,29.5407],[121.1865,29.5393],[121.1832,29.5392],[121.1815,29.5411],[121.1795,29.5419],[121.1776,29.5409],[121.1751,29.5401],[121.1754,29.5383],[121.1748,29.5374],[121.1711,29.5371],[121.1681,29.5388],[121.167,29.5402],[121.1639,29.5395],[121.1613,29.5409],[121.1594,29.5424],[121.157,29.5411],[121.1553,29.5433],[121.1511,29.5452],[121.1489,29.5458],[121.1475,29.5446],[121.1444,29.5441],[121.1434,29.5444],[121.1398,29.5443],[121.1387,29.5456],[121.1384,29.5472],[121.1373,29.5475],[121.1385,29.55],[121.137,29.55],[121.135,29.5511],[121.1332,29.5512],[121.1328,29.5527],[121.131,29.5548],[121.1298,29.5549],[121.1286,29.5573],[121.1269,29.5575],[121.1266,29.5549],[121.126,29.5541],[121.1215,29.5528],[121.1184,29.5512],[121.116,29.5504],[121.1147,29.5516],[121.1131,29.552],[121.1091,29.5544],[121.1056,29.552],[121.1051,29.5494],[121.1058,29.5465],[121.1053,29.5449],[121.1059,29.5437],[121.1049,29.5416],[121.1051,29.5392],[121.1023,29.5381],[121.1013,29.5371],[121.1002,29.5351],[121.1006,29.5316],[121.0987,29.5291],[121.0992,29.5258],[121.0986,29.5247],[121.0971,29.5246],[121.0929,29.5202],[121.0922,29.5182],[121.0909,29.5163],[121.0909,29.5147],[121.0888,29.5148],[121.0859,29.5141],[121.0843,29.5148],[121.0816,29.5168],[121.0801,29.5174],[121.0764,29.5176],[121.075,29.5187],[121.0735,29.5177],[121.0707,29.5183],[121.0681,29.5182],[121.0668,29.5187],[121.0653,29.5209],[121.0628,29.5197],[121.0598,29.5207],[121.0576,29.5191],[121.0571,29.5182],[121.054,29.5168],[121.0533,29.5179],[121.0503,29.5188],[121.0493,29.5198],[121.0474,29.5204],[121.0442,29.5203],[121.0418,29.5193],[121.04,29.52],[121.0389,29.5212],[121.0368,29.522],[121.0334,29.5206],[121.0314,29.5223],[121.0286,29.5232],[121.0271,29.5228],[121.0249,29.5214],[121.0217,29.5207],[121.0186,29.5216],[121.0199,29.5231],[121.0203,29.5255],[121.0187,29.5267],[121.0167,29.5275],[121.0187,29.5303],[121.0209,29.5323],[121.0223,29.5326],[121.025,29.5323],[121.0265,29.5332],[121.0259,29.5349],[121.0247,29.536],[121.0245,29.5382],[121.0234,29.5388],[121.0241,29.5405],[121.0222,29.5415],[121.0221,29.5427],[121.0198,29.5425],[121.0149,29.5427],[121.0131,29.5439],[121.0106,29.5437],[121.0085,29.5444],[121.0066,29.547],[121.0036,29.5458],[121.0003,29.5473],[121.0011,29.5496],[121.0008,29.5526],[120.9996,29.5539],[120.9994,29.5551],[120.9962,29.556],[120.9948,29.557],[120.9933,29.5567],[120.9916,29.5575],[120.99,29.5587],[120.9867,29.56],[120.9856,29.5587],[120.9859,29.557],[120.9849,29.553],[120.9863,29.551],[120.9868,29.5467],[120.9848,29.5462],[120.9826,29.5469],[120.9803,29.5456],[120.9794,29.5445],[120.9765,29.544],[120.9746,29.5451],[120.9729,29.5451],[120.9718,29.5483],[120.9685,29.5506],[120.967,29.5497],[120.9655,29.5506],[120.9652,29.5523],[120.9616,29.5524],[120.962,29.5549],[120.9586,29.557],[120.9581,29.5547],[120.9559,29.555],[120.9553,29.5517],[120.9535,29.5504],[120.9508,29.5507],[120.9496,29.5504],[120.9489,29.5518],[120.951,29.5534],[120.9496,29.5553],[120.9465,29.5551],[120.9471,29.5528],[120.9485,29.5512],[120.9507,29.5435],[120.9492,29.5426],[120.9436,29.5473],[120.943,29.5488],[120.9413,29.5504],[120.9381,29.551],[120.9357,29.5501],[120.9347,29.5514],[120.9318,29.5533],[120.9291,29.5564],[120.9252,29.5564],[120.921,29.5576],[120.919,29.5572],[120.9173,29.5583],[120.9157,29.5576],[120.9137,29.5578],[120.9124,29.5557],[120.911,29.555],[120.9094,29.5551],[120.9069,29.5545],[120.9052,29.5553],[120.9027,29.5545],[120.9019,29.5525],[120.9022,29.5508],[120.9039,29.5497],[120.9039,29.5467],[120.9028,29.5459],[120.9042,29.5448],[120.9034,29.5439],[120.9007,29.544],[120.8991,29.5429],[120.8991,29.5416],[120.8973,29.5411],[120.8953,29.5391],[120.8939,29.537],[120.8903,29.5359],[120.8877,29.5368],[120.8852,29.5354],[120.8837,29.5355],[120.8805,29.535],[120.8804,29.5369],[120.8792,29.5383],[120.8766,29.54],[120.8749,29.5398],[120.8732,29.5414],[120.8704,29.5419],[120.8689,29.541],[120.8685,29.5395],[120.8656,29.5387],[120.8646,29.5378],[120.8631,29.538],[120.8618,29.5368],[120.859,29.537],[120.8572,29.5382],[120.8549,29.5387],[120.8513,29.5416],[120.8513,29.5431],[120.85,29.5437],[120.8456,29.5416],[120.8436,29.5403],[120.8439,29.5369],[120.842,29.5361],[120.8398,29.5363],[120.8372,29.5359],[120.8369,29.5343],[120.8357,29.5328],[120.8358,29.531],[120.8345,29.5296],[120.8333,29.5293],[120.8331,29.5275],[120.8275,29.5235],[120.8255,29.5218],[120.826,29.5213],[120.8234,29.5194],[120.823,29.5174],[120.8201,29.5156],[120.8175,29.5156],[120.8172,29.5173],[120.8143,29.5157],[120.8124,29.5158],[120.8128,29.514],[120.8138,29.513],[120.8147,29.5111],[120.8142,29.5098],[120.8118,29.5107],[120.8112,29.5116],[120.8072,29.5126],[120.8038,29.5102],[120.8026,29.5117],[120.7994,29.511],[120.7976,29.5116],[120.7955,29.511],[120.793,29.5094],[120.7909,29.5086],[120.7883,29.5061],[120.7873,29.5071],[120.7859,29.5071],[120.7839,29.5046],[120.7828,29.5043],[120.7808,29.5026],[120.7785,29.5018],[120.7759,29.4999],[120.7736,29.4989],[120.7735,29.4968],[120.7738,29.4926],[120.7745,29.4924],[120.7814,29.4923],[120.7849,29.4929],[120.7869,29.4937],[120.788,29.4934],[120.7881,29.4913],[120.7844,29.4903],[120.7851,29.4882],[120.7856,29.4845],[120.7851,29.4838],[120.7816,29.4825],[120.7802,29.4801],[120.7782,29.4792],[120.7767,29.4769],[120.7761,29.474],[120.7729,29.4698],[120.7714,29.4684],[120.7716,29.4664],[120.7738,29.4655],[120.7732,29.4646],[120.7737,29.4612],[120.7724,29.4574],[120.7744,29.4538],[120.7748,29.4522],[120.7739,29.45],[120.7737,29.447],[120.772,29.4463],[120.7729,29.4444],[120.772,29.443],[120.7702,29.4415],[120.7703,29.4405],[120.7678,29.4407],[120.7656,29.44],[120.7642,29.4411],[120.7644,29.4443],[120.7638,29.4461],[120.7606,29.4469],[120.76,29.4479],[120.758,29.4473],[120.7566,29.448],[120.7549,29.4476],[120.7534,29.4445],[120.7545,29.443],[120.7531,29.4402],[120.7532,29.4379],[120.7523,29.4367],[120.7531,29.434],[120.7533,29.4317],[120.7524,29.4316],[120.7517,29.4351],[120.751,29.4361],[120.751,29.4384],[120.749,29.4381],[120.7454,29.4391],[120.7437,29.4331],[120.7441,29.4312],[120.7428,29.4296],[120.7427,29.4284],[120.7415,29.427],[120.7418,29.4236],[120.7408,29.4228],[120.7413,29.4201],[120.7397,29.4166],[120.7416,29.4146],[120.742,29.4135],[120.7403,29.4122],[120.7382,29.4098],[120.7352,29.4087],[120.7349,29.4071],[120.7367,29.405],[120.7356,29.4037],[120.7339,29.4],[120.7348,29.3969],[120.733,29.3944],[120.7311,29.3938],[120.7287,29.3909],[120.7287,29.3897],[120.7299,29.3887],[120.7305,29.3861],[120.7284,29.3819],[120.7258,29.3812],[120.7242,29.3796],[120.7243,29.3788],[120.7227,29.3772],[120.7213,29.3747],[120.7202,29.3735],[120.7187,29.3694],[120.7175,29.3694],[120.7161,29.3679],[120.7164,29.3645],[120.7149,29.3625],[120.7105,29.36],[120.7086,29.3603],[120.7071,29.3598],[120.7058,29.3628],[120.704,29.3626],[120.7005,29.3611],[120.6994,29.3595],[120.6983,29.3591],[120.6995,29.3563],[120.6983,29.3547],[120.7001,29.3519],[120.7016,29.3507],[120.7002,29.3479],[120.7002,29.3458]]]},"properties":{"region_code":"CN-33-3306-330624","parent_region_code":"CN-33-3306","name":"新昌县","level":"county","has_children":false,"full_path":"中国 / 浙江省 / 绍兴市 / 新昌县","source_admin_code":"330624","osm_relation_id":3316521}},
{"type":"Feature","geometry":{"type":"Polygon","coordinates":[[[120.3598,29.9819],[120.3603,29.9791],[120.3586,29.9775],[120.3545,29.9766],[120.3531,29.977],[120.3504,29.9762],[120.3477,29.9772],[120.3451,29.9772],[120.3433,29.9763],[120.3412,29.9769],[120.3395,29.9767],[120.3386,29.9734],[120.3402,29.9717],[120.3397,29.9697],[120.3375,29.9667],[120.3376,29.9649],[120.3367,29.9638],[120.337,29.9619],[120.3366,29.9596],[120.3348,29.9574],[120.3332,29.9561],[120.3318,29.956],[120.3278,29.9537],[120.3279,29.9517],[120.3261,29.9511],[120.3255,29.9502],[120.3227,29.9504],[120.3228,29.9484],[120.3208,29.9462],[120.3213,29.9423],[120.321,29.9415],[120.3188,29.94],[120.3164,29.9393],[120.3143,29.9367],[120.3129,29.9333],[120.3103,29.9322],[120.3105,29.9313],[120.3079,29.9304],[120.3056,29.9311],[120.3039,29.9321],[120.3009,29.9327],[120.2987,29.9324],[120.2967,29.9331],[120.2954,29.9356],[120.2944,29.9361],[120.2928,29.9353],[120.2916,29.9356],[120.2888,29.9395],[120.2867,29.9391],[120.2862,29.9378],[120.2868,29.9365],[120.2846,29.935],[120.2837,29.9316],[120.2814,29.9305],[120.281,29.9288],[120.2814,29.9275],[120.2788,29.9245],[120.2769,29.923],[120.2748,29.9232],[120.2711,29.9224],[120.2676,29.9226],[120.2665,29.924],[120.265,29.9249],[120.2608,29.9248],[120.2594,29.9269],[120.2603,29.9302],[120.2607,29.9345],[120.259,29.9357],[120.2583,29.9375],[120.2573,29.9384],[120.2578,29.9401],[120.2552,29.9427],[120.2525,29.9439],[120.2511,29.9451],[120.2492,29.9437],[120.2469,29.9405],[120.2457,29.9399],[120.2444,29.9382],[120.2427,29.9396],[120.2407,29.9386],[120.2389,29.9394],[120.2401,29.9423],[120.2366,29.9426],[120.2354,29.9422],[120.2315,29.9425],[120.2288,29.942],[120.2268,29.9436],[120.2252,29.9431],[120.2228,29.94],[120.2222,29.9408],[120.2226,29.9424],[120.2209,29.9435],[120.2187,29.9426],[120.2171,29.9432],[120.2145,29.9417],[120.2123,29.9421],[120.2099,29.9417],[120.2073,29.9404],[120.2064,29.9376],[120.2097,29.9383],[120.2113,29.9378],[120.2135,29.9379],[120.2169,29.9361],[120.2161,29.9321],[120.2152,29.9317],[120.2133,29.934],[120.212,29.9342],[120.2073,29.9338],[120.2062,29.9353],[120.2043,29.9366],[120.2033,29.9368],[120.2005,29.9344],[120.1979,29.9358],[120.1952,29.9326],[120.1973,29.9296],[120.198,29.9279],[120.1993,29.9269],[120.1994,29.9257],[120.2009,29.9245],[120.2031,29.9215],[120.2017,29.9206],[120.1976,29.9206],[120.1956,29.922],[120.1949,29.9217],[120.1938,29.9191],[120.1929,29.9184],[120.1908,29.9189],[120.1902,29.9179],[120.1923,29.9173],[120.1916,29.9159],[120.1899,29.9164],[120.1893,29.915],[120.1877,29.9156],[120.185,29.9147],[120.1841,29.9133],[120.1855,29.9122],[120.1892,29.9122],[120.1888,29.9112],[120.1846,29.9097],[120.1851,29.9085],[120.1829,29.907],[120.1813,29.9068],[120.1793,29.9075],[120.1772,29.9098],[120.1759,29.9098],[120.1742,29.911],[120.1727,29.9086],[120.1711,29.908],[120.1718,29.9109],[120.1703,29.9123],[120.1723,29.914],[120.1718,29.9159],[120.1687,29.9188],[120.166,29.9194],[120.1628,29.9183],[120.1614,29.9191],[120.1586,29.9167],[120.1582,29.9154],[120.1583,29.9126],[120.1567,29.9128],[120.1557,29.9112],[120.1551,29.9087],[120.1527,29.909],[120.1504,29.9087],[120.15,29.9099],[120.1484,29.9095],[120.1471,29.9105],[120.1446,29.9045],[120.1456,29.903],[120.1455,29.9005],[120.143,29.8995],[120.1419,29.8982],[120.142,29.897],[120.1406,29.8953],[120.1435,29.8952],[120.1446,29.894],[120.1446,29.8925],[120.1433,29.891],[120.1436,29.8893],[120.1409,29.8901],[120.1418,29.888],[120.1447,29.8873],[120.1453,29.8857],[120.1439,29.8838],[120.1442,29.8825],[120.143,29.882],[120.1413,29.88],[120.1407,29.8782],[120.1392,29.8751],[120.1377,29.8733],[120.1339,29.8706],[120.1336,29.8699],[120.1301,29.8666],[120.1292,29.8638],[120.1281,29.8616],[120.1254,29.8607],[120.124,29.8636],[120.123,29.8648],[120.121,29.8651],[120.122,29.8634],[120.1223,29.8612],[120.1238,29.8597],[120.1236,29.8589],[120.1219,29.8577],[120.1206,29.856],[120.117,29.8547],[120.1125,29.8547],[120.1114,29.8537],[120.1107,29.8515],[120.1084,29.8491],[120.11,29.8476],[120.1099,29.8459],[120.1067,29.8465],[120.1065,29.8448],[120.1056,29.8444],[120.1037,29.8465],[120.1018,29.8447],[120.1013,29.8433],[120.0994,29.8409],[120.0998,29.8381],[120.0985,29.8377],[120.0969,29.8358],[120.0956,29.8334],[120.097,29.8314],[120.0968,29.8299],[120.0973,29.8276],[120.0971,29.826],[120.0961,29.8242],[120.0955,29.8215],[120.0938,29.8209],[120.0902,29.819],[120.0889,29.8178],[120.0876,29.82],[120.0854,29.8202],[120.0832,29.8216],[120.0817,29.8237],[120.0781,29.8254],[120.0779,29.8262],[120.0746,29.8296],[120.0734,29.8279],[120.0715,29.8302],[120.07,29.8293],[120.0672,29.8286],[120.0639,29.8271],[120.0627,29.8256],[120.0613,29.8252],[120.0589,29.8234],[120.0551,29.8242],[120.0545,29.8249],[120.0523,29.8249],[120.0475,29.8271],[120.0456,29.8263],[120.0441,29.827],[120.0419,29.8254],[120.0403,29.8261],[120.0387,29.8258],[120.0353,29.8231],[120.0328,29.8228],[120.0327,29.8212],[120.0311,29.82],[120.0264,29.8134],[120.0253,29.8092],[120.0267,29.8078],[120.03,29.8032],[120.0303,29.8023],[120.0294,29.7996],[120.03,29.797],[120.0293,29.7949],[120.0321,29.7931],[120.0323,29.791],[120.0287,29.7889],[120.028,29.7876],[120.0256,29.787],[120.0244,29.7842],[120.0257,29.779],[120.0253,29.7771],[120.0257,29.7742],[120.0241,29.7719],[120.0207,29.7731],[120.02,29.7719],[120.0184,29.7715],[120.0164,29.7698],[120.016,29.7681],[120.0129,29.7686],[120.0099,29.7674],[120.0091,29.7676],[120.0053,29.7652],[120.0036,29.7661],[120.0022,29.7649],[119.9993,29.7645],[119.9974,29.7661],[119.9952,29.7664],[119.9924,29.7641],[119.9928,29.7628],[119.9882,29.7619],[119.9864,29.7642],[119.9847,29.7654],[119.9843,29.7671],[119.983,29.7679],[119.9819,29.7662],[119.9854,29.7623],[119.9821,29.7597],[119.9768,29.761],[119.9747,29.7628],[119.9744,29.7651],[119.9749,29.7677],[119.9718,29.769],[119.9697,29.7679],[119.9672,29.7678],[119.9659,29.7667],[119.9645,29.7665],[119.9633,29.7648],[119.963,29.7629],[119.9618,29.7622],[119.9598,29.7626],[119.9589,29.7612],[119.9562,29.759],[119.9542,29.7567],[119.9517,29.7585],[119.9496,29.7581],[119.9474,29.7588],[119.946,29.7584],[119.9443,29.7588],[119.941,29.7586],[119.9359,29.7566],[119.9344,29.7554],[119.9333,29.7532],[119.9321,29.7523],[119.9292,29.7521],[119.9265,29.75],[119.9254,29.7498],[119.9238,29.7473],[119.9225,29.7464],[119.9202,29.7472],[119.9198,29.7503],[119.9187,29.7514],[119.9186,29.753],[119.9165,29.7541],[119.9138,29.754],[119.9102,29.756],[119.91,29.7575],[119.9088,29.7581],[119.9062,29.7581],[119.9055,29.7572],[119.9028,29.7564],[119.9002,29.7563],[119.8981,29.7579],[119.8973,29.7594],[119.8954,29.7606],[119.893,29.763],[119.8876,29.7658],[119.8863,29.7648],[119.8868,29.7628],[119.8857,29.7593],[119.8842,29.7581],[119.8844,29.7562],[119.8859,29.7541],[119.8875,29.7527],[119.8906,29.7515],[119.8926,29.7493],[119.8961,29.7475],[119.8956,29.7459],[119.894,29.7438],[119.894,29.7424],[119.8959,29.7394],[119.8953,29.736],[119.8962,29.7352],[119.8953,29.7329],[119.8973,29.7314],[119.9024,29.7297],[119.903,29.7278],[119.9041,29.7277],[119.9069,29.7257],[119.908,29.7254],[119.9083,29.7231],[119.9073,29.7218],[119.9068,29.7198],[119.9074,29.7193],[119.9083,29.7167],[119.9083,29.7136],[119.9107,29.7112],[119.9121,29.7123],[119.9136,29.7122],[119.9134,29.7103],[119.9154,29.7099],[119.9194,29.7098],[119.921,29.7091],[119.9224,29.7078],[119.9246,29.7072],[119.9247,29.7086],[119.9264,29.7097],[119.9267,29.7072],[119.9285,29.7074],[119.9285,29.7084],[119.9265,29.7109],[119.9282,29.7117],[119.9284,29.7132],[119.9298,29.713],[119.9311,29.7155],[119.9324,29.7155],[119.932,29.713],[119.9345,29.7125],[119.9379,29.7142],[119.9401,29.7165],[119.9395,29.7172],[119.9402,29.7195],[119.9425,29.7201],[119.9454,29.7188],[119.9484,29.7188],[119.9494,29.7193],[119.9511,29.7177],[119.949,29.7165],[119.9497,29.7135],[119.9479,29.713],[119.9473,29.714],[119.945,29.7147],[119.944,29.716],[119.9427,29.7128],[119.9413,29.7134],[119.9409,29.7115],[119.9429,29.7115],[119.9451,29.7104],[119.9464,29.7081],[119.9484,29.7073],[119.9498,29.7053],[119.9531,29.7036],[119.9548,29.7043],[119.9583,29.7032],[119.9579,29.7023],[119.9587,29.7007],[119.9589,29.699],[119.962,29.6982],[119.9637,29.6967],[119.9638,29.6938],[119.9671,29.6942],[119.9684,29.6923],[119.9704,29.6908],[119.9688,29.6886],[119.9694,29.685],[119.9681,29.6833],[119.9688,29.6809],[119.9678,29.6786],[119.968,29.6767],[119.9672,29.6751],[119.9682,29.6741],[119.9723,29.6731],[119.9736,29.6715],[119.9764,29.6699],[119.9766,29.6692],[119.9807,29.6672],[119.9846,29.6641],[119.9855,29.6622],[119.9853,29.6585],[119.9875,29.6582],[119.9887,29.6574],[119.9911,29.6582],[119.9933,29.6579],[119.9954,29.6585],[119.9968,29.6578],[119.9994,29.6581],[120.0005,29.6566],[120.0019,29.6565],[120.005,29.6544],[120.0048,29.6537],[120.0073,29.6523],[120.0095,29.6525],[120.0113,29.6513],[120.014,29.6512],[120.0148,29.6505],[120.017,29.6506],[120.0188,29.6519],[120.0208,29.6549],[120.0233,29.6551],[120.0253,29.657],[120.0248,29.6587],[120.0257,29.6613],[120.0257,29.6647],[120.0265,29.6659],[120.0258,29.6668],[120.0255,29.6691],[120.0248,29.6704],[120.0253,29.6716],[120.0271,29.6707],[120.0277,29.6725],[120.0297,29.6707],[120.028,29.6693],[120.0279,29.6679],[120.0308,29.6651],[120.0321,29.6644],[120.0321,29.6624],[120.0344,29.6611],[120.0353,29.6597],[120.0353,29.6582],[120.0334,29.6567],[120.0322,29.6573],[120.03,29.6565],[120.0285,29.6536],[120.0245,29.6515],[120.02,29.6511],[120.0191,29.6484],[120.0197,29.6469],[120.0223,29.647],[120.023,29.6453],[120.0253,29.6442],[120.0263,29.6431],[120.0262,29.6413],[120.0284,29.639],[120.0316,29.6379],[120.0335,29.6376],[120.0349,29.6362],[120.0367,29.6361],[120.0395,29.6343],[120.0407,29.6294],[120.0395,29.6261],[120.0381,29.6254],[120.0373,29.6228],[120.0363,29.6219],[120.0346,29.623],[120.033,29.6216],[120.0324,29.6227],[120.0308,29.6218],[120.0296,29.6197],[120.0254,29.6201],[120.0239,29.6227],[120.0224,29.6219],[120.0213,29.6223],[120.0175,29.6218],[120.0127,29.6202],[120.0129,29.6184],[120.0121,29.617],[120.0125,29.6153],[120.0118,29.6134],[120.0116,29.6102],[120.0103,29.6105],[120.0081,29.6093],[120.0072,29.6071],[120.0059,29.6056],[120.0049,29.6005],[120.0036,29.6],[120.0017,29.597],[120.0023,29.596],[120.0009,29.5938],[120.0024,29.5925],[120.0041,29.5876],[120.0025,29.5854],[120.0028,29.5822],[120.0009,29.577],[120.0062,29.5751],[120.0094,29.5748],[120.0114,29.5726],[120.0145,29.5728],[120.0183,29.5712],[120.0207,29.5719],[120.0225,29.57],[120.0243,29.5695],[120.0261,29.5682],[120.0292,29.5693],[120.0338,29.5722],[120.0375,29.5736],[120.0385,29.573],[120.0383,29.5686],[120.0403,29.566],[120.0424,29.5643],[120.0426,29.5633],[120.0452,29.5623],[120.0462,29.5628],[120.0484,29.5623],[120.0505,29.5607],[120.0487,29.5573],[120.0478,29.5561],[120.0479,29.5539],[120.0466,29.5516],[120.0505,29.55],[120.0523,29.5485],[120.0511,29.5468],[120.0519,29.5443],[120.0535,29.5458],[120.0551,29.5451],[120.0576,29.5449],[120.059,29.5439],[120.0621,29.5436],[120.0661,29.5408],[120.0681,29.5398],[120.0693,29.5374],[120.0731,29.5392],[120.0738,29.5402],[120.0774,29.5393],[120.0786,29.5401],[120.0795,29.5387],[120.0837,29.539],[120.0857,29.5364],[120.0872,29.5371],[120.088,29.5354],[120.0859,29.5335],[120.0837,29.5306],[120.0835,29.5263],[120.0815,29.5247],[120.0826,29.5185],[120.0822,29.5169],[120.0789,29.5174],[120.0756,29.5171],[120.0751,29.5186],[120.0741,29.5188],[120.0689,29.5163],[120.0682,29.5148],[120.0703,29.5139],[120.0722,29.5123],[120.0713,29.5115],[120.0733,29.5094],[120.0721,29.5074],[120.0731,29.5067],[120.0755,29.5074],[120.0771,29.5048],[120.0785,29.5053],[120.0805,29.505],[120.0825,29.5033],[120.0859,29.5027],[120.0877,29.5017],[120.0891,29.5035],[120.0915,29.5075],[120.0925,29.507],[120.0948,29.5096],[120.0965,29.5095],[120.0976,29.5085],[120.0987,29.5093],[120.1002,29.5092],[120.1006,29.5078],[120.1026,29.505],[120.1047,29.5042],[120.1046,29.5029],[120.1034,29.5011],[120.1053,29.5006],[120.1059,29.4986],[120.1042,29.4969],[120.1044,29.4953],[120.1024,29.4952],[120.1022,29.4937],[120.1005,29.4918],[120.1042,29.4907],[120.1052,29.4919],[120.1077,29.4906],[120.1115,29.4913],[120.1109,29.4926],[120.1113,29.4938],[120.1152,29.4924],[120.1162,29.4931],[120.1168,29.495],[120.1142,29.4971],[120.1158,29.4973],[120.1186,29.4962],[120.1204,29.4977],[120.1223,29.4976],[120.1249,29.4964],[120.1259,29.4981],[120.1255,29.5012],[120.1267,29.5023],[120.1266,29.5041],[120.1293,29.5054],[120.1304,29.5049],[120.1331,29.5057],[120.1327,29.5075],[120.1334,29.5096],[120.1356,29.5119],[120.1386,29.5111],[120.1399,29.5117],[120.1413,29.5109],[120.1447,29.5101],[120.1449,29.5109],[120.1476,29.5135],[120.1484,29.5148],[120.1497,29.5152],[120.15,29.5178],[120.1511,29.5193],[120.1534,29.5195],[120.1549,29.5191],[120.1558,29.5178],[120.1579,29.5168],[120.1609,29.5165],[120.1622,29.5185],[120.1623,29.5197],[120.1636,29.5209],[120.1674,29.5217],[120.1685,29.5212],[120.1693,29.5236],[120.1692,29.5258],[120.1719,29.5264],[120.1724,29.5276],[120.1741,29.5283],[120.1761,29.5282],[120.177,29.5301],[120.1755,29.5328],[120.1754,29.5353],[120.1765,29.5368],[120.1768,29.5384],[120.178,29.5396],[120.179,29.5419],[120.1825,29.5462],[120.1828,29.5485],[120.1815,29.5505],[120.1823,29.5515],[120.1822,29.5535],[120.1837,29.5539],[120.1854,29.5555],[120.1857,29.5565],[120.1907,29.5584],[120.1911,29.5556],[120.193,29.5553],[120.1945,29.554],[120.1964,29.5545],[120.1989,29.5541],[120.2005,29.5546],[120.2031,29.5543],[120.2061,29.5532],[120.2081,29.5534],[120.2091,29.5526],[120.2075,29.5505],[120.208,29.5497],[120.205,29.548],[120.2073,29.5476],[120.2086,29.5453],[120.2077,29.5447],[120.207,29.5428],[120.206,29.5424],[120.2046,29.5398],[120.2055,29.5382],[120.2061,29.5347],[120.2043,29.5341],[120.2032,29.5309],[120.2043,29.5283],[120.204,29.5252],[120.2057,29.5248],[120.2099,29.5253],[120.2118,29.5261],[120.2154,29.5257],[120.2181,29.5242],[120.219,29.5227],[120.2184,29.5218],[120.2179,29.518],[120.225,29.5157],[120.2259,29.515],[120.2288,29.5147],[120.2298,29.5133],[120.2311,29.5131],[120.2344,29.5146],[120.2356,29.5138],[120.2382,29.5145],[120.2398,29.514],[120.2398,29.5122],[120.2411,29.51],[120.2441,29.5075],[120.2448,29.5059],[120.244,29.5037],[120.2419,29.5023],[120.2419,29.5015],[120.2438,29.5007],[120.2461,29.4984],[120.247,29.4961],[120.2496,29.4982],[120.2498,29.4993],[120.2522,29.4993],[120.2529,29.4986],[120.2561,29.4983],[120.2578,29.4976],[120.2606,29.4979],[120.2595,29.5005],[120.2622,29.5013],[120.2641,29.5007],[120.2647,29.4994],[120.2664,29.4979],[120.2693,29.4972],[120.2676,29.5],[120.268,29.5024],[120.2699,29.4996],[120.2753,29.4977],[120.2751,29.4951],[120.2768,29.4946],[120.2779,29.4936],[120.2774,29.4911],[120.2763,29.4896],[120.282,29.4874],[120.2806,29.4859],[120.2778,29.4853],[120.2743,29.4862],[120.273,29.4858],[120.2726,29.4844],[120.2708,29.4829],[120.266,29.4832],[120.2646,29.4839],[120.2626,29.4817],[120.2626,29.4796],[120.2609,29.4777],[120.2592,29.4769],[120.2581,29.4744],[120.2565,29.474],[120.2578,29.4722],[120.2577,29.4675],[120.2593,29.4663],[120.2595,29.4648],[120.2611,29.4644],[120.2581,29.4623],[120.2578,29.4609],[120.2617,29.4614],[120.2632,29.4604],[120.2658,29.4598],[120.2658,29.4591],[120.2678,29.4576],[120.269,29.4558],[120.2682,29.4529],[120.2689,29.4515],[120.2716,29.4525],[120.2719,29.4503],[120.2711,29.4484],[120.2735,29.4489],[120.2733,29.4458],[120.2774,29.4429],[120.2766,29.4399],[120.2772,29.4387],[120.2748,29.4369],[120.2744,29.4352],[120.2748,29.4335],[120.2741,29.4314],[120.2751,29.4299],[120.2746,29.429],[120.2751,29.4272],[120.2744,29.4235],[120.275,29.4168],[120.272,29.4158],[120.271,29.4135],[120.2693,29.4134],[120.2675,29.4118],[120.2649,29.406],[120.2633,29.4055],[120.2618,29.4038],[120.2573,29.4019],[120.2563,29.3987],[120.2568,29.3972],[120.2559,29.3955],[120.2565,29.3925],[120.2588,29.3888],[120.2597,29.3882],[120.2615,29.3853],[120.2614,29.3831],[120.2604,29.3808],[120.2633,29.3778],[120.2669,29.3775],[120.267,29.376],[120.2657,29.3745],[120.2669,29.3741],[120.2668,29.3721],[120.2687,29.3715],[120.269,29.3702],[120.2715,29.3697],[120.2711,29.3686],[120.2731,29.3677],[120.2735,29.3652],[120.2757,29.3658],[120.2784,29.3656],[120.2795,29.3645],[120.2835,29.3624],[120.2842,29.3592],[120.2851,29.3578],[120.2871,29.3579],[120.2888,29.3588],[120.2899,29.3573],[120.2915,29.3585],[120.2935,29.3589],[120.2936,29.361],[120.2914,29.3629],[120.2917,29.3639],[120.2946,29.3651],[120.2962,29.3642],[120.2979,29.3669],[120.3015,29.367],[120.3021,29.3686],[120.3036,29.3671],[120.304,29.3698],[120.3061,29.3717],[120.3059,29.3732],[120.3066,29.3742],[120.3068,29.3765],[120.3091,29.3801],[120.3109,29.3815],[120.3147,29.3826],[120.3158,29.3818],[120.3196,29.3839],[120.3209,29.3832],[120.3219,29.3855],[120.3222,29.3873],[120.3232,29.3887],[120.3247,29.3932],[120.3248,29.395],[120.3268,29.3945],[120.3281,29.3962],[120.3276,29.3983],[120.3284,29.4001],[120.3282,29.4024],[120.3289,29.4037],[120.3289,29.4058],[120.333,29.4081],[120.3319,29.412],[120.334,29.4121],[120.3337,29.4134],[120.3357,29.4139],[120.3381,29.4131],[120.3418,29.4138],[120.3453,29.4138],[120.3483,29.4154],[120.351,29.416],[120.353,29.4182],[120.356,29.4174],[120.3582,29.4181],[120.3617,29.4162],[120.3636,29.4186],[120.366,29.4185],[120.3656,29.4207],[120.3672,29.422],[120.3677,29.4237],[120.3669,29.4249],[120.3659,29.4296],[120.3649,29.4301],[120.3637,29.4323],[120.3593,29.4356],[120.359,29.437],[120.3598,29.4382],[120.3599,29.4406],[120.361,29.4418],[120.3652,29.4444],[120.3637,29.4461],[120.3639,29.4482],[120.3663,29.4471],[120.3671,29.4473],[120.3678,29.4496],[120.3708,29.4505],[120.3717,29.45],[120.3711,29.448],[120.3734,29.4489],[120.3751,29.4487],[120.3766,29.4501],[120.3758,29.452],[120.3753,29.455],[120.3775,29.4561],[120.3806,29.4587],[120.3849,29.4582],[120.3868,29.4573],[120.3902,29.4569],[120.3931,29.4579],[120.396,29.4551],[120.3985,29.4544],[120.4037,29.454],[120.4059,29.4522],[120.4074,29.4525],[120.4093,29.4559],[120.41,29.4586],[120.4122,29.4606],[120.413,29.4627],[120.4139,29.4633],[120.4144,29.4653],[120.4157,29.4691],[120.4174,29.47],[120.4206,29.4755],[120.4225,29.4772],[120.4223,29.4805],[120.4243,29.4812],[120.4269,29.4811],[120.4285,29.4819],[120.4325,29.4807],[120.4346,29.4807],[120.4373,29.482],[120.4399,29.4823],[120.4406,29.4833],[120.4436,29.4839],[120.4448,29.4848],[120.4481,29.4847],[120.4506,29.4857],[120.4521,29.4848],[120.455,29.486],[120.4581,29.4887],[120.4589,29.4916],[120.4602,29.4924],[120.4643,29.4926],[120.4659,29.4945],[120.4655,29.4967],[120.4661,29.4987],[120.4645,29.4995],[120.4641,29.5032],[120.4658,29.5042],[120.4692,29.5045],[120.4718,29.5089],[120.4714,29.5099],[120.4683,29.5115],[120.4688,29.5127],[120.4722,29.5136],[120.4764,29.5157],[120.4777,29.5173],[120.4819,29.5178],[120.4832,29.5203],[120.4844,29.5195],[120.4876,29.5194],[120.4892,29.5184],[120.4918,29.52],[120.4945,29.5212],[120.4969,29.5239],[120.498,29.5243],[120.5005,29.5283],[120.5025,29.5284],[120.5045,29.5275],[120.508,29.5303],[120.509,29.5302],[120.5111,29.5318],[120.5106,29.5334],[120.513,29.5349],[120.5129,29.5364],[120.5108,29.54],[120.5093,29.5394],[120.5083,29.54],[120.5047,29.5391],[120.5042,29.54],[120.5014,29.5381],[120.5009,29.5421],[120.5027,29.5435],[120.5035,29.5478],[120.5045,29.5504],[120.5022,29.5536],[120.5009,29.5531],[120.5002,29.5518],[120.4972,29.5541],[120.4997,29.5554],[120.4983,29.5564],[120.4969,29.5557],[120.496,29.5567],[120.4965,29.5577],[120.4981,29.5572],[120.5017,29.5591],[120.5029,29.5591],[120.5036,29.5611],[120.5021,29.5634],[120.4993,29.5627],[120.4986,29.5654],[120.4994,29.5666],[120.4973,29.5684],[120.4998,29.5693],[120.4985,29.5712],[120.4991,29.5725],[120.5004,29.5721],[120.4999,29.5758],[120.4957,29.5765],[120.4949,29.5776],[120.4928,29.5761],[120.492,29.5787],[120.4905,29.5796],[120.4922,29.5808],[120.4959,29.5801],[120.4973,29.5789],[120.498,29.581],[120.4952,29.5811],[120.4943,29.5827],[120.4919,29.5826],[120.491,29.5845],[120.4912,29.5856],[120.4884,29.585],[120.4879,29.5872],[120.4912,29.587],[120.4928,29.5886],[120.4887,29.5931],[120.488,29.5941],[120.4886,29.596],[120.4901,29.5955],[120.4942,29.595],[120.4974,29.5983],[120.4992,29.5986],[120.4996,29.6027],[120.5012,29.6032],[120.5011,29.6049],[120.5032,29.6056],[120.5066,29.6039],[120.5081,29.6045],[120.5053,29.6063],[120.5051,29.607],[120.5066,29.6098],[120.5108,29.6107],[120.5124,29.6107],[120.5142,29.61],[120.5153,29.6107],[120.5145,29.6124],[120.5143,29.6143],[120.516,29.6141],[120.5163,29.6152],[120.5142,29.6174],[120.5133,29.6193],[120.514,29.6217],[120.5159,29.621],[120.5148,29.6239],[120.5155,29.6278],[120.5152,29.63],[120.5144,29.6308],[120.5165,29.6317],[120.5152,29.6345],[120.5139,29.6362],[120.5142,29.6381],[120.5128,29.6403],[120.5127,29.6421],[120.5149,29.6454],[120.5131,29.6459],[120.5135,29.6473],[120.5146,29.6477],[120.5139,29.6496],[120.5127,29.6508],[120.5108,29.6518],[120.5083,29.6565],[120.5112,29.6568],[120.5131,29.6582],[120.5121,29.6591],[120.5124,29.6625],[120.5115,29.6645],[120.5101,29.6659],[120.5116,29.667],[120.512,29.6698],[120.5132,29.6712],[120.5144,29.6706],[120.5171,29.6712],[120.5179,29.6756],[120.5196,29.6762],[120.5183,29.6783],[120.5192,29.6786],[120.5201,29.6804],[120.522,29.6805],[120.5218,29.6822],[120.5231,29.6832],[120.5223,29.6862],[120.5227,29.6881],[120.5238,29.6883],[120.528,29.6905],[120.5301,29.6911],[120.5293,29.6935],[120.5273,29.6952],[120.5268,29.6984],[120.5288,29.7012],[120.5289,29.7033],[120.5247,29.7063],[120.529,29.7117],[120.5306,29.7115],[120.5324,29.7127],[120.5334,29.7152],[120.5346,29.7157],[120.5349,29.7177],[120.5362,29.7184],[120.5359,29.7211],[120.5342,29.7221],[120.5324,29.7239],[120.5334,29.7244],[120.5311,29.7288],[120.53,29.73],[120.5279,29.7308],[120.527,29.7321],[120.5252,29.733],[120.5236,29.736],[120.5205,29.7398],[120.5192,29.7403],[120.5177,29.7438],[120.5149,29.7468],[120.5122,29.7447],[120.5114,29.7463],[120.5098,29.7476],[120.5096,29.7489],[120.5104,29.7532],[120.5084,29.7546],[120.5069,29.7562],[120.5061,29.759],[120.5042,29.7621],[120.5058,29.7648],[120.5057,29.7659],[120.5067,29.7681],[120.5071,29.77],[120.5088,29.7733],[120.5091,29.7747],[120.5073,29.7771],[120.5054,29.7777],[120.5043,29.7789],[120.5049,29.7836],[120.5055,29.7865],[120.5045,29.7875],[120.5064,29.7896],[120.5048,29.7912],[120.5067,29.7926],[120.5057,29.7948],[120.5037,29.795],[120.4995,29.7961],[120.4987,29.7972],[120.4995,29.7998],[120.5006,29.8013],[120.4961,29.8036],[120.4962,29.8047],[120.4975,29.8061],[120.5005,29.8067],[120.5021,29.8078],[120.5039,29.8081],[120.5019,29.8111],[120.5036,29.8123],[120.5056,29.8112],[120.5064,29.8121],[120.5095,29.8126],[120.5083,29.8138],[120.5081,29.8163],[120.511,29.8176],[120.5121,29.8187],[120.513,29.8213],[120.5169,29.8212],[120.5195,29.8233],[120.5198,29.8252],[120.521,29.8268],[120.5202,29.8296],[120.5191,29.8314],[120.52,29.8362],[120.521,29.8371],[120.5213,29.8396],[120.5235,29.8418],[120.5245,29.8418],[120.5276,29.8407],[120.5299,29.8429],[120.5326,29.8443],[120.5316,29.8465],[120.5322,29.8488],[120.5332,29.8506],[120.5297,29.8517],[120.5299,29.8534],[120.5283,29.8547],[120.5259,29.8534],[120.5243,29.8533],[120.5223,29.8542],[120.5189,29.8543],[120.5175,29.8537],[120.5163,29.8543],[120.5141,29.854],[120.5128,29.8543],[120.513,29.8559],[120.5117,29.8561],[120.5087,29.8551],[120.5094,29.8571],[120.5076,29.8577],[120.5063,29.8597],[120.5039,29.8599],[120.5041,29.8633],[120.5047,29.8637],[120.5053,29.8672],[120.5026,29.8699],[120.5016,29.8677],[120.502,29.8634],[120.5004,29.8628],[120.501,29.8653],[120.5004,29.8684],[120.4995,29.8685],[120.4971,29.8649],[120.4977,29.8635],[120.4962,29.8628],[120.4944,29.8643],[120.4928,29.8648],[120.491,29.8661],[120.4895,29.8663],[120.4875,29.8681],[120.4856,29.8687],[120.4856,29.8695],[120.4872,29.8717],[120.4879,29.874],[120.4873,29.8747],[120.4868,29.8775],[120.4856,29.8774],[120.4831,29.8782],[120.484,29.8804],[120.4839,29.8819],[120.4811,29.8835],[120.4792,29.8823],[120.4778,29.8827],[120.4755,29.886],[120.4745,29.8845],[120.4734,29.8852],[120.4712,29.8856],[120.471,29.8872],[120.4696,29.8877],[120.4693,29.8892],[120.4663,29.892],[120.4618,29.891],[120.4602,29.8909],[120.461,29.894],[120.4607,29.8953],[120.4591,29.8964],[120.4586,29.895],[120.4571,29.8946],[120.4561,29.8958],[120.4559,29.8979],[120.4612,29.8982],[120.4599,29.8997],[120.4573,29.9005],[120.4551,29.9],[120.4537,29.9007],[120.4532,29.9024],[120.4502,29.9053],[120.4495,29.9073],[120.4495,29.9098],[120.4501,29.911],[120.4526,29.9128],[120.4516,29.9147],[120.4519,29.9159],[120.4497,29.9167],[120.447,29.915],[120.446,29.9149],[120.4449,29.9169],[120.4433,29.9173],[120.4452,29.9206],[120.4451,29.9222],[120.4443,29.9239],[120.4444,29.9262],[120.4421,29.9265],[120.4407,29.9259],[120.441,29.9246],[120.4392,29.9233],[120.4367,29.9232],[120.4362,29.9221],[120.4345,29.9224],[120.4351,29.924],[120.4334,29.924],[120.4317,29.9231],[120.4312,29.922],[120.4285,29.9227],[120.4297,29.9247],[120.4309,29.9254],[120.4304,29.9268],[120.4276,29.9263],[120.4278,29.929],[120.426,29.93],[120.4246,29.9292],[120.4235,29.9273],[120.4203,29.9292],[120.4145,29.9254],[120.4138,29.9264],[120.4099,29.9251],[120.4091,29.9261],[120.4102,29.9275],[120.4098,29.9286],[120.4116,29.9302],[120.412,29.9336],[120.4143,29.9341],[120.4141,29.9361],[120.4156,29.9382],[120.4107,29.9419],[120.412,29.9425],[120.4116,29.9447],[120.4101,29.9448],[120.4095,29.9459],[120.4072,29.9464],[120.4064,29.9441],[120.4051,29.9425],[120.4033,29.9421],[120.402,29.9436],[120.4003,29.9474],[120.3992,29.9476],[120.3985,29.949],[120.3944,29.951],[120.3924,29.9512],[120.3918,29.9526],[120.3942,29.9552],[120.3929,29.9573],[120.3906,29.9586],[120.3908,29.961],[120.3901,29.9629],[120.3888,29.9647],[120.3892,29.9659],[120.3886,29.97],[120.3908,29.9696],[120.3919,29.9735],[120.3911,29.9752],[120.3927,29.976],[120.3907,29.9783],[120.3899,29.9797],[120.3879,29.9789],[120.3867,29.9769],[120.3852,29.9762],[120.3842,29.9767],[120.3851,29.9781],[120.3836,29.9803],[120.3837,29.982],[120.3845,29.9831],[120.3827,29.9843],[120.3823,29.9824],[120.381,29.9814],[120.379,29.9839],[120.3774,29.9841],[120.3769,29.9829],[120.3748,29.981],[120.3714,29.9846],[120.368,29.9842],[120.367,29.9809],[120.3628,29.9809],[120.3598,29.9819]]]},"properties":{"region_code":"CN-33-3306-330681","parent_region_code":"CN-33-3306","name":"诸暨市","level":"county","has_children":false,"full_path":"中国 / 浙江省 / 绍兴市 / 诸暨市","source_admin_code":"330681","osm_relation_id":3058332}},
{"type":"Feature","geometry":{"type":"Polygon","coordinates":[[[120.5289,29.7033],[120.5288,29.7012],[120.5268,29.6984],[120.5273,29.6952],[120.5293,29.6935],[120.5301,29.6911],[120.528,29.6905],[120.5238,29.6883],[120.5227,29.6881],[120.5223,29.6862],[120.5231,29.6832],[120.5218,29.6822],[120.522,29.6805],[120.5201,29.6804],[120.5192,29.6786],[120.5183,29.6783],[120.5196,29.6762],[120.5179,29.6756],[120.5171,29.6712],[120.5144,29.6706],[120.5132,29.6712],[120.512,29.6698],[120.5116,29.667],[120.5101,29.6659],[120.5115,29.6645],[120.5124,29.6625],[120.5121,29.6591],[120.5131,29.6582],[120.5112,29.6568],[120.5083,29.6565],[120.5108,29.6518],[120.5127,29.6508],[120.5139,29.6496],[120.5146,29.6477],[120.5135,29.6473],[120.5131,29.6459],[120.5149,29.6454],[120.5127,29.6421],[120.5128,29.6403],[120.5142,29.6381],[120.5139,29.6362],[120.5152,29.6345],[120.5165,29.6317],[120.5144,29.6308],[120.5152,29.63],[120.5155,29.6278],[120.5148,29.6239],[120.5159,29.621],[120.514,29.6217],[120.5133,29.6193],[120.5142,29.6174],[120.5163,29.6152],[120.516,29.6141],[120.5143,29.6143],[120.5145,29.6124],[120.5153,29.6107],[120.5142,29.61],[120.5124,29.6107],[120.5108,29.6107],[120.5066,29.6098],[120.5051,29.607],[120.5053,29.6063],[120.5081,29.6045],[120.5066,29.6039],[120.5032,29.6056],[120.5011,29.6049],[120.5012,29.6032],[120.4996,29.6027],[120.4992,29.5986],[120.4974,29.5983],[120.4942,29.595],[120.4901,29.5955],[120.4886,29.596],[120.488,29.5941],[120.4887,29.5931],[120.4928,29.5886],[120.4912,29.587],[120.4879,29.5872],[120.4884,29.585],[120.4912,29.5856],[120.491,29.5845],[120.4919,29.5826],[120.4943,29.5827],[120.4952,29.5811],[120.498,29.581],[120.4973,29.5789],[120.4959,29.5801],[120.4922,29.5808],[120.4905,29.5796],[120.492,29.5787],[120.4928,29.5761],[120.4949,29.5776],[120.4957,29.5765],[120.4999,29.5758],[120.5004,29.5721],[120.4991,29.5725],[120.4985,29.5712],[120.4998,29.5693],[120.4973,29.5684],[120.4994,29.5666],[120.4986,29.5654],[120.4993,29.5627],[120.5021,29.5634],[120.5036,29.5611],[120.5029,29.5591],[120.5017,29.5591],[120.4981,29.5572],[120.4965,29.5577],[120.496,29.5567],[120.4969,29.5557],[120.4983,29.5564],[120.4997,29.5554],[120.4972,29.5541],[120.5002,29.5518],[120.5009,29.5531],[120.5022,29.5536],[120.5045,29.5504],[120.5035,29.5478],[120.5027,29.5435],[120.5009,29.5421],[120.5014,29.5381],[120.5042,29.54],[120.5047,29.5391],[120.5083,29.54],[120.5093,29.5394],[120.5108,29.54],[120.5129,29.5364],[120.513,29.5349],[120.5106,29.5334],[120.5111,29.5318],[120.509,29.5302],[120.508,29.5303],[120.5045,29.5275],[120.5025,29.5284],[120.5005,29.5283],[120.498,29.5243],[120.4969,29.5239],[120.4945,29.5212],[120.4918,29.52],[120.4892,29.5184],[120.4876,29.5194],[120.4844,29.5195],[120.4832,29.5203],[120.4819,29.5178],[120.4777,29.5173],[120.4764,29.5157],[120.4722,29.5136],[120.4688,29.5127],[120.4683,29.5115],[120.4714,29.5099],[120.4718,29.5089],[120.4692,29.5045],[120.4658,29.5042],[120.4641,29.5032],[120.4645,29.4995],[120.4661,29.4987],[120.4672,29.4967],[120.4694,29.4961],[120.4712,29.4951],[120.474,29.4925],[120.4767,29.4915],[120.4773,29.488],[120.4789,29.487],[120.4812,29.4881],[120.4823,29.4892],[120.4852,29.4889],[120.4843,29.4854],[120.4854,29.4847],[120.4858,29.4824],[120.4875,29.4837],[120.4893,29.4832],[120.4897,29.4814],[120.4924,29.4778],[120.4937,29.4772],[120.4938,29.4747],[120.4928,29.4728],[120.4916,29.4686],[120.4934,29.4688],[120.496,29.4698],[120.4971,29.4709],[120.5002,29.4724],[120.5019,29.471],[120.5068,29.4719],[120.5099,29.4713],[120.5114,29.4684],[120.5137,29.4674],[120.5141,29.4661],[120.516,29.4636],[120.5155,29.4615],[120.5174,29.4612],[120.5176,29.4597],[120.519,29.4586],[120.518,29.4578],[120.5169,29.4588],[120.5162,29.4569],[120.515,29.456],[120.5145,29.4545],[120.5122,29.454],[120.5109,29.4544],[120.5096,29.452],[120.5108,29.451],[120.5106,29.4488],[120.5083,29.4463],[120.5091,29.4452],[120.511,29.4442],[120.508,29.4435],[120.5077,29.4402],[120.5083,29.4388],[120.5063,29.4387],[120.5072,29.4372],[120.5073,29.4356],[120.5083,29.4347],[120.5088,29.431],[120.5086,29.4296],[120.5074,29.4274],[120.5088,29.4255],[120.5112,29.4266],[120.5135,29.4271],[120.5134,29.4238],[120.5118,29.4225],[120.5086,29.4206],[120.5092,29.4188],[120.5101,29.4186],[120.5123,29.415],[120.5124,29.4117],[120.5145,29.4105],[120.5139,29.4094],[120.512,29.4092],[120.5127,29.407],[120.5163,29.4064],[120.5205,29.4033],[120.5214,29.404],[120.5238,29.4028],[120.5243,29.404],[120.5257,29.404],[120.5261,29.4027],[120.5279,29.401],[120.5277,29.3998],[120.53,29.3986],[120.5314,29.3974],[120.5316,29.3958],[120.5335,29.3949],[120.5351,29.395],[120.5341,29.3921],[120.542,29.3926],[120.543,29.3945],[120.5452,29.3948],[120.5459,29.3939],[120.5483,29.3929],[120.5491,29.3932],[120.5497,29.3903],[120.5489,29.389],[120.5492,29.3877],[120.551,29.3871],[120.5521,29.386],[120.5532,29.3872],[120.5557,29.3859],[120.5555,29.3824],[120.5544,29.3789],[120.5528,29.3772],[120.5501,29.3767],[120.5491,29.3753],[120.5497,29.3733],[120.5493,29.3714],[120.5515,29.3707],[120.5535,29.3681],[120.5551,29.3693],[120.5553,29.3661],[120.5571,29.3656],[120.5575,29.3667],[120.5598,29.367],[120.5605,29.3686],[120.5641,29.3695],[120.5682,29.3687],[120.5692,29.3671],[120.5684,29.3658],[120.5699,29.3633],[120.5721,29.3622],[120.5742,29.3621],[120.5748,29.3605],[120.5717,29.3554],[120.5694,29.3546],[120.5676,29.3522],[120.5667,29.3501],[120.5675,29.3485],[120.5658,29.3468],[120.5698,29.3441],[120.5688,29.3421],[120.5702,29.3415],[120.5732,29.3415],[120.5748,29.3429],[120.5772,29.3426],[120.5778,29.3442],[120.5761,29.3444],[120.5753,29.3456],[120.5778,29.3492],[120.58,29.3507],[120.5827,29.3515],[120.5843,29.3504],[120.587,29.3506],[120.5873,29.3485],[120.5898,29.3499],[120.5914,29.3479],[120.5909,29.3452],[120.5937,29.3432],[120.5939,29.3414],[120.5931,29.3397],[120.5938,29.3383],[120.5964,29.3379],[120.5982,29.336],[120.6006,29.3364],[120.6018,29.3377],[120.6035,29.3366],[120.6047,29.337],[120.6075,29.339],[120.6085,29.3404],[120.6103,29.3402],[120.6126,29.3387],[120.6142,29.3397],[120.6155,29.3395],[120.6169,29.3402],[120.6178,29.3389],[120.6194,29.3393],[120.6203,29.3381],[120.6227,29.3366],[120.6275,29.3353],[120.6287,29.3339],[120.6292,29.3313],[120.6268,29.3302],[120.6269,29.3276],[120.6282,29.3256],[120.6307,29.3251],[120.6324,29.3255],[120.635,29.3253],[120.6339,29.3279],[120.6348,29.3283],[120.6353,29.3306],[120.639,29.3329],[120.6405,29.3317],[120.641,29.3304],[120.6435,29.3341],[120.6462,29.3347],[120.6459,29.3364],[120.6468,29.3376],[120.6493,29.339],[120.651,29.3393],[120.6511,29.3381],[120.6527,29.3369],[120.6513,29.3346],[120.6535,29.3337],[120.6553,29.3315],[120.6545,29.3301],[120.655,29.3289],[120.6568,29.329],[120.6583,29.3284],[120.6597,29.3289],[120.6596,29.3305],[120.661,29.3306],[120.6645,29.3293],[120.6659,29.3291],[120.6684,29.3303],[120.6707,29.3318],[120.6725,29.3361],[120.6736,29.3363],[120.6739,29.3384],[120.6755,29.3396],[120.677,29.3393],[120.6789,29.3412],[120.6815,29.3419],[120.6839,29.3447],[120.6864,29.3439],[120.6895,29.3442],[120.6919,29.3435],[120.6935,29.3438],[120.6949,29.3426],[120.6967,29.3431],[120.697,29.3461],[120.6967,29.3472],[120.6935,29.3457],[120.6908,29.3458],[120.6915,29.3478],[120.6925,29.3476],[120.6948,29.3483],[120.697,29.347],[120.6972,29.3455],[120.6988,29.3439],[120.7002,29.3458],[120.7002,29.3479],[120.7016,29.3507],[120.7001,29.3519],[120.6983,29.3547],[120.6995,29.3563],[120.6983,29.3591],[120.6994,29.3595],[120.7005,29.3611],[120.704,29.3626],[120.7058,29.3628],[120.7071,29.3598],[120.7086,29.3603],[120.7105,29.36],[120.7149,29.3625],[120.7164,29.3645],[120.7161,29.3679],[120.7175,29.3694],[120.7187,29.3694],[120.7202,29.3735],[120.7213,29.3747],[120.7227,29.3772],[120.7243,29.3788],[120.7242,29.3796],[120.7258,29.3812],[120.7284,29.3819],[120.7305,29.3861],[120.7299,29.3887],[120.7287,29.3897],[120.7287,29.3909],[120.7311,29.3938],[120.733,29.3944],[120.7348,29.3969],[120.7339,29.4],[120.7356,29.4037],[120.7367,29.405],[120.7349,29.4071],[120.7352,29.4087],[120.7382,29.4098],[120.7403,29.4122],[120.742,29.4135],[120.7416,29.4146],[120.7397,29.4166],[120.7413,29.4201],[120.7408,29.4228],[120.7418,29.4236],[120.7415,29.427],[120.7427,29.4284],[120.7428,29.4296],[120.7441,29.4312],[120.7437,29.4331],[120.7454,29.4391],[120.749,29.4381],[120.751,29.4384],[120.751,29.4361],[120.7517,29.4351],[120.7524,29.4316],[120.7533,29.4317],[120.7531,29.434],[120.7523,29.4367],[120.7532,29.4379],[120.7531,29.4402],[120.7545,29.443],[120.7534,29.4445],[120.7549,29.4476],[120.7566,29.448],[120.758,29.4473],[120.76,29.4479],[120.7606,29.4469],[120.7638,29.4461],[120.7644,29.4443],[120.7642,29.4411],[120.7656,29.44],[120.7678,29.4407],[120.7703,29.4405],[120.7702,29.4415],[120.772,29.443],[120.7729,29.4444],[120.772,29.4463],[120.7737,29.447],[120.7739,29.45],[120.7748,29.4522],[120.7744,29.4538],[120.7724,29.4574],[120.7737,29.4612],[120.7732,29.4646],[120.7738,29.4655],[120.7716,29.4664],[120.7714,29.4684],[120.7729,29.4698],[120.7761,29.474],[120.7767,29.4769],[120.7782,29.4792],[120.7802,29.4801],[120.7816,29.4825],[120.7851,29.4838],[120.7856,29.4845],[120.7851,29.4882],[120.7844,29.4903],[120.7881,29.4913],[120.788,29.4934],[120.7869,29.4937],[120.7849,29.4929],[120.7814,29.4923],[120.7745,29.4924],[120.7738,29.4926],[120.7735,29.4968],[120.7736,29.4989],[120.7759,29.4999],[120.7785,29.5018],[120.7808,29.5026],[120.7828,29.5043],[120.7839,29.5046],[120.7859,29.5071],[120.7873,29.5071],[120.7883,29.5061],[120.7909,29.5086],[120.793,29.5094],[120.7955,29.511],[120.7976,29.5116],[120.7994,29.511],[120.8026,29.5117],[120.8038,29.5102],[120.8072,29.5126],[120.8112,29.5116],[120.8118,29.5107],[120.8142,29.5098],[120.8147,29.5111],[120.8138,29.513],[120.8128,29.514],[120.8124,29.5158],[120.8143,29.5157],[120.8172,29.5173],[120.8175,29.5156],[120.8201,29.5156],[120.823,29.5174],[120.8234,29.5194],[120.826,29.5213],[120.8255,29.5218],[120.8275,29.5235],[120.8331,29.5275],[120.8333,29.5293],[120.8345,29.5296],[120.8358,29.531],[120.8357,29.5328],[120.8369,29.5343],[120.8372,29.5359],[120.8398,29.5363],[120.842,29.5361],[120.8439,29.5369],[120.8436,29.5403],[120.8456,29.5416],[120.85,29.5437],[120.8513,29.5431],[120.8513,29.5416],[120.8549,29.5387],[120.8572,29.5382],[120.859,29.537],[120.8618,29.5368],[120.8631,29.538],[120.8646,29.5378],[120.8656,29.5387],[120.8685,29.5395],[120.8689,29.541],[120.8704,29.5419],[120.8732,29.5414],[120.8749,29.5398],[120.8766,29.54],[120.8792,29.5383],[120.8804,29.5369],[120.8805,29.535],[120.8837,29.5355],[120.8852,29.5354],[120.8877,29.5368],[120.8903,29.5359],[120.8939,29.537],[120.8953,29.5391],[120.8973,29.5411],[120.8991,29.5416],[120.8991,29.5429],[120.9007,29.544],[120.9034,29.5439],[120.9042,29.5448],[120.9028,29.5459],[120.9039,29.5467],[120.9039,29.5497],[120.9022,29.5508],[120.9019,29.5525],[120.9027,29.5545],[120.9052,29.5553],[120.9069,29.5545],[120.9094,29.5551],[120.911,29.555],[120.9124,29.5557],[120.9137,29.5578],[120.9157,29.5576],[120.9173,29.5583],[120.919,29.5572],[120.921,29.5576],[120.9252,29.5564],[120.9291,29.5564],[120.9318,29.5533],[120.9347,29.5514],[120.9357,29.5501],[120.9381,29.551],[120.9413,29.5504],[120.943,29.5488],[120.9436,29.5473],[120.9492,29.5426],[120.9507,29.5435],[120.9485,29.5512],[120.9471,29.5528],[120.9465,29.5551],[120.9496,29.5553],[120.951,29.5534],[120.9489,29.5518],[120.9496,29.5504],[120.9508,29.5507],[120.9535,29.5504],[120.9553,29.5517],[120.9559,29.555],[120.9581,29.5547],[120.9586,29.557],[120.962,29.5549],[120.9616,29.5524],[120.9652,29.5523],[120.9655,29.5506],[120.967,29.5497],[120.9685,29.5506],[120.9718,29.5483],[120.9729,29.5451],[120.9746,29.5451],[120.9765,29.544],[120.9794,29.5445],[120.9803,29.5456],[120.9826,29.5469],[120.9848,29.5462],[120.9868,29.5467],[120.9863,29.551],[120.9849,29.553],[120.9859,29.557],[120.9856,29.5587],[120.9867,29.56],[120.99,29.5587],[120.9916,29.5575],[120.9933,29.5567],[120.9948,29.557],[120.9962,29.556],[120.9994,29.5551],[120.9996,29.5539],[121.0008,29.5526],[121.0011,29.5496],[121.0003,29.5473],[121.0036,29.5458],[121.0066,29.547],[121.0085,29.5444],[121.0106,29.5437],[121.0131,29.5439],[121.0149,29.5427],[121.0198,29.5425],[121.0221,29.5427],[121.0222,29.5415],[121.0241,29.5405],[121.0234,29.5388],[121.0245,29.5382],[121.0247,29.536],[121.0259,29.5349],[121.0265,29.5332],[121.025,29.5323],[121.0223,29.5326],[121.0209,29.5323],[121.0187,29.5303],[121.0167,29.5275],[121.0187,29.5267],[121.0203,29.5255],[121.0199,29.5231],[121.0186,29.5216],[121.0217,29.5207],[121.0249,29.5214],[121.0271,29.5228],[121.0286,29.5232],[121.0314,29.5223],[121.0334,29.5206],[121.0368,29.522],[121.0389,29.5212],[121.04,29.52],[121.0418,29.5193],[121.0442,29.5203],[121.0474,29.5204],[121.0493,29.5198],[121.0503,29.5188],[121.0533,29.5179],[121.054,29.5168],[121.0571,29.5182],[121.0576,29.5191],[121.0598,29.5207],[121.0628,29.5197],[121.0653,29.5209],[121.0668,29.5187],[121.0681,29.5182],[121.0707,29.5183],[121.0735,29.5177],[121.075,29.5187],[121.0764,29.5176],[121.0801,29.5174],[121.0816,29.5168],[121.0843,29.5148],[121.0859,29.5141],[121.0888,29.5148],[121.0909,29.5147],[121.0909,29.5163],[121.0922,29.5182],[121.0929,29.5202],[121.0971,29.5246],[121.0986,29.5247],[121.0992,29.5258],[121.0987,29.5291],[121.1006,29.5316],[121.1002,29.5351],[121.1013,29.5371],[121.1023,29.5381],[121.1051,29.5392],[121.1049,29.5416],[121.1059,29.5437],[121.1053,29.5449],[121.1058,29.5465],[121.1051,29.5494],[121.1056,29.552],[121.1091,29.5544],[121.1074,29.5571],[121.1081,29.5595],[121.1085,29.5629],[121.1079,29.5638],[121.1092,29.5687],[121.1121,29.5701],[121.1131,29.5713],[121.1128,29.5744],[121.1156,29.5766],[121.116,29.5775],[121.1151,29.5795],[121.114,29.5803],[121.1131,29.5821],[121.1133,29.5837],[121.1121,29.5857],[121.1129,29.5881],[121.1122,29.5891],[121.1105,29.589],[121.1068,29.5866],[121.1057,29.5866],[121.1045,29.5886],[121.1025,29.5874],[121.1003,29.5886],[121.1013,29.5907],[121.1049,29.5914],[121.1064,29.5922],[121.1058,29.5961],[121.1043,29.5967],[121.1051,29.5984],[121.1067,29.5997],[121.1093,29.5993],[121.1109,29.6003],[121.1101,29.6015],[121.11,29.605],[121.1125,29.6046],[121.1144,29.605],[121.115,29.6064],[121.1136,29.6068],[121.113,29.6083],[121.1117,29.6075],[121.11,29.609],[121.1074,29.6081],[121.1059,29.61],[121.1081,29.6136],[121.1073,29.6147],[121.1087,29.6157],[121.1082,29.6175],[121.105,29.6196],[121.1032,29.6202],[121.1014,29.6196],[121.1008,29.6209],[121.1017,29.6242],[121.1038,29.6247],[121.1033,29.6264],[121.1023,29.6266],[121.0997,29.6295],[121.0951,29.6295],[121.0909,29.6319],[121.0903,29.6335],[121.0875,29.633],[121.0856,29.6332],[121.0824,29.6314],[121.0816,29.6315],[121.079,29.6343],[121.0762,29.6342],[121.0726,29.6369],[121.0706,29.638],[121.0695,29.6408],[121.0708,29.6438],[121.0731,29.6456],[121.0716,29.6475],[121.0712,29.6497],[121.0716,29.6514],[121.0729,29.6533],[121.0723,29.6539],[121.0708,29.6576],[121.0715,29.6587],[121.0709,29.6598],[121.0707,29.6635],[121.067,29.6639],[121.069,29.6654],[121.0702,29.6654],[121.0699,29.6676],[121.068,29.6676],[121.0678,29.6687],[121.0639,29.6716],[121.0627,29.6733],[121.0601,29.674],[121.0591,29.6766],[121.0591,29.6788],[121.0605,29.68],[121.063,29.6804],[121.0627,29.6822],[121.0614,29.6826],[121.0637,29.6846],[121.0636,29.6877],[121.0555,29.6874],[121.0571,29.6903],[121.0557,29.6919],[121.0548,29.6954],[121.0561,29.6959],[121.0567,29.6981],[121.0562,29.7013],[121.0544,29.7026],[121.0527,29.7026],[121.0506,29.6994],[121.05,29.6973],[121.0477,29.6946],[121.0465,29.6939],[121.0466,29.6901],[121.0434,29.6875],[121.0416,29.6834],[121.0406,29.6822],[121.0378,29.682],[121.0366,29.6808],[121.0364,29.6796],[121.0339,29.6776],[121.0341,29.677],[121.0375,29.6767],[121.036,29.6749],[121.0359,29.6732],[121.0346,29.6713],[121.0336,29.6719],[121.0306,29.6707],[121.0309,29.6666],[121.0299,29.6656],[121.0285,29.663],[121.027,29.6632],[121.0255,29.6647],[121.0272,29.6675],[121.0257,29.6716],[121.0249,29.6719],[121.0229,29.6743],[121.0219,29.6747],[121.0207,29.6734],[121.0189,29.6733],[121.0174,29.6739],[121.0154,29.6737],[121.0125,29.6746],[121.0116,29.6725],[121.0097,29.6719],[121.0068,29.6716],[121.0031,29.6731],[121.0024,29.6722],[120.9994,29.6737],[120.9988,29.6746],[120.9971,29.6743],[120.9946,29.6756],[120.993,29.6748],[120.9905,29.6756],[120.9899,29.6771],[120.9866,29.6783],[120.9883,29.6806],[120.9867,29.6833],[120.9853,29.6842],[120.986,29.6865],[120.9881,29.6895],[120.9896,29.6906],[120.9919,29.6909],[120.9929,29.6887],[120.9947,29.6873],[120.9944,29.6851],[120.9967,29.6854],[120.9971,29.6814],[121.0012,29.6835],[121.0026,29.6837],[121.0035,29.6853],[121.0053,29.6845],[121.0069,29.6854],[121.0073,29.6839],[121.0096,29.6853],[121.0105,29.6835],[121.0125,29.683],[121.0137,29.684],[121.0129,29.6888],[121.0148,29.6901],[121.0163,29.6894],[121.0183,29.693],[121.0181,29.6945],[121.0172,29.6955],[121.0141,29.6961],[121.0114,29.6984],[121.0107,29.6999],[121.0121,29.7014],[121.0097,29.702],[121.0084,29.7042],[121.0065,29.7047],[121.0056,29.7068],[121.0062,29.7092],[121.0045,29.7104],[121.0059,29.7128],[121.0101,29.7161],[121.0122,29.7158],[121.0136,29.7169],[121.0165,29.7179],[121.0171,29.7196],[121.0202,29.7185],[121.0215,29.7174],[121.0249,29.718],[121.0263,29.7192],[121.0277,29.7189],[121.0313,29.7206],[121.0309,29.7224],[121.0278,29.7239],[121.0298,29.7249],[121.0285,29.7261],[121.0254,29.726],[121.023,29.7269],[121.0199,29.7269],[121.0176,29.7257],[121.0161,29.7258],[121.0163,29.7243],[121.0149,29.7243],[121.0113,29.7261],[121.0114,29.7275],[121.0123,29.7287],[121.0111,29.7297],[121.0091,29.7295],[121.0091,29.7307],[121.0078,29.7322],[121.0075,29.7345],[121.0061,29.737],[121.0019,29.7352],[121.0007,29.7366],[120.9998,29.7351],[120.9985,29.7353],[120.9969,29.7333],[120.9948,29.7335],[120.9923,29.7351],[120.9925,29.7361],[120.9957,29.7368],[120.9976,29.7382],[120.9974,29.7405],[120.9958,29.7424],[120.9928,29.7429],[120.9911,29.7421],[120.9893,29.7431],[120.9882,29.7447],[120.9848,29.7451],[120.9837,29.7462],[120.9775,29.7473],[120.9767,29.7456],[120.9749,29.7435],[120.9753,29.7422],[120.9712,29.7402],[120.9697,29.7386],[120.9677,29.7378],[120.9626,29.7369],[120.9612,29.7372],[120.9536,29.7361],[120.9508,29.7389],[120.9492,29.74],[120.9497,29.7419],[120.9496,29.7447],[120.9479,29.746],[120.9445,29.7503],[120.9415,29.7485],[120.9396,29.7487],[120.9381,29.7461],[120.9361,29.7449],[120.9334,29.7461],[120.9326,29.7477],[120.9303,29.7458],[120.9302,29.7446],[120.9275,29.7448],[120.9274,29.7425],[120.9243,29.7382],[120.9223,29.7379],[120.9208,29.7363],[120.9192,29.7361],[120.9184,29.7373],[120.9195,29.7392],[120.9191,29.7401],[120.9164,29.7395],[120.9151,29.7396],[120.9155,29.7414],[120.9186,29.743],[120.9183,29.7442],[120.9156,29.7447],[120.9128,29.7439],[120.9114,29.7449],[120.9086,29.7425],[120.9069,29.7423],[120.9042,29.7411],[120.9023,29.7395],[120.9032,29.7376],[120.901,29.7365],[120.8998,29.7375],[120.8992,29.7395],[120.8964,29.7389],[120.8951,29.7418],[120.8964,29.7434],[120.8988,29.7449],[120.8955,29.7504],[120.8922,29.7543],[120.8926,29.756],[120.8904,29.7574],[120.8889,29.7591],[120.8851,29.7602],[120.8839,29.7598],[120.8796,29.7569],[120.8789,29.7539],[120.8804,29.7534],[120.8829,29.7509],[120.8839,29.7508],[120.8859,29.7491],[120.8851,29.7483],[120.8822,29.7484],[120.8809,29.7476],[120.8786,29.7486],[120.8759,29.7477],[120.8721,29.7472],[120.8672,29.7473],[120.8644,29.7479],[120.8618,29.7488],[120.8604,29.7501],[120.858,29.754],[120.8558,29.7557],[120.8537,29.7556],[120.8523,29.7571],[120.8494,29.7584],[120.8483,29.76],[120.8538,29.7584],[120.8569,29.7578],[120.8579,29.7601],[120.8604,29.7626],[120.858,29.7623],[120.8565,29.7634],[120.8571,29.7646],[120.8598,29.7652],[120.8618,29.7652],[120.8652,29.7662],[120.8667,29.7674],[120.8668,29.7699],[120.8646,29.7711],[120.8623,29.7716],[120.8596,29.7711],[120.8587,29.7696],[120.8567,29.7691],[120.8518,29.7706],[120.8525,29.7769],[120.8516,29.7838],[120.8502,29.7845],[120.849,29.7834],[120.8477,29.784],[120.8478,29.7858],[120.8461,29.786],[120.8464,29.7907],[120.8445,29.7939],[120.8426,29.7954],[120.8426,29.7969],[120.8398,29.7995],[120.8358,29.8051],[120.8383,29.8065],[120.8389,29.8102],[120.8403,29.8094],[120.8405,29.8123],[120.8379,29.8122],[120.8366,29.8133],[120.8365,29.815],[120.8351,29.8153],[120.8335,29.8193],[120.8349,29.8199],[120.8344,29.821],[120.833,29.8221],[120.8329,29.824],[120.8352,29.8267],[120.8384,29.8322],[120.8368,29.8314],[120.833,29.8308],[120.8292,29.8291],[120.8259,29.8299],[120.8234,29.8299],[120.8215,29.8291],[120.8199,29.83],[120.8166,29.8297],[120.8152,29.8304],[120.8133,29.83],[120.8102,29.8303],[120.8093,29.8311],[120.8054,29.8307],[120.8036,29.8296],[120.8003,29.8284],[120.7986,29.8281],[120.797,29.8261],[120.7954,29.8252],[120.7942,29.8234],[120.791,29.8227],[120.7885,29.8229],[120.7872,29.8213],[120.7842,29.8199],[120.7786,29.8146],[120.7728,29.8127],[120.7718,29.813],[120.7704,29.8117],[120.7691,29.8113],[120.7641,29.8114],[120.762,29.8128],[120.7599,29.8117],[120.7551,29.812],[120.7552,29.8113],[120.7574,29.8098],[120.7555,29.8086],[120.7543,29.8093],[120.75,29.8111],[120.7484,29.8107],[120.7489,29.8082],[120.751,29.8046],[120.7542,29.8054],[120.755,29.8048],[120.7521,29.8023],[120.7523,29.8009],[120.7535,29.7994],[120.7532,29.7965],[120.7502,29.796],[120.7478,29.7966],[120.7476,29.7941],[120.7465,29.7929],[120.7492,29.7909],[120.7488,29.79],[120.7494,29.7884],[120.7483,29.788],[120.7466,29.7837],[120.7455,29.7832],[120.7445,29.7813],[120.7464,29.7796],[120.7488,29.7792],[120.7506,29.7775],[120.7499,29.7764],[120.7462,29.7757],[120.7443,29.7735],[120.7442,29.7685],[120.7451,29.767],[120.7452,29.7647],[120.7433,29.7646],[120.7409,29.7629],[120.7409,29.7614],[120.7389,29.7605],[120.7392,29.7579],[120.7414,29.7569],[120.7415,29.7562],[120.7359,29.7551],[120.7303,29.7536],[120.7313,29.755],[120.7288,29.757],[120.7264,29.7554],[120.7254,29.7507],[120.7242,29.7484],[120.7225,29.7476],[120.7215,29.7462],[120.7198,29.7464],[120.716,29.7458],[120.7154,29.7447],[120.716,29.7431],[120.7172,29.7424],[120.7171,29.7392],[120.7167,29.7378],[120.7134,29.7363],[120.7141,29.7337],[120.7153,29.7318],[120.7173,29.7302],[120.7194,29.7311],[120.7204,29.7308],[120.7225,29.7322],[120.7242,29.7324],[120.7256,29.7318],[120.7234,29.73],[120.7229,29.7288],[120.7241,29.7278],[120.7217,29.725],[120.7212,29.7237],[120.722,29.7228],[120.718,29.7202],[120.7204,29.7167],[120.7172,29.7156],[120.7147,29.7124],[120.715,29.7105],[120.7123,29.7105],[120.7101,29.7094],[120.7079,29.7096],[120.7067,29.7082],[120.7031,29.7065],[120.6992,29.7053],[120.6961,29.702],[120.6935,29.7007],[120.6912,29.7016],[120.6898,29.7032],[120.6873,29.7006],[120.6866,29.7036],[120.6827,29.7055],[120.6802,29.7075],[120.6786,29.7083],[120.6773,29.7098],[120.676,29.7094],[120.6748,29.7101],[120.6729,29.7142],[120.6706,29.7153],[120.6691,29.7173],[120.6701,29.7214],[120.6696,29.7223],[120.6718,29.7277],[120.6707,29.7287],[120.6721,29.7333],[120.6712,29.7346],[120.6691,29.7356],[120.6648,29.7362],[120.6636,29.7374],[120.6641,29.7411],[120.6646,29.7428],[120.6637,29.7437],[120.6619,29.7434],[120.6619,29.7456],[120.6649,29.7465],[120.6621,29.7478],[120.6632,29.7491],[120.6608,29.7492],[120.6576,29.7457],[120.6563,29.7451],[120.6537,29.7455],[120.6517,29.7436],[120.6478,29.7436],[120.6466,29.7443],[120.6468,29.7458],[120.644,29.744],[120.6394,29.7447],[120.6392,29.7455],[120.6366,29.7461],[120.6344,29.7471],[120.6324,29.7452],[120.6293,29.7479],[120.63,29.7497],[120.6283,29.751],[120.6257,29.7503],[120.6247,29.7491],[120.6204,29.7467],[120.6184,29.7472],[120.6161,29.7457],[120.6142,29.7467],[120.6115,29.7446],[120.6122,29.7439],[120.6113,29.7422],[120.6086,29.7421],[120.6041,29.7382],[120.6018,29.7357],[120.6028,29.7341],[120.6008,29.7342],[120.6002,29.7325],[120.5985,29.7314],[120.5955,29.731],[120.5944,29.7315],[120.5922,29.7296],[120.5903,29.7296],[120.5895,29.7306],[120.5871,29.7316],[120.5851,29.7289],[120.5835,29.7304],[120.5791,29.7281],[120.5793,29.7269],[120.5745,29.7235],[120.575,29.7223],[120.5767,29.7222],[120.5778,29.7209],[120.5777,29.7198],[120.5762,29.717],[120.5729,29.7141],[120.5705,29.711],[120.5673,29.7107],[120.5658,29.7096],[120.5663,29.7076],[120.564,29.7074],[120.5643,29.7102],[120.5623,29.7112],[120.5604,29.7138],[120.5579,29.7151],[120.555,29.7142],[120.5537,29.7129],[120.5517,29.714],[120.5541,29.7164],[120.5526,29.7169],[120.5493,29.7154],[120.5463,29.7171],[120.5449,29.7175],[120.5465,29.7144],[120.5448,29.7127],[120.5448,29.7119],[120.5431,29.7098],[120.5433,29.7089],[120.5463,29.7096],[120.5498,29.7081],[120.5495,29.7064],[120.5504,29.705],[120.5472,29.7052],[120.5461,29.7047],[120.5451,29.7065],[120.5428,29.7087],[120.5412,29.7086],[120.5396,29.7075],[120.5412,29.7065],[120.5398,29.7049],[120.5361,29.7039],[120.5339,29.7044],[120.5289,29.7033]]]},"properties":{"region_code":"CN-33-3306-330683","parent_region_code":"CN-33-3306","name":"嵊州市","level":"county","has_children":false,"full_path":"中国 / 浙江省 / 绍兴市 / 嵊州市","source_admin_code":"330683","osm_relation_id":3058331}}
]}