{"type":"FeatureCollection", "features": [
{"type":"Feature","geometry":{"type":"Polygon","coordinates":[[[121.3414,28.6444],[121.3436,28.6426],[121.3459,28.6425],[121.3449,28.6409],[121.3462,28.6388],[121.3471,28.6362],[121.3482,28.6349],[121.3501,28.6345],[121.3493,28.6318],[121.3494,28.63],[121.3466,28.6283],[121.3448,28.6276],[121.3451,28.6263],[121.3466,28.6268],[121.348,28.6255],[121.3498,28.6257],[121.3506,28.6244],[121.3525,28.6245],[121.3536,28.6234],[121.3541,28.6203],[121.3562,28.6186],[121.3563,28.6148],[121.3547,28.6138],[121.354,28.6099],[121.3557,28.6077],[121.3582,28.6071],[121.3601,28.6071],[121.3607,28.6042],[121.365,28.6039],[121.3656,28.6029],[121.368,28.6027],[121.369,28.6011],[121.3729,28.6009],[121.3746,28.6004],[121.3765,28.6013],[121.3776,28.5998],[121.381,28.6003],[121.3823,28.5981],[121.3815,28.5954],[121.3827,28.5943],[121.3842,28.5948],[121.3855,28.5943],[121.3864,28.5954],[121.3872,28.5931],[121.3905,28.5931],[121.391,28.5924],[121.391,28.5886],[121.3913,28.5854],[121.3956,28.5864],[121.4,28.5872],[121.3998,28.5822],[121.4006,28.5815],[121.4022,28.5816],[121.4029,28.5806],[121.4044,28.5811],[121.4059,28.5823],[121.4058,28.5854],[121.4066,28.5851],[121.4067,28.5879],[121.4152,28.5891],[121.4196,28.5892],[121.4217,28.5903],[121.4291,28.5909],[121.4314,28.5921],[121.4339,28.5914],[121.4343,28.5849],[121.4332,28.5847],[121.4329,28.5829],[121.4335,28.5818],[121.4345,28.5755],[121.4363,28.5751],[121.4401,28.5754],[121.4405,28.5737],[121.4443,28.5738],[121.4458,28.5735],[121.4494,28.5735],[121.4515,28.5748],[121.4557,28.5757],[121.4578,28.5758],[121.459,28.5766],[121.4612,28.5769],[121.4623,28.5778],[121.4666,28.5785],[121.4666,28.5802],[121.4691,28.5807],[121.4696,28.579],[121.4806,28.5804],[121.4896,28.5819],[121.4898,28.581],[121.4953,28.5818],[121.4951,28.5828],[121.4998,28.5836],[121.5049,28.5849],[121.5069,28.5817],[121.5071,28.5793],[121.5087,28.5769],[121.5147,28.5786],[121.514,28.5808],[121.5125,28.5834],[121.5119,28.586],[121.5191,28.587],[121.5248,28.5883],[121.5287,28.5889],[121.5789,28.5905],[121.6529,28.593],[121.7189,28.5448],[121.7619,28.4951],[121.7686,28.4383],[121.8551,28.3746],[122.1704,28.3759],[122.3414,28.6093],[122.0651,28.6092],[121.7491,28.6245],[121.6509,28.6673],[121.5262,28.6822],[121.5278,28.6933],[121.5298,28.6932],[121.5293,28.6947],[121.5272,28.6942],[121.5261,28.6965],[121.5333,28.6991],[121.5346,28.6998],[121.5335,28.7014],[121.5351,28.7023],[121.5341,28.704],[121.5323,28.7035],[121.5318,28.7042],[121.5286,28.7028],[121.5299,28.7004],[121.5289,28.7002],[121.5275,28.7023],[121.5253,28.7008],[121.5223,28.7055],[121.5188,28.7115],[121.5154,28.7164],[121.5134,28.7206],[121.5122,28.7217],[121.51,28.7213],[121.5085,28.7233],[121.5075,28.723],[121.5061,28.7251],[121.5064,28.7259],[121.5047,28.7283],[121.5051,28.7287],[121.5017,28.7319],[121.4985,28.7288],[121.4962,28.7303],[121.4952,28.7298],[121.4937,28.731],[121.4927,28.7302],[121.489,28.7328],[121.4856,28.7318],[121.48,28.736],[121.4788,28.7352],[121.4787,28.7341],[121.4757,28.732],[121.4743,28.7317],[121.4719,28.7295],[121.4667,28.7301],[121.4652,28.7295],[121.4653,28.7312],[121.4617,28.7322],[121.4586,28.7343],[121.4579,28.7337],[121.4558,28.7363],[121.4568,28.7369],[121.4554,28.7392],[121.4573,28.7405],[121.4577,28.7419],[121.455,28.7457],[121.4518,28.7471],[121.4503,28.7464],[121.4491,28.748],[121.4499,28.7484],[121.4491,28.7513],[121.4475,28.7509],[121.447,28.7534],[121.446,28.7534],[121.4444,28.7524],[121.4441,28.7515],[121.4389,28.7502],[121.4359,28.7491],[121.435,28.7495],[121.4338,28.7519],[121.4347,28.7528],[121.4321,28.7564],[121.4311,28.7563],[121.4302,28.7575],[121.4308,28.7597],[121.4298,28.7608],[121.4284,28.764],[121.4256,28.7622],[121.4226,28.7625],[121.4208,28.7603],[121.4186,28.7598],[121.4174,28.7606],[121.4151,28.7605],[121.4127,28.7616],[121.4123,28.7599],[121.4111,28.7595],[121.4065,28.7597],[121.407,28.7615],[121.4053,28.7617],[121.4045,28.7632],[121.4025,28.763],[121.4006,28.7639],[121.3988,28.764],[121.3977,28.7647],[121.3969,28.7664],[121.3954,28.7677],[121.3945,28.7695],[121.3951,28.7725],[121.3941,28.7733],[121.3891,28.7746],[121.3862,28.776],[121.3831,28.7786],[121.381,28.7792],[121.3791,28.779],[121.3775,28.7793],[121.377,28.7783],[121.3748,28.7767],[121.3715,28.7769],[121.3694,28.7753],[121.3694,28.7744],[121.3716,28.7728],[121.3701,28.7709],[121.3695,28.7673],[121.3711,28.7666],[121.3715,28.7647],[121.37,28.7605],[121.3705,28.7582],[121.3718,28.758],[121.3729,28.7587],[121.3759,28.7582],[121.3767,28.7566],[121.376,28.756],[121.376,28.7539],[121.3784,28.7521],[121.3748,28.7492],[121.3742,28.7485],[121.3718,28.7483],[121.3703,28.749],[121.3683,28.7487],[121.3652,28.7498],[121.3638,28.7509],[121.3628,28.7524],[121.3612,28.7536],[121.3572,28.7521],[121.3556,28.751],[121.3514,28.7503],[121.3503,28.7495],[121.3501,28.7483],[121.3476,28.7482],[121.3462,28.7462],[121.3459,28.745],[121.3445,28.7451],[121.3409,28.743],[121.342,28.7405],[121.343,28.7396],[121.3428,28.738],[121.3447,28.7359],[121.3445,28.7345],[121.3465,28.7328],[121.3484,28.7305],[121.35,28.7313],[121.351,28.7303],[121.3506,28.7221],[121.3501,28.7204],[121.3488,28.7205],[121.3484,28.7145],[121.3491,28.7142],[121.3489,28.7108],[121.348,28.7107],[121.3478,28.7079],[121.3452,28.7041],[121.3451,28.703],[121.3466,28.6986],[121.3527,28.6988],[121.3529,28.6923],[121.3538,28.6904],[121.3551,28.6891],[121.3552,28.6862],[121.3546,28.6847],[121.3557,28.6823],[121.3543,28.6814],[121.353,28.6794],[121.3549,28.6791],[121.3552,28.6773],[121.357,28.6744],[121.3566,28.6738],[121.3586,28.6706],[121.3608,28.669],[121.3603,28.6666],[121.3607,28.6657],[121.3595,28.6644],[121.3593,28.663],[121.3563,28.6624],[121.3533,28.6599],[121.3543,28.6585],[121.3525,28.6565],[121.3526,28.6552],[121.3516,28.6541],[121.3498,28.6543],[121.3478,28.6528],[121.3474,28.6517],[121.3444,28.6484],[121.3433,28.6462],[121.3461,28.6454],[121.344,28.6443],[121.3426,28.6453],[121.3414,28.6444]]]},"properties":{"region_code":"CN-33-3310-331002","parent_region_code":"CN-33-3310","name":"椒江区","level":"county","has_children":false,"full_path":"中国 / 浙江省 / 台州市 / 椒江区","source_admin_code":"331002","osm_relation_id":3478391}},
{"type":"Feature","geometry":{"type":"Polygon","coordinates":[[[121.3466,28.6986],[121.341,28.6981],[121.3383,28.6976],[121.3259,28.6945],[121.3243,28.6935],[121.3226,28.6909],[121.3196,28.6835],[121.3185,28.6818],[121.3174,28.6829],[121.3174,28.6863],[121.3146,28.6875],[121.3136,28.6889],[121.3125,28.6884],[121.3103,28.69],[121.3105,28.6906],[121.3082,28.6921],[121.3043,28.694],[121.303,28.6953],[121.2997,28.6963],[121.2984,28.6953],[121.295,28.6946],[121.2923,28.6949],[121.2916,28.6982],[121.2899,28.7017],[121.2896,28.7044],[121.2903,28.7077],[121.2915,28.7095],[121.2895,28.7107],[121.2864,28.711],[121.2828,28.7139],[121.2808,28.7126],[121.2795,28.7126],[121.2766,28.7116],[121.2763,28.7096],[121.2738,28.708],[121.2728,28.7086],[121.2677,28.7068],[121.2643,28.7043],[121.2633,28.703],[121.2611,28.7019],[121.2583,28.702],[121.2577,28.7013],[121.2534,28.7008],[121.2497,28.6985],[121.249,28.6972],[121.2479,28.6972],[121.2471,28.699],[121.2452,28.7007],[121.2378,28.7039],[121.236,28.7032],[121.2344,28.7036],[121.2326,28.7033],[121.2327,28.7058],[121.2314,28.7075],[121.2315,28.7093],[121.2298,28.7097],[121.2299,28.7113],[121.2308,28.7117],[121.2327,28.716],[121.2303,28.7158],[121.2293,28.7163],[121.2287,28.7183],[121.2256,28.721],[121.2253,28.7187],[121.2232,28.7184],[121.2236,28.7166],[121.2201,28.7172],[121.2186,28.7152],[121.2167,28.7142],[121.2156,28.7159],[121.2189,28.7167],[121.2201,28.7202],[121.2181,28.7216],[121.2174,28.7228],[121.215,28.7241],[121.2149,28.7255],[121.2133,28.7265],[121.2095,28.7269],[121.2062,28.7248],[121.2072,28.7234],[121.2058,28.7224],[121.2038,28.7221],[121.2022,28.7198],[121.2013,28.7198],[121.1991,28.7219],[121.1997,28.7236],[121.1997,28.7271],[121.1977,28.7276],[121.1962,28.7289],[121.1941,28.7271],[121.1936,28.7291],[121.192,28.7297],[121.1924,28.7268],[121.1901,28.7265],[121.1867,28.7252],[121.1867,28.724],[121.184,28.7246],[121.1836,28.724],[121.181,28.7241],[121.1786,28.7228],[121.178,28.721],[121.1751,28.7211],[121.1737,28.7218],[121.1693,28.7205],[121.1674,28.7205],[121.1659,28.7174],[121.1665,28.7163],[121.165,28.7142],[121.1608,28.7122],[121.1601,28.7108],[121.1605,28.7088],[121.158,28.7099],[121.1569,28.7099],[121.1538,28.711],[121.1514,28.7092],[121.1454,28.7078],[121.1425,28.7085],[121.1407,28.7072],[121.1385,28.7067],[121.1368,28.707],[121.1369,28.7056],[121.1377,28.7048],[121.1366,28.7038],[121.1365,28.7018],[121.1351,28.7015],[121.135,28.6992],[121.1341,28.6972],[121.1317,28.6968],[121.1317,28.6946],[121.1295,28.6957],[121.1279,28.698],[121.126,28.6988],[121.1249,28.6977],[121.1236,28.6978],[121.1239,28.6997],[121.123,28.7003],[121.1215,28.6998],[121.1194,28.6964],[121.1181,28.6967],[121.1158,28.6958],[121.1143,28.696],[121.112,28.6945],[121.1097,28.6907],[121.1054,28.6896],[121.1027,28.687],[121.0997,28.6856],[121.0987,28.6846],[121.0971,28.6847],[121.0946,28.6819],[121.093,28.6835],[121.0933,28.685],[121.0882,28.6883],[121.0872,28.6894],[121.0861,28.6872],[121.0835,28.6835],[121.0835,28.6819],[121.0826,28.6805],[121.0797,28.6775],[121.0768,28.6766],[121.0758,28.6769],[121.0706,28.6752],[121.0681,28.6728],[121.0656,28.6722],[121.0642,28.6737],[121.0592,28.6773],[121.0582,28.6762],[121.0556,28.6752],[121.0546,28.6743],[121.0536,28.6716],[121.0535,28.6699],[121.0525,28.6669],[121.0497,28.6679],[121.0484,28.6675],[121.0475,28.6682],[121.0432,28.6681],[121.0432,28.6702],[121.0406,28.6719],[121.0389,28.6725],[121.0352,28.6714],[121.0334,28.669],[121.0314,28.6701],[121.0308,28.6714],[121.0291,28.6726],[121.0292,28.6742],[121.0303,28.6753],[121.0304,28.6787],[121.0272,28.6815],[121.0259,28.6854],[121.0224,28.6853],[121.0197,28.6857],[121.017,28.6844],[121.0151,28.6821],[121.0121,28.682],[121.0097,28.6815],[121.0078,28.6797],[121.0067,28.6798],[121.0057,28.6782],[121.0038,28.6784],[121.0027,28.6796],[121.0041,28.6834],[121.0036,28.6847],[121.0042,28.6875],[120.9999,28.6885],[120.9986,28.6881],[120.9948,28.69],[120.9942,28.6908],[120.9895,28.692],[120.989,28.6944],[120.9873,28.6964],[120.985,28.697],[120.9834,28.6991],[120.9818,28.7005],[120.98,28.7007],[120.9766,28.7032],[120.9759,28.704],[120.9739,28.7049],[120.9704,28.7047],[120.9689,28.7057],[120.9679,28.7072],[120.9659,28.7068],[120.9638,28.7081],[120.9598,28.7083],[120.9568,28.7115],[120.9565,28.7133],[120.9551,28.7154],[120.9538,28.7153],[120.9521,28.7168],[120.9516,28.7201],[120.9502,28.7225],[120.9478,28.7241],[120.9464,28.7245],[120.9409,28.7227],[120.9405,28.7221],[120.9378,28.7239],[120.9358,28.7236],[120.9354,28.7243],[120.9361,28.7259],[120.9336,28.726],[120.9317,28.7274],[120.9306,28.7264],[120.9305,28.7249],[120.9251,28.7259],[120.922,28.7268],[120.9222,28.7242],[120.921,28.7219],[120.9194,28.7203],[120.9188,28.7168],[120.918,28.7158],[120.9153,28.7148],[120.9113,28.7101],[120.9101,28.7103],[120.9088,28.7094],[120.9064,28.709],[120.9061,28.7081],[120.9072,28.7056],[120.9072,28.7036],[120.9061,28.7024],[120.9065,28.7006],[120.9045,28.6963],[120.9049,28.6942],[120.906,28.6932],[120.9057,28.691],[120.9075,28.6884],[120.9068,28.6861],[120.9068,28.6843],[120.9074,28.6828],[120.904,28.6798],[120.9031,28.6781],[120.9006,28.6758],[120.9008,28.6713],[120.9017,28.6707],[120.9,28.6677],[120.9009,28.6658],[120.8999,28.6643],[120.8985,28.6642],[120.8977,28.6631],[120.8964,28.6632],[120.895,28.6623],[120.8926,28.6623],[120.8914,28.6641],[120.8928,28.6656],[120.8931,28.668],[120.8901,28.6706],[120.8884,28.6687],[120.8864,28.6657],[120.8849,28.6674],[120.8815,28.6701],[120.88,28.6704],[120.8783,28.6693],[120.8777,28.6681],[120.874,28.6673],[120.8734,28.6659],[120.8756,28.6634],[120.8781,28.6628],[120.8811,28.663],[120.8826,28.6621],[120.8838,28.6585],[120.8862,28.6596],[120.8875,28.6582],[120.8856,28.6551],[120.8851,28.6535],[120.8851,28.6511],[120.8866,28.65],[120.8879,28.6504],[120.8902,28.6499],[120.8915,28.6487],[120.8935,28.6489],[120.8994,28.6463],[120.897,28.6447],[120.8977,28.6433],[120.9,28.6424],[120.9024,28.6429],[120.9057,28.6409],[120.908,28.6399],[120.9066,28.6378],[120.9072,28.6342],[120.9081,28.6337],[120.9078,28.6324],[120.9109,28.6301],[120.9099,28.6274],[120.9096,28.6255],[120.9074,28.6264],[120.9049,28.6268],[120.9026,28.6266],[120.8993,28.6273],[120.8981,28.6272],[120.8949,28.6297],[120.8934,28.629],[120.8902,28.6299],[120.8884,28.6285],[120.8857,28.6287],[120.8817,28.6298],[120.8783,28.6297],[120.8763,28.6292],[120.8716,28.6308],[120.8689,28.6323],[120.8646,28.633],[120.8644,28.6318],[120.8623,28.6288],[120.863,28.628],[120.8587,28.6249],[120.8563,28.6242],[120.8556,28.6227],[120.8533,28.623],[120.8514,28.6226],[120.8488,28.6229],[120.8463,28.6226],[120.8432,28.6216],[120.8424,28.6209],[120.8388,28.6196],[120.8356,28.6195],[120.8339,28.6206],[120.8314,28.6211],[120.8271,28.6205],[120.8238,28.6218],[120.8216,28.6196],[120.8191,28.6191],[120.817,28.6193],[120.8118,28.6186],[120.8097,28.6188],[120.8082,28.6181],[120.8076,28.6146],[120.8058,28.6134],[120.805,28.6111],[120.8055,28.6081],[120.8053,28.6069],[120.8067,28.6056],[120.8057,28.5998],[120.8044,28.5993],[120.8025,28.5997],[120.7994,28.5996],[120.7959,28.5984],[120.7947,28.597],[120.7934,28.5966],[120.794,28.593],[120.7947,28.5916],[120.7961,28.5909],[120.797,28.5895],[120.7969,28.5865],[120.7957,28.5854],[120.7962,28.583],[120.7954,28.5824],[120.7941,28.5792],[120.7954,28.5776],[120.7983,28.5751],[120.8005,28.5756],[120.8015,28.5744],[120.804,28.574],[120.8065,28.5728],[120.8095,28.5723],[120.8112,28.5728],[120.8145,28.5712],[120.817,28.5719],[120.8197,28.5704],[120.8223,28.5694],[120.8236,28.5674],[120.8238,28.5655],[120.8247,28.5639],[120.8246,28.5602],[120.8254,28.5584],[120.8276,28.5577],[120.8285,28.5566],[120.8293,28.5538],[120.8322,28.5526],[120.8331,28.5508],[120.8347,28.5498],[120.8357,28.5505],[120.8377,28.5492],[120.8392,28.5454],[120.837,28.5432],[120.8343,28.5378],[120.8343,28.5363],[120.8329,28.5357],[120.831,28.5358],[120.8291,28.5366],[120.8288,28.5356],[120.8274,28.5347],[120.8278,28.5332],[120.8299,28.5333],[120.8285,28.53],[120.8288,28.5279],[120.8303,28.5251],[120.8313,28.5248],[120.8343,28.5206],[120.8382,28.5209],[120.8396,28.5198],[120.841,28.5175],[120.8428,28.5169],[120.8458,28.5172],[120.8494,28.5187],[120.8506,28.5187],[120.8524,28.516],[120.855,28.5149],[120.8547,28.5141],[120.857,28.5126],[120.8573,28.5098],[120.8564,28.5064],[120.857,28.5033],[120.8607,28.4987],[120.8625,28.4986],[120.8657,28.4944],[120.87,28.494],[120.8739,28.4932],[120.8744,28.4915],[120.8824,28.4932],[120.8834,28.4922],[120.8853,28.4917],[120.8843,28.489],[120.8878,28.4871],[120.8898,28.4875],[120.8945,28.4895],[120.8982,28.49],[120.9003,28.4899],[120.907,28.4926],[120.9095,28.4963],[120.9097,28.4985],[120.9116,28.5004],[120.9153,28.502],[120.9186,28.5041],[120.9189,28.5054],[120.9212,28.5076],[120.9238,28.508],[120.925,28.509],[120.9283,28.5092],[120.9325,28.5082],[120.9346,28.5073],[120.9362,28.5075],[120.9405,28.507],[120.9444,28.504],[120.9476,28.5042],[120.9491,28.5023],[120.9523,28.5057],[120.9524,28.5073],[120.9501,28.5088],[120.9499,28.5118],[120.9518,28.5129],[120.955,28.5135],[120.9565,28.515],[120.9576,28.5145],[120.9586,28.51],[120.9567,28.5072],[120.9571,28.5054],[120.9567,28.5022],[120.9545,28.5004],[120.9536,28.4976],[120.9549,28.4961],[120.9575,28.4946],[120.9583,28.4918],[120.9603,28.488],[120.9623,28.4858],[120.9662,28.4857],[120.9672,28.4863],[120.9694,28.4859],[120.9702,28.4866],[120.9719,28.484],[120.9745,28.4832],[120.9759,28.485],[120.9781,28.4839],[120.9802,28.4841],[120.9821,28.485],[120.9831,28.4849],[120.9856,28.4834],[120.9875,28.4816],[120.9881,28.4799],[120.9908,28.4796],[120.9906,28.478],[120.9911,28.4764],[120.9933,28.4763],[120.9951,28.4758],[120.9981,28.4762],[120.9981,28.4797],[120.9993,28.4832],[121.002,28.4823],[121.0039,28.4822],[121.0074,28.4808],[121.0112,28.4826],[121.0135,28.4816],[121.0149,28.4773],[121.0157,28.4762],[121.0214,28.4758],[121.0226,28.4791],[121.024,28.4795],[121.0244,28.4811],[121.0258,28.4822],[121.028,28.4809],[121.0293,28.4821],[121.0293,28.483],[121.0321,28.4849],[121.0338,28.4848],[121.0367,28.4833],[121.0364,28.4796],[121.0386,28.4796],[121.0398,28.4812],[121.0432,28.4825],[121.0457,28.482],[121.0461,28.4804],[121.0475,28.4788],[121.0518,28.4819],[121.0561,28.4832],[121.0614,28.4839],[121.063,28.4834],[121.0667,28.4835],[121.0683,28.485],[121.073,28.4863],[121.0722,28.49],[121.0712,28.4912],[121.0719,28.4925],[121.0736,28.494],[121.0727,28.4954],[121.0666,28.4951],[121.066,28.4961],[121.0678,28.4977],[121.0698,28.4966],[121.0733,28.4968],[121.0745,28.4988],[121.0765,28.4991],[121.0779,28.4999],[121.0803,28.5004],[121.0813,28.5015],[121.0791,28.5024],[121.0789,28.5043],[121.0816,28.5046],[121.0821,28.5031],[121.0847,28.5061],[121.0862,28.5066],[121.0852,28.5078],[121.0874,28.5084],[121.0858,28.51],[121.0839,28.5102],[121.0872,28.5133],[121.0856,28.5138],[121.0835,28.516],[121.0835,28.5188],[121.0858,28.5234],[121.0884,28.5269],[121.0895,28.5273],[121.0908,28.5265],[121.0929,28.5307],[121.0952,28.5296],[121.0967,28.531],[121.0974,28.5354],[121.0983,28.5375],[121.1004,28.5403],[121.1021,28.5413],[121.1035,28.5408],[121.1048,28.5385],[121.1074,28.5392],[121.1095,28.5402],[121.1108,28.5391],[121.1145,28.5371],[121.1148,28.535],[121.1158,28.5344],[121.1186,28.5346],[121.1205,28.533],[121.1212,28.5298],[121.1244,28.5265],[121.1255,28.5248],[121.1322,28.5254],[121.1335,28.5264],[121.1355,28.5255],[121.1364,28.5267],[121.1382,28.5277],[121.1397,28.5279],[121.1413,28.5268],[121.1407,28.5251],[121.1413,28.5229],[121.1444,28.5227],[121.1457,28.5232],[121.1467,28.5245],[121.1485,28.5253],[121.1488,28.5242],[121.1508,28.5245],[121.1524,28.5234],[121.1524,28.5211],[121.1539,28.5193],[121.1536,28.5178],[121.1552,28.5161],[121.1595,28.5163],[121.1612,28.515],[121.1619,28.5125],[121.1634,28.5123],[121.1647,28.5114],[121.1637,28.5099],[121.1654,28.5079],[121.1678,28.5089],[121.1682,28.5084],[121.1713,28.5087],[121.1725,28.5094],[121.1778,28.5108],[121.1795,28.5105],[121.1827,28.511],[121.1845,28.5116],[121.1851,28.5126],[121.1877,28.5143],[121.1874,28.5154],[121.1892,28.5177],[121.1911,28.5163],[121.1921,28.5141],[121.1938,28.5136],[121.1958,28.5141],[121.1997,28.5137],[121.2021,28.5147],[121.2048,28.5148],[121.2085,28.5146],[121.2117,28.5153],[121.2127,28.5134],[121.2126,28.512],[121.2141,28.5119],[121.2151,28.5111],[121.2172,28.5113],[121.2196,28.5101],[121.2267,28.5092],[121.2285,28.5081],[121.231,28.5095],[121.232,28.511],[121.2324,28.513],[121.2343,28.5139],[121.2364,28.5124],[121.239,28.5126],[121.2415,28.5117],[121.2438,28.5097],[121.2464,28.5095],[121.2479,28.5101],[121.249,28.513],[121.2503,28.5142],[121.2524,28.5135],[121.2542,28.5163],[121.2557,28.5166],[121.2569,28.5157],[121.2568,28.5144],[121.2591,28.5137],[121.2602,28.5147],[121.2619,28.5137],[121.2622,28.516],[121.2614,28.5183],[121.2587,28.5183],[121.2579,28.5203],[121.2583,28.5218],[121.2597,28.5234],[121.2609,28.5206],[121.2621,28.5197],[121.2651,28.5191],[121.2648,28.5204],[121.2677,28.5202],[121.2684,28.5206],[121.2704,28.52],[121.2739,28.5214],[121.2733,28.5224],[121.275,28.5234],[121.279,28.5271],[121.278,28.5286],[121.2795,28.5299],[121.282,28.5306],[121.2871,28.5312],[121.2877,28.5307],[121.2927,28.5304],[121.2937,28.5295],[121.2964,28.5288],[121.2996,28.529],[121.3035,28.5305],[121.3044,28.5317],[121.3059,28.5321],[121.3072,28.5309],[121.3107,28.5323],[121.3114,28.5333],[121.3145,28.5332],[121.3192,28.5317],[121.321,28.5336],[121.3222,28.5369],[121.3207,28.5389],[121.3213,28.54],[121.319,28.5412],[121.3187,28.5423],[121.3155,28.5437],[121.3147,28.5451],[121.3128,28.546],[121.3136,28.547],[121.3136,28.5494],[121.3107,28.5509],[121.3104,28.5525],[121.3083,28.5528],[121.3055,28.5518],[121.3054,28.5536],[121.3061,28.5544],[121.305,28.5555],[121.3078,28.56],[121.3066,28.5635],[121.3052,28.5652],[121.3041,28.5655],[121.3016,28.5675],[121.3012,28.5689],[121.3021,28.5702],[121.3024,28.5718],[121.302,28.5741],[121.3034,28.5756],[121.3015,28.5768],[121.3011,28.5776],[121.2993,28.5786],[121.297,28.5792],[121.2967,28.5814],[121.2953,28.5837],[121.2925,28.5834],[121.2932,28.5858],[121.2923,28.5876],[121.2974,28.588],[121.2998,28.5899],[121.3002,28.593],[121.3,28.5947],[121.3006,28.5966],[121.302,28.5973],[121.3018,28.6],[121.2987,28.5996],[121.2936,28.6006],[121.292,28.6016],[121.2912,28.6029],[121.2912,28.6043],[121.2889,28.6057],[121.2884,28.6077],[121.2893,28.6084],[121.2888,28.6103],[121.2877,28.6116],[121.288,28.6127],[121.2904,28.6147],[121.2907,28.6166],[121.2938,28.619],[121.2956,28.6197],[121.2946,28.6217],[121.2949,28.6226],[121.2939,28.6251],[121.2908,28.6271],[121.2875,28.6272],[121.2873,28.6293],[121.2887,28.6311],[121.2882,28.6329],[121.2884,28.6348],[121.2902,28.6376],[121.292,28.6381],[121.2933,28.6378],[121.2963,28.6347],[121.2981,28.6316],[121.3002,28.6316],[121.3014,28.6309],[121.3033,28.6311],[121.3059,28.6303],[121.3075,28.6317],[121.31,28.633],[121.3123,28.6337],[121.3132,28.6345],[121.3177,28.6368],[121.3196,28.64],[121.3204,28.6401],[121.3225,28.6426],[121.3256,28.6421],[121.3274,28.6433],[121.3312,28.642],[121.3325,28.6427],[121.3349,28.643],[121.3371,28.6422],[121.3393,28.6436],[121.3397,28.6448],[121.3414,28.6444],[121.3426,28.6453],[121.344,28.6443],[121.3461,28.6454],[121.3433,28.6462],[121.3444,28.6484],[121.3474,28.6517],[121.3478,28.6528],[121.3498,28.6543],[121.3516,28.6541],[121.3526,28.6552],[121.3525,28.6565],[121.3543,28.6585],[121.3533,28.6599],[121.3563,28.6624],[121.3593,28.663],[121.3595,28.6644],[121.3607,28.6657],[121.3603,28.6666],[121.3608,28.669],[121.3586,28.6706],[121.3566,28.6738],[121.357,28.6744],[121.3552,28.6773],[121.3549,28.6791],[121.353,28.6794],[121.3543,28.6814],[121.3557,28.6823],[121.3546,28.6847],[121.3552,28.6862],[121.3551,28.6891],[121.3538,28.6904],[121.3529,28.6923],[121.3527,28.6988],[121.3466,28.6986]]]},"properties":{"region_code":"CN-33-3310-331003","parent_region_code":"CN-33-3310","name":"黄岩区","level":"county","has_children":false,"full_path":"中国 / 浙江省 / 台州市 / 黄岩区","source_admin_code":"331003","osm_relation_id":3478413}},
{"type":"Feature","geometry":{"type":"Polygon","coordinates":[[[121.3414,28.6444],[121.3397,28.6448],[121.3393,28.6436],[121.3371,28.6422],[121.3349,28.643],[121.3325,28.6427],[121.3312,28.642],[121.3274,28.6433],[121.3256,28.6421],[121.3225,28.6426],[121.3204,28.6401],[121.3196,28.64],[121.3177,28.6368],[121.3132,28.6345],[121.3123,28.6337],[121.31,28.633],[121.3075,28.6317],[121.3059,28.6303],[121.3033,28.6311],[121.3014,28.6309],[121.3002,28.6316],[121.2981,28.6316],[121.2963,28.6347],[121.2933,28.6378],[121.292,28.6381],[121.2902,28.6376],[121.2884,28.6348],[121.2882,28.6329],[121.2887,28.6311],[121.2873,28.6293],[121.2875,28.6272],[121.2908,28.6271],[121.2939,28.6251],[121.2949,28.6226],[121.2946,28.6217],[121.2956,28.6197],[121.2938,28.619],[121.2907,28.6166],[121.2904,28.6147],[121.288,28.6127],[121.2877,28.6116],[121.2888,28.6103],[121.2893,28.6084],[121.2884,28.6077],[121.2889,28.6057],[121.2912,28.6043],[121.2912,28.6029],[121.292,28.6016],[121.2936,28.6006],[121.2987,28.5996],[121.3018,28.6],[121.302,28.5973],[121.3006,28.5966],[121.3,28.5947],[121.3002,28.593],[121.2998,28.5899],[121.2974,28.588],[121.2923,28.5876],[121.2932,28.5858],[121.2925,28.5834],[121.2953,28.5837],[121.2967,28.5814],[121.297,28.5792],[121.2993,28.5786],[121.3011,28.5776],[121.3015,28.5768],[121.3034,28.5756],[121.302,28.5741],[121.3024,28.5718],[121.3021,28.5702],[121.3012,28.5689],[121.3016,28.5675],[121.3041,28.5655],[121.3052,28.5652],[121.3066,28.5635],[121.3078,28.56],[121.305,28.5555],[121.3061,28.5544],[121.3054,28.5536],[121.3055,28.5518],[121.3083,28.5528],[121.3104,28.5525],[121.3107,28.5509],[121.3136,28.5494],[121.3136,28.547],[121.3128,28.546],[121.3147,28.5451],[121.3155,28.5437],[121.3187,28.5423],[121.319,28.5412],[121.3213,28.54],[121.3207,28.5389],[121.3222,28.5369],[121.321,28.5336],[121.3192,28.5317],[121.3203,28.5317],[121.3218,28.5301],[121.3243,28.5288],[121.3246,28.5275],[121.3267,28.5269],[121.3274,28.5272],[121.3274,28.5289],[121.3295,28.5296],[121.3308,28.5293],[121.3299,28.5271],[121.3318,28.5257],[121.3339,28.5254],[121.3342,28.5245],[121.3326,28.5206],[121.3343,28.52],[121.3344,28.5163],[121.3356,28.5159],[121.3357,28.5177],[121.3368,28.5185],[121.3381,28.518],[121.3395,28.5152],[121.3402,28.5171],[121.3419,28.5175],[121.3438,28.5165],[121.3458,28.5178],[121.3461,28.5164],[121.3454,28.5153],[121.3471,28.5141],[121.3494,28.5142],[121.3496,28.5154],[121.3488,28.5164],[121.3489,28.5193],[121.3562,28.5196],[121.3588,28.5194],[121.36,28.5219],[121.3634,28.521],[121.3627,28.5191],[121.3651,28.5183],[121.3673,28.517],[121.3703,28.5135],[121.3701,28.5122],[121.3752,28.5105],[121.375,28.5099],[121.3785,28.5084],[121.3801,28.5083],[121.3822,28.5069],[121.3854,28.5054],[121.3849,28.5036],[121.3907,28.5025],[121.3926,28.5023],[121.3918,28.4988],[121.3919,28.4976],[121.3951,28.4978],[121.3952,28.4994],[121.3978,28.5005],[121.4005,28.4998],[121.4013,28.5005],[121.4043,28.5004],[121.4048,28.5036],[121.4065,28.505],[121.4066,28.5062],[121.4081,28.5066],[121.4118,28.5038],[121.4134,28.5055],[121.4145,28.5042],[121.416,28.5045],[121.4176,28.5066],[121.4208,28.5056],[121.4246,28.5059],[121.4228,28.5093],[121.4249,28.5116],[121.4284,28.5125],[121.4311,28.5094],[121.4322,28.5097],[121.4343,28.509],[121.4349,28.5077],[121.4372,28.5079],[121.4376,28.5062],[121.4398,28.5058],[121.4401,28.505],[121.4422,28.5034],[121.4446,28.5024],[121.4465,28.501],[121.4476,28.4994],[121.4471,28.4966],[121.4458,28.4929],[121.4459,28.4907],[121.4477,28.4908],[121.4478,28.4895],[121.4503,28.4893],[121.4509,28.4905],[121.4527,28.4915],[121.4537,28.4898],[121.4563,28.4895],[121.4578,28.4886],[121.4598,28.489],[121.4609,28.4876],[121.4648,28.4874],[121.4661,28.489],[121.4693,28.488],[121.4708,28.4889],[121.4708,28.4905],[121.4731,28.4906],[121.4765,28.4916],[121.4774,28.4903],[121.4765,28.4876],[121.4743,28.4867],[121.4735,28.4849],[121.4738,28.4822],[121.4757,28.4806],[121.4764,28.4788],[121.4779,28.4808],[121.4797,28.4823],[121.4815,28.4854],[121.4837,28.4842],[121.4855,28.4841],[121.4848,28.4856],[121.4847,28.4875],[121.4836,28.4877],[121.4827,28.4898],[121.4828,28.4914],[121.4808,28.4937],[121.4856,28.4962],[121.4883,28.4985],[121.4952,28.4996],[121.5022,28.5006],[121.5022,28.4994],[121.5036,28.4991],[121.5074,28.5004],[121.5108,28.5004],[121.5132,28.4997],[121.5128,28.5013],[121.5177,28.5019],[121.5189,28.5008],[121.5225,28.5034],[121.526,28.5034],[121.5287,28.5027],[121.5311,28.5009],[121.5322,28.4996],[121.5317,28.496],[121.5325,28.4944],[121.5338,28.4934],[121.5367,28.4931],[121.5385,28.4938],[121.5401,28.4955],[121.5421,28.4968],[121.5452,28.4975],[121.5478,28.4971],[121.5488,28.4962],[121.5505,28.4936],[121.5526,28.4926],[121.5551,28.4922],[121.5582,28.4924],[121.5612,28.4932],[121.5624,28.494],[121.5642,28.4974],[121.5674,28.4991],[121.5713,28.4991],[121.5746,28.4983],[121.578,28.497],[121.5797,28.4958],[121.582,28.4934],[121.583,28.4918],[121.5859,28.4887],[121.5907,28.4861],[121.595,28.4843],[121.5979,28.4844],[121.5985,28.4836],[121.6067,28.4826],[121.6098,28.4771],[121.6111,28.4736],[121.6102,28.471],[121.6092,28.4697],[121.6042,28.4654],[121.6115,28.4517],[121.6143,28.4477],[121.694,28.4521],[121.7686,28.4383],[121.7619,28.4951],[121.7189,28.5448],[121.6529,28.593],[121.5789,28.5905],[121.5287,28.5889],[121.5248,28.5883],[121.5191,28.587],[121.5119,28.586],[121.5125,28.5834],[121.514,28.5808],[121.5147,28.5786],[121.5087,28.5769],[121.5071,28.5793],[121.5069,28.5817],[121.5049,28.5849],[121.4998,28.5836],[121.4951,28.5828],[121.4953,28.5818],[121.4898,28.581],[121.4896,28.5819],[121.4806,28.5804],[121.4696,28.579],[121.4691,28.5807],[121.4666,28.5802],[121.4666,28.5785],[121.4623,28.5778],[121.4612,28.5769],[121.459,28.5766],[121.4578,28.5758],[121.4557,28.5757],[121.4515,28.5748],[121.4494,28.5735],[121.4458,28.5735],[121.4443,28.5738],[121.4405,28.5737],[121.4401,28.5754],[121.4363,28.5751],[121.4345,28.5755],[121.4335,28.5818],[121.4329,28.5829],[121.4332,28.5847],[121.4343,28.5849],[121.4339,28.5914],[121.4314,28.5921],[121.4291,28.5909],[121.4217,28.5903],[121.4196,28.5892],[121.4152,28.5891],[121.4067,28.5879],[121.4066,28.5851],[121.4058,28.5854],[121.4059,28.5823],[121.4044,28.5811],[121.4029,28.5806],[121.4022,28.5816],[121.4006,28.5815],[121.3998,28.5822],[121.4,28.5872],[121.3956,28.5864],[121.3913,28.5854],[121.391,28.5886],[121.391,28.5924],[121.3905,28.5931],[121.3872,28.5931],[121.3864,28.5954],[121.3855,28.5943],[121.3842,28.5948],[121.3827,28.5943],[121.3815,28.5954],[121.3823,28.5981],[121.381,28.6003],[121.3776,28.5998],[121.3765,28.6013],[121.3746,28.6004],[121.3729,28.6009],[121.369,28.6011],[121.368,28.6027],[121.3656,28.6029],[121.365,28.6039],[121.3607,28.6042],[121.3601,28.6071],[121.3582,28.6071],[121.3557,28.6077],[121.354,28.6099],[121.3547,28.6138],[121.3563,28.6148],[121.3562,28.6186],[121.3541,28.6203],[121.3536,28.6234],[121.3525,28.6245],[121.3506,28.6244],[121.3498,28.6257],[121.348,28.6255],[121.3466,28.6268],[121.3451,28.6263],[121.3448,28.6276],[121.3466,28.6283],[121.3494,28.63],[121.3493,28.6318],[121.3501,28.6345],[121.3482,28.6349],[121.3471,28.6362],[121.3462,28.6388],[121.3449,28.6409],[121.3459,28.6425],[121.3436,28.6426],[121.3414,28.6444]]]},"properties":{"region_code":"CN-33-3310-331004","parent_region_code":"CN-33-3310","name":"路桥区","level":"county","has_children":false,"full_path":"中国 / 浙江省 / 台州市 / 路桥区","source_admin_code":"331004","osm_relation_id":3478390}},
{"type":"Feature","geometry":{"type":"Polygon","coordinates":[[[121.202,29.0294],[121.2047,29.0285],[121.206,29.0294],[121.208,29.029],[121.2108,29.0292],[121.2106,29.0242],[121.213,29.0241],[121.2151,29.0244],[121.2161,29.023],[121.2194,29.0211],[121.2201,29.0196],[121.2175,29.0177],[121.2182,29.0165],[121.2223,29.0149],[121.2235,29.0151],[121.2246,29.0136],[121.2244,29.012],[121.2258,29.0092],[121.2287,29.0099],[121.2317,29.0093],[121.234,29.0093],[121.2338,29.0107],[121.236,29.0109],[121.2368,29.0096],[121.2385,29.0087],[121.2409,29.0089],[121.2418,29.0095],[121.2478,29.008],[121.2496,29.0082],[121.2523,29.0072],[121.2533,29.0078],[121.2551,29.0072],[121.2564,29.0082],[121.2619,29.0086],[121.2631,29.0077],[121.2636,29.0097],[121.2674,29.0119],[121.2703,29.013],[121.2725,29.0126],[121.2732,29.0137],[121.2723,29.0159],[121.2704,29.0165],[121.2707,29.0185],[121.2715,29.0191],[121.2742,29.0166],[121.2754,29.0164],[121.2765,29.015],[121.2796,29.0142],[121.2814,29.0121],[121.282,29.0105],[121.2814,29.0084],[121.2788,29.0031],[121.2785,29.0021],[121.279,28.9995],[121.2809,28.9969],[121.2823,28.9963],[121.2859,28.9978],[121.2878,28.9955],[121.2891,28.9949],[121.2899,28.9935],[121.2928,28.9927],[121.294,28.9904],[121.2925,28.9886],[121.2929,28.9872],[121.2919,28.9847],[121.2943,28.9822],[121.293,28.9798],[121.2953,28.9787],[121.2972,28.9762],[121.3,28.9748],[121.3022,28.9743],[121.3029,28.9733],[121.3064,28.9735],[121.308,28.9721],[121.3086,28.973],[121.3104,28.9726],[121.3133,28.9734],[121.3172,28.9721],[121.3188,28.9725],[121.3199,28.9742],[121.3235,28.9728],[121.3254,28.9751],[121.3267,28.9752],[121.3282,28.9737],[121.3299,28.9731],[121.3312,28.9712],[121.3321,28.9664],[121.3333,28.9646],[121.3337,28.9627],[121.3364,28.9618],[121.3371,28.9603],[121.3363,28.9558],[121.3352,28.9547],[121.3354,28.953],[121.3363,28.9512],[121.3386,28.9503],[121.3421,28.9471],[121.3446,28.946],[121.347,28.9442],[121.3482,28.9426],[121.35,28.9414],[121.3509,28.942],[121.3568,28.944],[121.3586,28.9441],[121.3607,28.9455],[121.3622,28.9481],[121.3648,28.9495],[121.3657,28.9534],[121.3631,28.9568],[121.3621,28.9587],[121.3637,28.9595],[121.3632,28.9609],[121.3644,28.9621],[121.3682,28.9643],[121.37,28.9644],[121.3727,28.9656],[121.3756,28.9661],[121.3759,28.9683],[121.3753,28.9715],[121.376,28.9742],[121.3749,28.9753],[121.3754,28.9784],[121.3764,28.9804],[121.3785,28.9802],[121.3807,28.9809],[121.3851,28.9804],[121.3857,28.9793],[121.3884,28.9792],[121.3897,28.9782],[121.3921,28.9782],[121.3928,28.9776],[121.3943,28.9795],[121.3961,28.9806],[121.3977,28.98],[121.397,28.9774],[121.3993,28.9753],[121.4027,28.9743],[121.4048,28.9729],[121.4069,28.9724],[121.4097,28.9704],[121.4088,28.9687],[121.4104,28.9675],[121.411,28.9662],[121.4086,28.9648],[121.407,28.9647],[121.4063,28.9655],[121.4039,28.9631],[121.4065,28.9616],[121.4078,28.9623],[121.4095,28.9622],[121.4091,28.9607],[121.4103,28.9592],[121.4101,28.9579],[121.4143,28.9545],[121.4183,28.9538],[121.4207,28.953],[121.4226,28.9529],[121.4214,28.9506],[121.422,28.9487],[121.4233,28.9422],[121.4229,28.9412],[121.4238,28.9399],[121.4243,28.9377],[121.4256,28.9367],[121.4272,28.9343],[121.4293,28.9333],[121.4327,28.9303],[121.4334,28.929],[121.4349,28.9275],[121.4377,28.9269],[121.4423,28.9274],[121.4439,28.9259],[121.4457,28.9256],[121.4468,28.9277],[121.4483,28.9273],[121.4494,28.9263],[121.4495,28.9247],[121.447,28.9205],[121.4486,28.9198],[121.4499,28.9184],[121.4483,28.916],[121.4495,28.912],[121.4508,28.9107],[121.4501,28.9078],[121.4504,28.9058],[121.4512,28.9041],[121.4536,28.9022],[121.454,28.9001],[121.4522,28.8983],[121.4515,28.8965],[121.452,28.8954],[121.4543,28.8954],[121.4576,28.8937],[121.4581,28.8919],[121.46,28.89],[121.4605,28.889],[121.4669,28.8881],[121.469,28.887],[121.4724,28.886],[121.4739,28.8861],[121.4757,28.8848],[121.4735,28.8824],[121.4737,28.8798],[121.476,28.8765],[121.4759,28.8753],[121.4779,28.8749],[121.4809,28.8721],[121.4801,28.8713],[121.4822,28.8694],[121.4807,28.8688],[121.4812,28.867],[121.4802,28.8655],[121.4798,28.8634],[121.4823,28.8619],[121.48,28.8591],[121.4775,28.8573],[121.478,28.8559],[121.4807,28.8564],[121.4809,28.8542],[121.4864,28.8548],[121.4851,28.8517],[121.4884,28.8525],[121.4889,28.852],[121.4927,28.8529],[121.4938,28.8524],[121.4957,28.8535],[121.4976,28.8539],[121.498,28.8532],[121.5002,28.8518],[121.5011,28.8523],[121.5021,28.8553],[121.5048,28.8542],[121.506,28.8545],[121.5106,28.8544],[121.5148,28.8553],[121.5167,28.8564],[121.5186,28.8558],[121.5211,28.8559],[121.5236,28.8548],[121.5263,28.8548],[121.5293,28.8541],[121.5321,28.854],[121.5328,28.8533],[121.5385,28.8532],[121.5391,28.8555],[121.5405,28.855],[121.5434,28.8548],[121.546,28.8558],[121.5492,28.8585],[121.5507,28.8582],[121.5525,28.8566],[121.5522,28.8558],[121.555,28.8537],[121.5555,28.8524],[121.5572,28.8522],[121.5573,28.8508],[121.5625,28.8513],[121.5642,28.8521],[121.5639,28.8534],[121.5657,28.8538],[121.567,28.8532],[121.5681,28.8516],[121.5723,28.8495],[121.5735,28.8474],[121.5737,28.8458],[121.5714,28.8428],[121.5731,28.8417],[121.5744,28.842],[121.5777,28.8441],[121.5789,28.8455],[121.5828,28.8478],[121.5853,28.8466],[121.5851,28.8455],[121.587,28.8438],[121.5864,28.8412],[121.5878,28.8412],[121.5884,28.8435],[121.5904,28.8429],[121.592,28.8432],[121.594,28.8456],[121.5957,28.8453],[121.5965,28.8462],[121.5979,28.8462],[121.5983,28.845],[121.5997,28.8454],[121.6018,28.8428],[121.6006,28.8427],[121.6015,28.8406],[121.6047,28.8394],[121.6058,28.8394],[121.6069,28.8408],[121.6089,28.8403],[121.6099,28.8411],[121.6109,28.84],[121.6134,28.8404],[121.6155,28.8382],[121.6189,28.8402],[121.6192,28.8416],[121.6231,28.8437],[121.624,28.8447],[121.6235,28.8465],[121.6267,28.8481],[121.6282,28.8482],[121.6293,28.8491],[121.6294,28.8511],[121.6301,28.852],[121.6324,28.8521],[121.6355,28.8532],[121.6363,28.8569],[121.6371,28.8582],[121.6415,28.86],[121.6496,28.8642],[121.658,28.8726],[121.663,28.8821],[121.7278,28.8631],[121.9441,28.8663],[121.7777,28.9989],[121.7497,29.0981],[121.7394,29.1071],[121.7332,29.1119],[121.6929,29.1272],[121.6744,29.1302],[121.6028,29.167],[121.5752,29.1731],[121.5445,29.1746],[121.5437,29.1735],[121.5342,29.1639],[121.5347,29.1636],[121.5324,29.1613],[121.541,29.1548],[121.5401,29.1506],[121.5403,29.1481],[121.5416,29.1448],[121.5415,29.1438],[121.526,29.1404],[121.4901,29.1426],[121.4672,29.1507],[121.4472,29.1604],[121.4369,29.1626],[121.4295,29.1631],[121.4278,29.163],[121.4204,29.161],[121.4206,29.16],[121.4176,29.1596],[121.4167,29.1612],[121.415,29.1608],[121.4133,29.1616],[121.4128,29.1626],[121.4115,29.1627],[121.4113,29.1602],[121.4093,29.1591],[121.407,29.1608],[121.4049,29.1592],[121.4037,29.1603],[121.402,29.1595],[121.4002,29.1601],[121.3993,29.1618],[121.3982,29.1622],[121.3966,29.1639],[121.3987,29.165],[121.3971,29.1666],[121.3977,29.1677],[121.3996,29.1678],[121.4012,29.1691],[121.3996,29.1758],[121.3988,29.1782],[121.4002,29.1808],[121.3953,29.1849],[121.3928,29.1844],[121.3906,29.1866],[121.3918,29.1883],[121.3913,29.1899],[121.39,29.1897],[121.3895,29.1909],[121.3863,29.1931],[121.3874,29.1937],[121.3863,29.1963],[121.3836,29.1959],[121.381,29.1977],[121.3809,29.1999],[121.379,29.2],[121.3792,29.2022],[121.3753,29.2033],[121.3738,29.2023],[121.3738,29.2007],[121.3712,29.2],[121.3705,29.1966],[121.369,29.1976],[121.3675,29.1959],[121.3674,29.1943],[121.3663,29.192],[121.3625,29.1885],[121.3612,29.1893],[121.3604,29.1917],[121.3579,29.1906],[121.3545,29.1912],[121.3526,29.1906],[121.3513,29.1894],[121.35,29.1872],[121.3493,29.1849],[121.3493,29.1826],[121.3504,29.1817],[121.3528,29.1817],[121.3538,29.1822],[121.357,29.182],[121.3585,29.1814],[121.3594,29.1821],[121.3614,29.1799],[121.3597,29.1786],[121.3591,29.1761],[121.3594,29.1737],[121.3568,29.1718],[121.3529,29.1708],[121.3515,29.1713],[121.3522,29.1682],[121.3516,29.1662],[121.352,29.1653],[121.3513,29.1632],[121.3501,29.1614],[121.3487,29.1621],[121.3456,29.1595],[121.3439,29.1599],[121.3441,29.1578],[121.3433,29.1566],[121.344,29.1529],[121.3421,29.1511],[121.3402,29.1504],[121.3405,29.1482],[121.3399,29.1459],[121.3433,29.1422],[121.343,29.1396],[121.3446,29.1375],[121.3433,29.1361],[121.3411,29.1351],[121.34,29.1336],[121.3406,29.1307],[121.3392,29.1293],[121.338,29.1299],[121.3368,29.129],[121.3354,29.1263],[121.3353,29.125],[121.3333,29.1253],[121.329,29.124],[121.3249,29.1241],[121.3214,29.1235],[121.3207,29.1224],[121.3201,29.1192],[121.3188,29.1183],[121.3184,29.1167],[121.3171,29.1144],[121.3153,29.1129],[121.3133,29.1127],[121.3129,29.1113],[121.3134,29.1087],[121.3123,29.1077],[121.3112,29.1083],[121.3079,29.1074],[121.3062,29.108],[121.3054,29.1098],[121.3078,29.1126],[121.3053,29.1146],[121.3072,29.1178],[121.3058,29.1184],[121.3032,29.1166],[121.2988,29.1174],[121.2978,29.1183],[121.2958,29.118],[121.2966,29.115],[121.2953,29.1146],[121.2937,29.1156],[121.2922,29.1174],[121.2917,29.1189],[121.2905,29.1193],[121.2891,29.1162],[121.2917,29.1145],[121.2925,29.112],[121.2946,29.1118],[121.2953,29.1095],[121.2931,29.1072],[121.2928,29.1049],[121.294,29.1024],[121.2924,29.1013],[121.292,29.0998],[121.2892,29.1007],[121.2912,29.0955],[121.291,29.0943],[121.2893,29.0945],[121.2857,29.0936],[121.2838,29.0946],[121.2829,29.0935],[121.2819,29.095],[121.2818,29.0978],[121.2784,29.0989],[121.2751,29.0992],[121.2747,29.1007],[121.2728,29.103],[121.2708,29.1041],[121.2656,29.104],[121.265,29.1046],[121.2642,29.1091],[121.2631,29.11],[121.2642,29.1111],[121.267,29.1118],[121.2667,29.1137],[121.2647,29.1142],[121.2618,29.1144],[121.2615,29.1161],[121.2593,29.1171],[121.2577,29.117],[121.2569,29.1162],[121.2539,29.1179],[121.2523,29.1179],[121.2507,29.117],[121.2505,29.1157],[121.251,29.1131],[121.2496,29.1113],[121.2511,29.1084],[121.2512,29.1069],[121.2525,29.1062],[121.2523,29.1045],[121.2509,29.1036],[121.2515,29.1014],[121.2488,29.0996],[121.2478,29.0973],[121.2484,29.0967],[121.2471,29.0946],[121.2476,29.0932],[121.2458,29.0914],[121.2449,29.0922],[121.2427,29.0924],[121.2387,29.0903],[121.2376,29.0887],[121.2354,29.0873],[121.2327,29.0836],[121.2309,29.0798],[121.2265,29.0793],[121.2281,29.0759],[121.2266,29.0751],[121.2249,29.0754],[121.2248,29.0734],[121.2229,29.0724],[121.2214,29.0705],[121.2221,29.0696],[121.2212,29.0676],[121.219,29.0668],[121.2204,29.0656],[121.2189,29.0645],[121.2173,29.0645],[121.2167,29.0631],[121.2188,29.0611],[121.222,29.0601],[121.2189,29.0576],[121.2186,29.056],[121.217,29.0542],[121.2143,29.0528],[121.2137,29.0503],[121.2125,29.05],[121.2116,29.0488],[121.2086,29.0464],[121.2086,29.0446],[121.2064,29.0437],[121.2059,29.0417],[121.2066,29.0396],[121.2057,29.034],[121.2033,29.0334],[121.2029,29.0304],[121.202,29.0294]]]},"properties":{"region_code":"CN-33-3310-331022","parent_region_code":"CN-33-3310","name":"三门县","level":"county","has_children":false,"full_path":"中国 / 浙江省 / 台州市 / 三门县","source_admin_code":"331022","osm_relation_id":3478415}},
{"type":"Feature","geometry":{"type":"Polygon","coordinates":[[[121.2523,29.1179],[121.2502,29.1195],[121.2501,29.1221],[121.2523,29.1242],[121.2535,29.1247],[121.2534,29.1266],[121.252,29.1282],[121.2535,29.1318],[121.2546,29.1325],[121.2552,29.1342],[121.2554,29.1383],[121.2543,29.1409],[121.2555,29.1416],[121.256,29.1443],[121.2572,29.1459],[121.2557,29.1466],[121.2549,29.1478],[121.2534,29.1482],[121.2518,29.1507],[121.2541,29.1523],[121.2574,29.1537],[121.2594,29.156],[121.2598,29.1572],[121.2549,29.1592],[121.2536,29.1606],[121.2522,29.1599],[121.2509,29.16],[121.2498,29.1611],[121.2463,29.1631],[121.247,29.1648],[121.247,29.1684],[121.2459,29.1689],[121.244,29.1707],[121.2424,29.1709],[121.2419,29.1723],[121.2402,29.1738],[121.2391,29.1758],[121.2326,29.1794],[121.2312,29.1814],[121.2289,29.1825],[121.228,29.184],[121.2277,29.1863],[121.2285,29.1903],[121.2292,29.1909],[121.2287,29.1938],[121.2303,29.1982],[121.2288,29.1983],[121.2276,29.1996],[121.2255,29.1994],[121.2251,29.2001],[121.2226,29.2016],[121.2217,29.2043],[121.2213,29.2068],[121.2192,29.2067],[121.2151,29.2077],[121.2173,29.2105],[121.2174,29.2122],[121.2162,29.2131],[121.2143,29.2134],[121.2135,29.2125],[121.2121,29.2127],[121.2099,29.2099],[121.2079,29.2114],[121.2064,29.2107],[121.206,29.2096],[121.2026,29.2092],[121.2016,29.2097],[121.1999,29.2092],[121.1989,29.2078],[121.196,29.2073],[121.1947,29.2077],[121.1934,29.2091],[121.1907,29.2087],[121.1888,29.2069],[121.1879,29.2067],[121.1863,29.2079],[121.1834,29.2087],[121.182,29.2077],[121.1806,29.2092],[121.177,29.2097],[121.1749,29.2095],[121.1719,29.2075],[121.1706,29.2078],[121.1685,29.2097],[121.1649,29.2104],[121.1624,29.2111],[121.1617,29.2141],[121.1636,29.2183],[121.165,29.2188],[121.1658,29.222],[121.1673,29.2235],[121.1673,29.2246],[121.166,29.2252],[121.165,29.2274],[121.1641,29.2279],[121.165,29.2298],[121.1638,29.2363],[121.1658,29.2357],[121.1677,29.2346],[121.1677,29.2371],[121.1671,29.2386],[121.1677,29.2401],[121.1648,29.2413],[121.1663,29.2426],[121.1656,29.2453],[121.1668,29.2478],[121.166,29.2489],[121.1624,29.2489],[121.16,29.2493],[121.1584,29.2503],[121.1612,29.2525],[121.1619,29.2542],[121.1614,29.2577],[121.1615,29.2592],[121.1639,29.2612],[121.1639,29.2634],[121.1632,29.2652],[121.166,29.2666],[121.1695,29.2664],[121.1711,29.2656],[121.1717,29.264],[121.173,29.2643],[121.1733,29.2629],[121.175,29.2629],[121.1758,29.264],[121.176,29.2668],[121.1776,29.2683],[121.1758,29.2687],[121.1764,29.2702],[121.1738,29.271],[121.1732,29.273],[121.1713,29.276],[121.1714,29.278],[121.1723,29.2804],[121.1737,29.285],[121.1764,29.2869],[121.1749,29.288],[121.1772,29.2904],[121.1755,29.2905],[121.1753,29.2923],[121.174,29.2929],[121.1766,29.2946],[121.1788,29.2965],[121.1806,29.2974],[121.1826,29.3005],[121.1825,29.3017],[121.1856,29.3014],[121.1885,29.3026],[121.1901,29.3043],[121.1939,29.3061],[121.1962,29.3069],[121.1951,29.3089],[121.1961,29.3119],[121.1972,29.3138],[121.1964,29.3159],[121.1954,29.317],[121.1924,29.3185],[121.1874,29.3156],[121.1854,29.3142],[121.1848,29.3165],[121.1834,29.3191],[121.1831,29.3219],[121.1865,29.322],[121.1889,29.3241],[121.1891,29.3254],[121.1841,29.3259],[121.1825,29.3271],[121.1812,29.3291],[121.1768,29.3313],[121.1754,29.3299],[121.1721,29.3297],[121.1721,29.3282],[121.1706,29.3282],[121.1687,29.3253],[121.1666,29.3256],[121.1619,29.3279],[121.1596,29.3284],[121.159,29.3301],[121.1585,29.3344],[121.1589,29.3364],[121.1591,29.3399],[121.1602,29.3415],[121.1603,29.3428],[121.1625,29.3453],[121.1619,29.3466],[121.1605,29.3469],[121.1548,29.3413],[121.1534,29.3391],[121.1533,29.3381],[121.1514,29.3362],[121.1513,29.3352],[121.1492,29.3343],[121.1485,29.3347],[121.1462,29.3335],[121.1438,29.3335],[121.141,29.335],[121.1391,29.3365],[121.138,29.3384],[121.1365,29.3382],[121.1344,29.3391],[121.1334,29.3388],[121.1305,29.3412],[121.1294,29.3414],[121.1264,29.3404],[121.1255,29.3409],[121.1199,29.3409],[121.1184,29.3402],[121.1182,29.3388],[121.1163,29.337],[121.1139,29.3361],[121.113,29.3344],[121.1137,29.3304],[121.1132,29.3287],[121.1137,29.3262],[121.1156,29.3235],[121.1171,29.3219],[121.1163,29.3199],[121.1141,29.3179],[121.115,29.3154],[121.1144,29.315],[121.1139,29.3106],[121.1127,29.3083],[121.1107,29.3062],[121.1073,29.3062],[121.1062,29.3058],[121.1025,29.3071],[121.0987,29.3074],[121.0971,29.3083],[121.0951,29.3103],[121.096,29.3132],[121.0927,29.314],[121.0924,29.3155],[121.0939,29.316],[121.0941,29.3181],[121.0925,29.3208],[121.0916,29.3217],[121.0886,29.3209],[121.0841,29.323],[121.0819,29.3221],[121.0793,29.3221],[121.0778,29.3193],[121.0749,29.3202],[121.0726,29.3218],[121.0722,29.3241],[121.071,29.3247],[121.0679,29.3253],[121.0645,29.3247],[121.0624,29.3253],[121.0578,29.3249],[121.0571,29.3256],[121.0531,29.3274],[121.0509,29.3259],[121.0502,29.327],[121.0477,29.3261],[121.0489,29.325],[121.0476,29.3203],[121.0459,29.3191],[121.0437,29.3194],[121.0444,29.3174],[121.0405,29.314],[121.039,29.3135],[121.0373,29.312],[121.0336,29.3126],[121.0316,29.3117],[121.0279,29.3113],[121.0253,29.3119],[121.0241,29.311],[121.0209,29.3114],[121.0213,29.3129],[121.0207,29.3149],[121.0218,29.3174],[121.0196,29.32],[121.0175,29.3201],[121.0174,29.322],[121.0149,29.3248],[121.0122,29.3229],[121.0109,29.3214],[121.0095,29.3229],[121.0053,29.3223],[121.004,29.3217],[121.0025,29.3222],[121.0018,29.3232],[120.999,29.3239],[120.9967,29.3232],[120.9963,29.3223],[120.9971,29.3203],[120.9983,29.32],[120.9998,29.3173],[120.9968,29.3157],[120.9941,29.3158],[120.9918,29.3147],[120.993,29.312],[120.991,29.3109],[120.9905,29.3098],[120.9879,29.3111],[120.9861,29.3108],[120.9838,29.3087],[120.9828,29.3097],[120.9791,29.311],[120.9777,29.3127],[120.9796,29.3158],[120.9809,29.316],[120.9816,29.3172],[120.981,29.3187],[120.9793,29.3208],[120.9776,29.3211],[120.9756,29.3208],[120.9739,29.3198],[120.9723,29.3214],[120.9711,29.3204],[120.9708,29.317],[120.9694,29.3171],[120.9678,29.3146],[120.9695,29.3122],[120.9682,29.3089],[120.967,29.3066],[120.9651,29.3056],[120.9651,29.3044],[120.9624,29.3054],[120.9628,29.3018],[120.9615,29.3011],[120.9601,29.3014],[120.9595,29.3024],[120.9566,29.3041],[120.9552,29.3033],[120.9556,29.3009],[120.9519,29.2981],[120.9522,29.2955],[120.9504,29.2944],[120.9461,29.2954],[120.947,29.2928],[120.946,29.2918],[120.9456,29.2874],[120.9435,29.2869],[120.9419,29.2879],[120.9402,29.291],[120.9402,29.2926],[120.9366,29.2948],[120.9354,29.2943],[120.9325,29.295],[120.9312,29.2948],[120.9292,29.2927],[120.9276,29.2938],[120.9258,29.2934],[120.9237,29.294],[120.9216,29.2939],[120.9214,29.2966],[120.9224,29.2975],[120.9225,29.2995],[120.9201,29.302],[120.9182,29.3015],[120.9149,29.3032],[120.9129,29.3033],[120.9116,29.3013],[120.9091,29.3007],[120.9086,29.3026],[120.9076,29.3039],[120.9052,29.3012],[120.9049,29.3003],[120.9027,29.2992],[120.9016,29.298],[120.9003,29.2941],[120.8992,29.2933],[120.9003,29.2914],[120.9,29.2893],[120.8979,29.2886],[120.8972,29.287],[120.898,29.2857],[120.8991,29.2827],[120.8992,29.2792],[120.8989,29.2773],[120.8963,29.2755],[120.8934,29.2744],[120.8899,29.2744],[120.8888,29.2734],[120.8872,29.2734],[120.8867,29.2717],[120.8845,29.2699],[120.8833,29.2678],[120.8844,29.2658],[120.8859,29.2646],[120.8856,29.2635],[120.8877,29.2604],[120.8901,29.2598],[120.8929,29.2574],[120.8885,29.2571],[120.8891,29.256],[120.8917,29.2539],[120.89,29.2538],[120.8899,29.2527],[120.8913,29.2516],[120.8914,29.2505],[120.89,29.2484],[120.8882,29.2478],[120.8884,29.2463],[120.8871,29.243],[120.8848,29.2431],[120.8809,29.2408],[120.8792,29.2406],[120.8778,29.2429],[120.8763,29.2437],[120.8744,29.2457],[120.873,29.2457],[120.8716,29.2464],[120.8701,29.2448],[120.868,29.2456],[120.8657,29.2456],[120.8642,29.2466],[120.8622,29.2467],[120.8628,29.2494],[120.8604,29.2519],[120.8604,29.253],[120.8571,29.2575],[120.8552,29.2567],[120.8522,29.2572],[120.8512,29.2562],[120.849,29.2559],[120.8477,29.2534],[120.8466,29.2531],[120.8448,29.2504],[120.843,29.2503],[120.8421,29.2496],[120.842,29.2478],[120.8407,29.2448],[120.839,29.2445],[120.8369,29.2423],[120.8361,29.2421],[120.8357,29.2401],[120.8317,29.2397],[120.8289,29.2375],[120.8275,29.2362],[120.8232,29.2338],[120.8215,29.2336],[120.8197,29.2326],[120.8183,29.2341],[120.8157,29.2336],[120.814,29.2329],[120.8125,29.2343],[120.8111,29.237],[120.8088,29.2369],[120.8068,29.2363],[120.8054,29.2396],[120.8029,29.2392],[120.7969,29.2357],[120.7931,29.2342],[120.7927,29.2329],[120.7896,29.2314],[120.7885,29.2297],[120.7865,29.2287],[120.7839,29.2293],[120.7813,29.229],[120.7797,29.2274],[120.7778,29.2272],[120.7777,29.2263],[120.7792,29.2256],[120.7803,29.2234],[120.7787,29.221],[120.7801,29.2203],[120.7793,29.2191],[120.7764,29.2193],[120.7745,29.2186],[120.7734,29.2173],[120.7714,29.216],[120.7721,29.214],[120.7743,29.213],[120.7737,29.2116],[120.7713,29.2114],[120.7693,29.2095],[120.7685,29.2078],[120.7699,29.2065],[120.7701,29.2054],[120.773,29.2037],[120.7737,29.2015],[120.7723,29.2007],[120.7693,29.198],[120.7679,29.1983],[120.7667,29.2002],[120.7647,29.2017],[120.7651,29.2035],[120.7628,29.2032],[120.7627,29.2016],[120.7611,29.1978],[120.7605,29.1978],[120.7592,29.2001],[120.7585,29.1992],[120.759,29.198],[120.7603,29.1971],[120.7612,29.1949],[120.76,29.1943],[120.759,29.1926],[120.7527,29.1912],[120.7516,29.1868],[120.7519,29.1851],[120.751,29.1819],[120.7494,29.1819],[120.7469,29.1805],[120.7458,29.1784],[120.7447,29.1789],[120.743,29.1772],[120.7384,29.1755],[120.738,29.1731],[120.7368,29.1726],[120.7359,29.1708],[120.7343,29.171],[120.732,29.1701],[120.731,29.1685],[120.7276,29.1678],[120.7263,29.1665],[120.724,29.1655],[120.7216,29.1652],[120.7198,29.1657],[120.721,29.163],[120.7222,29.1642],[120.7227,29.162],[120.72,29.1602],[120.7184,29.16],[120.7188,29.1581],[120.7161,29.1555],[120.7156,29.1528],[120.7131,29.1523],[120.7098,29.1523],[120.7092,29.1486],[120.708,29.1479],[120.7079,29.1466],[120.7113,29.1435],[120.7096,29.1404],[120.7102,29.1397],[120.715,29.1391],[120.7161,29.1357],[120.7161,29.1324],[120.7197,29.1342],[120.7211,29.1359],[120.7224,29.1356],[120.725,29.1366],[120.725,29.1344],[120.7257,29.1331],[120.7298,29.1329],[120.7318,29.1333],[120.7325,29.132],[120.7326,29.1294],[120.739,29.1297],[120.741,29.129],[120.7432,29.1256],[120.7428,29.1236],[120.7415,29.1222],[120.7411,29.1201],[120.7398,29.1194],[120.7387,29.117],[120.7357,29.1157],[120.735,29.1165],[120.7329,29.1167],[120.7319,29.118],[120.7279,29.1165],[120.725,29.117],[120.7235,29.1187],[120.7223,29.1223],[120.7203,29.1231],[120.7193,29.1227],[120.7194,29.1212],[120.7184,29.1184],[120.7171,29.1164],[120.7152,29.115],[120.7157,29.1128],[120.7178,29.1119],[120.7174,29.1108],[120.7149,29.11],[120.7144,29.1085],[120.7112,29.108],[120.7101,29.107],[120.7064,29.1021],[120.7068,29.1013],[120.7032,29.1005],[120.7003,29.1008],[120.6975,29.0996],[120.6948,29.0975],[120.694,29.0976],[120.6926,29.0959],[120.6905,29.0955],[120.6909,29.0946],[120.69,29.0926],[120.6901,29.0888],[120.6927,29.0865],[120.6951,29.0836],[120.6973,29.0826],[120.6983,29.0805],[120.7006,29.079],[120.7011,29.0759],[120.7,29.0739],[120.7002,29.0706],[120.6995,29.0687],[120.6974,29.0669],[120.6976,29.0657],[120.6991,29.0629],[120.6982,29.0617],[120.6963,29.0608],[120.6977,29.0595],[120.6969,29.0585],[120.6936,29.0583],[120.6913,29.0571],[120.693,29.0559],[120.6926,29.0528],[120.6905,29.053],[120.6869,29.0553],[120.6863,29.054],[120.6902,29.0513],[120.6938,29.0495],[120.695,29.0493],[120.6972,29.0471],[120.6965,29.0447],[120.6954,29.0433],[120.6931,29.0429],[120.6896,29.0446],[120.6876,29.0438],[120.6895,29.0425],[120.6895,29.0417],[120.6912,29.0375],[120.6903,29.0353],[120.692,29.0334],[120.6916,29.032],[120.6943,29.0301],[120.6956,29.0277],[120.6983,29.0249],[120.7018,29.0241],[120.7021,29.0255],[120.7048,29.0266],[120.7047,29.0278],[120.7027,29.029],[120.7047,29.0311],[120.7032,29.0351],[120.7035,29.0362],[120.7061,29.0388],[120.7078,29.0379],[120.7104,29.0382],[120.7114,29.0403],[120.7135,29.0378],[120.7111,29.0359],[120.7112,29.032],[120.7128,29.0316],[120.7151,29.0282],[120.7166,29.0276],[120.7191,29.0284],[120.7212,29.0282],[120.7205,29.0264],[120.7204,29.0245],[120.7166,29.0201],[120.7158,29.0181],[120.7166,29.0171],[120.7161,29.0142],[120.7186,29.013],[120.7196,29.0157],[120.7218,29.0168],[120.7229,29.0156],[120.7228,29.014],[120.7241,29.0135],[120.7253,29.0107],[120.7251,29.0098],[120.7228,29.0091],[120.7205,29.0064],[120.7211,29.005],[120.7188,29.0039],[120.7198,29.0022],[120.7179,29.0005],[120.7168,28.9982],[120.7195,28.9944],[120.7209,28.9956],[120.7212,28.9937],[120.7241,28.9914],[120.7246,28.9891],[120.7244,28.9878],[120.7249,28.9858],[120.7225,28.9839],[120.7171,28.983],[120.7161,28.9831],[120.7144,28.9817],[120.7165,28.9813],[120.7242,28.9805],[120.7286,28.9805],[120.7321,28.9812],[120.7343,28.9827],[120.7366,28.9836],[120.7386,28.986],[120.7392,28.9873],[120.7414,28.9887],[120.7436,28.9872],[120.7456,28.9835],[120.7477,28.9828],[120.75,28.9837],[120.753,28.9836],[120.7537,28.9854],[120.7533,28.9879],[120.7555,28.99],[120.7555,28.9907],[120.7592,28.9933],[120.761,28.9933],[120.7645,28.9942],[120.7666,28.9964],[120.7697,28.9954],[120.7717,28.996],[120.7731,28.9957],[120.7742,28.9973],[120.7757,28.997],[120.7765,28.9947],[120.7778,28.9935],[120.7765,28.991],[120.7781,28.9895],[120.7808,28.9901],[120.7805,28.9876],[120.7821,28.9863],[120.781,28.9836],[120.7805,28.9798],[120.7813,28.9788],[120.7829,28.9742],[120.7863,28.9749],[120.7896,28.973],[120.7911,28.9711],[120.7918,28.9683],[120.7933,28.9669],[120.794,28.965],[120.7952,28.9651],[120.7981,28.9636],[120.8006,28.9642],[120.8023,28.965],[120.8043,28.9636],[120.8068,28.9631],[120.809,28.9633],[120.8098,28.9608],[120.8127,28.9595],[120.8147,28.9579],[120.8156,28.9563],[120.8155,28.9546],[120.8174,28.9554],[120.8198,28.9552],[120.8214,28.9559],[120.8229,28.9544],[120.8259,28.9567],[120.8313,28.9561],[120.8331,28.957],[120.834,28.9585],[120.8357,28.9592],[120.8366,28.9611],[120.8382,28.9624],[120.8391,28.9642],[120.8387,28.9649],[120.8402,28.9672],[120.8397,28.9685],[120.8402,28.9708],[120.8415,28.9728],[120.8449,28.9738],[120.8471,28.9753],[120.8505,28.977],[120.8526,28.9791],[120.8542,28.979],[120.8556,28.9804],[120.8591,28.9809],[120.862,28.983],[120.8651,28.9839],[120.8664,28.9849],[120.8673,28.9867],[120.8683,28.9872],[120.8701,28.99],[120.8704,28.9914],[120.8701,28.9933],[120.8715,28.9947],[120.8723,28.9962],[120.8735,28.9969],[120.8754,28.9991],[120.8772,29.0002],[120.8811,29.0039],[120.883,29.0043],[120.8872,29.0069],[120.8891,29.0065],[120.8903,29.0073],[120.8918,29.0101],[120.8937,29.0107],[120.8955,29.0097],[120.8975,29.0101],[120.8991,29.0111],[120.9015,29.0107],[120.9031,29.0115],[120.905,29.0117],[120.9072,29.0127],[120.9098,29.0101],[120.911,29.0114],[120.9128,29.0114],[120.9159,29.0134],[120.9176,29.013],[120.9196,29.0151],[120.9226,29.0163],[120.9252,29.016],[120.9265,29.0176],[120.9267,29.0188],[120.9282,29.0209],[120.9279,29.0223],[120.9295,29.0236],[120.931,29.0258],[120.9323,29.0263],[120.9323,29.0282],[120.9329,29.0311],[120.9336,29.0316],[120.9351,29.0353],[120.9365,29.0367],[120.9395,29.0375],[120.9417,29.0395],[120.945,29.0381],[120.9467,29.0402],[120.949,29.0402],[120.9516,29.0394],[120.9519,29.0378],[120.9549,29.037],[120.9566,29.0358],[120.9562,29.0345],[120.9586,29.0326],[120.9614,29.0336],[120.9684,29.0347],[120.9696,29.0379],[120.9708,29.0386],[120.9731,29.037],[120.9743,29.0356],[120.9769,29.0362],[120.9796,29.0362],[120.9814,29.0358],[120.985,29.0358],[120.9878,29.0376],[120.9894,29.0375],[120.9905,29.0366],[120.9906,29.0345],[120.9917,29.0335],[120.9966,29.0337],[120.9986,29.0353],[121.0005,29.0351],[121.0013,29.0344],[121.0035,29.0338],[121.0041,29.0345],[121.0065,29.0347],[121.0078,29.0356],[121.0092,29.0338],[121.0093,29.0326],[121.0111,29.0305],[121.0127,29.0312],[121.0149,29.031],[121.0174,29.0299],[121.0164,29.0278],[121.0167,29.0261],[121.0183,29.0251],[121.0195,29.0224],[121.0222,29.0217],[121.0235,29.0228],[121.0243,29.0223],[121.0257,29.0233],[121.0298,29.0246],[121.0319,29.0246],[121.0342,29.0261],[121.0343,29.0273],[121.0374,29.0294],[121.0387,29.0293],[121.0407,29.0307],[121.043,29.0311],[121.0463,29.0308],[121.0462,29.0331],[121.048,29.0351],[121.0514,29.0361],[121.0538,29.0377],[121.0558,29.0379],[121.0565,29.0423],[121.0589,29.043],[121.0594,29.0451],[121.061,29.0459],[121.062,29.0508],[121.0617,29.0522],[121.0641,29.0547],[121.0642,29.0571],[121.0657,29.0591],[121.0684,29.0609],[121.0688,29.0624],[121.0702,29.0627],[121.0723,29.0639],[121.074,29.0639],[121.0741,29.0656],[121.0765,29.067],[121.0786,29.0676],[121.083,29.0675],[121.0841,29.0682],[121.086,29.0673],[121.0858,29.0657],[121.0876,29.0635],[121.0891,29.0627],[121.0908,29.0636],[121.0922,29.0635],[121.0948,29.0622],[121.0968,29.0627],[121.0981,29.0622],[121.0986,29.0609],[121.1012,29.06],[121.1033,29.06],[121.1066,29.058],[121.1101,29.0581],[121.1115,29.0589],[121.1133,29.0577],[121.1142,29.0563],[121.1149,29.0534],[121.1147,29.0526],[121.1129,29.0517],[121.1121,29.0498],[121.1145,29.0488],[121.1149,29.0469],[121.1168,29.0459],[121.1191,29.0453],[121.121,29.0459],[121.1225,29.0452],[121.1242,29.0458],[121.1272,29.0449],[121.128,29.0466],[121.1307,29.0476],[121.1324,29.047],[121.1332,29.0482],[121.1353,29.0489],[121.1381,29.0507],[121.1397,29.0502],[121.1419,29.0467],[121.1446,29.0451],[121.1444,29.0431],[121.146,29.0394],[121.1492,29.0411],[121.1496,29.0436],[121.1525,29.0451],[121.1545,29.0482],[121.1554,29.0485],[121.1576,29.047],[121.1605,29.0466],[121.1611,29.0459],[121.1631,29.0456],[121.1639,29.0443],[121.1676,29.0438],[121.1688,29.0451],[121.1716,29.0453],[121.1722,29.043],[121.1739,29.0408],[121.1731,29.0389],[121.1744,29.0382],[121.1732,29.036],[121.1747,29.0322],[121.1734,29.0306],[121.1735,29.0283],[121.1765,29.0279],[121.1791,29.0279],[121.1799,29.0273],[121.1839,29.0273],[121.1843,29.0287],[121.1864,29.0297],[121.1876,29.0296],[121.1892,29.0317],[121.1898,29.0297],[121.1888,29.0274],[121.1896,29.0265],[121.1949,29.0267],[121.197,29.0256],[121.1977,29.0265],[121.1996,29.0267],[121.202,29.0294],[121.2029,29.0304],[121.2033,29.0334],[121.2057,29.034],[121.2066,29.0396],[121.2059,29.0417],[121.2064,29.0437],[121.2086,29.0446],[121.2086,29.0464],[121.2116,29.0488],[121.2125,29.05],[121.2137,29.0503],[121.2143,29.0528],[121.217,29.0542],[121.2186,29.056],[121.2189,29.0576],[121.222,29.0601],[121.2188,29.0611],[121.2167,29.0631],[121.2173,29.0645],[121.2189,29.0645],[121.2204,29.0656],[121.219,29.0668],[121.2212,29.0676],[121.2221,29.0696],[121.2214,29.0705],[121.2229,29.0724],[121.2248,29.0734],[121.2249,29.0754],[121.2266,29.0751],[121.2281,29.0759],[121.2265,29.0793],[121.2309,29.0798],[121.2327,29.0836],[121.2354,29.0873],[121.2376,29.0887],[121.2387,29.0903],[121.2427,29.0924],[121.2449,29.0922],[121.2458,29.0914],[121.2476,29.0932],[121.2471,29.0946],[121.2484,29.0967],[121.2478,29.0973],[121.2488,29.0996],[121.2515,29.1014],[121.2509,29.1036],[121.2523,29.1045],[121.2525,29.1062],[121.2512,29.1069],[121.2511,29.1084],[121.2496,29.1113],[121.251,29.1131],[121.2505,29.1157],[121.2507,29.117],[121.2523,29.1179]]]},"properties":{"region_code":"CN-33-3310-331023","parent_region_code":"CN-33-3310","name":"天台县","level":"county","has_children":false,"full_path":"中国 / 浙江省 / 台州市 / 天台县","source_admin_code":"331023","osm_relation_id":3478416}},
{"type":"Feature","geometry":{"type":"Polygon","coordinates":[[[120.922,28.7268],[120.9204,28.7277],[120.9201,28.7294],[120.9183,28.7332],[120.9178,28.735],[120.9167,28.7367],[120.9142,28.7378],[120.9132,28.7389],[120.9119,28.739],[120.9103,28.7402],[120.9115,28.7416],[120.9148,28.7414],[120.9155,28.7427],[120.9173,28.7445],[120.9204,28.7466],[120.922,28.747],[120.9234,28.7485],[120.9257,28.7486],[120.9266,28.7505],[120.9277,28.7538],[120.932,28.7555],[120.9304,28.758],[120.9282,28.759],[120.9273,28.7599],[120.9237,28.7607],[120.922,28.7626],[120.9213,28.7647],[120.9193,28.7667],[120.9198,28.7701],[120.9196,28.7717],[120.9182,28.7751],[120.9185,28.7765],[120.9182,28.7789],[120.9174,28.7805],[120.9144,28.7843],[120.9135,28.7871],[120.9128,28.7943],[120.9122,28.7947],[120.913,28.7966],[120.9149,28.7977],[120.916,28.7996],[120.917,28.8041],[120.9181,28.8037],[120.9192,28.8065],[120.9183,28.8083],[120.9206,28.8104],[120.9194,28.813],[120.9189,28.8158],[120.9179,28.8188],[120.9164,28.8209],[120.9156,28.8233],[120.9143,28.8237],[120.9156,28.827],[120.9136,28.8282],[120.9126,28.8299],[120.9114,28.8304],[120.907,28.834],[120.9064,28.8355],[120.9061,28.8381],[120.9066,28.8402],[120.9058,28.8414],[120.9084,28.846],[120.9065,28.8477],[120.906,28.8493],[120.9067,28.8509],[120.9052,28.8537],[120.9059,28.8551],[120.9039,28.8581],[120.9021,28.8576],[120.8989,28.8602],[120.8993,28.8621],[120.8973,28.8617],[120.8951,28.8631],[120.8962,28.8644],[120.8964,28.866],[120.8986,28.8657],[120.9001,28.8668],[120.9017,28.8694],[120.9008,28.8704],[120.8993,28.8699],[120.8981,28.8718],[120.899,28.8737],[120.8979,28.875],[120.8952,28.8757],[120.8939,28.8765],[120.892,28.8789],[120.8872,28.879],[120.884,28.8784],[120.8809,28.8786],[120.8797,28.8792],[120.8778,28.8812],[120.8758,28.884],[120.872,28.8879],[120.8715,28.8887],[120.8742,28.8904],[120.8761,28.8926],[120.8777,28.8935],[120.8751,28.896],[120.875,28.9],[120.8731,28.9019],[120.8725,28.9033],[120.8685,28.9031],[120.865,28.9066],[120.8641,28.909],[120.8651,28.9122],[120.8635,28.9122],[120.8638,28.9142],[120.8614,28.9168],[120.8597,28.917],[120.8577,28.9205],[120.8561,28.9205],[120.8542,28.9215],[120.8514,28.9205],[120.8483,28.9215],[120.8474,28.9222],[120.8422,28.9234],[120.8401,28.9231],[120.8387,28.9243],[120.8389,28.9281],[120.837,28.9296],[120.8363,28.9325],[120.8354,28.9339],[120.8356,28.9362],[120.8329,28.9396],[120.832,28.9399],[120.8311,28.9418],[120.8298,28.9429],[120.8262,28.9435],[120.826,28.9444],[120.8235,28.9469],[120.823,28.9486],[120.8233,28.9528],[120.8229,28.9544],[120.8214,28.9559],[120.8198,28.9552],[120.8174,28.9554],[120.8155,28.9546],[120.8156,28.9563],[120.8147,28.9579],[120.8127,28.9595],[120.8098,28.9608],[120.809,28.9633],[120.8068,28.9631],[120.8043,28.9636],[120.8023,28.965],[120.8006,28.9642],[120.7981,28.9636],[120.7952,28.9651],[120.794,28.965],[120.7933,28.9669],[120.7918,28.9683],[120.7911,28.9711],[120.7896,28.973],[120.7863,28.9749],[120.7829,28.9742],[120.7813,28.9788],[120.7805,28.9798],[120.781,28.9836],[120.7821,28.9863],[120.7805,28.9876],[120.7808,28.9901],[120.7781,28.9895],[120.7765,28.991],[120.7778,28.9935],[120.7765,28.9947],[120.7757,28.997],[120.7742,28.9973],[120.7731,28.9957],[120.7717,28.996],[120.7697,28.9954],[120.7666,28.9964],[120.7645,28.9942],[120.761,28.9933],[120.7592,28.9933],[120.7555,28.9907],[120.7555,28.99],[120.7533,28.9879],[120.7537,28.9854],[120.753,28.9836],[120.75,28.9837],[120.7477,28.9828],[120.7456,28.9835],[120.7436,28.9872],[120.7414,28.9887],[120.7392,28.9873],[120.7386,28.986],[120.7366,28.9836],[120.7343,28.9827],[120.7321,28.9812],[120.7286,28.9805],[120.7242,28.9805],[120.7165,28.9813],[120.7144,28.9817],[120.7151,28.9796],[120.7136,28.9768],[120.7116,28.9763],[120.7113,28.9785],[120.7085,28.9771],[120.7073,28.9772],[120.7068,28.9753],[120.7047,28.9752],[120.7037,28.9764],[120.7011,28.9776],[120.7001,28.9789],[120.6984,28.9768],[120.6983,28.9757],[120.6956,28.9757],[120.6947,28.9789],[120.6931,28.98],[120.6927,28.9817],[120.6935,28.9826],[120.6912,28.9834],[120.6879,28.9837],[120.6859,28.9829],[120.6834,28.981],[120.6783,28.9813],[120.6762,28.9802],[120.6743,28.9805],[120.6706,28.9776],[120.6688,28.9758],[120.6683,28.9739],[120.6695,28.9716],[120.6683,28.9681],[120.6696,28.9642],[120.6695,28.9609],[120.667,28.9573],[120.6669,28.9554],[120.6651,28.9532],[120.6643,28.9516],[120.663,28.9504],[120.6602,28.9498],[120.6589,28.9484],[120.66,28.9466],[120.6568,28.9439],[120.6559,28.9411],[120.6557,28.9386],[120.6561,28.9372],[120.6562,28.9342],[120.6579,28.9324],[120.6587,28.9307],[120.6597,28.9302],[120.6605,28.9286],[120.6609,28.9267],[120.6603,28.924],[120.6603,28.9197],[120.6571,28.9175],[120.656,28.9173],[120.6547,28.9159],[120.6551,28.9142],[120.6535,28.913],[120.6531,28.911],[120.648,28.9092],[120.6475,28.908],[120.6448,28.9057],[120.6454,28.9044],[120.6438,28.9041],[120.6419,28.9029],[120.6396,28.903],[120.638,28.9046],[120.6362,28.9049],[120.6338,28.9043],[120.6329,28.9029],[120.634,28.9012],[120.6354,28.9005],[120.6345,28.8994],[120.6301,28.8992],[120.6268,28.9005],[120.62,28.899],[120.6147,28.8995],[120.6129,28.8975],[120.6101,28.8969],[120.6095,28.8956],[120.6073,28.8949],[120.6061,28.8951],[120.6029,28.8933],[120.6004,28.8945],[120.597,28.8896],[120.5929,28.8873],[120.5901,28.887],[120.5876,28.8846],[120.586,28.8842],[120.5836,28.8816],[120.5832,28.8796],[120.5817,28.8774],[120.5793,28.8756],[120.5784,28.8742],[120.5759,28.8725],[120.5736,28.8723],[120.57,28.8713],[120.5685,28.8713],[120.5671,28.8704],[120.5665,28.8691],[120.563,28.8662],[120.5603,28.8649],[120.5569,28.8644],[120.5525,28.8657],[120.5504,28.8647],[120.5486,28.865],[120.544,28.8683],[120.5424,28.8679],[120.5416,28.8711],[120.5393,28.8707],[120.5356,28.8682],[120.5326,28.8679],[120.5307,28.8685],[120.5296,28.8704],[120.5302,28.8727],[120.5279,28.8722],[120.5271,28.875],[120.528,28.8785],[120.53,28.8784],[120.5318,28.8795],[120.5316,28.8811],[120.53,28.8813],[120.5298,28.8826],[120.5283,28.8838],[120.5258,28.8837],[120.5249,28.8806],[120.5214,28.882],[120.5188,28.8823],[120.5162,28.8855],[120.5142,28.8862],[120.5136,28.8876],[120.5162,28.8907],[120.5143,28.8921],[120.5105,28.8939],[120.5099,28.8916],[120.5067,28.8879],[120.5063,28.8866],[120.5076,28.8837],[120.5072,28.8814],[120.5113,28.8799],[120.5103,28.8787],[120.5068,28.8797],[120.5068,28.8781],[120.5054,28.8765],[120.5017,28.8762],[120.5008,28.8751],[120.493,28.8742],[120.4905,28.8718],[120.491,28.8702],[120.4904,28.8689],[120.492,28.8669],[120.495,28.8648],[120.4962,28.8631],[120.4958,28.8618],[120.4983,28.8597],[120.4944,28.8571],[120.4934,28.8579],[120.4918,28.8566],[120.4925,28.854],[120.4942,28.8532],[120.4944,28.8518],[120.4926,28.8499],[120.491,28.8507],[120.489,28.8508],[120.4842,28.8489],[120.4825,28.8492],[120.4817,28.8474],[120.4832,28.8451],[120.4837,28.843],[120.48,28.8414],[120.478,28.8389],[120.4799,28.8381],[120.4794,28.8367],[120.4809,28.836],[120.4781,28.833],[120.4765,28.8305],[120.4759,28.8311],[120.4721,28.8327],[120.4725,28.8369],[120.4714,28.8379],[120.4699,28.8406],[120.4696,28.8427],[120.468,28.8428],[120.4655,28.8444],[120.4623,28.8447],[120.4617,28.8438],[120.4594,28.8427],[120.4581,28.8416],[120.4552,28.8435],[120.4522,28.8435],[120.4482,28.8444],[120.4458,28.8453],[120.4419,28.8448],[120.439,28.8448],[120.437,28.8443],[120.4363,28.8431],[120.4349,28.8428],[120.4325,28.8409],[120.4318,28.841],[120.4286,28.8394],[120.4275,28.8383],[120.426,28.8357],[120.4244,28.8349],[120.4223,28.8348],[120.4222,28.8339],[120.4178,28.8325],[120.4166,28.8328],[120.4149,28.8302],[120.4146,28.8291],[120.4126,28.8273],[120.412,28.826],[120.4107,28.8251],[120.4111,28.8231],[120.4103,28.8215],[120.4103,28.8163],[120.4078,28.8142],[120.4055,28.811],[120.404,28.8095],[120.4026,28.8051],[120.4063,28.8013],[120.404,28.7977],[120.4027,28.7977],[120.3989,28.7954],[120.3993,28.7931],[120.3992,28.791],[120.3962,28.7883],[120.3947,28.788],[120.3926,28.7888],[120.3894,28.7882],[120.3843,28.7911],[120.3824,28.7904],[120.3812,28.7894],[120.3798,28.7859],[120.3774,28.7839],[120.3759,28.7822],[120.3751,28.7802],[120.3723,28.7782],[120.3691,28.7755],[120.3674,28.7728],[120.3666,28.7698],[120.3658,28.7694],[120.3649,28.7664],[120.3658,28.7636],[120.3641,28.7623],[120.3636,28.7591],[120.3646,28.758],[120.3641,28.756],[120.3649,28.7542],[120.3664,28.7537],[120.3655,28.748],[120.3643,28.7464],[120.3661,28.7445],[120.3657,28.7432],[120.3616,28.7414],[120.3588,28.7376],[120.3528,28.7365],[120.3511,28.7348],[120.3468,28.7342],[120.3447,28.7333],[120.3434,28.7336],[120.3418,28.7315],[120.3401,28.7311],[120.3396,28.7273],[120.339,28.7262],[120.3396,28.7246],[120.3413,28.7261],[120.343,28.7257],[120.3451,28.726],[120.3472,28.7273],[120.3489,28.7252],[120.3474,28.7234],[120.3483,28.718],[120.3503,28.717],[120.3511,28.7149],[120.3511,28.7136],[120.3501,28.7119],[120.3502,28.7103],[120.3483,28.7095],[120.3472,28.7082],[120.3451,28.7072],[120.3422,28.7078],[120.3397,28.7097],[120.3377,28.7088],[120.3357,28.7072],[120.3346,28.7038],[120.3328,28.7032],[120.3319,28.7048],[120.3316,28.7073],[120.3307,28.7075],[120.329,28.7093],[120.3283,28.7092],[120.3299,28.7056],[120.3287,28.7053],[120.3263,28.7056],[120.3273,28.7035],[120.3259,28.7027],[120.3244,28.7006],[120.3258,28.6969],[120.3277,28.6959],[120.3259,28.6942],[120.3247,28.695],[120.325,28.6962],[120.3232,28.6982],[120.3215,28.6983],[120.3204,28.6973],[120.3213,28.693],[120.3199,28.6934],[120.319,28.6903],[120.3192,28.6891],[120.321,28.6887],[120.3196,28.6871],[120.3217,28.6865],[120.3235,28.6874],[120.3236,28.686],[120.3224,28.6845],[120.3228,28.6836],[120.3208,28.6821],[120.3185,28.6794],[120.3195,28.6786],[120.3187,28.6769],[120.3187,28.6745],[120.318,28.6717],[120.3188,28.6698],[120.3228,28.6685],[120.3241,28.6641],[120.3268,28.6633],[120.3294,28.6603],[120.3312,28.6593],[120.3303,28.6577],[120.3305,28.6554],[120.3322,28.656],[120.3369,28.6559],[120.3409,28.6536],[120.3446,28.6542],[120.3447,28.653],[120.3467,28.6502],[120.3474,28.651],[120.3487,28.6499],[120.3506,28.6497],[120.353,28.6499],[120.3529,28.6483],[120.3538,28.644],[120.353,28.6422],[120.3534,28.641],[120.3517,28.6403],[120.3498,28.6401],[120.3479,28.6416],[120.3459,28.6417],[120.3473,28.6396],[120.3472,28.638],[120.346,28.6379],[120.3447,28.6368],[120.3451,28.6354],[120.3468,28.6355],[120.3486,28.6348],[120.3499,28.6335],[120.3488,28.6322],[120.349,28.6296],[120.3511,28.6284],[120.3524,28.6288],[120.3537,28.6279],[120.3573,28.628],[120.3575,28.6265],[120.3591,28.6266],[120.3604,28.6246],[120.36,28.6226],[120.3611,28.6217],[120.3635,28.6227],[120.3655,28.6201],[120.3676,28.6193],[120.3654,28.618],[120.3642,28.6158],[120.3648,28.6123],[120.3684,28.6103],[120.3678,28.6086],[120.3681,28.6075],[120.3734,28.609],[120.3747,28.609],[120.374,28.6065],[120.3758,28.6057],[120.3772,28.6031],[120.3774,28.6016],[120.3755,28.6001],[120.3744,28.5986],[120.3741,28.5968],[120.3781,28.5937],[120.3763,28.5915],[120.3774,28.5908],[120.3779,28.5861],[120.3758,28.5847],[120.3756,28.5823],[120.3739,28.5819],[120.3726,28.5809],[120.3724,28.5792],[120.371,28.5785],[120.369,28.5763],[120.3683,28.5744],[120.3668,28.5777],[120.367,28.58],[120.3663,28.5811],[120.3623,28.5799],[120.3604,28.5813],[120.3595,28.5797],[120.3574,28.5806],[120.3588,28.582],[120.3572,28.5836],[120.3545,28.5829],[120.3528,28.5813],[120.3496,28.5793],[120.3456,28.5778],[120.3436,28.5759],[120.3428,28.5784],[120.3422,28.5788],[120.3388,28.5778],[120.3367,28.5799],[120.3345,28.58],[120.3327,28.5818],[120.3305,28.5825],[120.3291,28.5839],[120.3282,28.5836],[120.3265,28.5818],[120.3232,28.58],[120.3217,28.5798],[120.3197,28.5778],[120.3179,28.5767],[120.3158,28.5735],[120.3157,28.5721],[120.3172,28.57],[120.3196,28.5719],[120.3209,28.5715],[120.3223,28.5672],[120.3182,28.5628],[120.3178,28.5605],[120.3185,28.5586],[120.3176,28.5571],[120.3149,28.557],[120.3132,28.5578],[120.3112,28.56],[120.3094,28.5598],[120.3085,28.5615],[120.3045,28.5576],[120.3023,28.555],[120.3025,28.554],[120.2988,28.5508],[120.2964,28.5496],[120.2938,28.5475],[120.2936,28.5469],[120.2911,28.5459],[120.2881,28.5432],[120.2864,28.5423],[120.2869,28.5412],[120.2857,28.5384],[120.2861,28.5347],[120.2855,28.5335],[120.2875,28.5317],[120.2881,28.5298],[120.287,28.5277],[120.2873,28.5256],[120.2899,28.5232],[120.2895,28.5205],[120.2903,28.5193],[120.2886,28.5173],[120.2894,28.5143],[120.2917,28.5144],[120.295,28.5126],[120.297,28.5106],[120.3003,28.5103],[120.3021,28.5118],[120.3028,28.5135],[120.3045,28.5165],[120.3058,28.518],[120.3061,28.5192],[120.3075,28.5209],[120.3073,28.5226],[120.3081,28.5235],[120.3085,28.5258],[120.3113,28.526],[120.3133,28.5255],[120.3147,28.5227],[120.3171,28.5214],[120.3174,28.518],[120.3169,28.5162],[120.3213,28.5167],[120.3226,28.5162],[120.32,28.5141],[120.3232,28.5142],[120.3238,28.5128],[120.3256,28.5133],[120.3268,28.5123],[120.328,28.5132],[120.3303,28.512],[120.3326,28.5127],[120.3332,28.5104],[120.3316,28.5085],[120.3314,28.5061],[120.3324,28.5042],[120.3346,28.5022],[120.3352,28.5007],[120.3364,28.5003],[120.3369,28.4989],[120.3385,28.4989],[120.3424,28.4996],[120.3455,28.5009],[120.3477,28.5014],[120.3528,28.5011],[120.3561,28.5017],[120.3573,28.5029],[120.3596,28.5025],[120.3621,28.5032],[120.3649,28.5011],[120.3655,28.4991],[120.3671,28.4986],[120.3704,28.5005],[120.3715,28.5017],[120.3763,28.5005],[120.3778,28.4974],[120.3794,28.4966],[120.3788,28.4951],[120.379,28.492],[120.3806,28.4897],[120.382,28.4887],[120.3819,28.4864],[120.3832,28.484],[120.3836,28.4823],[120.3846,28.4821],[120.3854,28.4799],[120.3846,28.4782],[120.3848,28.4766],[120.3865,28.4746],[120.3899,28.474],[120.3902,28.4717],[120.3919,28.4688],[120.3947,28.468],[120.3955,28.4699],[120.3981,28.4744],[120.3985,28.4765],[120.3963,28.4773],[120.3947,28.4786],[120.3949,28.4815],[120.3961,28.4825],[120.3965,28.484],[120.3982,28.4846],[120.4009,28.4834],[120.4022,28.4832],[120.403,28.4811],[120.4064,28.481],[120.4065,28.4832],[120.4036,28.4829],[120.4032,28.4887],[120.4044,28.4894],[120.4057,28.4891],[120.4084,28.4896],[120.4099,28.4911],[120.4131,28.4922],[120.415,28.4949],[120.4146,28.4961],[120.4109,28.4993],[120.4103,28.5012],[120.4115,28.503],[120.41,28.5047],[120.4083,28.5054],[120.4081,28.5068],[120.4126,28.5083],[120.4139,28.5107],[120.4122,28.5142],[120.4096,28.5153],[120.4109,28.516],[120.4109,28.5169],[120.413,28.5185],[120.4146,28.521],[120.4163,28.5217],[120.417,28.523],[120.4166,28.5243],[120.418,28.5251],[120.4171,28.527],[120.4155,28.5283],[120.4162,28.5304],[120.4175,28.5315],[120.4192,28.5309],[120.4201,28.5336],[120.4192,28.5355],[120.4178,28.5363],[120.42,28.5373],[120.4239,28.5365],[120.4255,28.537],[120.4266,28.538],[120.4261,28.539],[120.4281,28.5425],[120.428,28.545],[120.426,28.5478],[120.4259,28.5499],[120.4271,28.5523],[120.4289,28.5539],[120.4289,28.5549],[120.4302,28.5584],[120.427,28.5624],[120.4254,28.564],[120.4261,28.568],[120.4265,28.5688],[120.4241,28.5727],[120.4247,28.5734],[120.4276,28.5718],[120.4291,28.5741],[120.4306,28.5742],[120.4317,28.5771],[120.4335,28.5766],[120.4347,28.5756],[120.4378,28.5761],[120.4376,28.5779],[120.4381,28.581],[120.438,28.5839],[120.4386,28.5856],[120.4407,28.5863],[120.4426,28.5878],[120.4459,28.5864],[120.4481,28.5873],[120.4491,28.5871],[120.4527,28.5887],[120.4545,28.589],[120.4563,28.5884],[120.4579,28.5895],[120.4623,28.5888],[120.4657,28.5902],[120.4678,28.59],[120.4719,28.586],[120.4742,28.5843],[120.4773,28.5837],[120.4774,28.5861],[120.4796,28.5872],[120.4824,28.5854],[120.4847,28.5846],[120.486,28.5832],[120.4881,28.5831],[120.4892,28.5819],[120.4908,28.5772],[120.492,28.5772],[120.4946,28.5734],[120.496,28.5708],[120.4968,28.5704],[120.4945,28.5667],[120.4969,28.5645],[120.4985,28.5635],[120.4995,28.562],[120.501,28.5621],[120.5022,28.5608],[120.5061,28.5603],[120.5088,28.5625],[120.5109,28.561],[120.5136,28.5599],[120.5165,28.5568],[120.5173,28.5577],[120.5203,28.5592],[120.5204,28.5562],[120.5225,28.5552],[120.5239,28.5523],[120.5261,28.5508],[120.5277,28.5512],[120.529,28.5501],[120.5309,28.5505],[120.5329,28.549],[120.5355,28.5482],[120.5381,28.5453],[120.54,28.5427],[120.5411,28.5406],[120.5438,28.5385],[120.5433,28.5369],[120.5468,28.5372],[120.5489,28.5381],[120.5499,28.5391],[120.552,28.5394],[120.5535,28.5387],[120.5561,28.5361],[120.5554,28.5346],[120.5571,28.533],[120.5593,28.5352],[120.5614,28.536],[120.5647,28.535],[120.5646,28.5373],[120.5656,28.5384],[120.5677,28.5394],[120.5679,28.5407],[120.5713,28.5414],[120.5724,28.5408],[120.5734,28.5391],[120.5764,28.5383],[120.577,28.5359],[120.5792,28.5342],[120.5823,28.5337],[120.5835,28.5354],[120.5852,28.5366],[120.5861,28.536],[120.5881,28.5365],[120.5913,28.535],[120.5928,28.5372],[120.5964,28.537],[120.5985,28.538],[120.5999,28.5371],[120.602,28.5374],[120.6053,28.5363],[120.6102,28.5377],[120.6152,28.536],[120.6187,28.5369],[120.6195,28.5365],[120.6217,28.5374],[120.6215,28.5383],[120.6242,28.5401],[120.6227,28.5424],[120.6233,28.547],[120.6227,28.5479],[120.6236,28.5504],[120.62,28.554],[120.6202,28.5564],[120.6183,28.558],[120.6173,28.5596],[120.6176,28.5606],[120.6209,28.5613],[120.6223,28.5647],[120.6247,28.5657],[120.627,28.5675],[120.6288,28.566],[120.6291,28.5648],[120.6323,28.5645],[120.6342,28.5637],[120.6343,28.5622],[120.6357,28.5611],[120.6375,28.5606],[120.6376,28.5624],[120.6398,28.5638],[120.6426,28.5648],[120.6446,28.565],[120.6458,28.5666],[120.6437,28.5683],[120.6446,28.5721],[120.6434,28.5738],[120.6392,28.5769],[120.6357,28.5801],[120.6356,28.582],[120.6394,28.5833],[120.6426,28.5832],[120.6432,28.5851],[120.6463,28.5858],[120.6479,28.5878],[120.65,28.5888],[120.6507,28.588],[120.6542,28.5878],[120.6559,28.5873],[120.658,28.5849],[120.6611,28.5842],[120.6619,28.5832],[120.6657,28.5829],[120.669,28.5844],[120.6697,28.5856],[120.6719,28.585],[120.6746,28.585],[120.6781,28.5854],[120.6808,28.5848],[120.6829,28.586],[120.6848,28.5863],[120.6848,28.5875],[120.6861,28.5893],[120.6826,28.5912],[120.6823,28.5918],[120.6851,28.5942],[120.6863,28.5918],[120.688,28.5903],[120.6911,28.5901],[120.6934,28.5913],[120.6929,28.5936],[120.6933,28.5943],[120.6955,28.5936],[120.6965,28.595],[120.6961,28.5964],[120.6971,28.5989],[120.6948,28.5996],[120.6947,28.6011],[120.6968,28.6026],[120.6982,28.6061],[120.6964,28.6088],[120.6964,28.6106],[120.6987,28.6116],[120.6998,28.611],[120.7007,28.6085],[120.702,28.6073],[120.7041,28.6094],[120.7041,28.6128],[120.7023,28.6149],[120.7042,28.615],[120.7066,28.6141],[120.707,28.6131],[120.7098,28.6126],[120.7145,28.6085],[120.7166,28.6082],[120.718,28.6071],[120.7216,28.6083],[120.7243,28.6068],[120.7289,28.6083],[120.7296,28.6095],[120.7313,28.6106],[120.7326,28.6125],[120.7318,28.6139],[120.736,28.6137],[120.7391,28.615],[120.7422,28.6137],[120.7443,28.6136],[120.7469,28.6121],[120.7476,28.6087],[120.7502,28.6089],[120.7533,28.6081],[120.7537,28.6056],[120.7526,28.6041],[120.7523,28.6016],[120.7515,28.6012],[120.7527,28.5995],[120.7526,28.5981],[120.7536,28.5974],[120.7537,28.5956],[120.7548,28.5945],[120.7572,28.5941],[120.7589,28.596],[120.7654,28.5967],[120.7671,28.596],[120.7686,28.5943],[120.7711,28.5937],[120.7725,28.5918],[120.7754,28.5924],[120.776,28.5935],[120.7773,28.594],[120.7807,28.593],[120.7822,28.5903],[120.7831,28.5872],[120.7846,28.5875],[120.7871,28.5863],[120.79,28.5865],[120.7915,28.588],[120.7923,28.5898],[120.7947,28.5916],[120.794,28.593],[120.7934,28.5966],[120.7947,28.597],[120.7959,28.5984],[120.7994,28.5996],[120.8025,28.5997],[120.8044,28.5993],[120.8057,28.5998],[120.8067,28.6056],[120.8053,28.6069],[120.8055,28.6081],[120.805,28.6111],[120.8058,28.6134],[120.8076,28.6146],[120.8082,28.6181],[120.8097,28.6188],[120.8118,28.6186],[120.817,28.6193],[120.8191,28.6191],[120.8216,28.6196],[120.8238,28.6218],[120.8271,28.6205],[120.8314,28.6211],[120.8339,28.6206],[120.8356,28.6195],[120.8388,28.6196],[120.8424,28.6209],[120.8432,28.6216],[120.8463,28.6226],[120.8488,28.6229],[120.8514,28.6226],[120.8533,28.623],[120.8556,28.6227],[120.8563,28.6242],[120.8587,28.6249],[120.863,28.628],[120.8623,28.6288],[120.8644,28.6318],[120.8646,28.633],[120.8689,28.6323],[120.8716,28.6308],[120.8763,28.6292],[120.8783,28.6297],[120.8817,28.6298],[120.8857,28.6287],[120.8884,28.6285],[120.8902,28.6299],[120.8934,28.629],[120.8949,28.6297],[120.8981,28.6272],[120.8993,28.6273],[120.9026,28.6266],[120.9049,28.6268],[120.9074,28.6264],[120.9096,28.6255],[120.9099,28.6274],[120.9109,28.6301],[120.9078,28.6324],[120.9081,28.6337],[120.9072,28.6342],[120.9066,28.6378],[120.908,28.6399],[120.9057,28.6409],[120.9024,28.6429],[120.9,28.6424],[120.8977,28.6433],[120.897,28.6447],[120.8994,28.6463],[120.8935,28.6489],[120.8915,28.6487],[120.8902,28.6499],[120.8879,28.6504],[120.8866,28.65],[120.8851,28.6511],[120.8851,28.6535],[120.8856,28.6551],[120.8875,28.6582],[120.8862,28.6596],[120.8838,28.6585],[120.8826,28.6621],[120.8811,28.663],[120.8781,28.6628],[120.8756,28.6634],[120.8734,28.6659],[120.874,28.6673],[120.8777,28.6681],[120.8783,28.6693],[120.88,28.6704],[120.8815,28.6701],[120.8849,28.6674],[120.8864,28.6657],[120.8884,28.6687],[120.8901,28.6706],[120.8931,28.668],[120.8928,28.6656],[120.8914,28.6641],[120.8926,28.6623],[120.895,28.6623],[120.8964,28.6632],[120.8977,28.6631],[120.8985,28.6642],[120.8999,28.6643],[120.9009,28.6658],[120.9,28.6677],[120.9017,28.6707],[120.9008,28.6713],[120.9006,28.6758],[120.9031,28.6781],[120.904,28.6798],[120.9074,28.6828],[120.9068,28.6843],[120.9068,28.6861],[120.9075,28.6884],[120.9057,28.691],[120.906,28.6932],[120.9049,28.6942],[120.9045,28.6963],[120.9065,28.7006],[120.9061,28.7024],[120.9072,28.7036],[120.9072,28.7056],[120.9061,28.7081],[120.9064,28.709],[120.9088,28.7094],[120.9101,28.7103],[120.9113,28.7101],[120.9153,28.7148],[120.918,28.7158],[120.9188,28.7168],[120.9194,28.7203],[120.921,28.7219],[120.9222,28.7242],[120.922,28.7268]]]},"properties":{"region_code":"CN-33-3310-331024","parent_region_code":"CN-33-3310","name":"仙居县","level":"county","has_children":false,"full_path":"中国 / 浙江省 / 台州市 / 仙居县","source_admin_code":"331024","osm_relation_id":3478386}},
{"type":"Feature","geometry":{"type":"Polygon","coordinates":[[[121.7686,28.4383],[121.694,28.4521],[121.6143,28.4477],[121.6115,28.4517],[121.6042,28.4654],[121.6092,28.4697],[121.6102,28.471],[121.6111,28.4736],[121.6098,28.4771],[121.6067,28.4826],[121.5985,28.4836],[121.5979,28.4844],[121.595,28.4843],[121.5907,28.4861],[121.5859,28.4887],[121.583,28.4918],[121.582,28.4934],[121.5797,28.4958],[121.578,28.497],[121.5746,28.4983],[121.5713,28.4991],[121.5674,28.4991],[121.5642,28.4974],[121.5624,28.494],[121.5612,28.4932],[121.5582,28.4924],[121.5551,28.4922],[121.5526,28.4926],[121.5505,28.4936],[121.5488,28.4962],[121.5478,28.4971],[121.5452,28.4975],[121.5421,28.4968],[121.5401,28.4955],[121.5385,28.4938],[121.5367,28.4931],[121.5338,28.4934],[121.5325,28.4944],[121.5317,28.496],[121.5322,28.4996],[121.5311,28.5009],[121.5287,28.5027],[121.526,28.5034],[121.5225,28.5034],[121.5189,28.5008],[121.5177,28.5019],[121.5128,28.5013],[121.5132,28.4997],[121.5108,28.5004],[121.5074,28.5004],[121.5036,28.4991],[121.5022,28.4994],[121.5022,28.5006],[121.4952,28.4996],[121.4883,28.4985],[121.4856,28.4962],[121.4808,28.4937],[121.4828,28.4914],[121.4827,28.4898],[121.4836,28.4877],[121.4847,28.4875],[121.4848,28.4856],[121.4855,28.4841],[121.4837,28.4842],[121.4815,28.4854],[121.4797,28.4823],[121.4779,28.4808],[121.4764,28.4788],[121.4757,28.4806],[121.4738,28.4822],[121.4735,28.4849],[121.4743,28.4867],[121.4765,28.4876],[121.4774,28.4903],[121.4765,28.4916],[121.4731,28.4906],[121.4708,28.4905],[121.4708,28.4889],[121.4693,28.488],[121.4661,28.489],[121.4648,28.4874],[121.4609,28.4876],[121.4598,28.489],[121.4578,28.4886],[121.4563,28.4895],[121.4537,28.4898],[121.4527,28.4915],[121.4509,28.4905],[121.4503,28.4893],[121.4478,28.4895],[121.4477,28.4908],[121.4459,28.4907],[121.4458,28.4929],[121.4471,28.4966],[121.4476,28.4994],[121.4465,28.501],[121.4446,28.5024],[121.4422,28.5034],[121.4401,28.505],[121.4398,28.5058],[121.4376,28.5062],[121.4372,28.5079],[121.4349,28.5077],[121.4343,28.509],[121.4322,28.5097],[121.4311,28.5094],[121.4284,28.5125],[121.4249,28.5116],[121.4228,28.5093],[121.4246,28.5059],[121.4208,28.5056],[121.4176,28.5066],[121.416,28.5045],[121.4145,28.5042],[121.4134,28.5055],[121.4118,28.5038],[121.4081,28.5066],[121.4066,28.5062],[121.4065,28.505],[121.4048,28.5036],[121.4043,28.5004],[121.4013,28.5005],[121.4005,28.4998],[121.3978,28.5005],[121.3952,28.4994],[121.3951,28.4978],[121.3919,28.4976],[121.3918,28.4988],[121.3926,28.5023],[121.3907,28.5025],[121.3849,28.5036],[121.3854,28.5054],[121.3822,28.5069],[121.3801,28.5083],[121.3785,28.5084],[121.375,28.5099],[121.3752,28.5105],[121.3701,28.5122],[121.3703,28.5135],[121.3673,28.517],[121.3651,28.5183],[121.3627,28.5191],[121.3634,28.521],[121.36,28.5219],[121.3588,28.5194],[121.3562,28.5196],[121.3489,28.5193],[121.3488,28.5164],[121.3496,28.5154],[121.3494,28.5142],[121.3471,28.5141],[121.3454,28.5153],[121.3461,28.5164],[121.3458,28.5178],[121.3438,28.5165],[121.3419,28.5175],[121.3402,28.5171],[121.3395,28.5152],[121.3381,28.518],[121.3368,28.5185],[121.3357,28.5177],[121.3356,28.5159],[121.3344,28.5163],[121.3343,28.52],[121.3326,28.5206],[121.3342,28.5245],[121.3339,28.5254],[121.3318,28.5257],[121.3299,28.5271],[121.3308,28.5293],[121.3295,28.5296],[121.3274,28.5289],[121.3274,28.5272],[121.3267,28.5269],[121.3246,28.5275],[121.3243,28.5288],[121.3218,28.5301],[121.3203,28.5317],[121.3192,28.5317],[121.3145,28.5332],[121.3114,28.5333],[121.3107,28.5323],[121.3072,28.5309],[121.3059,28.5321],[121.3044,28.5317],[121.3035,28.5305],[121.2996,28.529],[121.2964,28.5288],[121.2937,28.5295],[121.2927,28.5304],[121.2877,28.5307],[121.2871,28.5312],[121.282,28.5306],[121.2795,28.5299],[121.278,28.5286],[121.279,28.5271],[121.275,28.5234],[121.2733,28.5224],[121.2739,28.5214],[121.2704,28.52],[121.2684,28.5206],[121.2677,28.5202],[121.2648,28.5204],[121.2651,28.5191],[121.2621,28.5197],[121.2609,28.5206],[121.2597,28.5234],[121.2583,28.5218],[121.2579,28.5203],[121.2587,28.5183],[121.2614,28.5183],[121.2622,28.516],[121.2619,28.5137],[121.2602,28.5147],[121.2591,28.5137],[121.2568,28.5144],[121.2569,28.5157],[121.2557,28.5166],[121.2542,28.5163],[121.2524,28.5135],[121.2503,28.5142],[121.249,28.513],[121.2479,28.5101],[121.2464,28.5095],[121.2438,28.5097],[121.2415,28.5117],[121.239,28.5126],[121.2364,28.5124],[121.2343,28.5139],[121.2324,28.513],[121.232,28.511],[121.231,28.5095],[121.2285,28.5081],[121.2267,28.5092],[121.2196,28.5101],[121.2172,28.5113],[121.2151,28.5111],[121.2141,28.5119],[121.2126,28.512],[121.2127,28.5134],[121.2117,28.5153],[121.2085,28.5146],[121.2048,28.5148],[121.2021,28.5147],[121.1997,28.5137],[121.1958,28.5141],[121.1938,28.5136],[121.1921,28.5141],[121.1911,28.5163],[121.1892,28.5177],[121.1874,28.5154],[121.1877,28.5143],[121.1851,28.5126],[121.1845,28.5116],[121.1827,28.511],[121.1795,28.5105],[121.1778,28.5108],[121.1725,28.5094],[121.1713,28.5087],[121.1682,28.5084],[121.1677,28.5067],[121.1684,28.5024],[121.1669,28.5012],[121.1656,28.4995],[121.168,28.4985],[121.1685,28.4972],[121.1707,28.4965],[121.1718,28.4949],[121.1721,28.4926],[121.1738,28.4908],[121.1751,28.4859],[121.1759,28.4851],[121.176,28.4831],[121.177,28.4808],[121.179,28.4811],[121.1804,28.4777],[121.1826,28.4781],[121.1857,28.4782],[121.185,28.4772],[121.1882,28.477],[121.1908,28.4764],[121.1913,28.4756],[121.1905,28.4737],[121.1911,28.4731],[121.1902,28.4713],[121.1903,28.4702],[121.1958,28.4662],[121.196,28.4653],[121.1978,28.4647],[121.2032,28.4637],[121.2049,28.4622],[121.203,28.4614],[121.2011,28.4594],[121.2007,28.4582],[121.2026,28.4582],[121.2049,28.4555],[121.2042,28.4536],[121.2052,28.4508],[121.2049,28.4496],[121.2067,28.4488],[121.2079,28.4475],[121.2068,28.4464],[121.2088,28.4439],[121.2094,28.4423],[121.2115,28.4409],[121.2132,28.4415],[121.2145,28.4411],[121.2155,28.4419],[121.2176,28.442],[121.2219,28.4408],[121.2226,28.4389],[121.2225,28.437],[121.2199,28.4362],[121.219,28.433],[121.219,28.4313],[121.2172,28.4313],[121.2163,28.4282],[121.2179,28.4254],[121.2191,28.4249],[121.2201,28.427],[121.2201,28.4285],[121.2228,28.4265],[121.2281,28.4274],[121.2294,28.4259],[121.2306,28.4265],[121.2329,28.4257],[121.2331,28.4249],[121.2352,28.4244],[121.2362,28.4236],[121.2374,28.4213],[121.2398,28.42],[121.2425,28.4201],[121.2428,28.4178],[121.2446,28.4167],[121.2482,28.4162],[121.2515,28.4136],[121.2513,28.413],[121.2538,28.411],[121.2518,28.4096],[121.2501,28.4095],[121.2481,28.4084],[121.2439,28.408],[121.2454,28.4061],[121.2481,28.4045],[121.2467,28.4033],[121.2467,28.4011],[121.2449,28.3989],[121.2451,28.3973],[121.2434,28.3959],[121.242,28.3942],[121.2426,28.3927],[121.2417,28.3916],[121.2421,28.3898],[121.2408,28.3885],[121.2391,28.3885],[121.2381,28.3878],[121.2343,28.3871],[121.2322,28.3878],[121.2286,28.3876],[121.2272,28.3881],[121.2247,28.3879],[121.2235,28.3898],[121.2224,28.3885],[121.2234,28.3875],[121.2223,28.3861],[121.2199,28.3845],[121.2188,28.3833],[121.2167,28.3823],[121.2158,28.3813],[121.2165,28.3801],[121.2187,28.3793],[121.2185,28.3764],[121.2156,28.3758],[121.2141,28.3761],[121.2135,28.3752],[121.211,28.3742],[121.2103,28.3747],[121.2079,28.3738],[121.2058,28.3756],[121.2043,28.3758],[121.2042,28.3733],[121.2008,28.3718],[121.2114,28.3589],[121.2072,28.3328],[121.206,28.3326],[121.2058,28.3293],[121.2047,28.3284],[121.2059,28.3248],[121.2012,28.2861],[121.2386,28.28],[121.2392,28.28],[121.2518,28.2777],[121.253,28.2763],[121.2614,28.2734],[121.2627,28.2768],[121.2643,28.2796],[121.2665,28.2815],[121.268,28.282],[121.269,28.2832],[121.2705,28.282],[121.2712,28.2789],[121.2717,28.2781],[121.2739,28.2792],[121.2739,28.2813],[121.2767,28.2821],[121.2791,28.284],[121.281,28.2873],[121.2835,28.2864],[121.2871,28.2882],[121.291,28.2877],[121.2928,28.2886],[121.294,28.2878],[121.2948,28.2858],[121.2976,28.2865],[121.2964,28.2877],[121.2964,28.2892],[121.3006,28.2903],[121.3018,28.2917],[121.3024,28.295],[121.3038,28.2965],[121.305,28.2985],[121.3066,28.2996],[121.31,28.3002],[121.312,28.2984],[121.3122,28.3007],[121.3152,28.3003],[121.3167,28.3004],[121.3193,28.3021],[121.3221,28.303],[121.3228,28.3057],[121.3252,28.3071],[121.3281,28.3067],[121.33,28.3079],[121.3309,28.3091],[121.3335,28.3101],[121.3351,28.3094],[121.3367,28.3075],[121.3372,28.3089],[121.3396,28.3096],[121.3419,28.3118],[121.344,28.3145],[121.3474,28.3161],[121.348,28.3171],[121.3495,28.3165],[121.3506,28.3172],[121.3507,28.3187],[121.3518,28.3202],[121.3523,28.3218],[121.3539,28.3214],[121.3562,28.3214],[121.3576,28.3234],[121.3592,28.3228],[121.36,28.3212],[121.3583,28.3192],[121.3586,28.3184],[121.3557,28.3133],[121.3556,28.3118],[121.3567,28.3107],[121.356,28.3091],[121.354,28.3067],[121.3559,28.3065],[121.3567,28.3047],[121.3577,28.3036],[121.3541,28.3032],[121.3529,28.3012],[121.3535,28.2991],[121.3512,28.2974],[121.3537,28.2974],[121.3544,28.2966],[121.3569,28.2955],[121.3589,28.2952],[121.3557,28.2922],[121.3577,28.2916],[121.3575,28.2904],[121.3541,28.2883],[121.3528,28.288],[121.3503,28.2853],[121.3498,28.284],[121.3499,28.282],[121.3481,28.2792],[121.3536,28.2744],[121.3559,28.2736],[121.3599,28.2736],[121.3607,28.2742],[121.3664,28.2733],[121.367,28.2707],[121.3685,28.27],[121.3714,28.2719],[121.3733,28.2716],[121.3753,28.2721],[121.3775,28.2714],[121.3793,28.2698],[121.3792,28.2667],[121.38,28.265],[121.3822,28.2625],[121.3842,28.2571],[121.3855,28.2576],[121.3873,28.2595],[121.3884,28.2578],[121.3905,28.2584],[121.3921,28.2594],[121.3949,28.2592],[121.3955,28.2611],[121.3936,28.2642],[121.3962,28.2657],[121.3967,28.2676],[121.3991,28.2679],[121.4007,28.2675],[121.4025,28.2679],[121.4027,28.2669],[121.4016,28.2659],[121.4028,28.2643],[121.4032,28.2615],[121.4049,28.2608],[121.4061,28.2627],[121.4083,28.2637],[121.4106,28.2605],[121.4108,28.2581],[121.4121,28.2578],[121.4155,28.2596],[121.4169,28.2586],[121.4205,28.2593],[121.4228,28.2586],[121.4358,28.2541],[121.7031,28.1454],[121.9871,28.1464],[122.0926,28.2708],[122.1073,28.2897],[122.1704,28.3759],[121.8551,28.3746],[121.7686,28.4383]]]},"properties":{"region_code":"CN-33-3310-331081","parent_region_code":"CN-33-3310","name":"温岭市","level":"county","has_children":false,"full_path":"中国 / 浙江省 / 台州市 / 温岭市","source_admin_code":"331081","osm_relation_id":3478385}},
{"type":"Feature","geometry":{"type":"Polygon","coordinates":[[[122.3414,28.6093],[122.4495,28.7566],[122.1778,28.7561],[122.0031,28.8193],[121.9441,28.8663],[121.7278,28.8631],[121.663,28.8821],[121.658,28.8726],[121.6496,28.8642],[121.6415,28.86],[121.6371,28.8582],[121.6363,28.8569],[121.6355,28.8532],[121.6324,28.8521],[121.6301,28.852],[121.6294,28.8511],[121.6293,28.8491],[121.6282,28.8482],[121.6267,28.8481],[121.6235,28.8465],[121.624,28.8447],[121.6231,28.8437],[121.6192,28.8416],[121.6189,28.8402],[121.6155,28.8382],[121.6134,28.8404],[121.6109,28.84],[121.6099,28.8411],[121.6089,28.8403],[121.6069,28.8408],[121.6058,28.8394],[121.6047,28.8394],[121.6015,28.8406],[121.6006,28.8427],[121.6018,28.8428],[121.5997,28.8454],[121.5983,28.845],[121.5979,28.8462],[121.5965,28.8462],[121.5957,28.8453],[121.594,28.8456],[121.592,28.8432],[121.5904,28.8429],[121.5884,28.8435],[121.5878,28.8412],[121.5864,28.8412],[121.587,28.8438],[121.5851,28.8455],[121.5853,28.8466],[121.5828,28.8478],[121.5789,28.8455],[121.5777,28.8441],[121.5744,28.842],[121.5731,28.8417],[121.5714,28.8428],[121.5737,28.8458],[121.5735,28.8474],[121.5723,28.8495],[121.5681,28.8516],[121.567,28.8532],[121.5657,28.8538],[121.5639,28.8534],[121.5642,28.8521],[121.5625,28.8513],[121.5573,28.8508],[121.5572,28.8522],[121.5555,28.8524],[121.555,28.8537],[121.5522,28.8558],[121.5525,28.8566],[121.5507,28.8582],[121.5492,28.8585],[121.546,28.8558],[121.5434,28.8548],[121.5405,28.855],[121.5391,28.8555],[121.5385,28.8532],[121.5328,28.8533],[121.5321,28.854],[121.5293,28.8541],[121.5263,28.8548],[121.5236,28.8548],[121.5211,28.8559],[121.5186,28.8558],[121.5167,28.8564],[121.5148,28.8553],[121.5106,28.8544],[121.506,28.8545],[121.5048,28.8542],[121.5021,28.8553],[121.5011,28.8523],[121.5002,28.8518],[121.498,28.8532],[121.4976,28.8539],[121.4957,28.8535],[121.4938,28.8524],[121.4927,28.8529],[121.4889,28.852],[121.4884,28.8525],[121.4851,28.8517],[121.4864,28.8548],[121.4809,28.8542],[121.4807,28.8564],[121.478,28.8559],[121.4775,28.8573],[121.48,28.8591],[121.4823,28.8619],[121.4798,28.8634],[121.4802,28.8655],[121.4812,28.867],[121.4807,28.8688],[121.4822,28.8694],[121.4801,28.8713],[121.4809,28.8721],[121.4779,28.8749],[121.4759,28.8753],[121.476,28.8765],[121.4737,28.8798],[121.4735,28.8824],[121.4757,28.8848],[121.4739,28.8861],[121.4724,28.886],[121.469,28.887],[121.4669,28.8881],[121.4605,28.889],[121.46,28.89],[121.4581,28.8919],[121.4576,28.8937],[121.4543,28.8954],[121.452,28.8954],[121.4515,28.8965],[121.4522,28.8983],[121.454,28.9001],[121.4536,28.9022],[121.4512,28.9041],[121.4504,28.9058],[121.4501,28.9078],[121.4508,28.9107],[121.4495,28.912],[121.4483,28.916],[121.4499,28.9184],[121.4486,28.9198],[121.447,28.9205],[121.4495,28.9247],[121.4494,28.9263],[121.4483,28.9273],[121.4468,28.9277],[121.4457,28.9256],[121.4439,28.9259],[121.4423,28.9274],[121.4377,28.9269],[121.4349,28.9275],[121.4334,28.929],[121.4327,28.9303],[121.4293,28.9333],[121.4272,28.9343],[121.4256,28.9367],[121.4243,28.9377],[121.4238,28.9399],[121.4229,28.9412],[121.4233,28.9422],[121.422,28.9487],[121.4214,28.9506],[121.4226,28.9529],[121.4207,28.953],[121.4183,28.9538],[121.4143,28.9545],[121.4101,28.9579],[121.4103,28.9592],[121.4091,28.9607],[121.4095,28.9622],[121.4078,28.9623],[121.4065,28.9616],[121.4039,28.9631],[121.4063,28.9655],[121.407,28.9647],[121.4086,28.9648],[121.411,28.9662],[121.4104,28.9675],[121.4088,28.9687],[121.4097,28.9704],[121.4069,28.9724],[121.4048,28.9729],[121.4027,28.9743],[121.3993,28.9753],[121.397,28.9774],[121.3977,28.98],[121.3961,28.9806],[121.3943,28.9795],[121.3928,28.9776],[121.3921,28.9782],[121.3897,28.9782],[121.3884,28.9792],[121.3857,28.9793],[121.3851,28.9804],[121.3807,28.9809],[121.3785,28.9802],[121.3764,28.9804],[121.3754,28.9784],[121.3749,28.9753],[121.376,28.9742],[121.3753,28.9715],[121.3759,28.9683],[121.3756,28.9661],[121.3727,28.9656],[121.37,28.9644],[121.3682,28.9643],[121.3644,28.9621],[121.3632,28.9609],[121.3637,28.9595],[121.3621,28.9587],[121.3631,28.9568],[121.3657,28.9534],[121.3648,28.9495],[121.3622,28.9481],[121.3607,28.9455],[121.3586,28.9441],[121.3568,28.944],[121.3509,28.942],[121.35,28.9414],[121.3482,28.9426],[121.347,28.9442],[121.3446,28.946],[121.3421,28.9471],[121.3386,28.9503],[121.3363,28.9512],[121.3354,28.953],[121.3352,28.9547],[121.3363,28.9558],[121.3371,28.9603],[121.3364,28.9618],[121.3337,28.9627],[121.3333,28.9646],[121.3321,28.9664],[121.3312,28.9712],[121.3299,28.9731],[121.3282,28.9737],[121.3267,28.9752],[121.3254,28.9751],[121.3235,28.9728],[121.3199,28.9742],[121.3188,28.9725],[121.3172,28.9721],[121.3133,28.9734],[121.3104,28.9726],[121.3086,28.973],[121.308,28.9721],[121.3064,28.9735],[121.3029,28.9733],[121.3022,28.9743],[121.3,28.9748],[121.2972,28.9762],[121.2953,28.9787],[121.293,28.9798],[121.2943,28.9822],[121.2919,28.9847],[121.2929,28.9872],[121.2925,28.9886],[121.294,28.9904],[121.2928,28.9927],[121.2899,28.9935],[121.2891,28.9949],[121.2878,28.9955],[121.2859,28.9978],[121.2823,28.9963],[121.2809,28.9969],[121.279,28.9995],[121.2785,29.0021],[121.2788,29.0031],[121.2814,29.0084],[121.282,29.0105],[121.2814,29.0121],[121.2796,29.0142],[121.2765,29.015],[121.2754,29.0164],[121.2742,29.0166],[121.2715,29.0191],[121.2707,29.0185],[121.2704,29.0165],[121.2723,29.0159],[121.2732,29.0137],[121.2725,29.0126],[121.2703,29.013],[121.2674,29.0119],[121.2636,29.0097],[121.2631,29.0077],[121.2619,29.0086],[121.2564,29.0082],[121.2551,29.0072],[121.2533,29.0078],[121.2523,29.0072],[121.2496,29.0082],[121.2478,29.008],[121.2418,29.0095],[121.2409,29.0089],[121.2385,29.0087],[121.2368,29.0096],[121.236,29.0109],[121.2338,29.0107],[121.234,29.0093],[121.2317,29.0093],[121.2287,29.0099],[121.2258,29.0092],[121.2244,29.012],[121.2246,29.0136],[121.2235,29.0151],[121.2223,29.0149],[121.2182,29.0165],[121.2175,29.0177],[121.2201,29.0196],[121.2194,29.0211],[121.2161,29.023],[121.2151,29.0244],[121.213,29.0241],[121.2106,29.0242],[121.2108,29.0292],[121.208,29.029],[121.206,29.0294],[121.2047,29.0285],[121.202,29.0294],[121.1996,29.0267],[121.1977,29.0265],[121.197,29.0256],[121.1949,29.0267],[121.1896,29.0265],[121.1888,29.0274],[121.1898,29.0297],[121.1892,29.0317],[121.1876,29.0296],[121.1864,29.0297],[121.1843,29.0287],[121.1839,29.0273],[121.1799,29.0273],[121.1791,29.0279],[121.1765,29.0279],[121.1735,29.0283],[121.1734,29.0306],[121.1747,29.0322],[121.1732,29.036],[121.1744,29.0382],[121.1731,29.0389],[121.1739,29.0408],[121.1722,29.043],[121.1716,29.0453],[121.1688,29.0451],[121.1676,29.0438],[121.1639,29.0443],[121.1631,29.0456],[121.1611,29.0459],[121.1605,29.0466],[121.1576,29.047],[121.1554,29.0485],[121.1545,29.0482],[121.1525,29.0451],[121.1496,29.0436],[121.1492,29.0411],[121.146,29.0394],[121.1444,29.0431],[121.1446,29.0451],[121.1419,29.0467],[121.1397,29.0502],[121.1381,29.0507],[121.1353,29.0489],[121.1332,29.0482],[121.1324,29.047],[121.1307,29.0476],[121.128,29.0466],[121.1272,29.0449],[121.1242,29.0458],[121.1225,29.0452],[121.121,29.0459],[121.1191,29.0453],[121.1168,29.0459],[121.1149,29.0469],[121.1145,29.0488],[121.1121,29.0498],[121.1129,29.0517],[121.1147,29.0526],[121.1149,29.0534],[121.1142,29.0563],[121.1133,29.0577],[121.1115,29.0589],[121.1101,29.0581],[121.1066,29.058],[121.1033,29.06],[121.1012,29.06],[121.0986,29.0609],[121.0981,29.0622],[121.0968,29.0627],[121.0948,29.0622],[121.0922,29.0635],[121.0908,29.0636],[121.0891,29.0627],[121.0876,29.0635],[121.0858,29.0657],[121.086,29.0673],[121.0841,29.0682],[121.083,29.0675],[121.0786,29.0676],[121.0765,29.067],[121.0741,29.0656],[121.074,29.0639],[121.0723,29.0639],[121.0702,29.0627],[121.0688,29.0624],[121.0684,29.0609],[121.0657,29.0591],[121.0642,29.0571],[121.0641,29.0547],[121.0617,29.0522],[121.062,29.0508],[121.061,29.0459],[121.0594,29.0451],[121.0589,29.043],[121.0565,29.0423],[121.0558,29.0379],[121.0538,29.0377],[121.0514,29.0361],[121.048,29.0351],[121.0462,29.0331],[121.0463,29.0308],[121.043,29.0311],[121.0407,29.0307],[121.0387,29.0293],[121.0374,29.0294],[121.0343,29.0273],[121.0342,29.0261],[121.0319,29.0246],[121.0298,29.0246],[121.0257,29.0233],[121.0243,29.0223],[121.0235,29.0228],[121.0222,29.0217],[121.0195,29.0224],[121.0183,29.0251],[121.0167,29.0261],[121.0164,29.0278],[121.0174,29.0299],[121.0149,29.031],[121.0127,29.0312],[121.0111,29.0305],[121.0093,29.0326],[121.0092,29.0338],[121.0078,29.0356],[121.0065,29.0347],[121.0041,29.0345],[121.0035,29.0338],[121.0013,29.0344],[121.0005,29.0351],[120.9986,29.0353],[120.9966,29.0337],[120.9917,29.0335],[120.9906,29.0345],[120.9905,29.0366],[120.9894,29.0375],[120.9878,29.0376],[120.985,29.0358],[120.9814,29.0358],[120.9796,29.0362],[120.9769,29.0362],[120.9743,29.0356],[120.9731,29.037],[120.9708,29.0386],[120.9696,29.0379],[120.9684,29.0347],[120.9614,29.0336],[120.9586,29.0326],[120.9562,29.0345],[120.9566,29.0358],[120.9549,29.037],[120.9519,29.0378],[120.9516,29.0394],[120.949,29.0402],[120.9467,29.0402],[120.945,29.0381],[120.9417,29.0395],[120.9395,29.0375],[120.9365,29.0367],[120.9351,29.0353],[120.9336,29.0316],[120.9329,29.0311],[120.9323,29.0282],[120.9323,29.0263],[120.931,29.0258],[120.9295,29.0236],[120.9279,29.0223],[120.9282,29.0209],[120.9267,29.0188],[120.9265,29.0176],[120.9252,29.016],[120.9226,29.0163],[120.9196,29.0151],[120.9176,29.013],[120.9159,29.0134],[120.9128,29.0114],[120.911,29.0114],[120.9098,29.0101],[120.9072,29.0127],[120.905,29.0117],[120.9031,29.0115],[120.9015,29.0107],[120.8991,29.0111],[120.8975,29.0101],[120.8955,29.0097],[120.8937,29.0107],[120.8918,29.0101],[120.8903,29.0073],[120.8891,29.0065],[120.8872,29.0069],[120.883,29.0043],[120.8811,29.0039],[120.8772,29.0002],[120.8754,28.9991],[120.8735,28.9969],[120.8723,28.9962],[120.8715,28.9947],[120.8701,28.9933],[120.8704,28.9914],[120.8701,28.99],[120.8683,28.9872],[120.8673,28.9867],[120.8664,28.9849],[120.8651,28.9839],[120.862,28.983],[120.8591,28.9809],[120.8556,28.9804],[120.8542,28.979],[120.8526,28.9791],[120.8505,28.977],[120.8471,28.9753],[120.8449,28.9738],[120.8415,28.9728],[120.8402,28.9708],[120.8397,28.9685],[120.8402,28.9672],[120.8387,28.9649],[120.8391,28.9642],[120.8382,28.9624],[120.8366,28.9611],[120.8357,28.9592],[120.834,28.9585],[120.8331,28.957],[120.8313,28.9561],[120.8259,28.9567],[120.8229,28.9544],[120.8233,28.9528],[120.823,28.9486],[120.8235,28.9469],[120.826,28.9444],[120.8262,28.9435],[120.8298,28.9429],[120.8311,28.9418],[120.832,28.9399],[120.8329,28.9396],[120.8356,28.9362],[120.8354,28.9339],[120.8363,28.9325],[120.837,28.9296],[120.8389,28.9281],[120.8387,28.9243],[120.8401,28.9231],[120.8422,28.9234],[120.8474,28.9222],[120.8483,28.9215],[120.8514,28.9205],[120.8542,28.9215],[120.8561,28.9205],[120.8577,28.9205],[120.8597,28.917],[120.8614,28.9168],[120.8638,28.9142],[120.8635,28.9122],[120.8651,28.9122],[120.8641,28.909],[120.865,28.9066],[120.8685,28.9031],[120.8725,28.9033],[120.8731,28.9019],[120.875,28.9],[120.8751,28.896],[120.8777,28.8935],[120.8761,28.8926],[120.8742,28.8904],[120.8715,28.8887],[120.872,28.8879],[120.8758,28.884],[120.8778,28.8812],[120.8797,28.8792],[120.8809,28.8786],[120.884,28.8784],[120.8872,28.879],[120.892,28.8789],[120.8939,28.8765],[120.8952,28.8757],[120.8979,28.875],[120.899,28.8737],[120.8981,28.8718],[120.8993,28.8699],[120.9008,28.8704],[120.9017,28.8694],[120.9001,28.8668],[120.8986,28.8657],[120.8964,28.866],[120.8962,28.8644],[120.8951,28.8631],[120.8973,28.8617],[120.8993,28.8621],[120.8989,28.8602],[120.9021,28.8576],[120.9039,28.8581],[120.9059,28.8551],[120.9052,28.8537],[120.9067,28.8509],[120.906,28.8493],[120.9065,28.8477],[120.9084,28.846],[120.9058,28.8414],[120.9066,28.8402],[120.9061,28.8381],[120.9064,28.8355],[120.907,28.834],[120.9114,28.8304],[120.9126,28.8299],[120.9136,28.8282],[120.9156,28.827],[120.9143,28.8237],[120.9156,28.8233],[120.9164,28.8209],[120.9179,28.8188],[120.9189,28.8158],[120.9194,28.813],[120.9206,28.8104],[120.9183,28.8083],[120.9192,28.8065],[120.9181,28.8037],[120.917,28.8041],[120.916,28.7996],[120.9149,28.7977],[120.913,28.7966],[120.9122,28.7947],[120.9128,28.7943],[120.9135,28.7871],[120.9144,28.7843],[120.9174,28.7805],[120.9182,28.7789],[120.9185,28.7765],[120.9182,28.7751],[120.9196,28.7717],[120.9198,28.7701],[120.9193,28.7667],[120.9213,28.7647],[120.922,28.7626],[120.9237,28.7607],[120.9273,28.7599],[120.9282,28.759],[120.9304,28.758],[120.932,28.7555],[120.9277,28.7538],[120.9266,28.7505],[120.9257,28.7486],[120.9234,28.7485],[120.922,28.747],[120.9204,28.7466],[120.9173,28.7445],[120.9155,28.7427],[120.9148,28.7414],[120.9115,28.7416],[120.9103,28.7402],[120.9119,28.739],[120.9132,28.7389],[120.9142,28.7378],[120.9167,28.7367],[120.9178,28.735],[120.9183,28.7332],[120.9201,28.7294],[120.9204,28.7277],[120.922,28.7268],[120.9251,28.7259],[120.9305,28.7249],[120.9306,28.7264],[120.9317,28.7274],[120.9336,28.726],[120.9361,28.7259],[120.9354,28.7243],[120.9358,28.7236],[120.9378,28.7239],[120.9405,28.7221],[120.9409,28.7227],[120.9464,28.7245],[120.9478,28.7241],[120.9502,28.7225],[120.9516,28.7201],[120.9521,28.7168],[120.9538,28.7153],[120.9551,28.7154],[120.9565,28.7133],[120.9568,28.7115],[120.9598,28.7083],[120.9638,28.7081],[120.9659,28.7068],[120.9679,28.7072],[120.9689,28.7057],[120.9704,28.7047],[120.9739,28.7049],[120.9759,28.704],[120.9766,28.7032],[120.98,28.7007],[120.9818,28.7005],[120.9834,28.6991],[120.985,28.697],[120.9873,28.6964],[120.989,28.6944],[120.9895,28.692],[120.9942,28.6908],[120.9948,28.69],[120.9986,28.6881],[120.9999,28.6885],[121.0042,28.6875],[121.0036,28.6847],[121.0041,28.6834],[121.0027,28.6796],[121.0038,28.6784],[121.0057,28.6782],[121.0067,28.6798],[121.0078,28.6797],[121.0097,28.6815],[121.0121,28.682],[121.0151,28.6821],[121.017,28.6844],[121.0197,28.6857],[121.0224,28.6853],[121.0259,28.6854],[121.0272,28.6815],[121.0304,28.6787],[121.0303,28.6753],[121.0292,28.6742],[121.0291,28.6726],[121.0308,28.6714],[121.0314,28.6701],[121.0334,28.669],[121.0352,28.6714],[121.0389,28.6725],[121.0406,28.6719],[121.0432,28.6702],[121.0432,28.6681],[121.0475,28.6682],[121.0484,28.6675],[121.0497,28.6679],[121.0525,28.6669],[121.0535,28.6699],[121.0536,28.6716],[121.0546,28.6743],[121.0556,28.6752],[121.0582,28.6762],[121.0592,28.6773],[121.0642,28.6737],[121.0656,28.6722],[121.0681,28.6728],[121.0706,28.6752],[121.0758,28.6769],[121.0768,28.6766],[121.0797,28.6775],[121.0826,28.6805],[121.0835,28.6819],[121.0835,28.6835],[121.0861,28.6872],[121.0872,28.6894],[121.0882,28.6883],[121.0933,28.685],[121.093,28.6835],[121.0946,28.6819],[121.0971,28.6847],[121.0987,28.6846],[121.0997,28.6856],[121.1027,28.687],[121.1054,28.6896],[121.1097,28.6907],[121.112,28.6945],[121.1143,28.696],[121.1158,28.6958],[121.1181,28.6967],[121.1194,28.6964],[121.1215,28.6998],[121.123,28.7003],[121.1239,28.6997],[121.1236,28.6978],[121.1249,28.6977],[121.126,28.6988],[121.1279,28.698],[121.1295,28.6957],[121.1317,28.6946],[121.1317,28.6968],[121.1341,28.6972],[121.135,28.6992],[121.1351,28.7015],[121.1365,28.7018],[121.1366,28.7038],[121.1377,28.7048],[121.1369,28.7056],[121.1368,28.707],[121.1385,28.7067],[121.1407,28.7072],[121.1425,28.7085],[121.1454,28.7078],[121.1514,28.7092],[121.1538,28.711],[121.1569,28.7099],[121.158,28.7099],[121.1605,28.7088],[121.1601,28.7108],[121.1608,28.7122],[121.165,28.7142],[121.1665,28.7163],[121.1659,28.7174],[121.1674,28.7205],[121.1693,28.7205],[121.1737,28.7218],[121.1751,28.7211],[121.178,28.721],[121.1786,28.7228],[121.181,28.7241],[121.1836,28.724],[121.184,28.7246],[121.1867,28.724],[121.1867,28.7252],[121.1901,28.7265],[121.1924,28.7268],[121.192,28.7297],[121.1936,28.7291],[121.1941,28.7271],[121.1962,28.7289],[121.1977,28.7276],[121.1997,28.7271],[121.1997,28.7236],[121.1991,28.7219],[121.2013,28.7198],[121.2022,28.7198],[121.2038,28.7221],[121.2058,28.7224],[121.2072,28.7234],[121.2062,28.7248],[121.2095,28.7269],[121.2133,28.7265],[121.2149,28.7255],[121.215,28.7241],[121.2174,28.7228],[121.2181,28.7216],[121.2201,28.7202],[121.2189,28.7167],[121.2156,28.7159],[121.2167,28.7142],[121.2186,28.7152],[121.2201,28.7172],[121.2236,28.7166],[121.2232,28.7184],[121.2253,28.7187],[121.2256,28.721],[121.2287,28.7183],[121.2293,28.7163],[121.2303,28.7158],[121.2327,28.716],[121.2308,28.7117],[121.2299,28.7113],[121.2298,28.7097],[121.2315,28.7093],[121.2314,28.7075],[121.2327,28.7058],[121.2326,28.7033],[121.2344,28.7036],[121.236,28.7032],[121.2378,28.7039],[121.2452,28.7007],[121.2471,28.699],[121.2479,28.6972],[121.249,28.6972],[121.2497,28.6985],[121.2534,28.7008],[121.2577,28.7013],[121.2583,28.702],[121.2611,28.7019],[121.2633,28.703],[121.2643,28.7043],[121.2677,28.7068],[121.2728,28.7086],[121.2738,28.708],[121.2763,28.7096],[121.2766,28.7116],[121.2795,28.7126],[121.2808,28.7126],[121.2828,28.7139],[121.2864,28.711],[121.2895,28.7107],[121.2915,28.7095],[121.2903,28.7077],[121.2896,28.7044],[121.2899,28.7017],[121.2916,28.6982],[121.2923,28.6949],[121.295,28.6946],[121.2984,28.6953],[121.2997,28.6963],[121.303,28.6953],[121.3043,28.694],[121.3082,28.6921],[121.3105,28.6906],[121.3103,28.69],[121.3125,28.6884],[121.3136,28.6889],[121.3146,28.6875],[121.3174,28.6863],[121.3174,28.6829],[121.3185,28.6818],[121.3196,28.6835],[121.3226,28.6909],[121.3243,28.6935],[121.3259,28.6945],[121.3383,28.6976],[121.341,28.6981],[121.3466,28.6986],[121.3451,28.703],[121.3452,28.7041],[121.3478,28.7079],[121.348,28.7107],[121.3489,28.7108],[121.3491,28.7142],[121.3484,28.7145],[121.3488,28.7205],[121.3501,28.7204],[121.3506,28.7221],[121.351,28.7303],[121.35,28.7313],[121.3484,28.7305],[121.3465,28.7328],[121.3445,28.7345],[121.3447,28.7359],[121.3428,28.738],[121.343,28.7396],[121.342,28.7405],[121.3409,28.743],[121.3445,28.7451],[121.3459,28.745],[121.3462,28.7462],[121.3476,28.7482],[121.3501,28.7483],[121.3503,28.7495],[121.3514,28.7503],[121.3556,28.751],[121.3572,28.7521],[121.3612,28.7536],[121.3628,28.7524],[121.3638,28.7509],[121.3652,28.7498],[121.3683,28.7487],[121.3703,28.749],[121.3718,28.7483],[121.3742,28.7485],[121.3748,28.7492],[121.3784,28.7521],[121.376,28.7539],[121.376,28.756],[121.3767,28.7566],[121.3759,28.7582],[121.3729,28.7587],[121.3718,28.758],[121.3705,28.7582],[121.37,28.7605],[121.3715,28.7647],[121.3711,28.7666],[121.3695,28.7673],[121.3701,28.7709],[121.3716,28.7728],[121.3694,28.7744],[121.3694,28.7753],[121.3715,28.7769],[121.3748,28.7767],[121.377,28.7783],[121.3775,28.7793],[121.3791,28.779],[121.381,28.7792],[121.3831,28.7786],[121.3862,28.776],[121.3891,28.7746],[121.3941,28.7733],[121.3951,28.7725],[121.3945,28.7695],[121.3954,28.7677],[121.3969,28.7664],[121.3977,28.7647],[121.3988,28.764],[121.4006,28.7639],[121.4025,28.763],[121.4045,28.7632],[121.4053,28.7617],[121.407,28.7615],[121.4065,28.7597],[121.4111,28.7595],[121.4123,28.7599],[121.4127,28.7616],[121.4151,28.7605],[121.4174,28.7606],[121.4186,28.7598],[121.4208,28.7603],[121.4226,28.7625],[121.4256,28.7622],[121.4284,28.764],[121.4298,28.7608],[121.4308,28.7597],[121.4302,28.7575],[121.4311,28.7563],[121.4321,28.7564],[121.4347,28.7528],[121.4338,28.7519],[121.435,28.7495],[121.4359,28.7491],[121.4389,28.7502],[121.4441,28.7515],[121.4444,28.7524],[121.446,28.7534],[121.447,28.7534],[121.4475,28.7509],[121.4491,28.7513],[121.4499,28.7484],[121.4491,28.748],[121.4503,28.7464],[121.4518,28.7471],[121.455,28.7457],[121.4577,28.7419],[121.4573,28.7405],[121.4554,28.7392],[121.4568,28.7369],[121.4558,28.7363],[121.4579,28.7337],[121.4586,28.7343],[121.4617,28.7322],[121.4653,28.7312],[121.4652,28.7295],[121.4667,28.7301],[121.4719,28.7295],[121.4743,28.7317],[121.4757,28.732],[121.4787,28.7341],[121.4788,28.7352],[121.48,28.736],[121.4856,28.7318],[121.489,28.7328],[121.4927,28.7302],[121.4937,28.731],[121.4952,28.7298],[121.4962,28.7303],[121.4985,28.7288],[121.5017,28.7319],[121.5051,28.7287],[121.5047,28.7283],[121.5064,28.7259],[121.5061,28.7251],[121.5075,28.723],[121.5085,28.7233],[121.51,28.7213],[121.5122,28.7217],[121.5134,28.7206],[121.5154,28.7164],[121.5188,28.7115],[121.5223,28.7055],[121.5253,28.7008],[121.5275,28.7023],[121.5289,28.7002],[121.5299,28.7004],[121.5286,28.7028],[121.5318,28.7042],[121.5323,28.7035],[121.5341,28.704],[121.5351,28.7023],[121.5335,28.7014],[121.5346,28.6998],[121.5333,28.6991],[121.5261,28.6965],[121.5272,28.6942],[121.5293,28.6947],[121.5298,28.6932],[121.5278,28.6933],[121.5262,28.6822],[121.6509,28.6673],[121.7491,28.6245],[122.0651,28.6092],[122.3414,28.6093]]]},"properties":{"region_code":"CN-33-3310-331082","parent_region_code":"CN-33-3310","name":"临海市","level":"county","has_children":false,"full_path":"中国 / 浙江省 / 台州市 / 临海市","source_admin_code":"331082","osm_relation_id":3478414}},
{"type":"Feature","geometry":{"type":"Polygon","coordinates":[[[121.2012,28.2861],[121.1998,28.275],[121.189,28.2751],[121.1572,28.296],[121.1445,28.2716],[121.1349,28.1798],[121.1231,28.1529],[121.0951,28.0888],[121.1412,28.0144],[121.2517,28.0339],[121.5568,27.9716],[121.8388,27.9715],[121.9871,28.1464],[121.7031,28.1454],[121.4358,28.2541],[121.4228,28.2586],[121.4205,28.2593],[121.4169,28.2586],[121.4155,28.2596],[121.4121,28.2578],[121.4108,28.2581],[121.4106,28.2605],[121.4083,28.2637],[121.4061,28.2627],[121.4049,28.2608],[121.4032,28.2615],[121.4028,28.2643],[121.4016,28.2659],[121.4027,28.2669],[121.4025,28.2679],[121.4007,28.2675],[121.3991,28.2679],[121.3967,28.2676],[121.3962,28.2657],[121.3936,28.2642],[121.3955,28.2611],[121.3949,28.2592],[121.3921,28.2594],[121.3905,28.2584],[121.3884,28.2578],[121.3873,28.2595],[121.3855,28.2576],[121.3842,28.2571],[121.3822,28.2625],[121.38,28.265],[121.3792,28.2667],[121.3793,28.2698],[121.3775,28.2714],[121.3753,28.2721],[121.3733,28.2716],[121.3714,28.2719],[121.3685,28.27],[121.367,28.2707],[121.3664,28.2733],[121.3607,28.2742],[121.3599,28.2736],[121.3559,28.2736],[121.3536,28.2744],[121.3481,28.2792],[121.3499,28.282],[121.3498,28.284],[121.3503,28.2853],[121.3528,28.288],[121.3541,28.2883],[121.3575,28.2904],[121.3577,28.2916],[121.3557,28.2922],[121.3589,28.2952],[121.3569,28.2955],[121.3544,28.2966],[121.3537,28.2974],[121.3512,28.2974],[121.3535,28.2991],[121.3529,28.3012],[121.3541,28.3032],[121.3577,28.3036],[121.3567,28.3047],[121.3559,28.3065],[121.354,28.3067],[121.356,28.3091],[121.3567,28.3107],[121.3556,28.3118],[121.3557,28.3133],[121.3586,28.3184],[121.3583,28.3192],[121.36,28.3212],[121.3592,28.3228],[121.3576,28.3234],[121.3562,28.3214],[121.3539,28.3214],[121.3523,28.3218],[121.3518,28.3202],[121.3507,28.3187],[121.3506,28.3172],[121.3495,28.3165],[121.348,28.3171],[121.3474,28.3161],[121.344,28.3145],[121.3419,28.3118],[121.3396,28.3096],[121.3372,28.3089],[121.3367,28.3075],[121.3351,28.3094],[121.3335,28.3101],[121.3309,28.3091],[121.33,28.3079],[121.3281,28.3067],[121.3252,28.3071],[121.3228,28.3057],[121.3221,28.303],[121.3193,28.3021],[121.3167,28.3004],[121.3152,28.3003],[121.3122,28.3007],[121.312,28.2984],[121.31,28.3002],[121.3066,28.2996],[121.305,28.2985],[121.3038,28.2965],[121.3024,28.295],[121.3018,28.2917],[121.3006,28.2903],[121.2964,28.2892],[121.2964,28.2877],[121.2976,28.2865],[121.2948,28.2858],[121.294,28.2878],[121.2928,28.2886],[121.291,28.2877],[121.2871,28.2882],[121.2835,28.2864],[121.281,28.2873],[121.2791,28.284],[121.2767,28.2821],[121.2739,28.2813],[121.2739,28.2792],[121.2717,28.2781],[121.2712,28.2789],[121.2705,28.282],[121.269,28.2832],[121.268,28.282],[121.2665,28.2815],[121.2643,28.2796],[121.2627,28.2768],[121.2614,28.2734],[121.253,28.2763],[121.2518,28.2777],[121.2392,28.28],[121.2386,28.28],[121.2012,28.2861]]]},"properties":{"region_code":"CN-33-3310-331083","parent_region_code":"CN-33-3310","name":"玉环市","level":"county","has_children":false,"full_path":"中国 / 浙江省 / 台州市 / 玉环市","source_admin_code":"331083","osm_relation_id":3478417}}
]}