{"type":"FeatureCollection", "features": [
{"type":"Feature","geometry":{"type":"Polygon","coordinates":[[[119.9678,29.6778],[119.9688,29.6809],[119.9681,29.6833],[119.9694,29.685],[119.9688,29.6886],[119.9704,29.6908],[119.9671,29.6942],[119.9638,29.6938],[119.9637,29.6967],[119.9589,29.699],[119.9583,29.7032],[119.9548,29.7043],[119.9531,29.7036],[119.9498,29.7053],[119.9464,29.7081],[119.9427,29.7128],[119.945,29.7147],[119.9497,29.7135],[119.9484,29.7188],[119.9454,29.7188],[119.9425,29.7201],[119.9402,29.7195],[119.9401,29.7165],[119.9379,29.7142],[119.9345,29.7125],[119.9298,29.713],[119.9265,29.7109],[119.9264,29.7097],[119.9224,29.7078],[119.9194,29.7098],[119.9134,29.7103],[119.9107,29.7112],[119.9083,29.7136],[119.9083,29.7167],[119.9068,29.7198],[119.9083,29.7231],[119.908,29.7254],[119.9041,29.7277],[119.9024,29.7297],[119.8973,29.7314],[119.8953,29.7329],[119.8959,29.7394],[119.894,29.7424],[119.8961,29.7475],[119.8926,29.7493],[119.8906,29.7515],[119.8875,29.7527],[119.8844,29.7562],[119.8876,29.7658],[119.893,29.763],[119.9002,29.7563],[119.9088,29.7581],[119.9102,29.756],[119.9138,29.754],[119.9186,29.753],[119.9202,29.7472],[119.9225,29.7464],[119.9254,29.7498],[119.9292,29.7521],[119.9321,29.7523],[119.9359,29.7566],[119.941,29.7586],[119.9517,29.7585],[119.9542,29.7567],[119.9598,29.7626],[119.963,29.7629],[119.9645,29.7665],[119.9718,29.769],[119.9749,29.7677],[119.9747,29.7628],[119.9768,29.761],[119.9821,29.7597],[119.9854,29.7623],[119.9882,29.7619],[119.9928,29.7628],[119.9924,29.7641],[119.9952,29.7664],[119.9993,29.7645],[120.0053,29.7652],[120.0091,29.7676],[120.0129,29.7686],[120.016,29.7681],[120.0164,29.7698],[120.0207,29.7731],[120.0241,29.7719],[120.0257,29.7742],[120.0257,29.779],[120.0244,29.7842],[120.0256,29.787],[120.0323,29.791],[120.0321,29.7931],[120.0293,29.7949],[120.03,29.8032],[120.0253,29.8092],[120.0264,29.8134],[120.0328,29.8228],[120.0353,29.8231],[120.0387,29.8258],[120.0419,29.8254],[120.0441,29.827],[120.0475,29.8271],[120.0523,29.8249],[120.0589,29.8234],[120.0627,29.8256],[120.0639,29.8271],[120.0715,29.8302],[120.0746,29.8296],[120.0781,29.8254],[120.0817,29.8237],[120.0854,29.8202],[120.0902,29.819],[120.0955,29.8215],[120.0973,29.8276],[120.097,29.8314],[120.0956,29.8334],[120.0985,29.8377],[120.0994,29.8409],[120.1037,29.8465],[120.1099,29.8459],[120.1084,29.8491],[120.1107,29.8515],[120.1125,29.8547],[120.117,29.8547],[120.1206,29.856],[120.1238,29.8597],[120.122,29.8634],[120.124,29.8636],[120.1254,29.8607],[120.1281,29.8616],[120.1301,29.8666],[120.1339,29.8706],[120.1392,29.8751],[120.1413,29.88],[120.1453,29.8857],[120.1433,29.891],[120.1446,29.8925],[120.142,29.897],[120.143,29.8995],[120.1455,29.9005],[120.1446,29.9045],[120.1471,29.9105],[120.1504,29.9087],[120.1551,29.9087],[120.1567,29.9128],[120.1583,29.9126],[120.1586,29.9167],[120.1614,29.9191],[120.1628,29.9183],[120.166,29.9194],[120.1687,29.9188],[120.1718,29.9159],[120.1723,29.914],[120.1703,29.9123],[120.1718,29.9109],[120.1742,29.911],[120.1772,29.9098],[120.1793,29.9075],[120.1829,29.907],[120.1855,29.9122],[120.185,29.9147],[120.1899,29.9164],[120.1916,29.9159],[120.1949,29.9217],[120.1976,29.9206],[120.2017,29.9206],[120.2031,29.9215],[120.1994,29.9257],[120.1952,29.9326],[120.1979,29.9358],[120.2005,29.9344],[120.2033,29.9368],[120.2073,29.9338],[120.2133,29.934],[120.2161,29.9321],[120.2169,29.9361],[120.2135,29.9379],[120.2097,29.9383],[120.2064,29.9376],[120.2073,29.9404],[120.2099,29.9417],[120.2145,29.9417],[120.2171,29.9432],[120.2209,29.9435],[120.2226,29.9424],[120.2268,29.9436],[120.2288,29.942],[120.2315,29.9425],[120.2401,29.9423],[120.2389,29.9394],[120.2427,29.9396],[120.2444,29.9382],[120.2492,29.9437],[120.2511,29.9451],[120.2552,29.9427],[120.2578,29.9401],[120.2573,29.9384],[120.2607,29.9345],[120.2594,29.9269],[120.2608,29.9248],[120.265,29.9249],[120.2676,29.9226],[120.2711,29.9224],[120.2769,29.923],[120.2814,29.9275],[120.2814,29.9305],[120.2837,29.9316],[120.2846,29.935],[120.2868,29.9365],[120.2867,29.9391],[120.2888,29.9395],[120.2916,29.9356],[120.2954,29.9356],[120.2967,29.9331],[120.3039,29.9321],[120.3079,29.9304],[120.3129,29.9333],[120.3143,29.9367],[120.3164,29.9393],[120.321,29.9415],[120.3208,29.9462],[120.3228,29.9484],[120.3227,29.9504],[120.3255,29.9502],[120.3279,29.9517],[120.3278,29.9537],[120.3332,29.9561],[120.3366,29.9596],[120.3367,29.9638],[120.3375,29.9667],[120.3402,29.9717],[120.3386,29.9734],[120.3395,29.9767],[120.3433,29.9763],[120.3477,29.9772],[120.3504,29.9762],[120.3586,29.9775],[120.3603,29.9791],[120.3597,29.9821],[120.357,29.985],[120.3586,29.9882],[120.3551,29.9915],[120.3506,29.9932],[120.3497,29.995],[120.3534,29.9954],[120.3549,29.9974],[120.3544,30.001],[120.3565,30.002],[120.3549,30.0045],[120.3541,30.0091],[120.351,30.0099],[120.3522,30.0143],[120.351,30.0175],[120.3442,30.021],[120.3402,30.0214],[120.3411,30.0242],[120.3399,30.0278],[120.3427,30.0292],[120.3446,30.035],[120.3373,30.0334],[120.3374,30.0386],[120.335,30.0379],[120.3299,30.0397],[120.3269,30.0419],[120.3253,30.0458],[120.3213,30.0463],[120.3197,30.0481],[120.3202,30.0528],[120.3216,30.0541],[120.3266,30.0539],[120.3308,30.0604],[120.333,30.0616],[120.3293,30.0675],[120.3286,30.0702],[120.3301,30.075],[120.3277,30.0789],[120.3294,30.0847],[120.3292,30.0883],[120.3312,30.0886],[120.3304,30.0936],[120.3319,30.0954],[120.3278,30.0999],[120.3262,30.1032],[120.3245,30.104],[120.3194,30.1007],[120.3158,30.1028],[120.3107,30.1069],[120.3087,30.1119],[120.3067,30.1107],[120.3048,30.1068],[120.2996,30.1042],[120.3001,30.1029],[120.296,30.102],[120.293,30.1028],[120.2921,30.1004],[120.2884,30.1028],[120.2844,30.1039],[120.2825,30.1086],[120.2828,30.1099],[120.2892,30.1139],[120.2907,30.1171],[120.293,30.1193],[120.2959,30.1206],[120.2975,30.1247],[120.2997,30.1282],[120.2992,30.1292],[120.2934,30.1295],[120.2941,30.1314],[120.2995,30.1358],[120.3082,30.1401],[120.3112,30.1372],[120.3128,30.1316],[120.3133,30.1279],[120.3143,30.1272],[120.3181,30.1296],[120.3223,30.1272],[120.3254,30.1296],[120.3285,30.1349],[120.3314,30.1386],[120.3355,30.1411],[120.3356,30.1447],[120.349,30.1444],[120.3498,30.1457],[120.3472,30.1495],[120.3475,30.153],[120.3501,30.1537],[120.3532,30.1499],[120.3552,30.1499],[120.3571,30.1541],[120.3652,30.1572],[120.3688,30.1578],[120.3764,30.1573],[120.3813,30.1597],[120.3833,30.1587],[120.3857,30.1521],[120.3885,30.1482],[120.3932,30.1455],[120.3939,30.1441],[120.3928,30.1401],[120.3958,30.1387],[120.3992,30.1395],[120.401,30.137],[120.3999,30.132],[120.4036,30.132],[120.4069,30.1342],[120.4063,30.1519],[120.4096,30.1515],[120.4108,30.1503],[120.4134,30.1509],[120.4135,30.1536],[120.4148,30.1553],[120.4186,30.1482],[120.4215,30.1465],[120.4194,30.1399],[120.4204,30.1325],[120.4264,30.1341],[120.4269,30.1351],[120.432,30.1346],[120.433,30.1361],[120.4357,30.1367],[120.4376,30.1339],[120.4401,30.1339],[120.4425,30.1357],[120.4416,30.1417],[120.4421,30.1436],[120.4444,30.1436],[120.4454,30.1455],[120.4463,30.1519],[120.4479,30.1528],[120.4537,30.1529],[120.4565,30.1572],[120.4585,30.1618],[120.4583,30.1679],[120.4565,30.1685],[120.4579,30.1712],[120.4634,30.1721],[120.4708,30.1722],[120.4748,30.1711],[120.4772,30.1731],[120.4793,30.1729],[120.4798,30.1752],[120.4833,30.1746],[120.4856,30.1723],[120.4874,30.173],[120.4902,30.1721],[120.4917,30.1744],[120.4969,30.1748],[120.4951,30.1721],[120.4956,30.1684],[120.5007,30.1661],[120.5061,30.1683],[120.5068,30.1627],[120.5087,30.16],[120.5108,30.1594],[120.5121,30.1569],[120.5218,30.1573],[120.5255,30.1609],[120.5291,30.16],[120.534,30.1607],[120.5396,30.1594],[120.5427,30.1602],[120.55,30.1592],[120.5533,30.1578],[120.5554,30.1535],[120.5555,30.1501],[120.558,30.1498],[120.5589,30.1521],[120.5614,30.1534],[120.5646,30.1529],[120.566,30.155],[120.5709,30.1545],[120.5761,30.1551],[120.5808,30.1534],[120.5808,30.1501],[120.5871,30.149],[120.5884,30.1497],[120.5946,30.1481],[120.5973,30.1509],[120.6002,30.1511],[120.6007,30.1526],[120.6062,30.1537],[120.6073,30.1613],[120.6104,30.1713],[120.6181,30.1855],[120.6215,30.1899],[120.6271,30.1996],[120.6409,30.2207],[120.664,30.234],[120.6659,30.2357],[120.6801,30.2523],[120.6908,30.2651],[120.6903,30.2655],[120.7029,30.2807],[120.7255,30.2994],[120.7216,30.3062],[120.7183,30.3128],[120.714,30.3246],[120.7127,30.3295],[120.7104,30.3406],[120.7067,30.3512],[120.6991,30.3593],[120.6923,30.3644],[120.6853,30.3689],[120.6811,30.372],[120.6757,30.3753],[120.66,30.3823],[120.654,30.3844],[120.6458,30.3878],[120.6363,30.3895],[120.6281,30.3903],[120.6173,30.3905],[120.6065,30.39],[120.5892,30.3905],[120.559,30.3906],[120.5552,30.391],[120.5499,30.3906],[120.5391,30.3908],[120.5215,30.392],[120.5109,30.3922],[120.5044,30.3926],[120.5001,30.3923],[120.4914,30.3905],[120.4769,30.3886],[120.4678,30.3872],[120.4477,30.3834],[120.443,30.3829],[120.4369,30.3803],[120.4341,30.3761],[120.4301,30.3684],[120.4267,30.3606],[120.4242,30.3568],[120.4187,30.3427],[120.4143,30.3333],[120.4084,30.3188],[120.3935,30.3306],[120.3886,30.335],[120.3747,30.3464],[120.3724,30.3461],[120.3742,30.3522],[120.3752,30.352],[120.3768,30.3568],[120.3753,30.3589],[120.3833,30.3726],[120.393,30.3729],[120.3962,30.3753],[120.3953,30.3863],[120.3843,30.3839],[120.3747,30.3823],[120.3717,30.3809],[120.3645,30.3792],[120.3621,30.378],[120.3533,30.3756],[120.3501,30.3754],[120.3448,30.3732],[120.3443,30.371],[120.3408,30.3718],[120.3372,30.3755],[120.337,30.3785],[120.3309,30.3773],[120.3281,30.3776],[120.3251,30.3792],[120.3201,30.3811],[120.3188,30.3794],[120.315,30.3813],[120.3139,30.385],[120.3148,30.3864],[120.3133,30.389],[120.3144,30.3911],[120.3107,30.3977],[120.3048,30.3957],[120.3031,30.3961],[120.3016,30.3991],[120.3063,30.4032],[120.3084,30.4017],[120.3118,30.4037],[120.3124,30.405],[120.3174,30.407],[120.3166,30.4103],[120.3199,30.4143],[120.3216,30.4135],[120.324,30.4177],[120.3283,30.4183],[120.3289,30.4213],[120.3281,30.4271],[120.3262,30.4296],[120.3293,30.4317],[120.332,30.4318],[120.3311,30.4352],[120.3356,30.4363],[120.3348,30.4423],[120.3364,30.4441],[120.3353,30.4456],[120.3358,30.4486],[120.3352,30.4524],[120.3334,30.4531],[120.3323,30.4606],[120.3331,30.4623],[120.3326,30.4665],[120.3372,30.4684],[120.336,30.4733],[120.3339,30.4758],[120.3311,30.4754],[120.3259,30.4716],[120.3222,30.4728],[120.324,30.4753],[120.3235,30.4774],[120.3211,30.4794],[120.3216,30.4832],[120.3233,30.4864],[120.3224,30.4881],[120.3233,30.4939],[120.3211,30.4987],[120.3207,30.5024],[120.3186,30.5078],[120.3168,30.5082],[120.3178,30.5109],[120.318,30.515],[120.3169,30.5183],[120.3155,30.5187],[120.3145,30.5233],[120.3033,30.5232],[120.2952,30.522],[120.2946,30.5196],[120.2917,30.5189],[120.2908,30.5174],[120.287,30.5145],[120.2847,30.5161],[120.2825,30.5143],[120.2814,30.5096],[120.2775,30.5103],[120.2748,30.51],[120.2743,30.5067],[120.2715,30.5071],[120.2684,30.5088],[120.2619,30.5091],[120.259,30.5073],[120.2509,30.5069],[120.25,30.5087],[120.2455,30.5084],[120.2451,30.5075],[120.2341,30.5073],[120.2341,30.5109],[120.2303,30.5127],[120.2292,30.5146],[120.2235,30.5149],[120.2255,30.5119],[120.2233,30.5105],[120.209,30.5103],[120.199,30.5072],[120.1961,30.5164],[120.1951,30.5166],[120.1899,30.5043],[120.1855,30.5068],[120.1828,30.5052],[120.1813,30.5056],[120.1775,30.502],[120.1785,30.4999],[120.1813,30.4971],[120.1789,30.4966],[120.1745,30.4942],[120.1722,30.4963],[120.1689,30.4944],[120.1734,30.4907],[120.1731,30.4896],[120.1757,30.4873],[120.1785,30.4864],[120.1758,30.4844],[120.1717,30.4879],[120.1683,30.4865],[120.1747,30.4806],[120.1682,30.4781],[120.1682,30.4772],[120.1622,30.4757],[120.1617,30.4769],[120.1573,30.4755],[120.1558,30.4724],[120.1485,30.4708],[120.1451,30.4696],[120.1421,30.4738],[120.1418,30.4796],[120.1433,30.4828],[120.1416,30.4852],[120.1389,30.4858],[120.1375,30.4839],[120.1334,30.4827],[120.1294,30.484],[120.1261,30.4822],[120.121,30.4804],[120.1199,30.4817],[120.1126,30.4835],[120.1131,30.4806],[120.1102,30.4768],[120.1024,30.4798],[120.1012,30.4818],[120.1022,30.4856],[120.0956,30.4851],[120.0917,30.4872],[120.0912,30.4916],[120.0931,30.495],[120.0957,30.4964],[120.0924,30.4978],[120.091,30.4995],[120.0807,30.4997],[120.0722,30.5001],[120.0702,30.4971],[120.0647,30.4998],[120.063,30.4981],[120.0622,30.4946],[120.0609,30.4847],[120.0597,30.4824],[120.0557,30.4781],[120.0547,30.4726],[120.0553,30.4682],[120.0546,30.4606],[120.0576,30.454],[120.0604,30.4517],[120.0632,30.4481],[120.0632,30.4438],[120.0618,30.4407],[120.0573,30.4369],[120.0599,30.4332],[120.0587,30.4317],[120.0524,30.4314],[120.0454,30.4296],[120.0382,30.4297],[120.0314,30.4277],[120.0307,30.4308],[120.0341,30.4315],[120.0353,30.4366],[120.0256,30.4393],[120.025,30.4409],[120.0212,30.4408],[120.0186,30.4381],[120.0096,30.4385],[120.0046,30.4403],[120.0043,30.442],[119.9966,30.448],[119.9889,30.447],[119.9827,30.4483],[119.9792,30.4477],[119.9783,30.4455],[119.9744,30.4431],[119.9718,30.4428],[119.9682,30.4391],[119.9679,30.4349],[119.9639,30.4343],[119.9595,30.4319],[119.9585,30.4346],[119.9562,30.4346],[119.9531,30.4373],[119.9504,30.4367],[119.9488,30.4378],[119.9488,30.4434],[119.9472,30.4449],[119.9491,30.449],[119.9449,30.4504],[119.9439,30.4533],[119.9415,30.4521],[119.9384,30.4481],[119.9365,30.4469],[119.9322,30.4477],[119.9301,30.4496],[119.9293,30.4534],[119.9267,30.4554],[119.9196,30.4571],[119.9174,30.462],[119.915,30.4635],[119.9092,30.4605],[119.9069,30.4582],[119.9045,30.4587],[119.9,30.4616],[119.8974,30.4617],[119.8964,30.4602],[119.8931,30.4596],[119.8787,30.4622],[119.8722,30.4617],[119.8696,30.463],[119.8685,30.4665],[119.8702,30.4682],[119.8695,30.4727],[119.873,30.4757],[119.874,30.4782],[119.8706,30.4801],[119.8651,30.4785],[119.8598,30.4812],[119.8618,30.4855],[119.8569,30.4897],[119.8528,30.4923],[119.8519,30.4956],[119.8479,30.4996],[119.8462,30.5001],[119.8412,30.4985],[119.8353,30.4984],[119.8326,30.4995],[119.8304,30.4977],[119.8259,30.5021],[119.8262,30.5056],[119.8206,30.5102],[119.8183,30.5106],[119.816,30.5129],[119.8121,30.5133],[119.808,30.5103],[119.8075,30.509],[119.8037,30.5104],[119.8001,30.5074],[119.7974,30.5078],[119.7927,30.5072],[119.7879,30.5087],[119.786,30.507],[119.7822,30.5096],[119.7808,30.5124],[119.7785,30.5133],[119.7677,30.5154],[119.7667,30.5164],[119.7632,30.5166],[119.7576,30.5184],[119.7566,30.5201],[119.7585,30.5227],[119.7645,30.5246],[119.767,30.5277],[119.7674,30.53],[119.7629,30.5364],[119.7636,30.5407],[119.7626,30.5424],[119.767,30.5469],[119.7676,30.5489],[119.7663,30.5554],[119.7638,30.558],[119.7611,30.5566],[119.7573,30.5563],[119.7533,30.5568],[119.7519,30.5542],[119.7489,30.5535],[119.7451,30.5541],[119.7394,30.5535],[119.7355,30.552],[119.7282,30.5547],[119.7249,30.5554],[119.72,30.5546],[119.7163,30.5584],[119.7196,30.5613],[119.7156,30.5649],[119.7093,30.5629],[119.706,30.561],[119.6973,30.5608],[119.6948,30.5617],[119.6898,30.5616],[119.6879,30.5599],[119.6882,30.5546],[119.6905,30.553],[119.6903,30.5504],[119.6919,30.5489],[119.6932,30.5446],[119.6925,30.543],[119.6942,30.5413],[119.6937,30.5392],[119.6972,30.5342],[119.6992,30.5296],[119.7023,30.528],[119.7031,30.5246],[119.7021,30.5219],[119.7043,30.5212],[119.7029,30.5148],[119.7054,30.5102],[119.7042,30.5082],[119.7056,30.505],[119.7045,30.504],[119.7038,30.4991],[119.7005,30.4964],[119.7058,30.4914],[119.7043,30.4885],[119.7033,30.4838],[119.7039,30.4824],[119.7001,30.4793],[119.6988,30.4763],[119.6995,30.4713],[119.6974,30.4695],[119.6971,30.4671],[119.6913,30.463],[119.6919,30.4591],[119.6879,30.454],[119.6887,30.4523],[119.6913,30.4529],[119.6942,30.451],[119.6938,30.4493],[119.6987,30.4491],[119.6983,30.4457],[119.6999,30.4451],[119.7003,30.4382],[119.7012,30.4361],[119.7016,30.4317],[119.6986,30.4301],[119.6946,30.43],[119.6923,30.4285],[119.6893,30.4281],[119.6877,30.4234],[119.6819,30.42],[119.6774,30.4109],[119.6748,30.4098],[119.672,30.4062],[119.6689,30.4052],[119.6644,30.4091],[119.6612,30.4068],[119.6633,30.4046],[119.6631,30.402],[119.6546,30.407],[119.6503,30.4078],[119.6485,30.4057],[119.6503,30.404],[119.6452,30.4005],[119.6422,30.3965],[119.639,30.3967],[119.6337,30.3944],[119.6309,30.3966],[119.6285,30.3973],[119.6288,30.4015],[119.6318,30.4027],[119.6326,30.4062],[119.6265,30.4093],[119.6272,30.4121],[119.6318,30.4116],[119.6326,30.4129],[119.6308,30.4164],[119.6317,30.4177],[119.6288,30.4214],[119.6272,30.4257],[119.6283,30.4295],[119.6366,30.4316],[119.6374,30.4336],[119.6416,30.4358],[119.6437,30.439],[119.6434,30.4406],[119.6457,30.443],[119.6441,30.445],[119.6409,30.4435],[119.6394,30.441],[119.6347,30.4445],[119.6291,30.4424],[119.6298,30.4412],[119.626,30.4386],[119.6233,30.4346],[119.6176,30.432],[119.6145,30.4293],[119.6119,30.4295],[119.6073,30.4277],[119.605,30.4292],[119.6022,30.4278],[119.5985,30.4244],[119.5935,30.425],[119.5899,30.4239],[119.5867,30.4277],[119.5821,30.4256],[119.5799,30.4262],[119.5717,30.4326],[119.5695,30.4332],[119.5675,30.4376],[119.5679,30.4417],[119.5656,30.4431],[119.5643,30.446],[119.5608,30.4473],[119.5569,30.4455],[119.5566,30.4407],[119.5537,30.4403],[119.552,30.4423],[119.5491,30.4434],[119.5475,30.4399],[119.5451,30.4381],[119.5418,30.4378],[119.5423,30.432],[119.538,30.4305],[119.5321,30.427],[119.5309,30.4225],[119.5333,30.4211],[119.5349,30.4181],[119.5325,30.4139],[119.528,30.4113],[119.5247,30.4104],[119.5203,30.4073],[119.5179,30.4077],[119.5106,30.4027],[119.5083,30.4044],[119.5039,30.4057],[119.4999,30.4086],[119.4951,30.409],[119.4935,30.4109],[119.4889,30.4105],[119.4789,30.4111],[119.4725,30.411],[119.4705,30.4093],[119.468,30.4092],[119.4602,30.4128],[119.4557,30.4141],[119.4482,30.4153],[119.4461,30.4127],[119.443,30.4126],[119.4448,30.4095],[119.4454,30.4068],[119.4427,30.4028],[119.4404,30.4005],[119.4414,30.3943],[119.4391,30.3931],[119.4328,30.3936],[119.4303,30.3925],[119.4298,30.3898],[119.4278,30.3862],[119.4228,30.3865],[119.421,30.3861],[119.4152,30.3807],[119.4145,30.3789],[119.4095,30.3761],[119.3987,30.377],[119.3984,30.3737],[119.3961,30.3705],[119.3934,30.3687],[119.3831,30.3676],[119.3803,30.3655],[119.3778,30.3625],[119.377,30.3604],[119.3727,30.3578],[119.3688,30.3572],[119.365,30.3551],[119.3633,30.3553],[119.3583,30.353],[119.3555,30.3535],[119.351,30.3529],[119.3494,30.3504],[119.3433,30.3518],[119.3435,30.3534],[119.3414,30.3565],[119.3391,30.3583],[119.3387,30.3661],[119.3368,30.3658],[119.3343,30.3678],[119.3307,30.3673],[119.33,30.3703],[119.3238,30.3737],[119.3146,30.3724],[119.3098,30.3701],[119.3075,30.3715],[119.306,30.3685],[119.3023,30.368],[119.299,30.3668],[119.2953,30.3663],[119.2935,30.3599],[119.2897,30.3581],[119.2868,30.3529],[119.2844,30.3519],[119.2835,30.35],[119.2809,30.3496],[119.2724,30.3431],[119.2677,30.345],[119.2616,30.3415],[119.259,30.3393],[119.251,30.3402],[119.25,30.3416],[119.2445,30.3438],[119.243,30.3408],[119.2387,30.3353],[119.2407,30.3331],[119.238,30.33],[119.2387,30.3274],[119.2406,30.3275],[119.2432,30.326],[119.24,30.3206],[119.2398,30.3164],[119.2377,30.3137],[119.2372,30.3091],[119.235,30.3028],[119.2323,30.2995],[119.2317,30.2956],[119.2295,30.2957],[119.227,30.2932],[119.2248,30.2944],[119.2233,30.2908],[119.221,30.2916],[119.219,30.2959],[119.2211,30.2988],[119.2193,30.3003],[119.2188,30.3025],[119.2165,30.3021],[119.214,30.2992],[119.212,30.2945],[119.2095,30.2953],[119.2078,30.2978],[119.208,30.301],[119.2055,30.3023],[119.2047,30.3001],[119.2059,30.2959],[119.2026,30.2937],[119.1981,30.2928],[119.1963,30.294],[119.1899,30.2936],[119.1881,30.2943],[119.1821,30.2939],[119.1769,30.2975],[119.1735,30.2988],[119.1685,30.2989],[119.1641,30.2977],[119.1612,30.3019],[119.1588,30.3017],[119.1561,30.2994],[119.1535,30.3004],[119.1495,30.3053],[119.149,30.3069],[119.1452,30.3059],[119.1374,30.3073],[119.1283,30.3055],[119.1253,30.3073],[119.1222,30.307],[119.1163,30.312],[119.1123,30.3111],[119.1053,30.3137],[119.0972,30.3202],[119.0941,30.3201],[119.0911,30.3189],[119.089,30.3241],[119.0856,30.3256],[119.0815,30.3244],[119.08,30.3229],[119.0751,30.3206],[119.0735,30.3206],[119.0701,30.3161],[119.0669,30.3151],[119.0651,30.3126],[119.0612,30.3089],[119.0604,30.3062],[119.0581,30.3051],[119.0542,30.306],[119.0497,30.3057],[119.0462,30.3087],[119.0451,30.3123],[119.0435,30.3138],[119.0401,30.3148],[119.0332,30.3136],[119.0303,30.3141],[119.0286,30.3186],[119.0269,30.32],[119.0262,30.3263],[119.0263,30.3303],[119.0236,30.3301],[119.0202,30.3315],[119.017,30.3311],[119.0126,30.3324],[119.0058,30.3323],[119.0046,30.3291],[118.9995,30.3298],[118.9975,30.3311],[118.9942,30.3301],[118.9903,30.3331],[118.9844,30.3336],[118.9827,30.335],[118.9839,30.3404],[118.9826,30.3438],[118.984,30.3486],[118.9814,30.3514],[118.9771,30.3496],[118.9726,30.3497],[118.9701,30.348],[118.9666,30.3507],[118.9642,30.3547],[118.9586,30.3524],[118.9587,30.3501],[118.9553,30.3488],[118.954,30.3503],[118.9529,30.3551],[118.951,30.3584],[118.9505,30.3613],[118.9487,30.3622],[118.9464,30.3594],[118.9412,30.3579],[118.9386,30.3561],[118.9354,30.3554],[118.9342,30.3529],[118.9343,30.3483],[118.9304,30.3452],[118.9227,30.3438],[118.9214,30.3444],[118.9195,30.3415],[118.9154,30.3417],[118.9186,30.3366],[118.915,30.3375],[118.9134,30.3358],[118.9063,30.3357],[118.9057,30.3341],[118.9009,30.331],[118.8965,30.3265],[118.8957,30.3238],[118.8908,30.322],[118.8868,30.3195],[118.8826,30.318],[118.8778,30.3184],[118.8756,30.3172],[118.8766,30.3148],[118.8759,30.312],[118.8777,30.3088],[118.8789,30.3044],[118.8772,30.3021],[118.8781,30.2981],[118.8778,30.2959],[118.8754,30.295],[118.8736,30.2923],[118.8735,30.2903],[118.8755,30.2887],[118.8729,30.2857],[118.8736,30.2839],[118.8766,30.2823],[118.8784,30.2791],[118.8782,30.2763],[118.8805,30.2752],[118.8811,30.273],[118.8856,30.2704],[118.8873,30.2681],[118.8883,30.2629],[118.8902,30.2604],[118.8851,30.2543],[118.8832,30.2544],[118.8772,30.2523],[118.877,30.2482],[118.8796,30.2466],[118.8792,30.2399],[118.8813,30.2389],[118.8859,30.2386],[118.8896,30.2343],[118.8911,30.2311],[118.8947,30.2309],[118.8959,30.2271],[118.8996,30.2264],[118.8995,30.2177],[118.902,30.2167],[118.9069,30.2167],[118.9105,30.2153],[118.9174,30.2162],[118.9189,30.2138],[118.9179,30.2108],[118.9235,30.2094],[118.9259,30.2078],[118.9225,30.2039],[118.9196,30.2039],[118.9184,30.2023],[118.9108,30.2007],[118.9074,30.1963],[118.9053,30.1957],[118.9026,30.1931],[118.9009,30.1883],[118.8958,30.1864],[118.8983,30.1851],[118.8946,30.1824],[118.8902,30.1832],[118.889,30.1823],[118.8749,30.1761],[118.8733,30.1764],[118.8706,30.1744],[118.8648,30.1733],[118.8583,30.1699],[118.8553,30.1689],[118.8516,30.1689],[118.8435,30.1658],[118.8416,30.16],[118.8411,30.1565],[118.8428,30.1553],[118.8485,30.1562],[118.8506,30.1543],[118.8513,30.1504],[118.854,30.1482],[118.8526,30.1467],[118.8519,30.1438],[118.8584,30.1419],[118.8604,30.1407],[118.8691,30.1418],[118.8748,30.1353],[118.8778,30.1354],[118.8792,30.1392],[118.8794,30.1426],[118.8835,30.1468],[118.8843,30.1484],[118.884,30.1522],[118.8859,30.1524],[118.8907,30.1479],[118.8948,30.1467],[118.8932,30.1421],[118.8933,30.1394],[118.8915,30.1359],[118.888,30.1315],[118.8826,30.1305],[118.8802,30.1285],[118.8768,30.127],[118.8756,30.1283],[118.8702,30.1315],[118.8677,30.132],[118.8646,30.1347],[118.8603,30.1366],[118.8574,30.1357],[118.8548,30.1329],[118.8545,30.1285],[118.8532,30.1249],[118.8509,30.1212],[118.8606,30.1241],[118.8612,30.1225],[118.8605,30.1193],[118.8588,30.1178],[118.8581,30.1108],[118.8618,30.103],[118.8617,30.1009],[118.8667,30.1001],[118.8672,30.1024],[118.8699,30.1047],[118.8762,30.104],[118.8791,30.1016],[118.8786,30.0983],[118.8785,30.0887],[118.8776,30.0864],[118.8799,30.0848],[118.8834,30.081],[118.8848,30.0783],[118.8826,30.0714],[118.8864,30.0702],[118.8871,30.0664],[118.8867,30.0598],[118.8882,30.0571],[118.8869,30.0519],[118.8891,30.0481],[118.8866,30.0446],[118.886,30.0403],[118.8874,30.0357],[118.8896,30.035],[118.8919,30.0326],[118.8986,30.0302],[118.8991,30.0279],[118.8968,30.0271],[118.8949,30.0241],[118.8937,30.0184],[118.8906,30.0155],[118.8869,30.0141],[118.8852,30.0126],[118.8864,30.0101],[118.8887,30.0091],[118.8893,30.0035],[118.886,30.0008],[118.8866,29.9965],[118.8902,29.9928],[118.8912,29.9906],[118.894,29.9874],[118.8944,29.9845],[118.8915,29.9794],[118.8895,29.9772],[118.8869,29.9692],[118.8867,29.9626],[118.8881,29.9616],[118.8888,29.9577],[118.8856,29.9555],[118.8872,29.951],[118.8887,29.9492],[118.8886,29.9451],[118.8852,29.9416],[118.8834,29.9422],[118.8808,29.9408],[118.8776,29.9434],[118.8762,29.9462],[118.8677,29.9504],[118.8637,29.9469],[118.8614,29.9417],[118.8591,29.9399],[118.85,29.9418],[118.848,29.9442],[118.8459,29.9404],[118.8442,29.9413],[118.8376,29.9365],[118.8358,29.9341],[118.8375,29.9287],[118.84,29.9227],[118.8388,29.9209],[118.8402,29.9174],[118.8402,29.9142],[118.842,29.9118],[118.8401,29.9097],[118.8395,29.907],[118.8405,29.9042],[118.8397,29.9023],[118.84,29.8987],[118.8391,29.8963],[118.8339,29.893],[118.8324,29.8905],[118.8299,29.8892],[118.8287,29.8871],[118.8261,29.8862],[118.8236,29.8826],[118.8207,29.8809],[118.8167,29.8809],[118.8144,29.8776],[118.81,29.8764],[118.8072,29.8729],[118.8039,29.8717],[118.8019,29.8681],[118.7978,29.8637],[118.7941,29.8626],[118.7933,29.8596],[118.7884,29.8584],[118.7862,29.8569],[118.783,29.8531],[118.7829,29.8516],[118.7803,29.8466],[118.7758,29.8446],[118.7722,29.8448],[118.7698,29.846],[118.7681,29.8493],[118.7662,29.8491],[118.7603,29.8519],[118.7572,29.85],[118.7538,29.85],[118.7508,29.8474],[118.7478,29.8469],[118.7499,29.8413],[118.7487,29.8393],[118.7504,29.8325],[118.7533,29.8327],[118.7568,29.8295],[118.7552,29.8265],[118.753,29.8247],[118.7568,29.8239],[118.7557,29.822],[118.7531,29.8206],[118.7425,29.8214],[118.7398,29.8208],[118.7385,29.8193],[118.7328,29.8153],[118.7339,29.8122],[118.732,29.8074],[118.7332,29.8039],[118.7325,29.7972],[118.7313,29.7947],[118.7321,29.7901],[118.7264,29.7892],[118.7265,29.7866],[118.7326,29.7873],[118.7373,29.7843],[118.7379,29.7826],[118.7412,29.7789],[118.7426,29.7754],[118.7411,29.7736],[118.7401,29.77],[118.7443,29.7639],[118.7446,29.7609],[118.7436,29.7565],[118.7436,29.752],[118.7419,29.75],[118.7407,29.7466],[118.7407,29.7427],[118.7389,29.7404],[118.7346,29.7397],[118.732,29.7373],[118.7292,29.7332],[118.7233,29.7286],[118.7196,29.7269],[118.7185,29.7227],[118.7187,29.7179],[118.7134,29.7101],[118.7042,29.7085],[118.6961,29.7093],[118.6917,29.705],[118.6886,29.7037],[118.6871,29.6993],[118.6877,29.6968],[118.6811,29.6931],[118.6775,29.6922],[118.677,29.6896],[118.6773,29.6849],[118.6765,29.6823],[118.6728,29.6803],[118.6692,29.6766],[118.6692,29.6722],[118.6652,29.6682],[118.6632,29.6677],[118.6615,29.6654],[118.6578,29.6634],[118.6555,29.6601],[118.6509,29.6559],[118.6504,29.6537],[118.6473,29.6511],[118.646,29.6489],[118.6376,29.6436],[118.6364,29.6454],[118.6321,29.6465],[118.6309,29.6498],[118.6244,29.6536],[118.6187,29.6553],[118.6158,29.6569],[118.6092,29.6541],[118.6079,29.6523],[118.6055,29.6524],[118.6014,29.6483],[118.5997,29.6481],[118.5969,29.6458],[118.5931,29.6473],[118.5884,29.6472],[118.5856,29.6463],[118.5806,29.6433],[118.5769,29.6428],[118.5721,29.6412],[118.5694,29.6413],[118.5635,29.6357],[118.5628,29.6293],[118.5606,29.6286],[118.5543,29.6218],[118.5533,29.6177],[118.5472,29.617],[118.5451,29.616],[118.5433,29.6121],[118.5375,29.607],[118.5365,29.6023],[118.5326,29.5979],[118.5312,29.5937],[118.528,29.5924],[118.5243,29.5925],[118.5234,29.5912],[118.5179,29.5892],[118.5151,29.5893],[118.5126,29.5873],[118.5058,29.5839],[118.5033,29.5812],[118.4944,29.5788],[118.4939,29.5733],[118.4944,29.5711],[118.4924,29.5664],[118.4932,29.5639],[118.4903,29.5579],[118.4885,29.5532],[118.4899,29.5521],[118.493,29.5443],[118.491,29.5395],[118.4909,29.5346],[118.4894,29.5306],[118.4898,29.5266],[118.4908,29.524],[118.49,29.5215],[118.4854,29.5202],[118.483,29.5181],[118.48,29.518],[118.4744,29.5132],[118.474,29.5118],[118.4687,29.5116],[118.4629,29.5158],[118.4576,29.5161],[118.4537,29.5154],[118.4543,29.5089],[118.4502,29.51],[118.4482,29.5115],[118.4469,29.5146],[118.4449,29.5155],[118.4398,29.5155],[118.4367,29.5138],[118.4354,29.5169],[118.4326,29.5169],[118.4314,29.5118],[118.4291,29.5081],[118.4248,29.5036],[118.4203,29.5052],[118.4166,29.5084],[118.4066,29.5132],[118.4041,29.5106],[118.4015,29.5097],[118.3957,29.5107],[118.3835,29.5105],[118.3786,29.5126],[118.376,29.5089],[118.3765,29.5063],[118.3753,29.5046],[118.3725,29.5037],[118.3673,29.4988],[118.364,29.4928],[118.3596,29.4903],[118.3597,29.4858],[118.3577,29.4865],[118.3553,29.4826],[118.3526,29.4811],[118.3503,29.4822],[118.3462,29.481],[118.3434,29.479],[118.3399,29.4787],[118.3406,29.4757],[118.34,29.4722],[118.3418,29.4678],[118.3401,29.4658],[118.3404,29.4639],[118.3465,29.4606],[118.3485,29.4546],[118.3598,29.4533],[118.362,29.4489],[118.3655,29.4482],[118.3668,29.4415],[118.3692,29.4402],[118.3722,29.4362],[118.3746,29.4353],[118.3792,29.4359],[118.3825,29.4294],[118.3852,29.4261],[118.3888,29.4257],[118.3935,29.4265],[118.3944,29.4276],[118.4016,29.4261],[118.4097,29.422],[118.409,29.42],[118.4059,29.4178],[118.4022,29.4112],[118.4003,29.4097],[118.403,29.4059],[118.4072,29.4054],[118.411,29.4061],[118.4121,29.4033],[118.41,29.399],[118.4094,29.3963],[118.4123,29.3945],[118.4131,29.3926],[118.4166,29.3931],[118.4196,29.3891],[118.4217,29.3882],[118.4227,29.3861],[118.427,29.3828],[118.4297,29.3823],[118.4318,29.38],[118.4358,29.3782],[118.4391,29.3798],[118.4418,29.3779],[118.4461,29.3761],[118.4492,29.3758],[118.4518,29.3741],[118.451,29.3704],[118.4522,29.3697],[118.4545,29.3656],[118.4575,29.3632],[118.4581,29.3617],[118.4628,29.3634],[118.4653,29.3629],[118.4686,29.3645],[118.4732,29.3686],[118.4756,29.3679],[118.4775,29.371],[118.4823,29.3713],[118.4852,29.3701],[118.4874,29.3664],[118.4884,29.3636],[118.4943,29.3639],[118.4973,29.3653],[118.5029,29.3639],[118.5038,29.3665],[118.5066,29.3662],[118.5122,29.3682],[118.5143,29.3696],[118.5172,29.3649],[118.5205,29.3645],[118.5197,29.3605],[118.5184,29.36],[118.5189,29.3566],[118.5182,29.3537],[118.522,29.3527],[118.5231,29.3506],[118.5227,29.3484],[118.5266,29.3482],[118.5285,29.3448],[118.5322,29.3444],[118.5347,29.3461],[118.5369,29.3457],[118.5373,29.3399],[118.5443,29.3402],[118.5466,29.3416],[118.5481,29.3439],[118.5526,29.3443],[118.5538,29.3413],[118.5563,29.3411],[118.5597,29.3426],[118.5624,29.3414],[118.5641,29.3422],[118.568,29.3414],[118.5704,29.3384],[118.5738,29.3355],[118.5761,29.3348],[118.5784,29.3368],[118.583,29.3348],[118.5831,29.3305],[118.5885,29.3333],[118.5939,29.3319],[118.5968,29.3289],[118.5983,29.3284],[118.5986,29.3208],[118.5975,29.3195],[118.6014,29.3171],[118.6032,29.3173],[118.6052,29.3133],[118.6121,29.3091],[118.6122,29.306],[118.6106,29.3001],[118.614,29.2952],[118.6177,29.2932],[118.6185,29.2898],[118.6217,29.2889],[118.6213,29.2857],[118.6242,29.2839],[118.6271,29.28],[118.6286,29.2745],[118.6298,29.2726],[118.6322,29.2662],[118.6302,29.2647],[118.6274,29.2679],[118.6238,29.2696],[118.6208,29.2687],[118.6186,29.2699],[118.6143,29.2738],[118.6122,29.2807],[118.6085,29.2827],[118.6056,29.2823],[118.6047,29.2746],[118.6012,29.2711],[118.6042,29.2674],[118.6051,29.2621],[118.6069,29.2607],[118.6073,29.2578],[118.6101,29.2542],[118.6094,29.2491],[118.607,29.2463],[118.6033,29.244],[118.6028,29.2409],[118.6062,29.238],[118.6118,29.2274],[118.6157,29.2213],[118.6198,29.2226],[118.6246,29.2231],[118.6272,29.2207],[118.6263,29.2157],[118.6282,29.2137],[118.6278,29.2072],[118.6218,29.2009],[118.6235,29.1991],[118.623,29.1966],[118.6293,29.195],[118.6415,29.1976],[118.6445,29.199],[118.6501,29.1995],[118.6524,29.2006],[118.6574,29.2009],[118.6654,29.204],[118.6701,29.203],[118.6771,29.2058],[118.6812,29.2041],[118.6827,29.2042],[118.6846,29.202],[118.6905,29.1993],[118.6942,29.1955],[118.7001,29.1937],[118.7044,29.1913],[118.7071,29.1891],[118.7107,29.1937],[118.7128,29.1938],[118.7146,29.1963],[118.7157,29.2012],[118.7255,29.2022],[118.7273,29.2074],[118.7276,29.2099],[118.7319,29.2111],[118.7355,29.215],[118.7377,29.2163],[118.7428,29.2158],[118.7497,29.2161],[118.7531,29.2182],[118.7545,29.2206],[118.7596,29.2221],[118.7616,29.2248],[118.7619,29.2273],[118.7609,29.2313],[118.7615,29.2378],[118.7587,29.24],[118.756,29.2437],[118.758,29.2462],[118.7583,29.2502],[118.7623,29.2543],[118.7673,29.2532],[118.7721,29.2543],[118.7756,29.2581],[118.7766,29.2611],[118.7784,29.2609],[118.7802,29.2637],[118.78,29.2672],[118.7821,29.2697],[118.789,29.2702],[118.7917,29.2732],[118.7949,29.2749],[118.7998,29.2787],[118.8037,29.2797],[118.8077,29.2831],[118.812,29.2845],[118.818,29.2816],[118.8226,29.2843],[118.8229,29.2885],[118.8242,29.2915],[118.8266,29.2915],[118.8303,29.294],[118.8331,29.2945],[118.8346,29.298],[118.8378,29.3008],[118.8401,29.3006],[118.8469,29.3021],[118.8469,29.3045],[118.8498,29.3059],[118.8512,29.3108],[118.8528,29.3142],[118.8552,29.3174],[118.8608,29.3218],[118.8621,29.3241],[118.8681,29.3283],[118.874,29.3286],[118.8774,29.3278],[118.88,29.3258],[118.8855,29.3267],[118.8883,29.3334],[118.8918,29.3334],[118.8938,29.3347],[118.8969,29.3351],[118.9023,29.3279],[118.9061,29.3274],[118.9084,29.3253],[118.9107,29.3215],[118.9153,29.3202],[118.9178,29.3182],[118.92,29.3143],[118.9234,29.3124],[118.9272,29.3126],[118.936,29.3097],[118.939,29.3112],[118.9405,29.3076],[118.9428,29.3055],[118.9446,29.3026],[118.9486,29.302],[118.9508,29.2999],[118.9548,29.2994],[118.9579,29.3005],[118.9599,29.2971],[118.9559,29.294],[118.9524,29.2893],[118.9491,29.2893],[118.9467,29.2866],[118.946,29.2821],[118.9484,29.2825],[118.9535,29.2798],[118.9547,29.2752],[118.9546,29.2696],[118.9605,29.2714],[118.9624,29.27],[118.963,29.2674],[118.966,29.2668],[118.9685,29.2643],[118.9708,29.2608],[118.9745,29.2625],[118.9777,29.2615],[118.9796,29.2571],[118.98,29.2543],[118.9827,29.2505],[118.9831,29.2467],[118.978,29.2411],[118.9801,29.2391],[118.9792,29.2368],[118.9812,29.2343],[118.9804,29.2285],[118.9829,29.2276],[118.9808,29.2252],[118.9839,29.2248],[118.9838,29.2216],[118.9865,29.2217],[118.9897,29.2192],[118.9936,29.2197],[118.9954,29.2142],[118.9977,29.2119],[119.0001,29.2114],[119.0036,29.212],[119.0063,29.2146],[119.0103,29.2146],[119.0182,29.2164],[119.0201,29.2173],[119.0222,29.2221],[119.0265,29.2214],[119.0351,29.2223],[119.039,29.224],[119.0425,29.2245],[119.0443,29.2236],[119.049,29.2247],[119.0586,29.231],[119.0596,29.2294],[119.0651,29.2277],[119.0681,29.2279],[119.0714,29.2258],[119.077,29.2297],[119.0795,29.2329],[119.0852,29.2321],[119.0873,29.2335],[119.0915,29.2301],[119.0952,29.2308],[119.0988,29.2303],[119.101,29.229],[119.1035,29.229],[119.1055,29.2325],[119.1086,29.2337],[119.1104,29.2358],[119.1176,29.238],[119.1206,29.2397],[119.1255,29.2375],[119.1265,29.236],[119.1229,29.2296],[119.1249,29.2266],[119.1256,29.224],[119.1284,29.2232],[119.1338,29.2229],[119.136,29.2261],[119.1403,29.2253],[119.1447,29.2294],[119.147,29.23],[119.1488,29.2277],[119.1559,29.2215],[119.1547,29.2178],[119.1581,29.2177],[119.1621,29.2211],[119.1655,29.2155],[119.168,29.2169],[119.1704,29.2162],[119.1716,29.2116],[119.17,29.2108],[119.1706,29.2066],[119.1738,29.2064],[119.1747,29.2094],[119.1781,29.2093],[119.1804,29.2063],[119.1856,29.2077],[119.1849,29.2134],[119.1853,29.2147],[119.1905,29.2193],[119.1883,29.223],[119.1858,29.2226],[119.1846,29.2294],[119.1871,29.2316],[119.1898,29.2315],[119.1909,29.2298],[119.1947,29.2303],[119.196,29.2319],[119.198,29.229],[119.204,29.224],[119.2055,29.2257],[119.2077,29.2249],[119.2088,29.2285],[119.2058,29.2301],[119.2052,29.2369],[119.2028,29.2391],[119.2085,29.2397],[119.2118,29.2391],[119.2099,29.243],[119.2069,29.2469],[119.2102,29.2504],[119.2054,29.2515],[119.2013,29.2558],[119.1997,29.2561],[119.1955,29.2609],[119.1937,29.2609],[119.1917,29.2588],[119.1898,29.259],[119.1874,29.261],[119.187,29.2637],[119.1854,29.2646],[119.186,29.2667],[119.1822,29.2693],[119.1814,29.2714],[119.1877,29.2746],[119.1899,29.2747],[119.1919,29.2806],[119.1925,29.2842],[119.1944,29.2885],[119.1944,29.2919],[119.1961,29.293],[119.2005,29.2909],[119.2014,29.2924],[119.2054,29.2926],[119.2066,29.2966],[119.2127,29.296],[119.215,29.2969],[119.2178,29.2948],[119.2215,29.2955],[119.226,29.2921],[119.2229,29.2886],[119.2247,29.2866],[119.2254,29.2807],[119.223,29.2781],[119.2239,29.2748],[119.2273,29.2752],[119.2291,29.2733],[119.2289,29.2715],[119.2268,29.27],[119.2307,29.2642],[119.2315,29.2616],[119.2301,29.2569],[119.2259,29.2577],[119.2297,29.2532],[119.2305,29.2499],[119.2333,29.2533],[119.2393,29.2546],[119.24,29.2567],[119.2438,29.2559],[119.2459,29.2539],[119.2498,29.2525],[119.2541,29.2499],[119.2566,29.2503],[119.2619,29.253],[119.2653,29.2528],[119.2677,29.2558],[119.2675,29.2579],[119.2708,29.2614],[119.2749,29.2639],[119.2753,29.267],[119.2785,29.2678],[119.2811,29.2726],[119.2793,29.2748],[119.2779,29.2792],[119.2795,29.2823],[119.2826,29.2821],[119.2848,29.285],[119.2875,29.2861],[119.2897,29.2845],[119.2919,29.2792],[119.2931,29.2799],[119.2965,29.2771],[119.3011,29.2801],[119.3012,29.283],[119.3042,29.2833],[119.3063,29.2856],[119.3081,29.2849],[119.3108,29.2822],[119.3138,29.284],[119.31,29.2864],[119.318,29.2852],[119.3175,29.2875],[119.3192,29.2889],[119.3185,29.2908],[119.3214,29.2912],[119.3222,29.2944],[119.3259,29.2938],[119.3257,29.2955],[119.3226,29.298],[119.3232,29.3027],[119.3205,29.304],[119.3204,29.3096],[119.3227,29.313],[119.3257,29.3121],[119.3292,29.3136],[119.3324,29.3168],[119.3357,29.3176],[119.3379,29.3168],[119.3406,29.32],[119.3461,29.3178],[119.3474,29.3194],[119.3443,29.3206],[119.3405,29.3288],[119.3407,29.3311],[119.3432,29.334],[119.3427,29.3378],[119.3413,29.3385],[119.3411,29.3439],[119.3349,29.3466],[119.3357,29.3489],[119.3347,29.3525],[119.331,29.351],[119.3283,29.3517],[119.3294,29.3553],[119.3279,29.3585],[119.3282,29.3604],[119.3307,29.3623],[119.332,29.3663],[119.3307,29.367],[119.3312,29.3745],[119.3357,29.3791],[119.3344,29.3828],[119.3386,29.3899],[119.3404,29.3919],[119.3357,29.3936],[119.3333,29.3903],[119.3311,29.3909],[119.3292,29.3934],[119.332,29.3941],[119.3319,29.3971],[119.3287,29.3989],[119.3254,29.3996],[119.3247,29.4012],[119.328,29.404],[119.3296,29.4095],[119.3329,29.4085],[119.3351,29.4109],[119.3372,29.4117],[119.3397,29.4108],[119.3469,29.4127],[119.3491,29.4119],[119.3533,29.4158],[119.355,29.4182],[119.3576,29.4191],[119.3602,29.4174],[119.3631,29.4178],[119.3671,29.4208],[119.3674,29.4228],[119.3726,29.4302],[119.376,29.4341],[119.3778,29.4346],[119.3834,29.4312],[119.3851,29.4294],[119.3852,29.423],[119.3873,29.4205],[119.3876,29.4172],[119.3911,29.4141],[119.3955,29.4134],[119.3993,29.4074],[119.403,29.409],[119.4061,29.4079],[119.4097,29.4088],[119.4123,29.4066],[119.4168,29.4075],[119.4203,29.4069],[119.4233,29.4092],[119.4248,29.4154],[119.4199,29.4141],[119.4177,29.4165],[119.4222,29.4183],[119.4248,29.4203],[119.4252,29.4247],[119.4307,29.4266],[119.4338,29.426],[119.4346,29.4195],[119.4379,29.4135],[119.4378,29.4122],[119.4476,29.4101],[119.4491,29.4073],[119.4482,29.4058],[119.4546,29.4033],[119.4582,29.4013],[119.4592,29.399],[119.4579,29.3965],[119.4553,29.3937],[119.4594,29.3941],[119.4622,29.3924],[119.4619,29.3873],[119.4632,29.3846],[119.4618,29.3834],[119.4588,29.3832],[119.4574,29.3767],[119.4538,29.375],[119.4526,29.3699],[119.4549,29.3688],[119.4557,29.3662],[119.4542,29.364],[119.4568,29.3635],[119.4577,29.3614],[119.4617,29.3602],[119.461,29.3579],[119.4616,29.3551],[119.4645,29.358],[119.4664,29.3567],[119.4683,29.3575],[119.4716,29.3542],[119.4719,29.3469],[119.4766,29.3428],[119.4752,29.3405],[119.4765,29.3394],[119.4796,29.3405],[119.4812,29.3383],[119.4798,29.3349],[119.4838,29.3357],[119.4857,29.3324],[119.4903,29.3365],[119.4974,29.3389],[119.4993,29.3386],[119.5054,29.3356],[119.5111,29.3438],[119.513,29.346],[119.52,29.3551],[119.5218,29.3599],[119.5212,29.3643],[119.5187,29.368],[119.5242,29.3703],[119.5267,29.3735],[119.5309,29.3755],[119.5334,29.3746],[119.5371,29.371],[119.5406,29.37],[119.5481,29.3697],[119.5503,29.3731],[119.5535,29.3748],[119.5571,29.3757],[119.5612,29.374],[119.5642,29.3751],[119.5682,29.3743],[119.5719,29.3771],[119.5743,29.381],[119.58,29.3815],[119.585,29.3802],[119.5881,29.3801],[119.5901,29.3775],[119.5958,29.3742],[119.5986,29.3716],[119.6011,29.3712],[119.6033,29.3724],[119.6068,29.3718],[119.6098,29.3697],[119.612,29.3709],[119.6156,29.3741],[119.6136,29.3774],[119.6147,29.3799],[119.614,29.3834],[119.6118,29.3836],[119.6086,29.3856],[119.604,29.3896],[119.6026,29.3898],[119.6007,29.3928],[119.6014,29.3954],[119.604,29.3958],[119.6051,29.3938],[119.6081,29.397],[119.6108,29.4013],[119.6146,29.4038],[119.6171,29.4072],[119.6195,29.4084],[119.6199,29.4103],[119.6166,29.4114],[119.6192,29.4163],[119.6195,29.4189],[119.6216,29.4218],[119.6253,29.4231],[119.6294,29.4231],[119.6306,29.4256],[119.6342,29.4254],[119.6328,29.4279],[119.6368,29.4312],[119.6355,29.4336],[119.6324,29.4318],[119.6297,29.4314],[119.6273,29.4331],[119.6288,29.4366],[119.6321,29.438],[119.6352,29.4364],[119.6384,29.4327],[119.6389,29.4368],[119.6372,29.4377],[119.6396,29.4399],[119.6418,29.4398],[119.6442,29.436],[119.6448,29.4309],[119.6477,29.4309],[119.6485,29.4295],[119.652,29.4281],[119.6549,29.4299],[119.658,29.4306],[119.6644,29.4332],[119.6663,29.4301],[119.6706,29.4286],[119.6717,29.4245],[119.6754,29.4245],[119.6748,29.4226],[119.6762,29.4179],[119.6793,29.4183],[119.679,29.4208],[119.6765,29.4205],[119.6754,29.4235],[119.6805,29.4232],[119.6803,29.4211],[119.6836,29.4211],[119.6853,29.4253],[119.6837,29.4255],[119.6784,29.428],[119.6766,29.4315],[119.6806,29.4347],[119.6853,29.4339],[119.6871,29.4393],[119.6874,29.4434],[119.6895,29.4424],[119.6906,29.4375],[119.6945,29.4378],[119.696,29.4365],[119.7032,29.4358],[119.7016,29.439],[119.7057,29.4392],[119.705,29.4429],[119.7017,29.4428],[119.7008,29.4458],[119.703,29.4471],[119.7088,29.448],[119.7095,29.4521],[119.7122,29.456],[119.7099,29.4592],[119.7058,29.4606],[119.705,29.4641],[119.7028,29.4669],[119.7036,29.4689],[119.7012,29.4715],[119.7033,29.4731],[119.7022,29.4783],[119.7027,29.4802],[119.6997,29.4814],[119.7002,29.487],[119.6977,29.4865],[119.6978,29.4912],[119.7007,29.4951],[119.6996,29.4964],[119.7034,29.4981],[119.7058,29.4961],[119.7055,29.4935],[119.7069,29.4886],[119.7106,29.4899],[119.7115,29.4962],[119.7132,29.4995],[119.7108,29.5015],[119.7132,29.503],[119.7138,29.506],[119.7091,29.5071],[119.7104,29.5096],[119.714,29.5078],[119.7202,29.5096],[119.7224,29.5119],[119.7227,29.5141],[119.7214,29.516],[119.7157,29.5187],[119.7113,29.5182],[119.708,29.5202],[119.7093,29.5228],[119.711,29.5234],[119.713,29.521],[119.7157,29.52],[119.7192,29.5215],[119.7226,29.5191],[119.7261,29.5232],[119.7273,29.5213],[119.7295,29.5208],[119.7291,29.525],[119.725,29.5276],[119.7246,29.5319],[119.7256,29.5338],[119.7221,29.5376],[119.7231,29.5394],[119.7174,29.5381],[119.714,29.5395],[119.7126,29.5436],[119.7185,29.5464],[119.7183,29.5479],[119.7132,29.551],[119.715,29.5525],[119.7189,29.552],[119.7223,29.5487],[119.7244,29.5497],[119.7209,29.5527],[119.7209,29.5555],[119.7231,29.555],[119.7238,29.5531],[119.7267,29.5514],[119.7326,29.5531],[119.7364,29.5548],[119.7396,29.5544],[119.7397,29.5587],[119.7422,29.5594],[119.7425,29.5612],[119.7447,29.5637],[119.7465,29.5639],[119.7478,29.5617],[119.7506,29.5609],[119.7573,29.5625],[119.7566,29.5591],[119.7599,29.5576],[119.7615,29.5612],[119.7606,29.5645],[119.7582,29.5677],[119.7569,29.5675],[119.7561,29.5641],[119.7502,29.5643],[119.7503,29.5657],[119.747,29.5668],[119.7516,29.5708],[119.7487,29.573],[119.7465,29.5761],[119.7519,29.5798],[119.7525,29.5811],[119.7556,29.5815],[119.7612,29.581],[119.7638,29.5815],[119.7651,29.5838],[119.7606,29.5884],[119.7624,29.5949],[119.761,29.5964],[119.7567,29.5964],[119.7577,29.5993],[119.7557,29.6005],[119.7547,29.6063],[119.7579,29.6067],[119.7602,29.6107],[119.7619,29.6115],[119.7649,29.608],[119.7613,29.6017],[119.7636,29.5997],[119.7661,29.6003],[119.7657,29.6025],[119.7679,29.6083],[119.7741,29.6096],[119.7729,29.6112],[119.7746,29.6149],[119.7752,29.6189],[119.772,29.6213],[119.7705,29.6235],[119.7648,29.6246],[119.7633,29.6282],[119.7635,29.6334],[119.7656,29.6345],[119.7677,29.6383],[119.77,29.6395],[119.7729,29.6424],[119.7705,29.6444],[119.7738,29.6481],[119.773,29.6501],[119.7741,29.6529],[119.7777,29.6565],[119.7804,29.6572],[119.782,29.6555],[119.7861,29.656],[119.7862,29.658],[119.789,29.6595],[119.7927,29.6588],[119.7949,29.6632],[119.7979,29.6646],[119.7981,29.6665],[119.8006,29.6678],[119.8034,29.6674],[119.8068,29.6701],[119.808,29.6725],[119.8133,29.6762],[119.8156,29.674],[119.82,29.6743],[119.829,29.6829],[119.8342,29.6788],[119.8368,29.6792],[119.8405,29.6753],[119.8434,29.6749],[119.8449,29.6732],[119.8494,29.6714],[119.852,29.6739],[119.8553,29.674],[119.8579,29.6722],[119.8619,29.6731],[119.8652,29.6728],[119.8677,29.6711],[119.8697,29.6721],[119.8766,29.6703],[119.8796,29.6736],[119.8795,29.6759],[119.8829,29.6768],[119.8858,29.6796],[119.8884,29.6788],[119.8859,29.6757],[119.8849,29.6723],[119.8822,29.6682],[119.8826,29.6653],[119.8846,29.6641],[119.8874,29.6653],[119.8895,29.664],[119.8933,29.6634],[119.8964,29.6649],[119.9001,29.6644],[119.9018,29.6662],[119.9056,29.666],[119.9058,29.6678],[119.9083,29.6694],[119.9114,29.6674],[119.9168,29.667],[119.9177,29.6711],[119.9191,29.6728],[119.9236,29.675],[119.9262,29.6772],[119.93,29.6778],[119.9305,29.6797],[119.9358,29.6805],[119.9414,29.6841],[119.9438,29.6819],[119.9462,29.6834],[119.9463,29.6787],[119.9491,29.6795],[119.9512,29.6823],[119.9549,29.6786],[119.9547,29.6762],[119.9595,29.6744],[119.9651,29.673],[119.9666,29.6749],[119.9634,29.6768],[119.9665,29.679],[119.9678,29.6778]]]},"properties":{"region_code":"CN-33-3301","parent_region_code":"CN-33","name":"杭州市","level":"prefecture","has_children":true,"full_path":"中国 / 浙江省 / 杭州市","source_admin_code":"3301","osm_relation_id":3221112}},
{"type":"Feature","geometry":{"type":"Polygon","coordinates":[[[122.8674,29.54],[122.6139,29.54],[122.1561,29.54],[122.0642,29.6135],[121.9963,29.6678],[121.9311,29.7199],[121.9462,29.7506],[121.995,29.7591],[122.0743,29.8185],[122.1403,29.8679],[122.1873,29.9178],[122.1254,29.9211],[122.0284,29.9262],[121.9615,29.9709],[121.8677,29.9525],[121.783,30.0019],[121.7557,30.0503],[121.7286,30.0983],[121.6841,30.1354],[121.6288,30.1816],[121.5779,30.224],[121.5062,30.2836],[121.4836,30.3022],[121.3895,30.3793],[121.3143,30.4408],[121.206,30.4544],[121.1068,30.4087],[121.0251,30.3413],[120.9914,30.3135],[120.9542,30.2908],[120.9339,30.2795],[120.9034,30.2668],[120.8994,30.2656],[120.8913,30.265],[120.9172,30.1805],[120.9195,30.1737],[120.9238,30.1676],[120.9246,30.162],[120.9267,30.154],[120.9281,30.1452],[120.9304,30.1355],[120.9287,30.1332],[120.934,30.1322],[120.9342,30.129],[120.9332,30.1272],[120.9305,30.1276],[120.9298,30.1223],[120.9283,30.12],[120.9282,30.1163],[120.9321,30.115],[120.9359,30.1146],[120.9376,30.1083],[120.9364,30.1069],[120.9402,30.1027],[120.9397,30.1015],[120.9425,30.0991],[120.9439,30.0962],[120.9501,30.0939],[120.9525,30.0969],[120.9577,30.0966],[120.9609,30.0943],[120.9655,30.0873],[120.9662,30.0832],[120.9703,30.0807],[120.9703,30.0784],[120.9657,30.0741],[120.9681,30.0711],[120.9715,30.0725],[120.9735,30.0705],[120.9702,30.0688],[120.9708,30.0675],[120.9772,30.0682],[120.9808,30.0625],[120.9832,30.0623],[120.9875,30.0636],[120.9887,30.0612],[120.9872,30.0591],[120.9823,30.057],[120.9835,30.0555],[120.988,30.0542],[120.9852,30.0521],[120.9846,30.0479],[120.9831,30.0467],[120.9831,30.041],[120.9845,30.0386],[120.9826,30.0363],[120.9828,30.0343],[120.9855,30.0337],[120.9859,30.0302],[120.9896,30.028],[120.9919,30.0239],[120.9959,30.0237],[120.9992,30.0203],[121.0024,30.0217],[121.0046,30.0177],[121.0084,30.0163],[121.012,30.0164],[121.012,30.0143],[121.0141,30.0132],[121.0172,30.0132],[121.0197,30.0168],[121.0214,30.0147],[121.0288,30.0149],[121.0329,30.0184],[121.0349,30.0164],[121.032,30.0118],[121.0331,30.0108],[121.0303,30.0063],[121.0332,30.0016],[121.0354,30.0027],[121.0381,30.0021],[121.041,30.0031],[121.0454,30.0088],[121.0517,30.0078],[121.0541,30.0053],[121.0552,30.0072],[121.0601,30.0091],[121.0632,30.0088],[121.0636,30.0064],[121.0665,30.0067],[121.07,30.005],[121.0741,30.001],[121.077,29.9994],[121.0781,29.9946],[121.0825,29.9913],[121.0863,29.9912],[121.0878,29.988],[121.0858,29.9862],[121.0857,29.9842],[121.0836,29.9824],[121.083,29.9793],[121.0838,29.9766],[121.0803,29.9735],[121.0772,29.9722],[121.0735,29.9724],[121.0697,29.9698],[121.0688,29.9674],[121.0652,29.9657],[121.0618,29.9619],[121.061,29.9588],[121.0595,29.958],[121.0576,29.9601],[121.053,29.9613],[121.0484,29.9588],[121.0466,29.96],[121.0436,29.9577],[121.0435,29.9546],[121.0406,29.9521],[121.0405,29.9475],[121.0391,29.9456],[121.038,29.94],[121.0375,29.9347],[121.0351,29.9307],[121.0347,29.9277],[121.0292,29.9256],[121.027,29.9213],[121.0256,29.9199],[121.0285,29.9164],[121.0289,29.9142],[121.0274,29.9119],[121.0219,29.908],[121.0179,29.9075],[121.0143,29.9091],[121.0112,29.9061],[121.0149,29.9039],[121.0136,29.9024],[121.0101,29.9021],[121.0102,29.8994],[121.0125,29.8975],[121.0145,29.894],[121.0107,29.8922],[121.0144,29.8877],[121.021,29.887],[121.0228,29.8851],[121.0227,29.8823],[121.0286,29.8807],[121.0274,29.8788],[121.0318,29.8717],[121.0333,29.8668],[121.0379,29.8675],[121.0393,29.866],[121.0448,29.8639],[121.0468,29.8614],[121.0466,29.8571],[121.0489,29.8568],[121.0497,29.8543],[121.0532,29.8529],[121.0585,29.8576],[121.0613,29.8617],[121.0626,29.8607],[121.0643,29.8567],[121.0684,29.8521],[121.0702,29.8512],[121.079,29.8525],[121.0832,29.8495],[121.0839,29.8471],[121.0877,29.8462],[121.0887,29.8452],[121.0921,29.8474],[121.0994,29.8445],[121.1006,29.8426],[121.0984,29.8383],[121.1012,29.835],[121.0982,29.8312],[121.0997,29.8276],[121.0946,29.8255],[121.0926,29.8231],[121.0919,29.8134],[121.0954,29.814],[121.0978,29.813],[121.0988,29.8108],[121.1015,29.8101],[121.1016,29.807],[121.1033,29.8049],[121.0991,29.8035],[121.0986,29.8009],[121.0931,29.8],[121.0931,29.7976],[121.0899,29.7981],[121.0874,29.7962],[121.0886,29.7912],[121.081,29.787],[121.0777,29.7871],[121.078,29.7853],[121.0766,29.7813],[121.0776,29.7792],[121.0751,29.7758],[121.0697,29.7763],[121.0684,29.7741],[121.0623,29.7705],[121.0633,29.7689],[121.0607,29.7668],[121.0578,29.7684],[121.0552,29.7666],[121.0554,29.7627],[121.0534,29.7619],[121.046,29.7646],[121.0463,29.7667],[121.0424,29.7705],[121.0412,29.768],[121.0386,29.7659],[121.036,29.768],[121.0341,29.7709],[121.0313,29.77],[121.0265,29.7708],[121.0195,29.7678],[121.0194,29.7655],[121.0212,29.7635],[121.0266,29.7604],[121.0239,29.7593],[121.024,29.7573],[121.0264,29.7567],[121.0297,29.7524],[121.0293,29.7513],[121.0318,29.7482],[121.0293,29.7452],[121.0258,29.7456],[121.023,29.7503],[121.0204,29.7467],[121.0152,29.7446],[121.014,29.7431],[121.0101,29.7447],[121.0083,29.7444],[121.0078,29.7405],[121.0059,29.7365],[121.0075,29.7345],[121.0091,29.7307],[121.0123,29.7287],[121.0113,29.7261],[121.0149,29.7243],[121.0199,29.7269],[121.023,29.7269],[121.0254,29.726],[121.0285,29.7261],[121.0278,29.7239],[121.0309,29.7224],[121.0313,29.7206],[121.0249,29.718],[121.0215,29.7174],[121.0171,29.7196],[121.0165,29.7179],[121.0122,29.7158],[121.0101,29.7161],[121.0059,29.7128],[121.0045,29.7104],[121.0062,29.7092],[121.0056,29.7068],[121.0065,29.7047],[121.0084,29.7042],[121.0114,29.6984],[121.0141,29.6961],[121.0172,29.6955],[121.0183,29.693],[121.0163,29.6894],[121.0129,29.6888],[121.0137,29.684],[121.0105,29.6835],[121.0035,29.6853],[120.9971,29.6814],[120.9967,29.6854],[120.9929,29.6887],[120.9919,29.6909],[120.9881,29.6895],[120.9853,29.6842],[120.9883,29.6806],[120.9866,29.6783],[120.9899,29.6771],[120.993,29.6748],[120.9946,29.6756],[121.0024,29.6722],[121.0068,29.6716],[121.0116,29.6725],[121.0125,29.6746],[121.0189,29.6733],[121.0229,29.6743],[121.0257,29.6716],[121.0272,29.6675],[121.0255,29.6647],[121.0285,29.663],[121.0309,29.6666],[121.0306,29.6707],[121.0359,29.6732],[121.0375,29.6767],[121.0341,29.677],[121.0378,29.682],[121.0406,29.6822],[121.0434,29.6875],[121.0466,29.6901],[121.0465,29.6939],[121.05,29.6973],[121.0527,29.7026],[121.0562,29.7013],[121.0567,29.6981],[121.0548,29.6954],[121.0557,29.6919],[121.0571,29.6903],[121.0555,29.6874],[121.0636,29.6877],[121.063,29.6804],[121.0591,29.6788],[121.0601,29.674],[121.0627,29.6733],[121.0639,29.6716],[121.0699,29.6676],[121.069,29.6654],[121.0707,29.6635],[121.0708,29.6576],[121.0729,29.6533],[121.0716,29.6514],[121.0716,29.6475],[121.0731,29.6456],[121.0708,29.6438],[121.0695,29.6408],[121.0706,29.638],[121.0762,29.6342],[121.079,29.6343],[121.0824,29.6314],[121.0856,29.6332],[121.0903,29.6335],[121.0909,29.6319],[121.0951,29.6295],[121.0997,29.6295],[121.1038,29.6247],[121.1017,29.6242],[121.1008,29.6209],[121.105,29.6196],[121.1082,29.6175],[121.1087,29.6157],[121.1059,29.61],[121.1074,29.6081],[121.11,29.609],[121.115,29.6064],[121.1144,29.605],[121.11,29.605],[121.1101,29.6015],[121.1093,29.5993],[121.1067,29.5997],[121.1043,29.5967],[121.1058,29.5961],[121.1064,29.5922],[121.1013,29.5907],[121.1003,29.5886],[121.1025,29.5874],[121.1045,29.5886],[121.1068,29.5866],[121.1105,29.589],[121.1129,29.5881],[121.1121,29.5857],[121.1131,29.5821],[121.1151,29.5795],[121.1156,29.5766],[121.1128,29.5744],[121.1131,29.5713],[121.1092,29.5687],[121.1079,29.5638],[121.1085,29.5629],[121.1074,29.5571],[121.1091,29.5544],[121.116,29.5504],[121.1215,29.5528],[121.126,29.5541],[121.1269,29.5575],[121.1286,29.5573],[121.131,29.5548],[121.1332,29.5512],[121.1385,29.55],[121.1373,29.5475],[121.1398,29.5443],[121.1444,29.5441],[121.1489,29.5458],[121.1553,29.5433],[121.157,29.5411],[121.1594,29.5424],[121.1639,29.5395],[121.167,29.5402],[121.1711,29.5371],[121.1748,29.5374],[121.1751,29.5401],[121.1795,29.5419],[121.1832,29.5392],[121.1865,29.5393],[121.1874,29.5407],[121.1909,29.5412],[121.1939,29.5394],[121.1961,29.5392],[121.1981,29.5375],[121.2029,29.5362],[121.2004,29.5343],[121.2058,29.5338],[121.2073,29.5346],[121.2093,29.5316],[121.2127,29.5309],[121.215,29.533],[121.2154,29.5352],[121.2203,29.5379],[121.2192,29.5331],[121.2183,29.5317],[121.2211,29.5287],[121.2209,29.5254],[121.2265,29.5214],[121.2241,29.5181],[121.2222,29.5167],[121.2171,29.5088],[121.2175,29.5064],[121.2161,29.5051],[121.2105,29.5055],[121.2096,29.5027],[121.2112,29.5023],[121.2129,29.499],[121.2159,29.4986],[121.2222,29.4957],[121.2241,29.4923],[121.2233,29.4906],[121.2206,29.4894],[121.2191,29.486],[121.2149,29.4852],[121.2115,29.4798],[121.2115,29.4774],[121.2141,29.4725],[121.2138,29.469],[121.2122,29.4662],[121.2101,29.4656],[121.2099,29.4601],[121.2111,29.4564],[121.2097,29.4558],[121.214,29.4512],[121.2172,29.4522],[121.2203,29.4501],[121.2198,29.4475],[121.2174,29.4469],[121.2158,29.444],[121.2133,29.4418],[121.2107,29.443],[121.2064,29.442],[121.2051,29.4387],[121.211,29.433],[121.2106,29.4318],[121.2121,29.4254],[121.2138,29.4237],[121.2108,29.4199],[121.2141,29.419],[121.218,29.419],[121.2196,29.4175],[121.2224,29.4173],[121.2247,29.4155],[121.2256,29.4134],[121.2243,29.4109],[121.2242,29.4027],[121.2269,29.4001],[121.2264,29.3957],[121.2252,29.3935],[121.2231,29.3939],[121.2204,29.3911],[121.2218,29.39],[121.2217,29.3858],[121.2238,29.3825],[121.2226,29.3789],[121.225,29.3782],[121.2268,29.3746],[121.2221,29.3728],[121.2216,29.37],[121.2239,29.3692],[121.2194,29.364],[121.2206,29.3596],[121.2181,29.3585],[121.2155,29.3593],[121.2131,29.358],[121.2094,29.3573],[121.2088,29.3557],[121.2057,29.3532],[121.2048,29.3511],[121.2015,29.3516],[121.1972,29.3468],[121.1971,29.3458],[121.1911,29.3428],[121.1924,29.3374],[121.1905,29.3343],[121.192,29.3323],[121.1927,29.3288],[121.1924,29.3261],[121.1891,29.3254],[121.1865,29.322],[121.1831,29.3219],[121.1834,29.3191],[121.1854,29.3142],[121.1924,29.3185],[121.1954,29.317],[121.1972,29.3138],[121.1951,29.3089],[121.1962,29.3069],[121.1901,29.3043],[121.1885,29.3026],[121.1826,29.3005],[121.1806,29.2974],[121.174,29.2929],[121.1755,29.2905],[121.1749,29.288],[121.1764,29.2869],[121.1737,29.285],[121.1714,29.278],[121.1713,29.276],[121.1738,29.271],[121.1758,29.2687],[121.1758,29.264],[121.1733,29.2629],[121.1695,29.2664],[121.166,29.2666],[121.1632,29.2652],[121.1639,29.2612],[121.1615,29.2592],[121.1619,29.2542],[121.1612,29.2525],[121.1584,29.2503],[121.1624,29.2489],[121.166,29.2489],[121.1668,29.2478],[121.1656,29.2453],[121.1677,29.2401],[121.1671,29.2386],[121.1677,29.2346],[121.1638,29.2363],[121.165,29.2274],[121.1673,29.2235],[121.1658,29.222],[121.165,29.2188],[121.1636,29.2183],[121.1617,29.2141],[121.1624,29.2111],[121.1685,29.2097],[121.1719,29.2075],[121.1749,29.2095],[121.1834,29.2087],[121.1888,29.2069],[121.1907,29.2087],[121.1934,29.2091],[121.196,29.2073],[121.1989,29.2078],[121.1999,29.2092],[121.206,29.2096],[121.2079,29.2114],[121.2099,29.2099],[121.2121,29.2127],[121.2143,29.2134],[121.2174,29.2122],[121.2173,29.2105],[121.2151,29.2077],[121.2213,29.2068],[121.2226,29.2016],[121.2255,29.1994],[121.2276,29.1996],[121.2303,29.1982],[121.2287,29.1938],[121.2277,29.1863],[121.2289,29.1825],[121.2312,29.1814],[121.2326,29.1794],[121.2391,29.1758],[121.2424,29.1709],[121.247,29.1684],[121.2463,29.1631],[121.2509,29.16],[121.2536,29.1606],[121.2549,29.1592],[121.2598,29.1572],[121.2574,29.1537],[121.2518,29.1507],[121.2534,29.1482],[121.2572,29.1459],[121.2555,29.1416],[121.2552,29.1342],[121.252,29.1282],[121.2535,29.1247],[121.2501,29.1221],[121.2502,29.1195],[121.2569,29.1162],[121.2593,29.1171],[121.2615,29.1161],[121.2618,29.1144],[121.2667,29.1137],[121.267,29.1118],[121.2642,29.1111],[121.265,29.1046],[121.2656,29.104],[121.2708,29.1041],[121.2728,29.103],[121.2751,29.0992],[121.2818,29.0978],[121.2819,29.095],[121.2857,29.0936],[121.2912,29.0955],[121.2892,29.1007],[121.292,29.0998],[121.294,29.1024],[121.2928,29.1049],[121.2931,29.1072],[121.2953,29.1095],[121.2946,29.1118],[121.2925,29.112],[121.2917,29.1145],[121.2891,29.1162],[121.2905,29.1193],[121.2953,29.1146],[121.2958,29.118],[121.3032,29.1166],[121.3058,29.1184],[121.3072,29.1178],[121.3053,29.1146],[121.3078,29.1126],[121.3054,29.1098],[121.3079,29.1074],[121.3134,29.1087],[121.3133,29.1127],[121.3171,29.1144],[121.3188,29.1183],[121.3201,29.1192],[121.3214,29.1235],[121.329,29.124],[121.3333,29.1253],[121.3353,29.125],[121.3368,29.129],[121.3406,29.1307],[121.34,29.1336],[121.3446,29.1375],[121.343,29.1396],[121.3433,29.1422],[121.3399,29.1459],[121.3402,29.1504],[121.344,29.1529],[121.3433,29.1566],[121.3487,29.1621],[121.3501,29.1614],[121.352,29.1653],[121.3529,29.1708],[121.3568,29.1718],[121.3594,29.1737],[121.3597,29.1786],[121.3614,29.1799],[121.3594,29.1821],[121.3504,29.1817],[121.3493,29.1826],[121.35,29.1872],[121.3526,29.1906],[121.3545,29.1912],[121.3579,29.1906],[121.3604,29.1917],[121.3625,29.1885],[121.3663,29.192],[121.3675,29.1959],[121.3712,29.2],[121.3738,29.2007],[121.3753,29.2033],[121.3792,29.2022],[121.3809,29.1999],[121.381,29.1977],[121.3836,29.1959],[121.3863,29.1963],[121.3863,29.1931],[121.3913,29.1899],[121.3906,29.1866],[121.3928,29.1844],[121.3953,29.1849],[121.4002,29.1808],[121.3988,29.1782],[121.4012,29.1691],[121.3971,29.1666],[121.3966,29.1639],[121.4002,29.1601],[121.407,29.1608],[121.4093,29.1591],[121.4113,29.1602],[121.4115,29.1627],[121.4176,29.1596],[121.4204,29.161],[121.4278,29.163],[121.4369,29.1626],[121.4472,29.1604],[121.4672,29.1507],[121.4901,29.1426],[121.526,29.1404],[121.5415,29.1438],[121.5401,29.1506],[121.541,29.1548],[121.5324,29.1613],[121.5342,29.1639],[121.5437,29.1735],[121.5445,29.1746],[121.5752,29.1731],[121.6028,29.167],[121.6744,29.1302],[121.6929,29.1272],[121.7332,29.1119],[121.7394,29.1071],[121.7497,29.0981],[121.7777,28.9989],[121.9441,28.8663],[122.0031,28.8193],[122.1778,28.7561],[122.4495,28.7566],[122.4661,28.7792],[122.4702,28.7835],[122.4751,28.7908],[122.4823,28.8052],[122.8674,29.54]]]},"properties":{"region_code":"CN-33-3302","parent_region_code":"CN-33","name":"宁波市","level":"prefecture","has_children":true,"full_path":"中国 / 浙江省 / 宁波市","source_admin_code":"3302","osm_relation_id":3478607}},
{"type":"Feature","geometry":{"type":"Polygon","coordinates":[[[121.8388,27.9715],[121.5568,27.9716],[121.2517,28.0339],[121.1412,28.0144],[121.0951,28.0888],[121.1349,28.1798],[121.1445,28.2716],[121.1572,28.296],[121.189,28.2751],[121.1998,28.275],[121.2059,28.3248],[121.2047,28.3284],[121.2072,28.3328],[121.2114,28.3589],[121.2008,28.3718],[121.2042,28.3733],[121.2058,28.3756],[121.2079,28.3738],[121.211,28.3742],[121.2185,28.3764],[121.2187,28.3793],[121.2158,28.3813],[121.2247,28.3879],[121.2322,28.3878],[121.2343,28.3871],[121.2408,28.3885],[121.2421,28.3898],[121.242,28.3942],[121.2451,28.3973],[121.2449,28.3989],[121.2467,28.4011],[121.2481,28.4045],[121.2439,28.408],[121.2481,28.4084],[121.2518,28.4096],[121.2538,28.411],[121.2482,28.4162],[121.2446,28.4167],[121.2428,28.4178],[121.2425,28.4201],[121.2398,28.42],[121.2374,28.4213],[121.2362,28.4236],[121.2281,28.4274],[121.2228,28.4265],[121.2201,28.427],[121.2179,28.4254],[121.2163,28.4282],[121.2172,28.4313],[121.219,28.4313],[121.2199,28.4362],[121.2225,28.437],[121.2219,28.4408],[121.2176,28.442],[121.2115,28.4409],[121.2094,28.4423],[121.2068,28.4464],[121.2079,28.4475],[121.2049,28.4496],[121.2042,28.4536],[121.2049,28.4555],[121.2011,28.4594],[121.203,28.4614],[121.2032,28.4637],[121.1978,28.4647],[121.1903,28.4702],[121.1913,28.4756],[121.1857,28.4782],[121.1804,28.4777],[121.179,28.4811],[121.177,28.4808],[121.1738,28.4908],[121.1721,28.4926],[121.1707,28.4965],[121.1656,28.4995],[121.1684,28.5024],[121.1678,28.5089],[121.1654,28.5079],[121.1619,28.5125],[121.1612,28.515],[121.1595,28.5163],[121.1552,28.5161],[121.1524,28.5211],[121.1524,28.5234],[121.1508,28.5245],[121.1467,28.5245],[121.1444,28.5227],[121.1413,28.5229],[121.1413,28.5268],[121.1397,28.5279],[121.1322,28.5254],[121.1255,28.5248],[121.1212,28.5298],[121.1205,28.533],[121.1186,28.5346],[121.1158,28.5344],[121.1145,28.5371],[121.1095,28.5402],[121.1048,28.5385],[121.1035,28.5408],[121.1004,28.5403],[121.0974,28.5354],[121.0967,28.531],[121.0952,28.5296],[121.0929,28.5307],[121.0908,28.5265],[121.0884,28.5269],[121.0858,28.5234],[121.0835,28.5188],[121.0835,28.516],[121.0872,28.5133],[121.0847,28.5061],[121.0816,28.5046],[121.0789,28.5043],[121.0803,28.5004],[121.0745,28.4988],[121.0733,28.4968],[121.0698,28.4966],[121.0678,28.4977],[121.0666,28.4951],[121.0727,28.4954],[121.0736,28.494],[121.0712,28.4912],[121.073,28.4863],[121.0683,28.485],[121.0667,28.4835],[121.0614,28.4839],[121.0561,28.4832],[121.0518,28.4819],[121.0475,28.4788],[121.0457,28.482],[121.0432,28.4825],[121.0398,28.4812],[121.0386,28.4796],[121.0364,28.4796],[121.0367,28.4833],[121.0321,28.4849],[121.0293,28.483],[121.028,28.4809],[121.0258,28.4822],[121.0226,28.4791],[121.0214,28.4758],[121.0157,28.4762],[121.0135,28.4816],[121.0112,28.4826],[121.0074,28.4808],[121.0039,28.4822],[120.9993,28.4832],[120.9981,28.4797],[120.9981,28.4762],[120.9951,28.4758],[120.9911,28.4764],[120.9908,28.4796],[120.9881,28.4799],[120.9875,28.4816],[120.9831,28.4849],[120.9781,28.4839],[120.9759,28.485],[120.9745,28.4832],[120.9694,28.4859],[120.9623,28.4858],[120.9583,28.4918],[120.9575,28.4946],[120.9536,28.4976],[120.9545,28.5004],[120.9567,28.5022],[120.9567,28.5072],[120.9586,28.51],[120.9576,28.5145],[120.9518,28.5129],[120.9499,28.5118],[120.9501,28.5088],[120.9524,28.5073],[120.9523,28.5057],[120.9491,28.5023],[120.9476,28.5042],[120.9444,28.504],[120.9405,28.507],[120.9346,28.5073],[120.9283,28.5092],[120.925,28.509],[120.9212,28.5076],[120.9186,28.5041],[120.9116,28.5004],[120.9097,28.4985],[120.9095,28.4963],[120.907,28.4926],[120.9003,28.4899],[120.8945,28.4895],[120.8878,28.4871],[120.8843,28.489],[120.8853,28.4917],[120.8824,28.4932],[120.8744,28.4915],[120.8739,28.4932],[120.8657,28.4944],[120.8625,28.4986],[120.8607,28.4987],[120.857,28.5033],[120.8564,28.5064],[120.8573,28.5098],[120.857,28.5126],[120.8524,28.516],[120.8506,28.5187],[120.8458,28.5172],[120.841,28.5175],[120.8382,28.5209],[120.8343,28.5206],[120.8288,28.5279],[120.8285,28.53],[120.8299,28.5333],[120.8274,28.5347],[120.8291,28.5366],[120.831,28.5358],[120.8343,28.5363],[120.8343,28.5378],[120.837,28.5432],[120.8392,28.5454],[120.8377,28.5492],[120.8331,28.5508],[120.8322,28.5526],[120.8293,28.5538],[120.8276,28.5577],[120.8246,28.5602],[120.8247,28.5639],[120.8223,28.5694],[120.817,28.5719],[120.8145,28.5712],[120.8112,28.5728],[120.8065,28.5728],[120.7983,28.5751],[120.7941,28.5792],[120.7962,28.583],[120.797,28.5895],[120.7947,28.5916],[120.7923,28.5898],[120.79,28.5865],[120.7871,28.5863],[120.7831,28.5872],[120.7807,28.593],[120.7773,28.594],[120.7754,28.5924],[120.7725,28.5918],[120.7711,28.5937],[120.7686,28.5943],[120.7654,28.5967],[120.7589,28.596],[120.7572,28.5941],[120.7548,28.5945],[120.7526,28.5981],[120.7526,28.6041],[120.7537,28.6056],[120.7533,28.6081],[120.7502,28.6089],[120.7476,28.6087],[120.7469,28.6121],[120.7443,28.6136],[120.7391,28.615],[120.7326,28.6125],[120.7289,28.6083],[120.7243,28.6068],[120.7216,28.6083],[120.718,28.6071],[120.7145,28.6085],[120.7098,28.6126],[120.707,28.6131],[120.7042,28.615],[120.7041,28.6094],[120.702,28.6073],[120.6998,28.611],[120.6964,28.6106],[120.6964,28.6088],[120.6982,28.6061],[120.6968,28.6026],[120.6947,28.6011],[120.6971,28.5989],[120.6955,28.5936],[120.6933,28.5943],[120.6934,28.5913],[120.6911,28.5901],[120.688,28.5903],[120.6851,28.5942],[120.6823,28.5918],[120.6861,28.5893],[120.6848,28.5875],[120.6808,28.5848],[120.6781,28.5854],[120.6719,28.585],[120.6657,28.5829],[120.6619,28.5832],[120.658,28.5849],[120.6559,28.5873],[120.6507,28.588],[120.6479,28.5878],[120.6463,28.5858],[120.6432,28.5851],[120.6426,28.5832],[120.6394,28.5833],[120.6356,28.582],[120.6357,28.5801],[120.6434,28.5738],[120.6446,28.5721],[120.6437,28.5683],[120.6458,28.5666],[120.6446,28.565],[120.6398,28.5638],[120.6376,28.5624],[120.6343,28.5622],[120.6342,28.5637],[120.6291,28.5648],[120.627,28.5675],[120.6223,28.5647],[120.6209,28.5613],[120.6176,28.5606],[120.6183,28.558],[120.6202,28.5564],[120.62,28.554],[120.6236,28.5504],[120.6227,28.5424],[120.6242,28.5401],[120.6217,28.5374],[120.6152,28.536],[120.6102,28.5377],[120.6053,28.5363],[120.5985,28.538],[120.5964,28.537],[120.5928,28.5372],[120.5913,28.535],[120.5881,28.5365],[120.5852,28.5366],[120.5823,28.5337],[120.5792,28.5342],[120.577,28.5359],[120.5764,28.5383],[120.5734,28.5391],[120.5713,28.5414],[120.5679,28.5407],[120.5677,28.5394],[120.5646,28.5373],[120.5647,28.535],[120.5614,28.536],[120.5571,28.533],[120.5561,28.5361],[120.552,28.5394],[120.5468,28.5372],[120.5411,28.5406],[120.54,28.5427],[120.5355,28.5482],[120.5309,28.5505],[120.5261,28.5508],[120.5239,28.5523],[120.5225,28.5552],[120.5204,28.5562],[120.5203,28.5592],[120.5165,28.5568],[120.5136,28.5599],[120.5088,28.5625],[120.5061,28.5603],[120.5022,28.5608],[120.4945,28.5667],[120.496,28.5708],[120.492,28.5772],[120.4908,28.5772],[120.4892,28.5819],[120.4796,28.5872],[120.4774,28.5861],[120.4773,28.5837],[120.4742,28.5843],[120.4678,28.59],[120.4657,28.5902],[120.4623,28.5888],[120.4579,28.5895],[120.4563,28.5884],[120.4527,28.5887],[120.4459,28.5864],[120.4426,28.5878],[120.4386,28.5856],[120.438,28.5839],[120.4378,28.5761],[120.4347,28.5756],[120.4317,28.5771],[120.4306,28.5742],[120.4276,28.5718],[120.4241,28.5727],[120.4265,28.5688],[120.4254,28.564],[120.4302,28.5584],[120.4289,28.5539],[120.4259,28.5499],[120.426,28.5478],[120.428,28.545],[120.4281,28.5425],[120.4239,28.5365],[120.42,28.5373],[120.4201,28.5336],[120.4192,28.5309],[120.4175,28.5315],[120.4155,28.5283],[120.418,28.5251],[120.4166,28.5243],[120.4163,28.5217],[120.4096,28.5153],[120.4122,28.5142],[120.4139,28.5107],[120.4126,28.5083],[120.4081,28.5068],[120.4115,28.503],[120.4103,28.5012],[120.4109,28.4993],[120.4146,28.4961],[120.415,28.4949],[120.4131,28.4922],[120.4099,28.4911],[120.4084,28.4896],[120.4032,28.4887],[120.4036,28.4829],[120.4065,28.4832],[120.4064,28.481],[120.403,28.4811],[120.4022,28.4832],[120.3982,28.4846],[120.3965,28.484],[120.3949,28.4815],[120.3947,28.4786],[120.3985,28.4765],[120.3981,28.4744],[120.3947,28.468],[120.3919,28.4688],[120.3899,28.474],[120.3865,28.4746],[120.3848,28.4766],[120.3854,28.4799],[120.3832,28.4827],[120.3844,28.4668],[120.3842,28.4629],[120.3818,28.4576],[120.3762,28.4524],[120.3714,28.4473],[120.3686,28.4451],[120.3664,28.4412],[120.3686,28.4295],[120.3717,28.4184],[120.3704,28.4124],[120.3689,28.4103],[120.365,28.409],[120.36,28.4117],[120.357,28.4144],[120.3533,28.4166],[120.3504,28.4195],[120.3438,28.4239],[120.3377,28.4256],[120.3323,28.4244],[120.3249,28.4194],[120.3184,28.4156],[120.3206,28.408],[120.3236,28.4033],[120.3304,28.3938],[120.3334,28.3886],[120.3369,28.3841],[120.3406,28.3729],[120.3436,28.3675],[120.3456,28.3629],[120.3468,28.3561],[120.3454,28.3423],[120.3439,28.3305],[120.3443,28.3283],[120.3465,28.3239],[120.3491,28.3215],[120.3661,28.32],[120.3776,28.3178],[120.3828,28.3163],[120.3878,28.3125],[120.3973,28.3074],[120.4043,28.3005],[120.4078,28.2959],[120.4144,28.2848],[120.4178,28.273],[120.4187,28.268],[120.4189,28.262],[120.42,28.2501],[120.4249,28.2431],[120.4308,28.2361],[120.432,28.2322],[120.428,28.2248],[120.4263,28.2206],[120.4236,28.2167],[120.418,28.211],[120.4168,28.2078],[120.4173,28.2021],[120.4187,28.1966],[120.4202,28.1888],[120.4213,28.1799],[120.4204,28.1723],[120.4174,28.1628],[120.4147,28.1589],[120.4053,28.1587],[120.3981,28.1572],[120.3951,28.1557],[120.3925,28.1589],[120.3907,28.1568],[120.3807,28.1486],[120.384,28.144],[120.3861,28.1446],[120.3855,28.1409],[120.3961,28.1415],[120.3952,28.1397],[120.3986,28.1365],[120.405,28.1357],[120.4015,28.1271],[120.4063,28.1243],[120.4079,28.1216],[120.4073,28.1174],[120.3994,28.1091],[120.3971,28.1083],[120.3927,28.1039],[120.3848,28.0976],[120.3745,28.1008],[120.3703,28.0975],[120.368,28.0928],[120.3635,28.0931],[120.3614,28.0941],[120.3588,28.0991],[120.3544,28.1004],[120.3528,28.0929],[120.3607,28.0903],[120.3608,28.087],[120.3546,28.0842],[120.3635,28.0766],[120.368,28.0675],[120.3672,28.0634],[120.3706,28.0621],[120.3659,28.0578],[120.3495,28.0551],[120.3451,28.0534],[120.3423,28.0531],[120.34,28.051],[120.3394,28.0459],[120.3417,28.0361],[120.3424,28.0308],[120.3423,28.026],[120.3407,28.0198],[120.3382,28.0163],[120.3309,28.0086],[120.3258,28.0052],[120.3287,28],[120.3322,27.9984],[120.3346,27.9955],[120.3391,27.9926],[120.344,27.9856],[120.3436,27.9805],[120.3426,27.9789],[120.3372,27.9763],[120.3297,27.977],[120.3253,27.9787],[120.3206,27.9793],[120.313,27.981],[120.3005,27.9844],[120.2902,27.9834],[120.2848,27.9808],[120.2831,27.9792],[120.282,27.9718],[120.2805,27.9683],[120.2763,27.9636],[120.2729,27.9633],[120.2636,27.9647],[120.2553,27.9654],[120.2509,27.9649],[120.2451,27.9606],[120.2418,27.9555],[120.2411,27.946],[120.2385,27.9373],[120.2347,27.9337],[120.2312,27.9318],[120.2263,27.9301],[120.224,27.9307],[120.2185,27.9304],[120.2157,27.9296],[120.2113,27.93],[120.2056,27.9319],[120.1954,27.9342],[120.1917,27.9364],[120.189,27.9391],[120.1825,27.9486],[120.1808,27.9531],[120.1781,27.9586],[120.1738,27.9644],[120.1673,27.9709],[120.1628,27.9745],[120.1581,27.9769],[120.1513,27.9784],[120.1363,27.9794],[120.1313,27.9799],[120.1262,27.9798],[120.1215,27.9809],[120.1158,27.98],[120.1117,27.9783],[120.1082,27.9736],[120.1073,27.97],[120.1074,27.967],[120.1042,27.9607],[120.0994,27.9574],[120.0961,27.9568],[120.0896,27.9581],[120.0862,27.9596],[120.0818,27.9597],[120.0783,27.961],[120.0737,27.9602],[120.0694,27.9585],[120.0636,27.9526],[120.0627,27.9503],[120.0601,27.9493],[120.0523,27.9498],[120.0477,27.949],[120.0409,27.95],[120.035,27.948],[120.0307,27.9458],[120.0259,27.9413],[120.0221,27.9401],[120.013,27.9403],[120.0034,27.9424],[120,27.9442],[119.9925,27.9448],[119.9832,27.941],[119.9692,27.94],[119.959,27.9434],[119.9547,27.9494],[119.9555,27.9555],[119.9603,27.9583],[119.9649,27.962],[119.967,27.9668],[119.966,27.9735],[119.9629,27.9786],[119.9539,27.979],[119.9436,27.9762],[119.9267,27.9751],[119.9244,27.9728],[119.9195,27.9699],[119.9192,27.9639],[119.909,27.9581],[119.901,27.9632],[119.8992,27.9672],[119.8904,27.973],[119.8827,27.9805],[119.876,27.9905],[119.8703,27.9829],[119.8665,27.9645],[119.844,27.9645],[119.8365,27.9553],[119.8499,27.945],[119.8483,27.9316],[119.8119,27.9269],[119.7911,27.9133],[119.7907,27.8927],[119.7867,27.8579],[119.7809,27.846],[119.7755,27.828],[119.7778,27.8271],[119.7794,27.8238],[119.7795,27.8154],[119.7837,27.8119],[119.7833,27.8101],[119.781,27.8093],[119.7801,27.8071],[119.7816,27.8056],[119.7804,27.7992],[119.7758,27.8002],[119.7681,27.8042],[119.7595,27.8079],[119.7399,27.7991],[119.7328,27.7766],[119.7174,27.7656],[119.6949,27.7634],[119.6795,27.7564],[119.6699,27.7409],[119.6491,27.7195],[119.6461,27.6815],[119.6315,27.6711],[119.632,27.6699],[119.6362,27.6695],[119.6381,27.6683],[119.64,27.664],[119.6349,27.6545],[119.6362,27.6515],[119.6389,27.6508],[119.6405,27.646],[119.6435,27.6437],[119.6428,27.639],[119.6392,27.6363],[119.6373,27.6326],[119.6368,27.6297],[119.631,27.6293],[119.6285,27.627],[119.6241,27.626],[119.6202,27.6187],[119.6212,27.6153],[119.6238,27.6142],[119.6254,27.6097],[119.6245,27.6027],[119.6237,27.6011],[119.6267,27.5952],[119.6268,27.5878],[119.6277,27.585],[119.6317,27.5836],[119.634,27.5847],[119.6384,27.5841],[119.6409,27.582],[119.6456,27.5818],[119.6517,27.581],[119.6546,27.5797],[119.6578,27.5806],[119.6598,27.5793],[119.6643,27.5795],[119.6688,27.5788],[119.6721,27.5768],[119.6722,27.5737],[119.6688,27.5721],[119.6688,27.5699],[119.6662,27.5648],[119.667,27.5614],[119.6661,27.5601],[119.6623,27.5593],[119.6601,27.5556],[119.6592,27.5515],[119.6544,27.5456],[119.6555,27.5432],[119.6593,27.5414],[119.6628,27.537],[119.664,27.539],[119.6669,27.5403],[119.6692,27.5402],[119.6745,27.5413],[119.6777,27.5404],[119.6797,27.5414],[119.6798,27.5448],[119.6829,27.5413],[119.6859,27.5408],[119.6849,27.5374],[119.6879,27.5352],[119.6907,27.532],[119.6959,27.528],[119.6955,27.5258],[119.6968,27.5216],[119.6984,27.5201],[119.7012,27.5195],[119.7041,27.5177],[119.7042,27.5151],[119.6992,27.5105],[119.6992,27.5074],[119.6983,27.5032],[119.7015,27.5008],[119.7054,27.4999],[119.705,27.4977],[119.7059,27.4925],[119.7021,27.4901],[119.7028,27.4858],[119.7058,27.4863],[119.7058,27.4832],[119.703,27.4816],[119.7049,27.4782],[119.7019,27.4741],[119.706,27.4668],[119.6998,27.4622],[119.6993,27.4614],[119.7014,27.4575],[119.6987,27.4556],[119.6986,27.4498],[119.6958,27.449],[119.6941,27.4471],[119.6908,27.4461],[119.691,27.4436],[119.6897,27.4423],[119.6846,27.4442],[119.6809,27.442],[119.6844,27.4345],[119.686,27.4333],[119.69,27.4334],[119.6928,27.4303],[119.695,27.4292],[119.6985,27.4295],[119.7003,27.4278],[119.701,27.4221],[119.6995,27.4197],[119.7008,27.4182],[119.7063,27.414],[119.7046,27.409],[119.7058,27.4069],[119.7087,27.4061],[119.7132,27.4069],[119.7178,27.4061],[119.7207,27.4046],[119.722,27.4007],[119.7269,27.3985],[119.7265,27.3955],[119.7279,27.3931],[119.7306,27.3915],[119.7346,27.3905],[119.7364,27.3853],[119.7366,27.3827],[119.7357,27.3794],[119.7367,27.3788],[119.7404,27.3809],[119.7443,27.3815],[119.7464,27.3787],[119.7455,27.376],[119.7416,27.3738],[119.7352,27.3665],[119.7358,27.3657],[119.7434,27.3628],[119.7442,27.3571],[119.7461,27.3533],[119.751,27.353],[119.7543,27.3501],[119.7619,27.3507],[119.7645,27.349],[119.7644,27.3461],[119.763,27.3433],[119.764,27.3385],[119.7687,27.3346],[119.7734,27.3348],[119.7773,27.3339],[119.7803,27.3303],[119.7801,27.3267],[119.7743,27.3232],[119.7724,27.3246],[119.772,27.327],[119.7668,27.3308],[119.765,27.3277],[119.7666,27.3176],[119.7666,27.3157],[119.7638,27.3126],[119.7659,27.3089],[119.7699,27.3095],[119.7768,27.3067],[119.7827,27.3063],[119.785,27.3055],[119.787,27.3079],[119.7886,27.3136],[119.7925,27.3135],[119.8016,27.3093],[119.8054,27.3079],[119.8067,27.3046],[119.8092,27.3017],[119.8147,27.2994],[119.8174,27.3006],[119.8173,27.3035],[119.8184,27.3054],[119.8223,27.3051],[119.8227,27.303],[119.8262,27.3031],[119.8298,27.3047],[119.8329,27.304],[119.8361,27.3022],[119.8382,27.3031],[119.8404,27.3095],[119.8399,27.3102],[119.8348,27.3112],[119.8322,27.3133],[119.8303,27.3162],[119.8332,27.3192],[119.8364,27.3241],[119.8407,27.3272],[119.8439,27.3263],[119.8455,27.3237],[119.8499,27.3203],[119.8512,27.3182],[119.8554,27.3206],[119.8585,27.3193],[119.8678,27.3181],[119.8664,27.3153],[119.8611,27.3129],[119.8605,27.3099],[119.864,27.3096],[119.8693,27.3106],[119.869,27.3064],[119.8702,27.3045],[119.8736,27.3053],[119.8744,27.3127],[119.8759,27.3137],[119.8809,27.311],[119.8831,27.317],[119.8874,27.314],[119.8915,27.3151],[119.8944,27.3144],[119.896,27.3195],[119.9011,27.3218],[119.904,27.3211],[119.9059,27.3219],[119.9108,27.3203],[119.9146,27.3163],[119.9168,27.318],[119.9169,27.3199],[119.9229,27.3198],[119.926,27.3191],[119.9287,27.3199],[119.937,27.319],[119.9407,27.3175],[119.9416,27.3193],[119.9393,27.326],[119.9368,27.3255],[119.9346,27.3275],[119.9365,27.3292],[119.934,27.333],[119.9365,27.3346],[119.9396,27.3385],[119.9356,27.339],[119.9365,27.341],[119.9405,27.3416],[119.9439,27.3437],[119.9451,27.3465],[119.9454,27.3507],[119.9515,27.3527],[119.9597,27.3604],[119.9607,27.3635],[119.958,27.3637],[119.9524,27.3615],[119.9507,27.363],[119.9515,27.367],[119.9571,27.368],[119.9571,27.3707],[119.9657,27.3718],[119.9746,27.3748],[119.9827,27.3735],[119.9842,27.375],[119.9839,27.3783],[119.9899,27.3831],[119.9933,27.3811],[119.9954,27.3826],[119.999,27.3792],[120.0041,27.3768],[120.0028,27.374],[120.003,27.3708],[120.0042,27.3687],[120.0128,27.3673],[120.0121,27.3626],[120.0177,27.36],[120.0178,27.3579],[120.0235,27.355],[120.0247,27.3514],[120.021,27.347],[120.022,27.3449],[120.0281,27.3472],[120.0312,27.3449],[120.034,27.3449],[120.0364,27.3409],[120.0436,27.3415],[120.0476,27.341],[120.0488,27.3436],[120.0476,27.3467],[120.0479,27.3502],[120.0503,27.3523],[120.0551,27.3508],[120.0584,27.3487],[120.0586,27.3564],[120.0579,27.3597],[120.0613,27.3604],[120.0667,27.3638],[120.0687,27.3637],[120.069,27.366],[120.071,27.3673],[120.0701,27.3707],[120.0733,27.3734],[120.0771,27.3744],[120.0804,27.3761],[120.0831,27.3802],[120.0855,27.3802],[120.0883,27.3781],[120.0909,27.3811],[120.0941,27.3803],[120.0939,27.3847],[120.0928,27.3854],[120.0918,27.3953],[120.0954,27.3953],[120.0958,27.3966],[120.1005,27.3991],[120.1027,27.398],[120.1074,27.4004],[120.1104,27.3982],[120.1194,27.4008],[120.12,27.3961],[120.1237,27.395],[120.1261,27.3958],[120.131,27.3999],[120.1314,27.4019],[120.1337,27.4026],[120.1326,27.4067],[120.1326,27.4106],[120.1276,27.411],[120.1273,27.4134],[120.1243,27.4167],[120.1276,27.4203],[120.1273,27.4219],[120.1307,27.4256],[120.1329,27.425],[120.1374,27.4258],[120.1394,27.4246],[120.1409,27.4268],[120.1438,27.4258],[120.1483,27.4262],[120.1556,27.4285],[120.1611,27.4279],[120.161,27.4259],[120.1687,27.427],[120.1722,27.424],[120.1755,27.4247],[120.1791,27.4246],[120.1856,27.4292],[120.1875,27.4295],[120.1887,27.4316],[120.1911,27.4298],[120.1959,27.4295],[120.1962,27.4314],[120.2018,27.4315],[120.2028,27.4277],[120.2052,27.4266],[120.2061,27.4224],[120.2095,27.4235],[120.2134,27.4214],[120.2151,27.4221],[120.2187,27.4256],[120.2217,27.4261],[120.2264,27.4306],[120.2288,27.4316],[120.232,27.4307],[120.2416,27.4355],[120.2453,27.4399],[120.2444,27.4431],[120.2478,27.4428],[120.2485,27.4415],[120.2531,27.4385],[120.2578,27.4343],[120.2598,27.431],[120.2595,27.4282],[120.258,27.4267],[120.2613,27.4245],[120.2594,27.4204],[120.2566,27.42],[120.2542,27.4174],[120.2527,27.4137],[120.2538,27.4111],[120.2566,27.4103],[120.2615,27.4048],[120.2637,27.4015],[120.2634,27.3985],[120.2676,27.3932],[120.2688,27.3908],[120.2742,27.3913],[120.2798,27.394],[120.282,27.398],[120.2865,27.3996],[120.2946,27.3986],[120.2983,27.3968],[120.3032,27.3968],[120.3078,27.3998],[120.3081,27.4025],[120.3122,27.4095],[120.3133,27.4123],[120.3166,27.4122],[120.3183,27.4069],[120.3154,27.4052],[120.3156,27.403],[120.321,27.3999],[120.3267,27.4001],[120.3307,27.3997],[120.3323,27.4024],[120.335,27.4026],[120.3372,27.4006],[120.3416,27.3992],[120.3421,27.3952],[120.3447,27.3913],[120.3454,27.3879],[120.3448,27.3814],[120.3407,27.3783],[120.3413,27.3753],[120.3428,27.3737],[120.3397,27.3709],[120.339,27.3685],[120.341,27.368],[120.3433,27.364],[120.3471,27.3629],[120.3521,27.3563],[120.3455,27.3526],[120.3443,27.3511],[120.3448,27.3473],[120.3509,27.3472],[120.3534,27.3453],[120.3537,27.3427],[120.356,27.34],[120.3623,27.3354],[120.3656,27.3345],[120.3684,27.3324],[120.3708,27.3292],[120.3743,27.3273],[120.3733,27.3218],[120.3788,27.319],[120.3788,27.3155],[120.3825,27.3133],[120.3832,27.3114],[120.3854,27.3106],[120.3886,27.3118],[120.3918,27.3104],[120.3929,27.3059],[120.3946,27.3035],[120.3983,27.301],[120.3988,27.2979],[120.401,27.2944],[120.4034,27.2925],[120.4031,27.2902],[120.4014,27.2882],[120.4007,27.2856],[120.4017,27.2808],[120.405,27.2798],[120.4064,27.2751],[120.41,27.2729],[120.4118,27.2707],[120.4158,27.2711],[120.421,27.2706],[120.4216,27.2656],[120.4252,27.263],[120.4266,27.2591],[120.4225,27.257],[120.4211,27.2576],[120.4193,27.2545],[120.4159,27.2541],[120.413,27.2578],[120.4084,27.2603],[120.4052,27.2574],[120.3993,27.2547],[120.3954,27.254],[120.3943,27.2506],[120.3911,27.2477],[120.3929,27.2446],[120.398,27.2441],[120.4017,27.2429],[120.4018,27.2396],[120.4058,27.2386],[120.4101,27.2342],[120.4064,27.2285],[120.4057,27.2254],[120.4001,27.2226],[120.4,27.2173],[120.3971,27.2165],[120.398,27.2148],[120.3968,27.2131],[120.4044,27.2138],[120.4049,27.2116],[120.3993,27.2076],[120.404,27.205],[120.407,27.1983],[120.4056,27.196],[120.4076,27.195],[120.4112,27.1956],[120.4116,27.1932],[120.414,27.1907],[120.4141,27.1893],[120.422,27.1868],[120.4229,27.1854],[120.4187,27.1832],[120.4171,27.1815],[120.422,27.1808],[120.4203,27.1787],[120.4216,27.1759],[120.4248,27.1768],[120.427,27.1753],[120.4268,27.1734],[120.43,27.1723],[120.4318,27.1693],[120.4316,27.1672],[120.4389,27.1646],[120.4834,27.1299],[120.5551,27.0739],[120.8316,27.0449],[121.1406,27.045],[121.2146,27.1735],[121.3212,27.3583],[121.4717,27.5369],[121.5883,27.6752],[121.8388,27.9715]]]},"properties":{"region_code":"CN-33-3303","parent_region_code":"CN-33","name":"温州市","level":"prefecture","has_children":true,"full_path":"中国 / 浙江省 / 温州市","source_admin_code":"3303","osm_relation_id":3289341}},
{"type":"Feature","geometry":{"type":"Polygon","coordinates":[[[120.7255,30.2994],[120.7365,30.2839],[120.7422,30.2782],[120.7509,30.2703],[120.7555,30.2667],[120.7607,30.2632],[120.7742,30.2601],[120.7817,30.2588],[120.7966,30.2576],[120.8091,30.2579],[120.8225,30.2593],[120.832,30.261],[120.8439,30.2635],[120.855,30.265],[120.8646,30.2657],[120.8727,30.2654],[120.8825,30.2647],[120.8913,30.265],[120.8994,30.2656],[120.9034,30.2668],[120.9339,30.2795],[120.9542,30.2908],[120.9914,30.3135],[121.0251,30.3413],[121.1068,30.4087],[121.206,30.4544],[121.3143,30.4408],[121.3895,30.3793],[121.4836,30.3022],[121.5062,30.2836],[121.5062,30.485],[121.5063,30.6786],[121.4223,30.6714],[121.3507,30.6694],[121.2744,30.6801],[121.2685,30.6917],[121.2679,30.692],[121.267,30.6994],[121.2655,30.7045],[121.2631,30.7066],[121.2631,30.7085],[121.2608,30.7121],[121.2637,30.7147],[121.262,30.7178],[121.2654,30.7196],[121.2647,30.7226],[121.2687,30.7245],[121.2661,30.7273],[121.2669,30.7289],[121.2649,30.7334],[121.2641,30.737],[121.2609,30.737],[121.2548,30.7428],[121.2516,30.7464],[121.2435,30.7503],[121.2401,30.7524],[121.2281,30.758],[121.2266,30.762],[121.2263,30.7657],[121.225,30.7696],[121.2219,30.7735],[121.221,30.7786],[121.2184,30.7781],[121.216,30.7826],[121.216,30.7849],[121.213,30.7879],[121.2075,30.7883],[121.2017,30.7879],[121.195,30.7854],[121.195,30.7804],[121.1965,30.776],[121.1925,30.7756],[121.189,30.7788],[121.1867,30.7821],[121.1847,30.781],[121.1817,30.7811],[121.1807,30.7782],[121.1789,30.7772],[121.1728,30.7758],[121.1694,30.7759],[121.1663,30.7784],[121.1587,30.7774],[121.1532,30.7797],[121.1511,30.7794],[121.1484,30.7809],[121.1392,30.7817],[121.1364,30.7793],[121.1336,30.7797],[121.1278,30.7793],[121.1226,30.7809],[121.1216,30.7894],[121.1214,30.7949],[121.1221,30.7982],[121.1227,30.8056],[121.1257,30.8178],[121.1335,30.8288],[121.133,30.8327],[121.1299,30.8303],[121.13,30.8354],[121.1274,30.838],[121.1258,30.8371],[121.1215,30.8382],[121.1159,30.8384],[121.1157,30.8453],[121.1193,30.8496],[121.1126,30.8525],[121.1075,30.8558],[121.1067,30.8539],[121.1004,30.8517],[121.0969,30.853],[121.0933,30.8574],[121.0927,30.859],[121.0759,30.8509],[121.0672,30.8511],[121.0625,30.8509],[121.0564,30.8473],[121.056,30.8452],[121.0569,30.8407],[121.043,30.8331],[121.0449,30.8283],[121.0431,30.8272],[121.0405,30.8285],[121.0388,30.8305],[121.036,30.8294],[121.0377,30.8276],[121.0342,30.8259],[121.035,30.8232],[121.0343,30.8211],[121.039,30.8225],[121.0405,30.8182],[121.0335,30.8165],[121.0322,30.8207],[121.0291,30.826],[121.0253,30.831],[121.0111,30.8361],[121.0091,30.8378],[121.0067,30.8369],[121.0013,30.8315],[120.9992,30.8287],[120.9964,30.8317],[120.9899,30.8235],[120.9858,30.8257],[120.9884,30.8291],[120.9852,30.8305],[120.9881,30.8339],[120.9843,30.835],[120.9887,30.8409],[120.9909,30.8402],[120.9935,30.8468],[120.9994,30.8483],[121.0011,30.8497],[121.0035,30.8546],[121.0059,30.8558],[121.0083,30.8542],[121.0105,30.8565],[121.0066,30.8582],[121.0117,30.865],[121.0098,30.8668],[121.0137,30.8713],[121.0113,30.8734],[121.0137,30.8757],[121.0159,30.8746],[121.0174,30.8772],[121.0153,30.8788],[121.0167,30.8811],[121.0141,30.8833],[121.0136,30.885],[121.0092,30.8841],[121.0027,30.8857],[121.0057,30.8892],[121.0034,30.8904],[120.9989,30.8913],[120.9888,30.8924],[120.9892,30.8964],[120.9862,30.8981],[120.9883,30.9017],[120.9885,30.9042],[120.9908,30.9061],[120.9943,30.9058],[120.9946,30.9081],[120.9987,30.9075],[121.0004,30.9093],[121.0004,30.9116],[120.9952,30.9119],[120.9956,30.9372],[120.9966,30.94],[120.994,30.9423],[120.9928,30.9462],[120.9931,30.9525],[120.991,30.957],[120.9886,30.9573],[120.988,30.9606],[120.9904,30.9607],[120.9891,30.965],[120.9893,30.9684],[120.9875,30.9706],[120.9891,30.9742],[120.9934,30.9745],[120.9969,30.9761],[120.9966,30.9794],[120.9978,30.9819],[120.9956,30.9822],[120.9931,30.9914],[120.9909,30.9932],[120.9908,30.9974],[120.9881,30.999],[120.9879,31.0101],[120.9851,31.0152],[120.9855,31.0166],[120.9797,31.0164],[120.9775,31.0187],[120.9604,31.0185],[120.9591,31.0202],[120.9598,31.0231],[120.9559,31.0235],[120.954,31.0305],[120.9504,31.0323],[120.9478,31.0324],[120.9452,31.03],[120.9446,31.0273],[120.9471,31.0264],[120.9458,31.0198],[120.9318,31.0193],[120.9318,31.0178],[120.9363,31.0126],[120.9345,31.0113],[120.9311,31.0118],[120.9274,31.0138],[120.9227,31.0142],[120.9224,31.0127],[120.9145,31.0148],[120.9098,31.0139],[120.9076,31.0141],[120.9072,31.0194],[120.893,31.0197],[120.8912,31.0171],[120.8914,31.0139],[120.8887,31.013],[120.8879,31.0109],[120.889,31.008],[120.887,31.0067],[120.8855,31.0036],[120.8808,31.0035],[120.8757,31.0014],[120.876,30.9998],[120.8719,30.9994],[120.8691,30.9976],[120.8638,30.9977],[120.8631,30.9933],[120.8613,30.9935],[120.8544,30.9921],[120.8527,30.9943],[120.8498,30.9956],[120.8477,30.9934],[120.8429,30.9922],[120.8417,30.9948],[120.8384,30.9943],[120.8349,31.0023],[120.8319,31.0018],[120.8313,31.0038],[120.8269,31.0043],[120.8242,31.0059],[120.8181,31.0081],[120.8121,31.0087],[120.8031,31.0084],[120.7776,31.0043],[120.7695,31.0035],[120.7722,30.9997],[120.7695,30.9971],[120.7681,30.9997],[120.7649,30.9989],[120.7654,30.9961],[120.7624,30.993],[120.7639,30.9851],[120.7638,30.9833],[120.7655,30.9804],[120.7619,30.9782],[120.7555,30.978],[120.7482,30.9718],[120.7435,30.9707],[120.7426,30.9668],[120.7414,30.9653],[120.7375,30.9652],[120.7347,30.9668],[120.7344,30.969],[120.7316,30.9698],[120.7296,30.9718],[120.7248,30.9734],[120.7169,30.9735],[120.7119,30.9726],[120.7049,30.974],[120.7033,30.9713],[120.7045,30.9696],[120.6983,30.9668],[120.6936,30.9722],[120.6869,30.9664],[120.6852,30.9674],[120.6831,30.9651],[120.6832,30.9624],[120.6812,30.9624],[120.6784,30.958],[120.6849,30.9548],[120.692,30.9528],[120.7022,30.9419],[120.7049,30.9363],[120.7063,30.9321],[120.7075,30.9264],[120.7082,30.9205],[120.7075,30.914],[120.7055,30.9089],[120.7067,30.9006],[120.7086,30.8925],[120.7088,30.8883],[120.7073,30.8871],[120.6993,30.8864],[120.6944,30.8843],[120.698,30.8792],[120.6977,30.8765],[120.6955,30.8758],[120.6971,30.8709],[120.6957,30.8704],[120.6923,30.8722],[120.6897,30.8717],[120.6867,30.8727],[120.6865,30.8769],[120.6833,30.8784],[120.6804,30.8838],[120.6807,30.8867],[120.6773,30.8854],[120.6757,30.8827],[120.6759,30.8803],[120.668,30.8788],[120.6688,30.8754],[120.6662,30.8741],[120.666,30.8697],[120.6622,30.8682],[120.6631,30.8645],[120.6592,30.8635],[120.6578,30.8665],[120.6547,30.8678],[120.6536,30.8652],[120.6537,30.8589],[120.6509,30.8581],[120.6506,30.8494],[120.6459,30.8505],[120.6455,30.8531],[120.6401,30.8536],[120.6398,30.8565],[120.6378,30.8579],[120.6322,30.8564],[120.6259,30.858],[120.6221,30.8585],[120.6185,30.8555],[120.6142,30.853],[120.6046,30.8508],[120.5996,30.8513],[120.591,30.854],[120.5917,30.8556],[120.5894,30.8569],[120.5866,30.8553],[120.5848,30.8579],[120.5818,30.8573],[120.5775,30.8541],[120.5784,30.8506],[120.5768,30.8479],[120.571,30.8445],[120.5682,30.8433],[120.5583,30.8369],[120.5557,30.8379],[120.5524,30.8349],[120.5525,30.8324],[120.5543,30.8315],[120.5538,30.8295],[120.5498,30.826],[120.5468,30.8255],[120.5475,30.8228],[120.5441,30.8184],[120.5388,30.81],[120.5335,30.803],[120.5244,30.7901],[120.5221,30.7874],[120.5136,30.7753],[120.5089,30.7696],[120.5009,30.7609],[120.4984,30.7607],[120.492,30.7632],[120.4835,30.766],[120.4802,30.7654],[120.4766,30.7657],[120.4749,30.7672],[120.4653,30.7668],[120.4699,30.7573],[120.4703,30.7546],[120.4687,30.7541],[120.4679,30.7498],[120.4704,30.748],[120.4702,30.7438],[120.4749,30.7437],[120.4757,30.7397],[120.4773,30.7362],[120.4799,30.7351],[120.4803,30.7305],[120.4819,30.7302],[120.4733,30.7159],[120.4743,30.7129],[120.4715,30.7135],[120.462,30.7039],[120.4607,30.7051],[120.4578,30.7044],[120.4557,30.7019],[120.4534,30.7036],[120.4506,30.7042],[120.4482,30.7034],[120.4422,30.7046],[120.4382,30.7046],[120.4379,30.7022],[120.4391,30.6973],[120.4431,30.693],[120.4431,30.6917],[120.4512,30.6878],[120.4473,30.6808],[120.4457,30.6834],[120.4428,30.6836],[120.4421,30.6819],[120.4365,30.6826],[120.4333,30.6843],[120.4295,30.6823],[120.4231,30.6827],[120.4181,30.6815],[120.414,30.6792],[120.4057,30.6788],[120.4039,30.6792],[120.4014,30.673],[120.3945,30.6745],[120.3878,30.6746],[120.3851,30.6725],[120.3815,30.6733],[120.3749,30.6715],[120.3744,30.6693],[120.3752,30.6618],[120.3737,30.6587],[120.3659,30.6603],[120.3589,30.6575],[120.3567,30.6576],[120.3561,30.6609],[120.3535,30.6616],[120.3533,30.664],[120.3505,30.6637],[120.3501,30.6659],[120.3448,30.6648],[120.3431,30.6596],[120.3395,30.66],[120.3366,30.6617],[120.3343,30.6597],[120.334,30.6578],[120.3366,30.6576],[120.3399,30.6532],[120.3388,30.6414],[120.3366,30.6405],[120.3361,30.6378],[120.3367,30.6341],[120.3357,30.6336],[120.3355,30.6287],[120.3301,30.6299],[120.3293,30.628],[120.3352,30.6248],[120.3355,30.6222],[120.3325,30.6206],[120.331,30.6178],[120.3281,30.6175],[120.3276,30.616],[120.3246,30.6163],[120.3145,30.6146],[120.312,30.6157],[120.3085,30.6152],[120.308,30.6168],[120.3043,30.6149],[120.3036,30.6136],[120.2995,30.6127],[120.3005,30.6083],[120.2984,30.6082],[120.2983,30.6056],[120.2996,30.6024],[120.2972,30.6023],[120.2958,30.5973],[120.3049,30.5907],[120.3083,30.5865],[120.3123,30.5872],[120.3146,30.5838],[120.3146,30.5806],[120.3098,30.575],[120.3073,30.5728],[120.3018,30.5704],[120.3002,30.5668],[120.2971,30.5679],[120.2911,30.5667],[120.2934,30.5629],[120.295,30.5584],[120.2962,30.5529],[120.2934,30.5492],[120.2956,30.5428],[120.2973,30.543],[120.2975,30.5389],[120.2949,30.5358],[120.2939,30.533],[120.2947,30.5273],[120.2938,30.524],[120.2952,30.522],[120.3033,30.5232],[120.3145,30.5233],[120.3155,30.5187],[120.3169,30.5183],[120.318,30.515],[120.3178,30.5109],[120.3168,30.5082],[120.3186,30.5078],[120.3207,30.5024],[120.3211,30.4987],[120.3233,30.4939],[120.3224,30.4881],[120.3233,30.4864],[120.3216,30.4832],[120.3211,30.4794],[120.3235,30.4774],[120.324,30.4753],[120.3222,30.4728],[120.3259,30.4716],[120.3311,30.4754],[120.3339,30.4758],[120.336,30.4733],[120.3372,30.4684],[120.3326,30.4665],[120.3331,30.4623],[120.3323,30.4606],[120.3334,30.4531],[120.3352,30.4524],[120.3358,30.4486],[120.3353,30.4456],[120.3364,30.4441],[120.3348,30.4423],[120.3356,30.4363],[120.3311,30.4352],[120.332,30.4318],[120.3293,30.4317],[120.3262,30.4296],[120.3281,30.4271],[120.3289,30.4213],[120.3283,30.4183],[120.324,30.4177],[120.3216,30.4135],[120.3199,30.4143],[120.3166,30.4103],[120.3174,30.407],[120.3124,30.405],[120.3118,30.4037],[120.3084,30.4017],[120.3063,30.4032],[120.3016,30.3991],[120.3031,30.3961],[120.3048,30.3957],[120.3107,30.3977],[120.3144,30.3911],[120.3133,30.389],[120.3148,30.3864],[120.3139,30.385],[120.315,30.3813],[120.3188,30.3794],[120.3201,30.3811],[120.3251,30.3792],[120.3281,30.3776],[120.3309,30.3773],[120.337,30.3785],[120.3372,30.3755],[120.3408,30.3718],[120.3443,30.371],[120.3448,30.3732],[120.3501,30.3754],[120.3533,30.3756],[120.3621,30.378],[120.3645,30.3792],[120.3717,30.3809],[120.3747,30.3823],[120.3843,30.3839],[120.3953,30.3863],[120.3962,30.3753],[120.393,30.3729],[120.3833,30.3726],[120.3753,30.3589],[120.3768,30.3568],[120.3752,30.352],[120.3742,30.3522],[120.3724,30.3461],[120.3747,30.3464],[120.3886,30.335],[120.3935,30.3306],[120.4084,30.3188],[120.4143,30.3333],[120.4187,30.3427],[120.4242,30.3568],[120.4267,30.3606],[120.4301,30.3684],[120.4341,30.3761],[120.4369,30.3803],[120.443,30.3829],[120.4477,30.3834],[120.4678,30.3872],[120.4769,30.3886],[120.4914,30.3905],[120.5001,30.3923],[120.5044,30.3926],[120.5109,30.3922],[120.5215,30.392],[120.5391,30.3908],[120.5499,30.3906],[120.5552,30.391],[120.559,30.3906],[120.5892,30.3905],[120.6065,30.39],[120.6173,30.3905],[120.6281,30.3903],[120.6363,30.3895],[120.6458,30.3878],[120.654,30.3844],[120.66,30.3823],[120.6757,30.3753],[120.6811,30.372],[120.6853,30.3689],[120.6923,30.3644],[120.6991,30.3593],[120.7067,30.3512],[120.7104,30.3406],[120.7127,30.3295],[120.714,30.3246],[120.7183,30.3128],[120.7216,30.3062],[120.7255,30.2994]]]},"properties":{"region_code":"CN-33-3304","parent_region_code":"CN-33","name":"嘉兴市","level":"prefecture","has_children":true,"full_path":"中国 / 浙江省 / 嘉兴市","source_admin_code":"3304","osm_relation_id":3308626}},
{"type":"Feature","geometry":{"type":"Polygon","coordinates":[[[120.2952,30.522],[120.2938,30.524],[120.2947,30.5273],[120.2939,30.533],[120.2949,30.5358],[120.2975,30.5389],[120.2973,30.543],[120.2956,30.5428],[120.2934,30.5492],[120.2962,30.5529],[120.295,30.5584],[120.2934,30.5629],[120.2911,30.5667],[120.2971,30.5679],[120.3002,30.5668],[120.3018,30.5704],[120.3073,30.5728],[120.3098,30.575],[120.3146,30.5806],[120.3146,30.5838],[120.3123,30.5872],[120.3083,30.5865],[120.3049,30.5907],[120.2958,30.5973],[120.2972,30.6023],[120.2996,30.6024],[120.2983,30.6056],[120.2984,30.6082],[120.3005,30.6083],[120.2995,30.6127],[120.3036,30.6136],[120.3043,30.6149],[120.308,30.6168],[120.3085,30.6152],[120.312,30.6157],[120.3145,30.6146],[120.3246,30.6163],[120.3276,30.616],[120.3281,30.6175],[120.331,30.6178],[120.3325,30.6206],[120.3355,30.6222],[120.3352,30.6248],[120.3293,30.628],[120.3301,30.6299],[120.3355,30.6287],[120.3357,30.6336],[120.3367,30.6341],[120.3361,30.6378],[120.3366,30.6405],[120.3388,30.6414],[120.3399,30.6532],[120.3366,30.6576],[120.334,30.6578],[120.3343,30.6597],[120.3366,30.6617],[120.3395,30.66],[120.3431,30.6596],[120.3448,30.6648],[120.3501,30.6659],[120.3505,30.6637],[120.3533,30.664],[120.3535,30.6616],[120.3561,30.6609],[120.3567,30.6576],[120.3589,30.6575],[120.3659,30.6603],[120.3737,30.6587],[120.3752,30.6618],[120.3744,30.6693],[120.3749,30.6715],[120.3815,30.6733],[120.3851,30.6725],[120.3878,30.6746],[120.3945,30.6745],[120.4014,30.673],[120.4039,30.6792],[120.4057,30.6788],[120.414,30.6792],[120.4181,30.6815],[120.4231,30.6827],[120.4295,30.6823],[120.4333,30.6843],[120.4365,30.6826],[120.4421,30.6819],[120.4428,30.6836],[120.4457,30.6834],[120.4473,30.6808],[120.4512,30.6878],[120.4431,30.6917],[120.4431,30.693],[120.4391,30.6973],[120.4379,30.7022],[120.4382,30.7046],[120.4422,30.7046],[120.4482,30.7034],[120.4506,30.7042],[120.4534,30.7036],[120.4557,30.7019],[120.4578,30.7044],[120.4607,30.7051],[120.462,30.7039],[120.4715,30.7135],[120.4743,30.7129],[120.4733,30.7159],[120.4819,30.7302],[120.4803,30.7305],[120.4799,30.7351],[120.4773,30.7362],[120.4757,30.7397],[120.4749,30.7437],[120.4702,30.7438],[120.4704,30.748],[120.4679,30.7498],[120.4687,30.7541],[120.4703,30.7546],[120.4699,30.7573],[120.4653,30.7668],[120.4749,30.7672],[120.4766,30.7657],[120.4802,30.7654],[120.4835,30.766],[120.484,30.7683],[120.4824,30.772],[120.4783,30.7781],[120.4763,30.7776],[120.4763,30.7809],[120.4741,30.7856],[120.4718,30.7889],[120.4713,30.7944],[120.472,30.8002],[120.473,30.8032],[120.4722,30.8083],[120.4675,30.8093],[120.4672,30.8073],[120.4609,30.8085],[120.4582,30.8176],[120.454,30.8177],[120.4524,30.8264],[120.4551,30.8273],[120.4561,30.8299],[120.4541,30.8362],[120.4542,30.839],[120.456,30.8397],[120.4547,30.8421],[120.4503,30.8453],[120.4497,30.8472],[120.4515,30.8485],[120.4498,30.8523],[120.4427,30.852],[120.4405,30.8553],[120.4383,30.855],[120.4376,30.8622],[120.4388,30.8646],[120.4433,30.8651],[120.4432,30.8679],[120.4458,30.8683],[120.4485,30.8703],[120.4473,30.8738],[120.4452,30.8735],[120.4408,30.8767],[120.4385,30.8805],[120.4362,30.8861],[120.4321,30.8862],[120.4309,30.8918],[120.4287,30.892],[120.4281,30.8942],[120.4318,30.8958],[120.4337,30.9008],[120.4333,30.9033],[120.4314,30.9059],[120.4297,30.9056],[120.428,30.9133],[120.4293,30.9151],[120.4329,30.916],[120.4307,30.9228],[120.4316,30.9259],[120.4289,30.9266],[120.422,30.926],[120.4199,30.9295],[120.4155,30.93],[120.4129,30.9269],[120.4174,30.911],[120.4163,30.91],[120.4168,30.9061],[120.4182,30.9036],[120.4115,30.9026],[120.4083,30.8999],[120.4007,30.898],[120.3996,30.8955],[120.3889,30.8927],[120.3827,30.8937],[120.3748,30.8927],[120.3727,30.8879],[120.3676,30.887],[120.3678,30.8838],[120.3656,30.8842],[120.3607,30.8823],[120.3583,30.8839],[120.3569,30.8871],[120.3552,30.8868],[120.3529,30.8908],[120.3544,30.8917],[120.3545,30.9011],[120.3537,30.9037],[120.3549,30.9066],[120.3522,30.9064],[120.3513,30.9092],[120.3492,30.9119],[120.3533,30.9127],[120.3525,30.9152],[120.3548,30.9163],[120.3521,30.9212],[120.3533,30.9225],[120.3597,30.925],[120.3582,30.9283],[120.3549,30.9292],[120.3532,30.9344],[120.3553,30.9362],[120.3595,30.938],[120.3649,30.9419],[120.3674,30.9457],[120.3695,30.9473],[120.3687,30.9488],[120.3654,30.9506],[120.3611,30.9498],[120.35,30.9458],[120.3427,30.9435],[120.3364,30.9423],[120.332,30.941],[120.3259,30.9401],[120.3111,30.9358],[120.3018,30.9341],[120.2968,30.9342],[120.2917,30.933],[120.2854,30.9331],[120.2702,30.9306],[120.2611,30.9304],[120.2508,30.9291],[120.2298,30.9288],[120.2179,30.9295],[120.2085,30.9315],[120.1991,30.9323],[120.1934,30.9311],[120.1916,30.9328],[120.1848,30.9346],[120.1751,30.9361],[120.1664,30.937],[120.1446,30.94],[120.1418,30.9411],[120.1406,30.9435],[120.1356,30.9454],[120.1311,30.9447],[120.1242,30.9481],[120.1113,30.9564],[120.1043,30.959],[120.1067,30.9616],[120.1015,30.9679],[120.0978,30.9662],[120.0817,30.9815],[120.0739,30.9873],[120.0679,30.9905],[120.0654,30.9935],[120.0613,30.9967],[120.0525,31.0051],[120.0483,31.0081],[120.0451,31.0093],[120.0263,31.015],[120.0199,31.0173],[120.0122,31.0207],[120.0071,31.0238],[119.9992,31.0279],[119.9953,31.0304],[119.9899,31.0347],[119.9899,31.0399],[119.9855,31.0475],[119.9813,31.0611],[119.9778,31.0656],[119.9698,31.0709],[119.9661,31.0748],[119.9597,31.0859],[119.9558,31.0918],[119.9513,31.0962],[119.9476,31.1006],[119.9434,31.1068],[119.9426,31.1087],[119.9434,31.113],[119.9425,31.1163],[119.9394,31.1223],[119.9367,31.1315],[119.9365,31.1377],[119.937,31.14],[119.9365,31.1442],[119.9335,31.1488],[119.9266,31.154],[119.9204,31.16],[119.9166,31.1659],[119.917,31.1721],[119.9162,31.1738],[119.9111,31.1712],[119.9011,31.1709],[119.8984,31.1716],[119.8922,31.1696],[119.891,31.1682],[119.8847,31.1652],[119.8819,31.1656],[119.8788,31.1632],[119.8761,31.1647],[119.8729,31.1637],[119.8646,31.1652],[119.863,31.1709],[119.8618,31.1714],[119.857,31.1688],[119.856,31.1705],[119.8523,31.1725],[119.8502,31.1718],[119.8495,31.1696],[119.8458,31.1691],[119.8433,31.1701],[119.8408,31.1698],[119.8364,31.1713],[119.8364,31.1732],[119.8338,31.1759],[119.8318,31.175],[119.8255,31.1742],[119.8236,31.1769],[119.8214,31.1758],[119.8224,31.1741],[119.8217,31.1715],[119.8152,31.1717],[119.8133,31.169],[119.8106,31.168],[119.8126,31.1658],[119.8183,31.1638],[119.8181,31.1676],[119.8208,31.1669],[119.8205,31.1649],[119.8266,31.1643],[119.8226,31.1581],[119.8128,31.155],[119.8092,31.1517],[119.8081,31.153],[119.8029,31.1502],[119.8005,31.1532],[119.7976,31.1583],[119.7936,31.1603],[119.7888,31.1589],[119.7877,31.1569],[119.7835,31.1565],[119.7854,31.1612],[119.7844,31.1632],[119.7856,31.1653],[119.789,31.1685],[119.7879,31.1715],[119.7831,31.1763],[119.783,31.1787],[119.7797,31.1786],[119.7772,31.18],[119.7755,31.1824],[119.7709,31.1801],[119.7658,31.1784],[119.7606,31.1826],[119.7591,31.1805],[119.7591,31.1756],[119.755,31.1735],[119.7515,31.1754],[119.7474,31.1739],[119.7461,31.1713],[119.7388,31.1707],[119.7377,31.1744],[119.7333,31.1748],[119.7315,31.1729],[119.7255,31.1718],[119.7243,31.1735],[119.7181,31.1718],[119.7167,31.1737],[119.7099,31.1723],[119.708,31.1679],[119.7088,31.1658],[119.7057,31.1619],[119.7064,31.1598],[119.703,31.159],[119.7024,31.1573],[119.6987,31.155],[119.6982,31.1534],[119.6917,31.1578],[119.6891,31.1585],[119.6861,31.1607],[119.6828,31.1605],[119.6768,31.1627],[119.6771,31.1662],[119.6685,31.1657],[119.6629,31.1661],[119.661,31.1642],[119.6586,31.1639],[119.6536,31.1583],[119.6522,31.1552],[119.6491,31.1565],[119.6456,31.1562],[119.6457,31.1542],[119.6426,31.1536],[119.6397,31.1506],[119.6365,31.1502],[119.6362,31.1468],[119.6378,31.145],[119.637,31.1429],[119.6388,31.1414],[119.6334,31.1364],[119.6383,31.1364],[119.6391,31.1384],[119.6432,31.1412],[119.6438,31.1438],[119.647,31.1436],[119.6462,31.1394],[119.6486,31.1363],[119.648,31.1337],[119.6457,31.1326],[119.6438,31.1344],[119.6408,31.1335],[119.6396,31.1362],[119.6369,31.1359],[119.6345,31.1342],[119.6326,31.1355],[119.6291,31.1352],[119.6263,31.1322],[119.6263,31.1293],[119.6238,31.1291],[119.6206,31.1307],[119.6178,31.1306],[119.6174,31.1266],[119.6154,31.1251],[119.6157,31.1226],[119.6197,31.122],[119.6196,31.1162],[119.6208,31.1139],[119.6243,31.1145],[119.6262,31.1135],[119.6323,31.1175],[119.6354,31.1155],[119.6347,31.1096],[119.6404,31.1094],[119.6453,31.1052],[119.6425,31.1022],[119.6357,31.1061],[119.6353,31.1032],[119.6293,31.098],[119.6292,31.0941],[119.6223,31.0863],[119.6207,31.0829],[119.6224,31.0811],[119.6222,31.0779],[119.6254,31.076],[119.6229,31.0708],[119.6282,31.0672],[119.6271,31.0643],[119.624,31.0624],[119.6245,31.0606],[119.6223,31.0592],[119.6251,31.0547],[119.6249,31.052],[119.6277,31.0494],[119.6283,31.0458],[119.6229,31.041],[119.6246,31.0389],[119.6235,31.0361],[119.6237,31.0322],[119.6289,31.0299],[119.6315,31.0311],[119.6329,31.0287],[119.6309,31.0266],[119.6261,31.0233],[119.6273,31.0214],[119.6256,31.0169],[119.6273,31.012],[119.6258,31.0097],[119.6224,31.0095],[119.6216,31.0083],[119.6134,31.005],[119.6108,31.0014],[119.6063,30.994],[119.6021,30.9937],[119.5977,30.9901],[119.5924,30.9876],[119.5926,30.9853],[119.5907,30.9826],[119.5919,30.9776],[119.5897,30.9727],[119.5864,30.97],[119.5848,30.9697],[119.583,30.9666],[119.575,30.9657],[119.5743,30.9625],[119.5773,30.9592],[119.5821,30.9561],[119.5872,30.9539],[119.587,30.9491],[119.5776,30.947],[119.5748,30.942],[119.576,30.9356],[119.5806,30.9352],[119.5792,30.9322],[119.5734,30.9305],[119.5679,30.9233],[119.5632,30.9199],[119.5596,30.9143],[119.5591,30.9097],[119.557,30.9095],[119.5517,30.9075],[119.5482,30.9028],[119.5484,30.9012],[119.5513,30.8967],[119.5529,30.8932],[119.5551,30.8915],[119.5529,30.8874],[119.5543,30.8839],[119.5509,30.8842],[119.5525,30.8778],[119.5545,30.8756],[119.5556,30.8721],[119.5537,30.8719],[119.5554,30.8687],[119.5551,30.866],[119.5565,30.8624],[119.5607,30.8616],[119.5644,30.8626],[119.569,30.8622],[119.5705,30.8553],[119.5691,30.8471],[119.5676,30.8455],[119.5715,30.8417],[119.5711,30.8392],[119.5742,30.8371],[119.5733,30.8349],[119.5737,30.8314],[119.5699,30.8291],[119.5677,30.8311],[119.5632,30.8301],[119.56,30.8317],[119.5579,30.8311],[119.5566,30.8292],[119.5505,30.8283],[119.5466,30.824],[119.5485,30.8232],[119.547,30.8208],[119.5414,30.8155],[119.5401,30.8123],[119.5401,30.8092],[119.537,30.8051],[119.5364,30.8027],[119.5323,30.7991],[119.5298,30.7998],[119.5294,30.7961],[119.5257,30.7925],[119.526,30.7893],[119.5239,30.7877],[119.5249,30.7842],[119.5245,30.7811],[119.522,30.7784],[119.5144,30.7764],[119.5094,30.776],[119.5055,30.7739],[119.4993,30.7728],[119.4926,30.7756],[119.4916,30.7773],[119.4869,30.78],[119.4829,30.7782],[119.4776,30.7775],[119.4749,30.7738],[119.4776,30.7675],[119.4761,30.7668],[119.4769,30.763],[119.4745,30.7567],[119.475,30.7542],[119.4795,30.7513],[119.4817,30.749],[119.4786,30.7444],[119.4748,30.7379],[119.4754,30.7348],[119.4768,30.7343],[119.4805,30.7277],[119.4825,30.7281],[119.4842,30.7259],[119.4833,30.723],[119.4848,30.7213],[119.4804,30.7163],[119.4814,30.7136],[119.4805,30.7104],[119.4803,30.7035],[119.4771,30.7035],[119.4741,30.7008],[119.471,30.6999],[119.469,30.7008],[119.4643,30.6978],[119.4649,30.6928],[119.4637,30.6909],[119.4605,30.6898],[119.4579,30.6831],[119.4592,30.6816],[119.4556,30.6792],[119.4475,30.6758],[119.446,30.6737],[119.4426,30.6729],[119.441,30.669],[119.4397,30.6685],[119.4411,30.6631],[119.4394,30.66],[119.4397,30.6545],[119.441,30.6531],[119.4396,30.6512],[119.4373,30.6516],[119.4334,30.6508],[119.4323,30.6491],[119.4289,30.6493],[119.4281,30.6475],[119.4223,30.6464],[119.4193,30.645],[119.4176,30.6462],[119.4141,30.6444],[119.4106,30.6446],[119.4092,30.6456],[119.4057,30.6459],[119.4055,30.6496],[119.4025,30.6505],[119.4007,30.655],[119.397,30.6551],[119.3964,30.6593],[119.3949,30.6636],[119.3954,30.6677],[119.3942,30.6695],[119.3938,30.6745],[119.3894,30.6818],[119.3897,30.6872],[119.386,30.691],[119.382,30.6888],[119.3817,30.6865],[119.3793,30.6857],[119.3783,30.6833],[119.3761,30.6818],[119.367,30.6836],[119.3625,30.677],[119.3573,30.6765],[119.3549,30.6725],[119.3521,30.6695],[119.3494,30.6707],[119.3433,30.6692],[119.3423,30.668],[119.3381,30.6664],[119.3349,30.6677],[119.3343,30.665],[119.3351,30.6608],[119.3342,30.6589],[119.332,30.6584],[119.3283,30.6554],[119.3286,30.6508],[119.3268,30.6469],[119.3251,30.6465],[119.3204,30.6422],[119.3206,30.6352],[119.3159,30.6289],[119.3099,30.6269],[119.3073,30.623],[119.3043,30.6233],[119.299,30.621],[119.2951,30.6212],[119.2898,30.6245],[119.288,30.6221],[119.2885,30.6196],[119.2838,30.6178],[119.2828,30.6165],[119.2759,30.6191],[119.2735,30.6208],[119.2666,30.6188],[119.2604,30.6176],[119.2592,30.6188],[119.2525,30.6164],[119.2494,30.6173],[119.2472,30.6197],[119.2467,30.6221],[119.2431,30.6224],[119.2397,30.6189],[119.2393,30.6168],[119.236,30.6135],[119.2341,30.6085],[119.236,30.6067],[119.2386,30.6074],[119.2392,30.6038],[119.2423,30.6021],[119.2455,30.5985],[119.2492,30.5992],[119.2514,30.5974],[119.2523,30.5951],[119.249,30.5929],[119.2516,30.5908],[119.2553,30.5902],[119.2575,30.5868],[119.2614,30.583],[119.26,30.5802],[119.2606,30.5776],[119.2595,30.5749],[119.2546,30.5742],[119.2545,30.5704],[119.2487,30.5691],[119.2432,30.5658],[119.2413,30.5626],[119.2433,30.5597],[119.2368,30.5514],[119.2335,30.5505],[119.2324,30.5487],[119.2337,30.5453],[119.2363,30.5438],[119.2357,30.5406],[119.2371,30.5383],[119.2368,30.5359],[119.2393,30.5324],[119.2423,30.5317],[119.2415,30.5282],[119.2451,30.528],[119.2465,30.5316],[119.2492,30.5321],[119.252,30.5308],[119.2513,30.5267],[119.2531,30.5254],[119.2545,30.5286],[119.2571,30.5294],[119.2578,30.526],[119.2557,30.5214],[119.2579,30.5204],[119.2592,30.5182],[119.2659,30.5138],[119.2672,30.5117],[119.2716,30.5128],[119.2726,30.5121],[119.2806,30.5133],[119.2841,30.5148],[119.2854,30.5167],[119.291,30.5198],[119.2926,30.5218],[119.2954,30.5216],[119.298,30.5231],[119.2996,30.5262],[119.3018,30.5268],[119.3043,30.5302],[119.3072,30.5328],[119.313,30.5351],[119.3152,30.5338],[119.3223,30.5355],[119.3252,30.5338],[119.3231,30.5289],[119.3233,30.5258],[119.3259,30.521],[119.3266,30.5179],[119.3286,30.5175],[119.3286,30.5151],[119.3315,30.5131],[119.3323,30.5067],[119.3315,30.5047],[119.3277,30.5014],[119.3285,30.4977],[119.3277,30.4937],[119.3249,30.4915],[119.3257,30.4885],[119.3236,30.4862],[119.3278,30.4808],[119.3292,30.4804],[119.3298,30.4759],[119.3317,30.4729],[119.329,30.4688],[119.3304,30.4659],[119.3327,30.4633],[119.3321,30.4576],[119.3332,30.4555],[119.3294,30.4501],[119.3323,30.4482],[119.3382,30.4464],[119.34,30.4434],[119.3423,30.4415],[119.3457,30.4403],[119.3445,30.4338],[119.3474,30.431],[119.3478,30.4273],[119.3461,30.4253],[119.3477,30.4221],[119.3523,30.4197],[119.3567,30.4202],[119.3551,30.4155],[119.3513,30.4094],[119.3543,30.4058],[119.3583,30.4047],[119.3574,30.4019],[119.3593,30.3993],[119.3621,30.3992],[119.3628,30.3919],[119.3622,30.3883],[119.3688,30.386],[119.3738,30.3862],[119.3758,30.3875],[119.3796,30.3875],[119.3812,30.3861],[119.3884,30.3868],[119.3988,30.3839],[119.3978,30.3807],[119.3987,30.377],[119.4095,30.3761],[119.4145,30.3789],[119.4152,30.3807],[119.421,30.3861],[119.4228,30.3865],[119.4278,30.3862],[119.4298,30.3898],[119.4303,30.3925],[119.4328,30.3936],[119.4391,30.3931],[119.4414,30.3943],[119.4404,30.4005],[119.4427,30.4028],[119.4454,30.4068],[119.4448,30.4095],[119.443,30.4126],[119.4461,30.4127],[119.4482,30.4153],[119.4557,30.4141],[119.4602,30.4128],[119.468,30.4092],[119.4705,30.4093],[119.4725,30.411],[119.4789,30.4111],[119.4889,30.4105],[119.4935,30.4109],[119.4951,30.409],[119.4999,30.4086],[119.5039,30.4057],[119.5083,30.4044],[119.5106,30.4027],[119.5179,30.4077],[119.5203,30.4073],[119.5247,30.4104],[119.528,30.4113],[119.5325,30.4139],[119.5349,30.4181],[119.5333,30.4211],[119.5309,30.4225],[119.5321,30.427],[119.538,30.4305],[119.5423,30.432],[119.5418,30.4378],[119.5451,30.4381],[119.5475,30.4399],[119.5491,30.4434],[119.552,30.4423],[119.5537,30.4403],[119.5566,30.4407],[119.5569,30.4455],[119.5608,30.4473],[119.5643,30.446],[119.5656,30.4431],[119.5679,30.4417],[119.5675,30.4376],[119.5695,30.4332],[119.5717,30.4326],[119.5799,30.4262],[119.5821,30.4256],[119.5867,30.4277],[119.5899,30.4239],[119.5935,30.425],[119.5985,30.4244],[119.6022,30.4278],[119.605,30.4292],[119.6073,30.4277],[119.6119,30.4295],[119.6145,30.4293],[119.6176,30.432],[119.6233,30.4346],[119.626,30.4386],[119.6298,30.4412],[119.6291,30.4424],[119.6347,30.4445],[119.6394,30.441],[119.6409,30.4435],[119.6441,30.445],[119.6457,30.443],[119.6434,30.4406],[119.6437,30.439],[119.6416,30.4358],[119.6374,30.4336],[119.6366,30.4316],[119.6283,30.4295],[119.6272,30.4257],[119.6288,30.4214],[119.6317,30.4177],[119.6308,30.4164],[119.6326,30.4129],[119.6318,30.4116],[119.6272,30.4121],[119.6265,30.4093],[119.6326,30.4062],[119.6318,30.4027],[119.6288,30.4015],[119.6285,30.3973],[119.6309,30.3966],[119.6337,30.3944],[119.639,30.3967],[119.6422,30.3965],[119.6452,30.4005],[119.6503,30.404],[119.6485,30.4057],[119.6503,30.4078],[119.6546,30.407],[119.6631,30.402],[119.6633,30.4046],[119.6612,30.4068],[119.6644,30.4091],[119.6689,30.4052],[119.672,30.4062],[119.6748,30.4098],[119.6774,30.4109],[119.6819,30.42],[119.6877,30.4234],[119.6893,30.4281],[119.6923,30.4285],[119.6946,30.43],[119.6986,30.4301],[119.7016,30.4317],[119.7012,30.4361],[119.7003,30.4382],[119.6999,30.4451],[119.6983,30.4457],[119.6987,30.4491],[119.6938,30.4493],[119.6942,30.451],[119.6913,30.4529],[119.6887,30.4523],[119.6879,30.454],[119.6919,30.4591],[119.6913,30.463],[119.6971,30.4671],[119.6974,30.4695],[119.6995,30.4713],[119.6988,30.4763],[119.7001,30.4793],[119.7039,30.4824],[119.7033,30.4838],[119.7043,30.4885],[119.7058,30.4914],[119.7005,30.4964],[119.7038,30.4991],[119.7045,30.504],[119.7056,30.505],[119.7042,30.5082],[119.7054,30.5102],[119.7029,30.5148],[119.7043,30.5212],[119.7021,30.5219],[119.7031,30.5246],[119.7023,30.528],[119.6992,30.5296],[119.6972,30.5342],[119.6937,30.5392],[119.6942,30.5413],[119.6925,30.543],[119.6932,30.5446],[119.6919,30.5489],[119.6903,30.5504],[119.6905,30.553],[119.6882,30.5546],[119.6879,30.5599],[119.6898,30.5616],[119.6948,30.5617],[119.6973,30.5608],[119.706,30.561],[119.7093,30.5629],[119.7156,30.5649],[119.7196,30.5613],[119.7163,30.5584],[119.72,30.5546],[119.7249,30.5554],[119.7282,30.5547],[119.7355,30.552],[119.7394,30.5535],[119.7451,30.5541],[119.7489,30.5535],[119.7519,30.5542],[119.7533,30.5568],[119.7573,30.5563],[119.7611,30.5566],[119.7638,30.558],[119.7663,30.5554],[119.7676,30.5489],[119.767,30.5469],[119.7626,30.5424],[119.7636,30.5407],[119.7629,30.5364],[119.7674,30.53],[119.767,30.5277],[119.7645,30.5246],[119.7585,30.5227],[119.7566,30.5201],[119.7576,30.5184],[119.7632,30.5166],[119.7667,30.5164],[119.7677,30.5154],[119.7785,30.5133],[119.7808,30.5124],[119.7822,30.5096],[119.786,30.507],[119.7879,30.5087],[119.7927,30.5072],[119.7974,30.5078],[119.8001,30.5074],[119.8037,30.5104],[119.8075,30.509],[119.808,30.5103],[119.8121,30.5133],[119.816,30.5129],[119.8183,30.5106],[119.8206,30.5102],[119.8262,30.5056],[119.8259,30.5021],[119.8304,30.4977],[119.8326,30.4995],[119.8353,30.4984],[119.8412,30.4985],[119.8462,30.5001],[119.8479,30.4996],[119.8519,30.4956],[119.8528,30.4923],[119.8569,30.4897],[119.8618,30.4855],[119.8598,30.4812],[119.8651,30.4785],[119.8706,30.4801],[119.874,30.4782],[119.873,30.4757],[119.8695,30.4727],[119.8702,30.4682],[119.8685,30.4665],[119.8696,30.463],[119.8722,30.4617],[119.8787,30.4622],[119.8931,30.4596],[119.8964,30.4602],[119.8974,30.4617],[119.9,30.4616],[119.9045,30.4587],[119.9069,30.4582],[119.9092,30.4605],[119.915,30.4635],[119.9174,30.462],[119.9196,30.4571],[119.9267,30.4554],[119.9293,30.4534],[119.9301,30.4496],[119.9322,30.4477],[119.9365,30.4469],[119.9384,30.4481],[119.9415,30.4521],[119.9439,30.4533],[119.9449,30.4504],[119.9491,30.449],[119.9472,30.4449],[119.9488,30.4434],[119.9488,30.4378],[119.9504,30.4367],[119.9531,30.4373],[119.9562,30.4346],[119.9585,30.4346],[119.9595,30.4319],[119.9639,30.4343],[119.9679,30.4349],[119.9682,30.4391],[119.9718,30.4428],[119.9744,30.4431],[119.9783,30.4455],[119.9792,30.4477],[119.9827,30.4483],[119.9889,30.447],[119.9966,30.448],[120.0043,30.442],[120.0046,30.4403],[120.0096,30.4385],[120.0186,30.4381],[120.0212,30.4408],[120.025,30.4409],[120.0256,30.4393],[120.0353,30.4366],[120.0341,30.4315],[120.0307,30.4308],[120.0314,30.4277],[120.0382,30.4297],[120.0454,30.4296],[120.0524,30.4314],[120.0587,30.4317],[120.0599,30.4332],[120.0573,30.4369],[120.0618,30.4407],[120.0632,30.4438],[120.0632,30.4481],[120.0604,30.4517],[120.0576,30.454],[120.0546,30.4606],[120.0553,30.4682],[120.0547,30.4726],[120.0557,30.4781],[120.0597,30.4824],[120.0609,30.4847],[120.0622,30.4946],[120.063,30.4981],[120.0647,30.4998],[120.0702,30.4971],[120.0722,30.5001],[120.0807,30.4997],[120.091,30.4995],[120.0924,30.4978],[120.0957,30.4964],[120.0931,30.495],[120.0912,30.4916],[120.0917,30.4872],[120.0956,30.4851],[120.1022,30.4856],[120.1012,30.4818],[120.1024,30.4798],[120.1102,30.4768],[120.1131,30.4806],[120.1126,30.4835],[120.1199,30.4817],[120.121,30.4804],[120.1261,30.4822],[120.1294,30.484],[120.1334,30.4827],[120.1375,30.4839],[120.1389,30.4858],[120.1416,30.4852],[120.1433,30.4828],[120.1418,30.4796],[120.1421,30.4738],[120.1451,30.4696],[120.1485,30.4708],[120.1558,30.4724],[120.1573,30.4755],[120.1617,30.4769],[120.1622,30.4757],[120.1682,30.4772],[120.1682,30.4781],[120.1747,30.4806],[120.1683,30.4865],[120.1717,30.4879],[120.1758,30.4844],[120.1785,30.4864],[120.1757,30.4873],[120.1731,30.4896],[120.1734,30.4907],[120.1689,30.4944],[120.1722,30.4963],[120.1745,30.4942],[120.1789,30.4966],[120.1813,30.4971],[120.1785,30.4999],[120.1775,30.502],[120.1813,30.5056],[120.1828,30.5052],[120.1855,30.5068],[120.1899,30.5043],[120.1951,30.5166],[120.1961,30.5164],[120.199,30.5072],[120.209,30.5103],[120.2233,30.5105],[120.2255,30.5119],[120.2235,30.5149],[120.2292,30.5146],[120.2303,30.5127],[120.2341,30.5109],[120.2341,30.5073],[120.2451,30.5075],[120.2455,30.5084],[120.25,30.5087],[120.2509,30.5069],[120.259,30.5073],[120.2619,30.5091],[120.2684,30.5088],[120.2715,30.5071],[120.2743,30.5067],[120.2748,30.51],[120.2775,30.5103],[120.2814,30.5096],[120.2825,30.5143],[120.2847,30.5161],[120.287,30.5145],[120.2908,30.5174],[120.2917,30.5189],[120.2946,30.5196],[120.2952,30.522]]]},"properties":{"region_code":"CN-33-3305","parent_region_code":"CN-33","name":"湖州市","level":"prefecture","has_children":true,"full_path":"中国 / 浙江省 / 湖州市","source_admin_code":"3305","osm_relation_id":3149738}},
{"type":"Feature","geometry":{"type":"Polygon","coordinates":[[[119.9678,29.6778],[119.9672,29.6751],[119.9723,29.6731],[119.9766,29.6692],[119.9807,29.6672],[119.9846,29.6641],[119.9855,29.6622],[119.9853,29.6585],[119.9887,29.6574],[119.9954,29.6585],[119.9994,29.6581],[120.005,29.6544],[120.0073,29.6523],[120.017,29.6506],[120.0208,29.6549],[120.0233,29.6551],[120.0253,29.657],[120.0248,29.6587],[120.0265,29.6659],[120.0248,29.6704],[120.028,29.6693],[120.0279,29.6679],[120.0321,29.6644],[120.0321,29.6624],[120.0344,29.6611],[120.0353,29.6582],[120.0334,29.6567],[120.03,29.6565],[120.0285,29.6536],[120.0245,29.6515],[120.02,29.6511],[120.0191,29.6484],[120.0223,29.647],[120.023,29.6453],[120.0263,29.6431],[120.0262,29.6413],[120.0284,29.639],[120.0335,29.6376],[120.0395,29.6343],[120.0407,29.6294],[120.0395,29.6261],[120.0373,29.6228],[120.0346,29.623],[120.0308,29.6218],[120.0296,29.6197],[120.0254,29.6201],[120.0239,29.6227],[120.0175,29.6218],[120.0127,29.6202],[120.0125,29.6153],[120.0116,29.6102],[120.0081,29.6093],[120.0059,29.6056],[120.0049,29.6005],[120.0017,29.597],[120.0009,29.5938],[120.0024,29.5925],[120.0041,29.5876],[120.0025,29.5854],[120.0028,29.5822],[120.0009,29.577],[120.0062,29.5751],[120.0094,29.5748],[120.0114,29.5726],[120.0145,29.5728],[120.0183,29.5712],[120.0207,29.5719],[120.0225,29.57],[120.0261,29.5682],[120.0292,29.5693],[120.0338,29.5722],[120.0375,29.5736],[120.0385,29.573],[120.0383,29.5686],[120.0426,29.5633],[120.0452,29.5623],[120.0484,29.5623],[120.0505,29.5607],[120.0478,29.5561],[120.0479,29.5539],[120.0466,29.5516],[120.0505,29.55],[120.0523,29.5485],[120.0511,29.5468],[120.0621,29.5436],[120.0681,29.5398],[120.0693,29.5374],[120.0738,29.5402],[120.0795,29.5387],[120.0837,29.539],[120.0857,29.5364],[120.088,29.5354],[120.0837,29.5306],[120.0835,29.5263],[120.0815,29.5247],[120.0826,29.5185],[120.0822,29.5169],[120.0756,29.5171],[120.0741,29.5188],[120.0689,29.5163],[120.0682,29.5148],[120.0722,29.5123],[120.0733,29.5094],[120.0771,29.5048],[120.0805,29.505],[120.0825,29.5033],[120.0877,29.5017],[120.0915,29.5075],[120.0948,29.5096],[120.0976,29.5085],[120.1002,29.5092],[120.1026,29.505],[120.1047,29.5042],[120.1034,29.5011],[120.1059,29.4986],[120.1024,29.4952],[120.1005,29.4918],[120.1042,29.4907],[120.1115,29.4913],[120.1113,29.4938],[120.1152,29.4924],[120.1168,29.495],[120.1204,29.4977],[120.1249,29.4964],[120.1259,29.4981],[120.1255,29.5012],[120.1266,29.5041],[120.1293,29.5054],[120.1331,29.5057],[120.1334,29.5096],[120.1356,29.5119],[120.1447,29.5101],[120.1449,29.5109],[120.1497,29.5152],[120.1511,29.5193],[120.1534,29.5195],[120.1579,29.5168],[120.1609,29.5165],[120.1636,29.5209],[120.1674,29.5217],[120.1693,29.5236],[120.1692,29.5258],[120.1719,29.5264],[120.1741,29.5283],[120.1761,29.5282],[120.177,29.5301],[120.1755,29.5328],[120.1754,29.5353],[120.179,29.5419],[120.1825,29.5462],[120.1828,29.5485],[120.1815,29.5505],[120.1822,29.5535],[120.1837,29.5539],[120.1857,29.5565],[120.1907,29.5584],[120.1911,29.5556],[120.1945,29.554],[120.2031,29.5543],[120.2091,29.5526],[120.2075,29.5505],[120.2073,29.5476],[120.2086,29.5453],[120.2046,29.5398],[120.2061,29.5347],[120.2043,29.5341],[120.2032,29.5309],[120.2043,29.5283],[120.204,29.5252],[120.2099,29.5253],[120.2118,29.5261],[120.2154,29.5257],[120.2181,29.5242],[120.2179,29.518],[120.2288,29.5147],[120.2311,29.5131],[120.2344,29.5146],[120.2356,29.5138],[120.2398,29.514],[120.2411,29.51],[120.2441,29.5075],[120.244,29.5037],[120.2419,29.5023],[120.2461,29.4984],[120.247,29.4961],[120.2498,29.4993],[120.2606,29.4979],[120.2595,29.5005],[120.2641,29.5007],[120.2664,29.4979],[120.2693,29.4972],[120.2699,29.4996],[120.2753,29.4977],[120.2751,29.4951],[120.2779,29.4936],[120.2763,29.4896],[120.282,29.4874],[120.2806,29.4859],[120.2778,29.4853],[120.2743,29.4862],[120.2708,29.4829],[120.266,29.4832],[120.2626,29.4817],[120.2626,29.4796],[120.2592,29.4769],[120.2581,29.4744],[120.2577,29.4675],[120.2595,29.4648],[120.2578,29.4609],[120.2617,29.4614],[120.2658,29.4598],[120.269,29.4558],[120.2682,29.4529],[120.2716,29.4525],[120.2719,29.4503],[120.2735,29.4489],[120.2733,29.4458],[120.2774,29.4429],[120.2772,29.4387],[120.2748,29.4369],[120.2741,29.4314],[120.2751,29.4299],[120.2744,29.4235],[120.275,29.4168],[120.272,29.4158],[120.271,29.4135],[120.2675,29.4118],[120.2649,29.406],[120.2618,29.4038],[120.2573,29.4019],[120.2559,29.3955],[120.2565,29.3925],[120.2615,29.3853],[120.2604,29.3808],[120.2633,29.3778],[120.2669,29.3775],[120.2668,29.3721],[120.2731,29.3677],[120.2735,29.3652],[120.2784,29.3656],[120.2835,29.3624],[120.2851,29.3578],[120.2888,29.3588],[120.2899,29.3573],[120.2935,29.3589],[120.2936,29.361],[120.2914,29.3629],[120.2946,29.3651],[120.2962,29.3642],[120.2979,29.3669],[120.3036,29.3671],[120.304,29.3698],[120.3061,29.3717],[120.3068,29.3765],[120.3091,29.3801],[120.3109,29.3815],[120.3147,29.3826],[120.3158,29.3818],[120.3196,29.3839],[120.3209,29.3832],[120.3247,29.3932],[120.3281,29.3962],[120.3276,29.3983],[120.3289,29.4058],[120.333,29.4081],[120.3319,29.412],[120.3357,29.4139],[120.3381,29.4131],[120.3453,29.4138],[120.351,29.416],[120.353,29.4182],[120.356,29.4174],[120.3582,29.4181],[120.3617,29.4162],[120.3672,29.422],[120.3659,29.4296],[120.3637,29.4323],[120.3593,29.4356],[120.3599,29.4406],[120.3652,29.4444],[120.3637,29.4461],[120.3639,29.4482],[120.3671,29.4473],[120.3678,29.4496],[120.3708,29.4505],[120.3751,29.4487],[120.3766,29.4501],[120.3753,29.455],[120.3806,29.4587],[120.3849,29.4582],[120.3902,29.4569],[120.3931,29.4579],[120.396,29.4551],[120.3985,29.4544],[120.4037,29.454],[120.4074,29.4525],[120.41,29.4586],[120.4139,29.4633],[120.4157,29.4691],[120.4174,29.47],[120.4206,29.4755],[120.4225,29.4772],[120.4223,29.4805],[120.4285,29.4819],[120.4346,29.4807],[120.4373,29.482],[120.4448,29.4848],[120.4481,29.4847],[120.4506,29.4857],[120.4521,29.4848],[120.455,29.486],[120.4581,29.4887],[120.4589,29.4916],[120.4643,29.4926],[120.4659,29.4945],[120.4655,29.4967],[120.4694,29.4961],[120.474,29.4925],[120.4767,29.4915],[120.4773,29.488],[120.4789,29.487],[120.4823,29.4892],[120.4852,29.4889],[120.4843,29.4854],[120.4893,29.4832],[120.4897,29.4814],[120.4924,29.4778],[120.4938,29.4747],[120.4916,29.4686],[120.496,29.4698],[120.5002,29.4724],[120.5019,29.471],[120.5068,29.4719],[120.5099,29.4713],[120.5114,29.4684],[120.5137,29.4674],[120.519,29.4586],[120.515,29.456],[120.5145,29.4545],[120.5109,29.4544],[120.5096,29.452],[120.5106,29.4488],[120.5083,29.4463],[120.511,29.4442],[120.508,29.4435],[120.5072,29.4372],[120.5088,29.431],[120.5074,29.4274],[120.5088,29.4255],[120.5135,29.4271],[120.5134,29.4238],[120.5086,29.4206],[120.5123,29.415],[120.512,29.4092],[120.5127,29.407],[120.5163,29.4064],[120.5205,29.4033],[120.5261,29.4027],[120.5277,29.3998],[120.5314,29.3974],[120.5316,29.3958],[120.5351,29.395],[120.5341,29.3921],[120.542,29.3926],[120.543,29.3945],[120.5452,29.3948],[120.5483,29.3929],[120.5497,29.3903],[120.5492,29.3877],[120.5532,29.3872],[120.5557,29.3859],[120.5555,29.3824],[120.5544,29.3789],[120.5528,29.3772],[120.5501,29.3767],[120.5491,29.3753],[120.5493,29.3714],[120.5515,29.3707],[120.5553,29.3661],[120.5598,29.367],[120.5605,29.3686],[120.5641,29.3695],[120.5682,29.3687],[120.5684,29.3658],[120.5699,29.3633],[120.5742,29.3621],[120.5748,29.3605],[120.5717,29.3554],[120.5694,29.3546],[120.5667,29.3501],[120.5675,29.3485],[120.5658,29.3468],[120.5698,29.3441],[120.5688,29.3421],[120.5732,29.3415],[120.5748,29.3429],[120.5753,29.3456],[120.5778,29.3492],[120.5827,29.3515],[120.5843,29.3504],[120.5898,29.3499],[120.5914,29.3479],[120.5909,29.3452],[120.5937,29.3432],[120.5931,29.3397],[120.5964,29.3379],[120.5982,29.336],[120.6035,29.3366],[120.6075,29.339],[120.6085,29.3404],[120.6126,29.3387],[120.6169,29.3402],[120.6178,29.3389],[120.6227,29.3366],[120.6275,29.3353],[120.6292,29.3313],[120.6268,29.3302],[120.6269,29.3276],[120.6282,29.3256],[120.635,29.3253],[120.6339,29.3279],[120.6353,29.3306],[120.639,29.3329],[120.641,29.3304],[120.6435,29.3341],[120.6462,29.3347],[120.6468,29.3376],[120.6493,29.339],[120.6527,29.3369],[120.6513,29.3346],[120.6535,29.3337],[120.6553,29.3315],[120.655,29.3289],[120.6583,29.3284],[120.661,29.3306],[120.6659,29.3291],[120.6707,29.3318],[120.6739,29.3384],[120.677,29.3393],[120.6789,29.3412],[120.6815,29.3419],[120.6839,29.3447],[120.6864,29.3439],[120.6935,29.3438],[120.6967,29.3431],[120.6967,29.3472],[120.6935,29.3457],[120.6915,29.3478],[120.6948,29.3483],[120.697,29.347],[120.6972,29.3455],[120.6994,29.3427],[120.7017,29.341],[120.7026,29.3385],[120.7011,29.3357],[120.7002,29.3319],[120.6979,29.3268],[120.6962,29.3279],[120.6947,29.3233],[120.6989,29.3205],[120.7007,29.3186],[120.7025,29.3148],[120.705,29.3136],[120.7051,29.3081],[120.7087,29.3054],[120.7107,29.3064],[120.7124,29.3093],[120.7152,29.3079],[120.7168,29.3108],[120.7215,29.3137],[120.722,29.3163],[120.7292,29.3163],[120.733,29.3154],[120.7325,29.3119],[120.7358,29.3137],[120.7393,29.3121],[120.7433,29.3158],[120.7473,29.317],[120.7476,29.3213],[120.7535,29.3171],[120.7566,29.3175],[120.7576,29.3157],[120.7604,29.3156],[120.7639,29.3135],[120.7665,29.3103],[120.7686,29.3097],[120.7689,29.3068],[120.7713,29.306],[120.7707,29.3039],[120.7719,29.3023],[120.77,29.2995],[120.7672,29.2977],[120.7701,29.2945],[120.7686,29.2931],[120.7659,29.294],[120.7641,29.2983],[120.7604,29.2979],[120.7583,29.2964],[120.7579,29.294],[120.7558,29.2908],[120.7592,29.2911],[120.7556,29.2845],[120.756,29.2822],[120.7623,29.282],[120.7664,29.2805],[120.7697,29.2808],[120.7714,29.2819],[120.7743,29.2816],[120.7746,29.2783],[120.7709,29.2743],[120.7725,29.2716],[120.7688,29.2684],[120.7678,29.2658],[120.7672,29.2616],[120.7702,29.2603],[120.7723,29.2553],[120.7724,29.2523],[120.7704,29.2502],[120.774,29.2473],[120.774,29.2429],[120.7723,29.2419],[120.7723,29.2391],[120.77,29.2374],[120.7706,29.2324],[120.7702,29.2277],[120.7729,29.2277],[120.7754,29.2265],[120.7775,29.227],[120.7813,29.229],[120.7865,29.2287],[120.7896,29.2314],[120.7927,29.2329],[120.7931,29.2342],[120.7969,29.2357],[120.8029,29.2392],[120.8054,29.2396],[120.8068,29.2363],[120.8111,29.237],[120.814,29.2329],[120.8183,29.2341],[120.8197,29.2326],[120.8232,29.2338],[120.8275,29.2362],[120.8317,29.2397],[120.8357,29.2401],[120.839,29.2445],[120.8407,29.2448],[120.8421,29.2496],[120.8448,29.2504],[120.849,29.2559],[120.8522,29.2572],[120.8552,29.2567],[120.8571,29.2575],[120.8628,29.2494],[120.8622,29.2467],[120.8701,29.2448],[120.8716,29.2464],[120.8744,29.2457],[120.8778,29.2429],[120.8792,29.2406],[120.8848,29.2431],[120.8871,29.243],[120.8884,29.2463],[120.8914,29.2505],[120.8899,29.2527],[120.8917,29.2539],[120.8885,29.2571],[120.8929,29.2574],[120.8901,29.2598],[120.8877,29.2604],[120.8856,29.2635],[120.8859,29.2646],[120.8833,29.2678],[120.8867,29.2717],[120.8872,29.2734],[120.8899,29.2744],[120.8934,29.2744],[120.8989,29.2773],[120.8991,29.2827],[120.8972,29.287],[120.9,29.2893],[120.9003,29.2941],[120.9016,29.298],[120.9049,29.3003],[120.9076,29.3039],[120.9091,29.3007],[120.9116,29.3013],[120.9129,29.3033],[120.9149,29.3032],[120.9182,29.3015],[120.9201,29.302],[120.9225,29.2995],[120.9214,29.2966],[120.9216,29.2939],[120.9292,29.2927],[120.9312,29.2948],[120.9366,29.2948],[120.9402,29.2926],[120.9419,29.2879],[120.9456,29.2874],[120.9461,29.2954],[120.9504,29.2944],[120.9522,29.2955],[120.9519,29.2981],[120.9556,29.3009],[120.9566,29.3041],[120.9615,29.3011],[120.9628,29.3018],[120.9624,29.3054],[120.967,29.3066],[120.9695,29.3122],[120.9678,29.3146],[120.9711,29.3204],[120.9739,29.3198],[120.9756,29.3208],[120.9793,29.3208],[120.9816,29.3172],[120.9796,29.3158],[120.9777,29.3127],[120.9791,29.311],[120.9828,29.3097],[120.9879,29.3111],[120.9905,29.3098],[120.993,29.312],[120.9918,29.3147],[120.9941,29.3158],[120.9968,29.3157],[120.9998,29.3173],[120.9971,29.3203],[120.9967,29.3232],[120.999,29.3239],[121.004,29.3217],[121.0095,29.3229],[121.0109,29.3214],[121.0149,29.3248],[121.0218,29.3174],[121.0207,29.3149],[121.0209,29.3114],[121.0279,29.3113],[121.0336,29.3126],[121.0373,29.312],[121.0405,29.314],[121.0476,29.3203],[121.0489,29.325],[121.0531,29.3274],[121.0578,29.3249],[121.0624,29.3253],[121.0645,29.3247],[121.0679,29.3253],[121.0722,29.3241],[121.0726,29.3218],[121.0778,29.3193],[121.0793,29.3221],[121.0841,29.323],[121.0886,29.3209],[121.0916,29.3217],[121.0941,29.3181],[121.0927,29.314],[121.096,29.3132],[121.0951,29.3103],[121.0987,29.3074],[121.1025,29.3071],[121.1062,29.3058],[121.1107,29.3062],[121.1139,29.3106],[121.1144,29.315],[121.1141,29.3179],[121.1163,29.3199],[121.1171,29.3219],[121.1137,29.3262],[121.113,29.3344],[121.1139,29.3361],[121.1163,29.337],[121.1199,29.3409],[121.1305,29.3412],[121.1334,29.3388],[121.138,29.3384],[121.1391,29.3365],[121.1438,29.3335],[121.1462,29.3335],[121.1513,29.3352],[121.1548,29.3413],[121.1605,29.3469],[121.1625,29.3453],[121.1603,29.3428],[121.1591,29.3399],[121.1585,29.3344],[121.1596,29.3284],[121.1619,29.3279],[121.1666,29.3256],[121.1687,29.3253],[121.1721,29.3297],[121.1754,29.3299],[121.1768,29.3313],[121.1812,29.3291],[121.1841,29.3259],[121.1891,29.3254],[121.1924,29.3261],[121.1927,29.3288],[121.192,29.3323],[121.1905,29.3343],[121.1924,29.3374],[121.1911,29.3428],[121.1971,29.3458],[121.1972,29.3468],[121.2015,29.3516],[121.2048,29.3511],[121.2057,29.3532],[121.2088,29.3557],[121.2094,29.3573],[121.2131,29.358],[121.2155,29.3593],[121.2181,29.3585],[121.2206,29.3596],[121.2194,29.364],[121.2239,29.3692],[121.2216,29.37],[121.2221,29.3728],[121.2268,29.3746],[121.225,29.3782],[121.2226,29.3789],[121.2238,29.3825],[121.2217,29.3858],[121.2218,29.39],[121.2204,29.3911],[121.2231,29.3939],[121.2252,29.3935],[121.2264,29.3957],[121.2269,29.4001],[121.2242,29.4027],[121.2243,29.4109],[121.2256,29.4134],[121.2247,29.4155],[121.2224,29.4173],[121.2196,29.4175],[121.218,29.419],[121.2141,29.419],[121.2108,29.4199],[121.2138,29.4237],[121.2121,29.4254],[121.2106,29.4318],[121.211,29.433],[121.2051,29.4387],[121.2064,29.442],[121.2107,29.443],[121.2133,29.4418],[121.2158,29.444],[121.2174,29.4469],[121.2198,29.4475],[121.2203,29.4501],[121.2172,29.4522],[121.214,29.4512],[121.2097,29.4558],[121.2111,29.4564],[121.2099,29.4601],[121.2101,29.4656],[121.2122,29.4662],[121.2138,29.469],[121.2141,29.4725],[121.2115,29.4774],[121.2115,29.4798],[121.2149,29.4852],[121.2191,29.486],[121.2206,29.4894],[121.2233,29.4906],[121.2241,29.4923],[121.2222,29.4957],[121.2159,29.4986],[121.2129,29.499],[121.2112,29.5023],[121.2096,29.5027],[121.2105,29.5055],[121.2161,29.5051],[121.2175,29.5064],[121.2171,29.5088],[121.2222,29.5167],[121.2241,29.5181],[121.2265,29.5214],[121.2209,29.5254],[121.2211,29.5287],[121.2183,29.5317],[121.2192,29.5331],[121.2203,29.5379],[121.2154,29.5352],[121.215,29.533],[121.2127,29.5309],[121.2093,29.5316],[121.2073,29.5346],[121.2058,29.5338],[121.2004,29.5343],[121.2029,29.5362],[121.1981,29.5375],[121.1961,29.5392],[121.1939,29.5394],[121.1909,29.5412],[121.1874,29.5407],[121.1865,29.5393],[121.1832,29.5392],[121.1795,29.5419],[121.1751,29.5401],[121.1748,29.5374],[121.1711,29.5371],[121.167,29.5402],[121.1639,29.5395],[121.1594,29.5424],[121.157,29.5411],[121.1553,29.5433],[121.1489,29.5458],[121.1444,29.5441],[121.1398,29.5443],[121.1373,29.5475],[121.1385,29.55],[121.1332,29.5512],[121.131,29.5548],[121.1286,29.5573],[121.1269,29.5575],[121.126,29.5541],[121.1215,29.5528],[121.116,29.5504],[121.1091,29.5544],[121.1074,29.5571],[121.1085,29.5629],[121.1079,29.5638],[121.1092,29.5687],[121.1131,29.5713],[121.1128,29.5744],[121.1156,29.5766],[121.1151,29.5795],[121.1131,29.5821],[121.1121,29.5857],[121.1129,29.5881],[121.1105,29.589],[121.1068,29.5866],[121.1045,29.5886],[121.1025,29.5874],[121.1003,29.5886],[121.1013,29.5907],[121.1064,29.5922],[121.1058,29.5961],[121.1043,29.5967],[121.1067,29.5997],[121.1093,29.5993],[121.1101,29.6015],[121.11,29.605],[121.1144,29.605],[121.115,29.6064],[121.11,29.609],[121.1074,29.6081],[121.1059,29.61],[121.1087,29.6157],[121.1082,29.6175],[121.105,29.6196],[121.1008,29.6209],[121.1017,29.6242],[121.1038,29.6247],[121.0997,29.6295],[121.0951,29.6295],[121.0909,29.6319],[121.0903,29.6335],[121.0856,29.6332],[121.0824,29.6314],[121.079,29.6343],[121.0762,29.6342],[121.0706,29.638],[121.0695,29.6408],[121.0708,29.6438],[121.0731,29.6456],[121.0716,29.6475],[121.0716,29.6514],[121.0729,29.6533],[121.0708,29.6576],[121.0707,29.6635],[121.069,29.6654],[121.0699,29.6676],[121.0639,29.6716],[121.0627,29.6733],[121.0601,29.674],[121.0591,29.6788],[121.063,29.6804],[121.0636,29.6877],[121.0555,29.6874],[121.0571,29.6903],[121.0557,29.6919],[121.0548,29.6954],[121.0567,29.6981],[121.0562,29.7013],[121.0527,29.7026],[121.05,29.6973],[121.0465,29.6939],[121.0466,29.6901],[121.0434,29.6875],[121.0406,29.6822],[121.0378,29.682],[121.0341,29.677],[121.0375,29.6767],[121.0359,29.6732],[121.0306,29.6707],[121.0309,29.6666],[121.0285,29.663],[121.0255,29.6647],[121.0272,29.6675],[121.0257,29.6716],[121.0229,29.6743],[121.0189,29.6733],[121.0125,29.6746],[121.0116,29.6725],[121.0068,29.6716],[121.0024,29.6722],[120.9946,29.6756],[120.993,29.6748],[120.9899,29.6771],[120.9866,29.6783],[120.9883,29.6806],[120.9853,29.6842],[120.9881,29.6895],[120.9919,29.6909],[120.9929,29.6887],[120.9967,29.6854],[120.9971,29.6814],[121.0035,29.6853],[121.0105,29.6835],[121.0137,29.684],[121.0129,29.6888],[121.0163,29.6894],[121.0183,29.693],[121.0172,29.6955],[121.0141,29.6961],[121.0114,29.6984],[121.0084,29.7042],[121.0065,29.7047],[121.0056,29.7068],[121.0062,29.7092],[121.0045,29.7104],[121.0059,29.7128],[121.0101,29.7161],[121.0122,29.7158],[121.0165,29.7179],[121.0171,29.7196],[121.0215,29.7174],[121.0249,29.718],[121.0313,29.7206],[121.0309,29.7224],[121.0278,29.7239],[121.0285,29.7261],[121.0254,29.726],[121.023,29.7269],[121.0199,29.7269],[121.0149,29.7243],[121.0113,29.7261],[121.0123,29.7287],[121.0091,29.7307],[121.0075,29.7345],[121.0059,29.7365],[121.0078,29.7405],[121.0083,29.7444],[121.0101,29.7447],[121.014,29.7431],[121.0152,29.7446],[121.0204,29.7467],[121.023,29.7503],[121.0258,29.7456],[121.0293,29.7452],[121.0318,29.7482],[121.0293,29.7513],[121.0297,29.7524],[121.0264,29.7567],[121.024,29.7573],[121.0239,29.7593],[121.0266,29.7604],[121.0212,29.7635],[121.0194,29.7655],[121.0195,29.7678],[121.0265,29.7708],[121.0313,29.77],[121.0341,29.7709],[121.036,29.768],[121.0386,29.7659],[121.0412,29.768],[121.0424,29.7705],[121.0463,29.7667],[121.046,29.7646],[121.0534,29.7619],[121.0554,29.7627],[121.0552,29.7666],[121.0578,29.7684],[121.0607,29.7668],[121.0633,29.7689],[121.0623,29.7705],[121.0684,29.7741],[121.0697,29.7763],[121.0751,29.7758],[121.0776,29.7792],[121.0766,29.7813],[121.078,29.7853],[121.0777,29.7871],[121.081,29.787],[121.0886,29.7912],[121.0874,29.7962],[121.0899,29.7981],[121.0931,29.7976],[121.0931,29.8],[121.0986,29.8009],[121.0991,29.8035],[121.1033,29.8049],[121.1016,29.807],[121.1015,29.8101],[121.0988,29.8108],[121.0978,29.813],[121.0954,29.814],[121.0919,29.8134],[121.0926,29.8231],[121.0946,29.8255],[121.0997,29.8276],[121.0982,29.8312],[121.1012,29.835],[121.0984,29.8383],[121.1006,29.8426],[121.0994,29.8445],[121.0921,29.8474],[121.0887,29.8452],[121.0877,29.8462],[121.0839,29.8471],[121.0832,29.8495],[121.079,29.8525],[121.0702,29.8512],[121.0684,29.8521],[121.0643,29.8567],[121.0626,29.8607],[121.0613,29.8617],[121.0585,29.8576],[121.0532,29.8529],[121.0497,29.8543],[121.0489,29.8568],[121.0466,29.8571],[121.0468,29.8614],[121.0448,29.8639],[121.0393,29.866],[121.0379,29.8675],[121.0333,29.8668],[121.0318,29.8717],[121.0274,29.8788],[121.0286,29.8807],[121.0227,29.8823],[121.0228,29.8851],[121.021,29.887],[121.0144,29.8877],[121.0107,29.8922],[121.0145,29.894],[121.0125,29.8975],[121.0102,29.8994],[121.0101,29.9021],[121.0136,29.9024],[121.0149,29.9039],[121.0112,29.9061],[121.0143,29.9091],[121.0179,29.9075],[121.0219,29.908],[121.0274,29.9119],[121.0289,29.9142],[121.0285,29.9164],[121.0256,29.9199],[121.027,29.9213],[121.0292,29.9256],[121.0347,29.9277],[121.0351,29.9307],[121.0375,29.9347],[121.038,29.94],[121.0391,29.9456],[121.0405,29.9475],[121.0406,29.9521],[121.0435,29.9546],[121.0436,29.9577],[121.0466,29.96],[121.0484,29.9588],[121.053,29.9613],[121.0576,29.9601],[121.0595,29.958],[121.061,29.9588],[121.0618,29.9619],[121.0652,29.9657],[121.0688,29.9674],[121.0697,29.9698],[121.0735,29.9724],[121.0772,29.9722],[121.0803,29.9735],[121.0838,29.9766],[121.083,29.9793],[121.0836,29.9824],[121.0857,29.9842],[121.0858,29.9862],[121.0878,29.988],[121.0863,29.9912],[121.0825,29.9913],[121.0781,29.9946],[121.077,29.9994],[121.0741,30.001],[121.07,30.005],[121.0665,30.0067],[121.0636,30.0064],[121.0632,30.0088],[121.0601,30.0091],[121.0552,30.0072],[121.0541,30.0053],[121.0517,30.0078],[121.0454,30.0088],[121.041,30.0031],[121.0381,30.0021],[121.0354,30.0027],[121.0332,30.0016],[121.0303,30.0063],[121.0331,30.0108],[121.032,30.0118],[121.0349,30.0164],[121.0329,30.0184],[121.0288,30.0149],[121.0214,30.0147],[121.0197,30.0168],[121.0172,30.0132],[121.0141,30.0132],[121.012,30.0143],[121.012,30.0164],[121.0084,30.0163],[121.0046,30.0177],[121.0024,30.0217],[120.9992,30.0203],[120.9959,30.0237],[120.9919,30.0239],[120.9896,30.028],[120.9859,30.0302],[120.9855,30.0337],[120.9828,30.0343],[120.9826,30.0363],[120.9845,30.0386],[120.9831,30.041],[120.9831,30.0467],[120.9846,30.0479],[120.9852,30.0521],[120.988,30.0542],[120.9835,30.0555],[120.9823,30.057],[120.9872,30.0591],[120.9887,30.0612],[120.9875,30.0636],[120.9832,30.0623],[120.9808,30.0625],[120.9772,30.0682],[120.9708,30.0675],[120.9702,30.0688],[120.9735,30.0705],[120.9715,30.0725],[120.9681,30.0711],[120.9657,30.0741],[120.9703,30.0784],[120.9703,30.0807],[120.9662,30.0832],[120.9655,30.0873],[120.9609,30.0943],[120.9577,30.0966],[120.9525,30.0969],[120.9501,30.0939],[120.9439,30.0962],[120.9425,30.0991],[120.9397,30.1015],[120.9402,30.1027],[120.9364,30.1069],[120.9376,30.1083],[120.9359,30.1146],[120.9321,30.115],[120.9282,30.1163],[120.9283,30.12],[120.9298,30.1223],[120.9305,30.1276],[120.9332,30.1272],[120.9342,30.129],[120.934,30.1322],[120.9287,30.1332],[120.9304,30.1355],[120.9281,30.1452],[120.9267,30.154],[120.9246,30.162],[120.9238,30.1676],[120.9195,30.1737],[120.9172,30.1805],[120.8913,30.265],[120.8825,30.2647],[120.8727,30.2654],[120.8646,30.2657],[120.855,30.265],[120.8439,30.2635],[120.832,30.261],[120.8225,30.2593],[120.8091,30.2579],[120.7966,30.2576],[120.7817,30.2588],[120.7742,30.2601],[120.7607,30.2632],[120.7555,30.2667],[120.7509,30.2703],[120.7422,30.2782],[120.7365,30.2839],[120.7255,30.2994],[120.7029,30.2807],[120.6903,30.2655],[120.6908,30.2651],[120.6801,30.2523],[120.6659,30.2357],[120.664,30.234],[120.6409,30.2207],[120.6271,30.1996],[120.6215,30.1899],[120.6181,30.1855],[120.6104,30.1713],[120.6073,30.1613],[120.6062,30.1537],[120.6007,30.1526],[120.6002,30.1511],[120.5973,30.1509],[120.5946,30.1481],[120.5884,30.1497],[120.5871,30.149],[120.5808,30.1501],[120.5808,30.1534],[120.5761,30.1551],[120.5709,30.1545],[120.566,30.155],[120.5646,30.1529],[120.5614,30.1534],[120.5589,30.1521],[120.558,30.1498],[120.5555,30.1501],[120.5554,30.1535],[120.5533,30.1578],[120.55,30.1592],[120.5427,30.1602],[120.5396,30.1594],[120.534,30.1607],[120.5291,30.16],[120.5255,30.1609],[120.5218,30.1573],[120.5121,30.1569],[120.5108,30.1594],[120.5087,30.16],[120.5068,30.1627],[120.5061,30.1683],[120.5007,30.1661],[120.4956,30.1684],[120.4951,30.1721],[120.4969,30.1748],[120.4917,30.1744],[120.4902,30.1721],[120.4874,30.173],[120.4856,30.1723],[120.4833,30.1746],[120.4798,30.1752],[120.4793,30.1729],[120.4772,30.1731],[120.4748,30.1711],[120.4708,30.1722],[120.4634,30.1721],[120.4579,30.1712],[120.4565,30.1685],[120.4583,30.1679],[120.4585,30.1618],[120.4565,30.1572],[120.4537,30.1529],[120.4479,30.1528],[120.4463,30.1519],[120.4454,30.1455],[120.4444,30.1436],[120.4421,30.1436],[120.4416,30.1417],[120.4425,30.1357],[120.4401,30.1339],[120.4376,30.1339],[120.4357,30.1367],[120.433,30.1361],[120.432,30.1346],[120.4269,30.1351],[120.4264,30.1341],[120.4204,30.1325],[120.4194,30.1399],[120.4215,30.1465],[120.4186,30.1482],[120.4148,30.1553],[120.4135,30.1536],[120.4134,30.1509],[120.4108,30.1503],[120.4096,30.1515],[120.4063,30.1519],[120.4069,30.1342],[120.4036,30.132],[120.3999,30.132],[120.401,30.137],[120.3992,30.1395],[120.3958,30.1387],[120.3928,30.1401],[120.3939,30.1441],[120.3932,30.1455],[120.3885,30.1482],[120.3857,30.1521],[120.3833,30.1587],[120.3813,30.1597],[120.3764,30.1573],[120.3688,30.1578],[120.3652,30.1572],[120.3571,30.1541],[120.3552,30.1499],[120.3532,30.1499],[120.3501,30.1537],[120.3475,30.153],[120.3472,30.1495],[120.3498,30.1457],[120.349,30.1444],[120.3356,30.1447],[120.3355,30.1411],[120.3314,30.1386],[120.3285,30.1349],[120.3254,30.1296],[120.3223,30.1272],[120.3181,30.1296],[120.3143,30.1272],[120.3133,30.1279],[120.3128,30.1316],[120.3112,30.1372],[120.3082,30.1401],[120.2995,30.1358],[120.2941,30.1314],[120.2934,30.1295],[120.2992,30.1292],[120.2997,30.1282],[120.2975,30.1247],[120.2959,30.1206],[120.293,30.1193],[120.2907,30.1171],[120.2892,30.1139],[120.2828,30.1099],[120.2825,30.1086],[120.2844,30.1039],[120.2884,30.1028],[120.2921,30.1004],[120.293,30.1028],[120.296,30.102],[120.3001,30.1029],[120.2996,30.1042],[120.3048,30.1068],[120.3067,30.1107],[120.3087,30.1119],[120.3107,30.1069],[120.3158,30.1028],[120.3194,30.1007],[120.3245,30.104],[120.3262,30.1032],[120.3278,30.0999],[120.3319,30.0954],[120.3304,30.0936],[120.3312,30.0886],[120.3292,30.0883],[120.3294,30.0847],[120.3277,30.0789],[120.3301,30.075],[120.3286,30.0702],[120.3293,30.0675],[120.333,30.0616],[120.3308,30.0604],[120.3266,30.0539],[120.3216,30.0541],[120.3202,30.0528],[120.3197,30.0481],[120.3213,30.0463],[120.3253,30.0458],[120.3269,30.0419],[120.3299,30.0397],[120.335,30.0379],[120.3374,30.0386],[120.3373,30.0334],[120.3446,30.035],[120.3427,30.0292],[120.3399,30.0278],[120.3411,30.0242],[120.3402,30.0214],[120.3442,30.021],[120.351,30.0175],[120.3522,30.0143],[120.351,30.0099],[120.3541,30.0091],[120.3549,30.0045],[120.3565,30.002],[120.3544,30.001],[120.3549,29.9974],[120.3534,29.9954],[120.3497,29.995],[120.3506,29.9932],[120.3551,29.9915],[120.3586,29.9882],[120.357,29.985],[120.3597,29.9821],[120.3603,29.9791],[120.3586,29.9775],[120.3504,29.9762],[120.3477,29.9772],[120.3433,29.9763],[120.3395,29.9767],[120.3386,29.9734],[120.3402,29.9717],[120.3375,29.9667],[120.3367,29.9638],[120.3366,29.9596],[120.3332,29.9561],[120.3278,29.9537],[120.3279,29.9517],[120.3255,29.9502],[120.3227,29.9504],[120.3228,29.9484],[120.3208,29.9462],[120.321,29.9415],[120.3164,29.9393],[120.3143,29.9367],[120.3129,29.9333],[120.3079,29.9304],[120.3039,29.9321],[120.2967,29.9331],[120.2954,29.9356],[120.2916,29.9356],[120.2888,29.9395],[120.2867,29.9391],[120.2868,29.9365],[120.2846,29.935],[120.2837,29.9316],[120.2814,29.9305],[120.2814,29.9275],[120.2769,29.923],[120.2711,29.9224],[120.2676,29.9226],[120.265,29.9249],[120.2608,29.9248],[120.2594,29.9269],[120.2607,29.9345],[120.2573,29.9384],[120.2578,29.9401],[120.2552,29.9427],[120.2511,29.9451],[120.2492,29.9437],[120.2444,29.9382],[120.2427,29.9396],[120.2389,29.9394],[120.2401,29.9423],[120.2315,29.9425],[120.2288,29.942],[120.2268,29.9436],[120.2226,29.9424],[120.2209,29.9435],[120.2171,29.9432],[120.2145,29.9417],[120.2099,29.9417],[120.2073,29.9404],[120.2064,29.9376],[120.2097,29.9383],[120.2135,29.9379],[120.2169,29.9361],[120.2161,29.9321],[120.2133,29.934],[120.2073,29.9338],[120.2033,29.9368],[120.2005,29.9344],[120.1979,29.9358],[120.1952,29.9326],[120.1994,29.9257],[120.2031,29.9215],[120.2017,29.9206],[120.1976,29.9206],[120.1949,29.9217],[120.1916,29.9159],[120.1899,29.9164],[120.185,29.9147],[120.1855,29.9122],[120.1829,29.907],[120.1793,29.9075],[120.1772,29.9098],[120.1742,29.911],[120.1718,29.9109],[120.1703,29.9123],[120.1723,29.914],[120.1718,29.9159],[120.1687,29.9188],[120.166,29.9194],[120.1628,29.9183],[120.1614,29.9191],[120.1586,29.9167],[120.1583,29.9126],[120.1567,29.9128],[120.1551,29.9087],[120.1504,29.9087],[120.1471,29.9105],[120.1446,29.9045],[120.1455,29.9005],[120.143,29.8995],[120.142,29.897],[120.1446,29.8925],[120.1433,29.891],[120.1453,29.8857],[120.1413,29.88],[120.1392,29.8751],[120.1339,29.8706],[120.1301,29.8666],[120.1281,29.8616],[120.1254,29.8607],[120.124,29.8636],[120.122,29.8634],[120.1238,29.8597],[120.1206,29.856],[120.117,29.8547],[120.1125,29.8547],[120.1107,29.8515],[120.1084,29.8491],[120.1099,29.8459],[120.1037,29.8465],[120.0994,29.8409],[120.0985,29.8377],[120.0956,29.8334],[120.097,29.8314],[120.0973,29.8276],[120.0955,29.8215],[120.0902,29.819],[120.0854,29.8202],[120.0817,29.8237],[120.0781,29.8254],[120.0746,29.8296],[120.0715,29.8302],[120.0639,29.8271],[120.0627,29.8256],[120.0589,29.8234],[120.0523,29.8249],[120.0475,29.8271],[120.0441,29.827],[120.0419,29.8254],[120.0387,29.8258],[120.0353,29.8231],[120.0328,29.8228],[120.0264,29.8134],[120.0253,29.8092],[120.03,29.8032],[120.0293,29.7949],[120.0321,29.7931],[120.0323,29.791],[120.0256,29.787],[120.0244,29.7842],[120.0257,29.779],[120.0257,29.7742],[120.0241,29.7719],[120.0207,29.7731],[120.0164,29.7698],[120.016,29.7681],[120.0129,29.7686],[120.0091,29.7676],[120.0053,29.7652],[119.9993,29.7645],[119.9952,29.7664],[119.9924,29.7641],[119.9928,29.7628],[119.9882,29.7619],[119.9854,29.7623],[119.9821,29.7597],[119.9768,29.761],[119.9747,29.7628],[119.9749,29.7677],[119.9718,29.769],[119.9645,29.7665],[119.963,29.7629],[119.9598,29.7626],[119.9542,29.7567],[119.9517,29.7585],[119.941,29.7586],[119.9359,29.7566],[119.9321,29.7523],[119.9292,29.7521],[119.9254,29.7498],[119.9225,29.7464],[119.9202,29.7472],[119.9186,29.753],[119.9138,29.754],[119.9102,29.756],[119.9088,29.7581],[119.9002,29.7563],[119.893,29.763],[119.8876,29.7658],[119.8844,29.7562],[119.8875,29.7527],[119.8906,29.7515],[119.8926,29.7493],[119.8961,29.7475],[119.894,29.7424],[119.8959,29.7394],[119.8953,29.7329],[119.8973,29.7314],[119.9024,29.7297],[119.9041,29.7277],[119.908,29.7254],[119.9083,29.7231],[119.9068,29.7198],[119.9083,29.7167],[119.9083,29.7136],[119.9107,29.7112],[119.9134,29.7103],[119.9194,29.7098],[119.9224,29.7078],[119.9264,29.7097],[119.9265,29.7109],[119.9298,29.713],[119.9345,29.7125],[119.9379,29.7142],[119.9401,29.7165],[119.9402,29.7195],[119.9425,29.7201],[119.9454,29.7188],[119.9484,29.7188],[119.9497,29.7135],[119.945,29.7147],[119.9427,29.7128],[119.9464,29.7081],[119.9498,29.7053],[119.9531,29.7036],[119.9548,29.7043],[119.9583,29.7032],[119.9589,29.699],[119.9637,29.6967],[119.9638,29.6938],[119.9671,29.6942],[119.9704,29.6908],[119.9688,29.6886],[119.9694,29.685],[119.9681,29.6833],[119.9688,29.6809],[119.9678,29.6778]]]},"properties":{"region_code":"CN-33-3306","parent_region_code":"CN-33","name":"绍兴市","level":"prefecture","has_children":true,"full_path":"中国 / 浙江省 / 绍兴市","source_admin_code":"3306","osm_relation_id":3316522}},
{"type":"Feature","geometry":{"type":"Polygon","coordinates":[[[119.2541,29.2499],[119.2518,29.2481],[119.2517,29.2451],[119.249,29.2433],[119.2471,29.2385],[119.2411,29.2346],[119.2398,29.2309],[119.2309,29.226],[119.2292,29.2219],[119.2312,29.2202],[119.2314,29.2178],[119.2282,29.2165],[119.2276,29.2148],[119.2284,29.2109],[119.2318,29.2091],[119.2327,29.2062],[119.2309,29.2037],[119.2287,29.2036],[119.2293,29.1996],[119.2245,29.199],[119.2184,29.1997],[119.2182,29.1962],[119.2202,29.1944],[119.2234,29.1956],[119.2249,29.1949],[119.226,29.192],[119.2288,29.1933],[119.2311,29.1956],[119.2342,29.1932],[119.2363,29.1939],[119.238,29.1911],[119.238,29.1867],[119.2405,29.185],[119.2389,29.1813],[119.2402,29.1785],[119.2363,29.1725],[119.2385,29.1697],[119.2394,29.166],[119.2387,29.1642],[119.2437,29.1576],[119.246,29.1576],[119.2472,29.1553],[119.2439,29.1542],[119.2464,29.1515],[119.2467,29.1485],[119.2439,29.1467],[119.244,29.1442],[119.2473,29.1403],[119.2478,29.1372],[119.2511,29.1396],[119.2553,29.1379],[119.2582,29.1388],[119.2617,29.1379],[119.264,29.1345],[119.2649,29.1315],[119.2629,29.1294],[119.2633,29.1254],[119.2663,29.1214],[119.2765,29.12],[119.2781,29.1173],[119.2805,29.1179],[119.2818,29.1164],[119.2824,29.1129],[119.2857,29.11],[119.286,29.1069],[119.2878,29.1056],[119.2899,29.1065],[119.2967,29.1025],[119.297,29.0999],[119.2949,29.098],[119.2953,29.0945],[119.2948,29.0917],[119.2961,29.0906],[119.3022,29.0911],[119.3011,29.0876],[119.3019,29.0865],[119.306,29.0887],[119.3113,29.0886],[119.3151,29.0944],[119.3199,29.0966],[119.3214,29.0951],[119.3209,29.0921],[119.324,29.0871],[119.3267,29.0837],[119.33,29.082],[119.3318,29.0753],[119.3279,29.0714],[119.3256,29.0723],[119.3237,29.0713],[119.3214,29.0632],[119.3196,29.0609],[119.3211,29.0577],[119.3234,29.0562],[119.3254,29.0511],[119.3289,29.0485],[119.3289,29.0451],[119.3259,29.0429],[119.3277,29.0403],[119.3267,29.037],[119.3229,29.0371],[119.3204,29.0322],[119.3215,29.0258],[119.3228,29.0229],[119.3188,29.0217],[119.3179,29.0184],[119.3186,29.0162],[119.3182,29.0133],[119.3158,29.011],[119.3147,29.0067],[119.3168,29.0055],[119.315,29.0034],[119.3158,29.0018],[119.3197,29.0006],[119.3172,28.9941],[119.3172,28.9916],[119.3203,28.9914],[119.3241,28.9893],[119.3224,28.9863],[119.3229,28.9842],[119.3218,28.9821],[119.3173,28.9768],[119.3173,28.9751],[119.3193,28.9708],[119.3161,28.9697],[119.3135,28.9653],[119.3115,28.9638],[119.3118,28.9617],[119.3085,28.9573],[119.309,28.9551],[119.312,28.9507],[119.3126,28.9479],[119.3112,28.9455],[119.3124,28.9428],[119.3165,28.9428],[119.3155,28.9401],[119.3215,28.9391],[119.3232,28.9335],[119.3217,28.9284],[119.3221,28.9228],[119.3254,28.9207],[119.323,28.9193],[119.3262,28.9175],[119.3272,28.9152],[119.3274,28.9107],[119.3327,28.9099],[119.3363,28.9077],[119.3392,28.9033],[119.3417,28.9016],[119.3397,28.8953],[119.3402,28.8929],[119.3374,28.8929],[119.3347,28.8916],[119.3361,28.8901],[119.3345,28.8879],[119.3331,28.8839],[119.3274,28.8852],[119.3267,28.8827],[119.3312,28.8822],[119.3324,28.877],[119.3312,28.8734],[119.3298,28.8723],[119.3298,28.8697],[119.3282,28.868],[119.3226,28.8687],[119.3221,28.8703],[119.3194,28.8702],[119.3164,28.8671],[119.3146,28.8707],[119.3116,28.8695],[119.3102,28.8669],[119.3074,28.8686],[119.3056,28.8643],[119.3092,28.8645],[119.3086,28.8611],[119.3059,28.8542],[119.3063,28.8503],[119.3052,28.8464],[119.3064,28.845],[119.3094,28.8468],[119.3173,28.8484],[119.3188,28.8494],[119.3231,28.8498],[119.325,28.8482],[119.3285,28.8484],[119.3307,28.8447],[119.3291,28.8436],[119.3309,28.8386],[119.3338,28.8356],[119.3381,28.8345],[119.3405,28.8306],[119.338,28.8274],[119.3347,28.8269],[119.3338,28.8253],[119.3349,28.8224],[119.332,28.8202],[119.33,28.816],[119.3262,28.8158],[119.3253,28.8131],[119.3218,28.8122],[119.3212,28.81],[119.3161,28.8074],[119.316,28.8047],[119.3147,28.8027],[119.3199,28.8009],[119.3184,28.7934],[119.3215,28.7895],[119.3215,28.7857],[119.3198,28.7831],[119.3203,28.7818],[119.3244,28.7824],[119.3296,28.7786],[119.3319,28.7751],[119.3319,28.7685],[119.3365,28.7628],[119.3369,28.7612],[119.3425,28.7606],[119.3462,28.7595],[119.3472,28.7616],[119.3522,28.7629],[119.3552,28.7676],[119.3547,28.7725],[119.3596,28.7752],[119.3632,28.7758],[119.3657,28.7796],[119.3666,28.7877],[119.3733,28.79],[119.3778,28.7892],[119.3819,28.7901],[119.3839,28.7879],[119.3885,28.7856],[119.3904,28.7825],[119.3909,28.7792],[119.3942,28.7785],[119.4,28.7701],[119.4017,28.7682],[119.4053,28.7679],[119.4089,28.7662],[119.4085,28.7625],[119.4092,28.7587],[119.4104,28.7573],[119.4101,28.7546],[119.4137,28.7524],[119.418,28.752],[119.4198,28.7551],[119.423,28.7553],[119.4246,28.7581],[119.4287,28.7599],[119.4362,28.7596],[119.4373,28.7607],[119.4409,28.7606],[119.4434,28.7635],[119.4491,28.7634],[119.4566,28.7659],[119.4578,28.7658],[119.4601,28.7698],[119.4629,28.7697],[119.4643,28.7684],[119.4687,28.7671],[119.4686,28.7615],[119.4671,28.7608],[119.4666,28.7574],[119.4682,28.7563],[119.4689,28.752],[119.4704,28.7489],[119.4681,28.7469],[119.465,28.7475],[119.4625,28.7454],[119.4588,28.7458],[119.4557,28.7452],[119.4581,28.7404],[119.4584,28.7369],[119.4577,28.7327],[119.4592,28.7284],[119.4594,28.725],[119.4576,28.7211],[119.4564,28.7212],[119.4544,28.7183],[119.4588,28.7172],[119.4616,28.7109],[119.459,28.7053],[119.4587,28.6987],[119.4596,28.6972],[119.456,28.6923],[119.4562,28.6881],[119.4551,28.6854],[119.4565,28.6785],[119.4582,28.6752],[119.4566,28.6732],[119.4592,28.6696],[119.4608,28.6708],[119.4635,28.6706],[119.466,28.6691],[119.4715,28.6685],[119.4725,28.6666],[119.4756,28.664],[119.4745,28.6612],[119.469,28.6571],[119.462,28.6567],[119.4589,28.6571],[119.4574,28.6557],[119.4533,28.6557],[119.4507,28.6528],[119.4517,28.6488],[119.455,28.6457],[119.4539,28.6422],[119.4554,28.6392],[119.4576,28.6371],[119.4607,28.6363],[119.4643,28.6372],[119.4677,28.6397],[119.4717,28.6413],[119.4741,28.6411],[119.4771,28.6434],[119.4828,28.6399],[119.4818,28.6387],[119.4813,28.6322],[119.4844,28.6308],[119.4864,28.628],[119.4893,28.6298],[119.4891,28.6334],[119.4936,28.6366],[119.4953,28.6364],[119.4995,28.6382],[119.5008,28.64],[119.5032,28.6386],[119.5075,28.6404],[119.5108,28.6404],[119.5144,28.6421],[119.5142,28.6389],[119.5071,28.6326],[119.5021,28.6319],[119.5009,28.6301],[119.5043,28.6294],[119.5045,28.6266],[119.5016,28.6263],[119.494,28.6245],[119.4968,28.6222],[119.5027,28.6235],[119.5054,28.6214],[119.5059,28.6182],[119.5037,28.6124],[119.5087,28.611],[119.5119,28.6137],[119.5128,28.6098],[119.5054,28.6041],[119.5023,28.5998],[119.5017,28.5977],[119.4991,28.5962],[119.4962,28.5916],[119.4945,28.591],[119.4915,28.583],[119.4916,28.5817],[119.4945,28.5787],[119.4921,28.5764],[119.4921,28.574],[119.4879,28.5712],[119.4864,28.5692],[119.4887,28.5663],[119.491,28.5613],[119.4892,28.5593],[119.4895,28.5563],[119.4913,28.5561],[119.4927,28.5532],[119.4967,28.5531],[119.4977,28.5555],[119.5013,28.5571],[119.5023,28.5601],[119.505,28.5644],[119.5095,28.5654],[119.5137,28.5637],[119.5144,28.5625],[119.5223,28.5611],[119.5251,28.5578],[119.5287,28.5592],[119.5305,28.5577],[119.529,28.5539],[119.5321,28.5507],[119.5303,28.5489],[119.533,28.5445],[119.534,28.5416],[119.5369,28.5385],[119.538,28.5347],[119.5398,28.5368],[119.5451,28.5328],[119.5481,28.5361],[119.5504,28.5343],[119.5521,28.5366],[119.5579,28.5373],[119.5596,28.5362],[119.5643,28.5367],[119.5659,28.5353],[119.569,28.5387],[119.5751,28.5403],[119.5789,28.5365],[119.5844,28.5423],[119.5866,28.5421],[119.5888,28.5397],[119.5873,28.5387],[119.5866,28.5357],[119.5903,28.5353],[119.5922,28.5343],[119.594,28.53],[119.5971,28.5293],[119.5995,28.5346],[119.6017,28.5344],[119.6037,28.5303],[119.6062,28.5314],[119.6118,28.5313],[119.613,28.5277],[119.6188,28.5254],[119.6202,28.5238],[119.6231,28.5233],[119.6247,28.5212],[119.6243,28.518],[119.6272,28.5175],[119.6267,28.5218],[119.6286,28.5243],[119.6277,28.5298],[119.6316,28.5303],[119.6318,28.5317],[119.6374,28.5354],[119.6352,28.5375],[119.6384,28.5384],[119.64,28.5368],[119.6399,28.5346],[119.6372,28.5328],[119.6399,28.5308],[119.6438,28.5317],[119.6437,28.5347],[119.6406,28.537],[119.6432,28.5408],[119.6424,28.5456],[119.647,28.544],[119.6496,28.5452],[119.6508,28.5471],[119.6498,28.5498],[119.657,28.5493],[119.6608,28.551],[119.6588,28.5471],[119.6617,28.5435],[119.6595,28.542],[119.6598,28.5397],[119.665,28.5342],[119.6654,28.5329],[119.6706,28.5343],[119.672,28.533],[119.6708,28.5296],[119.6763,28.5303],[119.6756,28.533],[119.6809,28.5351],[119.6848,28.5358],[119.6875,28.5334],[119.6911,28.5325],[119.6933,28.5299],[119.695,28.5313],[119.7001,28.5296],[119.6966,28.5338],[119.6966,28.5349],[119.702,28.5366],[119.7035,28.5386],[119.7039,28.5448],[119.703,28.5486],[119.7061,28.5514],[119.7086,28.5548],[119.7124,28.5554],[119.7144,28.5574],[119.7149,28.5632],[119.7126,28.5658],[119.7151,28.5691],[119.7179,28.5706],[119.7188,28.5687],[119.7218,28.5685],[119.7233,28.5654],[119.7283,28.5655],[119.7315,28.5668],[119.7257,28.5687],[119.7244,28.5711],[119.7308,28.5719],[119.7318,28.5765],[119.7335,28.5814],[119.7366,28.5814],[119.7369,28.577],[119.7399,28.5757],[119.7441,28.5788],[119.7458,28.5788],[119.7463,28.5841],[119.7453,28.587],[119.7459,28.5908],[119.7447,28.5926],[119.7451,28.5961],[119.7515,28.5962],[119.7544,28.5942],[119.7619,28.5914],[119.7638,28.5887],[119.7707,28.5898],[119.7681,28.5937],[119.7695,28.598],[119.7662,28.6003],[119.7657,28.6035],[119.7638,28.6047],[119.7665,28.6117],[119.7655,28.6137],[119.7585,28.6183],[119.7575,28.62],[119.7596,28.6213],[119.7579,28.6241],[119.7548,28.6248],[119.756,28.6268],[119.7562,28.6309],[119.7525,28.6311],[119.7506,28.6367],[119.7483,28.6387],[119.751,28.6402],[119.755,28.6407],[119.7581,28.6441],[119.7609,28.6422],[119.7658,28.6402],[119.772,28.6363],[119.775,28.637],[119.7781,28.6387],[119.7796,28.6366],[119.7831,28.6377],[119.7852,28.6395],[119.788,28.6358],[119.789,28.6372],[119.7922,28.6377],[119.7936,28.6429],[119.7954,28.6435],[119.7987,28.6472],[119.799,28.6485],[119.8028,28.6494],[119.8039,28.6515],[119.8032,28.6559],[119.808,28.6574],[119.8081,28.6613],[119.8057,28.666],[119.8069,28.6702],[119.8094,28.6738],[119.8089,28.6771],[119.8103,28.6788],[119.8105,28.6849],[119.8085,28.6883],[119.8067,28.6862],[119.805,28.6873],[119.8075,28.692],[119.8099,28.6904],[119.8112,28.6924],[119.8144,28.6943],[119.8117,28.6959],[119.8149,28.6983],[119.8171,28.6964],[119.8209,28.6975],[119.8266,28.7023],[119.8273,28.7071],[119.8301,28.7095],[119.8277,28.7134],[119.8272,28.7163],[119.8313,28.7155],[119.8334,28.7166],[119.8377,28.7213],[119.84,28.7218],[119.8427,28.7204],[119.8465,28.7212],[119.8523,28.7214],[119.8595,28.7237],[119.8616,28.7235],[119.8654,28.7249],[119.8649,28.7293],[119.8685,28.7311],[119.8658,28.7335],[119.8691,28.7359],[119.8711,28.7394],[119.8672,28.7456],[119.8729,28.7495],[119.8762,28.7556],[119.8812,28.7509],[119.8814,28.7484],[119.8846,28.7483],[119.886,28.75],[119.8905,28.7528],[119.8923,28.7532],[119.8959,28.7566],[119.8995,28.759],[119.8967,28.7612],[119.8974,28.7646],[119.896,28.766],[119.8988,28.7678],[119.9,28.7703],[119.9026,28.7722],[119.9072,28.7741],[119.9108,28.7775],[119.9106,28.782],[119.9183,28.7857],[119.9166,28.7884],[119.9186,28.7976],[119.9133,28.7997],[119.9108,28.8027],[119.9173,28.8049],[119.9225,28.8024],[119.9236,28.7993],[119.9279,28.7991],[119.93,28.7968],[119.9338,28.7961],[119.9363,28.7967],[119.942,28.7939],[119.9442,28.7904],[119.9472,28.79],[119.9488,28.7913],[119.9535,28.7922],[119.9571,28.7915],[119.9596,28.7892],[119.9626,28.7882],[119.9655,28.7919],[119.9673,28.7984],[119.9706,28.7978],[119.9782,28.7992],[119.9777,28.7963],[119.9812,28.7937],[119.9868,28.7931],[119.9911,28.7901],[119.9924,28.7876],[120.0002,28.7851],[120.0012,28.7837],[120.005,28.7848],[120.0069,28.7804],[120.0049,28.7766],[120.0058,28.7744],[120.0093,28.7729],[120.0108,28.7733],[120.0143,28.7719],[120.0146,28.7693],[120.0162,28.7684],[120.0196,28.7688],[120.0221,28.7658],[120.0229,28.7628],[120.0246,28.7609],[120.0301,28.7637],[120.0334,28.7647],[120.0391,28.7646],[120.042,28.7661],[120.0447,28.7663],[120.0471,28.7678],[120.0493,28.7703],[120.0513,28.7699],[120.0545,28.7714],[120.0544,28.7756],[120.0573,28.7747],[120.0598,28.7781],[120.0613,28.7784],[120.0643,28.7817],[120.0673,28.7833],[120.0698,28.7816],[120.0706,28.7848],[120.0737,28.7874],[120.0773,28.7866],[120.0839,28.7881],[120.0855,28.7871],[120.0839,28.7816],[120.0865,28.7788],[120.0868,28.7764],[120.0909,28.7734],[120.0926,28.7714],[120.0953,28.7716],[120.1006,28.7704],[120.1037,28.7717],[120.1052,28.7706],[120.1048,28.7662],[120.1071,28.7652],[120.1129,28.7657],[120.1153,28.7636],[120.1189,28.7626],[120.1282,28.7634],[120.1308,28.7681],[120.1338,28.77],[120.1327,28.7711],[120.1339,28.7737],[120.1357,28.7744],[120.1351,28.7769],[120.1368,28.7784],[120.1344,28.7818],[120.1324,28.7827],[120.133,28.7847],[120.1418,28.7871],[120.1454,28.7839],[120.1495,28.7829],[120.1506,28.7811],[120.1533,28.7831],[120.1587,28.7804],[120.1603,28.7779],[120.1662,28.7774],[120.1671,28.7791],[120.1718,28.776],[120.1753,28.7788],[120.1736,28.782],[120.1774,28.7833],[120.1789,28.7881],[120.1844,28.788],[120.1872,28.7885],[120.1883,28.787],[120.1949,28.787],[120.1955,28.7892],[120.1984,28.7891],[120.2007,28.7904],[120.2062,28.7982],[120.2031,28.8006],[120.2006,28.8002],[120.2003,28.8022],[120.1965,28.8033],[120.1968,28.8084],[120.1955,28.8121],[120.198,28.8131],[120.1983,28.8152],[120.2022,28.8176],[120.203,28.8207],[120.2052,28.8221],[120.2037,28.8239],[120.2074,28.8251],[120.2082,28.8299],[120.2071,28.8321],[120.2107,28.8338],[120.2112,28.8374],[120.2165,28.8364],[120.2195,28.8401],[120.2212,28.8412],[120.2229,28.8377],[120.2244,28.8393],[120.225,28.8451],[120.2307,28.8465],[120.2319,28.8487],[120.2358,28.8503],[120.2368,28.8534],[120.2392,28.8548],[120.2388,28.859],[120.2403,28.8596],[120.2404,28.8626],[120.2467,28.865],[120.2476,28.8631],[120.2507,28.8629],[120.25,28.8663],[120.2549,28.8693],[120.2569,28.8696],[120.2584,28.8738],[120.2574,28.8789],[120.2559,28.8828],[120.2584,28.8876],[120.2583,28.8934],[120.2567,28.8976],[120.2571,28.9017],[120.2547,28.9048],[120.2556,28.9076],[120.2545,28.9088],[120.2575,28.9108],[120.2584,28.9129],[120.2573,28.9145],[120.2522,28.9142],[120.2467,28.9155],[120.2478,28.9197],[120.2506,28.923],[120.2515,28.926],[120.254,28.9275],[120.2546,28.9299],[120.2497,28.9328],[120.2509,28.9352],[120.2546,28.9401],[120.2565,28.9392],[120.2586,28.9401],[120.2611,28.9438],[120.2592,28.946],[120.2623,28.9485],[120.266,28.9527],[120.2696,28.9501],[120.2703,28.9463],[120.2715,28.9444],[120.2709,28.9404],[120.2733,28.9392],[120.2725,28.9342],[120.2761,28.9331],[120.2857,28.9356],[120.292,28.9346],[120.296,28.9352],[120.2976,28.9364],[120.3005,28.9348],[120.3035,28.9365],[120.3045,28.9355],[120.3018,28.9309],[120.3025,28.9277],[120.3052,28.9265],[120.3087,28.9238],[120.3085,28.9218],[120.311,28.9214],[120.3099,28.9164],[120.3062,28.9136],[120.3033,28.9098],[120.3043,28.9033],[120.3033,28.8979],[120.3004,28.8969],[120.3011,28.895],[120.3045,28.8919],[120.3127,28.8887],[120.3143,28.8813],[120.313,28.8786],[120.3173,28.8773],[120.3174,28.8752],[120.3221,28.8732],[120.3267,28.8721],[120.331,28.8685],[120.3313,28.8651],[120.335,28.8625],[120.3393,28.8613],[120.343,28.8613],[120.3439,28.8531],[120.3478,28.8531],[120.3485,28.8502],[120.3513,28.8485],[120.3534,28.8449],[120.3533,28.8424],[120.3586,28.8414],[120.3607,28.842],[120.3638,28.841],[120.3693,28.8367],[120.3714,28.8357],[120.3768,28.837],[120.3815,28.8327],[120.3844,28.8324],[120.3875,28.8355],[120.388,28.8383],[120.3894,28.8394],[120.39,28.845],[120.3882,28.8463],[120.3884,28.85],[120.3917,28.8514],[120.3945,28.857],[120.3966,28.8587],[120.4003,28.8571],[120.4003,28.8503],[120.4019,28.8483],[120.4058,28.8485],[120.4108,28.8503],[120.412,28.8538],[120.415,28.8536],[120.4166,28.8505],[120.4182,28.8494],[120.4181,28.8454],[120.42,28.8412],[120.4203,28.8389],[120.4223,28.8348],[120.426,28.8357],[120.4286,28.8394],[120.4325,28.8409],[120.437,28.8443],[120.4458,28.8453],[120.4522,28.8435],[120.4552,28.8435],[120.4581,28.8416],[120.4623,28.8447],[120.4655,28.8444],[120.4696,28.8427],[120.4699,28.8406],[120.4725,28.8369],[120.4721,28.8327],[120.4765,28.8305],[120.4809,28.836],[120.4799,28.8381],[120.478,28.8389],[120.48,28.8414],[120.4837,28.843],[120.4817,28.8474],[120.489,28.8508],[120.4926,28.8499],[120.4944,28.8518],[120.4925,28.854],[120.4918,28.8566],[120.4944,28.8571],[120.4983,28.8597],[120.4958,28.8618],[120.495,28.8648],[120.4904,28.8689],[120.4905,28.8718],[120.493,28.8742],[120.5008,28.8751],[120.5017,28.8762],[120.5054,28.8765],[120.5068,28.8797],[120.5103,28.8787],[120.5113,28.8799],[120.5072,28.8814],[120.5076,28.8837],[120.5063,28.8866],[120.5099,28.8916],[120.5105,28.8939],[120.5162,28.8907],[120.5136,28.8876],[120.5162,28.8855],[120.5188,28.8823],[120.5249,28.8806],[120.5258,28.8837],[120.5283,28.8838],[120.5316,28.8811],[120.53,28.8784],[120.528,28.8785],[120.5271,28.875],[120.5279,28.8722],[120.5307,28.8685],[120.5356,28.8682],[120.5393,28.8707],[120.5416,28.8711],[120.5424,28.8679],[120.544,28.8683],[120.5486,28.865],[120.5525,28.8657],[120.5569,28.8644],[120.563,28.8662],[120.5685,28.8713],[120.5759,28.8725],[120.5784,28.8742],[120.5832,28.8796],[120.5836,28.8816],[120.586,28.8842],[120.5901,28.887],[120.5929,28.8873],[120.597,28.8896],[120.6004,28.8945],[120.6029,28.8933],[120.6061,28.8951],[120.6095,28.8956],[120.6129,28.8975],[120.6147,28.8995],[120.62,28.899],[120.6268,28.9005],[120.6301,28.8992],[120.6345,28.8994],[120.6329,28.9029],[120.6338,28.9043],[120.638,28.9046],[120.6396,28.903],[120.6419,28.9029],[120.6475,28.908],[120.648,28.9092],[120.6531,28.911],[120.6551,28.9142],[120.6547,28.9159],[120.6603,28.9197],[120.6605,28.9286],[120.6562,28.9342],[120.6557,28.9386],[120.6568,28.9439],[120.66,28.9466],[120.6589,28.9484],[120.6602,28.9498],[120.663,28.9504],[120.6669,28.9554],[120.667,28.9573],[120.6695,28.9609],[120.6696,28.9642],[120.6683,28.9681],[120.6695,28.9716],[120.6683,28.9739],[120.6688,28.9758],[120.6743,28.9805],[120.6783,28.9813],[120.6834,28.981],[120.6879,28.9837],[120.6912,28.9834],[120.6931,28.98],[120.6947,28.9789],[120.6956,28.9757],[120.6983,28.9757],[120.7001,28.9789],[120.7047,28.9752],[120.7068,28.9753],[120.7113,28.9785],[120.7136,28.9768],[120.7151,28.9796],[120.7144,28.9822],[120.7225,28.9839],[120.7249,28.9858],[120.7241,28.9914],[120.7195,28.9944],[120.7168,28.9982],[120.7198,29.0022],[120.7188,29.0039],[120.7228,29.0091],[120.7251,29.0098],[120.7241,29.0135],[120.7218,29.0168],[120.7196,29.0157],[120.7186,29.013],[120.7161,29.0142],[120.7166,29.0201],[120.7204,29.0245],[120.7212,29.0282],[120.7166,29.0276],[120.7151,29.0282],[120.7128,29.0316],[120.7112,29.032],[120.7111,29.0359],[120.7135,29.0378],[120.7078,29.0379],[120.7061,29.0388],[120.7032,29.0351],[120.7047,29.0311],[120.7027,29.029],[120.7048,29.0266],[120.6983,29.0249],[120.6956,29.0277],[120.6943,29.0301],[120.6916,29.032],[120.6903,29.0353],[120.6912,29.0375],[120.6895,29.0417],[120.6876,29.0438],[120.6896,29.0446],[120.6931,29.0429],[120.6954,29.0433],[120.6972,29.0471],[120.695,29.0493],[120.6902,29.0513],[120.6863,29.054],[120.6869,29.0553],[120.6905,29.053],[120.6926,29.0528],[120.6936,29.0583],[120.6969,29.0585],[120.6963,29.0608],[120.6991,29.0629],[120.6974,29.0669],[120.6995,29.0687],[120.7,29.0739],[120.7011,29.0759],[120.7006,29.079],[120.6983,29.0805],[120.6973,29.0826],[120.6951,29.0836],[120.6901,29.0888],[120.69,29.0926],[120.6909,29.0946],[120.6975,29.0996],[120.7003,29.1008],[120.7032,29.1005],[120.7064,29.1021],[120.7112,29.108],[120.7144,29.1085],[120.7174,29.1108],[120.7152,29.115],[120.7184,29.1184],[120.7203,29.1231],[120.7223,29.1223],[120.7235,29.1187],[120.725,29.117],[120.7279,29.1165],[120.7319,29.118],[120.7357,29.1157],[120.7387,29.117],[120.7432,29.1256],[120.741,29.129],[120.739,29.1297],[120.7326,29.1294],[120.7318,29.1333],[120.7257,29.1331],[120.725,29.1366],[120.7161,29.1324],[120.7161,29.1357],[120.715,29.1391],[120.7102,29.1397],[120.7113,29.1435],[120.7079,29.1466],[120.7092,29.1486],[120.7098,29.1523],[120.7156,29.1528],[120.7161,29.1555],[120.7188,29.1581],[120.7216,29.1652],[120.724,29.1655],[120.7276,29.1678],[120.731,29.1685],[120.732,29.1701],[120.7359,29.1708],[120.738,29.1731],[120.7384,29.1755],[120.743,29.1772],[120.7447,29.1789],[120.7494,29.1819],[120.751,29.1819],[120.7527,29.1912],[120.759,29.1926],[120.7612,29.1949],[120.7611,29.1978],[120.7628,29.2032],[120.7693,29.198],[120.7737,29.2015],[120.773,29.2037],[120.7701,29.2054],[120.7685,29.2078],[120.7713,29.2114],[120.7737,29.2116],[120.7714,29.216],[120.7787,29.221],[120.7803,29.2234],[120.7775,29.227],[120.7754,29.2265],[120.7729,29.2277],[120.7702,29.2277],[120.7706,29.2324],[120.77,29.2374],[120.7723,29.2391],[120.7723,29.2419],[120.774,29.2429],[120.774,29.2473],[120.7704,29.2502],[120.7724,29.2523],[120.7723,29.2553],[120.7702,29.2603],[120.7672,29.2616],[120.7678,29.2658],[120.7688,29.2684],[120.7725,29.2716],[120.7709,29.2743],[120.7746,29.2783],[120.7743,29.2816],[120.7714,29.2819],[120.7697,29.2808],[120.7664,29.2805],[120.7623,29.282],[120.756,29.2822],[120.7556,29.2845],[120.7592,29.2911],[120.7558,29.2908],[120.7579,29.294],[120.7583,29.2964],[120.7604,29.2979],[120.7641,29.2983],[120.7659,29.294],[120.7686,29.2931],[120.7701,29.2945],[120.7672,29.2977],[120.77,29.2995],[120.7719,29.3023],[120.7707,29.3039],[120.7713,29.306],[120.7689,29.3068],[120.7686,29.3097],[120.7665,29.3103],[120.7639,29.3135],[120.7604,29.3156],[120.7576,29.3157],[120.7566,29.3175],[120.7535,29.3171],[120.7476,29.3213],[120.7473,29.317],[120.7433,29.3158],[120.7393,29.3121],[120.7358,29.3137],[120.7325,29.3119],[120.733,29.3154],[120.7292,29.3163],[120.722,29.3163],[120.7215,29.3137],[120.7168,29.3108],[120.7152,29.3079],[120.7124,29.3093],[120.7107,29.3064],[120.7087,29.3054],[120.7051,29.3081],[120.705,29.3136],[120.7025,29.3148],[120.7007,29.3186],[120.6989,29.3205],[120.6947,29.3233],[120.6962,29.3279],[120.6979,29.3268],[120.7002,29.3319],[120.7011,29.3357],[120.7026,29.3385],[120.7017,29.341],[120.6994,29.3427],[120.6972,29.3455],[120.697,29.347],[120.6948,29.3483],[120.6915,29.3478],[120.6935,29.3457],[120.6967,29.3472],[120.6967,29.3431],[120.6935,29.3438],[120.6864,29.3439],[120.6839,29.3447],[120.6815,29.3419],[120.6789,29.3412],[120.677,29.3393],[120.6739,29.3384],[120.6707,29.3318],[120.6659,29.3291],[120.661,29.3306],[120.6583,29.3284],[120.655,29.3289],[120.6553,29.3315],[120.6535,29.3337],[120.6513,29.3346],[120.6527,29.3369],[120.6493,29.339],[120.6468,29.3376],[120.6462,29.3347],[120.6435,29.3341],[120.641,29.3304],[120.639,29.3329],[120.6353,29.3306],[120.6339,29.3279],[120.635,29.3253],[120.6282,29.3256],[120.6269,29.3276],[120.6268,29.3302],[120.6292,29.3313],[120.6275,29.3353],[120.6227,29.3366],[120.6178,29.3389],[120.6169,29.3402],[120.6126,29.3387],[120.6085,29.3404],[120.6075,29.339],[120.6035,29.3366],[120.5982,29.336],[120.5964,29.3379],[120.5931,29.3397],[120.5937,29.3432],[120.5909,29.3452],[120.5914,29.3479],[120.5898,29.3499],[120.5843,29.3504],[120.5827,29.3515],[120.5778,29.3492],[120.5753,29.3456],[120.5748,29.3429],[120.5732,29.3415],[120.5688,29.3421],[120.5698,29.3441],[120.5658,29.3468],[120.5675,29.3485],[120.5667,29.3501],[120.5694,29.3546],[120.5717,29.3554],[120.5748,29.3605],[120.5742,29.3621],[120.5699,29.3633],[120.5684,29.3658],[120.5682,29.3687],[120.5641,29.3695],[120.5605,29.3686],[120.5598,29.367],[120.5553,29.3661],[120.5515,29.3707],[120.5493,29.3714],[120.5491,29.3753],[120.5501,29.3767],[120.5528,29.3772],[120.5544,29.3789],[120.5555,29.3824],[120.5557,29.3859],[120.5532,29.3872],[120.5492,29.3877],[120.5497,29.3903],[120.5483,29.3929],[120.5452,29.3948],[120.543,29.3945],[120.542,29.3926],[120.5341,29.3921],[120.5351,29.395],[120.5316,29.3958],[120.5314,29.3974],[120.5277,29.3998],[120.5261,29.4027],[120.5205,29.4033],[120.5163,29.4064],[120.5127,29.407],[120.512,29.4092],[120.5123,29.415],[120.5086,29.4206],[120.5134,29.4238],[120.5135,29.4271],[120.5088,29.4255],[120.5074,29.4274],[120.5088,29.431],[120.5072,29.4372],[120.508,29.4435],[120.511,29.4442],[120.5083,29.4463],[120.5106,29.4488],[120.5096,29.452],[120.5109,29.4544],[120.5145,29.4545],[120.515,29.456],[120.519,29.4586],[120.5137,29.4674],[120.5114,29.4684],[120.5099,29.4713],[120.5068,29.4719],[120.5019,29.471],[120.5002,29.4724],[120.496,29.4698],[120.4916,29.4686],[120.4938,29.4747],[120.4924,29.4778],[120.4897,29.4814],[120.4893,29.4832],[120.4843,29.4854],[120.4852,29.4889],[120.4823,29.4892],[120.4789,29.487],[120.4773,29.488],[120.4767,29.4915],[120.474,29.4925],[120.4694,29.4961],[120.4655,29.4967],[120.4659,29.4945],[120.4643,29.4926],[120.4589,29.4916],[120.4581,29.4887],[120.455,29.486],[120.4521,29.4848],[120.4506,29.4857],[120.4481,29.4847],[120.4448,29.4848],[120.4373,29.482],[120.4346,29.4807],[120.4285,29.4819],[120.4223,29.4805],[120.4225,29.4772],[120.4206,29.4755],[120.4174,29.47],[120.4157,29.4691],[120.4139,29.4633],[120.41,29.4586],[120.4074,29.4525],[120.4037,29.454],[120.3985,29.4544],[120.396,29.4551],[120.3931,29.4579],[120.3902,29.4569],[120.3849,29.4582],[120.3806,29.4587],[120.3753,29.455],[120.3766,29.4501],[120.3751,29.4487],[120.3708,29.4505],[120.3678,29.4496],[120.3671,29.4473],[120.3639,29.4482],[120.3637,29.4461],[120.3652,29.4444],[120.3599,29.4406],[120.3593,29.4356],[120.3637,29.4323],[120.3659,29.4296],[120.3672,29.422],[120.3617,29.4162],[120.3582,29.4181],[120.356,29.4174],[120.353,29.4182],[120.351,29.416],[120.3453,29.4138],[120.3381,29.4131],[120.3357,29.4139],[120.3319,29.412],[120.333,29.4081],[120.3289,29.4058],[120.3276,29.3983],[120.3281,29.3962],[120.3247,29.3932],[120.3209,29.3832],[120.3196,29.3839],[120.3158,29.3818],[120.3147,29.3826],[120.3109,29.3815],[120.3091,29.3801],[120.3068,29.3765],[120.3061,29.3717],[120.304,29.3698],[120.3036,29.3671],[120.2979,29.3669],[120.2962,29.3642],[120.2946,29.3651],[120.2914,29.3629],[120.2936,29.361],[120.2935,29.3589],[120.2899,29.3573],[120.2888,29.3588],[120.2851,29.3578],[120.2835,29.3624],[120.2784,29.3656],[120.2735,29.3652],[120.2731,29.3677],[120.2668,29.3721],[120.2669,29.3775],[120.2633,29.3778],[120.2604,29.3808],[120.2615,29.3853],[120.2565,29.3925],[120.2559,29.3955],[120.2573,29.4019],[120.2618,29.4038],[120.2649,29.406],[120.2675,29.4118],[120.271,29.4135],[120.272,29.4158],[120.275,29.4168],[120.2744,29.4235],[120.2751,29.4299],[120.2741,29.4314],[120.2748,29.4369],[120.2772,29.4387],[120.2774,29.4429],[120.2733,29.4458],[120.2735,29.4489],[120.2719,29.4503],[120.2716,29.4525],[120.2682,29.4529],[120.269,29.4558],[120.2658,29.4598],[120.2617,29.4614],[120.2578,29.4609],[120.2595,29.4648],[120.2577,29.4675],[120.2581,29.4744],[120.2592,29.4769],[120.2626,29.4796],[120.2626,29.4817],[120.266,29.4832],[120.2708,29.4829],[120.2743,29.4862],[120.2778,29.4853],[120.2806,29.4859],[120.282,29.4874],[120.2763,29.4896],[120.2779,29.4936],[120.2751,29.4951],[120.2753,29.4977],[120.2699,29.4996],[120.2693,29.4972],[120.2664,29.4979],[120.2641,29.5007],[120.2595,29.5005],[120.2606,29.4979],[120.2498,29.4993],[120.247,29.4961],[120.2461,29.4984],[120.2419,29.5023],[120.244,29.5037],[120.2441,29.5075],[120.2411,29.51],[120.2398,29.514],[120.2356,29.5138],[120.2344,29.5146],[120.2311,29.5131],[120.2288,29.5147],[120.2179,29.518],[120.2181,29.5242],[120.2154,29.5257],[120.2118,29.5261],[120.2099,29.5253],[120.204,29.5252],[120.2043,29.5283],[120.2032,29.5309],[120.2043,29.5341],[120.2061,29.5347],[120.2046,29.5398],[120.2086,29.5453],[120.2073,29.5476],[120.2075,29.5505],[120.2091,29.5526],[120.2031,29.5543],[120.1945,29.554],[120.1911,29.5556],[120.1907,29.5584],[120.1857,29.5565],[120.1837,29.5539],[120.1822,29.5535],[120.1815,29.5505],[120.1828,29.5485],[120.1825,29.5462],[120.179,29.5419],[120.1754,29.5353],[120.1755,29.5328],[120.177,29.5301],[120.1761,29.5282],[120.1741,29.5283],[120.1719,29.5264],[120.1692,29.5258],[120.1693,29.5236],[120.1674,29.5217],[120.1636,29.5209],[120.1609,29.5165],[120.1579,29.5168],[120.1534,29.5195],[120.1511,29.5193],[120.1497,29.5152],[120.1449,29.5109],[120.1447,29.5101],[120.1356,29.5119],[120.1334,29.5096],[120.1331,29.5057],[120.1293,29.5054],[120.1266,29.5041],[120.1255,29.5012],[120.1259,29.4981],[120.1249,29.4964],[120.1204,29.4977],[120.1168,29.495],[120.1152,29.4924],[120.1113,29.4938],[120.1115,29.4913],[120.1042,29.4907],[120.1005,29.4918],[120.1024,29.4952],[120.1059,29.4986],[120.1034,29.5011],[120.1047,29.5042],[120.1026,29.505],[120.1002,29.5092],[120.0976,29.5085],[120.0948,29.5096],[120.0915,29.5075],[120.0877,29.5017],[120.0825,29.5033],[120.0805,29.505],[120.0771,29.5048],[120.0733,29.5094],[120.0722,29.5123],[120.0682,29.5148],[120.0689,29.5163],[120.0741,29.5188],[120.0756,29.5171],[120.0822,29.5169],[120.0826,29.5185],[120.0815,29.5247],[120.0835,29.5263],[120.0837,29.5306],[120.088,29.5354],[120.0857,29.5364],[120.0837,29.539],[120.0795,29.5387],[120.0738,29.5402],[120.0693,29.5374],[120.0681,29.5398],[120.0621,29.5436],[120.0511,29.5468],[120.0523,29.5485],[120.0505,29.55],[120.0466,29.5516],[120.0479,29.5539],[120.0478,29.5561],[120.0505,29.5607],[120.0484,29.5623],[120.0452,29.5623],[120.0426,29.5633],[120.0383,29.5686],[120.0385,29.573],[120.0375,29.5736],[120.0338,29.5722],[120.0292,29.5693],[120.0261,29.5682],[120.0225,29.57],[120.0207,29.5719],[120.0183,29.5712],[120.0145,29.5728],[120.0114,29.5726],[120.0094,29.5748],[120.0062,29.5751],[120.0009,29.577],[120.0028,29.5822],[120.0025,29.5854],[120.0041,29.5876],[120.0024,29.5925],[120.0009,29.5938],[120.0017,29.597],[120.0049,29.6005],[120.0059,29.6056],[120.0081,29.6093],[120.0116,29.6102],[120.0125,29.6153],[120.0127,29.6202],[120.0175,29.6218],[120.0239,29.6227],[120.0254,29.6201],[120.0296,29.6197],[120.0308,29.6218],[120.0346,29.623],[120.0373,29.6228],[120.0395,29.6261],[120.0407,29.6294],[120.0395,29.6343],[120.0335,29.6376],[120.0284,29.639],[120.0262,29.6413],[120.0263,29.6431],[120.023,29.6453],[120.0223,29.647],[120.0191,29.6484],[120.02,29.6511],[120.0245,29.6515],[120.0285,29.6536],[120.03,29.6565],[120.0334,29.6567],[120.0353,29.6582],[120.0344,29.6611],[120.0321,29.6624],[120.0321,29.6644],[120.0279,29.6679],[120.028,29.6693],[120.0248,29.6704],[120.0265,29.6659],[120.0248,29.6587],[120.0253,29.657],[120.0233,29.6551],[120.0208,29.6549],[120.017,29.6506],[120.0073,29.6523],[120.005,29.6544],[119.9994,29.6581],[119.9954,29.6585],[119.9887,29.6574],[119.9853,29.6585],[119.9855,29.6622],[119.9846,29.6641],[119.9807,29.6672],[119.9766,29.6692],[119.9723,29.6731],[119.9672,29.6751],[119.9678,29.6778],[119.9665,29.679],[119.9634,29.6768],[119.9666,29.6749],[119.9651,29.673],[119.9595,29.6744],[119.9547,29.6762],[119.9549,29.6786],[119.9512,29.6823],[119.9491,29.6795],[119.9463,29.6787],[119.9462,29.6834],[119.9438,29.6819],[119.9414,29.6841],[119.9358,29.6805],[119.9305,29.6797],[119.93,29.6778],[119.9262,29.6772],[119.9236,29.675],[119.9191,29.6728],[119.9177,29.6711],[119.9168,29.667],[119.9114,29.6674],[119.9083,29.6694],[119.9058,29.6678],[119.9056,29.666],[119.9018,29.6662],[119.9001,29.6644],[119.8964,29.6649],[119.8933,29.6634],[119.8895,29.664],[119.8874,29.6653],[119.8846,29.6641],[119.8826,29.6653],[119.8822,29.6682],[119.8849,29.6723],[119.8859,29.6757],[119.8884,29.6788],[119.8858,29.6796],[119.8829,29.6768],[119.8795,29.6759],[119.8796,29.6736],[119.8766,29.6703],[119.8697,29.6721],[119.8677,29.6711],[119.8652,29.6728],[119.8619,29.6731],[119.8579,29.6722],[119.8553,29.674],[119.852,29.6739],[119.8494,29.6714],[119.8449,29.6732],[119.8434,29.6749],[119.8405,29.6753],[119.8368,29.6792],[119.8342,29.6788],[119.829,29.6829],[119.82,29.6743],[119.8156,29.674],[119.8133,29.6762],[119.808,29.6725],[119.8068,29.6701],[119.8034,29.6674],[119.8006,29.6678],[119.7981,29.6665],[119.7979,29.6646],[119.7949,29.6632],[119.7927,29.6588],[119.789,29.6595],[119.7862,29.658],[119.7861,29.656],[119.782,29.6555],[119.7804,29.6572],[119.7777,29.6565],[119.7741,29.6529],[119.773,29.6501],[119.7738,29.6481],[119.7705,29.6444],[119.7729,29.6424],[119.77,29.6395],[119.7677,29.6383],[119.7656,29.6345],[119.7635,29.6334],[119.7633,29.6282],[119.7648,29.6246],[119.7705,29.6235],[119.772,29.6213],[119.7752,29.6189],[119.7746,29.6149],[119.7729,29.6112],[119.7741,29.6096],[119.7679,29.6083],[119.7657,29.6025],[119.7661,29.6003],[119.7636,29.5997],[119.7613,29.6017],[119.7649,29.608],[119.7619,29.6115],[119.7602,29.6107],[119.7579,29.6067],[119.7547,29.6063],[119.7557,29.6005],[119.7577,29.5993],[119.7567,29.5964],[119.761,29.5964],[119.7624,29.5949],[119.7606,29.5884],[119.7651,29.5838],[119.7638,29.5815],[119.7612,29.581],[119.7556,29.5815],[119.7525,29.5811],[119.7519,29.5798],[119.7465,29.5761],[119.7487,29.573],[119.7516,29.5708],[119.747,29.5668],[119.7503,29.5657],[119.7502,29.5643],[119.7561,29.5641],[119.7569,29.5675],[119.7582,29.5677],[119.7606,29.5645],[119.7615,29.5612],[119.7599,29.5576],[119.7566,29.5591],[119.7573,29.5625],[119.7506,29.5609],[119.7478,29.5617],[119.7465,29.5639],[119.7447,29.5637],[119.7425,29.5612],[119.7422,29.5594],[119.7397,29.5587],[119.7396,29.5544],[119.7364,29.5548],[119.7326,29.5531],[119.7267,29.5514],[119.7238,29.5531],[119.7231,29.555],[119.7209,29.5555],[119.7209,29.5527],[119.7244,29.5497],[119.7223,29.5487],[119.7189,29.552],[119.715,29.5525],[119.7132,29.551],[119.7183,29.5479],[119.7185,29.5464],[119.7126,29.5436],[119.714,29.5395],[119.7174,29.5381],[119.7231,29.5394],[119.7221,29.5376],[119.7256,29.5338],[119.7246,29.5319],[119.725,29.5276],[119.7291,29.525],[119.7295,29.5208],[119.7273,29.5213],[119.7261,29.5232],[119.7226,29.5191],[119.7192,29.5215],[119.7157,29.52],[119.713,29.521],[119.711,29.5234],[119.7093,29.5228],[119.708,29.5202],[119.7113,29.5182],[119.7157,29.5187],[119.7214,29.516],[119.7227,29.5141],[119.7224,29.5119],[119.7202,29.5096],[119.714,29.5078],[119.7104,29.5096],[119.7091,29.5071],[119.7138,29.506],[119.7132,29.503],[119.7108,29.5015],[119.7132,29.4995],[119.7115,29.4962],[119.7106,29.4899],[119.7069,29.4886],[119.7055,29.4935],[119.7058,29.4961],[119.7034,29.4981],[119.6996,29.4964],[119.7007,29.4951],[119.6978,29.4912],[119.6977,29.4865],[119.7002,29.487],[119.6997,29.4814],[119.7027,29.4802],[119.7022,29.4783],[119.7033,29.4731],[119.7012,29.4715],[119.7036,29.4689],[119.7028,29.4669],[119.705,29.4641],[119.7058,29.4606],[119.7099,29.4592],[119.7122,29.456],[119.7095,29.4521],[119.7088,29.448],[119.703,29.4471],[119.7008,29.4458],[119.7017,29.4428],[119.705,29.4429],[119.7057,29.4392],[119.7016,29.439],[119.7032,29.4358],[119.696,29.4365],[119.6945,29.4378],[119.6906,29.4375],[119.6895,29.4424],[119.6874,29.4434],[119.6871,29.4393],[119.6853,29.4339],[119.6806,29.4347],[119.6766,29.4315],[119.6784,29.428],[119.6837,29.4255],[119.6853,29.4253],[119.6836,29.4211],[119.6803,29.4211],[119.6805,29.4232],[119.6754,29.4235],[119.6765,29.4205],[119.679,29.4208],[119.6793,29.4183],[119.6762,29.4179],[119.6748,29.4226],[119.6754,29.4245],[119.6717,29.4245],[119.6706,29.4286],[119.6663,29.4301],[119.6644,29.4332],[119.658,29.4306],[119.6549,29.4299],[119.652,29.4281],[119.6485,29.4295],[119.6477,29.4309],[119.6448,29.4309],[119.6442,29.436],[119.6418,29.4398],[119.6396,29.4399],[119.6372,29.4377],[119.6389,29.4368],[119.6384,29.4327],[119.6352,29.4364],[119.6321,29.438],[119.6288,29.4366],[119.6273,29.4331],[119.6297,29.4314],[119.6324,29.4318],[119.6355,29.4336],[119.6368,29.4312],[119.6328,29.4279],[119.6342,29.4254],[119.6306,29.4256],[119.6294,29.4231],[119.6253,29.4231],[119.6216,29.4218],[119.6195,29.4189],[119.6192,29.4163],[119.6166,29.4114],[119.6199,29.4103],[119.6195,29.4084],[119.6171,29.4072],[119.6146,29.4038],[119.6108,29.4013],[119.6081,29.397],[119.6051,29.3938],[119.604,29.3958],[119.6014,29.3954],[119.6007,29.3928],[119.6026,29.3898],[119.604,29.3896],[119.6086,29.3856],[119.6118,29.3836],[119.614,29.3834],[119.6147,29.3799],[119.6136,29.3774],[119.6156,29.3741],[119.612,29.3709],[119.6098,29.3697],[119.6068,29.3718],[119.6033,29.3724],[119.6011,29.3712],[119.5986,29.3716],[119.5958,29.3742],[119.5901,29.3775],[119.5881,29.3801],[119.585,29.3802],[119.58,29.3815],[119.5743,29.381],[119.5719,29.3771],[119.5682,29.3743],[119.5642,29.3751],[119.5612,29.374],[119.5571,29.3757],[119.5535,29.3748],[119.5503,29.3731],[119.5481,29.3697],[119.5406,29.37],[119.5371,29.371],[119.5334,29.3746],[119.5309,29.3755],[119.5267,29.3735],[119.5242,29.3703],[119.5187,29.368],[119.5212,29.3643],[119.5218,29.3599],[119.52,29.3551],[119.513,29.346],[119.5111,29.3438],[119.5054,29.3356],[119.4993,29.3386],[119.4974,29.3389],[119.4903,29.3365],[119.4857,29.3324],[119.4838,29.3357],[119.4798,29.3349],[119.4812,29.3383],[119.4796,29.3405],[119.4765,29.3394],[119.4752,29.3405],[119.4766,29.3428],[119.4719,29.3469],[119.4716,29.3542],[119.4683,29.3575],[119.4664,29.3567],[119.4645,29.358],[119.4616,29.3551],[119.461,29.3579],[119.4617,29.3602],[119.4577,29.3614],[119.4568,29.3635],[119.4542,29.364],[119.4557,29.3662],[119.4549,29.3688],[119.4526,29.3699],[119.4538,29.375],[119.4574,29.3767],[119.4588,29.3832],[119.4618,29.3834],[119.4632,29.3846],[119.4619,29.3873],[119.4622,29.3924],[119.4594,29.3941],[119.4553,29.3937],[119.4579,29.3965],[119.4592,29.399],[119.4582,29.4013],[119.4546,29.4033],[119.4482,29.4058],[119.4491,29.4073],[119.4476,29.4101],[119.4378,29.4122],[119.4379,29.4135],[119.4346,29.4195],[119.4338,29.426],[119.4307,29.4266],[119.4252,29.4247],[119.4248,29.4203],[119.4222,29.4183],[119.4177,29.4165],[119.4199,29.4141],[119.4248,29.4154],[119.4233,29.4092],[119.4203,29.4069],[119.4168,29.4075],[119.4123,29.4066],[119.4097,29.4088],[119.4061,29.4079],[119.403,29.409],[119.3993,29.4074],[119.3955,29.4134],[119.3911,29.4141],[119.3876,29.4172],[119.3873,29.4205],[119.3852,29.423],[119.3851,29.4294],[119.3834,29.4312],[119.3778,29.4346],[119.376,29.4341],[119.3726,29.4302],[119.3674,29.4228],[119.3671,29.4208],[119.3631,29.4178],[119.3602,29.4174],[119.3576,29.4191],[119.355,29.4182],[119.3533,29.4158],[119.3491,29.4119],[119.3469,29.4127],[119.3397,29.4108],[119.3372,29.4117],[119.3351,29.4109],[119.3329,29.4085],[119.3296,29.4095],[119.328,29.404],[119.3247,29.4012],[119.3254,29.3996],[119.3287,29.3989],[119.3319,29.3971],[119.332,29.3941],[119.3292,29.3934],[119.3311,29.3909],[119.3333,29.3903],[119.3357,29.3936],[119.3404,29.3919],[119.3386,29.3899],[119.3344,29.3828],[119.3357,29.3791],[119.3312,29.3745],[119.3307,29.367],[119.332,29.3663],[119.3307,29.3623],[119.3282,29.3604],[119.3279,29.3585],[119.3294,29.3553],[119.3283,29.3517],[119.331,29.351],[119.3347,29.3525],[119.3357,29.3489],[119.3349,29.3466],[119.3411,29.3439],[119.3413,29.3385],[119.3427,29.3378],[119.3432,29.334],[119.3407,29.3311],[119.3405,29.3288],[119.3443,29.3206],[119.3474,29.3194],[119.3461,29.3178],[119.3406,29.32],[119.3379,29.3168],[119.3357,29.3176],[119.3324,29.3168],[119.3292,29.3136],[119.3257,29.3121],[119.3227,29.313],[119.3204,29.3096],[119.3205,29.304],[119.3232,29.3027],[119.3226,29.298],[119.3257,29.2955],[119.3259,29.2938],[119.3222,29.2944],[119.3214,29.2912],[119.3185,29.2908],[119.3192,29.2889],[119.3175,29.2875],[119.318,29.2852],[119.31,29.2864],[119.3138,29.284],[119.3108,29.2822],[119.3081,29.2849],[119.3063,29.2856],[119.3042,29.2833],[119.3012,29.283],[119.3011,29.2801],[119.2965,29.2771],[119.2931,29.2799],[119.2919,29.2792],[119.2897,29.2845],[119.2875,29.2861],[119.2848,29.285],[119.2826,29.2821],[119.2795,29.2823],[119.2779,29.2792],[119.2793,29.2748],[119.2811,29.2726],[119.2785,29.2678],[119.2753,29.267],[119.2749,29.2639],[119.2708,29.2614],[119.2675,29.2579],[119.2677,29.2558],[119.2653,29.2528],[119.2619,29.253],[119.2566,29.2503],[119.2541,29.2499]]]},"properties":{"region_code":"CN-33-3307","parent_region_code":"CN-33","name":"金华市","level":"prefecture","has_children":true,"full_path":"中国 / 浙江省 / 金华市","source_admin_code":"3307","osm_relation_id":3411720}},
{"type":"Feature","geometry":{"type":"Polygon","coordinates":[[[118.3399,29.4787],[118.3374,29.483],[118.3336,29.4839],[118.3311,29.4854],[118.3284,29.4915],[118.3267,29.4931],[118.3254,29.4985],[118.3212,29.4999],[118.3168,29.4998],[118.3124,29.4978],[118.3075,29.4993],[118.3054,29.4993],[118.3023,29.4966],[118.2994,29.4924],[118.3019,29.4898],[118.3022,29.4867],[118.3011,29.4807],[118.3036,29.4784],[118.3041,29.4736],[118.3065,29.4701],[118.3069,29.4662],[118.3085,29.4618],[118.3081,29.4593],[118.3112,29.4575],[118.3096,29.455],[118.3118,29.4519],[118.3116,29.4497],[118.3099,29.4465],[118.3104,29.4427],[118.3098,29.4381],[118.3106,29.4358],[118.3095,29.4336],[118.3102,29.4275],[118.3098,29.4257],[118.3054,29.4235],[118.301,29.4225],[118.297,29.4237],[118.2937,29.4209],[118.2905,29.4219],[118.2867,29.4222],[118.2862,29.4271],[118.2839,29.4275],[118.2809,29.4292],[118.2775,29.4288],[118.2755,29.4272],[118.2722,29.4263],[118.2682,29.4281],[118.2658,29.4304],[118.2626,29.4295],[118.2582,29.4296],[118.2521,29.4282],[118.2504,29.4303],[118.2449,29.4339],[118.2418,29.4324],[118.2358,29.4305],[118.2335,29.4285],[118.2304,29.4272],[118.2257,29.4267],[118.2229,29.4277],[118.2196,29.4269],[118.2173,29.4247],[118.2145,29.4245],[118.2108,29.4207],[118.2092,29.4134],[118.2075,29.4131],[118.2036,29.4073],[118.2011,29.4045],[118.2002,29.3996],[118.1982,29.3972],[118.1942,29.3953],[118.1923,29.3973],[118.1876,29.3971],[118.1852,29.395],[118.1856,29.3933],[118.1896,29.3895],[118.194,29.3879],[118.1943,29.3856],[118.1975,29.3831],[118.2032,29.3799],[118.2016,29.3735],[118.1982,29.3704],[118.1988,29.3679],[118.2007,29.3666],[118.2033,29.3628],[118.2043,29.3583],[118.202,29.3547],[118.2025,29.3517],[118.2039,29.3502],[118.2019,29.3463],[118.1999,29.347],[118.1938,29.3438],[118.1928,29.3446],[118.1885,29.3433],[118.1833,29.3381],[118.1799,29.3362],[118.1775,29.3337],[118.178,29.329],[118.1743,29.3241],[118.171,29.3233],[118.1682,29.3198],[118.1623,29.3174],[118.1611,29.3148],[118.1619,29.3132],[118.1659,29.3125],[118.1697,29.3106],[118.1705,29.3069],[118.1719,29.306],[118.1737,29.3009],[118.1702,29.3002],[118.167,29.301],[118.1667,29.2988],[118.1679,29.2959],[118.1658,29.2945],[118.164,29.2952],[118.1636,29.2905],[118.1654,29.2863],[118.1649,29.2845],[118.155,29.2848],[118.1496,29.2869],[118.1473,29.2885],[118.1435,29.2898],[118.1421,29.2889],[118.1387,29.2901],[118.1352,29.289],[118.131,29.2866],[118.1234,29.2886],[118.1191,29.2909],[118.1155,29.2907],[118.1105,29.2953],[118.1089,29.2957],[118.1031,29.2923],[118.101,29.2875],[118.0972,29.2864],[118.0904,29.2885],[118.0884,29.2883],[118.0841,29.2903],[118.0818,29.2898],[118.0784,29.2926],[118.0746,29.2925],[118.0724,29.2938],[118.0695,29.2933],[118.0666,29.2907],[118.0664,29.289],[118.0704,29.2878],[118.0716,29.2849],[118.0712,29.2818],[118.0727,29.2803],[118.0731,29.2743],[118.0719,29.2727],[118.0737,29.2686],[118.0757,29.2668],[118.0738,29.265],[118.075,29.2633],[118.0726,29.2578],[118.0704,29.2562],[118.0712,29.2536],[118.0703,29.2485],[118.0752,29.2464],[118.0752,29.245],[118.0792,29.2402],[118.0771,29.2384],[118.0742,29.233],[118.0748,29.228],[118.0787,29.222],[118.0773,29.2208],[118.0737,29.2209],[118.0686,29.2195],[118.0622,29.2184],[118.0583,29.2191],[118.0511,29.2173],[118.0484,29.2185],[118.0427,29.2195],[118.0406,29.2185],[118.0387,29.2154],[118.0361,29.213],[118.0369,29.2089],[118.034,29.205],[118.036,29.203],[118.0344,29.1991],[118.0324,29.1991],[118.0315,29.1972],[118.0318,29.1938],[118.0296,29.1911],[118.0292,29.1885],[118.0276,29.1854],[118.0284,29.1844],[118.0286,29.1786],[118.0275,29.177],[118.0233,29.1739],[118.0224,29.171],[118.0252,29.1668],[118.0271,29.1676],[118.0357,29.1639],[118.0385,29.1603],[118.0378,29.1558],[118.0394,29.1517],[118.037,29.149],[118.0384,29.1419],[118.0345,29.1328],[118.0326,29.132],[118.0332,29.1283],[118.0368,29.1262],[118.0407,29.1249],[118.0419,29.1223],[118.0451,29.1219],[118.0481,29.1189],[118.0485,29.1156],[118.0458,29.1154],[118.0407,29.1136],[118.0388,29.1137],[118.0349,29.1103],[118.035,29.1087],[118.0328,29.1058],[118.0308,29.1015],[118.0322,29.0992],[118.0327,29.096],[118.0361,29.093],[118.0399,29.0908],[118.046,29.0911],[118.0506,29.0888],[118.0533,29.0868],[118.0554,29.084],[118.0607,29.0845],[118.0639,29.0839],[118.0649,29.0816],[118.0704,29.0776],[118.0681,29.0702],[118.0719,29.0671],[118.072,29.0654],[118.0676,29.0634],[118.065,29.0592],[118.06,29.0567],[118.061,29.0548],[118.0604,29.0525],[118.0643,29.0482],[118.0659,29.0481],[118.067,29.0456],[118.0656,29.0441],[118.0677,29.039],[118.0705,29.0385],[118.0743,29.0403],[118.0789,29.034],[118.082,29.0321],[118.0836,29.0297],[118.0842,29.0261],[118.0832,29.0241],[118.084,29.0184],[118.0828,29.0157],[118.085,29.0129],[118.0853,29.0099],[118.0877,29.0059],[118.0897,29.0046],[118.0916,29.0013],[118.0933,29.004],[118.0955,29.0049],[118.0977,29.01],[118.0998,29.0118],[118.0983,29.0132],[118.1018,29.0148],[118.104,29.0102],[118.1035,29.009],[118.1053,29.0066],[118.102,29.006],[118.1013,29.0012],[118.0984,28.9989],[118.0973,28.9961],[118.0946,28.9931],[118.097,28.9928],[118.0993,28.9942],[118.1049,28.9943],[118.1047,28.9976],[118.1057,29.0016],[118.1073,29.0039],[118.1057,29.0057],[118.1093,29.0097],[118.1082,29.012],[118.1108,29.0125],[118.1135,29.0144],[118.1153,29.014],[118.1219,29.0188],[118.1272,29.0111],[118.1239,29.0066],[118.1241,29.002],[118.12,28.9987],[118.1204,28.9968],[118.124,28.994],[118.1252,28.9914],[118.1268,28.9905],[118.1285,28.9864],[118.1349,28.9831],[118.1394,28.9833],[118.1425,28.9824],[118.141,28.9857],[118.1418,28.9875],[118.1498,28.9899],[118.1515,28.9883],[118.1625,28.9887],[118.1643,28.988],[118.1701,28.9827],[118.1748,28.984],[118.1783,28.98],[118.1815,28.9799],[118.1843,28.9738],[118.191,28.9682],[118.1919,28.9644],[118.1944,28.96],[118.1936,28.9581],[118.1995,28.9555],[118.2025,28.9575],[118.2045,28.9576],[118.2068,28.952],[118.2104,28.9507],[118.2153,28.952],[118.2185,28.9511],[118.2228,28.9477],[118.2224,28.9446],[118.2186,28.9397],[118.2161,28.9373],[118.211,28.9342],[118.2079,28.9298],[118.2049,28.9281],[118.202,28.9233],[118.1987,28.9214],[118.1964,28.9214],[118.1933,28.9194],[118.1917,28.9195],[118.1887,28.9164],[118.1892,28.9145],[118.1881,28.9112],[118.1894,28.9099],[118.1904,28.9065],[118.1948,28.9053],[118.1965,28.907],[118.1993,28.9082],[118.2036,28.9077],[118.2072,28.9106],[118.2121,28.9114],[118.2163,28.9149],[118.2212,28.9147],[118.2234,28.9177],[118.2283,28.9186],[118.2324,28.9218],[118.2385,28.9234],[118.2456,28.9223],[118.2485,28.9245],[118.2492,28.9263],[118.252,28.9265],[118.2562,28.9226],[118.2579,28.9233],[118.2617,28.9218],[118.2643,28.9219],[118.2665,28.9203],[118.2658,28.9174],[118.2681,28.9137],[118.2699,28.908],[118.2695,28.9055],[118.2729,28.8985],[118.2764,28.8948],[118.2774,28.8896],[118.2768,28.8847],[118.2811,28.8794],[118.2828,28.8744],[118.2834,28.8705],[118.2827,28.8665],[118.2855,28.8667],[118.2892,28.8638],[118.2906,28.8578],[118.2926,28.8557],[118.2921,28.851],[118.2956,28.8484],[118.2969,28.846],[118.3,28.8435],[118.2954,28.8414],[118.2934,28.8392],[118.2898,28.8382],[118.2928,28.8342],[118.2941,28.8336],[118.2957,28.829],[118.2993,28.8304],[118.3008,28.8266],[118.3061,28.8244],[118.3133,28.8241],[118.3154,28.8244],[118.3168,28.8222],[118.321,28.822],[118.322,28.8205],[118.3287,28.8171],[118.3333,28.8173],[118.3354,28.8186],[118.3427,28.8165],[118.3444,28.8172],[118.3483,28.8166],[118.3491,28.8181],[118.3529,28.818],[118.3545,28.8157],[118.3588,28.8163],[118.3631,28.8142],[118.3656,28.8117],[118.3689,28.8061],[118.3673,28.804],[118.3694,28.7982],[118.3703,28.7987],[118.3757,28.7923],[118.3769,28.79],[118.3751,28.7879],[118.3761,28.7808],[118.3748,28.7796],[118.3745,28.7768],[118.3785,28.7771],[118.3786,28.7713],[118.3799,28.7698],[118.3799,28.7628],[118.382,28.7577],[118.3871,28.7585],[118.3883,28.7557],[118.3885,28.7516],[118.3824,28.749],[118.3867,28.7456],[118.3872,28.7413],[118.3941,28.7397],[118.3955,28.7378],[118.3943,28.7364],[118.3885,28.7372],[118.3875,28.7326],[118.3908,28.7336],[118.3943,28.7304],[118.3945,28.7263],[118.3911,28.7276],[118.39,28.7261],[118.3932,28.7234],[118.3957,28.7244],[118.3953,28.7199],[118.3969,28.7173],[118.3934,28.7153],[118.3885,28.7144],[118.3872,28.7135],[118.387,28.7092],[118.3853,28.7079],[118.3867,28.706],[118.3858,28.7037],[118.3883,28.7022],[118.3917,28.7048],[118.3946,28.7046],[118.3976,28.7062],[118.4004,28.7022],[118.4012,28.7001],[118.4045,28.7017],[118.407,28.701],[118.4071,28.699],[118.4143,28.6949],[118.4141,28.6927],[118.4103,28.6938],[118.4092,28.6922],[118.4095,28.6896],[118.413,28.6883],[118.4112,28.6853],[118.4149,28.6844],[118.4168,28.6825],[118.42,28.6841],[118.4229,28.6844],[118.4262,28.6829],[118.4279,28.6794],[118.4245,28.6773],[118.4258,28.6754],[118.4254,28.6725],[118.4273,28.671],[118.4257,28.6693],[118.4274,28.6673],[118.4254,28.6633],[118.4262,28.6579],[118.4227,28.6558],[118.4261,28.6542],[118.4247,28.6524],[118.4216,28.6507],[118.4192,28.6513],[118.4172,28.649],[118.4189,28.646],[118.4179,28.6442],[118.4184,28.6417],[118.4204,28.64],[118.4225,28.6344],[118.4281,28.6278],[118.4243,28.6219],[118.4218,28.6205],[118.4205,28.615],[118.4165,28.614],[118.4138,28.6147],[118.4087,28.6126],[118.4083,28.6093],[118.4104,28.6064],[118.4084,28.604],[118.4098,28.602],[118.4108,28.5981],[118.4137,28.6002],[118.4165,28.5993],[118.4157,28.5967],[118.4169,28.5906],[118.4183,28.5881],[118.4123,28.5868],[118.411,28.5824],[118.411,28.58],[118.4128,28.5793],[118.4127,28.576],[118.4061,28.5761],[118.4056,28.5729],[118.404,28.5723],[118.405,28.5697],[118.4087,28.5662],[118.4089,28.5616],[118.4071,28.5589],[118.411,28.5564],[118.4133,28.5559],[118.4156,28.5521],[118.4203,28.5508],[118.4213,28.5486],[118.417,28.5489],[118.4161,28.547],[118.4168,28.5429],[118.4197,28.5417],[118.4187,28.54],[118.4211,28.5352],[118.4193,28.5326],[118.421,28.5294],[118.4199,28.5276],[118.422,28.5252],[118.4263,28.5232],[118.4261,28.5208],[118.428,28.5193],[118.432,28.5248],[118.4372,28.5196],[118.4397,28.5192],[118.4389,28.5137],[118.4369,28.5132],[118.4369,28.5106],[118.4339,28.5104],[118.4333,28.5056],[118.4306,28.5069],[118.4263,28.5058],[118.4257,28.5044],[118.4215,28.5047],[118.4194,28.5033],[118.4157,28.5041],[118.4137,28.5055],[118.4094,28.5008],[118.4129,28.4989],[118.4159,28.4962],[118.4176,28.4971],[118.4206,28.4957],[118.4227,28.4963],[118.4254,28.4949],[118.4308,28.4964],[118.4312,28.4948],[118.4353,28.4945],[118.4376,28.4917],[118.4386,28.4891],[118.4454,28.4848],[118.4483,28.4798],[118.4516,28.4801],[118.4546,28.4835],[118.458,28.4857],[118.4584,28.4836],[118.4617,28.485],[118.4624,28.4839],[118.4696,28.482],[118.4701,28.4802],[118.4729,28.4778],[118.4727,28.474],[118.4773,28.4731],[118.4757,28.4706],[118.4696,28.4706],[118.468,28.4696],[118.4672,28.4667],[118.4618,28.4632],[118.461,28.4621],[118.4651,28.4578],[118.4646,28.4559],[118.4606,28.4569],[118.4595,28.4534],[118.4603,28.4506],[118.4588,28.446],[118.4565,28.4445],[118.4567,28.4408],[118.4549,28.4394],[118.4555,28.4372],[118.4541,28.4361],[118.4544,28.4334],[118.4524,28.4312],[118.4519,28.4283],[118.4484,28.4268],[118.446,28.4224],[118.4512,28.4204],[118.4501,28.419],[118.4452,28.4184],[118.44,28.4162],[118.4349,28.4153],[118.4332,28.4126],[118.4345,28.4093],[118.432,28.409],[118.4306,28.4068],[118.4265,28.4051],[118.4265,28.4025],[118.4299,28.4033],[118.4331,28.403],[118.4352,28.4003],[118.436,28.3979],[118.4357,28.3947],[118.4397,28.3923],[118.441,28.3904],[118.4433,28.3905],[118.4482,28.3889],[118.4501,28.3871],[118.4527,28.3827],[118.4546,28.3747],[118.4571,28.3708],[118.4592,28.3692],[118.4582,28.3663],[118.4583,28.3629],[118.4638,28.3605],[118.4647,28.3578],[118.4645,28.3511],[118.4652,28.3467],[118.468,28.3447],[118.4693,28.341],[118.4679,28.3371],[118.4668,28.3361],[118.4695,28.3335],[118.4646,28.3314],[118.4752,28.3306],[118.4764,28.334],[118.4754,28.338],[118.4781,28.3374],[118.4796,28.3343],[118.4822,28.3329],[118.4801,28.3281],[118.4785,28.3278],[118.4766,28.3245],[118.478,28.3222],[118.4768,28.3207],[118.4746,28.3237],[118.4718,28.3219],[118.4686,28.3215],[118.4656,28.3192],[118.4669,28.3174],[118.4654,28.3144],[118.4614,28.3095],[118.4575,28.307],[118.4562,28.3044],[118.4546,28.3048],[118.4504,28.3019],[118.449,28.3017],[118.4456,28.299],[118.4419,28.297],[118.4346,28.2949],[118.4281,28.2916],[118.4266,28.2863],[118.4248,28.2827],[118.4277,28.2798],[118.4299,28.271],[118.4324,28.2722],[118.4361,28.2715],[118.4366,28.2698],[118.434,28.2654],[118.4373,28.264],[118.4441,28.2646],[118.4449,28.2624],[118.4426,28.2598],[118.4382,28.2536],[118.4438,28.2542],[118.4457,28.2516],[118.4479,28.2511],[118.4501,28.2489],[118.4543,28.25],[118.4545,28.2469],[118.4575,28.2481],[118.4589,28.2463],[118.4636,28.2485],[118.4716,28.2472],[118.4753,28.25],[118.4781,28.2486],[118.4836,28.2427],[118.4871,28.2415],[118.4909,28.2477],[118.4947,28.2488],[118.4979,28.2511],[118.4977,28.2535],[118.4999,28.2562],[118.4975,28.2567],[118.4961,28.2597],[118.4932,28.2603],[118.4909,28.2646],[118.4886,28.2651],[118.4888,28.2708],[118.491,28.2723],[118.4895,28.2773],[118.4918,28.2793],[118.4952,28.2792],[118.4981,28.2829],[118.5007,28.2832],[118.5035,28.2822],[118.5065,28.2795],[118.5091,28.2789],[118.5091,28.2748],[118.5114,28.2731],[118.516,28.2754],[118.5137,28.2801],[118.5167,28.2811],[118.5192,28.2807],[118.5203,28.2782],[118.523,28.2784],[118.5251,28.2773],[118.5264,28.2749],[118.5294,28.2745],[118.5308,28.2719],[118.5335,28.275],[118.537,28.2766],[118.5414,28.2772],[118.5427,28.2756],[118.5389,28.2726],[118.5404,28.2665],[118.5448,28.2703],[118.5443,28.2749],[118.5415,28.2772],[118.5436,28.285],[118.5471,28.2836],[118.5484,28.2819],[118.5563,28.2825],[118.5595,28.286],[118.5631,28.2888],[118.5648,28.2887],[118.5677,28.2915],[118.5736,28.288],[118.5764,28.2903],[118.5792,28.2877],[118.5827,28.287],[118.5878,28.2802],[118.5895,28.2794],[118.5931,28.275],[118.5927,28.2702],[118.5909,28.2677],[118.5903,28.262],[118.5907,28.2607],[118.597,28.2572],[118.599,28.2592],[118.6022,28.2603],[118.604,28.2654],[118.6072,28.2704],[118.6088,28.2744],[118.6107,28.2726],[118.609,28.2709],[118.6101,28.2693],[118.6065,28.2664],[118.6105,28.264],[118.6144,28.2599],[118.6169,28.2597],[118.6192,28.2614],[118.6215,28.2658],[118.6244,28.264],[118.6292,28.2655],[118.6309,28.2679],[118.6313,28.2719],[118.6329,28.2724],[118.6356,28.2772],[118.6406,28.2769],[118.646,28.2803],[118.6487,28.2806],[118.656,28.2764],[118.6552,28.2734],[118.6566,28.2725],[118.6606,28.2748],[118.6633,28.2724],[118.6672,28.2738],[118.6702,28.2726],[118.6716,28.2733],[118.6748,28.2785],[118.6788,28.2801],[118.681,28.2871],[118.6842,28.2908],[118.6872,28.2931],[118.6876,28.2969],[118.6895,28.3031],[118.6893,28.3081],[118.6923,28.3087],[118.6954,28.3137],[118.6943,28.3179],[118.6904,28.3213],[118.6925,28.3217],[118.6953,28.3189],[118.6963,28.3199],[118.6974,28.3251],[118.6966,28.3299],[118.7006,28.3333],[118.7038,28.3372],[118.7081,28.3365],[118.7094,28.3391],[118.7137,28.3422],[118.7165,28.3406],[118.719,28.3416],[118.7236,28.3494],[118.7267,28.3508],[118.7291,28.355],[118.7331,28.3591],[118.735,28.3623],[118.7353,28.3648],[118.7368,28.3658],[118.7374,28.3685],[118.7365,28.3719],[118.7336,28.3741],[118.7358,28.376],[118.7362,28.3795],[118.7403,28.3842],[118.7435,28.3892],[118.7424,28.391],[118.7463,28.3975],[118.7508,28.3992],[118.7526,28.4026],[118.7516,28.4062],[118.7534,28.4097],[118.7547,28.4105],[118.7528,28.4134],[118.7478,28.4153],[118.7506,28.4195],[118.7426,28.4203],[118.7393,28.4183],[118.7349,28.4187],[118.7331,28.4182],[118.7302,28.4198],[118.7286,28.4171],[118.7252,28.4147],[118.7196,28.4147],[118.7175,28.4165],[118.7194,28.4206],[118.7188,28.4275],[118.7204,28.4295],[118.7226,28.4302],[118.7242,28.4323],[118.7194,28.4349],[118.7188,28.4368],[118.7219,28.4428],[118.7245,28.445],[118.7248,28.4507],[118.7257,28.4544],[118.7245,28.4555],[118.7266,28.4603],[118.7206,28.4642],[118.7205,28.4734],[118.7218,28.4773],[118.725,28.4831],[118.7228,28.4872],[118.7225,28.4905],[118.7194,28.4914],[118.7184,28.4967],[118.7206,28.4998],[118.722,28.5031],[118.7261,28.5028],[118.7282,28.5035],[118.7298,28.5089],[118.7384,28.513],[118.7442,28.5234],[118.7456,28.5275],[118.7486,28.5282],[118.7558,28.5265],[118.7603,28.5275],[118.7644,28.5238],[118.7704,28.5212],[118.7723,28.5219],[118.7752,28.5263],[118.7757,28.5299],[118.7811,28.5342],[118.7841,28.534],[118.787,28.5353],[118.7878,28.5379],[118.7938,28.5391],[118.7985,28.5367],[118.8008,28.5364],[118.802,28.5385],[118.8048,28.5394],[118.8074,28.5422],[118.8078,28.546],[118.8142,28.548],[118.8158,28.551],[118.819,28.5516],[118.8223,28.5507],[118.8271,28.548],[118.8298,28.5472],[118.8311,28.5443],[118.8337,28.5432],[118.8386,28.5439],[118.8403,28.545],[118.8463,28.5446],[118.8478,28.5428],[118.8473,28.5399],[118.8498,28.5351],[118.85,28.5299],[118.8521,28.5327],[118.86,28.533],[118.8615,28.5306],[118.8618,28.5266],[118.8611,28.523],[118.8638,28.5166],[118.8702,28.5209],[118.8706,28.5228],[118.8731,28.5237],[118.8757,28.5286],[118.8772,28.5334],[118.8841,28.536],[118.8863,28.5382],[118.8857,28.5427],[118.8881,28.5445],[118.8946,28.5466],[118.8968,28.5485],[118.8974,28.5523],[118.9004,28.5549],[118.9002,28.557],[118.9022,28.5614],[118.907,28.5638],[118.909,28.5665],[118.9093,28.5699],[118.9108,28.5718],[118.9067,28.576],[118.902,28.5775],[118.9063,28.5816],[118.9052,28.5831],[118.9055,28.5905],[118.9048,28.5917],[118.9054,28.5952],[118.9068,28.5973],[118.9052,28.5998],[118.9059,28.6011],[118.9107,28.6016],[118.9131,28.6027],[118.9138,28.6043],[118.9125,28.6132],[118.9109,28.6161],[118.9185,28.6225],[118.9216,28.6256],[118.923,28.6296],[118.9216,28.6327],[118.9197,28.6343],[118.9207,28.6371],[118.9266,28.6447],[118.9324,28.6466],[118.9373,28.6494],[118.9417,28.6471],[118.9433,28.6486],[118.9476,28.6502],[118.9488,28.6519],[118.9526,28.6507],[118.9564,28.6481],[118.9579,28.6453],[118.9598,28.6488],[118.9631,28.6511],[118.9642,28.6542],[118.9662,28.6545],[118.9672,28.6571],[118.9703,28.6587],[118.9748,28.6656],[118.9792,28.6665],[118.9807,28.6712],[118.9828,28.6728],[118.9859,28.6771],[118.9873,28.6808],[118.9913,28.6845],[118.9956,28.6851],[118.9984,28.6907],[119.001,28.694],[119.0053,28.6961],[119.0093,28.6969],[119.0111,28.7032],[119.0127,28.7052],[119.0157,28.707],[119.0181,28.7075],[119.0214,28.711],[119.024,28.7127],[119.0321,28.7118],[119.0392,28.7154],[119.0417,28.7199],[119.0416,28.7245],[119.0445,28.7264],[119.0468,28.7266],[119.0485,28.7307],[119.055,28.7322],[119.0589,28.7365],[119.0625,28.7364],[119.064,28.7374],[119.0677,28.7378],[119.0722,28.7402],[119.0748,28.7442],[119.079,28.7432],[119.0791,28.7411],[119.0833,28.7384],[119.089,28.7427],[119.0915,28.7465],[119.0929,28.7505],[119.0963,28.7483],[119.0966,28.7467],[119.1012,28.7463],[119.1089,28.7441],[119.1155,28.7407],[119.1179,28.7427],[119.1233,28.7405],[119.1281,28.7415],[119.1352,28.7411],[119.1365,28.7432],[119.1403,28.744],[119.1446,28.744],[119.1456,28.7455],[119.1506,28.748],[119.1522,28.7479],[119.1559,28.7517],[119.158,28.7519],[119.1622,28.7486],[119.164,28.7511],[119.1626,28.756],[119.1661,28.7532],[119.1676,28.754],[119.1664,28.7573],[119.1681,28.7579],[119.1709,28.7568],[119.172,28.7583],[119.1722,28.7621],[119.1709,28.7662],[119.1724,28.7673],[119.1772,28.7674],[119.1806,28.7728],[119.1836,28.7747],[119.1834,28.7772],[119.1854,28.7791],[119.1881,28.7791],[119.1902,28.7819],[119.1986,28.779],[119.2009,28.7787],[119.1991,28.7749],[119.1988,28.7712],[119.2036,28.7708],[119.2052,28.7716],[119.2054,28.7748],[119.2073,28.7764],[119.2088,28.7747],[119.2108,28.7756],[119.2135,28.7742],[119.2173,28.7695],[119.2277,28.7677],[119.2316,28.7651],[119.2363,28.7654],[119.2398,28.7647],[119.2416,28.7672],[119.2442,28.7669],[119.2461,28.7685],[119.2452,28.7708],[119.2477,28.7758],[119.2502,28.7765],[119.2517,28.7821],[119.2563,28.783],[119.2559,28.7864],[119.2588,28.7858],[119.2589,28.7892],[119.2577,28.7918],[119.2605,28.7929],[119.2623,28.7978],[119.2674,28.7961],[119.2711,28.7991],[119.2722,28.8018],[119.2675,28.8067],[119.2616,28.8045],[119.2623,28.8086],[119.2652,28.8088],[119.2671,28.8104],[119.2692,28.8081],[119.273,28.8066],[119.2785,28.8102],[119.2799,28.8092],[119.2852,28.8103],[119.2897,28.8096],[119.2942,28.8068],[119.2981,28.8074],[119.3007,28.8108],[119.3025,28.8109],[119.3048,28.8138],[119.3079,28.8158],[119.3133,28.8146],[119.316,28.8103],[119.3161,28.8074],[119.3212,28.81],[119.3218,28.8122],[119.3253,28.8131],[119.3262,28.8158],[119.33,28.816],[119.332,28.8202],[119.3349,28.8224],[119.3338,28.8253],[119.3347,28.8269],[119.338,28.8274],[119.3405,28.8306],[119.3381,28.8345],[119.3338,28.8356],[119.3309,28.8386],[119.3291,28.8436],[119.3307,28.8447],[119.3285,28.8484],[119.325,28.8482],[119.3231,28.8498],[119.3188,28.8494],[119.3173,28.8484],[119.3094,28.8468],[119.3064,28.845],[119.3052,28.8464],[119.3063,28.8503],[119.3059,28.8542],[119.3086,28.8611],[119.3092,28.8645],[119.3056,28.8643],[119.3074,28.8686],[119.3102,28.8669],[119.3116,28.8695],[119.3146,28.8707],[119.3164,28.8671],[119.3194,28.8702],[119.3221,28.8703],[119.3226,28.8687],[119.3282,28.868],[119.3298,28.8697],[119.3298,28.8723],[119.3312,28.8734],[119.3324,28.877],[119.3312,28.8822],[119.3267,28.8827],[119.3274,28.8852],[119.3331,28.8839],[119.3345,28.8879],[119.3361,28.8901],[119.3347,28.8916],[119.3374,28.8929],[119.3402,28.8929],[119.3397,28.8953],[119.3417,28.9016],[119.3392,28.9033],[119.3363,28.9077],[119.3327,28.9099],[119.3274,28.9107],[119.3272,28.9152],[119.3262,28.9175],[119.323,28.9193],[119.3254,28.9207],[119.3221,28.9228],[119.3217,28.9284],[119.3232,28.9335],[119.3215,28.9391],[119.3155,28.9401],[119.3165,28.9428],[119.3124,28.9428],[119.3112,28.9455],[119.3126,28.9479],[119.312,28.9507],[119.309,28.9551],[119.3085,28.9573],[119.3118,28.9617],[119.3115,28.9638],[119.3135,28.9653],[119.3161,28.9697],[119.3193,28.9708],[119.3173,28.9751],[119.3173,28.9768],[119.3218,28.9821],[119.3229,28.9842],[119.3224,28.9863],[119.3241,28.9893],[119.3203,28.9914],[119.3172,28.9916],[119.3172,28.9941],[119.3197,29.0006],[119.3158,29.0018],[119.315,29.0034],[119.3168,29.0055],[119.3147,29.0067],[119.3158,29.011],[119.3182,29.0133],[119.3186,29.0162],[119.3179,29.0184],[119.3188,29.0217],[119.3228,29.0229],[119.3215,29.0258],[119.3204,29.0322],[119.3229,29.0371],[119.3267,29.037],[119.3277,29.0403],[119.3259,29.0429],[119.3289,29.0451],[119.3289,29.0485],[119.3254,29.0511],[119.3234,29.0562],[119.3211,29.0577],[119.3196,29.0609],[119.3214,29.0632],[119.3237,29.0713],[119.3256,29.0723],[119.3279,29.0714],[119.3318,29.0753],[119.33,29.082],[119.3267,29.0837],[119.324,29.0871],[119.3209,29.0921],[119.3214,29.0951],[119.3199,29.0966],[119.3151,29.0944],[119.3113,29.0886],[119.306,29.0887],[119.3019,29.0865],[119.3011,29.0876],[119.3022,29.0911],[119.2961,29.0906],[119.2948,29.0917],[119.2953,29.0945],[119.2949,29.098],[119.297,29.0999],[119.2967,29.1025],[119.2899,29.1065],[119.2878,29.1056],[119.286,29.1069],[119.2857,29.11],[119.2824,29.1129],[119.2818,29.1164],[119.2805,29.1179],[119.2781,29.1173],[119.2765,29.12],[119.2663,29.1214],[119.2633,29.1254],[119.2629,29.1294],[119.2649,29.1315],[119.264,29.1345],[119.2617,29.1379],[119.2582,29.1388],[119.2553,29.1379],[119.2511,29.1396],[119.2478,29.1372],[119.2473,29.1403],[119.244,29.1442],[119.2439,29.1467],[119.2467,29.1485],[119.2464,29.1515],[119.2439,29.1542],[119.2472,29.1553],[119.246,29.1576],[119.2437,29.1576],[119.2387,29.1642],[119.2394,29.166],[119.2385,29.1697],[119.2363,29.1725],[119.2402,29.1785],[119.2389,29.1813],[119.2405,29.185],[119.238,29.1867],[119.238,29.1911],[119.2363,29.1939],[119.2342,29.1932],[119.2311,29.1956],[119.2288,29.1933],[119.226,29.192],[119.2249,29.1949],[119.2234,29.1956],[119.2202,29.1944],[119.2182,29.1962],[119.2184,29.1997],[119.2245,29.199],[119.2293,29.1996],[119.2287,29.2036],[119.2309,29.2037],[119.2327,29.2062],[119.2318,29.2091],[119.2284,29.2109],[119.2276,29.2148],[119.2282,29.2165],[119.2314,29.2178],[119.2312,29.2202],[119.2292,29.2219],[119.2309,29.226],[119.2398,29.2309],[119.2411,29.2346],[119.2471,29.2385],[119.249,29.2433],[119.2517,29.2451],[119.2518,29.2481],[119.2541,29.2499],[119.2498,29.2525],[119.2459,29.2539],[119.2438,29.2559],[119.24,29.2567],[119.2393,29.2546],[119.2333,29.2533],[119.2305,29.2499],[119.2297,29.2532],[119.2259,29.2577],[119.2301,29.2569],[119.2315,29.2616],[119.2307,29.2642],[119.2268,29.27],[119.2289,29.2715],[119.2291,29.2733],[119.2273,29.2752],[119.2239,29.2748],[119.223,29.2781],[119.2254,29.2807],[119.2247,29.2866],[119.2229,29.2886],[119.226,29.2921],[119.2215,29.2955],[119.2178,29.2948],[119.215,29.2969],[119.2127,29.296],[119.2066,29.2966],[119.2054,29.2926],[119.2014,29.2924],[119.2005,29.2909],[119.1961,29.293],[119.1944,29.2919],[119.1944,29.2885],[119.1925,29.2842],[119.1919,29.2806],[119.1899,29.2747],[119.1877,29.2746],[119.1814,29.2714],[119.1822,29.2693],[119.186,29.2667],[119.1854,29.2646],[119.187,29.2637],[119.1874,29.261],[119.1898,29.259],[119.1917,29.2588],[119.1937,29.2609],[119.1955,29.2609],[119.1997,29.2561],[119.2013,29.2558],[119.2054,29.2515],[119.2102,29.2504],[119.2069,29.2469],[119.2099,29.243],[119.2118,29.2391],[119.2085,29.2397],[119.2028,29.2391],[119.2052,29.2369],[119.2058,29.2301],[119.2088,29.2285],[119.2077,29.2249],[119.2055,29.2257],[119.204,29.224],[119.198,29.229],[119.196,29.2319],[119.1947,29.2303],[119.1909,29.2298],[119.1898,29.2315],[119.1871,29.2316],[119.1846,29.2294],[119.1858,29.2226],[119.1883,29.223],[119.1905,29.2193],[119.1853,29.2147],[119.1849,29.2134],[119.1856,29.2077],[119.1804,29.2063],[119.1781,29.2093],[119.1747,29.2094],[119.1738,29.2064],[119.1706,29.2066],[119.17,29.2108],[119.1716,29.2116],[119.1704,29.2162],[119.168,29.2169],[119.1655,29.2155],[119.1621,29.2211],[119.1581,29.2177],[119.1547,29.2178],[119.1559,29.2215],[119.1488,29.2277],[119.147,29.23],[119.1447,29.2294],[119.1403,29.2253],[119.136,29.2261],[119.1338,29.2229],[119.1284,29.2232],[119.1256,29.224],[119.1249,29.2266],[119.1229,29.2296],[119.1265,29.236],[119.1255,29.2375],[119.1206,29.2397],[119.1176,29.238],[119.1104,29.2358],[119.1086,29.2337],[119.1055,29.2325],[119.1035,29.229],[119.101,29.229],[119.0988,29.2303],[119.0952,29.2308],[119.0915,29.2301],[119.0873,29.2335],[119.0852,29.2321],[119.0795,29.2329],[119.077,29.2297],[119.0714,29.2258],[119.0681,29.2279],[119.0651,29.2277],[119.0596,29.2294],[119.0586,29.231],[119.049,29.2247],[119.0443,29.2236],[119.0425,29.2245],[119.039,29.224],[119.0351,29.2223],[119.0265,29.2214],[119.0222,29.2221],[119.0201,29.2173],[119.0182,29.2164],[119.0103,29.2146],[119.0063,29.2146],[119.0036,29.212],[119.0001,29.2114],[118.9977,29.2119],[118.9954,29.2142],[118.9936,29.2197],[118.9897,29.2192],[118.9865,29.2217],[118.9838,29.2216],[118.9839,29.2248],[118.9808,29.2252],[118.9829,29.2276],[118.9804,29.2285],[118.9812,29.2343],[118.9792,29.2368],[118.9801,29.2391],[118.978,29.2411],[118.9831,29.2467],[118.9827,29.2505],[118.98,29.2543],[118.9796,29.2571],[118.9777,29.2615],[118.9745,29.2625],[118.9708,29.2608],[118.9685,29.2643],[118.966,29.2668],[118.963,29.2674],[118.9624,29.27],[118.9605,29.2714],[118.9546,29.2696],[118.9547,29.2752],[118.9535,29.2798],[118.9484,29.2825],[118.946,29.2821],[118.9467,29.2866],[118.9491,29.2893],[118.9524,29.2893],[118.9559,29.294],[118.9599,29.2971],[118.9579,29.3005],[118.9548,29.2994],[118.9508,29.2999],[118.9486,29.302],[118.9446,29.3026],[118.9428,29.3055],[118.9405,29.3076],[118.939,29.3112],[118.936,29.3097],[118.9272,29.3126],[118.9234,29.3124],[118.92,29.3143],[118.9178,29.3182],[118.9153,29.3202],[118.9107,29.3215],[118.9084,29.3253],[118.9061,29.3274],[118.9023,29.3279],[118.8969,29.3351],[118.8938,29.3347],[118.8918,29.3334],[118.8883,29.3334],[118.8855,29.3267],[118.88,29.3258],[118.8774,29.3278],[118.874,29.3286],[118.8681,29.3283],[118.8621,29.3241],[118.8608,29.3218],[118.8552,29.3174],[118.8528,29.3142],[118.8512,29.3108],[118.8498,29.3059],[118.8469,29.3045],[118.8469,29.3021],[118.8401,29.3006],[118.8378,29.3008],[118.8346,29.298],[118.8331,29.2945],[118.8303,29.294],[118.8266,29.2915],[118.8242,29.2915],[118.8229,29.2885],[118.8226,29.2843],[118.818,29.2816],[118.812,29.2845],[118.8077,29.2831],[118.8037,29.2797],[118.7998,29.2787],[118.7949,29.2749],[118.7917,29.2732],[118.789,29.2702],[118.7821,29.2697],[118.78,29.2672],[118.7802,29.2637],[118.7784,29.2609],[118.7766,29.2611],[118.7756,29.2581],[118.7721,29.2543],[118.7673,29.2532],[118.7623,29.2543],[118.7583,29.2502],[118.758,29.2462],[118.756,29.2437],[118.7587,29.24],[118.7615,29.2378],[118.7609,29.2313],[118.7619,29.2273],[118.7616,29.2248],[118.7596,29.2221],[118.7545,29.2206],[118.7531,29.2182],[118.7497,29.2161],[118.7428,29.2158],[118.7377,29.2163],[118.7355,29.215],[118.7319,29.2111],[118.7276,29.2099],[118.7273,29.2074],[118.7255,29.2022],[118.7157,29.2012],[118.7146,29.1963],[118.7128,29.1938],[118.7107,29.1937],[118.7071,29.1891],[118.7044,29.1913],[118.7001,29.1937],[118.6942,29.1955],[118.6905,29.1993],[118.6846,29.202],[118.6827,29.2042],[118.6812,29.2041],[118.6771,29.2058],[118.6701,29.203],[118.6654,29.204],[118.6574,29.2009],[118.6524,29.2006],[118.6501,29.1995],[118.6445,29.199],[118.6415,29.1976],[118.6293,29.195],[118.623,29.1966],[118.6235,29.1991],[118.6218,29.2009],[118.6278,29.2072],[118.6282,29.2137],[118.6263,29.2157],[118.6272,29.2207],[118.6246,29.2231],[118.6198,29.2226],[118.6157,29.2213],[118.6118,29.2274],[118.6062,29.238],[118.6028,29.2409],[118.6033,29.244],[118.607,29.2463],[118.6094,29.2491],[118.6101,29.2542],[118.6073,29.2578],[118.6069,29.2607],[118.6051,29.2621],[118.6042,29.2674],[118.6012,29.2711],[118.6047,29.2746],[118.6056,29.2823],[118.6085,29.2827],[118.6122,29.2807],[118.6143,29.2738],[118.6186,29.2699],[118.6208,29.2687],[118.6238,29.2696],[118.6274,29.2679],[118.6302,29.2647],[118.6322,29.2662],[118.6298,29.2726],[118.6286,29.2745],[118.6271,29.28],[118.6242,29.2839],[118.6213,29.2857],[118.6217,29.2889],[118.6185,29.2898],[118.6177,29.2932],[118.614,29.2952],[118.6106,29.3001],[118.6122,29.306],[118.6121,29.3091],[118.6052,29.3133],[118.6032,29.3173],[118.6014,29.3171],[118.5975,29.3195],[118.5986,29.3208],[118.5983,29.3284],[118.5968,29.3289],[118.5939,29.3319],[118.5885,29.3333],[118.5831,29.3305],[118.583,29.3348],[118.5784,29.3368],[118.5761,29.3348],[118.5738,29.3355],[118.5704,29.3384],[118.568,29.3414],[118.5641,29.3422],[118.5624,29.3414],[118.5597,29.3426],[118.5563,29.3411],[118.5538,29.3413],[118.5526,29.3443],[118.5481,29.3439],[118.5466,29.3416],[118.5443,29.3402],[118.5373,29.3399],[118.5369,29.3457],[118.5347,29.3461],[118.5322,29.3444],[118.5285,29.3448],[118.5266,29.3482],[118.5227,29.3484],[118.5231,29.3506],[118.522,29.3527],[118.5182,29.3537],[118.5189,29.3566],[118.5184,29.36],[118.5197,29.3605],[118.5205,29.3645],[118.5172,29.3649],[118.5143,29.3696],[118.5122,29.3682],[118.5066,29.3662],[118.5038,29.3665],[118.5029,29.3639],[118.4973,29.3653],[118.4943,29.3639],[118.4884,29.3636],[118.4874,29.3664],[118.4852,29.3701],[118.4823,29.3713],[118.4775,29.371],[118.4756,29.3679],[118.4732,29.3686],[118.4686,29.3645],[118.4653,29.3629],[118.4628,29.3634],[118.4581,29.3617],[118.4575,29.3632],[118.4545,29.3656],[118.4522,29.3697],[118.451,29.3704],[118.4518,29.3741],[118.4492,29.3758],[118.4461,29.3761],[118.4418,29.3779],[118.4391,29.3798],[118.4358,29.3782],[118.4318,29.38],[118.4297,29.3823],[118.427,29.3828],[118.4227,29.3861],[118.4217,29.3882],[118.4196,29.3891],[118.4166,29.3931],[118.4131,29.3926],[118.4123,29.3945],[118.4094,29.3963],[118.41,29.399],[118.4121,29.4033],[118.411,29.4061],[118.4072,29.4054],[118.403,29.4059],[118.4003,29.4097],[118.4022,29.4112],[118.4059,29.4178],[118.409,29.42],[118.4097,29.422],[118.4016,29.4261],[118.3944,29.4276],[118.3935,29.4265],[118.3888,29.4257],[118.3852,29.4261],[118.3825,29.4294],[118.3792,29.4359],[118.3746,29.4353],[118.3722,29.4362],[118.3692,29.4402],[118.3668,29.4415],[118.3655,29.4482],[118.362,29.4489],[118.3598,29.4533],[118.3485,29.4546],[118.3465,29.4606],[118.3404,29.4639],[118.3401,29.4658],[118.3418,29.4678],[118.34,29.4722],[118.3406,29.4757],[118.3399,29.4787]]]},"properties":{"region_code":"CN-33-3308","parent_region_code":"CN-33","name":"衢州市","level":"prefecture","has_children":true,"full_path":"中国 / 浙江省 / 衢州市","source_admin_code":"3308","osm_relation_id":3278467}},
{"type":"Feature","geometry":{"type":"Polygon","coordinates":[[[122.8674,29.54],[123.1544,30.0842],[123.1636,30.1042],[123.1874,30.1651],[123.2207,30.2503],[123.2787,30.3985],[123.3814,30.6605],[123.3914,30.6963],[123.3936,30.733],[123.3881,30.7694],[123.3749,30.8043],[123.37,30.8143],[123.3542,30.8405],[123.3342,30.8643],[123.3104,30.8854],[123.2257,30.9493],[122.7784,30.9493],[122.6816,30.924],[122.4248,30.8775],[122.1721,30.8657],[121.9599,30.7772],[121.8432,30.7141],[121.5227,30.6803],[121.5063,30.6786],[121.5062,30.485],[121.5062,30.2836],[121.5779,30.224],[121.6288,30.1816],[121.6841,30.1354],[121.7286,30.0983],[121.7557,30.0503],[121.783,30.0019],[121.8677,29.9525],[121.9615,29.9709],[122.0284,29.9262],[122.1254,29.9211],[122.1873,29.9178],[122.1403,29.8679],[122.0743,29.8185],[121.995,29.7591],[121.9462,29.7506],[121.9311,29.7199],[121.9963,29.6678],[122.0642,29.6135],[122.1561,29.54],[122.6139,29.54],[122.8674,29.54]]]},"properties":{"region_code":"CN-33-3309","parent_region_code":"CN-33","name":"舟山市","level":"prefecture","has_children":true,"full_path":"中国 / 浙江省 / 舟山市","source_admin_code":"3309","osm_relation_id":3308121}},
{"type":"Feature","geometry":{"type":"Polygon","coordinates":[[[121.1891,29.3254],[121.1841,29.3259],[121.1812,29.3291],[121.1768,29.3313],[121.1754,29.3299],[121.1721,29.3297],[121.1687,29.3253],[121.1666,29.3256],[121.1619,29.3279],[121.1596,29.3284],[121.1585,29.3344],[121.1591,29.3399],[121.1603,29.3428],[121.1625,29.3453],[121.1605,29.3469],[121.1548,29.3413],[121.1513,29.3352],[121.1462,29.3335],[121.1438,29.3335],[121.1391,29.3365],[121.138,29.3384],[121.1334,29.3388],[121.1305,29.3412],[121.1199,29.3409],[121.1163,29.337],[121.1139,29.3361],[121.113,29.3344],[121.1137,29.3262],[121.1171,29.3219],[121.1163,29.3199],[121.1141,29.3179],[121.1144,29.315],[121.1139,29.3106],[121.1107,29.3062],[121.1062,29.3058],[121.1025,29.3071],[121.0987,29.3074],[121.0951,29.3103],[121.096,29.3132],[121.0927,29.314],[121.0941,29.3181],[121.0916,29.3217],[121.0886,29.3209],[121.0841,29.323],[121.0793,29.3221],[121.0778,29.3193],[121.0726,29.3218],[121.0722,29.3241],[121.0679,29.3253],[121.0645,29.3247],[121.0624,29.3253],[121.0578,29.3249],[121.0531,29.3274],[121.0489,29.325],[121.0476,29.3203],[121.0405,29.314],[121.0373,29.312],[121.0336,29.3126],[121.0279,29.3113],[121.0209,29.3114],[121.0207,29.3149],[121.0218,29.3174],[121.0149,29.3248],[121.0109,29.3214],[121.0095,29.3229],[121.004,29.3217],[120.999,29.3239],[120.9967,29.3232],[120.9971,29.3203],[120.9998,29.3173],[120.9968,29.3157],[120.9941,29.3158],[120.9918,29.3147],[120.993,29.312],[120.9905,29.3098],[120.9879,29.3111],[120.9828,29.3097],[120.9791,29.311],[120.9777,29.3127],[120.9796,29.3158],[120.9816,29.3172],[120.9793,29.3208],[120.9756,29.3208],[120.9739,29.3198],[120.9711,29.3204],[120.9678,29.3146],[120.9695,29.3122],[120.967,29.3066],[120.9624,29.3054],[120.9628,29.3018],[120.9615,29.3011],[120.9566,29.3041],[120.9556,29.3009],[120.9519,29.2981],[120.9522,29.2955],[120.9504,29.2944],[120.9461,29.2954],[120.9456,29.2874],[120.9419,29.2879],[120.9402,29.2926],[120.9366,29.2948],[120.9312,29.2948],[120.9292,29.2927],[120.9216,29.2939],[120.9214,29.2966],[120.9225,29.2995],[120.9201,29.302],[120.9182,29.3015],[120.9149,29.3032],[120.9129,29.3033],[120.9116,29.3013],[120.9091,29.3007],[120.9076,29.3039],[120.9049,29.3003],[120.9016,29.298],[120.9003,29.2941],[120.9,29.2893],[120.8972,29.287],[120.8991,29.2827],[120.8989,29.2773],[120.8934,29.2744],[120.8899,29.2744],[120.8872,29.2734],[120.8867,29.2717],[120.8833,29.2678],[120.8859,29.2646],[120.8856,29.2635],[120.8877,29.2604],[120.8901,29.2598],[120.8929,29.2574],[120.8885,29.2571],[120.8917,29.2539],[120.8899,29.2527],[120.8914,29.2505],[120.8884,29.2463],[120.8871,29.243],[120.8848,29.2431],[120.8792,29.2406],[120.8778,29.2429],[120.8744,29.2457],[120.8716,29.2464],[120.8701,29.2448],[120.8622,29.2467],[120.8628,29.2494],[120.8571,29.2575],[120.8552,29.2567],[120.8522,29.2572],[120.849,29.2559],[120.8448,29.2504],[120.8421,29.2496],[120.8407,29.2448],[120.839,29.2445],[120.8357,29.2401],[120.8317,29.2397],[120.8275,29.2362],[120.8232,29.2338],[120.8197,29.2326],[120.8183,29.2341],[120.814,29.2329],[120.8111,29.237],[120.8068,29.2363],[120.8054,29.2396],[120.8029,29.2392],[120.7969,29.2357],[120.7931,29.2342],[120.7927,29.2329],[120.7896,29.2314],[120.7865,29.2287],[120.7813,29.229],[120.7775,29.227],[120.7803,29.2234],[120.7787,29.221],[120.7714,29.216],[120.7737,29.2116],[120.7713,29.2114],[120.7685,29.2078],[120.7701,29.2054],[120.773,29.2037],[120.7737,29.2015],[120.7693,29.198],[120.7628,29.2032],[120.7611,29.1978],[120.7612,29.1949],[120.759,29.1926],[120.7527,29.1912],[120.751,29.1819],[120.7494,29.1819],[120.7447,29.1789],[120.743,29.1772],[120.7384,29.1755],[120.738,29.1731],[120.7359,29.1708],[120.732,29.1701],[120.731,29.1685],[120.7276,29.1678],[120.724,29.1655],[120.7216,29.1652],[120.7188,29.1581],[120.7161,29.1555],[120.7156,29.1528],[120.7098,29.1523],[120.7092,29.1486],[120.7079,29.1466],[120.7113,29.1435],[120.7102,29.1397],[120.715,29.1391],[120.7161,29.1357],[120.7161,29.1324],[120.725,29.1366],[120.7257,29.1331],[120.7318,29.1333],[120.7326,29.1294],[120.739,29.1297],[120.741,29.129],[120.7432,29.1256],[120.7387,29.117],[120.7357,29.1157],[120.7319,29.118],[120.7279,29.1165],[120.725,29.117],[120.7235,29.1187],[120.7223,29.1223],[120.7203,29.1231],[120.7184,29.1184],[120.7152,29.115],[120.7174,29.1108],[120.7144,29.1085],[120.7112,29.108],[120.7064,29.1021],[120.7032,29.1005],[120.7003,29.1008],[120.6975,29.0996],[120.6909,29.0946],[120.69,29.0926],[120.6901,29.0888],[120.6951,29.0836],[120.6973,29.0826],[120.6983,29.0805],[120.7006,29.079],[120.7011,29.0759],[120.7,29.0739],[120.6995,29.0687],[120.6974,29.0669],[120.6991,29.0629],[120.6963,29.0608],[120.6969,29.0585],[120.6936,29.0583],[120.6926,29.0528],[120.6905,29.053],[120.6869,29.0553],[120.6863,29.054],[120.6902,29.0513],[120.695,29.0493],[120.6972,29.0471],[120.6954,29.0433],[120.6931,29.0429],[120.6896,29.0446],[120.6876,29.0438],[120.6895,29.0417],[120.6912,29.0375],[120.6903,29.0353],[120.6916,29.032],[120.6943,29.0301],[120.6956,29.0277],[120.6983,29.0249],[120.7048,29.0266],[120.7027,29.029],[120.7047,29.0311],[120.7032,29.0351],[120.7061,29.0388],[120.7078,29.0379],[120.7135,29.0378],[120.7111,29.0359],[120.7112,29.032],[120.7128,29.0316],[120.7151,29.0282],[120.7166,29.0276],[120.7212,29.0282],[120.7204,29.0245],[120.7166,29.0201],[120.7161,29.0142],[120.7186,29.013],[120.7196,29.0157],[120.7218,29.0168],[120.7241,29.0135],[120.7251,29.0098],[120.7228,29.0091],[120.7188,29.0039],[120.7198,29.0022],[120.7168,28.9982],[120.7195,28.9944],[120.7241,28.9914],[120.7249,28.9858],[120.7225,28.9839],[120.7144,28.9822],[120.7151,28.9796],[120.7136,28.9768],[120.7113,28.9785],[120.7068,28.9753],[120.7047,28.9752],[120.7001,28.9789],[120.6983,28.9757],[120.6956,28.9757],[120.6947,28.9789],[120.6931,28.98],[120.6912,28.9834],[120.6879,28.9837],[120.6834,28.981],[120.6783,28.9813],[120.6743,28.9805],[120.6688,28.9758],[120.6683,28.9739],[120.6695,28.9716],[120.6683,28.9681],[120.6696,28.9642],[120.6695,28.9609],[120.667,28.9573],[120.6669,28.9554],[120.663,28.9504],[120.6602,28.9498],[120.6589,28.9484],[120.66,28.9466],[120.6568,28.9439],[120.6557,28.9386],[120.6562,28.9342],[120.6605,28.9286],[120.6603,28.9197],[120.6547,28.9159],[120.6551,28.9142],[120.6531,28.911],[120.648,28.9092],[120.6475,28.908],[120.6419,28.9029],[120.6396,28.903],[120.638,28.9046],[120.6338,28.9043],[120.6329,28.9029],[120.6345,28.8994],[120.6301,28.8992],[120.6268,28.9005],[120.62,28.899],[120.6147,28.8995],[120.6129,28.8975],[120.6095,28.8956],[120.6061,28.8951],[120.6029,28.8933],[120.6004,28.8945],[120.597,28.8896],[120.5929,28.8873],[120.5901,28.887],[120.586,28.8842],[120.5836,28.8816],[120.5832,28.8796],[120.5784,28.8742],[120.5759,28.8725],[120.5685,28.8713],[120.563,28.8662],[120.5569,28.8644],[120.5525,28.8657],[120.5486,28.865],[120.544,28.8683],[120.5424,28.8679],[120.5416,28.8711],[120.5393,28.8707],[120.5356,28.8682],[120.5307,28.8685],[120.5279,28.8722],[120.5271,28.875],[120.528,28.8785],[120.53,28.8784],[120.5316,28.8811],[120.5283,28.8838],[120.5258,28.8837],[120.5249,28.8806],[120.5188,28.8823],[120.5162,28.8855],[120.5136,28.8876],[120.5162,28.8907],[120.5105,28.8939],[120.5099,28.8916],[120.5063,28.8866],[120.5076,28.8837],[120.5072,28.8814],[120.5113,28.8799],[120.5103,28.8787],[120.5068,28.8797],[120.5054,28.8765],[120.5017,28.8762],[120.5008,28.8751],[120.493,28.8742],[120.4905,28.8718],[120.4904,28.8689],[120.495,28.8648],[120.4958,28.8618],[120.4983,28.8597],[120.4944,28.8571],[120.4918,28.8566],[120.4925,28.854],[120.4944,28.8518],[120.4926,28.8499],[120.489,28.8508],[120.4817,28.8474],[120.4837,28.843],[120.48,28.8414],[120.478,28.8389],[120.4799,28.8381],[120.4809,28.836],[120.4765,28.8305],[120.4721,28.8327],[120.4725,28.8369],[120.4699,28.8406],[120.4696,28.8427],[120.4655,28.8444],[120.4623,28.8447],[120.4581,28.8416],[120.4552,28.8435],[120.4522,28.8435],[120.4458,28.8453],[120.437,28.8443],[120.4325,28.8409],[120.4286,28.8394],[120.426,28.8357],[120.4223,28.8348],[120.4222,28.8339],[120.4166,28.8328],[120.4146,28.8291],[120.4107,28.8251],[120.4103,28.8163],[120.4078,28.8142],[120.404,28.8095],[120.4026,28.8051],[120.4063,28.8013],[120.404,28.7977],[120.3989,28.7954],[120.3992,28.791],[120.3962,28.7883],[120.3926,28.7888],[120.3894,28.7882],[120.3843,28.7911],[120.3812,28.7894],[120.3798,28.7859],[120.3759,28.7822],[120.3751,28.7802],[120.3691,28.7755],[120.3674,28.7728],[120.3649,28.7664],[120.3658,28.7636],[120.3641,28.7623],[120.3641,28.756],[120.3664,28.7537],[120.3655,28.748],[120.3643,28.7464],[120.3657,28.7432],[120.3616,28.7414],[120.3588,28.7376],[120.3528,28.7365],[120.3511,28.7348],[120.3434,28.7336],[120.3401,28.7311],[120.3396,28.7273],[120.3413,28.7261],[120.3451,28.726],[120.3472,28.7273],[120.3489,28.7252],[120.3474,28.7234],[120.3483,28.718],[120.3503,28.717],[120.3511,28.7136],[120.3502,28.7103],[120.3451,28.7072],[120.3422,28.7078],[120.3397,28.7097],[120.3357,28.7072],[120.3346,28.7038],[120.3328,28.7032],[120.3316,28.7073],[120.3299,28.7056],[120.3263,28.7056],[120.3273,28.7035],[120.3244,28.7006],[120.3232,28.6982],[120.3204,28.6973],[120.319,28.6903],[120.3196,28.6871],[120.3236,28.686],[120.3228,28.6836],[120.3185,28.6794],[120.318,28.6717],[120.3188,28.6698],[120.3228,28.6685],[120.3241,28.6641],[120.3268,28.6633],[120.3294,28.6603],[120.3303,28.6577],[120.3322,28.656],[120.3369,28.6559],[120.3409,28.6536],[120.3446,28.6542],[120.3467,28.6502],[120.353,28.6499],[120.3538,28.644],[120.3534,28.641],[120.3498,28.6401],[120.3479,28.6416],[120.3472,28.638],[120.3447,28.6368],[120.3499,28.6335],[120.349,28.6296],[120.3511,28.6284],[120.3573,28.628],[120.3604,28.6246],[120.3611,28.6217],[120.3635,28.6227],[120.3655,28.6201],[120.3642,28.6158],[120.3648,28.6123],[120.3684,28.6103],[120.3681,28.6075],[120.3734,28.609],[120.374,28.6065],[120.3758,28.6057],[120.3774,28.6016],[120.3744,28.5986],[120.3741,28.5968],[120.3781,28.5937],[120.3774,28.5908],[120.3779,28.5861],[120.3758,28.5847],[120.3756,28.5823],[120.3726,28.5809],[120.369,28.5763],[120.3668,28.5777],[120.3663,28.5811],[120.3623,28.5799],[120.3572,28.5836],[120.3545,28.5829],[120.3496,28.5793],[120.3456,28.5778],[120.3436,28.5759],[120.3422,28.5788],[120.3388,28.5778],[120.3367,28.5799],[120.3345,28.58],[120.3291,28.5839],[120.3265,28.5818],[120.3217,28.5798],[120.3179,28.5767],[120.3158,28.5735],[120.3172,28.57],[120.3209,28.5715],[120.3223,28.5672],[120.3182,28.5628],[120.3176,28.5571],[120.3132,28.5578],[120.3112,28.56],[120.3085,28.5615],[120.3023,28.555],[120.3025,28.554],[120.2988,28.5508],[120.2911,28.5459],[120.2881,28.5432],[120.2857,28.5384],[120.2861,28.5347],[120.2881,28.5298],[120.287,28.5277],[120.2873,28.5256],[120.2899,28.5232],[120.2903,28.5193],[120.2886,28.5173],[120.2894,28.5143],[120.2917,28.5144],[120.297,28.5106],[120.3003,28.5103],[120.3075,28.5209],[120.3085,28.5258],[120.3133,28.5255],[120.3147,28.5227],[120.3171,28.5214],[120.3169,28.5162],[120.3213,28.5167],[120.3226,28.5162],[120.3238,28.5128],[120.328,28.5132],[120.3303,28.512],[120.3326,28.5127],[120.3332,28.5104],[120.3316,28.5085],[120.3314,28.5061],[120.3369,28.4989],[120.3424,28.4996],[120.3477,28.5014],[120.3528,28.5011],[120.3561,28.5017],[120.3573,28.5029],[120.3621,28.5032],[120.3671,28.4986],[120.3715,28.5017],[120.3763,28.5005],[120.3788,28.4951],[120.379,28.492],[120.382,28.4887],[120.3819,28.4864],[120.3832,28.4827],[120.3854,28.4799],[120.3848,28.4766],[120.3865,28.4746],[120.3899,28.474],[120.3919,28.4688],[120.3947,28.468],[120.3981,28.4744],[120.3985,28.4765],[120.3947,28.4786],[120.3949,28.4815],[120.3965,28.484],[120.3982,28.4846],[120.4022,28.4832],[120.403,28.4811],[120.4064,28.481],[120.4065,28.4832],[120.4036,28.4829],[120.4032,28.4887],[120.4084,28.4896],[120.4099,28.4911],[120.4131,28.4922],[120.415,28.4949],[120.4146,28.4961],[120.4109,28.4993],[120.4103,28.5012],[120.4115,28.503],[120.4081,28.5068],[120.4126,28.5083],[120.4139,28.5107],[120.4122,28.5142],[120.4096,28.5153],[120.4163,28.5217],[120.4166,28.5243],[120.418,28.5251],[120.4155,28.5283],[120.4175,28.5315],[120.4192,28.5309],[120.4201,28.5336],[120.42,28.5373],[120.4239,28.5365],[120.4281,28.5425],[120.428,28.545],[120.426,28.5478],[120.4259,28.5499],[120.4289,28.5539],[120.4302,28.5584],[120.4254,28.564],[120.4265,28.5688],[120.4241,28.5727],[120.4276,28.5718],[120.4306,28.5742],[120.4317,28.5771],[120.4347,28.5756],[120.4378,28.5761],[120.438,28.5839],[120.4386,28.5856],[120.4426,28.5878],[120.4459,28.5864],[120.4527,28.5887],[120.4563,28.5884],[120.4579,28.5895],[120.4623,28.5888],[120.4657,28.5902],[120.4678,28.59],[120.4742,28.5843],[120.4773,28.5837],[120.4774,28.5861],[120.4796,28.5872],[120.4892,28.5819],[120.4908,28.5772],[120.492,28.5772],[120.496,28.5708],[120.4945,28.5667],[120.5022,28.5608],[120.5061,28.5603],[120.5088,28.5625],[120.5136,28.5599],[120.5165,28.5568],[120.5203,28.5592],[120.5204,28.5562],[120.5225,28.5552],[120.5239,28.5523],[120.5261,28.5508],[120.5309,28.5505],[120.5355,28.5482],[120.54,28.5427],[120.5411,28.5406],[120.5468,28.5372],[120.552,28.5394],[120.5561,28.5361],[120.5571,28.533],[120.5614,28.536],[120.5647,28.535],[120.5646,28.5373],[120.5677,28.5394],[120.5679,28.5407],[120.5713,28.5414],[120.5734,28.5391],[120.5764,28.5383],[120.577,28.5359],[120.5792,28.5342],[120.5823,28.5337],[120.5852,28.5366],[120.5881,28.5365],[120.5913,28.535],[120.5928,28.5372],[120.5964,28.537],[120.5985,28.538],[120.6053,28.5363],[120.6102,28.5377],[120.6152,28.536],[120.6217,28.5374],[120.6242,28.5401],[120.6227,28.5424],[120.6236,28.5504],[120.62,28.554],[120.6202,28.5564],[120.6183,28.558],[120.6176,28.5606],[120.6209,28.5613],[120.6223,28.5647],[120.627,28.5675],[120.6291,28.5648],[120.6342,28.5637],[120.6343,28.5622],[120.6376,28.5624],[120.6398,28.5638],[120.6446,28.565],[120.6458,28.5666],[120.6437,28.5683],[120.6446,28.5721],[120.6434,28.5738],[120.6357,28.5801],[120.6356,28.582],[120.6394,28.5833],[120.6426,28.5832],[120.6432,28.5851],[120.6463,28.5858],[120.6479,28.5878],[120.6507,28.588],[120.6559,28.5873],[120.658,28.5849],[120.6619,28.5832],[120.6657,28.5829],[120.6719,28.585],[120.6781,28.5854],[120.6808,28.5848],[120.6848,28.5875],[120.6861,28.5893],[120.6823,28.5918],[120.6851,28.5942],[120.688,28.5903],[120.6911,28.5901],[120.6934,28.5913],[120.6933,28.5943],[120.6955,28.5936],[120.6971,28.5989],[120.6947,28.6011],[120.6968,28.6026],[120.6982,28.6061],[120.6964,28.6088],[120.6964,28.6106],[120.6998,28.611],[120.702,28.6073],[120.7041,28.6094],[120.7042,28.615],[120.707,28.6131],[120.7098,28.6126],[120.7145,28.6085],[120.718,28.6071],[120.7216,28.6083],[120.7243,28.6068],[120.7289,28.6083],[120.7326,28.6125],[120.7391,28.615],[120.7443,28.6136],[120.7469,28.6121],[120.7476,28.6087],[120.7502,28.6089],[120.7533,28.6081],[120.7537,28.6056],[120.7526,28.6041],[120.7526,28.5981],[120.7548,28.5945],[120.7572,28.5941],[120.7589,28.596],[120.7654,28.5967],[120.7686,28.5943],[120.7711,28.5937],[120.7725,28.5918],[120.7754,28.5924],[120.7773,28.594],[120.7807,28.593],[120.7831,28.5872],[120.7871,28.5863],[120.79,28.5865],[120.7923,28.5898],[120.7947,28.5916],[120.797,28.5895],[120.7962,28.583],[120.7941,28.5792],[120.7983,28.5751],[120.8065,28.5728],[120.8112,28.5728],[120.8145,28.5712],[120.817,28.5719],[120.8223,28.5694],[120.8247,28.5639],[120.8246,28.5602],[120.8276,28.5577],[120.8293,28.5538],[120.8322,28.5526],[120.8331,28.5508],[120.8377,28.5492],[120.8392,28.5454],[120.837,28.5432],[120.8343,28.5378],[120.8343,28.5363],[120.831,28.5358],[120.8291,28.5366],[120.8274,28.5347],[120.8299,28.5333],[120.8285,28.53],[120.8288,28.5279],[120.8343,28.5206],[120.8382,28.5209],[120.841,28.5175],[120.8458,28.5172],[120.8506,28.5187],[120.8524,28.516],[120.857,28.5126],[120.8573,28.5098],[120.8564,28.5064],[120.857,28.5033],[120.8607,28.4987],[120.8625,28.4986],[120.8657,28.4944],[120.8739,28.4932],[120.8744,28.4915],[120.8824,28.4932],[120.8853,28.4917],[120.8843,28.489],[120.8878,28.4871],[120.8945,28.4895],[120.9003,28.4899],[120.907,28.4926],[120.9095,28.4963],[120.9097,28.4985],[120.9116,28.5004],[120.9186,28.5041],[120.9212,28.5076],[120.925,28.509],[120.9283,28.5092],[120.9346,28.5073],[120.9405,28.507],[120.9444,28.504],[120.9476,28.5042],[120.9491,28.5023],[120.9523,28.5057],[120.9524,28.5073],[120.9501,28.5088],[120.9499,28.5118],[120.9518,28.5129],[120.9576,28.5145],[120.9586,28.51],[120.9567,28.5072],[120.9567,28.5022],[120.9545,28.5004],[120.9536,28.4976],[120.9575,28.4946],[120.9583,28.4918],[120.9623,28.4858],[120.9694,28.4859],[120.9745,28.4832],[120.9759,28.485],[120.9781,28.4839],[120.9831,28.4849],[120.9875,28.4816],[120.9881,28.4799],[120.9908,28.4796],[120.9911,28.4764],[120.9951,28.4758],[120.9981,28.4762],[120.9981,28.4797],[120.9993,28.4832],[121.0039,28.4822],[121.0074,28.4808],[121.0112,28.4826],[121.0135,28.4816],[121.0157,28.4762],[121.0214,28.4758],[121.0226,28.4791],[121.0258,28.4822],[121.028,28.4809],[121.0293,28.483],[121.0321,28.4849],[121.0367,28.4833],[121.0364,28.4796],[121.0386,28.4796],[121.0398,28.4812],[121.0432,28.4825],[121.0457,28.482],[121.0475,28.4788],[121.0518,28.4819],[121.0561,28.4832],[121.0614,28.4839],[121.0667,28.4835],[121.0683,28.485],[121.073,28.4863],[121.0712,28.4912],[121.0736,28.494],[121.0727,28.4954],[121.0666,28.4951],[121.0678,28.4977],[121.0698,28.4966],[121.0733,28.4968],[121.0745,28.4988],[121.0803,28.5004],[121.0789,28.5043],[121.0816,28.5046],[121.0847,28.5061],[121.0872,28.5133],[121.0835,28.516],[121.0835,28.5188],[121.0858,28.5234],[121.0884,28.5269],[121.0908,28.5265],[121.0929,28.5307],[121.0952,28.5296],[121.0967,28.531],[121.0974,28.5354],[121.1004,28.5403],[121.1035,28.5408],[121.1048,28.5385],[121.1095,28.5402],[121.1145,28.5371],[121.1158,28.5344],[121.1186,28.5346],[121.1205,28.533],[121.1212,28.5298],[121.1255,28.5248],[121.1322,28.5254],[121.1397,28.5279],[121.1413,28.5268],[121.1413,28.5229],[121.1444,28.5227],[121.1467,28.5245],[121.1508,28.5245],[121.1524,28.5234],[121.1524,28.5211],[121.1552,28.5161],[121.1595,28.5163],[121.1612,28.515],[121.1619,28.5125],[121.1654,28.5079],[121.1678,28.5089],[121.1684,28.5024],[121.1656,28.4995],[121.1707,28.4965],[121.1721,28.4926],[121.1738,28.4908],[121.177,28.4808],[121.179,28.4811],[121.1804,28.4777],[121.1857,28.4782],[121.1913,28.4756],[121.1903,28.4702],[121.1978,28.4647],[121.2032,28.4637],[121.203,28.4614],[121.2011,28.4594],[121.2049,28.4555],[121.2042,28.4536],[121.2049,28.4496],[121.2079,28.4475],[121.2068,28.4464],[121.2094,28.4423],[121.2115,28.4409],[121.2176,28.442],[121.2219,28.4408],[121.2225,28.437],[121.2199,28.4362],[121.219,28.4313],[121.2172,28.4313],[121.2163,28.4282],[121.2179,28.4254],[121.2201,28.427],[121.2228,28.4265],[121.2281,28.4274],[121.2362,28.4236],[121.2374,28.4213],[121.2398,28.42],[121.2425,28.4201],[121.2428,28.4178],[121.2446,28.4167],[121.2482,28.4162],[121.2538,28.411],[121.2518,28.4096],[121.2481,28.4084],[121.2439,28.408],[121.2481,28.4045],[121.2467,28.4011],[121.2449,28.3989],[121.2451,28.3973],[121.242,28.3942],[121.2421,28.3898],[121.2408,28.3885],[121.2343,28.3871],[121.2322,28.3878],[121.2247,28.3879],[121.2158,28.3813],[121.2187,28.3793],[121.2185,28.3764],[121.211,28.3742],[121.2079,28.3738],[121.2058,28.3756],[121.2042,28.3733],[121.2008,28.3718],[121.2114,28.3589],[121.2072,28.3328],[121.2047,28.3284],[121.2059,28.3248],[121.1998,28.275],[121.189,28.2751],[121.1572,28.296],[121.1445,28.2716],[121.1349,28.1798],[121.0951,28.0888],[121.1412,28.0144],[121.2517,28.0339],[121.5568,27.9716],[121.8388,27.9715],[121.9871,28.1464],[122.0926,28.2708],[122.1073,28.2897],[122.1704,28.3759],[122.3414,28.6093],[122.4495,28.7566],[122.1778,28.7561],[122.0031,28.8193],[121.9441,28.8663],[121.7777,28.9989],[121.7497,29.0981],[121.7394,29.1071],[121.7332,29.1119],[121.6929,29.1272],[121.6744,29.1302],[121.6028,29.167],[121.5752,29.1731],[121.5445,29.1746],[121.5437,29.1735],[121.5342,29.1639],[121.5324,29.1613],[121.541,29.1548],[121.5401,29.1506],[121.5415,29.1438],[121.526,29.1404],[121.4901,29.1426],[121.4672,29.1507],[121.4472,29.1604],[121.4369,29.1626],[121.4278,29.163],[121.4204,29.161],[121.4176,29.1596],[121.4115,29.1627],[121.4113,29.1602],[121.4093,29.1591],[121.407,29.1608],[121.4002,29.1601],[121.3966,29.1639],[121.3971,29.1666],[121.4012,29.1691],[121.3988,29.1782],[121.4002,29.1808],[121.3953,29.1849],[121.3928,29.1844],[121.3906,29.1866],[121.3913,29.1899],[121.3863,29.1931],[121.3863,29.1963],[121.3836,29.1959],[121.381,29.1977],[121.3809,29.1999],[121.3792,29.2022],[121.3753,29.2033],[121.3738,29.2007],[121.3712,29.2],[121.3675,29.1959],[121.3663,29.192],[121.3625,29.1885],[121.3604,29.1917],[121.3579,29.1906],[121.3545,29.1912],[121.3526,29.1906],[121.35,29.1872],[121.3493,29.1826],[121.3504,29.1817],[121.3594,29.1821],[121.3614,29.1799],[121.3597,29.1786],[121.3594,29.1737],[121.3568,29.1718],[121.3529,29.1708],[121.352,29.1653],[121.3501,29.1614],[121.3487,29.1621],[121.3433,29.1566],[121.344,29.1529],[121.3402,29.1504],[121.3399,29.1459],[121.3433,29.1422],[121.343,29.1396],[121.3446,29.1375],[121.34,29.1336],[121.3406,29.1307],[121.3368,29.129],[121.3353,29.125],[121.3333,29.1253],[121.329,29.124],[121.3214,29.1235],[121.3201,29.1192],[121.3188,29.1183],[121.3171,29.1144],[121.3133,29.1127],[121.3134,29.1087],[121.3079,29.1074],[121.3054,29.1098],[121.3078,29.1126],[121.3053,29.1146],[121.3072,29.1178],[121.3058,29.1184],[121.3032,29.1166],[121.2958,29.118],[121.2953,29.1146],[121.2905,29.1193],[121.2891,29.1162],[121.2917,29.1145],[121.2925,29.112],[121.2946,29.1118],[121.2953,29.1095],[121.2931,29.1072],[121.2928,29.1049],[121.294,29.1024],[121.292,29.0998],[121.2892,29.1007],[121.2912,29.0955],[121.2857,29.0936],[121.2819,29.095],[121.2818,29.0978],[121.2751,29.0992],[121.2728,29.103],[121.2708,29.1041],[121.2656,29.104],[121.265,29.1046],[121.2642,29.1111],[121.267,29.1118],[121.2667,29.1137],[121.2618,29.1144],[121.2615,29.1161],[121.2593,29.1171],[121.2569,29.1162],[121.2502,29.1195],[121.2501,29.1221],[121.2535,29.1247],[121.252,29.1282],[121.2552,29.1342],[121.2555,29.1416],[121.2572,29.1459],[121.2534,29.1482],[121.2518,29.1507],[121.2574,29.1537],[121.2598,29.1572],[121.2549,29.1592],[121.2536,29.1606],[121.2509,29.16],[121.2463,29.1631],[121.247,29.1684],[121.2424,29.1709],[121.2391,29.1758],[121.2326,29.1794],[121.2312,29.1814],[121.2289,29.1825],[121.2277,29.1863],[121.2287,29.1938],[121.2303,29.1982],[121.2276,29.1996],[121.2255,29.1994],[121.2226,29.2016],[121.2213,29.2068],[121.2151,29.2077],[121.2173,29.2105],[121.2174,29.2122],[121.2143,29.2134],[121.2121,29.2127],[121.2099,29.2099],[121.2079,29.2114],[121.206,29.2096],[121.1999,29.2092],[121.1989,29.2078],[121.196,29.2073],[121.1934,29.2091],[121.1907,29.2087],[121.1888,29.2069],[121.1834,29.2087],[121.1749,29.2095],[121.1719,29.2075],[121.1685,29.2097],[121.1624,29.2111],[121.1617,29.2141],[121.1636,29.2183],[121.165,29.2188],[121.1658,29.222],[121.1673,29.2235],[121.165,29.2274],[121.1638,29.2363],[121.1677,29.2346],[121.1671,29.2386],[121.1677,29.2401],[121.1656,29.2453],[121.1668,29.2478],[121.166,29.2489],[121.1624,29.2489],[121.1584,29.2503],[121.1612,29.2525],[121.1619,29.2542],[121.1615,29.2592],[121.1639,29.2612],[121.1632,29.2652],[121.166,29.2666],[121.1695,29.2664],[121.1733,29.2629],[121.1758,29.264],[121.1758,29.2687],[121.1738,29.271],[121.1713,29.276],[121.1714,29.278],[121.1737,29.285],[121.1764,29.2869],[121.1749,29.288],[121.1755,29.2905],[121.174,29.2929],[121.1806,29.2974],[121.1826,29.3005],[121.1885,29.3026],[121.1901,29.3043],[121.1962,29.3069],[121.1951,29.3089],[121.1972,29.3138],[121.1954,29.317],[121.1924,29.3185],[121.1854,29.3142],[121.1834,29.3191],[121.1831,29.3219],[121.1865,29.322],[121.1891,29.3254]]]},"properties":{"region_code":"CN-33-3310","parent_region_code":"CN-33","name":"台州市","level":"prefecture","has_children":true,"full_path":"中国 / 浙江省 / 台州市","source_admin_code":"3310","osm_relation_id":3477550}},
{"type":"Feature","geometry":{"type":"Polygon","coordinates":[[[120.3832,28.4827],[120.3819,28.4864],[120.382,28.4887],[120.379,28.492],[120.3788,28.4951],[120.3763,28.5005],[120.3715,28.5017],[120.3671,28.4986],[120.3621,28.5032],[120.3573,28.5029],[120.3561,28.5017],[120.3528,28.5011],[120.3477,28.5014],[120.3424,28.4996],[120.3369,28.4989],[120.3314,28.5061],[120.3316,28.5085],[120.3332,28.5104],[120.3326,28.5127],[120.3303,28.512],[120.328,28.5132],[120.3238,28.5128],[120.3226,28.5162],[120.3213,28.5167],[120.3169,28.5162],[120.3171,28.5214],[120.3147,28.5227],[120.3133,28.5255],[120.3085,28.5258],[120.3075,28.5209],[120.3003,28.5103],[120.297,28.5106],[120.2917,28.5144],[120.2894,28.5143],[120.2886,28.5173],[120.2903,28.5193],[120.2899,28.5232],[120.2873,28.5256],[120.287,28.5277],[120.2881,28.5298],[120.2861,28.5347],[120.2857,28.5384],[120.2881,28.5432],[120.2911,28.5459],[120.2988,28.5508],[120.3025,28.554],[120.3023,28.555],[120.3085,28.5615],[120.3112,28.56],[120.3132,28.5578],[120.3176,28.5571],[120.3182,28.5628],[120.3223,28.5672],[120.3209,28.5715],[120.3172,28.57],[120.3158,28.5735],[120.3179,28.5767],[120.3217,28.5798],[120.3265,28.5818],[120.3291,28.5839],[120.3345,28.58],[120.3367,28.5799],[120.3388,28.5778],[120.3422,28.5788],[120.3436,28.5759],[120.3456,28.5778],[120.3496,28.5793],[120.3545,28.5829],[120.3572,28.5836],[120.3623,28.5799],[120.3663,28.5811],[120.3668,28.5777],[120.369,28.5763],[120.3726,28.5809],[120.3756,28.5823],[120.3758,28.5847],[120.3779,28.5861],[120.3774,28.5908],[120.3781,28.5937],[120.3741,28.5968],[120.3744,28.5986],[120.3774,28.6016],[120.3758,28.6057],[120.374,28.6065],[120.3734,28.609],[120.3681,28.6075],[120.3684,28.6103],[120.3648,28.6123],[120.3642,28.6158],[120.3655,28.6201],[120.3635,28.6227],[120.3611,28.6217],[120.3604,28.6246],[120.3573,28.628],[120.3511,28.6284],[120.349,28.6296],[120.3499,28.6335],[120.3447,28.6368],[120.3472,28.638],[120.3479,28.6416],[120.3498,28.6401],[120.3534,28.641],[120.3538,28.644],[120.353,28.6499],[120.3467,28.6502],[120.3446,28.6542],[120.3409,28.6536],[120.3369,28.6559],[120.3322,28.656],[120.3303,28.6577],[120.3294,28.6603],[120.3268,28.6633],[120.3241,28.6641],[120.3228,28.6685],[120.3188,28.6698],[120.318,28.6717],[120.3185,28.6794],[120.3228,28.6836],[120.3236,28.686],[120.3196,28.6871],[120.319,28.6903],[120.3204,28.6973],[120.3232,28.6982],[120.3244,28.7006],[120.3273,28.7035],[120.3263,28.7056],[120.3299,28.7056],[120.3316,28.7073],[120.3328,28.7032],[120.3346,28.7038],[120.3357,28.7072],[120.3397,28.7097],[120.3422,28.7078],[120.3451,28.7072],[120.3502,28.7103],[120.3511,28.7136],[120.3503,28.717],[120.3483,28.718],[120.3474,28.7234],[120.3489,28.7252],[120.3472,28.7273],[120.3451,28.726],[120.3413,28.7261],[120.3396,28.7273],[120.3401,28.7311],[120.3434,28.7336],[120.3511,28.7348],[120.3528,28.7365],[120.3588,28.7376],[120.3616,28.7414],[120.3657,28.7432],[120.3643,28.7464],[120.3655,28.748],[120.3664,28.7537],[120.3641,28.756],[120.3641,28.7623],[120.3658,28.7636],[120.3649,28.7664],[120.3674,28.7728],[120.3691,28.7755],[120.3751,28.7802],[120.3759,28.7822],[120.3798,28.7859],[120.3812,28.7894],[120.3843,28.7911],[120.3894,28.7882],[120.3926,28.7888],[120.3962,28.7883],[120.3992,28.791],[120.3989,28.7954],[120.404,28.7977],[120.4063,28.8013],[120.4026,28.8051],[120.404,28.8095],[120.4078,28.8142],[120.4103,28.8163],[120.4107,28.8251],[120.4146,28.8291],[120.4166,28.8328],[120.4222,28.8339],[120.4223,28.8348],[120.4203,28.8389],[120.42,28.8412],[120.4181,28.8454],[120.4182,28.8494],[120.4166,28.8505],[120.415,28.8536],[120.412,28.8538],[120.4108,28.8503],[120.4058,28.8485],[120.4019,28.8483],[120.4003,28.8503],[120.4003,28.8571],[120.3966,28.8587],[120.3945,28.857],[120.3917,28.8514],[120.3884,28.85],[120.3882,28.8463],[120.39,28.845],[120.3894,28.8394],[120.388,28.8383],[120.3875,28.8355],[120.3844,28.8324],[120.3815,28.8327],[120.3768,28.837],[120.3714,28.8357],[120.3693,28.8367],[120.3638,28.841],[120.3607,28.842],[120.3586,28.8414],[120.3533,28.8424],[120.3534,28.8449],[120.3513,28.8485],[120.3485,28.8502],[120.3478,28.8531],[120.3439,28.8531],[120.343,28.8613],[120.3393,28.8613],[120.335,28.8625],[120.3313,28.8651],[120.331,28.8685],[120.3267,28.8721],[120.3221,28.8732],[120.3174,28.8752],[120.3173,28.8773],[120.313,28.8786],[120.3143,28.8813],[120.3127,28.8887],[120.3045,28.8919],[120.3011,28.895],[120.3004,28.8969],[120.3033,28.8979],[120.3043,28.9033],[120.3033,28.9098],[120.3062,28.9136],[120.3099,28.9164],[120.311,28.9214],[120.3085,28.9218],[120.3087,28.9238],[120.3052,28.9265],[120.3025,28.9277],[120.3018,28.9309],[120.3045,28.9355],[120.3035,28.9365],[120.3005,28.9348],[120.2976,28.9364],[120.296,28.9352],[120.292,28.9346],[120.2857,28.9356],[120.2761,28.9331],[120.2725,28.9342],[120.2733,28.9392],[120.2709,28.9404],[120.2715,28.9444],[120.2703,28.9463],[120.2696,28.9501],[120.266,28.9527],[120.2623,28.9485],[120.2592,28.946],[120.2611,28.9438],[120.2586,28.9401],[120.2565,28.9392],[120.2546,28.9401],[120.2509,28.9352],[120.2497,28.9328],[120.2546,28.9299],[120.254,28.9275],[120.2515,28.926],[120.2506,28.923],[120.2478,28.9197],[120.2467,28.9155],[120.2522,28.9142],[120.2573,28.9145],[120.2584,28.9129],[120.2575,28.9108],[120.2545,28.9088],[120.2556,28.9076],[120.2547,28.9048],[120.2571,28.9017],[120.2567,28.8976],[120.2583,28.8934],[120.2584,28.8876],[120.2559,28.8828],[120.2574,28.8789],[120.2584,28.8738],[120.2569,28.8696],[120.2549,28.8693],[120.25,28.8663],[120.2507,28.8629],[120.2476,28.8631],[120.2467,28.865],[120.2404,28.8626],[120.2403,28.8596],[120.2388,28.859],[120.2392,28.8548],[120.2368,28.8534],[120.2358,28.8503],[120.2319,28.8487],[120.2307,28.8465],[120.225,28.8451],[120.2244,28.8393],[120.2229,28.8377],[120.2212,28.8412],[120.2195,28.8401],[120.2165,28.8364],[120.2112,28.8374],[120.2107,28.8338],[120.2071,28.8321],[120.2082,28.8299],[120.2074,28.8251],[120.2037,28.8239],[120.2052,28.8221],[120.203,28.8207],[120.2022,28.8176],[120.1983,28.8152],[120.198,28.8131],[120.1955,28.8121],[120.1968,28.8084],[120.1965,28.8033],[120.2003,28.8022],[120.2006,28.8002],[120.2031,28.8006],[120.2062,28.7982],[120.2007,28.7904],[120.1984,28.7891],[120.1955,28.7892],[120.1949,28.787],[120.1883,28.787],[120.1872,28.7885],[120.1844,28.788],[120.1789,28.7881],[120.1774,28.7833],[120.1736,28.782],[120.1753,28.7788],[120.1718,28.776],[120.1671,28.7791],[120.1662,28.7774],[120.1603,28.7779],[120.1587,28.7804],[120.1533,28.7831],[120.1506,28.7811],[120.1495,28.7829],[120.1454,28.7839],[120.1418,28.7871],[120.133,28.7847],[120.1324,28.7827],[120.1344,28.7818],[120.1368,28.7784],[120.1351,28.7769],[120.1357,28.7744],[120.1339,28.7737],[120.1327,28.7711],[120.1338,28.77],[120.1308,28.7681],[120.1282,28.7634],[120.1189,28.7626],[120.1153,28.7636],[120.1129,28.7657],[120.1071,28.7652],[120.1048,28.7662],[120.1052,28.7706],[120.1037,28.7717],[120.1006,28.7704],[120.0953,28.7716],[120.0926,28.7714],[120.0909,28.7734],[120.0868,28.7764],[120.0865,28.7788],[120.0839,28.7816],[120.0855,28.7871],[120.0839,28.7881],[120.0773,28.7866],[120.0737,28.7874],[120.0706,28.7848],[120.0698,28.7816],[120.0673,28.7833],[120.0643,28.7817],[120.0613,28.7784],[120.0598,28.7781],[120.0573,28.7747],[120.0544,28.7756],[120.0545,28.7714],[120.0513,28.7699],[120.0493,28.7703],[120.0471,28.7678],[120.0447,28.7663],[120.042,28.7661],[120.0391,28.7646],[120.0334,28.7647],[120.0301,28.7637],[120.0246,28.7609],[120.0229,28.7628],[120.0221,28.7658],[120.0196,28.7688],[120.0162,28.7684],[120.0146,28.7693],[120.0143,28.7719],[120.0108,28.7733],[120.0093,28.7729],[120.0058,28.7744],[120.0049,28.7766],[120.0069,28.7804],[120.005,28.7848],[120.0012,28.7837],[120.0002,28.7851],[119.9924,28.7876],[119.9911,28.7901],[119.9868,28.7931],[119.9812,28.7937],[119.9777,28.7963],[119.9782,28.7992],[119.9706,28.7978],[119.9673,28.7984],[119.9655,28.7919],[119.9626,28.7882],[119.9596,28.7892],[119.9571,28.7915],[119.9535,28.7922],[119.9488,28.7913],[119.9472,28.79],[119.9442,28.7904],[119.942,28.7939],[119.9363,28.7967],[119.9338,28.7961],[119.93,28.7968],[119.9279,28.7991],[119.9236,28.7993],[119.9225,28.8024],[119.9173,28.8049],[119.9108,28.8027],[119.9133,28.7997],[119.9186,28.7976],[119.9166,28.7884],[119.9183,28.7857],[119.9106,28.782],[119.9108,28.7775],[119.9072,28.7741],[119.9026,28.7722],[119.9,28.7703],[119.8988,28.7678],[119.896,28.766],[119.8974,28.7646],[119.8967,28.7612],[119.8995,28.759],[119.8959,28.7566],[119.8923,28.7532],[119.8905,28.7528],[119.886,28.75],[119.8846,28.7483],[119.8814,28.7484],[119.8812,28.7509],[119.8762,28.7556],[119.8729,28.7495],[119.8672,28.7456],[119.8711,28.7394],[119.8691,28.7359],[119.8658,28.7335],[119.8685,28.7311],[119.8649,28.7293],[119.8654,28.7249],[119.8616,28.7235],[119.8595,28.7237],[119.8523,28.7214],[119.8465,28.7212],[119.8427,28.7204],[119.84,28.7218],[119.8377,28.7213],[119.8334,28.7166],[119.8313,28.7155],[119.8272,28.7163],[119.8277,28.7134],[119.8301,28.7095],[119.8273,28.7071],[119.8266,28.7023],[119.8209,28.6975],[119.8171,28.6964],[119.8149,28.6983],[119.8117,28.6959],[119.8144,28.6943],[119.8112,28.6924],[119.8099,28.6904],[119.8075,28.692],[119.805,28.6873],[119.8067,28.6862],[119.8085,28.6883],[119.8105,28.6849],[119.8103,28.6788],[119.8089,28.6771],[119.8094,28.6738],[119.8069,28.6702],[119.8057,28.666],[119.8081,28.6613],[119.808,28.6574],[119.8032,28.6559],[119.8039,28.6515],[119.8028,28.6494],[119.799,28.6485],[119.7987,28.6472],[119.7954,28.6435],[119.7936,28.6429],[119.7922,28.6377],[119.789,28.6372],[119.788,28.6358],[119.7852,28.6395],[119.7831,28.6377],[119.7796,28.6366],[119.7781,28.6387],[119.775,28.637],[119.772,28.6363],[119.7658,28.6402],[119.7609,28.6422],[119.7581,28.6441],[119.755,28.6407],[119.751,28.6402],[119.7483,28.6387],[119.7506,28.6367],[119.7525,28.6311],[119.7562,28.6309],[119.756,28.6268],[119.7548,28.6248],[119.7579,28.6241],[119.7596,28.6213],[119.7575,28.62],[119.7585,28.6183],[119.7655,28.6137],[119.7665,28.6117],[119.7638,28.6047],[119.7657,28.6035],[119.7662,28.6003],[119.7695,28.598],[119.7681,28.5937],[119.7707,28.5898],[119.7638,28.5887],[119.7619,28.5914],[119.7544,28.5942],[119.7515,28.5962],[119.7451,28.5961],[119.7447,28.5926],[119.7459,28.5908],[119.7453,28.587],[119.7463,28.5841],[119.7458,28.5788],[119.7441,28.5788],[119.7399,28.5757],[119.7369,28.577],[119.7366,28.5814],[119.7335,28.5814],[119.7318,28.5765],[119.7308,28.5719],[119.7244,28.5711],[119.7257,28.5687],[119.7315,28.5668],[119.7283,28.5655],[119.7233,28.5654],[119.7218,28.5685],[119.7188,28.5687],[119.7179,28.5706],[119.7151,28.5691],[119.7126,28.5658],[119.7149,28.5632],[119.7144,28.5574],[119.7124,28.5554],[119.7086,28.5548],[119.7061,28.5514],[119.703,28.5486],[119.7039,28.5448],[119.7035,28.5386],[119.702,28.5366],[119.6966,28.5349],[119.6966,28.5338],[119.7001,28.5296],[119.695,28.5313],[119.6933,28.5299],[119.6911,28.5325],[119.6875,28.5334],[119.6848,28.5358],[119.6809,28.5351],[119.6756,28.533],[119.6763,28.5303],[119.6708,28.5296],[119.672,28.533],[119.6706,28.5343],[119.6654,28.5329],[119.665,28.5342],[119.6598,28.5397],[119.6595,28.542],[119.6617,28.5435],[119.6588,28.5471],[119.6608,28.551],[119.657,28.5493],[119.6498,28.5498],[119.6508,28.5471],[119.6496,28.5452],[119.647,28.544],[119.6424,28.5456],[119.6432,28.5408],[119.6406,28.537],[119.6437,28.5347],[119.6438,28.5317],[119.6399,28.5308],[119.6372,28.5328],[119.6399,28.5346],[119.64,28.5368],[119.6384,28.5384],[119.6352,28.5375],[119.6374,28.5354],[119.6318,28.5317],[119.6316,28.5303],[119.6277,28.5298],[119.6286,28.5243],[119.6267,28.5218],[119.6272,28.5175],[119.6243,28.518],[119.6247,28.5212],[119.6231,28.5233],[119.6202,28.5238],[119.6188,28.5254],[119.613,28.5277],[119.6118,28.5313],[119.6062,28.5314],[119.6037,28.5303],[119.6017,28.5344],[119.5995,28.5346],[119.5971,28.5293],[119.594,28.53],[119.5922,28.5343],[119.5903,28.5353],[119.5866,28.5357],[119.5873,28.5387],[119.5888,28.5397],[119.5866,28.5421],[119.5844,28.5423],[119.5789,28.5365],[119.5751,28.5403],[119.569,28.5387],[119.5659,28.5353],[119.5643,28.5367],[119.5596,28.5362],[119.5579,28.5373],[119.5521,28.5366],[119.5504,28.5343],[119.5481,28.5361],[119.5451,28.5328],[119.5398,28.5368],[119.538,28.5347],[119.5369,28.5385],[119.534,28.5416],[119.533,28.5445],[119.5303,28.5489],[119.5321,28.5507],[119.529,28.5539],[119.5305,28.5577],[119.5287,28.5592],[119.5251,28.5578],[119.5223,28.5611],[119.5144,28.5625],[119.5137,28.5637],[119.5095,28.5654],[119.505,28.5644],[119.5023,28.5601],[119.5013,28.5571],[119.4977,28.5555],[119.4967,28.5531],[119.4927,28.5532],[119.4913,28.5561],[119.4895,28.5563],[119.4892,28.5593],[119.491,28.5613],[119.4887,28.5663],[119.4864,28.5692],[119.4879,28.5712],[119.4921,28.574],[119.4921,28.5764],[119.4945,28.5787],[119.4916,28.5817],[119.4915,28.583],[119.4945,28.591],[119.4962,28.5916],[119.4991,28.5962],[119.5017,28.5977],[119.5023,28.5998],[119.5054,28.6041],[119.5128,28.6098],[119.5119,28.6137],[119.5087,28.611],[119.5037,28.6124],[119.5059,28.6182],[119.5054,28.6214],[119.5027,28.6235],[119.4968,28.6222],[119.494,28.6245],[119.5016,28.6263],[119.5045,28.6266],[119.5043,28.6294],[119.5009,28.6301],[119.5021,28.6319],[119.5071,28.6326],[119.5142,28.6389],[119.5144,28.6421],[119.5108,28.6404],[119.5075,28.6404],[119.5032,28.6386],[119.5008,28.64],[119.4995,28.6382],[119.4953,28.6364],[119.4936,28.6366],[119.4891,28.6334],[119.4893,28.6298],[119.4864,28.628],[119.4844,28.6308],[119.4813,28.6322],[119.4818,28.6387],[119.4828,28.6399],[119.4771,28.6434],[119.4741,28.6411],[119.4717,28.6413],[119.4677,28.6397],[119.4643,28.6372],[119.4607,28.6363],[119.4576,28.6371],[119.4554,28.6392],[119.4539,28.6422],[119.455,28.6457],[119.4517,28.6488],[119.4507,28.6528],[119.4533,28.6557],[119.4574,28.6557],[119.4589,28.6571],[119.462,28.6567],[119.469,28.6571],[119.4745,28.6612],[119.4756,28.664],[119.4725,28.6666],[119.4715,28.6685],[119.466,28.6691],[119.4635,28.6706],[119.4608,28.6708],[119.4592,28.6696],[119.4566,28.6732],[119.4582,28.6752],[119.4565,28.6785],[119.4551,28.6854],[119.4562,28.6881],[119.456,28.6923],[119.4596,28.6972],[119.4587,28.6987],[119.459,28.7053],[119.4616,28.7109],[119.4588,28.7172],[119.4544,28.7183],[119.4564,28.7212],[119.4576,28.7211],[119.4594,28.725],[119.4592,28.7284],[119.4577,28.7327],[119.4584,28.7369],[119.4581,28.7404],[119.4557,28.7452],[119.4588,28.7458],[119.4625,28.7454],[119.465,28.7475],[119.4681,28.7469],[119.4704,28.7489],[119.4689,28.752],[119.4682,28.7563],[119.4666,28.7574],[119.4671,28.7608],[119.4686,28.7615],[119.4687,28.7671],[119.4643,28.7684],[119.4629,28.7697],[119.4601,28.7698],[119.4578,28.7658],[119.4566,28.7659],[119.4491,28.7634],[119.4434,28.7635],[119.4409,28.7606],[119.4373,28.7607],[119.4362,28.7596],[119.4287,28.7599],[119.4246,28.7581],[119.423,28.7553],[119.4198,28.7551],[119.418,28.752],[119.4137,28.7524],[119.4101,28.7546],[119.4104,28.7573],[119.4092,28.7587],[119.4085,28.7625],[119.4089,28.7662],[119.4053,28.7679],[119.4017,28.7682],[119.4,28.7701],[119.3942,28.7785],[119.3909,28.7792],[119.3904,28.7825],[119.3885,28.7856],[119.3839,28.7879],[119.3819,28.7901],[119.3778,28.7892],[119.3733,28.79],[119.3666,28.7877],[119.3657,28.7796],[119.3632,28.7758],[119.3596,28.7752],[119.3547,28.7725],[119.3552,28.7676],[119.3522,28.7629],[119.3472,28.7616],[119.3462,28.7595],[119.3425,28.7606],[119.3369,28.7612],[119.3365,28.7628],[119.3319,28.7685],[119.3319,28.7751],[119.3296,28.7786],[119.3244,28.7824],[119.3203,28.7818],[119.3198,28.7831],[119.3215,28.7857],[119.3215,28.7895],[119.3184,28.7934],[119.3199,28.8009],[119.3147,28.8027],[119.316,28.8047],[119.3161,28.8074],[119.316,28.8103],[119.3133,28.8146],[119.3079,28.8158],[119.3048,28.8138],[119.3025,28.8109],[119.3007,28.8108],[119.2981,28.8074],[119.2942,28.8068],[119.2897,28.8096],[119.2852,28.8103],[119.2799,28.8092],[119.2785,28.8102],[119.273,28.8066],[119.2692,28.8081],[119.2671,28.8104],[119.2652,28.8088],[119.2623,28.8086],[119.2616,28.8045],[119.2675,28.8067],[119.2722,28.8018],[119.2711,28.7991],[119.2674,28.7961],[119.2623,28.7978],[119.2605,28.7929],[119.2577,28.7918],[119.2589,28.7892],[119.2588,28.7858],[119.2559,28.7864],[119.2563,28.783],[119.2517,28.7821],[119.2502,28.7765],[119.2477,28.7758],[119.2452,28.7708],[119.2461,28.7685],[119.2442,28.7669],[119.2416,28.7672],[119.2398,28.7647],[119.2363,28.7654],[119.2316,28.7651],[119.2277,28.7677],[119.2173,28.7695],[119.2135,28.7742],[119.2108,28.7756],[119.2088,28.7747],[119.2073,28.7764],[119.2054,28.7748],[119.2052,28.7716],[119.2036,28.7708],[119.1988,28.7712],[119.1991,28.7749],[119.2009,28.7787],[119.1986,28.779],[119.1902,28.7819],[119.1881,28.7791],[119.1854,28.7791],[119.1834,28.7772],[119.1836,28.7747],[119.1806,28.7728],[119.1772,28.7674],[119.1724,28.7673],[119.1709,28.7662],[119.1722,28.7621],[119.172,28.7583],[119.1709,28.7568],[119.1681,28.7579],[119.1664,28.7573],[119.1676,28.754],[119.1661,28.7532],[119.1626,28.756],[119.164,28.7511],[119.1622,28.7486],[119.158,28.7519],[119.1559,28.7517],[119.1522,28.7479],[119.1506,28.748],[119.1456,28.7455],[119.1446,28.744],[119.1403,28.744],[119.1365,28.7432],[119.1352,28.7411],[119.1281,28.7415],[119.1233,28.7405],[119.1179,28.7427],[119.1155,28.7407],[119.1089,28.7441],[119.1012,28.7463],[119.0966,28.7467],[119.0963,28.7483],[119.0929,28.7505],[119.0915,28.7465],[119.089,28.7427],[119.0833,28.7384],[119.0791,28.7411],[119.079,28.7432],[119.0748,28.7442],[119.0722,28.7402],[119.0677,28.7378],[119.064,28.7374],[119.0625,28.7364],[119.0589,28.7365],[119.055,28.7322],[119.0485,28.7307],[119.0468,28.7266],[119.0445,28.7264],[119.0416,28.7245],[119.0417,28.7199],[119.0392,28.7154],[119.0321,28.7118],[119.024,28.7127],[119.0214,28.711],[119.0181,28.7075],[119.0157,28.707],[119.0127,28.7052],[119.0111,28.7032],[119.0093,28.6969],[119.0053,28.6961],[119.001,28.694],[118.9984,28.6907],[118.9956,28.6851],[118.9913,28.6845],[118.9873,28.6808],[118.9859,28.6771],[118.9828,28.6728],[118.9807,28.6712],[118.9792,28.6665],[118.9748,28.6656],[118.9703,28.6587],[118.9672,28.6571],[118.9662,28.6545],[118.9642,28.6542],[118.9631,28.6511],[118.9598,28.6488],[118.9579,28.6453],[118.9564,28.6481],[118.9526,28.6507],[118.9488,28.6519],[118.9476,28.6502],[118.9433,28.6486],[118.9417,28.6471],[118.9373,28.6494],[118.9324,28.6466],[118.9266,28.6447],[118.9207,28.6371],[118.9197,28.6343],[118.9216,28.6327],[118.923,28.6296],[118.9216,28.6256],[118.9185,28.6225],[118.9109,28.6161],[118.9125,28.6132],[118.9138,28.6043],[118.9131,28.6027],[118.9107,28.6016],[118.9059,28.6011],[118.9052,28.5998],[118.9068,28.5973],[118.9054,28.5952],[118.9048,28.5917],[118.9055,28.5905],[118.9052,28.5831],[118.9063,28.5816],[118.902,28.5775],[118.9067,28.576],[118.9108,28.5718],[118.9093,28.5699],[118.909,28.5665],[118.907,28.5638],[118.9022,28.5614],[118.9002,28.557],[118.9004,28.5549],[118.8974,28.5523],[118.8968,28.5485],[118.8946,28.5466],[118.8881,28.5445],[118.8857,28.5427],[118.8863,28.5382],[118.8841,28.536],[118.8772,28.5334],[118.8757,28.5286],[118.8731,28.5237],[118.8706,28.5228],[118.8702,28.5209],[118.8638,28.5166],[118.8611,28.523],[118.8618,28.5266],[118.8615,28.5306],[118.86,28.533],[118.8521,28.5327],[118.85,28.5299],[118.8498,28.5351],[118.8473,28.5399],[118.8478,28.5428],[118.8463,28.5446],[118.8403,28.545],[118.8386,28.5439],[118.8337,28.5432],[118.8311,28.5443],[118.8298,28.5472],[118.8271,28.548],[118.8223,28.5507],[118.819,28.5516],[118.8158,28.551],[118.8142,28.548],[118.8078,28.546],[118.8074,28.5422],[118.8048,28.5394],[118.802,28.5385],[118.8008,28.5364],[118.7985,28.5367],[118.7938,28.5391],[118.7878,28.5379],[118.787,28.5353],[118.7841,28.534],[118.7811,28.5342],[118.7757,28.5299],[118.7752,28.5263],[118.7723,28.5219],[118.7704,28.5212],[118.7644,28.5238],[118.7603,28.5275],[118.7558,28.5265],[118.7486,28.5282],[118.7456,28.5275],[118.7442,28.5234],[118.7384,28.513],[118.7298,28.5089],[118.7282,28.5035],[118.7261,28.5028],[118.722,28.5031],[118.7206,28.4998],[118.7184,28.4967],[118.7194,28.4914],[118.7225,28.4905],[118.7228,28.4872],[118.725,28.4831],[118.7218,28.4773],[118.7205,28.4734],[118.7206,28.4642],[118.7266,28.4603],[118.7245,28.4555],[118.7257,28.4544],[118.7248,28.4507],[118.7245,28.445],[118.7219,28.4428],[118.7188,28.4368],[118.7194,28.4349],[118.7242,28.4323],[118.7226,28.4302],[118.7204,28.4295],[118.7188,28.4275],[118.7194,28.4206],[118.7175,28.4165],[118.7196,28.4147],[118.7252,28.4147],[118.7286,28.4171],[118.7302,28.4198],[118.7331,28.4182],[118.7349,28.4187],[118.7393,28.4183],[118.7426,28.4203],[118.7506,28.4195],[118.7478,28.4153],[118.7528,28.4134],[118.7547,28.4105],[118.7534,28.4097],[118.7516,28.4062],[118.7526,28.4026],[118.7508,28.3992],[118.7463,28.3975],[118.7424,28.391],[118.7435,28.3892],[118.7403,28.3842],[118.7362,28.3795],[118.7358,28.376],[118.7336,28.3741],[118.7365,28.3719],[118.7374,28.3685],[118.7368,28.3658],[118.7353,28.3648],[118.735,28.3623],[118.7331,28.3591],[118.7291,28.355],[118.7267,28.3508],[118.7236,28.3494],[118.719,28.3416],[118.7165,28.3406],[118.7137,28.3422],[118.7094,28.3391],[118.7081,28.3365],[118.7038,28.3372],[118.7006,28.3333],[118.6966,28.3299],[118.6974,28.3251],[118.6963,28.3199],[118.6953,28.3189],[118.6925,28.3217],[118.6904,28.3213],[118.6943,28.3179],[118.6954,28.3137],[118.7007,28.3149],[118.7035,28.3133],[118.7067,28.3161],[118.705,28.3178],[118.7077,28.3204],[118.7091,28.3174],[118.7123,28.3144],[118.7155,28.3152],[118.7169,28.3173],[118.7215,28.3129],[118.7238,28.3097],[118.7248,28.3042],[118.7219,28.3033],[118.7205,28.3003],[118.7223,28.2954],[118.7204,28.291],[118.7224,28.2877],[118.7255,28.2881],[118.7271,28.2903],[118.7278,28.2976],[118.7306,28.2957],[118.732,28.2927],[118.7311,28.2911],[118.7279,28.2925],[118.7269,28.2873],[118.7228,28.2867],[118.7219,28.2843],[118.7273,28.2833],[118.7326,28.2812],[118.7349,28.281],[118.7364,28.279],[118.7355,28.2763],[118.7365,28.2725],[118.7303,28.2662],[118.7312,28.2639],[118.7337,28.2638],[118.7354,28.2665],[118.7392,28.2696],[118.7411,28.268],[118.7376,28.2633],[118.7344,28.2621],[118.7295,28.2615],[118.7245,28.2573],[118.7293,28.2575],[118.7294,28.2591],[118.7346,28.2598],[118.74,28.2589],[118.7462,28.2563],[118.7514,28.2558],[118.7493,28.2534],[118.7496,28.249],[118.7599,28.2411],[118.7617,28.2382],[118.7666,28.2396],[118.7669,28.2413],[118.7698,28.243],[118.7772,28.2449],[118.7817,28.2464],[118.7828,28.246],[118.7887,28.2466],[118.7902,28.2457],[118.7958,28.2455],[118.799,28.2415],[118.8015,28.2395],[118.7987,28.2366],[118.8036,28.2354],[118.8062,28.2334],[118.8088,28.2337],[118.8052,28.2231],[118.8014,28.2196],[118.8015,28.2174],[118.7985,28.2108],[118.7919,28.212],[118.7909,28.2097],[118.7871,28.2057],[118.7839,28.2045],[118.7803,28.1968],[118.7751,28.1946],[118.7704,28.195],[118.7661,28.1911],[118.7636,28.1851],[118.7597,28.1818],[118.7597,28.1777],[118.7561,28.1738],[118.7575,28.1701],[118.759,28.171],[118.7683,28.17],[118.77,28.1723],[118.7726,28.1724],[118.7754,28.175],[118.7783,28.1763],[118.7823,28.1737],[118.7854,28.1734],[118.7871,28.1713],[118.7927,28.1724],[118.7919,28.1665],[118.7963,28.164],[118.8013,28.1571],[118.8,28.1559],[118.802,28.1533],[118.806,28.1519],[118.804,28.1474],[118.8049,28.1452],[118.8027,28.1423],[118.7962,28.1422],[118.7955,28.1365],[118.7982,28.1307],[118.7964,28.1237],[118.7984,28.1226],[118.7981,28.1203],[118.7963,28.1196],[118.7953,28.1174],[118.7914,28.1162],[118.7878,28.1165],[118.7857,28.118],[118.7819,28.1177],[118.7774,28.1204],[118.7756,28.1169],[118.7758,28.1143],[118.7728,28.1148],[118.7687,28.1165],[118.7664,28.1135],[118.7659,28.1098],[118.7619,28.1073],[118.7596,28.1019],[118.76,28.0991],[118.757,28.097],[118.7524,28.0949],[118.7455,28.0962],[118.7443,28.0948],[118.7397,28.0924],[118.7384,28.0902],[118.7385,28.0872],[118.7339,28.0849],[118.7314,28.0815],[118.7307,28.0785],[118.7284,28.0769],[118.7233,28.0758],[118.7206,28.0732],[118.7192,28.0685],[118.7167,28.0694],[118.7118,28.0675],[118.7134,28.0643],[118.713,28.0619],[118.7144,28.0589],[118.7126,28.0566],[118.7138,28.0551],[118.7149,28.051],[118.7136,28.0449],[118.7124,28.0422],[118.7134,28.0409],[118.7129,28.0353],[118.7161,28.0346],[118.7168,28.0358],[118.7237,28.041],[118.7258,28.0408],[118.729,28.0356],[118.7284,28.0333],[118.7296,28.0313],[118.7269,28.0295],[118.727,28.027],[118.7242,28.0228],[118.7231,28.0191],[118.7202,28.0144],[118.7215,28.0124],[118.7209,28.0094],[118.7219,28.0066],[118.721,28.0044],[118.7233,28.0037],[118.7238,28.0013],[118.7262,27.9971],[118.7258,27.9955],[118.7286,27.9921],[118.7266,27.991],[118.7266,27.9887],[118.7282,27.9855],[118.7278,27.979],[118.7242,27.978],[118.7254,27.9747],[118.7243,27.9734],[118.7274,27.9704],[118.7287,27.9708],[118.732,27.9689],[118.7324,27.967],[118.7345,27.9644],[118.7403,27.9605],[118.7419,27.9573],[118.7448,27.9566],[118.7473,27.9533],[118.7473,27.9461],[118.749,27.9443],[118.757,27.9461],[118.7649,27.9442],[118.7708,27.9407],[118.7806,27.9406],[118.7858,27.9382],[118.7864,27.9369],[118.7911,27.9358],[118.7928,27.9342],[118.7952,27.9345],[118.7964,27.9316],[118.7985,27.9307],[118.8009,27.9271],[118.7961,27.9238],[118.8004,27.9209],[118.8032,27.9201],[118.8053,27.9212],[118.8086,27.92],[118.8096,27.9207],[118.8133,27.9185],[118.8129,27.9159],[118.811,27.9131],[118.8123,27.9107],[118.8163,27.9091],[118.8163,27.9041],[118.8145,27.9024],[118.8155,27.8985],[118.8192,27.8948],[118.8205,27.8925],[118.8243,27.8923],[118.8282,27.8911],[118.8248,27.8881],[118.8227,27.8852],[118.8234,27.8829],[118.8229,27.8798],[118.8239,27.8768],[118.829,27.8744],[118.8294,27.8724],[118.8317,27.8708],[118.8331,27.8673],[118.8302,27.8636],[118.8282,27.8626],[118.8279,27.8573],[118.8263,27.8555],[118.8254,27.8515],[118.8218,27.8501],[118.825,27.8482],[118.8274,27.8452],[118.8309,27.8428],[118.8329,27.8365],[118.8308,27.833],[118.8342,27.826],[118.8339,27.824],[118.8409,27.8165],[118.8432,27.8174],[118.845,27.8152],[118.8452,27.8131],[118.8427,27.8047],[118.8444,27.8021],[118.8471,27.8002],[118.8475,27.7967],[118.8443,27.7948],[118.8409,27.7962],[118.8391,27.7929],[118.8344,27.7923],[118.8379,27.7861],[118.835,27.7836],[118.835,27.782],[118.8408,27.7807],[118.8422,27.7822],[118.8445,27.7799],[118.8408,27.7776],[118.8435,27.7767],[118.8511,27.7795],[118.8506,27.7763],[118.8515,27.7739],[118.8509,27.7694],[118.852,27.767],[118.8552,27.7656],[118.858,27.7618],[118.8592,27.7551],[118.8625,27.7523],[118.8648,27.7489],[118.8646,27.7446],[118.8662,27.7438],[118.8652,27.7413],[118.8677,27.737],[118.8731,27.7356],[118.8751,27.7362],[118.8778,27.7332],[118.8795,27.7292],[118.8794,27.7275],[118.8833,27.7246],[118.8865,27.721],[118.8904,27.723],[118.8936,27.7225],[118.8914,27.7174],[118.8964,27.7126],[118.8964,27.71],[118.8901,27.7084],[118.8872,27.7086],[118.8835,27.7102],[118.8807,27.7079],[118.8762,27.7088],[118.872,27.7088],[118.8704,27.7055],[118.8702,27.7028],[118.876,27.6992],[118.8759,27.6956],[118.8767,27.6943],[118.8758,27.6912],[118.874,27.689],[118.8702,27.6868],[118.8705,27.682],[118.8757,27.6773],[118.8751,27.6742],[118.8772,27.6721],[118.8816,27.6705],[118.8799,27.6686],[118.8816,27.6643],[118.8847,27.6621],[118.8873,27.663],[118.8918,27.6582],[118.8935,27.6534],[118.8973,27.6506],[118.8973,27.6458],[118.9,27.6443],[118.8985,27.6405],[118.8965,27.6386],[118.8966,27.6369],[118.9002,27.6338],[118.8988,27.6286],[118.9015,27.6265],[118.9039,27.6269],[118.9078,27.6242],[118.9099,27.6214],[118.912,27.6161],[118.9055,27.6128],[118.9036,27.6087],[118.9049,27.6061],[118.9026,27.6032],[118.9032,27.6001],[118.9015,27.5972],[118.8989,27.5946],[118.9001,27.5913],[118.8978,27.5859],[118.8992,27.584],[118.8984,27.5813],[118.8994,27.5783],[118.9037,27.5754],[118.9067,27.5752],[118.9067,27.5721],[118.9028,27.5714],[118.8982,27.5716],[118.896,27.5709],[118.894,27.5732],[118.8925,27.5724],[118.8938,27.5689],[118.8906,27.5652],[118.8918,27.5596],[118.8891,27.5551],[118.886,27.553],[118.8855,27.5511],[118.8824,27.5507],[118.8821,27.5481],[118.8796,27.5472],[118.8797,27.5449],[118.8777,27.5433],[118.8745,27.5433],[118.868,27.5456],[118.8648,27.5439],[118.8627,27.5383],[118.8613,27.5378],[118.86,27.5346],[118.86,27.5322],[118.8586,27.5304],[118.8553,27.5299],[118.8539,27.5266],[118.8533,27.5224],[118.8557,27.5197],[118.8549,27.5176],[118.8563,27.5153],[118.8614,27.519],[118.8658,27.5191],[118.8699,27.521],[118.8727,27.5199],[118.8721,27.5159],[118.8732,27.5138],[118.873,27.5113],[118.8757,27.5099],[118.8767,27.5074],[118.875,27.5054],[118.876,27.5026],[118.8822,27.505],[118.8825,27.5019],[118.8856,27.4972],[118.8846,27.4954],[118.8869,27.4938],[118.8832,27.4878],[118.8848,27.485],[118.8879,27.4856],[118.8931,27.4823],[118.8944,27.4793],[118.8975,27.4765],[118.8983,27.472],[118.8965,27.4697],[118.8989,27.4659],[118.9056,27.4636],[118.9083,27.4637],[118.9147,27.4664],[118.9207,27.4658],[118.9262,27.4667],[118.9334,27.4658],[118.9357,27.4618],[118.9423,27.4606],[118.9449,27.4592],[118.9461,27.4569],[118.9482,27.4562],[118.9491,27.4531],[118.9522,27.4523],[118.9542,27.4535],[118.9538,27.456],[118.9563,27.4579],[118.9556,27.4603],[118.9589,27.4654],[118.9572,27.4684],[118.9566,27.4719],[118.9611,27.4763],[118.9685,27.4774],[118.973,27.4796],[118.9757,27.4794],[118.9794,27.4778],[118.9827,27.4794],[118.9849,27.4815],[118.9846,27.4853],[118.9862,27.4898],[118.9825,27.4938],[118.9842,27.4963],[118.9791,27.4967],[118.9773,27.5008],[118.983,27.5038],[118.9873,27.5073],[118.9879,27.5033],[118.9901,27.5008],[118.9936,27.4984],[118.9941,27.4999],[119.0013,27.4999],[119.0074,27.499],[119.0113,27.5026],[119.0161,27.5017],[119.0186,27.5],[119.0194,27.4961],[119.0239,27.4947],[119.0278,27.492],[119.0297,27.4852],[119.0317,27.4854],[119.0335,27.4822],[119.0357,27.4818],[119.0379,27.4849],[119.0423,27.4845],[119.0433,27.4836],[119.0505,27.482],[119.0514,27.4801],[119.0512,27.4762],[119.0544,27.473],[119.0598,27.471],[119.0631,27.4708],[119.0674,27.4744],[119.0689,27.4768],[119.0706,27.4751],[119.0736,27.4741],[119.0741,27.4726],[119.079,27.4676],[119.0857,27.4679],[119.0915,27.4739],[119.0969,27.4786],[119.1023,27.4815],[119.1054,27.484],[119.1077,27.4843],[119.1101,27.4874],[119.1135,27.4853],[119.1164,27.4854],[119.1197,27.4838],[119.1218,27.4838],[119.1233,27.4822],[119.1228,27.4797],[119.1256,27.4772],[119.1263,27.4749],[119.1265,27.4676],[119.1241,27.4652],[119.1199,27.4665],[119.1144,27.4653],[119.1134,27.4636],[119.1175,27.4616],[119.1213,27.4581],[119.1221,27.4549],[119.1182,27.4507],[119.1186,27.4473],[119.1168,27.4392],[119.1202,27.4384],[119.123,27.4352],[119.1273,27.4351],[119.1279,27.4365],[119.1347,27.4379],[119.1408,27.4343],[119.1421,27.4293],[119.1432,27.4284],[119.1474,27.4316],[119.1515,27.4316],[119.152,27.4287],[119.1611,27.4308],[119.1628,27.4288],[119.1668,27.4286],[119.172,27.4299],[119.175,27.4314],[119.1764,27.4285],[119.1807,27.4282],[119.1831,27.4263],[119.1877,27.4242],[119.1913,27.4211],[119.1979,27.4243],[119.2004,27.4232],[119.2052,27.4251],[119.207,27.4252],[119.2102,27.4234],[119.213,27.4232],[119.2171,27.4217],[119.2183,27.4201],[119.223,27.4201],[119.226,27.4227],[119.2299,27.4236],[119.2332,27.4211],[119.2359,27.4222],[119.2395,27.4224],[119.2396,27.4272],[119.2376,27.4307],[119.241,27.434],[119.2437,27.4337],[119.2438,27.431],[119.2421,27.4284],[119.2416,27.4246],[119.2429,27.4215],[119.2459,27.4241],[119.252,27.4241],[119.2531,27.4259],[119.2574,27.4239],[119.2632,27.4249],[119.266,27.4285],[119.267,27.4318],[119.2687,27.4339],[119.2697,27.4369],[119.271,27.4375],[119.2732,27.4416],[119.273,27.4445],[119.2717,27.4465],[119.2736,27.4495],[119.2743,27.4557],[119.2754,27.458],[119.2783,27.4581],[119.2788,27.4562],[119.2829,27.4571],[119.2853,27.459],[119.285,27.4618],[119.2863,27.4626],[119.2867,27.4658],[119.2901,27.4658],[119.2966,27.4696],[119.298,27.467],[119.3056,27.4689],[119.3094,27.4684],[119.3119,27.4705],[119.3128,27.4748],[119.3164,27.4783],[119.3159,27.4815],[119.3189,27.4848],[119.3217,27.4825],[119.3236,27.4825],[119.3274,27.4846],[119.3325,27.4841],[119.3343,27.4861],[119.3347,27.4911],[119.3385,27.4907],[119.3405,27.4915],[119.3388,27.4942],[119.3429,27.4966],[119.3422,27.5],[119.34,27.5019],[119.3387,27.5051],[119.3393,27.5088],[119.3375,27.5098],[119.3351,27.5129],[119.3363,27.5146],[119.3355,27.5171],[119.338,27.518],[119.338,27.5201],[119.3397,27.5231],[119.3441,27.5252],[119.3486,27.5219],[119.3549,27.5252],[119.3582,27.5283],[119.3609,27.5318],[119.3611,27.5335],[119.3663,27.5313],[119.3706,27.5338],[119.376,27.5344],[119.3812,27.5367],[119.3844,27.5363],[119.3929,27.5388],[119.395,27.537],[119.3989,27.537],[119.4023,27.538],[119.4089,27.5377],[119.4102,27.5389],[119.4172,27.5354],[119.4226,27.5308],[119.4245,27.5302],[119.4284,27.5272],[119.4278,27.5233],[119.426,27.5213],[119.427,27.5196],[119.4266,27.5158],[119.4274,27.5114],[119.4374,27.5116],[119.4391,27.5135],[119.4433,27.5135],[119.448,27.5185],[119.4478,27.5221],[119.4496,27.523],[119.4528,27.5218],[119.4562,27.5241],[119.463,27.5267],[119.4653,27.5282],[119.4663,27.5307],[119.4664,27.5374],[119.4681,27.5396],[119.4684,27.5428],[119.4711,27.5447],[119.473,27.5489],[119.4796,27.5533],[119.4789,27.5584],[119.4813,27.5599],[119.4852,27.5649],[119.4875,27.5706],[119.4852,27.5728],[119.4808,27.5744],[119.4848,27.5805],[119.484,27.5819],[119.4804,27.5799],[119.4793,27.5822],[119.4829,27.5834],[119.4827,27.5867],[119.4842,27.5875],[119.4834,27.5925],[119.4848,27.5938],[119.4819,27.5952],[119.4848,27.6003],[119.4838,27.6024],[119.4893,27.6048],[119.494,27.6097],[119.4981,27.6117],[119.4999,27.615],[119.4961,27.6168],[119.4944,27.6189],[119.494,27.6253],[119.4945,27.6268],[119.4929,27.6291],[119.4971,27.6322],[119.4938,27.6366],[119.496,27.6379],[119.496,27.6476],[119.4974,27.6489],[119.4966,27.6528],[119.503,27.6522],[119.5042,27.6545],[119.5085,27.6569],[119.5116,27.6548],[119.5127,27.6526],[119.5152,27.6522],[119.5197,27.6571],[119.5196,27.6622],[119.5211,27.6637],[119.5251,27.6627],[119.529,27.6628],[119.5338,27.6617],[119.5381,27.6694],[119.537,27.6712],[119.5372,27.6739],[119.5348,27.6757],[119.5352,27.6776],[119.5397,27.6781],[119.5399,27.6748],[119.5459,27.6732],[119.545,27.6674],[119.5529,27.6657],[119.5583,27.6695],[119.5611,27.6672],[119.5639,27.667],[119.5654,27.6686],[119.568,27.6693],[119.5712,27.6748],[119.575,27.6738],[119.5754,27.6705],[119.5817,27.6667],[119.5835,27.669],[119.5856,27.6683],[119.5883,27.6702],[119.5898,27.67],[119.5922,27.6734],[119.5973,27.6759],[119.6031,27.6775],[119.6105,27.6759],[119.6119,27.6774],[119.6155,27.6769],[119.6169,27.6734],[119.6237,27.6729],[119.6256,27.6717],[119.6281,27.6727],[119.6315,27.6711],[119.6461,27.6815],[119.6491,27.7195],[119.6699,27.7409],[119.6795,27.7564],[119.6949,27.7634],[119.7174,27.7656],[119.7328,27.7766],[119.7399,27.7991],[119.7595,27.8079],[119.7681,27.8042],[119.7758,27.8002],[119.7804,27.7992],[119.7816,27.8056],[119.7801,27.8071],[119.781,27.8093],[119.7833,27.8101],[119.7837,27.8119],[119.7795,27.8154],[119.7794,27.8238],[119.7778,27.8271],[119.7755,27.828],[119.7809,27.846],[119.7867,27.8579],[119.7907,27.8927],[119.7911,27.9133],[119.8119,27.9269],[119.8483,27.9316],[119.8499,27.945],[119.8365,27.9553],[119.844,27.9645],[119.8665,27.9645],[119.8703,27.9829],[119.876,27.9905],[119.8827,27.9805],[119.8904,27.973],[119.8992,27.9672],[119.901,27.9632],[119.909,27.9581],[119.9192,27.9639],[119.9195,27.9699],[119.9244,27.9728],[119.9267,27.9751],[119.9436,27.9762],[119.9539,27.979],[119.9629,27.9786],[119.966,27.9735],[119.967,27.9668],[119.9649,27.962],[119.9603,27.9583],[119.9555,27.9555],[119.9547,27.9494],[119.959,27.9434],[119.9692,27.94],[119.9832,27.941],[119.9925,27.9448],[120,27.9442],[120.0034,27.9424],[120.013,27.9403],[120.0221,27.9401],[120.0259,27.9413],[120.0307,27.9458],[120.035,27.948],[120.0409,27.95],[120.0477,27.949],[120.0523,27.9498],[120.0601,27.9493],[120.0627,27.9503],[120.0636,27.9526],[120.0694,27.9585],[120.0737,27.9602],[120.0783,27.961],[120.0818,27.9597],[120.0862,27.9596],[120.0896,27.9581],[120.0961,27.9568],[120.0994,27.9574],[120.1042,27.9607],[120.1074,27.967],[120.1073,27.97],[120.1082,27.9736],[120.1117,27.9783],[120.1158,27.98],[120.1215,27.9809],[120.1262,27.9798],[120.1313,27.9799],[120.1363,27.9794],[120.1513,27.9784],[120.1581,27.9769],[120.1628,27.9745],[120.1673,27.9709],[120.1738,27.9644],[120.1781,27.9586],[120.1808,27.9531],[120.1825,27.9486],[120.189,27.9391],[120.1917,27.9364],[120.1954,27.9342],[120.2056,27.9319],[120.2113,27.93],[120.2157,27.9296],[120.2185,27.9304],[120.224,27.9307],[120.2263,27.9301],[120.2312,27.9318],[120.2347,27.9337],[120.2385,27.9373],[120.2411,27.946],[120.2418,27.9555],[120.2451,27.9606],[120.2509,27.9649],[120.2553,27.9654],[120.2636,27.9647],[120.2729,27.9633],[120.2763,27.9636],[120.2805,27.9683],[120.282,27.9718],[120.2831,27.9792],[120.2848,27.9808],[120.2902,27.9834],[120.3005,27.9844],[120.313,27.981],[120.3206,27.9793],[120.3253,27.9787],[120.3297,27.977],[120.3372,27.9763],[120.3426,27.9789],[120.3436,27.9805],[120.344,27.9856],[120.3391,27.9926],[120.3346,27.9955],[120.3322,27.9984],[120.3287,28],[120.3258,28.0052],[120.3309,28.0086],[120.3382,28.0163],[120.3407,28.0198],[120.3423,28.026],[120.3424,28.0308],[120.3417,28.0361],[120.3394,28.0459],[120.34,28.051],[120.3423,28.0531],[120.3451,28.0534],[120.3495,28.0551],[120.3659,28.0578],[120.3706,28.0621],[120.3672,28.0634],[120.368,28.0675],[120.3635,28.0766],[120.3546,28.0842],[120.3608,28.087],[120.3607,28.0903],[120.3528,28.0929],[120.3544,28.1004],[120.3588,28.0991],[120.3614,28.0941],[120.3635,28.0931],[120.368,28.0928],[120.3703,28.0975],[120.3745,28.1008],[120.3848,28.0976],[120.3927,28.1039],[120.3971,28.1083],[120.3994,28.1091],[120.4073,28.1174],[120.4079,28.1216],[120.4063,28.1243],[120.4015,28.1271],[120.405,28.1357],[120.3986,28.1365],[120.3952,28.1397],[120.3961,28.1415],[120.3855,28.1409],[120.3861,28.1446],[120.384,28.144],[120.3807,28.1486],[120.3907,28.1568],[120.3925,28.1589],[120.3951,28.1557],[120.3981,28.1572],[120.4053,28.1587],[120.4147,28.1589],[120.4174,28.1628],[120.4204,28.1723],[120.4213,28.1799],[120.4202,28.1888],[120.4187,28.1966],[120.4173,28.2021],[120.4168,28.2078],[120.418,28.211],[120.4236,28.2167],[120.4263,28.2206],[120.428,28.2248],[120.432,28.2322],[120.4308,28.2361],[120.4249,28.2431],[120.42,28.2501],[120.4189,28.262],[120.4187,28.268],[120.4178,28.273],[120.4144,28.2848],[120.4078,28.2959],[120.4043,28.3005],[120.3973,28.3074],[120.3878,28.3125],[120.3828,28.3163],[120.3776,28.3178],[120.3661,28.32],[120.3491,28.3215],[120.3465,28.3239],[120.3443,28.3283],[120.3439,28.3305],[120.3454,28.3423],[120.3468,28.3561],[120.3456,28.3629],[120.3436,28.3675],[120.3406,28.3729],[120.3369,28.3841],[120.3334,28.3886],[120.3304,28.3938],[120.3236,28.4033],[120.3206,28.408],[120.3184,28.4156],[120.3249,28.4194],[120.3323,28.4244],[120.3377,28.4256],[120.3438,28.4239],[120.3504,28.4195],[120.3533,28.4166],[120.357,28.4144],[120.36,28.4117],[120.365,28.409],[120.3689,28.4103],[120.3704,28.4124],[120.3717,28.4184],[120.3686,28.4295],[120.3664,28.4412],[120.3686,28.4451],[120.3714,28.4473],[120.3762,28.4524],[120.3818,28.4576],[120.3842,28.4629],[120.3844,28.4668],[120.3832,28.4827]]]},"properties":{"region_code":"CN-33-3311","parent_region_code":"CN-33","name":"丽水市","level":"prefecture","has_children":true,"full_path":"中国 / 浙江省 / 丽水市","source_admin_code":"3311","osm_relation_id":3289209}}
]}