{"type":"FeatureCollection", "features": [
{"type":"Feature","geometry":{"type":"MultiPolygon","coordinates":[[[[117.4211,31.8648],[117.4225,31.8667],[117.4254,31.8679],[117.4253,31.8693],[117.4223,31.8691],[117.4214,31.8711],[117.4198,31.8712],[117.419,31.8727],[117.4167,31.8722],[117.4163,31.8705],[117.4145,31.8694],[117.4093,31.8684],[117.4084,31.8672],[117.4056,31.8672],[117.4021,31.8636],[117.4017,31.86],[117.3991,31.8594],[117.4009,31.8565],[117.4038,31.8549],[117.4051,31.8529],[117.4072,31.8529],[117.409,31.8557],[117.411,31.8566],[117.4141,31.8565],[117.4144,31.8593],[117.4181,31.8612],[117.4182,31.8636],[117.4211,31.8648]]],[[[117.3741,31.8184],[117.3754,31.8208],[117.3772,31.8311],[117.3807,31.8306],[117.3863,31.8315],[117.389,31.8296],[117.3901,31.8298],[117.3928,31.833],[117.3974,31.8357],[117.4004,31.8357],[117.3995,31.8379],[117.3989,31.8419],[117.3998,31.8425],[117.3989,31.8448],[117.3969,31.8442],[117.394,31.8448],[117.3932,31.8481],[117.3914,31.8504],[117.3861,31.8491],[117.3847,31.8506],[117.3822,31.8507],[117.383,31.8594],[117.3874,31.8616],[117.3893,31.8616],[117.3914,31.8605],[117.3916,31.8629],[117.3944,31.8621],[117.3995,31.8626],[117.4007,31.8646],[117.4008,31.8672],[117.3994,31.8684],[117.4012,31.8695],[117.4008,31.8707],[117.409,31.8713],[117.409,31.8737],[117.4065,31.8745],[117.4054,31.8759],[117.4011,31.8766],[117.3992,31.8785],[117.3987,31.8812],[117.4002,31.882],[117.403,31.8847],[117.4048,31.8852],[117.404,31.8881],[117.4019,31.8899],[117.4039,31.8907],[117.404,31.8943],[117.4064,31.8951],[117.4111,31.8955],[117.4111,31.8971],[117.415,31.8979],[117.4173,31.8996],[117.4174,31.9015],[117.4142,31.9036],[117.4142,31.9062],[117.4157,31.9092],[117.4182,31.9105],[117.418,31.9127],[117.4197,31.913],[117.4258,31.9158],[117.4266,31.9176],[117.4313,31.9189],[117.4339,31.9191],[117.4345,31.9204],[117.4368,31.9214],[117.4376,31.9241],[117.4397,31.9241],[117.4415,31.9253],[117.4407,31.9276],[117.4425,31.9282],[117.4434,31.9297],[117.4462,31.931],[117.4463,31.9327],[117.4448,31.9342],[117.4449,31.9373],[117.4443,31.9397],[117.4482,31.9402],[117.4477,31.9447],[117.446,31.9453],[117.4472,31.9493],[117.4486,31.9499],[117.447,31.9531],[117.4459,31.9537],[117.4445,31.9585],[117.4462,31.9613],[117.4443,31.9616],[117.4433,31.9635],[117.4438,31.9651],[117.4426,31.9664],[117.4435,31.9682],[117.4406,31.9707],[117.4374,31.9724],[117.433,31.9719],[117.4309,31.9754],[117.4259,31.9739],[117.4235,31.9747],[117.4228,31.9773],[117.4205,31.9776],[117.4197,31.9757],[117.4168,31.9739],[117.414,31.975],[117.4115,31.975],[117.4102,31.9768],[117.4088,31.9757],[117.4012,31.9805],[117.4002,31.9824],[117.4002,31.9849],[117.3947,31.984],[117.3935,31.9852],[117.3908,31.9854],[117.3897,31.9834],[117.3896,31.9811],[117.3815,31.979],[117.3804,31.9807],[117.3771,31.9793],[117.3747,31.983],[117.3756,31.9843],[117.372,31.9876],[117.3652,31.9907],[117.3638,31.9931],[117.3652,31.9968],[117.3641,31.9995],[117.3664,32.001],[117.366,32.0043],[117.3678,32.0044],[117.3664,32.0073],[117.368,32.0085],[117.3675,32.0143],[117.3686,32.0161],[117.3714,32.0175],[117.3694,32.0205],[117.3676,32.025],[117.3704,32.0265],[117.3725,32.03],[117.3747,32.0324],[117.375,32.035],[117.378,32.0357],[117.3852,32.0329],[117.389,32.0331],[117.3903,32.0384],[117.3876,32.0403],[117.3877,32.0415],[117.3835,32.04],[117.383,32.0419],[117.3811,32.0419],[117.379,32.0431],[117.3788,32.0444],[117.3813,32.0456],[117.3822,32.0499],[117.3807,32.0516],[117.3764,32.0531],[117.3728,32.052],[117.369,32.054],[117.3674,32.0537],[117.3623,32.0552],[117.3597,32.0552],[117.3587,32.0571],[117.3554,32.0569],[117.3522,32.056],[117.3538,32.0542],[117.3509,32.0538],[117.3491,32.0525],[117.3487,32.0501],[117.3462,32.0517],[117.3438,32.0517],[117.3421,32.0551],[117.341,32.0549],[117.3419,32.0495],[117.3403,32.0489],[117.3373,32.0507],[117.3339,32.0507],[117.3331,32.0518],[117.3305,32.0511],[117.329,32.0532],[117.3264,32.0541],[117.3283,32.0571],[117.3312,32.0581],[117.3245,32.0633],[117.326,32.0655],[117.3248,32.0668],[117.3258,32.0683],[117.3244,32.0702],[117.3216,32.0697],[117.3197,32.0703],[117.3178,32.0685],[117.3153,32.0673],[117.3149,32.0633],[117.3172,32.0626],[117.3184,32.0591],[117.3163,32.0584],[117.3131,32.0558],[117.313,32.0539],[117.3106,32.0528],[117.3104,32.0498],[117.3082,32.0478],[117.3081,32.0457],[117.3088,32.0425],[117.3063,32.0398],[117.3083,32.0359],[117.3069,32.0353],[117.3063,32.033],[117.3036,32.0325],[117.3023,32.0342],[117.3007,32.0327],[117.301,32.0304],[117.2966,32.0285],[117.2916,32.0272],[117.293,32.0254],[117.2947,32.0202],[117.296,32.0152],[117.2977,32.0123],[117.2961,32.0109],[117.2989,32.0101],[117.2978,32.0082],[117.301,32.0081],[117.3008,32.0059],[117.3017,32.0046],[117.3051,32.0019],[117.3056,32.0004],[117.3085,31.9978],[117.3069,31.9929],[117.3027,31.9905],[117.3013,31.9875],[117.3013,31.985],[117.3033,31.9832],[117.3043,31.9797],[117.3055,31.9776],[117.3026,31.9712],[117.3021,31.9691],[117.2998,31.9686],[117.2987,31.9673],[117.2977,31.9641],[117.2978,31.9618],[117.2966,31.9593],[117.2939,31.9596],[117.2938,31.9575],[117.2963,31.9535],[117.2961,31.9498],[117.2931,31.9475],[117.2929,31.946],[117.2941,31.9447],[117.292,31.9417],[117.2911,31.9393],[117.2888,31.9348],[117.2913,31.9335],[117.2917,31.9254],[117.2934,31.9236],[117.2939,31.9203],[117.2917,31.9191],[117.2908,31.9168],[117.2915,31.9153],[117.2895,31.9137],[117.2888,31.9117],[117.2904,31.9104],[117.2907,31.9077],[117.2931,31.9064],[117.2926,31.9048],[117.2934,31.9027],[117.2872,31.8988],[117.2829,31.8954],[117.2826,31.8944],[117.2851,31.8872],[117.2851,31.8812],[117.2875,31.8796],[117.2894,31.8768],[117.2891,31.8747],[117.2938,31.8713],[117.2946,31.8695],[117.2946,31.8648],[117.298,31.8636],[117.2999,31.8608],[117.299,31.8561],[117.3021,31.8523],[117.3065,31.8499],[117.3114,31.8484],[117.3148,31.846],[117.317,31.8455],[117.3207,31.8478],[117.322,31.8478],[117.3239,31.846],[117.3301,31.8436],[117.3328,31.8408],[117.3338,31.8373],[117.3347,31.8364],[117.344,31.8324],[117.3466,31.8302],[117.3567,31.8267],[117.3621,31.8277],[117.3647,31.8274],[117.3667,31.8251],[117.3666,31.8226],[117.3673,31.82],[117.3687,31.8187],[117.3741,31.8184]]]]},"properties":{"region_code":"CN-34-3401-340102","parent_region_code":"CN-34-3401","name":"瑶海区","level":"county","has_children":false,"full_path":"中国 / 安徽省 / 合肥市 / 瑶海区","source_admin_code":"340102","osm_relation_id":3288964}},
{"type":"Feature","geometry":{"type":"Polygon","coordinates":[[[117.2911,31.9393],[117.2876,31.9396],[117.2833,31.9387],[117.2819,31.9389],[117.281,31.9502],[117.2783,31.9497],[117.2781,31.9526],[117.2757,31.9558],[117.2722,31.9592],[117.2698,31.9582],[117.2679,31.9601],[117.2659,31.9593],[117.265,31.9555],[117.2634,31.9549],[117.2574,31.9555],[117.2547,31.9532],[117.2549,31.9507],[117.2516,31.9512],[117.2452,31.9549],[117.2429,31.9537],[117.2442,31.9506],[117.2412,31.9498],[117.2383,31.9469],[117.2401,31.9455],[117.2389,31.9428],[117.238,31.9387],[117.2339,31.9348],[117.2317,31.9345],[117.2275,31.9355],[117.2271,31.9367],[117.224,31.939],[117.2258,31.9403],[117.2255,31.9415],[117.2233,31.9433],[117.2177,31.9435],[117.2142,31.9446],[117.2135,31.9431],[117.21,31.9415],[117.2023,31.9386],[117.2008,31.9409],[117.2011,31.9438],[117.1994,31.944],[117.1943,31.9431],[117.1924,31.9414],[117.1951,31.9382],[117.1918,31.9377],[117.191,31.9364],[117.1879,31.9346],[117.188,31.9337],[117.1846,31.9319],[117.1854,31.931],[117.1837,31.9293],[117.1784,31.9283],[117.1792,31.9318],[117.1795,31.9359],[117.1789,31.9387],[117.1804,31.9408],[117.1787,31.9425],[117.1796,31.9445],[117.178,31.9465],[117.1741,31.9464],[117.1723,31.9473],[117.1704,31.946],[117.168,31.9469],[117.1678,31.9488],[117.1643,31.9494],[117.1631,31.9526],[117.1654,31.9551],[117.1636,31.9572],[117.1637,31.9606],[117.1626,31.9619],[117.1603,31.9614],[117.1607,31.9596],[117.1589,31.959],[117.1577,31.9557],[117.1563,31.9544],[117.1455,31.948],[117.1374,31.9478],[117.1346,31.9482],[117.1279,31.9513],[117.1235,31.9526],[117.1242,31.9539],[117.1225,31.9565],[117.1222,31.9586],[117.1191,31.9586],[117.1172,31.9626],[117.1143,31.9636],[117.1102,31.9595],[117.1067,31.9598],[117.1052,31.961],[117.1021,31.9618],[117.0985,31.9649],[117.0935,31.9661],[117.091,31.9645],[117.0886,31.9587],[117.0873,31.9576],[117.084,31.9576],[117.0808,31.959],[117.0779,31.9594],[117.0735,31.9592],[117.0706,31.9614],[117.067,31.9608],[117.0642,31.9595],[117.0643,31.956],[117.0655,31.9541],[117.0638,31.9521],[117.065,31.9495],[117.0685,31.9477],[117.07,31.9445],[117.0728,31.9448],[117.0751,31.9438],[117.0773,31.9444],[117.0807,31.9402],[117.0815,31.9381],[117.0834,31.938],[117.0854,31.9336],[117.087,31.9322],[117.0901,31.9321],[117.0908,31.9313],[117.0899,31.929],[117.0937,31.923],[117.0955,31.9216],[117.0975,31.9216],[117.0992,31.9188],[117.1058,31.9152],[117.1086,31.9147],[117.1146,31.9125],[117.1192,31.9125],[117.1241,31.9092],[117.1236,31.9056],[117.1244,31.9044],[117.1278,31.9054],[117.1285,31.9024],[117.1304,31.9018],[117.1322,31.8993],[117.1374,31.9009],[117.1369,31.8976],[117.1418,31.8988],[117.1449,31.9009],[117.1487,31.8998],[117.1488,31.8973],[117.151,31.8966],[117.1511,31.895],[117.1578,31.8914],[117.1578,31.8903],[117.1558,31.8882],[117.1541,31.883],[117.1561,31.8821],[117.1599,31.8859],[117.1604,31.8877],[117.1622,31.8874],[117.1659,31.8885],[117.1705,31.8883],[117.1706,31.8829],[117.1702,31.8794],[117.173,31.8822],[117.1732,31.8852],[117.1756,31.8879],[117.178,31.8872],[117.1787,31.8854],[117.1814,31.8873],[117.185,31.8858],[117.1848,31.8844],[117.1863,31.882],[117.1867,31.8795],[117.183,31.8793],[117.1833,31.876],[117.1867,31.8759],[117.1865,31.8722],[117.1871,31.8708],[117.1851,31.8685],[117.1866,31.8673],[117.1843,31.8657],[117.1846,31.8619],[117.1862,31.8621],[117.188,31.8644],[117.189,31.8633],[117.1879,31.8611],[117.1914,31.8619],[117.1924,31.8632],[117.1924,31.8652],[117.1937,31.8666],[117.1929,31.8681],[117.1933,31.8718],[117.1911,31.8739],[117.1929,31.8753],[117.1927,31.8789],[117.1956,31.8823],[117.198,31.8819],[117.201,31.8799],[117.2004,31.8771],[117.203,31.8765],[117.2037,31.8783],[117.2056,31.8782],[117.2051,31.8811],[117.2064,31.882],[117.2092,31.882],[117.2189,31.8848],[117.2189,31.8869],[117.2223,31.8868],[117.2238,31.8838],[117.222,31.8814],[117.2229,31.8787],[117.2267,31.8786],[117.2271,31.8812],[117.229,31.8821],[117.2302,31.8792],[117.2325,31.881],[117.2359,31.8789],[117.2362,31.877],[117.2405,31.8788],[117.2427,31.8765],[117.2456,31.8766],[117.2502,31.8742],[117.2532,31.8739],[117.2565,31.8724],[117.26,31.8734],[117.2642,31.8758],[117.2647,31.8752],[117.2645,31.8693],[117.2639,31.8681],[117.2647,31.8644],[117.263,31.8636],[117.2629,31.861],[117.2651,31.858],[117.2683,31.8555],[117.2711,31.8556],[117.2764,31.8561],[117.2812,31.8571],[117.2818,31.858],[117.2855,31.8588],[117.2933,31.862],[117.2935,31.8643],[117.2946,31.8648],[117.2946,31.8695],[117.2938,31.8713],[117.2891,31.8747],[117.2894,31.8768],[117.2875,31.8796],[117.2851,31.8812],[117.2851,31.8872],[117.2826,31.8944],[117.2829,31.8954],[117.2872,31.8988],[117.2934,31.9027],[117.2926,31.9048],[117.2931,31.9064],[117.2907,31.9077],[117.2904,31.9104],[117.2888,31.9117],[117.2895,31.9137],[117.2915,31.9153],[117.2908,31.9168],[117.2917,31.9191],[117.2939,31.9203],[117.2934,31.9236],[117.2917,31.9254],[117.2913,31.9335],[117.2888,31.9348],[117.2911,31.9393]],[[117.1601,31.9122],[117.1626,31.9114],[117.1632,31.9091],[117.1658,31.9086],[117.1728,31.906],[117.1719,31.904],[117.173,31.9027],[117.1738,31.8965],[117.1684,31.8977],[117.1681,31.8988],[117.1655,31.8991],[117.1613,31.9011],[117.1592,31.9041],[117.1553,31.905],[117.1534,31.9061],[117.1535,31.9077],[117.1513,31.9088],[117.1477,31.9093],[117.1444,31.9102],[117.1428,31.9096],[117.1408,31.9113],[117.1424,31.9134],[117.1443,31.9124],[117.1455,31.9141],[117.1499,31.9152],[117.1531,31.9126],[117.1569,31.9114],[117.1601,31.9122]]]},"properties":{"region_code":"CN-34-3401-340103","parent_region_code":"CN-34-3401","name":"庐阳区","level":"county","has_children":false,"full_path":"中国 / 安徽省 / 合肥市 / 庐阳区","source_admin_code":"340103","osm_relation_id":3288962}},
{"type":"Feature","geometry":{"type":"MultiPolygon","coordinates":[[[[117.1601,31.9122],[117.1569,31.9114],[117.1531,31.9126],[117.1499,31.9152],[117.1455,31.9141],[117.1443,31.9124],[117.1424,31.9134],[117.1408,31.9113],[117.1428,31.9096],[117.1444,31.9102],[117.1477,31.9093],[117.1513,31.9088],[117.1535,31.9077],[117.1534,31.9061],[117.1553,31.905],[117.1592,31.9041],[117.1613,31.9011],[117.1655,31.8991],[117.1681,31.8988],[117.1684,31.8977],[117.1738,31.8965],[117.173,31.9027],[117.1719,31.904],[117.1728,31.906],[117.1658,31.9086],[117.1632,31.9091],[117.1626,31.9114],[117.1601,31.9122]]],[[[117.0642,31.9595],[117.0627,31.9601],[117.0638,31.9646],[117.0622,31.9668],[117.0628,31.9709],[117.0645,31.972],[117.0636,31.975],[117.0674,31.9762],[117.0686,31.979],[117.0673,31.9806],[117.0714,31.9856],[117.0699,31.9862],[117.0697,31.9886],[117.0676,31.9881],[117.066,31.9888],[117.0664,31.9913],[117.0639,31.9909],[117.0612,31.9888],[117.0611,31.9872],[117.0585,31.9872],[117.0584,31.9908],[117.0513,31.9927],[117.0492,31.9956],[117.0465,31.9959],[117.0458,31.9971],[117.0462,31.9995],[117.0445,31.9996],[117.0446,31.9973],[117.0433,31.995],[117.0419,31.9954],[117.0408,31.9988],[117.0388,31.9997],[117.0378,32.0016],[117.0386,32.0031],[117.0365,32.0054],[117.0345,32.0062],[117.0314,32.0048],[117.0289,32.005],[117.0278,32.0039],[117.0281,32.0012],[117.0274,31.9989],[117.0241,31.9978],[117.0227,31.9958],[117.0199,31.996],[117.016,31.9946],[117.0147,31.9955],[117.0089,31.9964],[117.0066,31.9945],[117.0016,31.9918],[116.9947,31.9931],[116.9941,31.9937],[116.9902,31.9935],[116.9908,31.9959],[116.9937,32.002],[116.9929,32.0041],[116.9972,32.0054],[116.9992,32.0056],[116.9994,32.0075],[116.9975,32.0082],[116.9942,32.0118],[116.9961,32.0127],[116.9944,32.0142],[116.9902,32.0145],[116.9868,32.014],[116.9831,32.0144],[116.9804,32.0167],[116.9795,32.0157],[116.9753,32.0142],[116.9725,32.0175],[116.9692,32.018],[116.9661,32.017],[116.9643,32.0184],[116.9625,32.0167],[116.9612,32.0173],[116.956,32.0166],[116.954,32.0169],[116.9539,32.0188],[116.9497,32.0175],[116.9471,32.0193],[116.9465,32.021],[116.9471,32.0241],[116.9443,32.025],[116.941,32.0249],[116.9372,32.0259],[116.9346,32.0279],[116.93,32.0275],[116.9279,32.0266],[116.9281,32.0253],[116.9241,32.0217],[116.9208,32.0208],[116.9173,32.0169],[116.9174,32.0148],[116.9222,32.0126],[116.9218,32.0106],[116.9251,32.0083],[116.9225,32.0068],[116.9218,32.0055],[116.9234,32.0045],[116.9234,32],[116.9239,31.9983],[116.927,31.9972],[116.9288,31.9959],[116.9288,31.9912],[116.9263,31.9898],[116.9243,31.9896],[116.9219,31.9872],[116.9214,31.9828],[116.9186,31.9828],[116.9154,31.9807],[116.9159,31.9785],[116.9122,31.9788],[116.9104,31.9779],[116.9074,31.9796],[116.9036,31.9797],[116.9013,31.9775],[116.8968,31.9782],[116.8926,31.9767],[116.8897,31.9762],[116.8841,31.9744],[116.8836,31.9756],[116.8811,31.9767],[116.8804,31.9741],[116.878,31.9741],[116.8707,31.9727],[116.8683,31.9715],[116.8682,31.9696],[116.8636,31.9672],[116.8635,31.9659],[116.8577,31.9655],[116.8559,31.9649],[116.8554,31.9625],[116.8524,31.9616],[116.8531,31.96],[116.8513,31.9591],[116.8522,31.9572],[116.8511,31.9548],[116.8515,31.951],[116.8533,31.9509],[116.8558,31.9487],[116.8557,31.9454],[116.858,31.9424],[116.862,31.9399],[116.8629,31.938],[116.8659,31.9364],[116.8682,31.9326],[116.8705,31.9323],[116.8703,31.9299],[116.8692,31.9276],[116.8713,31.9226],[116.8748,31.9204],[116.8846,31.9172],[116.8864,31.9163],[116.8887,31.9168],[116.8905,31.9151],[116.8931,31.9143],[116.892,31.9107],[116.8893,31.9101],[116.8874,31.9088],[116.889,31.9077],[116.8903,31.909],[116.8923,31.9064],[116.8916,31.9036],[116.8943,31.9034],[116.8952,31.9019],[116.8971,31.9012],[116.8953,31.8995],[116.897,31.8984],[116.899,31.8984],[116.8991,31.8964],[116.9012,31.8961],[116.9007,31.8939],[116.9032,31.8932],[116.9036,31.8949],[116.909,31.8922],[116.9102,31.8908],[116.9103,31.8884],[116.9123,31.8869],[116.9165,31.8853],[116.918,31.8858],[116.9194,31.8846],[116.9223,31.8849],[116.9216,31.8801],[116.9231,31.8758],[116.9233,31.8736],[116.9221,31.8683],[116.9195,31.8649],[116.9178,31.8602],[116.9185,31.8556],[116.9202,31.8533],[116.9245,31.8488],[116.9254,31.8466],[116.9251,31.8421],[116.923,31.8397],[116.9212,31.8385],[116.9109,31.8364],[116.9066,31.8376],[116.9021,31.8371],[116.8937,31.8355],[116.8942,31.8342],[116.8914,31.832],[116.8921,31.8304],[116.8977,31.8271],[116.8962,31.8257],[116.8974,31.8229],[116.8961,31.8213],[116.8987,31.8199],[116.8993,31.8182],[116.9015,31.8166],[116.9042,31.8163],[116.9046,31.815],[116.9084,31.8152],[116.9115,31.8138],[116.9114,31.8102],[116.9119,31.8061],[116.914,31.8053],[116.9155,31.8033],[116.9169,31.7995],[116.9194,31.7969],[116.9216,31.7986],[116.9267,31.801],[116.9239,31.8021],[116.9249,31.8036],[116.9291,31.8056],[116.9313,31.8054],[116.9333,31.8033],[116.9344,31.8008],[116.9367,31.7989],[116.9405,31.8004],[116.9441,31.7988],[116.9455,31.797],[116.9483,31.7956],[116.9513,31.7965],[116.9527,31.7952],[116.9518,31.7927],[116.953,31.7882],[116.9547,31.7864],[116.9515,31.7846],[116.9534,31.784],[116.9542,31.7811],[116.954,31.7792],[116.956,31.7761],[116.9556,31.7745],[116.9518,31.7711],[116.9484,31.7699],[116.9495,31.7689],[116.9497,31.7665],[116.9525,31.7639],[116.9552,31.7674],[116.9574,31.7689],[116.9603,31.7695],[116.9627,31.7724],[116.9651,31.7732],[116.9697,31.7694],[116.9715,31.7699],[116.9776,31.7683],[116.9804,31.7701],[116.9842,31.7716],[116.9851,31.7745],[116.988,31.7752],[116.9906,31.7739],[116.9925,31.7716],[116.9943,31.7705],[116.9978,31.772],[116.9995,31.7713],[117.0024,31.769],[117.0038,31.7711],[117.0068,31.7727],[117.0072,31.7746],[117.0068,31.7772],[117.008,31.7798],[117.0118,31.7814],[117.0136,31.7849],[117.0169,31.7836],[117.0202,31.7836],[117.0234,31.783],[117.0242,31.7847],[117.0274,31.7857],[117.0282,31.784],[117.0321,31.7843],[117.0349,31.7831],[117.037,31.783],[117.0382,31.7861],[117.0411,31.7865],[117.0441,31.7881],[117.0483,31.7871],[117.0522,31.7867],[117.0538,31.785],[117.0555,31.7814],[117.0587,31.7801],[117.0607,31.7809],[117.0636,31.7807],[117.0665,31.7819],[117.0711,31.7791],[117.073,31.7795],[117.0761,31.779],[117.0779,31.7797],[117.0785,31.7812],[117.081,31.7829],[117.0825,31.7823],[117.0852,31.7851],[117.0866,31.7858],[117.0901,31.7832],[117.0906,31.7859],[117.0935,31.7888],[117.092,31.7906],[117.0945,31.7941],[117.0975,31.7948],[117.1021,31.7905],[117.1038,31.7896],[117.105,31.7839],[117.1077,31.7814],[117.1092,31.7829],[117.1121,31.7833],[117.1123,31.7855],[117.1088,31.7872],[117.1082,31.7895],[117.1102,31.7908],[117.1083,31.7942],[117.1118,31.7955],[117.1118,31.7975],[117.1188,31.797],[117.1197,31.8007],[117.1177,31.8027],[117.1183,31.8052],[117.1193,31.8062],[117.121,31.8103],[117.1265,31.8095],[117.1275,31.8117],[117.1312,31.8145],[117.13,31.8183],[117.1325,31.8195],[117.1349,31.8195],[117.1374,31.8183],[117.1389,31.8198],[117.1406,31.8198],[117.1436,31.8176],[117.1435,31.82],[117.1444,31.8223],[117.1456,31.8225],[117.1486,31.8209],[117.1494,31.8196],[117.1517,31.8213],[117.1525,31.818],[117.1537,31.8183],[117.1545,31.8151],[117.1526,31.8129],[117.1541,31.81],[117.1531,31.8095],[117.1516,31.8062],[117.153,31.8057],[117.156,31.8096],[117.1606,31.8104],[117.1595,31.8141],[117.1656,31.8194],[117.1677,31.8207],[117.1737,31.818],[117.1848,31.8141],[117.1864,31.8167],[117.1908,31.8146],[117.1915,31.8124],[117.19,31.8104],[117.1943,31.8078],[117.1999,31.8038],[117.1993,31.8013],[117.1974,31.7994],[117.1952,31.8016],[117.1916,31.7973],[117.1907,31.7939],[117.1907,31.791],[117.1866,31.7885],[117.1846,31.7852],[117.1822,31.7864],[117.1811,31.788],[117.1812,31.7899],[117.1758,31.7886],[117.173,31.7896],[117.1694,31.7887],[117.1713,31.7867],[117.1699,31.7843],[117.1716,31.7815],[117.1707,31.7794],[117.1717,31.7765],[117.1713,31.7724],[117.1679,31.7682],[117.1652,31.7666],[117.1676,31.7636],[117.1685,31.7645],[117.1768,31.7561],[117.1791,31.7561],[117.1825,31.7586],[117.1853,31.756],[117.1879,31.7546],[117.193,31.7587],[117.1923,31.7614],[117.189,31.7599],[117.1873,31.7614],[117.1901,31.7628],[117.1963,31.7651],[117.1998,31.767],[117.2025,31.7699],[117.2039,31.7726],[117.2046,31.7754],[117.2085,31.7739],[117.2105,31.7775],[117.2131,31.7768],[117.2123,31.7806],[117.2227,31.7732],[117.224,31.7727],[117.2237,31.7703],[117.2214,31.7685],[117.2214,31.7672],[117.2171,31.769],[117.2154,31.7668],[117.2159,31.7654],[117.215,31.7638],[117.2185,31.7624],[117.2125,31.751],[117.2048,31.7564],[117.2077,31.7589],[117.2084,31.7609],[117.2061,31.7625],[117.2031,31.7577],[117.2048,31.7563],[117.1991,31.7513],[117.1972,31.7538],[117.1994,31.7547],[117.2015,31.7576],[117.2004,31.759],[117.1905,31.751],[117.1862,31.749],[117.1885,31.7484],[117.1892,31.7465],[117.1881,31.7456],[117.1906,31.7436],[117.1893,31.7424],[117.1915,31.7405],[117.19,31.7388],[117.1939,31.735],[117.1953,31.7349],[117.1993,31.7325],[117.1989,31.7298],[117.2007,31.7285],[117.2018,31.7308],[117.2048,31.7309],[117.2053,31.7276],[117.2053,31.7232],[117.2072,31.7209],[117.2123,31.7209],[117.2132,31.7194],[117.2186,31.7198],[117.2186,31.7152],[117.2238,31.7152],[117.2238,31.7129],[117.222,31.7102],[117.2187,31.7079],[117.2173,31.7052],[117.2208,31.7032],[117.2214,31.7002],[117.2191,31.6963],[117.2252,31.6787],[117.2276,31.6765],[117.2308,31.6755],[117.2321,31.6829],[117.2334,31.688],[117.2356,31.6937],[117.2396,31.7007],[117.2425,31.7045],[117.2466,31.7087],[117.2542,31.7156],[117.2581,31.7194],[117.262,31.7243],[117.2659,31.7306],[117.2718,31.7433],[117.274,31.7502],[117.2748,31.7542],[117.2755,31.7611],[117.2754,31.7813],[117.2751,31.7856],[117.2741,31.7915],[117.2724,31.7969],[117.2658,31.7957],[117.255,31.7931],[117.2496,31.792],[117.2438,31.7913],[117.2345,31.7912],[117.228,31.792],[117.2325,31.798],[117.2417,31.8098],[117.2493,31.8187],[117.2575,31.8294],[117.259,31.8327],[117.2597,31.8371],[117.2611,31.8405],[117.2707,31.8539],[117.2711,31.8556],[117.2683,31.8555],[117.2651,31.858],[117.2629,31.861],[117.263,31.8636],[117.2647,31.8644],[117.2639,31.8681],[117.2645,31.8693],[117.2647,31.8752],[117.2642,31.8758],[117.26,31.8734],[117.2565,31.8724],[117.2532,31.8739],[117.2502,31.8742],[117.2456,31.8766],[117.2427,31.8765],[117.2405,31.8788],[117.2362,31.877],[117.2359,31.8789],[117.2325,31.881],[117.2302,31.8792],[117.229,31.8821],[117.2271,31.8812],[117.2267,31.8786],[117.2229,31.8787],[117.222,31.8814],[117.2238,31.8838],[117.2223,31.8868],[117.2189,31.8869],[117.2189,31.8848],[117.2092,31.882],[117.2064,31.882],[117.2051,31.8811],[117.2056,31.8782],[117.2037,31.8783],[117.203,31.8765],[117.2004,31.8771],[117.201,31.8799],[117.198,31.8819],[117.1956,31.8823],[117.1927,31.8789],[117.1929,31.8753],[117.1911,31.8739],[117.1933,31.8718],[117.1929,31.8681],[117.1937,31.8666],[117.1924,31.8652],[117.1924,31.8632],[117.1914,31.8619],[117.1879,31.8611],[117.189,31.8633],[117.188,31.8644],[117.1862,31.8621],[117.1846,31.8619],[117.1843,31.8657],[117.1866,31.8673],[117.1851,31.8685],[117.1871,31.8708],[117.1865,31.8722],[117.1867,31.8759],[117.1833,31.876],[117.183,31.8793],[117.1867,31.8795],[117.1863,31.882],[117.1848,31.8844],[117.185,31.8858],[117.1814,31.8873],[117.1787,31.8854],[117.178,31.8872],[117.1756,31.8879],[117.1732,31.8852],[117.173,31.8822],[117.1702,31.8794],[117.1706,31.8829],[117.1705,31.8883],[117.1659,31.8885],[117.1622,31.8874],[117.1604,31.8877],[117.1599,31.8859],[117.1561,31.8821],[117.1541,31.883],[117.1558,31.8882],[117.1578,31.8903],[117.1578,31.8914],[117.1511,31.895],[117.151,31.8966],[117.1488,31.8973],[117.1487,31.8998],[117.1449,31.9009],[117.1418,31.8988],[117.1369,31.8976],[117.1374,31.9009],[117.1322,31.8993],[117.1304,31.9018],[117.1285,31.9024],[117.1278,31.9054],[117.1244,31.9044],[117.1236,31.9056],[117.1241,31.9092],[117.1192,31.9125],[117.1146,31.9125],[117.1086,31.9147],[117.1058,31.9152],[117.0992,31.9188],[117.0975,31.9216],[117.0955,31.9216],[117.0937,31.923],[117.0899,31.929],[117.0908,31.9313],[117.0901,31.9321],[117.087,31.9322],[117.0854,31.9336],[117.0834,31.938],[117.0815,31.9381],[117.0807,31.9402],[117.0773,31.9444],[117.0751,31.9438],[117.0728,31.9448],[117.07,31.9445],[117.0685,31.9477],[117.065,31.9495],[117.0638,31.9521],[117.0655,31.9541],[117.0643,31.956],[117.0642,31.9595]],[[117.195,31.7891],[117.1963,31.7892],[117.1972,31.787],[117.195,31.7872],[117.195,31.7891]],[[117.1936,31.7911],[117.1925,31.7939],[117.1965,31.7954],[117.1981,31.7942],[117.198,31.791],[117.1936,31.7911]]]]},"properties":{"region_code":"CN-34-3401-340104","parent_region_code":"CN-34-3401","name":"蜀山区","level":"county","has_children":false,"full_path":"中国 / 安徽省 / 合肥市 / 蜀山区","source_admin_code":"340104","osm_relation_id":3288963}},
{"type":"Feature","geometry":{"type":"Polygon","coordinates":[[[117.2946,31.8648],[117.2935,31.8643],[117.2933,31.862],[117.2855,31.8588],[117.2818,31.858],[117.2812,31.8571],[117.2764,31.8561],[117.2711,31.8556],[117.2707,31.8539],[117.2611,31.8405],[117.2597,31.8371],[117.259,31.8327],[117.2575,31.8294],[117.2493,31.8187],[117.2417,31.8098],[117.2325,31.798],[117.228,31.792],[117.2345,31.7912],[117.2438,31.7913],[117.2496,31.792],[117.255,31.7931],[117.2658,31.7957],[117.2724,31.7969],[117.2741,31.7915],[117.2751,31.7856],[117.2754,31.7813],[117.2755,31.7611],[117.2748,31.7542],[117.274,31.7502],[117.2718,31.7433],[117.2659,31.7306],[117.262,31.7243],[117.2581,31.7194],[117.2542,31.7156],[117.2466,31.7087],[117.2425,31.7045],[117.2396,31.7007],[117.2356,31.6937],[117.2334,31.688],[117.2321,31.6829],[117.2308,31.6755],[117.2339,31.6742],[117.2362,31.6717],[117.2414,31.6672],[117.2445,31.6636],[117.2462,31.6597],[117.2467,31.6558],[117.2485,31.6531],[117.2543,31.6506],[117.2575,31.6486],[117.2603,31.6479],[117.2698,31.6472],[117.2723,31.6476],[117.2735,31.6498],[117.2737,31.6575],[117.2749,31.6598],[117.2848,31.6646],[117.2873,31.6656],[117.2906,31.6651],[117.2914,31.6634],[117.2906,31.6607],[117.2934,31.659],[117.2957,31.6599],[117.4048,31.6391],[117.4045,31.6936],[117.4048,31.6981],[117.4071,31.7025],[117.407,31.7052],[117.4044,31.7117],[117.4035,31.7148],[117.3961,31.7196],[117.3949,31.721],[117.3947,31.7229],[117.3975,31.7272],[117.3996,31.7321],[117.4031,31.741],[117.4079,31.7486],[117.4105,31.7547],[117.4129,31.7571],[117.4203,31.7598],[117.4243,31.7623],[117.4261,31.7655],[117.4265,31.7683],[117.4261,31.7726],[117.4223,31.7769],[117.4215,31.7813],[117.4194,31.7851],[117.4173,31.787],[117.415,31.7879],[117.4094,31.7886],[117.4062,31.7912],[117.4034,31.7956],[117.4006,31.7971],[117.3947,31.799],[117.3913,31.8007],[117.3872,31.8034],[117.3833,31.8041],[117.3789,31.804],[117.3759,31.8052],[117.3741,31.8091],[117.3755,31.8173],[117.3741,31.8184],[117.3687,31.8187],[117.3673,31.82],[117.3666,31.8226],[117.3667,31.8251],[117.3647,31.8274],[117.3621,31.8277],[117.3567,31.8267],[117.3466,31.8302],[117.344,31.8324],[117.3347,31.8364],[117.3338,31.8373],[117.3328,31.8408],[117.3301,31.8436],[117.3239,31.846],[117.322,31.8478],[117.3207,31.8478],[117.317,31.8455],[117.3148,31.846],[117.3114,31.8484],[117.3065,31.8499],[117.3021,31.8523],[117.299,31.8561],[117.2999,31.8608],[117.298,31.8636],[117.2946,31.8648]]]},"properties":{"region_code":"CN-34-3401-340111","parent_region_code":"CN-34-3401","name":"包河区","level":"county","has_children":false,"full_path":"中国 / 安徽省 / 合肥市 / 包河区","source_admin_code":"340111","osm_relation_id":3288956}},
{"type":"Feature","geometry":{"type":"Polygon","coordinates":[[[117.3216,32.0697],[117.3222,32.0717],[117.327,32.0768],[117.3277,32.0795],[117.3321,32.0795],[117.3344,32.0805],[117.34,32.0808],[117.3426,32.0817],[117.3424,32.0836],[117.3444,32.0844],[117.3461,32.0864],[117.344,32.0907],[117.3466,32.0914],[117.3471,32.0936],[117.3442,32.0991],[117.3413,32.0988],[117.3373,32.0975],[117.3351,32.099],[117.3325,32.0968],[117.3308,32.0973],[117.3263,32.0957],[117.3238,32.0975],[117.3261,32.0987],[117.3243,32.1016],[117.321,32.1031],[117.3198,32.1049],[117.3167,32.1057],[117.316,32.1082],[117.3179,32.1145],[117.3226,32.1156],[117.3232,32.1189],[117.3256,32.1223],[117.3207,32.1237],[117.3189,32.1258],[117.3201,32.1298],[117.3223,32.1296],[117.3229,32.1276],[117.3245,32.1265],[117.3292,32.1268],[117.3302,32.1276],[117.3331,32.1264],[117.3337,32.1242],[117.335,32.1233],[117.3397,32.1236],[117.3426,32.126],[117.3435,32.1293],[117.3453,32.1314],[117.343,32.1342],[117.3443,32.137],[117.3458,32.1354],[117.3499,32.1353],[117.3529,32.1361],[117.3532,32.1344],[117.3555,32.1339],[117.3569,32.1362],[117.355,32.1367],[117.3563,32.1403],[117.3529,32.1423],[117.3521,32.1442],[117.3488,32.1438],[117.3469,32.1451],[117.3457,32.1485],[117.3472,32.1509],[117.3521,32.1486],[117.3554,32.1504],[117.3579,32.1511],[117.3609,32.1535],[117.3614,32.1555],[117.3653,32.1554],[117.3661,32.1564],[117.3702,32.1571],[117.3702,32.1595],[117.3743,32.1635],[117.3742,32.1678],[117.3709,32.1676],[117.3693,32.1667],[117.3689,32.1703],[117.3658,32.1715],[117.3673,32.1727],[117.3642,32.1746],[117.3657,32.1776],[117.3625,32.1798],[117.3621,32.1833],[117.3626,32.1862],[117.3616,32.1886],[117.3619,32.1908],[117.3553,32.1928],[117.3512,32.1928],[117.3444,32.1917],[117.3437,32.1942],[117.3423,32.1956],[117.3419,32.1976],[117.3404,32.1994],[117.3396,32.2043],[117.3404,32.2047],[117.3399,32.2082],[117.3404,32.2105],[117.3427,32.2115],[117.3413,32.2148],[117.3399,32.2147],[117.3379,32.2178],[117.3384,32.2204],[117.3419,32.2223],[117.343,32.2243],[117.3453,32.2265],[117.3436,32.2298],[117.3438,32.2337],[117.3462,32.2346],[117.3461,32.2389],[117.3476,32.242],[117.3493,32.2405],[117.3547,32.2403],[117.36,32.2438],[117.3639,32.2451],[117.3659,32.2446],[117.3682,32.2464],[117.3709,32.2476],[117.3731,32.2468],[117.3752,32.2484],[117.3818,32.2487],[117.3849,32.2462],[117.3858,32.2471],[117.3859,32.2499],[117.3882,32.2489],[117.3933,32.2495],[117.3933,32.2521],[117.3954,32.2529],[117.395,32.2572],[117.397,32.2601],[117.3959,32.2623],[117.3979,32.2631],[117.3992,32.2646],[117.3993,32.2672],[117.4011,32.2709],[117.396,32.2728],[117.3964,32.2788],[117.3955,32.2811],[117.3918,32.2815],[117.3916,32.2836],[117.389,32.2834],[117.3872,32.2849],[117.3916,32.2865],[117.395,32.2885],[117.3968,32.289],[117.3949,32.2955],[117.3984,32.2972],[117.3977,32.2995],[117.4014,32.3001],[117.4007,32.302],[117.402,32.3073],[117.4011,32.3109],[117.4023,32.3129],[117.4047,32.3124],[117.4083,32.3135],[117.4092,32.3183],[117.4126,32.3232],[117.414,32.3232],[117.4162,32.3251],[117.4156,32.3275],[117.4176,32.3301],[117.418,32.3335],[117.4193,32.3352],[117.4193,32.3372],[117.4245,32.339],[117.4275,32.3417],[117.428,32.3429],[117.4305,32.343],[117.4323,32.3415],[117.4378,32.3418],[117.4392,32.3408],[117.44,32.3468],[117.4397,32.3491],[117.4378,32.3528],[117.438,32.3565],[117.4389,32.3595],[117.4382,32.3625],[117.4358,32.365],[117.4375,32.3678],[117.4347,32.3696],[117.4336,32.3729],[117.4311,32.3738],[117.4296,32.375],[117.4269,32.3731],[117.4233,32.3747],[117.4224,32.3758],[117.4195,32.3767],[117.4179,32.3747],[117.4155,32.375],[117.4131,32.3773],[117.4095,32.3786],[117.4075,32.3838],[117.4043,32.3836],[117.4031,32.3868],[117.3986,32.3888],[117.3972,32.3884],[117.3963,32.3905],[117.3941,32.3934],[117.3935,32.3958],[117.3909,32.3965],[117.3897,32.396],[117.3877,32.3977],[117.3853,32.3968],[117.3862,32.3944],[117.3846,32.3933],[117.3796,32.3938],[117.3769,32.3899],[117.3768,32.3885],[117.3741,32.388],[117.3721,32.3866],[117.3706,32.3808],[117.3709,32.3787],[117.3677,32.3764],[117.3645,32.3777],[117.3615,32.3766],[117.3618,32.3797],[117.3596,32.3805],[117.3573,32.3827],[117.3538,32.387],[117.3512,32.3872],[117.3488,32.3881],[117.3489,32.39],[117.3544,32.3934],[117.356,32.3949],[117.3585,32.3939],[117.3589,32.3955],[117.3628,32.3953],[117.3638,32.3945],[117.3663,32.3968],[117.3694,32.3948],[117.3713,32.3944],[117.3729,32.3974],[117.3718,32.3994],[117.3746,32.4029],[117.3752,32.4048],[117.3772,32.4046],[117.3772,32.4075],[117.3788,32.4088],[117.3777,32.4115],[117.3796,32.4135],[117.3801,32.4157],[117.382,32.4178],[117.3797,32.4215],[117.3783,32.4245],[117.3752,32.4262],[117.377,32.4277],[117.3773,32.4303],[117.3788,32.4309],[117.378,32.4327],[117.378,32.4365],[117.3802,32.4389],[117.3802,32.4411],[117.3814,32.444],[117.3805,32.4457],[117.384,32.4466],[117.3854,32.4483],[117.3839,32.4497],[117.3834,32.4516],[117.387,32.4539],[117.3881,32.4557],[117.3907,32.4559],[117.3931,32.4608],[117.3936,32.4648],[117.3913,32.4658],[117.3935,32.4701],[117.3922,32.4719],[117.3903,32.4724],[117.3905,32.4741],[117.3935,32.4776],[117.3941,32.48],[117.3906,32.4816],[117.3888,32.4814],[117.3894,32.478],[117.3847,32.4781],[117.3819,32.4767],[117.3813,32.4751],[117.3785,32.4724],[117.3803,32.4706],[117.3778,32.469],[117.3757,32.469],[117.3745,32.4656],[117.3741,32.4625],[117.3751,32.4599],[117.3706,32.4607],[117.3685,32.4606],[117.3646,32.4594],[117.361,32.4604],[117.3582,32.459],[117.3553,32.4589],[117.354,32.458],[117.3539,32.454],[117.3516,32.4507],[117.3457,32.4527],[117.3445,32.4535],[117.3422,32.4522],[117.3407,32.4506],[117.3347,32.4484],[117.3333,32.446],[117.3296,32.4425],[117.3273,32.4419],[117.3249,32.4426],[117.3229,32.4392],[117.3205,32.439],[117.3184,32.4407],[117.3146,32.4412],[117.3155,32.4425],[117.3131,32.4433],[117.3115,32.4456],[117.3105,32.4484],[117.312,32.4497],[117.3136,32.4492],[117.3148,32.4514],[117.3123,32.4543],[117.3074,32.4548],[117.3054,32.4558],[117.3021,32.4546],[117.3002,32.4515],[117.2927,32.4485],[117.2912,32.4491],[117.2888,32.4477],[117.2821,32.4452],[117.2785,32.4452],[117.2736,32.4473],[117.2726,32.4466],[117.27,32.4506],[117.2663,32.4521],[117.2631,32.4552],[117.2607,32.4545],[117.2493,32.4585],[117.2453,32.4613],[117.2435,32.4614],[117.2408,32.4593],[117.2381,32.4605],[117.2358,32.4607],[117.2315,32.4642],[117.2291,32.4632],[117.2251,32.4627],[117.2165,32.4623],[117.2129,32.4633],[117.2123,32.4652],[117.2102,32.4655],[117.2086,32.4681],[117.2094,32.4692],[117.2081,32.4714],[117.2058,32.473],[117.2024,32.4743],[117.2019,32.4771],[117.2027,32.4785],[117.2055,32.4791],[117.2061,32.4806],[117.2043,32.4822],[117.204,32.4847],[117.2008,32.4871],[117.2037,32.4877],[117.2047,32.4895],[117.2048,32.4916],[117.2027,32.4989],[117.2028,32.5012],[117.2042,32.5046],[117.2073,32.5098],[117.2051,32.5111],[117.2047,32.513],[117.2029,32.5155],[117.2049,32.5161],[117.2048,32.5187],[117.2028,32.5198],[117.2023,32.522],[117.197,32.5258],[117.197,32.5292],[117.1953,32.5332],[117.1964,32.5384],[117.1894,32.5398],[117.1846,32.5389],[117.1781,32.5397],[117.1714,32.5392],[117.1709,32.5423],[117.1662,32.5419],[117.1649,32.5408],[117.1605,32.535],[117.1552,32.5368],[117.1501,32.5359],[117.1469,32.5307],[117.1451,32.5286],[117.1378,32.5238],[117.1346,32.5231],[117.13,32.5231],[117.1288,32.5244],[117.1247,32.5254],[117.1248,32.5268],[117.1234,32.5281],[117.1186,32.5285],[117.1171,32.5265],[117.1118,32.5253],[117.1101,32.5238],[117.105,32.5297],[117.0998,32.5327],[117.0973,32.5313],[117.0956,32.5315],[117.0952,32.5332],[117.0935,32.5341],[117.0906,32.5339],[117.0878,32.5349],[117.0843,32.5329],[117.077,32.5316],[117.0752,32.5302],[117.0698,32.5281],[117.0703,32.5257],[117.0695,32.5218],[117.0728,32.5203],[117.0735,32.5227],[117.0768,32.5222],[117.076,32.5164],[117.0745,32.5165],[117.0735,32.5127],[117.0756,32.5104],[117.0738,32.5094],[117.072,32.5071],[117.0701,32.5062],[117.072,32.5026],[117.0719,32.5003],[117.0682,32.4992],[117.0665,32.4968],[117.0664,32.4943],[117.0676,32.494],[117.0672,32.4905],[117.0635,32.4907],[117.064,32.4874],[117.0661,32.4849],[117.0653,32.4813],[117.0686,32.4754],[117.0664,32.4726],[117.0684,32.4711],[117.0681,32.4686],[117.0655,32.4662],[117.0645,32.4636],[117.0612,32.4586],[117.058,32.4591],[117.0524,32.4526],[117.0504,32.4513],[117.0491,32.4493],[117.0443,32.4498],[117.0443,32.4465],[117.0422,32.4436],[117.0419,32.4408],[117.0435,32.4384],[117.0426,32.4352],[117.0428,32.4326],[117.041,32.4301],[117.0407,32.4276],[117.0385,32.4248],[117.0367,32.4241],[117.036,32.4212],[117.0337,32.4177],[117.0321,32.4181],[117.0297,32.4166],[117.029,32.4182],[117.025,32.4179],[117.0233,32.4163],[117.0211,32.4158],[117.0198,32.4143],[117.017,32.4128],[117.014,32.4118],[117.0119,32.4093],[117.0105,32.4088],[117.0082,32.4099],[117.0055,32.4052],[117.0026,32.4018],[117.0015,32.3954],[117.0019,32.3946],[116.9973,32.3933],[117.0008,32.3893],[117.003,32.3857],[117.0055,32.3847],[117.0076,32.3826],[117.0127,32.3822],[117.0208,32.3861],[117.0275,32.386],[117.0292,32.3846],[117.0322,32.3844],[117.036,32.3854],[117.0383,32.3854],[117.0377,32.3829],[117.0386,32.3799],[117.0392,32.3744],[117.0383,32.3699],[117.0367,32.3667],[117.0353,32.3619],[117.0358,32.3591],[117.037,32.3584],[117.038,32.3559],[117.0361,32.3489],[117.0353,32.3472],[117.0313,32.343],[117.0319,32.342],[117.0306,32.3394],[117.0355,32.3369],[117.0358,32.3351],[117.039,32.3325],[117.0419,32.335],[117.0421,32.339],[117.045,32.3393],[117.046,32.3377],[117.0516,32.3361],[117.0524,32.3326],[117.0501,32.3325],[117.0495,32.3296],[117.0479,32.3261],[117.0459,32.3242],[117.0433,32.3248],[117.0422,32.321],[117.0413,32.3204],[117.04,32.3155],[117.0383,32.3136],[117.0382,32.3102],[117.0366,32.3082],[117.0376,32.3056],[117.0394,32.3028],[117.0387,32.2998],[117.0366,32.2989],[117.0344,32.2997],[117.0308,32.2996],[117.0295,32.2975],[117.031,32.2939],[117.0333,32.2949],[117.0352,32.2971],[117.0364,32.2966],[117.0338,32.2912],[117.0317,32.2901],[117.0343,32.2888],[117.0344,32.2836],[117.0315,32.2813],[117.0326,32.2798],[117.0368,32.2825],[117.0391,32.2849],[117.0393,32.2815],[117.0433,32.2835],[117.0435,32.2809],[117.0457,32.2804],[117.0499,32.2829],[117.0509,32.2851],[117.053,32.284],[117.058,32.2827],[117.0615,32.2825],[117.0628,32.2812],[117.0615,32.278],[117.0612,32.2757],[117.0638,32.2751],[117.0635,32.2729],[117.0649,32.2702],[117.0689,32.2655],[117.0642,32.2622],[117.0643,32.2598],[117.0603,32.2578],[117.0591,32.2557],[117.0588,32.2536],[117.0602,32.252],[117.0552,32.2516],[117.0572,32.2486],[117.0572,32.2451],[117.0607,32.2403],[117.061,32.2378],[117.0569,32.2371],[117.0559,32.2349],[117.0503,32.2352],[117.0494,32.2324],[117.0471,32.2289],[117.0425,32.2274],[117.0398,32.2288],[117.0382,32.2248],[117.0351,32.2242],[117.0322,32.2257],[117.0297,32.225],[117.0265,32.2232],[117.026,32.2206],[117.0234,32.2209],[117.0225,32.2227],[117.0189,32.223],[117.0173,32.2225],[117.0159,32.224],[117.014,32.2222],[117.0124,32.2235],[117.0101,32.222],[117.0065,32.2236],[117.0057,32.2222],[117.0061,32.2199],[117.0048,32.2187],[117.0032,32.2199],[117.0003,32.2198],[116.9982,32.2188],[116.9981,32.2134],[116.9972,32.2108],[116.9979,32.2091],[117.0001,32.2089],[117.0041,32.2065],[117.0042,32.2015],[117.0078,32.2005],[117.0085,32.1983],[117.0106,32.1966],[117.0122,32.1975],[117.0168,32.1961],[117.0208,32.193],[117.02,32.1907],[117.0225,32.1899],[117.0234,32.1879],[117.0221,32.1859],[117.0226,32.1845],[117.0201,32.18],[117.0198,32.1782],[117.016,32.1761],[117.0164,32.1749],[117.0148,32.1713],[117.0115,32.1715],[117.0117,32.1695],[117.0138,32.1695],[117.0168,32.1675],[117.0186,32.1651],[117.0176,32.1627],[117.013,32.1617],[117.0115,32.1656],[117.0101,32.1673],[117.0081,32.1651],[117.0059,32.1647],[117.0049,32.16],[117,32.1587],[116.9995,32.1593],[116.9947,32.1579],[116.9919,32.1557],[116.9901,32.156],[116.9829,32.1612],[116.9839,32.1635],[116.9815,32.1637],[116.979,32.1624],[116.9768,32.1599],[116.9734,32.158],[116.9728,32.156],[116.9747,32.1558],[116.9759,32.1542],[116.9776,32.15],[116.98,32.1472],[116.9816,32.1438],[116.9805,32.1412],[116.9768,32.1375],[116.9741,32.1381],[116.9743,32.1363],[116.9773,32.1347],[116.9784,32.1331],[116.9814,32.1308],[116.9795,32.1274],[116.9773,32.1263],[116.9795,32.1241],[116.9826,32.1256],[116.985,32.1255],[116.989,32.1273],[116.9899,32.1249],[116.9874,32.1241],[116.9903,32.1197],[116.9885,32.1181],[116.9957,32.1146],[116.9982,32.1152],[116.9999,32.1167],[117.0034,32.1176],[117.0042,32.1167],[117.0026,32.111],[117.0043,32.1103],[117.0097,32.1093],[117.0105,32.108],[117.0171,32.1047],[117.0189,32.1028],[117.018,32.1],[117.0145,32.0959],[117.0144,32.0934],[117.0132,32.0926],[117.0135,32.0906],[117.015,32.0871],[117.0169,32.0869],[117.0184,32.0842],[117.0238,32.0789],[117.0223,32.078],[117.0221,32.0759],[117.0246,32.0751],[117.0246,32.0738],[117.0228,32.0719],[117.023,32.0704],[117.021,32.0693],[117.0226,32.0679],[117.0222,32.0648],[117.0246,32.0622],[117.0263,32.0624],[117.029,32.0597],[117.0322,32.0578],[117.0382,32.0565],[117.0407,32.0523],[117.0397,32.0506],[117.0396,32.0482],[117.041,32.0454],[117.045,32.0407],[117.0422,32.0364],[117.0387,32.0329],[117.0368,32.028],[117.0341,32.028],[117.0348,32.0259],[117.0329,32.0222],[117.0342,32.0217],[117.0352,32.0177],[117.0336,32.0166],[117.0316,32.0164],[117.0309,32.0151],[117.0278,32.0147],[117.0266,32.0125],[117.0244,32.0132],[117.0228,32.012],[117.0243,32.0081],[117.0259,32.0061],[117.0289,32.005],[117.0314,32.0048],[117.0345,32.0062],[117.0365,32.0054],[117.0386,32.0031],[117.0378,32.0016],[117.0388,31.9997],[117.0408,31.9988],[117.0419,31.9954],[117.0433,31.995],[117.0446,31.9973],[117.0445,31.9996],[117.0462,31.9995],[117.0458,31.9971],[117.0465,31.9959],[117.0492,31.9956],[117.0513,31.9927],[117.0584,31.9908],[117.0585,31.9872],[117.0611,31.9872],[117.0612,31.9888],[117.0639,31.9909],[117.0664,31.9913],[117.066,31.9888],[117.0676,31.9881],[117.0697,31.9886],[117.0699,31.9862],[117.0714,31.9856],[117.0673,31.9806],[117.0686,31.979],[117.0674,31.9762],[117.0636,31.975],[117.0645,31.972],[117.0628,31.9709],[117.0622,31.9668],[117.0638,31.9646],[117.0627,31.9601],[117.0642,31.9595],[117.067,31.9608],[117.0706,31.9614],[117.0735,31.9592],[117.0779,31.9594],[117.0808,31.959],[117.084,31.9576],[117.0873,31.9576],[117.0886,31.9587],[117.091,31.9645],[117.0935,31.9661],[117.0985,31.9649],[117.1021,31.9618],[117.1052,31.961],[117.1067,31.9598],[117.1102,31.9595],[117.1143,31.9636],[117.1172,31.9626],[117.1191,31.9586],[117.1222,31.9586],[117.1225,31.9565],[117.1242,31.9539],[117.1235,31.9526],[117.1279,31.9513],[117.1346,31.9482],[117.1374,31.9478],[117.1455,31.948],[117.1563,31.9544],[117.1577,31.9557],[117.1589,31.959],[117.1607,31.9596],[117.1603,31.9614],[117.1626,31.9619],[117.1637,31.9606],[117.1636,31.9572],[117.1654,31.9551],[117.1631,31.9526],[117.1643,31.9494],[117.1678,31.9488],[117.168,31.9469],[117.1704,31.946],[117.1723,31.9473],[117.1741,31.9464],[117.178,31.9465],[117.1796,31.9445],[117.1787,31.9425],[117.1804,31.9408],[117.1789,31.9387],[117.1795,31.9359],[117.1792,31.9318],[117.1784,31.9283],[117.1837,31.9293],[117.1854,31.931],[117.1846,31.9319],[117.188,31.9337],[117.1879,31.9346],[117.191,31.9364],[117.1918,31.9377],[117.1951,31.9382],[117.1924,31.9414],[117.1943,31.9431],[117.1994,31.944],[117.2011,31.9438],[117.2008,31.9409],[117.2023,31.9386],[117.21,31.9415],[117.2135,31.9431],[117.2142,31.9446],[117.2177,31.9435],[117.2233,31.9433],[117.2255,31.9415],[117.2258,31.9403],[117.224,31.939],[117.2271,31.9367],[117.2275,31.9355],[117.2317,31.9345],[117.2339,31.9348],[117.238,31.9387],[117.2389,31.9428],[117.2401,31.9455],[117.2383,31.9469],[117.2412,31.9498],[117.2442,31.9506],[117.2429,31.9537],[117.2452,31.9549],[117.2516,31.9512],[117.2549,31.9507],[117.2547,31.9532],[117.2574,31.9555],[117.2634,31.9549],[117.265,31.9555],[117.2659,31.9593],[117.2679,31.9601],[117.2698,31.9582],[117.2722,31.9592],[117.2757,31.9558],[117.2781,31.9526],[117.2783,31.9497],[117.281,31.9502],[117.2819,31.9389],[117.2833,31.9387],[117.2876,31.9396],[117.2911,31.9393],[117.292,31.9417],[117.2941,31.9447],[117.2929,31.946],[117.2931,31.9475],[117.2961,31.9498],[117.2963,31.9535],[117.2938,31.9575],[117.2939,31.9596],[117.2966,31.9593],[117.2978,31.9618],[117.2977,31.9641],[117.2987,31.9673],[117.2998,31.9686],[117.3021,31.9691],[117.3026,31.9712],[117.3055,31.9776],[117.3043,31.9797],[117.3033,31.9832],[117.3013,31.985],[117.3013,31.9875],[117.3027,31.9905],[117.3069,31.9929],[117.3085,31.9978],[117.3056,32.0004],[117.3051,32.0019],[117.3017,32.0046],[117.3008,32.0059],[117.301,32.0081],[117.2978,32.0082],[117.2989,32.0101],[117.2961,32.0109],[117.2977,32.0123],[117.296,32.0152],[117.2947,32.0202],[117.293,32.0254],[117.2916,32.0272],[117.2966,32.0285],[117.301,32.0304],[117.3007,32.0327],[117.3023,32.0342],[117.3036,32.0325],[117.3063,32.033],[117.3069,32.0353],[117.3083,32.0359],[117.3063,32.0398],[117.3088,32.0425],[117.3081,32.0457],[117.3082,32.0478],[117.3104,32.0498],[117.3106,32.0528],[117.313,32.0539],[117.3131,32.0558],[117.3163,32.0584],[117.3184,32.0591],[117.3172,32.0626],[117.3149,32.0633],[117.3153,32.0673],[117.3178,32.0685],[117.3197,32.0703],[117.3216,32.0697]]]},"properties":{"region_code":"CN-34-3401-340121","parent_region_code":"CN-34-3401","name":"长丰县","level":"county","has_children":false,"full_path":"中国 / 安徽省 / 合肥市 / 长丰县","source_admin_code":"340121","osm_relation_id":3288957}},
{"type":"Feature","geometry":{"type":"Polygon","coordinates":[[[117.3741,31.8184],[117.3755,31.8173],[117.3741,31.8091],[117.3759,31.8052],[117.3789,31.804],[117.3833,31.8041],[117.3872,31.8034],[117.3913,31.8007],[117.3947,31.799],[117.4006,31.7971],[117.4034,31.7956],[117.4062,31.7912],[117.4094,31.7886],[117.415,31.7879],[117.4173,31.787],[117.4194,31.7851],[117.4215,31.7813],[117.4223,31.7769],[117.4261,31.7726],[117.4265,31.7683],[117.4261,31.7655],[117.4243,31.7623],[117.4203,31.7598],[117.4129,31.7571],[117.4105,31.7547],[117.4079,31.7486],[117.4031,31.741],[117.3996,31.7321],[117.3975,31.7272],[117.3947,31.7229],[117.3949,31.721],[117.3961,31.7196],[117.4035,31.7148],[117.4044,31.7117],[117.407,31.7052],[117.4071,31.7025],[117.4048,31.6981],[117.4045,31.6936],[117.4048,31.6391],[117.4238,31.5632],[117.4252,31.5643],[117.4339,31.5701],[117.4436,31.5739],[117.4517,31.5778],[117.4578,31.5816],[117.4596,31.5832],[117.461,31.5905],[117.4647,31.5945],[117.4673,31.5957],[117.4677,31.5968],[117.4708,31.5981],[117.473,31.5999],[117.4727,31.6024],[117.4739,31.6047],[117.4756,31.6055],[117.4745,31.6096],[117.4751,31.6111],[117.4783,31.6111],[117.4802,31.6122],[117.4799,31.6138],[117.4831,31.6159],[117.485,31.6149],[117.4869,31.6158],[117.4882,31.6177],[117.4899,31.6164],[117.4917,31.6203],[117.4905,31.6215],[117.4879,31.6204],[117.4862,31.6215],[117.4869,31.6235],[117.4886,31.6231],[117.4898,31.6246],[117.4897,31.6284],[117.493,31.6346],[117.4951,31.6343],[117.4964,31.6383],[117.4989,31.6391],[117.5016,31.6364],[117.5016,31.6355],[117.5044,31.6337],[117.5071,31.633],[117.5107,31.6355],[117.5104,31.6364],[117.5065,31.6389],[117.507,31.6406],[117.5053,31.6443],[117.5075,31.6454],[117.51,31.6453],[117.5101,31.6474],[117.5143,31.6522],[117.5133,31.6539],[117.5157,31.6578],[117.5186,31.6591],[117.5197,31.6607],[117.5229,31.6603],[117.5262,31.6618],[117.5298,31.6628],[117.5279,31.6665],[117.5344,31.6684],[117.5361,31.6697],[117.5377,31.6723],[117.5352,31.6734],[117.5374,31.6756],[117.5379,31.6769],[117.5349,31.6807],[117.5366,31.6823],[117.5417,31.6848],[117.5448,31.6846],[117.5464,31.6858],[117.5457,31.6888],[117.5475,31.6928],[117.5495,31.6952],[117.5501,31.6985],[117.5523,31.7012],[117.5523,31.7035],[117.5568,31.7015],[117.561,31.7014],[117.561,31.6986],[117.5631,31.6971],[117.5639,31.6995],[117.5659,31.6961],[117.5673,31.6958],[117.5704,31.6971],[117.5704,31.699],[117.5716,31.7009],[117.5713,31.7035],[117.5699,31.7059],[117.5672,31.7061],[117.5664,31.7046],[117.5643,31.7092],[117.5619,31.7129],[117.5598,31.7149],[117.5641,31.7164],[117.5638,31.7176],[117.5664,31.719],[117.5684,31.7194],[117.5691,31.7238],[117.5729,31.7285],[117.5737,31.7312],[117.5721,31.7344],[117.5701,31.7357],[117.5691,31.7341],[117.5649,31.7298],[117.5631,31.7287],[117.562,31.7298],[117.5564,31.7288],[117.5559,31.7325],[117.5572,31.7326],[117.5562,31.7373],[117.5552,31.7397],[117.5575,31.7426],[117.558,31.7448],[117.5594,31.7466],[117.5625,31.7443],[117.5696,31.7434],[117.5692,31.7417],[117.5674,31.74],[117.5686,31.7369],[117.5739,31.7377],[117.5734,31.7396],[117.5713,31.7435],[117.5699,31.7444],[117.5714,31.7491],[117.5713,31.7503],[117.5771,31.7526],[117.5768,31.7513],[117.5735,31.7498],[117.5759,31.7475],[117.579,31.7465],[117.5816,31.7476],[117.5824,31.7494],[117.5818,31.7511],[117.5844,31.7557],[117.5834,31.7577],[117.5805,31.7594],[117.582,31.7607],[117.5899,31.7606],[117.5923,31.7611],[117.5944,31.7607],[117.6004,31.7609],[117.6062,31.762],[117.6068,31.7655],[117.6113,31.767],[117.6115,31.7703],[117.6139,31.7726],[117.6138,31.7746],[117.6167,31.7749],[117.6184,31.7757],[117.6172,31.7796],[117.6177,31.781],[117.6256,31.7844],[117.6289,31.7832],[117.6321,31.7843],[117.6347,31.7839],[117.6358,31.7854],[117.6333,31.7887],[117.6304,31.789],[117.631,31.7913],[117.6297,31.7988],[117.632,31.8006],[117.6312,31.8021],[117.6323,31.8037],[117.6316,31.8071],[117.6298,31.8066],[117.6283,31.8075],[117.6296,31.8101],[117.6271,31.8128],[117.6294,31.8141],[117.6313,31.8137],[117.6333,31.8146],[117.6327,31.8175],[117.6357,31.8204],[117.6389,31.8199],[117.6418,31.8221],[117.6445,31.8218],[117.6455,31.8231],[117.6492,31.8298],[117.6496,31.8314],[117.6491,31.836],[117.6533,31.8388],[117.6533,31.8434],[117.6561,31.8453],[117.6608,31.8464],[117.6635,31.8494],[117.6669,31.85],[117.6726,31.8528],[117.6723,31.8541],[117.6699,31.8583],[117.6704,31.8626],[117.6718,31.8631],[117.6758,31.8668],[117.6774,31.8664],[117.6793,31.8675],[117.6783,31.869],[117.6785,31.8715],[117.6822,31.8704],[117.6853,31.8743],[117.684,31.8758],[117.6812,31.8762],[117.6844,31.879],[117.6863,31.8771],[117.688,31.8776],[117.6892,31.8794],[117.688,31.8805],[117.6887,31.8837],[117.6904,31.885],[117.6913,31.8879],[117.6931,31.8885],[117.6953,31.8905],[117.6917,31.8922],[117.6937,31.8966],[117.6957,31.8959],[117.6981,31.898],[117.7009,31.899],[117.7029,31.8987],[117.7037,31.9008],[117.7074,31.9019],[117.7096,31.9014],[117.7092,31.9052],[117.7102,31.9071],[117.706,31.9092],[117.7085,31.9151],[117.7082,31.9208],[117.7122,31.9253],[117.7142,31.9295],[117.7181,31.9287],[117.7196,31.9314],[117.725,31.9323],[117.7259,31.9351],[117.7256,31.9399],[117.7286,31.9392],[117.7305,31.9399],[117.7267,31.9468],[117.7313,31.9527],[117.7329,31.9559],[117.733,31.9583],[117.7321,31.9603],[117.7337,31.9627],[117.7357,31.9629],[117.7376,31.9643],[117.7374,31.9661],[117.7387,31.9675],[117.7379,31.9694],[117.7401,31.9695],[117.744,31.968],[117.7464,31.9717],[117.7486,31.972],[117.7473,31.974],[117.75,31.975],[117.7518,31.9739],[117.7539,31.9738],[117.7555,31.9747],[117.7592,31.9748],[117.7688,31.976],[117.7703,31.9769],[117.7756,31.9773],[117.7771,31.9789],[117.7775,31.9809],[117.7804,31.9831],[117.7828,31.9836],[117.7822,31.986],[117.7834,31.9885],[117.7824,31.9921],[117.7861,31.993],[117.7902,31.9923],[117.7926,31.9953],[117.7959,31.9941],[117.7982,31.9943],[117.8013,31.999],[117.8011,32.0011],[117.8067,32.0014],[117.8101,32.0026],[117.8114,32.0018],[117.8132,32.0034],[117.8167,32.0093],[117.8175,32.0119],[117.8205,32.0121],[117.8229,32.0134],[117.8301,32.0146],[117.8333,32.0147],[117.8336,32.0178],[117.8329,32.0203],[117.8315,32.0223],[117.8312,32.0241],[117.8291,32.0261],[117.8278,32.0297],[117.8284,32.0367],[117.8312,32.0398],[117.836,32.0392],[117.8405,32.0394],[117.8475,32.0389],[117.8554,32.0393],[117.8576,32.044],[117.8598,32.046],[117.862,32.045],[117.8627,32.047],[117.869,32.0518],[117.8704,32.0568],[117.8738,32.0569],[117.8724,32.0602],[117.8783,32.0627],[117.8785,32.0647],[117.8767,32.0679],[117.8722,32.0674],[117.8687,32.0679],[117.8706,32.0743],[117.8671,32.0748],[117.8663,32.0763],[117.8653,32.0803],[117.867,32.0828],[117.8677,32.0853],[117.8651,32.0862],[117.86,32.086],[117.8598,32.0887],[117.8577,32.0908],[117.8556,32.0902],[117.8518,32.0914],[117.8493,32.0914],[117.8489,32.0931],[117.8524,32.0956],[117.8557,32.0959],[117.8575,32.0967],[117.8599,32.0992],[117.8624,32.0994],[117.8627,32.1027],[117.8611,32.1093],[117.857,32.1104],[117.8554,32.1071],[117.8532,32.1057],[117.8503,32.1064],[117.8491,32.1077],[117.8472,32.1077],[117.8476,32.1121],[117.8513,32.1137],[117.8507,32.1177],[117.8517,32.1215],[117.8532,32.1254],[117.8557,32.1281],[117.8573,32.1279],[117.8606,32.132],[117.8609,32.1352],[117.8667,32.136],[117.8678,32.1386],[117.8702,32.142],[117.8692,32.1445],[117.8702,32.1498],[117.8691,32.1538],[117.8704,32.1612],[117.8696,32.1642],[117.8675,32.1653],[117.8655,32.1687],[117.8636,32.1695],[117.8635,32.1717],[117.8649,32.1742],[117.8639,32.1765],[117.8641,32.1793],[117.8661,32.1801],[117.8649,32.1825],[117.8656,32.1843],[117.8643,32.1859],[117.8655,32.1883],[117.8637,32.191],[117.8613,32.1912],[117.8599,32.1939],[117.8621,32.1958],[117.8614,32.1997],[117.8595,32.204],[117.8539,32.2034],[117.853,32.2051],[117.8536,32.2092],[117.8555,32.2096],[117.8569,32.2137],[117.8539,32.2132],[117.8451,32.2178],[117.846,32.2206],[117.8442,32.2213],[117.8425,32.2198],[117.8394,32.2188],[117.8371,32.2212],[117.8329,32.2222],[117.8329,32.2241],[117.8289,32.2248],[117.828,32.2262],[117.8248,32.227],[117.8244,32.2289],[117.8217,32.2287],[117.8221,32.2313],[117.82,32.2338],[117.8144,32.2312],[117.8129,32.2314],[117.8105,32.2299],[117.81,32.2284],[117.8078,32.2272],[117.8084,32.2248],[117.8058,32.2231],[117.8033,32.2232],[117.8005,32.2208],[117.7974,32.2218],[117.7938,32.2188],[117.7918,32.2181],[117.7869,32.2205],[117.7853,32.2219],[117.7842,32.2245],[117.7828,32.2259],[117.7835,32.2312],[117.7819,32.2325],[117.7766,32.2334],[117.7777,32.2376],[117.7736,32.2385],[117.7723,32.2402],[117.7647,32.2422],[117.7613,32.2427],[117.7606,32.2416],[117.758,32.2418],[117.7556,32.2405],[117.754,32.2415],[117.7502,32.2426],[117.7474,32.2379],[117.7438,32.239],[117.7409,32.2408],[117.7395,32.2457],[117.7401,32.2487],[117.7375,32.2497],[117.7336,32.2441],[117.7302,32.2453],[117.7242,32.2463],[117.7178,32.2443],[117.7161,32.2425],[117.7145,32.2375],[117.7088,32.238],[117.707,32.2369],[117.7056,32.2387],[117.7025,32.2383],[117.7008,32.2394],[117.7023,32.2412],[117.703,32.2434],[117.7056,32.2454],[117.7058,32.2488],[117.7047,32.2491],[117.7032,32.2514],[117.6982,32.2523],[117.6981,32.2549],[117.6925,32.2556],[117.6918,32.2577],[117.6897,32.2574],[117.6894,32.256],[117.6831,32.2562],[117.679,32.2557],[117.6762,32.2565],[117.6723,32.2556],[117.6697,32.2525],[117.6683,32.2531],[117.6692,32.2571],[117.6679,32.2587],[117.6648,32.2584],[117.6628,32.2595],[117.6617,32.2579],[117.6587,32.259],[117.6585,32.26],[117.6561,32.2616],[117.6549,32.2608],[117.6494,32.262],[117.6478,32.259],[117.6454,32.259],[117.6436,32.2573],[117.6424,32.2587],[117.6396,32.2587],[117.6394,32.2565],[117.6365,32.2557],[117.6339,32.2567],[117.6311,32.2553],[117.6294,32.2556],[117.6268,32.2547],[117.625,32.2548],[117.6237,32.2532],[117.6192,32.2535],[117.6175,32.2515],[117.6144,32.2501],[117.6116,32.2515],[117.6092,32.2487],[117.6096,32.2465],[117.6077,32.2442],[117.6062,32.2455],[117.6028,32.2421],[117.6027,32.2405],[117.6007,32.2399],[117.5984,32.2409],[117.591,32.2412],[117.5884,32.2428],[117.5865,32.2403],[117.5853,32.2404],[117.5834,32.2371],[117.5852,32.2364],[117.5822,32.2334],[117.58,32.234],[117.5779,32.2331],[117.5754,32.2335],[117.5739,32.235],[117.5683,32.2345],[117.568,32.2309],[117.5684,32.2277],[117.5625,32.2268],[117.5612,32.2254],[117.5587,32.2251],[117.5587,32.2236],[117.5536,32.2166],[117.5561,32.2144],[117.551,32.2144],[117.547,32.2151],[117.5451,32.2126],[117.5419,32.2132],[117.5428,32.2153],[117.5408,32.2155],[117.5387,32.2141],[117.5376,32.2123],[117.5387,32.21],[117.5369,32.2087],[117.5335,32.2091],[117.5332,32.2105],[117.5299,32.2113],[117.5252,32.2109],[117.5232,32.2076],[117.518,32.2081],[117.5177,32.2096],[117.5129,32.2089],[117.5116,32.2065],[117.5096,32.2056],[117.5079,32.206],[117.5062,32.2077],[117.5035,32.2063],[117.5016,32.204],[117.5012,32.2023],[117.4993,32.2026],[117.4972,32.2048],[117.4955,32.205],[117.4945,32.2032],[117.4916,32.203],[117.4891,32.2049],[117.4863,32.208],[117.4865,32.2123],[117.4826,32.2125],[117.4798,32.2119],[117.4779,32.213],[117.4749,32.2135],[117.4739,32.2146],[117.474,32.2183],[117.4719,32.2201],[117.4676,32.2212],[117.467,32.2247],[117.4659,32.2246],[117.465,32.2275],[117.4612,32.2301],[117.4587,32.2308],[117.4568,32.2354],[117.4518,32.2345],[117.4478,32.235],[117.4455,32.2359],[117.4443,32.2379],[117.4416,32.2383],[117.4388,32.2363],[117.4367,32.233],[117.4339,32.2321],[117.4316,32.2327],[117.4282,32.2369],[117.4258,32.241],[117.4249,32.2452],[117.4219,32.2471],[117.4207,32.2464],[117.4167,32.2499],[117.4149,32.2504],[117.4153,32.2531],[117.4164,32.2554],[117.4197,32.2554],[117.4232,32.2621],[117.4205,32.2649],[117.418,32.2654],[117.4177,32.2679],[117.4117,32.2664],[117.4113,32.2721],[117.4087,32.2734],[117.4058,32.2712],[117.4028,32.2705],[117.4011,32.2709],[117.3993,32.2672],[117.3992,32.2646],[117.3979,32.2631],[117.3959,32.2623],[117.397,32.2601],[117.395,32.2572],[117.3954,32.2529],[117.3933,32.2521],[117.3933,32.2495],[117.3882,32.2489],[117.3859,32.2499],[117.3858,32.2471],[117.3849,32.2462],[117.3818,32.2487],[117.3752,32.2484],[117.3731,32.2468],[117.3709,32.2476],[117.3682,32.2464],[117.3659,32.2446],[117.3639,32.2451],[117.36,32.2438],[117.3547,32.2403],[117.3493,32.2405],[117.3476,32.242],[117.3461,32.2389],[117.3462,32.2346],[117.3438,32.2337],[117.3436,32.2298],[117.3453,32.2265],[117.343,32.2243],[117.3419,32.2223],[117.3384,32.2204],[117.3379,32.2178],[117.3399,32.2147],[117.3413,32.2148],[117.3427,32.2115],[117.3404,32.2105],[117.3399,32.2082],[117.3404,32.2047],[117.3396,32.2043],[117.3404,32.1994],[117.3419,32.1976],[117.3423,32.1956],[117.3437,32.1942],[117.3444,32.1917],[117.3512,32.1928],[117.3553,32.1928],[117.3619,32.1908],[117.3616,32.1886],[117.3626,32.1862],[117.3621,32.1833],[117.3625,32.1798],[117.3657,32.1776],[117.3642,32.1746],[117.3673,32.1727],[117.3658,32.1715],[117.3689,32.1703],[117.3693,32.1667],[117.3709,32.1676],[117.3742,32.1678],[117.3743,32.1635],[117.3702,32.1595],[117.3702,32.1571],[117.3661,32.1564],[117.3653,32.1554],[117.3614,32.1555],[117.3609,32.1535],[117.3579,32.1511],[117.3554,32.1504],[117.3521,32.1486],[117.3472,32.1509],[117.3457,32.1485],[117.3469,32.1451],[117.3488,32.1438],[117.3521,32.1442],[117.3529,32.1423],[117.3563,32.1403],[117.355,32.1367],[117.3569,32.1362],[117.3555,32.1339],[117.3532,32.1344],[117.3529,32.1361],[117.3499,32.1353],[117.3458,32.1354],[117.3443,32.137],[117.343,32.1342],[117.3453,32.1314],[117.3435,32.1293],[117.3426,32.126],[117.3397,32.1236],[117.335,32.1233],[117.3337,32.1242],[117.3331,32.1264],[117.3302,32.1276],[117.3292,32.1268],[117.3245,32.1265],[117.3229,32.1276],[117.3223,32.1296],[117.3201,32.1298],[117.3189,32.1258],[117.3207,32.1237],[117.3256,32.1223],[117.3232,32.1189],[117.3226,32.1156],[117.3179,32.1145],[117.316,32.1082],[117.3167,32.1057],[117.3198,32.1049],[117.321,32.1031],[117.3243,32.1016],[117.3261,32.0987],[117.3238,32.0975],[117.3263,32.0957],[117.3308,32.0973],[117.3325,32.0968],[117.3351,32.099],[117.3373,32.0975],[117.3413,32.0988],[117.3442,32.0991],[117.3471,32.0936],[117.3466,32.0914],[117.344,32.0907],[117.3461,32.0864],[117.3444,32.0844],[117.3424,32.0836],[117.3426,32.0817],[117.34,32.0808],[117.3344,32.0805],[117.3321,32.0795],[117.3277,32.0795],[117.327,32.0768],[117.3222,32.0717],[117.3216,32.0697],[117.3244,32.0702],[117.3258,32.0683],[117.3248,32.0668],[117.326,32.0655],[117.3245,32.0633],[117.3312,32.0581],[117.3283,32.0571],[117.3264,32.0541],[117.329,32.0532],[117.3305,32.0511],[117.3331,32.0518],[117.3339,32.0507],[117.3373,32.0507],[117.3403,32.0489],[117.3419,32.0495],[117.341,32.0549],[117.3421,32.0551],[117.3438,32.0517],[117.3462,32.0517],[117.3487,32.0501],[117.3491,32.0525],[117.3509,32.0538],[117.3538,32.0542],[117.3522,32.056],[117.3554,32.0569],[117.3587,32.0571],[117.3597,32.0552],[117.3623,32.0552],[117.3674,32.0537],[117.369,32.054],[117.3728,32.052],[117.3764,32.0531],[117.3807,32.0516],[117.3822,32.0499],[117.3813,32.0456],[117.3788,32.0444],[117.379,32.0431],[117.3811,32.0419],[117.383,32.0419],[117.3835,32.04],[117.3877,32.0415],[117.3876,32.0403],[117.3903,32.0384],[117.389,32.0331],[117.3852,32.0329],[117.378,32.0357],[117.375,32.035],[117.3747,32.0324],[117.3725,32.03],[117.3704,32.0265],[117.3676,32.025],[117.3694,32.0205],[117.3714,32.0175],[117.3686,32.0161],[117.3675,32.0143],[117.368,32.0085],[117.3664,32.0073],[117.3678,32.0044],[117.366,32.0043],[117.3664,32.001],[117.3641,31.9995],[117.3652,31.9968],[117.3638,31.9931],[117.3652,31.9907],[117.372,31.9876],[117.3756,31.9843],[117.3747,31.983],[117.3771,31.9793],[117.3804,31.9807],[117.3815,31.979],[117.3896,31.9811],[117.3897,31.9834],[117.3908,31.9854],[117.3935,31.9852],[117.3947,31.984],[117.4002,31.9849],[117.4002,31.9824],[117.4012,31.9805],[117.4088,31.9757],[117.4102,31.9768],[117.4115,31.975],[117.414,31.975],[117.4168,31.9739],[117.4197,31.9757],[117.4205,31.9776],[117.4228,31.9773],[117.4235,31.9747],[117.4259,31.9739],[117.4309,31.9754],[117.433,31.9719],[117.4374,31.9724],[117.4406,31.9707],[117.4435,31.9682],[117.4426,31.9664],[117.4438,31.9651],[117.4433,31.9635],[117.4443,31.9616],[117.4462,31.9613],[117.4445,31.9585],[117.4459,31.9537],[117.447,31.9531],[117.4486,31.9499],[117.4472,31.9493],[117.446,31.9453],[117.4477,31.9447],[117.4482,31.9402],[117.4443,31.9397],[117.4449,31.9373],[117.4448,31.9342],[117.4463,31.9327],[117.4462,31.931],[117.4434,31.9297],[117.4425,31.9282],[117.4407,31.9276],[117.4415,31.9253],[117.4397,31.9241],[117.4376,31.9241],[117.4368,31.9214],[117.4345,31.9204],[117.4339,31.9191],[117.4313,31.9189],[117.4266,31.9176],[117.4258,31.9158],[117.4197,31.913],[117.418,31.9127],[117.4182,31.9105],[117.4157,31.9092],[117.4142,31.9062],[117.4142,31.9036],[117.4174,31.9015],[117.4173,31.8996],[117.415,31.8979],[117.4111,31.8971],[117.4111,31.8955],[117.4064,31.8951],[117.404,31.8943],[117.4039,31.8907],[117.4019,31.8899],[117.404,31.8881],[117.4048,31.8852],[117.403,31.8847],[117.4002,31.882],[117.3987,31.8812],[117.3992,31.8785],[117.4011,31.8766],[117.4054,31.8759],[117.4065,31.8745],[117.409,31.8737],[117.409,31.8713],[117.4008,31.8707],[117.4012,31.8695],[117.3994,31.8684],[117.4008,31.8672],[117.4007,31.8646],[117.3995,31.8626],[117.3944,31.8621],[117.3916,31.8629],[117.3914,31.8605],[117.3893,31.8616],[117.3874,31.8616],[117.383,31.8594],[117.3822,31.8507],[117.3847,31.8506],[117.3861,31.8491],[117.3914,31.8504],[117.3932,31.8481],[117.394,31.8448],[117.3969,31.8442],[117.3989,31.8448],[117.3998,31.8425],[117.3989,31.8419],[117.3995,31.8379],[117.4004,31.8357],[117.3974,31.8357],[117.3928,31.833],[117.3901,31.8298],[117.389,31.8296],[117.3863,31.8315],[117.3807,31.8306],[117.3772,31.8311],[117.3754,31.8208],[117.3741,31.8184]],[[117.4211,31.8648],[117.4182,31.8636],[117.4181,31.8612],[117.4144,31.8593],[117.4141,31.8565],[117.411,31.8566],[117.409,31.8557],[117.4072,31.8529],[117.4051,31.8529],[117.4038,31.8549],[117.4009,31.8565],[117.3991,31.8594],[117.4017,31.86],[117.4021,31.8636],[117.4056,31.8672],[117.4084,31.8672],[117.4093,31.8684],[117.4145,31.8694],[117.4163,31.8705],[117.4167,31.8722],[117.419,31.8727],[117.4198,31.8712],[117.4214,31.8711],[117.4223,31.8691],[117.4253,31.8693],[117.4254,31.8679],[117.4225,31.8667],[117.4211,31.8648]]]},"properties":{"region_code":"CN-34-3401-340122","parent_region_code":"CN-34-3401","name":"肥东县","level":"county","has_children":false,"full_path":"中国 / 安徽省 / 合肥市 / 肥东县","source_admin_code":"340122","osm_relation_id":3288959}},
{"type":"Feature","geometry":{"type":"MultiPolygon","coordinates":[[[[117.195,31.7891],[117.195,31.7872],[117.1972,31.787],[117.1963,31.7892],[117.195,31.7891]]],[[[117.1936,31.7911],[117.198,31.791],[117.1981,31.7942],[117.1965,31.7954],[117.1925,31.7939],[117.1936,31.7911]]],[[[116.8511,31.9548],[116.8494,31.9553],[116.8471,31.954],[116.8466,31.9568],[116.8441,31.9539],[116.8415,31.9528],[116.8426,31.9508],[116.842,31.9497],[116.8397,31.9489],[116.8385,31.9472],[116.8405,31.9428],[116.837,31.9428],[116.8371,31.9409],[116.8337,31.9402],[116.8341,31.9382],[116.8319,31.9371],[116.8325,31.9356],[116.8273,31.9343],[116.8267,31.9329],[116.8222,31.9312],[116.8175,31.9318],[116.8177,31.9299],[116.8155,31.9248],[116.8138,31.9246],[116.8143,31.9221],[116.8114,31.9214],[116.8098,31.9203],[116.8073,31.9214],[116.8067,31.9203],[116.8033,31.9212],[116.8011,31.9209],[116.799,31.9217],[116.7949,31.9219],[116.7878,31.9242],[116.7861,31.922],[116.7839,31.921],[116.7801,31.921],[116.7801,31.9181],[116.7768,31.9154],[116.7743,31.9174],[116.7703,31.9178],[116.7699,31.9163],[116.7671,31.9156],[116.7657,31.9124],[116.7678,31.9099],[116.7681,31.9073],[116.7665,31.9035],[116.7586,31.9036],[116.7573,31.9071],[116.7543,31.907],[116.753,31.9062],[116.7523,31.9024],[116.7504,31.9022],[116.7496,31.9005],[116.7438,31.8987],[116.7451,31.8971],[116.7454,31.8945],[116.7496,31.8936],[116.7504,31.8919],[116.7462,31.8893],[116.7434,31.8899],[116.7419,31.8885],[116.739,31.8915],[116.7399,31.8924],[116.7365,31.8956],[116.7331,31.8953],[116.7274,31.8956],[116.7254,31.8944],[116.7251,31.8927],[116.7262,31.8886],[116.7254,31.8883],[116.7251,31.8849],[116.7216,31.8828],[116.7203,31.8839],[116.7228,31.8868],[116.7215,31.8878],[116.7196,31.8855],[116.7161,31.8853],[116.7125,31.8876],[116.7098,31.8865],[116.7119,31.8811],[116.7139,31.8802],[116.7159,31.8782],[116.7156,31.8734],[116.7169,31.8706],[116.7192,31.8694],[116.7179,31.8657],[116.7182,31.8637],[116.7174,31.8621],[116.719,31.8596],[116.7226,31.861],[116.7285,31.8605],[116.7295,31.8618],[116.734,31.8648],[116.7364,31.8628],[116.7377,31.8599],[116.7362,31.857],[116.7365,31.8533],[116.7339,31.8535],[116.7321,31.8522],[116.733,31.8496],[116.7307,31.8486],[116.7283,31.8428],[116.723,31.8425],[116.7203,31.841],[116.7161,31.8419],[116.7145,31.8409],[116.7122,31.8427],[116.7119,31.8442],[116.7061,31.8418],[116.7067,31.8345],[116.706,31.8335],[116.7032,31.8328],[116.7027,31.8318],[116.6998,31.8323],[116.6971,31.8312],[116.6978,31.829],[116.6948,31.8263],[116.6943,31.8238],[116.6956,31.8219],[116.6934,31.8205],[116.6898,31.8222],[116.6872,31.8215],[116.6868,31.8229],[116.6831,31.8255],[116.683,31.8216],[116.6838,31.8199],[116.6865,31.8172],[116.687,31.8154],[116.69,31.813],[116.6899,31.8114],[116.6932,31.8098],[116.6957,31.8066],[116.698,31.8063],[116.7001,31.8041],[116.7055,31.8004],[116.7069,31.7971],[116.7083,31.7961],[116.7091,31.7939],[116.7106,31.7937],[116.7116,31.7896],[116.7098,31.789],[116.7097,31.7865],[116.712,31.7856],[116.7128,31.7814],[116.7211,31.7818],[116.7242,31.7831],[116.7249,31.7863],[116.7301,31.7862],[116.7328,31.7871],[116.7334,31.7829],[116.7308,31.7814],[116.7313,31.7795],[116.7288,31.7784],[116.7304,31.7768],[116.7325,31.7761],[116.7361,31.7738],[116.7342,31.7719],[116.738,31.7707],[116.7395,31.7729],[116.743,31.7714],[116.741,31.7668],[116.7439,31.7648],[116.7459,31.7683],[116.7482,31.769],[116.7479,31.7712],[116.7501,31.7715],[116.7511,31.7739],[116.7537,31.7728],[116.7551,31.771],[116.7598,31.7683],[116.7588,31.764],[116.7598,31.7619],[116.7577,31.7615],[116.758,31.7594],[116.7557,31.7552],[116.7536,31.7534],[116.7515,31.7501],[116.7491,31.7508],[116.7491,31.749],[116.7504,31.7477],[116.7492,31.7441],[116.7479,31.7425],[116.7542,31.7387],[116.7568,31.7381],[116.759,31.7327],[116.7572,31.7321],[116.7553,31.7326],[116.753,31.732],[116.7519,31.7294],[116.7492,31.7268],[116.7429,31.7249],[116.7443,31.7219],[116.741,31.7199],[116.7402,31.7171],[116.7428,31.7152],[116.745,31.7181],[116.7475,31.7155],[116.7502,31.7136],[116.7517,31.714],[116.7531,31.7165],[116.7583,31.7176],[116.7602,31.7184],[116.7632,31.7175],[116.7676,31.7153],[116.7674,31.7133],[116.7625,31.7142],[116.7606,31.7125],[116.7599,31.7101],[116.7616,31.7079],[116.762,31.7052],[116.7589,31.7034],[116.7589,31.6975],[116.7613,31.6942],[116.7592,31.6924],[116.7571,31.688],[116.7541,31.6884],[116.7528,31.6852],[116.7553,31.6843],[116.7549,31.6799],[116.7573,31.6784],[116.7572,31.6762],[116.7594,31.6756],[116.7603,31.6726],[116.763,31.6709],[116.7637,31.665],[116.7602,31.6622],[116.7577,31.6624],[116.7565,31.661],[116.7523,31.6584],[116.7533,31.6572],[116.7524,31.6535],[116.7512,31.6521],[116.7491,31.6532],[116.7475,31.6527],[116.7492,31.65],[116.751,31.6495],[116.7483,31.646],[116.7513,31.645],[116.756,31.6394],[116.7577,31.6408],[116.7595,31.6398],[116.7597,31.6355],[116.7593,31.6332],[116.7581,31.6326],[116.7607,31.6293],[116.7606,31.6266],[116.7624,31.6242],[116.7616,31.6222],[116.7591,31.6228],[116.7606,31.6199],[116.7631,31.6177],[116.7622,31.6159],[116.7624,31.6106],[116.7611,31.6072],[116.7624,31.6041],[116.7606,31.6018],[116.7607,31.5995],[116.7637,31.5975],[116.7618,31.597],[116.7627,31.5946],[116.7607,31.5938],[116.7608,31.5919],[116.7626,31.5879],[116.7609,31.5864],[116.7588,31.5861],[116.7582,31.5846],[116.7601,31.5811],[116.7577,31.5796],[116.7602,31.5759],[116.7584,31.5751],[116.7597,31.5728],[116.7622,31.5707],[116.7639,31.5701],[116.7639,31.5681],[116.7657,31.5675],[116.7659,31.5655],[116.7674,31.5636],[116.7717,31.561],[116.7735,31.558],[116.7765,31.557],[116.7777,31.5585],[116.7802,31.5568],[116.7815,31.558],[116.7849,31.5589],[116.7853,31.5566],[116.7867,31.5546],[116.7858,31.5505],[116.7845,31.55],[116.7841,31.5468],[116.7862,31.5464],[116.7855,31.5433],[116.787,31.5424],[116.7904,31.5451],[116.794,31.5426],[116.7989,31.5416],[116.8024,31.5373],[116.8012,31.536],[116.8033,31.5346],[116.8059,31.5359],[116.808,31.5346],[116.8106,31.5342],[116.8114,31.531],[116.8133,31.5311],[116.8149,31.5287],[116.8175,31.5262],[116.8177,31.5244],[116.8201,31.5229],[116.8236,31.5225],[116.8248,31.5196],[116.8263,31.5213],[116.8298,31.5229],[116.8318,31.5268],[116.8352,31.5287],[116.838,31.528],[116.8391,31.5252],[116.8406,31.5253],[116.8419,31.5279],[116.8464,31.5271],[116.8483,31.5274],[116.8504,31.5295],[116.854,31.5305],[116.8564,31.5338],[116.8586,31.5334],[116.8615,31.531],[116.8632,31.5311],[116.8644,31.5336],[116.8661,31.5352],[116.8723,31.5367],[116.8762,31.5394],[116.8785,31.5372],[116.8801,31.5368],[116.8829,31.5383],[116.8865,31.5382],[116.8893,31.5372],[116.8961,31.5398],[116.8979,31.539],[116.8968,31.5358],[116.8979,31.5347],[116.9006,31.5356],[116.9036,31.5344],[116.9052,31.5347],[116.9057,31.5381],[116.9076,31.5384],[116.911,31.5359],[116.9157,31.5368],[116.9173,31.5377],[116.9202,31.5376],[116.9236,31.5402],[116.9265,31.5388],[116.9314,31.5418],[116.9324,31.5386],[116.9348,31.5362],[116.9373,31.5396],[116.9429,31.541],[116.9451,31.5378],[116.949,31.5366],[116.9498,31.5326],[116.9531,31.5327],[116.9531,31.5353],[116.9494,31.5373],[116.9496,31.5385],[116.9531,31.5393],[116.9591,31.5376],[116.9599,31.5363],[116.9627,31.5369],[116.9654,31.5362],[116.9637,31.5398],[116.9644,31.5407],[116.9689,31.5401],[116.97,31.5421],[116.9713,31.5425],[116.9733,31.5397],[116.9724,31.5362],[116.9765,31.5383],[116.9779,31.5373],[116.9783,31.5348],[116.9816,31.5356],[116.9818,31.5365],[116.9795,31.5385],[116.98,31.5409],[116.9855,31.5399],[116.9874,31.5456],[116.9832,31.5456],[116.9827,31.5436],[116.9805,31.5439],[116.9818,31.5465],[116.9846,31.5478],[116.9849,31.5505],[116.9881,31.5497],[116.9894,31.5507],[116.9864,31.5556],[116.9829,31.5597],[116.9866,31.5615],[116.9884,31.5612],[116.9904,31.5636],[116.9927,31.5619],[116.9953,31.5617],[116.9988,31.5625],[116.9973,31.558],[116.9989,31.5554],[116.9983,31.5531],[116.9993,31.551],[117.0032,31.5494],[117.0103,31.548],[117.0119,31.5484],[117.0147,31.5511],[117.0177,31.5487],[117.02,31.5481],[117.0223,31.5493],[117.0238,31.549],[117.0245,31.5465],[117.0313,31.5454],[117.0361,31.5438],[117.0374,31.5397],[117.0413,31.5397],[117.0461,31.5376],[117.0475,31.5393],[117.048,31.5425],[117.0544,31.5478],[117.0575,31.5516],[117.0625,31.554],[117.0673,31.5549],[117.0705,31.5542],[117.0746,31.5549],[117.0772,31.5547],[117.0813,31.552],[117.085,31.549],[117.0872,31.5478],[117.0973,31.5467],[117.1042,31.545],[117.1082,31.5436],[117.1105,31.544],[117.1142,31.546],[117.1189,31.5467],[117.1216,31.5455],[117.1253,31.5447],[117.1276,31.5461],[117.1281,31.5523],[117.1293,31.5545],[117.1343,31.5571],[117.1383,31.557],[117.1432,31.5555],[117.1475,31.5521],[117.1485,31.5473],[117.1495,31.5467],[117.1529,31.5483],[117.1598,31.5492],[117.1682,31.551],[117.1737,31.5519],[117.1809,31.5538],[117.189,31.5547],[117.1944,31.5533],[117.2086,31.5442],[117.2114,31.5427],[117.2143,31.5424],[117.2196,31.5468],[117.2217,31.5471],[117.2239,31.5456],[117.2284,31.5354],[117.2291,31.531],[117.2303,31.5287],[117.2346,31.5277],[117.2364,31.5246],[117.2324,31.5233],[117.2314,31.5206],[117.235,31.5167],[117.2337,31.5149],[117.2365,31.5122],[117.2348,31.511],[117.2305,31.5095],[117.2316,31.5065],[117.2357,31.5077],[117.2371,31.5093],[117.24,31.508],[117.2435,31.5087],[117.2468,31.5069],[117.2499,31.5037],[117.255,31.5075],[117.2677,31.5175],[117.2739,31.5239],[117.2777,31.5259],[117.2845,31.5283],[117.2876,31.5306],[117.2948,31.5338],[117.3042,31.535],[117.3151,31.537],[117.3177,31.5369],[117.3197,31.5361],[117.3229,31.536],[117.3301,31.5399],[117.3327,31.5405],[117.3384,31.5401],[117.3434,31.5402],[117.3466,31.5409],[117.3492,31.5422],[117.354,31.5467],[117.3571,31.5484],[117.3763,31.5527],[117.401,31.5568],[117.4216,31.5582],[117.4247,31.5596],[117.4238,31.5632],[117.4048,31.6391],[117.2957,31.6599],[117.2934,31.659],[117.2906,31.6607],[117.2914,31.6634],[117.2906,31.6651],[117.2873,31.6656],[117.2848,31.6646],[117.2749,31.6598],[117.2737,31.6575],[117.2735,31.6498],[117.2723,31.6476],[117.2698,31.6472],[117.2603,31.6479],[117.2575,31.6486],[117.2543,31.6506],[117.2485,31.6531],[117.2467,31.6558],[117.2462,31.6597],[117.2445,31.6636],[117.2414,31.6672],[117.2362,31.6717],[117.2339,31.6742],[117.2308,31.6755],[117.2276,31.6765],[117.2252,31.6787],[117.2191,31.6963],[117.2214,31.7002],[117.2208,31.7032],[117.2173,31.7052],[117.2187,31.7079],[117.222,31.7102],[117.2238,31.7129],[117.2238,31.7152],[117.2186,31.7152],[117.2186,31.7198],[117.2132,31.7194],[117.2123,31.7209],[117.2072,31.7209],[117.2053,31.7232],[117.2053,31.7276],[117.2048,31.7309],[117.2018,31.7308],[117.2007,31.7285],[117.1989,31.7298],[117.1993,31.7325],[117.1953,31.7349],[117.1939,31.735],[117.19,31.7388],[117.1915,31.7405],[117.1893,31.7424],[117.1906,31.7436],[117.1881,31.7456],[117.1892,31.7465],[117.1885,31.7484],[117.1862,31.749],[117.1905,31.751],[117.2004,31.759],[117.2015,31.7576],[117.1994,31.7547],[117.1972,31.7538],[117.1991,31.7513],[117.2048,31.7563],[117.2031,31.7577],[117.2061,31.7625],[117.2084,31.7609],[117.2077,31.7589],[117.2048,31.7564],[117.2125,31.751],[117.2185,31.7624],[117.215,31.7638],[117.2159,31.7654],[117.2154,31.7668],[117.2171,31.769],[117.2214,31.7672],[117.2214,31.7685],[117.2237,31.7703],[117.224,31.7727],[117.2227,31.7732],[117.2123,31.7806],[117.2131,31.7768],[117.2105,31.7775],[117.2085,31.7739],[117.2046,31.7754],[117.2039,31.7726],[117.2025,31.7699],[117.1998,31.767],[117.1963,31.7651],[117.1901,31.7628],[117.1873,31.7614],[117.189,31.7599],[117.1923,31.7614],[117.193,31.7587],[117.1879,31.7546],[117.1853,31.756],[117.1825,31.7586],[117.1791,31.7561],[117.1768,31.7561],[117.1685,31.7645],[117.1676,31.7636],[117.1652,31.7666],[117.1679,31.7682],[117.1713,31.7724],[117.1717,31.7765],[117.1707,31.7794],[117.1716,31.7815],[117.1699,31.7843],[117.1713,31.7867],[117.1694,31.7887],[117.173,31.7896],[117.1758,31.7886],[117.1812,31.7899],[117.1811,31.788],[117.1822,31.7864],[117.1846,31.7852],[117.1866,31.7885],[117.1907,31.791],[117.1907,31.7939],[117.1916,31.7973],[117.1952,31.8016],[117.1974,31.7994],[117.1993,31.8013],[117.1999,31.8038],[117.1943,31.8078],[117.19,31.8104],[117.1915,31.8124],[117.1908,31.8146],[117.1864,31.8167],[117.1848,31.8141],[117.1737,31.818],[117.1677,31.8207],[117.1656,31.8194],[117.1595,31.8141],[117.1606,31.8104],[117.156,31.8096],[117.153,31.8057],[117.1516,31.8062],[117.1531,31.8095],[117.1541,31.81],[117.1526,31.8129],[117.1545,31.8151],[117.1537,31.8183],[117.1525,31.818],[117.1517,31.8213],[117.1494,31.8196],[117.1486,31.8209],[117.1456,31.8225],[117.1444,31.8223],[117.1435,31.82],[117.1436,31.8176],[117.1406,31.8198],[117.1389,31.8198],[117.1374,31.8183],[117.1349,31.8195],[117.1325,31.8195],[117.13,31.8183],[117.1312,31.8145],[117.1275,31.8117],[117.1265,31.8095],[117.121,31.8103],[117.1193,31.8062],[117.1183,31.8052],[117.1177,31.8027],[117.1197,31.8007],[117.1188,31.797],[117.1118,31.7975],[117.1118,31.7955],[117.1083,31.7942],[117.1102,31.7908],[117.1082,31.7895],[117.1088,31.7872],[117.1123,31.7855],[117.1121,31.7833],[117.1092,31.7829],[117.1077,31.7814],[117.105,31.7839],[117.1038,31.7896],[117.1021,31.7905],[117.0975,31.7948],[117.0945,31.7941],[117.092,31.7906],[117.0935,31.7888],[117.0906,31.7859],[117.0901,31.7832],[117.0866,31.7858],[117.0852,31.7851],[117.0825,31.7823],[117.081,31.7829],[117.0785,31.7812],[117.0779,31.7797],[117.0761,31.779],[117.073,31.7795],[117.0711,31.7791],[117.0665,31.7819],[117.0636,31.7807],[117.0607,31.7809],[117.0587,31.7801],[117.0555,31.7814],[117.0538,31.785],[117.0522,31.7867],[117.0483,31.7871],[117.0441,31.7881],[117.0411,31.7865],[117.0382,31.7861],[117.037,31.783],[117.0349,31.7831],[117.0321,31.7843],[117.0282,31.784],[117.0274,31.7857],[117.0242,31.7847],[117.0234,31.783],[117.0202,31.7836],[117.0169,31.7836],[117.0136,31.7849],[117.0118,31.7814],[117.008,31.7798],[117.0068,31.7772],[117.0072,31.7746],[117.0068,31.7727],[117.0038,31.7711],[117.0024,31.769],[116.9995,31.7713],[116.9978,31.772],[116.9943,31.7705],[116.9925,31.7716],[116.9906,31.7739],[116.988,31.7752],[116.9851,31.7745],[116.9842,31.7716],[116.9804,31.7701],[116.9776,31.7683],[116.9715,31.7699],[116.9697,31.7694],[116.9651,31.7732],[116.9627,31.7724],[116.9603,31.7695],[116.9574,31.7689],[116.9552,31.7674],[116.9525,31.7639],[116.9497,31.7665],[116.9495,31.7689],[116.9484,31.7699],[116.9518,31.7711],[116.9556,31.7745],[116.956,31.7761],[116.954,31.7792],[116.9542,31.7811],[116.9534,31.784],[116.9515,31.7846],[116.9547,31.7864],[116.953,31.7882],[116.9518,31.7927],[116.9527,31.7952],[116.9513,31.7965],[116.9483,31.7956],[116.9455,31.797],[116.9441,31.7988],[116.9405,31.8004],[116.9367,31.7989],[116.9344,31.8008],[116.9333,31.8033],[116.9313,31.8054],[116.9291,31.8056],[116.9249,31.8036],[116.9239,31.8021],[116.9267,31.801],[116.9216,31.7986],[116.9194,31.7969],[116.9169,31.7995],[116.9155,31.8033],[116.914,31.8053],[116.9119,31.8061],[116.9114,31.8102],[116.9115,31.8138],[116.9084,31.8152],[116.9046,31.815],[116.9042,31.8163],[116.9015,31.8166],[116.8993,31.8182],[116.8987,31.8199],[116.8961,31.8213],[116.8974,31.8229],[116.8962,31.8257],[116.8977,31.8271],[116.8921,31.8304],[116.8914,31.832],[116.8942,31.8342],[116.8937,31.8355],[116.9021,31.8371],[116.9066,31.8376],[116.9109,31.8364],[116.9212,31.8385],[116.923,31.8397],[116.9251,31.8421],[116.9254,31.8466],[116.9245,31.8488],[116.9202,31.8533],[116.9185,31.8556],[116.9178,31.8602],[116.9195,31.8649],[116.9221,31.8683],[116.9233,31.8736],[116.9231,31.8758],[116.9216,31.8801],[116.9223,31.8849],[116.9194,31.8846],[116.918,31.8858],[116.9165,31.8853],[116.9123,31.8869],[116.9103,31.8884],[116.9102,31.8908],[116.909,31.8922],[116.9036,31.8949],[116.9032,31.8932],[116.9007,31.8939],[116.9012,31.8961],[116.8991,31.8964],[116.899,31.8984],[116.897,31.8984],[116.8953,31.8995],[116.8971,31.9012],[116.8952,31.9019],[116.8943,31.9034],[116.8916,31.9036],[116.8923,31.9064],[116.8903,31.909],[116.889,31.9077],[116.8874,31.9088],[116.8893,31.9101],[116.892,31.9107],[116.8931,31.9143],[116.8905,31.9151],[116.8887,31.9168],[116.8864,31.9163],[116.8846,31.9172],[116.8748,31.9204],[116.8713,31.9226],[116.8692,31.9276],[116.8703,31.9299],[116.8705,31.9323],[116.8682,31.9326],[116.8659,31.9364],[116.8629,31.938],[116.862,31.9399],[116.858,31.9424],[116.8557,31.9454],[116.8558,31.9487],[116.8533,31.9509],[116.8515,31.951],[116.8511,31.9548]]]]},"properties":{"region_code":"CN-34-3401-340123","parent_region_code":"CN-34-3401","name":"肥西县","level":"county","has_children":false,"full_path":"中国 / 安徽省 / 合肥市 / 肥西县","source_admin_code":"340123","osm_relation_id":3288960}},
{"type":"Feature","geometry":{"type":"Polygon","coordinates":[[[117.2499,31.5037],[117.2405,31.4959],[117.2384,31.4945],[117.2294,31.4919],[117.2212,31.4915],[117.2101,31.4905],[117.2037,31.4905],[117.2,31.4914],[117.1956,31.4935],[117.1921,31.4941],[117.1836,31.494],[117.1771,31.493],[117.1411,31.4849],[117.1403,31.4814],[117.1432,31.4812],[117.1426,31.4793],[117.1373,31.4757],[117.1368,31.4744],[117.1338,31.4722],[117.1331,31.4702],[117.13,31.4664],[117.1269,31.4664],[117.1237,31.4606],[117.119,31.46],[117.1162,31.4514],[117.1147,31.4483],[117.1103,31.4444],[117.1042,31.4355],[117.1028,31.4318],[117.0988,31.4314],[117.0966,31.4265],[117.0942,31.423],[117.0919,31.4169],[117.0877,31.4126],[117.0883,31.4079],[117.0842,31.4028],[117.0842,31.3987],[117.0837,31.3933],[117.0805,31.3867],[117.0777,31.3852],[117.0773,31.3828],[117.0719,31.375],[117.0673,31.3699],[117.0721,31.3584],[117.0713,31.3525],[117.0743,31.3527],[117.0745,31.3512],[117.072,31.3477],[117.0731,31.3444],[117.0698,31.3403],[117.0662,31.3316],[117.0651,31.3275],[117.0645,31.3236],[117.0639,31.3164],[117.0651,31.3138],[117.0682,31.3111],[117.0684,31.3083],[117.0679,31.3052],[117.0653,31.2998],[117.0652,31.2961],[117.0645,31.2942],[117.0623,31.2908],[117.0588,31.2899],[117.0488,31.2909],[117.0456,31.2922],[117.0417,31.2913],[117.0403,31.2876],[117.0392,31.2866],[117.0391,31.2845],[117.0419,31.2776],[117.0426,31.2723],[117.0412,31.2701],[117.0381,31.269],[117.0349,31.2665],[117.0335,31.2636],[117.0285,31.2601],[117.031,31.2574],[117.0334,31.2593],[117.0339,31.2612],[117.0369,31.262],[117.0375,31.2603],[117.0399,31.2584],[117.0395,31.2558],[117.0417,31.2555],[117.0406,31.2526],[117.0428,31.2525],[117.0426,31.2493],[117.0411,31.2487],[117.0405,31.2459],[117.0432,31.2444],[117.0438,31.2421],[117.0457,31.2409],[117.0454,31.238],[117.0491,31.2371],[117.0531,31.237],[117.0563,31.2378],[117.0619,31.2382],[117.0637,31.2433],[117.0662,31.2436],[117.0699,31.245],[117.0771,31.2445],[117.0776,31.2418],[117.0766,31.2367],[117.0775,31.2292],[117.0764,31.2239],[117.0771,31.2208],[117.0815,31.216],[117.0865,31.2121],[117.0889,31.2059],[117.0907,31.2001],[117.0936,31.1965],[117.0952,31.1923],[117.0996,31.1895],[117.1001,31.1881],[117.0984,31.186],[117.1023,31.1811],[117.1011,31.1798],[117.1051,31.1767],[117.1047,31.173],[117.1058,31.1703],[117.1055,31.169],[117.1083,31.1685],[117.1098,31.1634],[117.1122,31.1612],[117.1134,31.158],[117.1136,31.1544],[117.1161,31.1534],[117.1187,31.1511],[117.1182,31.1502],[117.1187,31.1463],[117.12,31.1453],[117.1183,31.1436],[117.1175,31.1415],[117.116,31.1403],[117.116,31.1381],[117.1181,31.1361],[117.1171,31.1346],[117.1176,31.1324],[117.1188,31.1313],[117.1176,31.1281],[117.1153,31.1278],[117.1134,31.1247],[117.1133,31.1198],[117.1175,31.1119],[117.1185,31.1031],[117.1167,31.1],[117.1144,31.0905],[117.1137,31.0835],[117.1146,31.0827],[117.1186,31.0828],[117.1217,31.081],[117.1271,31.0801],[117.1272,31.0783],[117.1303,31.0767],[117.1316,31.0744],[117.135,31.074],[117.136,31.0726],[117.14,31.0735],[117.144,31.0753],[117.1448,31.0776],[117.1484,31.0773],[117.1505,31.0763],[117.1526,31.074],[117.1549,31.0771],[117.1554,31.0795],[117.1573,31.0814],[117.1609,31.0834],[117.1611,31.0846],[117.1636,31.0852],[117.1665,31.0883],[117.169,31.093],[117.1724,31.0921],[117.1719,31.0906],[117.1732,31.0873],[117.1736,31.0847],[117.178,31.0825],[117.1819,31.0775],[117.1843,31.0704],[117.1878,31.0678],[117.1896,31.0673],[117.1917,31.0647],[117.1918,31.0624],[117.1936,31.0611],[117.1967,31.0623],[117.2009,31.0624],[117.2022,31.0597],[117.2022,31.057],[117.204,31.0554],[117.2074,31.0553],[117.209,31.0515],[117.2112,31.051],[117.2161,31.0441],[117.217,31.0401],[117.2194,31.0389],[117.2212,31.0362],[117.2215,31.033],[117.2203,31.0307],[117.2204,31.0282],[117.222,31.0254],[117.2237,31.0244],[117.2275,31.0238],[117.2296,31.0213],[117.2323,31.0203],[117.2333,31.0191],[117.2354,31.0195],[117.2386,31.0156],[117.2405,31.0163],[117.2434,31.0141],[117.2459,31.0113],[117.2491,31.011],[117.2516,31.0086],[117.2531,31.0086],[117.2535,31.0057],[117.2552,31.004],[117.2553,31.0019],[117.2571,31.0017],[117.2607,30.9993],[117.2619,30.9971],[117.2661,30.9954],[117.267,30.9942],[117.2669,30.9921],[117.2691,30.9912],[117.2704,30.9887],[117.2729,30.9869],[117.2768,30.9869],[117.2777,30.9848],[117.2801,30.9858],[117.2866,30.9858],[117.2886,30.9876],[117.291,30.9868],[117.2935,30.9871],[117.2961,30.9928],[117.2948,30.9961],[117.2973,30.9969],[117.3028,31.0036],[117.3075,31.0026],[117.3094,31.0009],[117.3093,30.9993],[117.3114,30.9981],[117.3139,30.9941],[117.3163,30.9943],[117.3178,30.9958],[117.3199,30.9953],[117.3256,30.9922],[117.3285,30.9889],[117.3318,30.9905],[117.3328,30.9917],[117.3351,30.9906],[117.3354,30.9924],[117.3397,30.9935],[117.3417,30.9948],[117.3447,30.994],[117.3468,30.9918],[117.3492,30.9936],[117.3529,30.9897],[117.3535,30.9879],[117.3524,30.983],[117.3552,30.9795],[117.3596,30.9763],[117.3597,30.9753],[117.3629,30.9725],[117.3632,30.9707],[117.3621,30.969],[117.364,30.9655],[117.3633,30.9634],[117.3614,30.9623],[117.3599,30.9627],[117.3596,30.9594],[117.3624,30.9553],[117.3621,30.9537],[117.3605,30.9519],[117.3611,30.9509],[117.3663,30.9536],[117.3689,30.9537],[117.3723,30.9523],[117.3759,30.953],[117.3785,30.95],[117.3799,30.952],[117.3802,30.9541],[117.3781,30.9575],[117.3771,30.962],[117.3783,30.9643],[117.3781,30.9657],[117.3798,30.9672],[117.3838,30.9678],[117.3848,30.9688],[117.3911,30.9704],[117.3942,30.9736],[117.3987,30.9745],[117.4017,30.9777],[117.4029,30.9771],[117.4077,30.9775],[117.4072,30.98],[117.4091,30.9796],[117.4105,30.9818],[117.4133,30.981],[117.4142,30.98],[117.4176,30.9788],[117.4206,30.9804],[117.4221,30.9788],[117.4275,30.9787],[117.4286,30.9794],[117.4331,30.977],[117.4372,30.9783],[117.4376,30.977],[117.4403,30.9772],[117.4405,30.9789],[117.4423,30.9815],[117.4424,30.9847],[117.4448,30.9875],[117.446,30.9862],[117.4491,30.9891],[117.4527,30.989],[117.4555,30.992],[117.4566,30.9908],[117.4593,30.99],[117.4609,30.9951],[117.4671,30.9937],[117.466,30.9911],[117.4682,30.99],[117.4702,30.9911],[117.4742,30.9922],[117.4741,30.9937],[117.4756,30.9954],[117.4809,30.9965],[117.4838,30.999],[117.4926,31.0001],[117.4943,31.0025],[117.496,31.0019],[117.4984,31.0041],[117.5017,31.0056],[117.4992,31.0099],[117.4998,31.0112],[117.4981,31.0165],[117.4958,31.0167],[117.495,31.0184],[117.4912,31.0193],[117.4894,31.0217],[117.4903,31.0236],[117.4903,31.0272],[117.4915,31.0295],[117.4903,31.0324],[117.4876,31.0336],[117.4855,31.0325],[117.4822,31.0354],[117.4799,31.0359],[117.4784,31.0386],[117.4768,31.0391],[117.4752,31.0409],[117.4786,31.0423],[117.479,31.044],[117.4813,31.045],[117.4849,31.0475],[117.4884,31.0492],[117.5047,31.0489],[117.5096,31.0493],[117.5142,31.0537],[117.5144,31.0554],[117.5117,31.0555],[117.5075,31.0582],[117.5086,31.0604],[117.5131,31.0595],[117.5169,31.0633],[117.5171,31.066],[117.518,31.0688],[117.5198,31.0695],[117.5246,31.0696],[117.5241,31.071],[117.5213,31.074],[117.5236,31.0762],[117.5207,31.0797],[117.5228,31.0839],[117.5258,31.0851],[117.5244,31.0906],[117.5248,31.0923],[117.5229,31.0965],[117.5241,31.0981],[117.5225,31.0994],[117.5203,31.0997],[117.5174,31.1033],[117.5167,31.1013],[117.5146,31.1021],[117.5149,31.1044],[117.5108,31.108],[117.512,31.1131],[117.5166,31.1099],[117.5207,31.11],[117.5245,31.1139],[117.5244,31.1203],[117.521,31.1264],[117.528,31.1322],[117.5284,31.1336],[117.5265,31.1362],[117.5227,31.1401],[117.5239,31.1444],[117.5289,31.1453],[117.531,31.1447],[117.5316,31.1473],[117.5363,31.1479],[117.5416,31.1471],[117.5442,31.1472],[117.5478,31.1489],[117.5511,31.1521],[117.5562,31.1531],[117.5566,31.1552],[117.5558,31.1573],[117.5567,31.1599],[117.5552,31.1638],[117.555,31.1677],[117.5542,31.1735],[117.5532,31.1752],[117.5496,31.1768],[117.5478,31.1767],[117.5485,31.1731],[117.5462,31.1714],[117.5419,31.1726],[117.5419,31.1664],[117.5343,31.1663],[117.5346,31.1696],[117.5314,31.171],[117.532,31.1747],[117.5347,31.1736],[117.5364,31.1776],[117.5355,31.1798],[117.5343,31.1803],[117.5327,31.1784],[117.5297,31.1802],[117.5317,31.1827],[117.5323,31.1853],[117.5317,31.1866],[117.5336,31.1884],[117.5297,31.1916],[117.5314,31.1935],[117.5266,31.201],[117.5253,31.2025],[117.5294,31.2052],[117.5311,31.2056],[117.5298,31.2095],[117.5318,31.2104],[117.5432,31.214],[117.547,31.2159],[117.5507,31.2193],[117.554,31.2251],[117.556,31.2354],[117.5572,31.2405],[117.5613,31.2435],[117.5637,31.2461],[117.5661,31.2504],[117.5685,31.2573],[117.5685,31.2597],[117.5678,31.2701],[117.5672,31.2727],[117.562,31.2803],[117.56,31.2826],[117.5557,31.2842],[117.5183,31.2901],[117.5168,31.29],[117.5082,31.2875],[117.5112,31.2915],[117.5117,31.2936],[117.5118,31.3053],[117.5128,31.3264],[117.5138,31.3337],[117.5134,31.35],[117.5144,31.353],[117.5224,31.3629],[117.5269,31.3707],[117.5309,31.376],[117.5346,31.3819],[117.5372,31.384],[117.5394,31.3886],[117.5487,31.3999],[117.55,31.4038],[117.5491,31.4204],[117.551,31.4276],[117.552,31.4329],[117.5529,31.4392],[117.5521,31.4429],[117.5453,31.4504],[117.5374,31.4649],[117.5338,31.4699],[117.5265,31.4763],[117.5095,31.4871],[117.4997,31.4918],[117.4953,31.4943],[117.4924,31.4966],[117.4887,31.5015],[117.4761,31.5285],[117.4723,31.5352],[117.4679,31.5413],[117.4452,31.5633],[117.4401,31.561],[117.4247,31.5596],[117.4216,31.5582],[117.401,31.5568],[117.3763,31.5527],[117.3571,31.5484],[117.354,31.5467],[117.3492,31.5422],[117.3466,31.5409],[117.3434,31.5402],[117.3384,31.5401],[117.3327,31.5405],[117.3301,31.5399],[117.3229,31.536],[117.3197,31.5361],[117.3177,31.5369],[117.3151,31.537],[117.3042,31.535],[117.2948,31.5338],[117.2876,31.5306],[117.2845,31.5283],[117.2777,31.5259],[117.2739,31.5239],[117.2677,31.5175],[117.255,31.5075],[117.2499,31.5037]]]},"properties":{"region_code":"CN-34-3401-340124","parent_region_code":"CN-34-3401","name":"庐江县","level":"county","has_children":false,"full_path":"中国 / 安徽省 / 合肥市 / 庐江县","source_admin_code":"340124","osm_relation_id":3288961}},
{"type":"Feature","geometry":{"type":"Polygon","coordinates":[[[117.4238,31.5632],[117.4247,31.5596],[117.4401,31.561],[117.4452,31.5633],[117.4679,31.5413],[117.4723,31.5352],[117.4761,31.5285],[117.4887,31.5015],[117.4924,31.4966],[117.4953,31.4943],[117.4997,31.4918],[117.5095,31.4871],[117.5265,31.4763],[117.5338,31.4699],[117.5374,31.4649],[117.5453,31.4504],[117.5521,31.4429],[117.5529,31.4392],[117.552,31.4329],[117.551,31.4276],[117.5491,31.4204],[117.55,31.4038],[117.5487,31.3999],[117.5394,31.3886],[117.5372,31.384],[117.5346,31.3819],[117.5309,31.376],[117.5269,31.3707],[117.5224,31.3629],[117.5144,31.353],[117.5134,31.35],[117.5138,31.3337],[117.5128,31.3264],[117.5118,31.3053],[117.5117,31.2936],[117.5112,31.2915],[117.5082,31.2875],[117.5168,31.29],[117.5183,31.2901],[117.5557,31.2842],[117.56,31.2826],[117.562,31.2803],[117.5672,31.2727],[117.5678,31.2701],[117.5708,31.2697],[117.5726,31.2727],[117.5748,31.2751],[117.5767,31.2743],[117.5781,31.2758],[117.5798,31.275],[117.5816,31.2771],[117.5837,31.2785],[117.5915,31.2788],[117.595,31.2799],[117.5988,31.2795],[117.6015,31.2802],[117.6073,31.2798],[117.6098,31.2828],[117.6151,31.2823],[117.616,31.2848],[117.6138,31.2888],[117.61,31.2879],[117.6094,31.2889],[117.611,31.2932],[117.6147,31.2952],[117.6168,31.2953],[117.6162,31.2972],[117.6132,31.2961],[117.6118,31.2974],[117.6182,31.2982],[117.6214,31.2998],[117.6254,31.2996],[117.6274,31.2982],[117.63,31.2993],[117.633,31.3033],[117.6346,31.3046],[117.6318,31.3078],[117.635,31.315],[117.6322,31.3191],[117.6357,31.3199],[117.6339,31.3222],[117.634,31.3251],[117.6376,31.3292],[117.648,31.3318],[117.6485,31.3362],[117.6468,31.3377],[117.6476,31.3403],[117.6513,31.3416],[117.6497,31.3434],[117.6437,31.3446],[117.6441,31.346],[117.6465,31.3461],[117.6483,31.3448],[117.6517,31.3458],[117.6515,31.3507],[117.6499,31.3548],[117.6518,31.3567],[117.6516,31.3584],[117.6502,31.3606],[117.6497,31.3628],[117.6555,31.3657],[117.6574,31.3697],[117.6572,31.3731],[117.6598,31.3755],[117.6598,31.3771],[117.6561,31.3798],[117.6579,31.3825],[117.6581,31.3855],[117.6602,31.3871],[117.6645,31.3858],[117.6656,31.3877],[117.6679,31.3893],[117.6688,31.3926],[117.6709,31.3931],[117.6713,31.3953],[117.6696,31.3959],[117.6724,31.3985],[117.6746,31.3994],[117.6777,31.4023],[117.6851,31.4076],[117.6871,31.4097],[117.6882,31.4133],[117.6882,31.4158],[117.6872,31.4179],[117.6888,31.4206],[117.6885,31.4228],[117.6907,31.4304],[117.6952,31.4358],[117.6963,31.4381],[117.6953,31.4409],[117.6974,31.4409],[117.697,31.443],[117.6947,31.4441],[117.6954,31.4467],[117.6976,31.4498],[117.6979,31.4526],[117.697,31.4551],[117.6985,31.46],[117.7014,31.4634],[117.7054,31.467],[117.7064,31.4689],[117.7098,31.4684],[117.712,31.4691],[117.7134,31.471],[117.7162,31.4721],[117.7198,31.4772],[117.7226,31.4763],[117.7282,31.4831],[117.7283,31.4847],[117.7298,31.4872],[117.734,31.487],[117.7411,31.4861],[117.7455,31.4848],[117.7465,31.4824],[117.749,31.4838],[117.753,31.4835],[117.7549,31.4857],[117.7579,31.487],[117.7597,31.486],[117.7612,31.4886],[117.7652,31.488],[117.7701,31.4845],[117.7668,31.483],[117.7671,31.482],[117.7649,31.4789],[117.7621,31.4794],[117.7625,31.4812],[117.7612,31.4826],[117.758,31.4816],[117.7609,31.4765],[117.765,31.4746],[117.7673,31.475],[117.7705,31.4768],[117.7723,31.481],[117.7713,31.4854],[117.7687,31.4892],[117.7709,31.4894],[117.7734,31.4884],[117.7738,31.4909],[117.7768,31.4917],[117.7779,31.49],[117.7802,31.4889],[117.7819,31.4861],[117.7841,31.487],[117.788,31.4878],[117.7883,31.4858],[117.7899,31.4842],[117.793,31.4836],[117.7946,31.4843],[117.8024,31.4832],[117.8045,31.4817],[117.8041,31.4801],[117.8129,31.4802],[117.817,31.481],[117.8183,31.4856],[117.8197,31.4859],[117.8222,31.4891],[117.827,31.4923],[117.8291,31.4912],[117.8292,31.4875],[117.83,31.4857],[117.8322,31.4863],[117.8353,31.4862],[117.8373,31.4842],[117.8387,31.4808],[117.8398,31.4807],[117.8458,31.4837],[117.8486,31.4877],[117.852,31.4894],[117.8545,31.4916],[117.8571,31.491],[117.8587,31.4889],[117.8605,31.4903],[117.8597,31.4914],[117.8713,31.4944],[117.8796,31.4992],[117.8866,31.5023],[117.8893,31.5008],[117.8936,31.5022],[117.8962,31.5043],[117.9003,31.5063],[117.9061,31.5028],[117.91,31.5015],[117.919,31.5042],[117.9229,31.4975],[117.9284,31.491],[117.9298,31.4916],[117.9326,31.4895],[117.9356,31.4886],[117.9437,31.4911],[117.9471,31.4934],[117.9523,31.4978],[117.958,31.5001],[117.9605,31.5006],[117.9607,31.5058],[117.9594,31.5072],[117.9547,31.5088],[117.9535,31.5098],[117.9514,31.5144],[117.9513,31.5189],[117.9492,31.5217],[117.9464,31.5224],[117.9399,31.5231],[117.9362,31.5247],[117.9354,31.5274],[117.9364,31.529],[117.9404,31.5317],[117.9433,31.5357],[117.9456,31.537],[117.9467,31.5394],[117.9457,31.5414],[117.9434,31.5431],[117.94,31.5435],[117.9332,31.542],[117.9283,31.5392],[117.9244,31.5392],[117.9231,31.5398],[117.9177,31.5466],[117.916,31.5505],[117.9138,31.5522],[117.9106,31.5525],[117.903,31.5495],[117.9021,31.5513],[117.9032,31.556],[117.9021,31.5588],[117.9027,31.5601],[117.9083,31.5625],[117.9088,31.5638],[117.909,31.5677],[117.9133,31.5696],[117.9158,31.5693],[117.9184,31.5704],[117.9213,31.5699],[117.9237,31.571],[117.9247,31.5754],[117.9291,31.5788],[117.9301,31.5805],[117.9293,31.5834],[117.926,31.5831],[117.9247,31.5845],[117.9241,31.5876],[117.9248,31.5897],[117.9291,31.589],[117.931,31.5917],[117.9296,31.5965],[117.9297,31.6012],[117.9292,31.6027],[117.9264,31.6079],[117.9275,31.6102],[117.9302,31.6114],[117.932,31.6138],[117.9303,31.6158],[117.9288,31.6191],[117.9329,31.6231],[117.9352,31.6274],[117.9399,31.6306],[117.9439,31.6295],[117.9447,31.6303],[117.9504,31.6284],[117.9551,31.6236],[117.9543,31.6221],[117.9552,31.6193],[117.967,31.6229],[117.9662,31.6254],[117.9683,31.6278],[117.9671,31.6295],[117.9676,31.635],[117.9685,31.6371],[117.9674,31.6399],[117.9643,31.6414],[117.9651,31.6447],[117.9633,31.6452],[117.9633,31.6478],[117.9619,31.6487],[117.9599,31.6552],[117.9618,31.6582],[117.9587,31.6595],[117.9592,31.6623],[117.9627,31.6643],[117.9612,31.6665],[117.9595,31.6659],[117.9574,31.6666],[117.9561,31.6681],[117.9538,31.6682],[117.9498,31.6693],[117.9446,31.6736],[117.9389,31.6729],[117.9369,31.6743],[117.9343,31.6737],[117.9329,31.6768],[117.9323,31.6807],[117.9313,31.6817],[117.9266,31.6845],[117.9254,31.6859],[117.921,31.6884],[117.9187,31.6925],[117.9158,31.6961],[117.9121,31.6991],[117.9089,31.7002],[117.9055,31.699],[117.9019,31.6991],[117.9009,31.7026],[117.8989,31.7038],[117.8946,31.705],[117.8983,31.7075],[117.9002,31.7081],[117.9011,31.7104],[117.903,31.7113],[117.9039,31.713],[117.9075,31.7159],[117.9095,31.7169],[117.9104,31.7198],[117.9194,31.7237],[117.9219,31.7258],[117.9242,31.7267],[117.9286,31.7308],[117.9329,31.733],[117.9284,31.7357],[117.9241,31.7359],[117.9236,31.7371],[117.9198,31.7363],[117.9191,31.7381],[117.914,31.7419],[117.9148,31.7433],[117.911,31.7453],[117.9116,31.7467],[117.9088,31.7525],[117.9125,31.7564],[117.9162,31.7581],[117.9205,31.7614],[117.9175,31.7627],[117.915,31.7657],[117.9102,31.7664],[117.9084,31.7673],[117.9064,31.7662],[117.9041,31.7679],[117.9051,31.771],[117.9015,31.7717],[117.9005,31.778],[117.9029,31.7793],[117.9035,31.7836],[117.9045,31.785],[117.9082,31.7863],[117.9084,31.7883],[117.9111,31.7887],[117.9102,31.7914],[117.9083,31.7941],[117.9048,31.7952],[117.9056,31.7981],[117.9049,31.7993],[117.9016,31.8006],[117.9,31.8032],[117.8998,31.8057],[117.9011,31.8091],[117.8989,31.8161],[117.8984,31.8212],[117.9002,31.8257],[117.906,31.8264],[117.9077,31.8285],[117.9081,31.8308],[117.9067,31.8332],[117.9062,31.8359],[117.9032,31.8378],[117.9028,31.8423],[117.9069,31.8429],[117.9093,31.8425],[117.9113,31.8446],[117.9133,31.8451],[117.9175,31.8445],[117.9202,31.8421],[117.9217,31.843],[117.9189,31.8446],[117.9177,31.8461],[117.9194,31.8474],[117.9195,31.85],[117.9216,31.8512],[117.9235,31.8489],[117.9255,31.8507],[117.9285,31.8508],[117.931,31.8517],[117.9335,31.8534],[117.9341,31.8559],[117.9327,31.8581],[117.9363,31.8629],[117.9355,31.8655],[117.9341,31.8662],[117.9366,31.8682],[117.9395,31.8678],[117.9401,31.8703],[117.9365,31.8704],[117.9372,31.8745],[117.9388,31.8759],[117.9401,31.8794],[117.9432,31.8805],[117.9432,31.8834],[117.9454,31.8888],[117.9483,31.8931],[117.9531,31.9042],[117.9488,31.9052],[117.9493,31.9081],[117.9477,31.9084],[117.9465,31.9106],[117.9448,31.9105],[117.9436,31.912],[117.9343,31.9173],[117.9308,31.9169],[117.9287,31.9174],[117.9268,31.9205],[117.9276,31.9212],[117.9239,31.9234],[117.9194,31.9246],[117.9176,31.9225],[117.9161,31.9246],[117.9108,31.9246],[117.9078,31.925],[117.9037,31.9272],[117.9038,31.9295],[117.8999,31.9288],[117.8954,31.9312],[117.8938,31.9315],[117.8903,31.9309],[117.8856,31.9326],[117.8859,31.9298],[117.88,31.9294],[117.8781,31.9307],[117.8755,31.9303],[117.8727,31.9323],[117.8705,31.93],[117.8678,31.9299],[117.8661,31.9315],[117.8638,31.9325],[117.8643,31.9358],[117.8635,31.9392],[117.8642,31.9415],[117.8636,31.9429],[117.8608,31.9425],[117.8612,31.9455],[117.863,31.9481],[117.8604,31.9503],[117.8588,31.9533],[117.8609,31.9561],[117.8586,31.9574],[117.8557,31.958],[117.8517,31.9578],[117.8479,31.9605],[117.848,31.9631],[117.8411,31.9648],[117.8376,31.9732],[117.8393,31.9752],[117.8393,31.9767],[117.8354,31.9784],[117.8335,31.98],[117.8307,31.9812],[117.8288,31.984],[117.8301,31.9864],[117.829,31.9902],[117.8266,31.9903],[117.8254,31.9955],[117.8237,31.9973],[117.8222,31.9968],[117.8193,31.9979],[117.8135,31.9972],[117.8112,31.9976],[117.8108,31.9991],[117.812,32.0003],[117.8114,32.0018],[117.8101,32.0026],[117.8067,32.0014],[117.8011,32.0011],[117.8013,31.999],[117.7982,31.9943],[117.7959,31.9941],[117.7926,31.9953],[117.7902,31.9923],[117.7861,31.993],[117.7824,31.9921],[117.7834,31.9885],[117.7822,31.986],[117.7828,31.9836],[117.7804,31.9831],[117.7775,31.9809],[117.7771,31.9789],[117.7756,31.9773],[117.7703,31.9769],[117.7688,31.976],[117.7592,31.9748],[117.7555,31.9747],[117.7539,31.9738],[117.7518,31.9739],[117.75,31.975],[117.7473,31.974],[117.7486,31.972],[117.7464,31.9717],[117.744,31.968],[117.7401,31.9695],[117.7379,31.9694],[117.7387,31.9675],[117.7374,31.9661],[117.7376,31.9643],[117.7357,31.9629],[117.7337,31.9627],[117.7321,31.9603],[117.733,31.9583],[117.7329,31.9559],[117.7313,31.9527],[117.7267,31.9468],[117.7305,31.9399],[117.7286,31.9392],[117.7256,31.9399],[117.7259,31.9351],[117.725,31.9323],[117.7196,31.9314],[117.7181,31.9287],[117.7142,31.9295],[117.7122,31.9253],[117.7082,31.9208],[117.7085,31.9151],[117.706,31.9092],[117.7102,31.9071],[117.7092,31.9052],[117.7096,31.9014],[117.7074,31.9019],[117.7037,31.9008],[117.7029,31.8987],[117.7009,31.899],[117.6981,31.898],[117.6957,31.8959],[117.6937,31.8966],[117.6917,31.8922],[117.6953,31.8905],[117.6931,31.8885],[117.6913,31.8879],[117.6904,31.885],[117.6887,31.8837],[117.688,31.8805],[117.6892,31.8794],[117.688,31.8776],[117.6863,31.8771],[117.6844,31.879],[117.6812,31.8762],[117.684,31.8758],[117.6853,31.8743],[117.6822,31.8704],[117.6785,31.8715],[117.6783,31.869],[117.6793,31.8675],[117.6774,31.8664],[117.6758,31.8668],[117.6718,31.8631],[117.6704,31.8626],[117.6699,31.8583],[117.6723,31.8541],[117.6726,31.8528],[117.6669,31.85],[117.6635,31.8494],[117.6608,31.8464],[117.6561,31.8453],[117.6533,31.8434],[117.6533,31.8388],[117.6491,31.836],[117.6496,31.8314],[117.6492,31.8298],[117.6455,31.8231],[117.6445,31.8218],[117.6418,31.8221],[117.6389,31.8199],[117.6357,31.8204],[117.6327,31.8175],[117.6333,31.8146],[117.6313,31.8137],[117.6294,31.8141],[117.6271,31.8128],[117.6296,31.8101],[117.6283,31.8075],[117.6298,31.8066],[117.6316,31.8071],[117.6323,31.8037],[117.6312,31.8021],[117.632,31.8006],[117.6297,31.7988],[117.631,31.7913],[117.6304,31.789],[117.6333,31.7887],[117.6358,31.7854],[117.6347,31.7839],[117.6321,31.7843],[117.6289,31.7832],[117.6256,31.7844],[117.6177,31.781],[117.6172,31.7796],[117.6184,31.7757],[117.6167,31.7749],[117.6138,31.7746],[117.6139,31.7726],[117.6115,31.7703],[117.6113,31.767],[117.6068,31.7655],[117.6062,31.762],[117.6004,31.7609],[117.5944,31.7607],[117.5923,31.7611],[117.5899,31.7606],[117.582,31.7607],[117.5805,31.7594],[117.5834,31.7577],[117.5844,31.7557],[117.5818,31.7511],[117.5824,31.7494],[117.5816,31.7476],[117.579,31.7465],[117.5759,31.7475],[117.5735,31.7498],[117.5768,31.7513],[117.5771,31.7526],[117.5713,31.7503],[117.5714,31.7491],[117.5699,31.7444],[117.5713,31.7435],[117.5734,31.7396],[117.5739,31.7377],[117.5686,31.7369],[117.5674,31.74],[117.5692,31.7417],[117.5696,31.7434],[117.5625,31.7443],[117.5594,31.7466],[117.558,31.7448],[117.5575,31.7426],[117.5552,31.7397],[117.5562,31.7373],[117.5572,31.7326],[117.5559,31.7325],[117.5564,31.7288],[117.562,31.7298],[117.5631,31.7287],[117.5649,31.7298],[117.5691,31.7341],[117.5701,31.7357],[117.5721,31.7344],[117.5737,31.7312],[117.5729,31.7285],[117.5691,31.7238],[117.5684,31.7194],[117.5664,31.719],[117.5638,31.7176],[117.5641,31.7164],[117.5598,31.7149],[117.5619,31.7129],[117.5643,31.7092],[117.5664,31.7046],[117.5672,31.7061],[117.5699,31.7059],[117.5713,31.7035],[117.5716,31.7009],[117.5704,31.699],[117.5704,31.6971],[117.5673,31.6958],[117.5659,31.6961],[117.5639,31.6995],[117.5631,31.6971],[117.561,31.6986],[117.561,31.7014],[117.5568,31.7015],[117.5523,31.7035],[117.5523,31.7012],[117.5501,31.6985],[117.5495,31.6952],[117.5475,31.6928],[117.5457,31.6888],[117.5464,31.6858],[117.5448,31.6846],[117.5417,31.6848],[117.5366,31.6823],[117.5349,31.6807],[117.5379,31.6769],[117.5374,31.6756],[117.5352,31.6734],[117.5377,31.6723],[117.5361,31.6697],[117.5344,31.6684],[117.5279,31.6665],[117.5298,31.6628],[117.5262,31.6618],[117.5229,31.6603],[117.5197,31.6607],[117.5186,31.6591],[117.5157,31.6578],[117.5133,31.6539],[117.5143,31.6522],[117.5101,31.6474],[117.51,31.6453],[117.5075,31.6454],[117.5053,31.6443],[117.507,31.6406],[117.5065,31.6389],[117.5104,31.6364],[117.5107,31.6355],[117.5071,31.633],[117.5044,31.6337],[117.5016,31.6355],[117.5016,31.6364],[117.4989,31.6391],[117.4964,31.6383],[117.4951,31.6343],[117.493,31.6346],[117.4897,31.6284],[117.4898,31.6246],[117.4886,31.6231],[117.4869,31.6235],[117.4862,31.6215],[117.4879,31.6204],[117.4905,31.6215],[117.4917,31.6203],[117.4899,31.6164],[117.4882,31.6177],[117.4869,31.6158],[117.485,31.6149],[117.4831,31.6159],[117.4799,31.6138],[117.4802,31.6122],[117.4783,31.6111],[117.4751,31.6111],[117.4745,31.6096],[117.4756,31.6055],[117.4739,31.6047],[117.4727,31.6024],[117.473,31.5999],[117.4708,31.5981],[117.4677,31.5968],[117.4673,31.5957],[117.4647,31.5945],[117.461,31.5905],[117.4596,31.5832],[117.4578,31.5816],[117.4517,31.5778],[117.4436,31.5739],[117.4339,31.5701],[117.4252,31.5643],[117.4238,31.5632]]]},"properties":{"region_code":"CN-34-3401-340181","parent_region_code":"CN-34-3401","name":"巢湖市","level":"county","has_children":false,"full_path":"中国 / 安徽省 / 合肥市 / 巢湖市","source_admin_code":"340181","osm_relation_id":3288958}}
]}