{"type":"FeatureCollection", "features": [
{"type":"Feature","geometry":{"type":"Polygon","coordinates":[[[108.4753,24.0219],[108.465,24.0202],[108.4543,24.0122],[108.443,24.0309],[108.4297,24.0348],[108.4019,24.0326],[108.3885,24.0229],[108.3703,24.0154],[108.3592,24.0052],[108.3688,23.9994],[108.3662,23.9861],[108.3544,23.9844],[108.3505,23.9715],[108.3532,23.9659],[108.3622,23.9636],[108.3651,23.9439],[108.3613,23.9347],[108.3644,23.93],[108.3639,23.9203],[108.3546,23.9197],[108.3443,23.9135],[108.3376,23.9159],[108.3254,23.9148],[108.3266,23.9082],[108.3128,23.902],[108.3137,23.8929],[108.3097,23.8826],[108.3017,23.8716],[108.289,23.8596],[108.2867,23.8511],[108.2934,23.8457],[108.3056,23.8422],[108.2995,23.8321],[108.2818,23.8217],[108.2784,23.8067],[108.2746,23.8007],[108.2647,23.8185],[108.2422,23.8166],[108.239,23.8077],[108.2272,23.812],[108.2304,23.8215],[108.2194,23.8278],[108.2184,23.8364],[108.2212,23.8453],[108.2133,23.8541],[108.2047,23.8582],[108.199,23.8743],[108.1833,23.8636],[108.1759,23.8551],[108.1722,23.8419],[108.1794,23.8337],[108.1771,23.8264],[108.1677,23.824],[108.1561,23.832],[108.147,23.8465],[108.1308,23.8564],[108.1117,23.8342],[108.1101,23.8185],[108.1004,23.8131],[108.0902,23.7976],[108.08,23.7958],[108.0547,23.804],[108.0477,23.8004],[108.0356,23.7894],[108.0227,23.7854],[108.0183,23.7787],[108.0182,23.7709],[108.0117,23.7619],[108.0177,23.7556],[108.0207,23.7436],[108.0195,23.7361],[108.0231,23.731],[108.0395,23.7227],[108.0323,23.7091],[108.0172,23.6941],[108.0142,23.679],[107.9961,23.675],[107.9885,23.6491],[107.9929,23.6413],[107.9791,23.63],[107.9655,23.6286],[107.9591,23.6339],[107.9558,23.6462],[107.9349,23.6632],[107.9285,23.6514],[107.9209,23.6485],[107.9148,23.6413],[107.9071,23.6435],[107.8992,23.638],[107.9044,23.6312],[107.8965,23.6211],[107.8861,23.6251],[107.8846,23.6115],[107.8676,23.6032],[107.8444,23.6061],[107.8342,23.6125],[107.8204,23.6029],[107.8173,23.6095],[107.8076,23.6086],[107.8021,23.5939],[107.7972,23.5936],[107.7881,23.582],[107.7896,23.5692],[107.7705,23.5739],[107.7571,23.5751],[107.7378,23.5637],[107.7321,23.573],[107.7191,23.557],[107.7117,23.5578],[107.7177,23.5438],[107.73,23.5377],[107.7351,23.5268],[107.734,23.517],[107.7284,23.515],[107.7263,23.5051],[107.7325,23.4934],[107.7265,23.4836],[107.7326,23.4781],[107.7375,23.4637],[107.7355,23.4528],[107.7471,23.4446],[107.76,23.4497],[107.7719,23.4423],[107.7832,23.4413],[107.7923,23.4316],[107.8015,23.439],[107.8148,23.4321],[107.8265,23.434],[107.8314,23.4311],[107.8387,23.439],[107.8488,23.4351],[107.8634,23.4438],[107.8785,23.4477],[107.8746,23.4278],[107.8612,23.4206],[107.8595,23.4146],[107.863,23.4051],[107.8535,23.3962],[107.8538,23.3899],[107.8474,23.3844],[107.8292,23.3763],[107.8243,23.372],[107.8244,23.3651],[107.8289,23.3529],[107.8169,23.3511],[107.8217,23.3444],[107.833,23.3478],[107.8302,23.337],[107.8134,23.3379],[107.8147,23.3467],[107.7977,23.3435],[107.7846,23.3495],[107.7732,23.3471],[107.7697,23.3524],[107.7561,23.3426],[107.7443,23.3392],[107.7465,23.3151],[107.7298,23.3045],[107.7092,23.302],[107.7081,23.2884],[107.7005,23.2885],[107.6982,23.2816],[107.6872,23.2839],[107.6672,23.2851],[107.6517,23.2775],[107.6458,23.2847],[107.6189,23.2915],[107.6126,23.2943],[107.5924,23.2962],[107.5867,23.2937],[107.5802,23.2977],[107.5776,23.2876],[107.569,23.2849],[107.5747,23.2787],[107.5749,23.2671],[107.5706,23.2611],[107.5826,23.25],[107.5779,23.2404],[107.5795,23.2309],[107.5726,23.2284],[107.5649,23.2326],[107.5574,23.2282],[107.5656,23.2219],[107.5597,23.2067],[107.5508,23.2116],[107.5363,23.2093],[107.528,23.2112],[107.5175,23.2205],[107.5086,23.2248],[107.4881,23.229],[107.4633,23.2276],[107.4689,23.2444],[107.4755,23.2522],[107.4675,23.2551],[107.4572,23.2511],[107.4354,23.2606],[107.4204,23.2608],[107.4092,23.2559],[107.3992,23.2486],[107.3914,23.2466],[107.3801,23.2478],[107.3723,23.2389],[107.3718,23.218],[107.3618,23.2086],[107.3652,23.201],[107.3549,23.2018],[107.3424,23.1947],[107.347,23.1879],[107.3419,23.1758],[107.3501,23.1662],[107.351,23.15],[107.3393,23.1522],[107.3323,23.1498],[107.3302,23.1408],[107.3247,23.1345],[107.3355,23.1257],[107.3456,23.1247],[107.3464,23.1188],[107.358,23.1122],[107.3618,23.1047],[107.3716,23.101],[107.3878,23.099],[107.3722,23.0857],[107.3665,23.0868],[107.35,23.0839],[107.35,23.0776],[107.343,23.062],[107.3384,23.0633],[107.332,23.0514],[107.3397,23.048],[107.3485,23.0401],[107.3592,23.0355],[107.3712,23.0405],[107.3823,23.0509],[107.391,23.0504],[107.3948,23.0443],[107.4053,23.053],[107.4279,23.0468],[107.44,23.0547],[107.4467,23.0468],[107.4542,23.0474],[107.4662,23.0341],[107.4728,23.0354],[107.477,23.0226],[107.4709,23.0151],[107.4835,23.0016],[107.4898,22.9879],[107.4949,22.9855],[107.4952,22.9667],[107.4906,22.9525],[107.4959,22.9433],[107.4957,22.937],[107.4883,22.935],[107.4818,22.929],[107.4719,22.9271],[107.4755,22.9156],[107.4819,22.9081],[107.4835,22.8944],[107.4829,22.8732],[107.4895,22.8717],[107.4934,22.8539],[107.5001,22.8493],[107.5111,22.8477],[107.5283,22.8568],[107.5367,22.8571],[107.5412,22.8625],[107.5491,22.8605],[107.5715,22.8635],[107.5736,22.8693],[107.5692,22.8845],[107.5727,22.894],[107.5824,22.8926],[107.5941,22.9001],[107.6063,22.902],[107.6089,22.9072],[107.6316,22.9039],[107.6428,22.906],[107.6463,22.8954],[107.6553,22.8816],[107.6568,22.8693],[107.6623,22.868],[107.6662,22.8585],[107.6758,22.8596],[107.6877,22.8646],[107.6942,22.8735],[107.695,22.8819],[107.6783,22.904],[107.6706,22.9049],[107.6648,22.9211],[107.6458,22.926],[107.6399,22.9361],[107.6304,22.9387],[107.6351,22.9481],[107.6398,22.9497],[107.6557,22.9445],[107.6811,22.9476],[107.6874,22.9413],[107.6936,22.9409],[107.7046,22.9478],[107.708,22.9537],[107.7145,22.952],[107.7236,22.9425],[107.7395,22.9485],[107.7495,22.9341],[107.7506,22.9235],[107.7575,22.9211],[107.7622,22.9116],[107.7856,22.8863],[107.7929,22.8817],[107.8245,22.8763],[107.8296,22.8731],[107.8483,22.8787],[107.8608,22.8688],[107.8689,22.8676],[107.8721,22.8558],[107.8791,22.8494],[107.914,22.8518],[107.9288,22.8482],[107.9368,22.8509],[107.9426,22.8463],[107.9583,22.846],[107.9685,22.8381],[107.9761,22.8215],[107.9749,22.813],[107.9688,22.7969],[107.9728,22.792],[107.9853,22.7939],[107.9968,22.7924],[108.0189,22.7852],[108.026,22.7883],[108.0291,22.7806],[108.0255,22.7728],[108.0151,22.7731],[108.0183,22.7643],[108.0194,22.7512],[108.0143,22.7348],[108.0102,22.7332],[108.0084,22.7238],[107.994,22.721],[107.9958,22.7027],[107.9943,22.6936],[108.0055,22.6824],[108.0165,22.6818],[108.0216,22.6686],[108.0287,22.6672],[108.0376,22.6587],[108.0564,22.6685],[108.0681,22.6728],[108.0714,22.6838],[108.0688,22.6917],[108.0711,22.6989],[108.0821,22.7056],[108.0851,22.6897],[108.089,22.6828],[108.0862,22.6726],[108.095,22.6633],[108.102,22.6601],[108.0997,22.6471],[108.0924,22.6398],[108.082,22.6239],[108.0691,22.6274],[108.0553,22.6216],[108.0447,22.6241],[108.0372,22.6183],[108.0243,22.6139],[108.0207,22.6085],[108.0107,22.614],[108.0008,22.6102],[107.9979,22.6001],[107.9922,22.5908],[107.9905,22.5801],[107.9982,22.5758],[107.9999,22.5665],[108.0073,22.5635],[108.0146,22.5497],[108.01,22.5446],[108.0095,22.5355],[107.9952,22.5219],[107.99,22.5114],[107.9822,22.509],[107.9834,22.5022],[107.9925,22.4951],[108.0033,22.4985],[108.0099,22.4833],[108.0205,22.4797],[108.0366,22.4771],[108.0552,22.4718],[108.0543,22.4641],[108.0658,22.4588],[108.0713,22.4631],[108.0844,22.4615],[108.085,22.4485],[108.0809,22.4473],[108.0776,22.4372],[108.0805,22.42],[108.0788,22.4135],[108.0827,22.4075],[108.0962,22.4118],[108.0994,22.4066],[108.1096,22.4009],[108.1109,22.3951],[108.1044,22.392],[108.1035,22.3846],[108.0922,22.3744],[108.0987,22.3572],[108.1093,22.3591],[108.1188,22.349],[108.131,22.3448],[108.1289,22.3308],[108.1319,22.3282],[108.1333,22.3077],[108.1392,22.3073],[108.1457,22.2938],[108.1596,22.2925],[108.1682,22.2876],[108.1739,22.2801],[108.1824,22.2801],[108.1857,22.276],[108.2025,22.2947],[108.2087,22.2893],[108.2168,22.2948],[108.2239,22.2922],[108.2318,22.285],[108.2282,22.2771],[108.2311,22.263],[108.2372,22.2623],[108.2407,22.2437],[108.2467,22.2394],[108.2768,22.2251],[108.2733,22.2134],[108.2778,22.2096],[108.2954,22.2149],[108.2989,22.2239],[108.3186,22.2406],[108.3362,22.2465],[108.3492,22.2475],[108.3692,22.2458],[108.3709,22.2495],[108.394,22.264],[108.403,22.2615],[108.4105,22.272],[108.4202,22.2703],[108.42,22.2652],[108.4319,22.2518],[108.4385,22.254],[108.4434,22.2491],[108.4575,22.242],[108.4687,22.2397],[108.4815,22.2429],[108.4912,22.2403],[108.4959,22.2472],[108.4941,22.2548],[108.4967,22.2647],[108.5022,22.2688],[108.5038,22.2787],[108.5157,22.2749],[108.5251,22.2782],[108.5234,22.2837],[108.5346,22.2996],[108.5356,22.3052],[108.5431,22.3111],[108.5399,22.317],[108.5476,22.3301],[108.5386,22.335],[108.5398,22.3421],[108.5468,22.3591],[108.5445,22.3626],[108.5542,22.3713],[108.5624,22.3703],[108.5644,22.3771],[108.5599,22.3811],[108.5577,22.3908],[108.5525,22.3908],[108.543,22.3978],[108.5558,22.4129],[108.5547,22.4231],[108.5696,22.4265],[108.5801,22.4338],[108.596,22.4152],[108.605,22.4215],[108.6116,22.432],[108.6128,22.4397],[108.6201,22.441],[108.6294,22.4485],[108.6251,22.4542],[108.6316,22.4606],[108.6425,22.4517],[108.6495,22.4495],[108.6556,22.4334],[108.6707,22.4343],[108.6734,22.4437],[108.6807,22.4517],[108.6784,22.4572],[108.6845,22.4648],[108.6948,22.4636],[108.6955,22.4529],[108.7031,22.4557],[108.7115,22.4543],[108.7174,22.4596],[108.7078,22.4804],[108.7095,22.4913],[108.7295,22.4877],[108.7427,22.4965],[108.7445,22.5101],[108.7521,22.5078],[108.7633,22.5095],[108.7769,22.5202],[108.7786,22.5283],[108.7933,22.5296],[108.8048,22.5271],[108.8138,22.5348],[108.8259,22.5381],[108.8377,22.5442],[108.8518,22.5329],[108.8521,22.5272],[108.8687,22.5201],[108.8681,22.5142],[108.8893,22.5123],[108.9102,22.5184],[108.915,22.5149],[108.9273,22.5274],[108.9411,22.5281],[108.9533,22.521],[108.9594,22.5225],[108.9639,22.534],[108.9713,22.5355],[108.9719,22.5445],[108.982,22.5408],[108.9919,22.5404],[108.9926,22.534],[109.0048,22.5298],[109.0041,22.5141],[109.0188,22.5128],[109.0261,22.5091],[109.0386,22.5104],[109.0418,22.5214],[109.0638,22.5233],[109.0711,22.52],[109.0766,22.5245],[109.087,22.5135],[109.1182,22.5158],[109.1295,22.5195],[109.1316,22.5152],[109.1429,22.5128],[109.1479,22.5189],[109.1696,22.5216],[109.169,22.5301],[109.1628,22.5298],[109.1583,22.5405],[109.1489,22.5424],[109.1513,22.5502],[109.1587,22.5565],[109.1629,22.5456],[109.1689,22.5477],[109.1767,22.5442],[109.1823,22.5488],[109.1922,22.5411],[109.1929,22.5349],[109.1871,22.5275],[109.1791,22.5235],[109.1838,22.5157],[109.2024,22.5204],[109.2238,22.518],[109.2239,22.5098],[109.2448,22.5127],[109.2592,22.4968],[109.2607,22.4871],[109.2813,22.5027],[109.2926,22.5139],[109.3,22.5108],[109.3126,22.5136],[109.3165,22.5253],[109.299,22.5399],[109.2886,22.544],[109.2887,22.5575],[109.2843,22.5627],[109.2877,22.5721],[109.2992,22.5761],[109.3024,22.5881],[109.3128,22.5963],[109.3173,22.5957],[109.3213,22.6112],[109.3279,22.611],[109.3464,22.6295],[109.3583,22.6296],[109.3674,22.6325],[109.3749,22.641],[109.384,22.6413],[109.3853,22.6354],[109.3986,22.6285],[109.4037,22.6365],[109.4128,22.6327],[109.4359,22.633],[109.4319,22.6213],[109.4369,22.6128],[109.443,22.6141],[109.4444,22.6299],[109.4466,22.6337],[109.4594,22.632],[109.4714,22.6387],[109.4787,22.6471],[109.4906,22.6531],[109.5073,22.6416],[109.5131,22.6405],[109.519,22.6455],[109.5331,22.6521],[109.5442,22.6524],[109.5521,22.6592],[109.5641,22.6601],[109.5645,22.6682],[109.5732,22.6753],[109.5776,22.6827],[109.5958,22.6808],[109.6072,22.6757],[109.6159,22.6797],[109.6147,22.6901],[109.5969,22.7145],[109.5897,22.7177],[109.5814,22.7144],[109.5787,22.7208],[109.5842,22.7268],[109.574,22.7386],[109.5721,22.7458],[109.577,22.7515],[109.5714,22.7579],[109.5709,22.7648],[109.5595,22.7642],[109.5512,22.7777],[109.5362,22.7787],[109.5236,22.7742],[109.5103,22.7768],[109.5063,22.7804],[109.5074,22.8021],[109.5131,22.8083],[109.5157,22.8177],[109.5255,22.8127],[109.531,22.8175],[109.527,22.8237],[109.5144,22.8306],[109.5017,22.8255],[109.4766,22.8254],[109.4674,22.8467],[109.4611,22.8454],[109.4513,22.852],[109.4556,22.8607],[109.4498,22.8634],[109.4519,22.8708],[109.4631,22.8731],[109.4685,22.8787],[109.48,22.8808],[109.4768,22.8858],[109.4789,22.8935],[109.4455,22.905],[109.4262,22.917],[109.4138,22.9121],[109.4058,22.9173],[109.4067,22.9277],[109.3826,22.9309],[109.3699,22.942],[109.3719,22.9516],[109.3574,22.9628],[109.3497,22.977],[109.3517,22.9844],[109.3447,22.9868],[109.3373,22.9977],[109.3138,23.0107],[109.3072,23.0176],[109.3176,23.0303],[109.3407,23.0454],[109.3341,23.0527],[109.3456,23.0673],[109.3451,23.0719],[109.3296,23.0828],[109.321,23.0986],[109.3043,23.0947],[109.293,23.1022],[109.2832,23.1045],[109.2771,23.0999],[109.2669,23.1025],[109.2503,23.0999],[109.2454,23.1079],[109.248,23.1146],[109.2431,23.1224],[109.2487,23.1288],[109.2412,23.1482],[109.2352,23.1515],[109.2383,23.1701],[109.2441,23.1809],[109.2438,23.1921],[109.2507,23.1959],[109.2558,23.2134],[109.2498,23.2167],[109.2498,23.2318],[109.2433,23.2324],[109.2334,23.2385],[109.2336,23.2509],[109.2274,23.2595],[109.2281,23.2645],[109.21,23.2727],[109.2289,23.275],[109.2336,23.2802],[109.2316,23.2877],[109.2185,23.2911],[109.2132,23.2991],[109.203,23.3021],[109.1959,23.2952],[109.1952,23.2877],[109.2011,23.2733],[109.1922,23.2693],[109.1784,23.2784],[109.1753,23.2748],[109.1613,23.286],[109.1626,23.2902],[109.1457,23.2922],[109.1388,23.2952],[109.1388,23.3037],[109.1204,23.2937],[109.1051,23.2934],[109.0921,23.3066],[109.0812,23.3204],[109.0825,23.331],[109.0889,23.3332],[109.0886,23.34],[109.0969,23.3471],[109.0795,23.3495],[109.0827,23.338],[109.0737,23.3291],[109.0517,23.3239],[109.0473,23.3407],[109.0497,23.348],[109.0456,23.3556],[109.0281,23.3573],[109.0216,23.3627],[108.9932,23.3744],[108.9742,23.3716],[108.9601,23.3649],[108.9468,23.3658],[108.9341,23.3627],[108.9258,23.3726],[108.9172,23.3919],[108.9081,23.3975],[108.9161,23.4109],[108.9156,23.4206],[108.9053,23.4342],[108.888,23.4366],[108.8878,23.4429],[108.8659,23.447],[108.866,23.4603],[108.861,23.4726],[108.8517,23.4701],[108.8444,23.4726],[108.8312,23.4828],[108.8332,23.4887],[108.8184,23.4965],[108.8173,23.5064],[108.8225,23.5123],[108.8223,23.5215],[108.8164,23.5267],[108.8157,23.5342],[108.8096,23.5381],[108.8073,23.5587],[108.8078,23.5689],[108.8018,23.5748],[108.7997,23.5915],[108.7928,23.5956],[108.7914,23.6043],[108.7787,23.6177],[108.7929,23.6369],[108.7762,23.6475],[108.7762,23.6578],[108.7798,23.6668],[108.7718,23.6719],[108.7728,23.6822],[108.7691,23.6885],[108.7748,23.6923],[108.785,23.6936],[108.7937,23.7102],[108.8,23.7167],[108.7836,23.7301],[108.7752,23.729],[108.7736,23.7355],[108.7794,23.7451],[108.7776,23.7592],[108.7793,23.771],[108.7687,23.7809],[108.7572,23.7788],[108.744,23.7831],[108.7397,23.7987],[108.7314,23.7954],[108.7247,23.8011],[108.7104,23.7899],[108.7075,23.7853],[108.6968,23.7877],[108.6859,23.7855],[108.6838,23.7911],[108.669,23.7877],[108.6669,23.7749],[108.6541,23.773],[108.6485,23.7685],[108.6317,23.7708],[108.6257,23.769],[108.6245,23.7588],[108.6076,23.7539],[108.6055,23.7487],[108.5956,23.7453],[108.5915,23.7392],[108.5804,23.74],[108.563,23.7262],[108.5597,23.7165],[108.562,23.7102],[108.5545,23.7065],[108.5455,23.7102],[108.5385,23.7029],[108.5373,23.6888],[108.5252,23.6829],[108.5157,23.6665],[108.5007,23.6723],[108.4989,23.6789],[108.4917,23.6856],[108.4998,23.7069],[108.4944,23.7161],[108.4838,23.7165],[108.4822,23.7235],[108.4686,23.7389],[108.4702,23.7432],[108.481,23.7432],[108.4801,23.7503],[108.4845,23.7622],[108.4697,23.7673],[108.4654,23.7761],[108.4705,23.7804],[108.4599,23.7887],[108.435,23.7877],[108.4302,23.7898],[108.4377,23.8076],[108.427,23.8083],[108.4251,23.7998],[108.4159,23.8005],[108.4218,23.8122],[108.4143,23.8181],[108.414,23.8272],[108.4237,23.8338],[108.434,23.8363],[108.4406,23.8417],[108.4474,23.8404],[108.4538,23.8463],[108.4459,23.8515],[108.4542,23.8676],[108.4519,23.8756],[108.4577,23.8772],[108.4578,23.8911],[108.469,23.8915],[108.4708,23.8981],[108.4628,23.9007],[108.4416,23.9001],[108.4458,23.9093],[108.4513,23.914],[108.4381,23.9221],[108.4211,23.9194],[108.4258,23.9353],[108.433,23.9408],[108.437,23.9539],[108.4311,23.9587],[108.4301,23.9673],[108.4374,23.97],[108.4438,23.9794],[108.4567,23.9895],[108.4739,23.9808],[108.4845,23.9928],[108.4948,23.9941],[108.4753,24.0219]]]},"properties":{"region_code":"CN-45-4501","parent_region_code":"CN-45","name":"南宁市","level":"prefecture","has_children":true,"full_path":"中国 / 广西壮族自治区 / 南宁市","source_admin_code":"4501","osm_relation_id":2775778}},
{"type":"Feature","geometry":{"type":"Polygon","coordinates":[[[110.1119,24.4645],[110.122,24.4705],[110.1291,24.4832],[110.1266,24.4909],[110.1315,24.4985],[110.1329,24.52],[110.1273,24.5266],[110.1368,24.5318],[110.1483,24.535],[110.1596,24.5427],[110.1677,24.551],[110.1646,24.5646],[110.1592,24.5707],[110.1575,24.5816],[110.1602,24.5951],[110.1519,24.6049],[110.1542,24.6147],[110.1482,24.6196],[110.1494,24.6274],[110.1598,24.627],[110.1714,24.6322],[110.1689,24.6477],[110.1617,24.6517],[110.1488,24.6439],[110.1425,24.6496],[110.1286,24.6543],[110.1054,24.6587],[110.1028,24.6554],[110.0874,24.6508],[110.074,24.6694],[110.0739,24.6759],[110.0577,24.6874],[110.0527,24.6748],[110.0432,24.6771],[110.0408,24.6686],[110.0198,24.6626],[110.0156,24.6671],[110.0132,24.677],[110.0051,24.6788],[110.0001,24.6757],[109.9874,24.6816],[109.9814,24.6917],[109.9808,24.7019],[109.9845,24.705],[109.9787,24.7134],[109.9728,24.7114],[109.9711,24.7017],[109.9635,24.7039],[109.9577,24.701],[109.9515,24.7047],[109.9543,24.7107],[109.9473,24.7151],[109.9443,24.7227],[109.9338,24.7212],[109.9354,24.7365],[109.9429,24.7511],[109.9435,24.7641],[109.9321,24.7797],[109.9238,24.7728],[109.9257,24.7665],[109.9086,24.7673],[109.8988,24.7607],[109.8851,24.7714],[109.8821,24.7862],[109.8903,24.793],[109.8862,24.7979],[109.883,24.8127],[109.8767,24.815],[109.8529,24.8105],[109.8459,24.8107],[109.8431,24.8162],[109.8292,24.8305],[109.8109,24.8298],[109.807,24.8177],[109.8035,24.8156],[109.786,24.823],[109.7677,24.824],[109.7613,24.8215],[109.75,24.8273],[109.7432,24.8263],[109.7314,24.8309],[109.7283,24.8413],[109.7206,24.8362],[109.7139,24.8374],[109.6969,24.8512],[109.6696,24.8541],[109.6612,24.8591],[109.6573,24.8393],[109.6509,24.8378],[109.6384,24.8395],[109.632,24.8335],[109.617,24.8408],[109.6168,24.8533],[109.625,24.8713],[109.6195,24.8766],[109.6258,24.8833],[109.6215,24.9191],[109.6157,24.9211],[109.6134,24.9389],[109.6261,24.9468],[109.6157,24.9519],[109.6191,24.9602],[109.6116,24.9645],[109.6163,24.9853],[109.6229,24.983],[109.629,24.9874],[109.6298,24.9938],[109.6389,24.9955],[109.6415,25.0055],[109.6415,25.0249],[109.6344,25.033],[109.6435,25.0405],[109.6414,25.048],[109.6474,25.0669],[109.6464,25.0736],[109.6552,25.0812],[109.6575,25.1007],[109.6468,25.1096],[109.6349,25.128],[109.6467,25.1444],[109.6479,25.1578],[109.6408,25.1677],[109.6485,25.1774],[109.6553,25.1745],[109.6668,25.1775],[109.689,25.1977],[109.696,25.2097],[109.7029,25.2144],[109.7133,25.231],[109.7115,25.2438],[109.7189,25.2521],[109.7246,25.2657],[109.7279,25.2668],[109.7363,25.2917],[109.7439,25.297],[109.7426,25.3045],[109.7465,25.3112],[109.7427,25.3171],[109.7449,25.3287],[109.7447,25.348],[109.7412,25.3588],[109.7445,25.3628],[109.7437,25.383],[109.7548,25.387],[109.7478,25.3961],[109.7587,25.4062],[109.7615,25.4156],[109.7595,25.424],[109.7633,25.4368],[109.7577,25.4444],[109.7583,25.4588],[109.764,25.4637],[109.7616,25.4736],[109.7679,25.4785],[109.775,25.4928],[109.7698,25.4979],[109.7706,25.5043],[109.7797,25.5098],[109.7722,25.5371],[109.7574,25.543],[109.745,25.5519],[109.7384,25.5534],[109.74,25.5783],[109.735,25.587],[109.7511,25.6018],[109.7599,25.6173],[109.7784,25.6179],[109.7831,25.6252],[109.7856,25.64],[109.7988,25.646],[109.8009,25.6551],[109.8098,25.6596],[109.7939,25.6787],[109.7831,25.6796],[109.7777,25.6833],[109.7762,25.6953],[109.7814,25.7003],[109.7851,25.7136],[109.7941,25.7219],[109.7984,25.7369],[109.791,25.7439],[109.781,25.7474],[109.7747,25.7554],[109.7768,25.7656],[109.7719,25.7734],[109.7624,25.7778],[109.7623,25.7884],[109.7535,25.7894],[109.7364,25.7987],[109.719,25.8055],[109.718,25.8109],[109.7245,25.8311],[109.7272,25.847],[109.7326,25.8602],[109.738,25.8618],[109.7522,25.8723],[109.7591,25.8804],[109.7633,25.8946],[109.7417,25.8927],[109.7153,25.8872],[109.7062,25.8902],[109.6955,25.8854],[109.6801,25.8838],[109.6835,25.8914],[109.6755,25.8986],[109.6801,25.905],[109.6878,25.9015],[109.69,25.9106],[109.6797,25.9173],[109.6747,25.9255],[109.6778,25.9374],[109.6852,25.9411],[109.6847,25.947],[109.6954,25.9592],[109.7057,25.9575],[109.7063,25.9648],[109.7124,25.9744],[109.7187,25.9787],[109.7248,25.9942],[109.7188,26.0066],[109.7114,26.0084],[109.7034,26.0172],[109.6961,26.0108],[109.6941,26.0026],[109.6837,26.0017],[109.6849,26.0122],[109.677,26.0131],[109.6703,26.0185],[109.6591,26.0162],[109.6436,26.0212],[109.6433,26.0361],[109.6411,26.0457],[109.6304,26.051],[109.6188,26.0479],[109.6076,26.0406],[109.5994,26.03],[109.5832,26.0229],[109.5538,26.0247],[109.5407,26.0177],[109.535,26.0028],[109.5204,25.9988],[109.507,26.002],[109.5034,26.0132],[109.4956,26.018],[109.4912,26.0269],[109.4771,26.033],[109.4725,26.0273],[109.4679,26.009],[109.4572,25.998],[109.4125,25.9761],[109.4029,25.9696],[109.404,25.9627],[109.4195,25.9581],[109.4237,25.9548],[109.4295,25.9417],[109.4257,25.9282],[109.4204,25.9189],[109.4069,25.9077],[109.3912,25.9026],[109.387,25.8983],[109.3865,25.8809],[109.3839,25.873],[109.3694,25.8578],[109.3638,25.8449],[109.3537,25.8392],[109.3438,25.8421],[109.3342,25.8376],[109.3315,25.827],[109.3342,25.8054],[109.3318,25.793],[109.3226,25.7845],[109.328,25.7796],[109.3276,25.7729],[109.322,25.7648],[109.3329,25.7585],[109.3367,25.7486],[109.3357,25.7351],[109.2971,25.7375],[109.2877,25.7346],[109.2819,25.7279],[109.2723,25.7266],[109.2656,25.721],[109.2517,25.7227],[109.2495,25.7319],[109.2417,25.7314],[109.228,25.7401],[109.2115,25.7396],[109.202,25.7425],[109.2077,25.7636],[109.1986,25.7664],[109.1952,25.7711],[109.1998,25.7773],[109.2019,25.7913],[109.189,25.8024],[109.17,25.8094],[109.1619,25.7977],[109.1783,25.7916],[109.173,25.7831],[109.1853,25.7765],[109.1747,25.763],[109.165,25.766],[109.1543,25.7619],[109.1495,25.7474],[109.1439,25.7445],[109.1331,25.7544],[109.1268,25.7645],[109.1386,25.7801],[109.1389,25.7976],[109.1303,25.8088],[109.1125,25.8125],[109.1061,25.809],[109.0898,25.8055],[109.0929,25.7982],[109.0806,25.7986],[109.0737,25.7887],[109.0736,25.7797],[109.05,25.7888],[109.0444,25.7936],[109.0326,25.7926],[109.0256,25.7967],[109.0117,25.7938],[109.0002,25.7839],[108.9938,25.7877],[108.9844,25.7821],[108.9949,25.7671],[108.984,25.7662],[108.9672,25.7453],[108.9579,25.7479],[108.9579,25.734],[108.9441,25.7339],[108.9431,25.7389],[108.9332,25.7425],[108.9255,25.7353],[108.9181,25.7354],[108.9063,25.7274],[108.902,25.7182],[108.8945,25.7193],[108.8897,25.7066],[108.8958,25.6849],[108.9147,25.6802],[108.9174,25.6836],[108.9307,25.6851],[108.9383,25.68],[108.9506,25.6867],[108.954,25.6953],[108.9618,25.6973],[108.9746,25.708],[108.9789,25.7234],[108.9945,25.7262],[108.9933,25.7383],[108.9981,25.7398],[109.025,25.7257],[109.0316,25.7275],[109.0395,25.7419],[109.0499,25.741],[109.0491,25.7354],[109.0647,25.7296],[109.074,25.7226],[109.0675,25.7142],[109.0704,25.698],[109.051,25.6811],[109.0506,25.6737],[109.0446,25.6647],[109.0372,25.6605],[109.0362,25.6436],[109.0282,25.6407],[109.0274,25.6309],[109.0416,25.6237],[109.0431,25.6171],[109.0368,25.6125],[109.0396,25.5984],[109.0413,25.5772],[109.0461,25.5707],[109.0633,25.5649],[109.0699,25.5567],[109.0842,25.5523],[109.0764,25.5476],[109.0727,25.539],[109.0621,25.5412],[109.0504,25.5281],[109.0427,25.5246],[109.0391,25.5296],[109.0203,25.5151],[109.004,25.5234],[108.9932,25.5334],[108.9844,25.5367],[108.968,25.5351],[108.9664,25.5464],[108.9617,25.5511],[108.9513,25.5548],[108.9466,25.56],[108.9304,25.557],[108.9086,25.5467],[108.8903,25.5437],[108.8828,25.5479],[108.8854,25.5594],[108.8696,25.5567],[108.862,25.5621],[108.8463,25.5594],[108.8498,25.5523],[108.8214,25.5535],[108.8154,25.5433],[108.8113,25.531],[108.805,25.5284],[108.79,25.5499],[108.7797,25.5626],[108.7814,25.5754],[108.7928,25.5794],[108.7896,25.597],[108.7765,25.6047],[108.7821,25.6209],[108.7784,25.6324],[108.7655,25.6343],[108.7561,25.6412],[108.7436,25.6414],[108.7189,25.638],[108.7114,25.6291],[108.6968,25.6296],[108.6839,25.6275],[108.6795,25.6146],[108.6873,25.6012],[108.6831,25.5902],[108.668,25.5936],[108.6603,25.5926],[108.6564,25.5772],[108.6586,25.5691],[108.654,25.554],[108.6627,25.5516],[108.6727,25.5423],[108.6828,25.5383],[108.6873,25.53],[108.6852,25.5226],[108.6764,25.5265],[108.6624,25.5364],[108.6581,25.5281],[108.6502,25.5332],[108.6465,25.5268],[108.6391,25.5283],[108.6296,25.5226],[108.6263,25.5107],[108.6174,25.5056],[108.6176,25.4964],[108.6037,25.4955],[108.6061,25.4897],[108.6147,25.4872],[108.6325,25.4741],[108.6285,25.4673],[108.6177,25.4697],[108.6074,25.4831],[108.5993,25.4609],[108.5946,25.454],[108.5955,25.434],[108.5887,25.4336],[108.5836,25.4251],[108.589,25.4109],[108.6074,25.4112],[108.6094,25.3979],[108.6193,25.3801],[108.6169,25.3723],[108.6105,25.3693],[108.6177,25.3548],[108.6223,25.3498],[108.6254,25.3361],[108.6204,25.3286],[108.6215,25.3115],[108.6382,25.3018],[108.6392,25.2927],[108.6461,25.2752],[108.6447,25.2517],[108.6529,25.2409],[108.6496,25.2359],[108.6512,25.2181],[108.6645,25.2069],[108.6766,25.2054],[108.6885,25.1934],[108.6965,25.1932],[108.7095,25.182],[108.7158,25.1791],[108.7111,25.169],[108.7114,25.162],[108.6902,25.1664],[108.6819,25.1437],[108.6833,25.1315],[108.6739,25.1322],[108.6711,25.1176],[108.6758,25.1087],[108.6838,25.1129],[108.696,25.1043],[108.7207,25.105],[108.7231,25.0995],[108.7425,25.1112],[108.7454,25.1299],[108.7534,25.1243],[108.7642,25.1229],[108.7865,25.1327],[108.795,25.1281],[108.7963,25.1167],[108.8164,25.115],[108.8178,25.1303],[108.8289,25.1394],[108.8355,25.1567],[108.8447,25.1598],[108.853,25.1578],[108.8621,25.1442],[108.8743,25.1418],[108.8848,25.1485],[108.892,25.1561],[108.9058,25.1545],[108.9072,25.1419],[108.9009,25.1391],[108.9092,25.1295],[108.9198,25.1299],[108.9257,25.1348],[108.9342,25.1326],[108.9398,25.1253],[108.952,25.1244],[108.9656,25.1395],[108.9767,25.1666],[108.9862,25.1771],[108.9989,25.1668],[109.0188,25.1733],[109.0221,25.1824],[109.0335,25.1943],[109.0458,25.199],[109.0544,25.1939],[109.0556,25.188],[109.0626,25.1823],[109.0695,25.1817],[109.0907,25.1702],[109.0906,25.1572],[109.0859,25.1443],[109.0969,25.133],[109.0989,25.1188],[109.0975,25.1102],[109.1019,25.1044],[109.1005,25.0949],[109.091,25.0857],[109.0973,25.0796],[109.096,25.0737],[109.0872,25.0635],[109.0825,25.0618],[109.0813,25.053],[109.0866,25.0355],[109.0752,25.0337],[109.0674,25.0276],[109.0643,25.0124],[109.056,25.0095],[109.0479,24.9989],[109.0405,25.001],[109.0323,24.9966],[109.0313,24.9914],[109.0215,24.9915],[109.0091,24.9804],[109.0073,24.9748],[108.9967,24.9718],[108.9923,24.9639],[108.9826,24.9558],[108.983,24.9359],[108.9991,24.9221],[109.0181,24.9174],[109.0459,24.9222],[109.0542,24.9193],[109.0773,24.9183],[109.0801,24.9259],[109.0882,24.9264],[109.0855,24.9338],[109.0891,24.9498],[109.1161,24.9525],[109.1239,24.945],[109.1231,24.9372],[109.1378,24.9308],[109.1376,24.9244],[109.1438,24.9218],[109.1532,24.9095],[109.1492,24.8974],[109.1407,24.8986],[109.1323,24.8945],[109.133,24.8698],[109.1417,24.8643],[109.1334,24.8525],[109.1332,24.8384],[109.1461,24.8406],[109.155,24.8362],[109.1556,24.8249],[109.151,24.8114],[109.1427,24.803],[109.1287,24.7951],[109.1191,24.7979],[109.1067,24.8102],[109.097,24.801],[109.0936,24.8072],[109.0964,24.8125],[109.0894,24.8202],[109.0932,24.834],[109.0622,24.8305],[109.0509,24.8226],[109.0434,24.8269],[109.0327,24.8275],[109.0247,24.8146],[109.0238,24.8054],[109.0164,24.8018],[109.0157,24.7957],[109.0086,24.7905],[109.0077,24.7828],[108.9992,24.7816],[108.9896,24.7588],[108.9785,24.7597],[108.9663,24.7565],[108.9626,24.7489],[108.9528,24.7531],[108.9497,24.7475],[108.9616,24.7358],[108.9442,24.7368],[108.9365,24.7423],[108.9292,24.7331],[108.9314,24.721],[108.939,24.7187],[108.9491,24.7113],[108.9519,24.7046],[108.9487,24.6995],[108.9505,24.6893],[108.9624,24.6806],[108.9741,24.6755],[108.9703,24.6702],[108.959,24.6629],[108.961,24.652],[108.9555,24.6458],[108.9497,24.6482],[108.9428,24.6446],[108.9366,24.6481],[108.8973,24.6243],[108.9013,24.6195],[108.896,24.6103],[108.906,24.6089],[108.9112,24.5953],[108.8866,24.5804],[108.8683,24.576],[108.8471,24.5741],[108.8397,24.5625],[108.8456,24.5527],[108.8325,24.535],[108.8526,24.5318],[108.8628,24.5224],[108.8729,24.5266],[108.8887,24.5188],[108.8845,24.5127],[108.8962,24.5026],[108.9144,24.5035],[108.924,24.4883],[108.9317,24.4838],[108.936,24.4749],[108.9557,24.4752],[108.9577,24.488],[108.9639,24.4907],[108.991,24.4909],[108.9935,24.4848],[109.0128,24.4857],[109.0296,24.4778],[109.0286,24.4678],[109.0446,24.46],[109.0374,24.448],[109.0168,24.443],[109.0147,24.4361],[109.0069,24.4281],[108.999,24.4246],[109.003,24.4154],[109.0099,24.4125],[109.0097,24.4031],[108.9965,24.3906],[108.9979,24.3856],[108.993,24.3763],[108.9829,24.3837],[108.9732,24.3873],[108.9626,24.3797],[108.9519,24.3848],[108.9369,24.3783],[108.9291,24.3811],[108.928,24.3696],[108.9215,24.3683],[108.9211,24.3525],[108.9283,24.3475],[108.9215,24.3344],[108.9292,24.3252],[108.922,24.3198],[108.9191,24.3107],[108.9208,24.3039],[108.9136,24.2819],[108.9149,24.2647],[108.9254,24.2616],[108.9229,24.2554],[108.9312,24.2463],[108.9367,24.2441],[108.9349,24.2308],[108.929,24.228],[108.9336,24.2084],[108.9334,24.1914],[108.9287,24.1881],[108.9306,24.1809],[108.9385,24.1728],[108.9533,24.1746],[108.9604,24.1661],[108.9567,24.1559],[108.9652,24.1334],[108.9742,24.1238],[108.998,24.1348],[109.0097,24.1281],[109.0261,24.1283],[109.0375,24.1149],[109.0505,24.1086],[109.0525,24.0948],[109.062,24.0923],[109.0745,24.0964],[109.0878,24.0905],[109.0938,24.0932],[109.1023,24.0853],[109.1024,24.0805],[109.0925,24.0682],[109.0955,24.0648],[109.1105,24.06],[109.1169,24.0632],[109.1302,24.062],[109.138,24.0494],[109.1383,24.034],[109.1426,24.0253],[109.1509,24.0244],[109.1571,24.0299],[109.169,24.0279],[109.1801,24.0177],[109.1879,24.018],[109.1955,24.0222],[109.2013,24.0209],[109.2099,24.0252],[109.2167,24.0229],[109.2165,24.0473],[109.2122,24.0519],[109.2213,24.0593],[109.2417,24.0569],[109.2586,24.0487],[109.2789,24.0447],[109.2861,24.0452],[109.2974,24.0347],[109.2934,24.0292],[109.2899,24.0135],[109.2912,24.0028],[109.3204,23.9904],[109.3256,23.9699],[109.3245,23.9636],[109.3353,23.9611],[109.3492,23.9373],[109.3534,23.924],[109.3616,23.9207],[109.3547,23.9148],[109.3591,23.9096],[109.3713,23.9108],[109.3802,23.9171],[109.3909,23.9153],[109.3937,23.9102],[109.4098,23.9082],[109.4239,23.9106],[109.4259,23.9203],[109.4393,23.9235],[109.4433,23.9342],[109.4417,23.9437],[109.4509,23.9456],[109.4663,23.9555],[109.4619,23.9638],[109.4717,23.9697],[109.4794,23.9629],[109.4919,23.9764],[109.4897,23.9812],[109.4999,23.9921],[109.4933,23.9962],[109.4833,24.0155],[109.488,24.0187],[109.4907,24.0386],[109.4957,24.0475],[109.5108,24.0577],[109.5228,24.0578],[109.5283,24.0625],[109.537,24.0621],[109.5441,24.0684],[109.5601,24.0628],[109.5855,24.0751],[109.587,24.0834],[109.5954,24.0934],[109.5984,24.1094],[109.6101,24.1156],[109.6118,24.1236],[109.608,24.1278],[109.6079,24.1396],[109.6136,24.1459],[109.6234,24.1485],[109.6365,24.1463],[109.6482,24.1504],[109.6533,24.1478],[109.6637,24.1489],[109.6731,24.1571],[109.69,24.1587],[109.7032,24.1534],[109.7078,24.1586],[109.7086,24.1878],[109.7133,24.1937],[109.7335,24.208],[109.743,24.2218],[109.7517,24.2173],[109.7736,24.2188],[109.7766,24.2322],[109.7954,24.2388],[109.7987,24.2508],[109.7957,24.2595],[109.8047,24.2613],[109.8147,24.2515],[109.8232,24.26],[109.8338,24.2584],[109.8487,24.2649],[109.8447,24.2764],[109.8674,24.2801],[109.8796,24.2771],[109.8831,24.2917],[109.89,24.2975],[109.9036,24.3008],[109.9218,24.2971],[109.9217,24.2917],[109.9304,24.2745],[109.921,24.2719],[109.902,24.275],[109.9009,24.2613],[109.9042,24.2541],[109.9031,24.244],[109.924,24.2366],[109.9486,24.2428],[109.9478,24.2498],[109.9541,24.252],[109.9546,24.2614],[109.9597,24.2635],[109.9878,24.2635],[109.9962,24.2549],[110.0023,24.2617],[110.0078,24.2585],[110.0158,24.264],[110.0294,24.2829],[110.0382,24.2852],[110.0342,24.295],[110.0198,24.3078],[110.0158,24.3287],[110.0157,24.3395],[110.0214,24.3408],[110.031,24.352],[110.0307,24.3578],[110.0444,24.37],[110.045,24.381],[110.041,24.3929],[110.0487,24.4153],[110.0578,24.432],[110.0668,24.4373],[110.068,24.4525],[110.0644,24.4627],[110.0691,24.4692],[110.0766,24.4704],[110.0867,24.46],[110.0922,24.4658],[110.1058,24.4626],[110.1119,24.4645]]]},"properties":{"region_code":"CN-45-4502","parent_region_code":"CN-45","name":"柳州市","level":"prefecture","has_children":true,"full_path":"中国 / 广西壮族自治区 / 柳州市","source_admin_code":"4502","osm_relation_id":2774469}},
{"type":"Feature","geometry":{"type":"Polygon","coordinates":[[[110.1119,24.4645],[110.1169,24.452],[110.1289,24.4505],[110.1346,24.4443],[110.1456,24.442],[110.1556,24.4473],[110.1592,24.4414],[110.1676,24.4409],[110.1819,24.4507],[110.1863,24.4493],[110.1996,24.4531],[110.1944,24.4437],[110.1918,24.4268],[110.199,24.4169],[110.1862,24.41],[110.1931,24.4053],[110.2021,24.4066],[110.2029,24.4002],[110.1896,24.3855],[110.1856,24.3743],[110.1976,24.3711],[110.1928,24.3567],[110.1953,24.3497],[110.2058,24.3544],[110.2137,24.348],[110.2206,24.3612],[110.2296,24.3559],[110.2432,24.3557],[110.2553,24.3631],[110.2629,24.3608],[110.2635,24.3504],[110.2605,24.3433],[110.2545,24.3415],[110.2538,24.3319],[110.266,24.3213],[110.2655,24.3118],[110.2841,24.3019],[110.2943,24.304],[110.3141,24.2982],[110.3131,24.2908],[110.3219,24.28],[110.321,24.2929],[110.3294,24.3038],[110.3345,24.3056],[110.3377,24.3141],[110.3538,24.3188],[110.3605,24.3255],[110.3703,24.326],[110.386,24.3321],[110.3899,24.3272],[110.4006,24.3283],[110.4086,24.3351],[110.424,24.3414],[110.4309,24.3326],[110.4422,24.3305],[110.4423,24.3239],[110.4492,24.3164],[110.4568,24.3165],[110.4719,24.337],[110.471,24.3475],[110.4618,24.347],[110.4589,24.3526],[110.4645,24.3621],[110.4754,24.3623],[110.4773,24.355],[110.4896,24.3478],[110.4988,24.3516],[110.5096,24.3676],[110.5325,24.3978],[110.531,24.4031],[110.5461,24.4067],[110.55,24.3877],[110.5469,24.3769],[110.5508,24.3685],[110.5586,24.3688],[110.5671,24.3635],[110.5771,24.3669],[110.5834,24.3762],[110.5824,24.3818],[110.5888,24.4003],[110.6062,24.3974],[110.6111,24.401],[110.6289,24.3935],[110.6348,24.3882],[110.6381,24.3764],[110.6531,24.3596],[110.6706,24.3548],[110.68,24.3451],[110.6985,24.3442],[110.7121,24.3378],[110.7228,24.3299],[110.7345,24.3262],[110.7389,24.3318],[110.7581,24.3327],[110.7606,24.3256],[110.7674,24.3194],[110.7798,24.3172],[110.7945,24.3251],[110.7897,24.3347],[110.7908,24.3398],[110.7853,24.3486],[110.7853,24.3579],[110.7931,24.3636],[110.8082,24.3872],[110.8366,24.3974],[110.845,24.394],[110.8516,24.3856],[110.8551,24.3655],[110.8528,24.3541],[110.8566,24.3493],[110.8564,24.3262],[110.8734,24.3162],[110.8702,24.3105],[110.8708,24.2991],[110.8768,24.2945],[110.875,24.2781],[110.8775,24.268],[110.8818,24.2628],[110.8939,24.2743],[110.9049,24.2895],[110.9065,24.3007],[110.9145,24.3013],[110.9144,24.3123],[110.9287,24.3127],[110.9264,24.3224],[110.9388,24.3395],[110.9473,24.3332],[110.9549,24.3185],[110.9523,24.3116],[110.9552,24.3017],[110.9723,24.2973],[110.982,24.3082],[110.9961,24.3126],[111.0029,24.3174],[111.0073,24.3321],[111.0195,24.3348],[111.021,24.3491],[111.0122,24.3567],[111.0011,24.3561],[110.9839,24.3587],[110.98,24.3628],[110.9675,24.3644],[110.957,24.3756],[110.9636,24.3795],[110.9776,24.3737],[110.988,24.3789],[110.9947,24.4024],[111.0007,24.4043],[111.0194,24.4261],[111.0126,24.4482],[111.0191,24.4536],[111.037,24.4546],[111.0339,24.4632],[111.0356,24.47],[111.0331,24.479],[111.0241,24.4861],[111.0344,24.4927],[111.0443,24.4954],[111.0372,24.5086],[111.0266,24.52],[111.0145,24.5272],[111.0111,24.5418],[111.0136,24.5515],[111.007,24.5561],[110.9899,24.5604],[110.9891,24.5666],[110.9793,24.5814],[110.9789,24.5869],[110.9862,24.5915],[110.9921,24.5998],[110.9978,24.6011],[111.0055,24.6104],[111.0031,24.6134],[110.9879,24.6172],[110.9866,24.6322],[110.9992,24.6331],[111.0118,24.6447],[111.0146,24.6573],[111.0201,24.6584],[111.0187,24.669],[111.0233,24.676],[111.0389,24.6801],[111.0481,24.6752],[111.0597,24.6789],[111.0702,24.6876],[111.0726,24.6956],[111.0782,24.6974],[111.0851,24.7106],[111.0903,24.7078],[111.102,24.7089],[111.099,24.7319],[111.109,24.7351],[111.126,24.7329],[111.1342,24.7492],[111.1463,24.7647],[111.1515,24.7771],[111.1654,24.7724],[111.1719,24.7771],[111.1676,24.7878],[111.17,24.8005],[111.1665,24.817],[111.1582,24.824],[111.1563,24.8308],[111.1613,24.8511],[111.1648,24.8526],[111.1719,24.8818],[111.1631,24.9017],[111.146,24.9077],[111.1361,24.8998],[111.1215,24.8972],[111.1122,24.9019],[111.1094,24.9127],[111.1019,24.9189],[111.0904,24.9423],[111.0806,24.9455],[111.0672,24.9389],[111.0407,24.9296],[111.0273,24.9344],[111.0144,24.9332],[111.0056,24.9238],[111.0006,24.9232],[110.9927,24.9317],[110.984,24.9193],[110.9779,24.926],[110.9866,24.9285],[110.9825,24.9415],[110.9831,24.9506],[110.9878,24.9612],[110.9791,24.9699],[110.9651,24.9704],[110.9622,24.9779],[110.9692,24.9818],[110.9728,24.9888],[110.9548,25.0063],[110.9506,25.0174],[110.952,25.0346],[110.9462,25.0459],[110.9533,25.064],[110.9589,25.0725],[110.9583,25.0831],[110.9704,25.0928],[110.9791,25.1041],[110.9725,25.1126],[110.9798,25.1253],[110.9775,25.1289],[110.9858,25.139],[110.9897,25.1502],[110.9974,25.154],[110.9958,25.1667],[111.019,25.1749],[111.0333,25.1826],[111.0409,25.1808],[111.0453,25.1887],[111.0634,25.1941],[111.0713,25.2001],[111.0934,25.2108],[111.1073,25.219],[111.1068,25.229],[111.1119,25.2378],[111.1057,25.2534],[111.1018,25.2572],[111.1058,25.2649],[111.0964,25.2833],[111.0978,25.2883],[111.1079,25.2946],[111.1147,25.295],[111.1318,25.3045],[111.1405,25.3132],[111.1593,25.3453],[111.1659,25.3587],[111.1782,25.3709],[111.205,25.3663],[111.2218,25.3783],[111.2313,25.3814],[111.2359,25.3909],[111.2465,25.3986],[111.2534,25.3997],[111.2514,25.4127],[111.2591,25.4229],[111.2587,25.4281],[111.272,25.4253],[111.2883,25.441],[111.2968,25.4574],[111.2942,25.4686],[111.3056,25.4887],[111.3123,25.4914],[111.3119,25.4977],[111.3174,25.5035],[111.3234,25.5312],[111.3222,25.5425],[111.3166,25.554],[111.3245,25.5875],[111.3291,25.5964],[111.3381,25.607],[111.3335,25.6168],[111.323,25.6233],[111.3129,25.6344],[111.3109,25.6444],[111.3046,25.6536],[111.3081,25.6698],[111.3127,25.6769],[111.3115,25.6911],[111.3033,25.6986],[111.3032,25.7215],[111.3185,25.7345],[111.3289,25.7349],[111.337,25.7318],[111.3562,25.7373],[111.3747,25.735],[111.3824,25.7365],[111.4106,25.771],[111.4217,25.7752],[111.4337,25.7729],[111.4385,25.778],[111.4386,25.7857],[111.4307,25.818],[111.4204,25.8255],[111.4258,25.8465],[111.4514,25.851],[111.4569,25.8581],[111.4637,25.8606],[111.4721,25.8589],[111.4823,25.862],[111.4876,25.8711],[111.4844,25.8738],[111.4651,25.8785],[111.4504,25.8737],[111.4503,25.8911],[111.4439,25.8872],[111.4345,25.8899],[111.4198,25.8861],[111.4117,25.8795],[111.3979,25.888],[111.3791,25.8845],[111.3804,25.8899],[111.3735,25.8993],[111.3717,25.9085],[111.3619,25.9047],[111.3563,25.8933],[111.3517,25.8941],[111.3398,25.9099],[111.3198,25.9026],[111.3198,25.8965],[111.3084,25.8878],[111.2934,25.8796],[111.2897,25.8732],[111.2855,25.8569],[111.2741,25.8628],[111.2617,25.8627],[111.2475,25.8673],[111.2425,25.8754],[111.2422,25.8844],[111.237,25.891],[111.2183,25.9056],[111.2185,25.9109],[111.2275,25.9133],[111.2267,25.9186],[111.2131,25.9292],[111.2144,25.9399],[111.2056,25.9414],[111.2,25.9478],[111.2028,25.9551],[111.1906,25.9552],[111.1923,25.9729],[111.2014,25.9828],[111.2029,25.9919],[111.2091,26.0054],[111.207,26.0118],[111.2099,26.023],[111.2173,26.0273],[111.2243,26.037],[111.2299,26.0498],[111.2492,26.0594],[111.261,26.0587],[111.2396,26.0807],[111.2462,26.0883],[111.2613,26.0989],[111.2571,26.1053],[111.2637,26.1098],[111.266,26.1212],[111.2634,26.1331],[111.2571,26.1396],[111.2527,26.1554],[111.2564,26.1639],[111.2687,26.1734],[111.269,26.1885],[111.2607,26.1957],[111.2656,26.2063],[111.263,26.2175],[111.2875,26.2253],[111.2898,26.2399],[111.286,26.248],[111.2873,26.2559],[111.2746,26.2753],[111.2627,26.2768],[111.247,26.2727],[111.2448,26.2678],[111.2331,26.2709],[111.2227,26.265],[111.2165,26.274],[111.2116,26.2703],[111.1993,26.2804],[111.1981,26.2844],[111.2035,26.2953],[111.2041,26.3081],[111.2014,26.3111],[111.1723,26.3106],[111.1645,26.314],[111.1537,26.3107],[111.1406,26.3114],[111.1312,26.3095],[111.1223,26.3129],[111.1046,26.3121],[111.1007,26.3073],[111.0855,26.3103],[111.0728,26.3222],[111.0596,26.3224],[111.0587,26.3289],[111.0464,26.3231],[111.0391,26.3272],[111.0379,26.336],[111.0273,26.3365],[111.0213,26.3411],[111.007,26.3396],[110.9963,26.3466],[111.0016,26.3611],[110.9849,26.3682],[110.9771,26.3846],[110.9715,26.3879],[110.9587,26.3864],[110.9437,26.3774],[110.9416,26.3385],[110.9395,26.3297],[110.9327,26.3258],[110.9211,26.3238],[110.9268,26.3119],[110.9314,26.3085],[110.935,26.2923],[110.9298,26.2774],[110.926,26.2732],[110.9251,26.2584],[110.9092,26.2793],[110.8732,26.2742],[110.856,26.2735],[110.8383,26.2609],[110.8318,26.2596],[110.81,26.2619],[110.7838,26.2618],[110.7768,26.2636],[110.7672,26.2591],[110.7636,26.2534],[110.7505,26.2538],[110.7451,26.2603],[110.7276,26.2727],[110.7408,26.2859],[110.7455,26.2971],[110.7414,26.3134],[110.7369,26.3173],[110.7159,26.2974],[110.7062,26.2952],[110.6936,26.3115],[110.6767,26.3187],[110.6622,26.3189],[110.6487,26.313],[110.6305,26.314],[110.6212,26.319],[110.6188,26.3326],[110.6126,26.3375],[110.581,26.3049],[110.5794,26.3],[110.5647,26.2921],[110.5509,26.2894],[110.5465,26.2756],[110.5377,26.2557],[110.5408,26.2324],[110.5381,26.2239],[110.5178,26.1996],[110.5129,26.1902],[110.491,26.1688],[110.4858,26.1688],[110.4807,26.1871],[110.4616,26.1764],[110.4563,26.1706],[110.4484,26.1683],[110.4356,26.1564],[110.4216,26.146],[110.4191,26.1359],[110.3999,26.1201],[110.3873,26.1152],[110.3804,26.1059],[110.3732,26.1035],[110.3686,26.0922],[110.3688,26.0821],[110.362,26.0711],[110.3511,26.0625],[110.3567,26.0476],[110.3474,26.0362],[110.3472,26.0277],[110.3419,26.0232],[110.3428,26.0167],[110.3357,26.0071],[110.3347,26.0006],[110.3284,25.9945],[110.3279,25.9822],[110.3063,25.97],[110.2932,25.9716],[110.2808,25.9665],[110.261,25.9606],[110.2513,25.9629],[110.2453,25.9686],[110.2496,25.9955],[110.2497,26.0092],[110.2438,26.0184],[110.2406,26.0291],[110.209,26.0457],[110.2029,26.0651],[110.1909,26.072],[110.1811,26.0603],[110.1724,26.0444],[110.1661,26.0248],[110.1558,26.0188],[110.1415,26.0193],[110.1237,26.0322],[110.112,26.035],[110.1036,26.0225],[110.0958,26.0209],[110.0926,26.0297],[110.0845,26.0393],[110.0741,26.0397],[110.064,26.0496],[110.0715,26.0639],[110.0709,26.0866],[110.0881,26.1199],[110.0926,26.132],[110.0979,26.1348],[110.0912,26.1453],[110.0896,26.157],[110.0936,26.1717],[110.0772,26.1738],[110.0636,26.1709],[110.0446,26.1718],[110.0384,26.1661],[110.0284,26.1684],[110.0123,26.188],[110.0009,26.1884],[109.9915,26.1839],[109.9813,26.1832],[109.9728,26.1878],[109.9654,26.1985],[109.9558,26.1921],[109.9309,26.1639],[109.9184,26.157],[109.9057,26.1466],[109.9076,26.1323],[109.8986,26.1131],[109.8992,26.096],[109.8889,26.0879],[109.8858,26.0749],[109.8855,26.0561],[109.8727,26.045],[109.8702,26.0375],[109.8633,26.031],[109.8543,26.03],[109.8447,26.0334],[109.8357,26.0324],[109.8096,26.0472],[109.8006,26.0382],[109.7843,26.006],[109.7813,25.9975],[109.7834,25.986],[109.8068,25.9728],[109.8056,25.9593],[109.8097,25.9459],[109.8192,25.9357],[109.8273,25.9172],[109.8257,25.9098],[109.8137,25.9025],[109.8103,25.88],[109.7904,25.8679],[109.7795,25.8676],[109.7591,25.8804],[109.7522,25.8723],[109.738,25.8618],[109.7326,25.8602],[109.7272,25.847],[109.7245,25.8311],[109.718,25.8109],[109.719,25.8055],[109.7364,25.7987],[109.7535,25.7894],[109.7623,25.7884],[109.7624,25.7778],[109.7719,25.7734],[109.7768,25.7656],[109.7747,25.7554],[109.781,25.7474],[109.791,25.7439],[109.7984,25.7369],[109.7941,25.7219],[109.7851,25.7136],[109.7814,25.7003],[109.7762,25.6953],[109.7777,25.6833],[109.7831,25.6796],[109.7939,25.6787],[109.8098,25.6596],[109.8009,25.6551],[109.7988,25.646],[109.7856,25.64],[109.7831,25.6252],[109.7784,25.6179],[109.7599,25.6173],[109.7511,25.6018],[109.735,25.587],[109.74,25.5783],[109.7384,25.5534],[109.745,25.5519],[109.7574,25.543],[109.7722,25.5371],[109.7797,25.5098],[109.7706,25.5043],[109.7698,25.4979],[109.775,25.4928],[109.7679,25.4785],[109.7616,25.4736],[109.764,25.4637],[109.7583,25.4588],[109.7577,25.4444],[109.7633,25.4368],[109.7595,25.424],[109.7615,25.4156],[109.7587,25.4062],[109.7478,25.3961],[109.7548,25.387],[109.7437,25.383],[109.7445,25.3628],[109.7412,25.3588],[109.7447,25.348],[109.7449,25.3287],[109.7427,25.3171],[109.7465,25.3112],[109.7426,25.3045],[109.7439,25.297],[109.7363,25.2917],[109.7279,25.2668],[109.7246,25.2657],[109.7189,25.2521],[109.7115,25.2438],[109.7133,25.231],[109.7029,25.2144],[109.696,25.2097],[109.689,25.1977],[109.6668,25.1775],[109.6553,25.1745],[109.6485,25.1774],[109.6408,25.1677],[109.6479,25.1578],[109.6467,25.1444],[109.6349,25.128],[109.6468,25.1096],[109.6575,25.1007],[109.6552,25.0812],[109.6464,25.0736],[109.6474,25.0669],[109.6414,25.048],[109.6435,25.0405],[109.6344,25.033],[109.6415,25.0249],[109.6415,25.0055],[109.6389,24.9955],[109.6298,24.9938],[109.629,24.9874],[109.6229,24.983],[109.6163,24.9853],[109.6116,24.9645],[109.6191,24.9602],[109.6157,24.9519],[109.6261,24.9468],[109.6134,24.9389],[109.6157,24.9211],[109.6215,24.9191],[109.6258,24.8833],[109.6195,24.8766],[109.625,24.8713],[109.6168,24.8533],[109.617,24.8408],[109.632,24.8335],[109.6384,24.8395],[109.6509,24.8378],[109.6573,24.8393],[109.6612,24.8591],[109.6696,24.8541],[109.6969,24.8512],[109.7139,24.8374],[109.7206,24.8362],[109.7283,24.8413],[109.7314,24.8309],[109.7432,24.8263],[109.75,24.8273],[109.7613,24.8215],[109.7677,24.824],[109.786,24.823],[109.8035,24.8156],[109.807,24.8177],[109.8109,24.8298],[109.8292,24.8305],[109.8431,24.8162],[109.8459,24.8107],[109.8529,24.8105],[109.8767,24.815],[109.883,24.8127],[109.8862,24.7979],[109.8903,24.793],[109.8821,24.7862],[109.8851,24.7714],[109.8988,24.7607],[109.9086,24.7673],[109.9257,24.7665],[109.9238,24.7728],[109.9321,24.7797],[109.9435,24.7641],[109.9429,24.7511],[109.9354,24.7365],[109.9338,24.7212],[109.9443,24.7227],[109.9473,24.7151],[109.9543,24.7107],[109.9515,24.7047],[109.9577,24.701],[109.9635,24.7039],[109.9711,24.7017],[109.9728,24.7114],[109.9787,24.7134],[109.9845,24.705],[109.9808,24.7019],[109.9814,24.6917],[109.9874,24.6816],[110.0001,24.6757],[110.0051,24.6788],[110.0132,24.677],[110.0156,24.6671],[110.0198,24.6626],[110.0408,24.6686],[110.0432,24.6771],[110.0527,24.6748],[110.0577,24.6874],[110.0739,24.6759],[110.074,24.6694],[110.0874,24.6508],[110.1028,24.6554],[110.1054,24.6587],[110.1286,24.6543],[110.1425,24.6496],[110.1488,24.6439],[110.1617,24.6517],[110.1689,24.6477],[110.1714,24.6322],[110.1598,24.627],[110.1494,24.6274],[110.1482,24.6196],[110.1542,24.6147],[110.1519,24.6049],[110.1602,24.5951],[110.1575,24.5816],[110.1592,24.5707],[110.1646,24.5646],[110.1677,24.551],[110.1596,24.5427],[110.1483,24.535],[110.1368,24.5318],[110.1273,24.5266],[110.1329,24.52],[110.1315,24.4985],[110.1266,24.4909],[110.1291,24.4832],[110.122,24.4705],[110.1119,24.4645]]]},"properties":{"region_code":"CN-45-4503","parent_region_code":"CN-45","name":"桂林市","level":"prefecture","has_children":true,"full_path":"中国 / 广西壮族自治区 / 桂林市","source_admin_code":"4503","osm_relation_id":3471982}},
{"type":"Feature","geometry":{"type":"Polygon","coordinates":[[[110.3219,24.28],[110.3438,24.2858],[110.3534,24.2854],[110.367,24.2775],[110.3687,24.2679],[110.3582,24.2665],[110.3614,24.2604],[110.3596,24.244],[110.354,24.2403],[110.3539,24.2319],[110.3646,24.2268],[110.3704,24.227],[110.3777,24.2164],[110.3887,24.2232],[110.3996,24.2248],[110.4122,24.2123],[110.4144,24.2029],[110.4258,24.1994],[110.4323,24.2003],[110.4519,24.1866],[110.4395,24.1761],[110.4348,24.1658],[110.4272,24.1707],[110.422,24.1588],[110.412,24.1572],[110.4055,24.1484],[110.4343,24.1413],[110.4458,24.1453],[110.4559,24.1298],[110.4507,24.1207],[110.433,24.1184],[110.4271,24.1213],[110.417,24.1195],[110.4106,24.1217],[110.4076,24.1065],[110.3984,24.1],[110.3989,24.1119],[110.3843,24.1293],[110.375,24.1203],[110.3664,24.1191],[110.3619,24.1089],[110.3566,24.1051],[110.3575,24.0973],[110.3647,24.0964],[110.3713,24.0865],[110.3523,24.0811],[110.3396,24.0676],[110.3454,24.0642],[110.3568,24.0657],[110.3548,24.0557],[110.363,24.0534],[110.3701,24.0423],[110.3773,24.0503],[110.3742,24.0568],[110.3905,24.0607],[110.3969,24.0575],[110.3948,24.0491],[110.3869,24.0439],[110.3954,24.0357],[110.3927,24.0296],[110.3983,24.0228],[110.3983,24.0122],[110.3923,24.0033],[110.3941,23.9852],[110.3921,23.9806],[110.3946,23.962],[110.3843,23.9542],[110.3836,23.9489],[110.372,23.9429],[110.3662,23.9363],[110.3518,23.9297],[110.3556,23.914],[110.3529,23.9059],[110.3523,23.8876],[110.3572,23.8817],[110.3635,23.886],[110.3686,23.88],[110.3811,23.8823],[110.3984,23.8744],[110.4053,23.8752],[110.4053,23.8592],[110.4149,23.8633],[110.4381,23.8678],[110.4473,23.8577],[110.4496,23.8489],[110.4557,23.8429],[110.46,23.8533],[110.4696,23.8504],[110.4723,23.8549],[110.4831,23.8458],[110.4749,23.8296],[110.4838,23.8215],[110.4891,23.811],[110.4979,23.8029],[110.504,23.8067],[110.5092,23.7987],[110.5288,23.8037],[110.5404,23.8144],[110.5408,23.8226],[110.5464,23.8252],[110.5556,23.8194],[110.5552,23.815],[110.5683,23.8075],[110.5689,23.7918],[110.5792,23.7907],[110.5772,23.7798],[110.5672,23.7723],[110.5629,23.7726],[110.5605,23.7562],[110.5508,23.7501],[110.5504,23.7416],[110.5461,23.7376],[110.5456,23.7268],[110.5424,23.7211],[110.5473,23.7156],[110.5473,23.7067],[110.5551,23.7046],[110.5605,23.7103],[110.5674,23.7092],[110.5676,23.6996],[110.5615,23.6859],[110.5672,23.678],[110.5548,23.6704],[110.5398,23.6707],[110.5401,23.6542],[110.5551,23.6428],[110.5722,23.6383],[110.5717,23.6329],[110.5802,23.6298],[110.584,23.6214],[110.5837,23.6045],[110.5749,23.5969],[110.5744,23.5916],[110.5918,23.5918],[110.6004,23.5804],[110.5968,23.5645],[110.6101,23.5598],[110.6151,23.5489],[110.6077,23.5425],[110.6149,23.5292],[110.6134,23.5253],[110.6148,23.4981],[110.6134,23.4915],[110.6237,23.4831],[110.6223,23.4679],[110.624,23.4633],[110.6147,23.4571],[110.6147,23.4511],[110.6061,23.4475],[110.5993,23.4585],[110.5927,23.4575],[110.5776,23.448],[110.5806,23.434],[110.5754,23.4267],[110.5788,23.4147],[110.5708,23.4064],[110.5695,23.3937],[110.5736,23.3891],[110.5709,23.3745],[110.5604,23.3721],[110.5609,23.3659],[110.576,23.3663],[110.5846,23.356],[110.5776,23.348],[110.5876,23.3368],[110.5858,23.3259],[110.5988,23.3267],[110.6114,23.3316],[110.6211,23.3259],[110.6317,23.3149],[110.6589,23.3087],[110.6523,23.2981],[110.6581,23.2876],[110.656,23.269],[110.645,23.268],[110.6432,23.2604],[110.6476,23.251],[110.6347,23.2462],[110.6178,23.2372],[110.6148,23.2303],[110.6046,23.226],[110.5883,23.2103],[110.572,23.2282],[110.5568,23.2162],[110.5571,23.2125],[110.5407,23.2032],[110.5395,23.1904],[110.5484,23.1752],[110.552,23.1637],[110.5501,23.1587],[110.5525,23.1455],[110.548,23.1398],[110.5509,23.132],[110.5457,23.1288],[110.5486,23.1271],[110.5497,23.1134],[110.5685,23.1106],[110.5729,23.1124],[110.586,23.0998],[110.5903,23.0927],[110.6016,23.1032],[110.6035,23.119],[110.6107,23.1186],[110.6202,23.1237],[110.6303,23.1246],[110.6351,23.1191],[110.6465,23.1167],[110.6592,23.1168],[110.6598,23.1034],[110.6637,23.0923],[110.6697,23.0881],[110.6802,23.0875],[110.674,23.0755],[110.6811,23.0665],[110.6934,23.0616],[110.7061,23.0617],[110.7081,23.0528],[110.7062,23.0451],[110.7168,23.0428],[110.7362,23.0586],[110.7458,23.0482],[110.7397,23.0418],[110.7412,23.0367],[110.7537,23.0262],[110.7535,23.018],[110.7477,23.0102],[110.7518,23.0018],[110.7441,22.9882],[110.749,22.982],[110.7466,22.9762],[110.7622,22.9669],[110.7616,22.9565],[110.7462,22.9571],[110.7362,22.9525],[110.7288,22.9377],[110.7232,22.9349],[110.7209,22.9251],[110.7275,22.9238],[110.7278,22.9117],[110.7212,22.9106],[110.7278,22.8883],[110.7334,22.8764],[110.7311,22.8705],[110.7375,22.8626],[110.7468,22.8604],[110.75,22.8521],[110.7629,22.8466],[110.7739,22.8609],[110.7867,22.862],[110.7921,22.8592],[110.7972,22.8482],[110.7928,22.8425],[110.7917,22.831],[110.7938,22.8251],[110.7884,22.8201],[110.7784,22.7875],[110.7688,22.7676],[110.7717,22.7546],[110.7812,22.75],[110.7866,22.7426],[110.7803,22.7277],[110.7887,22.7199],[110.8091,22.7193],[110.8276,22.707],[110.8419,22.7078],[110.8451,22.6972],[110.8574,22.6877],[110.865,22.6718],[110.8684,22.6719],[110.879,22.6512],[110.8835,22.6463],[110.877,22.6312],[110.879,22.6252],[110.8925,22.6171],[110.9227,22.6118],[110.9444,22.6125],[110.9556,22.6238],[110.9572,22.6316],[110.9532,22.6396],[110.9621,22.6396],[110.9754,22.6454],[110.9829,22.6437],[110.991,22.6342],[111.0092,22.6483],[111.0237,22.6536],[111.0307,22.6474],[111.0354,22.6514],[111.0499,22.6508],[111.0552,22.6575],[111.0552,22.6667],[111.0686,22.67],[111.0743,22.6803],[111.0843,22.6917],[111.0843,22.6985],[111.0782,22.705],[111.0781,22.7117],[111.0684,22.7201],[111.0585,22.7238],[111.0538,22.7338],[111.0697,22.7347],[111.0792,22.7325],[111.0902,22.7357],[111.0921,22.7441],[111.1151,22.7457],[111.1378,22.74],[111.1514,22.7448],[111.1756,22.7384],[111.1972,22.7433],[111.1994,22.7528],[111.214,22.7514],[111.2274,22.7624],[111.2341,22.7719],[111.2367,22.7842],[111.251,22.7899],[111.2562,22.7975],[111.2642,22.7914],[111.2685,22.8022],[111.2876,22.8119],[111.283,22.819],[111.2887,22.8281],[111.3079,22.8488],[111.3097,22.8552],[111.319,22.8576],[111.3258,22.8693],[111.3349,22.8712],[111.3387,22.8797],[111.3453,22.8818],[111.347,22.8887],[111.356,22.8968],[111.3552,22.9085],[111.3655,22.9185],[111.3705,22.9285],[111.3705,22.9397],[111.3591,22.9514],[111.3618,22.9622],[111.3579,22.9703],[111.3696,22.9698],[111.373,22.9759],[111.3919,22.9853],[111.3986,22.9916],[111.3843,23.0081],[111.3921,23.016],[111.4006,23.0157],[111.411,23.0205],[111.4159,23.0324],[111.4282,23.0385],[111.4288,23.0493],[111.4216,23.057],[111.4204,23.0655],[111.413,23.0721],[111.3995,23.0695],[111.3896,23.071],[111.3727,23.0852],[111.3694,23.0952],[111.3708,23.1148],[111.3773,23.1288],[111.371,23.1322],[111.3707,23.1509],[111.3767,23.1558],[111.385,23.156],[111.3932,23.1621],[111.3923,23.1675],[111.3786,23.1698],[111.3805,23.205],[111.383,23.2143],[111.372,23.2179],[111.3738,23.2238],[111.3602,23.2436],[111.3648,23.2498],[111.3637,23.2611],[111.3585,23.2729],[111.3521,23.2792],[111.3511,23.2877],[111.3602,23.2998],[111.3723,23.3078],[111.3703,23.3188],[111.357,23.3272],[111.3625,23.352],[111.3694,23.3588],[111.3726,23.3721],[111.3844,23.3794],[111.3867,23.3949],[111.3786,23.4013],[111.3842,23.4163],[111.3858,23.4342],[111.3907,23.4412],[111.3876,23.4503],[111.394,23.4597],[111.3944,23.4718],[111.4233,23.4686],[111.4284,23.4828],[111.4402,23.4911],[111.4443,23.5006],[111.4554,23.503],[111.4589,23.514],[111.4672,23.522],[111.4687,23.5292],[111.4749,23.5358],[111.4729,23.5416],[111.4752,23.5602],[111.4837,23.5638],[111.4861,23.5709],[111.4829,23.5771],[111.4842,23.5892],[111.481,23.6039],[111.4816,23.6293],[111.4884,23.6293],[111.4994,23.6342],[111.5064,23.6264],[111.5339,23.6348],[111.546,23.6436],[111.5555,23.6418],[111.5609,23.6365],[111.57,23.6435],[111.5809,23.6473],[111.6055,23.64],[111.6108,23.642],[111.61,23.6612],[111.6131,23.6684],[111.6328,23.6804],[111.6315,23.6878],[111.6418,23.6966],[111.6598,23.703],[111.6575,23.7091],[111.6615,23.7209],[111.638,23.7259],[111.6174,23.7274],[111.6159,23.7399],[111.6251,23.7392],[111.6224,23.7554],[111.6243,23.7724],[111.6215,23.7811],[111.6267,23.7924],[111.6338,23.795],[111.6416,23.8051],[111.6444,23.814],[111.6409,23.818],[111.6486,23.8256],[111.6497,23.8361],[111.6515,23.8419],[111.6461,23.8639],[111.6559,23.8782],[111.6484,23.8928],[111.6426,23.9127],[111.6505,23.9281],[111.6476,23.9387],[111.6303,23.9632],[111.6191,23.9716],[111.5928,23.9775],[111.597,23.9877],[111.5819,23.9949],[111.5719,24.0036],[111.5598,24.0017],[111.556,23.9963],[111.5399,24.002],[111.5433,24.0076],[111.5388,24.0144],[111.5375,24.0308],[111.5292,24.0443],[111.5364,24.0525],[111.5392,24.0605],[111.5502,24.0635],[111.5614,24.0758],[111.5658,24.077],[111.5735,24.0878],[111.5836,24.0973],[111.567,24.1073],[111.5739,24.1168],[111.5665,24.1268],[111.573,24.1355],[111.5711,24.1446],[111.5649,24.1476],[111.555,24.142],[111.5425,24.1438],[111.535,24.1528],[111.5247,24.1548],[111.5217,24.1628],[111.5146,24.1627],[111.5053,24.1714],[111.4942,24.1661],[111.4864,24.1558],[111.4866,24.142],[111.4949,24.1411],[111.495,24.1322],[111.4804,24.1331],[111.4721,24.1171],[111.48,24.104],[111.4698,24.0918],[111.4629,24.0878],[111.453,24.0876],[111.4411,24.0937],[111.4398,24.0876],[111.4317,24.0883],[111.4254,24.0817],[111.4152,24.0778],[111.4033,24.08],[111.3971,24.0769],[111.3997,24.0558],[111.4059,24.052],[111.4012,24.045],[111.3969,24.0316],[111.3892,24.023],[111.3907,24.0128],[111.3978,23.9979],[111.3948,23.9904],[111.3996,23.9855],[111.4021,23.976],[111.4085,23.9682],[111.4054,23.9572],[111.4106,23.9549],[111.4106,23.9436],[111.4015,23.9356],[111.3986,23.9265],[111.3834,23.9052],[111.3736,23.8989],[111.3654,23.8979],[111.3559,23.8918],[111.3615,23.8733],[111.3364,23.8755],[111.3238,23.8657],[111.3081,23.8675],[111.3034,23.8714],[111.2955,23.8707],[111.295,23.88],[111.2887,23.8809],[111.2838,23.8874],[111.2683,23.8866],[111.2571,23.8932],[111.2487,23.8891],[111.2387,23.8913],[111.2291,23.9003],[111.2304,23.9056],[111.2214,23.9114],[111.2227,23.9214],[111.2109,23.9315],[111.2022,23.9468],[111.1879,23.9481],[111.1753,23.9467],[111.1645,23.9509],[111.153,23.9451],[111.1498,23.9312],[111.141,23.9171],[111.1212,23.8911],[111.1084,23.8885],[111.1002,23.8841],[111.1007,23.8697],[111.0952,23.8662],[111.092,23.8501],[111.0851,23.8379],[111.0778,23.8304],[111.0538,23.8316],[111.0494,23.8182],[111.0316,23.8085],[111.021,23.8167],[111.0106,23.8178],[111.0126,23.8076],[111.0094,23.7997],[111.0121,23.7892],[111.0222,23.7855],[111.015,23.7739],[111.011,23.7629],[111.0038,23.7597],[110.9815,23.7726],[110.9744,23.766],[110.9763,23.7549],[110.9713,23.736],[110.9784,23.7312],[110.9535,23.7266],[110.9497,23.7129],[110.9551,23.702],[110.9521,23.6951],[110.9637,23.6736],[110.9616,23.661],[110.9577,23.6561],[110.947,23.6567],[110.9486,23.6674],[110.9439,23.6719],[110.9294,23.6677],[110.9261,23.6624],[110.9176,23.6664],[110.9173,23.6755],[110.9094,23.688],[110.9007,23.6873],[110.8886,23.705],[110.887,23.72],[110.8889,23.7311],[110.8939,23.7355],[110.8945,23.7471],[110.8859,23.7562],[110.8711,23.7663],[110.8729,23.7737],[110.8855,23.7802],[110.8906,23.792],[110.8892,23.8091],[110.8852,23.8169],[110.8773,23.8179],[110.8534,23.8079],[110.8443,23.8212],[110.8455,23.832],[110.8319,23.836],[110.8331,23.84],[110.8575,23.8539],[110.8684,23.8677],[110.8626,23.8804],[110.8554,23.8849],[110.8529,23.8968],[110.8367,23.896],[110.8297,23.8984],[110.8252,23.905],[110.8179,23.908],[110.8096,23.9204],[110.7887,23.9364],[110.7832,23.9476],[110.7757,23.9515],[110.759,23.9524],[110.7531,23.9503],[110.7291,23.9541],[110.7209,23.9483],[110.7138,23.9576],[110.7236,23.9914],[110.7313,24.006],[110.7471,24.0153],[110.7405,24.0228],[110.7211,24.0248],[110.7159,24.0287],[110.6983,24.0341],[110.6812,24.0532],[110.6697,24.0638],[110.6836,24.0783],[110.6821,24.0854],[110.6906,24.1043],[110.6825,24.1202],[110.6854,24.1259],[110.6931,24.1283],[110.6903,24.135],[110.704,24.1449],[110.7124,24.1602],[110.7117,24.1655],[110.7195,24.1724],[110.715,24.1795],[110.7043,24.1834],[110.7016,24.1888],[110.6881,24.1881],[110.6749,24.2049],[110.6711,24.2167],[110.6502,24.2213],[110.6445,24.2206],[110.6341,24.2258],[110.6257,24.2254],[110.6252,24.2338],[110.6167,24.2447],[110.597,24.2644],[110.6056,24.2903],[110.6094,24.2968],[110.6099,24.3069],[110.62,24.3136],[110.6152,24.323],[110.5979,24.3275],[110.5864,24.3232],[110.5725,24.325],[110.5731,24.3373],[110.5763,24.3508],[110.5695,24.3555],[110.5671,24.3635],[110.5586,24.3688],[110.5508,24.3685],[110.5469,24.3769],[110.55,24.3877],[110.5461,24.4067],[110.531,24.4031],[110.5325,24.3978],[110.5096,24.3676],[110.4988,24.3516],[110.4896,24.3478],[110.4773,24.355],[110.4754,24.3623],[110.4645,24.3621],[110.4589,24.3526],[110.4618,24.347],[110.471,24.3475],[110.4719,24.337],[110.4568,24.3165],[110.4492,24.3164],[110.4423,24.3239],[110.4422,24.3305],[110.4309,24.3326],[110.424,24.3414],[110.4086,24.3351],[110.4006,24.3283],[110.3899,24.3272],[110.386,24.3321],[110.3703,24.326],[110.3605,24.3255],[110.3538,24.3188],[110.3377,24.3141],[110.3345,24.3056],[110.3294,24.3038],[110.321,24.2929],[110.3219,24.28]]]},"properties":{"region_code":"CN-45-4504","parent_region_code":"CN-45","name":"梧州市","level":"prefecture","has_children":true,"full_path":"中国 / 广西壮族自治区 / 梧州市","source_admin_code":"4504","osm_relation_id":2044154}},
{"type":"Feature","geometry":{"type":"MultiPolygon","coordinates":[[[[109.6039,21.912],[109.5954,21.9118],[109.59,21.9165],[109.5691,21.9002],[109.5623,21.8973],[109.5455,21.8977],[109.5374,21.9023],[109.5323,21.9001],[109.5295,21.892],[109.5195,21.8752],[109.5151,21.8735],[109.4909,21.8826],[109.4847,21.8877],[109.4804,21.903],[109.4693,21.9029],[109.4662,21.8907],[109.4582,21.8886],[109.4395,21.8993],[109.4393,21.916],[109.4298,21.9214],[109.4091,21.9071],[109.4051,21.911],[109.3883,21.9128],[109.3881,21.9023],[109.3823,21.897],[109.3675,21.9009],[109.3547,21.8988],[109.3464,21.9018],[109.336,21.9113],[109.3203,21.9059],[109.304,21.9076],[109.2954,21.9061],[109.2875,21.9189],[109.2619,21.9147],[109.2605,21.9066],[109.2685,21.9038],[109.2726,21.8963],[109.256,21.8867],[109.2583,21.8782],[109.2553,21.869],[109.2453,21.8645],[109.2348,21.8688],[109.2264,21.8634],[109.2261,21.8562],[109.2171,21.8517],[109.2139,21.8586],[109.1974,21.8555],[109.186,21.8441],[109.1616,21.8594],[109.1554,21.8527],[109.1501,21.862],[109.1279,21.8537],[109.1214,21.8638],[109.1097,21.8721],[109.1031,21.881],[109.0943,21.8808],[109.0923,21.8705],[109.0823,21.8637],[109.0809,21.8538],[109.0716,21.857],[109.0687,21.8512],[109.0584,21.8483],[109.0458,21.8476],[109.0317,21.8527],[109.0253,21.8451],[109.022,21.8359],[109.0138,21.84],[108.9951,21.8409],[108.9885,21.8363],[108.9827,21.8378],[108.9763,21.8323],[108.9735,21.823],[108.9525,21.8271],[108.9529,21.8151],[108.9636,21.8148],[108.9595,21.8055],[108.9631,21.8],[108.9558,21.7853],[108.943,21.774],[108.9414,21.7633],[108.9346,21.766],[108.9146,21.7543],[108.9058,21.7548],[108.899,21.7485],[108.8852,21.7411],[108.8773,21.7462],[108.8649,21.7488],[108.8572,21.7414],[108.8481,21.7183],[108.8438,21.6817],[108.8473,21.6731],[108.8563,21.6608],[108.8734,21.6442],[108.8789,21.6303],[108.8774,21.6167],[108.8556,21.5684],[108.8556,21.5151],[108.8556,21.4297],[108.8555,21.2452],[109.476,21.2427],[109.5066,21.2671],[109.5729,21.3397],[109.7344,21.3848],[109.7829,21.4136],[109.7817,21.4725],[109.7842,21.4944],[109.7613,21.5469],[109.7522,21.556],[109.749,21.574],[109.7517,21.5758],[109.7463,21.5894],[109.7419,21.5946],[109.743,21.6117],[109.7387,21.6174],[109.7614,21.6601],[109.7613,21.6701],[109.7521,21.6688],[109.7446,21.6578],[109.7394,21.6624],[109.7285,21.6654],[109.7113,21.6728],[109.7096,21.6674],[109.7013,21.6646],[109.6906,21.6724],[109.6908,21.68],[109.6837,21.6909],[109.6918,21.7064],[109.6938,21.7186],[109.692,21.7307],[109.686,21.7318],[109.6906,21.7504],[109.6863,21.7614],[109.6851,21.7767],[109.6959,21.7893],[109.7037,21.8029],[109.6937,21.8071],[109.6928,21.821],[109.6988,21.8238],[109.6971,21.8337],[109.7038,21.8402],[109.7029,21.8499],[109.6917,21.8629],[109.7008,21.8765],[109.6985,21.8818],[109.7006,21.8958],[109.6928,21.9045],[109.6754,21.8984],[109.6678,21.9006],[109.6545,21.896],[109.6489,21.9082],[109.6345,21.9074],[109.6315,21.9108],[109.6215,21.905],[109.6159,21.8989],[109.6039,21.912]]],[[[109.1892,20.8918],[109.2005,20.8856],[109.2141,20.8848],[109.2238,20.8882],[109.2346,20.8989],[109.2376,20.9077],[109.235,20.9232],[109.2231,20.9349],[109.2078,20.9383],[109.1957,20.9353],[109.1845,20.9256],[109.1802,20.91],[109.1841,20.8978],[109.1892,20.8918]]],[[[109.065,21.008],[109.0737,20.9998],[109.0877,20.9919],[109.105,20.9879],[109.1228,20.989],[109.1381,20.9944],[109.1543,21.0068],[109.1641,21.0223],[109.1675,21.035],[109.1668,21.0524],[109.1577,21.0723],[109.1441,21.0852],[109.123,21.0942],[109.1075,21.0955],[109.0967,21.094],[109.0796,21.0873],[109.0692,21.0797],[109.0615,21.0706],[109.0545,21.0561],[109.0528,21.0352],[109.0562,21.0225],[109.065,21.008]]]]},"properties":{"region_code":"CN-45-4505","parent_region_code":"CN-45","name":"北海市","level":"prefecture","has_children":true,"full_path":"中国 / 广西壮族自治区 / 北海市","source_admin_code":"4505","osm_relation_id":2100680}},
{"type":"Feature","geometry":{"type":"Polygon","coordinates":[[[108.0922,22.3744],[108.081,22.3703],[108.0582,22.3563],[108.0559,22.3615],[108.0449,22.3605],[108.0354,22.3444],[108.0259,22.336],[108.0008,22.339],[107.9944,22.3304],[107.9849,22.3281],[107.9779,22.3217],[107.9757,22.3114],[107.983,22.3017],[107.9756,22.2966],[107.9571,22.2882],[107.9406,22.2685],[107.9478,22.253],[107.9294,22.2565],[107.921,22.253],[107.914,22.2435],[107.9149,22.2352],[107.9088,22.2306],[107.9081,22.2143],[107.8949,22.2106],[107.8934,22.2175],[107.8805,22.2213],[107.872,22.2113],[107.8592,22.2103],[107.8443,22.2154],[107.8274,22.2143],[107.8185,22.2208],[107.8037,22.2168],[107.7969,22.2084],[107.7822,22.2066],[107.7649,22.2083],[107.7543,22.2072],[107.7481,22.2032],[107.7407,22.2061],[107.7295,22.2011],[107.7297,22.1933],[107.7231,22.1891],[107.7058,22.1942],[107.6717,22.1867],[107.6668,22.1836],[107.6524,22.1884],[107.6381,22.1896],[107.6276,22.1954],[107.6245,22.1905],[107.6303,22.1618],[107.6354,22.1511],[107.6394,22.1331],[107.6486,22.1259],[107.6619,22.1283],[107.6643,22.1223],[107.6603,22.1156],[107.6506,22.1115],[107.656,22.1015],[107.6546,22.0958],[107.6663,22.0854],[107.6648,22.0696],[107.653,22.067],[107.6498,22.0562],[107.6428,22.054],[107.6424,22.0449],[107.6288,22.0397],[107.6329,22.0311],[107.6207,22.0288],[107.6197,22.02],[107.5988,22.0012],[107.5989,21.9939],[107.5836,21.9839],[107.5768,21.976],[107.5801,21.9702],[107.569,21.9556],[107.5719,21.9459],[107.5641,21.9305],[107.5535,21.9325],[107.5553,21.9246],[107.5503,21.9178],[107.5563,21.912],[107.5523,21.9058],[107.5436,21.9009],[107.5386,21.8883],[107.5553,21.8775],[107.5578,21.8693],[107.565,21.8657],[107.5634,21.8597],[107.5677,21.8457],[107.5512,21.8321],[107.5512,21.8209],[107.5446,21.811],[107.5449,21.8047],[107.5522,21.8034],[107.5672,21.7925],[107.557,21.7832],[107.544,21.7653],[107.5506,21.7511],[107.5486,21.7474],[107.554,21.737],[107.5548,21.7271],[107.5374,21.722],[107.5381,21.7155],[107.5184,21.701],[107.5128,21.6896],[107.5015,21.6803],[107.5007,21.6646],[107.4822,21.6575],[107.4841,21.6487],[107.4853,21.6273],[107.4914,21.6249],[107.4978,21.6145],[107.4937,21.6049],[107.4861,21.599],[107.5001,21.5952],[107.5047,21.5974],[107.5237,21.5905],[107.5374,21.5941],[107.5433,21.5897],[107.5512,21.6038],[107.5601,21.6133],[107.5682,21.6119],[107.5721,21.6165],[107.5819,21.6171],[107.5938,21.6048],[107.6032,21.6035],[107.6121,21.6081],[107.652,21.607],[107.6691,21.6132],[107.6885,21.6113],[107.7165,21.6216],[107.7217,21.6291],[107.734,21.6323],[107.741,21.6388],[107.7645,21.6429],[107.7791,21.6481],[107.7807,21.6536],[107.7883,21.6564],[107.7959,21.654],[107.8154,21.6587],[107.8306,21.6499],[107.833,21.6446],[107.8416,21.6412],[107.8452,21.6485],[107.8534,21.6511],[107.8719,21.6469],[107.8781,21.6401],[107.8793,21.6299],[107.8886,21.6247],[107.8841,21.6122],[107.8914,21.6067],[107.8963,21.5962],[107.915,21.5865],[107.9222,21.5893],[107.9295,21.5793],[107.9427,21.5699],[107.9431,21.5627],[107.9514,21.5409],[107.9548,21.5369],[107.9677,21.5365],[107.9792,21.5447],[107.9858,21.5437],[108.0045,21.5485],[108.0102,21.5465],[108.023,21.5484],[108.0337,21.5474],[108.0476,21.5377],[108.0554,21.5278],[108.067,21.5064],[108.0931,21.4849],[108.1003,21.4734],[108.0994,21.4639],[108.0944,21.4578],[108.0955,21.4523],[108.1347,21.2756],[108.1598,21.2532],[108.3784,21.4559],[108.433,21.4655],[108.4842,21.4802],[108.5267,21.4978],[108.5652,21.516],[108.5844,21.5237],[108.6081,21.5288],[108.6032,21.6444],[108.5929,21.6575],[108.5884,21.6686],[108.5889,21.6838],[108.5914,21.6887],[108.5879,21.7055],[108.5843,21.7106],[108.5736,21.7151],[108.5619,21.7252],[108.549,21.7262],[108.5418,21.7308],[108.5309,21.7307],[108.5225,21.7195],[108.5166,21.7183],[108.5049,21.7251],[108.5025,21.752],[108.5045,21.7637],[108.5252,21.7748],[108.5167,21.7805],[108.5131,21.7874],[108.5071,21.8113],[108.4992,21.8307],[108.4738,21.8403],[108.4632,21.8532],[108.4582,21.8685],[108.4652,21.8829],[108.4655,21.888],[108.45,21.9129],[108.4416,21.9128],[108.4309,21.9236],[108.4207,21.9193],[108.4171,21.9147],[108.4045,21.9152],[108.3896,21.9307],[108.3811,21.9291],[108.3736,21.9205],[108.3608,21.9237],[108.3557,21.9212],[108.3479,21.9247],[108.3351,21.9202],[108.3239,21.9218],[108.3164,21.9135],[108.3044,21.9157],[108.298,21.9089],[108.2903,21.9056],[108.2836,21.9148],[108.2582,21.9239],[108.2511,21.9346],[108.2516,21.9456],[108.2417,21.9452],[108.2403,21.9659],[108.2318,21.9733],[108.2267,21.9698],[108.2123,21.9797],[108.2048,21.981],[108.1981,21.9876],[108.1921,22.004],[108.2009,22.0163],[108.1957,22.031],[108.1992,22.0378],[108.2111,22.0488],[108.2145,22.0564],[108.199,22.0633],[108.1936,22.078],[108.1951,22.0976],[108.2083,22.1003],[108.2122,22.1128],[108.1931,22.1181],[108.1954,22.1261],[108.1931,22.1343],[108.1811,22.1437],[108.1887,22.1655],[108.2081,22.173],[108.207,22.1818],[108.2219,22.1851],[108.2257,22.1927],[108.2358,22.1978],[108.249,22.1997],[108.2523,22.2054],[108.2605,22.2069],[108.2733,22.2134],[108.2768,22.2251],[108.2467,22.2394],[108.2407,22.2437],[108.2372,22.2623],[108.2311,22.263],[108.2282,22.2771],[108.2318,22.285],[108.2239,22.2922],[108.2168,22.2948],[108.2087,22.2893],[108.2025,22.2947],[108.1857,22.276],[108.1824,22.2801],[108.1739,22.2801],[108.1682,22.2876],[108.1596,22.2925],[108.1457,22.2938],[108.1392,22.3073],[108.1333,22.3077],[108.1319,22.3282],[108.1289,22.3308],[108.131,22.3448],[108.1188,22.349],[108.1093,22.3591],[108.0987,22.3572],[108.0922,22.3744]]]},"properties":{"region_code":"CN-45-4506","parent_region_code":"CN-45","name":"防城港市","level":"prefecture","has_children":true,"full_path":"中国 / 广西壮族自治区 / 防城港市","source_admin_code":"4506","osm_relation_id":2774214}},
{"type":"Feature","geometry":{"type":"Polygon","coordinates":[[[108.2733,22.2134],[108.2605,22.2069],[108.2523,22.2054],[108.249,22.1997],[108.2358,22.1978],[108.2257,22.1927],[108.2219,22.1851],[108.207,22.1818],[108.2081,22.173],[108.1887,22.1655],[108.1811,22.1437],[108.1931,22.1343],[108.1954,22.1261],[108.1931,22.1181],[108.2122,22.1128],[108.2083,22.1003],[108.1951,22.0976],[108.1936,22.078],[108.199,22.0633],[108.2145,22.0564],[108.2111,22.0488],[108.1992,22.0378],[108.1957,22.031],[108.2009,22.0163],[108.1921,22.004],[108.1981,21.9876],[108.2048,21.981],[108.2123,21.9797],[108.2267,21.9698],[108.2318,21.9733],[108.2403,21.9659],[108.2417,21.9452],[108.2516,21.9456],[108.2511,21.9346],[108.2582,21.9239],[108.2836,21.9148],[108.2903,21.9056],[108.298,21.9089],[108.3044,21.9157],[108.3164,21.9135],[108.3239,21.9218],[108.3351,21.9202],[108.3479,21.9247],[108.3557,21.9212],[108.3608,21.9237],[108.3736,21.9205],[108.3811,21.9291],[108.3896,21.9307],[108.4045,21.9152],[108.4171,21.9147],[108.4207,21.9193],[108.4309,21.9236],[108.4416,21.9128],[108.45,21.9129],[108.4655,21.888],[108.4652,21.8829],[108.4582,21.8685],[108.4632,21.8532],[108.4738,21.8403],[108.4992,21.8307],[108.5071,21.8113],[108.5131,21.7874],[108.5167,21.7805],[108.5252,21.7748],[108.5045,21.7637],[108.5025,21.752],[108.5049,21.7251],[108.5166,21.7183],[108.5225,21.7195],[108.5309,21.7307],[108.5418,21.7308],[108.549,21.7262],[108.5619,21.7252],[108.5736,21.7151],[108.5843,21.7106],[108.5879,21.7055],[108.5914,21.6887],[108.5889,21.6838],[108.5884,21.6686],[108.5929,21.6575],[108.6032,21.6444],[108.6081,21.5288],[108.8556,21.5151],[108.8556,21.5684],[108.8774,21.6167],[108.8789,21.6303],[108.8734,21.6442],[108.8563,21.6608],[108.8473,21.6731],[108.8438,21.6817],[108.8481,21.7183],[108.8572,21.7414],[108.8649,21.7488],[108.8773,21.7462],[108.8852,21.7411],[108.899,21.7485],[108.9058,21.7548],[108.9146,21.7543],[108.9346,21.766],[108.9414,21.7633],[108.943,21.774],[108.9558,21.7853],[108.9631,21.8],[108.9595,21.8055],[108.9636,21.8148],[108.9529,21.8151],[108.9525,21.8271],[108.9735,21.823],[108.9763,21.8323],[108.9827,21.8378],[108.9885,21.8363],[108.9951,21.8409],[109.0138,21.84],[109.022,21.8359],[109.0253,21.8451],[109.0317,21.8527],[109.0458,21.8476],[109.0584,21.8483],[109.0687,21.8512],[109.0716,21.857],[109.0809,21.8538],[109.0823,21.8637],[109.0923,21.8705],[109.0943,21.8808],[109.1031,21.881],[109.1097,21.8721],[109.1214,21.8638],[109.1279,21.8537],[109.1501,21.862],[109.1554,21.8527],[109.1616,21.8594],[109.186,21.8441],[109.1974,21.8555],[109.2139,21.8586],[109.2171,21.8517],[109.2261,21.8562],[109.2264,21.8634],[109.2348,21.8688],[109.2453,21.8645],[109.2553,21.869],[109.2583,21.8782],[109.256,21.8867],[109.2726,21.8963],[109.2685,21.9038],[109.2605,21.9066],[109.2619,21.9147],[109.2875,21.9189],[109.2954,21.9061],[109.304,21.9076],[109.3203,21.9059],[109.336,21.9113],[109.3464,21.9018],[109.3547,21.8988],[109.3675,21.9009],[109.3823,21.897],[109.3881,21.9023],[109.3883,21.9128],[109.4051,21.911],[109.4091,21.9071],[109.4298,21.9214],[109.4393,21.916],[109.4395,21.8993],[109.4582,21.8886],[109.4662,21.8907],[109.4693,21.9029],[109.4804,21.903],[109.4847,21.8877],[109.4909,21.8826],[109.5151,21.8735],[109.5195,21.8752],[109.5295,21.892],[109.5323,21.9001],[109.5374,21.9023],[109.5455,21.8977],[109.5623,21.8973],[109.5691,21.9002],[109.59,21.9165],[109.5954,21.9118],[109.6039,21.912],[109.6043,21.9242],[109.5909,21.9231],[109.5922,21.9368],[109.5971,21.9447],[109.5927,21.9512],[109.5831,21.9531],[109.571,21.9731],[109.5807,21.9774],[109.5845,21.9715],[109.5923,21.9733],[109.5907,21.9849],[109.5912,22.0011],[109.5869,22.0069],[109.5837,22.0301],[109.5665,22.0501],[109.5768,22.0686],[109.5653,22.0718],[109.5535,22.0814],[109.5549,22.0882],[109.5411,22.0953],[109.5398,22.1077],[109.5541,22.1252],[109.5441,22.136],[109.5484,22.146],[109.5477,22.1563],[109.5521,22.1608],[109.556,22.1792],[109.5527,22.1854],[109.5596,22.189],[109.5671,22.1862],[109.5739,22.1917],[109.5801,22.2097],[109.5746,22.2263],[109.5849,22.2279],[109.5771,22.2373],[109.5854,22.2507],[109.5767,22.2609],[109.5822,22.2671],[109.5808,22.2861],[109.5882,22.2946],[109.5896,22.3069],[109.5997,22.3035],[109.6217,22.3109],[109.6292,22.3172],[109.6393,22.3201],[109.6586,22.3108],[109.6705,22.2995],[109.6758,22.3031],[109.6643,22.3174],[109.6586,22.3205],[109.6601,22.3302],[109.6666,22.3386],[109.6778,22.3359],[109.6809,22.3472],[109.6979,22.3497],[109.6993,22.3601],[109.7036,22.3643],[109.7194,22.3565],[109.7246,22.3693],[109.726,22.3818],[109.7442,22.3662],[109.7382,22.3603],[109.7394,22.3547],[109.7521,22.3502],[109.7585,22.3399],[109.7931,22.3238],[109.8078,22.3102],[109.8223,22.3122],[109.8255,22.3175],[109.8433,22.3218],[109.8386,22.3331],[109.8479,22.3393],[109.8497,22.3464],[109.8361,22.35],[109.835,22.357],[109.8399,22.3616],[109.854,22.3675],[109.8547,22.3767],[109.861,22.3827],[109.8492,22.3972],[109.8522,22.4047],[109.8388,22.4158],[109.8246,22.4179],[109.8202,22.4248],[109.8077,22.4293],[109.8048,22.4393],[109.8112,22.4459],[109.8142,22.4562],[109.8224,22.4548],[109.8221,22.466],[109.8308,22.4744],[109.8319,22.4807],[109.8395,22.4816],[109.8448,22.4936],[109.8531,22.5007],[109.8533,22.5094],[109.8621,22.509],[109.8649,22.5171],[109.8566,22.5258],[109.8549,22.5359],[109.8495,22.5496],[109.8534,22.5591],[109.8407,22.5663],[109.8379,22.5743],[109.8166,22.5785],[109.7896,22.5878],[109.771,22.5902],[109.7652,22.5857],[109.7584,22.5869],[109.7605,22.5751],[109.7575,22.5601],[109.7484,22.5675],[109.7403,22.5595],[109.7299,22.5585],[109.7176,22.5707],[109.7163,22.5811],[109.7028,22.5892],[109.6964,22.5956],[109.6899,22.594],[109.6796,22.6037],[109.6746,22.6023],[109.6596,22.6101],[109.6571,22.6232],[109.6624,22.6367],[109.6545,22.6378],[109.6548,22.663],[109.6576,22.6656],[109.6456,22.671],[109.6428,22.6625],[109.6276,22.6606],[109.6202,22.6562],[109.6153,22.6652],[109.6083,22.6671],[109.6072,22.6757],[109.5958,22.6808],[109.5776,22.6827],[109.5732,22.6753],[109.5645,22.6682],[109.5641,22.6601],[109.5521,22.6592],[109.5442,22.6524],[109.5331,22.6521],[109.519,22.6455],[109.5131,22.6405],[109.5073,22.6416],[109.4906,22.6531],[109.4787,22.6471],[109.4714,22.6387],[109.4594,22.632],[109.4466,22.6337],[109.4444,22.6299],[109.443,22.6141],[109.4369,22.6128],[109.4319,22.6213],[109.4359,22.633],[109.4128,22.6327],[109.4037,22.6365],[109.3986,22.6285],[109.3853,22.6354],[109.384,22.6413],[109.3749,22.641],[109.3674,22.6325],[109.3583,22.6296],[109.3464,22.6295],[109.3279,22.611],[109.3213,22.6112],[109.3173,22.5957],[109.3128,22.5963],[109.3024,22.5881],[109.2992,22.5761],[109.2877,22.5721],[109.2843,22.5627],[109.2887,22.5575],[109.2886,22.544],[109.299,22.5399],[109.3165,22.5253],[109.3126,22.5136],[109.3,22.5108],[109.2926,22.5139],[109.2813,22.5027],[109.2607,22.4871],[109.2592,22.4968],[109.2448,22.5127],[109.2239,22.5098],[109.2238,22.518],[109.2024,22.5204],[109.1838,22.5157],[109.1791,22.5235],[109.1871,22.5275],[109.1929,22.5349],[109.1922,22.5411],[109.1823,22.5488],[109.1767,22.5442],[109.1689,22.5477],[109.1629,22.5456],[109.1587,22.5565],[109.1513,22.5502],[109.1489,22.5424],[109.1583,22.5405],[109.1628,22.5298],[109.169,22.5301],[109.1696,22.5216],[109.1479,22.5189],[109.1429,22.5128],[109.1316,22.5152],[109.1295,22.5195],[109.1182,22.5158],[109.087,22.5135],[109.0766,22.5245],[109.0711,22.52],[109.0638,22.5233],[109.0418,22.5214],[109.0386,22.5104],[109.0261,22.5091],[109.0188,22.5128],[109.0041,22.5141],[109.0048,22.5298],[108.9926,22.534],[108.9919,22.5404],[108.982,22.5408],[108.9719,22.5445],[108.9713,22.5355],[108.9639,22.534],[108.9594,22.5225],[108.9533,22.521],[108.9411,22.5281],[108.9273,22.5274],[108.915,22.5149],[108.9102,22.5184],[108.8893,22.5123],[108.8681,22.5142],[108.8687,22.5201],[108.8521,22.5272],[108.8518,22.5329],[108.8377,22.5442],[108.8259,22.5381],[108.8138,22.5348],[108.8048,22.5271],[108.7933,22.5296],[108.7786,22.5283],[108.7769,22.5202],[108.7633,22.5095],[108.7521,22.5078],[108.7445,22.5101],[108.7427,22.4965],[108.7295,22.4877],[108.7095,22.4913],[108.7078,22.4804],[108.7174,22.4596],[108.7115,22.4543],[108.7031,22.4557],[108.6955,22.4529],[108.6948,22.4636],[108.6845,22.4648],[108.6784,22.4572],[108.6807,22.4517],[108.6734,22.4437],[108.6707,22.4343],[108.6556,22.4334],[108.6495,22.4495],[108.6425,22.4517],[108.6316,22.4606],[108.6251,22.4542],[108.6294,22.4485],[108.6201,22.441],[108.6128,22.4397],[108.6116,22.432],[108.605,22.4215],[108.596,22.4152],[108.5801,22.4338],[108.5696,22.4265],[108.5547,22.4231],[108.5558,22.4129],[108.543,22.3978],[108.5525,22.3908],[108.5577,22.3908],[108.5599,22.3811],[108.5644,22.3771],[108.5624,22.3703],[108.5542,22.3713],[108.5445,22.3626],[108.5468,22.3591],[108.5398,22.3421],[108.5386,22.335],[108.5476,22.3301],[108.5399,22.317],[108.5431,22.3111],[108.5356,22.3052],[108.5346,22.2996],[108.5234,22.2837],[108.5251,22.2782],[108.5157,22.2749],[108.5038,22.2787],[108.5022,22.2688],[108.4967,22.2647],[108.4941,22.2548],[108.4959,22.2472],[108.4912,22.2403],[108.4815,22.2429],[108.4687,22.2397],[108.4575,22.242],[108.4434,22.2491],[108.4385,22.254],[108.4319,22.2518],[108.42,22.2652],[108.4202,22.2703],[108.4105,22.272],[108.403,22.2615],[108.394,22.264],[108.3709,22.2495],[108.3692,22.2458],[108.3492,22.2475],[108.3362,22.2465],[108.3186,22.2406],[108.2989,22.2239],[108.2954,22.2149],[108.2778,22.2096],[108.2733,22.2134]]]},"properties":{"region_code":"CN-45-4507","parent_region_code":"CN-45","name":"钦州市","level":"prefecture","has_children":true,"full_path":"中国 / 广西壮族自治区 / 钦州市","source_admin_code":"4507","osm_relation_id":2776297}},
{"type":"Feature","geometry":{"type":"Polygon","coordinates":[[[109.6072,22.6757],[109.6083,22.6671],[109.6153,22.6652],[109.6202,22.6562],[109.6276,22.6606],[109.6428,22.6625],[109.6456,22.671],[109.6576,22.6656],[109.6647,22.6743],[109.6872,22.6925],[109.7023,22.6944],[109.7096,22.6978],[109.7161,22.6956],[109.7236,22.7049],[109.7149,22.7147],[109.7215,22.7232],[109.7218,22.7305],[109.7287,22.7381],[109.7427,22.7388],[109.7519,22.732],[109.7572,22.7391],[109.7666,22.7386],[109.7777,22.7413],[109.7875,22.7575],[109.7822,22.7606],[109.7769,22.771],[109.7677,22.7717],[109.7575,22.7801],[109.7627,22.7912],[109.7581,22.8085],[109.7619,22.8134],[109.7572,22.8213],[109.7505,22.8427],[109.7581,22.8502],[109.7636,22.8604],[109.7696,22.854],[109.7809,22.8577],[109.7983,22.8525],[109.8018,22.8596],[109.8103,22.8621],[109.8144,22.8797],[109.8138,22.8879],[109.8381,22.8874],[109.8376,22.8824],[109.843,22.8786],[109.8526,22.8781],[109.8578,22.8739],[109.8636,22.8787],[109.8515,22.8865],[109.8464,22.8802],[109.8396,22.8847],[109.8408,22.8912],[109.8301,22.8988],[109.8361,22.9106],[109.8504,22.9035],[109.8557,22.9099],[109.8437,22.9134],[109.8397,22.9243],[109.8293,22.9441],[109.8186,22.9573],[109.8044,22.9649],[109.8003,22.9753],[109.8131,22.9822],[109.8176,22.9783],[109.8273,22.979],[109.8388,22.9873],[109.847,22.9974],[109.8531,22.9988],[109.8589,23.0057],[109.8696,23.0008],[109.8752,23.0065],[109.8811,23.0241],[109.9104,23.026],[109.9157,23.0225],[109.9352,23.0267],[109.9573,23.0184],[109.9638,23.0129],[109.9753,23.0104],[110.0041,22.9863],[110.0071,22.9782],[110.0126,22.9773],[110.0104,22.9647],[110.0249,22.9627],[110.038,22.9582],[110.0452,22.9493],[110.0576,22.9482],[110.0667,22.9521],[110.0732,22.9619],[110.0815,22.9604],[110.0883,22.9362],[110.0943,22.9301],[110.0942,22.9205],[110.1085,22.9155],[110.103,22.904],[110.115,22.8908],[110.1306,22.8976],[110.1326,22.901],[110.1519,22.908],[110.1563,22.9058],[110.1657,22.9106],[110.1752,22.9073],[110.1908,22.9079],[110.1986,22.901],[110.2146,22.9014],[110.2205,22.8943],[110.2265,22.8811],[110.2178,22.875],[110.2193,22.8673],[110.238,22.8758],[110.2575,22.8703],[110.2645,22.8784],[110.2546,22.8957],[110.2592,22.901],[110.2636,22.9156],[110.2502,22.9235],[110.2524,22.9355],[110.2654,22.9479],[110.2734,22.9491],[110.2786,22.9541],[110.2807,22.9636],[110.294,22.9798],[110.2953,23],[110.2855,23.0009],[110.288,23.0156],[110.2956,23.0213],[110.3045,23.0231],[110.3053,23.0157],[110.319,23.0179],[110.314,23.0264],[110.3195,23.0306],[110.3191,23.0385],[110.325,23.0425],[110.3237,23.0505],[110.3326,23.0531],[110.3363,23.0466],[110.3448,23.0506],[110.351,23.0455],[110.3662,23.0467],[110.3866,23.0541],[110.39,23.062],[110.4037,23.0641],[110.4134,23.0549],[110.4079,23.0519],[110.4118,23.0446],[110.421,23.0423],[110.4253,23.053],[110.4433,23.0632],[110.4529,23.0646],[110.4558,23.0746],[110.4788,23.067],[110.4871,23.0681],[110.4893,23.0745],[110.497,23.079],[110.4985,23.0955],[110.5112,23.1064],[110.5158,23.1133],[110.524,23.1185],[110.5302,23.1186],[110.5321,23.1258],[110.5422,23.131],[110.5457,23.1288],[110.5509,23.132],[110.548,23.1398],[110.5525,23.1455],[110.5501,23.1587],[110.552,23.1637],[110.5484,23.1752],[110.5395,23.1904],[110.5407,23.2032],[110.5571,23.2125],[110.5568,23.2162],[110.572,23.2282],[110.5883,23.2103],[110.6046,23.226],[110.6148,23.2303],[110.6178,23.2372],[110.6347,23.2462],[110.6476,23.251],[110.6432,23.2604],[110.645,23.268],[110.656,23.269],[110.6581,23.2876],[110.6523,23.2981],[110.6589,23.3087],[110.6317,23.3149],[110.6211,23.3259],[110.6114,23.3316],[110.5988,23.3267],[110.5858,23.3259],[110.5876,23.3368],[110.5776,23.348],[110.5846,23.356],[110.576,23.3663],[110.5609,23.3659],[110.5604,23.3721],[110.5709,23.3745],[110.5736,23.3891],[110.5695,23.3937],[110.5708,23.4064],[110.5788,23.4147],[110.5754,23.4267],[110.5806,23.434],[110.5776,23.448],[110.5927,23.4575],[110.5993,23.4585],[110.6061,23.4475],[110.6147,23.4511],[110.6147,23.4571],[110.624,23.4633],[110.6223,23.4679],[110.6237,23.4831],[110.6134,23.4915],[110.6148,23.4981],[110.6134,23.5253],[110.6149,23.5292],[110.6077,23.5425],[110.6151,23.5489],[110.6101,23.5598],[110.5968,23.5645],[110.6004,23.5804],[110.5918,23.5918],[110.5744,23.5916],[110.5749,23.5969],[110.5837,23.6045],[110.584,23.6214],[110.5802,23.6298],[110.5717,23.6329],[110.5722,23.6383],[110.5551,23.6428],[110.5401,23.6542],[110.5398,23.6707],[110.5548,23.6704],[110.5672,23.678],[110.5615,23.6859],[110.5676,23.6996],[110.5674,23.7092],[110.5605,23.7103],[110.5551,23.7046],[110.5473,23.7067],[110.5473,23.7156],[110.5424,23.7211],[110.5456,23.7268],[110.5461,23.7376],[110.5504,23.7416],[110.5508,23.7501],[110.5605,23.7562],[110.5629,23.7726],[110.5672,23.7723],[110.5772,23.7798],[110.5792,23.7907],[110.5689,23.7918],[110.5683,23.8075],[110.5552,23.815],[110.5556,23.8194],[110.5464,23.8252],[110.5408,23.8226],[110.5404,23.8144],[110.5288,23.8037],[110.5092,23.7987],[110.504,23.8067],[110.4979,23.8029],[110.4891,23.811],[110.4838,23.8215],[110.4749,23.8296],[110.4831,23.8458],[110.4723,23.8549],[110.4696,23.8504],[110.46,23.8533],[110.4557,23.8429],[110.4496,23.8489],[110.4473,23.8577],[110.4381,23.8678],[110.4149,23.8633],[110.4053,23.8592],[110.4053,23.8752],[110.3984,23.8744],[110.3811,23.8823],[110.3686,23.88],[110.3635,23.886],[110.3572,23.8817],[110.3523,23.8876],[110.3529,23.9059],[110.3556,23.914],[110.3518,23.9297],[110.3662,23.9363],[110.372,23.9429],[110.3836,23.9489],[110.3843,23.9542],[110.3946,23.962],[110.3921,23.9806],[110.3941,23.9852],[110.3923,24.0033],[110.3983,24.0122],[110.3983,24.0228],[110.3927,24.0296],[110.3954,24.0357],[110.3869,24.0439],[110.3696,24.0412],[110.3667,24.0362],[110.3583,24.0355],[110.3505,24.0388],[110.3394,24.0373],[110.325,24.0324],[110.3168,24.0259],[110.3115,24.027],[110.3052,24.0192],[110.3031,24.0088],[110.3037,23.9972],[110.3,23.9919],[110.3008,23.979],[110.2954,23.9782],[110.2846,23.965],[110.2908,23.9577],[110.298,23.9369],[110.2932,23.931],[110.2988,23.9235],[110.3044,23.9231],[110.3108,23.9111],[110.3068,23.898],[110.2976,23.893],[110.2908,23.8848],[110.2902,23.8789],[110.2952,23.8691],[110.2886,23.8634],[110.289,23.8569],[110.2819,23.8552],[110.2775,23.8676],[110.2687,23.8769],[110.2585,23.8981],[110.2394,23.8908],[110.2284,23.9019],[110.2196,23.9052],[110.2097,23.9142],[110.201,23.9112],[110.1975,23.8898],[110.2015,23.8807],[110.1886,23.8603],[110.1771,23.8602],[110.1659,23.8764],[110.156,23.8754],[110.1386,23.8837],[110.1294,23.8652],[110.1195,23.8618],[110.1072,23.8532],[110.097,23.8396],[110.0916,23.8369],[110.0844,23.8251],[110.0799,23.8253],[110.0735,23.8102],[110.068,23.8098],[110.064,23.8026],[110.0561,23.7977],[110.0391,23.7963],[110.0264,23.7905],[110.0219,23.7799],[110.0111,23.7829],[110.0009,23.7792],[109.9908,23.7816],[109.9887,23.7665],[109.9837,23.7623],[109.9818,23.7542],[109.9739,23.7397],[109.9598,23.7369],[109.9459,23.7213],[109.9538,23.7175],[109.9482,23.6911],[109.9263,23.69],[109.9226,23.6835],[109.9192,23.6684],[109.9203,23.6492],[109.9256,23.6325],[109.914,23.6163],[109.9153,23.5902],[109.8896,23.5599],[109.8922,23.5563],[109.8882,23.5415],[109.8969,23.5387],[109.8972,23.5223],[109.8929,23.5059],[109.8879,23.4985],[109.8871,23.4891],[109.8908,23.4778],[109.8835,23.4745],[109.8609,23.4508],[109.8575,23.4415],[109.8478,23.4504],[109.8423,23.4745],[109.8315,23.4818],[109.7943,23.4881],[109.7803,23.4852],[109.7754,23.4682],[109.7686,23.4627],[109.7581,23.4615],[109.749,23.4642],[109.7284,23.4602],[109.7223,23.4379],[109.7269,23.4341],[109.7263,23.4221],[109.722,23.4155],[109.7131,23.4136],[109.6946,23.413],[109.697,23.4052],[109.6851,23.4059],[109.68,23.4183],[109.6732,23.4244],[109.6674,23.4238],[109.6559,23.4318],[109.6429,23.4245],[109.6379,23.4144],[109.6311,23.4093],[109.6298,23.4017],[109.623,23.3925],[109.6076,23.3801],[109.6077,23.372],[109.592,23.36],[109.5872,23.3659],[109.5753,23.3611],[109.5742,23.3541],[109.5676,23.3443],[109.567,23.3358],[109.561,23.3202],[109.5519,23.3175],[109.55,23.3116],[109.5367,23.3032],[109.5204,23.3233],[109.5109,23.3273],[109.5097,23.3356],[109.4956,23.34],[109.4988,23.3496],[109.4842,23.3617],[109.4795,23.3706],[109.4822,23.3747],[109.4782,23.3863],[109.4532,23.3856],[109.4394,23.3815],[109.4336,23.3692],[109.4245,23.3622],[109.4185,23.3709],[109.4075,23.3716],[109.3966,23.3853],[109.3742,23.3806],[109.3636,23.3897],[109.3673,23.4024],[109.3661,23.4078],[109.3514,23.4158],[109.3426,23.4175],[109.3393,23.4114],[109.3254,23.4185],[109.3184,23.4147],[109.3147,23.4076],[109.3036,23.3984],[109.2977,23.3989],[109.292,23.3919],[109.2927,23.3854],[109.2787,23.3831],[109.2711,23.3761],[109.2646,23.3526],[109.2457,23.3526],[109.2381,23.3473],[109.2281,23.3476],[109.2097,23.3381],[109.2163,23.3228],[109.203,23.313],[109.2132,23.2991],[109.2185,23.2911],[109.2316,23.2877],[109.2336,23.2802],[109.2289,23.275],[109.21,23.2727],[109.2281,23.2645],[109.2274,23.2595],[109.2336,23.2509],[109.2334,23.2385],[109.2433,23.2324],[109.2498,23.2318],[109.2498,23.2167],[109.2558,23.2134],[109.2507,23.1959],[109.2438,23.1921],[109.2441,23.1809],[109.2383,23.1701],[109.2352,23.1515],[109.2412,23.1482],[109.2487,23.1288],[109.2431,23.1224],[109.248,23.1146],[109.2454,23.1079],[109.2503,23.0999],[109.2669,23.1025],[109.2771,23.0999],[109.2832,23.1045],[109.293,23.1022],[109.3043,23.0947],[109.321,23.0986],[109.3296,23.0828],[109.3451,23.0719],[109.3456,23.0673],[109.3341,23.0527],[109.3407,23.0454],[109.3176,23.0303],[109.3072,23.0176],[109.3138,23.0107],[109.3373,22.9977],[109.3447,22.9868],[109.3517,22.9844],[109.3497,22.977],[109.3574,22.9628],[109.3719,22.9516],[109.3699,22.942],[109.3826,22.9309],[109.4067,22.9277],[109.4058,22.9173],[109.4138,22.9121],[109.4262,22.917],[109.4455,22.905],[109.4789,22.8935],[109.4768,22.8858],[109.48,22.8808],[109.4685,22.8787],[109.4631,22.8731],[109.4519,22.8708],[109.4498,22.8634],[109.4556,22.8607],[109.4513,22.852],[109.4611,22.8454],[109.4674,22.8467],[109.4766,22.8254],[109.5017,22.8255],[109.5144,22.8306],[109.527,22.8237],[109.531,22.8175],[109.5255,22.8127],[109.5157,22.8177],[109.5131,22.8083],[109.5074,22.8021],[109.5063,22.7804],[109.5103,22.7768],[109.5236,22.7742],[109.5362,22.7787],[109.5512,22.7777],[109.5595,22.7642],[109.5709,22.7648],[109.5714,22.7579],[109.577,22.7515],[109.5721,22.7458],[109.574,22.7386],[109.5842,22.7268],[109.5787,22.7208],[109.5814,22.7144],[109.5897,22.7177],[109.5969,22.7145],[109.6147,22.6901],[109.6159,22.6797],[109.6072,22.6757]]]},"properties":{"region_code":"CN-45-4508","parent_region_code":"CN-45","name":"贵港市","level":"prefecture","has_children":true,"full_path":"中国 / 广西壮族自治区 / 贵港市","source_admin_code":"4508","osm_relation_id":2776275}},
{"type":"Feature","geometry":{"type":"Polygon","coordinates":[[[110.5457,23.1288],[110.5422,23.131],[110.5321,23.1258],[110.5302,23.1186],[110.524,23.1185],[110.5158,23.1133],[110.5112,23.1064],[110.4985,23.0955],[110.497,23.079],[110.4893,23.0745],[110.4871,23.0681],[110.4788,23.067],[110.4558,23.0746],[110.4529,23.0646],[110.4433,23.0632],[110.4253,23.053],[110.421,23.0423],[110.4118,23.0446],[110.4079,23.0519],[110.4134,23.0549],[110.4037,23.0641],[110.39,23.062],[110.3866,23.0541],[110.3662,23.0467],[110.351,23.0455],[110.3448,23.0506],[110.3363,23.0466],[110.3326,23.0531],[110.3237,23.0505],[110.325,23.0425],[110.3191,23.0385],[110.3195,23.0306],[110.314,23.0264],[110.319,23.0179],[110.3053,23.0157],[110.3045,23.0231],[110.2956,23.0213],[110.288,23.0156],[110.2855,23.0009],[110.2953,23],[110.294,22.9798],[110.2807,22.9636],[110.2786,22.9541],[110.2734,22.9491],[110.2654,22.9479],[110.2524,22.9355],[110.2502,22.9235],[110.2636,22.9156],[110.2592,22.901],[110.2546,22.8957],[110.2645,22.8784],[110.2575,22.8703],[110.238,22.8758],[110.2193,22.8673],[110.2178,22.875],[110.2265,22.8811],[110.2205,22.8943],[110.2146,22.9014],[110.1986,22.901],[110.1908,22.9079],[110.1752,22.9073],[110.1657,22.9106],[110.1563,22.9058],[110.1519,22.908],[110.1326,22.901],[110.1306,22.8976],[110.115,22.8908],[110.103,22.904],[110.1085,22.9155],[110.0942,22.9205],[110.0943,22.9301],[110.0883,22.9362],[110.0815,22.9604],[110.0732,22.9619],[110.0667,22.9521],[110.0576,22.9482],[110.0452,22.9493],[110.038,22.9582],[110.0249,22.9627],[110.0104,22.9647],[110.0126,22.9773],[110.0071,22.9782],[110.0041,22.9863],[109.9753,23.0104],[109.9638,23.0129],[109.9573,23.0184],[109.9352,23.0267],[109.9157,23.0225],[109.9104,23.026],[109.8811,23.0241],[109.8752,23.0065],[109.8696,23.0008],[109.8589,23.0057],[109.8531,22.9988],[109.847,22.9974],[109.8388,22.9873],[109.8273,22.979],[109.8176,22.9783],[109.8131,22.9822],[109.8003,22.9753],[109.8044,22.9649],[109.8186,22.9573],[109.8293,22.9441],[109.8397,22.9243],[109.8437,22.9134],[109.8557,22.9099],[109.8504,22.9035],[109.8361,22.9106],[109.8301,22.8988],[109.8408,22.8912],[109.8396,22.8847],[109.8464,22.8802],[109.8515,22.8865],[109.8636,22.8787],[109.8578,22.8739],[109.8526,22.8781],[109.843,22.8786],[109.8376,22.8824],[109.8381,22.8874],[109.8138,22.8879],[109.8144,22.8797],[109.8103,22.8621],[109.8018,22.8596],[109.7983,22.8525],[109.7809,22.8577],[109.7696,22.854],[109.7636,22.8604],[109.7581,22.8502],[109.7505,22.8427],[109.7572,22.8213],[109.7619,22.8134],[109.7581,22.8085],[109.7627,22.7912],[109.7575,22.7801],[109.7677,22.7717],[109.7769,22.771],[109.7822,22.7606],[109.7875,22.7575],[109.7777,22.7413],[109.7666,22.7386],[109.7572,22.7391],[109.7519,22.732],[109.7427,22.7388],[109.7287,22.7381],[109.7218,22.7305],[109.7215,22.7232],[109.7149,22.7147],[109.7236,22.7049],[109.7161,22.6956],[109.7096,22.6978],[109.7023,22.6944],[109.6872,22.6925],[109.6647,22.6743],[109.6576,22.6656],[109.6548,22.663],[109.6545,22.6378],[109.6624,22.6367],[109.6571,22.6232],[109.6596,22.6101],[109.6746,22.6023],[109.6796,22.6037],[109.6899,22.594],[109.6964,22.5956],[109.7028,22.5892],[109.7163,22.5811],[109.7176,22.5707],[109.7299,22.5585],[109.7403,22.5595],[109.7484,22.5675],[109.7575,22.5601],[109.7605,22.5751],[109.7584,22.5869],[109.7652,22.5857],[109.771,22.5902],[109.7896,22.5878],[109.8166,22.5785],[109.8379,22.5743],[109.8407,22.5663],[109.8534,22.5591],[109.8495,22.5496],[109.8549,22.5359],[109.8566,22.5258],[109.8649,22.5171],[109.8621,22.509],[109.8533,22.5094],[109.8531,22.5007],[109.8448,22.4936],[109.8395,22.4816],[109.8319,22.4807],[109.8308,22.4744],[109.8221,22.466],[109.8224,22.4548],[109.8142,22.4562],[109.8112,22.4459],[109.8048,22.4393],[109.8077,22.4293],[109.8202,22.4248],[109.8246,22.4179],[109.8388,22.4158],[109.8522,22.4047],[109.8492,22.3972],[109.861,22.3827],[109.8547,22.3767],[109.854,22.3675],[109.8399,22.3616],[109.835,22.357],[109.8361,22.35],[109.8497,22.3464],[109.8479,22.3393],[109.8386,22.3331],[109.8433,22.3218],[109.8255,22.3175],[109.8223,22.3122],[109.8078,22.3102],[109.7931,22.3238],[109.7585,22.3399],[109.7521,22.3502],[109.7394,22.3547],[109.7382,22.3603],[109.7442,22.3662],[109.726,22.3818],[109.7246,22.3693],[109.7194,22.3565],[109.7036,22.3643],[109.6993,22.3601],[109.6979,22.3497],[109.6809,22.3472],[109.6778,22.3359],[109.6666,22.3386],[109.6601,22.3302],[109.6586,22.3205],[109.6643,22.3174],[109.6758,22.3031],[109.6705,22.2995],[109.6586,22.3108],[109.6393,22.3201],[109.6292,22.3172],[109.6217,22.3109],[109.5997,22.3035],[109.5896,22.3069],[109.5882,22.2946],[109.5808,22.2861],[109.5822,22.2671],[109.5767,22.2609],[109.5854,22.2507],[109.5771,22.2373],[109.5849,22.2279],[109.5746,22.2263],[109.5801,22.2097],[109.5739,22.1917],[109.5671,22.1862],[109.5596,22.189],[109.5527,22.1854],[109.556,22.1792],[109.5521,22.1608],[109.5477,22.1563],[109.5484,22.146],[109.5441,22.136],[109.5541,22.1252],[109.5398,22.1077],[109.5411,22.0953],[109.5549,22.0882],[109.5535,22.0814],[109.5653,22.0718],[109.5768,22.0686],[109.5665,22.0501],[109.5837,22.0301],[109.5869,22.0069],[109.5912,22.0011],[109.5907,21.9849],[109.5923,21.9733],[109.5845,21.9715],[109.5807,21.9774],[109.571,21.9731],[109.5831,21.9531],[109.5927,21.9512],[109.5971,21.9447],[109.5922,21.9368],[109.5909,21.9231],[109.6043,21.9242],[109.6039,21.912],[109.6159,21.8989],[109.6215,21.905],[109.6315,21.9108],[109.6345,21.9074],[109.6489,21.9082],[109.6545,21.896],[109.6678,21.9006],[109.6754,21.8984],[109.6928,21.9045],[109.7006,21.8958],[109.6985,21.8818],[109.7008,21.8765],[109.6917,21.8629],[109.7029,21.8499],[109.7038,21.8402],[109.6971,21.8337],[109.6988,21.8238],[109.6928,21.821],[109.6937,21.8071],[109.7037,21.8029],[109.6959,21.7893],[109.6851,21.7767],[109.6863,21.7614],[109.6906,21.7504],[109.686,21.7318],[109.692,21.7307],[109.6938,21.7186],[109.6918,21.7064],[109.6837,21.6909],[109.6908,21.68],[109.6906,21.6724],[109.7013,21.6646],[109.7096,21.6674],[109.7113,21.6728],[109.7285,21.6654],[109.7394,21.6624],[109.7446,21.6578],[109.7521,21.6688],[109.7613,21.6701],[109.7648,21.6747],[109.7736,21.6729],[109.7755,21.6629],[109.7816,21.6501],[109.7799,21.6413],[109.7854,21.6405],[109.7908,21.6332],[109.8027,21.6318],[109.8014,21.6391],[109.8057,21.6474],[109.8153,21.6405],[109.823,21.6425],[109.8329,21.6395],[109.8401,21.6411],[109.8405,21.647],[109.8601,21.6495],[109.8699,21.6609],[109.877,21.656],[109.8942,21.6524],[109.91,21.6695],[109.91,21.6863],[109.9011,21.688],[109.9014,21.6965],[109.9105,21.7063],[109.9211,21.7084],[109.9185,21.7303],[109.9247,21.7363],[109.9376,21.7389],[109.931,21.7445],[109.9311,21.7575],[109.9286,21.7668],[109.9358,21.771],[109.9338,21.7764],[109.9344,21.79],[109.9314,21.8015],[109.935,21.811],[109.9321,21.8157],[109.9401,21.8263],[109.9449,21.8412],[109.9412,21.8471],[109.9696,21.869],[109.9828,21.8762],[109.9825,21.8823],[110.0007,21.8829],[110.0022,21.8778],[110.0339,21.8725],[110.0468,21.8598],[110.0585,21.8632],[110.0644,21.8623],[110.0823,21.872],[110.0871,21.8834],[110.095,21.8839],[110.0972,21.8727],[110.1033,21.8733],[110.1026,21.8851],[110.113,21.8939],[110.1153,21.9042],[110.1277,21.9038],[110.1304,21.8958],[110.1392,21.8926],[110.1464,21.8997],[110.1599,21.8967],[110.1706,21.9013],[110.1979,21.9004],[110.2076,21.8958],[110.2058,21.8897],[110.2171,21.8842],[110.228,21.8815],[110.2448,21.8838],[110.2538,21.8831],[110.2562,21.8891],[110.2656,21.8966],[110.2793,21.8949],[110.2859,21.9135],[110.286,21.9207],[110.2998,21.9116],[110.3096,21.9089],[110.3195,21.8955],[110.3311,21.8907],[110.3442,21.8938],[110.3634,21.8915],[110.3765,21.8955],[110.3856,21.8944],[110.3915,21.9159],[110.3856,21.9196],[110.3813,21.9324],[110.3741,21.9316],[110.3684,21.9361],[110.3778,21.9466],[110.3866,21.9528],[110.3814,21.9607],[110.3745,21.9647],[110.3722,21.9705],[110.3517,21.9763],[110.3486,21.9792],[110.3545,21.989],[110.3518,22.0102],[110.3568,22.0148],[110.3454,22.0338],[110.3434,22.0423],[110.3488,22.0466],[110.3494,22.0564],[110.3462,22.0635],[110.3519,22.0692],[110.3538,22.0878],[110.3458,22.0918],[110.3473,22.1002],[110.3575,22.0996],[110.362,22.1063],[110.3585,22.1122],[110.3609,22.1255],[110.3552,22.137],[110.349,22.1349],[110.3416,22.1377],[110.3356,22.1467],[110.3296,22.1458],[110.3222,22.1548],[110.3211,22.1623],[110.3264,22.1715],[110.3315,22.1742],[110.3302,22.1824],[110.3466,22.1987],[110.3554,22.1875],[110.3544,22.1835],[110.3757,22.1668],[110.3892,22.1735],[110.3897,22.1816],[110.3948,22.19],[110.4036,22.1914],[110.4075,22.2017],[110.4052,22.2059],[110.4137,22.2118],[110.4253,22.2106],[110.4412,22.1959],[110.4522,22.1916],[110.453,22.1837],[110.4675,22.1739],[110.4776,22.1628],[110.4858,22.1576],[110.4804,22.1506],[110.497,22.1477],[110.5001,22.1427],[110.5123,22.1519],[110.5273,22.1593],[110.5261,22.1709],[110.5345,22.1753],[110.5394,22.1874],[110.5467,22.1966],[110.556,22.1994],[110.5808,22.1882],[110.5914,22.1897],[110.5997,22.1855],[110.5954,22.1766],[110.5988,22.1712],[110.5944,22.1657],[110.6008,22.1588],[110.6139,22.1628],[110.622,22.1578],[110.625,22.152],[110.6376,22.1558],[110.6415,22.1625],[110.6518,22.1709],[110.6611,22.1681],[110.665,22.1738],[110.6727,22.1754],[110.6714,22.1921],[110.6625,22.2057],[110.6505,22.2081],[110.6428,22.2236],[110.645,22.2337],[110.6519,22.2427],[110.6604,22.248],[110.6821,22.2517],[110.6902,22.2616],[110.6864,22.2677],[110.6913,22.2751],[110.707,22.2801],[110.7161,22.2962],[110.7242,22.2968],[110.735,22.2847],[110.7491,22.2849],[110.7546,22.278],[110.7646,22.2789],[110.7822,22.2856],[110.7855,22.2933],[110.7812,22.2972],[110.768,22.2987],[110.7686,22.3108],[110.7573,22.3272],[110.7478,22.3305],[110.7429,22.3407],[110.7444,22.3546],[110.736,22.3654],[110.7265,22.3691],[110.7206,22.364],[110.7054,22.3733],[110.7043,22.3827],[110.7084,22.3953],[110.7017,22.4079],[110.7084,22.4171],[110.7101,22.4338],[110.7057,22.4471],[110.6998,22.4508],[110.6914,22.4493],[110.6891,22.459],[110.6804,22.4677],[110.6797,22.4776],[110.6866,22.4824],[110.6958,22.4771],[110.6972,22.4721],[110.7161,22.4642],[110.7345,22.4673],[110.739,22.4697],[110.7445,22.4801],[110.7368,22.4867],[110.7338,22.4998],[110.7404,22.5073],[110.7396,22.514],[110.7467,22.5222],[110.7554,22.5202],[110.7531,22.5354],[110.7478,22.5395],[110.7551,22.5493],[110.7442,22.558],[110.7538,22.5615],[110.7599,22.5716],[110.7559,22.5853],[110.7735,22.5901],[110.7764,22.584],[110.7867,22.5765],[110.7948,22.5602],[110.8009,22.5623],[110.804,22.5773],[110.8251,22.587],[110.8297,22.5905],[110.8493,22.5866],[110.8545,22.5912],[110.8659,22.5903],[110.8762,22.5854],[110.8841,22.5883],[110.8946,22.599],[110.8925,22.6171],[110.879,22.6252],[110.877,22.6312],[110.8835,22.6463],[110.879,22.6512],[110.8684,22.6719],[110.865,22.6718],[110.8574,22.6877],[110.8451,22.6972],[110.8419,22.7078],[110.8276,22.707],[110.8091,22.7193],[110.7887,22.7199],[110.7803,22.7277],[110.7866,22.7426],[110.7812,22.75],[110.7717,22.7546],[110.7688,22.7676],[110.7784,22.7875],[110.7884,22.8201],[110.7938,22.8251],[110.7917,22.831],[110.7928,22.8425],[110.7972,22.8482],[110.7921,22.8592],[110.7867,22.862],[110.7739,22.8609],[110.7629,22.8466],[110.75,22.8521],[110.7468,22.8604],[110.7375,22.8626],[110.7311,22.8705],[110.7334,22.8764],[110.7278,22.8883],[110.7212,22.9106],[110.7278,22.9117],[110.7275,22.9238],[110.7209,22.9251],[110.7232,22.9349],[110.7288,22.9377],[110.7362,22.9525],[110.7462,22.9571],[110.7616,22.9565],[110.7622,22.9669],[110.7466,22.9762],[110.749,22.982],[110.7441,22.9882],[110.7518,23.0018],[110.7477,23.0102],[110.7535,23.018],[110.7537,23.0262],[110.7412,23.0367],[110.7397,23.0418],[110.7458,23.0482],[110.7362,23.0586],[110.7168,23.0428],[110.7062,23.0451],[110.7081,23.0528],[110.7061,23.0617],[110.6934,23.0616],[110.6811,23.0665],[110.674,23.0755],[110.6802,23.0875],[110.6697,23.0881],[110.6637,23.0923],[110.6598,23.1034],[110.6592,23.1168],[110.6465,23.1167],[110.6351,23.1191],[110.6303,23.1246],[110.6202,23.1237],[110.6107,23.1186],[110.6035,23.119],[110.6016,23.1032],[110.5903,23.0927],[110.586,23.0998],[110.5729,23.1124],[110.5685,23.1106],[110.5497,23.1134],[110.5486,23.1271],[110.5457,23.1288]]]},"properties":{"region_code":"CN-45-4509","parent_region_code":"CN-45","name":"玉林市","level":"prefecture","has_children":true,"full_path":"中国 / 广西壮族自治区 / 玉林市","source_admin_code":"4509","osm_relation_id":2776309}},
{"type":"Feature","geometry":{"type":"Polygon","coordinates":[[[107.7117,23.5578],[107.7102,23.5703],[107.7033,23.5778],[107.6999,23.5906],[107.7016,23.5984],[107.7091,23.599],[107.6997,23.6109],[107.7068,23.6206],[107.7039,23.6336],[107.7121,23.6323],[107.7176,23.6407],[107.7364,23.647],[107.7455,23.6571],[107.7521,23.6562],[107.7585,23.6701],[107.7722,23.6766],[107.7864,23.6669],[107.8044,23.665],[107.804,23.6704],[107.8201,23.6798],[107.8177,23.6916],[107.8272,23.7028],[107.8233,23.7109],[107.8293,23.7182],[107.8217,23.7286],[107.8123,23.7309],[107.8089,23.7421],[107.8084,23.7558],[107.7934,23.7631],[107.7877,23.7598],[107.7773,23.7707],[107.764,23.7614],[107.7484,23.7614],[107.7457,23.7704],[107.7322,23.787],[107.7329,23.7923],[107.7474,23.794],[107.749,23.7984],[107.7393,23.803],[107.7203,23.8011],[107.7113,23.7975],[107.7058,23.8002],[107.694,23.7947],[107.6935,23.8023],[107.6771,23.8079],[107.6685,23.7985],[107.6562,23.792],[107.6487,23.7816],[107.6382,23.7769],[107.6267,23.7801],[107.6163,23.7782],[107.5991,23.787],[107.591,23.7934],[107.5836,23.7939],[107.5739,23.8026],[107.5648,23.8063],[107.5715,23.8179],[107.5683,23.8253],[107.5677,23.8392],[107.5556,23.8407],[107.5323,23.849],[107.5247,23.8645],[107.54,23.8723],[107.5455,23.8795],[107.5335,23.8919],[107.5274,23.8897],[107.5123,23.8936],[107.4979,23.8888],[107.494,23.8752],[107.4898,23.8721],[107.483,23.879],[107.4754,23.8809],[107.4758,23.8642],[107.4622,23.8606],[107.4617,23.8557],[107.4516,23.8424],[107.4499,23.8351],[107.4405,23.8326],[107.4331,23.8363],[107.4241,23.8363],[107.4239,23.8429],[107.4187,23.8524],[107.4054,23.8682],[107.4003,23.8767],[107.3864,23.8748],[107.3816,23.8825],[107.3844,23.9035],[107.379,23.9064],[107.3725,23.9222],[107.3591,23.9234],[107.3603,23.9165],[107.3475,23.9075],[107.346,23.9122],[107.3333,23.9167],[107.3247,23.9141],[107.3208,23.9242],[107.3154,23.9266],[107.3045,23.9204],[107.3029,23.9272],[107.2937,23.9366],[107.2925,23.9443],[107.2947,23.9561],[107.2734,23.9819],[107.281,23.9929],[107.2618,23.9971],[107.2485,23.9693],[107.2222,23.9708],[107.2142,23.9736],[107.213,23.9796],[107.2004,23.9737],[107.1924,23.9732],[107.1883,23.9814],[107.1679,23.993],[107.1583,23.9889],[107.1432,23.9961],[107.1347,24.0171],[107.1335,24.032],[107.1274,24.0356],[107.1314,24.0468],[107.1212,24.0522],[107.0953,24.0512],[107.0836,24.053],[107.0605,24.0596],[107.0552,24.0597],[107.043,24.0426],[107.0332,24.0324],[107.0195,24.0309],[107.0149,24.026],[106.9997,24.0446],[106.9947,24.0442],[106.9841,24.0628],[106.9723,24.065],[106.9621,24.0767],[106.9532,24.0756],[106.9502,24.0827],[106.9402,24.0875],[106.9396,24.0959],[106.9497,24.1006],[106.9614,24.1032],[106.9518,24.1116],[106.9434,24.115],[106.9352,24.1042],[106.9209,24.1035],[106.9092,24.1002],[106.9007,24.1119],[106.8918,24.114],[106.8907,24.13],[106.8793,24.1357],[106.877,24.1492],[106.8665,24.1652],[106.856,24.1682],[106.8589,24.1779],[106.8559,24.1811],[106.8666,24.1911],[106.8651,24.1971],[106.8985,24.212],[106.9081,24.2231],[106.9098,24.2335],[106.9197,24.2469],[106.9221,24.2558],[106.9166,24.2648],[106.9039,24.2645],[106.8944,24.2716],[106.9023,24.2758],[106.9065,24.2834],[106.9025,24.2918],[106.8916,24.2966],[106.8885,24.3109],[106.8792,24.3121],[106.8774,24.3168],[106.8923,24.324],[106.895,24.3369],[106.8935,24.3507],[106.8842,24.3522],[106.8879,24.37],[106.8961,24.3751],[106.8955,24.3884],[106.8883,24.3917],[106.8856,24.4086],[106.8771,24.3978],[106.8776,24.3926],[106.8569,24.3961],[106.8551,24.4047],[106.8428,24.4088],[106.8416,24.4138],[106.847,24.4243],[106.8332,24.4353],[106.8266,24.4459],[106.816,24.4456],[106.8044,24.4542],[106.8012,24.4607],[106.8051,24.4706],[106.8139,24.4772],[106.8192,24.4853],[106.8077,24.4919],[106.7984,24.5015],[106.8037,24.5135],[106.7957,24.5178],[106.7895,24.5139],[106.7746,24.512],[106.7673,24.5151],[106.76,24.5455],[106.7709,24.5489],[106.7627,24.5558],[106.7708,24.5663],[106.7643,24.5713],[106.7682,24.5801],[106.7749,24.5853],[106.7618,24.5954],[106.7636,24.6123],[106.7455,24.6197],[106.7251,24.6182],[106.7202,24.6103],[106.7043,24.6086],[106.6973,24.6033],[106.683,24.6032],[106.6903,24.6261],[106.7009,24.6269],[106.7102,24.6461],[106.7179,24.6505],[106.7236,24.6464],[106.7353,24.6442],[106.7474,24.6513],[106.7605,24.6531],[106.7711,24.6589],[106.7793,24.6548],[106.7915,24.657],[106.8029,24.6619],[106.8027,24.6659],[106.8133,24.6746],[106.8128,24.6886],[106.7893,24.6881],[106.7816,24.6942],[106.779,24.7061],[106.7566,24.7245],[106.73,24.7304],[106.7215,24.7399],[106.7146,24.7383],[106.706,24.7462],[106.6916,24.7528],[106.6809,24.7655],[106.6726,24.7678],[106.6638,24.7748],[106.6587,24.7979],[106.6688,24.8071],[106.6874,24.8121],[106.6962,24.8173],[106.7146,24.8104],[106.7249,24.8133],[106.7399,24.8079],[106.7572,24.7924],[106.7783,24.7887],[106.7825,24.7964],[106.7831,24.8067],[106.7919,24.8194],[106.7976,24.8202],[106.7949,24.8362],[106.82,24.8443],[106.8188,24.8549],[106.8321,24.8606],[106.8373,24.8538],[106.8469,24.8502],[106.8461,24.863],[106.8362,24.8739],[106.833,24.8825],[106.822,24.8896],[106.8252,24.8961],[106.8152,24.9049],[106.8032,24.9086],[106.7968,24.9233],[106.7888,24.9231],[106.785,24.9284],[106.7753,24.9284],[106.7652,24.9382],[106.7563,24.9528],[106.7545,24.9625],[106.7422,24.9674],[106.7363,24.9737],[106.739,24.9817],[106.7287,24.9941],[106.7269,25.0008],[106.7172,25.0063],[106.7211,25.0166],[106.7215,25.03],[106.7296,25.0269],[106.7417,25.0341],[106.7504,25.0254],[106.7601,25.0279],[106.7611,25.0341],[106.7548,25.0495],[106.7439,25.0608],[106.7385,25.0721],[106.75,25.0879],[106.7407,25.1014],[106.7051,25.0974],[106.6958,25.0892],[106.682,25.0818],[106.6688,25.0605],[106.6545,25.0667],[106.6298,25.0634],[106.6182,25.0673],[106.619,25.0576],[106.6,25.0494],[106.5761,25.072],[106.573,25.0816],[106.5681,25.0865],[106.547,25.0853],[106.5295,25.0755],[106.5152,25.0553],[106.4591,25.0429],[106.446,25.035],[106.4401,25.0233],[106.4093,25.0165],[106.404,25.0082],[106.3873,25.0084],[106.3518,24.9941],[106.3286,24.9912],[106.3128,24.986],[106.3031,24.9779],[106.283,24.9805],[106.2784,24.9833],[106.2585,24.9805],[106.2475,24.9738],[106.2343,24.9766],[106.226,24.9831],[106.2148,24.9855],[106.2088,24.9833],[106.2046,24.9755],[106.1957,24.9682],[106.1882,24.9566],[106.1837,24.9543],[106.1672,24.9624],[106.1499,24.9643],[106.1404,24.957],[106.1454,24.9495],[106.159,24.9398],[106.1646,24.9274],[106.1794,24.9055],[106.1886,24.9],[106.1934,24.889],[106.1927,24.8759],[106.2015,24.8625],[106.2024,24.8534],[106.1974,24.8438],[106.1975,24.8324],[106.1947,24.8179],[106.1813,24.8021],[106.1842,24.7946],[106.1766,24.7813],[106.1706,24.7641],[106.163,24.7597],[106.1487,24.7659],[106.1393,24.7583],[106.1359,24.7389],[106.1301,24.732],[106.1153,24.7281],[106.1079,24.7142],[106.0961,24.7095],[106.0796,24.7072],[106.0522,24.6933],[106.0416,24.6839],[106.0433,24.6751],[106.0355,24.6573],[106.0246,24.6443],[106.021,24.636],[106.0076,24.639],[105.991,24.6514],[105.9874,24.652],[105.9835,24.6635],[105.9735,24.6724],[105.9598,24.6797],[105.95,24.6914],[105.9437,24.7062],[105.9388,24.7282],[105.9313,24.7301],[105.9226,24.728],[105.902,24.7286],[105.8863,24.7263],[105.8788,24.733],[105.8612,24.7325],[105.8537,24.7207],[105.8358,24.7129],[105.8264,24.7067],[105.8115,24.7044],[105.796,24.7061],[105.7635,24.7229],[105.7553,24.7381],[105.736,24.7446],[105.7224,24.7581],[105.7015,24.7723],[105.6744,24.7789],[105.6491,24.7748],[105.6248,24.7794],[105.6166,24.784],[105.6105,24.7914],[105.606,24.8059],[105.596,24.8111],[105.5789,24.806],[105.5724,24.8011],[105.5605,24.8004],[105.527,24.8033],[105.4952,24.8111],[105.4899,24.8207],[105.4903,24.833],[105.486,24.8445],[105.4792,24.8509],[105.4678,24.8546],[105.4599,24.8679],[105.4525,24.8757],[105.453,24.8823],[105.4414,24.9234],[105.4271,24.9324],[105.3849,24.9459],[105.3637,24.9461],[105.3477,24.9422],[105.3356,24.9361],[105.3315,24.9291],[105.3245,24.9268],[105.3003,24.9272],[105.2827,24.9309],[105.2622,24.9333],[105.2549,24.9445],[105.2543,24.952],[105.2609,24.9585],[105.2589,24.9639],[105.2497,24.9713],[105.2394,24.966],[105.2316,24.9704],[105.2313,24.9824],[105.2117,24.9839],[105.2148,24.9955],[105.2098,24.9989],[105.1915,24.9964],[105.1769,24.9875],[105.1536,24.9607],[105.1417,24.9674],[105.13,24.965],[105.1228,24.9493],[105.1135,24.9462],[105.0721,24.9195],[105.0649,24.8993],[105.0369,24.8776],[105.0354,24.8382],[105.0246,24.8218],[105.0309,24.7973],[105.0309,24.7913],[105.011,24.7891],[104.9856,24.7752],[104.9523,24.768],[104.9037,24.7587],[104.8653,24.7373],[104.8579,24.7024],[104.8479,24.6916],[104.8407,24.6804],[104.8237,24.6745],[104.7619,24.6604],[104.7475,24.6479],[104.7473,24.6383],[104.7403,24.6242],[104.7277,24.6207],[104.7113,24.6246],[104.6955,24.6355],[104.7024,24.6469],[104.6961,24.6527],[104.6624,24.6605],[104.6306,24.6616],[104.5981,24.6997],[104.5949,24.7116],[104.5879,24.7149],[104.5708,24.7172],[104.557,24.7311],[104.5274,24.7343],[104.5174,24.7298],[104.5118,24.7075],[104.5015,24.6927],[104.5021,24.6853],[104.4973,24.6714],[104.4883,24.6569],[104.4779,24.6557],[104.4648,24.6437],[104.449,24.6476],[104.4486,24.6418],[104.4601,24.6357],[104.4696,24.6381],[104.4728,24.648],[104.4848,24.6473],[104.4869,24.6408],[104.5033,24.6318],[104.5011,24.6162],[104.5005,24.5927],[104.504,24.5903],[104.5064,24.5755],[104.5132,24.568],[104.515,24.5518],[104.5182,24.5417],[104.5272,24.5336],[104.5324,24.5383],[104.5406,24.5258],[104.5467,24.5244],[104.5434,24.5046],[104.5447,24.4928],[104.549,24.49],[104.555,24.4788],[104.5639,24.4767],[104.565,24.4644],[104.5715,24.451],[104.5708,24.441],[104.5733,24.4245],[104.5804,24.419],[104.5891,24.4256],[104.6151,24.423],[104.6211,24.4174],[104.6231,24.4077],[104.6279,24.4009],[104.6185,24.3967],[104.6092,24.3791],[104.6265,24.3731],[104.6393,24.3708],[104.6616,24.3543],[104.6834,24.331],[104.702,24.3208],[104.7106,24.3224],[104.7163,24.3275],[104.7207,24.3424],[104.7189,24.3588],[104.7065,24.4066],[104.707,24.4132],[104.7017,24.4238],[104.7103,24.4347],[104.7119,24.4418],[104.7264,24.4475],[104.7455,24.438],[104.7521,24.4373],[104.7527,24.458],[104.7663,24.4615],[104.7825,24.4453],[104.8204,24.4402],[104.8327,24.45],[104.8425,24.45],[104.847,24.4399],[104.8615,24.4408],[104.8704,24.434],[104.887,24.434],[104.8977,24.4293],[104.9133,24.4259],[104.9327,24.4115],[104.9417,24.4089],[104.9493,24.4132],[104.9768,24.408],[104.9872,24.4129],[104.9915,24.4237],[105.0102,24.4378],[105.0439,24.4418],[105.0544,24.44],[105.0565,24.4322],[105.0701,24.4308],[105.083,24.4227],[105.0928,24.4221],[105.1066,24.4161],[105.1057,24.4066],[105.0988,24.3896],[105.1087,24.3752],[105.1154,24.3746],[105.1357,24.3791],[105.1415,24.3784],[105.1679,24.3587],[105.1849,24.3499],[105.1932,24.3399],[105.1945,24.3302],[105.187,24.3214],[105.1781,24.3167],[105.1696,24.3068],[105.1733,24.2905],[105.1627,24.2924],[105.1572,24.2841],[105.1657,24.2801],[105.1777,24.2669],[105.1752,24.2564],[105.1937,24.2557],[105.1986,24.2514],[105.2027,24.2343],[105.2115,24.2174],[105.2299,24.2224],[105.2296,24.2145],[105.2402,24.211],[105.2367,24.1906],[105.2327,24.1816],[105.2271,24.1798],[105.2265,24.1678],[105.2131,24.1643],[105.2062,24.1691],[105.1802,24.1702],[105.1745,24.1573],[105.1804,24.153],[105.1792,24.1352],[105.1912,24.1264],[105.1974,24.1087],[105.2153,24.0947],[105.2252,24.0887],[105.2319,24.0783],[105.249,24.0726],[105.2571,24.064],[105.2627,24.0673],[105.2813,24.0672],[105.2899,24.0831],[105.2836,24.0844],[105.2705,24.0954],[105.2701,24.1044],[105.2823,24.1025],[105.2908,24.1166],[105.3007,24.1143],[105.3169,24.1193],[105.327,24.1096],[105.3249,24.1047],[105.3287,24.0953],[105.3354,24.099],[105.3432,24.095],[105.344,24.089],[105.357,24.0891],[105.3625,24.0805],[105.3736,24.08],[105.3788,24.0706],[105.3938,24.0677],[105.4035,24.0465],[105.4097,24.0416],[105.4246,24.0372],[105.4418,24.0352],[105.4472,24.0321],[105.4579,24.0326],[105.4777,24.0222],[105.4899,24.02],[105.4973,24.028],[105.5039,24.0276],[105.507,24.037],[105.5018,24.0461],[105.5061,24.0552],[105.5059,24.0635],[105.5128,24.0733],[105.5155,24.0852],[105.5143,24.0969],[105.5169,24.1062],[105.5275,24.1165],[105.5245,24.129],[105.5301,24.1329],[105.5462,24.1267],[105.5536,24.1316],[105.5658,24.1347],[105.5826,24.1322],[105.5928,24.1414],[105.6092,24.1374],[105.6249,24.1307],[105.6259,24.1065],[105.6299,24.101],[105.6302,24.0917],[105.6398,24.0909],[105.6429,24.0849],[105.6364,24.0791],[105.6409,24.0694],[105.6359,24.0582],[105.6437,24.0344],[105.6527,24.0353],[105.6538,24.0413],[105.6641,24.0391],[105.6753,24.0427],[105.6774,24.0497],[105.6855,24.0502],[105.6948,24.0574],[105.6974,24.0665],[105.7045,24.067],[105.7173,24.0603],[105.7212,24.0637],[105.7325,24.0582],[105.7432,24.0616],[105.7451,24.0673],[105.7573,24.0744],[105.7738,24.0682],[105.7827,24.0703],[105.7973,24.0551],[105.7953,24.0492],[105.7864,24.0439],[105.7848,24.0328],[105.7942,24.0264],[105.8068,24.0329],[105.8199,24.0344],[105.8276,24.0302],[105.8399,24.033],[105.8473,24.0535],[105.8548,24.059],[105.8666,24.0518],[105.8884,24.0421],[105.8991,24.0515],[105.9054,24.0729],[105.8918,24.0877],[105.8961,24.096],[105.896,24.1112],[105.9194,24.124],[105.928,24.1236],[105.9333,24.1164],[105.9431,24.1118],[105.9543,24.1162],[105.9599,24.1132],[105.9703,24.1165],[105.9729,24.1204],[105.9942,24.1214],[106.0012,24.1148],[106.0047,24.1057],[106.0114,24.1019],[106.02,24.1061],[106.0317,24.0982],[106.043,24.0939],[106.0511,24.0645],[106.0483,24.0601],[106.0513,24.0495],[106.0602,24.0431],[106.0708,24.0392],[106.0699,24.0319],[106.0798,24.0342],[106.0897,24.0331],[106.0939,24.0155],[106.0884,24.0067],[106.0812,24.0021],[106.0792,23.995],[106.0917,23.9927],[106.1137,23.9672],[106.1302,23.9629],[106.1365,23.9508],[106.1352,23.9395],[106.1366,23.9232],[106.1401,23.9231],[106.1499,23.9119],[106.1529,23.8991],[106.1582,23.8925],[106.158,23.8859],[106.1769,23.883],[106.182,23.8865],[106.1907,23.8854],[106.1968,23.8726],[106.1903,23.8622],[106.1806,23.8655],[106.1698,23.8653],[106.1753,23.8488],[106.1853,23.8453],[106.1948,23.8374],[106.1947,23.8309],[106.1828,23.8179],[106.1667,23.8198],[106.1612,23.8268],[106.1331,23.7993],[106.142,23.7844],[106.1377,23.7793],[106.1444,23.7738],[106.1402,23.7687],[106.1422,23.7587],[106.1393,23.7531],[106.1456,23.7482],[106.1434,23.7393],[106.1479,23.7301],[106.1605,23.7239],[106.1562,23.7],[106.1485,23.6922],[106.151,23.6617],[106.1384,23.6448],[106.1396,23.6343],[106.1337,23.6211],[106.1211,23.6123],[106.1156,23.6038],[106.1193,23.5982],[106.1186,23.588],[106.1389,23.576],[106.1253,23.5601],[106.1206,23.5467],[106.1036,23.5365],[106.1045,23.531],[106.0802,23.5243],[106.0781,23.5143],[106.0716,23.508],[106.0694,23.4902],[106.0574,23.4886],[106.0475,23.4818],[106.039,23.4892],[106.0214,23.4756],[106.022,23.4678],[106.0089,23.4576],[106.0076,23.4538],[105.9969,23.4495],[105.9866,23.4563],[105.9829,23.4622],[105.9946,23.4708],[105.9942,23.4826],[105.9893,23.4936],[105.9686,23.4925],[105.9621,23.4996],[105.9554,23.495],[105.9443,23.4952],[105.935,23.5067],[105.9201,23.5082],[105.903,23.5004],[105.9003,23.522],[105.8851,23.5322],[105.8779,23.5313],[105.8637,23.5352],[105.8547,23.5297],[105.8477,23.5315],[105.8364,23.5286],[105.8274,23.5189],[105.8131,23.5101],[105.8162,23.4817],[105.8068,23.4679],[105.797,23.4735],[105.7821,23.47],[105.7747,23.4651],[105.7566,23.4636],[105.7505,23.4591],[105.7519,23.4465],[105.7472,23.4389],[105.7299,23.4328],[105.715,23.4163],[105.7126,23.4113],[105.7012,23.4059],[105.6951,23.3982],[105.6831,23.3995],[105.6766,23.4093],[105.6685,23.4113],[105.6615,23.4035],[105.6493,23.4073],[105.6388,23.4078],[105.6369,23.4014],[105.6464,23.4006],[105.6591,23.3908],[105.6654,23.3918],[105.6709,23.3867],[105.6737,23.3766],[105.685,23.3745],[105.6912,23.3694],[105.6887,23.3606],[105.6796,23.3583],[105.6696,23.3608],[105.667,23.3541],[105.6844,23.3505],[105.6938,23.3409],[105.6987,23.3321],[105.6906,23.3266],[105.6845,23.3301],[105.679,23.3243],[105.6672,23.33],[105.6723,23.3406],[105.6631,23.3501],[105.6468,23.3486],[105.6461,23.3427],[105.6333,23.3365],[105.6202,23.3272],[105.6111,23.3257],[105.6114,23.3159],[105.5953,23.3171],[105.5832,23.3081],[105.5879,23.2983],[105.5761,23.2913],[105.5657,23.2808],[105.5676,23.2679],[105.5497,23.2499],[105.5428,23.2508],[105.531,23.2451],[105.5319,23.2353],[105.5263,23.2249],[105.5387,23.2118],[105.5444,23.2019],[105.5411,23.1941],[105.5541,23.1856],[105.5613,23.1675],[105.5734,23.1611],[105.5716,23.1493],[105.5634,23.1433],[105.5655,23.1327],[105.5602,23.1268],[105.5651,23.1205],[105.561,23.1156],[105.5635,23.1081],[105.5633,23.0933],[105.5693,23.0753],[105.5827,23.0675],[105.5902,23.0702],[105.5944,23.0761],[105.6063,23.0763],[105.617,23.0675],[105.6268,23.0716],[105.6306,23.0801],[105.6451,23.0829],[105.6516,23.0755],[105.6587,23.0751],[105.676,23.0636],[105.6875,23.0629],[105.7221,23.0637],[105.7223,23.0576],[105.7299,23.0542],[105.7319,23.0385],[105.7422,23.0318],[105.7477,23.0349],[105.7591,23.0319],[105.7792,23.0235],[105.7913,23.004],[105.8042,22.9929],[105.8155,22.9885],[105.8186,22.9959],[105.825,22.9964],[105.8373,22.9879],[105.8377,22.9809],[105.8514,22.9726],[105.8537,22.9653],[105.8457,22.9589],[105.8539,22.9511],[105.8541,22.944],[105.8663,22.9399],[105.8723,22.9334],[105.87,22.9242],[105.8757,22.9168],[105.8868,22.9197],[105.8835,22.9254],[105.8902,22.9393],[105.9031,22.9411],[105.9094,22.9394],[105.9218,22.9464],[105.9329,22.9401],[105.9468,22.9376],[105.9551,22.9402],[105.9566,22.9514],[105.9813,22.9467],[105.9889,22.9407],[106.003,22.9474],[106.0074,22.9674],[106.0017,22.9834],[106.0012,22.9921],[106.0182,22.9911],[106.0286,22.9938],[106.0493,22.9937],[106.0629,22.9916],[106.075,22.9988],[106.0961,22.9961],[106.1009,22.9867],[106.1087,22.9908],[106.1177,22.9853],[106.1318,22.991],[106.1349,22.997],[106.1551,22.9912],[106.1733,22.9833],[106.1848,22.9893],[106.1922,22.9851],[106.1999,22.9866],[106.2117,22.9713],[106.2169,22.9702],[106.2243,22.9584],[106.2381,22.9514],[106.2335,22.9441],[106.2417,22.9417],[106.2469,22.9352],[106.2482,22.9252],[106.259,22.9191],[106.2641,22.9065],[106.2586,22.8965],[106.2492,22.8938],[106.2635,22.8819],[106.264,22.8743],[106.2726,22.8744],[106.2865,22.8674],[106.2928,22.8745],[106.2975,22.8736],[106.3114,22.864],[106.3281,22.8741],[106.3455,22.8561],[106.3519,22.8559],[106.3614,22.8636],[106.3636,22.8774],[106.3683,22.8818],[106.3782,22.8842],[106.3902,22.8839],[106.3988,22.8808],[106.4055,22.8743],[106.4153,22.8758],[106.4084,22.8859],[106.4231,22.8953],[106.4298,22.8863],[106.4404,22.8898],[106.4474,22.9027],[106.4539,22.9046],[106.4616,22.8945],[106.4697,22.8998],[106.4739,22.9092],[106.4854,22.9016],[106.5007,22.9091],[106.4988,22.9178],[106.5002,22.9289],[106.5087,22.9383],[106.5131,22.9484],[106.5266,22.9478],[106.5294,22.9415],[106.5407,22.9388],[106.5439,22.9292],[106.567,22.9191],[106.5722,22.9245],[106.5827,22.9262],[106.5928,22.9328],[106.6011,22.9292],[106.6089,22.9199],[106.6099,22.9095],[106.6193,22.8974],[106.6382,22.8862],[106.6486,22.867],[106.6668,22.876],[106.6678,22.891],[106.6623,22.9],[106.6673,22.9097],[106.6754,22.9129],[106.6767,22.9256],[106.683,22.93],[106.6957,22.9324],[106.7031,22.9418],[106.7154,22.9455],[106.7149,22.9643],[106.7287,22.9721],[106.7373,22.9678],[106.7442,22.9731],[106.7556,22.9927],[106.7632,22.9952],[106.7617,23.0051],[106.7722,23.0102],[106.789,23.0236],[106.799,23.034],[106.7909,23.0353],[106.7901,23.0489],[106.7959,23.0566],[106.807,23.0648],[106.8072,23.0716],[106.8125,23.0775],[106.791,23.0893],[106.7834,23.0801],[106.7755,23.0768],[106.7627,23.082],[106.7621,23.0944],[106.7746,23.1038],[106.7753,23.112],[106.7624,23.115],[106.7653,23.1275],[106.7654,23.1381],[106.7766,23.1414],[106.7883,23.1587],[106.777,23.173],[106.7729,23.183],[106.7993,23.1855],[106.8118,23.2016],[106.8253,23.1965],[106.8341,23.1964],[106.8458,23.2059],[106.8509,23.2058],[106.8642,23.2144],[106.876,23.2277],[106.8861,23.2303],[106.8891,23.2255],[106.9004,23.2227],[106.9068,23.2332],[106.9177,23.2454],[106.9167,23.2653],[106.922,23.2716],[106.934,23.2785],[106.9267,23.2876],[106.9307,23.2938],[106.9397,23.2961],[106.939,23.3016],[106.9493,23.3098],[106.9572,23.3037],[106.9651,23.3058],[106.9912,23.3009],[107.0006,23.3141],[107.0111,23.3115],[107.0232,23.3053],[107.0322,23.3061],[107.0346,23.3016],[107.0292,23.2948],[107.0406,23.2889],[107.0382,23.2736],[107.0465,23.275],[107.0547,23.2803],[107.0722,23.2756],[107.0773,23.2809],[107.0987,23.285],[107.1055,23.2883],[107.1115,23.2836],[107.1216,23.2871],[107.1296,23.2938],[107.1332,23.3051],[107.1439,23.3057],[107.1639,23.3153],[107.1758,23.3264],[107.1772,23.3319],[107.1848,23.3359],[107.2011,23.3358],[107.2013,23.3239],[107.2069,23.319],[107.2195,23.3178],[107.2289,23.323],[107.2351,23.3182],[107.2428,23.3216],[107.2519,23.3296],[107.2513,23.3382],[107.2584,23.3402],[107.2686,23.3488],[107.282,23.3497],[107.2963,23.3564],[107.3002,23.3427],[107.3065,23.3388],[107.3146,23.3447],[107.3196,23.337],[107.331,23.3415],[107.3396,23.3367],[107.3439,23.3276],[107.35,23.3287],[107.353,23.3218],[107.3479,23.3081],[107.3504,23.2931],[107.3636,23.2782],[107.3625,23.2705],[107.3729,23.2732],[107.38,23.2708],[107.3797,23.2643],[107.3723,23.2594],[107.3728,23.2523],[107.3801,23.2478],[107.3914,23.2466],[107.3992,23.2486],[107.4092,23.2559],[107.4204,23.2608],[107.4354,23.2606],[107.4572,23.2511],[107.4675,23.2551],[107.4755,23.2522],[107.4689,23.2444],[107.4633,23.2276],[107.4881,23.229],[107.5086,23.2248],[107.5175,23.2205],[107.528,23.2112],[107.5363,23.2093],[107.5508,23.2116],[107.5597,23.2067],[107.5656,23.2219],[107.5574,23.2282],[107.5649,23.2326],[107.5726,23.2284],[107.5795,23.2309],[107.5779,23.2404],[107.5826,23.25],[107.5706,23.2611],[107.5749,23.2671],[107.5747,23.2787],[107.569,23.2849],[107.5776,23.2876],[107.5802,23.2977],[107.5867,23.2937],[107.5924,23.2962],[107.6126,23.2943],[107.6189,23.2915],[107.6458,23.2847],[107.6517,23.2775],[107.6672,23.2851],[107.6872,23.2839],[107.6982,23.2816],[107.7005,23.2885],[107.7081,23.2884],[107.7092,23.302],[107.7298,23.3045],[107.7465,23.3151],[107.7443,23.3392],[107.7561,23.3426],[107.7697,23.3524],[107.7732,23.3471],[107.7846,23.3495],[107.7977,23.3435],[107.8147,23.3467],[107.8134,23.3379],[107.8302,23.337],[107.833,23.3478],[107.8217,23.3444],[107.8169,23.3511],[107.8289,23.3529],[107.8244,23.3651],[107.8243,23.372],[107.8292,23.3763],[107.8474,23.3844],[107.8538,23.3899],[107.8535,23.3962],[107.863,23.4051],[107.8595,23.4146],[107.8612,23.4206],[107.8746,23.4278],[107.8785,23.4477],[107.8634,23.4438],[107.8488,23.4351],[107.8387,23.439],[107.8314,23.4311],[107.8265,23.434],[107.8148,23.4321],[107.8015,23.439],[107.7923,23.4316],[107.7832,23.4413],[107.7719,23.4423],[107.76,23.4497],[107.7471,23.4446],[107.7355,23.4528],[107.7375,23.4637],[107.7326,23.4781],[107.7265,23.4836],[107.7325,23.4934],[107.7263,23.5051],[107.7284,23.515],[107.734,23.517],[107.7351,23.5268],[107.73,23.5377],[107.7177,23.5438],[107.7117,23.5578]]]},"properties":{"region_code":"CN-45-4510","parent_region_code":"CN-45","name":"百色市","level":"prefecture","has_children":true,"full_path":"中国 / 广西壮族自治区 / 百色市","source_admin_code":"4510","osm_relation_id":2773986}},
{"type":"Feature","geometry":{"type":"Polygon","coordinates":[[[110.5671,24.3635],[110.5695,24.3555],[110.5763,24.3508],[110.5731,24.3373],[110.5725,24.325],[110.5864,24.3232],[110.5979,24.3275],[110.6152,24.323],[110.62,24.3136],[110.6099,24.3069],[110.6094,24.2968],[110.6056,24.2903],[110.597,24.2644],[110.6167,24.2447],[110.6252,24.2338],[110.6257,24.2254],[110.6341,24.2258],[110.6445,24.2206],[110.6502,24.2213],[110.6711,24.2167],[110.6749,24.2049],[110.6881,24.1881],[110.7016,24.1888],[110.7043,24.1834],[110.715,24.1795],[110.7195,24.1724],[110.7117,24.1655],[110.7124,24.1602],[110.704,24.1449],[110.6903,24.135],[110.6931,24.1283],[110.6854,24.1259],[110.6825,24.1202],[110.6906,24.1043],[110.6821,24.0854],[110.6836,24.0783],[110.6697,24.0638],[110.6812,24.0532],[110.6983,24.0341],[110.7159,24.0287],[110.7211,24.0248],[110.7405,24.0228],[110.7471,24.0153],[110.7313,24.006],[110.7236,23.9914],[110.7138,23.9576],[110.7209,23.9483],[110.7291,23.9541],[110.7531,23.9503],[110.759,23.9524],[110.7757,23.9515],[110.7832,23.9476],[110.7887,23.9364],[110.8096,23.9204],[110.8179,23.908],[110.8252,23.905],[110.8297,23.8984],[110.8367,23.896],[110.8529,23.8968],[110.8554,23.8849],[110.8626,23.8804],[110.8684,23.8677],[110.8575,23.8539],[110.8331,23.84],[110.8319,23.836],[110.8455,23.832],[110.8443,23.8212],[110.8534,23.8079],[110.8773,23.8179],[110.8852,23.8169],[110.8892,23.8091],[110.8906,23.792],[110.8855,23.7802],[110.8729,23.7737],[110.8711,23.7663],[110.8859,23.7562],[110.8945,23.7471],[110.8939,23.7355],[110.8889,23.7311],[110.887,23.72],[110.8886,23.705],[110.9007,23.6873],[110.9094,23.688],[110.9173,23.6755],[110.9176,23.6664],[110.9261,23.6624],[110.9294,23.6677],[110.9439,23.6719],[110.9486,23.6674],[110.947,23.6567],[110.9577,23.6561],[110.9616,23.661],[110.9637,23.6736],[110.9521,23.6951],[110.9551,23.702],[110.9497,23.7129],[110.9535,23.7266],[110.9784,23.7312],[110.9713,23.736],[110.9763,23.7549],[110.9744,23.766],[110.9815,23.7726],[111.0038,23.7597],[111.011,23.7629],[111.015,23.7739],[111.0222,23.7855],[111.0121,23.7892],[111.0094,23.7997],[111.0126,23.8076],[111.0106,23.8178],[111.021,23.8167],[111.0316,23.8085],[111.0494,23.8182],[111.0538,23.8316],[111.0778,23.8304],[111.0851,23.8379],[111.092,23.8501],[111.0952,23.8662],[111.1007,23.8697],[111.1002,23.8841],[111.1084,23.8885],[111.1212,23.8911],[111.141,23.9171],[111.1498,23.9312],[111.153,23.9451],[111.1645,23.9509],[111.1753,23.9467],[111.1879,23.9481],[111.2022,23.9468],[111.2109,23.9315],[111.2227,23.9214],[111.2214,23.9114],[111.2304,23.9056],[111.2291,23.9003],[111.2387,23.8913],[111.2487,23.8891],[111.2571,23.8932],[111.2683,23.8866],[111.2838,23.8874],[111.2887,23.8809],[111.295,23.88],[111.2955,23.8707],[111.3034,23.8714],[111.3081,23.8675],[111.3238,23.8657],[111.3364,23.8755],[111.3615,23.8733],[111.3559,23.8918],[111.3654,23.8979],[111.3736,23.8989],[111.3834,23.9052],[111.3986,23.9265],[111.4015,23.9356],[111.4106,23.9436],[111.4106,23.9549],[111.4054,23.9572],[111.4085,23.9682],[111.4021,23.976],[111.3996,23.9855],[111.3948,23.9904],[111.3978,23.9979],[111.3907,24.0128],[111.3892,24.023],[111.3969,24.0316],[111.4012,24.045],[111.4059,24.052],[111.3997,24.0558],[111.3971,24.0769],[111.4033,24.08],[111.4152,24.0778],[111.4254,24.0817],[111.4317,24.0883],[111.4398,24.0876],[111.4411,24.0937],[111.453,24.0876],[111.4629,24.0878],[111.4698,24.0918],[111.48,24.104],[111.4721,24.1171],[111.4804,24.1331],[111.495,24.1322],[111.4949,24.1411],[111.4866,24.142],[111.4864,24.1558],[111.4942,24.1661],[111.5053,24.1714],[111.5146,24.1627],[111.5217,24.1628],[111.5247,24.1548],[111.535,24.1528],[111.5425,24.1438],[111.555,24.142],[111.5649,24.1476],[111.5711,24.1446],[111.573,24.1355],[111.5665,24.1268],[111.5739,24.1168],[111.567,24.1073],[111.5836,24.0973],[111.5735,24.0878],[111.5658,24.077],[111.5614,24.0758],[111.5502,24.0635],[111.5392,24.0605],[111.5364,24.0525],[111.5292,24.0443],[111.5375,24.0308],[111.5388,24.0144],[111.5433,24.0076],[111.5399,24.002],[111.556,23.9963],[111.5598,24.0017],[111.5719,24.0036],[111.5819,23.9949],[111.597,23.9877],[111.5928,23.9775],[111.6191,23.9716],[111.6303,23.9632],[111.6476,23.9387],[111.6505,23.9281],[111.6426,23.9127],[111.6484,23.8928],[111.6559,23.8782],[111.6461,23.8639],[111.6515,23.8419],[111.6497,23.8361],[111.6593,23.8377],[111.6713,23.8274],[111.6883,23.82],[111.6918,23.8386],[111.6996,23.841],[111.7097,23.8357],[111.7187,23.8265],[111.7362,23.8224],[111.7407,23.8234],[111.7471,23.8154],[111.7606,23.8176],[111.7697,23.8108],[111.7798,23.8105],[111.791,23.8184],[111.8039,23.812],[111.8102,23.8322],[111.8196,23.8351],[111.8194,23.8516],[111.8146,23.854],[111.8186,23.8745],[111.8117,23.8778],[111.8074,23.8903],[111.8174,23.9064],[111.8177,23.914],[111.8337,23.9141],[111.8407,23.9072],[111.8525,23.9211],[111.8519,23.9301],[111.8459,23.9405],[111.8516,23.9512],[111.861,23.9492],[111.864,23.9432],[111.8742,23.9406],[111.8816,23.9472],[111.8924,23.9495],[111.9069,23.9468],[111.9051,23.9551],[111.9125,23.9552],[111.9298,23.9819],[111.9371,23.9855],[111.9279,23.997],[111.9267,24.0019],[111.9164,24.0149],[111.9159,24.0403],[111.9134,24.0449],[111.9007,24.0498],[111.8919,24.0725],[111.8824,24.0835],[111.8852,24.0896],[111.8784,24.0985],[111.8736,24.113],[111.8737,24.1298],[111.8773,24.1387],[111.8842,24.1655],[111.8664,24.1784],[111.8702,24.1938],[111.8694,24.2029],[111.8728,24.2319],[111.8774,24.233],[111.8884,24.2272],[111.9008,24.225],[111.9108,24.2257],[111.9157,24.2365],[111.9274,24.2387],[111.9376,24.2378],[111.9356,24.2482],[111.9475,24.2545],[111.9509,24.2633],[111.9572,24.2676],[111.9638,24.2666],[111.9739,24.258],[111.9828,24.2619],[111.9856,24.2724],[111.9845,24.281],[111.9978,24.2845],[112.0106,24.2968],[112.0208,24.2979],[112.0254,24.3043],[112.0279,24.3161],[112.0398,24.3235],[112.0451,24.3353],[112.0542,24.3438],[112.0564,24.3709],[112.0523,24.3898],[112.0382,24.3955],[112.0347,24.4022],[112.0367,24.413],[112.0251,24.4328],[112.0192,24.4369],[112.0178,24.4444],[112.0052,24.4506],[111.9945,24.4534],[111.9913,24.4622],[111.9814,24.4674],[111.9835,24.4754],[111.9823,24.4852],[111.9911,24.4978],[111.9968,24.4987],[112.0044,24.5057],[111.9999,24.515],[112.0021,24.5374],[111.9925,24.5541],[111.9835,24.556],[111.973,24.5643],[111.9741,24.5687],[111.9668,24.5816],[111.9582,24.5839],[111.9467,24.5945],[111.932,24.5989],[111.9333,24.6126],[111.9223,24.6325],[111.9294,24.6455],[111.9379,24.6455],[111.9478,24.6502],[111.9421,24.6629],[111.935,24.6706],[111.9394,24.6799],[111.935,24.6855],[111.937,24.6928],[111.9459,24.6972],[111.9571,24.7247],[111.9677,24.731],[111.9788,24.731],[111.9942,24.7366],[112.005,24.7333],[112.0179,24.7434],[112.0104,24.7478],[111.9999,24.7589],[111.98,24.7673],[111.9721,24.7657],[111.9628,24.7683],[111.9592,24.7754],[111.9432,24.7754],[111.9408,24.7666],[111.9248,24.7634],[111.9155,24.7704],[111.8908,24.7717],[111.8774,24.7603],[111.869,24.7672],[111.863,24.7816],[111.8539,24.7785],[111.8328,24.7842],[111.818,24.7795],[111.8036,24.7782],[111.7777,24.7897],[111.765,24.7892],[111.7591,24.7832],[111.7448,24.7774],[111.7322,24.7761],[111.706,24.7823],[111.6964,24.7798],[111.6835,24.7824],[111.6603,24.7637],[111.6468,24.7429],[111.6366,24.7327],[111.6324,24.7195],[111.6387,24.6995],[111.6351,24.6898],[111.6247,24.6909],[111.6128,24.6866],[111.5941,24.6969],[111.5832,24.6937],[111.5767,24.6831],[111.5684,24.6602],[111.5656,24.6477],[111.5545,24.6429],[111.549,24.6502],[111.542,24.6528],[111.5331,24.6472],[111.5308,24.6406],[111.5229,24.6402],[111.5134,24.6488],[111.5084,24.6595],[111.4986,24.6693],[111.4812,24.6756],[111.4663,24.6779],[111.4621,24.6693],[111.4468,24.6682],[111.4477,24.6758],[111.4419,24.6864],[111.4324,24.6839],[111.4271,24.6869],[111.4286,24.6965],[111.4445,24.7165],[111.4485,24.7293],[111.4566,24.7326],[111.4595,24.7392],[111.4555,24.7527],[111.4668,24.7704],[111.4809,24.8026],[111.4723,24.8275],[111.45,24.8522],[111.4499,24.8649],[111.4543,24.8752],[111.4517,24.8801],[111.4606,24.889],[111.446,24.9033],[111.4537,24.9089],[111.45,24.9165],[111.4556,24.9211],[111.4558,24.9294],[111.4614,24.9349],[111.4561,24.9462],[111.4411,24.9538],[111.4287,24.97],[111.4334,24.983],[111.4425,24.9968],[111.4551,24.9964],[111.4683,25.0211],[111.4633,25.0248],[111.4643,25.0329],[111.4584,25.0376],[111.4457,25.0339],[111.4308,25.0344],[111.4246,25.0397],[111.413,25.0435],[111.4188,25.0608],[111.4199,25.0765],[111.4184,25.0875],[111.423,25.0926],[111.4241,25.1067],[111.4131,25.105],[111.3997,25.1125],[111.398,25.1221],[111.3999,25.1298],[111.3817,25.1319],[111.3802,25.1256],[111.3682,25.121],[111.3685,25.1142],[111.3583,25.1095],[111.354,25.1044],[111.3439,25.1058],[111.3343,25.1025],[111.3167,25.107],[111.3029,25.1197],[111.2886,25.1263],[111.2818,25.1412],[111.2836,25.1468],[111.274,25.1505],[111.2617,25.1488],[111.2531,25.1307],[111.2411,25.1292],[111.2249,25.1202],[111.2212,25.1087],[111.2091,25.0978],[111.2013,25.088],[111.1975,25.0742],[111.1692,25.0665],[111.1595,25.0597],[111.1446,25.053],[111.1388,25.0449],[111.1277,25.0441],[111.1112,25.0457],[111.0976,25.0324],[111.1047,25.0147],[111.0996,25.0089],[111.1039,24.9886],[111.0916,24.9797],[111.0939,24.9684],[111.0948,24.949],[111.0904,24.9423],[111.1019,24.9189],[111.1094,24.9127],[111.1122,24.9019],[111.1215,24.8972],[111.1361,24.8998],[111.146,24.9077],[111.1631,24.9017],[111.1719,24.8818],[111.1648,24.8526],[111.1613,24.8511],[111.1563,24.8308],[111.1582,24.824],[111.1665,24.817],[111.17,24.8005],[111.1676,24.7878],[111.1719,24.7771],[111.1654,24.7724],[111.1515,24.7771],[111.1463,24.7647],[111.1342,24.7492],[111.126,24.7329],[111.109,24.7351],[111.099,24.7319],[111.102,24.7089],[111.0903,24.7078],[111.0851,24.7106],[111.0782,24.6974],[111.0726,24.6956],[111.0702,24.6876],[111.0597,24.6789],[111.0481,24.6752],[111.0389,24.6801],[111.0233,24.676],[111.0187,24.669],[111.0201,24.6584],[111.0146,24.6573],[111.0118,24.6447],[110.9992,24.6331],[110.9866,24.6322],[110.9879,24.6172],[111.0031,24.6134],[111.0055,24.6104],[110.9978,24.6011],[110.9921,24.5998],[110.9862,24.5915],[110.9789,24.5869],[110.9793,24.5814],[110.9891,24.5666],[110.9899,24.5604],[111.007,24.5561],[111.0136,24.5515],[111.0111,24.5418],[111.0145,24.5272],[111.0266,24.52],[111.0372,24.5086],[111.0443,24.4954],[111.0344,24.4927],[111.0241,24.4861],[111.0331,24.479],[111.0356,24.47],[111.0339,24.4632],[111.037,24.4546],[111.0191,24.4536],[111.0126,24.4482],[111.0194,24.4261],[111.0007,24.4043],[110.9947,24.4024],[110.988,24.3789],[110.9776,24.3737],[110.9636,24.3795],[110.957,24.3756],[110.9675,24.3644],[110.98,24.3628],[110.9839,24.3587],[111.0011,24.3561],[111.0122,24.3567],[111.021,24.3491],[111.0195,24.3348],[111.0073,24.3321],[111.0029,24.3174],[110.9961,24.3126],[110.982,24.3082],[110.9723,24.2973],[110.9552,24.3017],[110.9523,24.3116],[110.9549,24.3185],[110.9473,24.3332],[110.9388,24.3395],[110.9264,24.3224],[110.9287,24.3127],[110.9144,24.3123],[110.9145,24.3013],[110.9065,24.3007],[110.9049,24.2895],[110.8939,24.2743],[110.8818,24.2628],[110.8775,24.268],[110.875,24.2781],[110.8768,24.2945],[110.8708,24.2991],[110.8702,24.3105],[110.8734,24.3162],[110.8564,24.3262],[110.8566,24.3493],[110.8528,24.3541],[110.8551,24.3655],[110.8516,24.3856],[110.845,24.394],[110.8366,24.3974],[110.8082,24.3872],[110.7931,24.3636],[110.7853,24.3579],[110.7853,24.3486],[110.7908,24.3398],[110.7897,24.3347],[110.7945,24.3251],[110.7798,24.3172],[110.7674,24.3194],[110.7606,24.3256],[110.7581,24.3327],[110.7389,24.3318],[110.7345,24.3262],[110.7228,24.3299],[110.7121,24.3378],[110.6985,24.3442],[110.68,24.3451],[110.6706,24.3548],[110.6531,24.3596],[110.6381,24.3764],[110.6348,24.3882],[110.6289,24.3935],[110.6111,24.401],[110.6062,24.3974],[110.5888,24.4003],[110.5824,24.3818],[110.5834,24.3762],[110.5771,24.3669],[110.5671,24.3635]]]},"properties":{"region_code":"CN-45-4511","parent_region_code":"CN-45","name":"贺州市","level":"prefecture","has_children":true,"full_path":"中国 / 广西壮族自治区 / 贺州市","source_admin_code":"4511","osm_relation_id":2773741}},
{"type":"Feature","geometry":{"type":"Polygon","coordinates":[[[108.4753,24.0219],[108.4811,24.0303],[108.4919,24.0346],[108.5001,24.0241],[108.5025,24.0137],[108.5132,24.0052],[108.5528,24.0047],[108.5641,24.0135],[108.563,24.0272],[108.5579,24.0311],[108.5667,24.0437],[108.5698,24.0379],[108.583,24.0383],[108.5878,24.0468],[108.594,24.0483],[108.5906,24.0662],[108.5855,24.0737],[108.5861,24.0845],[108.581,24.0965],[108.5853,24.1071],[108.5845,24.1139],[108.589,24.1209],[108.5951,24.123],[108.5871,24.139],[108.5972,24.1497],[108.6001,24.144],[108.6106,24.1438],[108.6143,24.1369],[108.6339,24.1447],[108.639,24.1398],[108.6451,24.1423],[108.6534,24.1379],[108.6582,24.1428],[108.6556,24.1486],[108.6619,24.1526],[108.672,24.1492],[108.6759,24.159],[108.6833,24.1639],[108.6735,24.1799],[108.68,24.1852],[108.6781,24.1934],[108.6899,24.226],[108.6982,24.2344],[108.6848,24.2383],[108.6777,24.2455],[108.686,24.2644],[108.6843,24.2724],[108.6771,24.2726],[108.6697,24.2801],[108.6678,24.2918],[108.6755,24.2919],[108.6826,24.2988],[108.6868,24.2934],[108.6999,24.2933],[108.717,24.299],[108.7273,24.3074],[108.7279,24.3126],[108.7368,24.3154],[108.7371,24.327],[108.7229,24.337],[108.7284,24.3471],[108.7355,24.367],[108.7432,24.3746],[108.7574,24.3817],[108.7559,24.3746],[108.7623,24.3667],[108.7734,24.3715],[108.784,24.3637],[108.7935,24.3631],[108.8012,24.3762],[108.8117,24.3723],[108.8359,24.357],[108.8437,24.333],[108.8545,24.326],[108.8529,24.3135],[108.8443,24.3107],[108.85,24.2987],[108.8569,24.2963],[108.8553,24.2862],[108.8587,24.2753],[108.8659,24.2724],[108.8755,24.2757],[108.8785,24.2724],[108.893,24.2669],[108.902,24.2593],[108.9149,24.2647],[108.9136,24.2819],[108.9208,24.3039],[108.9191,24.3107],[108.922,24.3198],[108.9292,24.3252],[108.9215,24.3344],[108.9283,24.3475],[108.9211,24.3525],[108.9215,24.3683],[108.928,24.3696],[108.9291,24.3811],[108.9369,24.3783],[108.9519,24.3848],[108.9626,24.3797],[108.9732,24.3873],[108.9829,24.3837],[108.993,24.3763],[108.9979,24.3856],[108.9965,24.3906],[109.0097,24.4031],[109.0099,24.4125],[109.003,24.4154],[108.999,24.4246],[109.0069,24.4281],[109.0147,24.4361],[109.0168,24.443],[109.0374,24.448],[109.0446,24.46],[109.0286,24.4678],[109.0296,24.4778],[109.0128,24.4857],[108.9935,24.4848],[108.991,24.4909],[108.9639,24.4907],[108.9577,24.488],[108.9557,24.4752],[108.936,24.4749],[108.9317,24.4838],[108.924,24.4883],[108.9144,24.5035],[108.8962,24.5026],[108.8845,24.5127],[108.8887,24.5188],[108.8729,24.5266],[108.8628,24.5224],[108.8526,24.5318],[108.8325,24.535],[108.8456,24.5527],[108.8397,24.5625],[108.8471,24.5741],[108.8683,24.576],[108.8866,24.5804],[108.9112,24.5953],[108.906,24.6089],[108.896,24.6103],[108.9013,24.6195],[108.8973,24.6243],[108.9366,24.6481],[108.9428,24.6446],[108.9497,24.6482],[108.9555,24.6458],[108.961,24.652],[108.959,24.6629],[108.9703,24.6702],[108.9741,24.6755],[108.9624,24.6806],[108.9505,24.6893],[108.9487,24.6995],[108.9519,24.7046],[108.9491,24.7113],[108.939,24.7187],[108.9314,24.721],[108.9292,24.7331],[108.9365,24.7423],[108.9442,24.7368],[108.9616,24.7358],[108.9497,24.7475],[108.9528,24.7531],[108.9626,24.7489],[108.9663,24.7565],[108.9785,24.7597],[108.9896,24.7588],[108.9992,24.7816],[109.0077,24.7828],[109.0086,24.7905],[109.0157,24.7957],[109.0164,24.8018],[109.0238,24.8054],[109.0247,24.8146],[109.0327,24.8275],[109.0434,24.8269],[109.0509,24.8226],[109.0622,24.8305],[109.0932,24.834],[109.0894,24.8202],[109.0964,24.8125],[109.0936,24.8072],[109.097,24.801],[109.1067,24.8102],[109.1191,24.7979],[109.1287,24.7951],[109.1427,24.803],[109.151,24.8114],[109.1556,24.8249],[109.155,24.8362],[109.1461,24.8406],[109.1332,24.8384],[109.1334,24.8525],[109.1417,24.8643],[109.133,24.8698],[109.1323,24.8945],[109.1407,24.8986],[109.1492,24.8974],[109.1532,24.9095],[109.1438,24.9218],[109.1376,24.9244],[109.1378,24.9308],[109.1231,24.9372],[109.1239,24.945],[109.1161,24.9525],[109.0891,24.9498],[109.0855,24.9338],[109.0882,24.9264],[109.0801,24.9259],[109.0773,24.9183],[109.0542,24.9193],[109.0459,24.9222],[109.0181,24.9174],[108.9991,24.9221],[108.983,24.9359],[108.9826,24.9558],[108.9923,24.9639],[108.9967,24.9718],[109.0073,24.9748],[109.0091,24.9804],[109.0215,24.9915],[109.0313,24.9914],[109.0323,24.9966],[109.0405,25.001],[109.0479,24.9989],[109.056,25.0095],[109.0643,25.0124],[109.0674,25.0276],[109.0752,25.0337],[109.0866,25.0355],[109.0813,25.053],[109.0825,25.0618],[109.0872,25.0635],[109.096,25.0737],[109.0973,25.0796],[109.091,25.0857],[109.1005,25.0949],[109.1019,25.1044],[109.0975,25.1102],[109.0989,25.1188],[109.0969,25.133],[109.0859,25.1443],[109.0906,25.1572],[109.0907,25.1702],[109.0695,25.1817],[109.0626,25.1823],[109.0556,25.188],[109.0544,25.1939],[109.0458,25.199],[109.0335,25.1943],[109.0221,25.1824],[109.0188,25.1733],[108.9989,25.1668],[108.9862,25.1771],[108.9767,25.1666],[108.9656,25.1395],[108.952,25.1244],[108.9398,25.1253],[108.9342,25.1326],[108.9257,25.1348],[108.9198,25.1299],[108.9092,25.1295],[108.9009,25.1391],[108.9072,25.1419],[108.9058,25.1545],[108.892,25.1561],[108.8848,25.1485],[108.8743,25.1418],[108.8621,25.1442],[108.853,25.1578],[108.8447,25.1598],[108.8355,25.1567],[108.8289,25.1394],[108.8178,25.1303],[108.8164,25.115],[108.7963,25.1167],[108.795,25.1281],[108.7865,25.1327],[108.7642,25.1229],[108.7534,25.1243],[108.7454,25.1299],[108.7425,25.1112],[108.7231,25.0995],[108.7207,25.105],[108.696,25.1043],[108.6838,25.1129],[108.6758,25.1087],[108.6711,25.1176],[108.6739,25.1322],[108.6833,25.1315],[108.6819,25.1437],[108.6902,25.1664],[108.7114,25.162],[108.7111,25.169],[108.7158,25.1791],[108.7095,25.182],[108.6965,25.1932],[108.6885,25.1934],[108.6766,25.2054],[108.6645,25.2069],[108.6512,25.2181],[108.6496,25.2359],[108.6529,25.2409],[108.6447,25.2517],[108.6461,25.2752],[108.6392,25.2927],[108.6382,25.3018],[108.6215,25.3115],[108.6088,25.3129],[108.6045,25.3228],[108.5989,25.3235],[108.5883,25.3372],[108.5884,25.3526],[108.5819,25.3689],[108.5585,25.3758],[108.5577,25.3886],[108.5469,25.3985],[108.5385,25.4115],[108.5205,25.4219],[108.5053,25.4183],[108.5087,25.4328],[108.5012,25.4384],[108.4992,25.4474],[108.4864,25.4545],[108.4818,25.4614],[108.4666,25.4597],[108.456,25.4553],[108.4456,25.4545],[108.4343,25.4501],[108.429,25.4398],[108.415,25.4453],[108.4085,25.4597],[108.41,25.4653],[108.3952,25.4951],[108.3529,25.5181],[108.3452,25.5296],[108.3473,25.5351],[108.3401,25.5413],[108.3148,25.5372],[108.3122,25.5289],[108.302,25.518],[108.2939,25.502],[108.2781,25.4808],[108.2588,25.4785],[108.2498,25.4691],[108.2377,25.4634],[108.2324,25.4514],[108.2481,25.4409],[108.2482,25.432],[108.2407,25.4268],[108.2351,25.4307],[108.2223,25.4285],[108.2221,25.4391],[108.218,25.4514],[108.2077,25.4544],[108.1989,25.4535],[108.1883,25.4604],[108.1573,25.4463],[108.1543,25.4416],[108.1582,25.4314],[108.1668,25.4336],[108.1777,25.429],[108.1861,25.4198],[108.1815,25.4138],[108.1886,25.4079],[108.1881,25.402],[108.1747,25.393],[108.1608,25.3935],[108.1458,25.3963],[108.1381,25.3928],[108.151,25.3806],[108.1514,25.372],[108.1482,25.3556],[108.1317,25.344],[108.1352,25.3382],[108.1448,25.3321],[108.1481,25.3259],[108.1474,25.3126],[108.1365,25.3031],[108.1293,25.2941],[108.132,25.283],[108.142,25.2776],[108.1425,25.2734],[108.1307,25.2605],[108.1295,25.2371],[108.1184,25.2326],[108.105,25.2155],[108.1033,25.2072],[108.0737,25.1972],[108.0528,25.2014],[108.0074,25.1973],[107.9985,25.1982],[107.9898,25.1905],[107.9653,25.1792],[107.9474,25.1755],[107.9399,25.1718],[107.932,25.1634],[107.8947,25.1507],[107.8941,25.1472],[107.8682,25.1424],[107.8666,25.133],[107.8348,25.1191],[107.8238,25.1285],[107.8158,25.1313],[107.804,25.1277],[107.7938,25.1191],[107.7771,25.1211],[107.772,25.1251],[107.764,25.1195],[107.7588,25.1273],[107.78,25.1394],[107.7864,25.145],[107.7853,25.1522],[107.7755,25.1586],[107.7734,25.1634],[107.7792,25.1723],[107.7628,25.1879],[107.7579,25.2009],[107.7535,25.2022],[107.7588,25.2236],[107.759,25.2346],[107.7485,25.2428],[107.7337,25.2351],[107.7345,25.2307],[107.703,25.2105],[107.6975,25.2038],[107.6862,25.2042],[107.6948,25.2139],[107.6914,25.2191],[107.6954,25.2246],[107.6818,25.2268],[107.6818,25.2366],[107.6703,25.2395],[107.6682,25.252],[107.6568,25.2623],[107.6631,25.2672],[107.6644,25.2796],[107.6606,25.2925],[107.6493,25.2989],[107.6527,25.3038],[107.6653,25.3075],[107.6632,25.3225],[107.6509,25.3199],[107.6453,25.3216],[107.6322,25.3086],[107.6193,25.3089],[107.6189,25.2929],[107.6087,25.2834],[107.6129,25.2717],[107.6061,25.2682],[107.6009,25.258],[107.5958,25.2641],[107.5871,25.261],[107.5871,25.2515],[107.5735,25.2594],[107.5688,25.254],[107.5574,25.2526],[107.5509,25.2433],[107.5401,25.2389],[107.5353,25.2279],[107.5222,25.2278],[107.5146,25.2183],[107.5061,25.2226],[107.4969,25.2108],[107.4875,25.2155],[107.4746,25.2134],[107.4673,25.2189],[107.4705,25.2289],[107.4651,25.24],[107.472,25.2479],[107.4775,25.265],[107.4823,25.2743],[107.4741,25.2821],[107.4823,25.2867],[107.4789,25.2938],[107.4714,25.2977],[107.4536,25.2892],[107.4402,25.2772],[107.4399,25.2859],[107.4225,25.2904],[107.421,25.3054],[107.4144,25.3095],[107.4167,25.3277],[107.4156,25.3365],[107.4003,25.3454],[107.397,25.3494],[107.4024,25.3568],[107.4084,25.3716],[107.417,25.3804],[107.4185,25.3887],[107.3911,25.3924],[107.3895,25.407],[107.3808,25.4107],[107.3652,25.4125],[107.3637,25.4033],[107.3542,25.3961],[107.3424,25.4055],[107.3152,25.4054],[107.3053,25.4117],[107.3054,25.4191],[107.2996,25.4311],[107.306,25.4357],[107.3181,25.4362],[107.322,25.4395],[107.3269,25.454],[107.328,25.4655],[107.3217,25.4802],[107.3159,25.487],[107.3249,25.4973],[107.3102,25.5073],[107.3003,25.503],[107.2934,25.5163],[107.2919,25.5242],[107.2852,25.5229],[107.2774,25.5333],[107.266,25.537],[107.2554,25.5441],[107.2403,25.5456],[107.2374,25.5516],[107.2263,25.5572],[107.2225,25.5704],[107.2271,25.5752],[107.2298,25.5888],[107.2365,25.5968],[107.2176,25.6038],[107.2143,25.6097],[107.2042,25.6133],[107.1946,25.6006],[107.1838,25.5999],[107.1809,25.5811],[107.1731,25.5776],[107.1615,25.577],[107.1562,25.5732],[107.1361,25.566],[107.1058,25.5671],[107.0887,25.5713],[107.0755,25.5685],[107.0668,25.5593],[107.059,25.5446],[107.0693,25.5288],[107.0653,25.5138],[107.0491,25.5061],[107.0349,25.506],[107.0095,25.4978],[107.0097,25.4868],[107.0036,25.4824],[106.9995,25.4642],[106.9965,25.461],[106.9946,25.4477],[106.9906,25.4461],[106.9775,25.4512],[106.966,25.446],[106.9599,25.4402],[106.9652,25.4289],[106.9637,25.4136],[106.971,25.4097],[106.9759,25.3909],[106.9752,25.3782],[106.9851,25.3613],[107.0048,25.3591],[107.0103,25.3469],[107.0073,25.3284],[107.0026,25.3111],[107.0082,25.3003],[107.0059,25.2928],[107.0098,25.2778],[106.9877,25.2665],[106.9815,25.2582],[106.9941,25.248],[106.994,25.2439],[106.9816,25.2413],[106.973,25.2368],[106.9491,25.2505],[106.9359,25.2532],[106.9257,25.253],[106.9098,25.2465],[106.8983,25.229],[106.8974,25.1994],[106.8872,25.1868],[106.8805,25.1853],[106.8544,25.1902],[106.8151,25.1778],[106.7859,25.1735],[106.7618,25.1857],[106.7243,25.1646],[106.7105,25.1708],[106.6978,25.1815],[106.686,25.1824],[106.6682,25.1746],[106.6458,25.1706],[106.6366,25.1639],[106.6347,25.1349],[106.6252,25.1245],[106.6158,25.1213],[106.593,25.1069],[106.59,25.094],[106.585,25.0888],[106.5681,25.0865],[106.573,25.0816],[106.5761,25.072],[106.6,25.0494],[106.619,25.0576],[106.6182,25.0673],[106.6298,25.0634],[106.6545,25.0667],[106.6688,25.0605],[106.682,25.0818],[106.6958,25.0892],[106.7051,25.0974],[106.7407,25.1014],[106.75,25.0879],[106.7385,25.0721],[106.7439,25.0608],[106.7548,25.0495],[106.7611,25.0341],[106.7601,25.0279],[106.7504,25.0254],[106.7417,25.0341],[106.7296,25.0269],[106.7215,25.03],[106.7211,25.0166],[106.7172,25.0063],[106.7269,25.0008],[106.7287,24.9941],[106.739,24.9817],[106.7363,24.9737],[106.7422,24.9674],[106.7545,24.9625],[106.7563,24.9528],[106.7652,24.9382],[106.7753,24.9284],[106.785,24.9284],[106.7888,24.9231],[106.7968,24.9233],[106.8032,24.9086],[106.8152,24.9049],[106.8252,24.8961],[106.822,24.8896],[106.833,24.8825],[106.8362,24.8739],[106.8461,24.863],[106.8469,24.8502],[106.8373,24.8538],[106.8321,24.8606],[106.8188,24.8549],[106.82,24.8443],[106.7949,24.8362],[106.7976,24.8202],[106.7919,24.8194],[106.7831,24.8067],[106.7825,24.7964],[106.7783,24.7887],[106.7572,24.7924],[106.7399,24.8079],[106.7249,24.8133],[106.7146,24.8104],[106.6962,24.8173],[106.6874,24.8121],[106.6688,24.8071],[106.6587,24.7979],[106.6638,24.7748],[106.6726,24.7678],[106.6809,24.7655],[106.6916,24.7528],[106.706,24.7462],[106.7146,24.7383],[106.7215,24.7399],[106.73,24.7304],[106.7566,24.7245],[106.779,24.7061],[106.7816,24.6942],[106.7893,24.6881],[106.8128,24.6886],[106.8133,24.6746],[106.8027,24.6659],[106.8029,24.6619],[106.7915,24.657],[106.7793,24.6548],[106.7711,24.6589],[106.7605,24.6531],[106.7474,24.6513],[106.7353,24.6442],[106.7236,24.6464],[106.7179,24.6505],[106.7102,24.6461],[106.7009,24.6269],[106.6903,24.6261],[106.683,24.6032],[106.6973,24.6033],[106.7043,24.6086],[106.7202,24.6103],[106.7251,24.6182],[106.7455,24.6197],[106.7636,24.6123],[106.7618,24.5954],[106.7749,24.5853],[106.7682,24.5801],[106.7643,24.5713],[106.7708,24.5663],[106.7627,24.5558],[106.7709,24.5489],[106.76,24.5455],[106.7673,24.5151],[106.7746,24.512],[106.7895,24.5139],[106.7957,24.5178],[106.8037,24.5135],[106.7984,24.5015],[106.8077,24.4919],[106.8192,24.4853],[106.8139,24.4772],[106.8051,24.4706],[106.8012,24.4607],[106.8044,24.4542],[106.816,24.4456],[106.8266,24.4459],[106.8332,24.4353],[106.847,24.4243],[106.8416,24.4138],[106.8428,24.4088],[106.8551,24.4047],[106.8569,24.3961],[106.8776,24.3926],[106.8771,24.3978],[106.8856,24.4086],[106.8883,24.3917],[106.8955,24.3884],[106.8961,24.3751],[106.8879,24.37],[106.8842,24.3522],[106.8935,24.3507],[106.895,24.3369],[106.8923,24.324],[106.8774,24.3168],[106.8792,24.3121],[106.8885,24.3109],[106.8916,24.2966],[106.9025,24.2918],[106.9065,24.2834],[106.9023,24.2758],[106.8944,24.2716],[106.9039,24.2645],[106.9166,24.2648],[106.9221,24.2558],[106.9197,24.2469],[106.9098,24.2335],[106.9081,24.2231],[106.8985,24.212],[106.8651,24.1971],[106.8666,24.1911],[106.8559,24.1811],[106.8589,24.1779],[106.856,24.1682],[106.8665,24.1652],[106.877,24.1492],[106.8793,24.1357],[106.8907,24.13],[106.8918,24.114],[106.9007,24.1119],[106.9092,24.1002],[106.9209,24.1035],[106.9352,24.1042],[106.9434,24.115],[106.9518,24.1116],[106.9614,24.1032],[106.9497,24.1006],[106.9396,24.0959],[106.9402,24.0875],[106.9502,24.0827],[106.9532,24.0756],[106.9621,24.0767],[106.9723,24.065],[106.9841,24.0628],[106.9947,24.0442],[106.9997,24.0446],[107.0149,24.026],[107.0195,24.0309],[107.0332,24.0324],[107.043,24.0426],[107.0552,24.0597],[107.0605,24.0596],[107.0836,24.053],[107.0953,24.0512],[107.1212,24.0522],[107.1314,24.0468],[107.1274,24.0356],[107.1335,24.032],[107.1347,24.0171],[107.1432,23.9961],[107.1583,23.9889],[107.1679,23.993],[107.1883,23.9814],[107.1924,23.9732],[107.2004,23.9737],[107.213,23.9796],[107.2142,23.9736],[107.2222,23.9708],[107.2485,23.9693],[107.2618,23.9971],[107.281,23.9929],[107.2734,23.9819],[107.2947,23.9561],[107.2925,23.9443],[107.2937,23.9366],[107.3029,23.9272],[107.3045,23.9204],[107.3154,23.9266],[107.3208,23.9242],[107.3247,23.9141],[107.3333,23.9167],[107.346,23.9122],[107.3475,23.9075],[107.3603,23.9165],[107.3591,23.9234],[107.3725,23.9222],[107.379,23.9064],[107.3844,23.9035],[107.3816,23.8825],[107.3864,23.8748],[107.4003,23.8767],[107.4054,23.8682],[107.4187,23.8524],[107.4239,23.8429],[107.4241,23.8363],[107.4331,23.8363],[107.4405,23.8326],[107.4499,23.8351],[107.4516,23.8424],[107.4617,23.8557],[107.4622,23.8606],[107.4758,23.8642],[107.4754,23.8809],[107.483,23.879],[107.4898,23.8721],[107.494,23.8752],[107.4979,23.8888],[107.5123,23.8936],[107.5274,23.8897],[107.5335,23.8919],[107.5455,23.8795],[107.54,23.8723],[107.5247,23.8645],[107.5323,23.849],[107.5556,23.8407],[107.5677,23.8392],[107.5683,23.8253],[107.5715,23.8179],[107.5648,23.8063],[107.5739,23.8026],[107.5836,23.7939],[107.591,23.7934],[107.5991,23.787],[107.6163,23.7782],[107.6267,23.7801],[107.6382,23.7769],[107.6487,23.7816],[107.6562,23.792],[107.6685,23.7985],[107.6771,23.8079],[107.6935,23.8023],[107.694,23.7947],[107.7058,23.8002],[107.7113,23.7975],[107.7203,23.8011],[107.7393,23.803],[107.749,23.7984],[107.7474,23.794],[107.7329,23.7923],[107.7322,23.787],[107.7457,23.7704],[107.7484,23.7614],[107.764,23.7614],[107.7773,23.7707],[107.7877,23.7598],[107.7934,23.7631],[107.8084,23.7558],[107.8089,23.7421],[107.8123,23.7309],[107.8217,23.7286],[107.8293,23.7182],[107.8233,23.7109],[107.8272,23.7028],[107.8177,23.6916],[107.8201,23.6798],[107.804,23.6704],[107.8044,23.665],[107.7864,23.6669],[107.7722,23.6766],[107.7585,23.6701],[107.7521,23.6562],[107.7455,23.6571],[107.7364,23.647],[107.7176,23.6407],[107.7121,23.6323],[107.7039,23.6336],[107.7068,23.6206],[107.6997,23.6109],[107.7091,23.599],[107.7016,23.5984],[107.6999,23.5906],[107.7033,23.5778],[107.7102,23.5703],[107.7117,23.5578],[107.7191,23.557],[107.7321,23.573],[107.7378,23.5637],[107.7571,23.5751],[107.7705,23.5739],[107.7896,23.5692],[107.7881,23.582],[107.7972,23.5936],[107.8021,23.5939],[107.8076,23.6086],[107.8173,23.6095],[107.8204,23.6029],[107.8342,23.6125],[107.8444,23.6061],[107.8676,23.6032],[107.8846,23.6115],[107.8861,23.6251],[107.8965,23.6211],[107.9044,23.6312],[107.8992,23.638],[107.9071,23.6435],[107.9148,23.6413],[107.9209,23.6485],[107.9285,23.6514],[107.9349,23.6632],[107.9558,23.6462],[107.9591,23.6339],[107.9655,23.6286],[107.9791,23.63],[107.9929,23.6413],[107.9885,23.6491],[107.9961,23.675],[108.0142,23.679],[108.0172,23.6941],[108.0323,23.7091],[108.0395,23.7227],[108.0231,23.731],[108.0195,23.7361],[108.0207,23.7436],[108.0177,23.7556],[108.0117,23.7619],[108.0182,23.7709],[108.0183,23.7787],[108.0227,23.7854],[108.0356,23.7894],[108.0477,23.8004],[108.0547,23.804],[108.08,23.7958],[108.0902,23.7976],[108.1004,23.8131],[108.1101,23.8185],[108.1117,23.8342],[108.1308,23.8564],[108.147,23.8465],[108.1561,23.832],[108.1677,23.824],[108.1771,23.8264],[108.1794,23.8337],[108.1722,23.8419],[108.1759,23.8551],[108.1833,23.8636],[108.199,23.8743],[108.2047,23.8582],[108.2133,23.8541],[108.2212,23.8453],[108.2184,23.8364],[108.2194,23.8278],[108.2304,23.8215],[108.2272,23.812],[108.239,23.8077],[108.2422,23.8166],[108.2647,23.8185],[108.2746,23.8007],[108.2784,23.8067],[108.2818,23.8217],[108.2995,23.8321],[108.3056,23.8422],[108.2934,23.8457],[108.2867,23.8511],[108.289,23.8596],[108.3017,23.8716],[108.3097,23.8826],[108.3137,23.8929],[108.3128,23.902],[108.3266,23.9082],[108.3254,23.9148],[108.3376,23.9159],[108.3443,23.9135],[108.3546,23.9197],[108.3639,23.9203],[108.3644,23.93],[108.3613,23.9347],[108.3651,23.9439],[108.3622,23.9636],[108.3532,23.9659],[108.3505,23.9715],[108.3544,23.9844],[108.3662,23.9861],[108.3688,23.9994],[108.3592,24.0052],[108.3703,24.0154],[108.3885,24.0229],[108.4019,24.0326],[108.4297,24.0348],[108.443,24.0309],[108.4543,24.0122],[108.465,24.0202],[108.4753,24.0219]]]},"properties":{"region_code":"CN-45-4512","parent_region_code":"CN-45","name":"河池市","level":"prefecture","has_children":true,"full_path":"中国 / 广西壮族自治区 / 河池市","source_admin_code":"4512","osm_relation_id":2774389}},
{"type":"Feature","geometry":{"type":"Polygon","coordinates":[[[109.2132,23.2991],[109.203,23.313],[109.2163,23.3228],[109.2097,23.3381],[109.2281,23.3476],[109.2381,23.3473],[109.2457,23.3526],[109.2646,23.3526],[109.2711,23.3761],[109.2787,23.3831],[109.2927,23.3854],[109.292,23.3919],[109.2977,23.3989],[109.3036,23.3984],[109.3147,23.4076],[109.3184,23.4147],[109.3254,23.4185],[109.3393,23.4114],[109.3426,23.4175],[109.3514,23.4158],[109.3661,23.4078],[109.3673,23.4024],[109.3636,23.3897],[109.3742,23.3806],[109.3966,23.3853],[109.4075,23.3716],[109.4185,23.3709],[109.4245,23.3622],[109.4336,23.3692],[109.4394,23.3815],[109.4532,23.3856],[109.4782,23.3863],[109.4822,23.3747],[109.4795,23.3706],[109.4842,23.3617],[109.4988,23.3496],[109.4956,23.34],[109.5097,23.3356],[109.5109,23.3273],[109.5204,23.3233],[109.5367,23.3032],[109.55,23.3116],[109.5519,23.3175],[109.561,23.3202],[109.567,23.3358],[109.5676,23.3443],[109.5742,23.3541],[109.5753,23.3611],[109.5872,23.3659],[109.592,23.36],[109.6077,23.372],[109.6076,23.3801],[109.623,23.3925],[109.6298,23.4017],[109.6311,23.4093],[109.6379,23.4144],[109.6429,23.4245],[109.6559,23.4318],[109.6674,23.4238],[109.6732,23.4244],[109.68,23.4183],[109.6851,23.4059],[109.697,23.4052],[109.6946,23.413],[109.7131,23.4136],[109.722,23.4155],[109.7263,23.4221],[109.7269,23.4341],[109.7223,23.4379],[109.7284,23.4602],[109.749,23.4642],[109.7581,23.4615],[109.7686,23.4627],[109.7754,23.4682],[109.7803,23.4852],[109.7943,23.4881],[109.8315,23.4818],[109.8423,23.4745],[109.8478,23.4504],[109.8575,23.4415],[109.8609,23.4508],[109.8835,23.4745],[109.8908,23.4778],[109.8871,23.4891],[109.8879,23.4985],[109.8929,23.5059],[109.8972,23.5223],[109.8969,23.5387],[109.8882,23.5415],[109.8922,23.5563],[109.8896,23.5599],[109.9153,23.5902],[109.914,23.6163],[109.9256,23.6325],[109.9203,23.6492],[109.9192,23.6684],[109.9226,23.6835],[109.9263,23.69],[109.9482,23.6911],[109.9538,23.7175],[109.9459,23.7213],[109.9598,23.7369],[109.9739,23.7397],[109.9818,23.7542],[109.9837,23.7623],[109.9887,23.7665],[109.9908,23.7816],[110.0009,23.7792],[110.0111,23.7829],[110.0219,23.7799],[110.0264,23.7905],[110.0391,23.7963],[110.0561,23.7977],[110.064,23.8026],[110.068,23.8098],[110.0735,23.8102],[110.0799,23.8253],[110.0844,23.8251],[110.0916,23.8369],[110.097,23.8396],[110.1072,23.8532],[110.1195,23.8618],[110.1294,23.8652],[110.1386,23.8837],[110.156,23.8754],[110.1659,23.8764],[110.1771,23.8602],[110.1886,23.8603],[110.2015,23.8807],[110.1975,23.8898],[110.201,23.9112],[110.2097,23.9142],[110.2196,23.9052],[110.2284,23.9019],[110.2394,23.8908],[110.2585,23.8981],[110.2687,23.8769],[110.2775,23.8676],[110.2819,23.8552],[110.289,23.8569],[110.2886,23.8634],[110.2952,23.8691],[110.2902,23.8789],[110.2908,23.8848],[110.2976,23.893],[110.3068,23.898],[110.3108,23.9111],[110.3044,23.9231],[110.2988,23.9235],[110.2932,23.931],[110.298,23.9369],[110.2908,23.9577],[110.2846,23.965],[110.2954,23.9782],[110.3008,23.979],[110.3,23.9919],[110.3037,23.9972],[110.3031,24.0088],[110.3052,24.0192],[110.3115,24.027],[110.3168,24.0259],[110.325,24.0324],[110.3394,24.0373],[110.3505,24.0388],[110.3583,24.0355],[110.3667,24.0362],[110.3696,24.0412],[110.3869,24.0439],[110.3948,24.0491],[110.3969,24.0575],[110.3905,24.0607],[110.3742,24.0568],[110.3773,24.0503],[110.3701,24.0423],[110.363,24.0534],[110.3548,24.0557],[110.3568,24.0657],[110.3454,24.0642],[110.3396,24.0676],[110.3523,24.0811],[110.3713,24.0865],[110.3647,24.0964],[110.3575,24.0973],[110.3566,24.1051],[110.3619,24.1089],[110.3664,24.1191],[110.375,24.1203],[110.3843,24.1293],[110.3989,24.1119],[110.3984,24.1],[110.4076,24.1065],[110.4106,24.1217],[110.417,24.1195],[110.4271,24.1213],[110.433,24.1184],[110.4507,24.1207],[110.4559,24.1298],[110.4458,24.1453],[110.4343,24.1413],[110.4055,24.1484],[110.412,24.1572],[110.422,24.1588],[110.4272,24.1707],[110.4348,24.1658],[110.4395,24.1761],[110.4519,24.1866],[110.4323,24.2003],[110.4258,24.1994],[110.4144,24.2029],[110.4122,24.2123],[110.3996,24.2248],[110.3887,24.2232],[110.3777,24.2164],[110.3704,24.227],[110.3646,24.2268],[110.3539,24.2319],[110.354,24.2403],[110.3596,24.244],[110.3614,24.2604],[110.3582,24.2665],[110.3687,24.2679],[110.367,24.2775],[110.3534,24.2854],[110.3438,24.2858],[110.3219,24.28],[110.3131,24.2908],[110.3141,24.2982],[110.2943,24.304],[110.2841,24.3019],[110.2655,24.3118],[110.266,24.3213],[110.2538,24.3319],[110.2545,24.3415],[110.2605,24.3433],[110.2635,24.3504],[110.2629,24.3608],[110.2553,24.3631],[110.2432,24.3557],[110.2296,24.3559],[110.2206,24.3612],[110.2137,24.348],[110.2058,24.3544],[110.1953,24.3497],[110.1928,24.3567],[110.1976,24.3711],[110.1856,24.3743],[110.1896,24.3855],[110.2029,24.4002],[110.2021,24.4066],[110.1931,24.4053],[110.1862,24.41],[110.199,24.4169],[110.1918,24.4268],[110.1944,24.4437],[110.1996,24.4531],[110.1863,24.4493],[110.1819,24.4507],[110.1676,24.4409],[110.1592,24.4414],[110.1556,24.4473],[110.1456,24.442],[110.1346,24.4443],[110.1289,24.4505],[110.1169,24.452],[110.1119,24.4645],[110.1058,24.4626],[110.0922,24.4658],[110.0867,24.46],[110.0766,24.4704],[110.0691,24.4692],[110.0644,24.4627],[110.068,24.4525],[110.0668,24.4373],[110.0578,24.432],[110.0487,24.4153],[110.041,24.3929],[110.045,24.381],[110.0444,24.37],[110.0307,24.3578],[110.031,24.352],[110.0214,24.3408],[110.0157,24.3395],[110.0158,24.3287],[110.0198,24.3078],[110.0342,24.295],[110.0382,24.2852],[110.0294,24.2829],[110.0158,24.264],[110.0078,24.2585],[110.0023,24.2617],[109.9962,24.2549],[109.9878,24.2635],[109.9597,24.2635],[109.9546,24.2614],[109.9541,24.252],[109.9478,24.2498],[109.9486,24.2428],[109.924,24.2366],[109.9031,24.244],[109.9042,24.2541],[109.9009,24.2613],[109.902,24.275],[109.921,24.2719],[109.9304,24.2745],[109.9217,24.2917],[109.9218,24.2971],[109.9036,24.3008],[109.89,24.2975],[109.8831,24.2917],[109.8796,24.2771],[109.8674,24.2801],[109.8447,24.2764],[109.8487,24.2649],[109.8338,24.2584],[109.8232,24.26],[109.8147,24.2515],[109.8047,24.2613],[109.7957,24.2595],[109.7987,24.2508],[109.7954,24.2388],[109.7766,24.2322],[109.7736,24.2188],[109.7517,24.2173],[109.743,24.2218],[109.7335,24.208],[109.7133,24.1937],[109.7086,24.1878],[109.7078,24.1586],[109.7032,24.1534],[109.69,24.1587],[109.6731,24.1571],[109.6637,24.1489],[109.6533,24.1478],[109.6482,24.1504],[109.6365,24.1463],[109.6234,24.1485],[109.6136,24.1459],[109.6079,24.1396],[109.608,24.1278],[109.6118,24.1236],[109.6101,24.1156],[109.5984,24.1094],[109.5954,24.0934],[109.587,24.0834],[109.5855,24.0751],[109.5601,24.0628],[109.5441,24.0684],[109.537,24.0621],[109.5283,24.0625],[109.5228,24.0578],[109.5108,24.0577],[109.4957,24.0475],[109.4907,24.0386],[109.488,24.0187],[109.4833,24.0155],[109.4933,23.9962],[109.4999,23.9921],[109.4897,23.9812],[109.4919,23.9764],[109.4794,23.9629],[109.4717,23.9697],[109.4619,23.9638],[109.4663,23.9555],[109.4509,23.9456],[109.4417,23.9437],[109.4433,23.9342],[109.4393,23.9235],[109.4259,23.9203],[109.4239,23.9106],[109.4098,23.9082],[109.3937,23.9102],[109.3909,23.9153],[109.3802,23.9171],[109.3713,23.9108],[109.3591,23.9096],[109.3547,23.9148],[109.3616,23.9207],[109.3534,23.924],[109.3492,23.9373],[109.3353,23.9611],[109.3245,23.9636],[109.3256,23.9699],[109.3204,23.9904],[109.2912,24.0028],[109.2899,24.0135],[109.2934,24.0292],[109.2974,24.0347],[109.2861,24.0452],[109.2789,24.0447],[109.2586,24.0487],[109.2417,24.0569],[109.2213,24.0593],[109.2122,24.0519],[109.2165,24.0473],[109.2167,24.0229],[109.2099,24.0252],[109.2013,24.0209],[109.1955,24.0222],[109.1879,24.018],[109.1801,24.0177],[109.169,24.0279],[109.1571,24.0299],[109.1509,24.0244],[109.1426,24.0253],[109.1383,24.034],[109.138,24.0494],[109.1302,24.062],[109.1169,24.0632],[109.1105,24.06],[109.0955,24.0648],[109.0925,24.0682],[109.1024,24.0805],[109.1023,24.0853],[109.0938,24.0932],[109.0878,24.0905],[109.0745,24.0964],[109.062,24.0923],[109.0525,24.0948],[109.0505,24.1086],[109.0375,24.1149],[109.0261,24.1283],[109.0097,24.1281],[108.998,24.1348],[108.9742,24.1238],[108.9652,24.1334],[108.9567,24.1559],[108.9604,24.1661],[108.9533,24.1746],[108.9385,24.1728],[108.9306,24.1809],[108.9287,24.1881],[108.9334,24.1914],[108.9336,24.2084],[108.929,24.228],[108.9349,24.2308],[108.9367,24.2441],[108.9312,24.2463],[108.9229,24.2554],[108.9254,24.2616],[108.9149,24.2647],[108.902,24.2593],[108.893,24.2669],[108.8785,24.2724],[108.8755,24.2757],[108.8659,24.2724],[108.8587,24.2753],[108.8553,24.2862],[108.8569,24.2963],[108.85,24.2987],[108.8443,24.3107],[108.8529,24.3135],[108.8545,24.326],[108.8437,24.333],[108.8359,24.357],[108.8117,24.3723],[108.8012,24.3762],[108.7935,24.3631],[108.784,24.3637],[108.7734,24.3715],[108.7623,24.3667],[108.7559,24.3746],[108.7574,24.3817],[108.7432,24.3746],[108.7355,24.367],[108.7284,24.3471],[108.7229,24.337],[108.7371,24.327],[108.7368,24.3154],[108.7279,24.3126],[108.7273,24.3074],[108.717,24.299],[108.6999,24.2933],[108.6868,24.2934],[108.6826,24.2988],[108.6755,24.2919],[108.6678,24.2918],[108.6697,24.2801],[108.6771,24.2726],[108.6843,24.2724],[108.686,24.2644],[108.6777,24.2455],[108.6848,24.2383],[108.6982,24.2344],[108.6899,24.226],[108.6781,24.1934],[108.68,24.1852],[108.6735,24.1799],[108.6833,24.1639],[108.6759,24.159],[108.672,24.1492],[108.6619,24.1526],[108.6556,24.1486],[108.6582,24.1428],[108.6534,24.1379],[108.6451,24.1423],[108.639,24.1398],[108.6339,24.1447],[108.6143,24.1369],[108.6106,24.1438],[108.6001,24.144],[108.5972,24.1497],[108.5871,24.139],[108.5951,24.123],[108.589,24.1209],[108.5845,24.1139],[108.5853,24.1071],[108.581,24.0965],[108.5861,24.0845],[108.5855,24.0737],[108.5906,24.0662],[108.594,24.0483],[108.5878,24.0468],[108.583,24.0383],[108.5698,24.0379],[108.5667,24.0437],[108.5579,24.0311],[108.563,24.0272],[108.5641,24.0135],[108.5528,24.0047],[108.5132,24.0052],[108.5025,24.0137],[108.5001,24.0241],[108.4919,24.0346],[108.4811,24.0303],[108.4753,24.0219],[108.4948,23.9941],[108.4845,23.9928],[108.4739,23.9808],[108.4567,23.9895],[108.4438,23.9794],[108.4374,23.97],[108.4301,23.9673],[108.4311,23.9587],[108.437,23.9539],[108.433,23.9408],[108.4258,23.9353],[108.4211,23.9194],[108.4381,23.9221],[108.4513,23.914],[108.4458,23.9093],[108.4416,23.9001],[108.4628,23.9007],[108.4708,23.8981],[108.469,23.8915],[108.4578,23.8911],[108.4577,23.8772],[108.4519,23.8756],[108.4542,23.8676],[108.4459,23.8515],[108.4538,23.8463],[108.4474,23.8404],[108.4406,23.8417],[108.434,23.8363],[108.4237,23.8338],[108.414,23.8272],[108.4143,23.8181],[108.4218,23.8122],[108.4159,23.8005],[108.4251,23.7998],[108.427,23.8083],[108.4377,23.8076],[108.4302,23.7898],[108.435,23.7877],[108.4599,23.7887],[108.4705,23.7804],[108.4654,23.7761],[108.4697,23.7673],[108.4845,23.7622],[108.4801,23.7503],[108.481,23.7432],[108.4702,23.7432],[108.4686,23.7389],[108.4822,23.7235],[108.4838,23.7165],[108.4944,23.7161],[108.4998,23.7069],[108.4917,23.6856],[108.4989,23.6789],[108.5007,23.6723],[108.5157,23.6665],[108.5252,23.6829],[108.5373,23.6888],[108.5385,23.7029],[108.5455,23.7102],[108.5545,23.7065],[108.562,23.7102],[108.5597,23.7165],[108.563,23.7262],[108.5804,23.74],[108.5915,23.7392],[108.5956,23.7453],[108.6055,23.7487],[108.6076,23.7539],[108.6245,23.7588],[108.6257,23.769],[108.6317,23.7708],[108.6485,23.7685],[108.6541,23.773],[108.6669,23.7749],[108.669,23.7877],[108.6838,23.7911],[108.6859,23.7855],[108.6968,23.7877],[108.7075,23.7853],[108.7104,23.7899],[108.7247,23.8011],[108.7314,23.7954],[108.7397,23.7987],[108.744,23.7831],[108.7572,23.7788],[108.7687,23.7809],[108.7793,23.771],[108.7776,23.7592],[108.7794,23.7451],[108.7736,23.7355],[108.7752,23.729],[108.7836,23.7301],[108.8,23.7167],[108.7937,23.7102],[108.785,23.6936],[108.7748,23.6923],[108.7691,23.6885],[108.7728,23.6822],[108.7718,23.6719],[108.7798,23.6668],[108.7762,23.6578],[108.7762,23.6475],[108.7929,23.6369],[108.7787,23.6177],[108.7914,23.6043],[108.7928,23.5956],[108.7997,23.5915],[108.8018,23.5748],[108.8078,23.5689],[108.8073,23.5587],[108.8096,23.5381],[108.8157,23.5342],[108.8164,23.5267],[108.8223,23.5215],[108.8225,23.5123],[108.8173,23.5064],[108.8184,23.4965],[108.8332,23.4887],[108.8312,23.4828],[108.8444,23.4726],[108.8517,23.4701],[108.861,23.4726],[108.866,23.4603],[108.8659,23.447],[108.8878,23.4429],[108.888,23.4366],[108.9053,23.4342],[108.9156,23.4206],[108.9161,23.4109],[108.9081,23.3975],[108.9172,23.3919],[108.9258,23.3726],[108.9341,23.3627],[108.9468,23.3658],[108.9601,23.3649],[108.9742,23.3716],[108.9932,23.3744],[109.0216,23.3627],[109.0281,23.3573],[109.0456,23.3556],[109.0497,23.348],[109.0473,23.3407],[109.0517,23.3239],[109.0737,23.3291],[109.0827,23.338],[109.0795,23.3495],[109.0969,23.3471],[109.0886,23.34],[109.0889,23.3332],[109.0825,23.331],[109.0812,23.3204],[109.0921,23.3066],[109.1051,23.2934],[109.1204,23.2937],[109.1388,23.3037],[109.1388,23.2952],[109.1457,23.2922],[109.1626,23.2902],[109.1613,23.286],[109.1753,23.2748],[109.1784,23.2784],[109.1922,23.2693],[109.2011,23.2733],[109.1952,23.2877],[109.1959,23.2952],[109.203,23.3021],[109.2132,23.2991]]]},"properties":{"region_code":"CN-45-4513","parent_region_code":"CN-45","name":"来宾市","level":"prefecture","has_children":true,"full_path":"中国 / 广西壮族自治区 / 来宾市","source_admin_code":"4513","osm_relation_id":2775865}},
{"type":"Feature","geometry":{"type":"Polygon","coordinates":[[[107.3801,23.2478],[107.3728,23.2523],[107.3723,23.2594],[107.3797,23.2643],[107.38,23.2708],[107.3729,23.2732],[107.3625,23.2705],[107.3636,23.2782],[107.3504,23.2931],[107.3479,23.3081],[107.353,23.3218],[107.35,23.3287],[107.3439,23.3276],[107.3396,23.3367],[107.331,23.3415],[107.3196,23.337],[107.3146,23.3447],[107.3065,23.3388],[107.3002,23.3427],[107.2963,23.3564],[107.282,23.3497],[107.2686,23.3488],[107.2584,23.3402],[107.2513,23.3382],[107.2519,23.3296],[107.2428,23.3216],[107.2351,23.3182],[107.2289,23.323],[107.2195,23.3178],[107.2069,23.319],[107.2013,23.3239],[107.2011,23.3358],[107.1848,23.3359],[107.1772,23.3319],[107.1758,23.3264],[107.1639,23.3153],[107.1439,23.3057],[107.1332,23.3051],[107.1296,23.2938],[107.1216,23.2871],[107.1115,23.2836],[107.1055,23.2883],[107.0987,23.285],[107.0773,23.2809],[107.0722,23.2756],[107.0547,23.2803],[107.0465,23.275],[107.0382,23.2736],[107.0406,23.2889],[107.0292,23.2948],[107.0346,23.3016],[107.0322,23.3061],[107.0232,23.3053],[107.0111,23.3115],[107.0006,23.3141],[106.9912,23.3009],[106.9651,23.3058],[106.9572,23.3037],[106.9493,23.3098],[106.939,23.3016],[106.9397,23.2961],[106.9307,23.2938],[106.9267,23.2876],[106.934,23.2785],[106.922,23.2716],[106.9167,23.2653],[106.9177,23.2454],[106.9068,23.2332],[106.9004,23.2227],[106.8891,23.2255],[106.8861,23.2303],[106.876,23.2277],[106.8642,23.2144],[106.8509,23.2058],[106.8458,23.2059],[106.8341,23.1964],[106.8253,23.1965],[106.8118,23.2016],[106.7993,23.1855],[106.7729,23.183],[106.777,23.173],[106.7883,23.1587],[106.7766,23.1414],[106.7654,23.1381],[106.7653,23.1275],[106.7624,23.115],[106.7753,23.112],[106.7746,23.1038],[106.7621,23.0944],[106.7627,23.082],[106.7755,23.0768],[106.7834,23.0801],[106.791,23.0893],[106.8125,23.0775],[106.8072,23.0716],[106.807,23.0648],[106.7959,23.0566],[106.7901,23.0489],[106.7909,23.0353],[106.799,23.034],[106.789,23.0236],[106.7722,23.0102],[106.7617,23.0051],[106.7632,22.9952],[106.7556,22.9927],[106.7442,22.9731],[106.7373,22.9678],[106.7287,22.9721],[106.7149,22.9643],[106.7154,22.9455],[106.7031,22.9418],[106.6957,22.9324],[106.683,22.93],[106.6767,22.9256],[106.6754,22.9129],[106.6673,22.9097],[106.6623,22.9],[106.6678,22.891],[106.6797,22.8867],[106.6914,22.8917],[106.7064,22.8889],[106.7122,22.8785],[106.7179,22.8767],[106.7138,22.863],[106.7295,22.8509],[106.7373,22.848],[106.7431,22.8398],[106.754,22.8317],[106.769,22.8265],[106.7646,22.8122],[106.7742,22.8173],[106.783,22.8143],[106.7942,22.8157],[106.8073,22.8211],[106.8186,22.8199],[106.8237,22.8126],[106.8362,22.8059],[106.8329,22.7969],[106.8243,22.7897],[106.8241,22.7794],[106.8181,22.7721],[106.8016,22.769],[106.7929,22.7698],[106.7883,22.7544],[106.7797,22.7521],[106.7751,22.7448],[106.7647,22.7416],[106.7619,22.7331],[106.7648,22.7185],[106.7787,22.7104],[106.7706,22.7073],[106.7529,22.6927],[106.7603,22.6862],[106.757,22.6744],[106.7421,22.6706],[106.7372,22.6647],[106.7326,22.6499],[106.7222,22.6381],[106.7291,22.6303],[106.7235,22.6199],[106.7144,22.6142],[106.7308,22.602],[106.7219,22.5902],[106.7233,22.5878],[106.7085,22.5782],[106.6935,22.5847],[106.6826,22.58],[106.6777,22.5819],[106.6634,22.5756],[106.6484,22.5767],[106.6454,22.5836],[106.6385,22.5864],[106.6323,22.596],[106.6299,22.6053],[106.6136,22.604],[106.6075,22.6003],[106.6043,22.5882],[106.609,22.5804],[106.6019,22.5769],[106.6042,22.5649],[106.6009,22.5527],[106.5905,22.5492],[106.5912,22.5363],[106.5823,22.5173],[106.5824,22.4825],[106.5849,22.4771],[106.565,22.4673],[106.559,22.4658],[106.5575,22.4588],[106.5673,22.4407],[106.5676,22.4311],[106.5636,22.4237],[106.5649,22.4159],[106.5775,22.3972],[106.5865,22.3936],[106.5854,22.3778],[106.5693,22.3653],[106.5615,22.3643],[106.5599,22.3489],[106.5713,22.3415],[106.5751,22.3451],[106.584,22.3396],[106.5901,22.3435],[106.5993,22.3383],[106.6126,22.3405],[106.6208,22.3331],[106.6354,22.3403],[106.6485,22.3397],[106.6597,22.3338],[106.6573,22.3284],[106.6598,22.3176],[106.6658,22.3135],[106.6669,22.2859],[106.6808,22.2837],[106.6902,22.2788],[106.6842,22.265],[106.6903,22.2569],[106.6893,22.2512],[106.6932,22.2343],[106.6976,22.228],[106.6983,22.2095],[106.6916,22.2041],[106.6804,22.2031],[106.6797,22.1958],[106.673,22.1812],[106.6779,22.1704],[106.6935,22.162],[106.7032,22.1635],[106.7059,22.1594],[106.6969,22.1539],[106.6954,22.1431],[106.6884,22.1374],[106.6943,22.1327],[106.6923,22.1194],[106.6983,22.1068],[106.7098,22.1017],[106.7115,22.0897],[106.7052,22.0849],[106.7066,22.0653],[106.6971,22.0543],[106.6989,22.0419],[106.7056,22.0389],[106.708,22.0254],[106.7022,22.0228],[106.6958,22.0146],[106.6848,22.0058],[106.6832,21.9855],[106.6938,21.9725],[106.6904,21.9658],[106.6993,21.9604],[106.7029,21.9674],[106.7121,21.9737],[106.7194,21.9744],[106.7287,21.9866],[106.7296,21.994],[106.7367,22.0004],[106.7378,22.0076],[106.7492,22.0086],[106.7586,22.0131],[106.7691,22.0123],[106.7785,22.0045],[106.7844,22.004],[106.7879,21.9907],[106.7959,21.9931],[106.7968,21.985],[106.805,21.9761],[106.8124,21.9732],[106.8277,21.9757],[106.8398,21.9841],[106.8449,21.9796],[106.8681,21.9832],[106.8802,21.982],[106.9027,21.9722],[106.9143,21.9761],[106.9188,21.9743],[106.924,21.9633],[106.9214,21.9544],[106.9295,21.9417],[106.9296,21.9315],[106.9336,21.9296],[106.9467,21.9325],[106.9537,21.9307],[106.9536,21.9247],[106.9609,21.9196],[106.9794,21.9265],[106.9889,21.9422],[106.9901,21.951],[107.0001,21.9441],[107.0172,21.9463],[107.0338,21.9377],[107.039,21.9311],[107.0479,21.9302],[107.0583,21.9148],[107.0596,21.9025],[107.0633,21.8967],[107.0554,21.8846],[107.0398,21.8788],[107.0302,21.8681],[107.0182,21.8637],[107.0134,21.8555],[107.0043,21.8463],[107.0043,21.8337],[107.0088,21.8279],[107.0173,21.8272],[107.0321,21.8165],[107.0612,21.8094],[107.0853,21.8082],[107.0856,21.8048],[107.098,21.7976],[107.1136,21.7927],[107.1262,21.776],[107.1339,21.7758],[107.139,21.7636],[107.1607,21.757],[107.1671,21.7501],[107.1846,21.7474],[107.1938,21.7346],[107.1981,21.7328],[107.1965,21.7225],[107.2055,21.7159],[107.2224,21.7082],[107.241,21.7049],[107.249,21.7057],[107.2497,21.716],[107.2656,21.729],[107.288,21.7366],[107.3011,21.7426],[107.3079,21.7306],[107.314,21.7258],[107.3218,21.725],[107.3199,21.7149],[107.324,21.7073],[107.3346,21.6994],[107.3391,21.6879],[107.3443,21.6884],[107.3519,21.6735],[107.3599,21.6647],[107.359,21.6536],[107.3641,21.6401],[107.3543,21.631],[107.3595,21.6216],[107.3611,21.612],[107.3571,21.6064],[107.3621,21.5997],[107.3697,21.6021],[107.3826,21.5952],[107.3976,21.6095],[107.3956,21.6174],[107.4083,21.6231],[107.4174,21.633],[107.4174,21.64],[107.4298,21.6487],[107.4389,21.6512],[107.4635,21.6635],[107.474,21.6624],[107.4822,21.6575],[107.5007,21.6646],[107.5015,21.6803],[107.5128,21.6896],[107.5184,21.701],[107.5381,21.7155],[107.5374,21.722],[107.5548,21.7271],[107.554,21.737],[107.5486,21.7474],[107.5506,21.7511],[107.544,21.7653],[107.557,21.7832],[107.5672,21.7925],[107.5522,21.8034],[107.5449,21.8047],[107.5446,21.811],[107.5512,21.8209],[107.5512,21.8321],[107.5677,21.8457],[107.5634,21.8597],[107.565,21.8657],[107.5578,21.8693],[107.5553,21.8775],[107.5386,21.8883],[107.5436,21.9009],[107.5523,21.9058],[107.5563,21.912],[107.5503,21.9178],[107.5553,21.9246],[107.5535,21.9325],[107.5641,21.9305],[107.5719,21.9459],[107.569,21.9556],[107.5801,21.9702],[107.5768,21.976],[107.5836,21.9839],[107.5989,21.9939],[107.5988,22.0012],[107.6197,22.02],[107.6207,22.0288],[107.6329,22.0311],[107.6288,22.0397],[107.6424,22.0449],[107.6428,22.054],[107.6498,22.0562],[107.653,22.067],[107.6648,22.0696],[107.6663,22.0854],[107.6546,22.0958],[107.656,22.1015],[107.6506,22.1115],[107.6603,22.1156],[107.6643,22.1223],[107.6619,22.1283],[107.6486,22.1259],[107.6394,22.1331],[107.6354,22.1511],[107.6303,22.1618],[107.6245,22.1905],[107.6276,22.1954],[107.6381,22.1896],[107.6524,22.1884],[107.6668,22.1836],[107.6717,22.1867],[107.7058,22.1942],[107.7231,22.1891],[107.7297,22.1933],[107.7295,22.2011],[107.7407,22.2061],[107.7481,22.2032],[107.7543,22.2072],[107.7649,22.2083],[107.7822,22.2066],[107.7969,22.2084],[107.8037,22.2168],[107.8185,22.2208],[107.8274,22.2143],[107.8443,22.2154],[107.8592,22.2103],[107.872,22.2113],[107.8805,22.2213],[107.8934,22.2175],[107.8949,22.2106],[107.9081,22.2143],[107.9088,22.2306],[107.9149,22.2352],[107.914,22.2435],[107.921,22.253],[107.9294,22.2565],[107.9478,22.253],[107.9406,22.2685],[107.9571,22.2882],[107.9756,22.2966],[107.983,22.3017],[107.9757,22.3114],[107.9779,22.3217],[107.9849,22.3281],[107.9944,22.3304],[108.0008,22.339],[108.0259,22.336],[108.0354,22.3444],[108.0449,22.3605],[108.0559,22.3615],[108.0582,22.3563],[108.081,22.3703],[108.0922,22.3744],[108.1035,22.3846],[108.1044,22.392],[108.1109,22.3951],[108.1096,22.4009],[108.0994,22.4066],[108.0962,22.4118],[108.0827,22.4075],[108.0788,22.4135],[108.0805,22.42],[108.0776,22.4372],[108.0809,22.4473],[108.085,22.4485],[108.0844,22.4615],[108.0713,22.4631],[108.0658,22.4588],[108.0543,22.4641],[108.0552,22.4718],[108.0366,22.4771],[108.0205,22.4797],[108.0099,22.4833],[108.0033,22.4985],[107.9925,22.4951],[107.9834,22.5022],[107.9822,22.509],[107.99,22.5114],[107.9952,22.5219],[108.0095,22.5355],[108.01,22.5446],[108.0146,22.5497],[108.0073,22.5635],[107.9999,22.5665],[107.9982,22.5758],[107.9905,22.5801],[107.9922,22.5908],[107.9979,22.6001],[108.0008,22.6102],[108.0107,22.614],[108.0207,22.6085],[108.0243,22.6139],[108.0372,22.6183],[108.0447,22.6241],[108.0553,22.6216],[108.0691,22.6274],[108.082,22.6239],[108.0924,22.6398],[108.0997,22.6471],[108.102,22.6601],[108.095,22.6633],[108.0862,22.6726],[108.089,22.6828],[108.0851,22.6897],[108.0821,22.7056],[108.0711,22.6989],[108.0688,22.6917],[108.0714,22.6838],[108.0681,22.6728],[108.0564,22.6685],[108.0376,22.6587],[108.0287,22.6672],[108.0216,22.6686],[108.0165,22.6818],[108.0055,22.6824],[107.9943,22.6936],[107.9958,22.7027],[107.994,22.721],[108.0084,22.7238],[108.0102,22.7332],[108.0143,22.7348],[108.0194,22.7512],[108.0183,22.7643],[108.0151,22.7731],[108.0255,22.7728],[108.0291,22.7806],[108.026,22.7883],[108.0189,22.7852],[107.9968,22.7924],[107.9853,22.7939],[107.9728,22.792],[107.9688,22.7969],[107.9749,22.813],[107.9761,22.8215],[107.9685,22.8381],[107.9583,22.846],[107.9426,22.8463],[107.9368,22.8509],[107.9288,22.8482],[107.914,22.8518],[107.8791,22.8494],[107.8721,22.8558],[107.8689,22.8676],[107.8608,22.8688],[107.8483,22.8787],[107.8296,22.8731],[107.8245,22.8763],[107.7929,22.8817],[107.7856,22.8863],[107.7622,22.9116],[107.7575,22.9211],[107.7506,22.9235],[107.7495,22.9341],[107.7395,22.9485],[107.7236,22.9425],[107.7145,22.952],[107.708,22.9537],[107.7046,22.9478],[107.6936,22.9409],[107.6874,22.9413],[107.6811,22.9476],[107.6557,22.9445],[107.6398,22.9497],[107.6351,22.9481],[107.6304,22.9387],[107.6399,22.9361],[107.6458,22.926],[107.6648,22.9211],[107.6706,22.9049],[107.6783,22.904],[107.695,22.8819],[107.6942,22.8735],[107.6877,22.8646],[107.6758,22.8596],[107.6662,22.8585],[107.6623,22.868],[107.6568,22.8693],[107.6553,22.8816],[107.6463,22.8954],[107.6428,22.906],[107.6316,22.9039],[107.6089,22.9072],[107.6063,22.902],[107.5941,22.9001],[107.5824,22.8926],[107.5727,22.894],[107.5692,22.8845],[107.5736,22.8693],[107.5715,22.8635],[107.5491,22.8605],[107.5412,22.8625],[107.5367,22.8571],[107.5283,22.8568],[107.5111,22.8477],[107.5001,22.8493],[107.4934,22.8539],[107.4895,22.8717],[107.4829,22.8732],[107.4835,22.8944],[107.4819,22.9081],[107.4755,22.9156],[107.4719,22.9271],[107.4818,22.929],[107.4883,22.935],[107.4957,22.937],[107.4959,22.9433],[107.4906,22.9525],[107.4952,22.9667],[107.4949,22.9855],[107.4898,22.9879],[107.4835,23.0016],[107.4709,23.0151],[107.477,23.0226],[107.4728,23.0354],[107.4662,23.0341],[107.4542,23.0474],[107.4467,23.0468],[107.44,23.0547],[107.4279,23.0468],[107.4053,23.053],[107.3948,23.0443],[107.391,23.0504],[107.3823,23.0509],[107.3712,23.0405],[107.3592,23.0355],[107.3485,23.0401],[107.3397,23.048],[107.332,23.0514],[107.3384,23.0633],[107.343,23.062],[107.35,23.0776],[107.35,23.0839],[107.3665,23.0868],[107.3722,23.0857],[107.3878,23.099],[107.3716,23.101],[107.3618,23.1047],[107.358,23.1122],[107.3464,23.1188],[107.3456,23.1247],[107.3355,23.1257],[107.3247,23.1345],[107.3302,23.1408],[107.3323,23.1498],[107.3393,23.1522],[107.351,23.15],[107.3501,23.1662],[107.3419,23.1758],[107.347,23.1879],[107.3424,23.1947],[107.3549,23.2018],[107.3652,23.201],[107.3618,23.2086],[107.3718,23.218],[107.3723,23.2389],[107.3801,23.2478]]]},"properties":{"region_code":"CN-45-4514","parent_region_code":"CN-45","name":"崇左市","level":"prefecture","has_children":true,"full_path":"中国 / 广西壮族自治区 / 崇左市","source_admin_code":"4514","osm_relation_id":2127478}}
]}