{"type":"FeatureCollection", "features": [
{"type":"Feature","geometry":{"type":"Polygon","coordinates":[[[113.8926,34.3194],[113.8942,34.3244],[113.9107,34.3199],[113.9157,34.3226],[113.9191,34.3363],[113.9329,34.3383],[113.9411,34.3338],[113.9508,34.3336],[113.9538,34.3206],[113.9637,34.3203],[113.975,34.3257],[114.0038,34.3238],[114.0157,34.3187],[114.0404,34.3147],[114.0579,34.3176],[114.0572,34.3284],[114.0639,34.3461],[114.0567,34.3548],[114.0591,34.3668],[114.0543,34.3834],[114.0359,34.3897],[114.0398,34.4051],[114.0219,34.4076],[114.0244,34.3978],[114.007,34.4027],[113.9797,34.4023],[113.9888,34.4114],[113.9863,34.4251],[113.9809,34.4308],[113.9847,34.4415],[113.9985,34.4367],[113.9996,34.4422],[114.014,34.4465],[114.015,34.4592],[114.012,34.4675],[113.9993,34.4704],[113.9922,34.4641],[113.9891,34.4785],[113.9938,34.4844],[114.0091,34.4839],[114.0157,34.4912],[114.0189,34.5051],[114.0431,34.505],[114.0654,34.4898],[114.0674,34.4799],[114.0873,34.4762],[114.0935,34.4815],[114.0909,34.4999],[114.0851,34.5019],[114.0835,34.5144],[114.0989,34.5255],[114.0969,34.551],[114.1021,34.5661],[114.1119,34.5684],[114.1242,34.5765],[114.1265,34.5831],[114.1216,34.5901],[114.1274,34.5954],[114.1312,34.6068],[114.1198,34.609],[114.1264,34.6182],[114.1374,34.6141],[114.1464,34.6056],[114.1464,34.6316],[114.1513,34.6409],[114.1391,34.6562],[114.1541,34.6663],[114.1511,34.6846],[114.1572,34.706],[114.1623,34.7159],[114.1363,34.7155],[114.1387,34.7215],[114.1327,34.7283],[114.143,34.7468],[114.1486,34.7476],[114.1474,34.7622],[114.1598,34.76],[114.1674,34.7694],[114.1643,34.7769],[114.1461,34.7833],[114.1389,34.7964],[114.1301,34.8016],[114.1134,34.8029],[114.1146,34.8116],[114.1105,34.8189],[114.121,34.8215],[114.1264,34.8274],[114.1517,34.827],[114.1586,34.8298],[114.1637,34.8208],[114.1882,34.8197],[114.1955,34.8318],[114.202,34.8591],[114.2,34.871],[114.2055,34.9123],[114.1937,34.9305],[114.1778,34.9337],[114.162,34.9421],[114.134,34.9599],[114.1218,34.9605],[114.1106,34.9528],[114.0875,34.9493],[114.0601,34.9544],[114.05,34.9501],[114.0402,34.9416],[114.0093,34.9405],[113.9993,34.9459],[113.9839,34.948],[113.9762,34.9445],[113.9682,34.9111],[113.958,34.8942],[113.9502,34.889],[113.9399,34.8893],[113.9215,34.9012],[113.9036,34.9057],[113.8826,34.9069],[113.8609,34.8902],[113.8297,34.8793],[113.8022,34.8792],[113.7806,34.8942],[113.7708,34.907],[113.7533,34.9196],[113.7379,34.919],[113.7218,34.9108],[113.7059,34.912],[113.6795,34.9204],[113.6453,34.9209],[113.6105,34.9317],[113.5978,34.9311],[113.5874,34.9405],[113.5833,34.9486],[113.5755,34.953],[113.542,34.9657],[113.5036,34.973],[113.4743,34.9837],[113.4359,34.9877],[113.3683,34.9843],[113.3326,34.9686],[113.2754,34.955],[113.2487,34.9459],[113.24,34.9382],[113.2234,34.908],[113.1685,34.8927],[113.1339,34.8854],[113.1413,34.8566],[113.1408,34.8479],[113.0996,34.8491],[113.0836,34.8529],[113.0765,34.8515],[113.0626,34.8407],[113.0268,34.8491],[113.0176,34.8564],[113.0009,34.8639],[112.9881,34.8599],[112.9577,34.8434],[112.9442,34.8343],[112.9357,34.8337],[112.8935,34.854],[112.8811,34.8547],[112.8507,34.8161],[112.8433,34.8134],[112.8072,34.8327],[112.8085,34.8101],[112.8043,34.8099],[112.8057,34.7822],[112.8245,34.7714],[112.8337,34.7726],[112.8443,34.7856],[112.8608,34.7816],[112.8667,34.7837],[112.876,34.7781],[112.8804,34.7854],[112.8897,34.784],[112.8946,34.7722],[112.9065,34.771],[112.902,34.7545],[112.9046,34.738],[112.9327,34.7245],[112.9256,34.7134],[112.9106,34.713],[112.9058,34.7039],[112.8961,34.6949],[112.8875,34.6963],[112.8737,34.7062],[112.8546,34.7081],[112.8403,34.7006],[112.8198,34.6937],[112.8207,34.6738],[112.8293,34.669],[112.8268,34.654],[112.8386,34.6403],[112.8392,34.6247],[112.8472,34.6171],[112.8448,34.6108],[112.8329,34.605],[112.8335,34.5946],[112.8423,34.5876],[112.8529,34.5899],[112.8638,34.5742],[112.8682,34.5722],[112.87,34.5604],[112.886,34.5496],[112.9007,34.5466],[112.9174,34.5471],[112.9254,34.5503],[112.9342,34.5451],[112.9511,34.5471],[112.9629,34.5461],[112.9741,34.5356],[112.9706,34.5327],[112.9519,34.5305],[112.9457,34.5335],[112.9223,34.5275],[112.9187,34.5108],[112.9208,34.5026],[112.916,34.4953],[112.9133,34.4823],[112.9163,34.4792],[112.8991,34.469],[112.8864,34.4777],[112.8592,34.4746],[112.85,34.4804],[112.8337,34.4788],[112.8021,34.4808],[112.7904,34.4899],[112.7681,34.5021],[112.7625,34.4965],[112.743,34.4947],[112.7324,34.4902],[112.7324,34.4793],[112.7372,34.4717],[112.7335,34.456],[112.7364,34.4487],[112.73,34.4251],[112.7207,34.4135],[112.7282,34.4065],[112.7252,34.3934],[112.7156,34.389],[112.7142,34.383],[112.7239,34.3779],[112.723,34.3651],[112.726,34.3522],[112.7504,34.3586],[112.7524,34.3491],[112.7689,34.3458],[112.7779,34.3466],[112.7821,34.3334],[112.8083,34.34],[112.8197,34.3335],[112.8364,34.3368],[112.836,34.326],[112.8468,34.3177],[112.8334,34.3122],[112.8313,34.3045],[112.8514,34.304],[112.8653,34.2993],[112.8836,34.304],[112.8907,34.2983],[112.9054,34.2949],[112.9174,34.2983],[112.9292,34.2971],[112.9449,34.3028],[112.9681,34.2975],[112.9851,34.2972],[113,34.3018],[113.0077,34.3014],[113.0174,34.2886],[113.0328,34.2805],[113.0408,34.2801],[113.0625,34.2843],[113.0759,34.2674],[113.1038,34.2639],[113.1079,34.2677],[113.1292,34.2743],[113.1358,34.274],[113.147,34.2672],[113.1676,34.2815],[113.1781,34.2933],[113.1792,34.3037],[113.1891,34.3131],[113.2031,34.3122],[113.2165,34.3261],[113.216,34.3343],[113.2255,34.3398],[113.2403,34.3381],[113.2626,34.3387],[113.2731,34.3452],[113.2782,34.3544],[113.2936,34.3515],[113.3099,34.3543],[113.3056,34.3606],[113.3057,34.3736],[113.314,34.3856],[113.3092,34.3954],[113.3185,34.4066],[113.3371,34.4078],[113.3659,34.3896],[113.3612,34.381],[113.3821,34.3765],[113.3941,34.3788],[113.408,34.3747],[113.4,34.3567],[113.4064,34.3511],[113.4236,34.3514],[113.4392,34.341],[113.4671,34.3323],[113.477,34.3439],[113.4952,34.3394],[113.5047,34.3445],[113.513,34.3358],[113.5139,34.3273],[113.5231,34.319],[113.5501,34.3123],[113.5537,34.3179],[113.5711,34.3222],[113.6034,34.3143],[113.6188,34.3049],[113.6204,34.2983],[113.6363,34.2901],[113.6405,34.2839],[113.6543,34.276],[113.6633,34.2764],[113.6784,34.2843],[113.6833,34.279],[113.6933,34.2777],[113.6986,34.2852],[113.7083,34.2908],[113.7115,34.3058],[113.7273,34.3135],[113.7283,34.32],[113.7519,34.3146],[113.7707,34.3157],[113.79,34.3368],[113.8078,34.3377],[113.8104,34.3313],[113.8252,34.3263],[113.8576,34.3308],[113.8828,34.3316],[113.8858,34.3221],[113.8926,34.3194]]]},"properties":{"region_code":"CN-41-4101","parent_region_code":"CN-41","name":"郑州市","level":"prefecture","has_children":true,"full_path":"中国 / 河南省 / 郑州市","source_admin_code":"4101","osm_relation_id":3283765}},
{"type":"Feature","geometry":{"type":"Polygon","coordinates":[[[113.8926,34.3194],[113.8894,34.3063],[113.9053,34.2968],[113.9082,34.3027],[113.926,34.3045],[113.9318,34.3007],[113.949,34.2967],[113.959,34.2874],[113.9686,34.2837],[113.9711,34.2765],[113.9832,34.277],[113.9831,34.2651],[114.0044,34.2478],[114.004,34.2438],[114.021,34.2421],[114.0321,34.2385],[114.0418,34.2393],[114.0409,34.248],[114.0555,34.2445],[114.0628,34.2519],[114.0714,34.2426],[114.0927,34.2423],[114.0946,34.2344],[114.1028,34.2306],[114.1039,34.2055],[114.1102,34.2069],[114.1237,34.1996],[114.134,34.1974],[114.1421,34.2061],[114.1523,34.2067],[114.1532,34.2167],[114.1747,34.2201],[114.1915,34.2203],[114.1972,34.2327],[114.1966,34.2418],[114.2072,34.2429],[114.2097,34.2314],[114.2159,34.2307],[114.2258,34.2417],[114.2393,34.2377],[114.2449,34.2488],[114.2541,34.2532],[114.2654,34.2608],[114.2735,34.2736],[114.281,34.2749],[114.3034,34.2701],[114.3092,34.2652],[114.323,34.2639],[114.3472,34.2516],[114.3786,34.2444],[114.3913,34.2483],[114.4007,34.247],[114.4056,34.2544],[114.409,34.2679],[114.4241,34.2665],[114.4353,34.2766],[114.4359,34.2931],[114.416,34.3066],[114.4286,34.3151],[114.4302,34.3314],[114.447,34.3212],[114.456,34.3212],[114.4563,34.3314],[114.471,34.3329],[114.4797,34.3218],[114.4881,34.3218],[114.49,34.3114],[114.5073,34.3099],[114.5075,34.316],[114.5224,34.3114],[114.5195,34.3042],[114.523,34.2861],[114.5298,34.2838],[114.5462,34.2864],[114.5482,34.271],[114.5869,34.2746],[114.6096,34.2603],[114.6252,34.2644],[114.6302,34.2626],[114.6383,34.2509],[114.6454,34.2483],[114.6574,34.2529],[114.666,34.246],[114.6928,34.2464],[114.7109,34.2407],[114.7046,34.2326],[114.7073,34.2262],[114.7225,34.2247],[114.7254,34.2324],[114.7527,34.2369],[114.752,34.2495],[114.7549,34.2553],[114.7756,34.257],[114.7827,34.2625],[114.8067,34.2601],[114.8275,34.2711],[114.8239,34.2776],[114.8278,34.2887],[114.8377,34.286],[114.8584,34.2711],[114.8739,34.2715],[114.8797,34.2653],[114.8939,34.2659],[114.8944,34.2741],[114.8898,34.2861],[114.8769,34.2986],[114.8639,34.3008],[114.8633,34.309],[114.872,34.3097],[114.8719,34.321],[114.857,34.3198],[114.8494,34.3361],[114.856,34.3552],[114.8563,34.3685],[114.8736,34.3721],[114.8773,34.3793],[114.869,34.3979],[114.8462,34.4009],[114.8485,34.4121],[114.8469,34.4302],[114.8534,34.4308],[114.856,34.4567],[114.8644,34.4574],[114.874,34.4531],[114.8809,34.4627],[114.8911,34.4624],[114.8986,34.469],[114.9069,34.485],[114.9131,34.4876],[114.917,34.4996],[114.9061,34.5016],[114.9123,34.513],[114.9094,34.5214],[114.913,34.5293],[114.9057,34.5361],[114.9096,34.55],[114.903,34.555],[114.9005,34.5671],[114.9057,34.5881],[114.8985,34.5888],[114.8929,34.6328],[114.8965,34.6454],[114.89,34.6507],[114.8865,34.6598],[114.8971,34.6642],[114.9015,34.6741],[114.9297,34.6668],[114.9302,34.6798],[114.923,34.6908],[114.9095,34.6918],[114.8967,34.6968],[114.8945,34.7013],[114.874,34.7029],[114.8735,34.689],[114.8568,34.6852],[114.8522,34.6908],[114.8543,34.7113],[114.8423,34.7129],[114.8393,34.7273],[114.8553,34.7402],[114.8511,34.7481],[114.8416,34.7491],[114.8304,34.7444],[114.8307,34.7533],[114.8233,34.7561],[114.8263,34.7686],[114.837,34.7713],[114.8519,34.7673],[114.8606,34.7682],[114.8621,34.7767],[114.8702,34.7788],[114.8874,34.7776],[114.8878,34.7635],[114.8927,34.7588],[114.9069,34.7576],[114.917,34.7479],[114.9426,34.7482],[114.9439,34.7563],[114.9581,34.7596],[114.9814,34.757],[114.9943,34.7583],[114.9991,34.7735],[115.0133,34.7758],[115.0231,34.7711],[115.0275,34.7752],[115.0405,34.7693],[115.0559,34.7674],[115.0606,34.7725],[115.0896,34.7724],[115.1092,34.7775],[115.1106,34.79],[115.1387,34.79],[115.1418,34.7783],[115.1567,34.7801],[115.164,34.7916],[115.1697,34.7913],[115.1732,34.8011],[115.1926,34.7962],[115.1971,34.8065],[115.2426,34.799],[115.2419,34.8105],[115.2508,34.8128],[115.258,34.8204],[115.2615,34.8322],[115.2546,34.8384],[115.2389,34.8444],[115.2343,34.8675],[115.2305,34.8676],[115.2289,34.8926],[115.2398,34.8925],[115.251,34.9062],[115.2369,34.9154],[115.2237,34.9163],[115.2006,34.9113],[115.1834,34.9155],[115.1865,34.9262],[115.197,34.9264],[115.2063,34.9441],[115.2143,34.9433],[115.2194,34.9541],[115.2047,34.9599],[115.1966,34.9541],[115.1863,34.9531],[115.1837,34.9604],[115.1684,34.9626],[115.1568,34.9588],[115.1427,34.9714],[115.1381,34.9791],[115.1236,34.9851],[115.1263,35.0011],[115.12,35.0073],[115.1098,35.0077],[115.1077,34.9986],[115.0959,34.9949],[115.083,34.9966],[115.0542,34.9956],[115.0473,34.9855],[115.0328,34.9833],[115.025,34.9724],[115.0162,34.9711],[115.0024,34.9873],[114.9957,34.991],[114.9746,34.9891],[114.9684,34.9947],[114.9555,34.9963],[114.952,34.99],[114.9383,34.9894],[114.9286,34.9809],[114.9226,34.9702],[114.9013,34.9777],[114.9022,34.9901],[114.8822,34.9938],[114.8749,35.0044],[114.879,35.0228],[114.8645,35.0253],[114.8538,35.0035],[114.8321,35.0081],[114.8293,34.993],[114.8012,34.9742],[114.777,34.9753],[114.7559,34.971],[114.7429,34.9579],[114.7409,34.9487],[114.7481,34.9399],[114.7774,34.9188],[114.7759,34.9098],[114.7651,34.8923],[114.757,34.8883],[114.7306,34.8911],[114.7216,34.8947],[114.7128,34.9041],[114.6761,34.9118],[114.6455,34.8992],[114.6222,34.9043],[114.5912,34.9195],[114.5753,34.9254],[114.5664,34.9228],[114.5537,34.9099],[114.5461,34.9052],[114.5331,34.9054],[114.5113,34.9088],[114.4923,34.9222],[114.4799,34.9266],[114.4597,34.9098],[114.4402,34.9154],[114.409,34.9349],[114.3954,34.9401],[114.3797,34.9359],[114.3677,34.9192],[114.3507,34.908],[114.3343,34.9038],[114.328,34.9057],[114.3086,34.9202],[114.2928,34.9236],[114.2841,34.9191],[114.275,34.9065],[114.26,34.8962],[114.2484,34.8975],[114.2332,34.9043],[114.2226,34.9188],[114.1937,34.9305],[114.2055,34.9123],[114.2,34.871],[114.202,34.8591],[114.1955,34.8318],[114.1882,34.8197],[114.1637,34.8208],[114.1586,34.8298],[114.1517,34.827],[114.1264,34.8274],[114.121,34.8215],[114.1105,34.8189],[114.1146,34.8116],[114.1134,34.8029],[114.1301,34.8016],[114.1389,34.7964],[114.1461,34.7833],[114.1643,34.7769],[114.1674,34.7694],[114.1598,34.76],[114.1474,34.7622],[114.1486,34.7476],[114.143,34.7468],[114.1327,34.7283],[114.1387,34.7215],[114.1363,34.7155],[114.1623,34.7159],[114.1572,34.706],[114.1511,34.6846],[114.1541,34.6663],[114.1391,34.6562],[114.1513,34.6409],[114.1464,34.6316],[114.1464,34.6056],[114.1374,34.6141],[114.1264,34.6182],[114.1198,34.609],[114.1312,34.6068],[114.1274,34.5954],[114.1216,34.5901],[114.1265,34.5831],[114.1242,34.5765],[114.1119,34.5684],[114.1021,34.5661],[114.0969,34.551],[114.0989,34.5255],[114.0835,34.5144],[114.0851,34.5019],[114.0909,34.4999],[114.0935,34.4815],[114.0873,34.4762],[114.0674,34.4799],[114.0654,34.4898],[114.0431,34.505],[114.0189,34.5051],[114.0157,34.4912],[114.0091,34.4839],[113.9938,34.4844],[113.9891,34.4785],[113.9922,34.4641],[113.9993,34.4704],[114.012,34.4675],[114.015,34.4592],[114.014,34.4465],[113.9996,34.4422],[113.9985,34.4367],[113.9847,34.4415],[113.9809,34.4308],[113.9863,34.4251],[113.9888,34.4114],[113.9797,34.4023],[114.007,34.4027],[114.0244,34.3978],[114.0219,34.4076],[114.0398,34.4051],[114.0359,34.3897],[114.0543,34.3834],[114.0591,34.3668],[114.0567,34.3548],[114.0639,34.3461],[114.0572,34.3284],[114.0579,34.3176],[114.0404,34.3147],[114.0157,34.3187],[114.0038,34.3238],[113.975,34.3257],[113.9637,34.3203],[113.9538,34.3206],[113.9508,34.3336],[113.9411,34.3338],[113.9329,34.3383],[113.9191,34.3363],[113.9157,34.3226],[113.9107,34.3199],[113.8942,34.3244],[113.8926,34.3194]]]},"properties":{"region_code":"CN-41-4102","parent_region_code":"CN-41","name":"开封市","level":"prefecture","has_children":true,"full_path":"中国 / 河南省 / 开封市","source_admin_code":"4102","osm_relation_id":3283913}},
{"type":"Feature","geometry":{"type":"Polygon","coordinates":[[[112.8072,34.8327],[112.7995,34.835],[112.7693,34.824],[112.7425,34.8163],[112.7157,34.8214],[112.7041,34.8298],[112.7038,34.8357],[112.6956,34.8412],[112.6761,34.8488],[112.6603,34.8464],[112.6472,34.8543],[112.6332,34.8562],[112.6339,34.888],[112.6433,34.8888],[112.6421,34.9007],[112.6339,34.8983],[112.628,34.9041],[112.6324,34.917],[112.6282,34.9273],[112.6132,34.9193],[112.6004,34.9218],[112.5952,34.9266],[112.5803,34.9244],[112.5729,34.9323],[112.5759,34.942],[112.5665,34.9441],[112.5628,34.9559],[112.5562,34.9536],[112.5438,34.9421],[112.5357,34.9435],[112.5324,34.9318],[112.5187,34.9356],[112.5156,34.9446],[112.4981,34.9428],[112.4932,34.9255],[112.5045,34.9206],[112.5087,34.9307],[112.5227,34.9311],[112.5218,34.9244],[112.5298,34.9194],[112.5255,34.8989],[112.5144,34.8951],[112.4997,34.8987],[112.4882,34.9071],[112.4733,34.9096],[112.4491,34.9193],[112.421,34.922],[112.4212,34.9137],[112.397,34.9135],[112.3855,34.9158],[112.3769,34.9235],[112.3587,34.9281],[112.3424,34.9403],[112.3269,34.9449],[112.304,34.9353],[112.2814,34.9618],[112.2686,34.9618],[112.2631,34.9566],[112.2598,34.9455],[112.2442,34.9475],[112.2364,34.9532],[112.2226,34.9553],[112.2146,34.9643],[112.2053,34.9694],[112.1794,34.9759],[112.1662,35.0036],[112.1523,35.0125],[112.1254,35.0204],[112.0991,35.0302],[112.0589,35.0279],[112.0405,35.0308],[112.0307,35.0353],[112.0297,35.0425],[112.029,35.0543],[112.0153,35.0632],[112.0079,35.0715],[111.996,35.0667],[111.9678,35.0705],[111.9533,35.0661],[111.9504,35.0497],[111.9464,35.0441],[111.9303,35.0418],[111.9432,35.0231],[111.956,35.0142],[111.9697,35.0096],[111.979,35.0028],[111.9695,34.9925],[111.956,34.9889],[111.9499,34.9827],[111.9556,34.9774],[111.9737,34.9719],[111.9758,34.9614],[111.971,34.9556],[111.9529,34.9497],[111.9275,34.9488],[111.9181,34.9343],[111.9038,34.9314],[111.8832,34.9219],[111.8743,34.9094],[111.8762,34.8983],[111.8929,34.8913],[111.8978,34.8857],[111.914,34.8861],[111.9256,34.8766],[111.9349,34.8725],[111.9446,34.8633],[111.9422,34.8508],[111.9542,34.8518],[111.9732,34.858],[111.9846,34.8584],[111.9841,34.8512],[111.977,34.8475],[111.9817,34.8388],[112.0129,34.8146],[112.0151,34.8091],[112.0083,34.801],[112.0253,34.7875],[112.0255,34.7762],[112.0124,34.7683],[112.0095,34.7489],[112.0005,34.7496],[111.9886,34.7386],[112.0061,34.733],[112.0095,34.7253],[111.9992,34.7205],[111.9893,34.7085],[111.9897,34.6934],[111.9808,34.696],[111.9707,34.6939],[111.9643,34.6854],[111.9682,34.6762],[111.9665,34.6609],[111.9732,34.6518],[111.9619,34.6472],[111.9539,34.639],[111.9395,34.6406],[111.9364,34.6302],[111.941,34.6256],[111.9276,34.6107],[111.9191,34.6053],[111.9149,34.6123],[111.8939,34.6247],[111.8821,34.6197],[111.8628,34.6396],[111.857,34.6495],[111.8449,34.6543],[111.836,34.6511],[111.83,34.6566],[111.8185,34.6515],[111.8152,34.6329],[111.7993,34.6384],[111.7954,34.633],[111.7856,34.6317],[111.778,34.6254],[111.7823,34.6191],[111.7756,34.6083],[111.7599,34.6127],[111.7549,34.6051],[111.7583,34.5953],[111.7404,34.5949],[111.7295,34.6065],[111.7161,34.5925],[111.7071,34.5951],[111.7029,34.585],[111.6909,34.574],[111.6623,34.5712],[111.683,34.5454],[111.6894,34.5348],[111.6792,34.5305],[111.6609,34.5416],[111.6253,34.5558],[111.6144,34.5549],[111.5925,34.5711],[111.5781,34.5708],[111.5725,34.5571],[111.5603,34.568],[111.5357,34.5444],[111.5207,34.5499],[111.5138,34.5453],[111.4983,34.5498],[111.4958,34.5424],[111.4758,34.5251],[111.4654,34.5183],[111.4536,34.5147],[111.4441,34.5059],[111.4331,34.5023],[111.4148,34.4913],[111.3882,34.4834],[111.3813,34.4758],[111.3629,34.4736],[111.362,34.4824],[111.353,34.4811],[111.3399,34.4737],[111.3088,34.473],[111.2962,34.4773],[111.2917,34.4905],[111.2773,34.4828],[111.2659,34.4696],[111.2698,34.4503],[111.2587,34.4482],[111.2527,34.4518],[111.2343,34.4549],[111.2308,34.4593],[111.2104,34.4605],[111.2064,34.4379],[111.2076,34.4294],[111.1924,34.4187],[111.1805,34.4134],[111.186,34.4037],[111.1631,34.3942],[111.1475,34.3958],[111.1385,34.3882],[111.1382,34.3768],[111.1298,34.3616],[111.133,34.3542],[111.1415,34.3544],[111.1558,34.3497],[111.1562,34.3386],[111.1714,34.3304],[111.1815,34.3187],[111.1843,34.3056],[111.1933,34.2976],[111.1801,34.2884],[111.1755,34.2796],[111.1755,34.2538],[111.1807,34.2493],[111.1721,34.2276],[111.1513,34.2255],[111.17,34.2117],[111.187,34.2069],[111.2042,34.1967],[111.2029,34.1902],[111.2076,34.1759],[111.2257,34.1798],[111.2368,34.1631],[111.2445,34.1624],[111.2531,34.1495],[111.2633,34.1432],[111.2728,34.1477],[111.2845,34.1475],[111.305,34.1385],[111.3028,34.1239],[111.3118,34.1174],[111.3305,34.1167],[111.3357,34.1114],[111.3543,34.1094],[111.3631,34.0924],[111.3458,34.0836],[111.3416,34.0666],[111.3355,34.0621],[111.3371,34.0366],[111.3459,34.0266],[111.3481,34.0115],[111.3465,33.9948],[111.3526,33.9899],[111.342,33.9763],[111.3232,33.9685],[111.3134,33.9573],[111.3058,33.9536],[111.2986,33.9414],[111.2981,33.9304],[111.2789,33.927],[111.2782,33.9339],[111.2681,33.9365],[111.2567,33.9287],[111.2443,33.9349],[111.2294,33.9335],[111.2206,33.9268],[111.2198,33.9125],[111.2304,33.8978],[111.2207,33.8908],[111.2068,33.8909],[111.2032,33.8795],[111.2131,33.874],[111.2104,33.8641],[111.2257,33.8576],[111.2327,33.8439],[111.2405,33.8351],[111.255,33.8263],[111.2537,33.7978],[111.2598,33.7844],[111.2754,33.7822],[111.2889,33.7769],[111.2961,33.7771],[111.3072,33.7661],[111.3142,33.764],[111.328,33.77],[111.3443,33.7668],[111.3781,33.768],[111.4115,33.7517],[111.4228,33.7532],[111.4425,33.74],[111.4542,33.7363],[111.465,33.7371],[111.4768,33.7272],[111.4911,33.7225],[111.5026,33.7328],[111.5028,33.7374],[111.5289,33.7391],[111.5359,33.7306],[111.5584,33.7291],[111.5802,33.725],[111.5874,33.7213],[111.6179,33.7247],[111.6307,33.7177],[111.6389,33.7178],[111.6489,33.7111],[111.6546,33.7009],[111.6532,33.6955],[111.6604,33.6883],[111.6707,33.689],[111.6814,33.681],[111.6961,33.6811],[111.7083,33.6873],[111.7344,33.6762],[111.7408,33.6786],[111.75,33.6712],[111.7837,33.6637],[111.7944,33.6585],[111.8048,33.6485],[111.8259,33.6413],[111.8217,33.6156],[111.8216,33.5935],[111.8375,33.5952],[111.8729,33.5927],[111.9022,33.5822],[111.9029,33.577],[111.9133,33.5638],[111.9264,33.5749],[111.9568,33.5742],[111.9804,33.5876],[112.0087,33.5869],[112.0121,33.5952],[112.0038,33.5987],[112.0026,33.6094],[112.0054,33.6179],[112.0232,33.6209],[112.0455,33.6124],[112.0696,33.6087],[112.0787,33.6028],[112.0881,33.6126],[112.0785,33.6282],[112.0661,33.6413],[112.0731,33.6474],[112.0711,33.6542],[112.1076,33.6555],[112.1159,33.6529],[112.1207,33.6601],[112.1167,33.6679],[112.1169,33.6789],[112.1247,33.697],[112.133,33.7009],[112.1392,33.7115],[112.1554,33.7205],[112.1712,33.7214],[112.1733,33.6996],[112.1868,33.7026],[112.1985,33.698],[112.2092,33.6985],[112.2125,33.7041],[112.2237,33.7099],[112.2232,33.7163],[112.2433,33.7205],[112.2419,33.7297],[112.2556,33.7395],[112.2591,33.7662],[112.2508,33.7766],[112.2528,33.7838],[112.2704,33.7916],[112.2655,33.7996],[112.2802,33.8107],[112.2935,33.8069],[112.2985,33.8179],[112.3093,33.8243],[112.3339,33.8258],[112.3346,33.8317],[112.3486,33.8325],[112.3505,33.8372],[112.3743,33.8278],[112.3835,33.8298],[112.3917,33.8207],[112.3952,33.8115],[112.4066,33.8091],[112.4245,33.8138],[112.4269,33.8208],[112.4395,33.8311],[112.4511,33.8486],[112.4679,33.8537],[112.4738,33.8589],[112.4857,33.8557],[112.4948,33.8591],[112.5051,33.8584],[112.5182,33.865],[112.526,33.8819],[112.534,33.8872],[112.5333,33.9016],[112.5148,33.9044],[112.5056,33.9148],[112.4888,33.9187],[112.4906,33.932],[112.5044,33.9352],[112.5236,33.9433],[112.523,33.955],[112.5296,33.9619],[112.5397,33.981],[112.5424,33.9912],[112.5377,33.9961],[112.5459,34.0021],[112.558,34.0013],[112.56,34.0061],[112.5427,34.0208],[112.5366,34.0181],[112.5284,34.023],[112.5414,34.0315],[112.5474,34.0302],[112.5571,34.0391],[112.5699,34.0399],[112.5734,34.0561],[112.5723,34.0618],[112.5854,34.0672],[112.5979,34.0652],[112.6006,34.0744],[112.595,34.0877],[112.6006,34.1051],[112.6061,34.1101],[112.6059,34.1192],[112.6143,34.1312],[112.6165,34.144],[112.6058,34.1597],[112.5898,34.1651],[112.5835,34.1877],[112.5749,34.2004],[112.5619,34.2121],[112.5523,34.212],[112.5504,34.2185],[112.5667,34.2444],[112.5737,34.2508],[112.5547,34.2588],[112.54,34.2715],[112.5499,34.2847],[112.5653,34.2904],[112.5752,34.2979],[112.5792,34.3065],[112.5873,34.3132],[112.6081,34.3239],[112.6017,34.3296],[112.6269,34.3433],[112.6363,34.3459],[112.648,34.3405],[112.6476,34.3251],[112.6698,34.3282],[112.6826,34.3275],[112.696,34.3357],[112.7235,34.3315],[112.7501,34.3326],[112.7576,34.3356],[112.7689,34.3458],[112.7524,34.3491],[112.7504,34.3586],[112.726,34.3522],[112.723,34.3651],[112.7239,34.3779],[112.7142,34.383],[112.7156,34.389],[112.7252,34.3934],[112.7282,34.4065],[112.7207,34.4135],[112.73,34.4251],[112.7364,34.4487],[112.7335,34.456],[112.7372,34.4717],[112.7324,34.4793],[112.7324,34.4902],[112.743,34.4947],[112.7625,34.4965],[112.7681,34.5021],[112.7904,34.4899],[112.8021,34.4808],[112.8337,34.4788],[112.85,34.4804],[112.8592,34.4746],[112.8864,34.4777],[112.8991,34.469],[112.9163,34.4792],[112.9133,34.4823],[112.916,34.4953],[112.9208,34.5026],[112.9187,34.5108],[112.9223,34.5275],[112.9457,34.5335],[112.9519,34.5305],[112.9706,34.5327],[112.9741,34.5356],[112.9629,34.5461],[112.9511,34.5471],[112.9342,34.5451],[112.9254,34.5503],[112.9174,34.5471],[112.9007,34.5466],[112.886,34.5496],[112.87,34.5604],[112.8682,34.5722],[112.8638,34.5742],[112.8529,34.5899],[112.8423,34.5876],[112.8335,34.5946],[112.8329,34.605],[112.8448,34.6108],[112.8472,34.6171],[112.8392,34.6247],[112.8386,34.6403],[112.8268,34.654],[112.8293,34.669],[112.8207,34.6738],[112.8198,34.6937],[112.8403,34.7006],[112.8546,34.7081],[112.8737,34.7062],[112.8875,34.6963],[112.8961,34.6949],[112.9058,34.7039],[112.9106,34.713],[112.9256,34.7134],[112.9327,34.7245],[112.9046,34.738],[112.902,34.7545],[112.9065,34.771],[112.8946,34.7722],[112.8897,34.784],[112.8804,34.7854],[112.876,34.7781],[112.8667,34.7837],[112.8608,34.7816],[112.8443,34.7856],[112.8337,34.7726],[112.8245,34.7714],[112.8057,34.7822],[112.8043,34.8099],[112.8085,34.8101],[112.8072,34.8327]]]},"properties":{"region_code":"CN-41-4103","parent_region_code":"CN-41","name":"洛阳市","level":"prefecture","has_children":true,"full_path":"中国 / 河南省 / 洛阳市","source_admin_code":"4103","osm_relation_id":3246491}},
{"type":"Feature","geometry":{"type":"Polygon","coordinates":[[[112.7689,34.3458],[112.7576,34.3356],[112.7501,34.3326],[112.7235,34.3315],[112.696,34.3357],[112.6826,34.3275],[112.6698,34.3282],[112.6476,34.3251],[112.648,34.3405],[112.6363,34.3459],[112.6269,34.3433],[112.6017,34.3296],[112.6081,34.3239],[112.5873,34.3132],[112.5792,34.3065],[112.5752,34.2979],[112.5653,34.2904],[112.5499,34.2847],[112.54,34.2715],[112.5547,34.2588],[112.5737,34.2508],[112.5667,34.2444],[112.5504,34.2185],[112.5523,34.212],[112.5619,34.2121],[112.5749,34.2004],[112.5835,34.1877],[112.5898,34.1651],[112.6058,34.1597],[112.6165,34.144],[112.6143,34.1312],[112.6059,34.1192],[112.6061,34.1101],[112.6006,34.1051],[112.595,34.0877],[112.6006,34.0744],[112.5979,34.0652],[112.5854,34.0672],[112.5723,34.0618],[112.5734,34.0561],[112.5699,34.0399],[112.5571,34.0391],[112.5474,34.0302],[112.5414,34.0315],[112.5284,34.023],[112.5366,34.0181],[112.5427,34.0208],[112.56,34.0061],[112.558,34.0013],[112.5459,34.0021],[112.5377,33.9961],[112.5424,33.9912],[112.5397,33.981],[112.5296,33.9619],[112.523,33.955],[112.5236,33.9433],[112.5044,33.9352],[112.4906,33.932],[112.4888,33.9187],[112.5056,33.9148],[112.5148,33.9044],[112.5333,33.9016],[112.534,33.8872],[112.526,33.8819],[112.5182,33.865],[112.5051,33.8584],[112.4948,33.8591],[112.4857,33.8557],[112.4738,33.8589],[112.4679,33.8537],[112.4511,33.8486],[112.4395,33.8311],[112.4269,33.8208],[112.4245,33.8138],[112.4066,33.8091],[112.3952,33.8115],[112.3917,33.8207],[112.3835,33.8298],[112.3743,33.8278],[112.3505,33.8372],[112.3486,33.8325],[112.3346,33.8317],[112.3339,33.8258],[112.3093,33.8243],[112.2985,33.8179],[112.2935,33.8069],[112.2802,33.8107],[112.2655,33.7996],[112.2704,33.7916],[112.2528,33.7838],[112.2508,33.7766],[112.2591,33.7662],[112.2556,33.7395],[112.2419,33.7297],[112.2433,33.7205],[112.2492,33.7136],[112.2571,33.7118],[112.2738,33.7134],[112.2821,33.7058],[112.3005,33.7002],[112.304,33.6883],[112.3135,33.6827],[112.3216,33.6712],[112.3497,33.6694],[112.359,33.6621],[112.3696,33.6684],[112.38,33.6644],[112.4002,33.678],[112.4136,33.6782],[112.4152,33.6731],[112.4265,33.6675],[112.4283,33.6608],[112.4373,33.6599],[112.4442,33.6489],[112.4535,33.6414],[112.4727,33.6382],[112.4841,33.6416],[112.4986,33.6207],[112.5084,33.6114],[112.5183,33.6073],[112.5174,33.5998],[112.5218,33.5897],[112.539,33.5924],[112.5454,33.5896],[112.5553,33.5935],[112.5673,33.6022],[112.5827,33.6211],[112.5941,33.6211],[112.6021,33.6174],[112.6037,33.6068],[112.6088,33.6004],[112.6241,33.5982],[112.6332,33.6001],[112.6513,33.6082],[112.6548,33.6025],[112.6659,33.5962],[112.6776,33.5946],[112.6807,33.5891],[112.7022,33.5867],[112.7209,33.5891],[112.7258,33.5828],[112.7345,33.5836],[112.7403,33.573],[112.7564,33.5731],[112.7563,33.5657],[112.7631,33.5614],[112.7844,33.5733],[112.7981,33.5764],[112.8066,33.5823],[112.8114,33.5762],[112.8382,33.5786],[112.8472,33.588],[112.8493,33.6054],[112.8635,33.6127],[112.8736,33.6087],[112.8846,33.6096],[112.8897,33.6164],[112.9035,33.6085],[112.9197,33.6068],[112.9294,33.6091],[112.9395,33.6018],[112.9423,33.592],[112.9584,33.5828],[112.9685,33.5855],[112.9799,33.5777],[112.98,33.5715],[112.9986,33.57],[113.0189,33.5605],[113.0186,33.5514],[113.0296,33.5483],[113.0307,33.5384],[113.0402,33.5355],[113.0394,33.5171],[113.0427,33.5094],[113.043,33.4935],[113.0475,33.4889],[113.0348,33.4771],[113.0333,33.4572],[113.0359,33.4448],[113.0415,33.4405],[113.0527,33.4469],[113.0671,33.4499],[113.0934,33.4464],[113.1058,33.4477],[113.1191,33.4393],[113.1227,33.4276],[113.1306,33.4252],[113.1446,33.4317],[113.1691,33.4373],[113.1819,33.4338],[113.191,33.4212],[113.1997,33.4156],[113.2016,33.4068],[113.216,33.3957],[113.2211,33.3716],[113.2296,33.3662],[113.2519,33.3665],[113.2718,33.3508],[113.2889,33.353],[113.2976,33.3443],[113.3214,33.347],[113.3327,33.353],[113.3404,33.3465],[113.3742,33.3434],[113.3885,33.3346],[113.3898,33.3251],[113.3984,33.3195],[113.3921,33.3125],[113.397,33.3041],[113.3785,33.3002],[113.3777,33.2929],[113.3875,33.275],[113.3949,33.2699],[113.4008,33.2562],[113.3935,33.2492],[113.3982,33.2332],[113.3962,33.2281],[113.3848,33.2292],[113.3795,33.2228],[113.3775,33.1975],[113.3737,33.1877],[113.3639,33.1855],[113.3704,33.1781],[113.3791,33.1776],[113.3798,33.1635],[113.3755,33.1565],[113.3808,33.1472],[113.377,33.1328],[113.3803,33.13],[113.3912,33.1502],[113.4135,33.1589],[113.4235,33.1565],[113.4476,33.1622],[113.45,33.1581],[113.4785,33.1537],[113.493,33.1564],[113.5067,33.1644],[113.5153,33.1545],[113.5264,33.1539],[113.5334,33.1442],[113.5421,33.1404],[113.5497,33.148],[113.5514,33.1606],[113.5854,33.1569],[113.5953,33.1632],[113.6118,33.1471],[113.6238,33.1537],[113.6251,33.1621],[113.6428,33.183],[113.6405,33.1876],[113.62,33.1866],[113.616,33.2033],[113.6076,33.2109],[113.6027,33.2223],[113.6063,33.2327],[113.5987,33.2345],[113.5983,33.2459],[113.6031,33.2473],[113.6072,33.2629],[113.6086,33.2795],[113.6162,33.3015],[113.6275,33.3226],[113.6323,33.3233],[113.636,33.3509],[113.6327,33.3537],[113.6417,33.3651],[113.6552,33.3749],[113.6707,33.3776],[113.6792,33.3969],[113.6817,33.4093],[113.6771,33.4204],[113.6534,33.4253],[113.6466,33.4201],[113.6297,33.426],[113.6211,33.4167],[113.6084,33.4126],[113.5978,33.4156],[113.5867,33.4129],[113.5771,33.403],[113.5629,33.4096],[113.5418,33.4081],[113.5319,33.422],[113.5157,33.4215],[113.5148,33.4099],[113.4767,33.4229],[113.4584,33.423],[113.4522,33.4269],[113.4537,33.4394],[113.4645,33.4416],[113.467,33.4558],[113.465,33.4625],[113.4764,33.4839],[113.4795,33.5014],[113.496,33.5017],[113.5041,33.5065],[113.5176,33.507],[113.5254,33.4989],[113.5309,33.5001],[113.5271,33.5112],[113.5311,33.5178],[113.5353,33.5411],[113.5402,33.5515],[113.5498,33.5544],[113.5566,33.5721],[113.547,33.5737],[113.5457,33.5882],[113.566,33.5913],[113.5799,33.6081],[113.588,33.6065],[113.6023,33.611],[113.6043,33.6197],[113.6172,33.6172],[113.6199,33.6245],[113.6072,33.6377],[113.6048,33.6454],[113.5955,33.6531],[113.5813,33.6563],[113.5722,33.6882],[113.5789,33.702],[113.573,33.7066],[113.5801,33.7129],[113.5768,33.7234],[113.5762,33.7404],[113.5679,33.7438],[113.5732,33.7547],[113.5553,33.7503],[113.5248,33.7567],[113.5023,33.7641],[113.4894,33.7525],[113.4771,33.7464],[113.4633,33.7443],[113.4625,33.7389],[113.4445,33.7397],[113.4515,33.7585],[113.4404,33.7648],[113.4253,33.7672],[113.4157,33.764],[113.4035,33.7706],[113.3652,33.7864],[113.3725,33.7931],[113.3815,33.7943],[113.3736,33.8162],[113.3778,33.8395],[113.3687,33.8516],[113.3624,33.8648],[113.3637,33.8757],[113.3569,33.8818],[113.364,33.9043],[113.3707,33.9073],[113.3823,33.9371],[113.3859,33.9395],[113.408,33.9425],[113.4082,33.958],[113.4149,33.9656],[113.4119,33.987],[113.4043,33.9946],[113.3918,33.9959],[113.4013,34.0109],[113.402,34.021],[113.3862,34.0258],[113.3879,34.0403],[113.3692,34.0385],[113.3439,34.0451],[113.3389,34.0383],[113.3401,34.0279],[113.326,34.0291],[113.3119,34.0516],[113.3175,34.062],[113.313,34.0776],[113.2987,34.0783],[113.2831,34.0882],[113.2739,34.0908],[113.2666,34.0993],[113.2512,34.1087],[113.2493,34.1143],[113.2376,34.1137],[113.2372,34.1013],[113.2324,34.0943],[113.2237,34.0904],[113.2189,34.1008],[113.2131,34.1002],[113.2067,34.1105],[113.198,34.109],[113.1752,34.0993],[113.1583,34.0977],[113.1492,34.1037],[113.1372,34.1201],[113.1227,34.126],[113.1181,34.1348],[113.1219,34.1468],[113.0995,34.17],[113.0968,34.1773],[113.1026,34.196],[113.0949,34.2062],[113.0768,34.2157],[113.0673,34.212],[113.0609,34.2199],[113.06,34.2387],[113.0693,34.263],[113.0759,34.2674],[113.0625,34.2843],[113.0408,34.2801],[113.0328,34.2805],[113.0174,34.2886],[113.0077,34.3014],[113,34.3018],[112.9851,34.2972],[112.9681,34.2975],[112.9449,34.3028],[112.9292,34.2971],[112.9174,34.2983],[112.9054,34.2949],[112.8907,34.2983],[112.8836,34.304],[112.8653,34.2993],[112.8514,34.304],[112.8313,34.3045],[112.8334,34.3122],[112.8468,34.3177],[112.836,34.326],[112.8364,34.3368],[112.8197,34.3335],[112.8083,34.34],[112.7821,34.3334],[112.7779,34.3466],[112.7689,34.3458]]]},"properties":{"region_code":"CN-41-4104","parent_region_code":"CN-41","name":"平顶山市","level":"prefecture","has_children":true,"full_path":"中国 / 河南省 / 平顶山市","source_admin_code":"4104","osm_relation_id":3259379}},
{"type":"Feature","geometry":{"type":"Polygon","coordinates":[[[113.9897,35.7053],[113.993,35.7234],[114.0025,35.7271],[114.0123,35.7261],[114.0207,35.7348],[114.0369,35.7456],[114.0521,35.7496],[114.0614,35.7574],[114.0644,35.7673],[114.0609,35.7779],[114.0718,35.7817],[114.07,35.8061],[114.0391,35.7996],[114.0354,35.7963],[114.0174,35.7963],[114.0168,35.8058],[114.0262,35.8183],[114.0276,35.8249],[114.0197,35.8309],[114.0136,35.8457],[114.0061,35.8478],[114.0009,35.8578],[114.0187,35.8572],[114.0408,35.8594],[114.0443,35.867],[114.0614,35.8711],[114.0671,35.8787],[114.0724,35.9022],[114.0788,35.9087],[114.0751,35.9153],[114.0491,35.9297],[114.0324,35.9305],[114.0332,35.9367],[114.0236,35.9455],[114.0236,35.9701],[114.0403,35.9713],[114.0603,35.9609],[114.0637,35.968],[114.0861,35.982],[114.103,35.9839],[114.0972,35.9922],[114.1053,36.0091],[114.1014,36.0159],[114.1128,36.0217],[114.1138,36.028],[114.1317,36.0313],[114.1491,36.0456],[114.1615,36.0504],[114.1718,36.0496],[114.1727,36.038],[114.1681,36.0324],[114.1716,36.0173],[114.1637,36.0011],[114.1759,35.9846],[114.1862,35.9836],[114.1956,35.9919],[114.2097,35.9978],[114.2169,35.9821],[114.2276,35.9794],[114.2359,35.9733],[114.2515,35.9704],[114.2755,35.9749],[114.2714,35.9617],[114.2737,35.9504],[114.2796,35.9474],[114.2874,35.96],[114.3033,35.9597],[114.3012,35.949],[114.2876,35.94],[114.2964,35.9307],[114.2715,35.9261],[114.2647,35.8984],[114.2764,35.896],[114.2749,35.8878],[114.2653,35.8763],[114.2554,35.871],[114.247,35.875],[114.24,35.8716],[114.2351,35.8622],[114.2224,35.8517],[114.2292,35.8484],[114.2276,35.8354],[114.2309,35.8091],[114.2359,35.8067],[114.237,35.7933],[114.2459,35.7932],[114.2574,35.7744],[114.2491,35.7672],[114.2656,35.761],[114.271,35.7631],[114.2799,35.7839],[114.2878,35.7955],[114.3098,35.7945],[114.3282,35.7991],[114.3291,35.8069],[114.3356,35.8177],[114.3566,35.8164],[114.3716,35.8183],[114.378,35.8145],[114.4001,35.8143],[114.4117,35.8238],[114.4237,35.8235],[114.4392,35.8166],[114.4425,35.8305],[114.4779,35.8258],[114.4842,35.8392],[114.4997,35.8388],[114.5265,35.8322],[114.5375,35.8326],[114.5486,35.8246],[114.5595,35.8378],[114.5811,35.8424],[114.5893,35.8338],[114.5906,35.823],[114.6039,35.8212],[114.6045,35.8076],[114.6197,35.7972],[114.6388,35.7921],[114.6548,35.7909],[114.662,35.7835],[114.6739,35.7831],[114.6872,35.7883],[114.7036,35.7874],[114.7164,35.7779],[114.723,35.7801],[114.7332,35.7663],[114.7434,35.7586],[114.7459,35.7378],[114.7363,35.716],[114.718,35.6926],[114.702,35.6923],[114.7001,35.6878],[114.6852,35.6868],[114.6747,35.676],[114.6724,35.6642],[114.661,35.6494],[114.6412,35.6547],[114.629,35.6479],[114.6122,35.647],[114.6072,35.6309],[114.589,35.6229],[114.5787,35.6137],[114.5511,35.6186],[114.5414,35.616],[114.5424,35.6078],[114.5373,35.6004],[114.5241,35.6036],[114.5188,35.5961],[114.5089,35.6014],[114.4898,35.6061],[114.4871,35.5954],[114.4936,35.5907],[114.4763,35.5844],[114.476,35.5726],[114.4663,35.5634],[114.4475,35.5553],[114.4331,35.5471],[114.4119,35.5311],[114.4029,35.5273],[114.3873,35.5132],[114.3927,35.5014],[114.4033,35.4892],[114.4145,35.4839],[114.4131,35.4742],[114.4219,35.4693],[114.4157,35.4578],[114.4087,35.4371],[114.4005,35.4338],[114.3974,35.4255],[114.4008,35.4134],[114.408,35.4104],[114.4106,35.4021],[114.4075,35.386],[114.4175,35.3849],[114.3991,35.3621],[114.3987,35.3561],[114.4174,35.3521],[114.4192,35.3394],[114.4294,35.3382],[114.3985,35.3172],[114.4127,35.3107],[114.4036,35.2959],[114.3854,35.2934],[114.3919,35.2838],[114.3976,35.2831],[114.4015,35.2694],[114.3853,35.2579],[114.3888,35.2405],[114.3962,35.2407],[114.3922,35.2233],[114.4097,35.2294],[114.4275,35.2167],[114.4243,35.2064],[114.4388,35.2077],[114.4408,35.2131],[114.4547,35.2163],[114.4844,35.2099],[114.493,35.2269],[114.5039,35.2306],[114.5256,35.2301],[114.5264,35.2362],[114.541,35.2431],[114.5424,35.2587],[114.5493,35.2594],[114.5551,35.276],[114.5659,35.2746],[114.5817,35.2772],[114.5899,35.2871],[114.6013,35.2928],[114.6218,35.2983],[114.6358,35.2984],[114.6399,35.2942],[114.6557,35.2925],[114.665,35.2886],[114.6755,35.2916],[114.6775,35.2986],[114.692,35.303],[114.6957,35.3138],[114.6933,35.3232],[114.6939,35.3415],[114.7096,35.3405],[114.7203,35.3472],[114.7357,35.3466],[114.7472,35.3375],[114.7626,35.3425],[114.7839,35.3425],[114.801,35.3494],[114.8002,35.3606],[114.8112,35.3581],[114.8191,35.3627],[114.8321,35.3766],[114.8427,35.3785],[114.8517,35.389],[114.874,35.3902],[114.8778,35.3928],[114.8918,35.389],[114.9001,35.3901],[114.9155,35.3851],[114.9368,35.3835],[114.9446,35.3808],[114.9549,35.393],[114.9805,35.4125],[114.9764,35.4159],[114.9789,35.426],[114.9748,35.4353],[114.9564,35.4392],[114.9626,35.4547],[114.9618,35.4703],[114.9663,35.4791],[114.9593,35.4815],[114.9469,35.4787],[114.9335,35.4793],[114.9308,35.4831],[114.9365,35.498],[114.9476,35.4991],[114.9648,35.511],[114.9602,35.531],[114.963,35.54],[114.9534,35.5533],[114.9571,35.5682],[114.9528,35.5783],[114.9284,35.587],[114.9096,35.5875],[114.8936,35.5923],[114.8921,35.5967],[114.8678,35.6077],[114.8714,35.617],[114.8691,35.6297],[114.8961,35.6451],[114.8987,35.6624],[114.9084,35.6647],[114.9137,35.6748],[114.9143,35.6859],[114.9068,35.6966],[114.8974,35.6949],[114.8973,35.7047],[114.9059,35.7037],[114.9048,35.7173],[114.8961,35.7308],[114.8819,35.7338],[114.8786,35.7593],[114.8875,35.7598],[114.8982,35.7724],[114.9132,35.781],[114.934,35.7888],[114.9376,35.8057],[114.9439,35.8142],[114.938,35.8252],[114.9247,35.828],[114.9274,35.8404],[114.9254,35.8518],[114.9327,35.8557],[114.9515,35.8599],[114.961,35.8802],[114.9673,35.8845],[114.966,35.8946],[114.9719,35.9055],[114.9719,35.9167],[114.9665,35.9198],[114.968,35.9359],[114.9726,35.9392],[114.9824,35.9663],[114.9759,35.9807],[114.9785,35.9966],[114.9675,35.9984],[114.967,36.0056],[114.9776,36.0196],[114.9788,36.0259],[114.9473,36.0384],[114.9374,36.0375],[114.9198,36.0555],[114.9091,36.0522],[114.9209,36.0904],[114.9165,36.1033],[114.9077,36.1078],[114.9012,36.1173],[114.9069,36.1406],[114.8878,36.1402],[114.8865,36.1438],[114.8696,36.146],[114.853,36.1445],[114.8519,36.1279],[114.836,36.1318],[114.8195,36.1238],[114.8034,36.1298],[114.7729,36.1332],[114.7655,36.1245],[114.7596,36.1313],[114.7475,36.1359],[114.7418,36.1502],[114.728,36.1551],[114.7132,36.1392],[114.7066,36.1443],[114.6859,36.1454],[114.6845,36.138],[114.6493,36.1396],[114.6302,36.1348],[114.6243,36.1239],[114.6054,36.1285],[114.6013,36.123],[114.5768,36.1203],[114.581,36.141],[114.5689,36.1433],[114.562,36.1513],[114.5486,36.1519],[114.5388,36.16],[114.5258,36.163],[114.5259,36.173],[114.509,36.1671],[114.5048,36.1754],[114.474,36.1802],[114.4604,36.1969],[114.4542,36.201],[114.4264,36.2022],[114.4111,36.2055],[114.4023,36.2244],[114.3864,36.2208],[114.3613,36.2251],[114.3499,36.2303],[114.3477,36.2425],[114.3409,36.2455],[114.3391,36.2556],[114.323,36.2551],[114.3221,36.2478],[114.3083,36.2511],[114.3037,36.2457],[114.2939,36.2452],[114.2729,36.2527],[114.2561,36.2617],[114.2445,36.2577],[114.2391,36.2523],[114.2295,36.252],[114.217,36.2702],[114.205,36.272],[114.199,36.2577],[114.1964,36.2436],[114.18,36.2476],[114.172,36.242],[114.1666,36.2477],[114.1705,36.2634],[114.1645,36.2667],[114.1419,36.2706],[114.1327,36.2788],[114.1251,36.2811],[114.1149,36.2724],[114.0868,36.2767],[114.079,36.2692],[114.0546,36.2759],[114.0519,36.285],[114.0365,36.2968],[114.0414,36.3096],[114.0549,36.3176],[114.0515,36.3282],[114.0399,36.3264],[114.0198,36.3288],[114.0268,36.3391],[114.0256,36.3512],[114.0154,36.3548],[114.0023,36.3434],[113.9786,36.359],[113.9707,36.356],[113.9725,36.3465],[113.9973,36.3344],[113.9887,36.3303],[113.9804,36.3182],[113.9743,36.3257],[113.957,36.3545],[113.9469,36.3588],[113.941,36.3476],[113.9537,36.3456],[113.9532,36.337],[113.938,36.3384],[113.9286,36.3362],[113.9258,36.32],[113.9145,36.3199],[113.9048,36.3152],[113.8952,36.3371],[113.8844,36.3446],[113.8767,36.3542],[113.8469,36.3507],[113.8412,36.333],[113.8285,36.3343],[113.8125,36.3311],[113.7923,36.3463],[113.7708,36.3499],[113.7553,36.3569],[113.7488,36.3661],[113.736,36.3646],[113.7243,36.3416],[113.7171,36.3374],[113.7351,36.3234],[113.7234,36.3133],[113.7156,36.3015],[113.7058,36.3033],[113.706,36.2797],[113.7099,36.2626],[113.6974,36.2576],[113.6943,36.2523],[113.6976,36.2379],[113.6854,36.2267],[113.671,36.2226],[113.6758,36.2164],[113.6922,36.2143],[113.696,36.2083],[113.6925,36.2018],[113.6801,36.1956],[113.6913,36.1865],[113.6916,36.1819],[113.6552,36.1735],[113.6538,36.1643],[113.673,36.16],[113.6751,36.1508],[113.6833,36.1536],[113.6996,36.149],[113.6963,36.1433],[113.6993,36.1342],[113.7063,36.1296],[113.6869,36.1243],[113.6672,36.1255],[113.6559,36.122],[113.6676,36.1117],[113.6652,36.1006],[113.6732,36.0959],[113.6727,36.0854],[113.6778,36.0784],[113.6812,36.0633],[113.6795,36.0561],[113.6629,36.0486],[113.6575,36.0379],[113.6594,36.0266],[113.6671,36.0292],[113.6827,36.0244],[113.6749,36.0161],[113.6958,35.9989],[113.6967,35.991],[113.6744,35.9844],[113.6607,35.9833],[113.652,35.9938],[113.6401,35.9921],[113.642,35.9843],[113.6313,35.9832],[113.6321,35.9731],[113.6416,35.9701],[113.6453,35.9601],[113.6451,35.9499],[113.6498,35.9458],[113.6482,35.9174],[113.6414,35.905],[113.6399,35.8861],[113.6288,35.8657],[113.6381,35.8528],[113.6445,35.8493],[113.6507,35.8369],[113.6659,35.8394],[113.6804,35.8348],[113.6906,35.8364],[113.7018,35.8331],[113.7015,35.8245],[113.7067,35.8201],[113.7369,35.8184],[113.7374,35.812],[113.7469,35.8018],[113.7501,35.7942],[113.7459,35.789],[113.7516,35.7829],[113.7527,35.768],[113.7723,35.7634],[113.7789,35.7518],[113.794,35.7409],[113.7975,35.7284],[113.7853,35.7013],[113.7879,35.6953],[113.7713,35.6848],[113.7796,35.6746],[113.7995,35.6729],[113.8053,35.677],[113.8376,35.6781],[113.8532,35.6826],[113.8624,35.6811],[113.8782,35.6883],[113.8855,35.682],[113.9108,35.6806],[113.9212,35.6854],[113.9216,35.6947],[113.9288,35.705],[113.9478,35.6956],[113.9603,35.6872],[113.9736,35.6986],[113.9897,35.7053]]]},"properties":{"region_code":"CN-41-4105","parent_region_code":"CN-41","name":"安阳市","level":"prefecture","has_children":true,"full_path":"中国 / 河南省 / 安阳市","source_admin_code":"4105","osm_relation_id":4433277}},
{"type":"Feature","geometry":{"type":"Polygon","coordinates":[[[113.9897,35.7053],[113.997,35.6987],[114.0203,35.6938],[114.0207,35.6832],[114.0422,35.6774],[114.0512,35.6559],[114.0454,35.6457],[114.0565,35.6386],[114.0566,35.6308],[114.0504,35.6267],[114.052,35.6076],[114.0481,35.6032],[114.0641,35.5916],[114.0642,35.5838],[114.0739,35.5674],[114.1,35.554],[114.1132,35.5519],[114.127,35.5425],[114.1417,35.5379],[114.1488,35.5282],[114.1595,35.5292],[114.1644,35.5241],[114.1821,35.5218],[114.2016,35.5276],[114.2135,35.5235],[114.2176,35.5175],[114.2372,35.5105],[114.2419,35.5023],[114.256,35.4966],[114.2612,35.5033],[114.2838,35.5019],[114.2786,35.4913],[114.2647,35.4814],[114.2631,35.4653],[114.2792,35.4592],[114.2919,35.4593],[114.3078,35.4448],[114.3207,35.4434],[114.3347,35.4512],[114.3349,35.4593],[114.3515,35.4687],[114.3725,35.462],[114.3821,35.4772],[114.398,35.4712],[114.4131,35.4742],[114.4145,35.4839],[114.4033,35.4892],[114.3927,35.5014],[114.3873,35.5132],[114.4029,35.5273],[114.4119,35.5311],[114.4331,35.5471],[114.4475,35.5553],[114.4663,35.5634],[114.476,35.5726],[114.4763,35.5844],[114.4936,35.5907],[114.4871,35.5954],[114.4898,35.6061],[114.5089,35.6014],[114.5188,35.5961],[114.5241,35.6036],[114.5373,35.6004],[114.5424,35.6078],[114.5414,35.616],[114.5511,35.6186],[114.5787,35.6137],[114.589,35.6229],[114.6072,35.6309],[114.6122,35.647],[114.629,35.6479],[114.6412,35.6547],[114.661,35.6494],[114.6724,35.6642],[114.6747,35.676],[114.6852,35.6868],[114.7001,35.6878],[114.702,35.6923],[114.718,35.6926],[114.7363,35.716],[114.7459,35.7378],[114.7434,35.7586],[114.7332,35.7663],[114.723,35.7801],[114.7164,35.7779],[114.7036,35.7874],[114.6872,35.7883],[114.6739,35.7831],[114.662,35.7835],[114.6548,35.7909],[114.6388,35.7921],[114.6197,35.7972],[114.6045,35.8076],[114.6039,35.8212],[114.5906,35.823],[114.5893,35.8338],[114.5811,35.8424],[114.5595,35.8378],[114.5486,35.8246],[114.5375,35.8326],[114.5265,35.8322],[114.4997,35.8388],[114.4842,35.8392],[114.4779,35.8258],[114.4425,35.8305],[114.4392,35.8166],[114.4237,35.8235],[114.4117,35.8238],[114.4001,35.8143],[114.378,35.8145],[114.3716,35.8183],[114.3566,35.8164],[114.3356,35.8177],[114.3291,35.8069],[114.3282,35.7991],[114.3098,35.7945],[114.2878,35.7955],[114.2799,35.7839],[114.271,35.7631],[114.2656,35.761],[114.2491,35.7672],[114.2574,35.7744],[114.2459,35.7932],[114.237,35.7933],[114.2359,35.8067],[114.2309,35.8091],[114.2276,35.8354],[114.2292,35.8484],[114.2224,35.8517],[114.2351,35.8622],[114.24,35.8716],[114.247,35.875],[114.2554,35.871],[114.2653,35.8763],[114.2749,35.8878],[114.2764,35.896],[114.2647,35.8984],[114.2715,35.9261],[114.2964,35.9307],[114.2876,35.94],[114.3012,35.949],[114.3033,35.9597],[114.2874,35.96],[114.2796,35.9474],[114.2737,35.9504],[114.2714,35.9617],[114.2755,35.9749],[114.2515,35.9704],[114.2359,35.9733],[114.2276,35.9794],[114.2169,35.9821],[114.2097,35.9978],[114.1956,35.9919],[114.1862,35.9836],[114.1759,35.9846],[114.1637,36.0011],[114.1716,36.0173],[114.1681,36.0324],[114.1727,36.038],[114.1718,36.0496],[114.1615,36.0504],[114.1491,36.0456],[114.1317,36.0313],[114.1138,36.028],[114.1128,36.0217],[114.1014,36.0159],[114.1053,36.0091],[114.0972,35.9922],[114.103,35.9839],[114.0861,35.982],[114.0637,35.968],[114.0603,35.9609],[114.0403,35.9713],[114.0236,35.9701],[114.0236,35.9455],[114.0332,35.9367],[114.0324,35.9305],[114.0491,35.9297],[114.0751,35.9153],[114.0788,35.9087],[114.0724,35.9022],[114.0671,35.8787],[114.0614,35.8711],[114.0443,35.867],[114.0408,35.8594],[114.0187,35.8572],[114.0009,35.8578],[114.0061,35.8478],[114.0136,35.8457],[114.0197,35.8309],[114.0276,35.8249],[114.0262,35.8183],[114.0168,35.8058],[114.0174,35.7963],[114.0354,35.7963],[114.0391,35.7996],[114.07,35.8061],[114.0718,35.7817],[114.0609,35.7779],[114.0644,35.7673],[114.0614,35.7574],[114.0521,35.7496],[114.0369,35.7456],[114.0207,35.7348],[114.0123,35.7261],[114.0025,35.7271],[113.993,35.7234],[113.9897,35.7053]]]},"properties":{"region_code":"CN-41-4106","parent_region_code":"CN-41","name":"鹤壁市","level":"prefecture","has_children":true,"full_path":"中国 / 河南省 / 鹤壁市","source_admin_code":"4106","osm_relation_id":4433278}},
{"type":"Feature","geometry":{"type":"Polygon","coordinates":[[[114.1937,34.9305],[114.2226,34.9188],[114.2332,34.9043],[114.2484,34.8975],[114.26,34.8962],[114.275,34.9065],[114.2841,34.9191],[114.2928,34.9236],[114.3086,34.9202],[114.328,34.9057],[114.3343,34.9038],[114.3507,34.908],[114.3677,34.9192],[114.3797,34.9359],[114.3954,34.9401],[114.409,34.9349],[114.4402,34.9154],[114.4597,34.9098],[114.4799,34.9266],[114.4923,34.9222],[114.5113,34.9088],[114.5331,34.9054],[114.5461,34.9052],[114.5537,34.9099],[114.5664,34.9228],[114.5753,34.9254],[114.5912,34.9195],[114.6222,34.9043],[114.6455,34.8992],[114.6761,34.9118],[114.7128,34.9041],[114.7216,34.8947],[114.7306,34.8911],[114.757,34.8883],[114.7651,34.8923],[114.7759,34.9098],[114.7774,34.9188],[114.7481,34.9399],[114.7409,34.9487],[114.7429,34.9579],[114.7559,34.971],[114.777,34.9753],[114.8012,34.9742],[114.8293,34.993],[114.8321,35.0081],[114.8307,35.0234],[114.8169,35.0547],[114.8189,35.0634],[114.8526,35.0792],[114.8702,35.0845],[114.882,35.0911],[114.8823,35.1057],[114.8614,35.1354],[114.8361,35.1556],[114.8395,35.1683],[114.8532,35.1813],[114.8847,35.1933],[114.897,35.1959],[114.9192,35.1961],[114.9273,35.1986],[114.9265,35.2444],[114.9314,35.2521],[114.9435,35.2546],[114.9627,35.2744],[114.9641,35.2866],[114.9759,35.2925],[114.981,35.3045],[115.0008,35.3189],[115.0117,35.332],[114.9857,35.3359],[114.976,35.3494],[114.9674,35.3509],[114.9573,35.365],[114.9407,35.3711],[114.9446,35.3808],[114.9368,35.3835],[114.9155,35.3851],[114.9001,35.3901],[114.8918,35.389],[114.8778,35.3928],[114.874,35.3902],[114.8517,35.389],[114.8427,35.3785],[114.8321,35.3766],[114.8191,35.3627],[114.8112,35.3581],[114.8002,35.3606],[114.801,35.3494],[114.7839,35.3425],[114.7626,35.3425],[114.7472,35.3375],[114.7357,35.3466],[114.7203,35.3472],[114.7096,35.3405],[114.6939,35.3415],[114.6933,35.3232],[114.6957,35.3138],[114.692,35.303],[114.6775,35.2986],[114.6755,35.2916],[114.665,35.2886],[114.6557,35.2925],[114.6399,35.2942],[114.6358,35.2984],[114.6218,35.2983],[114.6013,35.2928],[114.5899,35.2871],[114.5817,35.2772],[114.5659,35.2746],[114.5551,35.276],[114.5493,35.2594],[114.5424,35.2587],[114.541,35.2431],[114.5264,35.2362],[114.5256,35.2301],[114.5039,35.2306],[114.493,35.2269],[114.4844,35.2099],[114.4547,35.2163],[114.4408,35.2131],[114.4388,35.2077],[114.4243,35.2064],[114.4275,35.2167],[114.4097,35.2294],[114.3922,35.2233],[114.3962,35.2407],[114.3888,35.2405],[114.3853,35.2579],[114.4015,35.2694],[114.3976,35.2831],[114.3919,35.2838],[114.3854,35.2934],[114.4036,35.2959],[114.4127,35.3107],[114.3985,35.3172],[114.4294,35.3382],[114.4192,35.3394],[114.4174,35.3521],[114.3987,35.3561],[114.3991,35.3621],[114.4175,35.3849],[114.4075,35.386],[114.4106,35.4021],[114.408,35.4104],[114.4008,35.4134],[114.3974,35.4255],[114.4005,35.4338],[114.4087,35.4371],[114.4157,35.4578],[114.4219,35.4693],[114.4131,35.4742],[114.398,35.4712],[114.3821,35.4772],[114.3725,35.462],[114.3515,35.4687],[114.3349,35.4593],[114.3347,35.4512],[114.3207,35.4434],[114.3078,35.4448],[114.2919,35.4593],[114.2792,35.4592],[114.2631,35.4653],[114.2647,35.4814],[114.2786,35.4913],[114.2838,35.5019],[114.2612,35.5033],[114.256,35.4966],[114.2419,35.5023],[114.2372,35.5105],[114.2176,35.5175],[114.2135,35.5235],[114.2016,35.5276],[114.1821,35.5218],[114.1644,35.5241],[114.1595,35.5292],[114.1488,35.5282],[114.1417,35.5379],[114.127,35.5425],[114.1132,35.5519],[114.1,35.554],[114.0739,35.5674],[114.0642,35.5838],[114.0641,35.5916],[114.0481,35.6032],[114.052,35.6076],[114.0504,35.6267],[114.0566,35.6308],[114.0565,35.6386],[114.0454,35.6457],[114.0512,35.6559],[114.0422,35.6774],[114.0207,35.6832],[114.0203,35.6938],[113.997,35.6987],[113.9897,35.7053],[113.9736,35.6986],[113.9603,35.6872],[113.9478,35.6956],[113.9288,35.705],[113.9216,35.6947],[113.9212,35.6854],[113.9108,35.6806],[113.8855,35.682],[113.8782,35.6883],[113.8624,35.6811],[113.8532,35.6826],[113.8376,35.6781],[113.8053,35.677],[113.7995,35.6729],[113.7796,35.6746],[113.7713,35.6848],[113.7879,35.6953],[113.7853,35.7013],[113.7975,35.7284],[113.794,35.7409],[113.7789,35.7518],[113.7723,35.7634],[113.7527,35.768],[113.7516,35.7829],[113.7459,35.789],[113.7501,35.7942],[113.7469,35.8018],[113.7374,35.812],[113.7369,35.8184],[113.7067,35.8201],[113.7015,35.8245],[113.7018,35.8331],[113.6906,35.8364],[113.6804,35.8348],[113.6659,35.8394],[113.6507,35.8369],[113.6498,35.8272],[113.635,35.8228],[113.6242,35.8411],[113.6043,35.8261],[113.5869,35.824],[113.5836,35.817],[113.5936,35.8061],[113.605,35.8],[113.5832,35.7942],[113.593,35.7896],[113.5984,35.7762],[113.5979,35.7604],[113.5822,35.7489],[113.5862,35.7342],[113.5979,35.7185],[113.5951,35.699],[113.5988,35.6852],[113.6084,35.6861],[113.6171,35.676],[113.612,35.6632],[113.6195,35.6554],[113.6189,35.6328],[113.5814,35.634],[113.5705,35.6321],[113.5671,35.6484],[113.557,35.6441],[113.5514,35.6588],[113.5435,35.6579],[113.5435,35.6438],[113.5494,35.6266],[113.5387,35.6145],[113.5368,35.5968],[113.5229,35.5935],[113.5114,35.58],[113.4971,35.5731],[113.5031,35.5565],[113.4922,35.5328],[113.503,35.5235],[113.501,35.5165],[113.4867,35.5172],[113.4794,35.5212],[113.4302,35.5081],[113.4235,35.5138],[113.4104,35.5167],[113.3958,35.5073],[113.3806,35.504],[113.3756,35.4939],[113.3843,35.4858],[113.384,35.4728],[113.3917,35.4646],[113.3922,35.4586],[113.4128,35.4525],[113.43,35.4423],[113.4361,35.4319],[113.4468,35.4248],[113.4634,35.3979],[113.4573,35.388],[113.4689,35.382],[113.475,35.3708],[113.4587,35.3656],[113.4628,35.3556],[113.4591,35.3481],[113.4752,35.3392],[113.4705,35.3253],[113.477,35.3123],[113.478,35.2985],[113.5059,35.296],[113.5133,35.2779],[113.5101,35.2562],[113.529,35.2542],[113.5413,35.2237],[113.5167,35.22],[113.5108,35.2105],[113.5137,35.1935],[113.5094,35.1875],[113.5137,35.1784],[113.5276,35.1768],[113.5249,35.1512],[113.537,35.1483],[113.538,35.1405],[113.558,35.1421],[113.5597,35.1244],[113.5984,35.132],[113.5957,35.1125],[113.6013,35.0851],[113.6094,35.076],[113.6158,35.0628],[113.6233,35.0631],[113.6297,35.0469],[113.6341,35.0479],[113.6444,35.0307],[113.6411,35.023],[113.6323,35.0204],[113.6305,35.0098],[113.6374,35.0003],[113.6145,34.9967],[113.6071,34.9932],[113.5995,34.9822],[113.5833,34.9486],[113.5874,34.9405],[113.5978,34.9311],[113.6105,34.9317],[113.6453,34.9209],[113.6795,34.9204],[113.7059,34.912],[113.7218,34.9108],[113.7379,34.919],[113.7533,34.9196],[113.7708,34.907],[113.7806,34.8942],[113.8022,34.8792],[113.8297,34.8793],[113.8609,34.8902],[113.8826,34.9069],[113.9036,34.9057],[113.9215,34.9012],[113.9399,34.8893],[113.9502,34.889],[113.958,34.8942],[113.9682,34.9111],[113.9762,34.9445],[113.9839,34.948],[113.9993,34.9459],[114.0093,34.9405],[114.0402,34.9416],[114.05,34.9501],[114.0601,34.9544],[114.0875,34.9493],[114.1106,34.9528],[114.1218,34.9605],[114.134,34.9599],[114.162,34.9421],[114.1778,34.9337],[114.1937,34.9305]]]},"properties":{"region_code":"CN-41-4107","parent_region_code":"CN-41","name":"新乡市","level":"prefecture","has_children":true,"full_path":"中国 / 河南省 / 新乡市","source_admin_code":"4107","osm_relation_id":3237011}},
{"type":"Feature","geometry":{"type":"Polygon","coordinates":[[[113.5833,34.9486],[113.5995,34.9822],[113.6071,34.9932],[113.6145,34.9967],[113.6374,35.0003],[113.6305,35.0098],[113.6323,35.0204],[113.6411,35.023],[113.6444,35.0307],[113.6341,35.0479],[113.6297,35.0469],[113.6233,35.0631],[113.6158,35.0628],[113.6094,35.076],[113.6013,35.0851],[113.5957,35.1125],[113.5984,35.132],[113.5597,35.1244],[113.558,35.1421],[113.538,35.1405],[113.537,35.1483],[113.5249,35.1512],[113.5276,35.1768],[113.5137,35.1784],[113.5094,35.1875],[113.5137,35.1935],[113.5108,35.2105],[113.5167,35.22],[113.5413,35.2237],[113.529,35.2542],[113.5101,35.2562],[113.5133,35.2779],[113.5059,35.296],[113.478,35.2985],[113.477,35.3123],[113.4705,35.3253],[113.4752,35.3392],[113.4591,35.3481],[113.4628,35.3556],[113.4587,35.3656],[113.475,35.3708],[113.4689,35.382],[113.4573,35.388],[113.4634,35.3979],[113.4468,35.4248],[113.4361,35.4319],[113.43,35.4423],[113.4128,35.4525],[113.3922,35.4586],[113.3917,35.4646],[113.384,35.4728],[113.3843,35.4858],[113.3756,35.4939],[113.3639,35.48],[113.3513,35.4796],[113.3386,35.4688],[113.3195,35.4698],[113.3124,35.479],[113.2968,35.4773],[113.2862,35.471],[113.2883,35.4653],[113.302,35.4656],[113.3145,35.4615],[113.3176,35.4531],[113.308,35.4529],[113.3018,35.4607],[113.2924,35.448],[113.2916,35.4392],[113.2968,35.4342],[113.296,35.4263],[113.2762,35.4353],[113.2587,35.4361],[113.2459,35.4417],[113.2353,35.4537],[113.2169,35.4534],[113.2062,35.4471],[113.1856,35.4497],[113.183,35.4382],[113.1862,35.433],[113.1789,35.4255],[113.1821,35.4173],[113.1764,35.4119],[113.1691,35.4152],[113.1602,35.4109],[113.1617,35.4],[113.1671,35.3949],[113.163,35.3869],[113.1486,35.3792],[113.1427,35.3641],[113.1404,35.3516],[113.1319,35.3472],[113.1332,35.339],[113.1282,35.3339],[113.1145,35.3295],[113.0994,35.3371],[113.0854,35.3377],[113.0766,35.3418],[113.0641,35.3533],[113.057,35.3508],[113.0307,35.361],[113.0136,35.3559],[112.9901,35.3627],[112.9847,35.3558],[112.988,35.3466],[112.9792,35.3396],[112.9809,35.3116],[112.9868,35.3],[112.9787,35.2893],[112.961,35.2957],[112.9477,35.2874],[112.9297,35.285],[112.9297,35.2644],[112.9155,35.2505],[112.8995,35.2451],[112.891,35.2495],[112.8793,35.2456],[112.8619,35.2457],[112.8358,35.257],[112.816,35.2596],[112.8083,35.2516],[112.7926,35.2406],[112.7795,35.2368],[112.7802,35.2249],[112.7748,35.223],[112.7687,35.2101],[112.761,35.2048],[112.7534,35.2058],[112.7558,35.1899],[112.7656,35.1843],[112.762,35.1707],[112.7513,35.1607],[112.756,35.1507],[112.7604,35.1294],[112.7598,35.1212],[112.7666,35.1107],[112.7569,35.1026],[112.7489,35.1019],[112.7487,35.087],[112.742,35.0696],[112.7308,35.0636],[112.7273,35.0468],[112.7284,35.0388],[112.7103,35.0371],[112.7084,35.0319],[112.6958,35.031],[112.6935,35.0249],[112.6811,35.0136],[112.6791,35.0047],[112.6679,34.9941],[112.6549,34.9974],[112.6443,34.9934],[112.6418,34.9812],[112.6185,34.982],[112.6005,34.9799],[112.5912,34.9739],[112.5691,34.9736],[112.5705,34.9636],[112.5628,34.9559],[112.5665,34.9441],[112.5759,34.942],[112.5729,34.9323],[112.5803,34.9244],[112.5952,34.9266],[112.6004,34.9218],[112.6132,34.9193],[112.6282,34.9273],[112.6324,34.917],[112.628,34.9041],[112.6339,34.8983],[112.6421,34.9007],[112.6433,34.8888],[112.6339,34.888],[112.6332,34.8562],[112.6472,34.8543],[112.6603,34.8464],[112.6761,34.8488],[112.6956,34.8412],[112.7038,34.8357],[112.7041,34.8298],[112.7157,34.8214],[112.7425,34.8163],[112.7693,34.824],[112.7995,34.835],[112.8072,34.8327],[112.8433,34.8134],[112.8507,34.8161],[112.8811,34.8547],[112.8935,34.854],[112.9357,34.8337],[112.9442,34.8343],[112.9577,34.8434],[112.9881,34.8599],[113.0009,34.8639],[113.0176,34.8564],[113.0268,34.8491],[113.0626,34.8407],[113.0765,34.8515],[113.0836,34.8529],[113.0996,34.8491],[113.1408,34.8479],[113.1413,34.8566],[113.1339,34.8854],[113.1685,34.8927],[113.2234,34.908],[113.24,34.9382],[113.2487,34.9459],[113.2754,34.955],[113.3326,34.9686],[113.3683,34.9843],[113.4359,34.9877],[113.4743,34.9837],[113.5036,34.973],[113.542,34.9657],[113.5755,34.953],[113.5833,34.9486]]]},"properties":{"region_code":"CN-41-4108","parent_region_code":"CN-41","name":"焦作市","level":"prefecture","has_children":true,"full_path":"中国 / 河南省 / 焦作市","source_admin_code":"4108","osm_relation_id":3237564}},
{"type":"Feature","geometry":{"type":"MultiPolygon","coordinates":[[[[115.4852,35.8986],[115.4948,35.8995],[115.4958,35.9118],[115.4924,35.9167],[115.4768,35.9076],[115.4852,35.8986]]],[[[114.9446,35.3808],[114.9407,35.3711],[114.9573,35.365],[114.9674,35.3509],[114.976,35.3494],[114.9857,35.3359],[115.0117,35.332],[115.0122,35.3565],[115.0178,35.3727],[115.0299,35.3754],[115.0691,35.3759],[115.0811,35.393],[115.0819,35.402],[115.0777,35.4081],[115.0833,35.4153],[115.0986,35.4035],[115.1168,35.4029],[115.119,35.4185],[115.1625,35.4284],[115.1897,35.4244],[115.2133,35.4072],[115.2227,35.4172],[115.2461,35.4319],[115.2647,35.4476],[115.2634,35.4554],[115.2732,35.462],[115.2918,35.4653],[115.3093,35.4768],[115.317,35.4773],[115.321,35.4879],[115.3499,35.4922],[115.3539,35.4992],[115.3418,35.5222],[115.3466,35.5412],[115.3399,35.5474],[115.3521,35.5552],[115.366,35.5703],[115.3769,35.5689],[115.3778,35.5777],[115.3877,35.5816],[115.3919,35.5938],[115.4021,35.5949],[115.4084,35.6249],[115.4205,35.624],[115.4199,35.6367],[115.4268,35.6504],[115.4331,35.6569],[115.4505,35.6583],[115.4656,35.6666],[115.4638,35.6841],[115.4702,35.6866],[115.4785,35.7021],[115.5019,35.7145],[115.5045,35.7253],[115.5187,35.7247],[115.5239,35.7322],[115.5474,35.7285],[115.5572,35.7301],[115.5576,35.7369],[115.5865,35.7274],[115.5866,35.7384],[115.6069,35.7368],[115.6194,35.742],[115.6407,35.7449],[115.6572,35.7508],[115.6876,35.7539],[115.6877,35.7636],[115.6929,35.7779],[115.6896,35.7892],[115.6986,35.7889],[115.7006,35.8059],[115.7118,35.8029],[115.7144,35.817],[115.7221,35.8154],[115.7293,35.833],[115.7474,35.833],[115.7578,35.8383],[115.7677,35.8544],[115.8111,35.8443],[115.8158,35.8527],[115.8357,35.8501],[115.8354,35.8571],[115.8542,35.8579],[115.8772,35.88],[115.8778,35.8955],[115.8835,35.8974],[115.8792,35.909],[115.8669,35.9096],[115.8676,35.919],[115.9021,35.9268],[115.9047,35.9351],[115.9031,35.9541],[115.9063,35.9603],[115.9475,35.9668],[115.9852,35.9756],[116.0029,35.9734],[116.0326,35.9639],[116.0426,35.9698],[116.05,36.01],[116.0573,36.0287],[116.0678,36.0259],[116.0729,36.0397],[116.0712,36.0555],[116.0794,36.0659],[116.0943,36.1043],[116.0921,36.1132],[116.0509,36.1056],[116.0391,36.0909],[116.0082,36.0608],[115.9843,36.0467],[115.9643,36.0447],[115.9293,36.0329],[115.9136,36.0203],[115.8964,36.0268],[115.8864,36.0266],[115.8615,36.0167],[115.861,36.008],[115.8544,36.0026],[115.8414,36.0042],[115.8308,36.0114],[115.8118,36.0129],[115.7948,36.0085],[115.777,35.9967],[115.7745,35.9792],[115.7898,35.9785],[115.7748,35.9678],[115.7696,35.9602],[115.7489,35.9551],[115.7318,35.9474],[115.7195,35.947],[115.7048,35.9521],[115.6894,35.9446],[115.6879,35.9313],[115.6804,35.9279],[115.6617,35.925],[115.6473,35.9257],[115.6438,35.9167],[115.6523,35.914],[115.6429,35.9062],[115.6269,35.9132],[115.6248,35.9223],[115.613,35.9178],[115.5982,35.9176],[115.5862,35.9102],[115.567,35.9114],[115.5545,35.8997],[115.5273,35.8903],[115.5208,35.8817],[115.5097,35.8871],[115.5086,35.8733],[115.498,35.8761],[115.4911,35.8679],[115.4573,35.8638],[115.4539,35.8543],[115.4409,35.8394],[115.4334,35.8386],[115.4299,35.8244],[115.4086,35.8138],[115.4012,35.806],[115.3988,35.7939],[115.389,35.7947],[115.3778,35.7886],[115.3701,35.776],[115.3636,35.773],[115.3443,35.7873],[115.3279,35.7927],[115.3259,35.8087],[115.3361,35.8269],[115.329,35.8337],[115.3385,35.8432],[115.3436,35.861],[115.3324,35.8648],[115.3334,35.8707],[115.3509,35.87],[115.3601,35.8975],[115.3579,35.927],[115.3558,35.9332],[115.3458,35.9415],[115.3541,35.9574],[115.3511,35.9593],[115.3521,35.9752],[115.3567,35.9774],[115.3733,35.9752],[115.3845,35.9775],[115.3916,35.9929],[115.4056,35.9957],[115.406,36.0052],[115.4196,36.0082],[115.4316,36.0034],[115.4413,36.0089],[115.4429,36.0472],[115.4372,36.0522],[115.4451,36.062],[115.4536,36.0632],[115.4503,36.0718],[115.4603,36.0789],[115.4633,36.0927],[115.4676,36.0972],[115.4765,36.1237],[115.4825,36.1301],[115.478,36.136],[115.4772,36.1482],[115.4623,36.1517],[115.4658,36.165],[115.4494,36.1759],[115.444,36.1642],[115.4474,36.1565],[115.4429,36.1465],[115.4283,36.1487],[115.4201,36.1377],[115.4118,36.1359],[115.3943,36.1436],[115.3869,36.129],[115.3684,36.128],[115.3648,36.1187],[115.3696,36.1157],[115.3599,36.0981],[115.3337,36.0869],[115.3064,36.0872],[115.2989,36.0971],[115.2911,36.1008],[115.2914,36.1103],[115.2982,36.1183],[115.2978,36.1302],[115.2758,36.1339],[115.2582,36.1532],[115.2569,36.173],[115.2449,36.1894],[115.2279,36.1978],[115.1975,36.2041],[115.1904,36.2022],[115.1725,36.1903],[115.1659,36.1894],[115.152,36.2],[115.1472,36.2075],[115.1193,36.2103],[115.1172,36.2047],[115.1058,36.2041],[115.1036,36.196],[115.0955,36.1941],[115.094,36.1839],[115.0996,36.1778],[115.0913,36.1715],[115.0652,36.1792],[115.0592,36.1787],[115.0539,36.1689],[115.0395,36.1532],[115.0456,36.1457],[115.0374,36.1261],[115.0443,36.1214],[115.0426,36.1133],[115.0243,36.0997],[115.0014,36.0781],[114.9958,36.0666],[114.9818,36.0643],[114.9607,36.0704],[114.949,36.068],[114.9307,36.0575],[114.9198,36.0555],[114.9374,36.0375],[114.9473,36.0384],[114.9788,36.0259],[114.9776,36.0196],[114.967,36.0056],[114.9675,35.9984],[114.9785,35.9966],[114.9759,35.9807],[114.9824,35.9663],[114.9726,35.9392],[114.968,35.9359],[114.9665,35.9198],[114.9719,35.9167],[114.9719,35.9055],[114.966,35.8946],[114.9673,35.8845],[114.961,35.8802],[114.9515,35.8599],[114.9327,35.8557],[114.9254,35.8518],[114.9274,35.8404],[114.9247,35.828],[114.938,35.8252],[114.9439,35.8142],[114.9376,35.8057],[114.934,35.7888],[114.9132,35.781],[114.8982,35.7724],[114.8875,35.7598],[114.8786,35.7593],[114.8819,35.7338],[114.8961,35.7308],[114.9048,35.7173],[114.9059,35.7037],[114.8973,35.7047],[114.8974,35.6949],[114.9068,35.6966],[114.9143,35.6859],[114.9137,35.6748],[114.9084,35.6647],[114.8987,35.6624],[114.8961,35.6451],[114.8691,35.6297],[114.8714,35.617],[114.8678,35.6077],[114.8921,35.5967],[114.8936,35.5923],[114.9096,35.5875],[114.9284,35.587],[114.9528,35.5783],[114.9571,35.5682],[114.9534,35.5533],[114.963,35.54],[114.9602,35.531],[114.9648,35.511],[114.9476,35.4991],[114.9365,35.498],[114.9308,35.4831],[114.9335,35.4793],[114.9469,35.4787],[114.9593,35.4815],[114.9663,35.4791],[114.9618,35.4703],[114.9626,35.4547],[114.9564,35.4392],[114.9748,35.4353],[114.9789,35.426],[114.9764,35.4159],[114.9805,35.4125],[114.9549,35.393],[114.9446,35.3808]]]]},"properties":{"region_code":"CN-41-4109","parent_region_code":"CN-41","name":"濮阳市","level":"prefecture","has_children":true,"full_path":"中国 / 河南省 / 濮阳市","source_admin_code":"4109","osm_relation_id":3060567}},
{"type":"Feature","geometry":{"type":"Polygon","coordinates":[[[113.0759,34.2674],[113.0693,34.263],[113.06,34.2387],[113.0609,34.2199],[113.0673,34.212],[113.0768,34.2157],[113.0949,34.2062],[113.1026,34.196],[113.0968,34.1773],[113.0995,34.17],[113.1219,34.1468],[113.1181,34.1348],[113.1227,34.126],[113.1372,34.1201],[113.1492,34.1037],[113.1583,34.0977],[113.1752,34.0993],[113.198,34.109],[113.2067,34.1105],[113.2131,34.1002],[113.2189,34.1008],[113.2237,34.0904],[113.2324,34.0943],[113.2372,34.1013],[113.2376,34.1137],[113.2493,34.1143],[113.2512,34.1087],[113.2666,34.0993],[113.2739,34.0908],[113.2831,34.0882],[113.2987,34.0783],[113.313,34.0776],[113.3175,34.062],[113.3119,34.0516],[113.326,34.0291],[113.3401,34.0279],[113.3389,34.0383],[113.3439,34.0451],[113.3692,34.0385],[113.3879,34.0403],[113.3862,34.0258],[113.402,34.021],[113.4013,34.0109],[113.3918,33.9959],[113.4043,33.9946],[113.4119,33.987],[113.4149,33.9656],[113.4082,33.958],[113.408,33.9425],[113.3859,33.9395],[113.3823,33.9371],[113.3707,33.9073],[113.364,33.9043],[113.3569,33.8818],[113.3637,33.8757],[113.3624,33.8648],[113.3687,33.8516],[113.3778,33.8395],[113.3736,33.8162],[113.3815,33.7943],[113.3725,33.7931],[113.3652,33.7864],[113.4035,33.7706],[113.4157,33.764],[113.4253,33.7672],[113.4404,33.7648],[113.4515,33.7585],[113.4445,33.7397],[113.4625,33.7389],[113.4633,33.7443],[113.4771,33.7464],[113.4894,33.7525],[113.5023,33.7641],[113.5248,33.7567],[113.5553,33.7503],[113.5732,33.7547],[113.5679,33.7438],[113.5762,33.7404],[113.5768,33.7234],[113.5801,33.7129],[113.6017,33.7087],[113.6033,33.6954],[113.6292,33.6927],[113.6498,33.7018],[113.6612,33.6968],[113.6792,33.6956],[113.6786,33.691],[113.6979,33.6943],[113.7021,33.7125],[113.7124,33.708],[113.7181,33.6969],[113.7288,33.6974],[113.7341,33.7145],[113.7503,33.7178],[113.7558,33.7237],[113.7557,33.7333],[113.7438,33.7411],[113.7305,33.7436],[113.7279,33.7534],[113.7313,33.761],[113.7423,33.7676],[113.7471,33.7752],[113.7412,33.7909],[113.748,33.7978],[113.7535,33.8131],[113.751,33.8258],[113.7344,33.8329],[113.7286,33.8327],[113.7215,33.8413],[113.7178,33.8517],[113.7263,33.8581],[113.7269,33.8653],[113.736,33.8707],[113.7538,33.8697],[113.7673,33.8764],[113.7595,33.885],[113.7714,33.8865],[113.7896,33.8824],[113.8008,33.883],[113.8187,33.877],[113.8413,33.873],[113.85,33.8751],[113.855,33.8835],[113.8532,33.9084],[113.8654,33.9111],[113.8513,33.941],[113.8533,33.95],[113.8652,33.9479],[113.8777,33.9505],[113.8867,33.9442],[113.8949,33.9498],[113.9138,33.9453],[113.9168,33.9591],[113.9234,33.9593],[113.9301,33.97],[113.9399,33.9716],[113.9444,33.978],[113.9567,33.9833],[113.9679,33.9846],[113.9744,33.9759],[113.9865,33.9762],[113.9908,33.9824],[114.0341,33.9852],[114.0469,33.9816],[114.0521,33.9674],[114.051,33.9536],[114.0747,33.9511],[114.0812,33.9354],[114.0976,33.9357],[114.1001,33.9285],[114.1079,33.9292],[114.1195,33.916],[114.1167,33.9026],[114.1285,33.8805],[114.1164,33.8791],[114.1089,33.8732],[114.11,33.8612],[114.1242,33.8577],[114.1377,33.8457],[114.145,33.8329],[114.1539,33.8262],[114.1518,33.806],[114.1587,33.7982],[114.1831,33.8034],[114.1936,33.799],[114.2057,33.7996],[114.2115,33.7948],[114.235,33.7912],[114.238,33.7819],[114.2485,33.7841],[114.259,33.782],[114.2626,33.7736],[114.2769,33.7659],[114.2923,33.7781],[114.2928,33.7842],[114.3036,33.7846],[114.3057,33.8034],[114.3125,33.8107],[114.3208,33.8126],[114.3165,33.822],[114.317,33.8341],[114.3097,33.8344],[114.3046,33.8438],[114.2952,33.8434],[114.2948,33.8537],[114.3062,33.8545],[114.3104,33.8816],[114.3002,33.8887],[114.2965,33.9271],[114.2919,33.9363],[114.2955,33.9398],[114.2923,33.9502],[114.3002,33.9703],[114.3007,33.9797],[114.3067,33.9808],[114.3049,33.9956],[114.3001,34.0008],[114.2879,34.0023],[114.282,34.0071],[114.2838,34.0213],[114.2818,34.0457],[114.2677,34.0482],[114.2663,34.0667],[114.2613,34.0668],[114.2602,34.0879],[114.2501,34.0926],[114.256,34.1003],[114.2647,34.0991],[114.2675,34.1132],[114.2743,34.1158],[114.2857,34.133],[114.2708,34.1594],[114.2735,34.1722],[114.2689,34.1822],[114.2708,34.1944],[114.2819,34.2083],[114.2809,34.2173],[114.2736,34.2283],[114.2673,34.2292],[114.2669,34.2437],[114.2541,34.2532],[114.2449,34.2488],[114.2393,34.2377],[114.2258,34.2417],[114.2159,34.2307],[114.2097,34.2314],[114.2072,34.2429],[114.1966,34.2418],[114.1972,34.2327],[114.1915,34.2203],[114.1747,34.2201],[114.1532,34.2167],[114.1523,34.2067],[114.1421,34.2061],[114.134,34.1974],[114.1237,34.1996],[114.1102,34.2069],[114.1039,34.2055],[114.1028,34.2306],[114.0946,34.2344],[114.0927,34.2423],[114.0714,34.2426],[114.0628,34.2519],[114.0555,34.2445],[114.0409,34.248],[114.0418,34.2393],[114.0321,34.2385],[114.021,34.2421],[114.004,34.2438],[114.0044,34.2478],[113.9831,34.2651],[113.9832,34.277],[113.9711,34.2765],[113.9686,34.2837],[113.959,34.2874],[113.949,34.2967],[113.9318,34.3007],[113.926,34.3045],[113.9082,34.3027],[113.9053,34.2968],[113.8894,34.3063],[113.8926,34.3194],[113.8858,34.3221],[113.8828,34.3316],[113.8576,34.3308],[113.8252,34.3263],[113.8104,34.3313],[113.8078,34.3377],[113.79,34.3368],[113.7707,34.3157],[113.7519,34.3146],[113.7283,34.32],[113.7273,34.3135],[113.7115,34.3058],[113.7083,34.2908],[113.6986,34.2852],[113.6933,34.2777],[113.6833,34.279],[113.6784,34.2843],[113.6633,34.2764],[113.6543,34.276],[113.6405,34.2839],[113.6363,34.2901],[113.6204,34.2983],[113.6188,34.3049],[113.6034,34.3143],[113.5711,34.3222],[113.5537,34.3179],[113.5501,34.3123],[113.5231,34.319],[113.5139,34.3273],[113.513,34.3358],[113.5047,34.3445],[113.4952,34.3394],[113.477,34.3439],[113.4671,34.3323],[113.4392,34.341],[113.4236,34.3514],[113.4064,34.3511],[113.4,34.3567],[113.408,34.3747],[113.3941,34.3788],[113.3821,34.3765],[113.3612,34.381],[113.3659,34.3896],[113.3371,34.4078],[113.3185,34.4066],[113.3092,34.3954],[113.314,34.3856],[113.3057,34.3736],[113.3056,34.3606],[113.3099,34.3543],[113.2936,34.3515],[113.2782,34.3544],[113.2731,34.3452],[113.2626,34.3387],[113.2403,34.3381],[113.2255,34.3398],[113.216,34.3343],[113.2165,34.3261],[113.2031,34.3122],[113.1891,34.3131],[113.1792,34.3037],[113.1781,34.2933],[113.1676,34.2815],[113.147,34.2672],[113.1358,34.274],[113.1292,34.2743],[113.1079,34.2677],[113.1038,34.2639],[113.0759,34.2674]]]},"properties":{"region_code":"CN-41-4110","parent_region_code":"CN-41","name":"许昌市","level":"prefecture","has_children":true,"full_path":"中国 / 河南省 / 许昌市","source_admin_code":"4110","osm_relation_id":3283887}},
{"type":"Feature","geometry":{"type":"Polygon","coordinates":[[[113.6817,33.4093],[113.683,33.4197],[113.7032,33.4174],[113.7041,33.4263],[113.7135,33.4352],[113.7308,33.4315],[113.7404,33.4349],[113.7572,33.4337],[113.7845,33.437],[113.7961,33.4345],[113.7988,33.4479],[113.8145,33.4519],[113.8162,33.4581],[113.8321,33.4665],[113.84,33.4656],[113.8433,33.4759],[113.8515,33.4794],[113.8923,33.4784],[113.8983,33.4852],[113.9097,33.484],[113.9126,33.4701],[113.924,33.466],[113.942,33.4665],[113.9448,33.4739],[113.9585,33.4742],[113.9653,33.4855],[113.9743,33.4838],[113.9874,33.4906],[113.9868,33.5014],[113.9993,33.5055],[114.0054,33.5112],[114.0098,33.5282],[114.0265,33.5251],[114.0371,33.5323],[114.0525,33.5256],[114.0612,33.516],[114.0672,33.5213],[114.0821,33.5164],[114.0957,33.5052],[114.1,33.4905],[114.1093,33.49],[114.1181,33.4951],[114.1231,33.4912],[114.1229,33.4762],[114.1411,33.4711],[114.1404,33.4635],[114.165,33.4588],[114.1798,33.4618],[114.184,33.457],[114.1812,33.4471],[114.1676,33.4463],[114.1693,33.4391],[114.1877,33.4362],[114.1888,33.4522],[114.2175,33.4511],[114.2392,33.4526],[114.2414,33.462],[114.2585,33.4624],[114.2784,33.4768],[114.2732,33.4894],[114.2764,33.501],[114.2704,33.5156],[114.2856,33.5231],[114.2881,33.5279],[114.2894,33.5601],[114.2776,33.5607],[114.271,33.5656],[114.2737,33.575],[114.2598,33.5816],[114.2544,33.5985],[114.272,33.6013],[114.2721,33.6078],[114.279,33.6143],[114.2786,33.6209],[114.2626,33.6264],[114.2535,33.6371],[114.258,33.6589],[114.2515,33.6651],[114.2632,33.6799],[114.2611,33.6858],[114.2497,33.6858],[114.2466,33.7053],[114.2217,33.6986],[114.2065,33.6927],[114.1936,33.6931],[114.1807,33.6841],[114.1812,33.6754],[114.1652,33.6662],[114.1566,33.6713],[114.1477,33.6645],[114.1441,33.6519],[114.1096,33.6564],[114.1127,33.6723],[114.1031,33.6866],[114.0912,33.6843],[114.0913,33.6944],[114.0863,33.709],[114.0872,33.7333],[114.101,33.7333],[114.1036,33.7429],[114.0924,33.7577],[114.0911,33.766],[114.1137,33.7673],[114.1352,33.7668],[114.1322,33.7793],[114.134,33.7886],[114.1278,33.7989],[114.133,33.8047],[114.1518,33.806],[114.1539,33.8262],[114.145,33.8329],[114.1377,33.8457],[114.1242,33.8577],[114.11,33.8612],[114.1089,33.8732],[114.1164,33.8791],[114.1285,33.8805],[114.1167,33.9026],[114.1195,33.916],[114.1079,33.9292],[114.1001,33.9285],[114.0976,33.9357],[114.0812,33.9354],[114.0747,33.9511],[114.051,33.9536],[114.0521,33.9674],[114.0469,33.9816],[114.0341,33.9852],[113.9908,33.9824],[113.9865,33.9762],[113.9744,33.9759],[113.9679,33.9846],[113.9567,33.9833],[113.9444,33.978],[113.9399,33.9716],[113.9301,33.97],[113.9234,33.9593],[113.9168,33.9591],[113.9138,33.9453],[113.8949,33.9498],[113.8867,33.9442],[113.8777,33.9505],[113.8652,33.9479],[113.8533,33.95],[113.8513,33.941],[113.8654,33.9111],[113.8532,33.9084],[113.855,33.8835],[113.85,33.8751],[113.8413,33.873],[113.8187,33.877],[113.8008,33.883],[113.7896,33.8824],[113.7714,33.8865],[113.7595,33.885],[113.7673,33.8764],[113.7538,33.8697],[113.736,33.8707],[113.7269,33.8653],[113.7263,33.8581],[113.7178,33.8517],[113.7215,33.8413],[113.7286,33.8327],[113.7344,33.8329],[113.751,33.8258],[113.7535,33.8131],[113.748,33.7978],[113.7412,33.7909],[113.7471,33.7752],[113.7423,33.7676],[113.7313,33.761],[113.7279,33.7534],[113.7305,33.7436],[113.7438,33.7411],[113.7557,33.7333],[113.7558,33.7237],[113.7503,33.7178],[113.7341,33.7145],[113.7288,33.6974],[113.7181,33.6969],[113.7124,33.708],[113.7021,33.7125],[113.6979,33.6943],[113.6786,33.691],[113.6792,33.6956],[113.6612,33.6968],[113.6498,33.7018],[113.6292,33.6927],[113.6033,33.6954],[113.6017,33.7087],[113.5801,33.7129],[113.573,33.7066],[113.5789,33.702],[113.5722,33.6882],[113.5813,33.6563],[113.5955,33.6531],[113.6048,33.6454],[113.6072,33.6377],[113.6199,33.6245],[113.6172,33.6172],[113.6043,33.6197],[113.6023,33.611],[113.588,33.6065],[113.5799,33.6081],[113.566,33.5913],[113.5457,33.5882],[113.547,33.5737],[113.5566,33.5721],[113.5498,33.5544],[113.5402,33.5515],[113.5353,33.5411],[113.5311,33.5178],[113.5271,33.5112],[113.5309,33.5001],[113.5254,33.4989],[113.5176,33.507],[113.5041,33.5065],[113.496,33.5017],[113.4795,33.5014],[113.4764,33.4839],[113.465,33.4625],[113.467,33.4558],[113.4645,33.4416],[113.4537,33.4394],[113.4522,33.4269],[113.4584,33.423],[113.4767,33.4229],[113.5148,33.4099],[113.5157,33.4215],[113.5319,33.422],[113.5418,33.4081],[113.5629,33.4096],[113.5771,33.403],[113.5867,33.4129],[113.5978,33.4156],[113.6084,33.4126],[113.6211,33.4167],[113.6297,33.426],[113.6466,33.4201],[113.6534,33.4253],[113.6771,33.4204],[113.6817,33.4093]]]},"properties":{"region_code":"CN-41-4111","parent_region_code":"CN-41","name":"漯河市","level":"prefecture","has_children":true,"full_path":"中国 / 河南省 / 漯河市","source_admin_code":"4111","osm_relation_id":3284027}},
{"type":"Feature","geometry":{"type":"Polygon","coordinates":[[[111.9678,35.0705],[111.9604,35.0782],[111.9498,35.082],[111.9261,35.0842],[111.908,35.0739],[111.8886,35.0798],[111.87,35.0703],[111.8501,35.0748],[111.8115,35.0692],[111.8043,35.064],[111.806,35.0459],[111.8034,35.0358],[111.7922,35.0282],[111.7718,35.0296],[111.7689,35.0201],[111.761,35.016],[111.7437,35.0173],[111.7347,35.0113],[111.7332,35.005],[111.7056,35.0047],[111.7003,35.0001],[111.6901,35.0004],[111.6789,34.9894],[111.6633,34.9886],[111.6591,34.9824],[111.6709,34.9714],[111.6723,34.9481],[111.6544,34.9397],[111.6406,34.9397],[111.6309,34.9298],[111.6162,34.9083],[111.6115,34.8971],[111.5926,34.8899],[111.5861,34.883],[111.585,34.8665],[111.5772,34.8535],[111.561,34.8439],[111.5484,34.8532],[111.5358,34.854],[111.5162,34.8484],[111.4955,34.8299],[111.475,34.8267],[111.4586,34.8274],[111.4458,34.837],[111.4327,34.8388],[111.4265,34.8308],[111.4107,34.8291],[111.3973,34.8183],[111.3887,34.8158],[111.3509,34.8228],[111.3438,34.8322],[111.3331,34.8324],[111.3197,34.822],[111.3008,34.8179],[111.2831,34.808],[111.2552,34.8222],[111.2469,34.8205],[111.2323,34.7933],[111.2243,34.7899],[111.2134,34.793],[111.2054,34.8013],[111.1949,34.8049],[111.1756,34.8025],[111.1589,34.8172],[111.1469,34.8188],[111.1397,34.8148],[111.1368,34.799],[111.1304,34.7921],[111.1171,34.7618],[111.0866,34.7475],[111.0611,34.7505],[111.0322,34.7505],[111.0253,34.7431],[111.0222,34.7336],[111.0116,34.7267],[110.98,34.7169],[110.9709,34.7043],[110.9618,34.7019],[110.9581,34.7139],[110.9377,34.7294],[110.9255,34.7334],[110.916,34.7309],[110.9113,34.7202],[110.9016,34.6819],[110.8955,34.662],[110.8825,34.6486],[110.8515,34.6404],[110.8281,34.6174],[110.8115,34.6194],[110.8057,34.6303],[110.7913,34.6485],[110.776,34.6532],[110.7518,34.6548],[110.7415,34.6495],[110.7124,34.6147],[110.703,34.6063],[110.6829,34.6003],[110.6591,34.5982],[110.6304,34.6094],[110.6136,34.6124],[110.6028,34.6101],[110.5785,34.5936],[110.5597,34.5916],[110.5423,34.5843],[110.5349,34.5841],[110.5188,34.5909],[110.5042,34.604],[110.4953,34.608],[110.4769,34.6097],[110.4605,34.607],[110.4201,34.5877],[110.4103,34.5878],[110.3746,34.6044],[110.3648,34.5844],[110.3607,34.5683],[110.3686,34.5654],[110.3908,34.5643],[110.3961,34.5562],[110.3669,34.5383],[110.3663,34.5321],[110.3586,34.5264],[110.3551,34.518],[110.3637,34.4946],[110.3729,34.4874],[110.3792,34.4734],[110.3868,34.4683],[110.3896,34.4587],[110.3969,34.4487],[110.3947,34.4414],[110.4065,34.4205],[110.4246,34.4107],[110.4436,34.4035],[110.4538,34.404],[110.4621,34.4114],[110.472,34.41],[110.4688,34.3937],[110.4806,34.3668],[110.4817,34.3571],[110.493,34.3525],[110.5015,34.3427],[110.4946,34.3216],[110.4682,34.3224],[110.4607,34.3065],[110.4553,34.3054],[110.4504,34.2959],[110.4439,34.2919],[110.4299,34.2935],[110.4226,34.2891],[110.4228,34.2764],[110.4291,34.2713],[110.4307,34.2631],[110.4384,34.2569],[110.433,34.2454],[110.4607,34.2399],[110.4859,34.2325],[110.5064,34.2169],[110.5181,34.2214],[110.5456,34.214],[110.5521,34.1948],[110.5867,34.1915],[110.5829,34.1808],[110.5986,34.1781],[110.6181,34.1778],[110.6271,34.1723],[110.6374,34.1616],[110.6341,34.1515],[110.6226,34.1412],[110.6181,34.1264],[110.6112,34.1241],[110.6073,34.1129],[110.5876,34.1067],[110.5827,34.0995],[110.5827,34.0836],[110.5859,34.072],[110.5783,34.0543],[110.5841,34.0401],[110.5815,34.0261],[110.607,34.0248],[110.6078,34.0341],[110.6159,34.0372],[110.6266,34.0276],[110.6308,34.0099],[110.6399,33.9997],[110.6435,33.9723],[110.6665,33.9669],[110.6712,33.9542],[110.6624,33.9416],[110.6396,33.9368],[110.6177,33.9222],[110.6216,33.9099],[110.6083,33.91],[110.5831,33.9014],[110.5838,33.8877],[110.6029,33.8597],[110.6202,33.852],[110.655,33.857],[110.6996,33.8386],[110.7286,33.804],[110.7721,33.8018],[110.8121,33.7397],[110.8219,33.7211],[110.8273,33.7154],[110.8185,33.6948],[110.8194,33.6874],[110.8275,33.6802],[110.8328,33.6686],[110.8392,33.6635],[110.8535,33.6585],[110.8736,33.6368],[110.8946,33.6338],[110.9011,33.6294],[110.9353,33.6217],[110.9452,33.611],[110.9634,33.6093],[110.9752,33.5973],[110.9988,33.5791],[111.0041,33.5608],[111.0163,33.5503],[111.0513,33.5556],[111.0686,33.5671],[111.0823,33.5623],[111.0868,33.5694],[111.1079,33.5777],[111.12,33.6058],[111.1267,33.6101],[111.1266,33.629],[111.1381,33.6341],[111.1446,33.6439],[111.1445,33.6536],[111.1299,33.6658],[111.1232,33.6758],[111.1361,33.6797],[111.1432,33.6856],[111.1613,33.6823],[111.1732,33.6861],[111.1786,33.7068],[111.1866,33.7104],[111.1908,33.723],[111.1904,33.734],[111.1861,33.7441],[111.1894,33.7604],[111.198,33.7713],[111.2054,33.787],[111.2152,33.7993],[111.2267,33.8019],[111.2364,33.7965],[111.2537,33.7978],[111.255,33.8263],[111.2405,33.8351],[111.2327,33.8439],[111.2257,33.8576],[111.2104,33.8641],[111.2131,33.874],[111.2032,33.8795],[111.2068,33.8909],[111.2207,33.8908],[111.2304,33.8978],[111.2198,33.9125],[111.2206,33.9268],[111.2294,33.9335],[111.2443,33.9349],[111.2567,33.9287],[111.2681,33.9365],[111.2782,33.9339],[111.2789,33.927],[111.2981,33.9304],[111.2986,33.9414],[111.3058,33.9536],[111.3134,33.9573],[111.3232,33.9685],[111.342,33.9763],[111.3526,33.9899],[111.3465,33.9948],[111.3481,34.0115],[111.3459,34.0266],[111.3371,34.0366],[111.3355,34.0621],[111.3416,34.0666],[111.3458,34.0836],[111.3631,34.0924],[111.3543,34.1094],[111.3357,34.1114],[111.3305,34.1167],[111.3118,34.1174],[111.3028,34.1239],[111.305,34.1385],[111.2845,34.1475],[111.2728,34.1477],[111.2633,34.1432],[111.2531,34.1495],[111.2445,34.1624],[111.2368,34.1631],[111.2257,34.1798],[111.2076,34.1759],[111.2029,34.1902],[111.2042,34.1967],[111.187,34.2069],[111.17,34.2117],[111.1513,34.2255],[111.1721,34.2276],[111.1807,34.2493],[111.1755,34.2538],[111.1755,34.2796],[111.1801,34.2884],[111.1933,34.2976],[111.1843,34.3056],[111.1815,34.3187],[111.1714,34.3304],[111.1562,34.3386],[111.1558,34.3497],[111.1415,34.3544],[111.133,34.3542],[111.1298,34.3616],[111.1382,34.3768],[111.1385,34.3882],[111.1475,34.3958],[111.1631,34.3942],[111.186,34.4037],[111.1805,34.4134],[111.1924,34.4187],[111.2076,34.4294],[111.2064,34.4379],[111.2104,34.4605],[111.2308,34.4593],[111.2343,34.4549],[111.2527,34.4518],[111.2587,34.4482],[111.2698,34.4503],[111.2659,34.4696],[111.2773,34.4828],[111.2917,34.4905],[111.2962,34.4773],[111.3088,34.473],[111.3399,34.4737],[111.353,34.4811],[111.362,34.4824],[111.3629,34.4736],[111.3813,34.4758],[111.3882,34.4834],[111.4148,34.4913],[111.4331,34.5023],[111.4441,34.5059],[111.4536,34.5147],[111.4654,34.5183],[111.4758,34.5251],[111.4958,34.5424],[111.4983,34.5498],[111.5138,34.5453],[111.5207,34.5499],[111.5357,34.5444],[111.5603,34.568],[111.5725,34.5571],[111.5781,34.5708],[111.5925,34.5711],[111.6144,34.5549],[111.6253,34.5558],[111.6609,34.5416],[111.6792,34.5305],[111.6894,34.5348],[111.683,34.5454],[111.6623,34.5712],[111.6909,34.574],[111.7029,34.585],[111.7071,34.5951],[111.7161,34.5925],[111.7295,34.6065],[111.7404,34.5949],[111.7583,34.5953],[111.7549,34.6051],[111.7599,34.6127],[111.7756,34.6083],[111.7823,34.6191],[111.778,34.6254],[111.7856,34.6317],[111.7954,34.633],[111.7993,34.6384],[111.8152,34.6329],[111.8185,34.6515],[111.83,34.6566],[111.836,34.6511],[111.8449,34.6543],[111.857,34.6495],[111.8628,34.6396],[111.8821,34.6197],[111.8939,34.6247],[111.9149,34.6123],[111.9191,34.6053],[111.9276,34.6107],[111.941,34.6256],[111.9364,34.6302],[111.9395,34.6406],[111.9539,34.639],[111.9619,34.6472],[111.9732,34.6518],[111.9665,34.6609],[111.9682,34.6762],[111.9643,34.6854],[111.9707,34.6939],[111.9808,34.696],[111.9897,34.6934],[111.9893,34.7085],[111.9992,34.7205],[112.0095,34.7253],[112.0061,34.733],[111.9886,34.7386],[112.0005,34.7496],[112.0095,34.7489],[112.0124,34.7683],[112.0255,34.7762],[112.0253,34.7875],[112.0083,34.801],[112.0151,34.8091],[112.0129,34.8146],[111.9817,34.8388],[111.977,34.8475],[111.9841,34.8512],[111.9846,34.8584],[111.9732,34.858],[111.9542,34.8518],[111.9422,34.8508],[111.9446,34.8633],[111.9349,34.8725],[111.9256,34.8766],[111.914,34.8861],[111.8978,34.8857],[111.8929,34.8913],[111.8762,34.8983],[111.8743,34.9094],[111.8832,34.9219],[111.9038,34.9314],[111.9181,34.9343],[111.9275,34.9488],[111.9529,34.9497],[111.971,34.9556],[111.9758,34.9614],[111.9737,34.9719],[111.9556,34.9774],[111.9499,34.9827],[111.956,34.9889],[111.9695,34.9925],[111.979,35.0028],[111.9697,35.0096],[111.956,35.0142],[111.9432,35.0231],[111.9303,35.0418],[111.9464,35.0441],[111.9504,35.0497],[111.9533,35.0661],[111.9678,35.0705]]]},"properties":{"region_code":"CN-41-4112","parent_region_code":"CN-41","name":"三门峡市","level":"prefecture","has_children":true,"full_path":"中国 / 河南省 / 三门峡市","source_admin_code":"4112","osm_relation_id":2992284}},
{"type":"Feature","geometry":{"type":"MultiPolygon","coordinates":[[[[111.0103,33.175],[111.0282,33.1789],[111.0267,33.1902],[111.0103,33.175]]],[[[111.2537,33.7978],[111.2364,33.7965],[111.2267,33.8019],[111.2152,33.7993],[111.2054,33.787],[111.198,33.7713],[111.1894,33.7604],[111.1861,33.7441],[111.1904,33.734],[111.1908,33.723],[111.1866,33.7104],[111.1786,33.7068],[111.1732,33.6861],[111.1613,33.6823],[111.1432,33.6856],[111.1361,33.6797],[111.1232,33.6758],[111.1299,33.6658],[111.1445,33.6536],[111.1446,33.6439],[111.1381,33.6341],[111.1266,33.629],[111.1267,33.6101],[111.12,33.6058],[111.1079,33.5777],[111.0868,33.5694],[111.0823,33.5623],[111.0686,33.5671],[111.0513,33.5556],[111.0163,33.5503],[111.0041,33.5608],[110.9972,33.5485],[110.998,33.5349],[111.0106,33.5274],[111.0188,33.5095],[111.0222,33.4945],[111.0215,33.4708],[111.0152,33.4524],[111.0026,33.4494],[110.9911,33.4376],[110.9995,33.4287],[111.0063,33.4158],[111.0061,33.4005],[111.0143,33.3905],[111.0219,33.3697],[111.018,33.3573],[111.0242,33.3425],[111.022,33.3309],[111.0121,33.3289],[111.0012,33.3201],[110.9987,33.3141],[111.0053,33.3067],[110.9924,33.3031],[110.9918,33.2882],[110.9854,33.281],[110.9867,33.2753],[110.9778,33.2671],[110.9907,33.2566],[110.9907,33.2414],[111.006,33.2357],[111.0121,33.224],[111.0192,33.2216],[111.0267,33.2112],[111.0458,33.2025],[111.0553,33.1944],[111.0585,33.1867],[111.0487,33.1797],[111.0517,33.174],[111.0403,33.1702],[111.0313,33.1632],[111.0325,33.1556],[111.0495,33.1586],[111.0626,33.1783],[111.075,33.184],[111.0882,33.1827],[111.0844,33.1736],[111.0996,33.1727],[111.1007,33.1667],[111.1223,33.157],[111.1256,33.1445],[111.1406,33.1325],[111.1562,33.1269],[111.1732,33.1179],[111.1709,33.1108],[111.172,33.0972],[111.1851,33.0949],[111.187,33.0734],[111.1632,33.067],[111.1449,33.0558],[111.1424,33.0442],[111.1558,33.0434],[111.1638,33.0474],[111.1774,33.0495],[111.2236,33.0464],[111.2324,33.0427],[111.2429,33.0282],[111.2414,33.0182],[111.253,33.0084],[111.2636,32.9903],[111.2678,32.9738],[111.262,32.966],[111.2473,32.9577],[111.2398,32.9464],[111.237,32.9326],[111.2434,32.9167],[111.2442,32.9084],[111.2406,32.8908],[111.2491,32.8865],[111.2619,32.8987],[111.274,32.9065],[111.2848,32.895],[111.2839,32.8671],[111.2873,32.8613],[111.3103,32.853],[111.3257,32.8432],[111.3519,32.8393],[111.3739,32.831],[111.3792,32.8237],[111.3902,32.7967],[111.3999,32.7851],[111.3981,32.7783],[111.4046,32.771],[111.4076,32.7593],[111.419,32.753],[111.4385,32.7538],[111.4405,32.7619],[111.4524,32.7629],[111.4617,32.7739],[111.4694,32.7631],[111.4627,32.7525],[111.463,32.7406],[111.4508,32.7292],[111.4378,32.7391],[111.4197,32.7346],[111.4349,32.725],[111.4563,32.7254],[111.4668,32.72],[111.462,32.7094],[111.4721,32.6989],[111.5073,32.6758],[111.5206,32.6564],[111.5189,32.6494],[111.5243,32.6307],[111.5298,32.6238],[111.5531,32.6032],[111.5717,32.5957],[111.5966,32.6116],[111.6126,32.6299],[111.6285,32.637],[111.635,32.637],[111.6375,32.6288],[111.6352,32.6184],[111.6406,32.6085],[111.6498,32.6111],[111.6575,32.6214],[111.6643,32.6225],[111.7153,32.6065],[111.7332,32.5929],[111.7417,32.579],[111.7601,32.5674],[111.7699,32.5651],[111.7972,32.5452],[111.814,32.5397],[111.8237,32.5314],[111.8574,32.5317],[111.8571,32.5157],[111.8842,32.5055],[111.9102,32.5104],[111.9275,32.5179],[111.9425,32.5193],[111.9507,32.5145],[111.9613,32.497],[111.9645,32.485],[111.9721,32.4732],[111.9867,32.4694],[111.9844,32.4597],[111.9947,32.4617],[111.9998,32.4551],[112.008,32.4524],[112.0267,32.4638],[112.0326,32.4726],[112.0419,32.4763],[112.0581,32.4761],[112.0621,32.4622],[112.0613,32.4427],[112.0787,32.4379],[112.0793,32.4281],[112.0992,32.4127],[112.1022,32.4067],[112.1266,32.3986],[112.1398,32.385],[112.1501,32.3784],[112.158,32.3817],[112.1531,32.3885],[112.1556,32.4022],[112.1408,32.4047],[112.1398,32.4107],[112.1586,32.4133],[112.1664,32.408],[112.1691,32.3932],[112.1667,32.3872],[112.1883,32.3935],[112.1999,32.3951],[112.2231,32.3875],[112.225,32.3796],[112.2457,32.3703],[112.2555,32.3615],[112.283,32.3477],[112.2928,32.3377],[112.3194,32.3237],[112.3238,32.3403],[112.3326,32.3506],[112.3451,32.3525],[112.354,32.3677],[112.3621,32.3699],[112.3794,32.3659],[112.3849,32.3732],[112.4081,32.3652],[112.4114,32.359],[112.4358,32.3472],[112.4395,32.3576],[112.4542,32.3703],[112.4668,32.3738],[112.4712,32.3829],[112.4838,32.3775],[112.5128,32.3846],[112.5284,32.3789],[112.5389,32.3962],[112.5384,32.4056],[112.5521,32.4002],[112.5562,32.4019],[112.5721,32.39],[112.5705,32.3842],[112.5836,32.3829],[112.5884,32.3874],[112.6105,32.3838],[112.6115,32.3789],[112.6352,32.37],[112.6674,32.3701],[112.6751,32.3619],[112.6955,32.3553],[112.7076,32.3544],[112.7135,32.3641],[112.7288,32.3668],[112.7287,32.3539],[112.7498,32.3451],[112.7635,32.3481],[112.7703,32.3607],[112.7851,32.3585],[112.7998,32.3714],[112.8303,32.3749],[112.8355,32.3783],[112.8437,32.392],[112.8647,32.4002],[112.8734,32.3771],[112.8897,32.3798],[112.8868,32.3887],[112.8993,32.3975],[112.9039,32.3931],[112.927,32.3882],[112.9388,32.3825],[112.9464,32.3829],[112.9483,32.3908],[112.9623,32.3945],[112.9614,32.3751],[112.9838,32.371],[112.9911,32.3927],[112.984,32.4029],[112.9957,32.4138],[112.995,32.419],[113.0144,32.4202],[113.0191,32.4274],[113.0383,32.423],[113.0508,32.4138],[113.0594,32.4014],[113.0764,32.3976],[113.0879,32.4],[113.1022,32.3993],[113.1155,32.3813],[113.1399,32.3804],[113.1496,32.3849],[113.1531,32.4101],[113.1659,32.424],[113.1804,32.4236],[113.1906,32.4305],[113.2054,32.4338],[113.2208,32.4279],[113.2287,32.4091],[113.2568,32.3902],[113.2673,32.3871],[113.279,32.3756],[113.2894,32.372],[113.291,32.3563],[113.3073,32.35],[113.3262,32.3469],[113.3297,32.3376],[113.3128,32.3293],[113.3117,32.3229],[113.3238,32.3194],[113.3412,32.3013],[113.3484,32.2974],[113.3597,32.2969],[113.3714,32.3018],[113.3875,32.2919],[113.3914,32.2828],[113.4072,32.2796],[113.4156,32.2712],[113.4618,32.3001],[113.4713,32.3001],[113.488,32.3116],[113.5167,32.3246],[113.5185,32.3294],[113.5295,32.333],[113.5356,32.3288],[113.5441,32.3312],[113.5415,32.3145],[113.545,32.3048],[113.5555,32.3091],[113.5512,32.3264],[113.5457,32.331],[113.559,32.3428],[113.5721,32.3428],[113.5735,32.3531],[113.598,32.3528],[113.5969,32.359],[113.5873,32.3614],[113.5943,32.369],[113.6053,32.3616],[113.6184,32.3638],[113.6189,32.3798],[113.6318,32.3892],[113.6399,32.4086],[113.6468,32.4162],[113.6545,32.4133],[113.6588,32.4248],[113.6654,32.4196],[113.6762,32.4225],[113.6856,32.4184],[113.6971,32.4212],[113.7007,32.4126],[113.7127,32.4193],[113.7035,32.4236],[113.7169,32.43],[113.7243,32.4483],[113.7275,32.4629],[113.7352,32.4678],[113.7476,32.4654],[113.7557,32.4717],[113.7605,32.4837],[113.7597,32.4937],[113.7526,32.5135],[113.7587,32.5214],[113.7579,32.5281],[113.7655,32.5387],[113.7568,32.5509],[113.7641,32.5638],[113.78,32.5751],[113.7837,32.5873],[113.7954,32.5977],[113.8091,32.6026],[113.7925,32.6169],[113.7893,32.6254],[113.7788,32.628],[113.7771,32.6386],[113.7827,32.6479],[113.7756,32.6555],[113.7623,32.6548],[113.7478,32.6572],[113.7463,32.6615],[113.7196,32.6742],[113.7123,32.6868],[113.6958,32.6932],[113.6904,32.6986],[113.6798,32.6984],[113.6741,32.6938],[113.6618,32.6941],[113.6513,32.701],[113.6456,32.7105],[113.6213,32.7058],[113.611,32.7109],[113.6072,32.6955],[113.6131,32.6904],[113.6141,32.6681],[113.5995,32.668],[113.5954,32.6599],[113.5959,32.647],[113.5794,32.6413],[113.5694,32.6302],[113.56,32.604],[113.5343,32.5899],[113.521,32.5976],[113.5124,32.5849],[113.5066,32.5822],[113.5077,32.5717],[113.4958,32.5692],[113.4839,32.5703],[113.4762,32.5778],[113.4637,32.5825],[113.4552,32.5778],[113.4512,32.589],[113.4405,32.586],[113.4319,32.5911],[113.4138,32.6096],[113.393,32.6158],[113.387,32.6116],[113.3847,32.6029],[113.3786,32.6005],[113.3726,32.5874],[113.3593,32.5712],[113.3516,32.5761],[113.3413,32.5746],[113.321,32.5791],[113.3176,32.5868],[113.3105,32.59],[113.3016,32.582],[113.2949,32.5906],[113.28,32.5946],[113.2741,32.5993],[113.2658,32.5969],[113.2457,32.597],[113.2393,32.5819],[113.2207,32.5726],[113.2013,32.5717],[113.1937,32.5843],[113.1955,32.5999],[113.1899,32.6083],[113.1968,32.6147],[113.1954,32.6267],[113.1992,32.6351],[113.1899,32.6371],[113.1811,32.6437],[113.1801,32.6518],[113.1888,32.6545],[113.1972,32.6634],[113.1984,32.6729],[113.2093,32.6832],[113.2253,32.6885],[113.2319,32.6855],[113.2343,32.6739],[113.2409,32.6729],[113.2475,32.6645],[113.2431,32.6554],[113.2512,32.6481],[113.2566,32.6516],[113.2632,32.6642],[113.2363,32.6898],[113.234,32.6974],[113.2237,32.7038],[113.2069,32.703],[113.199,32.7059],[113.2031,32.7286],[113.1921,32.7188],[113.1825,32.7204],[113.1885,32.7369],[113.1963,32.7415],[113.1986,32.7529],[113.1963,32.7601],[113.1862,32.7615],[113.1808,32.7679],[113.1771,32.7812],[113.1785,32.8018],[113.1724,32.8088],[113.1786,32.8194],[113.1709,32.8323],[113.1633,32.8331],[113.159,32.8494],[113.1713,32.853],[113.1808,32.8692],[113.1926,32.8748],[113.199,32.8849],[113.1926,32.898],[113.2008,32.9188],[113.1873,32.9206],[113.1747,32.9174],[113.168,32.9204],[113.1658,32.93],[113.1503,32.9324],[113.1522,32.9377],[113.1408,32.943],[113.1337,32.9316],[113.1056,32.935],[113.1056,32.9408],[113.0893,32.9532],[113.1065,32.9789],[113.1132,33.0024],[113.1223,33.0158],[113.1455,33.0313],[113.1467,33.039],[113.1625,33.0549],[113.1795,33.0545],[113.1871,33.0684],[113.1968,33.0722],[113.2129,33.0645],[113.2273,33.0723],[113.2322,33.0789],[113.2434,33.0776],[113.2468,33.0823],[113.2585,33.0841],[113.2661,33.081],[113.2751,33.0856],[113.2992,33.0896],[113.3052,33.0833],[113.3194,33.0829],[113.3368,33.0911],[113.3501,33.093],[113.3693,33.1073],[113.3719,33.1177],[113.3803,33.1211],[113.3803,33.13],[113.377,33.1328],[113.3808,33.1472],[113.3755,33.1565],[113.3798,33.1635],[113.3791,33.1776],[113.3704,33.1781],[113.3639,33.1855],[113.3737,33.1877],[113.3775,33.1975],[113.3795,33.2228],[113.3848,33.2292],[113.3962,33.2281],[113.3982,33.2332],[113.3935,33.2492],[113.4008,33.2562],[113.3949,33.2699],[113.3875,33.275],[113.3777,33.2929],[113.3785,33.3002],[113.397,33.3041],[113.3921,33.3125],[113.3984,33.3195],[113.3898,33.3251],[113.3885,33.3346],[113.3742,33.3434],[113.3404,33.3465],[113.3327,33.353],[113.3214,33.347],[113.2976,33.3443],[113.2889,33.353],[113.2718,33.3508],[113.2519,33.3665],[113.2296,33.3662],[113.2211,33.3716],[113.216,33.3957],[113.2016,33.4068],[113.1997,33.4156],[113.191,33.4212],[113.1819,33.4338],[113.1691,33.4373],[113.1446,33.4317],[113.1306,33.4252],[113.1227,33.4276],[113.1191,33.4393],[113.1058,33.4477],[113.0934,33.4464],[113.0671,33.4499],[113.0527,33.4469],[113.0415,33.4405],[113.0359,33.4448],[113.0333,33.4572],[113.0348,33.4771],[113.0475,33.4889],[113.043,33.4935],[113.0427,33.5094],[113.0394,33.5171],[113.0402,33.5355],[113.0307,33.5384],[113.0296,33.5483],[113.0186,33.5514],[113.0189,33.5605],[112.9986,33.57],[112.98,33.5715],[112.9799,33.5777],[112.9685,33.5855],[112.9584,33.5828],[112.9423,33.592],[112.9395,33.6018],[112.9294,33.6091],[112.9197,33.6068],[112.9035,33.6085],[112.8897,33.6164],[112.8846,33.6096],[112.8736,33.6087],[112.8635,33.6127],[112.8493,33.6054],[112.8472,33.588],[112.8382,33.5786],[112.8114,33.5762],[112.8066,33.5823],[112.7981,33.5764],[112.7844,33.5733],[112.7631,33.5614],[112.7563,33.5657],[112.7564,33.5731],[112.7403,33.573],[112.7345,33.5836],[112.7258,33.5828],[112.7209,33.5891],[112.7022,33.5867],[112.6807,33.5891],[112.6776,33.5946],[112.6659,33.5962],[112.6548,33.6025],[112.6513,33.6082],[112.6332,33.6001],[112.6241,33.5982],[112.6088,33.6004],[112.6037,33.6068],[112.6021,33.6174],[112.5941,33.6211],[112.5827,33.6211],[112.5673,33.6022],[112.5553,33.5935],[112.5454,33.5896],[112.539,33.5924],[112.5218,33.5897],[112.5174,33.5998],[112.5183,33.6073],[112.5084,33.6114],[112.4986,33.6207],[112.4841,33.6416],[112.4727,33.6382],[112.4535,33.6414],[112.4442,33.6489],[112.4373,33.6599],[112.4283,33.6608],[112.4265,33.6675],[112.4152,33.6731],[112.4136,33.6782],[112.4002,33.678],[112.38,33.6644],[112.3696,33.6684],[112.359,33.6621],[112.3497,33.6694],[112.3216,33.6712],[112.3135,33.6827],[112.304,33.6883],[112.3005,33.7002],[112.2821,33.7058],[112.2738,33.7134],[112.2571,33.7118],[112.2492,33.7136],[112.2433,33.7205],[112.2232,33.7163],[112.2237,33.7099],[112.2125,33.7041],[112.2092,33.6985],[112.1985,33.698],[112.1868,33.7026],[112.1733,33.6996],[112.1712,33.7214],[112.1554,33.7205],[112.1392,33.7115],[112.133,33.7009],[112.1247,33.697],[112.1169,33.6789],[112.1167,33.6679],[112.1207,33.6601],[112.1159,33.6529],[112.1076,33.6555],[112.0711,33.6542],[112.0731,33.6474],[112.0661,33.6413],[112.0785,33.6282],[112.0881,33.6126],[112.0787,33.6028],[112.0696,33.6087],[112.0455,33.6124],[112.0232,33.6209],[112.0054,33.6179],[112.0026,33.6094],[112.0038,33.5987],[112.0121,33.5952],[112.0087,33.5869],[111.9804,33.5876],[111.9568,33.5742],[111.9264,33.5749],[111.9133,33.5638],[111.9029,33.577],[111.9022,33.5822],[111.8729,33.5927],[111.8375,33.5952],[111.8216,33.5935],[111.8217,33.6156],[111.8259,33.6413],[111.8048,33.6485],[111.7944,33.6585],[111.7837,33.6637],[111.75,33.6712],[111.7408,33.6786],[111.7344,33.6762],[111.7083,33.6873],[111.6961,33.6811],[111.6814,33.681],[111.6707,33.689],[111.6604,33.6883],[111.6532,33.6955],[111.6546,33.7009],[111.6489,33.7111],[111.6389,33.7178],[111.6307,33.7177],[111.6179,33.7247],[111.5874,33.7213],[111.5802,33.725],[111.5584,33.7291],[111.5359,33.7306],[111.5289,33.7391],[111.5028,33.7374],[111.5026,33.7328],[111.4911,33.7225],[111.4768,33.7272],[111.465,33.7371],[111.4542,33.7363],[111.4425,33.74],[111.4228,33.7532],[111.4115,33.7517],[111.3781,33.768],[111.3443,33.7668],[111.328,33.77],[111.3142,33.764],[111.3072,33.7661],[111.2961,33.7771],[111.2889,33.7769],[111.2754,33.7822],[111.2598,33.7844],[111.2537,33.7978]]]]},"properties":{"region_code":"CN-41-4113","parent_region_code":"CN-41","name":"南阳市","level":"prefecture","has_children":true,"full_path":"中国 / 河南省 / 南阳市","source_admin_code":"4113","osm_relation_id":3206852}},
{"type":"Feature","geometry":{"type":"Polygon","coordinates":[[[114.8898,34.2861],[114.932,34.2819],[114.9359,34.2681],[114.9486,34.2683],[114.9557,34.2584],[114.9651,34.2553],[114.9724,34.2669],[114.9828,34.2615],[114.9853,34.2527],[114.9923,34.2461],[115.0001,34.2508],[115.0292,34.252],[115.0441,34.2287],[115.0548,34.2244],[115.0761,34.2229],[115.0929,34.2146],[115.1019,34.2058],[115.1162,34.2102],[115.1093,34.1915],[115.1254,34.1772],[115.1291,34.166],[115.1189,34.1526],[115.118,34.1294],[115.1086,34.1244],[115.118,34.1185],[115.1201,34.1024],[115.1112,34.1022],[115.1111,34.0897],[115.1147,34.0794],[115.1114,34.0679],[115.1228,34.0654],[115.1325,34.0575],[115.1169,34.0277],[115.1084,34.0288],[115.1039,34.0226],[115.0746,34.0247],[115.065,34.0233],[115.0653,34.015],[115.0773,34.0155],[115.0779,34.0052],[115.0631,33.9929],[115.0622,33.9869],[115.0531,33.9848],[115.0575,33.9762],[115.0527,33.9702],[115.0523,33.9574],[115.0415,33.9555],[115.0442,33.9417],[115.0528,33.938],[115.0666,33.9367],[115.0879,33.9319],[115.0993,33.9342],[115.1026,33.9434],[115.0994,33.9484],[115.1068,33.9635],[115.1259,33.9644],[115.1339,33.9626],[115.1365,33.9506],[115.1538,33.9457],[115.166,33.9487],[115.172,33.9557],[115.1798,33.9552],[115.18,33.9662],[115.2016,33.9682],[115.2004,33.9748],[115.1879,33.9809],[115.186,33.992],[115.2262,33.9766],[115.2544,33.9834],[115.2446,34.0041],[115.2434,34.0197],[115.2645,34.0181],[115.2733,34.0226],[115.2886,34.0232],[115.2847,34.0061],[115.2882,33.9956],[115.3091,33.9977],[115.3156,34.0081],[115.3315,34.0068],[115.3344,34.0136],[115.3542,34.0203],[115.3637,34.0131],[115.392,33.9962],[115.4092,33.9945],[115.4256,33.988],[115.4509,33.9873],[115.4558,34.0026],[115.4557,34.0115],[115.4718,34.0091],[115.4796,34.0155],[115.5031,34.0192],[115.5162,34.017],[115.5295,34.0185],[115.5375,34.0388],[115.5432,34.0395],[115.5423,34.0796],[115.5533,34.0918],[115.5839,34.0833],[115.6074,34.0883],[115.6308,34.0889],[115.641,34.0793],[115.6407,34.0731],[115.6469,34.0631],[115.6568,34.0649],[115.6601,34.0598],[115.6709,34.0603],[115.6793,34.068],[115.7103,34.0654],[115.7196,34.0707],[115.7269,34.0811],[115.7365,34.0801],[115.7357,34.0734],[115.7535,34.07],[115.7529,34.0618],[115.7723,34.0637],[115.7773,34.072],[115.7866,34.0667],[115.8028,34.0656],[115.8128,34.0613],[115.8111,34.0513],[115.8302,34.0394],[115.8308,34.0338],[115.845,34.0306],[115.848,34.0185],[115.8458,34.0062],[115.8712,34.0056],[115.8707,34.0242],[115.8745,34.0305],[115.8869,34.028],[115.8875,34.0179],[115.8984,34.0134],[115.901,34.0026],[115.9216,34.0117],[115.9335,34.0055],[115.9569,34.0056],[115.962,33.9975],[115.9801,33.9927],[115.9844,33.9776],[115.9953,33.9693],[115.9988,33.9591],[115.9886,33.9486],[115.9871,33.9362],[115.9716,33.9285],[115.9761,33.9249],[115.9745,33.9152],[115.9828,33.9141],[115.9793,33.9026],[115.9949,33.9032],[116.006,33.9004],[116.0099,33.8886],[116.0201,33.8894],[116.0253,33.8803],[116.0396,33.874],[116.0467,33.8659],[116.0476,33.8549],[116.06,33.8483],[116.0522,33.8303],[116.0418,33.8324],[116.0387,33.8224],[116.0531,33.822],[116.0557,33.8131],[116.0494,33.8073],[116.0694,33.7948],[116.0646,33.7845],[116.0941,33.7837],[116.0978,33.7654],[116.1042,33.7595],[116.1255,33.7533],[116.127,33.7454],[116.1356,33.7399],[116.136,33.726],[116.1494,33.7213],[116.1569,33.7122],[116.1757,33.7076],[116.1848,33.7109],[116.1874,33.7199],[116.1937,33.7259],[116.2171,33.7227],[116.2231,33.73],[116.216,33.738],[116.2343,33.7452],[116.2359,33.7357],[116.249,33.7271],[116.2587,33.7293],[116.2601,33.7396],[116.2672,33.7497],[116.284,33.7563],[116.2981,33.753],[116.3089,33.7672],[116.3252,33.7733],[116.3326,33.7839],[116.3588,33.778],[116.3657,33.7815],[116.3751,33.7795],[116.3825,33.786],[116.3891,33.7854],[116.396,33.8026],[116.4011,33.807],[116.4141,33.7991],[116.4267,33.7964],[116.4322,33.8066],[116.4278,33.8163],[116.4315,33.8451],[116.4343,33.8483],[116.4525,33.8507],[116.4593,33.8635],[116.4754,33.8644],[116.4797,33.8707],[116.4977,33.8655],[116.5032,33.8716],[116.5164,33.8714],[116.5181,33.8814],[116.5318,33.8847],[116.5531,33.882],[116.5515,33.9009],[116.5571,33.9094],[116.5752,33.9123],[116.5755,33.9019],[116.5953,33.9008],[116.6095,33.8894],[116.6261,33.8908],[116.6377,33.885],[116.6421,33.9038],[116.6345,33.9085],[116.6365,33.93],[116.6408,33.9316],[116.6391,33.9456],[116.6427,33.952],[116.6443,33.975],[116.6283,33.9787],[116.6248,33.9857],[116.6024,34.0014],[116.5981,34.0096],[116.5986,34.0249],[116.5909,34.0412],[116.5824,34.0472],[116.5701,34.072],[116.5597,34.0753],[116.5531,34.0986],[116.5342,34.0982],[116.5358,34.1108],[116.5297,34.1144],[116.5295,34.1454],[116.5453,34.1554],[116.5413,34.1672],[116.5573,34.1683],[116.5606,34.1752],[116.5552,34.1875],[116.5497,34.1881],[116.5403,34.198],[116.543,34.2085],[116.5423,34.2261],[116.5394,34.2333],[116.5414,34.2437],[116.5489,34.2435],[116.5611,34.252],[116.5772,34.2678],[116.5774,34.2768],[116.5626,34.2799],[116.5538,34.2903],[116.5404,34.2901],[116.5162,34.295],[116.4971,34.2967],[116.4801,34.2851],[116.4722,34.2718],[116.4467,34.2721],[116.443,34.2897],[116.4329,34.2868],[116.425,34.278],[116.4246,34.2719],[116.4106,34.2694],[116.4005,34.2776],[116.3885,34.2772],[116.3689,34.2706],[116.3578,34.2749],[116.3651,34.2913],[116.3723,34.2925],[116.3602,34.3134],[116.3518,34.3152],[116.3525,34.323],[116.3452,34.3281],[116.3266,34.3261],[116.3178,34.3362],[116.2992,34.3393],[116.2907,34.3528],[116.2939,34.3592],[116.2717,34.3616],[116.2648,34.3718],[116.2507,34.3794],[116.2381,34.3744],[116.2055,34.3799],[116.205,34.4016],[116.2131,34.4071],[116.1962,34.4147],[116.1905,34.4251],[116.1741,34.4265],[116.1803,34.435],[116.1753,34.4438],[116.1643,34.4454],[116.1535,34.4506],[116.1634,34.4739],[116.1714,34.4805],[116.1761,34.4918],[116.1827,34.4946],[116.1884,34.504],[116.1994,34.508],[116.2015,34.5179],[116.1871,34.5301],[116.1912,34.5391],[116.1962,34.5686],[116.1837,34.5725],[116.1506,34.5603],[116.1358,34.5589],[116.1247,34.5792],[116.1069,34.5909],[116.1002,34.5979],[116.0545,34.5989],[116.0391,34.5963],[116.0243,34.6031],[116.0114,34.6008],[116.0103,34.6084],[116.0005,34.6089],[115.9936,34.6163],[115.986,34.6134],[115.9806,34.6045],[115.9802,34.5945],[115.9734,34.5832],[115.916,34.576],[115.8326,34.5631],[115.8209,34.5586],[115.8108,34.5663],[115.7933,34.5726],[115.7908,34.5792],[115.7801,34.5806],[115.7631,34.5876],[115.7346,34.5902],[115.7118,34.5959],[115.6961,34.602],[115.6907,34.5966],[115.6911,34.5713],[115.6795,34.557],[115.6645,34.5582],[115.6373,34.5699],[115.6171,34.576],[115.6052,34.5736],[115.5883,34.5745],[115.5791,34.5719],[115.5632,34.5736],[115.5287,34.5746],[115.5098,34.5845],[115.4891,34.6044],[115.4811,34.617],[115.4786,34.629],[115.471,34.637],[115.4555,34.6381],[115.4529,34.6555],[115.4398,34.663],[115.4451,34.6763],[115.4415,34.6889],[115.447,34.6936],[115.4379,34.704],[115.4427,34.7116],[115.4348,34.7218],[115.4266,34.7221],[115.4223,34.7326],[115.4397,34.7388],[115.439,34.7569],[115.4321,34.7786],[115.4234,34.7889],[115.4219,34.7988],[115.426,34.8043],[115.4139,34.8085],[115.4087,34.8175],[115.3997,34.8228],[115.3956,34.8328],[115.3837,34.8334],[115.3772,34.8287],[115.3664,34.8338],[115.35,34.8369],[115.3346,34.8492],[115.3229,34.8524],[115.3138,34.8619],[115.2919,34.8617],[115.2859,34.8441],[115.2795,34.8525],[115.2697,34.857],[115.2616,34.8549],[115.2598,34.8442],[115.2546,34.8384],[115.2615,34.8322],[115.258,34.8204],[115.2508,34.8128],[115.2419,34.8105],[115.2426,34.799],[115.1971,34.8065],[115.1926,34.7962],[115.1732,34.8011],[115.1697,34.7913],[115.164,34.7916],[115.1567,34.7801],[115.1418,34.7783],[115.1387,34.79],[115.1106,34.79],[115.1092,34.7775],[115.0896,34.7724],[115.0606,34.7725],[115.0559,34.7674],[115.0405,34.7693],[115.0275,34.7752],[115.0231,34.7711],[115.0133,34.7758],[114.9991,34.7735],[114.9943,34.7583],[114.9814,34.757],[114.9581,34.7596],[114.9439,34.7563],[114.9426,34.7482],[114.917,34.7479],[114.9069,34.7576],[114.8927,34.7588],[114.8878,34.7635],[114.8874,34.7776],[114.8702,34.7788],[114.8621,34.7767],[114.8606,34.7682],[114.8519,34.7673],[114.837,34.7713],[114.8263,34.7686],[114.8233,34.7561],[114.8307,34.7533],[114.8304,34.7444],[114.8416,34.7491],[114.8511,34.7481],[114.8553,34.7402],[114.8393,34.7273],[114.8423,34.7129],[114.8543,34.7113],[114.8522,34.6908],[114.8568,34.6852],[114.8735,34.689],[114.874,34.7029],[114.8945,34.7013],[114.8967,34.6968],[114.9095,34.6918],[114.923,34.6908],[114.9302,34.6798],[114.9297,34.6668],[114.9015,34.6741],[114.8971,34.6642],[114.8865,34.6598],[114.89,34.6507],[114.8965,34.6454],[114.8929,34.6328],[114.8985,34.5888],[114.9057,34.5881],[114.9005,34.5671],[114.903,34.555],[114.9096,34.55],[114.9057,34.5361],[114.913,34.5293],[114.9094,34.5214],[114.9123,34.513],[114.9061,34.5016],[114.917,34.4996],[114.9131,34.4876],[114.9069,34.485],[114.8986,34.469],[114.8911,34.4624],[114.8809,34.4627],[114.874,34.4531],[114.8644,34.4574],[114.856,34.4567],[114.8534,34.4308],[114.8469,34.4302],[114.8485,34.4121],[114.8462,34.4009],[114.869,34.3979],[114.8773,34.3793],[114.8736,34.3721],[114.8563,34.3685],[114.856,34.3552],[114.8494,34.3361],[114.857,34.3198],[114.8719,34.321],[114.872,34.3097],[114.8633,34.309],[114.8639,34.3008],[114.8769,34.2986],[114.8898,34.2861]]]},"properties":{"region_code":"CN-41-4114","parent_region_code":"CN-41","name":"商丘市","level":"prefecture","has_children":true,"full_path":"中国 / 河南省 / 商丘市","source_admin_code":"4114","osm_relation_id":3218285}},
{"type":"Feature","geometry":{"type":"Polygon","coordinates":[[[113.7127,32.4193],[113.7272,32.4139],[113.7346,32.3947],[113.7454,32.392],[113.745,32.3785],[113.7387,32.377],[113.7416,32.3663],[113.75,32.3627],[113.7579,32.3723],[113.7646,32.3713],[113.7642,32.3593],[113.75,32.3515],[113.748,32.3327],[113.7531,32.3236],[113.7617,32.3191],[113.7677,32.3082],[113.7633,32.3035],[113.7426,32.2941],[113.7376,32.2854],[113.7465,32.2689],[113.7437,32.2627],[113.7334,32.2597],[113.7345,32.245],[113.7424,32.2369],[113.7467,32.2183],[113.7588,32.2064],[113.7692,32.2099],[113.7774,32.1918],[113.7578,32.1638],[113.7603,32.1405],[113.7542,32.1293],[113.7444,32.1185],[113.734,32.1152],[113.731,32.1237],[113.7165,32.1264],[113.7226,32.1026],[113.7191,32.0887],[113.7238,32.0835],[113.7389,32.0785],[113.7405,32.0714],[113.7561,32.0574],[113.7739,32.052],[113.7864,32.0367],[113.776,32.0277],[113.7718,32.0194],[113.7641,32.0203],[113.7593,32.0099],[113.7521,32.0034],[113.7504,31.9912],[113.7687,31.9836],[113.7772,31.9773],[113.7979,31.9755],[113.807,31.9681],[113.801,31.9528],[113.8001,31.9346],[113.813,31.9245],[113.8214,31.9211],[113.8329,31.9102],[113.8276,31.8999],[113.8287,31.8897],[113.826,31.8756],[113.8354,31.8691],[113.8312,31.8633],[113.834,31.8549],[113.8542,31.8432],[113.8589,31.8474],[113.8683,31.8426],[113.877,31.8483],[113.8919,31.8517],[113.9013,31.8721],[113.9116,31.8807],[113.93,31.881],[113.9274,31.8745],[113.9357,31.8661],[113.9525,31.8588],[113.9502,31.8387],[113.9407,31.8249],[113.947,31.818],[113.9474,31.7934],[113.9635,31.7847],[113.9695,31.7608],[113.9817,31.7514],[113.9922,31.757],[114.0124,31.7739],[114.0311,31.7713],[114.0374,31.7759],[114.0509,31.7725],[114.0575,31.779],[114.0572,31.7873],[114.0653,31.7882],[114.083,31.7827],[114.0924,31.7933],[114.0892,31.8006],[114.0996,31.8074],[114.1149,31.8093],[114.1163,31.8224],[114.1237,31.8289],[114.127,31.8452],[114.14,31.8415],[114.1575,31.8419],[114.1572,31.8481],[114.1639,31.8559],[114.1761,31.8562],[114.1943,31.8468],[114.2038,31.8447],[114.2125,31.8361],[114.2312,31.8296],[114.2418,31.8175],[114.2427,31.8116],[114.2555,31.7992],[114.2593,31.7891],[114.2687,31.7758],[114.2821,31.7653],[114.2872,31.7551],[114.299,31.7565],[114.3095,31.7542],[114.316,31.7577],[114.327,31.7556],[114.3443,31.758],[114.3518,31.7528],[114.3801,31.7428],[114.4006,31.7499],[114.4113,31.7433],[114.4148,31.7335],[114.4247,31.7376],[114.4333,31.7314],[114.4552,31.7358],[114.4674,31.7439],[114.4837,31.738],[114.4961,31.7394],[114.5057,31.7476],[114.4928,31.7547],[114.4984,31.7584],[114.5049,31.7709],[114.5148,31.7705],[114.5255,31.7522],[114.5268,31.7427],[114.5456,31.7488],[114.5439,31.7697],[114.5557,31.7694],[114.5666,31.7655],[114.579,31.7665],[114.5818,31.7569],[114.5758,31.7417],[114.5779,31.7347],[114.5751,31.7204],[114.5709,31.7158],[114.5758,31.7089],[114.5883,31.7061],[114.5794,31.6937],[114.57,31.6939],[114.567,31.6618],[114.5491,31.6572],[114.5473,31.6386],[114.5441,31.6283],[114.5437,31.6131],[114.5509,31.5897],[114.5555,31.5631],[114.5697,31.5615],[114.5857,31.5636],[114.5913,31.5779],[114.6068,31.5801],[114.6116,31.5877],[114.6215,31.588],[114.6401,31.5831],[114.6522,31.5639],[114.6659,31.5478],[114.6718,31.5462],[114.6953,31.548],[114.6961,31.5425],[114.6907,31.528],[114.7005,31.5271],[114.7118,31.53],[114.7152,31.5222],[114.7358,31.5294],[114.7424,31.5262],[114.7683,31.5243],[114.7684,31.5047],[114.7782,31.4963],[114.777,31.4874],[114.7835,31.4825],[114.8004,31.4828],[114.8186,31.4723],[114.8275,31.4644],[114.838,31.4642],[114.8452,31.4783],[114.8669,31.4814],[114.8737,31.4706],[114.9106,31.4798],[114.9174,31.4829],[114.9273,31.474],[114.9355,31.4743],[114.9362,31.4822],[114.9516,31.491],[114.9571,31.4988],[114.9725,31.4969],[114.9767,31.4826],[114.9894,31.4727],[114.9935,31.473],[114.9961,31.4867],[115.0054,31.4894],[114.9984,31.5],[115.0056,31.5068],[115.0183,31.5297],[115.0358,31.5184],[115.079,31.51],[115.0917,31.5107],[115.0973,31.5225],[115.1046,31.5259],[115.1091,31.5343],[115.1014,31.5389],[115.1005,31.5467],[115.1101,31.5552],[115.1113,31.5747],[115.125,31.5842],[115.1202,31.5976],[115.1381,31.6073],[115.1597,31.6066],[115.1714,31.602],[115.1725,31.5864],[115.1866,31.5671],[115.2016,31.5662],[115.2095,31.556],[115.2308,31.5562],[115.2263,31.5507],[115.2208,31.5297],[115.2128,31.5161],[115.2136,31.5037],[115.2069,31.4924],[115.2108,31.4854],[115.2132,31.4713],[115.2031,31.4478],[115.2176,31.4264],[115.23,31.4289],[115.2469,31.4235],[115.2553,31.4138],[115.2462,31.3984],[115.2469,31.3938],[115.2582,31.3894],[115.2688,31.3988],[115.2793,31.4015],[115.2916,31.3978],[115.2974,31.3865],[115.3035,31.3845],[115.3197,31.3909],[115.3315,31.4042],[115.3484,31.4008],[115.3692,31.4066],[115.3705,31.4133],[115.3783,31.4169],[115.3784,31.4317],[115.3835,31.4514],[115.3717,31.4719],[115.3686,31.5008],[115.3863,31.5078],[115.3913,31.5156],[115.4047,31.5206],[115.4129,31.5275],[115.4241,31.5479],[115.4268,31.5624],[115.4235,31.5668],[115.4339,31.5796],[115.4324,31.5884],[115.4429,31.5954],[115.4499,31.5958],[115.465,31.6056],[115.482,31.6121],[115.4864,31.6231],[115.4721,31.6471],[115.4788,31.6493],[115.4805,31.6615],[115.4877,31.6663],[115.4889,31.6749],[115.5094,31.6846],[115.5137,31.6927],[115.5247,31.7003],[115.5486,31.6974],[115.5506,31.7028],[115.5628,31.7116],[115.5691,31.7108],[115.5809,31.717],[115.5808,31.7236],[115.5899,31.7269],[115.5952,31.7334],[115.6176,31.7418],[115.6338,31.7596],[115.6579,31.7631],[115.6766,31.7818],[115.6862,31.7779],[115.6972,31.7691],[115.7055,31.7738],[115.716,31.7651],[115.7292,31.7631],[115.7296,31.7785],[115.7352,31.7849],[115.7431,31.7833],[115.766,31.7878],[115.7854,31.7817],[115.7891,31.7756],[115.7987,31.7737],[115.8111,31.7643],[115.8265,31.78],[115.8344,31.7763],[115.8431,31.7876],[115.851,31.7772],[115.8804,31.7774],[115.8879,31.7885],[115.8962,31.7943],[115.9049,31.7948],[115.9102,31.8198],[115.9008,31.8307],[115.8881,31.8394],[115.8905,31.8647],[115.8957,31.8707],[115.8928,31.8803],[115.9007,31.8841],[115.9028,31.8934],[115.9144,31.9113],[115.9173,31.9203],[115.9107,31.9328],[115.9118,31.9412],[115.9044,31.9452],[115.9045,31.9553],[115.9087,31.9593],[115.9137,31.9768],[115.9193,31.9836],[115.9169,31.992],[115.9281,32.0039],[115.9222,32.0098],[115.9225,32.0261],[115.9141,32.0304],[115.9226,32.0389],[115.9175,32.0545],[115.9322,32.0625],[115.9377,32.081],[115.93,32.0845],[115.9214,32.1072],[115.9267,32.1163],[115.9341,32.1483],[115.9307,32.157],[115.9332,32.1726],[115.9278,32.1777],[115.9247,32.1885],[115.9177,32.1924],[115.9153,32.208],[115.9075,32.2333],[115.9075,32.2513],[115.9182,32.2689],[115.9123,32.2786],[115.9051,32.2817],[115.9067,32.2985],[115.8969,32.304],[115.904,32.3188],[115.8995,32.3411],[115.8923,32.3487],[115.8942,32.3623],[115.8929,32.3762],[115.8939,32.3941],[115.883,32.4212],[115.8844,32.4259],[115.8743,32.4346],[115.8796,32.4535],[115.871,32.4607],[115.8627,32.4587],[115.8593,32.4649],[115.8763,32.477],[115.877,32.494],[115.8683,32.5059],[115.8586,32.508],[115.8395,32.505],[115.8416,32.5113],[115.8509,32.5201],[115.8665,32.5275],[115.8707,32.5446],[115.8969,32.561],[115.9048,32.5693],[115.9186,32.5715],[115.9074,32.5795],[115.8893,32.5801],[115.8816,32.5689],[115.8552,32.5395],[115.8402,32.5339],[115.8348,32.527],[115.8341,32.5023],[115.8205,32.5052],[115.7995,32.4887],[115.7799,32.4685],[115.7811,32.4882],[115.7664,32.5072],[115.7542,32.4843],[115.7378,32.4784],[115.7204,32.4846],[115.6961,32.4976],[115.6877,32.4915],[115.688,32.4811],[115.6956,32.4732],[115.6913,32.4696],[115.6723,32.4687],[115.669,32.4657],[115.6758,32.4546],[115.6754,32.4423],[115.669,32.4333],[115.6666,32.419],[115.6602,32.4109],[115.6501,32.4125],[115.6525,32.4311],[115.64,32.42],[115.6212,32.4074],[115.6058,32.421],[115.6008,32.4282],[115.5778,32.4201],[115.5613,32.4068],[115.5641,32.4232],[115.5417,32.4267],[115.532,32.4413],[115.5235,32.4412],[115.5189,32.4494],[115.508,32.4561],[115.4977,32.4848],[115.4923,32.4942],[115.4832,32.5008],[115.4802,32.5144],[115.4726,32.5203],[115.4603,32.5222],[115.4333,32.5345],[115.438,32.5432],[115.4249,32.5542],[115.4081,32.5506],[115.4061,32.5767],[115.402,32.5794],[115.3891,32.5735],[115.3244,32.5632],[115.3185,32.5569],[115.3057,32.5541],[115.2987,32.5559],[115.2912,32.5651],[115.2953,32.5708],[115.2856,32.5845],[115.2744,32.5859],[115.2594,32.5805],[115.2493,32.5874],[115.2518,32.5968],[115.2364,32.5943],[115.2273,32.5865],[115.2223,32.5928],[115.2085,32.5898],[115.1933,32.5956],[115.184,32.6001],[115.1756,32.6093],[115.1644,32.6057],[115.1631,32.5956],[115.1518,32.6007],[115.1436,32.5947],[115.1448,32.5876],[115.1398,32.5794],[115.1314,32.5822],[115.1356,32.6036],[115.1147,32.6111],[115.1104,32.6057],[115.1017,32.6094],[115.0934,32.6183],[115.0933,32.6346],[115.0807,32.6398],[115.0653,32.6354],[115.0615,32.6281],[115.0495,32.6338],[115.0401,32.6448],[115.0279,32.6505],[115.0149,32.6506],[115.0044,32.6582],[114.9968,32.6559],[114.9825,32.6621],[114.9514,32.6637],[114.9157,32.6479],[114.9079,32.6559],[114.8978,32.6496],[114.8988,32.6351],[114.888,32.6193],[114.8708,32.6187],[114.8656,32.625],[114.8226,32.6268],[114.8117,32.6242],[114.8117,32.6094],[114.8059,32.6054],[114.801,32.6161],[114.784,32.6142],[114.783,32.5985],[114.7869,32.5851],[114.7946,32.5874],[114.8045,32.5766],[114.8064,32.5656],[114.7953,32.5528],[114.782,32.5548],[114.7801,32.5448],[114.7735,32.5401],[114.7821,32.5226],[114.7877,32.5159],[114.7819,32.5084],[114.764,32.5138],[114.7538,32.5208],[114.7548,32.5283],[114.7336,32.5248],[114.7246,32.5181],[114.7203,32.5391],[114.715,32.5513],[114.6966,32.5418],[114.6946,32.5289],[114.6979,32.5202],[114.6877,32.5179],[114.6785,32.5203],[114.6627,32.5156],[114.6605,32.5313],[114.6453,32.5283],[114.633,32.5292],[114.6314,32.5189],[114.6162,32.5179],[114.6144,32.5125],[114.5742,32.5172],[114.5652,32.5124],[114.5634,32.5004],[114.5679,32.4981],[114.5693,32.4809],[114.5646,32.4781],[114.5692,32.4676],[114.5814,32.4612],[114.576,32.4483],[114.5691,32.4494],[114.5624,32.4355],[114.5727,32.427],[114.5909,32.4229],[114.5938,32.413],[114.6086,32.4078],[114.6134,32.403],[114.6307,32.3983],[114.6412,32.3895],[114.6412,32.3786],[114.6149,32.3707],[114.6181,32.3535],[114.6009,32.3502],[114.6038,32.3382],[114.5943,32.3335],[114.5918,32.3261],[114.5714,32.3213],[114.5718,32.3113],[114.5606,32.3065],[114.5573,32.2997],[114.5466,32.2904],[114.5356,32.2862],[114.5163,32.3016],[114.4939,32.3014],[114.4892,32.288],[114.4788,32.2877],[114.4645,32.2957],[114.4495,32.2844],[114.441,32.2809],[114.4274,32.2908],[114.4189,32.2826],[114.4119,32.2809],[114.4019,32.2907],[114.3892,32.2941],[114.3757,32.2933],[114.3665,32.2963],[114.3636,32.3148],[114.3448,32.3244],[114.3419,32.3346],[114.3431,32.3461],[114.3372,32.3664],[114.3082,32.375],[114.2943,32.3694],[114.2834,32.3702],[114.2781,32.3956],[114.2731,32.4092],[114.2811,32.4207],[114.2747,32.4248],[114.2644,32.41],[114.2568,32.4109],[114.2553,32.4198],[114.2429,32.4325],[114.2422,32.4603],[114.2302,32.4611],[114.2203,32.456],[114.2127,32.4446],[114.1975,32.4496],[114.1924,32.4538],[114.1937,32.4686],[114.1901,32.4938],[114.1745,32.4945],[114.1633,32.4922],[114.1584,32.4838],[114.1583,32.4664],[114.1533,32.4604],[114.1325,32.4638],[114.1258,32.4511],[114.0768,32.4527],[114.073,32.4607],[114.0717,32.4771],[114.077,32.4765],[114.0826,32.4856],[114.0681,32.4972],[114.0627,32.5149],[114.0683,32.5215],[114.0601,32.5263],[114.061,32.5385],[114.0468,32.5447],[114.0474,32.5265],[114.0411,32.5203],[114.0303,32.5226],[114.0148,32.5211],[113.9994,32.5063],[113.9928,32.5088],[113.974,32.5032],[113.9542,32.5058],[113.9463,32.512],[113.9489,32.5288],[113.9417,32.534],[113.94,32.5454],[113.9428,32.5582],[113.9333,32.5549],[113.9313,32.5758],[113.9211,32.5881],[113.9122,32.588],[113.9144,32.6073],[113.9074,32.6103],[113.8951,32.6076],[113.8805,32.6075],[113.8681,32.6236],[113.8617,32.6274],[113.8456,32.6178],[113.8393,32.625],[113.8322,32.6222],[113.8149,32.6224],[113.8134,32.6072],[113.8091,32.6026],[113.7954,32.5977],[113.7837,32.5873],[113.78,32.5751],[113.7641,32.5638],[113.7568,32.5509],[113.7655,32.5387],[113.7579,32.5281],[113.7587,32.5214],[113.7526,32.5135],[113.7597,32.4937],[113.7605,32.4837],[113.7557,32.4717],[113.7476,32.4654],[113.7352,32.4678],[113.7275,32.4629],[113.7243,32.4483],[113.7169,32.43],[113.7035,32.4236],[113.7127,32.4193]]]},"properties":{"region_code":"CN-41-4115","parent_region_code":"CN-41","name":"信阳市","level":"prefecture","has_children":true,"full_path":"中国 / 河南省 / 信阳市","source_admin_code":"4115","osm_relation_id":3218104}},
{"type":"Feature","geometry":{"type":"Polygon","coordinates":[[[114.2541,34.2532],[114.2669,34.2437],[114.2673,34.2292],[114.2736,34.2283],[114.2809,34.2173],[114.2819,34.2083],[114.2708,34.1944],[114.2689,34.1822],[114.2735,34.1722],[114.2708,34.1594],[114.2857,34.133],[114.2743,34.1158],[114.2675,34.1132],[114.2647,34.0991],[114.256,34.1003],[114.2501,34.0926],[114.2602,34.0879],[114.2613,34.0668],[114.2663,34.0667],[114.2677,34.0482],[114.2818,34.0457],[114.2838,34.0213],[114.282,34.0071],[114.2879,34.0023],[114.3001,34.0008],[114.3049,33.9956],[114.3067,33.9808],[114.3007,33.9797],[114.3002,33.9703],[114.2923,33.9502],[114.2955,33.9398],[114.2919,33.9363],[114.2965,33.9271],[114.3002,33.8887],[114.3104,33.8816],[114.3062,33.8545],[114.2948,33.8537],[114.2952,33.8434],[114.3046,33.8438],[114.3097,33.8344],[114.317,33.8341],[114.3165,33.822],[114.3208,33.8126],[114.3125,33.8107],[114.3057,33.8034],[114.3036,33.7846],[114.2928,33.7842],[114.2923,33.7781],[114.2769,33.7659],[114.2626,33.7736],[114.259,33.782],[114.2485,33.7841],[114.238,33.7819],[114.235,33.7912],[114.2115,33.7948],[114.2057,33.7996],[114.1936,33.799],[114.1831,33.8034],[114.1587,33.7982],[114.1518,33.806],[114.133,33.8047],[114.1278,33.7989],[114.134,33.7886],[114.1322,33.7793],[114.1352,33.7668],[114.1137,33.7673],[114.0911,33.766],[114.0924,33.7577],[114.1036,33.7429],[114.101,33.7333],[114.0872,33.7333],[114.0863,33.709],[114.0913,33.6944],[114.0912,33.6843],[114.1031,33.6866],[114.1127,33.6723],[114.1096,33.6564],[114.1441,33.6519],[114.1477,33.6645],[114.1566,33.6713],[114.1652,33.6662],[114.1812,33.6754],[114.1807,33.6841],[114.1936,33.6931],[114.2065,33.6927],[114.2217,33.6986],[114.2466,33.7053],[114.2497,33.6858],[114.2611,33.6858],[114.2632,33.6799],[114.2515,33.6651],[114.258,33.6589],[114.2535,33.6371],[114.2626,33.6264],[114.2786,33.6209],[114.279,33.6143],[114.2721,33.6078],[114.272,33.6013],[114.2544,33.5985],[114.2598,33.5816],[114.2737,33.575],[114.271,33.5656],[114.2776,33.5607],[114.2894,33.5601],[114.2881,33.5279],[114.2856,33.5231],[114.2704,33.5156],[114.2764,33.501],[114.2732,33.4894],[114.2784,33.4768],[114.2908,33.4839],[114.302,33.4865],[114.3097,33.4798],[114.3196,33.4772],[114.3213,33.4698],[114.3302,33.4653],[114.3431,33.4655],[114.3463,33.4544],[114.3626,33.4581],[114.371,33.4534],[114.3982,33.462],[114.4094,33.4627],[114.4266,33.458],[114.4324,33.4642],[114.441,33.4644],[114.4456,33.4589],[114.454,33.4592],[114.4519,33.4424],[114.4791,33.4447],[114.4833,33.4371],[114.4807,33.4165],[114.4892,33.4189],[114.5139,33.4203],[114.5266,33.4185],[114.5264,33.4264],[114.538,33.4257],[114.5486,33.4284],[114.5563,33.4258],[114.5597,33.4187],[114.5675,33.4192],[114.5713,33.4128],[114.5656,33.4018],[114.5706,33.3898],[114.5671,33.3778],[114.5771,33.3789],[114.5775,33.3666],[114.6026,33.3592],[114.6036,33.3528],[114.6124,33.345],[114.6248,33.3417],[114.6394,33.3523],[114.6496,33.3558],[114.6533,33.3488],[114.6615,33.345],[114.6639,33.3291],[114.6572,33.3121],[114.6651,33.31],[114.6679,33.319],[114.678,33.3183],[114.6784,33.2996],[114.698,33.2996],[114.7095,33.3036],[114.7211,33.2962],[114.7241,33.2842],[114.7188,33.2794],[114.724,33.2666],[114.7245,33.2542],[114.718,33.2496],[114.7187,33.2401],[114.7117,33.2291],[114.7131,33.2203],[114.6998,33.2148],[114.6894,33.2045],[114.6948,33.1999],[114.6763,33.1781],[114.6913,33.1733],[114.691,33.1634],[114.6968,33.1624],[114.6989,33.1501],[114.7116,33.1483],[114.7166,33.1353],[114.7145,33.1308],[114.7293,33.1256],[114.728,33.1174],[114.7362,33.1143],[114.7546,33.1145],[114.7571,33.1023],[114.7661,33.0866],[114.7637,33.0733],[114.7683,33.0702],[114.7914,33.0707],[114.8001,33.0571],[114.8094,33.0647],[114.8148,33.0566],[114.8268,33.0623],[114.8434,33.0513],[114.8504,33.0542],[114.8528,33.0615],[114.8501,33.0793],[114.8617,33.0785],[114.8729,33.0826],[114.8921,33.0795],[114.894,33.0834],[114.8905,33.094],[114.8953,33.0983],[114.8998,33.1107],[114.8999,33.124],[114.894,33.1285],[114.9027,33.1384],[114.9218,33.1407],[114.9282,33.1459],[114.9278,33.1565],[114.953,33.1522],[114.9612,33.1492],[114.9633,33.1352],[114.9721,33.1317],[114.985,33.1176],[114.9856,33.1065],[114.993,33.1016],[115.0087,33.0992],[115.0156,33.0902],[115.0598,33.0869],[115.088,33.09],[115.09,33.0845],[115.114,33.0805],[115.1261,33.0806],[115.1329,33.0856],[115.15,33.0814],[115.1512,33.0885],[115.1604,33.0889],[115.1667,33.1118],[115.1887,33.121],[115.1987,33.1207],[115.2348,33.1296],[115.2416,33.1361],[115.2579,33.1407],[115.2834,33.1348],[115.285,33.1429],[115.2961,33.1438],[115.289,33.1793],[115.2916,33.1885],[115.2855,33.1925],[115.2885,33.2024],[115.3195,33.2117],[115.309,33.2215],[115.3133,33.2296],[115.3195,33.2302],[115.3234,33.2527],[115.3344,33.2625],[115.3349,33.2733],[115.3277,33.286],[115.3293,33.2996],[115.3444,33.303],[115.3558,33.3],[115.3526,33.311],[115.3594,33.3417],[115.3455,33.3434],[115.3378,33.3734],[115.3155,33.366],[115.3091,33.3725],[115.3089,33.3838],[115.3236,33.3988],[115.3234,33.4068],[115.3112,33.4254],[115.312,33.443],[115.3244,33.4571],[115.3344,33.4465],[115.3424,33.447],[115.3459,33.4583],[115.3406,33.4626],[115.3473,33.4785],[115.3428,33.4855],[115.3455,33.4918],[115.34,33.5011],[115.3628,33.5195],[115.3743,33.517],[115.3895,33.5079],[115.3958,33.5079],[115.3995,33.5188],[115.3963,33.5236],[115.412,33.5437],[115.4048,33.5514],[115.4104,33.5568],[115.4452,33.5655],[115.4561,33.5716],[115.4631,33.5588],[115.4768,33.5597],[115.4824,33.5632],[115.5065,33.5584],[115.5266,33.5691],[115.541,33.57],[115.5536,33.5654],[115.5571,33.578],[115.5938,33.5798],[115.6304,33.5862],[115.6294,33.6016],[115.619,33.6282],[115.6127,33.6339],[115.5968,33.6592],[115.598,33.6761],[115.5909,33.6788],[115.5966,33.697],[115.5897,33.6991],[115.5973,33.7226],[115.5929,33.7331],[115.5719,33.7581],[115.5591,33.7781],[115.5698,33.789],[115.5819,33.787],[115.6082,33.7775],[115.6128,33.8066],[115.6161,33.8148],[115.6079,33.8209],[115.6208,33.8251],[115.6202,33.8374],[115.6314,33.8425],[115.6272,33.8688],[115.6229,33.8762],[115.6045,33.8724],[115.6006,33.869],[115.5855,33.8703],[115.5743,33.8785],[115.5587,33.8732],[115.5481,33.8785],[115.5408,33.8766],[115.5406,33.8933],[115.5508,33.8905],[115.5536,33.8959],[115.5477,33.906],[115.5618,33.9064],[115.5539,33.9163],[115.5574,33.9317],[115.5658,33.9346],[115.5633,33.9456],[115.5719,33.9511],[115.5722,33.9752],[115.5854,33.9803],[115.5867,33.9883],[115.5772,33.9915],[115.5831,34.0012],[115.5836,34.0139],[115.5988,34.012],[115.5987,34.0351],[115.6135,34.0335],[115.6282,34.0358],[115.6315,34.0328],[115.6458,34.0353],[115.6427,34.0448],[115.6469,34.0631],[115.6407,34.0731],[115.641,34.0793],[115.6308,34.0889],[115.6074,34.0883],[115.5839,34.0833],[115.5533,34.0918],[115.5423,34.0796],[115.5432,34.0395],[115.5375,34.0388],[115.5295,34.0185],[115.5162,34.017],[115.5031,34.0192],[115.4796,34.0155],[115.4718,34.0091],[115.4557,34.0115],[115.4558,34.0026],[115.4509,33.9873],[115.4256,33.988],[115.4092,33.9945],[115.392,33.9962],[115.3637,34.0131],[115.3542,34.0203],[115.3344,34.0136],[115.3315,34.0068],[115.3156,34.0081],[115.3091,33.9977],[115.2882,33.9956],[115.2847,34.0061],[115.2886,34.0232],[115.2733,34.0226],[115.2645,34.0181],[115.2434,34.0197],[115.2446,34.0041],[115.2544,33.9834],[115.2262,33.9766],[115.186,33.992],[115.1879,33.9809],[115.2004,33.9748],[115.2016,33.9682],[115.18,33.9662],[115.1798,33.9552],[115.172,33.9557],[115.166,33.9487],[115.1538,33.9457],[115.1365,33.9506],[115.1339,33.9626],[115.1259,33.9644],[115.1068,33.9635],[115.0994,33.9484],[115.1026,33.9434],[115.0993,33.9342],[115.0879,33.9319],[115.0666,33.9367],[115.0528,33.938],[115.0442,33.9417],[115.0415,33.9555],[115.0523,33.9574],[115.0527,33.9702],[115.0575,33.9762],[115.0531,33.9848],[115.0622,33.9869],[115.0631,33.9929],[115.0779,34.0052],[115.0773,34.0155],[115.0653,34.015],[115.065,34.0233],[115.0746,34.0247],[115.1039,34.0226],[115.1084,34.0288],[115.1169,34.0277],[115.1325,34.0575],[115.1228,34.0654],[115.1114,34.0679],[115.1147,34.0794],[115.1111,34.0897],[115.1112,34.1022],[115.1201,34.1024],[115.118,34.1185],[115.1086,34.1244],[115.118,34.1294],[115.1189,34.1526],[115.1291,34.166],[115.1254,34.1772],[115.1093,34.1915],[115.1162,34.2102],[115.1019,34.2058],[115.0929,34.2146],[115.0761,34.2229],[115.0548,34.2244],[115.0441,34.2287],[115.0292,34.252],[115.0001,34.2508],[114.9923,34.2461],[114.9853,34.2527],[114.9828,34.2615],[114.9724,34.2669],[114.9651,34.2553],[114.9557,34.2584],[114.9486,34.2683],[114.9359,34.2681],[114.932,34.2819],[114.8898,34.2861],[114.8944,34.2741],[114.8939,34.2659],[114.8797,34.2653],[114.8739,34.2715],[114.8584,34.2711],[114.8377,34.286],[114.8278,34.2887],[114.8239,34.2776],[114.8275,34.2711],[114.8067,34.2601],[114.7827,34.2625],[114.7756,34.257],[114.7549,34.2553],[114.752,34.2495],[114.7527,34.2369],[114.7254,34.2324],[114.7225,34.2247],[114.7073,34.2262],[114.7046,34.2326],[114.7109,34.2407],[114.6928,34.2464],[114.666,34.246],[114.6574,34.2529],[114.6454,34.2483],[114.6383,34.2509],[114.6302,34.2626],[114.6252,34.2644],[114.6096,34.2603],[114.5869,34.2746],[114.5482,34.271],[114.5462,34.2864],[114.5298,34.2838],[114.523,34.2861],[114.5195,34.3042],[114.5224,34.3114],[114.5075,34.316],[114.5073,34.3099],[114.49,34.3114],[114.4881,34.3218],[114.4797,34.3218],[114.471,34.3329],[114.4563,34.3314],[114.456,34.3212],[114.447,34.3212],[114.4302,34.3314],[114.4286,34.3151],[114.416,34.3066],[114.4359,34.2931],[114.4353,34.2766],[114.4241,34.2665],[114.409,34.2679],[114.4056,34.2544],[114.4007,34.247],[114.3913,34.2483],[114.3786,34.2444],[114.3472,34.2516],[114.323,34.2639],[114.3092,34.2652],[114.3034,34.2701],[114.281,34.2749],[114.2735,34.2736],[114.2654,34.2608],[114.2541,34.2532]]]},"properties":{"region_code":"CN-41-4116","parent_region_code":"CN-41","name":"周口市","level":"prefecture","has_children":true,"full_path":"中国 / 河南省 / 周口市","source_admin_code":"4116","osm_relation_id":3284144}},
{"type":"Feature","geometry":{"type":"Polygon","coordinates":[[[113.3803,33.13],[113.3803,33.1211],[113.3719,33.1177],[113.3693,33.1073],[113.3501,33.093],[113.3368,33.0911],[113.3194,33.0829],[113.3052,33.0833],[113.2992,33.0896],[113.2751,33.0856],[113.2661,33.081],[113.2585,33.0841],[113.2468,33.0823],[113.2434,33.0776],[113.2322,33.0789],[113.2273,33.0723],[113.2129,33.0645],[113.1968,33.0722],[113.1871,33.0684],[113.1795,33.0545],[113.1625,33.0549],[113.1467,33.039],[113.1455,33.0313],[113.1223,33.0158],[113.1132,33.0024],[113.1065,32.9789],[113.0893,32.9532],[113.1056,32.9408],[113.1056,32.935],[113.1337,32.9316],[113.1408,32.943],[113.1522,32.9377],[113.1503,32.9324],[113.1658,32.93],[113.168,32.9204],[113.1747,32.9174],[113.1873,32.9206],[113.2008,32.9188],[113.1926,32.898],[113.199,32.8849],[113.1926,32.8748],[113.1808,32.8692],[113.1713,32.853],[113.159,32.8494],[113.1633,32.8331],[113.1709,32.8323],[113.1786,32.8194],[113.1724,32.8088],[113.1785,32.8018],[113.1771,32.7812],[113.1808,32.7679],[113.1862,32.7615],[113.1963,32.7601],[113.1986,32.7529],[113.1963,32.7415],[113.1885,32.7369],[113.1825,32.7204],[113.1921,32.7188],[113.2031,32.7286],[113.199,32.7059],[113.2069,32.703],[113.2237,32.7038],[113.234,32.6974],[113.2363,32.6898],[113.2632,32.6642],[113.2566,32.6516],[113.2512,32.6481],[113.2431,32.6554],[113.2475,32.6645],[113.2409,32.6729],[113.2343,32.6739],[113.2319,32.6855],[113.2253,32.6885],[113.2093,32.6832],[113.1984,32.6729],[113.1972,32.6634],[113.1888,32.6545],[113.1801,32.6518],[113.1811,32.6437],[113.1899,32.6371],[113.1992,32.6351],[113.1954,32.6267],[113.1968,32.6147],[113.1899,32.6083],[113.1955,32.5999],[113.1937,32.5843],[113.2013,32.5717],[113.2207,32.5726],[113.2393,32.5819],[113.2457,32.597],[113.2658,32.5969],[113.2741,32.5993],[113.28,32.5946],[113.2949,32.5906],[113.3016,32.582],[113.3105,32.59],[113.3176,32.5868],[113.321,32.5791],[113.3413,32.5746],[113.3516,32.5761],[113.3593,32.5712],[113.3726,32.5874],[113.3786,32.6005],[113.3847,32.6029],[113.387,32.6116],[113.393,32.6158],[113.4138,32.6096],[113.4319,32.5911],[113.4405,32.586],[113.4512,32.589],[113.4552,32.5778],[113.4637,32.5825],[113.4762,32.5778],[113.4839,32.5703],[113.4958,32.5692],[113.5077,32.5717],[113.5066,32.5822],[113.5124,32.5849],[113.521,32.5976],[113.5343,32.5899],[113.56,32.604],[113.5694,32.6302],[113.5794,32.6413],[113.5959,32.647],[113.5954,32.6599],[113.5995,32.668],[113.6141,32.6681],[113.6131,32.6904],[113.6072,32.6955],[113.611,32.7109],[113.6213,32.7058],[113.6456,32.7105],[113.6513,32.701],[113.6618,32.6941],[113.6741,32.6938],[113.6798,32.6984],[113.6904,32.6986],[113.6958,32.6932],[113.7123,32.6868],[113.7196,32.6742],[113.7463,32.6615],[113.7478,32.6572],[113.7623,32.6548],[113.7756,32.6555],[113.7827,32.6479],[113.7771,32.6386],[113.7788,32.628],[113.7893,32.6254],[113.7925,32.6169],[113.8091,32.6026],[113.8134,32.6072],[113.8149,32.6224],[113.8322,32.6222],[113.8393,32.625],[113.8456,32.6178],[113.8617,32.6274],[113.8681,32.6236],[113.8805,32.6075],[113.8951,32.6076],[113.9074,32.6103],[113.9144,32.6073],[113.9122,32.588],[113.9211,32.5881],[113.9313,32.5758],[113.9333,32.5549],[113.9428,32.5582],[113.94,32.5454],[113.9417,32.534],[113.9489,32.5288],[113.9463,32.512],[113.9542,32.5058],[113.974,32.5032],[113.9928,32.5088],[113.9994,32.5063],[114.0148,32.5211],[114.0303,32.5226],[114.0411,32.5203],[114.0474,32.5265],[114.0468,32.5447],[114.061,32.5385],[114.0601,32.5263],[114.0683,32.5215],[114.0627,32.5149],[114.0681,32.4972],[114.0826,32.4856],[114.077,32.4765],[114.0717,32.4771],[114.073,32.4607],[114.0768,32.4527],[114.1258,32.4511],[114.1325,32.4638],[114.1533,32.4604],[114.1583,32.4664],[114.1584,32.4838],[114.1633,32.4922],[114.1745,32.4945],[114.1901,32.4938],[114.1937,32.4686],[114.1924,32.4538],[114.1975,32.4496],[114.2127,32.4446],[114.2203,32.456],[114.2302,32.4611],[114.2422,32.4603],[114.2429,32.4325],[114.2553,32.4198],[114.2568,32.4109],[114.2644,32.41],[114.2747,32.4248],[114.2811,32.4207],[114.2731,32.4092],[114.2781,32.3956],[114.2834,32.3702],[114.2943,32.3694],[114.3082,32.375],[114.3372,32.3664],[114.3431,32.3461],[114.3419,32.3346],[114.3448,32.3244],[114.3636,32.3148],[114.3665,32.2963],[114.3757,32.2933],[114.3892,32.2941],[114.4019,32.2907],[114.4119,32.2809],[114.4189,32.2826],[114.4274,32.2908],[114.441,32.2809],[114.4495,32.2844],[114.4645,32.2957],[114.4788,32.2877],[114.4892,32.288],[114.4939,32.3014],[114.5163,32.3016],[114.5356,32.2862],[114.5466,32.2904],[114.5573,32.2997],[114.5606,32.3065],[114.5718,32.3113],[114.5714,32.3213],[114.5918,32.3261],[114.5943,32.3335],[114.6038,32.3382],[114.6009,32.3502],[114.6181,32.3535],[114.6149,32.3707],[114.6412,32.3786],[114.6412,32.3895],[114.6307,32.3983],[114.6134,32.403],[114.6086,32.4078],[114.5938,32.413],[114.5909,32.4229],[114.5727,32.427],[114.5624,32.4355],[114.5691,32.4494],[114.576,32.4483],[114.5814,32.4612],[114.5692,32.4676],[114.5646,32.4781],[114.5693,32.4809],[114.5679,32.4981],[114.5634,32.5004],[114.5652,32.5124],[114.5742,32.5172],[114.6144,32.5125],[114.6162,32.5179],[114.6314,32.5189],[114.633,32.5292],[114.6453,32.5283],[114.6605,32.5313],[114.6627,32.5156],[114.6785,32.5203],[114.6877,32.5179],[114.6979,32.5202],[114.6946,32.5289],[114.6966,32.5418],[114.715,32.5513],[114.7203,32.5391],[114.7246,32.5181],[114.7336,32.5248],[114.7548,32.5283],[114.7538,32.5208],[114.764,32.5138],[114.7819,32.5084],[114.7877,32.5159],[114.7821,32.5226],[114.7735,32.5401],[114.7801,32.5448],[114.782,32.5548],[114.7953,32.5528],[114.8064,32.5656],[114.8045,32.5766],[114.7946,32.5874],[114.7869,32.5851],[114.783,32.5985],[114.784,32.6142],[114.801,32.6161],[114.8059,32.6054],[114.8117,32.6094],[114.8117,32.6242],[114.8226,32.6268],[114.8656,32.625],[114.8708,32.6187],[114.888,32.6193],[114.8988,32.6351],[114.8978,32.6496],[114.9079,32.6559],[114.9157,32.6479],[114.9514,32.6637],[114.9825,32.6621],[114.9968,32.6559],[115.0044,32.6582],[115.0149,32.6506],[115.0279,32.6505],[115.0401,32.6448],[115.0495,32.6338],[115.0615,32.6281],[115.0653,32.6354],[115.0807,32.6398],[115.0933,32.6346],[115.0934,32.6183],[115.1017,32.6094],[115.1104,32.6057],[115.1147,32.6111],[115.1356,32.6036],[115.1314,32.5822],[115.1398,32.5794],[115.1448,32.5876],[115.1436,32.5947],[115.1518,32.6007],[115.1631,32.5956],[115.1644,32.6057],[115.1756,32.6093],[115.184,32.6001],[115.1933,32.5956],[115.1863,32.6049],[115.2039,32.6124],[115.194,32.6212],[115.1963,32.6351],[115.1892,32.6435],[115.2123,32.6564],[115.2002,32.6708],[115.1938,32.6744],[115.1778,32.6692],[115.1798,32.6796],[115.1749,32.6872],[115.1755,32.71],[115.1795,32.7242],[115.1728,32.7344],[115.1812,32.7578],[115.1839,32.7742],[115.1757,32.7805],[115.176,32.7883],[115.2073,32.7881],[115.2064,32.7973],[115.1896,32.804],[115.1849,32.8088],[115.1915,32.8314],[115.1825,32.8355],[115.1856,32.8434],[115.198,32.8456],[115.1949,32.8594],[115.17,32.8576],[115.1488,32.8664],[115.1503,32.8803],[115.14,32.8837],[115.134,32.9009],[115.1267,32.8985],[115.1119,32.9046],[115.0955,32.8959],[115.0822,32.9049],[115.0646,32.9048],[115.0612,32.9009],[115.0394,32.9106],[115.0285,32.905],[115.016,32.9095],[115.0181,32.917],[115.0301,32.9168],[115.0363,32.9375],[115.0249,32.9339],[115.0128,32.9349],[115.0038,32.9417],[114.9939,32.938],[114.981,32.9476],[114.9676,32.941],[114.9581,32.9416],[114.9521,32.9337],[114.9407,32.9325],[114.9348,32.9391],[114.9338,32.95],[114.9283,32.9575],[114.9192,32.9568],[114.9102,32.9688],[114.8968,32.9677],[114.8911,32.972],[114.8786,32.9743],[114.8809,32.9848],[114.8762,32.9909],[114.8804,32.9986],[114.8894,32.9967],[114.8972,32.9999],[114.8932,33.0169],[114.9101,33.0182],[114.9238,33.0224],[114.9278,33.0299],[114.9177,33.0383],[114.9163,33.0566],[114.9077,33.0581],[114.9148,33.0693],[114.9113,33.0822],[114.894,33.0834],[114.8921,33.0795],[114.8729,33.0826],[114.8617,33.0785],[114.8501,33.0793],[114.8528,33.0615],[114.8504,33.0542],[114.8434,33.0513],[114.8268,33.0623],[114.8148,33.0566],[114.8094,33.0647],[114.8001,33.0571],[114.7914,33.0707],[114.7683,33.0702],[114.7637,33.0733],[114.7661,33.0866],[114.7571,33.1023],[114.7546,33.1145],[114.7362,33.1143],[114.728,33.1174],[114.7293,33.1256],[114.7145,33.1308],[114.7166,33.1353],[114.7116,33.1483],[114.6989,33.1501],[114.6968,33.1624],[114.691,33.1634],[114.6913,33.1733],[114.6763,33.1781],[114.6948,33.1999],[114.6894,33.2045],[114.6998,33.2148],[114.7131,33.2203],[114.7117,33.2291],[114.7187,33.2401],[114.718,33.2496],[114.7245,33.2542],[114.724,33.2666],[114.7188,33.2794],[114.7241,33.2842],[114.7211,33.2962],[114.7095,33.3036],[114.698,33.2996],[114.6784,33.2996],[114.678,33.3183],[114.6679,33.319],[114.6651,33.31],[114.6572,33.3121],[114.6639,33.3291],[114.6615,33.345],[114.6533,33.3488],[114.6496,33.3558],[114.6394,33.3523],[114.6248,33.3417],[114.6124,33.345],[114.6036,33.3528],[114.6026,33.3592],[114.5775,33.3666],[114.5771,33.3789],[114.5671,33.3778],[114.5706,33.3898],[114.5656,33.4018],[114.5713,33.4128],[114.5675,33.4192],[114.5597,33.4187],[114.5563,33.4258],[114.5486,33.4284],[114.538,33.4257],[114.5264,33.4264],[114.5266,33.4185],[114.5139,33.4203],[114.4892,33.4189],[114.4807,33.4165],[114.4833,33.4371],[114.4791,33.4447],[114.4519,33.4424],[114.454,33.4592],[114.4456,33.4589],[114.441,33.4644],[114.4324,33.4642],[114.4266,33.458],[114.4094,33.4627],[114.3982,33.462],[114.371,33.4534],[114.3626,33.4581],[114.3463,33.4544],[114.3431,33.4655],[114.3302,33.4653],[114.3213,33.4698],[114.3196,33.4772],[114.3097,33.4798],[114.302,33.4865],[114.2908,33.4839],[114.2784,33.4768],[114.2585,33.4624],[114.2414,33.462],[114.2392,33.4526],[114.2175,33.4511],[114.1888,33.4522],[114.1877,33.4362],[114.1693,33.4391],[114.1676,33.4463],[114.1812,33.4471],[114.184,33.457],[114.1798,33.4618],[114.165,33.4588],[114.1404,33.4635],[114.1411,33.4711],[114.1229,33.4762],[114.1231,33.4912],[114.1181,33.4951],[114.1093,33.49],[114.1,33.4905],[114.0957,33.5052],[114.0821,33.5164],[114.0672,33.5213],[114.0612,33.516],[114.0525,33.5256],[114.0371,33.5323],[114.0265,33.5251],[114.0098,33.5282],[114.0054,33.5112],[113.9993,33.5055],[113.9868,33.5014],[113.9874,33.4906],[113.9743,33.4838],[113.9653,33.4855],[113.9585,33.4742],[113.9448,33.4739],[113.942,33.4665],[113.924,33.466],[113.9126,33.4701],[113.9097,33.484],[113.8983,33.4852],[113.8923,33.4784],[113.8515,33.4794],[113.8433,33.4759],[113.84,33.4656],[113.8321,33.4665],[113.8162,33.4581],[113.8145,33.4519],[113.7988,33.4479],[113.7961,33.4345],[113.7845,33.437],[113.7572,33.4337],[113.7404,33.4349],[113.7308,33.4315],[113.7135,33.4352],[113.7041,33.4263],[113.7032,33.4174],[113.683,33.4197],[113.6817,33.4093],[113.6792,33.3969],[113.6707,33.3776],[113.6552,33.3749],[113.6417,33.3651],[113.6327,33.3537],[113.636,33.3509],[113.6323,33.3233],[113.6275,33.3226],[113.6162,33.3015],[113.6086,33.2795],[113.6072,33.2629],[113.6031,33.2473],[113.5983,33.2459],[113.5987,33.2345],[113.6063,33.2327],[113.6027,33.2223],[113.6076,33.2109],[113.616,33.2033],[113.62,33.1866],[113.6405,33.1876],[113.6428,33.183],[113.6251,33.1621],[113.6238,33.1537],[113.6118,33.1471],[113.5953,33.1632],[113.5854,33.1569],[113.5514,33.1606],[113.5497,33.148],[113.5421,33.1404],[113.5334,33.1442],[113.5264,33.1539],[113.5153,33.1545],[113.5067,33.1644],[113.493,33.1564],[113.4785,33.1537],[113.45,33.1581],[113.4476,33.1622],[113.4235,33.1565],[113.4135,33.1589],[113.3912,33.1502],[113.3803,33.13]]]},"properties":{"region_code":"CN-41-4117","parent_region_code":"CN-41","name":"驻马店市","level":"prefecture","has_children":true,"full_path":"中国 / 河南省 / 驻马店市","source_admin_code":"4117","osm_relation_id":3259366}},
{"type":"Feature","geometry":{"type":"Polygon","coordinates":[[[112.5628,34.9559],[112.5705,34.9636],[112.5691,34.9736],[112.5912,34.9739],[112.6005,34.9799],[112.6185,34.982],[112.6418,34.9812],[112.6443,34.9934],[112.6549,34.9974],[112.6679,34.9941],[112.6791,35.0047],[112.6811,35.0136],[112.6935,35.0249],[112.6958,35.031],[112.7084,35.0319],[112.7103,35.0371],[112.7284,35.0388],[112.7273,35.0468],[112.7308,35.0636],[112.742,35.0696],[112.7487,35.087],[112.7489,35.1019],[112.7569,35.1026],[112.7666,35.1107],[112.7598,35.1212],[112.7604,35.1294],[112.756,35.1507],[112.7513,35.1607],[112.762,35.1707],[112.7656,35.1843],[112.7558,35.1899],[112.7534,35.2058],[112.7298,35.2125],[112.7204,35.2124],[112.7051,35.1894],[112.6973,35.211],[112.7032,35.2196],[112.692,35.2202],[112.6802,35.2274],[112.6781,35.2355],[112.6676,35.2356],[112.649,35.2437],[112.646,35.2609],[112.6307,35.2614],[112.6225,35.2666],[112.6112,35.2521],[112.6187,35.2462],[112.6346,35.2405],[112.6312,35.2311],[112.6204,35.2304],[112.6155,35.2211],[112.5883,35.2242],[112.5624,35.2194],[112.5486,35.2137],[112.528,35.2246],[112.5093,35.2191],[112.477,35.2251],[112.4588,35.231],[112.447,35.2264],[112.3997,35.2415],[112.3843,35.2394],[112.3743,35.2277],[112.3608,35.2202],[112.354,35.222],[112.3316,35.2198],[112.2806,35.2208],[112.2968,35.2469],[112.2894,35.2539],[112.2795,35.2485],[112.2617,35.2486],[112.2372,35.2363],[112.2091,35.2408],[112.2133,35.2481],[112.2093,35.2535],[112.1884,35.2572],[112.1725,35.264],[112.1455,35.2679],[112.1298,35.272],[112.1146,35.2655],[112.1115,35.2724],[112.0861,35.2809],[112.0692,35.2773],[112.056,35.2789],[112.0485,35.2735],[112.0642,35.2633],[112.0737,35.2352],[112.0753,35.22],[112.0619,35.2144],[112.0535,35.2066],[112.0424,35.2043],[112.0334,35.1951],[112.0372,35.1868],[112.0504,35.1719],[112.06,35.1532],[112.0575,35.098],[112.0534,35.0859],[112.0564,35.0564],[112.0508,35.0506],[112.0297,35.0425],[112.0307,35.0353],[112.0405,35.0308],[112.0589,35.0279],[112.0991,35.0302],[112.1254,35.0204],[112.1523,35.0125],[112.1662,35.0036],[112.1794,34.9759],[112.2053,34.9694],[112.2146,34.9643],[112.2226,34.9553],[112.2364,34.9532],[112.2442,34.9475],[112.2598,34.9455],[112.2631,34.9566],[112.2686,34.9618],[112.2814,34.9618],[112.304,34.9353],[112.3269,34.9449],[112.3424,34.9403],[112.3587,34.9281],[112.3769,34.9235],[112.3855,34.9158],[112.397,34.9135],[112.4212,34.9137],[112.421,34.922],[112.4491,34.9193],[112.4733,34.9096],[112.4882,34.9071],[112.4997,34.8987],[112.5144,34.8951],[112.5255,34.8989],[112.5298,34.9194],[112.5218,34.9244],[112.5227,34.9311],[112.5087,34.9307],[112.5045,34.9206],[112.4932,34.9255],[112.4981,34.9428],[112.5156,34.9446],[112.5187,34.9356],[112.5324,34.9318],[112.5357,34.9435],[112.5438,34.9421],[112.5562,34.9536],[112.5628,34.9559]]]},"properties":{"region_code":"CN-41-419001","parent_region_code":"CN-41","name":"济源市","level":"county","has_children":false,"full_path":"中国 / 河南省 / 济源市","source_admin_code":"419001","osm_relation_id":3010773}}
]}