{"type":"FeatureCollection", "features": [
{"type":"Feature","geometry":{"type":"Polygon","coordinates":[[[112.9699,23.4655],[112.9662,23.4507],[112.9582,23.4473],[112.953,23.437],[112.9575,23.4277],[112.9634,23.4359],[112.9699,23.437],[112.9734,23.4443],[112.9834,23.4225],[112.9875,23.42],[112.9906,23.4081],[112.9816,23.4018],[112.9831,23.3928],[112.9783,23.3903],[112.9752,23.3765],[112.9805,23.3717],[112.9813,23.3603],[112.9846,23.3574],[113.0049,23.3568],[113.01,23.3448],[113.0183,23.349],[113.0294,23.3599],[113.038,23.3536],[113.024,23.3384],[113.0181,23.3275],[113.03,23.3164],[113.0271,23.3034],[113.0371,23.286],[113.046,23.2809],[113.0475,23.2554],[113.0637,23.2503],[113.0754,23.2541],[113.0737,23.2702],[113.0664,23.2813],[113.0692,23.2876],[113.0935,23.2944],[113.0991,23.2925],[113.1055,23.2989],[113.1042,23.3069],[113.1316,23.312],[113.1463,23.303],[113.1437,23.2938],[113.1474,23.2876],[113.156,23.2888],[113.1601,23.2802],[113.1734,23.2752],[113.1764,23.2503],[113.1718,23.2245],[113.1762,23.2173],[113.1828,23.2175],[113.199,23.2045],[113.2038,23.1956],[113.203,23.1849],[113.2058,23.1793],[113.1934,23.1727],[113.1819,23.1608],[113.1832,23.1478],[113.189,23.1494],[113.2083,23.1438],[113.2058,23.1252],[113.1998,23.1247],[113.1992,23.1131],[113.2081,23.1023],[113.2037,23.0862],[113.1883,23.0864],[113.1736,23.0773],[113.1723,23.0716],[113.1808,23.0616],[113.191,23.0585],[113.207,23.0458],[113.2208,23.0441],[113.2283,23.0459],[113.2506,23.0468],[113.2492,23.0398],[113.2551,23.02],[113.2447,23.0112],[113.2452,23.0019],[113.2522,22.9971],[113.2459,22.991],[113.245,22.9751],[113.2648,22.9597],[113.2825,22.9533],[113.2931,22.9371],[113.2769,22.9303],[113.2781,22.9144],[113.2811,22.9055],[113.2722,22.9035],[113.271,22.8963],[113.2942,22.881],[113.2961,22.869],[113.2916,22.8607],[113.3041,22.8542],[113.3046,22.8402],[113.3077,22.832],[113.3256,22.8255],[113.3302,22.8213],[113.3578,22.8261],[113.3742,22.8225],[113.388,22.8125],[113.3761,22.801],[113.3513,22.7964],[113.3561,22.7807],[113.3598,22.7761],[113.4058,22.7465],[113.4206,22.7416],[113.4417,22.7396],[113.4627,22.732],[113.4593,22.7244],[113.4661,22.7182],[113.4966,22.6959],[113.5083,22.6891],[113.5346,22.6693],[113.5325,22.6603],[113.5277,22.6582],[113.5327,22.6479],[113.5564,22.611],[113.567,22.6057],[113.5697,22.609],[113.5802,22.6018],[113.5971,22.5988],[113.61,22.5887],[113.6127,22.5825],[113.6295,22.5608],[113.7272,22.5608],[113.7468,22.5978],[113.7351,22.6091],[113.7154,22.676],[113.6805,22.7181],[113.6709,22.726],[113.6504,22.7523],[113.6223,22.79],[113.6024,22.8132],[113.5761,22.8381],[113.5669,22.8562],[113.5662,22.8751],[113.5698,22.8931],[113.56,22.907],[113.5463,22.9401],[113.5384,22.9521],[113.5353,22.9633],[113.5272,22.9745],[113.5217,22.9864],[113.5168,23.0069],[113.5159,23.0175],[113.5184,23.0418],[113.5269,23.0536],[113.5386,23.065],[113.5448,23.0806],[113.5528,23.0846],[113.5814,23.0905],[113.5963,23.0981],[113.6059,23.1063],[113.6352,23.1065],[113.6371,23.1154],[113.6456,23.1227],[113.6568,23.1141],[113.6663,23.1194],[113.6848,23.1244],[113.711,23.1416],[113.7193,23.1449],[113.7337,23.1441],[113.7497,23.1329],[113.7734,23.1338],[113.7862,23.1305],[113.8076,23.1307],[113.8345,23.12],[113.8398,23.1283],[113.8441,23.1507],[113.8535,23.1602],[113.8651,23.163],[113.8719,23.1686],[113.8845,23.1658],[113.8956,23.172],[113.8982,23.1799],[113.8841,23.1807],[113.8807,23.1976],[113.8875,23.207],[113.8949,23.2249],[113.8882,23.2418],[113.8847,23.2457],[113.8906,23.2531],[113.8868,23.2602],[113.8804,23.2605],[113.8791,23.2743],[113.8861,23.2878],[113.8858,23.3026],[113.8903,23.3129],[113.892,23.3239],[113.884,23.3311],[113.8886,23.3451],[113.8928,23.3481],[113.9196,23.3441],[113.9357,23.3455],[113.9422,23.3387],[113.952,23.3377],[113.9563,23.3266],[113.9545,23.3161],[113.9706,23.3091],[113.9735,23.3031],[113.9899,23.3013],[113.9913,23.3117],[113.9834,23.3244],[113.985,23.3364],[113.9895,23.3361],[113.9954,23.3511],[113.9877,23.3541],[113.9762,23.3803],[113.9824,23.3868],[113.9954,23.3919],[113.9947,23.3989],[113.98,23.4093],[113.9783,23.4239],[113.9838,23.4322],[113.9724,23.4316],[113.9596,23.4346],[113.9491,23.4407],[113.9507,23.4523],[113.9478,23.4569],[113.9492,23.4684],[113.9588,23.4671],[113.9769,23.4754],[113.9715,23.4799],[113.9561,23.4831],[113.9398,23.4809],[113.936,23.4863],[113.9417,23.4956],[113.9239,23.4972],[113.9212,23.5049],[113.9096,23.5071],[113.9,23.5162],[113.8879,23.5231],[113.8859,23.5362],[113.8663,23.5426],[113.863,23.5585],[113.8575,23.569],[113.8478,23.5733],[113.853,23.5858],[113.859,23.5901],[113.8533,23.5962],[113.8568,23.6066],[113.8546,23.6127],[113.8385,23.6206],[113.8291,23.6203],[113.825,23.6258],[113.8133,23.6257],[113.8081,23.6308],[113.8116,23.6385],[113.8202,23.6427],[113.822,23.6485],[113.8136,23.6586],[113.8339,23.6574],[113.8372,23.6623],[113.8413,23.681],[113.8668,23.6846],[113.8835,23.6909],[113.8947,23.704],[113.896,23.7183],[113.907,23.7187],[113.9142,23.7333],[113.9313,23.7349],[113.936,23.7416],[113.9502,23.7347],[113.9569,23.7425],[113.9676,23.7415],[113.9703,23.7465],[113.9696,23.7581],[113.9766,23.7627],[113.9953,23.7664],[114.0225,23.762],[114.0305,23.7676],[114.0336,23.7739],[114.0434,23.7781],[114.0545,23.778],[114.0496,23.7887],[114.0319,23.7951],[114.0332,23.8013],[114.0426,23.8062],[114.0325,23.8105],[114.0302,23.8162],[114.0344,23.8264],[114.0463,23.8362],[114.0497,23.8476],[114.0423,23.8706],[114.0366,23.8742],[114.0376,23.8924],[114.0312,23.898],[114.0314,23.9039],[114.0264,23.9084],[114.0286,23.9178],[114.024,23.9251],[114.0049,23.9324],[113.9876,23.9332],[113.9593,23.9311],[113.9473,23.9324],[113.9364,23.9262],[113.9283,23.9321],[113.9201,23.9315],[113.9043,23.9265],[113.8979,23.9323],[113.8845,23.932],[113.8825,23.9267],[113.8692,23.9316],[113.8592,23.9321],[113.8496,23.9248],[113.831,23.92],[113.8023,23.9032],[113.7956,23.9062],[113.7822,23.9049],[113.7766,23.8995],[113.7696,23.8791],[113.7624,23.8751],[113.7506,23.8605],[113.7433,23.8565],[113.7369,23.8621],[113.7284,23.8577],[113.7083,23.8652],[113.7041,23.8591],[113.7127,23.8472],[113.7097,23.8376],[113.713,23.8237],[113.702,23.8182],[113.6825,23.8283],[113.679,23.8154],[113.6615,23.8169],[113.6468,23.823],[113.6347,23.8174],[113.6283,23.7995],[113.6132,23.7888],[113.6101,23.783],[113.6149,23.7736],[113.6246,23.7659],[113.6269,23.7554],[113.6312,23.753],[113.6261,23.7409],[113.6275,23.7224],[113.6236,23.7131],[113.6333,23.7076],[113.6175,23.702],[113.6185,23.6978],[113.6068,23.6898],[113.6105,23.6826],[113.6005,23.676],[113.5943,23.6686],[113.5821,23.6718],[113.5822,23.678],[113.5741,23.6792],[113.5584,23.6941],[113.553,23.7038],[113.5394,23.7055],[113.5399,23.6986],[113.5206,23.6876],[113.5131,23.6889],[113.5072,23.6843],[113.4753,23.6863],[113.4631,23.6937],[113.4642,23.699],[113.4588,23.7105],[113.4493,23.7124],[113.4383,23.7184],[113.4389,23.726],[113.4329,23.7296],[113.4248,23.7255],[113.4182,23.7292],[113.4046,23.7236],[113.395,23.7261],[113.3898,23.7323],[113.3728,23.734],[113.3695,23.7256],[113.3698,23.7153],[113.3582,23.7096],[113.3552,23.6988],[113.3451,23.6779],[113.3436,23.6705],[113.333,23.6682],[113.3294,23.6589],[113.3225,23.658],[113.3229,23.6479],[113.307,23.6457],[113.2975,23.6486],[113.2926,23.6408],[113.2877,23.6231],[113.2774,23.6147],[113.2649,23.6158],[113.2431,23.6042],[113.2405,23.5908],[113.2225,23.597],[113.2216,23.5883],[113.2091,23.5868],[113.1968,23.5791],[113.1954,23.5644],[113.2048,23.5556],[113.2053,23.5397],[113.1988,23.5404],[113.1865,23.5189],[113.1522,23.5104],[113.1381,23.5137],[113.1225,23.5092],[113.1134,23.5093],[113.1099,23.5039],[113.0958,23.4978],[113.0876,23.4993],[113.0709,23.4919],[113.0658,23.4838],[113.0569,23.4828],[113.0488,23.473],[113.0343,23.4774],[113.0249,23.4726],[113.0203,23.4744],[113.0095,23.4676],[112.9999,23.4645],[112.9881,23.4695],[112.9699,23.4655]]]},"properties":{"region_code":"CN-44-4401","parent_region_code":"CN-44","name":"广州市","level":"prefecture","has_children":true,"full_path":"中国 / 广东省 / 广州市","source_admin_code":"4401","osm_relation_id":3287346}},
{"type":"Feature","geometry":{"type":"Polygon","coordinates":[[[114.0314,23.9039],[114.0458,23.9268],[114.0489,23.9362],[114.0692,23.9334],[114.0705,23.9276],[114.1034,23.9286],[114.1315,23.9433],[114.1414,23.9394],[114.1538,23.9435],[114.1593,23.9565],[114.1687,23.9615],[114.1816,23.9583],[114.1864,23.9474],[114.1978,23.9441],[114.2083,23.9485],[114.2171,23.943],[114.2342,23.9452],[114.2396,23.9513],[114.2551,23.956],[114.2588,23.9631],[114.2661,23.9628],[114.2668,23.9509],[114.25,23.945],[114.2424,23.9397],[114.2429,23.9326],[114.2318,23.9133],[114.2391,23.91],[114.2505,23.91],[114.2568,23.9138],[114.2635,23.9054],[114.273,23.905],[114.2806,23.9088],[114.2985,23.8941],[114.3164,23.897],[114.327,23.903],[114.3335,23.8954],[114.3439,23.8899],[114.354,23.8971],[114.3662,23.9305],[114.3773,23.9356],[114.3722,23.9495],[114.382,23.9596],[114.3786,23.9631],[114.3842,23.9732],[114.3779,23.9859],[114.3873,23.9944],[114.3809,24.0028],[114.3841,24.0149],[114.3907,24.0164],[114.3949,24.0271],[114.4105,24.0293],[114.4164,24.0232],[114.4201,24.0364],[114.4377,24.0357],[114.436,24.0478],[114.4308,24.053],[114.4328,24.065],[114.4385,24.0721],[114.4549,24.0789],[114.458,24.0772],[114.4731,24.0847],[114.4803,24.1008],[114.4905,24.1074],[114.4846,24.1142],[114.4925,24.1201],[114.5035,24.1089],[114.51,24.1114],[114.5107,24.1224],[114.5286,24.1369],[114.5322,24.1256],[114.5408,24.1346],[114.5525,24.1266],[114.5618,24.1381],[114.5566,24.1413],[114.5546,24.1555],[114.564,24.1622],[114.5787,24.1631],[114.5915,24.1674],[114.5961,24.1805],[114.5827,24.1942],[114.5876,24.2067],[114.5953,24.2141],[114.589,24.2206],[114.5875,24.2293],[114.573,24.2302],[114.5634,24.2341],[114.5599,24.2443],[114.5494,24.2456],[114.5442,24.2337],[114.5364,24.2257],[114.521,24.2234],[114.508,24.2153],[114.5045,24.2058],[114.4957,24.1982],[114.4854,24.1936],[114.469,24.1675],[114.4643,24.1758],[114.4538,24.1709],[114.4621,24.1659],[114.4651,24.159],[114.4654,24.1474],[114.4724,24.1265],[114.479,24.1203],[114.4717,24.1147],[114.4597,24.1135],[114.4415,24.1241],[114.4342,24.1248],[114.4254,24.133],[114.4221,24.1207],[114.4114,24.1275],[114.415,24.141],[114.3959,24.1415],[114.3897,24.1445],[114.3749,24.1422],[114.3664,24.1342],[114.356,24.1385],[114.3459,24.1462],[114.3406,24.1428],[114.3315,24.1272],[114.3232,24.13],[114.3241,24.1381],[114.3157,24.1492],[114.3092,24.1512],[114.3034,24.1656],[114.2868,24.1774],[114.2846,24.1851],[114.2934,24.1987],[114.2932,24.205],[114.2757,24.2147],[114.2704,24.2203],[114.2598,24.2493],[114.2514,24.2526],[114.2525,24.2616],[114.2692,24.2597],[114.2678,24.2652],[114.2545,24.2632],[114.2476,24.2678],[114.255,24.2734],[114.2578,24.2819],[114.2761,24.3055],[114.2756,24.3159],[114.2679,24.3254],[114.2739,24.3379],[114.2838,24.344],[114.2892,24.3539],[114.2775,24.3663],[114.2576,24.3664],[114.2483,24.3635],[114.2443,24.3847],[114.2511,24.4038],[114.2407,24.4142],[114.2362,24.4261],[114.2448,24.4349],[114.2524,24.4368],[114.2612,24.4446],[114.2793,24.4568],[114.2876,24.4724],[114.2985,24.4734],[114.3085,24.4818],[114.3006,24.4846],[114.2955,24.4947],[114.283,24.5012],[114.2737,24.5165],[114.2769,24.5216],[114.2687,24.5366],[114.284,24.5408],[114.2829,24.5479],[114.2883,24.5548],[114.3056,24.5614],[114.3034,24.5769],[114.2963,24.5816],[114.2943,24.5917],[114.2871,24.6013],[114.2847,24.6213],[114.2771,24.6243],[114.2711,24.635],[114.2628,24.6336],[114.2559,24.6372],[114.2539,24.6434],[114.2378,24.6482],[114.2257,24.6433],[114.2078,24.6492],[114.2019,24.6567],[114.187,24.6555],[114.1705,24.6483],[114.1681,24.6589],[114.1789,24.6656],[114.1644,24.687],[114.1696,24.6951],[114.1866,24.6973],[114.1983,24.6912],[114.2067,24.6919],[114.2261,24.7007],[114.2439,24.702],[114.2516,24.7003],[114.2666,24.7033],[114.2746,24.7111],[114.2767,24.7267],[114.2839,24.7332],[114.2977,24.7341],[114.3083,24.7383],[114.3118,24.7444],[114.3239,24.7479],[114.3319,24.7542],[114.3368,24.7668],[114.3349,24.775],[114.3288,24.7837],[114.3302,24.7886],[114.339,24.7927],[114.3399,24.8023],[114.3367,24.8141],[114.3527,24.8224],[114.3513,24.832],[114.358,24.8402],[114.3581,24.8469],[114.3691,24.8552],[114.373,24.8642],[114.3824,24.8662],[114.3984,24.8812],[114.4,24.8943],[114.3957,24.9058],[114.3863,24.9141],[114.3936,24.9206],[114.397,24.9322],[114.3914,24.9382],[114.3932,24.9466],[114.3903,24.9533],[114.3981,24.9574],[114.4175,24.9592],[114.4223,24.9622],[114.4145,24.9719],[114.4196,24.9754],[114.4434,24.976],[114.4516,24.9803],[114.4513,24.9973],[114.4769,25.0093],[114.4853,25.005],[114.5039,25.0043],[114.5092,25.0085],[114.5073,25.016],[114.51,25.028],[114.5215,25.0234],[114.5287,25.0245],[114.5374,25.0415],[114.5356,25.0521],[114.5515,25.0671],[114.5567,25.0819],[114.5744,25.084],[114.5931,25.0784],[114.5984,25.0845],[114.6172,25.0767],[114.6386,25.0746],[114.6397,25.079],[114.6534,25.0825],[114.661,25.0961],[114.6594,25.1018],[114.6786,25.1116],[114.6911,25.1064],[114.7037,25.1112],[114.7115,25.1181],[114.7249,25.1204],[114.7346,25.1293],[114.7269,25.1471],[114.7311,25.1537],[114.7211,25.16],[114.7204,25.1652],[114.7051,25.1645],[114.6855,25.1731],[114.6812,25.1792],[114.6869,25.1832],[114.6764,25.1911],[114.678,25.1976],[114.6905,25.1985],[114.6961,25.2053],[114.6891,25.2165],[114.6974,25.224],[114.7079,25.2246],[114.7206,25.2364],[114.7263,25.2296],[114.7331,25.2284],[114.735,25.2374],[114.732,25.2427],[114.7441,25.2457],[114.7367,25.2515],[114.7413,25.2624],[114.7391,25.2775],[114.727,25.2878],[114.7183,25.288],[114.7207,25.2966],[114.7152,25.3079],[114.7081,25.3082],[114.7079,25.317],[114.6903,25.324],[114.6749,25.3161],[114.6637,25.3288],[114.6534,25.3311],[114.6328,25.327],[114.6198,25.3344],[114.6212,25.3418],[114.6128,25.3502],[114.6071,25.3615],[114.5954,25.3628],[114.5974,25.3728],[114.5929,25.3786],[114.5969,25.3879],[114.5801,25.4012],[114.5702,25.3997],[114.5663,25.4046],[114.5517,25.4106],[114.5466,25.4159],[114.5389,25.4162],[114.5354,25.4219],[114.5257,25.4187],[114.5213,25.4127],[114.5084,25.4041],[114.5013,25.4033],[114.5045,25.3877],[114.4908,25.3795],[114.4824,25.3797],[114.4765,25.3738],[114.4579,25.3836],[114.455,25.3903],[114.4463,25.3891],[114.4345,25.3811],[114.4316,25.3663],[114.4267,25.3608],[114.4257,25.349],[114.4202,25.3403],[114.3974,25.3372],[114.3946,25.3296],[114.3815,25.326],[114.3756,25.3185],[114.3639,25.3298],[114.3518,25.3299],[114.3325,25.3372],[114.3208,25.3374],[114.3107,25.3423],[114.3009,25.335],[114.2992,25.318],[114.3029,25.3093],[114.2898,25.301],[114.2982,25.2934],[114.2864,25.2919],[114.2809,25.303],[114.2638,25.3037],[114.2588,25.2941],[114.2473,25.2969],[114.2311,25.3035],[114.2192,25.3016],[114.1995,25.3034],[114.2001,25.3137],[114.1871,25.3209],[114.1746,25.3091],[114.1665,25.309],[114.1619,25.3165],[114.1504,25.3162],[114.1455,25.3123],[114.1295,25.3119],[114.1213,25.303],[114.1119,25.3063],[114.1038,25.2987],[114.0889,25.291],[114.0785,25.2782],[114.0713,25.2816],[114.0628,25.2767],[114.059,25.2837],[114.0461,25.2766],[114.0354,25.2541],[114.024,25.2577],[114.0252,25.2695],[114.0155,25.2732],[114.0109,25.2827],[114.0215,25.2929],[114.0207,25.3047],[114.0292,25.3114],[114.0423,25.3104],[114.0484,25.3149],[114.0392,25.3215],[114.0285,25.3241],[114.0236,25.3375],[114.0312,25.346],[114.043,25.3446],[114.0463,25.3502],[114.0403,25.3612],[114.0459,25.3666],[114.0404,25.3712],[114.0202,25.3763],[114.0282,25.3835],[114.04,25.3869],[114.0348,25.395],[114.0263,25.3936],[114.0171,25.3876],[114.0056,25.3896],[114.0026,25.4],[113.9866,25.4043],[113.9798,25.4093],[113.977,25.4167],[114.0012,25.4395],[113.9942,25.4476],[113.9859,25.4458],[113.9744,25.4515],[113.9648,25.4521],[113.9564,25.4569],[113.95,25.4494],[113.9286,25.441],[113.9226,25.4454],[113.9084,25.4417],[113.8978,25.4442],[113.881,25.4395],[113.8784,25.4234],[113.8852,25.421],[113.887,25.4147],[113.8766,25.4108],[113.8784,25.3999],[113.8728,25.3912],[113.8724,25.3844],[113.862,25.3789],[113.8577,25.3733],[113.839,25.3695],[113.828,25.3588],[113.8276,25.3468],[113.8179,25.3348],[113.8097,25.3316],[113.7852,25.3328],[113.7763,25.3374],[113.7578,25.3323],[113.7591,25.3418],[113.7513,25.3486],[113.7528,25.3543],[113.7462,25.3669],[113.738,25.366],[113.7276,25.3527],[113.7152,25.3625],[113.7019,25.3554],[113.6825,25.3559],[113.6815,25.345],[113.6752,25.337],[113.6697,25.3397],[113.6559,25.3364],[113.6497,25.3308],[113.6352,25.3315],[113.6197,25.3295],[113.6107,25.3306],[113.5858,25.3181],[113.5811,25.3109],[113.5728,25.322],[113.5785,25.3381],[113.5729,25.3497],[113.5522,25.3527],[113.5383,25.3706],[113.5292,25.3707],[113.5196,25.3595],[113.5147,25.3572],[113.5079,25.3654],[113.5116,25.3726],[113.4726,25.3795],[113.4686,25.3704],[113.4573,25.3734],[113.4448,25.3623],[113.4389,25.3631],[113.4224,25.3767],[113.4173,25.392],[113.4178,25.3974],[113.4015,25.4043],[113.3891,25.4014],[113.3832,25.4077],[113.3697,25.4052],[113.3632,25.4159],[113.362,25.4302],[113.3539,25.4414],[113.3462,25.441],[113.3346,25.4522],[113.3174,25.4533],[113.3077,25.4465],[113.3089,25.4731],[113.3038,25.4827],[113.3059,25.4929],[113.2984,25.5045],[113.2913,25.5113],[113.2942,25.5194],[113.2857,25.52],[113.2824,25.5129],[113.2869,25.5067],[113.2838,25.4991],[113.2765,25.4971],[113.274,25.504],[113.2645,25.5085],[113.2544,25.5019],[113.2409,25.5191],[113.2217,25.5138],[113.2049,25.4999],[113.2063,25.4925],[113.195,25.4806],[113.1834,25.4792],[113.176,25.473],[113.1694,25.475],[113.1638,25.4828],[113.1663,25.4893],[113.1501,25.4959],[113.1437,25.4936],[113.1476,25.4819],[113.1391,25.4815],[113.1375,25.4729],[113.1233,25.4675],[113.1173,25.4612],[113.1176,25.4517],[113.1124,25.4496],[113.1264,25.4259],[113.1272,25.4177],[113.1156,25.4174],[113.1094,25.4235],[113.0987,25.4244],[113.0859,25.4201],[113.0849,25.4009],[113.0733,25.3909],[113.0745,25.3853],[113.0529,25.3813],[113.0377,25.3684],[113.0277,25.3639],[113.0201,25.3496],[113.0143,25.3483],[113.0036,25.356],[112.9902,25.3505],[112.9793,25.3574],[112.9704,25.352],[112.9643,25.357],[112.9591,25.3425],[112.944,25.3389],[112.943,25.3314],[112.9271,25.3261],[112.928,25.3207],[112.9174,25.2994],[112.9054,25.303],[112.8957,25.3124],[112.8905,25.3409],[112.8657,25.3299],[112.8503,25.3408],[112.8484,25.3293],[112.8538,25.3254],[112.8502,25.3109],[112.8614,25.2796],[112.871,25.2783],[112.8611,25.2635],[112.8629,25.2516],[112.8759,25.2523],[112.8872,25.2497],[112.89,25.2418],[112.9115,25.2497],[112.9282,25.2466],[112.9293,25.2539],[112.9466,25.2489],[112.9534,25.2581],[112.9586,25.2528],[112.9688,25.2541],[112.9724,25.2481],[112.9896,25.2505],[112.9918,25.2415],[113.0011,25.2351],[113.0101,25.2157],[113.0177,25.2101],[113.0266,25.2098],[113.0295,25.2013],[113.0243,25.1943],[113.0118,25.1916],[113.0034,25.1931],[112.9964,25.1867],[112.9655,25.1686],[112.9666,25.1577],[112.9599,25.1474],[112.9656,25.1349],[112.9714,25.133],[112.9822,25.1163],[112.9918,25.107],[112.9994,25.0928],[113.0132,25.0865],[112.9973,25.0746],[112.9915,25.0517],[112.986,25.05],[112.9804,25.0415],[112.9733,25.038],[112.9715,25.0298],[112.9882,25.0166],[112.9823,25.0047],[112.9855,24.9984],[112.997,24.9939],[112.9984,24.9857],[113.0049,24.9822],[113.0028,24.9645],[112.9985,24.9569],[113.0068,24.952],[112.9993,24.9445],[112.9889,24.9435],[112.9909,24.9275],[112.9995,24.9165],[112.9959,24.9078],[113.0061,24.8984],[113.0073,24.8824],[113.0167,24.8737],[113.0141,24.8588],[113.0093,24.8544],[112.9935,24.8534],[112.9739,24.8356],[112.9545,24.8273],[112.9459,24.8213],[112.9553,24.8023],[112.9531,24.7954],[112.9433,24.789],[112.9477,24.7831],[112.9338,24.7603],[112.9274,24.7589],[112.9265,24.7464],[112.9346,24.7425],[112.9311,24.7326],[112.9216,24.7265],[112.9214,24.7201],[112.8929,24.7199],[112.8921,24.7142],[112.9002,24.7075],[112.8979,24.7002],[112.9048,24.6784],[112.9108,24.67],[112.907,24.6641],[112.8904,24.6546],[112.8951,24.6446],[112.893,24.6356],[112.8788,24.6198],[112.8818,24.5984],[112.8936,24.6042],[112.8982,24.598],[112.9077,24.6029],[112.9208,24.5991],[112.9317,24.6006],[112.9399,24.5973],[112.9476,24.5985],[112.9567,24.5931],[112.96,24.5834],[112.9564,24.5779],[112.9673,24.5622],[112.9728,24.5608],[112.9714,24.5503],[112.9801,24.5449],[112.9863,24.548],[112.9933,24.5402],[112.9935,24.5318],[113.0004,24.5253],[113.0168,24.517],[113.0203,24.4972],[113.0422,24.4782],[113.061,24.4693],[113.0654,24.4759],[113.0806,24.4755],[113.0875,24.4875],[113.0914,24.5025],[113.1095,24.5057],[113.1312,24.483],[113.1393,24.4842],[113.1468,24.4798],[113.1565,24.4861],[113.1668,24.4769],[113.1716,24.482],[113.1851,24.4817],[113.1896,24.4771],[113.199,24.4772],[113.2077,24.4892],[113.2111,24.4986],[113.2389,24.5041],[113.248,24.5114],[113.2478,24.4969],[113.2538,24.486],[113.2652,24.4789],[113.2665,24.4684],[113.2855,24.4638],[113.2908,24.4596],[113.302,24.4672],[113.3115,24.4667],[113.3292,24.4754],[113.3464,24.4736],[113.3649,24.4885],[113.3725,24.4898],[113.38,24.4862],[113.3962,24.4881],[113.4118,24.4814],[113.406,24.4763],[113.4102,24.4633],[113.4348,24.4558],[113.4404,24.4602],[113.4641,24.4646],[113.4677,24.473],[113.4763,24.4791],[113.4863,24.4734],[113.4958,24.476],[113.5014,24.4883],[113.5078,24.4837],[113.5131,24.4736],[113.5242,24.4837],[113.5237,24.4956],[113.5281,24.4975],[113.5353,24.5129],[113.5479,24.5139],[113.5619,24.5103],[113.57,24.5128],[113.5792,24.5093],[113.5841,24.5185],[113.5965,24.5121],[113.5914,24.5033],[113.5961,24.4971],[113.6052,24.4931],[113.6154,24.4924],[113.6233,24.4958],[113.6324,24.4899],[113.6332,24.4826],[113.649,24.471],[113.6608,24.4709],[113.6767,24.4583],[113.678,24.4443],[113.6979,24.4265],[113.7063,24.414],[113.717,24.4175],[113.7183,24.4338],[113.7217,24.4399],[113.7321,24.4383],[113.7377,24.4413],[113.7568,24.436],[113.7581,24.4196],[113.773,24.4138],[113.784,24.4127],[113.792,24.4046],[113.7987,24.4045],[113.8003,24.3876],[113.7947,24.3799],[113.8027,24.3731],[113.8106,24.3483],[113.8187,24.3417],[113.8337,24.3413],[113.8436,24.3283],[113.8443,24.3144],[113.8397,24.3094],[113.8423,24.2826],[113.8366,24.2749],[113.838,24.2641],[113.8518,24.2563],[113.8581,24.2619],[113.8664,24.2587],[113.8644,24.2454],[113.869,24.2422],[113.8781,24.2497],[113.8876,24.2438],[113.8854,24.2328],[113.8912,24.2205],[113.8908,24.212],[113.8959,24.2089],[113.9247,24.199],[113.9228,24.1889],[113.9134,24.1903],[113.8996,24.1859],[113.8938,24.193],[113.878,24.1792],[113.8589,24.1707],[113.8534,24.1621],[113.8576,24.1501],[113.8641,24.149],[113.8661,24.1398],[113.853,24.1347],[113.848,24.1295],[113.8319,24.1215],[113.8307,24.1167],[113.8369,24.1078],[113.8305,24.1017],[113.8346,24.0844],[113.833,24.0764],[113.8243,24.0741],[113.8266,24.0644],[113.81,24.0561],[113.7994,24.0572],[113.7903,24.0462],[113.7842,24.0311],[113.7743,24.0313],[113.7602,24.023],[113.7524,24.0292],[113.7436,24.0285],[113.7307,24.0078],[113.7135,23.9959],[113.7341,23.9736],[113.7348,23.9647],[113.7476,23.9612],[113.753,23.9649],[113.7612,23.9637],[113.7691,23.9582],[113.7688,23.9457],[113.7768,23.9386],[113.7869,23.935],[113.7952,23.9257],[113.7956,23.9062],[113.8023,23.9032],[113.831,23.92],[113.8496,23.9248],[113.8592,23.9321],[113.8692,23.9316],[113.8825,23.9267],[113.8845,23.932],[113.8979,23.9323],[113.9043,23.9265],[113.9201,23.9315],[113.9283,23.9321],[113.9364,23.9262],[113.9473,23.9324],[113.9593,23.9311],[113.9876,23.9332],[114.0049,23.9324],[114.024,23.9251],[114.0286,23.9178],[114.0264,23.9084],[114.0314,23.9039]]]},"properties":{"region_code":"CN-44-4402","parent_region_code":"CN-44","name":"韶关市","level":"prefecture","has_children":true,"full_path":"中国 / 广东省 / 韶关市","source_admin_code":"4402","osm_relation_id":3203994}},
{"type":"Feature","geometry":{"type":"MultiPolygon","coordinates":[[[[115.1443,22.9937],[115.1245,23.0059],[115.1061,23.0121],[115.096,23.0022],[115.081,23.0103],[115.074,23.0068],[115.0649,22.9977],[115.0555,22.994],[115.0506,22.9813],[115.0427,22.9696],[115.0217,22.9644],[115.0152,22.9582],[115.0053,22.9587],[114.9953,22.9523],[114.9931,22.9414],[114.9816,22.9379],[114.9703,22.9382],[114.9613,22.9296],[114.949,22.9316],[114.9418,22.9223],[114.9258,22.9236],[114.9133,22.91],[114.9217,22.9038],[114.9219,22.8931],[114.928,22.8899],[114.9362,22.8755],[114.9206,22.8713],[114.9278,22.862],[114.9239,22.8502],[114.9312,22.8416],[114.936,22.8454],[114.9456,22.8372],[114.9434,22.8289],[114.9461,22.8191],[114.9399,22.8124],[114.9471,22.7988],[114.953,22.7945],[114.9666,22.7905],[114.9731,22.7795],[114.9876,22.7739],[114.9916,22.7675],[114.9898,22.7572],[114.9955,22.7494],[115.0075,22.7424],[115.0052,22.732],[115.0166,22.7239],[115.0217,22.6931],[115.0369,22.6734],[115.1161,22.4263],[115.2048,22.1282],[115.2202,22.135],[115.3891,22.2115],[115.2096,22.782],[115.2159,22.7986],[115.172,22.8135],[115.1668,22.8207],[115.1584,22.8262],[115.1541,22.8352],[115.1427,22.8335],[115.1336,22.839],[115.1089,22.8369],[115.1111,22.8498],[115.1244,22.8705],[115.1238,22.877],[115.1337,22.8821],[115.1413,22.898],[115.146,22.9004],[115.1471,22.9112],[115.1544,22.914],[115.1546,22.9236],[115.1603,22.9361],[115.1555,22.9533],[115.1565,22.9683],[115.1528,22.9703],[115.1478,22.9897],[115.1443,22.9937]]],[[[113.7272,22.5608],[113.7241,22.5549],[113.7497,22.4834],[113.7501,22.4568],[113.7502,22.4477],[113.7265,22.4196],[113.7154,22.4045],[113.7059,22.3869],[113.6992,22.3633],[113.7054,22.3185],[113.7727,22.2719],[113.807,22.2773],[113.8346,22.2576],[113.839,22.2677],[113.8474,22.2731],[113.8691,22.3333],[113.8691,22.4288],[113.9478,22.4724],[113.9951,22.5101],[114.0119,22.5006],[114.0245,22.5066],[114.0548,22.5035],[114.0595,22.5133],[114.0739,22.5192],[114.0776,22.5289],[114.089,22.5365],[114.1041,22.5351],[114.1115,22.5296],[114.1302,22.5417],[114.1483,22.5418],[114.152,22.5547],[114.1651,22.5592],[114.1905,22.5544],[114.196,22.5568],[114.2179,22.556],[114.2336,22.5437],[114.2371,22.5507],[114.276,22.5655],[114.333,22.5683],[114.434,22.562],[114.4551,22.545],[114.4549,22.4687],[114.5025,22.3651],[114.5024,22.1485],[114.5024,21.8214],[114.557,21.8452],[114.7967,21.95],[114.5575,22.416],[114.5562,22.4277],[114.5782,22.4621],[114.6025,22.4817],[114.6358,22.4974],[114.645,22.5119],[114.6457,22.5259],[114.6416,22.5364],[114.6192,22.5558],[114.6071,22.5793],[114.6052,22.6242],[114.6024,22.6463],[114.5982,22.6557],[114.5908,22.6635],[114.5748,22.6718],[114.5575,22.6697],[114.5374,22.6644],[114.5148,22.6615],[114.5019,22.671],[114.4876,22.6726],[114.4772,22.6711],[114.4728,22.6655],[114.448,22.6725],[114.4451,22.6677],[114.4269,22.6631],[114.4232,22.6788],[114.4365,22.6842],[114.44,22.6953],[114.4367,22.7005],[114.4188,22.7054],[114.4155,22.7166],[114.4055,22.7131],[114.3984,22.7265],[114.4012,22.7328],[114.4099,22.7394],[114.41,22.7554],[114.4183,22.763],[114.4096,22.7728],[114.4061,22.7805],[114.3949,22.7818],[114.3905,22.774],[114.3905,22.7638],[114.3775,22.7623],[114.363,22.7696],[114.3556,22.7666],[114.3495,22.7808],[114.3406,22.7816],[114.3381,22.7866],[114.3467,22.7927],[114.3433,22.8118],[114.3261,22.812],[114.2931,22.8049],[114.2871,22.8112],[114.2782,22.8051],[114.2569,22.7846],[114.2496,22.7857],[114.2409,22.7937],[114.2296,22.796],[114.2245,22.8152],[114.2109,22.8106],[114.206,22.7958],[114.2027,22.7925],[114.1849,22.7885],[114.1788,22.7825],[114.1829,22.7727],[114.182,22.7664],[114.1938,22.7686],[114.2018,22.7599],[114.2109,22.7384],[114.2038,22.7321],[114.2033,22.7174],[114.1916,22.714],[114.1945,22.6974],[114.1868,22.6917],[114.1923,22.6851],[114.1802,22.6738],[114.1735,22.6565],[114.1595,22.6642],[114.1627,22.677],[114.1607,22.6835],[114.1468,22.6928],[114.1384,22.7159],[114.1323,22.7191],[114.1168,22.7188],[114.1105,22.7257],[114.1022,22.7257],[114.0972,22.7342],[114.0935,22.7497],[114.087,22.7489],[114.0793,22.7533],[114.0697,22.743],[114.0587,22.7589],[114.0446,22.759],[114.0473,22.7657],[114.0394,22.7702],[114.0347,22.7669],[114.0223,22.7693],[114.0128,22.763],[113.9979,22.7662],[113.9904,22.7732],[113.9939,22.7774],[113.9891,22.7851],[113.9858,22.8029],[113.9697,22.8014],[113.9722,22.8101],[113.9679,22.815],[113.9504,22.8181],[113.9508,22.8238],[113.933,22.8355],[113.9058,22.8329],[113.8995,22.8353],[113.8985,22.8465],[113.8876,22.8506],[113.8838,22.8582],[113.8733,22.8553],[113.8634,22.84],[113.8521,22.8355],[113.8467,22.8402],[113.836,22.8363],[113.8315,22.8295],[113.835,22.811],[113.8322,22.8038],[113.8219,22.7954],[113.8111,22.7951],[113.8052,22.7851],[113.7951,22.7857],[113.7958,22.7786],[113.7869,22.7707],[113.7888,22.7616],[113.7822,22.7532],[113.7687,22.7475],[113.7562,22.7382],[113.7499,22.7295],[113.7102,22.7269],[113.6805,22.7181],[113.7154,22.676],[113.7351,22.6091],[113.7468,22.5978],[113.7272,22.5608]]]]},"properties":{"region_code":"CN-44-4403","parent_region_code":"CN-44","name":"深圳市","level":"prefecture","has_children":true,"full_path":"中国 / 广东省 / 深圳市","source_admin_code":"4403","osm_relation_id":3464353}},
{"type":"Feature","geometry":{"type":"Polygon","coordinates":[[[114.5024,22.1485],[114.284,22.1485],[114.2552,22.1385],[114.236,22.1485],[113.9395,22.1485],[113.9224,22.1367],[113.8966,22.1425],[113.8324,22.1838],[113.8172,22.2173],[113.8346,22.2576],[113.807,22.2773],[113.7727,22.2719],[113.7054,22.3185],[113.6992,22.3633],[113.7059,22.3869],[113.7154,22.4045],[113.7265,22.4196],[113.7502,22.4477],[113.7501,22.4568],[113.6798,22.4877],[113.6248,22.4806],[113.6049,22.449],[113.5685,22.415],[113.5387,22.4166],[113.5289,22.4186],[113.5139,22.4175],[113.5127,22.4118],[113.5008,22.4177],[113.4982,22.4131],[113.4893,22.4111],[113.4902,22.4008],[113.4806,22.3937],[113.4871,22.3798],[113.4841,22.369],[113.4896,22.3579],[113.4845,22.3526],[113.4848,22.3444],[113.4925,22.3435],[113.4979,22.3274],[113.4905,22.3224],[113.4816,22.322],[113.4694,22.3174],[113.4644,22.3125],[113.4751,22.3066],[113.4825,22.299],[113.4909,22.2855],[113.4897,22.2829],[113.4994,22.2697],[113.5091,22.2643],[113.5073,22.253],[113.5016,22.2494],[113.4851,22.2455],[113.4773,22.2459],[113.4742,22.2364],[113.4812,22.2298],[113.4574,22.2217],[113.452,22.2161],[113.4333,22.2083],[113.4237,22.2063],[113.4086,22.2068],[113.3891,22.2318],[113.3823,22.2371],[113.3776,22.2339],[113.3512,22.248],[113.3439,22.2543],[113.3345,22.2703],[113.3312,22.2834],[113.3242,22.2959],[113.3162,22.3147],[113.3155,22.3323],[113.302,22.3492],[113.2685,22.3877],[113.2575,22.395],[113.2437,22.4041],[113.231,22.3956],[113.2225,22.3999],[113.2083,22.396],[113.1972,22.3864],[113.1864,22.385],[113.1823,22.3984],[113.1746,22.407],[113.1601,22.4014],[113.1598,22.3856],[113.1764,22.375],[113.1829,22.3632],[113.1882,22.3621],[113.1832,22.3349],[113.1803,22.2973],[113.1703,22.2807],[113.1704,22.2717],[113.1665,22.2608],[113.1635,22.2431],[113.1589,22.236],[113.1476,22.2292],[113.1244,22.2207],[113.1159,22.2138],[113.112,22.2192],[113.105,22.2157],[113.1042,22.2073],[113.0924,22.1906],[113.0909,22.1773],[113.0959,22.1701],[113.0968,22.1426],[113.0818,22.12],[113.075,22.0825],[113.075,21.907],[113.075,21.7572],[113.075,21.4197],[113.6374,21.5354],[113.7595,21.5605],[114.0119,21.6123],[114.0585,21.6271],[114.5024,21.8214],[114.5024,22.1485]],[[113.532,22.1733],[113.5282,22.1822],[113.5356,22.2023],[113.5331,22.2123],[113.552,22.216],[113.569,22.2091],[113.5711,22.204],[113.6053,22.2041],[113.6301,22.1656],[113.6301,22.1089],[113.6102,22.0767],[113.571,22.0767],[113.571,22.0988],[113.5496,22.1089],[113.5483,22.1156],[113.5496,22.1454],[113.5395,22.157],[113.532,22.1733]]]},"properties":{"region_code":"CN-44-4404","parent_region_code":"CN-44","name":"珠海市","level":"prefecture","has_children":true,"full_path":"中国 / 广东省 / 珠海市","source_admin_code":"4404","osm_relation_id":3464829}},
{"type":"Feature","geometry":{"type":"Polygon","coordinates":[[[116.8054,22.8329],[117.1658,22.965],[117.311,23.0181],[117.3498,23.0366],[117.382,23.0568],[117.532,23.1648],[117.4083,23.3078],[117.2221,23.5243],[117.1503,23.5246],[117.1001,23.5161],[116.9987,23.4811],[116.899,23.4864],[116.9092,23.5428],[116.9129,23.5526],[116.9116,23.5735],[116.9042,23.5895],[116.9072,23.6055],[116.8966,23.613],[116.8947,23.6215],[116.887,23.6253],[116.8763,23.6225],[116.8699,23.6173],[116.8587,23.6252],[116.8586,23.6353],[116.8518,23.6408],[116.8372,23.6431],[116.8264,23.6484],[116.8183,23.6422],[116.8189,23.6329],[116.8261,23.6231],[116.823,23.6145],[116.8105,23.6151],[116.8008,23.6094],[116.7912,23.6131],[116.7871,23.602],[116.79,23.5921],[116.7821,23.5886],[116.7806,23.5821],[116.768,23.5867],[116.7603,23.5791],[116.7512,23.5782],[116.7466,23.5907],[116.7365,23.5972],[116.7343,23.6042],[116.7141,23.603],[116.7079,23.6],[116.71,23.5874],[116.7013,23.5822],[116.6978,23.5762],[116.7112,23.5685],[116.715,23.5559],[116.7066,23.5539],[116.7001,23.5387],[116.6985,23.5222],[116.7036,23.5161],[116.7045,23.5004],[116.7116,23.4923],[116.7127,23.4712],[116.7081,23.4618],[116.6981,23.4596],[116.6941,23.4506],[116.698,23.4408],[116.6814,23.4324],[116.6788,23.4395],[116.6703,23.4402],[116.6639,23.431],[116.6501,23.4338],[116.6458,23.429],[116.6257,23.4321],[116.6199,23.4315],[116.6048,23.4402],[116.6021,23.4448],[116.5856,23.456],[116.5838,23.4648],[116.5759,23.4639],[116.5755,23.4507],[116.5852,23.4462],[116.5868,23.429],[116.5776,23.4259],[116.5725,23.4146],[116.5736,23.4059],[116.5662,23.394],[116.5645,23.3808],[116.5426,23.423],[116.5336,23.4328],[116.5196,23.4395],[116.4675,23.4397],[116.4616,23.4424],[116.4637,23.4552],[116.486,23.4794],[116.4867,23.4967],[116.4832,23.501],[116.4709,23.503],[116.4441,23.4915],[116.4367,23.4853],[116.4299,23.4741],[116.4188,23.4698],[116.4117,23.4766],[116.4079,23.4914],[116.4103,23.5064],[116.4004,23.5067],[116.394,23.5024],[116.3732,23.5034],[116.3729,23.4975],[116.3633,23.4915],[116.3592,23.4776],[116.3504,23.4746],[116.3448,23.4556],[116.34,23.4489],[116.3279,23.4462],[116.3149,23.4515],[116.3124,23.4434],[116.3185,23.4241],[116.3256,23.4268],[116.3353,23.4142],[116.3419,23.4109],[116.3403,23.4018],[116.3457,23.3906],[116.3456,23.3612],[116.3505,23.3539],[116.3444,23.3385],[116.3249,23.3389],[116.3142,23.3333],[116.3148,23.3291],[116.3262,23.3186],[116.3185,23.3049],[116.3049,23.2982],[116.3081,23.2885],[116.2982,23.2814],[116.3007,23.2732],[116.2946,23.2655],[116.2939,23.2562],[116.2898,23.2513],[116.2896,23.2424],[116.2749,23.2286],[116.2623,23.2305],[116.2552,23.2195],[116.2556,23.2094],[116.2599,23.1994],[116.2482,23.1942],[116.2476,23.1716],[116.2504,23.1552],[116.2439,23.1509],[116.24,23.1431],[116.257,23.1256],[116.2852,23.1103],[116.2869,23.1018],[116.2983,23.0987],[116.3083,23.1053],[116.3244,23.0978],[116.3356,23.0899],[116.3421,23.0611],[116.3636,23.06],[116.3758,23.0423],[116.3912,23.047],[116.4008,23.0565],[116.4222,23.0659],[116.4309,23.0752],[116.4325,23.0827],[116.4493,23.0937],[116.4588,23.0968],[116.4742,23.1068],[116.4917,23.1043],[116.5032,23.1048],[116.5101,23.0967],[116.5377,23.1045],[116.5849,23.1116],[116.6763,22.9962],[116.8054,22.8329]]]},"properties":{"region_code":"CN-44-4405","parent_region_code":"CN-44","name":"汕头市","level":"prefecture","has_children":true,"full_path":"中国 / 广东省 / 汕头市","source_admin_code":"4405","osm_relation_id":3282750}},
{"type":"Feature","geometry":{"type":"Polygon","coordinates":[[[112.9699,23.4655],[112.9611,23.4635],[112.961,23.4532],[112.954,23.4486],[112.9479,23.4562],[112.9371,23.4629],[112.9251,23.4659],[112.9234,23.4862],[112.9087,23.4914],[112.9003,23.4891],[112.8918,23.5021],[112.8892,23.5133],[112.8826,23.5202],[112.8882,23.5292],[112.9061,23.5444],[112.9103,23.5551],[112.8952,23.5695],[112.887,23.5585],[112.867,23.5695],[112.8578,23.5762],[112.8434,23.5696],[112.8315,23.5681],[112.822,23.5697],[112.8208,23.5621],[112.8253,23.5484],[112.8265,23.5403],[112.8356,23.5388],[112.844,23.532],[112.8436,23.5191],[112.8402,23.5057],[112.8406,23.4899],[112.8331,23.4877],[112.8259,23.4708],[112.8066,23.4652],[112.7975,23.4469],[112.7985,23.4384],[112.7912,23.4317],[112.7889,23.4102],[112.7826,23.4058],[112.7805,23.3968],[112.7805,23.3766],[112.7887,23.3716],[112.8014,23.3701],[112.8007,23.3902],[112.8089,23.3945],[112.8333,23.3901],[112.8546,23.3673],[112.8588,23.3519],[112.8705,23.3533],[112.8835,23.3482],[112.8759,23.3394],[112.8663,23.3184],[112.8621,23.2968],[112.8563,23.2942],[112.8428,23.2778],[112.8399,23.2661],[112.8226,23.253],[112.8259,23.2469],[112.8352,23.2421],[112.8412,23.2326],[112.8268,23.2184],[112.8099,23.2198],[112.8057,23.2031],[112.7957,23.2031],[112.8014,23.2151],[112.7901,23.229],[112.7882,23.2109],[112.7791,23.2093],[112.7763,23.2285],[112.7642,23.226],[112.7678,23.2183],[112.761,23.2162],[112.7609,23.2031],[112.7674,23.2027],[112.7705,23.1821],[112.7703,23.1711],[112.7877,23.1512],[112.7925,23.1377],[112.7935,23.1145],[112.7982,23.0982],[112.8113,23.0767],[112.8149,23.05],[112.8266,23.0267],[112.8276,23.0179],[112.8114,23.011],[112.7991,22.9993],[112.7897,22.9932],[112.783,22.9947],[112.7835,23.0017],[112.766,22.9928],[112.7576,22.9821],[112.74,22.993],[112.7296,22.984],[112.728,22.9759],[112.7352,22.958],[112.731,22.9543],[112.7289,22.9435],[112.719,22.9403],[112.7037,22.9306],[112.6986,22.9386],[112.6995,22.9469],[112.6946,22.9512],[112.6818,22.9513],[112.669,22.9439],[112.6882,22.9216],[112.6796,22.9015],[112.6634,22.8936],[112.656,22.8938],[112.6306,22.8867],[112.6275,22.8804],[112.5939,22.8718],[112.5903,22.8738],[112.6018,22.8859],[112.5981,22.9006],[112.5871,22.8981],[112.5753,22.9048],[112.5721,22.9122],[112.5623,22.9142],[112.5478,22.9242],[112.5402,22.9131],[112.5326,22.9128],[112.5327,22.9007],[112.5201,22.9001],[112.524,22.9081],[112.5042,22.9117],[112.5023,22.9043],[112.4866,22.9039],[112.4773,22.8993],[112.4749,22.8915],[112.4783,22.8821],[112.4707,22.8688],[112.4783,22.8643],[112.4839,22.8548],[112.4927,22.8526],[112.4986,22.8385],[112.4939,22.8297],[112.4953,22.8153],[112.4833,22.8095],[112.4776,22.7977],[112.4669,22.7966],[112.4581,22.792],[112.4385,22.7943],[112.4361,22.7904],[112.4082,22.7771],[112.3872,22.7724],[112.3874,22.7471],[112.3937,22.7291],[112.4054,22.7071],[112.3978,22.7029],[112.3962,22.6932],[112.3985,22.6853],[112.4066,22.6739],[112.421,22.6735],[112.4305,22.6837],[112.4433,22.7111],[112.4592,22.7129],[112.4628,22.708],[112.4714,22.7068],[112.4805,22.7218],[112.4899,22.7289],[112.4987,22.7309],[112.5024,22.7263],[112.5181,22.731],[112.5279,22.7264],[112.5419,22.7064],[112.5536,22.6961],[112.5507,22.6865],[112.5333,22.678],[112.5348,22.6591],[112.5313,22.6516],[112.5414,22.6452],[112.5491,22.651],[112.5593,22.6526],[112.577,22.6637],[112.5798,22.6808],[112.591,22.6838],[112.5953,22.6918],[112.5823,22.6994],[112.6065,22.7119],[112.6181,22.7117],[112.6283,22.7183],[112.6361,22.7159],[112.6404,22.7237],[112.6551,22.7303],[112.6596,22.716],[112.675,22.7169],[112.6776,22.7246],[112.6708,22.7304],[112.6803,22.7361],[112.6853,22.7293],[112.6941,22.7338],[112.6828,22.74],[112.6766,22.7464],[112.6913,22.7619],[112.6975,22.7595],[112.7027,22.7469],[112.6938,22.7352],[112.7055,22.7279],[112.6997,22.7199],[112.6915,22.7156],[112.6874,22.7056],[112.6918,22.6981],[112.7035,22.7127],[112.7071,22.7],[112.7289,22.7011],[112.7328,22.6947],[112.7409,22.6993],[112.7487,22.6949],[112.7574,22.703],[112.7643,22.7041],[112.7731,22.7181],[112.7933,22.7259],[112.8028,22.7317],[112.8019,22.7387],[112.8053,22.7534],[112.7987,22.7575],[112.8064,22.7682],[112.8129,22.7683],[112.813,22.7776],[112.8172,22.7874],[112.811,22.7969],[112.8145,22.8061],[112.8291,22.8062],[112.8382,22.8136],[112.8479,22.8126],[112.8456,22.8331],[112.8395,22.8382],[112.8464,22.8429],[112.8552,22.8367],[112.8628,22.8384],[112.8671,22.8476],[112.877,22.8535],[112.8942,22.8461],[112.9009,22.8549],[112.9191,22.8595],[112.9557,22.8301],[112.9715,22.809],[112.9837,22.8026],[112.9968,22.8051],[113.0222,22.8048],[113.0332,22.8091],[113.0441,22.8104],[113.0534,22.8049],[113.0651,22.788],[113.0743,22.7718],[113.0743,22.7563],[113.0765,22.7401],[113.0824,22.7197],[113.0941,22.7031],[113.1135,22.7048],[113.125,22.7031],[113.1336,22.6984],[113.156,22.6764],[113.1614,22.6772],[113.1717,22.685],[113.184,22.6766],[113.1942,22.6805],[113.204,22.7014],[113.2167,22.7147],[113.2282,22.7349],[113.231,22.7436],[113.2428,22.7476],[113.2516,22.7419],[113.2568,22.7315],[113.2673,22.7306],[113.274,22.739],[113.2868,22.7418],[113.2966,22.7392],[113.3243,22.7445],[113.3246,22.7529],[113.3369,22.761],[113.353,22.7678],[113.3598,22.7761],[113.3561,22.7807],[113.3513,22.7964],[113.3761,22.801],[113.388,22.8125],[113.3742,22.8225],[113.3578,22.8261],[113.3302,22.8213],[113.3256,22.8255],[113.3077,22.832],[113.3046,22.8402],[113.3041,22.8542],[113.2916,22.8607],[113.2961,22.869],[113.2942,22.881],[113.271,22.8963],[113.2722,22.9035],[113.2811,22.9055],[113.2781,22.9144],[113.2769,22.9303],[113.2931,22.9371],[113.2825,22.9533],[113.2648,22.9597],[113.245,22.9751],[113.2459,22.991],[113.2522,22.9971],[113.2452,23.0019],[113.2447,23.0112],[113.2551,23.02],[113.2492,23.0398],[113.2506,23.0468],[113.2283,23.0459],[113.2208,23.0441],[113.207,23.0458],[113.191,23.0585],[113.1808,23.0616],[113.1723,23.0716],[113.1736,23.0773],[113.1883,23.0864],[113.2037,23.0862],[113.2081,23.1023],[113.1992,23.1131],[113.1998,23.1247],[113.2058,23.1252],[113.2083,23.1438],[113.189,23.1494],[113.1832,23.1478],[113.1819,23.1608],[113.1934,23.1727],[113.2058,23.1793],[113.203,23.1849],[113.2038,23.1956],[113.199,23.2045],[113.1828,23.2175],[113.1762,23.2173],[113.1718,23.2245],[113.1764,23.2503],[113.1734,23.2752],[113.1601,23.2802],[113.156,23.2888],[113.1474,23.2876],[113.1437,23.2938],[113.1463,23.303],[113.1316,23.312],[113.1042,23.3069],[113.1055,23.2989],[113.0991,23.2925],[113.0935,23.2944],[113.0692,23.2876],[113.0664,23.2813],[113.0737,23.2702],[113.0754,23.2541],[113.0637,23.2503],[113.0475,23.2554],[113.046,23.2809],[113.0371,23.286],[113.0271,23.3034],[113.03,23.3164],[113.0181,23.3275],[113.024,23.3384],[113.038,23.3536],[113.0294,23.3599],[113.0183,23.349],[113.01,23.3448],[113.0049,23.3568],[112.9846,23.3574],[112.9813,23.3603],[112.9805,23.3717],[112.9752,23.3765],[112.9783,23.3903],[112.9831,23.3928],[112.9816,23.4018],[112.9906,23.4081],[112.9875,23.42],[112.9834,23.4225],[112.9734,23.4443],[112.9699,23.437],[112.9634,23.4359],[112.9575,23.4277],[112.953,23.437],[112.9582,23.4473],[112.9662,23.4507],[112.9699,23.4655]]]},"properties":{"region_code":"CN-44-4406","parent_region_code":"CN-44","name":"佛山市","level":"prefecture","has_children":true,"full_path":"中国 / 广东省 / 佛山市","source_admin_code":"4406","osm_relation_id":3464719}},
{"type":"Feature","geometry":{"type":"Polygon","coordinates":[[[113.2575,22.395],[113.2511,22.4141],[113.2514,22.4411],[113.2393,22.4608],[113.2386,22.4695],[113.2285,22.4898],[113.2175,22.5022],[113.2066,22.5212],[113.1941,22.5292],[113.1819,22.5428],[113.1837,22.5556],[113.1794,22.5779],[113.1712,22.5929],[113.1602,22.6046],[113.1537,22.6187],[113.1517,22.6287],[113.1558,22.6513],[113.1658,22.6531],[113.1652,22.6615],[113.1582,22.6665],[113.156,22.6764],[113.1336,22.6984],[113.125,22.7031],[113.1135,22.7048],[113.0941,22.7031],[113.0824,22.7197],[113.0765,22.7401],[113.0743,22.7563],[113.0743,22.7718],[113.0651,22.788],[113.0534,22.8049],[113.0441,22.8104],[113.0332,22.8091],[113.0222,22.8048],[112.9968,22.8051],[112.9837,22.8026],[112.9715,22.809],[112.9557,22.8301],[112.9191,22.8595],[112.9009,22.8549],[112.8942,22.8461],[112.877,22.8535],[112.8671,22.8476],[112.8628,22.8384],[112.8552,22.8367],[112.8464,22.8429],[112.8395,22.8382],[112.8456,22.8331],[112.8479,22.8126],[112.8382,22.8136],[112.8291,22.8062],[112.8145,22.8061],[112.811,22.7969],[112.8172,22.7874],[112.813,22.7776],[112.8129,22.7683],[112.8064,22.7682],[112.7987,22.7575],[112.8053,22.7534],[112.8019,22.7387],[112.8028,22.7317],[112.7933,22.7259],[112.7731,22.7181],[112.7643,22.7041],[112.7574,22.703],[112.7487,22.6949],[112.7409,22.6993],[112.7328,22.6947],[112.7289,22.7011],[112.7071,22.7],[112.7035,22.7127],[112.6918,22.6981],[112.6874,22.7056],[112.6915,22.7156],[112.6997,22.7199],[112.7055,22.7279],[112.6938,22.7352],[112.7027,22.7469],[112.6975,22.7595],[112.6913,22.7619],[112.6766,22.7464],[112.6828,22.74],[112.6941,22.7338],[112.6853,22.7293],[112.6803,22.7361],[112.6708,22.7304],[112.6776,22.7246],[112.675,22.7169],[112.6596,22.716],[112.6551,22.7303],[112.6404,22.7237],[112.6361,22.7159],[112.6283,22.7183],[112.6181,22.7117],[112.6065,22.7119],[112.5823,22.6994],[112.5953,22.6918],[112.591,22.6838],[112.5798,22.6808],[112.577,22.6637],[112.5593,22.6526],[112.5491,22.651],[112.5414,22.6452],[112.5313,22.6516],[112.5348,22.6591],[112.5333,22.678],[112.5507,22.6865],[112.5536,22.6961],[112.5419,22.7064],[112.5279,22.7264],[112.5181,22.731],[112.5024,22.7263],[112.4987,22.7309],[112.4899,22.7289],[112.4805,22.7218],[112.4714,22.7068],[112.4875,22.6897],[112.4848,22.679],[112.4951,22.6715],[112.4983,22.6607],[112.5051,22.6521],[112.4989,22.6425],[112.5077,22.6354],[112.5143,22.6245],[112.5166,22.6102],[112.5138,22.6068],[112.4583,22.5876],[112.4511,22.6033],[112.4365,22.6087],[112.4367,22.6146],[112.4304,22.6227],[112.438,22.645],[112.4285,22.6562],[112.43,22.664],[112.4225,22.6683],[112.4142,22.6669],[112.4074,22.6595],[112.408,22.6498],[112.3951,22.6386],[112.3993,22.6311],[112.3998,22.6209],[112.3906,22.6169],[112.3908,22.6053],[112.385,22.5974],[112.374,22.5971],[112.3712,22.5881],[112.3728,22.5758],[112.3659,22.561],[112.3591,22.5613],[112.3382,22.5674],[112.3375,22.5609],[112.3528,22.5567],[112.3549,22.5496],[112.3413,22.5531],[112.3328,22.5489],[112.3187,22.5574],[112.3262,22.5702],[112.3099,22.5759],[112.302,22.5733],[112.3016,22.5605],[112.297,22.5476],[112.3022,22.5308],[112.296,22.5181],[112.2672,22.5103],[112.2518,22.5031],[112.2526,22.4895],[112.2573,22.4847],[112.2453,22.4613],[112.2405,22.4492],[112.2304,22.4357],[112.2308,22.4299],[112.2389,22.4173],[112.2323,22.4096],[112.2217,22.4109],[112.206,22.4019],[112.1948,22.4061],[112.1859,22.3998],[112.1876,22.3872],[112.1811,22.3789],[112.184,22.3675],[112.1698,22.3726],[112.1668,22.3845],[112.1601,22.3878],[112.1487,22.3787],[112.148,22.3712],[112.1392,22.3613],[112.1453,22.356],[112.142,22.3418],[112.1292,22.3399],[112.1294,22.3519],[112.1229,22.3524],[112.1144,22.3465],[112.1146,22.359],[112.1026,22.3501],[112.0934,22.3543],[112.0765,22.3538],[112.0672,22.3417],[112.0597,22.3271],[112.0636,22.3212],[112.0569,22.3072],[112.063,22.2987],[112.0562,22.2863],[112.0442,22.2735],[112.0313,22.2656],[112.0148,22.2711],[112.0054,22.269],[111.9985,22.258],[111.9991,22.2512],[112.0162,22.2456],[112.0189,22.238],[112.0327,22.2349],[112.0327,22.2178],[112.0463,22.2103],[112.0469,22.1975],[112.0364,22.1902],[112.0363,22.1817],[112.0315,22.1707],[112.0459,22.1495],[112.0422,22.1418],[112.0336,22.1341],[112.022,22.1298],[112.0309,22.1168],[112.0671,22.1273],[112.0679,22.1328],[112.0846,22.14],[112.1012,22.1373],[112.1014,22.1281],[112.12,22.1137],[112.1205,22.0999],[112.1391,22.0976],[112.1444,22.0936],[112.1513,22.0984],[112.1625,22.0881],[112.1686,22.0879],[112.1799,22.0695],[112.1939,22.0674],[112.2072,22.072],[112.2209,22.0694],[112.2198,22.0596],[112.2261,22.0555],[112.2183,22.0449],[112.2116,22.0423],[112.2165,22.0206],[112.2206,22.0149],[112.2286,22.0144],[112.2343,22.009],[112.2449,22.0091],[112.2587,22.0042],[112.2685,21.9963],[112.2661,21.9907],[112.2719,21.9853],[112.2907,21.9856],[112.2961,21.988],[112.3133,21.979],[112.3186,21.9656],[112.3259,21.9621],[112.3353,21.9454],[112.3359,21.9218],[112.3449,21.917],[112.3406,21.908],[112.3454,21.9041],[112.3435,21.8905],[112.338,21.8785],[112.3598,21.8695],[112.3649,21.8651],[112.3461,21.8508],[112.3463,21.8445],[112.3536,21.8358],[112.3372,21.8208],[112.3407,21.8136],[112.3312,21.8053],[112.3231,21.8016],[112.3272,21.7709],[112.3124,21.7601],[112.309,21.7529],[112.3031,21.7515],[112.3005,21.7423],[112.3049,21.7352],[112.2985,21.717],[112.3032,21.7072],[112.3031,21.4806],[112.3031,21.0323],[112.4893,21.2861],[112.8485,21.3732],[113.075,21.4197],[113.075,21.7572],[113.075,21.907],[113.075,22.0825],[113.0818,22.12],[113.0968,22.1426],[113.0959,22.1701],[113.0909,22.1773],[113.0924,22.1906],[113.1042,22.2073],[113.105,22.2157],[113.112,22.2192],[113.1159,22.2138],[113.1244,22.2207],[113.1476,22.2292],[113.1589,22.236],[113.1635,22.2431],[113.1665,22.2608],[113.1704,22.2717],[113.1703,22.2807],[113.1803,22.2973],[113.1832,22.3349],[113.1882,22.3621],[113.1829,22.3632],[113.1764,22.375],[113.1598,22.3856],[113.1601,22.4014],[113.1746,22.407],[113.1823,22.3984],[113.1864,22.385],[113.1972,22.3864],[113.2083,22.396],[113.2225,22.3999],[113.231,22.3956],[113.2437,22.4041],[113.2575,22.395]]]},"properties":{"region_code":"CN-44-4407","parent_region_code":"CN-44","name":"江门市","level":"prefecture","has_children":true,"full_path":"中国 / 广东省 / 江门市","source_admin_code":"4407","osm_relation_id":3463901}},
{"type":"Feature","geometry":{"type":"MultiPolygon","coordinates":[[[[110.3918,21.9086],[110.4083,21.9115],[110.4048,21.9167],[110.4069,21.9272],[110.4167,21.9383],[110.4305,21.9364],[110.4376,21.9417],[110.4121,21.9494],[110.4086,21.9565],[110.3971,21.956],[110.3866,21.9528],[110.3778,21.9466],[110.3684,21.9361],[110.3741,21.9316],[110.3813,21.9324],[110.3856,21.9196],[110.3915,21.9159],[110.3918,21.9086]]],[[[110.3795,21.7855],[110.3742,21.7781],[110.3765,21.7615],[110.3845,21.7646],[110.3859,21.7808],[110.3795,21.7855]]],[[[110.3831,21.8928],[110.3634,21.8915],[110.3442,21.8938],[110.3311,21.8907],[110.3195,21.8955],[110.3096,21.9089],[110.2998,21.9116],[110.286,21.9207],[110.2859,21.9135],[110.2793,21.8949],[110.2656,21.8966],[110.2562,21.8891],[110.2538,21.8831],[110.228,21.8815],[110.2058,21.8897],[110.2076,21.8958],[110.1979,21.9004],[110.1706,21.9013],[110.1599,21.8967],[110.1464,21.8997],[110.1392,21.8926],[110.1304,21.8958],[110.1277,21.9038],[110.1153,21.9042],[110.113,21.8939],[110.1026,21.8851],[110.1033,21.8733],[110.0972,21.8727],[110.095,21.8839],[110.0871,21.8834],[110.0823,21.872],[110.0644,21.8623],[110.0468,21.8598],[110.0339,21.8725],[110.0022,21.8778],[110.0007,21.8829],[109.9825,21.8823],[109.9828,21.8762],[109.9696,21.869],[109.9412,21.8471],[109.9449,21.8412],[109.9401,21.8263],[109.9321,21.8157],[109.935,21.811],[109.9314,21.8015],[109.9344,21.79],[109.9358,21.771],[109.9286,21.7668],[109.9311,21.7575],[109.931,21.7445],[109.9376,21.7389],[109.9247,21.7363],[109.9185,21.7303],[109.9211,21.7084],[109.9105,21.7063],[109.9014,21.6965],[109.9011,21.688],[109.91,21.6863],[109.91,21.6695],[109.8942,21.6524],[109.877,21.656],[109.8699,21.6609],[109.8601,21.6495],[109.8405,21.647],[109.8329,21.6395],[109.823,21.6425],[109.8153,21.6405],[109.8057,21.6474],[109.8014,21.6391],[109.8027,21.6318],[109.7908,21.6332],[109.7854,21.6405],[109.7755,21.6629],[109.7736,21.6729],[109.7648,21.6747],[109.7613,21.6701],[109.7614,21.6601],[109.7387,21.6174],[109.743,21.6117],[109.7419,21.5946],[109.7517,21.5758],[109.749,21.574],[109.7522,21.556],[109.7613,21.5469],[109.7842,21.4944],[109.7817,21.4725],[109.7829,21.4136],[109.7344,21.3848],[109.5729,21.3397],[109.5066,21.2671],[109.4637,21.2193],[109.3917,21.064],[109.4381,20.9063],[109.4158,20.4585],[109.4049,20.2466],[109.8629,20.1198],[110.0904,20.1406],[110.2509,20.1549],[110.531,20.2638],[110.6014,20.288],[111.0972,20.2216],[111.4274,20.1834],[111.663,20.1562],[111.7981,20.3415],[112.0515,20.6886],[111.428,21.0339],[111.0147,21.2623],[110.9668,21.4223],[110.9618,21.4242],[110.9592,21.4378],[110.952,21.4457],[110.9338,21.4451],[110.9248,21.4519],[110.9176,21.445],[110.9063,21.4412],[110.8975,21.4285],[110.8898,21.4324],[110.8891,21.4394],[110.8802,21.445],[110.8858,21.4506],[110.8909,21.4636],[110.8794,21.4724],[110.8701,21.4701],[110.8728,21.4808],[110.8716,21.5009],[110.8662,21.5007],[110.8616,21.5083],[110.8555,21.5003],[110.8489,21.5017],[110.8427,21.4944],[110.8383,21.4996],[110.8517,21.5064],[110.8442,21.5198],[110.8484,21.524],[110.8417,21.5318],[110.8215,21.5462],[110.8145,21.5491],[110.8201,21.5656],[110.8132,21.5717],[110.8144,21.5788],[110.8091,21.5857],[110.7901,21.5829],[110.7891,21.5952],[110.7934,21.6044],[110.7911,21.6145],[110.7948,21.6306],[110.7751,21.6408],[110.7673,21.6504],[110.757,21.6456],[110.75,21.6373],[110.7431,21.6381],[110.7326,21.6274],[110.731,21.6156],[110.7387,21.6088],[110.7418,21.5935],[110.731,21.5872],[110.7298,21.5781],[110.7223,21.5753],[110.7205,21.5559],[110.7219,21.5456],[110.7298,21.5357],[110.7177,21.529],[110.7083,21.5282],[110.6961,21.5194],[110.6834,21.5189],[110.6695,21.5236],[110.6688,21.5138],[110.6774,21.5104],[110.6835,21.4941],[110.6759,21.4914],[110.663,21.5001],[110.654,21.4934],[110.6536,21.5063],[110.6392,21.4997],[110.6407,21.4854],[110.6241,21.4862],[110.6169,21.4838],[110.6046,21.5021],[110.5948,21.51],[110.5859,21.5033],[110.5732,21.5019],[110.5708,21.5189],[110.5604,21.5195],[110.5528,21.5154],[110.5455,21.5041],[110.5375,21.4961],[110.5412,21.4819],[110.5372,21.4759],[110.5281,21.483],[110.5138,21.4831],[110.513,21.4924],[110.5055,21.4928],[110.5049,21.5066],[110.4941,21.5196],[110.4803,21.5165],[110.4739,21.531],[110.4788,21.536],[110.4779,21.546],[110.4735,21.5536],[110.4659,21.55],[110.4529,21.5568],[110.4392,21.5588],[110.4298,21.5563],[110.4209,21.5602],[110.4233,21.5831],[110.4364,21.5837],[110.4336,21.5959],[110.4274,21.5997],[110.4145,21.6012],[110.4134,21.5878],[110.4061,21.5906],[110.4053,21.6003],[110.4073,21.6193],[110.401,21.6205],[110.3985,21.6326],[110.3998,21.6507],[110.3822,21.6523],[110.3839,21.6604],[110.3779,21.6699],[110.3885,21.6715],[110.3935,21.6759],[110.4034,21.6761],[110.4073,21.6835],[110.3983,21.6916],[110.3804,21.6811],[110.3709,21.6861],[110.3468,21.7121],[110.3642,21.7243],[110.3622,21.7301],[110.361,21.7558],[110.3695,21.7611],[110.3655,21.7726],[110.3697,21.7839],[110.3838,21.7915],[110.3786,21.7999],[110.3614,21.8004],[110.3441,21.8046],[110.3445,21.8109],[110.3547,21.8086],[110.3534,21.818],[110.3349,21.8089],[110.3348,21.8251],[110.3394,21.8423],[110.347,21.8482],[110.3497,21.869],[110.3621,21.8689],[110.369,21.8586],[110.3825,21.855],[110.3903,21.8596],[110.3945,21.8707],[110.3873,21.876],[110.3869,21.8862],[110.3831,21.8928]],[[110.7287,21.5106],[110.7263,21.5036],[110.7189,21.5061],[110.704,21.5035],[110.7052,21.5104],[110.713,21.5197],[110.7224,21.5114],[110.7287,21.5106]]]]},"properties":{"region_code":"CN-44-4408","parent_region_code":"CN-44","name":"湛江市","level":"prefecture","has_children":true,"full_path":"中国 / 广东省 / 湛江市","source_admin_code":"4408","osm_relation_id":3484419}},
{"type":"Feature","geometry":{"type":"MultiPolygon","coordinates":[[[[110.7287,21.5106],[110.7224,21.5114],[110.713,21.5197],[110.7052,21.5104],[110.704,21.5035],[110.7189,21.5061],[110.7263,21.5036],[110.7287,21.5106]]],[[[110.3918,21.9086],[110.3831,21.8928],[110.3869,21.8862],[110.3873,21.876],[110.3945,21.8707],[110.3903,21.8596],[110.3825,21.855],[110.369,21.8586],[110.3621,21.8689],[110.3497,21.869],[110.347,21.8482],[110.3394,21.8423],[110.3348,21.8251],[110.3349,21.8089],[110.3534,21.818],[110.3547,21.8086],[110.3445,21.8109],[110.3441,21.8046],[110.3614,21.8004],[110.3786,21.7999],[110.3838,21.7915],[110.3697,21.7839],[110.3655,21.7726],[110.3695,21.7611],[110.361,21.7558],[110.3622,21.7301],[110.3642,21.7243],[110.3468,21.7121],[110.3709,21.6861],[110.3804,21.6811],[110.3983,21.6916],[110.4073,21.6835],[110.4034,21.6761],[110.3935,21.6759],[110.3885,21.6715],[110.3779,21.6699],[110.3839,21.6604],[110.3822,21.6523],[110.3998,21.6507],[110.3985,21.6326],[110.401,21.6205],[110.4073,21.6193],[110.4053,21.6003],[110.4061,21.5906],[110.4134,21.5878],[110.4145,21.6012],[110.4274,21.5997],[110.4336,21.5959],[110.4364,21.5837],[110.4233,21.5831],[110.4209,21.5602],[110.4298,21.5563],[110.4392,21.5588],[110.4529,21.5568],[110.4659,21.55],[110.4735,21.5536],[110.4779,21.546],[110.4788,21.536],[110.4739,21.531],[110.4803,21.5165],[110.4941,21.5196],[110.5049,21.5066],[110.5055,21.4928],[110.513,21.4924],[110.5138,21.4831],[110.5281,21.483],[110.5372,21.4759],[110.5412,21.4819],[110.5375,21.4961],[110.5455,21.5041],[110.5528,21.5154],[110.5604,21.5195],[110.5708,21.5189],[110.5732,21.5019],[110.5859,21.5033],[110.5948,21.51],[110.6046,21.5021],[110.6169,21.4838],[110.6241,21.4862],[110.6407,21.4854],[110.6392,21.4997],[110.6536,21.5063],[110.654,21.4934],[110.663,21.5001],[110.6759,21.4914],[110.6835,21.4941],[110.6774,21.5104],[110.6688,21.5138],[110.6695,21.5236],[110.6834,21.5189],[110.6961,21.5194],[110.7083,21.5282],[110.7177,21.529],[110.7298,21.5357],[110.7219,21.5456],[110.7205,21.5559],[110.7223,21.5753],[110.7298,21.5781],[110.731,21.5872],[110.7418,21.5935],[110.7387,21.6088],[110.731,21.6156],[110.7326,21.6274],[110.7431,21.6381],[110.75,21.6373],[110.757,21.6456],[110.7673,21.6504],[110.7751,21.6408],[110.7948,21.6306],[110.7911,21.6145],[110.7934,21.6044],[110.7891,21.5952],[110.7901,21.5829],[110.8091,21.5857],[110.8144,21.5788],[110.8132,21.5717],[110.8201,21.5656],[110.8145,21.5491],[110.8215,21.5462],[110.8417,21.5318],[110.8484,21.524],[110.8442,21.5198],[110.8517,21.5064],[110.8383,21.4996],[110.8427,21.4944],[110.8489,21.5017],[110.8555,21.5003],[110.8616,21.5083],[110.8662,21.5007],[110.8716,21.5009],[110.8728,21.4808],[110.8701,21.4701],[110.8794,21.4724],[110.8909,21.4636],[110.8858,21.4506],[110.8802,21.445],[110.8891,21.4394],[110.8898,21.4324],[110.8975,21.4285],[110.9063,21.4412],[110.9176,21.445],[110.9248,21.4519],[110.9338,21.4451],[110.952,21.4457],[110.9592,21.4378],[110.9618,21.4242],[110.9668,21.4223],[111.0147,21.2623],[111.428,21.0339],[111.4282,21.456],[111.4543,21.5312],[111.4441,21.5451],[111.4449,21.5553],[111.4354,21.5721],[111.4232,21.5741],[111.413,21.5797],[111.4175,21.591],[111.4099,21.5986],[111.4112,21.6039],[111.4212,21.6151],[111.413,21.6225],[111.4093,21.6418],[111.4174,21.6533],[111.4191,21.6667],[111.4261,21.6731],[111.4233,21.6787],[111.4356,21.696],[111.4307,21.713],[111.4268,21.7202],[111.4159,21.7241],[111.4018,21.7244],[111.397,21.7303],[111.3912,21.7281],[111.3765,21.7372],[111.3777,21.7513],[111.3833,21.7595],[111.3715,21.7769],[111.3817,21.7827],[111.3962,21.8008],[111.4153,21.8128],[111.4165,21.8329],[111.4119,21.8526],[111.3976,21.8574],[111.398,21.8647],[111.3693,21.863],[111.3622,21.8666],[111.3573,21.8796],[111.3484,21.8809],[111.3349,21.877],[111.3201,21.8896],[111.315,21.9005],[111.3058,21.8967],[111.302,21.9017],[111.2911,21.9052],[111.2851,21.9107],[111.2822,21.9268],[111.2895,21.9388],[111.2781,21.9587],[111.282,21.9675],[111.2788,21.975],[111.2826,21.9803],[111.278,21.9895],[111.2826,22.0028],[111.2953,22.0087],[111.3009,22.0146],[111.2995,22.0327],[111.2908,22.0341],[111.2844,22.0409],[111.2803,22.0502],[111.2834,22.0611],[111.2956,22.0668],[111.2936,22.0727],[111.3192,22.1077],[111.3193,22.1161],[111.3276,22.1181],[111.3361,22.127],[111.335,22.1347],[111.3262,22.1449],[111.3303,22.1542],[111.3293,22.1628],[111.3241,22.1671],[111.3231,22.1761],[111.3399,22.1821],[111.3455,22.1862],[111.3489,22.196],[111.3409,22.2142],[111.3509,22.2261],[111.3553,22.2367],[111.3658,22.2406],[111.3716,22.2458],[111.3779,22.2441],[111.3833,22.254],[111.3915,22.2537],[111.4114,22.2667],[111.4147,22.2738],[111.4277,22.279],[111.4482,22.273],[111.4595,22.3049],[111.4541,22.3125],[111.4652,22.3353],[111.487,22.3364],[111.5061,22.3525],[111.5119,22.3682],[111.526,22.3613],[111.5377,22.371],[111.5476,22.3677],[111.562,22.3778],[111.5665,22.3782],[111.5853,22.3728],[111.5957,22.3786],[111.5967,22.3881],[111.6023,22.3963],[111.6118,22.3936],[111.6149,22.3991],[111.6259,22.4059],[111.6507,22.4363],[111.6651,22.4494],[111.674,22.4598],[111.6783,22.4717],[111.6752,22.4854],[111.6734,22.4993],[111.6664,22.5062],[111.6431,22.5012],[111.6289,22.5063],[111.6272,22.5118],[111.6133,22.5035],[111.6163,22.5243],[111.6117,22.5289],[111.6059,22.5494],[111.5913,22.5544],[111.578,22.5502],[111.5646,22.5417],[111.5544,22.5318],[111.5561,22.5264],[111.5405,22.5211],[111.5404,22.5023],[111.5357,22.5001],[111.5267,22.4872],[111.5201,22.4831],[111.5027,22.4968],[111.4879,22.5031],[111.4817,22.5084],[111.4641,22.4931],[111.4717,22.483],[111.4684,22.4713],[111.4743,22.4589],[111.4661,22.4448],[111.4408,22.445],[111.4333,22.43],[111.4165,22.4294],[111.4117,22.4338],[111.4159,22.4496],[111.4072,22.4538],[111.4043,22.4598],[111.4035,22.4779],[111.398,22.4822],[111.4053,22.4947],[111.4088,22.5081],[111.4081,22.5153],[111.3978,22.5188],[111.3794,22.5125],[111.3684,22.5187],[111.3433,22.5107],[111.3372,22.5215],[111.3303,22.525],[111.3247,22.5189],[111.3045,22.5147],[111.2992,22.51],[111.2882,22.5089],[111.2744,22.497],[111.2672,22.5006],[111.267,22.509],[111.2722,22.5207],[111.2801,22.5268],[111.2889,22.5505],[111.3176,22.5524],[111.3215,22.5601],[111.3142,22.5625],[111.2986,22.5723],[111.298,22.5836],[111.2742,22.5949],[111.2643,22.5958],[111.2485,22.5921],[111.244,22.5865],[111.2353,22.5858],[111.2142,22.5887],[111.2106,22.5975],[111.1925,22.6131],[111.1808,22.6072],[111.1697,22.6086],[111.1579,22.6221],[111.1389,22.6287],[111.138,22.6414],[111.125,22.6631],[111.1245,22.6701],[111.1305,22.6764],[111.1322,22.6877],[111.1118,22.7066],[111.1023,22.7069],[111.0996,22.6975],[111.0849,22.6966],[111.0843,22.6917],[111.0743,22.6803],[111.0686,22.67],[111.0552,22.6667],[111.0552,22.6575],[111.0499,22.6508],[111.0354,22.6514],[111.0307,22.6474],[111.0237,22.6536],[111.0092,22.6483],[110.991,22.6342],[110.9829,22.6437],[110.9754,22.6454],[110.9621,22.6396],[110.9556,22.6238],[110.9444,22.6125],[110.9227,22.6118],[110.8925,22.6171],[110.8946,22.599],[110.8841,22.5883],[110.8762,22.5854],[110.8659,22.5903],[110.8545,22.5912],[110.8493,22.5866],[110.8297,22.5905],[110.804,22.5773],[110.8009,22.5623],[110.7948,22.5602],[110.7867,22.5765],[110.7764,22.584],[110.7735,22.5901],[110.7559,22.5853],[110.7599,22.5716],[110.7538,22.5615],[110.7442,22.558],[110.7551,22.5493],[110.7478,22.5395],[110.7531,22.5354],[110.7554,22.5202],[110.7467,22.5222],[110.7396,22.514],[110.7404,22.5073],[110.7338,22.4998],[110.7368,22.4867],[110.7445,22.4801],[110.739,22.4697],[110.7161,22.4642],[110.6972,22.4721],[110.6958,22.4771],[110.6866,22.4824],[110.6797,22.4776],[110.6804,22.4677],[110.6891,22.459],[110.6914,22.4493],[110.6998,22.4508],[110.7057,22.4471],[110.7101,22.4338],[110.7084,22.4171],[110.7017,22.4079],[110.7084,22.3953],[110.7043,22.3827],[110.7054,22.3733],[110.7206,22.364],[110.7265,22.3691],[110.736,22.3654],[110.7444,22.3546],[110.7429,22.3407],[110.7478,22.3305],[110.7573,22.3272],[110.7686,22.3108],[110.768,22.2987],[110.7812,22.2972],[110.7855,22.2933],[110.7822,22.2856],[110.7646,22.2789],[110.7546,22.278],[110.7491,22.2849],[110.735,22.2847],[110.7242,22.2968],[110.7161,22.2962],[110.707,22.2801],[110.6913,22.2751],[110.6864,22.2677],[110.6902,22.2616],[110.6821,22.2517],[110.6604,22.248],[110.6519,22.2427],[110.645,22.2337],[110.6428,22.2236],[110.6505,22.2081],[110.6625,22.2057],[110.6714,22.1921],[110.6727,22.1754],[110.665,22.1738],[110.6611,22.1681],[110.6518,22.1709],[110.6415,22.1625],[110.6376,22.1558],[110.625,22.152],[110.6139,22.1628],[110.6008,22.1588],[110.5944,22.1657],[110.5988,22.1712],[110.5954,22.1766],[110.5997,22.1855],[110.5914,22.1897],[110.5808,22.1882],[110.556,22.1994],[110.5467,22.1966],[110.5394,22.1874],[110.5345,22.1753],[110.5261,22.1709],[110.5273,22.1593],[110.5123,22.1519],[110.5001,22.1427],[110.497,22.1477],[110.4804,22.1506],[110.4858,22.1576],[110.4776,22.1628],[110.4675,22.1739],[110.453,22.1837],[110.4522,22.1916],[110.4412,22.1959],[110.4253,22.2106],[110.4137,22.2118],[110.4052,22.2059],[110.4075,22.2017],[110.4036,22.1914],[110.3948,22.19],[110.3897,22.1816],[110.3892,22.1735],[110.3757,22.1668],[110.3544,22.1835],[110.3554,22.1875],[110.3466,22.1987],[110.3302,22.1824],[110.3315,22.1742],[110.3264,22.1715],[110.3211,22.1623],[110.3222,22.1548],[110.3296,22.1458],[110.3356,22.1467],[110.3416,22.1377],[110.3552,22.137],[110.3609,22.1255],[110.3585,22.1122],[110.362,22.1063],[110.3575,22.0996],[110.3473,22.1002],[110.3458,22.0918],[110.3538,22.0878],[110.3519,22.0692],[110.3462,22.0635],[110.3494,22.0564],[110.3488,22.0466],[110.3434,22.0423],[110.3454,22.0338],[110.3568,22.0148],[110.3518,22.0102],[110.3545,21.989],[110.3486,21.9792],[110.3517,21.9763],[110.3722,21.9705],[110.3866,21.9528],[110.3971,21.956],[110.4086,21.9565],[110.4121,21.9494],[110.4376,21.9417],[110.4305,21.9364],[110.4167,21.9383],[110.4069,21.9272],[110.4048,21.9167],[110.4083,21.9115],[110.3918,21.9086]],[[110.3795,21.7855],[110.3859,21.7808],[110.3845,21.7646],[110.3765,21.7615],[110.3742,21.7781],[110.3795,21.7855]]]]},"properties":{"region_code":"CN-44-4409","parent_region_code":"CN-44","name":"茂名市","level":"prefecture","has_children":true,"full_path":"中国 / 广东省 / 茂名市","source_admin_code":"4409","osm_relation_id":2689018}},
{"type":"Feature","geometry":{"type":"Polygon","coordinates":[[[112.8253,23.5484],[112.8155,23.5512],[112.812,23.5478],[112.797,23.5482],[112.7916,23.5544],[112.7924,23.5614],[112.7883,23.5713],[112.7929,23.5797],[112.7946,23.5916],[112.7766,23.5911],[112.7681,23.5984],[112.767,23.6059],[112.7537,23.6054],[112.7452,23.6127],[112.7468,23.6313],[112.7731,23.6439],[112.7795,23.6579],[112.7757,23.6738],[112.7634,23.68],[112.754,23.6749],[112.7461,23.6779],[112.7397,23.6711],[112.7347,23.6752],[112.7397,23.6891],[112.7266,23.6816],[112.7099,23.6943],[112.7211,23.711],[112.7083,23.7095],[112.7101,23.7167],[112.7207,23.7284],[112.7379,23.7551],[112.7248,23.7612],[112.7008,23.7555],[112.6925,23.7684],[112.6973,23.7796],[112.699,23.7932],[112.6955,23.7959],[112.7007,23.809],[112.6843,23.8091],[112.6704,23.8179],[112.6539,23.8145],[112.6569,23.825],[112.6701,23.834],[112.6668,23.8385],[112.667,23.8543],[112.6729,23.8577],[112.6695,23.8648],[112.6729,23.8763],[112.6815,23.885],[112.6863,23.8938],[112.6804,23.8981],[112.688,23.907],[112.6883,23.9155],[112.6781,23.9268],[112.6775,23.9418],[112.6578,23.9524],[112.649,23.9511],[112.64,23.9438],[112.6176,23.9465],[112.6032,23.9555],[112.5833,23.9596],[112.5701,23.9702],[112.5619,23.9678],[112.5592,23.9802],[112.5511,23.9809],[112.545,23.9757],[112.5305,23.9735],[112.511,23.9798],[112.5097,23.9923],[112.5019,24.0114],[112.5133,24.0194],[112.5033,24.0428],[112.5025,24.0541],[112.4947,24.0596],[112.4926,24.0671],[112.4956,24.0835],[112.4842,24.0888],[112.4884,24.0981],[112.4814,24.1169],[112.4662,24.123],[112.4584,24.1234],[112.4502,24.1178],[112.448,24.1271],[112.4415,24.1246],[112.4244,24.1297],[112.4239,24.1443],[112.4293,24.1543],[112.4241,24.1632],[112.4294,24.1671],[112.4261,24.176],[112.4337,24.183],[112.4341,24.1932],[112.4477,24.212],[112.4533,24.2411],[112.4504,24.2507],[112.4446,24.2837],[112.4388,24.2904],[112.4184,24.2876],[112.4079,24.3078],[112.3964,24.3129],[112.389,24.3219],[112.3885,24.3293],[112.3794,24.331],[112.3726,24.3395],[112.3684,24.3506],[112.3367,24.3563],[112.3144,24.383],[112.302,24.3814],[112.2937,24.3886],[112.2837,24.3915],[112.2795,24.3802],[112.2849,24.3659],[112.2884,24.3474],[112.2884,24.3304],[112.2692,24.3235],[112.2531,24.3271],[112.2517,24.3236],[112.2567,24.2934],[112.2503,24.282],[112.2511,24.2625],[112.2442,24.2462],[112.2396,24.2436],[112.2304,24.249],[112.213,24.2472],[112.2126,24.2332],[112.2098,24.2262],[112.1916,24.2068],[112.1815,24.2053],[112.1721,24.2004],[112.1645,24.2001],[112.1613,24.1906],[112.1522,24.1885],[112.1435,24.1922],[112.139,24.2041],[112.1238,24.2101],[112.1171,24.2256],[112.1097,24.2316],[112.1007,24.2312],[112.0906,24.2442],[112.0814,24.2596],[112.0625,24.2634],[112.0529,24.2497],[112.0477,24.2486],[112.045,24.2269],[112.036,24.2194],[112.0406,24.2003],[112.0364,24.1942],[112.0196,24.1911],[112.0016,24.193],[111.9939,24.1886],[111.989,24.2014],[111.9816,24.208],[111.9729,24.2256],[111.9564,24.2377],[111.9492,24.2399],[111.9376,24.2378],[111.9274,24.2387],[111.9157,24.2365],[111.9108,24.2257],[111.8884,24.2272],[111.8774,24.233],[111.8728,24.2319],[111.8694,24.2029],[111.8702,24.1938],[111.8664,24.1784],[111.8842,24.1655],[111.8773,24.1387],[111.8737,24.1298],[111.8736,24.113],[111.8784,24.0985],[111.8852,24.0896],[111.8824,24.0835],[111.8919,24.0725],[111.9007,24.0498],[111.9134,24.0449],[111.9159,24.0403],[111.9164,24.0149],[111.9267,24.0019],[111.9371,23.9855],[111.9298,23.9819],[111.9125,23.9552],[111.9051,23.9551],[111.9069,23.9468],[111.8924,23.9495],[111.8816,23.9472],[111.8742,23.9406],[111.864,23.9432],[111.861,23.9492],[111.8516,23.9512],[111.8459,23.9405],[111.8519,23.9301],[111.8525,23.9211],[111.8407,23.9072],[111.8337,23.9141],[111.8177,23.914],[111.8174,23.9064],[111.8074,23.8903],[111.8117,23.8778],[111.8186,23.8745],[111.8146,23.854],[111.8194,23.8516],[111.8196,23.8351],[111.8102,23.8322],[111.8039,23.812],[111.791,23.8184],[111.7798,23.8105],[111.7697,23.8108],[111.7606,23.8176],[111.7471,23.8154],[111.7407,23.8234],[111.7362,23.8224],[111.7187,23.8265],[111.7097,23.8357],[111.6996,23.841],[111.6918,23.8386],[111.6883,23.82],[111.6713,23.8274],[111.6593,23.8377],[111.6497,23.8361],[111.6486,23.8256],[111.6409,23.818],[111.6444,23.814],[111.6416,23.8051],[111.6338,23.795],[111.6267,23.7924],[111.6215,23.7811],[111.6243,23.7724],[111.6224,23.7554],[111.6251,23.7392],[111.6159,23.7399],[111.6174,23.7274],[111.638,23.7259],[111.6615,23.7209],[111.6575,23.7091],[111.6598,23.703],[111.6418,23.6966],[111.6315,23.6878],[111.6328,23.6804],[111.6131,23.6684],[111.61,23.6612],[111.6108,23.642],[111.6055,23.64],[111.5809,23.6473],[111.57,23.6435],[111.5609,23.6365],[111.5555,23.6418],[111.546,23.6436],[111.5339,23.6348],[111.5064,23.6264],[111.4994,23.6342],[111.4884,23.6293],[111.4816,23.6293],[111.481,23.6039],[111.4842,23.5892],[111.4829,23.5771],[111.4861,23.5709],[111.4837,23.5638],[111.4752,23.5602],[111.4729,23.5416],[111.4749,23.5358],[111.4687,23.5292],[111.4672,23.522],[111.4589,23.514],[111.4554,23.503],[111.4443,23.5006],[111.4402,23.4911],[111.4284,23.4828],[111.4233,23.4686],[111.3944,23.4718],[111.394,23.4597],[111.3876,23.4503],[111.3907,23.4412],[111.3858,23.4342],[111.3842,23.4163],[111.3786,23.4013],[111.3867,23.3949],[111.3844,23.3794],[111.3726,23.3721],[111.3694,23.3588],[111.3625,23.352],[111.357,23.3272],[111.3703,23.3188],[111.3743,23.3259],[111.3873,23.328],[111.4033,23.3184],[111.4157,23.3187],[111.4368,23.3039],[111.435,23.2956],[111.4481,23.292],[111.4517,23.2798],[111.4686,23.278],[111.4793,23.2848],[111.4893,23.2871],[111.4981,23.285],[111.5137,23.2926],[111.515,23.3085],[111.5228,23.313],[111.5213,23.3251],[111.5272,23.3273],[111.5536,23.288],[111.573,23.2646],[111.5708,23.2509],[111.5625,23.246],[111.5365,23.2374],[111.5294,23.2294],[111.5286,23.2222],[111.5346,23.2154],[111.5794,23.1915],[111.5884,23.1889],[111.6234,23.1919],[111.6332,23.1887],[111.6441,23.1682],[111.6588,23.1582],[111.6714,23.1561],[111.6851,23.1602],[111.694,23.159],[111.7035,23.152],[111.7219,23.1544],[111.7577,23.138],[111.7822,23.1342],[111.8242,23.1323],[111.8406,23.1353],[111.8531,23.1411],[111.8696,23.1419],[111.8851,23.1318],[111.9022,23.1279],[111.9219,23.1272],[111.9531,23.1335],[111.9663,23.1314],[111.9724,23.1269],[111.9774,23.0976],[111.9828,23.091],[112.0014,23.084],[112.0221,23.0821],[112.0296,23.0761],[112.0396,23.0734],[112.0822,23.0836],[112.0968,23.0917],[112.1186,23.084],[112.1299,23.0873],[112.1653,23.0753],[112.1811,23.0764],[112.1917,23.082],[112.2073,23.0965],[112.2209,23.1123],[112.233,23.1175],[112.2656,23.1243],[112.2805,23.1324],[112.2961,23.125],[112.3067,23.1239],[112.3075,23.1178],[112.3219,23.1068],[112.3212,23.0962],[112.3124,23.0829],[112.3051,23.0794],[112.296,23.0822],[112.2907,23.0636],[112.2843,23.056],[112.2802,23.0453],[112.2846,23.027],[112.2817,23.0228],[112.2931,23.0102],[112.2815,22.9877],[112.2802,22.979],[112.2721,22.9733],[112.2801,22.9652],[112.285,22.9554],[112.2785,22.9473],[112.256,22.9547],[112.2577,22.9426],[112.2526,22.9133],[112.2608,22.9094],[112.2732,22.9174],[112.2802,22.914],[112.2948,22.9183],[112.3022,22.914],[112.3004,22.8989],[112.2942,22.8933],[112.2951,22.8827],[112.2909,22.8761],[112.3071,22.8533],[112.3073,22.8269],[112.3145,22.8281],[112.3233,22.8207],[112.3303,22.8099],[112.3279,22.8045],[112.3186,22.8055],[112.3118,22.7981],[112.3163,22.79],[112.3369,22.7889],[112.3468,22.7939],[112.351,22.7907],[112.3688,22.797],[112.3789,22.7949],[112.3773,22.7872],[112.3872,22.7724],[112.4082,22.7771],[112.4361,22.7904],[112.4385,22.7943],[112.4581,22.792],[112.4669,22.7966],[112.4776,22.7977],[112.4833,22.8095],[112.4953,22.8153],[112.4939,22.8297],[112.4986,22.8385],[112.4927,22.8526],[112.4839,22.8548],[112.4783,22.8643],[112.4707,22.8688],[112.4783,22.8821],[112.4749,22.8915],[112.4773,22.8993],[112.4866,22.9039],[112.5023,22.9043],[112.5042,22.9117],[112.524,22.9081],[112.5201,22.9001],[112.5327,22.9007],[112.5326,22.9128],[112.5402,22.9131],[112.5478,22.9242],[112.5623,22.9142],[112.5721,22.9122],[112.5753,22.9048],[112.5871,22.8981],[112.5981,22.9006],[112.6018,22.8859],[112.5903,22.8738],[112.5939,22.8718],[112.6275,22.8804],[112.6306,22.8867],[112.656,22.8938],[112.6634,22.8936],[112.6796,22.9015],[112.6882,22.9216],[112.669,22.9439],[112.6818,22.9513],[112.6946,22.9512],[112.6995,22.9469],[112.6986,22.9386],[112.7037,22.9306],[112.719,22.9403],[112.7289,22.9435],[112.731,22.9543],[112.7352,22.958],[112.728,22.9759],[112.7296,22.984],[112.74,22.993],[112.7576,22.9821],[112.766,22.9928],[112.7835,23.0017],[112.783,22.9947],[112.7897,22.9932],[112.7991,22.9993],[112.8114,23.011],[112.8276,23.0179],[112.8266,23.0267],[112.8149,23.05],[112.8113,23.0767],[112.7982,23.0982],[112.7935,23.1145],[112.7925,23.1377],[112.7877,23.1512],[112.7703,23.1711],[112.7705,23.1821],[112.7674,23.2027],[112.7609,23.2031],[112.761,23.2162],[112.7678,23.2183],[112.7642,23.226],[112.7763,23.2285],[112.7791,23.2093],[112.7882,23.2109],[112.7901,23.229],[112.8014,23.2151],[112.7957,23.2031],[112.8057,23.2031],[112.8099,23.2198],[112.8268,23.2184],[112.8412,23.2326],[112.8352,23.2421],[112.8259,23.2469],[112.8226,23.253],[112.8399,23.2661],[112.8428,23.2778],[112.8563,23.2942],[112.8621,23.2968],[112.8663,23.3184],[112.8759,23.3394],[112.8835,23.3482],[112.8705,23.3533],[112.8588,23.3519],[112.8546,23.3673],[112.8333,23.3901],[112.8089,23.3945],[112.8007,23.3902],[112.8014,23.3701],[112.7887,23.3716],[112.7805,23.3766],[112.7805,23.3968],[112.7826,23.4058],[112.7889,23.4102],[112.7912,23.4317],[112.7985,23.4384],[112.7975,23.4469],[112.8066,23.4652],[112.8259,23.4708],[112.8331,23.4877],[112.8406,23.4899],[112.8402,23.5057],[112.8436,23.5191],[112.844,23.532],[112.8356,23.5388],[112.8265,23.5403],[112.8253,23.5484]]]},"properties":{"region_code":"CN-44-4412","parent_region_code":"CN-44","name":"肇庆市","level":"prefecture","has_children":true,"full_path":"中国 / 广东省 / 肇庆市","source_admin_code":"4412","osm_relation_id":3205802}},
{"type":"Feature","geometry":{"type":"Polygon","coordinates":[[[113.8398,23.1283],[113.8429,23.1197],[113.859,23.1177],[113.8697,23.1273],[113.89,23.1141],[113.9016,23.1177],[113.9296,23.1099],[113.9574,23.1168],[113.9658,23.116],[113.9818,23.1043],[113.9883,23.0952],[114.0042,23.0865],[114.0156,23.085],[114.0327,23.0927],[114.0422,23.0999],[114.055,23.1038],[114.08,23.0996],[114.0865,23.089],[114.0865,23.0801],[114.0921,23.0668],[114.1028,23.0573],[114.1159,23.0508],[114.1343,23.0371],[114.1362,23.0273],[114.1296,23.0156],[114.1292,23.0094],[114.1221,23.0057],[114.1191,22.9968],[114.1272,22.9972],[114.1331,22.9891],[114.1417,22.9881],[114.1507,22.9824],[114.1628,22.983],[114.1804,22.9951],[114.1936,22.9932],[114.1947,22.9895],[114.2075,22.9905],[114.2173,22.9834],[114.2185,22.9661],[114.2065,22.9582],[114.2094,22.9497],[114.2051,22.9465],[114.2079,22.9315],[114.2241,22.9175],[114.2306,22.9177],[114.2444,22.9079],[114.2544,22.9088],[114.2532,22.8962],[114.2465,22.8868],[114.2402,22.8833],[114.2319,22.8884],[114.2263,22.8828],[114.2254,22.874],[114.2297,22.8675],[114.2274,22.8549],[114.2302,22.8424],[114.2299,22.8218],[114.2245,22.8152],[114.2296,22.796],[114.2409,22.7937],[114.2496,22.7857],[114.2569,22.7846],[114.2782,22.8051],[114.2871,22.8112],[114.2931,22.8049],[114.3261,22.812],[114.3433,22.8118],[114.3467,22.7927],[114.3381,22.7866],[114.3406,22.7816],[114.3495,22.7808],[114.3556,22.7666],[114.363,22.7696],[114.3775,22.7623],[114.3905,22.7638],[114.3905,22.774],[114.3949,22.7818],[114.4061,22.7805],[114.4096,22.7728],[114.4183,22.763],[114.41,22.7554],[114.4099,22.7394],[114.4012,22.7328],[114.3984,22.7265],[114.4055,22.7131],[114.4155,22.7166],[114.4188,22.7054],[114.4367,22.7005],[114.44,22.6953],[114.4365,22.6842],[114.4232,22.6788],[114.4269,22.6631],[114.4451,22.6677],[114.448,22.6725],[114.4728,22.6655],[114.4772,22.6711],[114.4876,22.6726],[114.5019,22.671],[114.5148,22.6615],[114.5374,22.6644],[114.5575,22.6697],[114.5748,22.6718],[114.5908,22.6635],[114.5982,22.6557],[114.6024,22.6463],[114.6052,22.6242],[114.6071,22.5793],[114.6192,22.5558],[114.6416,22.5364],[114.6457,22.5259],[114.645,22.5119],[114.6358,22.4974],[114.6025,22.4817],[114.5782,22.4621],[114.5562,22.4277],[114.5575,22.416],[114.7967,21.95],[114.8397,21.9688],[115.2048,22.1282],[115.1161,22.4263],[115.0369,22.6734],[115.0217,22.6931],[115.0166,22.7239],[115.0052,22.732],[115.0075,22.7424],[114.9955,22.7494],[114.9898,22.7572],[114.9916,22.7675],[114.9876,22.7739],[114.9731,22.7795],[114.9666,22.7905],[114.953,22.7945],[114.9471,22.7988],[114.9399,22.8124],[114.9461,22.8191],[114.9434,22.8289],[114.9456,22.8372],[114.936,22.8454],[114.9312,22.8416],[114.9239,22.8502],[114.9278,22.862],[114.9206,22.8713],[114.9362,22.8755],[114.928,22.8899],[114.9219,22.8931],[114.9217,22.9038],[114.9133,22.91],[114.9258,22.9236],[114.9418,22.9223],[114.949,22.9316],[114.9613,22.9296],[114.9703,22.9382],[114.9816,22.9379],[114.9931,22.9414],[114.9953,22.9523],[115.0053,22.9587],[115.0152,22.9582],[115.0217,22.9644],[115.0427,22.9696],[115.0506,22.9813],[115.0555,22.994],[115.0649,22.9977],[115.074,23.0068],[115.081,23.0103],[115.096,23.0022],[115.1061,23.0121],[115.1245,23.0059],[115.1443,22.9937],[115.1439,23.0029],[115.1506,23.0112],[115.1585,23.0151],[115.1592,23.0266],[115.1756,23.0429],[115.1975,23.0465],[115.2078,23.0525],[115.231,23.0592],[115.2411,23.0645],[115.2468,23.0763],[115.2602,23.0859],[115.2579,23.0941],[115.2751,23.0949],[115.2854,23.0982],[115.2878,23.1056],[115.279,23.1268],[115.2774,23.1351],[115.2795,23.1588],[115.2897,23.1636],[115.3068,23.1602],[115.3122,23.1661],[115.3209,23.1668],[115.334,23.1803],[115.3382,23.1884],[115.3374,23.1966],[115.3677,23.2067],[115.3805,23.2155],[115.3831,23.2227],[115.398,23.22],[115.3981,23.2331],[115.4047,23.2404],[115.4197,23.2384],[115.4143,23.2462],[115.4089,23.2472],[115.3991,23.2569],[115.3963,23.2668],[115.3964,23.2789],[115.3899,23.2907],[115.3795,23.2923],[115.3681,23.3029],[115.3467,23.3119],[115.3407,23.3195],[115.33,23.3249],[115.306,23.3105],[115.3027,23.3237],[115.2988,23.3272],[115.302,23.3469],[115.2983,23.3524],[115.3003,23.3629],[115.2908,23.3599],[115.2728,23.3785],[115.2602,23.387],[115.2566,23.3831],[115.2443,23.3835],[115.236,23.3793],[115.2162,23.3858],[115.2003,23.38],[115.1928,23.3833],[115.1859,23.379],[115.1715,23.3835],[115.1637,23.3798],[115.162,23.3744],[115.1526,23.3648],[115.1364,23.3632],[115.1174,23.3706],[115.1085,23.362],[115.0966,23.3589],[115.0826,23.3463],[115.0733,23.3473],[115.0667,23.3356],[115.0564,23.3338],[115.0513,23.3236],[115.0428,23.3236],[115.0319,23.3305],[115.0089,23.3325],[114.9922,23.3164],[114.9874,23.2994],[114.9734,23.297],[114.9664,23.3052],[114.9663,23.3164],[114.9568,23.329],[114.9435,23.3324],[114.9493,23.3464],[114.9363,23.3526],[114.9141,23.3407],[114.9108,23.334],[114.9107,23.321],[114.9145,23.3176],[114.9072,23.2987],[114.9094,23.2826],[114.8904,23.2577],[114.8944,23.2495],[114.8751,23.244],[114.8753,23.2352],[114.8714,23.2257],[114.8554,23.2138],[114.8573,23.2027],[114.8627,23.2004],[114.8643,23.1927],[114.8524,23.1803],[114.8526,23.1754],[114.8458,23.168],[114.8298,23.1746],[114.8186,23.1911],[114.8108,23.194],[114.7996,23.2025],[114.7978,23.2082],[114.7817,23.2098],[114.7825,23.2206],[114.7783,23.2272],[114.7813,23.2368],[114.7886,23.2424],[114.7872,23.2533],[114.7821,23.2592],[114.7822,23.2689],[114.7755,23.2684],[114.7639,23.282],[114.7678,23.2916],[114.7749,23.2975],[114.7709,23.3141],[114.7641,23.3186],[114.757,23.3172],[114.7546,23.3262],[114.7419,23.3331],[114.7322,23.331],[114.722,23.3356],[114.7142,23.348],[114.7152,23.3612],[114.7068,23.3629],[114.6991,23.3702],[114.6959,23.3789],[114.6955,23.3919],[114.6886,23.3962],[114.6914,23.4099],[114.6814,23.4162],[114.661,23.4124],[114.6483,23.4146],[114.6441,23.4062],[114.6359,23.4061],[114.6282,23.4106],[114.6382,23.4221],[114.6469,23.4289],[114.6595,23.4475],[114.6669,23.4543],[114.6906,23.4627],[114.6931,23.475],[114.6856,23.48],[114.6783,23.4972],[114.6809,23.5117],[114.6926,23.523],[114.6929,23.5315],[114.6851,23.5351],[114.6694,23.5314],[114.6593,23.5353],[114.6551,23.5422],[114.651,23.5655],[114.6387,23.5621],[114.6264,23.5504],[114.6205,23.5522],[114.6186,23.5354],[114.6149,23.5311],[114.6021,23.5396],[114.6068,23.5469],[114.596,23.558],[114.5785,23.5663],[114.5744,23.5643],[114.5631,23.5735],[114.5629,23.5823],[114.55,23.5942],[114.5524,23.5992],[114.5458,23.608],[114.5527,23.6192],[114.5499,23.626],[114.5412,23.6345],[114.5349,23.6442],[114.5338,23.6538],[114.5262,23.6639],[114.5259,23.6693],[114.5157,23.6711],[114.512,23.6852],[114.5079,23.6911],[114.4887,23.7018],[114.4683,23.7058],[114.445,23.6963],[114.4351,23.69],[114.4193,23.6996],[114.4164,23.7124],[114.4111,23.7145],[114.4004,23.7106],[114.3952,23.7144],[114.3942,23.7223],[114.3836,23.7417],[114.3736,23.7471],[114.3656,23.7352],[114.3638,23.728],[114.3556,23.7311],[114.3504,23.7385],[114.3546,23.743],[114.3523,23.7501],[114.3366,23.7541],[114.3368,23.7628],[114.333,23.7732],[114.3418,23.7861],[114.3435,23.7955],[114.3378,23.7999],[114.336,23.8104],[114.3277,23.8112],[114.3221,23.8251],[114.322,23.835],[114.3252,23.8429],[114.3253,23.8555],[114.3389,23.8691],[114.3513,23.8721],[114.3411,23.8809],[114.3439,23.8899],[114.3335,23.8954],[114.327,23.903],[114.3164,23.897],[114.2985,23.8941],[114.2806,23.9088],[114.273,23.905],[114.2635,23.9054],[114.2568,23.9138],[114.2505,23.91],[114.2391,23.91],[114.2318,23.9133],[114.2429,23.9326],[114.2424,23.9397],[114.25,23.945],[114.2668,23.9509],[114.2661,23.9628],[114.2588,23.9631],[114.2551,23.956],[114.2396,23.9513],[114.2342,23.9452],[114.2171,23.943],[114.2083,23.9485],[114.1978,23.9441],[114.1864,23.9474],[114.1816,23.9583],[114.1687,23.9615],[114.1593,23.9565],[114.1538,23.9435],[114.1414,23.9394],[114.1315,23.9433],[114.1034,23.9286],[114.0705,23.9276],[114.0692,23.9334],[114.0489,23.9362],[114.0458,23.9268],[114.0314,23.9039],[114.0312,23.898],[114.0376,23.8924],[114.0366,23.8742],[114.0423,23.8706],[114.0497,23.8476],[114.0463,23.8362],[114.0344,23.8264],[114.0302,23.8162],[114.0325,23.8105],[114.0426,23.8062],[114.0332,23.8013],[114.0319,23.7951],[114.0496,23.7887],[114.0545,23.778],[114.0434,23.7781],[114.0336,23.7739],[114.0305,23.7676],[114.0225,23.762],[113.9953,23.7664],[113.9766,23.7627],[113.9696,23.7581],[113.9703,23.7465],[113.9676,23.7415],[113.9569,23.7425],[113.9502,23.7347],[113.936,23.7416],[113.9313,23.7349],[113.9142,23.7333],[113.907,23.7187],[113.896,23.7183],[113.8947,23.704],[113.8835,23.6909],[113.8668,23.6846],[113.8413,23.681],[113.8372,23.6623],[113.8339,23.6574],[113.8136,23.6586],[113.822,23.6485],[113.8202,23.6427],[113.8116,23.6385],[113.8081,23.6308],[113.8133,23.6257],[113.825,23.6258],[113.8291,23.6203],[113.8385,23.6206],[113.8546,23.6127],[113.8568,23.6066],[113.8533,23.5962],[113.859,23.5901],[113.853,23.5858],[113.8478,23.5733],[113.8575,23.569],[113.863,23.5585],[113.8663,23.5426],[113.8859,23.5362],[113.8879,23.5231],[113.9,23.5162],[113.9096,23.5071],[113.9212,23.5049],[113.9239,23.4972],[113.9417,23.4956],[113.936,23.4863],[113.9398,23.4809],[113.9561,23.4831],[113.9715,23.4799],[113.9769,23.4754],[113.9588,23.4671],[113.9492,23.4684],[113.9478,23.4569],[113.9507,23.4523],[113.9491,23.4407],[113.9596,23.4346],[113.9724,23.4316],[113.9838,23.4322],[113.9783,23.4239],[113.98,23.4093],[113.9947,23.3989],[113.9954,23.3919],[113.9824,23.3868],[113.9762,23.3803],[113.9877,23.3541],[113.9954,23.3511],[113.9895,23.3361],[113.985,23.3364],[113.9834,23.3244],[113.9913,23.3117],[113.9899,23.3013],[113.9735,23.3031],[113.9706,23.3091],[113.9545,23.3161],[113.9563,23.3266],[113.952,23.3377],[113.9422,23.3387],[113.9357,23.3455],[113.9196,23.3441],[113.8928,23.3481],[113.8886,23.3451],[113.884,23.3311],[113.892,23.3239],[113.8903,23.3129],[113.8858,23.3026],[113.8861,23.2878],[113.8791,23.2743],[113.8804,23.2605],[113.8868,23.2602],[113.8906,23.2531],[113.8847,23.2457],[113.8882,23.2418],[113.8949,23.2249],[113.8875,23.207],[113.8807,23.1976],[113.8841,23.1807],[113.8982,23.1799],[113.8956,23.172],[113.8845,23.1658],[113.8719,23.1686],[113.8651,23.163],[113.8535,23.1602],[113.8441,23.1507],[113.8398,23.1283]]]},"properties":{"region_code":"CN-44-4413","parent_region_code":"CN-44","name":"惠州市","level":"prefecture","has_children":true,"full_path":"中国 / 广东省 / 惠州市","source_admin_code":"4413","osm_relation_id":3209912}},
{"type":"Feature","geometry":{"type":"Polygon","coordinates":[[[115.5548,24.646],[115.5415,24.6409],[115.5242,24.6374],[115.5159,24.6314],[115.5164,24.6222],[115.5002,24.6059],[115.5102,24.5796],[115.5045,24.5754],[115.4925,24.5729],[115.4859,24.5663],[115.479,24.5652],[115.4792,24.5545],[115.4827,24.5461],[115.4802,24.5383],[115.4855,24.5254],[115.4819,24.5186],[115.4878,24.5113],[115.4895,24.4973],[115.4997,24.496],[115.5117,24.4978],[115.5256,24.493],[115.5338,24.4845],[115.5476,24.489],[115.5464,24.4722],[115.5553,24.4729],[115.5574,24.4799],[115.568,24.4801],[115.5716,24.4723],[115.5723,24.4617],[115.5848,24.4662],[115.5811,24.4496],[115.5708,24.4447],[115.5693,24.4309],[115.5775,24.4259],[115.5792,24.4143],[115.5713,24.3988],[115.5628,24.3914],[115.5529,24.3887],[115.5497,24.3817],[115.5498,24.3693],[115.5462,24.3628],[115.548,24.3363],[115.5671,24.3129],[115.5631,24.2982],[115.573,24.2933],[115.5762,24.2805],[115.5721,24.2731],[115.5803,24.262],[115.5876,24.2583],[115.5862,24.2458],[115.5732,24.2452],[115.5662,24.2387],[115.5686,24.2301],[115.5668,24.2072],[115.5595,24.2037],[115.5513,24.2081],[115.5465,24.2014],[115.5334,24.1956],[115.5341,24.1825],[115.5267,24.1786],[115.5158,24.1855],[115.5104,24.1935],[115.4988,24.1903],[115.5055,24.1783],[115.5022,24.1688],[115.5056,24.1596],[115.5117,24.1554],[115.5161,24.1461],[115.5175,24.1316],[115.5279,24.1254],[115.5327,24.1117],[115.5248,24.1013],[115.5084,24.1018],[115.5035,24.1079],[115.4956,24.1311],[115.4866,24.1239],[115.4789,24.1262],[115.4752,24.1334],[115.4793,24.1403],[115.4764,24.1458],[115.4685,24.1448],[115.4566,24.1304],[115.4483,24.1281],[115.4433,24.1327],[115.4373,24.127],[115.4437,24.1153],[115.4325,24.1066],[115.4311,24.0966],[115.424,24.0793],[115.4171,24.0782],[115.4127,24.0708],[115.4196,24.0646],[115.4211,24.0565],[115.4406,24.0409],[115.442,24.0325],[115.4394,24.0239],[115.4449,24.0151],[115.4415,23.9962],[115.4475,23.9865],[115.4483,23.9696],[115.4331,23.9607],[115.4035,23.9531],[115.406,23.9428],[115.3965,23.9324],[115.3982,23.9146],[115.3958,23.9048],[115.3899,23.9029],[115.3856,23.8933],[115.3868,23.8844],[115.3768,23.8828],[115.3738,23.8701],[115.3669,23.8677],[115.3674,23.8502],[115.3552,23.8491],[115.3495,23.8449],[115.3482,23.8351],[115.3513,23.8315],[115.3448,23.821],[115.3526,23.8175],[115.3544,23.8027],[115.3457,23.8032],[115.3477,23.7931],[115.3443,23.7851],[115.3262,23.7749],[115.3123,23.7642],[115.3116,23.7595],[115.3305,23.7601],[115.3418,23.7587],[115.3642,23.7595],[115.3654,23.7677],[115.3766,23.7773],[115.3843,23.7807],[115.3944,23.7711],[115.378,23.7506],[115.3835,23.7369],[115.3898,23.7348],[115.3969,23.7254],[115.4075,23.7254],[115.4082,23.717],[115.4044,23.7032],[115.4236,23.6965],[115.4246,23.7012],[115.4491,23.7091],[115.4521,23.6987],[115.4467,23.683],[115.4477,23.6658],[115.4369,23.6455],[115.4277,23.6401],[115.4313,23.6324],[115.426,23.6297],[115.4264,23.6026],[115.4238,23.5835],[115.4328,23.5741],[115.4317,23.5642],[115.4454,23.5584],[115.4359,23.5395],[115.4288,23.5324],[115.4276,23.5186],[115.4349,23.5076],[115.4337,23.5017],[115.4093,23.4926],[115.4118,23.4865],[115.4236,23.4819],[115.4212,23.4708],[115.427,23.4708],[115.4357,23.4504],[115.4306,23.434],[115.4339,23.4294],[115.4444,23.4273],[115.45,23.4206],[115.4495,23.4074],[115.4552,23.4027],[115.452,23.3863],[115.459,23.3779],[115.4706,23.3762],[115.4823,23.3792],[115.4872,23.3774],[115.5002,23.3813],[115.5061,23.3912],[115.5046,23.4025],[115.5089,23.4098],[115.5039,23.4173],[115.5137,23.4251],[115.522,23.4246],[115.5226,23.4314],[115.5311,23.438],[115.5386,23.4396],[115.5566,23.4373],[115.5656,23.4459],[115.5828,23.4559],[115.5904,23.4722],[115.602,23.4746],[115.6116,23.4778],[115.6186,23.4927],[115.6148,23.5018],[115.6175,23.5099],[115.6325,23.5177],[115.6375,23.5166],[115.636,23.5321],[115.6478,23.5361],[115.6549,23.5353],[115.665,23.5511],[115.6814,23.5596],[115.69,23.5527],[115.6972,23.5367],[115.7091,23.5217],[115.7184,23.5172],[115.729,23.5188],[115.7317,23.5285],[115.7469,23.5301],[115.755,23.5255],[115.7714,23.5272],[115.7815,23.52],[115.7886,23.5283],[115.7837,23.5419],[115.7877,23.5471],[115.7966,23.5457],[115.8033,23.5568],[115.7974,23.5598],[115.8055,23.572],[115.8088,23.581],[115.8059,23.5881],[115.7971,23.5918],[115.7928,23.5974],[115.8031,23.6014],[115.8036,23.6093],[115.7953,23.6181],[115.8095,23.6378],[115.8138,23.6473],[115.83,23.6635],[115.8406,23.6649],[115.8439,23.6603],[115.8558,23.6603],[115.8591,23.6488],[115.8716,23.6367],[115.8829,23.6338],[115.9008,23.624],[115.9012,23.6297],[115.9102,23.6336],[115.9191,23.6309],[115.9549,23.6521],[115.9541,23.6586],[115.9678,23.6668],[115.9812,23.6796],[116.0019,23.6781],[116.0097,23.6714],[116.0128,23.6645],[116.0066,23.6568],[116.0166,23.6472],[116.0254,23.6466],[116.0347,23.6506],[116.051,23.642],[116.056,23.6476],[116.0676,23.6452],[116.0695,23.6387],[116.094,23.625],[116.1014,23.6308],[116.1125,23.6233],[116.1287,23.6266],[116.1302,23.6228],[116.1459,23.6187],[116.1607,23.6185],[116.1732,23.6307],[116.1752,23.6396],[116.1867,23.6439],[116.1836,23.654],[116.1754,23.6532],[116.173,23.6598],[116.1784,23.6769],[116.1764,23.688],[116.1882,23.6877],[116.1995,23.6949],[116.2097,23.7051],[116.2121,23.7124],[116.2095,23.7215],[116.2231,23.7314],[116.2346,23.7263],[116.2472,23.7344],[116.2497,23.7398],[116.267,23.749],[116.2667,23.7599],[116.2839,23.7658],[116.2944,23.7615],[116.3034,23.7727],[116.3308,23.7764],[116.334,23.7613],[116.3456,23.754],[116.35,23.7455],[116.3638,23.7355],[116.3766,23.7401],[116.3972,23.7646],[116.3982,23.7717],[116.4073,23.774],[116.4121,23.7803],[116.4212,23.7832],[116.4315,23.7828],[116.4383,23.7756],[116.4471,23.7715],[116.4603,23.7577],[116.4806,23.7541],[116.4916,23.7551],[116.5,23.7649],[116.4999,23.7903],[116.5014,23.7962],[116.5122,23.8053],[116.5058,23.8114],[116.5088,23.8185],[116.5053,23.8304],[116.5182,23.8284],[116.5214,23.8351],[116.5121,23.8487],[116.4944,23.8611],[116.498,23.8699],[116.5099,23.8694],[116.5167,23.8814],[116.5309,23.8844],[116.535,23.8924],[116.5403,23.8924],[116.5543,23.9018],[116.5536,23.91],[116.5707,23.912],[116.5861,23.9038],[116.6004,23.9136],[116.6001,23.9351],[116.604,23.9444],[116.5998,23.9532],[116.6161,23.9501],[116.6172,23.955],[116.6041,23.964],[116.6064,23.9713],[116.6166,23.9724],[116.6223,23.9769],[116.6329,23.9717],[116.6363,23.9772],[116.6368,23.9924],[116.6468,23.9979],[116.6533,23.9914],[116.6685,23.9902],[116.681,23.9925],[116.6834,23.9838],[116.69,23.9832],[116.6932,24.0057],[116.698,24.0151],[116.7045,24.0189],[116.7053,24.0345],[116.6981,24.0437],[116.6956,24.0528],[116.708,24.0652],[116.7238,24.0569],[116.73,24.0564],[116.7395,24.0647],[116.7529,24.0849],[116.7612,24.083],[116.7689,24.0903],[116.7597,24.119],[116.7596,24.1283],[116.7825,24.1586],[116.7915,24.1615],[116.805,24.172],[116.8122,24.1685],[116.8256,24.1685],[116.8382,24.1838],[116.8491,24.1852],[116.8549,24.1802],[116.857,24.171],[116.8626,24.1666],[116.8741,24.1708],[116.8794,24.1846],[116.8798,24.1966],[116.9001,24.2051],[116.8919,24.2195],[116.8971,24.2265],[116.9126,24.2358],[116.9286,24.2261],[116.9346,24.2425],[116.9309,24.2509],[116.9336,24.2837],[116.925,24.2892],[116.9136,24.2864],[116.9097,24.2907],[116.9085,24.3145],[116.915,24.324],[116.9048,24.3322],[116.9038,24.3448],[116.8916,24.3537],[116.8924,24.3631],[116.8994,24.3729],[116.893,24.3845],[116.8824,24.3931],[116.8807,24.3992],[116.8687,24.3941],[116.8649,24.4102],[116.859,24.4128],[116.8509,24.4268],[116.8437,24.4298],[116.8344,24.4455],[116.8397,24.4573],[116.8489,24.4561],[116.8562,24.4652],[116.8448,24.4821],[116.8277,24.4991],[116.8154,24.49],[116.8097,24.4959],[116.7922,24.5049],[116.7787,24.5212],[116.7747,24.5305],[116.7537,24.5495],[116.7514,24.5579],[116.7631,24.5671],[116.7565,24.5858],[116.777,24.6059],[116.7829,24.6176],[116.7942,24.6269],[116.7939,24.64],[116.8073,24.6478],[116.8107,24.6575],[116.8057,24.6684],[116.7966,24.6812],[116.7729,24.6824],[116.7578,24.6678],[116.7492,24.6574],[116.742,24.6618],[116.7373,24.6694],[116.7237,24.67],[116.7172,24.6672],[116.7027,24.668],[116.6959,24.6586],[116.6856,24.6624],[116.6804,24.6607],[116.6626,24.6616],[116.6465,24.6544],[116.6307,24.6507],[116.6283,24.6443],[116.6197,24.6444],[116.6126,24.651],[116.6067,24.6504],[116.5967,24.6573],[116.5889,24.6533],[116.582,24.6398],[116.5677,24.632],[116.566,24.6248],[116.5488,24.616],[116.5415,24.6151],[116.5256,24.6079],[116.5059,24.6184],[116.5022,24.6241],[116.5081,24.6386],[116.5079,24.6449],[116.5129,24.6552],[116.5004,24.6699],[116.4971,24.6857],[116.4969,24.7012],[116.4873,24.7121],[116.4823,24.7214],[116.465,24.7221],[116.4502,24.7185],[116.4408,24.7188],[116.4356,24.7253],[116.4326,24.7363],[116.4251,24.7379],[116.4214,24.7442],[116.4124,24.7457],[116.4105,24.7591],[116.4143,24.77],[116.4024,24.7805],[116.3909,24.804],[116.3725,24.8042],[116.3701,24.8087],[116.3725,24.8238],[116.3781,24.8283],[116.3907,24.8318],[116.4098,24.8405],[116.413,24.8437],[116.4016,24.8565],[116.3891,24.8596],[116.3899,24.8687],[116.3864,24.8756],[116.3744,24.8802],[116.3673,24.8747],[116.357,24.8726],[116.345,24.8594],[116.3444,24.8394],[116.3393,24.8303],[116.3135,24.821],[116.2965,24.8065],[116.2867,24.8031],[116.2539,24.8025],[116.2448,24.7979],[116.2275,24.804],[116.2318,24.8132],[116.2454,24.8308],[116.2343,24.8332],[116.2265,24.8292],[116.2165,24.8336],[116.2159,24.8455],[116.2062,24.8573],[116.1962,24.8608],[116.1887,24.8743],[116.1522,24.859],[116.1484,24.8494],[116.1347,24.8474],[116.1311,24.8497],[116.1065,24.8516],[116.0797,24.8556],[116.0664,24.8563],[116.0579,24.8626],[116.0474,24.8642],[116.0381,24.8789],[116.0335,24.8897],[116.0186,24.905],[116.0105,24.9085],[115.9983,24.8993],[115.9809,24.9026],[115.9721,24.9189],[115.9581,24.9162],[115.9536,24.9204],[115.9213,24.9235],[115.9129,24.9273],[115.9039,24.9263],[115.8927,24.9402],[115.8841,24.9357],[115.8737,24.936],[115.8774,24.9249],[115.8808,24.8999],[115.9005,24.8872],[115.9002,24.8828],[115.8889,24.8728],[115.8787,24.8704],[115.8656,24.8707],[115.855,24.8682],[115.8597,24.8786],[115.8566,24.8826],[115.8616,24.8921],[115.851,24.894],[115.8451,24.9031],[115.8312,24.9105],[115.8195,24.911],[115.8043,24.8955],[115.8003,24.8781],[115.8025,24.8637],[115.7914,24.8612],[115.7807,24.8492],[115.7873,24.8392],[115.7761,24.8375],[115.7733,24.8329],[115.7744,24.8225],[115.7684,24.8167],[115.7685,24.8055],[115.7593,24.7954],[115.7719,24.7771],[115.7716,24.7734],[115.76,24.7646],[115.7588,24.7571],[115.7519,24.7503],[115.752,24.7384],[115.7676,24.7246],[115.7643,24.7103],[115.7757,24.7045],[115.7872,24.7026],[115.7964,24.706],[115.7978,24.6884],[115.7931,24.6783],[115.7737,24.6805],[115.7679,24.6747],[115.7565,24.6726],[115.7651,24.6655],[115.7755,24.6662],[115.7846,24.6474],[115.7815,24.6331],[115.7908,24.6335],[115.7952,24.6248],[115.8005,24.6224],[115.8201,24.5999],[115.8359,24.5864],[115.8363,24.5769],[115.8445,24.5751],[115.8439,24.5687],[115.8176,24.5632],[115.808,24.5671],[115.8018,24.565],[115.7889,24.5698],[115.7799,24.5694],[115.7594,24.5576],[115.7553,24.5519],[115.7405,24.5459],[115.7148,24.5418],[115.7031,24.5474],[115.6842,24.5475],[115.6733,24.563],[115.6731,24.5684],[115.6819,24.5736],[115.681,24.5864],[115.6687,24.6046],[115.6541,24.6109],[115.6418,24.6186],[115.6314,24.6142],[115.6244,24.622],[115.6011,24.6275],[115.5902,24.6171],[115.5727,24.6175],[115.5661,24.6207],[115.564,24.631],[115.5548,24.646]]]},"properties":{"region_code":"CN-44-4414","parent_region_code":"CN-44","name":"梅州市","level":"prefecture","has_children":true,"full_path":"中国 / 广东省 / 梅州市","source_admin_code":"4414","osm_relation_id":3233743}},
{"type":"Feature","geometry":{"type":"Polygon","coordinates":[[[115.3891,22.2115],[115.4827,22.2539],[115.7964,22.3959],[116.3868,22.6629],[116.2931,22.8429],[116.2184,22.9211],[116.2145,22.9278],[116.2033,22.9322],[116.1862,22.9304],[116.1708,22.9225],[116.1719,22.9144],[116.1657,22.9093],[116.168,22.8961],[116.1513,22.889],[116.1412,22.8926],[116.1313,22.902],[116.126,22.897],[116.0984,22.8935],[116.0967,22.8984],[116.0846,22.9038],[116.0771,22.9179],[116.06,22.92],[116.0433,22.9256],[116.0259,22.9409],[116.0096,22.9407],[116.0022,22.9477],[115.9935,22.9365],[115.9778,22.9283],[115.9735,22.9351],[115.9757,22.9412],[115.9655,22.9435],[115.9638,22.9517],[115.9734,22.9547],[115.967,22.9634],[115.9599,22.9522],[115.9545,22.9599],[115.9393,22.9592],[115.9443,22.9756],[115.9367,22.984],[115.941,22.9989],[115.9555,23.0203],[115.9415,23.0177],[115.9377,23.009],[115.9192,23.0205],[115.9207,23.0283],[115.933,23.0333],[115.9463,23.0272],[115.9509,23.0411],[115.9625,23.0501],[115.9603,23.0558],[115.9319,23.0712],[115.9306,23.0764],[115.9353,23.0851],[115.9291,23.0881],[115.9163,23.103],[115.9187,23.1138],[115.9109,23.1161],[115.9043,23.1285],[115.8944,23.1323],[115.8791,23.1224],[115.8598,23.1207],[115.847,23.1016],[115.8416,23.1027],[115.8283,23.1149],[115.8286,23.1256],[115.7948,23.1357],[115.7867,23.1422],[115.776,23.1609],[115.7721,23.1634],[115.7588,23.1619],[115.7482,23.1704],[115.7284,23.1805],[115.7209,23.1865],[115.7288,23.1954],[115.7259,23.2017],[115.7292,23.2098],[115.7387,23.2105],[115.7453,23.1983],[115.753,23.2186],[115.7454,23.2283],[115.7435,23.2359],[115.7534,23.2476],[115.7634,23.247],[115.7746,23.2499],[115.7862,23.2493],[115.7926,23.2518],[115.8063,23.2515],[115.8195,23.2558],[115.8264,23.2635],[115.8133,23.2809],[115.793,23.2892],[115.7926,23.3118],[115.7978,23.3194],[115.7974,23.3271],[115.8082,23.3293],[115.8151,23.3384],[115.8066,23.3494],[115.7827,23.3715],[115.773,23.3862],[115.7528,23.3845],[115.7418,23.3797],[115.7351,23.3819],[115.7296,23.3756],[115.7212,23.372],[115.7087,23.3734],[115.6983,23.3709],[115.6946,23.3618],[115.6838,23.3562],[115.6722,23.3577],[115.667,23.3861],[115.6684,23.3978],[115.6786,23.4068],[115.6782,23.4104],[115.6533,23.4232],[115.6437,23.4331],[115.6416,23.4424],[115.6207,23.4544],[115.6188,23.4626],[115.6099,23.4725],[115.602,23.4746],[115.5904,23.4722],[115.5828,23.4559],[115.5656,23.4459],[115.5566,23.4373],[115.5386,23.4396],[115.5311,23.438],[115.5226,23.4314],[115.522,23.4246],[115.5137,23.4251],[115.5039,23.4173],[115.5089,23.4098],[115.5046,23.4025],[115.5061,23.3912],[115.5002,23.3813],[115.4872,23.3774],[115.4823,23.3792],[115.4706,23.3762],[115.466,23.3694],[115.466,23.3589],[115.4727,23.3264],[115.4811,23.3284],[115.4925,23.3251],[115.4809,23.3178],[115.4635,23.3139],[115.4535,23.3149],[115.4553,23.3031],[115.4474,23.2957],[115.452,23.2878],[115.4407,23.2822],[115.433,23.2844],[115.4189,23.2796],[115.4259,23.2731],[115.4132,23.2577],[115.4143,23.2462],[115.4197,23.2384],[115.4047,23.2404],[115.3981,23.2331],[115.398,23.22],[115.3831,23.2227],[115.3805,23.2155],[115.3677,23.2067],[115.3374,23.1966],[115.3382,23.1884],[115.334,23.1803],[115.3209,23.1668],[115.3122,23.1661],[115.3068,23.1602],[115.2897,23.1636],[115.2795,23.1588],[115.2774,23.1351],[115.279,23.1268],[115.2878,23.1056],[115.2854,23.0982],[115.2751,23.0949],[115.2579,23.0941],[115.2602,23.0859],[115.2468,23.0763],[115.2411,23.0645],[115.231,23.0592],[115.2078,23.0525],[115.1975,23.0465],[115.1756,23.0429],[115.1592,23.0266],[115.1585,23.0151],[115.1506,23.0112],[115.1439,23.0029],[115.1443,22.9937],[115.1478,22.9897],[115.1528,22.9703],[115.1565,22.9683],[115.1555,22.9533],[115.1603,22.9361],[115.1546,22.9236],[115.1544,22.914],[115.1471,22.9112],[115.146,22.9004],[115.1413,22.898],[115.1337,22.8821],[115.1238,22.877],[115.1244,22.8705],[115.1111,22.8498],[115.1089,22.8369],[115.1336,22.839],[115.1427,22.8335],[115.1541,22.8352],[115.1584,22.8262],[115.1668,22.8207],[115.172,22.8135],[115.2159,22.7986],[115.2096,22.782],[115.3891,22.2115]]]},"properties":{"region_code":"CN-44-4415","parent_region_code":"CN-44","name":"汕尾市","level":"prefecture","has_children":true,"full_path":"中国 / 广东省 / 汕尾市","source_admin_code":"4415","osm_relation_id":3282610}},
{"type":"Feature","geometry":{"type":"Polygon","coordinates":[[[114.3439,23.8899],[114.3411,23.8809],[114.3513,23.8721],[114.3389,23.8691],[114.3253,23.8555],[114.3252,23.8429],[114.322,23.835],[114.3221,23.8251],[114.3277,23.8112],[114.336,23.8104],[114.3378,23.7999],[114.3435,23.7955],[114.3418,23.7861],[114.333,23.7732],[114.3368,23.7628],[114.3366,23.7541],[114.3523,23.7501],[114.3546,23.743],[114.3504,23.7385],[114.3556,23.7311],[114.3638,23.728],[114.3656,23.7352],[114.3736,23.7471],[114.3836,23.7417],[114.3942,23.7223],[114.3952,23.7144],[114.4004,23.7106],[114.4111,23.7145],[114.4164,23.7124],[114.4193,23.6996],[114.4351,23.69],[114.445,23.6963],[114.4683,23.7058],[114.4887,23.7018],[114.5079,23.6911],[114.512,23.6852],[114.5157,23.6711],[114.5259,23.6693],[114.5262,23.6639],[114.5338,23.6538],[114.5349,23.6442],[114.5412,23.6345],[114.5499,23.626],[114.5527,23.6192],[114.5458,23.608],[114.5524,23.5992],[114.55,23.5942],[114.5629,23.5823],[114.5631,23.5735],[114.5744,23.5643],[114.5785,23.5663],[114.596,23.558],[114.6068,23.5469],[114.6021,23.5396],[114.6149,23.5311],[114.6186,23.5354],[114.6205,23.5522],[114.6264,23.5504],[114.6387,23.5621],[114.651,23.5655],[114.6551,23.5422],[114.6593,23.5353],[114.6694,23.5314],[114.6851,23.5351],[114.6929,23.5315],[114.6926,23.523],[114.6809,23.5117],[114.6783,23.4972],[114.6856,23.48],[114.6931,23.475],[114.6906,23.4627],[114.6669,23.4543],[114.6595,23.4475],[114.6469,23.4289],[114.6382,23.4221],[114.6282,23.4106],[114.6359,23.4061],[114.6441,23.4062],[114.6483,23.4146],[114.661,23.4124],[114.6814,23.4162],[114.6914,23.4099],[114.6886,23.3962],[114.6955,23.3919],[114.6959,23.3789],[114.6991,23.3702],[114.7068,23.3629],[114.7152,23.3612],[114.7142,23.348],[114.722,23.3356],[114.7322,23.331],[114.7419,23.3331],[114.7546,23.3262],[114.757,23.3172],[114.7641,23.3186],[114.7709,23.3141],[114.7749,23.2975],[114.7678,23.2916],[114.7639,23.282],[114.7755,23.2684],[114.7822,23.2689],[114.7821,23.2592],[114.7872,23.2533],[114.7886,23.2424],[114.7813,23.2368],[114.7783,23.2272],[114.7825,23.2206],[114.7817,23.2098],[114.7978,23.2082],[114.7996,23.2025],[114.8108,23.194],[114.8186,23.1911],[114.8298,23.1746],[114.8458,23.168],[114.8526,23.1754],[114.8524,23.1803],[114.8643,23.1927],[114.8627,23.2004],[114.8573,23.2027],[114.8554,23.2138],[114.8714,23.2257],[114.8753,23.2352],[114.8751,23.244],[114.8944,23.2495],[114.8904,23.2577],[114.9094,23.2826],[114.9072,23.2987],[114.9145,23.3176],[114.9107,23.321],[114.9108,23.334],[114.9141,23.3407],[114.9363,23.3526],[114.9493,23.3464],[114.9435,23.3324],[114.9568,23.329],[114.9663,23.3164],[114.9664,23.3052],[114.9734,23.297],[114.9874,23.2994],[114.9922,23.3164],[115.0089,23.3325],[115.0319,23.3305],[115.0428,23.3236],[115.0513,23.3236],[115.0564,23.3338],[115.0667,23.3356],[115.0733,23.3473],[115.0826,23.3463],[115.0966,23.3589],[115.1085,23.362],[115.1174,23.3706],[115.1364,23.3632],[115.1526,23.3648],[115.162,23.3744],[115.1637,23.3798],[115.1715,23.3835],[115.1859,23.379],[115.1928,23.3833],[115.2003,23.38],[115.2162,23.3858],[115.236,23.3793],[115.2443,23.3835],[115.2566,23.3831],[115.2602,23.387],[115.2728,23.3785],[115.2908,23.3599],[115.3003,23.3629],[115.2983,23.3524],[115.302,23.3469],[115.2988,23.3272],[115.3027,23.3237],[115.306,23.3105],[115.33,23.3249],[115.3407,23.3195],[115.3467,23.3119],[115.3681,23.3029],[115.3795,23.2923],[115.3899,23.2907],[115.3964,23.2789],[115.3963,23.2668],[115.3991,23.2569],[115.4089,23.2472],[115.4143,23.2462],[115.4132,23.2577],[115.4259,23.2731],[115.4189,23.2796],[115.433,23.2844],[115.4407,23.2822],[115.452,23.2878],[115.4474,23.2957],[115.4553,23.3031],[115.4535,23.3149],[115.4635,23.3139],[115.4809,23.3178],[115.4925,23.3251],[115.4811,23.3284],[115.4727,23.3264],[115.466,23.3589],[115.466,23.3694],[115.4706,23.3762],[115.459,23.3779],[115.452,23.3863],[115.4552,23.4027],[115.4495,23.4074],[115.45,23.4206],[115.4444,23.4273],[115.4339,23.4294],[115.4306,23.434],[115.4357,23.4504],[115.427,23.4708],[115.4212,23.4708],[115.4236,23.4819],[115.4118,23.4865],[115.4093,23.4926],[115.4337,23.5017],[115.4349,23.5076],[115.4276,23.5186],[115.4288,23.5324],[115.4359,23.5395],[115.4454,23.5584],[115.4317,23.5642],[115.4328,23.5741],[115.4238,23.5835],[115.4264,23.6026],[115.426,23.6297],[115.4313,23.6324],[115.4277,23.6401],[115.4369,23.6455],[115.4477,23.6658],[115.4467,23.683],[115.4521,23.6987],[115.4491,23.7091],[115.4246,23.7012],[115.4236,23.6965],[115.4044,23.7032],[115.4082,23.717],[115.4075,23.7254],[115.3969,23.7254],[115.3898,23.7348],[115.3835,23.7369],[115.378,23.7506],[115.3944,23.7711],[115.3843,23.7807],[115.3766,23.7773],[115.3654,23.7677],[115.3642,23.7595],[115.3418,23.7587],[115.3305,23.7601],[115.3116,23.7595],[115.3123,23.7642],[115.3262,23.7749],[115.3443,23.7851],[115.3477,23.7931],[115.3457,23.8032],[115.3544,23.8027],[115.3526,23.8175],[115.3448,23.821],[115.3513,23.8315],[115.3482,23.8351],[115.3495,23.8449],[115.3552,23.8491],[115.3674,23.8502],[115.3669,23.8677],[115.3738,23.8701],[115.3768,23.8828],[115.3868,23.8844],[115.3856,23.8933],[115.3899,23.9029],[115.3958,23.9048],[115.3982,23.9146],[115.3965,23.9324],[115.406,23.9428],[115.4035,23.9531],[115.4331,23.9607],[115.4483,23.9696],[115.4475,23.9865],[115.4415,23.9962],[115.4449,24.0151],[115.4394,24.0239],[115.442,24.0325],[115.4406,24.0409],[115.4211,24.0565],[115.4196,24.0646],[115.4127,24.0708],[115.4171,24.0782],[115.424,24.0793],[115.4311,24.0966],[115.4325,24.1066],[115.4437,24.1153],[115.4373,24.127],[115.4433,24.1327],[115.4483,24.1281],[115.4566,24.1304],[115.4685,24.1448],[115.4764,24.1458],[115.4793,24.1403],[115.4752,24.1334],[115.4789,24.1262],[115.4866,24.1239],[115.4956,24.1311],[115.5035,24.1079],[115.5084,24.1018],[115.5248,24.1013],[115.5327,24.1117],[115.5279,24.1254],[115.5175,24.1316],[115.5161,24.1461],[115.5117,24.1554],[115.5056,24.1596],[115.5022,24.1688],[115.5055,24.1783],[115.4988,24.1903],[115.5104,24.1935],[115.5158,24.1855],[115.5267,24.1786],[115.5341,24.1825],[115.5334,24.1956],[115.5465,24.2014],[115.5513,24.2081],[115.5595,24.2037],[115.5668,24.2072],[115.5686,24.2301],[115.5662,24.2387],[115.5732,24.2452],[115.5862,24.2458],[115.5876,24.2583],[115.5803,24.262],[115.5721,24.2731],[115.5762,24.2805],[115.573,24.2933],[115.5631,24.2982],[115.5671,24.3129],[115.548,24.3363],[115.5462,24.3628],[115.5498,24.3693],[115.5497,24.3817],[115.5529,24.3887],[115.5628,24.3914],[115.5713,24.3988],[115.5792,24.4143],[115.5775,24.4259],[115.5693,24.4309],[115.5708,24.4447],[115.5811,24.4496],[115.5848,24.4662],[115.5723,24.4617],[115.5716,24.4723],[115.568,24.4801],[115.5574,24.4799],[115.5553,24.4729],[115.5464,24.4722],[115.5476,24.489],[115.5338,24.4845],[115.5256,24.493],[115.5117,24.4978],[115.4997,24.496],[115.4895,24.4973],[115.4878,24.5113],[115.4819,24.5186],[115.4855,24.5254],[115.4802,24.5383],[115.4827,24.5461],[115.4792,24.5545],[115.479,24.5652],[115.4859,24.5663],[115.4925,24.5729],[115.5045,24.5754],[115.5102,24.5796],[115.5002,24.6059],[115.5164,24.6222],[115.5159,24.6314],[115.5242,24.6374],[115.5415,24.6409],[115.5548,24.646],[115.5549,24.6639],[115.5505,24.6748],[115.5515,24.6857],[115.5376,24.6932],[115.5294,24.6949],[115.5183,24.7059],[115.5231,24.7155],[115.5188,24.7204],[115.503,24.7194],[115.5017,24.7278],[115.4916,24.7363],[115.4956,24.7408],[115.4845,24.7501],[115.4779,24.7525],[115.4738,24.7639],[115.4607,24.77],[115.4459,24.769],[115.4079,24.7955],[115.3962,24.793],[115.3844,24.7771],[115.3725,24.7743],[115.3675,24.7771],[115.3578,24.7602],[115.3587,24.7421],[115.3535,24.7379],[115.334,24.7518],[115.317,24.7515],[115.3017,24.7615],[115.2736,24.757],[115.265,24.7523],[115.2635,24.7446],[115.2541,24.7317],[115.2427,24.7345],[115.2311,24.7273],[115.2197,24.7292],[115.2115,24.7234],[115.1953,24.7165],[115.1794,24.7142],[115.1832,24.7],[115.1796,24.6959],[115.1686,24.6983],[115.1502,24.6914],[115.1441,24.6925],[115.1348,24.6847],[115.1204,24.6837],[115.1232,24.6736],[115.1191,24.6698],[115.0986,24.677],[115.0909,24.6768],[115.0817,24.69],[115.0832,24.6944],[115.0688,24.7071],[115.0516,24.7064],[115.0406,24.7007],[115.0417,24.6915],[115.026,24.6809],[115.0199,24.6719],[115.0121,24.6766],[115.003,24.6753],[114.999,24.682],[114.9864,24.6762],[114.9741,24.6762],[114.9576,24.6681],[114.9505,24.6584],[114.9407,24.6536],[114.9328,24.6549],[114.9321,24.6685],[114.915,24.6702],[114.905,24.6646],[114.9037,24.6471],[114.8981,24.6415],[114.9012,24.6356],[114.8939,24.626],[114.8973,24.611],[114.8892,24.594],[114.8887,24.5854],[114.882,24.5833],[114.8783,24.5722],[114.8644,24.5654],[114.857,24.5703],[114.8496,24.5855],[114.8545,24.6003],[114.842,24.6054],[114.8281,24.5993],[114.8216,24.5912],[114.8152,24.5946],[114.7994,24.6083],[114.7946,24.605],[114.7764,24.6158],[114.7734,24.6098],[114.7642,24.6086],[114.7479,24.6191],[114.742,24.616],[114.7278,24.6153],[114.7256,24.5953],[114.7312,24.5866],[114.7281,24.578],[114.7333,24.5679],[114.7281,24.5655],[114.7219,24.5527],[114.7139,24.557],[114.705,24.5353],[114.6954,24.5401],[114.6814,24.5424],[114.66,24.5866],[114.6317,24.573],[114.6221,24.5798],[114.6065,24.5688],[114.5957,24.5565],[114.5914,24.5456],[114.586,24.5398],[114.5681,24.5452],[114.558,24.5404],[114.5422,24.5458],[114.5338,24.5587],[114.5245,24.5602],[114.5224,24.5549],[114.5069,24.545],[114.4992,24.5441],[114.494,24.5361],[114.4877,24.5371],[114.4741,24.5312],[114.4648,24.5134],[114.4464,24.5031],[114.4374,24.5013],[114.4236,24.4888],[114.4172,24.4996],[114.3976,24.5067],[114.4012,24.5206],[114.3984,24.5314],[114.3843,24.5371],[114.3823,24.5507],[114.3862,24.5654],[114.3763,24.5658],[114.3708,24.5765],[114.3612,24.5802],[114.3583,24.5859],[114.3414,24.5878],[114.3343,24.5867],[114.3264,24.5799],[114.3185,24.5822],[114.3034,24.5769],[114.3056,24.5614],[114.2883,24.5548],[114.2829,24.5479],[114.284,24.5408],[114.2687,24.5366],[114.2769,24.5216],[114.2737,24.5165],[114.283,24.5012],[114.2955,24.4947],[114.3006,24.4846],[114.3085,24.4818],[114.2985,24.4734],[114.2876,24.4724],[114.2793,24.4568],[114.2612,24.4446],[114.2524,24.4368],[114.2448,24.4349],[114.2362,24.4261],[114.2407,24.4142],[114.2511,24.4038],[114.2443,24.3847],[114.2483,24.3635],[114.2576,24.3664],[114.2775,24.3663],[114.2892,24.3539],[114.2838,24.344],[114.2739,24.3379],[114.2679,24.3254],[114.2756,24.3159],[114.2761,24.3055],[114.2578,24.2819],[114.255,24.2734],[114.2476,24.2678],[114.2545,24.2632],[114.2678,24.2652],[114.2692,24.2597],[114.2525,24.2616],[114.2514,24.2526],[114.2598,24.2493],[114.2704,24.2203],[114.2757,24.2147],[114.2932,24.205],[114.2934,24.1987],[114.2846,24.1851],[114.2868,24.1774],[114.3034,24.1656],[114.3092,24.1512],[114.3157,24.1492],[114.3241,24.1381],[114.3232,24.13],[114.3315,24.1272],[114.3406,24.1428],[114.3459,24.1462],[114.356,24.1385],[114.3664,24.1342],[114.3749,24.1422],[114.3897,24.1445],[114.3959,24.1415],[114.415,24.141],[114.4114,24.1275],[114.4221,24.1207],[114.4254,24.133],[114.4342,24.1248],[114.4415,24.1241],[114.4597,24.1135],[114.4717,24.1147],[114.479,24.1203],[114.4724,24.1265],[114.4654,24.1474],[114.4651,24.159],[114.4621,24.1659],[114.4538,24.1709],[114.4643,24.1758],[114.469,24.1675],[114.4854,24.1936],[114.4957,24.1982],[114.5045,24.2058],[114.508,24.2153],[114.521,24.2234],[114.5364,24.2257],[114.5442,24.2337],[114.5494,24.2456],[114.5599,24.2443],[114.5634,24.2341],[114.573,24.2302],[114.5875,24.2293],[114.589,24.2206],[114.5953,24.2141],[114.5876,24.2067],[114.5827,24.1942],[114.5961,24.1805],[114.5915,24.1674],[114.5787,24.1631],[114.564,24.1622],[114.5546,24.1555],[114.5566,24.1413],[114.5618,24.1381],[114.5525,24.1266],[114.5408,24.1346],[114.5322,24.1256],[114.5286,24.1369],[114.5107,24.1224],[114.51,24.1114],[114.5035,24.1089],[114.4925,24.1201],[114.4846,24.1142],[114.4905,24.1074],[114.4803,24.1008],[114.4731,24.0847],[114.458,24.0772],[114.4549,24.0789],[114.4385,24.0721],[114.4328,24.065],[114.4308,24.053],[114.436,24.0478],[114.4377,24.0357],[114.4201,24.0364],[114.4164,24.0232],[114.4105,24.0293],[114.3949,24.0271],[114.3907,24.0164],[114.3841,24.0149],[114.3809,24.0028],[114.3873,23.9944],[114.3779,23.9859],[114.3842,23.9732],[114.3786,23.9631],[114.382,23.9596],[114.3722,23.9495],[114.3773,23.9356],[114.3662,23.9305],[114.354,23.8971],[114.3439,23.8899]]]},"properties":{"region_code":"CN-44-4416","parent_region_code":"CN-44","name":"河源市","level":"prefecture","has_children":true,"full_path":"中国 / 广东省 / 河源市","source_admin_code":"4416","osm_relation_id":3241970}},
{"type":"Feature","geometry":{"type":"Polygon","coordinates":[[[112.1601,22.3878],[112.1565,22.3904],[112.1563,22.4034],[112.1357,22.4181],[112.1275,22.4086],[112.1053,22.4133],[112.1036,22.416],[112.0814,22.4189],[112.072,22.4236],[112.068,22.4354],[112.0535,22.454],[112.0479,22.4512],[112.0402,22.4558],[112.0293,22.4691],[112.007,22.4769],[112.0091,22.4877],[112.0037,22.494],[111.9902,22.4953],[111.9786,22.5084],[111.9789,22.5183],[111.9645,22.5495],[111.9713,22.5659],[111.9848,22.568],[111.9934,22.5784],[111.9932,22.5922],[111.98,22.5968],[111.97,22.616],[111.9665,22.6172],[111.9609,22.6305],[111.9515,22.6368],[111.9442,22.6288],[111.9341,22.6239],[111.9262,22.6091],[111.9186,22.6033],[111.915,22.5959],[111.9092,22.5967],[111.9051,22.5894],[111.8972,22.5845],[111.8962,22.5774],[111.8886,22.5732],[111.8844,22.5766],[111.8572,22.5785],[111.8544,22.5846],[111.8418,22.5854],[111.8408,22.5907],[111.8306,22.5889],[111.8307,22.5964],[111.8166,22.6006],[111.8268,22.6119],[111.8361,22.6085],[111.8419,22.6152],[111.854,22.6084],[111.8555,22.6201],[111.8497,22.6265],[111.8524,22.6357],[111.8657,22.6357],[111.8681,22.6459],[111.8658,22.6628],[111.8575,22.662],[111.8516,22.6663],[111.8456,22.6793],[111.8363,22.682],[111.8374,22.6908],[111.8302,22.6919],[111.8283,22.6837],[111.8214,22.6841],[111.815,22.6794],[111.8157,22.6707],[111.8047,22.6595],[111.8019,22.6483],[111.8094,22.6362],[111.7943,22.6245],[111.7792,22.6105],[111.7751,22.5989],[111.7589,22.5909],[111.7588,22.5855],[111.7328,22.5734],[111.7145,22.5432],[111.7162,22.5289],[111.7097,22.5157],[111.7082,22.5076],[111.6974,22.4987],[111.6861,22.4851],[111.6752,22.4854],[111.6783,22.4717],[111.674,22.4598],[111.6651,22.4494],[111.6507,22.4363],[111.6259,22.4059],[111.6149,22.3991],[111.6118,22.3936],[111.6023,22.3963],[111.5967,22.3881],[111.5957,22.3786],[111.5853,22.3728],[111.5665,22.3782],[111.562,22.3778],[111.5476,22.3677],[111.5377,22.371],[111.526,22.3613],[111.5119,22.3682],[111.5061,22.3525],[111.487,22.3364],[111.4652,22.3353],[111.4541,22.3125],[111.4595,22.3049],[111.4482,22.273],[111.4277,22.279],[111.4147,22.2738],[111.4114,22.2667],[111.3915,22.2537],[111.3833,22.254],[111.3779,22.2441],[111.3716,22.2458],[111.3658,22.2406],[111.3553,22.2367],[111.3509,22.2261],[111.3409,22.2142],[111.3489,22.196],[111.3455,22.1862],[111.3399,22.1821],[111.3231,22.1761],[111.3241,22.1671],[111.3293,22.1628],[111.3303,22.1542],[111.3262,22.1449],[111.335,22.1347],[111.3361,22.127],[111.3276,22.1181],[111.3193,22.1161],[111.3192,22.1077],[111.2936,22.0727],[111.2956,22.0668],[111.2834,22.0611],[111.2803,22.0502],[111.2844,22.0409],[111.2908,22.0341],[111.2995,22.0327],[111.3009,22.0146],[111.2953,22.0087],[111.2826,22.0028],[111.278,21.9895],[111.2826,21.9803],[111.2788,21.975],[111.282,21.9675],[111.2781,21.9587],[111.2895,21.9388],[111.2822,21.9268],[111.2851,21.9107],[111.2911,21.9052],[111.302,21.9017],[111.3058,21.8967],[111.315,21.9005],[111.3201,21.8896],[111.3349,21.877],[111.3484,21.8809],[111.3573,21.8796],[111.3622,21.8666],[111.3693,21.863],[111.398,21.8647],[111.3976,21.8574],[111.4119,21.8526],[111.4165,21.8329],[111.4153,21.8128],[111.3962,21.8008],[111.3817,21.7827],[111.3715,21.7769],[111.3833,21.7595],[111.3777,21.7513],[111.3765,21.7372],[111.3912,21.7281],[111.397,21.7303],[111.4018,21.7244],[111.4159,21.7241],[111.4268,21.7202],[111.4307,21.713],[111.4356,21.696],[111.4233,21.6787],[111.4261,21.6731],[111.4191,21.6667],[111.4174,21.6533],[111.4093,21.6418],[111.413,21.6225],[111.4212,21.6151],[111.4112,21.6039],[111.4099,21.5986],[111.4175,21.591],[111.413,21.5797],[111.4232,21.5741],[111.4354,21.5721],[111.4449,21.5553],[111.4441,21.5451],[111.4543,21.5312],[111.4282,21.456],[111.428,21.0339],[112.0515,20.6886],[112.3031,21.0323],[112.3031,21.4806],[112.3032,21.7072],[112.2985,21.717],[112.3049,21.7352],[112.3005,21.7423],[112.3031,21.7515],[112.309,21.7529],[112.3124,21.7601],[112.3272,21.7709],[112.3231,21.8016],[112.3312,21.8053],[112.3407,21.8136],[112.3372,21.8208],[112.3536,21.8358],[112.3463,21.8445],[112.3461,21.8508],[112.3649,21.8651],[112.3598,21.8695],[112.338,21.8785],[112.3435,21.8905],[112.3454,21.9041],[112.3406,21.908],[112.3449,21.917],[112.3359,21.9218],[112.3353,21.9454],[112.3259,21.9621],[112.3186,21.9656],[112.3133,21.979],[112.2961,21.988],[112.2907,21.9856],[112.2719,21.9853],[112.2661,21.9907],[112.2685,21.9963],[112.2587,22.0042],[112.2449,22.0091],[112.2343,22.009],[112.2286,22.0144],[112.2206,22.0149],[112.2165,22.0206],[112.2116,22.0423],[112.2183,22.0449],[112.2261,22.0555],[112.2198,22.0596],[112.2209,22.0694],[112.2072,22.072],[112.1939,22.0674],[112.1799,22.0695],[112.1686,22.0879],[112.1625,22.0881],[112.1513,22.0984],[112.1444,22.0936],[112.1391,22.0976],[112.1205,22.0999],[112.12,22.1137],[112.1014,22.1281],[112.1012,22.1373],[112.0846,22.14],[112.0679,22.1328],[112.0671,22.1273],[112.0309,22.1168],[112.022,22.1298],[112.0336,22.1341],[112.0422,22.1418],[112.0459,22.1495],[112.0315,22.1707],[112.0363,22.1817],[112.0364,22.1902],[112.0469,22.1975],[112.0463,22.2103],[112.0327,22.2178],[112.0327,22.2349],[112.0189,22.238],[112.0162,22.2456],[111.9991,22.2512],[111.9985,22.258],[112.0054,22.269],[112.0148,22.2711],[112.0313,22.2656],[112.0442,22.2735],[112.0562,22.2863],[112.063,22.2987],[112.0569,22.3072],[112.0636,22.3212],[112.0597,22.3271],[112.0672,22.3417],[112.0765,22.3538],[112.0934,22.3543],[112.1026,22.3501],[112.1146,22.359],[112.1144,22.3465],[112.1229,22.3524],[112.1294,22.3519],[112.1292,22.3399],[112.142,22.3418],[112.1453,22.356],[112.1392,22.3613],[112.148,22.3712],[112.1487,22.3787],[112.1601,22.3878]]]},"properties":{"region_code":"CN-44-4417","parent_region_code":"CN-44","name":"阳江市","level":"prefecture","has_children":true,"full_path":"中国 / 广东省 / 阳江市","source_admin_code":"4417","osm_relation_id":3032037}},
{"type":"Feature","geometry":{"type":"Polygon","coordinates":[[[113.7956,23.9062],[113.7952,23.9257],[113.7869,23.935],[113.7768,23.9386],[113.7688,23.9457],[113.7691,23.9582],[113.7612,23.9637],[113.753,23.9649],[113.7476,23.9612],[113.7348,23.9647],[113.7341,23.9736],[113.7135,23.9959],[113.7307,24.0078],[113.7436,24.0285],[113.7524,24.0292],[113.7602,24.023],[113.7743,24.0313],[113.7842,24.0311],[113.7903,24.0462],[113.7994,24.0572],[113.81,24.0561],[113.8266,24.0644],[113.8243,24.0741],[113.833,24.0764],[113.8346,24.0844],[113.8305,24.1017],[113.8369,24.1078],[113.8307,24.1167],[113.8319,24.1215],[113.848,24.1295],[113.853,24.1347],[113.8661,24.1398],[113.8641,24.149],[113.8576,24.1501],[113.8534,24.1621],[113.8589,24.1707],[113.878,24.1792],[113.8938,24.193],[113.8996,24.1859],[113.9134,24.1903],[113.9228,24.1889],[113.9247,24.199],[113.8959,24.2089],[113.8908,24.212],[113.8912,24.2205],[113.8854,24.2328],[113.8876,24.2438],[113.8781,24.2497],[113.869,24.2422],[113.8644,24.2454],[113.8664,24.2587],[113.8581,24.2619],[113.8518,24.2563],[113.838,24.2641],[113.8366,24.2749],[113.8423,24.2826],[113.8397,24.3094],[113.8443,24.3144],[113.8436,24.3283],[113.8337,24.3413],[113.8187,24.3417],[113.8106,24.3483],[113.8027,24.3731],[113.7947,24.3799],[113.8003,24.3876],[113.7987,24.4045],[113.792,24.4046],[113.784,24.4127],[113.773,24.4138],[113.7581,24.4196],[113.7568,24.436],[113.7377,24.4413],[113.7321,24.4383],[113.7217,24.4399],[113.7183,24.4338],[113.717,24.4175],[113.7063,24.414],[113.6979,24.4265],[113.678,24.4443],[113.6767,24.4583],[113.6608,24.4709],[113.649,24.471],[113.6332,24.4826],[113.6324,24.4899],[113.6233,24.4958],[113.6154,24.4924],[113.6052,24.4931],[113.5961,24.4971],[113.5914,24.5033],[113.5965,24.5121],[113.5841,24.5185],[113.5792,24.5093],[113.57,24.5128],[113.5619,24.5103],[113.5479,24.5139],[113.5353,24.5129],[113.5281,24.4975],[113.5237,24.4956],[113.5242,24.4837],[113.5131,24.4736],[113.5078,24.4837],[113.5014,24.4883],[113.4958,24.476],[113.4863,24.4734],[113.4763,24.4791],[113.4677,24.473],[113.4641,24.4646],[113.4404,24.4602],[113.4348,24.4558],[113.4102,24.4633],[113.406,24.4763],[113.4118,24.4814],[113.3962,24.4881],[113.38,24.4862],[113.3725,24.4898],[113.3649,24.4885],[113.3464,24.4736],[113.3292,24.4754],[113.3115,24.4667],[113.302,24.4672],[113.2908,24.4596],[113.2855,24.4638],[113.2665,24.4684],[113.2652,24.4789],[113.2538,24.486],[113.2478,24.4969],[113.248,24.5114],[113.2389,24.5041],[113.2111,24.4986],[113.2077,24.4892],[113.199,24.4772],[113.1896,24.4771],[113.1851,24.4817],[113.1716,24.482],[113.1668,24.4769],[113.1565,24.4861],[113.1468,24.4798],[113.1393,24.4842],[113.1312,24.483],[113.1095,24.5057],[113.0914,24.5025],[113.0875,24.4875],[113.0806,24.4755],[113.0654,24.4759],[113.061,24.4693],[113.0422,24.4782],[113.0203,24.4972],[113.0168,24.517],[113.0004,24.5253],[112.9935,24.5318],[112.9933,24.5402],[112.9863,24.548],[112.9801,24.5449],[112.9714,24.5503],[112.9728,24.5608],[112.9673,24.5622],[112.9564,24.5779],[112.96,24.5834],[112.9567,24.5931],[112.9476,24.5985],[112.9399,24.5973],[112.9317,24.6006],[112.9208,24.5991],[112.9077,24.6029],[112.8982,24.598],[112.8936,24.6042],[112.8818,24.5984],[112.8788,24.6198],[112.893,24.6356],[112.8951,24.6446],[112.8904,24.6546],[112.907,24.6641],[112.9108,24.67],[112.9048,24.6784],[112.8979,24.7002],[112.9002,24.7075],[112.8921,24.7142],[112.8929,24.7199],[112.9214,24.7201],[112.9216,24.7265],[112.9311,24.7326],[112.9346,24.7425],[112.9265,24.7464],[112.9274,24.7589],[112.9338,24.7603],[112.9477,24.7831],[112.9433,24.789],[112.9531,24.7954],[112.9553,24.8023],[112.9459,24.8213],[112.9545,24.8273],[112.9739,24.8356],[112.9935,24.8534],[113.0093,24.8544],[113.0141,24.8588],[113.0167,24.8737],[113.0073,24.8824],[113.0061,24.8984],[112.9959,24.9078],[112.9995,24.9165],[112.9909,24.9275],[112.9846,24.9304],[112.9704,24.9234],[112.9581,24.9223],[112.9522,24.9271],[112.9428,24.9159],[112.9295,24.9245],[112.9167,24.9224],[112.9,24.925],[112.8943,24.9203],[112.8789,24.9152],[112.8694,24.9093],[112.868,24.8991],[112.8541,24.9009],[112.8367,24.9005],[112.828,24.8961],[112.8186,24.8978],[112.798,24.8937],[112.7821,24.8954],[112.7752,24.9006],[112.7814,24.9142],[112.777,24.9275],[112.779,24.9419],[112.7745,24.9499],[112.7597,24.9535],[112.7518,24.9582],[112.7374,24.962],[112.7363,24.9796],[112.7403,24.9853],[112.7363,25.0015],[112.7278,25.0101],[112.7187,25.0143],[112.7098,25.0285],[112.7141,25.059],[112.7103,25.0812],[112.708,25.0856],[112.6923,25.0925],[112.6903,25.0981],[112.6733,25.1141],[112.6633,25.1175],[112.6627,25.1247],[112.6546,25.1358],[112.6407,25.1371],[112.6356,25.142],[112.623,25.1437],[112.6194,25.1372],[112.6091,25.1368],[112.5936,25.1299],[112.5588,25.1274],[112.5387,25.136],[112.5165,25.14],[112.5013,25.1402],[112.4987,25.1468],[112.4859,25.1477],[112.473,25.1549],[112.4532,25.1549],[112.447,25.1641],[112.449,25.1777],[112.4432,25.1874],[112.4383,25.1897],[112.4265,25.1812],[112.4209,25.1601],[112.4067,25.1434],[112.398,25.1415],[112.3861,25.1491],[112.3825,25.1561],[112.3877,25.1651],[112.3693,25.1796],[112.3662,25.1894],[112.3534,25.1939],[112.3275,25.1773],[112.3088,25.1776],[112.297,25.1598],[112.2782,25.1623],[112.2764,25.1685],[112.2634,25.1671],[112.2501,25.1623],[112.2498,25.1765],[112.2414,25.1885],[112.2291,25.1908],[112.2199,25.189],[112.1975,25.1886],[112.1916,25.1903],[112.1815,25.1848],[112.1874,25.1754],[112.1815,25.1645],[112.1778,25.1512],[112.1792,25.1449],[112.1693,25.1339],[112.1712,25.1275],[112.171,25.1098],[112.1604,25.0876],[112.1571,25.0713],[112.1507,25.0669],[112.1468,25.0587],[112.1478,25.0479],[112.1435,25.0387],[112.1501,25.0295],[112.1298,25.002],[112.1169,24.9934],[112.1169,24.9742],[112.1144,24.9668],[112.1229,24.9553],[112.1349,24.9465],[112.1453,24.9353],[112.1527,24.936],[112.1687,24.9305],[112.169,24.9176],[112.1663,24.9142],[112.1615,24.8802],[112.1584,24.8718],[112.1649,24.8675],[112.1562,24.8473],[112.1436,24.8399],[112.1356,24.8481],[112.1278,24.8444],[112.1187,24.8444],[112.1105,24.8364],[112.0911,24.8297],[112.0911,24.8205],[112.0787,24.8086],[112.0544,24.8033],[112.053,24.7933],[112.0461,24.7894],[112.0288,24.7747],[112.0284,24.7588],[112.0242,24.7471],[112.005,24.7333],[111.9942,24.7366],[111.9788,24.731],[111.9677,24.731],[111.9571,24.7247],[111.9459,24.6972],[111.937,24.6928],[111.935,24.6855],[111.9394,24.6799],[111.935,24.6706],[111.9421,24.6629],[111.9478,24.6502],[111.9379,24.6455],[111.9294,24.6455],[111.9223,24.6325],[111.9333,24.6126],[111.932,24.5989],[111.9467,24.5945],[111.9582,24.5839],[111.9668,24.5816],[111.9741,24.5687],[111.973,24.5643],[111.9835,24.556],[111.9925,24.5541],[112.0021,24.5374],[111.9999,24.515],[112.0044,24.5057],[111.9911,24.4978],[111.9823,24.4852],[111.9814,24.4674],[111.9913,24.4622],[111.9945,24.4534],[112.0052,24.4506],[112.0178,24.4444],[112.0192,24.4369],[112.0251,24.4328],[112.0367,24.413],[112.0347,24.4022],[112.0382,24.3955],[112.0523,24.3898],[112.0564,24.3709],[112.0542,24.3438],[112.0451,24.3353],[112.0398,24.3235],[112.0279,24.3161],[112.0254,24.3043],[112.0208,24.2979],[112.0106,24.2968],[111.9978,24.2845],[111.9845,24.281],[111.9856,24.2724],[111.9828,24.2619],[111.9739,24.258],[111.9638,24.2666],[111.9509,24.2633],[111.9475,24.2545],[111.9356,24.2482],[111.9376,24.2378],[111.9492,24.2399],[111.9564,24.2377],[111.9729,24.2256],[111.9816,24.208],[111.989,24.2014],[111.9939,24.1886],[112.0016,24.193],[112.0196,24.1911],[112.0364,24.1942],[112.0406,24.2003],[112.036,24.2194],[112.045,24.2269],[112.0477,24.2486],[112.0529,24.2497],[112.0625,24.2634],[112.0814,24.2596],[112.0906,24.2442],[112.1007,24.2312],[112.1097,24.2316],[112.1171,24.2256],[112.1238,24.2101],[112.139,24.2041],[112.1435,24.1922],[112.1522,24.1885],[112.1613,24.1906],[112.1645,24.2001],[112.1721,24.2004],[112.1815,24.2053],[112.1916,24.2068],[112.2098,24.2262],[112.2126,24.2332],[112.213,24.2472],[112.2304,24.249],[112.2396,24.2436],[112.2442,24.2462],[112.2511,24.2625],[112.2503,24.282],[112.2567,24.2934],[112.2517,24.3236],[112.2531,24.3271],[112.2692,24.3235],[112.2884,24.3304],[112.2884,24.3474],[112.2849,24.3659],[112.2795,24.3802],[112.2837,24.3915],[112.2937,24.3886],[112.302,24.3814],[112.3144,24.383],[112.3367,24.3563],[112.3684,24.3506],[112.3726,24.3395],[112.3794,24.331],[112.3885,24.3293],[112.389,24.3219],[112.3964,24.3129],[112.4079,24.3078],[112.4184,24.2876],[112.4388,24.2904],[112.4446,24.2837],[112.4504,24.2507],[112.4533,24.2411],[112.4477,24.212],[112.4341,24.1932],[112.4337,24.183],[112.4261,24.176],[112.4294,24.1671],[112.4241,24.1632],[112.4293,24.1543],[112.4239,24.1443],[112.4244,24.1297],[112.4415,24.1246],[112.448,24.1271],[112.4502,24.1178],[112.4584,24.1234],[112.4662,24.123],[112.4814,24.1169],[112.4884,24.0981],[112.4842,24.0888],[112.4956,24.0835],[112.4926,24.0671],[112.4947,24.0596],[112.5025,24.0541],[112.5033,24.0428],[112.5133,24.0194],[112.5019,24.0114],[112.5097,23.9923],[112.511,23.9798],[112.5305,23.9735],[112.545,23.9757],[112.5511,23.9809],[112.5592,23.9802],[112.5619,23.9678],[112.5701,23.9702],[112.5833,23.9596],[112.6032,23.9555],[112.6176,23.9465],[112.64,23.9438],[112.649,23.9511],[112.6578,23.9524],[112.6775,23.9418],[112.6781,23.9268],[112.6883,23.9155],[112.688,23.907],[112.6804,23.8981],[112.6863,23.8938],[112.6815,23.885],[112.6729,23.8763],[112.6695,23.8648],[112.6729,23.8577],[112.667,23.8543],[112.6668,23.8385],[112.6701,23.834],[112.6569,23.825],[112.6539,23.8145],[112.6704,23.8179],[112.6843,23.8091],[112.7007,23.809],[112.6955,23.7959],[112.699,23.7932],[112.6973,23.7796],[112.6925,23.7684],[112.7008,23.7555],[112.7248,23.7612],[112.7379,23.7551],[112.7207,23.7284],[112.7101,23.7167],[112.7083,23.7095],[112.7211,23.711],[112.7099,23.6943],[112.7266,23.6816],[112.7397,23.6891],[112.7347,23.6752],[112.7397,23.6711],[112.7461,23.6779],[112.754,23.6749],[112.7634,23.68],[112.7757,23.6738],[112.7795,23.6579],[112.7731,23.6439],[112.7468,23.6313],[112.7452,23.6127],[112.7537,23.6054],[112.767,23.6059],[112.7681,23.5984],[112.7766,23.5911],[112.7946,23.5916],[112.7929,23.5797],[112.7883,23.5713],[112.7924,23.5614],[112.7916,23.5544],[112.797,23.5482],[112.812,23.5478],[112.8155,23.5512],[112.8253,23.5484],[112.8208,23.5621],[112.822,23.5697],[112.8315,23.5681],[112.8434,23.5696],[112.8578,23.5762],[112.867,23.5695],[112.887,23.5585],[112.8952,23.5695],[112.9103,23.5551],[112.9061,23.5444],[112.8882,23.5292],[112.8826,23.5202],[112.8892,23.5133],[112.8918,23.5021],[112.9003,23.4891],[112.9087,23.4914],[112.9234,23.4862],[112.9251,23.4659],[112.9371,23.4629],[112.9479,23.4562],[112.954,23.4486],[112.961,23.4532],[112.9611,23.4635],[112.9699,23.4655],[112.9881,23.4695],[112.9999,23.4645],[113.0095,23.4676],[113.0203,23.4744],[113.0249,23.4726],[113.0343,23.4774],[113.0488,23.473],[113.0569,23.4828],[113.0658,23.4838],[113.0709,23.4919],[113.0876,23.4993],[113.0958,23.4978],[113.1099,23.5039],[113.1134,23.5093],[113.1225,23.5092],[113.1381,23.5137],[113.1522,23.5104],[113.1865,23.5189],[113.1988,23.5404],[113.2053,23.5397],[113.2048,23.5556],[113.1954,23.5644],[113.1968,23.5791],[113.2091,23.5868],[113.2216,23.5883],[113.2225,23.597],[113.2405,23.5908],[113.2431,23.6042],[113.2649,23.6158],[113.2774,23.6147],[113.2877,23.6231],[113.2926,23.6408],[113.2975,23.6486],[113.307,23.6457],[113.3229,23.6479],[113.3225,23.658],[113.3294,23.6589],[113.333,23.6682],[113.3436,23.6705],[113.3451,23.6779],[113.3552,23.6988],[113.3582,23.7096],[113.3698,23.7153],[113.3695,23.7256],[113.3728,23.734],[113.3898,23.7323],[113.395,23.7261],[113.4046,23.7236],[113.4182,23.7292],[113.4248,23.7255],[113.4329,23.7296],[113.4389,23.726],[113.4383,23.7184],[113.4493,23.7124],[113.4588,23.7105],[113.4642,23.699],[113.4631,23.6937],[113.4753,23.6863],[113.5072,23.6843],[113.5131,23.6889],[113.5206,23.6876],[113.5399,23.6986],[113.5394,23.7055],[113.553,23.7038],[113.5584,23.6941],[113.5741,23.6792],[113.5822,23.678],[113.5821,23.6718],[113.5943,23.6686],[113.6005,23.676],[113.6105,23.6826],[113.6068,23.6898],[113.6185,23.6978],[113.6175,23.702],[113.6333,23.7076],[113.6236,23.7131],[113.6275,23.7224],[113.6261,23.7409],[113.6312,23.753],[113.6269,23.7554],[113.6246,23.7659],[113.6149,23.7736],[113.6101,23.783],[113.6132,23.7888],[113.6283,23.7995],[113.6347,23.8174],[113.6468,23.823],[113.6615,23.8169],[113.679,23.8154],[113.6825,23.8283],[113.702,23.8182],[113.713,23.8237],[113.7097,23.8376],[113.7127,23.8472],[113.7041,23.8591],[113.7083,23.8652],[113.7284,23.8577],[113.7369,23.8621],[113.7433,23.8565],[113.7506,23.8605],[113.7624,23.8751],[113.7696,23.8791],[113.7766,23.8995],[113.7822,23.9049],[113.7956,23.9062]]]},"properties":{"region_code":"CN-44-4418","parent_region_code":"CN-44","name":"清远市","level":"prefecture","has_children":true,"full_path":"中国 / 广东省 / 清远市","source_admin_code":"4418","osm_relation_id":3124223}},
{"type":"Feature","geometry":{"type":"Polygon","coordinates":[[[113.6805,22.7181],[113.7102,22.7269],[113.7499,22.7295],[113.7562,22.7382],[113.7687,22.7475],[113.7822,22.7532],[113.7888,22.7616],[113.7869,22.7707],[113.7958,22.7786],[113.7951,22.7857],[113.8052,22.7851],[113.8111,22.7951],[113.8219,22.7954],[113.8322,22.8038],[113.835,22.811],[113.8315,22.8295],[113.836,22.8363],[113.8467,22.8402],[113.8521,22.8355],[113.8634,22.84],[113.8733,22.8553],[113.8838,22.8582],[113.8876,22.8506],[113.8985,22.8465],[113.8995,22.8353],[113.9058,22.8329],[113.933,22.8355],[113.9508,22.8238],[113.9504,22.8181],[113.9679,22.815],[113.9722,22.8101],[113.9697,22.8014],[113.9858,22.8029],[113.9891,22.7851],[113.9939,22.7774],[113.9904,22.7732],[113.9979,22.7662],[114.0128,22.763],[114.0223,22.7693],[114.0347,22.7669],[114.0394,22.7702],[114.0473,22.7657],[114.0446,22.759],[114.0587,22.7589],[114.0697,22.743],[114.0793,22.7533],[114.087,22.7489],[114.0935,22.7497],[114.0972,22.7342],[114.1022,22.7257],[114.1105,22.7257],[114.1168,22.7188],[114.1323,22.7191],[114.1384,22.7159],[114.1468,22.6928],[114.1607,22.6835],[114.1627,22.677],[114.1595,22.6642],[114.1735,22.6565],[114.1802,22.6738],[114.1923,22.6851],[114.1868,22.6917],[114.1945,22.6974],[114.1916,22.714],[114.2033,22.7174],[114.2038,22.7321],[114.2109,22.7384],[114.2018,22.7599],[114.1938,22.7686],[114.182,22.7664],[114.1829,22.7727],[114.1788,22.7825],[114.1849,22.7885],[114.2027,22.7925],[114.206,22.7958],[114.2109,22.8106],[114.2245,22.8152],[114.2299,22.8218],[114.2302,22.8424],[114.2274,22.8549],[114.2297,22.8675],[114.2254,22.874],[114.2263,22.8828],[114.2319,22.8884],[114.2402,22.8833],[114.2465,22.8868],[114.2532,22.8962],[114.2544,22.9088],[114.2444,22.9079],[114.2306,22.9177],[114.2241,22.9175],[114.2079,22.9315],[114.2051,22.9465],[114.2094,22.9497],[114.2065,22.9582],[114.2185,22.9661],[114.2173,22.9834],[114.2075,22.9905],[114.1947,22.9895],[114.1936,22.9932],[114.1804,22.9951],[114.1628,22.983],[114.1507,22.9824],[114.1417,22.9881],[114.1331,22.9891],[114.1272,22.9972],[114.1191,22.9968],[114.1221,23.0057],[114.1292,23.0094],[114.1296,23.0156],[114.1362,23.0273],[114.1343,23.0371],[114.1159,23.0508],[114.1028,23.0573],[114.0921,23.0668],[114.0865,23.0801],[114.0865,23.089],[114.08,23.0996],[114.055,23.1038],[114.0422,23.0999],[114.0327,23.0927],[114.0156,23.085],[114.0042,23.0865],[113.9883,23.0952],[113.9818,23.1043],[113.9658,23.116],[113.9574,23.1168],[113.9296,23.1099],[113.9016,23.1177],[113.89,23.1141],[113.8697,23.1273],[113.859,23.1177],[113.8429,23.1197],[113.8398,23.1283],[113.8345,23.12],[113.8076,23.1307],[113.7862,23.1305],[113.7734,23.1338],[113.7497,23.1329],[113.7337,23.1441],[113.7193,23.1449],[113.711,23.1416],[113.6848,23.1244],[113.6663,23.1194],[113.6568,23.1141],[113.6456,23.1227],[113.6371,23.1154],[113.6352,23.1065],[113.6059,23.1063],[113.5963,23.0981],[113.5814,23.0905],[113.5528,23.0846],[113.5448,23.0806],[113.5386,23.065],[113.5269,23.0536],[113.5184,23.0418],[113.5159,23.0175],[113.5168,23.0069],[113.5217,22.9864],[113.5272,22.9745],[113.5353,22.9633],[113.5384,22.9521],[113.5463,22.9401],[113.56,22.907],[113.5698,22.8931],[113.5662,22.8751],[113.5669,22.8562],[113.5761,22.8381],[113.6024,22.8132],[113.6223,22.79],[113.6504,22.7523],[113.6709,22.726],[113.6805,22.7181]]]},"properties":{"region_code":"CN-44-4419","parent_region_code":"CN-44","name":"东莞市","level":"prefecture","has_children":false,"full_path":"中国 / 广东省 / 东莞市","source_admin_code":"4419","osm_relation_id":3464319}},
{"type":"Feature","geometry":{"type":"Polygon","coordinates":[[[113.3598,22.7761],[113.353,22.7678],[113.3369,22.761],[113.3246,22.7529],[113.3243,22.7445],[113.2966,22.7392],[113.2868,22.7418],[113.274,22.739],[113.2673,22.7306],[113.2568,22.7315],[113.2516,22.7419],[113.2428,22.7476],[113.231,22.7436],[113.2282,22.7349],[113.2167,22.7147],[113.204,22.7014],[113.1942,22.6805],[113.184,22.6766],[113.1717,22.685],[113.1614,22.6772],[113.156,22.6764],[113.1582,22.6665],[113.1652,22.6615],[113.1658,22.6531],[113.1558,22.6513],[113.1517,22.6287],[113.1537,22.6187],[113.1602,22.6046],[113.1712,22.5929],[113.1794,22.5779],[113.1837,22.5556],[113.1819,22.5428],[113.1941,22.5292],[113.2066,22.5212],[113.2175,22.5022],[113.2285,22.4898],[113.2386,22.4695],[113.2393,22.4608],[113.2514,22.4411],[113.2511,22.4141],[113.2575,22.395],[113.2685,22.3877],[113.302,22.3492],[113.3155,22.3323],[113.3162,22.3147],[113.3242,22.2959],[113.3312,22.2834],[113.3345,22.2703],[113.3439,22.2543],[113.3512,22.248],[113.3776,22.2339],[113.3823,22.2371],[113.3891,22.2318],[113.4086,22.2068],[113.4237,22.2063],[113.4333,22.2083],[113.452,22.2161],[113.4574,22.2217],[113.4812,22.2298],[113.4742,22.2364],[113.4773,22.2459],[113.4851,22.2455],[113.5016,22.2494],[113.5073,22.253],[113.5091,22.2643],[113.4994,22.2697],[113.4897,22.2829],[113.4909,22.2855],[113.4825,22.299],[113.4751,22.3066],[113.4644,22.3125],[113.4694,22.3174],[113.4816,22.322],[113.4905,22.3224],[113.4979,22.3274],[113.4925,22.3435],[113.4848,22.3444],[113.4845,22.3526],[113.4896,22.3579],[113.4841,22.369],[113.4871,22.3798],[113.4806,22.3937],[113.4902,22.4008],[113.4893,22.4111],[113.4982,22.4131],[113.5008,22.4177],[113.5127,22.4118],[113.5139,22.4175],[113.5289,22.4186],[113.5387,22.4166],[113.5685,22.415],[113.6049,22.449],[113.6248,22.4806],[113.6798,22.4877],[113.7501,22.4568],[113.7497,22.4834],[113.7241,22.5549],[113.7272,22.5608],[113.6295,22.5608],[113.6127,22.5825],[113.61,22.5887],[113.5971,22.5988],[113.5802,22.6018],[113.5697,22.609],[113.567,22.6057],[113.5564,22.611],[113.5327,22.6479],[113.5277,22.6582],[113.5325,22.6603],[113.5346,22.6693],[113.5083,22.6891],[113.4966,22.6959],[113.4661,22.7182],[113.4593,22.7244],[113.4627,22.732],[113.4417,22.7396],[113.4206,22.7416],[113.4058,22.7465],[113.3598,22.7761]]]},"properties":{"region_code":"CN-44-4420","parent_region_code":"CN-44","name":"中山市","level":"prefecture","has_children":false,"full_path":"中国 / 广东省 / 中山市","source_admin_code":"4420","osm_relation_id":3464878}},
{"type":"Feature","geometry":{"type":"Polygon","coordinates":[[[117.2221,23.5243],[117.1904,23.5612],[117.1902,23.6176],[117.1828,23.6323],[117.1696,23.6429],[117.1588,23.6405],[117.1523,23.6434],[117.1425,23.6562],[117.1361,23.6532],[117.1254,23.6539],[117.1072,23.6584],[117.1014,23.6682],[117.0859,23.6665],[117.0692,23.6934],[117.0617,23.6912],[117.053,23.6948],[117.0483,23.7009],[117.0491,23.711],[117.0444,23.7266],[117.0482,23.7416],[117.0399,23.7548],[117.0345,23.7809],[117.0164,23.812],[117.0245,23.8187],[117.0293,23.8298],[117.0212,23.8299],[117.0188,23.8403],[117.0074,23.8584],[116.9978,23.8577],[116.9943,23.8622],[116.9803,23.8658],[116.9765,23.8589],[116.9605,23.8612],[116.9573,23.8744],[116.9709,23.875],[116.9746,23.8872],[116.97,23.8878],[116.9684,23.8975],[116.9543,23.9034],[116.9547,23.9173],[116.9504,23.9216],[116.9687,23.9298],[116.9755,23.9438],[116.9748,23.9554],[116.978,23.9621],[116.9677,23.976],[116.9708,23.9934],[116.9769,23.9979],[116.9724,24.0072],[116.9573,24.0148],[116.9359,24.038],[116.9473,24.0404],[116.9479,24.0576],[116.9375,24.0561],[116.9307,24.0588],[116.9252,24.0683],[116.9249,24.0942],[116.9221,24.1015],[116.9312,24.1311],[116.9425,24.1378],[116.9478,24.1464],[116.9602,24.1562],[116.9683,24.1564],[116.9742,24.1649],[116.9857,24.1711],[116.993,24.1881],[116.9755,24.2005],[116.9674,24.201],[116.9617,24.2106],[116.9516,24.2199],[116.9365,24.2202],[116.9286,24.2261],[116.9126,24.2358],[116.8971,24.2265],[116.8919,24.2195],[116.9001,24.2051],[116.8798,24.1966],[116.8794,24.1846],[116.8741,24.1708],[116.8626,24.1666],[116.857,24.171],[116.8549,24.1802],[116.8491,24.1852],[116.8382,24.1838],[116.8256,24.1685],[116.8122,24.1685],[116.805,24.172],[116.7915,24.1615],[116.7825,24.1586],[116.7596,24.1283],[116.7597,24.119],[116.7689,24.0903],[116.7612,24.083],[116.7529,24.0849],[116.7395,24.0647],[116.73,24.0564],[116.7238,24.0569],[116.708,24.0652],[116.6956,24.0528],[116.6981,24.0437],[116.7053,24.0345],[116.7045,24.0189],[116.698,24.0151],[116.6932,24.0057],[116.69,23.9832],[116.6834,23.9838],[116.681,23.9925],[116.6685,23.9902],[116.6533,23.9914],[116.6468,23.9979],[116.6368,23.9924],[116.6363,23.9772],[116.6329,23.9717],[116.6223,23.9769],[116.6166,23.9724],[116.6064,23.9713],[116.6041,23.964],[116.6172,23.955],[116.6161,23.9501],[116.5998,23.9532],[116.604,23.9444],[116.6001,23.9351],[116.6004,23.9136],[116.5861,23.9038],[116.5707,23.912],[116.5536,23.91],[116.5543,23.9018],[116.5403,23.8924],[116.535,23.8924],[116.5309,23.8844],[116.5167,23.8814],[116.5099,23.8694],[116.498,23.8699],[116.4944,23.8611],[116.5121,23.8487],[116.5214,23.8351],[116.5182,23.8284],[116.5053,23.8304],[116.5088,23.8185],[116.5058,23.8114],[116.5122,23.8053],[116.5014,23.7962],[116.4999,23.7903],[116.5,23.7649],[116.4916,23.7551],[116.4806,23.7541],[116.4603,23.7577],[116.4471,23.7715],[116.4383,23.7756],[116.4315,23.7828],[116.4212,23.7832],[116.4121,23.7803],[116.4073,23.774],[116.3982,23.7717],[116.3972,23.7646],[116.3766,23.7401],[116.3638,23.7355],[116.3679,23.726],[116.3669,23.7199],[116.3731,23.7146],[116.3807,23.7171],[116.3994,23.6968],[116.422,23.6952],[116.4268,23.6931],[116.4297,23.6822],[116.4352,23.6739],[116.4438,23.6802],[116.4598,23.6767],[116.4656,23.6721],[116.4699,23.6584],[116.4803,23.6614],[116.5096,23.6585],[116.511,23.6503],[116.5172,23.6475],[116.5227,23.6366],[116.5215,23.6282],[116.5291,23.619],[116.5289,23.6087],[116.5229,23.6062],[116.5214,23.5939],[116.5295,23.5929],[116.529,23.5845],[116.5378,23.5764],[116.5522,23.5766],[116.5606,23.5715],[116.5606,23.5598],[116.5643,23.5529],[116.5584,23.5452],[116.5492,23.5443],[116.5475,23.5353],[116.5417,23.5333],[116.5393,23.5083],[116.5504,23.4983],[116.5555,23.4851],[116.5764,23.4766],[116.5893,23.476],[116.604,23.4675],[116.6154,23.4692],[116.6292,23.4533],[116.6296,23.4451],[116.6257,23.4321],[116.6458,23.429],[116.6501,23.4338],[116.6639,23.431],[116.6703,23.4402],[116.6788,23.4395],[116.6814,23.4324],[116.698,23.4408],[116.6941,23.4506],[116.6981,23.4596],[116.7081,23.4618],[116.7127,23.4712],[116.7116,23.4923],[116.7045,23.5004],[116.7036,23.5161],[116.6985,23.5222],[116.7001,23.5387],[116.7066,23.5539],[116.715,23.5559],[116.7112,23.5685],[116.6978,23.5762],[116.7013,23.5822],[116.71,23.5874],[116.7079,23.6],[116.7141,23.603],[116.7343,23.6042],[116.7365,23.5972],[116.7466,23.5907],[116.7512,23.5782],[116.7603,23.5791],[116.768,23.5867],[116.7806,23.5821],[116.7821,23.5886],[116.79,23.5921],[116.7871,23.602],[116.7912,23.6131],[116.8008,23.6094],[116.8105,23.6151],[116.823,23.6145],[116.8261,23.6231],[116.8189,23.6329],[116.8183,23.6422],[116.8264,23.6484],[116.8372,23.6431],[116.8518,23.6408],[116.8586,23.6353],[116.8587,23.6252],[116.8699,23.6173],[116.8763,23.6225],[116.887,23.6253],[116.8947,23.6215],[116.8966,23.613],[116.9072,23.6055],[116.9042,23.5895],[116.9116,23.5735],[116.9129,23.5526],[116.9092,23.5428],[116.899,23.4864],[116.9987,23.4811],[117.1001,23.5161],[117.1503,23.5246],[117.2221,23.5243]]]},"properties":{"region_code":"CN-44-4451","parent_region_code":"CN-44","name":"潮州市","level":"prefecture","has_children":true,"full_path":"中国 / 广东省 / 潮州市","source_admin_code":"4451","osm_relation_id":3244431}},
{"type":"Feature","geometry":{"type":"Polygon","coordinates":[[[116.6257,23.4321],[116.6296,23.4451],[116.6292,23.4533],[116.6154,23.4692],[116.604,23.4675],[116.5893,23.476],[116.5764,23.4766],[116.5555,23.4851],[116.5504,23.4983],[116.5393,23.5083],[116.5417,23.5333],[116.5475,23.5353],[116.5492,23.5443],[116.5584,23.5452],[116.5643,23.5529],[116.5606,23.5598],[116.5606,23.5715],[116.5522,23.5766],[116.5378,23.5764],[116.529,23.5845],[116.5295,23.5929],[116.5214,23.5939],[116.5229,23.6062],[116.5289,23.6087],[116.5291,23.619],[116.5215,23.6282],[116.5227,23.6366],[116.5172,23.6475],[116.511,23.6503],[116.5096,23.6585],[116.4803,23.6614],[116.4699,23.6584],[116.4656,23.6721],[116.4598,23.6767],[116.4438,23.6802],[116.4352,23.6739],[116.4297,23.6822],[116.4268,23.6931],[116.422,23.6952],[116.3994,23.6968],[116.3807,23.7171],[116.3731,23.7146],[116.3669,23.7199],[116.3679,23.726],[116.3638,23.7355],[116.35,23.7455],[116.3456,23.754],[116.334,23.7613],[116.3308,23.7764],[116.3034,23.7727],[116.2944,23.7615],[116.2839,23.7658],[116.2667,23.7599],[116.267,23.749],[116.2497,23.7398],[116.2472,23.7344],[116.2346,23.7263],[116.2231,23.7314],[116.2095,23.7215],[116.2121,23.7124],[116.2097,23.7051],[116.1995,23.6949],[116.1882,23.6877],[116.1764,23.688],[116.1784,23.6769],[116.173,23.6598],[116.1754,23.6532],[116.1836,23.654],[116.1867,23.6439],[116.1752,23.6396],[116.1732,23.6307],[116.1607,23.6185],[116.1459,23.6187],[116.1302,23.6228],[116.1287,23.6266],[116.1125,23.6233],[116.1014,23.6308],[116.094,23.625],[116.0695,23.6387],[116.0676,23.6452],[116.056,23.6476],[116.051,23.642],[116.0347,23.6506],[116.0254,23.6466],[116.0166,23.6472],[116.0066,23.6568],[116.0128,23.6645],[116.0097,23.6714],[116.0019,23.6781],[115.9812,23.6796],[115.9678,23.6668],[115.9541,23.6586],[115.9549,23.6521],[115.9191,23.6309],[115.9102,23.6336],[115.9012,23.6297],[115.9008,23.624],[115.8829,23.6338],[115.8716,23.6367],[115.8591,23.6488],[115.8558,23.6603],[115.8439,23.6603],[115.8406,23.6649],[115.83,23.6635],[115.8138,23.6473],[115.8095,23.6378],[115.7953,23.6181],[115.8036,23.6093],[115.8031,23.6014],[115.7928,23.5974],[115.7971,23.5918],[115.8059,23.5881],[115.8088,23.581],[115.8055,23.572],[115.7974,23.5598],[115.8033,23.5568],[115.7966,23.5457],[115.7877,23.5471],[115.7837,23.5419],[115.7886,23.5283],[115.7815,23.52],[115.7714,23.5272],[115.755,23.5255],[115.7469,23.5301],[115.7317,23.5285],[115.729,23.5188],[115.7184,23.5172],[115.7091,23.5217],[115.6972,23.5367],[115.69,23.5527],[115.6814,23.5596],[115.665,23.5511],[115.6549,23.5353],[115.6478,23.5361],[115.636,23.5321],[115.6375,23.5166],[115.6325,23.5177],[115.6175,23.5099],[115.6148,23.5018],[115.6186,23.4927],[115.6116,23.4778],[115.602,23.4746],[115.6099,23.4725],[115.6188,23.4626],[115.6207,23.4544],[115.6416,23.4424],[115.6437,23.4331],[115.6533,23.4232],[115.6782,23.4104],[115.6786,23.4068],[115.6684,23.3978],[115.667,23.3861],[115.6722,23.3577],[115.6838,23.3562],[115.6946,23.3618],[115.6983,23.3709],[115.7087,23.3734],[115.7212,23.372],[115.7296,23.3756],[115.7351,23.3819],[115.7418,23.3797],[115.7528,23.3845],[115.773,23.3862],[115.7827,23.3715],[115.8066,23.3494],[115.8151,23.3384],[115.8082,23.3293],[115.7974,23.3271],[115.7978,23.3194],[115.7926,23.3118],[115.793,23.2892],[115.8133,23.2809],[115.8264,23.2635],[115.8195,23.2558],[115.8063,23.2515],[115.7926,23.2518],[115.7862,23.2493],[115.7746,23.2499],[115.7634,23.247],[115.7534,23.2476],[115.7435,23.2359],[115.7454,23.2283],[115.753,23.2186],[115.7453,23.1983],[115.7387,23.2105],[115.7292,23.2098],[115.7259,23.2017],[115.7288,23.1954],[115.7209,23.1865],[115.7284,23.1805],[115.7482,23.1704],[115.7588,23.1619],[115.7721,23.1634],[115.776,23.1609],[115.7867,23.1422],[115.7948,23.1357],[115.8286,23.1256],[115.8283,23.1149],[115.8416,23.1027],[115.847,23.1016],[115.8598,23.1207],[115.8791,23.1224],[115.8944,23.1323],[115.9043,23.1285],[115.9109,23.1161],[115.9187,23.1138],[115.9163,23.103],[115.9291,23.0881],[115.9353,23.0851],[115.9306,23.0764],[115.9319,23.0712],[115.9603,23.0558],[115.9625,23.0501],[115.9509,23.0411],[115.9463,23.0272],[115.933,23.0333],[115.9207,23.0283],[115.9192,23.0205],[115.9377,23.009],[115.9415,23.0177],[115.9555,23.0203],[115.941,22.9989],[115.9367,22.984],[115.9443,22.9756],[115.9393,22.9592],[115.9545,22.9599],[115.9599,22.9522],[115.967,22.9634],[115.9734,22.9547],[115.9638,22.9517],[115.9655,22.9435],[115.9757,22.9412],[115.9735,22.9351],[115.9778,22.9283],[115.9935,22.9365],[116.0022,22.9477],[116.0096,22.9407],[116.0259,22.9409],[116.0433,22.9256],[116.06,22.92],[116.0771,22.9179],[116.0846,22.9038],[116.0967,22.8984],[116.0984,22.8935],[116.126,22.897],[116.1313,22.902],[116.1412,22.8926],[116.1513,22.889],[116.168,22.8961],[116.1657,22.9093],[116.1719,22.9144],[116.1708,22.9225],[116.1862,22.9304],[116.2033,22.9322],[116.2145,22.9278],[116.2184,22.9211],[116.2931,22.8429],[116.3868,22.6629],[116.5822,22.7511],[116.8054,22.8329],[116.6763,22.9962],[116.5849,23.1116],[116.5377,23.1045],[116.5101,23.0967],[116.5032,23.1048],[116.4917,23.1043],[116.4742,23.1068],[116.4588,23.0968],[116.4493,23.0937],[116.4325,23.0827],[116.4309,23.0752],[116.4222,23.0659],[116.4008,23.0565],[116.3912,23.047],[116.3758,23.0423],[116.3636,23.06],[116.3421,23.0611],[116.3356,23.0899],[116.3244,23.0978],[116.3083,23.1053],[116.2983,23.0987],[116.2869,23.1018],[116.2852,23.1103],[116.257,23.1256],[116.24,23.1431],[116.2439,23.1509],[116.2504,23.1552],[116.2476,23.1716],[116.2482,23.1942],[116.2599,23.1994],[116.2556,23.2094],[116.2552,23.2195],[116.2623,23.2305],[116.2749,23.2286],[116.2896,23.2424],[116.2898,23.2513],[116.2939,23.2562],[116.2946,23.2655],[116.3007,23.2732],[116.2982,23.2814],[116.3081,23.2885],[116.3049,23.2982],[116.3185,23.3049],[116.3262,23.3186],[116.3148,23.3291],[116.3142,23.3333],[116.3249,23.3389],[116.3444,23.3385],[116.3505,23.3539],[116.3456,23.3612],[116.3457,23.3906],[116.3403,23.4018],[116.3419,23.4109],[116.3353,23.4142],[116.3256,23.4268],[116.3185,23.4241],[116.3124,23.4434],[116.3149,23.4515],[116.3279,23.4462],[116.34,23.4489],[116.3448,23.4556],[116.3504,23.4746],[116.3592,23.4776],[116.3633,23.4915],[116.3729,23.4975],[116.3732,23.5034],[116.394,23.5024],[116.4004,23.5067],[116.4103,23.5064],[116.4079,23.4914],[116.4117,23.4766],[116.4188,23.4698],[116.4299,23.4741],[116.4367,23.4853],[116.4441,23.4915],[116.4709,23.503],[116.4832,23.501],[116.4867,23.4967],[116.486,23.4794],[116.4637,23.4552],[116.4616,23.4424],[116.4675,23.4397],[116.5196,23.4395],[116.5336,23.4328],[116.5426,23.423],[116.5645,23.3808],[116.5662,23.394],[116.5736,23.4059],[116.5725,23.4146],[116.5776,23.4259],[116.5868,23.429],[116.5852,23.4462],[116.5755,23.4507],[116.5759,23.4639],[116.5838,23.4648],[116.5856,23.456],[116.6021,23.4448],[116.6048,23.4402],[116.6199,23.4315],[116.6257,23.4321]]]},"properties":{"region_code":"CN-44-4452","parent_region_code":"CN-44","name":"揭阳市","level":"prefecture","has_children":true,"full_path":"中国 / 广东省 / 揭阳市","source_admin_code":"4452","osm_relation_id":3282749}},
{"type":"Feature","geometry":{"type":"Polygon","coordinates":[[[112.3872,22.7724],[112.3773,22.7872],[112.3789,22.7949],[112.3688,22.797],[112.351,22.7907],[112.3468,22.7939],[112.3369,22.7889],[112.3163,22.79],[112.3118,22.7981],[112.3186,22.8055],[112.3279,22.8045],[112.3303,22.8099],[112.3233,22.8207],[112.3145,22.8281],[112.3073,22.8269],[112.3071,22.8533],[112.2909,22.8761],[112.2951,22.8827],[112.2942,22.8933],[112.3004,22.8989],[112.3022,22.914],[112.2948,22.9183],[112.2802,22.914],[112.2732,22.9174],[112.2608,22.9094],[112.2526,22.9133],[112.2577,22.9426],[112.256,22.9547],[112.2785,22.9473],[112.285,22.9554],[112.2801,22.9652],[112.2721,22.9733],[112.2802,22.979],[112.2815,22.9877],[112.2931,23.0102],[112.2817,23.0228],[112.2846,23.027],[112.2802,23.0453],[112.2843,23.056],[112.2907,23.0636],[112.296,23.0822],[112.3051,23.0794],[112.3124,23.0829],[112.3212,23.0962],[112.3219,23.1068],[112.3075,23.1178],[112.3067,23.1239],[112.2961,23.125],[112.2805,23.1324],[112.2656,23.1243],[112.233,23.1175],[112.2209,23.1123],[112.2073,23.0965],[112.1917,23.082],[112.1811,23.0764],[112.1653,23.0753],[112.1299,23.0873],[112.1186,23.084],[112.0968,23.0917],[112.0822,23.0836],[112.0396,23.0734],[112.0296,23.0761],[112.0221,23.0821],[112.0014,23.084],[111.9828,23.091],[111.9774,23.0976],[111.9724,23.1269],[111.9663,23.1314],[111.9531,23.1335],[111.9219,23.1272],[111.9022,23.1279],[111.8851,23.1318],[111.8696,23.1419],[111.8531,23.1411],[111.8406,23.1353],[111.8242,23.1323],[111.7822,23.1342],[111.7577,23.138],[111.7219,23.1544],[111.7035,23.152],[111.694,23.159],[111.6851,23.1602],[111.6714,23.1561],[111.6588,23.1582],[111.6441,23.1682],[111.6332,23.1887],[111.6234,23.1919],[111.5884,23.1889],[111.5794,23.1915],[111.5346,23.2154],[111.5286,23.2222],[111.5294,23.2294],[111.5365,23.2374],[111.5625,23.246],[111.5708,23.2509],[111.573,23.2646],[111.5536,23.288],[111.5272,23.3273],[111.5213,23.3251],[111.5228,23.313],[111.515,23.3085],[111.5137,23.2926],[111.4981,23.285],[111.4893,23.2871],[111.4793,23.2848],[111.4686,23.278],[111.4517,23.2798],[111.4481,23.292],[111.435,23.2956],[111.4368,23.3039],[111.4157,23.3187],[111.4033,23.3184],[111.3873,23.328],[111.3743,23.3259],[111.3703,23.3188],[111.3723,23.3078],[111.3602,23.2998],[111.3511,23.2877],[111.3521,23.2792],[111.3585,23.2729],[111.3637,23.2611],[111.3648,23.2498],[111.3602,23.2436],[111.3738,23.2238],[111.372,23.2179],[111.383,23.2143],[111.3805,23.205],[111.3786,23.1698],[111.3923,23.1675],[111.3932,23.1621],[111.385,23.156],[111.3767,23.1558],[111.3707,23.1509],[111.371,23.1322],[111.3773,23.1288],[111.3708,23.1148],[111.3694,23.0952],[111.3727,23.0852],[111.3896,23.071],[111.3995,23.0695],[111.413,23.0721],[111.4204,23.0655],[111.4216,23.057],[111.4288,23.0493],[111.4282,23.0385],[111.4159,23.0324],[111.411,23.0205],[111.4006,23.0157],[111.3921,23.016],[111.3843,23.0081],[111.3986,22.9916],[111.3919,22.9853],[111.373,22.9759],[111.3696,22.9698],[111.3579,22.9703],[111.3618,22.9622],[111.3591,22.9514],[111.3705,22.9397],[111.3705,22.9285],[111.3655,22.9185],[111.3552,22.9085],[111.356,22.8968],[111.347,22.8887],[111.3453,22.8818],[111.3387,22.8797],[111.3349,22.8712],[111.3258,22.8693],[111.319,22.8576],[111.3097,22.8552],[111.3079,22.8488],[111.2887,22.8281],[111.283,22.819],[111.2876,22.8119],[111.2685,22.8022],[111.2642,22.7914],[111.2562,22.7975],[111.251,22.7899],[111.2367,22.7842],[111.2341,22.7719],[111.2274,22.7624],[111.214,22.7514],[111.1994,22.7528],[111.1972,22.7433],[111.1756,22.7384],[111.1514,22.7448],[111.1378,22.74],[111.1151,22.7457],[111.0921,22.7441],[111.0902,22.7357],[111.0792,22.7325],[111.0697,22.7347],[111.0538,22.7338],[111.0585,22.7238],[111.0684,22.7201],[111.0781,22.7117],[111.0782,22.705],[111.0849,22.6966],[111.0996,22.6975],[111.1023,22.7069],[111.1118,22.7066],[111.1322,22.6877],[111.1305,22.6764],[111.1245,22.6701],[111.125,22.6631],[111.138,22.6414],[111.1389,22.6287],[111.1579,22.6221],[111.1697,22.6086],[111.1808,22.6072],[111.1925,22.6131],[111.2106,22.5975],[111.2142,22.5887],[111.2353,22.5858],[111.244,22.5865],[111.2485,22.5921],[111.2643,22.5958],[111.2742,22.5949],[111.298,22.5836],[111.2986,22.5723],[111.3142,22.5625],[111.3215,22.5601],[111.3176,22.5524],[111.2889,22.5505],[111.2801,22.5268],[111.2722,22.5207],[111.267,22.509],[111.2672,22.5006],[111.2744,22.497],[111.2882,22.5089],[111.2992,22.51],[111.3045,22.5147],[111.3247,22.5189],[111.3303,22.525],[111.3372,22.5215],[111.3433,22.5107],[111.3684,22.5187],[111.3794,22.5125],[111.3978,22.5188],[111.4081,22.5153],[111.4088,22.5081],[111.4053,22.4947],[111.398,22.4822],[111.4035,22.4779],[111.4043,22.4598],[111.4072,22.4538],[111.4159,22.4496],[111.4117,22.4338],[111.4165,22.4294],[111.4333,22.43],[111.4408,22.445],[111.4661,22.4448],[111.4743,22.4589],[111.4684,22.4713],[111.4717,22.483],[111.4641,22.4931],[111.4817,22.5084],[111.4879,22.5031],[111.5027,22.4968],[111.5201,22.4831],[111.5267,22.4872],[111.5357,22.5001],[111.5404,22.5023],[111.5405,22.5211],[111.5561,22.5264],[111.5544,22.5318],[111.5646,22.5417],[111.578,22.5502],[111.5913,22.5544],[111.6059,22.5494],[111.6117,22.5289],[111.6163,22.5243],[111.6133,22.5035],[111.6272,22.5118],[111.6289,22.5063],[111.6431,22.5012],[111.6664,22.5062],[111.6734,22.4993],[111.6752,22.4854],[111.6861,22.4851],[111.6974,22.4987],[111.7082,22.5076],[111.7097,22.5157],[111.7162,22.5289],[111.7145,22.5432],[111.7328,22.5734],[111.7588,22.5855],[111.7589,22.5909],[111.7751,22.5989],[111.7792,22.6105],[111.7943,22.6245],[111.8094,22.6362],[111.8019,22.6483],[111.8047,22.6595],[111.8157,22.6707],[111.815,22.6794],[111.8214,22.6841],[111.8283,22.6837],[111.8302,22.6919],[111.8374,22.6908],[111.8363,22.682],[111.8456,22.6793],[111.8516,22.6663],[111.8575,22.662],[111.8658,22.6628],[111.8681,22.6459],[111.8657,22.6357],[111.8524,22.6357],[111.8497,22.6265],[111.8555,22.6201],[111.854,22.6084],[111.8419,22.6152],[111.8361,22.6085],[111.8268,22.6119],[111.8166,22.6006],[111.8307,22.5964],[111.8306,22.5889],[111.8408,22.5907],[111.8418,22.5854],[111.8544,22.5846],[111.8572,22.5785],[111.8844,22.5766],[111.8886,22.5732],[111.8962,22.5774],[111.8972,22.5845],[111.9051,22.5894],[111.9092,22.5967],[111.915,22.5959],[111.9186,22.6033],[111.9262,22.6091],[111.9341,22.6239],[111.9442,22.6288],[111.9515,22.6368],[111.9609,22.6305],[111.9665,22.6172],[111.97,22.616],[111.98,22.5968],[111.9932,22.5922],[111.9934,22.5784],[111.9848,22.568],[111.9713,22.5659],[111.9645,22.5495],[111.9789,22.5183],[111.9786,22.5084],[111.9902,22.4953],[112.0037,22.494],[112.0091,22.4877],[112.007,22.4769],[112.0293,22.4691],[112.0402,22.4558],[112.0479,22.4512],[112.0535,22.454],[112.068,22.4354],[112.072,22.4236],[112.0814,22.4189],[112.1036,22.416],[112.1053,22.4133],[112.1275,22.4086],[112.1357,22.4181],[112.1563,22.4034],[112.1565,22.3904],[112.1601,22.3878],[112.1668,22.3845],[112.1698,22.3726],[112.184,22.3675],[112.1811,22.3789],[112.1876,22.3872],[112.1859,22.3998],[112.1948,22.4061],[112.206,22.4019],[112.2217,22.4109],[112.2323,22.4096],[112.2389,22.4173],[112.2308,22.4299],[112.2304,22.4357],[112.2405,22.4492],[112.2453,22.4613],[112.2573,22.4847],[112.2526,22.4895],[112.2518,22.5031],[112.2672,22.5103],[112.296,22.5181],[112.3022,22.5308],[112.297,22.5476],[112.3016,22.5605],[112.302,22.5733],[112.3099,22.5759],[112.3262,22.5702],[112.3187,22.5574],[112.3328,22.5489],[112.3413,22.5531],[112.3549,22.5496],[112.3528,22.5567],[112.3375,22.5609],[112.3382,22.5674],[112.3591,22.5613],[112.3659,22.561],[112.3728,22.5758],[112.3712,22.5881],[112.374,22.5971],[112.385,22.5974],[112.3908,22.6053],[112.3906,22.6169],[112.3998,22.6209],[112.3993,22.6311],[112.3951,22.6386],[112.408,22.6498],[112.4074,22.6595],[112.4142,22.6669],[112.4225,22.6683],[112.43,22.664],[112.4285,22.6562],[112.438,22.645],[112.4304,22.6227],[112.4367,22.6146],[112.4365,22.6087],[112.4511,22.6033],[112.4583,22.5876],[112.5138,22.6068],[112.5166,22.6102],[112.5143,22.6245],[112.5077,22.6354],[112.4989,22.6425],[112.5051,22.6521],[112.4983,22.6607],[112.4951,22.6715],[112.4848,22.679],[112.4875,22.6897],[112.4714,22.7068],[112.4628,22.708],[112.4592,22.7129],[112.4433,22.7111],[112.4305,22.6837],[112.421,22.6735],[112.4066,22.6739],[112.3985,22.6853],[112.3962,22.6932],[112.3978,22.7029],[112.4054,22.7071],[112.3937,22.7291],[112.3874,22.7471],[112.3872,22.7724]]]},"properties":{"region_code":"CN-44-4453","parent_region_code":"CN-44","name":"云浮市","level":"prefecture","has_children":true,"full_path":"中国 / 广东省 / 云浮市","source_admin_code":"4453","osm_relation_id":3032080}}
]}