{"type":"FeatureCollection", "features": [
{"type":"Feature","geometry":{"type":"Polygon","coordinates":[[[113.0807,27.9526],[113.0961,27.9355],[113.1019,27.9374],[113.1104,27.9199],[113.1281,27.915],[113.1263,27.9348],[113.1357,27.9575],[113.1411,27.9568],[113.1551,27.9692],[113.1461,27.9788],[113.1423,27.9986],[113.1655,28.0033],[113.1582,28.0097],[113.166,28.0192],[113.174,28.0154],[113.2027,28.0144],[113.2123,28.0219],[113.238,28.013],[113.2441,28.0226],[113.2584,28.0145],[113.2657,27.9933],[113.2634,27.9806],[113.2718,27.9735],[113.2533,27.9448],[113.2623,27.9349],[113.2753,27.8989],[113.2754,27.8851],[113.269,27.8659],[113.2841,27.8689],[113.282,27.8794],[113.2943,27.8805],[113.2956,27.8716],[113.3254,27.8598],[113.3362,27.8619],[113.3533,27.8512],[113.3792,27.8575],[113.3945,27.856],[113.4089,27.8637],[113.4096,27.8921],[113.4183,27.9006],[113.4477,27.8998],[113.4561,27.9202],[113.4746,27.9287],[113.484,27.9426],[113.5084,27.9427],[113.5183,27.9489],[113.5179,27.9599],[113.5368,27.9653],[113.5497,27.9644],[113.5639,27.9681],[113.5719,27.9583],[113.5721,27.942],[113.5635,27.931],[113.571,27.9028],[113.5862,27.8942],[113.5914,27.9099],[113.603,27.9113],[113.6274,27.9001],[113.6386,27.8834],[113.6489,27.8806],[113.6554,27.8877],[113.6656,27.8802],[113.6948,27.8737],[113.7149,27.8886],[113.7248,27.8884],[113.7334,27.9124],[113.749,27.9389],[113.7651,27.9557],[113.7901,27.9597],[113.7878,27.9648],[113.796,27.9768],[113.8147,27.9855],[113.8239,27.9748],[113.8456,27.9776],[113.8469,27.992],[113.8545,28.0051],[113.8642,28.0077],[113.8734,27.9954],[113.8933,27.9908],[113.909,27.9948],[113.9303,28.0224],[113.9388,28.0177],[113.9566,28.0186],[113.9517,28.0319],[113.9581,28.0431],[113.9952,28.0438],[114.0214,28.0351],[114.0221,28.045],[114.0414,28.0615],[114.0216,28.0956],[114.0119,28.106],[114.0027,28.1414],[113.9873,28.1648],[114.0019,28.1699],[114.0069,28.1784],[114.0196,28.1754],[114.0355,28.1766],[114.0631,28.1748],[114.0782,28.1824],[114.0998,28.1847],[114.1011,28.2048],[114.1157,28.2163],[114.1242,28.2313],[114.1383,28.2414],[114.1396,28.251],[114.1653,28.2568],[114.1752,28.2531],[114.1793,28.2709],[114.1938,28.2758],[114.1928,28.294],[114.2104,28.2973],[114.2299,28.3142],[114.2489,28.3242],[114.2419,28.3414],[114.2549,28.359],[114.2464,28.3658],[114.2528,28.3763],[114.2472,28.3991],[114.2212,28.4001],[114.2093,28.4064],[114.1969,28.4277],[114.188,28.4341],[114.1733,28.4365],[114.214,28.4738],[114.2135,28.4859],[114.1903,28.5018],[114.1693,28.5006],[114.1492,28.5107],[114.1351,28.5266],[114.1326,28.5368],[114.113,28.5421],[114.0951,28.5434],[114.0812,28.559],[114.0698,28.5593],[114.0596,28.5494],[114.0473,28.5478],[114.0363,28.5547],[114.0201,28.5464],[114.011,28.5491],[114.0083,28.5594],[114,28.5656],[113.9691,28.5674],[113.9587,28.546],[113.9492,28.5428],[113.9374,28.5306],[113.9303,28.5351],[113.9114,28.5296],[113.8986,28.5326],[113.8845,28.5191],[113.8509,28.5361],[113.8406,28.5326],[113.8347,28.5243],[113.8273,28.5028],[113.829,28.4925],[113.8194,28.4838],[113.815,28.4732],[113.7966,28.4594],[113.782,28.4624],[113.7715,28.4539],[113.7389,28.4505],[113.7224,28.4438],[113.7122,28.4274],[113.6966,28.4274],[113.6803,28.4417],[113.6522,28.4521],[113.6557,28.4616],[113.6401,28.4811],[113.626,28.487],[113.6012,28.5085],[113.571,28.5403],[113.5527,28.5367],[113.5467,28.5287],[113.5224,28.5327],[113.5163,28.5394],[113.4994,28.5472],[113.4959,28.5642],[113.4867,28.5747],[113.4701,28.5825],[113.4622,28.5968],[113.4482,28.5968],[113.4152,28.5926],[113.4095,28.5952],[113.4135,28.6186],[113.4188,28.6239],[113.4215,28.6387],[113.4071,28.6359],[113.3792,28.6506],[113.3625,28.6438],[113.3549,28.6271],[113.3425,28.6184],[113.3264,28.621],[113.314,28.6175],[113.3111,28.6334],[113.3044,28.6382],[113.283,28.6446],[113.2521,28.6289],[113.2463,28.6321],[113.2392,28.6577],[113.2281,28.648],[113.2179,28.6455],[113.2075,28.6348],[113.2101,28.6207],[113.1931,28.6129],[113.1785,28.6009],[113.1824,28.5912],[113.1763,28.5836],[113.1822,28.5704],[113.1951,28.5677],[113.1903,28.5451],[113.1745,28.5208],[113.1811,28.5086],[113.1641,28.4951],[113.1689,28.4896],[113.1541,28.4707],[113.1354,28.4759],[113.1286,28.4829],[113.1245,28.5033],[113.1081,28.5026],[113.0956,28.5105],[113.0793,28.5117],[113.0727,28.5252],[113.0607,28.5212],[113.0528,28.5009],[113.0297,28.489],[113.0188,28.476],[113.0055,28.4757],[112.9841,28.4635],[112.9613,28.4728],[112.9633,28.4959],[112.9696,28.4964],[112.9688,28.512],[112.9617,28.5229],[112.9309,28.5176],[112.9151,28.5236],[112.9102,28.5195],[112.8715,28.5244],[112.866,28.5204],[112.8701,28.5063],[112.8457,28.5162],[112.8366,28.5123],[112.8094,28.5239],[112.7946,28.5206],[112.7869,28.5242],[112.7841,28.5398],[112.8009,28.5575],[112.7932,28.5611],[112.7754,28.5554],[112.7639,28.5481],[112.7494,28.5264],[112.7499,28.5188],[112.7368,28.5098],[112.7263,28.5086],[112.708,28.5139],[112.68,28.5287],[112.6663,28.5203],[112.6524,28.4944],[112.6393,28.4765],[112.6219,28.4718],[112.6189,28.4496],[112.6068,28.4281],[112.5938,28.4222],[112.589,28.4111],[112.5789,28.4059],[112.5701,28.3726],[112.5698,28.3581],[112.5572,28.3463],[112.5607,28.3306],[112.5485,28.3224],[112.5205,28.3294],[112.4998,28.3241],[112.4954,28.3152],[112.4813,28.3125],[112.466,28.3209],[112.4604,28.3161],[112.438,28.3204],[112.4236,28.3143],[112.404,28.2977],[112.3991,28.3019],[112.3839,28.2926],[112.3723,28.2932],[112.3646,28.2876],[112.3471,28.2945],[112.3411,28.278],[112.3273,28.2877],[112.3123,28.2882],[112.3169,28.2665],[112.3,28.2645],[112.2902,28.2513],[112.2787,28.2581],[112.2605,28.2401],[112.2502,28.2368],[112.2462,28.2278],[112.2316,28.2144],[112.2239,28.2211],[112.2177,28.2373],[112.2045,28.2426],[112.1899,28.2365],[112.1751,28.238],[112.1638,28.2489],[112.1405,28.2577],[112.1316,28.2698],[112.1174,28.2693],[112.1105,28.2749],[112.046,28.2545],[112.027,28.2551],[112.0041,28.2474],[111.9979,28.2279],[111.9811,28.2276],[111.9567,28.2123],[111.9557,28.2016],[111.9393,28.1903],[111.9376,28.1773],[111.9278,28.1716],[111.9265,28.1369],[111.9035,28.1196],[111.8941,28.104],[111.8968,28.097],[111.9099,28.0863],[111.9159,28.0725],[111.9058,28.0559],[111.9028,28.041],[111.9078,28.0315],[111.8956,28.0252],[111.8931,28.009],[111.9034,28.0047],[111.8919,27.9866],[111.9098,27.9781],[111.9409,27.9935],[111.9535,27.9836],[111.9579,27.9697],[111.9751,27.9593],[111.9857,27.9437],[111.9832,27.9366],[111.9923,27.9237],[111.9955,27.9109],[112.012,27.9096],[112.0163,27.9146],[112.044,27.9187],[112.0545,27.9232],[112.082,27.9115],[112.0874,27.8991],[112.0995,27.8973],[112.1125,27.9008],[112.1219,27.9144],[112.1319,27.9089],[112.1439,27.9112],[112.1542,27.9194],[112.1511,27.9272],[112.1607,27.937],[112.1753,27.9414],[112.1774,27.9503],[112.1873,27.9633],[112.2055,27.957],[112.2162,27.9685],[112.2248,27.9652],[112.2398,27.967],[112.2522,27.9625],[112.2929,27.9746],[112.3018,27.9743],[112.3125,27.9625],[112.3267,27.967],[112.337,27.9604],[112.3475,27.968],[112.3654,27.9732],[112.3848,27.965],[112.4004,27.9716],[112.4102,27.9942],[112.4014,28.0043],[112.4093,28.0184],[112.4044,28.0348],[112.4172,28.0525],[112.4383,28.0605],[112.4535,28.0551],[112.4631,28.0621],[112.4736,28.0615],[112.4807,28.0435],[112.4996,28.0295],[112.5057,28.0205],[112.5027,28.013],[112.5087,27.9969],[112.5259,27.9976],[112.5312,27.9821],[112.5486,27.9759],[112.5593,27.9824],[112.5715,27.9627],[112.5827,27.9615],[112.5939,27.9519],[112.5887,27.9401],[112.5965,27.9215],[112.6071,27.911],[112.6041,27.9049],[112.6209,27.8994],[112.6287,27.8836],[112.6433,27.8836],[112.651,27.9033],[112.646,27.9143],[112.6354,27.9258],[112.6481,27.9449],[112.681,27.9306],[112.6996,27.9268],[112.7064,27.9199],[112.7257,27.9203],[112.726,27.9322],[112.7377,27.9351],[112.7388,27.9502],[112.7535,27.9679],[112.7551,27.9839],[112.7608,27.9946],[112.7654,28.0209],[112.775,28.0282],[112.767,28.0398],[112.7842,28.0379],[112.7889,28.0276],[112.8018,28.0327],[112.8043,28.0408],[112.788,28.0531],[112.7778,28.0545],[112.7715,28.0644],[112.773,28.0753],[112.7856,28.0714],[112.8111,28.0735],[112.8102,28.0583],[112.8258,28.046],[112.826,28.0294],[112.8379,28.0232],[112.8445,28.0259],[112.8548,28.0075],[112.8547,27.9948],[112.8673,27.9929],[112.87,28.0085],[112.8857,27.9986],[112.8853,27.9887],[112.9038,27.9759],[112.9185,27.9776],[112.9325,27.9881],[112.9337,28.0219],[112.9423,28.0173],[112.9494,28.0039],[112.9907,27.9764],[112.9974,27.969],[113.0294,27.9821],[113.0237,27.9965],[113.0351,28.0101],[113.0627,28.014],[113.0754,28.0054],[113.0852,27.9912],[113.0671,27.9783],[113.0843,27.9674],[113.0807,27.9526]]]},"properties":{"region_code":"CN-43-4301","parent_region_code":"CN-43","name":"长沙市","level":"prefecture","has_children":true,"full_path":"中国 / 湖南省 / 长沙市","source_admin_code":"4301","osm_relation_id":3202711}},
{"type":"Feature","geometry":{"type":"Polygon","coordinates":[[[113.0807,27.9526],[113.07,27.9509],[113.0626,27.93],[113.0546,27.9269],[113.0571,27.9092],[113.0451,27.9029],[113.0398,27.8786],[113.0322,27.8696],[113.0405,27.85],[113.0199,27.8348],[113.0095,27.8304],[112.9907,27.8128],[112.994,27.8047],[113.0064,27.7976],[113.0219,27.794],[113.0245,27.7778],[113.0333,27.7629],[113.0239,27.7573],[113.0195,27.7417],[113.0429,27.7381],[113.0532,27.7287],[113.0433,27.7136],[113.0219,27.7157],[113.0104,27.7053],[113.0128,27.7006],[113.003,27.686],[112.9873,27.6759],[112.989,27.6673],[113.0006,27.6589],[113.0153,27.6638],[113.0188,27.6513],[113.0335,27.633],[113.0336,27.6249],[113.0149,27.6148],[113.0018,27.6259],[112.9913,27.6206],[112.9931,27.6107],[113.0029,27.6044],[112.9934,27.5906],[112.9667,27.5722],[112.9653,27.5651],[112.971,27.5455],[112.9698,27.5297],[112.964,27.515],[112.9703,27.5046],[112.9829,27.5016],[112.9796,27.4913],[112.9669,27.4833],[112.9683,27.4717],[112.9819,27.4695],[112.9807,27.455],[112.9892,27.442],[112.9928,27.4368],[112.9905,27.4026],[113.0004,27.3939],[113.0117,27.3921],[113.0189,27.371],[113.0365,27.3546],[113.027,27.3478],[113.0269,27.3317],[113.0424,27.326],[113.0416,27.3076],[113.0451,27.2921],[113.0639,27.2836],[113.0746,27.271],[113.0783,27.253],[113.0921,27.2351],[113.1006,27.2289],[113.1105,27.2079],[113.1211,27.2093],[113.1243,27.2244],[113.1341,27.2458],[113.141,27.2543],[113.1619,27.2363],[113.1763,27.2437],[113.2254,27.2404],[113.2394,27.2439],[113.2494,27.2268],[113.2639,27.2115],[113.2752,27.1937],[113.2776,27.1799],[113.2748,27.1703],[113.2508,27.1751],[113.2522,27.1635],[113.2404,27.1549],[113.2393,27.1427],[113.2262,27.1438],[113.2142,27.1348],[113.1877,27.1385],[113.1621,27.1291],[113.1583,27.1043],[113.1686,27.0929],[113.1873,27.0807],[113.1934,27.0606],[113.1927,27.0437],[113.2096,27.0436],[113.2111,27.0288],[113.2289,27.0245],[113.2147,27.0046],[113.221,26.9976],[113.2157,26.9763],[113.22,26.9594],[113.2272,26.9561],[113.2387,26.9414],[113.2758,26.943],[113.2726,26.9311],[113.2614,26.9217],[113.2495,26.9193],[113.2493,26.9042],[113.2368,26.8921],[113.2341,26.8816],[113.2209,26.8801],[113.2277,26.8645],[113.2566,26.829],[113.2705,26.8326],[113.2729,26.8242],[113.2685,26.8124],[113.2741,26.8085],[113.2694,26.7846],[113.2841,26.7775],[113.307,26.7814],[113.3162,26.8037],[113.3303,26.814],[113.3626,26.8002],[113.3814,26.801],[113.3866,26.809],[113.4007,26.8032],[113.4052,26.7838],[113.4216,26.7744],[113.3997,26.7148],[113.3756,26.6961],[113.3845,26.6744],[113.3944,26.6662],[113.398,26.6512],[113.4099,26.6439],[113.4083,26.6157],[113.3963,26.6047],[113.4234,26.5712],[113.437,26.5588],[113.4656,26.5673],[113.4825,26.5677],[113.4877,26.5873],[113.5109,26.6037],[113.5176,26.5977],[113.5313,26.6045],[113.5324,26.592],[113.5488,26.5866],[113.5613,26.5752],[113.5588,26.547],[113.5687,26.5218],[113.5871,26.5201],[113.601,26.5077],[113.5888,26.4823],[113.5784,26.4719],[113.5926,26.4626],[113.609,26.4298],[113.5892,26.4211],[113.5875,26.4124],[113.5744,26.3993],[113.5752,26.3804],[113.587,26.365],[113.5925,26.3484],[113.5942,26.3292],[113.6025,26.3177],[113.6136,26.3101],[113.6105,26.2827],[113.6262,26.2754],[113.6546,26.2685],[113.673,26.2507],[113.7031,26.2374],[113.7197,26.2271],[113.7333,26.1864],[113.7311,26.1626],[113.7239,26.1425],[113.6971,26.1277],[113.6879,26.0991],[113.7055,26.0672],[113.7232,26.0497],[113.7387,26.0431],[113.7512,26.0472],[113.7753,26.0685],[113.7747,26.0964],[113.7869,26.1073],[113.8011,26.1019],[113.8088,26.0871],[113.8195,26.0874],[113.8398,26.099],[113.8444,26.1109],[113.8551,26.1227],[113.8877,26.1362],[113.9097,26.163],[113.9119,26.1746],[113.9226,26.1756],[113.9408,26.1871],[113.9439,26.1961],[113.9649,26.2055],[113.9656,26.2227],[113.9745,26.2294],[113.9731,26.2412],[113.9841,26.2502],[113.994,26.2525],[114.0187,26.2741],[114.0155,26.2927],[114.0272,26.3074],[114.0363,26.3129],[114.0304,26.3277],[114.0371,26.3374],[114.0336,26.3664],[114.0268,26.3731],[114.0364,26.3888],[114.0567,26.4092],[114.0796,26.4092],[114.0832,26.4217],[114.0852,26.4591],[114.1042,26.4835],[114.0926,26.4874],[114.0814,26.4814],[114.0673,26.4833],[114.0788,26.5082],[114.0809,26.529],[114.0921,26.5445],[114.0909,26.5516],[114.1005,26.5631],[114.1023,26.5789],[114.0793,26.5812],[114.0644,26.5792],[114.0555,26.5841],[114.0373,26.5833],[114.0143,26.5909],[114.0074,26.6055],[113.991,26.6193],[113.9772,26.6183],[113.9548,26.6217],[113.9476,26.6171],[113.9073,26.6177],[113.8984,26.6223],[113.8963,26.6314],[113.8797,26.6394],[113.8763,26.6579],[113.8628,26.6564],[113.8552,26.6675],[113.8577,26.6953],[113.8512,26.7184],[113.8516,26.7391],[113.8475,26.7536],[113.8483,26.773],[113.8407,26.7917],[113.831,26.8001],[113.8305,26.81],[113.8522,26.83],[113.8531,26.837],[113.8697,26.8609],[113.8866,26.8633],[113.883,26.8825],[113.885,26.9007],[113.8969,26.9133],[113.8962,26.9297],[113.9212,26.951],[113.9158,26.9633],[113.9058,26.9622],[113.8874,26.9675],[113.8814,26.9784],[113.8608,26.9967],[113.8596,27.0118],[113.8548,27.0209],[113.8391,27.0201],[113.8386,27.0295],[113.8157,27.048],[113.8075,27.0492],[113.8073,27.07],[113.8006,27.0982],[113.7946,27.1018],[113.7794,27.0905],[113.7696,27.0951],[113.7681,27.1056],[113.7702,27.1308],[113.7827,27.1435],[113.7908,27.1597],[113.8067,27.1681],[113.8165,27.1946],[113.8257,27.2049],[113.825,27.2162],[113.8475,27.2412],[113.8514,27.2694],[113.8627,27.2851],[113.8651,27.2986],[113.8521,27.2962],[113.8441,27.311],[113.8553,27.3229],[113.8529,27.3293],[113.8631,27.3401],[113.8691,27.3689],[113.8616,27.3821],[113.8515,27.372],[113.839,27.378],[113.8263,27.3769],[113.8236,27.3678],[113.8108,27.3652],[113.7915,27.3685],[113.7783,27.3625],[113.7437,27.3603],[113.7263,27.3467],[113.7118,27.3546],[113.7076,27.344],[113.6943,27.3354],[113.6773,27.3353],[113.6705,27.3295],[113.6591,27.3469],[113.6399,27.3554],[113.6149,27.3513],[113.5987,27.3638],[113.5934,27.381],[113.6173,27.4042],[113.6181,27.4216],[113.5961,27.4236],[113.5899,27.457],[113.5937,27.4733],[113.6219,27.5031],[113.6234,27.5174],[113.6106,27.5213],[113.5972,27.5187],[113.5788,27.5301],[113.5749,27.5506],[113.5944,27.5714],[113.5958,27.5821],[113.6034,27.592],[113.5984,27.6076],[113.6042,27.6221],[113.6016,27.6391],[113.6129,27.6396],[113.6204,27.6485],[113.6415,27.6603],[113.6531,27.6711],[113.6532,27.678],[113.6727,27.7061],[113.6959,27.728],[113.6937,27.7415],[113.7242,27.7728],[113.7331,27.7761],[113.7603,27.8041],[113.7614,27.8241],[113.7513,27.8388],[113.7544,27.8438],[113.7515,27.862],[113.7227,27.8793],[113.7248,27.8884],[113.7149,27.8886],[113.6948,27.8737],[113.6656,27.8802],[113.6554,27.8877],[113.6489,27.8806],[113.6386,27.8834],[113.6274,27.9001],[113.603,27.9113],[113.5914,27.9099],[113.5862,27.8942],[113.571,27.9028],[113.5635,27.931],[113.5721,27.942],[113.5719,27.9583],[113.5639,27.9681],[113.5497,27.9644],[113.5368,27.9653],[113.5179,27.9599],[113.5183,27.9489],[113.5084,27.9427],[113.484,27.9426],[113.4746,27.9287],[113.4561,27.9202],[113.4477,27.8998],[113.4183,27.9006],[113.4096,27.8921],[113.4089,27.8637],[113.3945,27.856],[113.3792,27.8575],[113.3533,27.8512],[113.3362,27.8619],[113.3254,27.8598],[113.2956,27.8716],[113.2943,27.8805],[113.282,27.8794],[113.2841,27.8689],[113.269,27.8659],[113.2754,27.8851],[113.2753,27.8989],[113.2623,27.9349],[113.2533,27.9448],[113.2718,27.9735],[113.2634,27.9806],[113.2657,27.9933],[113.2584,28.0145],[113.2441,28.0226],[113.238,28.013],[113.2123,28.0219],[113.2027,28.0144],[113.174,28.0154],[113.166,28.0192],[113.1582,28.0097],[113.1655,28.0033],[113.1423,27.9986],[113.1461,27.9788],[113.1551,27.9692],[113.1411,27.9568],[113.1357,27.9575],[113.1263,27.9348],[113.1281,27.915],[113.1104,27.9199],[113.1019,27.9374],[113.0961,27.9355],[113.0807,27.9526]]]},"properties":{"region_code":"CN-43-4302","parent_region_code":"CN-43","name":"株洲市","level":"prefecture","has_children":true,"full_path":"中国 / 湖南省 / 株洲市","source_admin_code":"4302","osm_relation_id":2972720}},
{"type":"Feature","geometry":{"type":"Polygon","coordinates":[[[111.9955,27.9109],[112.001,27.8878],[112.0094,27.875],[112.0068,27.8624],[112.0142,27.8572],[112.0124,27.8364],[112.033,27.8424],[112.0372,27.8276],[112.0458,27.8201],[112.0487,27.8081],[112.0588,27.8116],[112.0715,27.8088],[112.0862,27.8141],[112.0963,27.8116],[112.1023,27.7955],[112.0935,27.7829],[112.1018,27.7679],[112.1282,27.7503],[112.1066,27.7436],[112.1043,27.7282],[112.0936,27.7354],[112.0798,27.7375],[112.0754,27.7242],[112.0474,27.7179],[112.0421,27.6828],[112.0657,27.6721],[112.0609,27.661],[112.0724,27.6488],[112.0859,27.6461],[112.0998,27.6578],[112.115,27.6471],[112.1284,27.6573],[112.1313,27.6693],[112.1421,27.6665],[112.1446,27.6566],[112.1545,27.6536],[112.16,27.6637],[112.1728,27.6541],[112.1822,27.6534],[112.1996,27.6597],[112.2021,27.6742],[112.2149,27.6735],[112.2338,27.6912],[112.2381,27.7083],[112.262,27.708],[112.2692,27.7036],[112.2954,27.7073],[112.3073,27.6891],[112.3234,27.6741],[112.3125,27.6603],[112.312,27.6487],[112.3003,27.6466],[112.2904,27.6548],[112.2739,27.642],[112.2878,27.6312],[112.2891,27.625],[112.3139,27.6197],[112.3295,27.6014],[112.3338,27.5839],[112.3324,27.5737],[112.3107,27.5513],[112.3093,27.541],[112.2995,27.5306],[112.298,27.5098],[112.3059,27.4939],[112.3178,27.4996],[112.3336,27.4967],[112.3407,27.4999],[112.3546,27.4851],[112.3607,27.4838],[112.3785,27.4944],[112.3877,27.4956],[112.3881,27.5059],[112.4034,27.5274],[112.4137,27.5315],[112.4275,27.5249],[112.4299,27.5011],[112.4399,27.4949],[112.4495,27.4981],[112.4593,27.4897],[112.4562,27.4801],[112.4664,27.4584],[112.4787,27.4586],[112.4966,27.452],[112.518,27.4296],[112.5356,27.4208],[112.5469,27.4352],[112.5616,27.4455],[112.571,27.4381],[112.5819,27.4403],[112.5894,27.4597],[112.6017,27.4587],[112.6137,27.4725],[112.6266,27.4698],[112.6352,27.4626],[112.6546,27.4553],[112.6647,27.4605],[112.6862,27.4557],[112.6808,27.4396],[112.6747,27.435],[112.6722,27.4205],[112.6895,27.4116],[112.7058,27.4096],[112.7232,27.3987],[112.7297,27.4054],[112.7433,27.4026],[112.7548,27.4079],[112.7661,27.3967],[112.7686,27.3803],[112.7848,27.3657],[112.7977,27.3661],[112.7998,27.3425],[112.8238,27.3479],[112.8276,27.357],[112.8464,27.3591],[112.8577,27.3548],[112.8943,27.3646],[112.9143,27.3603],[112.9194,27.3705],[112.9163,27.4195],[112.9251,27.4267],[112.9555,27.4341],[112.9778,27.4432],[112.9892,27.442],[112.9807,27.455],[112.9819,27.4695],[112.9683,27.4717],[112.9669,27.4833],[112.9796,27.4913],[112.9829,27.5016],[112.9703,27.5046],[112.964,27.515],[112.9698,27.5297],[112.971,27.5455],[112.9653,27.5651],[112.9667,27.5722],[112.9934,27.5906],[113.0029,27.6044],[112.9931,27.6107],[112.9913,27.6206],[113.0018,27.6259],[113.0149,27.6148],[113.0336,27.6249],[113.0335,27.633],[113.0188,27.6513],[113.0153,27.6638],[113.0006,27.6589],[112.989,27.6673],[112.9873,27.6759],[113.003,27.686],[113.0128,27.7006],[113.0104,27.7053],[113.0219,27.7157],[113.0433,27.7136],[113.0532,27.7287],[113.0429,27.7381],[113.0195,27.7417],[113.0239,27.7573],[113.0333,27.7629],[113.0245,27.7778],[113.0219,27.794],[113.0064,27.7976],[112.994,27.8047],[112.9907,27.8128],[113.0095,27.8304],[113.0199,27.8348],[113.0405,27.85],[113.0322,27.8696],[113.0398,27.8786],[113.0451,27.9029],[113.0571,27.9092],[113.0546,27.9269],[113.0626,27.93],[113.07,27.9509],[113.0807,27.9526],[113.0843,27.9674],[113.0671,27.9783],[113.0852,27.9912],[113.0754,28.0054],[113.0627,28.014],[113.0351,28.0101],[113.0237,27.9965],[113.0294,27.9821],[112.9974,27.969],[112.9907,27.9764],[112.9494,28.0039],[112.9423,28.0173],[112.9337,28.0219],[112.9325,27.9881],[112.9185,27.9776],[112.9038,27.9759],[112.8853,27.9887],[112.8857,27.9986],[112.87,28.0085],[112.8673,27.9929],[112.8547,27.9948],[112.8548,28.0075],[112.8445,28.0259],[112.8379,28.0232],[112.826,28.0294],[112.8258,28.046],[112.8102,28.0583],[112.8111,28.0735],[112.7856,28.0714],[112.773,28.0753],[112.7715,28.0644],[112.7778,28.0545],[112.788,28.0531],[112.8043,28.0408],[112.8018,28.0327],[112.7889,28.0276],[112.7842,28.0379],[112.767,28.0398],[112.775,28.0282],[112.7654,28.0209],[112.7608,27.9946],[112.7551,27.9839],[112.7535,27.9679],[112.7388,27.9502],[112.7377,27.9351],[112.726,27.9322],[112.7257,27.9203],[112.7064,27.9199],[112.6996,27.9268],[112.681,27.9306],[112.6481,27.9449],[112.6354,27.9258],[112.646,27.9143],[112.651,27.9033],[112.6433,27.8836],[112.6287,27.8836],[112.6209,27.8994],[112.6041,27.9049],[112.6071,27.911],[112.5965,27.9215],[112.5887,27.9401],[112.5939,27.9519],[112.5827,27.9615],[112.5715,27.9627],[112.5593,27.9824],[112.5486,27.9759],[112.5312,27.9821],[112.5259,27.9976],[112.5087,27.9969],[112.5027,28.013],[112.5057,28.0205],[112.4996,28.0295],[112.4807,28.0435],[112.4736,28.0615],[112.4631,28.0621],[112.4535,28.0551],[112.4383,28.0605],[112.4172,28.0525],[112.4044,28.0348],[112.4093,28.0184],[112.4014,28.0043],[112.4102,27.9942],[112.4004,27.9716],[112.3848,27.965],[112.3654,27.9732],[112.3475,27.968],[112.337,27.9604],[112.3267,27.967],[112.3125,27.9625],[112.3018,27.9743],[112.2929,27.9746],[112.2522,27.9625],[112.2398,27.967],[112.2248,27.9652],[112.2162,27.9685],[112.2055,27.957],[112.1873,27.9633],[112.1774,27.9503],[112.1753,27.9414],[112.1607,27.937],[112.1511,27.9272],[112.1542,27.9194],[112.1439,27.9112],[112.1319,27.9089],[112.1219,27.9144],[112.1125,27.9008],[112.0995,27.8973],[112.0874,27.8991],[112.082,27.9115],[112.0545,27.9232],[112.044,27.9187],[112.0163,27.9146],[112.012,27.9096],[111.9955,27.9109]]]},"properties":{"region_code":"CN-43-4303","parent_region_code":"CN-43","name":"湘潭市","level":"prefecture","has_children":true,"full_path":"中国 / 湖南省 / 湘潭市","source_admin_code":"4303","osm_relation_id":3202624}},
{"type":"Feature","geometry":{"type":"Polygon","coordinates":[[[112.9892,27.442],[112.9778,27.4432],[112.9555,27.4341],[112.9251,27.4267],[112.9163,27.4195],[112.9194,27.3705],[112.9143,27.3603],[112.8943,27.3646],[112.8577,27.3548],[112.8464,27.3591],[112.8276,27.357],[112.8238,27.3479],[112.7998,27.3425],[112.7977,27.3661],[112.7848,27.3657],[112.7686,27.3803],[112.7661,27.3967],[112.7548,27.4079],[112.7433,27.4026],[112.7297,27.4054],[112.7232,27.3987],[112.7058,27.4096],[112.6895,27.4116],[112.6722,27.4205],[112.6747,27.435],[112.6808,27.4396],[112.6862,27.4557],[112.6647,27.4605],[112.6546,27.4553],[112.6352,27.4626],[112.6266,27.4698],[112.6137,27.4725],[112.6017,27.4587],[112.5894,27.4597],[112.5819,27.4403],[112.571,27.4381],[112.5616,27.4455],[112.5469,27.4352],[112.5356,27.4208],[112.518,27.4296],[112.5018,27.417],[112.5076,27.4065],[112.4922,27.3963],[112.496,27.3817],[112.4838,27.3748],[112.4847,27.3661],[112.4621,27.3731],[112.451,27.3517],[112.4308,27.3493],[112.4259,27.3579],[112.4169,27.3582],[112.4033,27.3654],[112.3908,27.362],[112.3632,27.3596],[112.3529,27.3659],[112.3265,27.3737],[112.3165,27.367],[112.3062,27.3708],[112.2877,27.3564],[112.276,27.3421],[112.2816,27.3316],[112.2607,27.3085],[112.2494,27.3138],[112.2498,27.2999],[112.2323,27.2908],[112.232,27.2767],[112.2204,27.2639],[112.2082,27.2733],[112.201,27.2865],[112.2004,27.2993],[112.1907,27.2996],[112.1855,27.3155],[112.1588,27.3278],[112.1485,27.3139],[112.1482,27.3042],[112.1577,27.2815],[112.1445,27.2694],[112.1432,27.2597],[112.1549,27.2504],[112.1466,27.2416],[112.1297,27.239],[112.1246,27.2242],[112.1077,27.2264],[112.0951,27.2105],[112.0867,27.2089],[112.074,27.1894],[112.0592,27.1789],[112.0458,27.1647],[112.0388,27.1351],[112.0472,27.1153],[112.0465,27.0966],[112.0511,27.0865],[112.0432,27.0756],[112.0659,27.0678],[112.0767,27.0393],[112.0843,27.0249],[112.0806,27.015],[112.0495,27.0144],[112.0425,27.0026],[112.0422,26.9797],[112.038,26.9739],[112.015,26.9682],[112.0106,26.9579],[112.0015,26.9561],[111.996,26.9474],[111.9825,26.9455],[111.9781,26.9621],[111.9664,26.9617],[111.9569,26.9543],[111.9491,26.9585],[111.9297,26.9549],[111.9242,26.9416],[111.9124,26.9383],[111.8988,26.9267],[111.893,26.9297],[111.8936,26.9644],[111.8885,26.984],[111.8933,26.9895],[111.8832,26.9985],[111.8714,27.0003],[111.8716,27.0104],[111.8564,27.0128],[111.838,27.0113],[111.8116,27.0248],[111.818,27.0369],[111.8106,27.0481],[111.7978,27.039],[111.7712,27.049],[111.7624,27.0629],[111.7314,27.0649],[111.7211,27.0727],[111.705,27.0534],[111.6931,27.05],[111.6927,27.0431],[111.6823,27.0341],[111.6604,27.0353],[111.6542,27.0157],[111.6445,27.0047],[111.6523,26.9896],[111.6439,26.971],[111.6146,26.9585],[111.5899,26.9651],[111.5762,26.9657],[111.5712,26.9486],[111.5618,26.9384],[111.5795,26.9257],[111.5783,26.9119],[111.5838,26.9003],[111.5733,26.8867],[111.5606,26.883],[111.5577,26.8714],[111.5457,26.8636],[111.5454,26.8505],[111.5383,26.8445],[111.5437,26.8359],[111.541,26.8251],[111.5481,26.8127],[111.5703,26.813],[111.5735,26.8019],[111.598,26.7891],[111.6132,26.7949],[111.6244,26.7929],[111.6377,26.8095],[111.6388,26.8289],[111.6455,26.844],[111.6606,26.8469],[111.6792,26.837],[111.7072,26.8526],[111.7207,26.8394],[111.7318,26.835],[111.7455,26.8421],[111.7375,26.8217],[111.7482,26.8105],[111.7666,26.8122],[111.7662,26.8033],[111.7758,26.7926],[111.787,26.7937],[111.7971,26.805],[111.8151,26.808],[111.8186,26.802],[111.8117,26.7875],[111.8397,26.791],[111.8529,26.8029],[111.8662,26.8001],[111.8694,26.7895],[111.898,26.7554],[111.9127,26.7526],[111.9111,26.7373],[111.9218,26.7147],[111.9351,26.703],[111.9437,26.6851],[111.9466,26.6678],[111.954,26.66],[111.9556,26.6489],[111.9727,26.6315],[111.9848,26.6276],[111.9921,26.6086],[112.0006,26.6003],[112.0095,26.6088],[112.0142,26.6226],[112.0021,26.6274],[111.9903,26.6429],[112.001,26.6519],[112.023,26.6552],[112.0422,26.6468],[112.0505,26.6513],[112.0713,26.6472],[112.0878,26.6373],[112.0885,26.6484],[112.1042,26.6573],[112.1101,26.6467],[112.132,26.6338],[112.1455,26.629],[112.1389,26.6166],[112.136,26.5994],[112.153,26.5951],[112.165,26.5887],[112.1692,26.5745],[112.1605,26.5571],[112.1508,26.5588],[112.1457,26.5481],[112.1553,26.5444],[112.1417,26.5308],[112.1392,26.5077],[112.1452,26.5052],[112.172,26.5311],[112.2088,26.5527],[112.2209,26.5513],[112.2371,26.5382],[112.2395,26.5169],[112.2277,26.5056],[112.2064,26.5077],[112.1891,26.4866],[112.1717,26.503],[112.1545,26.4972],[112.1606,26.4843],[112.1465,26.4729],[112.1525,26.4683],[112.1564,26.454],[112.1376,26.4447],[112.1472,26.4333],[112.1451,26.421],[112.1478,26.4082],[112.135,26.4112],[112.1362,26.3903],[112.1445,26.3879],[112.1448,26.3664],[112.1556,26.3566],[112.176,26.3481],[112.1718,26.3284],[112.1726,26.3073],[112.1861,26.3156],[112.2006,26.3182],[112.2081,26.3108],[112.2035,26.2979],[112.1916,26.2794],[112.1951,26.2656],[112.1926,26.2421],[112.1852,26.2281],[112.1892,26.1997],[112.1804,26.1889],[112.188,26.1764],[112.2011,26.1686],[112.2119,26.1689],[112.206,26.1558],[112.2178,26.1542],[112.2188,26.1421],[112.2263,26.1373],[112.2271,26.1231],[112.2451,26.1318],[112.2635,26.1365],[112.2784,26.1478],[112.2872,26.1447],[112.3041,26.1475],[112.3121,26.1611],[112.3257,26.1699],[112.3351,26.1696],[112.3506,26.1619],[112.3568,26.172],[112.3556,26.1822],[112.3761,26.2036],[112.3883,26.19],[112.4077,26.1945],[112.4179,26.1938],[112.426,26.1864],[112.449,26.1881],[112.4749,26.1742],[112.4781,26.156],[112.4867,26.15],[112.4965,26.1362],[112.5216,26.1411],[112.5252,26.1468],[112.5469,26.1499],[112.5554,26.1598],[112.5687,26.1647],[112.5737,26.189],[112.59,26.2144],[112.5961,26.2128],[112.6096,26.1815],[112.6261,26.1717],[112.6292,26.1517],[112.6347,26.1366],[112.6569,26.1327],[112.6667,26.116],[112.6797,26.1309],[112.6813,26.1173],[112.7054,26.1244],[112.7141,26.1311],[112.7411,26.1432],[112.7456,26.1347],[112.7569,26.1375],[112.7524,26.1518],[112.7756,26.1474],[112.7789,26.172],[112.7703,26.1881],[112.7924,26.1814],[112.7996,26.1948],[112.8166,26.1867],[112.8163,26.1641],[112.8571,26.157],[112.8678,26.1621],[112.8877,26.1582],[112.8945,26.1509],[112.9055,26.1527],[112.9189,26.1604],[112.9126,26.1699],[112.9237,26.1781],[112.9431,26.1717],[112.9652,26.1558],[112.9828,26.1592],[112.9957,26.1667],[113.0035,26.1578],[113.0216,26.1672],[113.0311,26.1869],[113.0392,26.1907],[113.0296,26.2081],[113.0349,26.2165],[113.0263,26.2371],[113.0199,26.2393],[113.0327,26.2578],[113.0485,26.2528],[113.0771,26.2528],[113.0859,26.2669],[113.0833,26.2766],[113.0911,26.2809],[113.0897,26.2905],[113.0984,26.2949],[113.1122,26.292],[113.125,26.3025],[113.1263,26.3223],[113.1344,26.3293],[113.1437,26.3227],[113.1616,26.3305],[113.159,26.3411],[113.163,26.3547],[113.1497,26.3692],[113.1597,26.3746],[113.1609,26.3905],[113.155,26.3944],[113.1659,26.4159],[113.1827,26.409],[113.1989,26.4273],[113.2042,26.4386],[113.1866,26.4493],[113.1999,26.4678],[113.2127,26.4659],[113.2223,26.4701],[113.226,26.4876],[113.2108,26.5054],[113.204,26.5093],[113.1868,26.5069],[113.1753,26.5229],[113.1585,26.5276],[113.1524,26.54],[113.1582,26.553],[113.165,26.5546],[113.1719,26.5662],[113.1723,26.5787],[113.1791,26.5939],[113.1788,26.6222],[113.174,26.6426],[113.1813,26.6545],[113.1776,26.6925],[113.1586,26.6899],[113.1464,26.704],[113.1278,26.7152],[113.1343,26.7202],[113.1256,26.7298],[113.1267,26.7484],[113.1124,26.7457],[113.1095,26.757],[113.0919,26.7591],[113.092,26.7838],[113.1029,26.7887],[113.1147,26.7872],[113.1451,26.7973],[113.1467,26.8023],[113.1369,26.8196],[113.1393,26.8389],[113.1479,26.8408],[113.1664,26.8272],[113.1825,26.833],[113.2021,26.8331],[113.2037,26.828],[113.2197,26.8236],[113.2181,26.8171],[113.2343,26.8119],[113.2502,26.8165],[113.2566,26.829],[113.2277,26.8645],[113.2209,26.8801],[113.2341,26.8816],[113.2368,26.8921],[113.2493,26.9042],[113.2495,26.9193],[113.2614,26.9217],[113.2726,26.9311],[113.2758,26.943],[113.2387,26.9414],[113.2272,26.9561],[113.22,26.9594],[113.2157,26.9763],[113.221,26.9976],[113.2147,27.0046],[113.2289,27.0245],[113.2111,27.0288],[113.2096,27.0436],[113.1927,27.0437],[113.1934,27.0606],[113.1873,27.0807],[113.1686,27.0929],[113.1583,27.1043],[113.1621,27.1291],[113.1877,27.1385],[113.2142,27.1348],[113.2262,27.1438],[113.2393,27.1427],[113.2404,27.1549],[113.2522,27.1635],[113.2508,27.1751],[113.2748,27.1703],[113.2776,27.1799],[113.2752,27.1937],[113.2639,27.2115],[113.2494,27.2268],[113.2394,27.2439],[113.2254,27.2404],[113.1763,27.2437],[113.1619,27.2363],[113.141,27.2543],[113.1341,27.2458],[113.1243,27.2244],[113.1211,27.2093],[113.1105,27.2079],[113.1006,27.2289],[113.0921,27.2351],[113.0783,27.253],[113.0746,27.271],[113.0639,27.2836],[113.0451,27.2921],[113.0416,27.3076],[113.0424,27.326],[113.0269,27.3317],[113.027,27.3478],[113.0365,27.3546],[113.0189,27.371],[113.0117,27.3921],[113.0004,27.3939],[112.9905,27.4026],[112.9928,27.4368],[112.9892,27.442]]]},"properties":{"region_code":"CN-43-4304","parent_region_code":"CN-43","name":"衡阳市","level":"prefecture","has_children":true,"full_path":"中国 / 湖南省 / 衡阳市","source_admin_code":"4304","osm_relation_id":3156043}},
{"type":"Feature","geometry":{"type":"Polygon","coordinates":[[[112.0867,27.2089],[112.0705,27.212],[112.0586,27.234],[112.0614,27.2617],[112.0578,27.2896],[112.0469,27.2964],[112.0346,27.2929],[112.0167,27.3033],[112.0096,27.3186],[111.9902,27.3236],[111.9805,27.3306],[111.9854,27.3436],[111.9723,27.3478],[111.961,27.365],[111.9491,27.3704],[111.9232,27.3737],[111.9198,27.3839],[111.9077,27.3962],[111.898,27.3994],[111.9073,27.4119],[111.8953,27.4173],[111.8856,27.4376],[111.8588,27.457],[111.8577,27.4633],[111.8377,27.463],[111.8309,27.4535],[111.8157,27.4535],[111.8133,27.4662],[111.8059,27.4681],[111.8088,27.4837],[111.7877,27.4704],[111.7858,27.4816],[111.7911,27.4883],[111.7862,27.4975],[111.7495,27.4966],[111.7373,27.5032],[111.7339,27.5118],[111.7204,27.5207],[111.7007,27.5243],[111.6863,27.5369],[111.6797,27.5306],[111.6651,27.5419],[111.6476,27.5172],[111.6377,27.523],[111.6341,27.5424],[111.639,27.5502],[111.6297,27.566],[111.6357,27.5784],[111.6233,27.5844],[111.6073,27.5679],[111.6031,27.5793],[111.5882,27.5873],[111.5798,27.6022],[111.563,27.6219],[111.5562,27.6355],[111.5462,27.6288],[111.5351,27.612],[111.5198,27.6076],[111.4965,27.5951],[111.4803,27.598],[111.4729,27.578],[111.4528,27.5848],[111.4489,27.5989],[111.4276,27.592],[111.4176,27.5725],[111.4033,27.5722],[111.3977,27.559],[111.3811,27.5461],[111.3677,27.5451],[111.3703,27.5351],[111.3618,27.527],[111.3496,27.5283],[111.3427,27.5389],[111.327,27.5451],[111.3071,27.5624],[111.2931,27.5696],[111.2721,27.5594],[111.2652,27.5471],[111.2457,27.5412],[111.2394,27.5274],[111.2179,27.5384],[111.2158,27.5542],[111.198,27.5552],[111.1928,27.5509],[111.1757,27.5619],[111.1662,27.5625],[111.1618,27.5712],[111.1433,27.5849],[111.1392,27.5805],[111.1106,27.5859],[111.096,27.5932],[111.0775,27.5875],[111.0711,27.5964],[111.0753,27.6036],[111.0719,27.6164],[111.0639,27.6201],[111.0582,27.6355],[111.0457,27.6386],[111.0324,27.6321],[111.0199,27.6375],[111.0068,27.6268],[110.9953,27.629],[111.0005,27.6516],[110.9966,27.6583],[110.9765,27.6636],[110.9695,27.6572],[110.9536,27.66],[110.9457,27.6531],[110.9056,27.6602],[110.8932,27.6538],[110.8768,27.6514],[110.8645,27.6599],[110.8481,27.6508],[110.8479,27.6425],[110.8595,27.6348],[110.8575,27.6264],[110.8399,27.6244],[110.8482,27.599],[110.8192,27.5816],[110.8192,27.5737],[110.8044,27.5645],[110.7878,27.5637],[110.7774,27.5694],[110.7699,27.5811],[110.7483,27.6001],[110.728,27.6149],[110.7187,27.6162],[110.6979,27.608],[110.6667,27.6035],[110.6588,27.5882],[110.6612,27.5789],[110.6548,27.5655],[110.6345,27.5585],[110.6258,27.5504],[110.6254,27.5396],[110.6409,27.533],[110.6729,27.5004],[110.6781,27.4718],[110.6859,27.4592],[110.6808,27.4472],[110.6667,27.438],[110.6558,27.4241],[110.6476,27.3836],[110.642,27.3772],[110.6486,27.3647],[110.6338,27.3492],[110.618,27.3419],[110.617,27.3336],[110.6039,27.3255],[110.6016,27.3084],[110.6045,27.2931],[110.5941,27.285],[110.5743,27.2821],[110.566,27.2966],[110.554,27.3028],[110.5492,27.3163],[110.5311,27.3058],[110.5289,27.2965],[110.5192,27.2858],[110.4955,27.2714],[110.4851,27.2699],[110.4544,27.2525],[110.4472,27.2312],[110.4527,27.2239],[110.4475,27.2092],[110.4309,27.2064],[110.4078,27.206],[110.3702,27.2261],[110.3474,27.2021],[110.352,27.1842],[110.3386,27.156],[110.3238,27.1616],[110.3096,27.1615],[110.3012,27.1704],[110.2476,27.1528],[110.2179,27.1337],[110.1982,27.1257],[110.1883,27.1073],[110.1993,27.0959],[110.2035,27.0847],[110.1935,27.0628],[110.1747,27.0586],[110.1504,27.0419],[110.1452,27.0215],[110.1487,26.9999],[110.1418,26.9894],[110.1332,26.9854],[110.1196,26.9864],[110.1114,26.9812],[110.1007,26.957],[110.0711,26.945],[110.0673,26.9353],[110.0926,26.9096],[110.0884,26.8944],[110.0734,26.8853],[110.0588,26.8854],[110.0511,26.8795],[110.0439,26.8641],[110.0392,26.8337],[110.0514,26.8259],[110.0512,26.8116],[110.0634,26.7872],[110.045,26.7463],[110.0346,26.741],[110.0393,26.7293],[110.0467,26.7274],[110.0685,26.7126],[110.0613,26.6981],[110.0384,26.7006],[110.015,26.6655],[109.9989,26.6674],[109.9896,26.6837],[109.983,26.6883],[109.9591,26.6954],[109.9455,26.6925],[109.9296,26.6774],[109.9096,26.6799],[109.8967,26.6717],[109.892,26.6581],[109.881,26.6575],[109.8537,26.647],[109.8472,26.6253],[109.8262,26.6251],[109.8223,26.6094],[109.8537,26.5836],[109.8592,26.577],[109.8596,26.5626],[109.8526,26.551],[109.8545,26.5441],[109.8664,26.5362],[109.8733,26.5021],[109.8579,26.4904],[109.8518,26.4688],[109.8638,26.4715],[109.8844,26.463],[109.8959,26.4654],[109.912,26.4783],[109.9256,26.4796],[109.9271,26.4624],[109.948,26.4505],[109.9435,26.4405],[109.9597,26.4315],[109.9812,26.4334],[109.9723,26.4108],[109.9716,26.3915],[109.9879,26.3935],[109.9959,26.4072],[110.0074,26.4073],[110.0091,26.391],[110.0043,26.368],[110.0105,26.3509],[110.0058,26.3384],[110.0021,26.3074],[109.9842,26.2897],[109.9812,26.2687],[109.9998,26.2685],[110.0049,26.2532],[109.9849,26.2394],[109.9699,26.2218],[109.9603,26.1992],[109.9813,26.1832],[110.0009,26.1884],[110.0123,26.188],[110.0284,26.1684],[110.0446,26.1718],[110.0636,26.1709],[110.0772,26.1738],[110.0936,26.1717],[110.0896,26.157],[110.0926,26.132],[110.0709,26.0866],[110.0715,26.0639],[110.064,26.0496],[110.0741,26.0397],[110.0845,26.0393],[110.0958,26.0209],[110.1036,26.0225],[110.112,26.035],[110.1237,26.0322],[110.1415,26.0193],[110.1558,26.0188],[110.1661,26.0248],[110.1724,26.0444],[110.1909,26.072],[110.2029,26.0651],[110.209,26.0457],[110.2406,26.0291],[110.2497,26.0092],[110.2453,25.9686],[110.261,25.9606],[110.2932,25.9716],[110.3063,25.97],[110.3279,25.9822],[110.3284,25.9945],[110.3428,26.0167],[110.3474,26.0362],[110.3567,26.0476],[110.3511,26.0625],[110.362,26.0711],[110.3688,26.0821],[110.3732,26.1035],[110.3873,26.1152],[110.3999,26.1201],[110.4191,26.1359],[110.4216,26.146],[110.4484,26.1683],[110.4807,26.1871],[110.4858,26.1688],[110.491,26.1688],[110.5129,26.1902],[110.5178,26.1996],[110.5381,26.2239],[110.5408,26.2324],[110.5377,26.2557],[110.5509,26.2894],[110.5647,26.2921],[110.581,26.3049],[110.6126,26.3375],[110.6188,26.3326],[110.6212,26.319],[110.6305,26.314],[110.6487,26.313],[110.6622,26.3189],[110.6767,26.3187],[110.6936,26.3115],[110.7062,26.2952],[110.7159,26.2974],[110.7369,26.3173],[110.7455,26.2971],[110.7408,26.2859],[110.7276,26.2727],[110.7505,26.2538],[110.7636,26.2534],[110.7768,26.2636],[110.7838,26.2618],[110.8383,26.2609],[110.856,26.2735],[110.8732,26.2742],[110.9092,26.2793],[110.9251,26.2584],[110.926,26.2732],[110.935,26.2923],[110.9314,26.3085],[110.9211,26.3238],[110.9395,26.3297],[110.9416,26.3385],[110.9437,26.3774],[110.9587,26.3864],[110.9771,26.3846],[110.9849,26.3682],[111.0016,26.3611],[111.0131,26.3714],[111.0198,26.3846],[111.0124,26.3985],[111.0234,26.4299],[111.0398,26.4453],[111.0366,26.4514],[111.0472,26.459],[111.0554,26.4778],[111.0502,26.4909],[111.0565,26.4955],[111.062,26.5099],[111.0587,26.5275],[111.0618,26.5394],[111.058,26.5642],[111.0608,26.5811],[111.0674,26.591],[111.0817,26.5932],[111.0991,26.5886],[111.1071,26.6051],[111.1074,26.6232],[111.1176,26.6264],[111.1284,26.6224],[111.1321,26.613],[111.1283,26.5916],[111.1193,26.5733],[111.1203,26.5571],[111.14,26.542],[111.1487,26.5307],[111.1588,26.5086],[111.1504,26.4855],[111.1641,26.477],[111.1792,26.4739],[111.1756,26.4661],[111.194,26.4619],[111.1983,26.4676],[111.2181,26.4776],[111.2278,26.4865],[111.2553,26.49],[111.2608,26.5021],[111.2732,26.4935],[111.2831,26.4965],[111.2915,26.5135],[111.2829,26.5623],[111.2914,26.5716],[111.3012,26.6002],[111.2982,26.6068],[111.2999,26.6241],[111.3081,26.6297],[111.3066,26.6426],[111.2961,26.6484],[111.2911,26.6662],[111.2736,26.6577],[111.2768,26.6785],[111.2906,26.6834],[111.2887,26.6953],[111.2993,26.7043],[111.3038,26.715],[111.3161,26.7171],[111.3095,26.7283],[111.3191,26.7422],[111.3241,26.7614],[111.3238,26.7772],[111.3104,26.806],[111.3242,26.8405],[111.344,26.855],[111.3466,26.866],[111.3586,26.8687],[111.3662,26.8626],[111.387,26.8668],[111.4074,26.8607],[111.4081,26.8473],[111.4227,26.8494],[111.4358,26.8698],[111.4558,26.8706],[111.4786,26.8607],[111.5026,26.8628],[111.523,26.8691],[111.5283,26.8506],[111.5383,26.8445],[111.5454,26.8505],[111.5457,26.8636],[111.5577,26.8714],[111.5606,26.883],[111.5733,26.8867],[111.5838,26.9003],[111.5783,26.9119],[111.5795,26.9257],[111.5618,26.9384],[111.5712,26.9486],[111.5762,26.9657],[111.5899,26.9651],[111.6146,26.9585],[111.6439,26.971],[111.6523,26.9896],[111.6445,27.0047],[111.6542,27.0157],[111.6604,27.0353],[111.6823,27.0341],[111.6927,27.0431],[111.6931,27.05],[111.705,27.0534],[111.7211,27.0727],[111.7314,27.0649],[111.7624,27.0629],[111.7712,27.049],[111.7978,27.039],[111.8106,27.0481],[111.818,27.0369],[111.8116,27.0248],[111.838,27.0113],[111.8564,27.0128],[111.8716,27.0104],[111.8714,27.0003],[111.8832,26.9985],[111.8933,26.9895],[111.8885,26.984],[111.8936,26.9644],[111.893,26.9297],[111.8988,26.9267],[111.9124,26.9383],[111.9242,26.9416],[111.9297,26.9549],[111.9491,26.9585],[111.9569,26.9543],[111.9664,26.9617],[111.9781,26.9621],[111.9825,26.9455],[111.996,26.9474],[112.0015,26.9561],[112.0106,26.9579],[112.015,26.9682],[112.038,26.9739],[112.0422,26.9797],[112.0425,27.0026],[112.0495,27.0144],[112.0806,27.015],[112.0843,27.0249],[112.0767,27.0393],[112.0659,27.0678],[112.0432,27.0756],[112.0511,27.0865],[112.0465,27.0966],[112.0472,27.1153],[112.0388,27.1351],[112.0458,27.1647],[112.0592,27.1789],[112.074,27.1894],[112.0867,27.2089]]]},"properties":{"region_code":"CN-43-4305","parent_region_code":"CN-43","name":"邵阳市","level":"prefecture","has_children":true,"full_path":"中国 / 湖南省 / 邵阳市","source_admin_code":"4305","osm_relation_id":3075378}},
{"type":"Feature","geometry":{"type":"MultiPolygon","coordinates":[[[[114.0812,28.559],[114.099,28.5862],[114.1132,28.5899],[114.1266,28.6103],[114.1167,28.6263],[114.1273,28.6449],[114.1241,28.6489],[114.1276,28.6747],[114.1178,28.6852],[114.1227,28.7041],[114.1345,28.706],[114.1439,28.7268],[114.1411,28.7376],[114.1465,28.7455],[114.1517,28.7645],[114.1483,28.7738],[114.1319,28.7827],[114.1347,28.7921],[114.1465,28.8046],[114.1484,28.8323],[114.1289,28.8299],[114.1193,28.8462],[114.0919,28.8367],[114.0748,28.8362],[114.0567,28.8597],[114.0508,28.8735],[114.0612,28.8875],[114.0573,28.9029],[114.0365,28.9104],[114.0213,28.8966],[114.0185,28.9108],[113.9985,28.9295],[114.0045,28.9488],[114.0041,28.958],[113.9848,28.9544],[113.9684,28.941],[113.9614,28.9474],[113.9503,28.9815],[113.9563,29.0008],[113.9409,29.0211],[113.9412,29.0464],[113.9284,29.049],[113.9119,29.0407],[113.9062,29.0337],[113.8905,29.0322],[113.8739,29.0447],[113.8694,29.0547],[113.8746,29.0643],[113.8625,29.0671],[113.8496,29.0605],[113.8279,29.0728],[113.8339,29.0877],[113.832,29.0945],[113.814,29.107],[113.792,29.0992],[113.7669,29.0941],[113.7544,29.0692],[113.7386,29.0569],[113.7266,29.0613],[113.726,29.0783],[113.7208,29.0847],[113.7275,29.1025],[113.7177,29.1079],[113.7072,29.0978],[113.7028,29.0857],[113.6817,29.0797],[113.6804,29.0935],[113.6841,29.1132],[113.6763,29.124],[113.6796,29.1324],[113.6638,29.1429],[113.6621,29.1605],[113.6577,29.1699],[113.6675,29.1822],[113.6759,29.1851],[113.6877,29.2002],[113.6859,29.2185],[113.6884,29.2275],[113.6803,29.2379],[113.6625,29.2305],[113.6607,29.2237],[113.6436,29.2274],[113.642,29.241],[113.6251,29.2539],[113.6003,29.258],[113.6025,29.2711],[113.621,29.2975],[113.6231,29.3102],[113.6313,29.3261],[113.6563,29.336],[113.6616,29.3484],[113.6564,29.3563],[113.6554,29.3711],[113.6589,29.3819],[113.672,29.3936],[113.6903,29.3939],[113.7071,29.3983],[113.7168,29.392],[113.7262,29.3985],[113.7361,29.4166],[113.7308,29.4295],[113.7496,29.4448],[113.743,29.4606],[113.7175,29.4759],[113.6946,29.4944],[113.6888,29.5061],[113.6716,29.5164],[113.6434,29.5106],[113.629,29.5129],[113.6252,29.5254],[113.643,29.5325],[113.6515,29.5394],[113.6722,29.5401],[113.6746,29.5495],[113.7047,29.5568],[113.7062,29.5719],[113.7317,29.5793],[113.7331,29.5963],[113.7235,29.5997],[113.7169,29.6137],[113.7041,29.6115],[113.6983,29.6213],[113.6991,29.635],[113.6898,29.637],[113.6688,29.6518],[113.6573,29.6809],[113.6471,29.6864],[113.6408,29.676],[113.6323,29.6725],[113.6081,29.674],[113.6024,29.6692],[113.5726,29.679],[113.5541,29.6767],[113.5435,29.6821],[113.5328,29.6977],[113.5432,29.7399],[113.5482,29.7473],[113.5499,29.7667],[113.5451,29.7705],[113.5647,29.8085],[113.576,29.8382],[113.5651,29.8493],[113.5258,29.829],[113.517,29.8216],[113.4892,29.791],[113.4519,29.763],[113.4162,29.7476],[113.354,29.6855],[113.3142,29.643],[113.2927,29.6169],[113.2713,29.5975],[113.2663,29.5834],[113.2528,29.5707],[113.2171,29.5461],[113.1956,29.5159],[113.1593,29.4685],[113.1432,29.4534],[113.1278,29.4603],[113.1084,29.4588],[113.0982,29.4528],[113.0943,29.4386],[113.0846,29.4364],[113.0714,29.4486],[113.0677,29.4849],[113.0608,29.5116],[113.0521,29.5251],[113.032,29.5269],[113.014,29.5188],[112.9853,29.5008],[112.9637,29.471],[112.9447,29.4755],[112.9382,29.4962],[112.9324,29.5291],[112.9216,29.5588],[112.919,29.573],[112.9068,29.6089],[112.9068,29.6187],[112.9328,29.6461],[112.955,29.6573],[112.9708,29.6743],[113.0003,29.6969],[113.0138,29.7251],[113.0195,29.7507],[113.0257,29.7649],[113.0208,29.7752],[113.0067,29.7702],[112.9981,29.7575],[112.9696,29.7352],[112.9549,29.6991],[112.9395,29.6849],[112.9301,29.6842],[112.9219,29.6945],[112.922,29.7104],[112.9266,29.7422],[112.9197,29.768],[112.8836,29.7884],[112.8644,29.7881],[112.8492,29.7805],[112.8104,29.7488],[112.7892,29.7376],[112.8022,29.7272],[112.7872,29.715],[112.7901,29.7],[112.7794,29.6965],[112.7808,29.6865],[112.7581,29.6754],[112.7564,29.6628],[112.7474,29.6614],[112.7302,29.6504],[112.7236,29.6576],[112.7113,29.6562],[112.7104,29.6456],[112.7,29.6332],[112.6873,29.6111],[112.6883,29.6047],[112.6775,29.5931],[112.6657,29.6027],[112.648,29.5957],[112.6227,29.6196],[112.6117,29.6137],[112.5986,29.6143],[112.5881,29.621],[112.5675,29.6269],[112.5351,29.6035],[112.5297,29.6024],[112.5004,29.6132],[112.4956,29.6307],[112.4518,29.6384],[112.4334,29.6358],[112.4214,29.6213],[112.421,29.6034],[112.4008,29.5781],[112.3867,29.5698],[112.3623,29.5429],[112.3443,29.5462],[112.3213,29.5458],[112.3143,29.543],[112.31,29.5267],[112.326,29.5131],[112.3187,29.4812],[112.3216,29.4612],[112.3467,29.4583],[112.3606,29.4591],[112.3626,29.4416],[112.3821,29.425],[112.3802,29.41],[112.3875,29.3968],[112.4316,29.3641],[112.4704,29.3514],[112.4861,29.3388],[112.4922,29.3181],[112.5003,29.3136],[112.5258,29.3119],[112.5428,29.3034],[112.5511,29.3074],[112.572,29.3051],[112.5939,29.3284],[112.6079,29.3366],[112.6253,29.3389],[112.6404,29.332],[112.6593,29.3029],[112.6709,29.3069],[112.6752,29.2985],[112.6913,29.2859],[112.6801,29.2733],[112.6884,29.263],[112.6878,29.2534],[112.6745,29.2395],[112.6744,29.2143],[112.67,29.1938],[112.687,29.1954],[112.729,29.1778],[112.758,29.175],[112.7732,29.1813],[112.7866,29.1931],[112.8036,29.1877],[112.8065,29.181],[112.792,29.1627],[112.8023,29.1551],[112.8773,29.1661],[112.8798,29.1625],[112.9187,29.1526],[112.9225,29.0959],[112.9311,29.0766],[112.9308,29.0483],[112.9228,29.0271],[112.9116,29.0197],[112.8926,29.0208],[112.8851,29.008],[112.8648,28.9927],[112.8576,28.9738],[112.8323,28.9495],[112.8243,28.9444],[112.8218,28.9294],[112.7927,28.9169],[112.7723,28.9129],[112.7669,28.9053],[112.7467,28.8937],[112.7216,28.8936],[112.7035,28.8838],[112.6804,28.8828],[112.6655,28.8624],[112.6648,28.8532],[112.6544,28.8421],[112.6608,28.8239],[112.6671,28.8181],[112.6706,28.8002],[112.6566,28.7911],[112.6359,28.792],[112.6169,28.7829],[112.6153,28.7762],[112.5973,28.7566],[112.5931,28.7473],[112.5715,28.7437],[112.5621,28.7318],[112.5529,28.7346],[112.5487,28.7179],[112.527,28.7111],[112.521,28.7024],[112.5176,28.6711],[112.5065,28.6586],[112.5373,28.6426],[112.549,28.647],[112.5601,28.6316],[112.5694,28.6272],[112.5823,28.6322],[112.5787,28.6169],[112.5849,28.6053],[112.5768,28.5928],[112.568,28.588],[112.5566,28.5724],[112.5594,28.563],[112.5799,28.5601],[112.589,28.5401],[112.5981,28.5387],[112.6274,28.5548],[112.6302,28.5631],[112.6438,28.5678],[112.6527,28.5828],[112.67,28.5848],[112.6785,28.5996],[112.7011,28.6027],[112.7075,28.591],[112.7192,28.5851],[112.7308,28.5715],[112.7216,28.5609],[112.6957,28.5552],[112.6811,28.5451],[112.68,28.5287],[112.708,28.5139],[112.7263,28.5086],[112.7368,28.5098],[112.7499,28.5188],[112.7494,28.5264],[112.7639,28.5481],[112.7754,28.5554],[112.7932,28.5611],[112.8009,28.5575],[112.7841,28.5398],[112.7869,28.5242],[112.7946,28.5206],[112.8094,28.5239],[112.8366,28.5123],[112.8457,28.5162],[112.8701,28.5063],[112.866,28.5204],[112.8715,28.5244],[112.9102,28.5195],[112.9151,28.5236],[112.9309,28.5176],[112.9617,28.5229],[112.9688,28.512],[112.9696,28.4964],[112.9633,28.4959],[112.9613,28.4728],[112.9841,28.4635],[113.0055,28.4757],[113.0188,28.476],[113.0297,28.489],[113.0528,28.5009],[113.0607,28.5212],[113.0727,28.5252],[113.0793,28.5117],[113.0956,28.5105],[113.1081,28.5026],[113.1245,28.5033],[113.1286,28.4829],[113.1354,28.4759],[113.1541,28.4707],[113.1689,28.4896],[113.1641,28.4951],[113.1811,28.5086],[113.1745,28.5208],[113.1903,28.5451],[113.1951,28.5677],[113.1822,28.5704],[113.1763,28.5836],[113.1824,28.5912],[113.1785,28.6009],[113.1931,28.6129],[113.2101,28.6207],[113.2075,28.6348],[113.2179,28.6455],[113.2281,28.648],[113.2392,28.6577],[113.2463,28.6321],[113.2521,28.6289],[113.283,28.6446],[113.3044,28.6382],[113.3111,28.6334],[113.314,28.6175],[113.3264,28.621],[113.3425,28.6184],[113.3549,28.6271],[113.3625,28.6438],[113.3792,28.6506],[113.4071,28.6359],[113.4215,28.6387],[113.4188,28.6239],[113.4135,28.6186],[113.4095,28.5952],[113.4152,28.5926],[113.4482,28.5968],[113.4622,28.5968],[113.4701,28.5825],[113.4867,28.5747],[113.4959,28.5642],[113.4994,28.5472],[113.5163,28.5394],[113.5224,28.5327],[113.5467,28.5287],[113.5527,28.5367],[113.571,28.5403],[113.6012,28.5085],[113.626,28.487],[113.6401,28.4811],[113.6557,28.4616],[113.6522,28.4521],[113.6803,28.4417],[113.6966,28.4274],[113.7122,28.4274],[113.7224,28.4438],[113.7389,28.4505],[113.7715,28.4539],[113.782,28.4624],[113.7966,28.4594],[113.815,28.4732],[113.8194,28.4838],[113.829,28.4925],[113.8273,28.5028],[113.8347,28.5243],[113.8406,28.5326],[113.8509,28.5361],[113.8845,28.5191],[113.8986,28.5326],[113.9114,28.5296],[113.9303,28.5351],[113.9374,28.5306],[113.9492,28.5428],[113.9587,28.546],[113.9691,28.5674],[114,28.5656],[114.0083,28.5594],[114.011,28.5491],[114.0201,28.5464],[114.0363,28.5547],[114.0473,28.5478],[114.0596,28.5494],[114.0698,28.5593],[114.0812,28.559]]],[[[112.8813,29.7987],[112.8936,29.7957],[112.9144,29.7833],[112.9327,29.7661],[112.9337,29.7864],[112.9152,29.8025],[112.8963,29.8063],[112.8813,29.7987]]]]},"properties":{"region_code":"CN-43-4306","parent_region_code":"CN-43","name":"岳阳市","level":"prefecture","has_children":true,"full_path":"中国 / 湖南省 / 岳阳市","source_admin_code":"4306","osm_relation_id":3202467}},
{"type":"Feature","geometry":{"type":"Polygon","coordinates":[[[110.8558,28.4089],[110.8754,28.4113],[110.8841,28.4085],[110.9054,28.4151],[110.9459,28.4315],[110.9652,28.4343],[110.9752,28.4436],[110.996,28.4435],[111.0146,28.4497],[111.0288,28.4585],[111.0438,28.4623],[111.0598,28.4539],[111.0879,28.4599],[111.0911,28.4676],[111.1032,28.4716],[111.1401,28.4775],[111.1428,28.493],[111.1494,28.5046],[111.1468,28.5173],[111.1636,28.5201],[111.1715,28.5162],[111.1875,28.5223],[111.1947,28.5317],[111.2088,28.5383],[111.2153,28.5297],[111.2275,28.5287],[111.2486,28.5348],[111.2621,28.5264],[111.2818,28.5213],[111.311,28.5281],[111.3186,28.5221],[111.3293,28.5238],[111.3359,28.5323],[111.3573,28.5414],[111.3688,28.5549],[111.3776,28.5537],[111.3938,28.5432],[111.4043,28.5509],[111.4322,28.5517],[111.4356,28.5599],[111.4622,28.5595],[111.473,28.5639],[111.488,28.5786],[111.4888,28.5842],[111.5038,28.589],[111.5131,28.5988],[111.5337,28.6131],[111.5618,28.6422],[111.5691,28.6427],[111.6,28.6284],[111.619,28.6218],[111.6258,28.629],[111.6574,28.628],[111.6582,28.6113],[111.6644,28.5973],[111.6829,28.5926],[111.7033,28.5976],[111.7178,28.6131],[111.7135,28.6397],[111.7227,28.6458],[111.725,28.6555],[111.7365,28.6549],[111.7459,28.6609],[111.7534,28.6567],[111.7626,28.6423],[111.7744,28.6389],[111.7771,28.6483],[111.8072,28.6428],[111.8093,28.6328],[111.823,28.6191],[111.8386,28.6201],[111.8493,28.6404],[111.8676,28.6344],[111.8826,28.6405],[111.8958,28.6394],[111.9128,28.6588],[111.9048,28.6749],[111.9178,28.6804],[111.946,28.6778],[111.9786,28.6672],[111.9796,28.6559],[112.0084,28.644],[112.0289,28.6432],[112.035,28.6609],[112.0202,28.6725],[112.0277,28.6765],[112.0543,28.6723],[112.0647,28.6754],[112.0725,28.6582],[112.0807,28.6557],[112.0875,28.6458],[112.0956,28.6439],[112.1105,28.6537],[112.1337,28.6537],[112.1459,28.6612],[112.1588,28.6827],[112.1711,28.6742],[112.1926,28.6783],[112.213,28.6995],[112.2298,28.7124],[112.2634,28.725],[112.28,28.7342],[112.2778,28.7481],[112.2786,28.78],[112.296,28.7892],[112.3016,28.8029],[112.3007,28.8212],[112.2839,28.8324],[112.2519,28.8646],[112.2521,28.9001],[112.2499,28.9324],[112.2512,28.9864],[112.243,28.9862],[112.2436,29.0216],[112.2479,29.0501],[112.2363,29.0673],[112.238,29.0923],[112.2291,29.1179],[112.2166,29.1218],[112.2088,29.118],[112.2019,29.1304],[112.1807,29.1376],[112.1879,29.151],[112.1893,29.1721],[112.2018,29.19],[112.2266,29.21],[112.2213,29.2314],[112.2239,29.2543],[112.2174,29.2727],[112.2175,29.2961],[112.2287,29.3032],[112.2478,29.2996],[112.2514,29.31],[112.2437,29.3307],[112.2463,29.3555],[112.2544,29.3745],[112.2694,29.3928],[112.2901,29.4098],[112.2872,29.4292],[112.2937,29.4534],[112.2778,29.498],[112.2726,29.5117],[112.2738,29.5339],[112.2873,29.5474],[112.2977,29.5702],[112.2973,29.5892],[112.2882,29.5989],[112.2773,29.5986],[112.2454,29.6144],[112.2289,29.6172],[112.2224,29.631],[112.2257,29.6426],[112.2353,29.6545],[112.2312,29.6635],[112.1992,29.6375],[112.1851,29.628],[112.1724,29.6591],[112.1611,29.6635],[112.1468,29.6573],[112.1047,29.6645],[112.1017,29.6749],[112.0868,29.6879],[112.0815,29.6842],[112.0608,29.6831],[112.0543,29.6974],[112.0581,29.7117],[112.0659,29.7159],[112.0676,29.7384],[112.0709,29.7459],[112.0601,29.7572],[112.0261,29.7641],[112.0046,29.7816],[111.987,29.7828],[111.9494,29.8102],[111.9446,29.8183],[111.9604,29.8339],[111.9524,29.841],[111.9327,29.8351],[111.9206,29.8389],[111.9085,29.8556],[111.8753,29.8631],[111.856,29.8593],[111.8419,29.8765],[111.8231,29.8794],[111.8252,29.8904],[111.8045,29.8961],[111.8049,29.9039],[111.7564,29.9209],[111.7324,29.9238],[111.719,29.9189],[111.7112,29.9039],[111.6988,29.8943],[111.6787,29.8889],[111.6489,29.891],[111.6401,29.8975],[111.6209,29.8969],[111.5914,29.8918],[111.5774,29.9007],[111.5722,29.8976],[111.5556,29.9012],[111.5493,29.8974],[111.54,29.9076],[111.5299,29.91],[111.5206,29.9301],[111.4919,29.9277],[111.4777,29.9207],[111.4666,29.9228],[111.4561,29.9304],[111.4452,29.9259],[111.4313,29.9322],[111.4124,29.9174],[111.3993,29.9135],[111.3856,29.917],[111.3771,29.9261],[111.3834,29.9355],[111.3721,29.9389],[111.3778,29.9486],[111.37,29.9562],[111.346,29.9538],[111.3357,29.9481],[111.3313,29.9644],[111.3186,29.9806],[111.2967,29.9863],[111.2911,29.9975],[111.2926,30.0068],[111.2811,30.0137],[111.2589,30.0111],[111.2551,30.0293],[111.2374,30.0434],[111.1959,30.0437],[111.1746,30.0472],[111.1177,30.0474],[111.0837,30.0522],[111.0635,30.0507],[111.0259,30.0521],[111.0015,30.057],[110.9935,30.0622],[110.9687,30.0619],[110.9587,30.0651],[110.9342,30.0643],[110.9199,30.0707],[110.9175,30.08],[110.919,30.1134],[110.8896,30.1121],[110.865,30.1162],[110.8431,30.1282],[110.8332,30.1243],[110.8083,30.1279],[110.7974,30.117],[110.7836,30.1221],[110.7645,30.1224],[110.7419,30.1151],[110.7473,30.1067],[110.7439,30.0911],[110.7514,30.0849],[110.749,30.0671],[110.7515,30.0587],[110.7349,30.0426],[110.7203,30.0429],[110.7061,30.0359],[110.6901,30.0436],[110.6774,30.0566],[110.6817,30.0618],[110.655,30.0736],[110.6461,30.0803],[110.6057,30.0598],[110.5948,30.0578],[110.5674,30.062],[110.5471,30.058],[110.5266,30.0639],[110.502,30.0532],[110.4911,30.0429],[110.4959,30.0334],[110.4869,30.0222],[110.4981,30.0124],[110.5145,30.0043],[110.5426,30.0025],[110.5546,29.9899],[110.5444,29.9806],[110.528,29.9793],[110.5261,29.9715],[110.5099,29.9598],[110.5127,29.9545],[110.5014,29.941],[110.5058,29.9302],[110.5011,29.921],[110.5122,29.9084],[110.5291,29.9015],[110.5358,29.8923],[110.5281,29.8774],[110.541,29.8725],[110.545,29.8504],[110.5659,29.8495],[110.5782,29.8377],[110.594,29.8428],[110.6029,29.84],[110.6143,29.8284],[110.6251,29.8015],[110.639,29.7775],[110.6274,29.7606],[110.6316,29.7497],[110.6556,29.7415],[110.66,29.7145],[110.6786,29.7038],[110.6979,29.6997],[110.7185,29.6871],[110.7396,29.6988],[110.7447,29.7111],[110.7572,29.7131],[110.7617,29.6997],[110.7615,29.6831],[110.774,29.6857],[110.7981,29.6798],[110.8155,29.6858],[110.8284,29.6953],[110.8369,29.6939],[110.8518,29.699],[110.87,29.6877],[110.8854,29.6897],[110.9223,29.6794],[110.9374,29.6708],[110.9599,29.6802],[110.9789,29.679],[110.9933,29.6698],[111.0267,29.6716],[111.0338,29.6558],[111.0253,29.6479],[111.0442,29.6395],[111.0477,29.6219],[111.0714,29.6218],[111.105,29.6162],[111.1188,29.6102],[111.1308,29.6115],[111.1446,29.6055],[111.1534,29.5971],[111.1739,29.6035],[111.1853,29.6014],[111.2184,29.6052],[111.2468,29.6032],[111.249,29.5907],[111.2616,29.5824],[111.2683,29.5835],[111.2813,29.5579],[111.2891,29.5595],[111.2984,29.5518],[111.3002,29.5376],[111.3136,29.5359],[111.3156,29.5219],[111.3227,29.5138],[111.327,29.5],[111.312,29.467],[111.3238,29.4453],[111.3077,29.428],[111.3027,29.4137],[111.3079,29.4039],[111.2807,29.3922],[111.264,29.3893],[111.2537,29.3834],[111.2306,29.3324],[111.2401,29.3238],[111.2465,29.3056],[111.2449,29.296],[111.2294,29.2763],[111.2166,29.2685],[111.2147,29.2602],[111.2273,29.2427],[111.2214,29.2233],[111.2035,29.2181],[111.1977,29.2118],[111.1784,29.2097],[111.168,29.2341],[111.1483,29.2404],[111.1163,29.2212],[111.0873,29.2068],[111.0752,29.1911],[111.065,29.1712],[111.0682,29.1671],[111.0628,29.1488],[111.0511,29.1405],[111.0205,29.1406],[111.0159,29.123],[110.9964,29.1209],[110.9802,29.114],[110.9703,29.1176],[110.9667,29.126],[110.9501,29.1384],[110.9082,29.1144],[110.8979,29.1143],[110.8778,29.1016],[110.8471,29.0961],[110.856,29.0718],[110.8904,29.0527],[110.9049,29.052],[110.91,29.039],[110.9148,29.0254],[110.9401,29.015],[110.9611,28.9967],[110.9826,28.9864],[110.9702,28.9795],[110.9613,28.9678],[110.95,28.9619],[110.9514,28.9512],[110.9455,28.9406],[110.9582,28.9205],[110.9582,28.9066],[110.9846,28.9004],[110.9949,28.883],[111.0024,28.8639],[111.0102,28.8531],[111.0274,28.8399],[111.0351,28.8251],[111.0503,28.8284],[111.0607,28.8259],[111.0761,28.805],[111.0741,28.7973],[111.0848,28.7861],[111.0969,28.7815],[111.0938,28.7713],[111.1024,28.763],[111.1097,28.7467],[111.0981,28.737],[111.1005,28.7298],[111.0914,28.7123],[111.092,28.7034],[111.074,28.6946],[111.0613,28.6994],[111.0449,28.6946],[111.0427,28.6866],[111.0574,28.671],[111.0591,28.6618],[111.0472,28.6548],[111.0143,28.6536],[111.0003,28.6442],[110.9838,28.6196],[110.9731,28.6177],[110.9554,28.6211],[110.9327,28.6205],[110.9476,28.5753],[110.9553,28.5709],[110.9683,28.5845],[110.9856,28.5882],[111.0059,28.5865],[111.0197,28.5931],[111.0446,28.6123],[111.052,28.6082],[111.0491,28.598],[111.0598,28.5851],[111.0588,28.5765],[111.0494,28.574],[111.078,28.5346],[111.064,28.5317],[111.0561,28.537],[111.0368,28.538],[111.0238,28.5474],[111.008,28.5475],[110.9983,28.5413],[110.9868,28.5221],[110.96,28.5073],[110.9533,28.4938],[110.9449,28.4876],[110.921,28.4868],[110.9194,28.4771],[110.8981,28.4568],[110.8828,28.4489],[110.8831,28.4408],[110.8558,28.4195],[110.8558,28.4089]]]},"properties":{"region_code":"CN-43-4307","parent_region_code":"CN-43","name":"常德市","level":"prefecture","has_children":true,"full_path":"中国 / 湖南省 / 常德市","source_admin_code":"4307","osm_relation_id":3161246}},
{"type":"Feature","geometry":{"type":"Polygon","coordinates":[[[110.6274,29.7606],[110.6184,29.7594],[110.6076,29.7496],[110.5948,29.7452],[110.5808,29.7325],[110.5724,29.7324],[110.5684,29.7225],[110.5425,29.7135],[110.5321,29.7033],[110.5192,29.6972],[110.5097,29.7012],[110.4971,29.696],[110.4816,29.7083],[110.4577,29.715],[110.4443,29.6938],[110.4444,29.67],[110.4362,29.665],[110.4107,29.6641],[110.4083,29.6557],[110.3699,29.6376],[110.3472,29.6427],[110.348,29.6553],[110.3364,29.6683],[110.295,29.665],[110.2851,29.699],[110.2569,29.7179],[110.2409,29.7348],[110.1943,29.7556],[110.1558,29.7563],[110.1085,29.7921],[110.0192,29.7722],[109.9429,29.7762],[109.9011,29.7667],[109.8748,29.7808],[109.8623,29.7815],[109.847,29.7722],[109.8377,29.7765],[109.8054,29.7744],[109.7981,29.7678],[109.7749,29.7619],[109.7643,29.7465],[109.7506,29.7458],[109.7496,29.7368],[109.7672,29.7292],[109.76,29.6964],[109.7539,29.6902],[109.732,29.6804],[109.7094,29.6755],[109.7122,29.6535],[109.6966,29.639],[109.707,29.632],[109.7147,29.6165],[109.7026,29.611],[109.7163,29.6027],[109.7302,29.6045],[109.7411,29.6123],[109.7566,29.612],[109.7641,29.5918],[109.7755,29.575],[109.7372,29.545],[109.7367,29.5308],[109.7492,29.5138],[109.7709,29.4959],[109.78,29.4667],[109.7941,29.4564],[109.8037,29.4311],[109.791,29.4151],[109.7946,29.408],[109.8124,29.3953],[109.8259,29.3764],[109.8568,29.3976],[109.8845,29.4218],[109.9025,29.4399],[109.9172,29.4446],[109.9274,29.4386],[109.9393,29.4209],[109.9428,29.392],[109.9472,29.3803],[109.9406,29.3695],[109.9561,29.347],[109.9556,29.3401],[109.9337,29.3271],[109.9533,29.3156],[109.9632,29.3041],[110.0142,29.2903],[110.0443,29.314],[110.0664,29.3239],[110.1042,29.2969],[110.1108,29.2896],[110.1007,29.2611],[110.0881,29.2477],[110.0726,29.2544],[110.0775,29.2393],[110.066,29.2266],[110.0774,29.1885],[110.0846,29.1762],[110.0807,29.1656],[110.0893,29.1428],[110.1021,29.1412],[110.1142,29.1446],[110.1237,29.1381],[110.1338,29.1542],[110.1446,29.1545],[110.1573,29.1724],[110.1782,29.1542],[110.1857,29.1664],[110.1995,29.1635],[110.2007,29.1549],[110.214,29.1402],[110.2204,29.1177],[110.2334,29.1176],[110.2389,29.1255],[110.2542,29.125],[110.2593,29.1144],[110.2452,29.0951],[110.2436,29.0834],[110.2559,29.0691],[110.266,29.0731],[110.2821,29.0875],[110.297,29.0902],[110.3008,29.0725],[110.2952,29.0664],[110.3014,29.0412],[110.315,29.0436],[110.3392,29.0392],[110.3381,29.0281],[110.3437,29.0223],[110.334,28.9991],[110.3252,28.9899],[110.3287,28.9808],[110.3145,28.975],[110.3138,28.9681],[110.3018,28.9606],[110.3032,28.9467],[110.3111,28.9401],[110.3272,28.9454],[110.3562,28.9302],[110.3632,28.9104],[110.3564,28.8991],[110.3582,28.8909],[110.3758,28.8916],[110.383,28.885],[110.395,28.8981],[110.4176,28.9041],[110.4208,28.8917],[110.4309,28.8851],[110.4585,28.8859],[110.4587,28.8938],[110.4691,28.9003],[110.482,28.916],[110.5277,28.8846],[110.5397,28.9048],[110.5128,28.9339],[110.5265,28.961],[110.5422,28.9715],[110.5349,28.9825],[110.5342,28.9927],[110.5422,29.0006],[110.5589,29.0073],[110.5765,28.9978],[110.5884,28.9713],[110.6029,28.967],[110.6237,28.9743],[110.6404,28.9451],[110.6568,28.9374],[110.6613,28.9158],[110.6731,28.9071],[110.6838,28.908],[110.6891,28.9219],[110.704,28.9161],[110.7176,28.9175],[110.7186,28.9324],[110.7281,28.9352],[110.7508,28.9097],[110.7662,28.9043],[110.7731,28.9129],[110.776,28.9261],[110.7937,28.9387],[110.7886,28.9537],[110.8018,28.9691],[110.813,28.9536],[110.8322,28.9525],[110.8462,28.9549],[110.8384,28.9858],[110.8501,28.9879],[110.8486,28.9972],[110.8567,29.0021],[110.873,29.0013],[110.885,28.9946],[110.8938,29.0021],[110.9017,28.9999],[110.9112,29.0122],[110.8969,29.0216],[110.8984,29.0377],[110.91,29.039],[110.9049,29.052],[110.8904,29.0527],[110.856,29.0718],[110.8471,29.0961],[110.8778,29.1016],[110.8979,29.1143],[110.9082,29.1144],[110.9501,29.1384],[110.9667,29.126],[110.9703,29.1176],[110.9802,29.114],[110.9964,29.1209],[111.0159,29.123],[111.0205,29.1406],[111.0511,29.1405],[111.0628,29.1488],[111.0682,29.1671],[111.065,29.1712],[111.0752,29.1911],[111.0873,29.2068],[111.1163,29.2212],[111.1483,29.2404],[111.168,29.2341],[111.1784,29.2097],[111.1977,29.2118],[111.2035,29.2181],[111.2214,29.2233],[111.2273,29.2427],[111.2147,29.2602],[111.2166,29.2685],[111.2294,29.2763],[111.2449,29.296],[111.2465,29.3056],[111.2401,29.3238],[111.2306,29.3324],[111.2537,29.3834],[111.264,29.3893],[111.2807,29.3922],[111.3079,29.4039],[111.3027,29.4137],[111.3077,29.428],[111.3238,29.4453],[111.312,29.467],[111.327,29.5],[111.3227,29.5138],[111.3156,29.5219],[111.3136,29.5359],[111.3002,29.5376],[111.2984,29.5518],[111.2891,29.5595],[111.2813,29.5579],[111.2683,29.5835],[111.2616,29.5824],[111.249,29.5907],[111.2468,29.6032],[111.2184,29.6052],[111.1853,29.6014],[111.1739,29.6035],[111.1534,29.5971],[111.1446,29.6055],[111.1308,29.6115],[111.1188,29.6102],[111.105,29.6162],[111.0714,29.6218],[111.0477,29.6219],[111.0442,29.6395],[111.0253,29.6479],[111.0338,29.6558],[111.0267,29.6716],[110.9933,29.6698],[110.9789,29.679],[110.9599,29.6802],[110.9374,29.6708],[110.9223,29.6794],[110.8854,29.6897],[110.87,29.6877],[110.8518,29.699],[110.8369,29.6939],[110.8284,29.6953],[110.8155,29.6858],[110.7981,29.6798],[110.774,29.6857],[110.7615,29.6831],[110.7617,29.6997],[110.7572,29.7131],[110.7447,29.7111],[110.7396,29.6988],[110.7185,29.6871],[110.6979,29.6997],[110.6786,29.7038],[110.66,29.7145],[110.6556,29.7415],[110.6316,29.7497],[110.6274,29.7606]]]},"properties":{"region_code":"CN-43-4308","parent_region_code":"CN-43","name":"张家界市","level":"prefecture","has_children":true,"full_path":"中国 / 湖南省 / 张家界市","source_admin_code":"4308","osm_relation_id":3152588}},
{"type":"Feature","geometry":{"type":"Polygon","coordinates":[[[112.68,28.5287],[112.6811,28.5451],[112.6957,28.5552],[112.7216,28.5609],[112.7308,28.5715],[112.7192,28.5851],[112.7075,28.591],[112.7011,28.6027],[112.6785,28.5996],[112.67,28.5848],[112.6527,28.5828],[112.6438,28.5678],[112.6302,28.5631],[112.6274,28.5548],[112.5981,28.5387],[112.589,28.5401],[112.5799,28.5601],[112.5594,28.563],[112.5566,28.5724],[112.568,28.588],[112.5768,28.5928],[112.5849,28.6053],[112.5787,28.6169],[112.5823,28.6322],[112.5694,28.6272],[112.5601,28.6316],[112.549,28.647],[112.5373,28.6426],[112.5065,28.6586],[112.5176,28.6711],[112.521,28.7024],[112.527,28.7111],[112.5487,28.7179],[112.5529,28.7346],[112.5621,28.7318],[112.5715,28.7437],[112.5931,28.7473],[112.5973,28.7566],[112.6153,28.7762],[112.6169,28.7829],[112.6359,28.792],[112.6566,28.7911],[112.6706,28.8002],[112.6671,28.8181],[112.6608,28.8239],[112.6544,28.8421],[112.6648,28.8532],[112.6655,28.8624],[112.6804,28.8828],[112.7035,28.8838],[112.7216,28.8936],[112.7467,28.8937],[112.7669,28.9053],[112.7723,28.9129],[112.7927,28.9169],[112.8218,28.9294],[112.8243,28.9444],[112.8323,28.9495],[112.8576,28.9738],[112.8648,28.9927],[112.8851,29.008],[112.8926,29.0208],[112.9116,29.0197],[112.9228,29.0271],[112.9308,29.0483],[112.9311,29.0766],[112.9225,29.0959],[112.9187,29.1526],[112.8798,29.1625],[112.8773,29.1661],[112.8023,29.1551],[112.792,29.1627],[112.8065,29.181],[112.8036,29.1877],[112.7866,29.1931],[112.7732,29.1813],[112.758,29.175],[112.729,29.1778],[112.687,29.1954],[112.67,29.1938],[112.6744,29.2143],[112.6745,29.2395],[112.6878,29.2534],[112.6884,29.263],[112.6801,29.2733],[112.6913,29.2859],[112.6752,29.2985],[112.6709,29.3069],[112.6593,29.3029],[112.6404,29.332],[112.6253,29.3389],[112.6079,29.3366],[112.5939,29.3284],[112.572,29.3051],[112.5511,29.3074],[112.5428,29.3034],[112.5258,29.3119],[112.5003,29.3136],[112.4922,29.3181],[112.4861,29.3388],[112.4704,29.3514],[112.4316,29.3641],[112.3875,29.3968],[112.3802,29.41],[112.3821,29.425],[112.3626,29.4416],[112.3606,29.4591],[112.3467,29.4583],[112.3216,29.4612],[112.3187,29.4812],[112.326,29.5131],[112.31,29.5267],[112.2859,29.5202],[112.2778,29.498],[112.2937,29.4534],[112.2872,29.4292],[112.2901,29.4098],[112.2694,29.3928],[112.2544,29.3745],[112.2463,29.3555],[112.2437,29.3307],[112.2514,29.31],[112.2478,29.2996],[112.2287,29.3032],[112.2175,29.2961],[112.2174,29.2727],[112.2239,29.2543],[112.2213,29.2314],[112.2266,29.21],[112.2018,29.19],[112.1893,29.1721],[112.1879,29.151],[112.1807,29.1376],[112.2019,29.1304],[112.2088,29.118],[112.2166,29.1218],[112.2291,29.1179],[112.238,29.0923],[112.2363,29.0673],[112.2479,29.0501],[112.2436,29.0216],[112.243,28.9862],[112.2512,28.9864],[112.2499,28.9324],[112.2521,28.9001],[112.2519,28.8646],[112.2839,28.8324],[112.3007,28.8212],[112.3016,28.8029],[112.296,28.7892],[112.2786,28.78],[112.2778,28.7481],[112.28,28.7342],[112.2634,28.725],[112.2298,28.7124],[112.213,28.6995],[112.1926,28.6783],[112.1711,28.6742],[112.1588,28.6827],[112.1459,28.6612],[112.1337,28.6537],[112.1105,28.6537],[112.0956,28.6439],[112.0875,28.6458],[112.0807,28.6557],[112.0725,28.6582],[112.0647,28.6754],[112.0543,28.6723],[112.0277,28.6765],[112.0202,28.6725],[112.035,28.6609],[112.0289,28.6432],[112.0084,28.644],[111.9796,28.6559],[111.9786,28.6672],[111.946,28.6778],[111.9178,28.6804],[111.9048,28.6749],[111.9128,28.6588],[111.8958,28.6394],[111.8826,28.6405],[111.8676,28.6344],[111.8493,28.6404],[111.8386,28.6201],[111.823,28.6191],[111.8093,28.6328],[111.8072,28.6428],[111.7771,28.6483],[111.7744,28.6389],[111.7626,28.6423],[111.7534,28.6567],[111.7459,28.6609],[111.7365,28.6549],[111.725,28.6555],[111.7227,28.6458],[111.7135,28.6397],[111.7178,28.6131],[111.7033,28.5976],[111.6829,28.5926],[111.6644,28.5973],[111.6582,28.6113],[111.6574,28.628],[111.6258,28.629],[111.619,28.6218],[111.6,28.6284],[111.5691,28.6427],[111.5618,28.6422],[111.5337,28.6131],[111.5131,28.5988],[111.5038,28.589],[111.4888,28.5842],[111.488,28.5786],[111.473,28.5639],[111.4622,28.5595],[111.4356,28.5599],[111.4322,28.5517],[111.4043,28.5509],[111.3938,28.5432],[111.3776,28.5537],[111.3688,28.5549],[111.3573,28.5414],[111.3359,28.5323],[111.3293,28.5238],[111.3186,28.5221],[111.311,28.5281],[111.2818,28.5213],[111.2621,28.5264],[111.2486,28.5348],[111.2275,28.5287],[111.2153,28.5297],[111.2088,28.5383],[111.1947,28.5317],[111.1875,28.5223],[111.1715,28.5162],[111.1636,28.5201],[111.1468,28.5173],[111.1494,28.5046],[111.1428,28.493],[111.1401,28.4775],[111.1032,28.4716],[111.0911,28.4676],[111.0879,28.4599],[111.0598,28.4539],[111.0438,28.4623],[111.0288,28.4585],[111.0146,28.4497],[110.996,28.4435],[110.9752,28.4436],[110.9652,28.4343],[110.9459,28.4315],[110.9054,28.4151],[110.8841,28.4085],[110.8754,28.4113],[110.8558,28.4089],[110.8542,28.4033],[110.8325,28.3956],[110.8184,28.373],[110.8105,28.3648],[110.7684,28.3472],[110.7471,28.3341],[110.7189,28.3049],[110.7259,28.2885],[110.7378,28.2815],[110.7471,28.2825],[110.7637,28.2778],[110.7829,28.278],[110.7924,28.2719],[110.7983,28.2524],[110.7871,28.2335],[110.808,28.2087],[110.821,28.2072],[110.8444,28.2101],[110.8503,28.2039],[110.8433,28.1758],[110.8332,28.161],[110.8145,28.1415],[110.8167,28.1352],[110.8344,28.1211],[110.8337,28.1071],[110.8275,28.0906],[110.8536,28.0792],[110.8699,28.0867],[110.8914,28.0634],[110.8786,28.053],[110.8644,28.0333],[110.8615,28.0171],[110.8732,28.0163],[110.8852,28.004],[110.894,28.0014],[110.9183,28.0024],[110.9166,28.0184],[110.9216,28.0242],[110.9344,28.0216],[110.9392,28.045],[110.9513,28.0506],[110.9623,28.0697],[110.9699,28.0554],[110.9887,28.0567],[111.0154,28.0442],[111.0061,28.0311],[111.033,28.029],[111.065,28.0031],[111.0748,27.9986],[111.0923,28.0052],[111.0887,28.0168],[111.1,28.0425],[111.1133,28.0506],[111.1039,28.0644],[111.1232,28.0787],[111.1348,28.0907],[111.1404,28.1161],[111.1694,28.1383],[111.1944,28.1661],[111.1998,28.1617],[111.2293,28.1572],[111.2549,28.1721],[111.2802,28.2027],[111.2827,28.2192],[111.2901,28.2278],[111.309,28.2377],[111.3259,28.2268],[111.3341,28.2075],[111.3294,28.1949],[111.355,28.202],[111.3712,28.195],[111.3827,28.1947],[111.3934,28.185],[111.4041,28.1998],[111.4126,28.1975],[111.4289,28.211],[111.4435,28.2076],[111.4527,28.1994],[111.4632,28.199],[111.4808,28.2042],[111.4918,28.1936],[111.4845,28.1819],[111.4798,28.1634],[111.4863,28.151],[111.4755,28.1423],[111.4755,28.1241],[111.4793,28.1155],[111.4906,28.1122],[111.4948,28.0989],[111.5052,28.0935],[111.4832,28.0758],[111.49,28.0615],[111.4822,28.0474],[111.4966,28.0487],[111.5091,28.0377],[111.5183,28.0425],[111.4997,28.0584],[111.5136,28.064],[111.5179,28.0529],[111.5303,28.0604],[111.5425,28.0442],[111.5357,28.0375],[111.5367,28.027],[111.5674,28.0315],[111.5512,28.0159],[111.5536,28.0066],[111.5425,27.9939],[111.5366,27.9985],[111.5243,27.9913],[111.5378,27.9806],[111.5462,27.9795],[111.5648,27.9951],[111.5712,27.9956],[111.5876,28.007],[111.5937,28.0152],[111.5824,28.0232],[111.5879,28.033],[111.5964,28.036],[111.6141,28.0187],[111.6331,28.021],[111.6417,28.0304],[111.6588,28.0297],[111.667,28.0405],[111.6786,28.0394],[111.6742,28.0199],[111.6865,28.0103],[111.677,28.0032],[111.6859,27.9893],[111.7063,27.9955],[111.7163,27.9851],[111.7286,27.9879],[111.7424,28.0074],[111.7632,28.0126],[111.7736,28.0114],[111.7831,27.993],[111.7924,27.9967],[111.7898,28.0073],[111.814,28.02],[111.822,28.0287],[111.8329,28.0281],[111.8542,28.0348],[111.8758,28.029],[111.8844,28.0308],[111.8956,28.0252],[111.9078,28.0315],[111.9028,28.041],[111.9058,28.0559],[111.9159,28.0725],[111.9099,28.0863],[111.8968,28.097],[111.8941,28.104],[111.9035,28.1196],[111.9265,28.1369],[111.9278,28.1716],[111.9376,28.1773],[111.9393,28.1903],[111.9557,28.2016],[111.9567,28.2123],[111.9811,28.2276],[111.9979,28.2279],[112.0041,28.2474],[112.027,28.2551],[112.046,28.2545],[112.1105,28.2749],[112.1174,28.2693],[112.1316,28.2698],[112.1405,28.2577],[112.1638,28.2489],[112.1751,28.238],[112.1899,28.2365],[112.2045,28.2426],[112.2177,28.2373],[112.2239,28.2211],[112.2316,28.2144],[112.2462,28.2278],[112.2502,28.2368],[112.2605,28.2401],[112.2787,28.2581],[112.2902,28.2513],[112.3,28.2645],[112.3169,28.2665],[112.3123,28.2882],[112.3273,28.2877],[112.3411,28.278],[112.3471,28.2945],[112.3646,28.2876],[112.3723,28.2932],[112.3839,28.2926],[112.3991,28.3019],[112.404,28.2977],[112.4236,28.3143],[112.438,28.3204],[112.4604,28.3161],[112.466,28.3209],[112.4813,28.3125],[112.4954,28.3152],[112.4998,28.3241],[112.5205,28.3294],[112.5485,28.3224],[112.5607,28.3306],[112.5572,28.3463],[112.5698,28.3581],[112.5701,28.3726],[112.5789,28.4059],[112.589,28.4111],[112.5938,28.4222],[112.6068,28.4281],[112.6189,28.4496],[112.6219,28.4718],[112.6393,28.4765],[112.6524,28.4944],[112.6663,28.5203],[112.68,28.5287]]]},"properties":{"region_code":"CN-43-4309","parent_region_code":"CN-43","name":"益阳市","level":"prefecture","has_children":true,"full_path":"中国 / 湖南省 / 益阳市","source_admin_code":"4309","osm_relation_id":3202593}},
{"type":"Feature","geometry":{"type":"Polygon","coordinates":[[[113.2566,26.829],[113.2502,26.8165],[113.2343,26.8119],[113.2181,26.8171],[113.2197,26.8236],[113.2037,26.828],[113.2021,26.8331],[113.1825,26.833],[113.1664,26.8272],[113.1479,26.8408],[113.1393,26.8389],[113.1369,26.8196],[113.1467,26.8023],[113.1451,26.7973],[113.1147,26.7872],[113.1029,26.7887],[113.092,26.7838],[113.0919,26.7591],[113.1095,26.757],[113.1124,26.7457],[113.1267,26.7484],[113.1256,26.7298],[113.1343,26.7202],[113.1278,26.7152],[113.1464,26.704],[113.1586,26.6899],[113.1776,26.6925],[113.1813,26.6545],[113.174,26.6426],[113.1788,26.6222],[113.1791,26.5939],[113.1723,26.5787],[113.1719,26.5662],[113.165,26.5546],[113.1582,26.553],[113.1524,26.54],[113.1585,26.5276],[113.1753,26.5229],[113.1868,26.5069],[113.204,26.5093],[113.2108,26.5054],[113.226,26.4876],[113.2223,26.4701],[113.2127,26.4659],[113.1999,26.4678],[113.1866,26.4493],[113.2042,26.4386],[113.1989,26.4273],[113.1827,26.409],[113.1659,26.4159],[113.155,26.3944],[113.1609,26.3905],[113.1597,26.3746],[113.1497,26.3692],[113.163,26.3547],[113.159,26.3411],[113.1616,26.3305],[113.1437,26.3227],[113.1344,26.3293],[113.1263,26.3223],[113.125,26.3025],[113.1122,26.292],[113.0984,26.2949],[113.0897,26.2905],[113.0911,26.2809],[113.0833,26.2766],[113.0859,26.2669],[113.0771,26.2528],[113.0485,26.2528],[113.0327,26.2578],[113.0199,26.2393],[113.0263,26.2371],[113.0349,26.2165],[113.0296,26.2081],[113.0392,26.1907],[113.0311,26.1869],[113.0216,26.1672],[113.0035,26.1578],[112.9957,26.1667],[112.9828,26.1592],[112.9652,26.1558],[112.9431,26.1717],[112.9237,26.1781],[112.9126,26.1699],[112.9189,26.1604],[112.9055,26.1527],[112.8945,26.1509],[112.8877,26.1582],[112.8678,26.1621],[112.8571,26.157],[112.8163,26.1641],[112.8166,26.1867],[112.7996,26.1948],[112.7924,26.1814],[112.7703,26.1881],[112.7789,26.172],[112.7756,26.1474],[112.7524,26.1518],[112.7569,26.1375],[112.7456,26.1347],[112.7411,26.1432],[112.7141,26.1311],[112.7054,26.1244],[112.6813,26.1173],[112.6797,26.1309],[112.6667,26.116],[112.6569,26.1327],[112.6347,26.1366],[112.6292,26.1517],[112.6261,26.1717],[112.6096,26.1815],[112.5961,26.2128],[112.59,26.2144],[112.5737,26.189],[112.5687,26.1647],[112.5554,26.1598],[112.5469,26.1499],[112.5252,26.1468],[112.5216,26.1411],[112.4965,26.1362],[112.4867,26.15],[112.4781,26.156],[112.4749,26.1742],[112.449,26.1881],[112.426,26.1864],[112.4179,26.1938],[112.4077,26.1945],[112.3883,26.19],[112.3761,26.2036],[112.3556,26.1822],[112.3568,26.172],[112.3506,26.1619],[112.3351,26.1696],[112.3257,26.1699],[112.3121,26.1611],[112.3041,26.1475],[112.2872,26.1447],[112.2784,26.1478],[112.2635,26.1365],[112.2451,26.1318],[112.2271,26.1231],[112.2241,26.1148],[112.2292,26.1009],[112.2495,26.0879],[112.2578,26.0796],[112.2665,26.0803],[112.2918,26.0926],[112.3025,26.0909],[112.3282,26.0777],[112.3294,26.0669],[112.3231,26.0421],[112.301,26.0101],[112.2916,25.9681],[112.3028,25.9632],[112.3113,25.9471],[112.3098,25.9389],[112.2914,25.9346],[112.276,25.9139],[112.2602,25.8998],[112.2667,25.8894],[112.2833,25.8893],[112.3026,25.8934],[112.3314,25.8887],[112.3442,25.9095],[112.3549,25.9088],[112.3541,25.8973],[112.3651,25.8716],[112.382,25.857],[112.3728,25.8412],[112.3564,25.8275],[112.3561,25.8112],[112.367,25.8054],[112.3817,25.8086],[112.3834,25.7949],[112.374,25.77],[112.3743,25.7591],[112.3871,25.7466],[112.3745,25.7302],[112.3466,25.7152],[112.3359,25.6942],[112.3216,25.7006],[112.3114,25.7138],[112.3116,25.7262],[112.2995,25.737],[112.2745,25.7197],[112.2723,25.7146],[112.2426,25.7071],[112.2368,25.7011],[112.2397,25.6771],[112.2443,25.6742],[112.2524,25.6529],[112.2519,25.6371],[112.2317,25.6038],[112.2367,25.5893],[112.2488,25.581],[112.2409,25.5705],[112.2495,25.5597],[112.2804,25.5586],[112.3075,25.5379],[112.3199,25.5334],[112.3489,25.5455],[112.3673,25.5415],[112.3624,25.5232],[112.3654,25.5117],[112.3765,25.5008],[112.3835,25.4794],[112.3975,25.4546],[112.4151,25.4382],[112.4214,25.426],[112.437,25.4048],[112.426,25.3917],[112.4282,25.3858],[112.4497,25.3838],[112.4509,25.3732],[112.4433,25.3645],[112.4237,25.3614],[112.4145,25.3417],[112.404,25.3284],[112.3885,25.3173],[112.3751,25.3123],[112.3676,25.302],[112.3567,25.3009],[112.3397,25.292],[112.3508,25.2816],[112.35,25.2667],[112.3557,25.2616],[112.3501,25.2511],[112.3627,25.2354],[112.3626,25.2255],[112.356,25.2139],[112.3588,25.1943],[112.3693,25.1796],[112.3877,25.1651],[112.3825,25.1561],[112.398,25.1415],[112.4067,25.1434],[112.4209,25.1601],[112.4265,25.1812],[112.4383,25.1897],[112.449,25.1777],[112.447,25.1641],[112.4532,25.1549],[112.473,25.1549],[112.4859,25.1477],[112.4987,25.1468],[112.5013,25.1402],[112.5387,25.136],[112.5588,25.1274],[112.5936,25.1299],[112.623,25.1437],[112.6407,25.1371],[112.6546,25.1358],[112.6633,25.1175],[112.6733,25.1141],[112.6903,25.0981],[112.6923,25.0925],[112.708,25.0856],[112.7141,25.059],[112.7098,25.0285],[112.7187,25.0143],[112.7363,25.0015],[112.7403,24.9853],[112.7363,24.9796],[112.7374,24.962],[112.7745,24.9499],[112.779,24.9419],[112.777,24.9275],[112.7814,24.9142],[112.7752,24.9006],[112.7821,24.8954],[112.798,24.8937],[112.8367,24.9005],[112.868,24.8991],[112.8694,24.9093],[112.9,24.925],[112.9167,24.9224],[112.9295,24.9245],[112.9428,24.9159],[112.9522,24.9271],[112.9581,24.9223],[112.9704,24.9234],[112.9889,24.9312],[112.9889,24.9435],[112.9993,24.9445],[113.0049,24.9822],[112.997,24.9939],[112.9823,25.0047],[112.9882,25.0166],[112.9715,25.0298],[112.9733,25.038],[112.9915,25.0517],[112.9973,25.0746],[113.0132,25.0865],[112.9994,25.0928],[112.9918,25.107],[112.9822,25.1163],[112.9599,25.1474],[112.9666,25.1577],[112.9655,25.1686],[112.9964,25.1867],[113.0034,25.1931],[113.0243,25.1943],[113.0266,25.2098],[113.0101,25.2157],[113.0011,25.2351],[112.9918,25.2415],[112.9896,25.2505],[112.9724,25.2481],[112.9688,25.2541],[112.9466,25.2489],[112.9293,25.2539],[112.9282,25.2466],[112.9115,25.2497],[112.89,25.2418],[112.8872,25.2497],[112.8629,25.2516],[112.8611,25.2635],[112.871,25.2783],[112.8614,25.2796],[112.8502,25.3109],[112.8538,25.3254],[112.8905,25.3409],[112.8957,25.3124],[112.9054,25.303],[112.9174,25.2994],[112.928,25.3207],[112.9271,25.3261],[112.943,25.3314],[112.944,25.3389],[112.9591,25.3425],[112.9793,25.3574],[112.9902,25.3505],[113.0036,25.356],[113.0201,25.3496],[113.0277,25.3639],[113.0377,25.3684],[113.0529,25.3813],[113.0745,25.3853],[113.0733,25.3909],[113.0849,25.4009],[113.0859,25.4201],[113.0987,25.4244],[113.1156,25.4174],[113.1264,25.4259],[113.1124,25.4496],[113.1233,25.4675],[113.1375,25.4729],[113.1476,25.4819],[113.1501,25.4959],[113.1663,25.4893],[113.1638,25.4828],[113.176,25.473],[113.195,25.4806],[113.2063,25.4925],[113.2049,25.4999],[113.2217,25.5138],[113.2409,25.5191],[113.2544,25.5019],[113.2645,25.5085],[113.2838,25.4991],[113.2913,25.5113],[113.3059,25.4929],[113.3038,25.4827],[113.3089,25.4731],[113.3077,25.4465],[113.3174,25.4533],[113.3346,25.4522],[113.3462,25.441],[113.3539,25.4414],[113.362,25.4302],[113.3632,25.4159],[113.3697,25.4052],[113.3832,25.4077],[113.3891,25.4014],[113.4015,25.4043],[113.4178,25.3974],[113.4224,25.3767],[113.4389,25.3631],[113.4448,25.3623],[113.4573,25.3734],[113.4686,25.3704],[113.4726,25.3795],[113.5116,25.3726],[113.5079,25.3654],[113.5147,25.3572],[113.5292,25.3707],[113.5383,25.3706],[113.5522,25.3527],[113.5729,25.3497],[113.5785,25.3381],[113.5728,25.322],[113.5858,25.3181],[113.6107,25.3306],[113.6497,25.3308],[113.6559,25.3364],[113.6815,25.345],[113.6825,25.3559],[113.7019,25.3554],[113.7152,25.3625],[113.7276,25.3527],[113.738,25.366],[113.7462,25.3669],[113.7591,25.3418],[113.7578,25.3323],[113.7763,25.3374],[113.7852,25.3328],[113.8097,25.3316],[113.8179,25.3348],[113.8276,25.3468],[113.828,25.3588],[113.839,25.3695],[113.8577,25.3733],[113.8724,25.3844],[113.8784,25.3999],[113.8766,25.4108],[113.881,25.4395],[113.8978,25.4442],[113.9084,25.4417],[113.9226,25.4454],[113.9363,25.4409],[113.9349,25.4653],[113.9438,25.4717],[113.9536,25.4861],[113.9461,25.4915],[113.9479,25.5095],[113.9579,25.5345],[113.9821,25.533],[113.979,25.5413],[113.9859,25.5672],[113.9743,25.5779],[113.9772,25.6057],[113.9525,25.615],[113.9454,25.6256],[113.9455,25.6389],[113.9372,25.6458],[113.9341,25.6647],[113.9276,25.6675],[113.9156,25.6986],[113.9091,25.704],[113.9131,25.7195],[113.9107,25.7333],[113.9157,25.7441],[113.953,25.7765],[113.9573,25.8087],[113.9659,25.8182],[113.9646,25.8346],[113.9745,25.8499],[113.9921,25.864],[114.005,25.879],[114.0118,25.8931],[114.0219,25.8972],[114.017,25.9088],[114.0163,25.9238],[114.0259,25.9411],[114.0137,25.9709],[114.0229,25.9845],[114.02,25.996],[114.0027,26.0102],[114.0034,26.0192],[114.0148,26.0311],[114.0229,26.0341],[114.0314,26.0495],[114.0313,26.066],[114.0407,26.0743],[114.0645,26.0817],[114.0748,26.0718],[114.1019,26.073],[114.1158,26.0892],[114.1022,26.0985],[114.1026,26.1036],[114.1385,26.1141],[114.1649,26.1264],[114.1831,26.1244],[114.1959,26.1347],[114.2097,26.1402],[114.2184,26.15],[114.2319,26.1564],[114.2133,26.1716],[114.2268,26.1843],[114.2149,26.1932],[114.2116,26.2068],[114.1799,26.2012],[114.1761,26.2179],[114.1467,26.2072],[114.1164,26.1994],[114.0962,26.1901],[114.081,26.1702],[114.0478,26.1732],[114.0516,26.1864],[114.0395,26.1837],[114.0293,26.1918],[114.0233,26.1832],[114.0074,26.1868],[113.9985,26.1784],[113.9794,26.1697],[113.9665,26.1572],[113.9554,26.1536],[113.939,26.1673],[113.946,26.1741],[113.9408,26.1871],[113.9226,26.1756],[113.9119,26.1746],[113.9097,26.163],[113.8877,26.1362],[113.8551,26.1227],[113.8444,26.1109],[113.8398,26.099],[113.8195,26.0874],[113.8088,26.0871],[113.8011,26.1019],[113.7869,26.1073],[113.7747,26.0964],[113.7753,26.0685],[113.7512,26.0472],[113.7387,26.0431],[113.7232,26.0497],[113.7055,26.0672],[113.6879,26.0991],[113.6971,26.1277],[113.7239,26.1425],[113.7311,26.1626],[113.7333,26.1864],[113.7197,26.2271],[113.7031,26.2374],[113.673,26.2507],[113.6546,26.2685],[113.6262,26.2754],[113.6105,26.2827],[113.6136,26.3101],[113.6025,26.3177],[113.5942,26.3292],[113.5925,26.3484],[113.587,26.365],[113.5752,26.3804],[113.5744,26.3993],[113.5875,26.4124],[113.5892,26.4211],[113.609,26.4298],[113.5926,26.4626],[113.5784,26.4719],[113.5888,26.4823],[113.601,26.5077],[113.5871,26.5201],[113.5687,26.5218],[113.5588,26.547],[113.5613,26.5752],[113.5488,26.5866],[113.5324,26.592],[113.5313,26.6045],[113.5176,26.5977],[113.5109,26.6037],[113.4877,26.5873],[113.4825,26.5677],[113.4656,26.5673],[113.437,26.5588],[113.4234,26.5712],[113.3963,26.6047],[113.4083,26.6157],[113.4099,26.6439],[113.398,26.6512],[113.3944,26.6662],[113.3845,26.6744],[113.3756,26.6961],[113.3997,26.7148],[113.4216,26.7744],[113.4052,26.7838],[113.4007,26.8032],[113.3866,26.809],[113.3814,26.801],[113.3626,26.8002],[113.3303,26.814],[113.3162,26.8037],[113.307,26.7814],[113.2841,26.7775],[113.2694,26.7846],[113.2741,26.8085],[113.2685,26.8124],[113.2729,26.8242],[113.2705,26.8326],[113.2566,26.829]]]},"properties":{"region_code":"CN-43-4310","parent_region_code":"CN-43","name":"郴州市","level":"prefecture","has_children":true,"full_path":"中国 / 湖南省 / 郴州市","source_admin_code":"4310","osm_relation_id":3123920}},
{"type":"Feature","geometry":{"type":"Polygon","coordinates":[[[111.5383,26.8445],[111.5283,26.8506],[111.523,26.8691],[111.5026,26.8628],[111.4786,26.8607],[111.4558,26.8706],[111.4358,26.8698],[111.4227,26.8494],[111.4081,26.8473],[111.4074,26.8607],[111.387,26.8668],[111.3662,26.8626],[111.3586,26.8687],[111.3466,26.866],[111.344,26.855],[111.3242,26.8405],[111.3104,26.806],[111.3238,26.7772],[111.3241,26.7614],[111.3191,26.7422],[111.3095,26.7283],[111.3161,26.7171],[111.3038,26.715],[111.2993,26.7043],[111.2887,26.6953],[111.2906,26.6834],[111.2768,26.6785],[111.2736,26.6577],[111.2911,26.6662],[111.2961,26.6484],[111.3066,26.6426],[111.3081,26.6297],[111.2999,26.6241],[111.2982,26.6068],[111.3012,26.6002],[111.2914,26.5716],[111.2829,26.5623],[111.2915,26.5135],[111.2831,26.4965],[111.2732,26.4935],[111.2608,26.5021],[111.2553,26.49],[111.2278,26.4865],[111.2181,26.4776],[111.1983,26.4676],[111.194,26.4619],[111.1756,26.4661],[111.1792,26.4739],[111.1641,26.477],[111.1504,26.4855],[111.1588,26.5086],[111.1487,26.5307],[111.14,26.542],[111.1203,26.5571],[111.1193,26.5733],[111.1283,26.5916],[111.1321,26.613],[111.1284,26.6224],[111.1176,26.6264],[111.1074,26.6232],[111.1071,26.6051],[111.0991,26.5886],[111.0817,26.5932],[111.0674,26.591],[111.0608,26.5811],[111.058,26.5642],[111.0618,26.5394],[111.0587,26.5275],[111.062,26.5099],[111.0565,26.4955],[111.0502,26.4909],[111.0554,26.4778],[111.0472,26.459],[111.0366,26.4514],[111.0398,26.4453],[111.0234,26.4299],[111.0124,26.3985],[111.0198,26.3846],[111.0131,26.3714],[111.0016,26.3611],[110.9963,26.3466],[111.007,26.3396],[111.0213,26.3411],[111.0379,26.336],[111.0464,26.3231],[111.0728,26.3222],[111.0855,26.3103],[111.1007,26.3073],[111.1046,26.3121],[111.1223,26.3129],[111.1312,26.3095],[111.2014,26.3111],[111.2035,26.2953],[111.1993,26.2804],[111.2227,26.265],[111.2331,26.2709],[111.2627,26.2768],[111.2746,26.2753],[111.2873,26.2559],[111.2898,26.2399],[111.2875,26.2253],[111.263,26.2175],[111.2656,26.2063],[111.2607,26.1957],[111.269,26.1885],[111.2687,26.1734],[111.2564,26.1639],[111.2527,26.1554],[111.2571,26.1396],[111.266,26.1212],[111.2613,26.0989],[111.2396,26.0807],[111.261,26.0587],[111.2492,26.0594],[111.2299,26.0498],[111.2173,26.0273],[111.2099,26.023],[111.2091,26.0054],[111.2014,25.9828],[111.1923,25.9729],[111.1906,25.9552],[111.2056,25.9414],[111.2144,25.9399],[111.2131,25.9292],[111.2267,25.9186],[111.2183,25.9056],[111.2422,25.8844],[111.2475,25.8673],[111.2741,25.8628],[111.2855,25.8569],[111.2934,25.8796],[111.3198,25.8965],[111.3198,25.9026],[111.3398,25.9099],[111.3517,25.8941],[111.3619,25.9047],[111.3717,25.9085],[111.3804,25.8899],[111.3979,25.888],[111.4117,25.8795],[111.4198,25.8861],[111.4345,25.8899],[111.4439,25.8872],[111.4504,25.8737],[111.4651,25.8785],[111.4844,25.8738],[111.4823,25.862],[111.4569,25.8581],[111.4514,25.851],[111.4258,25.8465],[111.4204,25.8255],[111.4307,25.818],[111.4386,25.7857],[111.4337,25.7729],[111.4217,25.7752],[111.4106,25.771],[111.3824,25.7365],[111.3562,25.7373],[111.337,25.7318],[111.3185,25.7345],[111.3032,25.7215],[111.3033,25.6986],[111.3115,25.6911],[111.3127,25.6769],[111.3046,25.6536],[111.3129,25.6344],[111.3335,25.6168],[111.3381,25.607],[111.3245,25.5875],[111.3166,25.554],[111.3234,25.5312],[111.3174,25.5035],[111.3056,25.4887],[111.2942,25.4686],[111.2968,25.4574],[111.2883,25.441],[111.272,25.4253],[111.2591,25.4229],[111.2514,25.4127],[111.2534,25.3997],[111.2359,25.3909],[111.2313,25.3814],[111.2218,25.3783],[111.205,25.3663],[111.1782,25.3709],[111.1659,25.3587],[111.1405,25.3132],[111.1318,25.3045],[111.0978,25.2883],[111.0964,25.2833],[111.1058,25.2649],[111.1057,25.2534],[111.1119,25.2378],[111.1073,25.219],[111.0713,25.2001],[111.0634,25.1941],[111.0453,25.1887],[111.019,25.1749],[110.9958,25.1667],[110.9974,25.154],[110.9897,25.1502],[110.9725,25.1126],[110.9791,25.1041],[110.9583,25.0831],[110.9589,25.0725],[110.9462,25.0459],[110.952,25.0346],[110.9506,25.0174],[110.9548,25.0063],[110.9728,24.9888],[110.9622,24.9779],[110.9651,24.9704],[110.9791,24.9699],[110.9878,24.9612],[110.9825,24.9415],[111.0006,24.9232],[111.0144,24.9332],[111.0273,24.9344],[111.0407,24.9296],[111.0806,24.9455],[111.0948,24.949],[111.0916,24.9797],[111.1039,24.9886],[111.0996,25.0089],[111.1047,25.0147],[111.0976,25.0324],[111.1112,25.0457],[111.1388,25.0449],[111.1446,25.053],[111.1692,25.0665],[111.1975,25.0742],[111.2013,25.088],[111.2212,25.1087],[111.2249,25.1202],[111.2411,25.1292],[111.2531,25.1307],[111.2617,25.1488],[111.274,25.1505],[111.2886,25.1263],[111.3029,25.1197],[111.3167,25.107],[111.3343,25.1025],[111.354,25.1044],[111.3685,25.1142],[111.3682,25.121],[111.3802,25.1256],[111.3817,25.1319],[111.3999,25.1298],[111.3997,25.1125],[111.4131,25.105],[111.4241,25.1067],[111.4184,25.0875],[111.4188,25.0608],[111.413,25.0435],[111.4308,25.0344],[111.4457,25.0339],[111.4584,25.0376],[111.4683,25.0211],[111.4551,24.9964],[111.4425,24.9968],[111.4287,24.97],[111.4411,24.9538],[111.4561,24.9462],[111.4614,24.9349],[111.45,24.9165],[111.446,24.9033],[111.4606,24.889],[111.4517,24.8801],[111.45,24.8522],[111.4723,24.8275],[111.4809,24.8026],[111.4668,24.7704],[111.4555,24.7527],[111.4595,24.7392],[111.4485,24.7293],[111.4445,24.7165],[111.4286,24.6965],[111.4271,24.6869],[111.4419,24.6864],[111.4468,24.6682],[111.4621,24.6693],[111.4663,24.6779],[111.4986,24.6693],[111.5134,24.6488],[111.5229,24.6402],[111.542,24.6528],[111.5545,24.6429],[111.5656,24.6477],[111.5767,24.6831],[111.5832,24.6937],[111.5941,24.6969],[111.6128,24.6866],[111.6351,24.6898],[111.6387,24.6995],[111.6324,24.7195],[111.6366,24.7327],[111.6468,24.7429],[111.6603,24.7637],[111.6835,24.7824],[111.706,24.7823],[111.7322,24.7761],[111.7448,24.7774],[111.765,24.7892],[111.7777,24.7897],[111.8036,24.7782],[111.8328,24.7842],[111.8539,24.7785],[111.863,24.7816],[111.869,24.7672],[111.8774,24.7603],[111.8908,24.7717],[111.9155,24.7704],[111.9248,24.7634],[111.9408,24.7666],[111.9432,24.7754],[111.9592,24.7754],[111.9628,24.7683],[111.98,24.7673],[111.9999,24.7589],[112.0179,24.7434],[112.0284,24.7588],[112.0288,24.7747],[112.053,24.7933],[112.0544,24.8033],[112.0787,24.8086],[112.0911,24.8205],[112.0911,24.8297],[112.1105,24.8364],[112.1187,24.8444],[112.1356,24.8481],[112.1436,24.8399],[112.1562,24.8473],[112.1649,24.8675],[112.1615,24.8802],[112.1687,24.9305],[112.1453,24.9353],[112.1229,24.9553],[112.1144,24.9668],[112.1169,24.9934],[112.1298,25.002],[112.1501,25.0295],[112.1435,25.0387],[112.1468,25.0587],[112.1571,25.0713],[112.1604,25.0876],[112.171,25.1098],[112.1693,25.1339],[112.1792,25.1449],[112.1778,25.1512],[112.1874,25.1754],[112.1815,25.1848],[112.1975,25.1886],[112.2291,25.1908],[112.2414,25.1885],[112.2498,25.1765],[112.2501,25.1623],[112.2764,25.1685],[112.2782,25.1623],[112.297,25.1598],[112.3088,25.1776],[112.3275,25.1773],[112.3534,25.1939],[112.3588,25.1943],[112.356,25.2139],[112.3626,25.2255],[112.3627,25.2354],[112.3501,25.2511],[112.3557,25.2616],[112.35,25.2667],[112.3508,25.2816],[112.3397,25.292],[112.3567,25.3009],[112.3676,25.302],[112.3751,25.3123],[112.3885,25.3173],[112.404,25.3284],[112.4145,25.3417],[112.4237,25.3614],[112.4433,25.3645],[112.4509,25.3732],[112.4497,25.3838],[112.4282,25.3858],[112.426,25.3917],[112.437,25.4048],[112.4214,25.426],[112.4151,25.4382],[112.3975,25.4546],[112.3835,25.4794],[112.3765,25.5008],[112.3654,25.5117],[112.3624,25.5232],[112.3673,25.5415],[112.3489,25.5455],[112.3199,25.5334],[112.3075,25.5379],[112.2804,25.5586],[112.2495,25.5597],[112.2409,25.5705],[112.2488,25.581],[112.2367,25.5893],[112.2317,25.6038],[112.2519,25.6371],[112.2524,25.6529],[112.2443,25.6742],[112.2397,25.6771],[112.2368,25.7011],[112.2426,25.7071],[112.2723,25.7146],[112.2745,25.7197],[112.2995,25.737],[112.3116,25.7262],[112.3114,25.7138],[112.3216,25.7006],[112.3359,25.6942],[112.3466,25.7152],[112.3745,25.7302],[112.3871,25.7466],[112.3743,25.7591],[112.374,25.77],[112.3834,25.7949],[112.3817,25.8086],[112.367,25.8054],[112.3561,25.8112],[112.3564,25.8275],[112.3728,25.8412],[112.382,25.857],[112.3651,25.8716],[112.3541,25.8973],[112.3549,25.9088],[112.3442,25.9095],[112.3314,25.8887],[112.3026,25.8934],[112.2833,25.8893],[112.2667,25.8894],[112.2602,25.8998],[112.276,25.9139],[112.2914,25.9346],[112.3098,25.9389],[112.3113,25.9471],[112.3028,25.9632],[112.2916,25.9681],[112.301,26.0101],[112.3231,26.0421],[112.3294,26.0669],[112.3282,26.0777],[112.3025,26.0909],[112.2918,26.0926],[112.2665,26.0803],[112.2578,26.0796],[112.2495,26.0879],[112.2292,26.1009],[112.2241,26.1148],[112.2271,26.1231],[112.2263,26.1373],[112.2188,26.1421],[112.2178,26.1542],[112.206,26.1558],[112.2119,26.1689],[112.2011,26.1686],[112.188,26.1764],[112.1804,26.1889],[112.1892,26.1997],[112.1852,26.2281],[112.1926,26.2421],[112.1951,26.2656],[112.1916,26.2794],[112.2035,26.2979],[112.2081,26.3108],[112.2006,26.3182],[112.1861,26.3156],[112.1726,26.3073],[112.1718,26.3284],[112.176,26.3481],[112.1556,26.3566],[112.1448,26.3664],[112.1445,26.3879],[112.1362,26.3903],[112.135,26.4112],[112.1478,26.4082],[112.1451,26.421],[112.1472,26.4333],[112.1376,26.4447],[112.1564,26.454],[112.1525,26.4683],[112.1465,26.4729],[112.1606,26.4843],[112.1545,26.4972],[112.1717,26.503],[112.1891,26.4866],[112.2064,26.5077],[112.2277,26.5056],[112.2395,26.5169],[112.2371,26.5382],[112.2209,26.5513],[112.2088,26.5527],[112.172,26.5311],[112.1452,26.5052],[112.1392,26.5077],[112.1417,26.5308],[112.1553,26.5444],[112.1457,26.5481],[112.1508,26.5588],[112.1605,26.5571],[112.1692,26.5745],[112.165,26.5887],[112.153,26.5951],[112.136,26.5994],[112.1389,26.6166],[112.1455,26.629],[112.132,26.6338],[112.1101,26.6467],[112.1042,26.6573],[112.0885,26.6484],[112.0878,26.6373],[112.0713,26.6472],[112.0505,26.6513],[112.0422,26.6468],[112.023,26.6552],[112.001,26.6519],[111.9903,26.6429],[112.0021,26.6274],[112.0142,26.6226],[112.0095,26.6088],[112.0006,26.6003],[111.9921,26.6086],[111.9848,26.6276],[111.9727,26.6315],[111.9556,26.6489],[111.954,26.66],[111.9466,26.6678],[111.9437,26.6851],[111.9351,26.703],[111.9218,26.7147],[111.9111,26.7373],[111.9127,26.7526],[111.898,26.7554],[111.8694,26.7895],[111.8662,26.8001],[111.8529,26.8029],[111.8397,26.791],[111.8117,26.7875],[111.8186,26.802],[111.8151,26.808],[111.7971,26.805],[111.787,26.7937],[111.7758,26.7926],[111.7662,26.8033],[111.7666,26.8122],[111.7482,26.8105],[111.7375,26.8217],[111.7455,26.8421],[111.7318,26.835],[111.7207,26.8394],[111.7072,26.8526],[111.6792,26.837],[111.6606,26.8469],[111.6455,26.844],[111.6388,26.8289],[111.6377,26.8095],[111.6244,26.7929],[111.6132,26.7949],[111.598,26.7891],[111.5735,26.8019],[111.5703,26.813],[111.5481,26.8127],[111.541,26.8251],[111.5437,26.8359],[111.5383,26.8445]]]},"properties":{"region_code":"CN-43-4311","parent_region_code":"CN-43","name":"永州市","level":"prefecture","has_children":true,"full_path":"中国 / 湖南省 / 永州市","source_admin_code":"4311","osm_relation_id":3149752}},
{"type":"Feature","geometry":{"type":"Polygon","coordinates":[[[110.8645,27.6599],[110.8615,27.6767],[110.8338,27.6836],[110.8328,27.7088],[110.8279,27.7268],[110.8195,27.7365],[110.8165,27.7544],[110.8073,27.76],[110.7912,27.7605],[110.7911,27.7686],[110.7813,27.7814],[110.7787,27.7914],[110.7651,27.796],[110.7696,27.8032],[110.7688,27.8178],[110.7835,27.836],[110.782,27.8509],[110.7913,27.86],[110.8081,27.8624],[110.8296,27.8511],[110.8436,27.8536],[110.8663,27.8508],[110.8896,27.853],[110.9043,27.8608],[110.9076,27.8686],[110.9184,27.8662],[110.9243,27.8827],[110.9379,27.8931],[110.9394,27.8996],[110.9701,27.9153],[110.9747,27.9265],[110.9647,27.9285],[110.962,27.9564],[110.9796,27.9734],[110.9933,27.9959],[110.9831,27.9945],[110.962,28.0033],[110.9661,28.0283],[110.9792,28.0327],[111.0061,28.0311],[111.0154,28.0442],[110.9887,28.0567],[110.9699,28.0554],[110.9623,28.0697],[110.9513,28.0506],[110.9392,28.045],[110.9344,28.0216],[110.9216,28.0242],[110.9166,28.0184],[110.9183,28.0024],[110.894,28.0014],[110.8852,28.004],[110.8732,28.0163],[110.8615,28.0171],[110.8644,28.0333],[110.8786,28.053],[110.8914,28.0634],[110.8699,28.0867],[110.8536,28.0792],[110.8275,28.0906],[110.8337,28.1071],[110.8344,28.1211],[110.8167,28.1352],[110.8145,28.1415],[110.8332,28.161],[110.8433,28.1758],[110.8503,28.2039],[110.8444,28.2101],[110.821,28.2072],[110.808,28.2087],[110.7871,28.2335],[110.7983,28.2524],[110.7924,28.2719],[110.7829,28.278],[110.7637,28.2778],[110.7471,28.2825],[110.7378,28.2815],[110.7259,28.2885],[110.7189,28.3049],[110.7471,28.3341],[110.7684,28.3472],[110.8105,28.3648],[110.8184,28.373],[110.8325,28.3956],[110.8542,28.4033],[110.8558,28.4089],[110.8558,28.4195],[110.8831,28.4408],[110.8828,28.4489],[110.8981,28.4568],[110.9194,28.4771],[110.921,28.4868],[110.9449,28.4876],[110.9533,28.4938],[110.96,28.5073],[110.9868,28.5221],[110.9983,28.5413],[111.008,28.5475],[111.0238,28.5474],[111.0368,28.538],[111.0561,28.537],[111.064,28.5317],[111.078,28.5346],[111.0494,28.574],[111.0588,28.5765],[111.0598,28.5851],[111.0491,28.598],[111.052,28.6082],[111.0446,28.6123],[111.0197,28.5931],[111.0059,28.5865],[110.9856,28.5882],[110.9683,28.5845],[110.9553,28.5709],[110.9476,28.5753],[110.9327,28.6205],[110.9554,28.6211],[110.9731,28.6177],[110.9838,28.6196],[111.0003,28.6442],[111.0143,28.6536],[111.0472,28.6548],[111.0591,28.6618],[111.0574,28.671],[111.0427,28.6866],[111.0449,28.6946],[111.0613,28.6994],[111.074,28.6946],[111.092,28.7034],[111.0914,28.7123],[111.1005,28.7298],[111.0981,28.737],[111.1097,28.7467],[111.1024,28.763],[111.0938,28.7713],[111.0969,28.7815],[111.0848,28.7861],[111.0741,28.7973],[111.0761,28.805],[111.0607,28.8259],[111.0503,28.8284],[111.0351,28.8251],[111.0274,28.8399],[111.0102,28.8531],[111.0024,28.8639],[110.9949,28.883],[110.9846,28.9004],[110.9582,28.9066],[110.9582,28.9205],[110.9455,28.9406],[110.9514,28.9512],[110.95,28.9619],[110.9613,28.9678],[110.9702,28.9795],[110.9826,28.9864],[110.9611,28.9967],[110.9401,29.015],[110.9148,29.0254],[110.91,29.039],[110.8984,29.0377],[110.8969,29.0216],[110.9112,29.0122],[110.9017,28.9999],[110.8938,29.0021],[110.885,28.9946],[110.873,29.0013],[110.8567,29.0021],[110.8486,28.9972],[110.8501,28.9879],[110.8384,28.9858],[110.8462,28.9549],[110.8322,28.9525],[110.813,28.9536],[110.8018,28.9691],[110.7886,28.9537],[110.7937,28.9387],[110.776,28.9261],[110.7731,28.9129],[110.7662,28.9043],[110.7508,28.9097],[110.7281,28.9352],[110.7186,28.9324],[110.7176,28.9175],[110.704,28.9161],[110.6891,28.9219],[110.6838,28.908],[110.6731,28.9071],[110.6613,28.9158],[110.6568,28.9374],[110.6404,28.9451],[110.6237,28.9743],[110.6029,28.967],[110.5884,28.9713],[110.5765,28.9978],[110.5589,29.0073],[110.5422,29.0006],[110.5342,28.9927],[110.5349,28.9825],[110.5422,28.9715],[110.5265,28.961],[110.5128,28.9339],[110.5397,28.9048],[110.5277,28.8846],[110.482,28.916],[110.4691,28.9003],[110.4587,28.8938],[110.4585,28.8859],[110.4309,28.8851],[110.4208,28.8917],[110.4176,28.9041],[110.395,28.8981],[110.383,28.885],[110.3801,28.8675],[110.3621,28.8443],[110.3547,28.8391],[110.3415,28.8201],[110.3356,28.8048],[110.3377,28.7851],[110.3355,28.7729],[110.321,28.7591],[110.3053,28.7557],[110.285,28.7669],[110.2811,28.7591],[110.2827,28.7419],[110.2742,28.7184],[110.273,28.6904],[110.2654,28.6767],[110.2325,28.6457],[110.2226,28.6499],[110.2133,28.6362],[110.2143,28.6241],[110.222,28.6146],[110.2196,28.6066],[110.2303,28.5861],[110.2304,28.5666],[110.2192,28.5655],[110.2034,28.5753],[110.1691,28.5856],[110.1601,28.5735],[110.1624,28.5384],[110.1503,28.5249],[110.15,28.4908],[110.1558,28.4703],[110.1385,28.4532],[110.1302,28.4503],[110.1235,28.4614],[110.1029,28.4587],[110.1067,28.4184],[110.1116,28.4096],[110.1346,28.3893],[110.1538,28.3896],[110.1776,28.3773],[110.185,28.3647],[110.2024,28.3609],[110.2072,28.3482],[110.1829,28.333],[110.1734,28.3184],[110.1734,28.3048],[110.181,28.2909],[110.1705,28.2863],[110.1837,28.2606],[110.2012,28.2543],[110.2039,28.2477],[110.2326,28.2377],[110.2386,28.2208],[110.2384,28.2106],[110.2312,28.2003],[110.2184,28.2006],[110.1943,28.2064],[110.1973,28.1942],[110.1944,28.1794],[110.1699,28.1688],[110.164,28.16],[110.1763,28.1512],[110.1786,28.1408],[110.1656,28.1341],[110.1472,28.1327],[110.1483,28.1221],[110.163,28.1119],[110.1632,28.1068],[110.1489,28.0963],[110.1357,28.0949],[110.1131,28.0974],[110.1066,28.0952],[110.1098,28.0767],[110.1351,28.0609],[110.1259,28.043],[110.1171,28.0434],[110.1244,28.0268],[110.1054,28],[110.1045,27.9882],[110.0944,27.9901],[110.0914,27.9791],[110.0738,27.9739],[110.0536,27.973],[110.0422,27.9567],[110.0484,27.9419],[110.0496,27.9274],[110.0357,27.924],[110.0282,27.9143],[110.0114,27.9119],[109.995,27.9239],[109.998,27.937],[109.9827,27.9501],[109.9706,27.9421],[109.9336,27.9667],[109.9076,27.9556],[109.9056,27.9445],[109.8896,27.945],[109.8755,27.9504],[109.8769,27.9562],[109.8603,27.9616],[109.8583,27.9719],[109.8467,27.9716],[109.8328,27.9798],[109.8299,27.9904],[109.8168,27.9895],[109.7865,27.9758],[109.7765,27.9972],[109.7796,28.0197],[109.7753,28.0294],[109.7445,28.0249],[109.7336,28.0273],[109.7254,28.0208],[109.7247,28.0075],[109.7296,27.9898],[109.7109,27.9794],[109.7148,27.9569],[109.6924,27.9411],[109.6786,27.9406],[109.6677,27.9257],[109.6515,27.9194],[109.645,27.9078],[109.6288,27.9138],[109.6231,27.9116],[109.6167,27.8835],[109.6327,27.8802],[109.6393,27.8677],[109.637,27.8579],[109.6423,27.8383],[109.6176,27.8269],[109.6012,27.8031],[109.5704,27.8122],[109.5546,27.8022],[109.5501,27.7873],[109.5345,27.7898],[109.5303,27.8088],[109.5139,27.8104],[109.4706,27.7907],[109.4728,27.8065],[109.4563,27.8086],[109.4476,27.797],[109.4571,27.7775],[109.4442,27.7652],[109.4364,27.7514],[109.4202,27.7402],[109.4143,27.7239],[109.4258,27.7068],[109.4536,27.6962],[109.4657,27.6832],[109.4677,27.6751],[109.4606,27.6675],[109.4603,27.6525],[109.47,27.6405],[109.4608,27.6078],[109.4488,27.5913],[109.4544,27.5631],[109.4389,27.5658],[109.4304,27.5522],[109.4238,27.5499],[109.4045,27.5548],[109.3689,27.538],[109.3601,27.5233],[109.3422,27.5152],[109.3019,27.484],[109.3023,27.4377],[109.2896,27.4267],[109.2603,27.4301],[109.2428,27.4242],[109.2386,27.4372],[109.2205,27.4404],[109.2058,27.4613],[109.1908,27.4441],[109.1892,27.4382],[109.1669,27.426],[109.1506,27.4235],[109.1555,27.4387],[109.1491,27.4524],[109.1405,27.4519],[109.1203,27.4338],[109.1097,27.4279],[109.1051,27.4181],[109.1216,27.4192],[109.1305,27.4335],[109.1383,27.4205],[109.124,27.4084],[109.1115,27.4036],[109.1202,27.3918],[109.1104,27.3765],[109.1141,27.3648],[109.1083,27.355],[109.0963,27.3513],[109.0996,27.3397],[109.0834,27.3341],[109.0693,27.3352],[109.0675,27.3267],[109.0531,27.332],[109.0423,27.3297],[109.0492,27.3096],[109.0494,27.2969],[109.0422,27.2929],[109.0361,27.2792],[109.0215,27.2855],[109.0054,27.2728],[108.9867,27.2736],[108.9786,27.2686],[108.9787,27.2569],[108.9635,27.2479],[108.9618,27.2394],[108.9466,27.239],[108.9449,27.2321],[108.9097,27.2174],[108.9051,27.2071],[108.9256,27.1833],[108.9211,27.1787],[108.922,27.1622],[108.9093,27.161],[108.9013,27.1369],[108.8837,27.1258],[108.8831,27.1152],[108.8742,27.1093],[108.8686,27.1177],[108.8563,27.1187],[108.8499,27.1066],[108.8336,27.0959],[108.821,27.0922],[108.8125,27.1002],[108.8018,27.0979],[108.7861,27.0874],[108.8007,27.0807],[108.827,27.0607],[108.8404,27.0618],[108.845,27.0417],[108.8504,27.0348],[108.8619,27.0331],[108.8731,27.0193],[108.8735,27.0092],[108.8845,27.0075],[108.8967,27.02],[108.9097,27.0199],[108.917,27.0125],[108.933,27.0147],[108.948,27.0222],[108.9455,27.0337],[108.9358,27.0477],[108.9603,27.0578],[108.9656,27.0639],[108.9882,27.0789],[109.0033,27.0828],[109.0115,27.0892],[109.0221,27.1062],[109.0304,27.1004],[109.0495,27.1014],[109.0606,27.1064],[109.0759,27.1192],[109.0918,27.1191],[109.1079,27.1269],[109.1264,27.1261],[109.1277,27.1133],[109.1133,27.1065],[109.1068,27.0988],[109.0966,27.0723],[109.1261,27.0675],[109.1369,27.0771],[109.1606,27.0685],[109.1704,27.0902],[109.181,27.085],[109.1914,27.0946],[109.2177,27.125],[109.2338,27.1523],[109.2436,27.1568],[109.2525,27.153],[109.2631,27.1323],[109.276,27.1305],[109.2948,27.138],[109.3316,27.1416],[109.3291,27.1521],[109.3542,27.1559],[109.3648,27.1508],[109.3722,27.1562],[109.3796,27.1469],[109.3888,27.1471],[109.3959,27.1555],[109.4084,27.1575],[109.4228,27.1309],[109.4345,27.1274],[109.4607,27.1387],[109.4677,27.1202],[109.4546,27.1123],[109.4625,27.0978],[109.4584,27.0842],[109.4784,27.0836],[109.4755,27.074],[109.452,27.0738],[109.4831,27.0572],[109.4823,27.0703],[109.4864,27.0821],[109.4948,27.083],[109.5154,27.0627],[109.5131,27.0479],[109.521,27.032],[109.5371,27.0146],[109.5364,26.9976],[109.5236,26.9955],[109.5258,26.9801],[109.5424,26.9759],[109.5569,26.9554],[109.5521,26.9456],[109.5378,26.9458],[109.5304,26.9369],[109.5354,26.9293],[109.5169,26.9283],[109.5053,26.9339],[109.4807,26.9169],[109.4682,26.916],[109.45,26.9042],[109.4479,26.8963],[109.4347,26.8908],[109.4328,26.8817],[109.4399,26.8757],[109.4325,26.8665],[109.4427,26.863],[109.4542,26.8683],[109.4523,26.8769],[109.4684,26.8894],[109.4705,26.8988],[109.4824,26.9019],[109.4839,26.893],[109.5147,26.8794],[109.506,26.8736],[109.5131,26.8559],[109.5067,26.8428],[109.494,26.8317],[109.4981,26.8245],[109.4944,26.8125],[109.51,26.8045],[109.5104,26.793],[109.5182,26.7909],[109.5124,26.7617],[109.5177,26.753],[109.5005,26.7531],[109.502,26.7663],[109.4745,26.7641],[109.4632,26.7718],[109.4543,26.764],[109.437,26.7635],[109.4357,26.751],[109.4228,26.7506],[109.407,26.7451],[109.4141,26.7304],[109.4077,26.7239],[109.3921,26.7329],[109.3882,26.7215],[109.3622,26.7031],[109.35,26.7079],[109.3377,26.704],[109.3033,26.7147],[109.2988,26.705],[109.2874,26.7067],[109.284,26.6965],[109.2953,26.6828],[109.2996,26.6656],[109.3208,26.6595],[109.3306,26.652],[109.3567,26.662],[109.3558,26.65],[109.3649,26.6351],[109.3737,26.6336],[109.3712,26.6212],[109.3861,26.6021],[109.3817,26.5746],[109.3901,26.5693],[109.4025,26.5374],[109.3827,26.5312],[109.3712,26.5223],[109.3866,26.5023],[109.3598,26.4828],[109.3618,26.4726],[109.3792,26.469],[109.3717,26.4597],[109.3633,26.4588],[109.3222,26.4313],[109.2903,26.352],[109.2679,26.3371],[109.2843,26.2949],[109.3338,26.2709],[109.3374,26.2563],[109.3647,26.2804],[109.4245,26.2945],[109.446,26.2891],[109.4438,26.3115],[109.4588,26.315],[109.4761,26.2944],[109.4526,26.2793],[109.4517,26.2703],[109.4349,26.2503],[109.4467,26.2367],[109.4477,26.2128],[109.461,26.2134],[109.4641,26.2],[109.4568,26.1983],[109.4665,26.1749],[109.4666,26.1575],[109.4758,26.1495],[109.4878,26.1475],[109.5095,26.1331],[109.4988,26.1011],[109.4709,26.1043],[109.4595,26.0954],[109.4436,26.1046],[109.4497,26.056],[109.4748,26.0528],[109.4724,26.0384],[109.4912,26.0269],[109.5034,26.0132],[109.507,26.002],[109.5204,25.9988],[109.535,26.0028],[109.5407,26.0177],[109.5538,26.0247],[109.5832,26.0229],[109.5994,26.03],[109.6076,26.0406],[109.6304,26.051],[109.6411,26.0457],[109.6436,26.0212],[109.6591,26.0162],[109.6703,26.0185],[109.6849,26.0122],[109.6941,26.0026],[109.7034,26.0172],[109.7188,26.0066],[109.7248,25.9942],[109.7187,25.9787],[109.7063,25.9648],[109.6954,25.9592],[109.6778,25.9374],[109.6747,25.9255],[109.69,25.9106],[109.6755,25.8986],[109.6955,25.8854],[109.7062,25.8902],[109.7153,25.8872],[109.7417,25.8927],[109.7633,25.8946],[109.7591,25.8804],[109.7795,25.8676],[109.7904,25.8679],[109.8103,25.88],[109.8137,25.9025],[109.8257,25.9098],[109.8273,25.9172],[109.8192,25.9357],[109.8097,25.9459],[109.8056,25.9593],[109.8068,25.9728],[109.7834,25.986],[109.7813,25.9975],[109.8006,26.0382],[109.8096,26.0472],[109.8357,26.0324],[109.8633,26.031],[109.8727,26.045],[109.8855,26.0561],[109.8889,26.0879],[109.8992,26.096],[109.8986,26.1131],[109.9076,26.1323],[109.9057,26.1466],[109.9309,26.1639],[109.9603,26.1992],[109.9699,26.2218],[109.9849,26.2394],[110.0049,26.2532],[109.9998,26.2685],[109.9812,26.2687],[109.9842,26.2897],[110.0021,26.3074],[110.0058,26.3384],[110.0105,26.3509],[110.0043,26.368],[110.0091,26.391],[110.0074,26.4073],[109.9959,26.4072],[109.9879,26.3935],[109.9716,26.3915],[109.9723,26.4108],[109.9812,26.4334],[109.9597,26.4315],[109.9435,26.4405],[109.948,26.4505],[109.9271,26.4624],[109.9256,26.4796],[109.912,26.4783],[109.8959,26.4654],[109.8844,26.463],[109.8638,26.4715],[109.8518,26.4688],[109.8579,26.4904],[109.8733,26.5021],[109.8664,26.5362],[109.8545,26.5441],[109.8526,26.551],[109.8596,26.5626],[109.8592,26.577],[109.8537,26.5836],[109.8223,26.6094],[109.8262,26.6251],[109.8472,26.6253],[109.8537,26.647],[109.881,26.6575],[109.892,26.6581],[109.8967,26.6717],[109.9096,26.6799],[109.9296,26.6774],[109.9455,26.6925],[109.9591,26.6954],[109.983,26.6883],[109.9896,26.6837],[109.9989,26.6674],[110.015,26.6655],[110.0384,26.7006],[110.0613,26.6981],[110.0685,26.7126],[110.0467,26.7274],[110.0393,26.7293],[110.0346,26.741],[110.045,26.7463],[110.0634,26.7872],[110.0512,26.8116],[110.0514,26.8259],[110.0392,26.8337],[110.0439,26.8641],[110.0511,26.8795],[110.0588,26.8854],[110.0734,26.8853],[110.0884,26.8944],[110.0926,26.9096],[110.0673,26.9353],[110.0711,26.945],[110.1007,26.957],[110.1114,26.9812],[110.1196,26.9864],[110.1332,26.9854],[110.1418,26.9894],[110.1487,26.9999],[110.1452,27.0215],[110.1504,27.0419],[110.1747,27.0586],[110.1935,27.0628],[110.2035,27.0847],[110.1993,27.0959],[110.1883,27.1073],[110.1982,27.1257],[110.2179,27.1337],[110.2476,27.1528],[110.3012,27.1704],[110.3096,27.1615],[110.3238,27.1616],[110.3386,27.156],[110.352,27.1842],[110.3474,27.2021],[110.3702,27.2261],[110.4078,27.206],[110.4309,27.2064],[110.4475,27.2092],[110.4527,27.2239],[110.4472,27.2312],[110.4544,27.2525],[110.4851,27.2699],[110.4955,27.2714],[110.5192,27.2858],[110.5289,27.2965],[110.5311,27.3058],[110.5492,27.3163],[110.554,27.3028],[110.566,27.2966],[110.5743,27.2821],[110.5941,27.285],[110.6045,27.2931],[110.6016,27.3084],[110.6039,27.3255],[110.617,27.3336],[110.618,27.3419],[110.6338,27.3492],[110.6486,27.3647],[110.642,27.3772],[110.6476,27.3836],[110.6558,27.4241],[110.6667,27.438],[110.6808,27.4472],[110.6859,27.4592],[110.6781,27.4718],[110.6729,27.5004],[110.6409,27.533],[110.6254,27.5396],[110.6258,27.5504],[110.6345,27.5585],[110.6548,27.5655],[110.6612,27.5789],[110.6588,27.5882],[110.6667,27.6035],[110.6979,27.608],[110.7187,27.6162],[110.728,27.6149],[110.7483,27.6001],[110.7699,27.5811],[110.7774,27.5694],[110.7878,27.5637],[110.8044,27.5645],[110.8192,27.5737],[110.8192,27.5816],[110.8482,27.599],[110.8399,27.6244],[110.8575,27.6264],[110.8595,27.6348],[110.8479,27.6425],[110.8481,27.6508],[110.8645,27.6599]]]},"properties":{"region_code":"CN-43-4312","parent_region_code":"CN-43","name":"怀化市","level":"prefecture","has_children":true,"full_path":"中国 / 湖南省 / 怀化市","source_admin_code":"4312","osm_relation_id":2773826}},
{"type":"Feature","geometry":{"type":"Polygon","coordinates":[[[111.8956,28.0252],[111.8844,28.0308],[111.8758,28.029],[111.8542,28.0348],[111.8329,28.0281],[111.822,28.0287],[111.814,28.02],[111.7898,28.0073],[111.7924,27.9967],[111.7831,27.993],[111.7736,28.0114],[111.7632,28.0126],[111.7424,28.0074],[111.7286,27.9879],[111.7163,27.9851],[111.7063,27.9955],[111.6859,27.9893],[111.677,28.0032],[111.6865,28.0103],[111.6742,28.0199],[111.6786,28.0394],[111.667,28.0405],[111.6588,28.0297],[111.6417,28.0304],[111.6331,28.021],[111.6141,28.0187],[111.5964,28.036],[111.5879,28.033],[111.5824,28.0232],[111.5937,28.0152],[111.5876,28.007],[111.5712,27.9956],[111.5648,27.9951],[111.5462,27.9795],[111.5378,27.9806],[111.5243,27.9913],[111.5366,27.9985],[111.5425,27.9939],[111.5536,28.0066],[111.5512,28.0159],[111.5674,28.0315],[111.5367,28.027],[111.5357,28.0375],[111.5425,28.0442],[111.5303,28.0604],[111.5179,28.0529],[111.5136,28.064],[111.4997,28.0584],[111.5183,28.0425],[111.5091,28.0377],[111.4966,28.0487],[111.4822,28.0474],[111.49,28.0615],[111.4832,28.0758],[111.5052,28.0935],[111.4948,28.0989],[111.4906,28.1122],[111.4793,28.1155],[111.4755,28.1241],[111.4755,28.1423],[111.4863,28.151],[111.4798,28.1634],[111.4845,28.1819],[111.4918,28.1936],[111.4808,28.2042],[111.4632,28.199],[111.4527,28.1994],[111.4435,28.2076],[111.4289,28.211],[111.4126,28.1975],[111.4041,28.1998],[111.3934,28.185],[111.3827,28.1947],[111.3712,28.195],[111.355,28.202],[111.3294,28.1949],[111.3341,28.2075],[111.3259,28.2268],[111.309,28.2377],[111.2901,28.2278],[111.2827,28.2192],[111.2802,28.2027],[111.2549,28.1721],[111.2293,28.1572],[111.1998,28.1617],[111.1944,28.1661],[111.1694,28.1383],[111.1404,28.1161],[111.1348,28.0907],[111.1232,28.0787],[111.1039,28.0644],[111.1133,28.0506],[111.1,28.0425],[111.0887,28.0168],[111.0923,28.0052],[111.0748,27.9986],[111.065,28.0031],[111.033,28.029],[111.0061,28.0311],[110.9792,28.0327],[110.9661,28.0283],[110.962,28.0033],[110.9831,27.9945],[110.9933,27.9959],[110.9796,27.9734],[110.962,27.9564],[110.9647,27.9285],[110.9747,27.9265],[110.9701,27.9153],[110.9394,27.8996],[110.9379,27.8931],[110.9243,27.8827],[110.9184,27.8662],[110.9076,27.8686],[110.9043,27.8608],[110.8896,27.853],[110.8663,27.8508],[110.8436,27.8536],[110.8296,27.8511],[110.8081,27.8624],[110.7913,27.86],[110.782,27.8509],[110.7835,27.836],[110.7688,27.8178],[110.7696,27.8032],[110.7651,27.796],[110.7787,27.7914],[110.7813,27.7814],[110.7911,27.7686],[110.7912,27.7605],[110.8073,27.76],[110.8165,27.7544],[110.8195,27.7365],[110.8279,27.7268],[110.8328,27.7088],[110.8338,27.6836],[110.8615,27.6767],[110.8645,27.6599],[110.8768,27.6514],[110.8932,27.6538],[110.9056,27.6602],[110.9457,27.6531],[110.9536,27.66],[110.9695,27.6572],[110.9765,27.6636],[110.9966,27.6583],[111.0005,27.6516],[110.9953,27.629],[111.0068,27.6268],[111.0199,27.6375],[111.0324,27.6321],[111.0457,27.6386],[111.0582,27.6355],[111.0639,27.6201],[111.0719,27.6164],[111.0753,27.6036],[111.0711,27.5964],[111.0775,27.5875],[111.096,27.5932],[111.1106,27.5859],[111.1392,27.5805],[111.1433,27.5849],[111.1618,27.5712],[111.1662,27.5625],[111.1757,27.5619],[111.1928,27.5509],[111.198,27.5552],[111.2158,27.5542],[111.2179,27.5384],[111.2394,27.5274],[111.2457,27.5412],[111.2652,27.5471],[111.2721,27.5594],[111.2931,27.5696],[111.3071,27.5624],[111.327,27.5451],[111.3427,27.5389],[111.3496,27.5283],[111.3618,27.527],[111.3703,27.5351],[111.3677,27.5451],[111.3811,27.5461],[111.3977,27.559],[111.4033,27.5722],[111.4176,27.5725],[111.4276,27.592],[111.4489,27.5989],[111.4528,27.5848],[111.4729,27.578],[111.4803,27.598],[111.4965,27.5951],[111.5198,27.6076],[111.5351,27.612],[111.5462,27.6288],[111.5562,27.6355],[111.563,27.6219],[111.5798,27.6022],[111.5882,27.5873],[111.6031,27.5793],[111.6073,27.5679],[111.6233,27.5844],[111.6357,27.5784],[111.6297,27.566],[111.639,27.5502],[111.6341,27.5424],[111.6377,27.523],[111.6476,27.5172],[111.6651,27.5419],[111.6797,27.5306],[111.6863,27.5369],[111.7007,27.5243],[111.7204,27.5207],[111.7339,27.5118],[111.7373,27.5032],[111.7495,27.4966],[111.7862,27.4975],[111.7911,27.4883],[111.7858,27.4816],[111.7877,27.4704],[111.8088,27.4837],[111.8059,27.4681],[111.8133,27.4662],[111.8157,27.4535],[111.8309,27.4535],[111.8377,27.463],[111.8577,27.4633],[111.8588,27.457],[111.8856,27.4376],[111.8953,27.4173],[111.9073,27.4119],[111.898,27.3994],[111.9077,27.3962],[111.9198,27.3839],[111.9232,27.3737],[111.9491,27.3704],[111.961,27.365],[111.9723,27.3478],[111.9854,27.3436],[111.9805,27.3306],[111.9902,27.3236],[112.0096,27.3186],[112.0167,27.3033],[112.0346,27.2929],[112.0469,27.2964],[112.0578,27.2896],[112.0614,27.2617],[112.0586,27.234],[112.0705,27.212],[112.0867,27.2089],[112.0951,27.2105],[112.1077,27.2264],[112.1246,27.2242],[112.1297,27.239],[112.1466,27.2416],[112.1549,27.2504],[112.1432,27.2597],[112.1445,27.2694],[112.1577,27.2815],[112.1482,27.3042],[112.1485,27.3139],[112.1588,27.3278],[112.1855,27.3155],[112.1907,27.2996],[112.2004,27.2993],[112.201,27.2865],[112.2082,27.2733],[112.2204,27.2639],[112.232,27.2767],[112.2323,27.2908],[112.2498,27.2999],[112.2494,27.3138],[112.2607,27.3085],[112.2816,27.3316],[112.276,27.3421],[112.2877,27.3564],[112.3062,27.3708],[112.3165,27.367],[112.3265,27.3737],[112.3529,27.3659],[112.3632,27.3596],[112.3908,27.362],[112.4033,27.3654],[112.4169,27.3582],[112.4259,27.3579],[112.4308,27.3493],[112.451,27.3517],[112.4621,27.3731],[112.4847,27.3661],[112.4838,27.3748],[112.496,27.3817],[112.4922,27.3963],[112.5076,27.4065],[112.5018,27.417],[112.518,27.4296],[112.4966,27.452],[112.4787,27.4586],[112.4664,27.4584],[112.4562,27.4801],[112.4593,27.4897],[112.4495,27.4981],[112.4399,27.4949],[112.4299,27.5011],[112.4275,27.5249],[112.4137,27.5315],[112.4034,27.5274],[112.3881,27.5059],[112.3877,27.4956],[112.3785,27.4944],[112.3607,27.4838],[112.3546,27.4851],[112.3407,27.4999],[112.3336,27.4967],[112.3178,27.4996],[112.3059,27.4939],[112.298,27.5098],[112.2995,27.5306],[112.3093,27.541],[112.3107,27.5513],[112.3324,27.5737],[112.3338,27.5839],[112.3295,27.6014],[112.3139,27.6197],[112.2891,27.625],[112.2878,27.6312],[112.2739,27.642],[112.2904,27.6548],[112.3003,27.6466],[112.312,27.6487],[112.3125,27.6603],[112.3234,27.6741],[112.3073,27.6891],[112.2954,27.7073],[112.2692,27.7036],[112.262,27.708],[112.2381,27.7083],[112.2338,27.6912],[112.2149,27.6735],[112.2021,27.6742],[112.1996,27.6597],[112.1822,27.6534],[112.1728,27.6541],[112.16,27.6637],[112.1545,27.6536],[112.1446,27.6566],[112.1421,27.6665],[112.1313,27.6693],[112.1284,27.6573],[112.115,27.6471],[112.0998,27.6578],[112.0859,27.6461],[112.0724,27.6488],[112.0609,27.661],[112.0657,27.6721],[112.0421,27.6828],[112.0474,27.7179],[112.0754,27.7242],[112.0798,27.7375],[112.0936,27.7354],[112.1043,27.7282],[112.1066,27.7436],[112.1282,27.7503],[112.1018,27.7679],[112.0935,27.7829],[112.1023,27.7955],[112.0963,27.8116],[112.0862,27.8141],[112.0715,27.8088],[112.0588,27.8116],[112.0487,27.8081],[112.0458,27.8201],[112.0372,27.8276],[112.033,27.8424],[112.0124,27.8364],[112.0142,27.8572],[112.0068,27.8624],[112.0094,27.875],[112.001,27.8878],[111.9955,27.9109],[111.9923,27.9237],[111.9832,27.9366],[111.9857,27.9437],[111.9751,27.9593],[111.9579,27.9697],[111.9535,27.9836],[111.9409,27.9935],[111.9098,27.9781],[111.8919,27.9866],[111.9034,28.0047],[111.8931,28.009],[111.8956,28.0252]]]},"properties":{"region_code":"CN-43-4313","parent_region_code":"CN-43","name":"娄底市","level":"prefecture","has_children":true,"full_path":"中国 / 湖南省 / 娄底市","source_admin_code":"4313","osm_relation_id":3070610}},
{"type":"Feature","geometry":{"type":"Polygon","coordinates":[[[109.7026,29.611],[109.6739,29.6113],[109.6569,29.6021],[109.6462,29.6132],[109.6473,29.6276],[109.6362,29.6256],[109.6069,29.637],[109.5726,29.6324],[109.5716,29.6229],[109.5539,29.6086],[109.5445,29.6159],[109.5264,29.6176],[109.5281,29.6242],[109.5118,29.6286],[109.5152,29.6147],[109.5117,29.6033],[109.4985,29.6087],[109.4998,29.5898],[109.4846,29.5558],[109.4742,29.5555],[109.4657,29.5623],[109.457,29.5552],[109.4539,29.5359],[109.4611,29.5182],[109.4433,29.5235],[109.4428,29.5302],[109.4282,29.5332],[109.4285,29.4921],[109.4187,29.4989],[109.4053,29.4928],[109.4068,29.4804],[109.4006,29.4701],[109.4127,29.4568],[109.398,29.4483],[109.3951,29.4408],[109.3679,29.4268],[109.3644,29.4153],[109.3811,29.3966],[109.387,29.3729],[109.362,29.384],[109.3476,29.3821],[109.3395,29.3762],[109.3348,29.3382],[109.34,29.3177],[109.3467,29.3071],[109.3457,29.2871],[109.3207,29.2609],[109.2814,29.2452],[109.2576,29.2306],[109.2534,29.2202],[109.2687,29.2033],[109.265,29.1835],[109.2687,29.1732],[109.2574,29.1666],[109.2554,29.1529],[109.2599,29.1431],[109.2713,29.1359],[109.2666,29.1241],[109.2506,29.1246],[109.2405,29.117],[109.2254,29.1157],[109.2279,29.0963],[109.2393,29.088],[109.2516,29.091],[109.2889,29.0719],[109.3077,29.0682],[109.3157,29.0473],[109.299,29.0243],[109.2914,29.0195],[109.2837,28.9767],[109.268,28.9734],[109.2586,28.9632],[109.2496,28.9306],[109.2503,28.9113],[109.2311,28.8856],[109.2377,28.8594],[109.2367,28.8389],[109.2416,28.8254],[109.2385,28.8133],[109.2427,28.8048],[109.2366,28.7974],[109.2377,28.7801],[109.2537,28.7791],[109.2552,28.7703],[109.2726,28.7594],[109.2739,28.7547],[109.2949,28.7496],[109.2953,28.7408],[109.2853,28.7336],[109.2905,28.7259],[109.2674,28.7033],[109.2482,28.695],[109.2665,28.6743],[109.2351,28.6591],[109.1917,28.6414],[109.1764,28.6247],[109.184,28.612],[109.2015,28.6058],[109.2228,28.622],[109.2295,28.6242],[109.2458,28.6109],[109.2534,28.6097],[109.2724,28.6212],[109.2827,28.6328],[109.3021,28.6237],[109.3048,28.6112],[109.2995,28.6051],[109.315,28.5838],[109.3008,28.5823],[109.2897,28.5683],[109.2841,28.5487],[109.2694,28.5417],[109.2671,28.5164],[109.269,28.4928],[109.2618,28.4855],[109.2562,28.4678],[109.2574,28.4581],[109.2522,28.4403],[109.2629,28.3895],[109.2709,28.3809],[109.2842,28.3762],[109.2799,28.3609],[109.2639,28.3412],[109.2704,28.3159],[109.2842,28.3064],[109.2953,28.2929],[109.2903,28.2829],[109.3018,28.2767],[109.3253,28.2894],[109.3299,28.2967],[109.3576,28.2877],[109.3673,28.2804],[109.3928,28.2712],[109.3736,28.2647],[109.3647,28.2579],[109.3651,28.2486],[109.3542,28.2359],[109.3566,28.2254],[109.3412,28.2108],[109.3363,28.2013],[109.3356,28.1862],[109.3428,28.1678],[109.3309,28.1591],[109.3365,28.1464],[109.325,28.1313],[109.3236,28.1186],[109.3087,28.1047],[109.3096,28.089],[109.3005,28.0816],[109.2942,28.0518],[109.2925,28.0337],[109.3043,28.0418],[109.3186,28.0438],[109.332,28.0669],[109.3552,28.0563],[109.3735,28.0387],[109.3573,28.0097],[109.3401,28.0105],[109.3138,27.9905],[109.3184,27.9849],[109.3095,27.9698],[109.2959,27.9597],[109.3017,27.9445],[109.3089,27.9361],[109.3107,27.9238],[109.3043,27.9128],[109.3143,27.9001],[109.3139,27.88],[109.3231,27.8763],[109.3228,27.8606],[109.341,27.8407],[109.3332,27.83],[109.3387,27.8154],[109.3274,27.7949],[109.3322,27.7794],[109.3431,27.7782],[109.3586,27.7637],[109.3581,27.7477],[109.3725,27.742],[109.3699,27.7295],[109.3977,27.7225],[109.4031,27.7287],[109.4143,27.7239],[109.4202,27.7402],[109.4364,27.7514],[109.4442,27.7652],[109.4571,27.7775],[109.4476,27.797],[109.4563,27.8086],[109.4728,27.8065],[109.4706,27.7907],[109.5139,27.8104],[109.5303,27.8088],[109.5345,27.7898],[109.5501,27.7873],[109.5546,27.8022],[109.5704,27.8122],[109.6012,27.8031],[109.6176,27.8269],[109.6423,27.8383],[109.637,27.8579],[109.6393,27.8677],[109.6327,27.8802],[109.6167,27.8835],[109.6231,27.9116],[109.6288,27.9138],[109.645,27.9078],[109.6515,27.9194],[109.6677,27.9257],[109.6786,27.9406],[109.6924,27.9411],[109.7148,27.9569],[109.7109,27.9794],[109.7296,27.9898],[109.7247,28.0075],[109.7254,28.0208],[109.7336,28.0273],[109.7445,28.0249],[109.7753,28.0294],[109.7796,28.0197],[109.7765,27.9972],[109.7865,27.9758],[109.8168,27.9895],[109.8299,27.9904],[109.8328,27.9798],[109.8467,27.9716],[109.8583,27.9719],[109.8603,27.9616],[109.8769,27.9562],[109.8755,27.9504],[109.8896,27.945],[109.9056,27.9445],[109.9076,27.9556],[109.9336,27.9667],[109.9706,27.9421],[109.9827,27.9501],[109.998,27.937],[109.995,27.9239],[110.0114,27.9119],[110.0282,27.9143],[110.0357,27.924],[110.0496,27.9274],[110.0484,27.9419],[110.0422,27.9567],[110.0536,27.973],[110.0738,27.9739],[110.0914,27.9791],[110.0944,27.9901],[110.1045,27.9882],[110.1054,28],[110.1244,28.0268],[110.1171,28.0434],[110.1259,28.043],[110.1351,28.0609],[110.1098,28.0767],[110.1066,28.0952],[110.1131,28.0974],[110.1357,28.0949],[110.1489,28.0963],[110.1632,28.1068],[110.163,28.1119],[110.1483,28.1221],[110.1472,28.1327],[110.1656,28.1341],[110.1786,28.1408],[110.1763,28.1512],[110.164,28.16],[110.1699,28.1688],[110.1944,28.1794],[110.1973,28.1942],[110.1943,28.2064],[110.2184,28.2006],[110.2312,28.2003],[110.2384,28.2106],[110.2386,28.2208],[110.2326,28.2377],[110.2039,28.2477],[110.2012,28.2543],[110.1837,28.2606],[110.1705,28.2863],[110.181,28.2909],[110.1734,28.3048],[110.1734,28.3184],[110.1829,28.333],[110.2072,28.3482],[110.2024,28.3609],[110.185,28.3647],[110.1776,28.3773],[110.1538,28.3896],[110.1346,28.3893],[110.1116,28.4096],[110.1067,28.4184],[110.1029,28.4587],[110.1235,28.4614],[110.1302,28.4503],[110.1385,28.4532],[110.1558,28.4703],[110.15,28.4908],[110.1503,28.5249],[110.1624,28.5384],[110.1601,28.5735],[110.1691,28.5856],[110.2034,28.5753],[110.2192,28.5655],[110.2304,28.5666],[110.2303,28.5861],[110.2196,28.6066],[110.222,28.6146],[110.2143,28.6241],[110.2133,28.6362],[110.2226,28.6499],[110.2325,28.6457],[110.2654,28.6767],[110.273,28.6904],[110.2742,28.7184],[110.2827,28.7419],[110.2811,28.7591],[110.285,28.7669],[110.3053,28.7557],[110.321,28.7591],[110.3355,28.7729],[110.3377,28.7851],[110.3356,28.8048],[110.3415,28.8201],[110.3547,28.8391],[110.3621,28.8443],[110.3801,28.8675],[110.383,28.885],[110.3758,28.8916],[110.3582,28.8909],[110.3564,28.8991],[110.3632,28.9104],[110.3562,28.9302],[110.3272,28.9454],[110.3111,28.9401],[110.3032,28.9467],[110.3018,28.9606],[110.3138,28.9681],[110.3145,28.975],[110.3287,28.9808],[110.3252,28.9899],[110.334,28.9991],[110.3437,29.0223],[110.3381,29.0281],[110.3392,29.0392],[110.315,29.0436],[110.3014,29.0412],[110.2952,29.0664],[110.3008,29.0725],[110.297,29.0902],[110.2821,29.0875],[110.266,29.0731],[110.2559,29.0691],[110.2436,29.0834],[110.2452,29.0951],[110.2593,29.1144],[110.2542,29.125],[110.2389,29.1255],[110.2334,29.1176],[110.2204,29.1177],[110.214,29.1402],[110.2007,29.1549],[110.1995,29.1635],[110.1857,29.1664],[110.1782,29.1542],[110.1573,29.1724],[110.1446,29.1545],[110.1338,29.1542],[110.1237,29.1381],[110.1142,29.1446],[110.1021,29.1412],[110.0893,29.1428],[110.0807,29.1656],[110.0846,29.1762],[110.0774,29.1885],[110.066,29.2266],[110.0775,29.2393],[110.0726,29.2544],[110.0881,29.2477],[110.1007,29.2611],[110.1108,29.2896],[110.1042,29.2969],[110.0664,29.3239],[110.0443,29.314],[110.0142,29.2903],[109.9632,29.3041],[109.9533,29.3156],[109.9337,29.3271],[109.9556,29.3401],[109.9561,29.347],[109.9406,29.3695],[109.9472,29.3803],[109.9428,29.392],[109.9393,29.4209],[109.9274,29.4386],[109.9172,29.4446],[109.9025,29.4399],[109.8845,29.4218],[109.8568,29.3976],[109.8259,29.3764],[109.8124,29.3953],[109.7946,29.408],[109.791,29.4151],[109.8037,29.4311],[109.7941,29.4564],[109.78,29.4667],[109.7709,29.4959],[109.7492,29.5138],[109.7367,29.5308],[109.7372,29.545],[109.7755,29.575],[109.7641,29.5918],[109.7566,29.612],[109.7411,29.6123],[109.7302,29.6045],[109.7163,29.6027],[109.7026,29.611]]]},"properties":{"region_code":"CN-43-4331","parent_region_code":"CN-43","name":"湘西土家族苗族自治州","level":"prefecture","has_children":true,"full_path":"中国 / 湖南省 / 湘西土家族苗族自治州","source_admin_code":"4331","osm_relation_id":2972168}}
]}