{"type":"FeatureCollection", "features": [
{"type":"Feature","geometry":{"type":"Polygon","coordinates":[[[103.3925,30.0971],[103.4162,30.1123],[103.4396,30.1125],[103.4545,30.0916],[103.469,30.1037],[103.4718,30.1215],[103.4882,30.1137],[103.5153,30.1434],[103.5434,30.1602],[103.5361,30.1754],[103.5422,30.1845],[103.5612,30.1898],[103.5933,30.2067],[103.6172,30.1982],[103.6208,30.2125],[103.6493,30.2047],[103.6418,30.2261],[103.6555,30.2397],[103.6747,30.2402],[103.6873,30.2712],[103.7068,30.273],[103.7151,30.2853],[103.7357,30.2949],[103.7248,30.3077],[103.7646,30.3273],[103.7691,30.3376],[103.7966,30.3493],[103.8091,30.3465],[103.8755,30.3487],[103.8833,30.3317],[103.9175,30.3458],[103.9123,30.3564],[103.9315,30.3606],[103.9413,30.3353],[103.9609,30.3245],[103.9761,30.3098],[103.9724,30.2879],[104.0042,30.2655],[104.029,30.2672],[104.0472,30.2741],[104.0789,30.2571],[104.096,30.2412],[104.1237,30.2287],[104.15,30.247],[104.1518,30.2707],[104.1655,30.2857],[104.1753,30.3192],[104.1906,30.3325],[104.1992,30.3192],[104.2107,30.3231],[104.2299,30.3164],[104.2293,30.2946],[104.2233,30.2786],[104.241,30.2701],[104.2286,30.2588],[104.2416,30.2467],[104.2622,30.2443],[104.2899,30.2137],[104.313,30.2034],[104.3247,30.2069],[104.362,30.1885],[104.3556,30.1762],[104.3794,30.1681],[104.3962,30.1272],[104.4071,30.1281],[104.4258,30.0923],[104.4356,30.1041],[104.4476,30.1037],[104.4424,30.1174],[104.4552,30.1232],[104.4468,30.1354],[104.455,30.1496],[104.473,30.1636],[104.4823,30.1854],[104.4976,30.1919],[104.5077,30.1849],[104.5391,30.1871],[104.5669,30.1999],[104.5699,30.208],[104.5978,30.2233],[104.5995,30.2384],[104.614,30.243],[104.6507,30.243],[104.6503,30.2541],[104.6358,30.271],[104.6497,30.2882],[104.6657,30.2787],[104.6894,30.2781],[104.7013,30.3044],[104.7237,30.3086],[104.7251,30.297],[104.7466,30.2957],[104.7563,30.3049],[104.7835,30.2987],[104.7883,30.2878],[104.8461,30.3096],[104.8477,30.3417],[104.8574,30.3657],[104.8801,30.3665],[104.8932,30.3852],[104.8783,30.3969],[104.8723,30.4386],[104.8735,30.5164],[104.888,30.5354],[104.8902,30.554],[104.8789,30.5536],[104.8622,30.5681],[104.8545,30.5839],[104.83,30.5857],[104.8168,30.6011],[104.8304,30.6129],[104.8454,30.6344],[104.8454,30.6446],[104.819,30.6539],[104.8105,30.6814],[104.8012,30.6925],[104.7864,30.6944],[104.7872,30.7233],[104.764,30.7213],[104.7402,30.7411],[104.7318,30.7766],[104.7151,30.773],[104.7087,30.7974],[104.6967,30.8104],[104.7025,30.8243],[104.6761,30.834],[104.6343,30.843],[104.6305,30.8546],[104.6043,30.8523],[104.5953,30.8684],[104.5747,30.8667],[104.5369,30.883],[104.5175,30.8849],[104.5271,30.8987],[104.5307,30.9233],[104.5131,30.9376],[104.4941,30.9386],[104.4811,30.9484],[104.461,30.9522],[104.4429,30.9427],[104.422,30.9461],[104.3881,30.9315],[104.3699,30.9404],[104.3546,30.9192],[104.3493,30.9037],[104.3076,30.9],[104.2595,30.9077],[104.2439,30.8991],[104.2264,30.8976],[104.2021,30.9145],[104.1686,30.908],[104.1665,30.9208],[104.1448,30.9168],[104.151,30.9441],[104.1643,30.9555],[104.1654,30.994],[104.1408,31.0136],[104.1148,31.0196],[104.1111,31.0319],[104.0902,31.0356],[104.0577,31.0664],[104.0571,31.0763],[104.0411,31.0931],[104.0246,31.1019],[104.0187,31.1454],[104.0068,31.1559],[104.0122,31.17],[104.0055,31.1809],[103.9679,31.2098],[103.9537,31.2043],[103.9473,31.2184],[103.9278,31.2325],[103.9338,31.2476],[103.9318,31.2658],[103.9132,31.2795],[103.8903,31.3041],[103.8941,31.3306],[103.9257,31.3619],[103.8944,31.4039],[103.8961,31.4179],[103.8753,31.4153],[103.8641,31.4243],[103.8538,31.4159],[103.8263,31.4156],[103.8145,31.4329],[103.7993,31.4347],[103.7797,31.4345],[103.7441,31.4176],[103.741,31.4029],[103.7229,31.3944],[103.6976,31.3925],[103.6689,31.358],[103.6413,31.3558],[103.6262,31.3467],[103.6026,31.3534],[103.5894,31.3417],[103.5717,31.3434],[103.5664,31.3327],[103.572,31.3],[103.5779,31.2932],[103.5669,31.2774],[103.5674,31.2628],[103.5795,31.2487],[103.5738,31.2184],[103.5814,31.1969],[103.5613,31.1762],[103.555,31.1521],[103.5222,31.1021],[103.5155,31.0621],[103.5074,31.0541],[103.5084,31.0391],[103.5175,31.0291],[103.5192,31.0054],[103.5126,30.9962],[103.5164,30.9767],[103.4826,30.9594],[103.4567,30.9373],[103.4504,30.9186],[103.45,30.8967],[103.4312,30.8803],[103.4095,30.8678],[103.3814,30.8658],[103.3469,30.8469],[103.3385,30.8314],[103.3045,30.8136],[103.29,30.8161],[103.286,30.8268],[103.2622,30.8325],[103.2539,30.8434],[103.2319,30.8359],[103.1943,30.8483],[103.1728,30.8504],[103.1623,30.8438],[103.1559,30.8281],[103.1362,30.8166],[103.1198,30.794],[103.0772,30.818],[103.0533,30.8038],[103.0372,30.8056],[103.0049,30.7915],[102.9917,30.7803],[103.002,30.7493],[103.0201,30.7383],[103.0332,30.7238],[103.0287,30.7067],[103.0419,30.7063],[103.0688,30.7193],[103.0761,30.7012],[103.0887,30.6942],[103.0988,30.6762],[103.1209,30.6708],[103.133,30.6594],[103.1298,30.642],[103.1338,30.6281],[103.1243,30.6162],[103.1263,30.5907],[103.1451,30.5883],[103.1472,30.5747],[103.164,30.5644],[103.1623,30.5473],[103.1537,30.5315],[103.1785,30.5268],[103.1849,30.513],[103.1668,30.4866],[103.1454,30.4777],[103.1229,30.4527],[103.1261,30.4393],[103.1134,30.4154],[103.119,30.394],[103.1138,30.38],[103.1265,30.3746],[103.1168,30.3591],[103.0841,30.3262],[103.077,30.3266],[103.06,30.3055],[103.0669,30.3002],[103.0587,30.269],[103.07,30.261],[103.072,30.2229],[103.1091,30.2179],[103.1278,30.2077],[103.1478,30.2104],[103.1776,30.2505],[103.2112,30.2354],[103.2121,30.2131],[103.2284,30.2103],[103.2394,30.2473],[103.2789,30.2668],[103.3024,30.2679],[103.3204,30.2531],[103.3201,30.241],[103.3458,30.2389],[103.3709,30.228],[103.3686,30.202],[103.3561,30.1919],[103.3615,30.1812],[103.3651,30.1397],[103.3782,30.1111],[103.3925,30.0971]]]},"properties":{"region_code":"CN-51-5101","parent_region_code":"CN-51","name":"成都市","level":"prefecture","has_children":true,"full_path":"中国 / 四川省 / 成都市","source_admin_code":"5101","osm_relation_id":2110264}},
{"type":"Feature","geometry":{"type":"Polygon","coordinates":[[[104.1745,29.1986],[104.1848,29.2197],[104.2041,29.2302],[104.2202,29.2136],[104.2317,29.2087],[104.2623,29.2224],[104.2629,29.236],[104.2477,29.2543],[104.2843,29.2623],[104.2923,29.2457],[104.3272,29.2469],[104.3353,29.2303],[104.3466,29.2395],[104.403,29.2447],[104.4153,29.2375],[104.4339,29.2459],[104.4325,29.2205],[104.4591,29.2221],[104.4626,29.2096],[104.4894,29.1838],[104.5011,29.1614],[104.5152,29.1624],[104.5444,29.1465],[104.5847,29.1732],[104.5973,29.1962],[104.6328,29.2105],[104.6451,29.2019],[104.6656,29.1994],[104.6786,29.2058],[104.6841,29.1827],[104.6936,29.1773],[104.68,29.1584],[104.694,29.1293],[104.7197,29.107],[104.7318,29.1054],[104.7331,29.0767],[104.7096,29.0664],[104.7017,29.0502],[104.7191,29.0104],[104.7113,29.0009],[104.7369,28.9928],[104.7511,29.0004],[104.7892,29.0055],[104.8099,28.9955],[104.8279,29.0058],[104.8428,29.0046],[104.8744,29.0252],[104.8793,29.0496],[104.9187,29.0556],[104.9371,29.064],[104.9351,29.0436],[104.9451,29.0205],[104.9669,29.0201],[104.9679,29.0093],[105.002,28.9938],[105.0169,28.9732],[105.0403,28.9666],[105.0456,28.9558],[105.0756,28.9422],[105.1067,28.9385],[105.1164,28.9467],[105.1426,28.9452],[105.1618,28.9494],[105.1654,28.9317],[105.1835,28.9268],[105.2,28.9379],[105.2013,28.9552],[105.2175,28.9589],[105.2333,28.9355],[105.2514,28.93],[105.2649,28.9433],[105.2394,28.9558],[105.2392,28.966],[105.265,28.9827],[105.2651,29.01],[105.235,29.0302],[105.213,29.0194],[105.1849,29.0267],[105.1847,29.0547],[105.1908,29.0676],[105.2066,29.075],[105.2472,29.1242],[105.241,29.1381],[105.267,29.162],[105.264,29.1892],[105.258,29.201],[105.2451,29.2017],[105.2364,29.217],[105.2162,29.2076],[105.1967,29.2264],[105.1972,29.2458],[105.1695,29.2541],[105.1466,29.2664],[105.1297,29.2669],[105.1261,29.2876],[105.1122,29.3107],[105.0948,29.3198],[105.07,29.3545],[105.0444,29.3717],[105.0319,29.3872],[105.0484,29.4121],[105.0726,29.4088],[105.0756,29.4245],[105.0624,29.4508],[105.0408,29.484],[105.0279,29.4753],[105.0171,29.4563],[105.0239,29.4423],[104.9991,29.4391],[104.988,29.4425],[104.9626,29.4232],[104.9489,29.4258],[104.9333,29.4488],[104.9154,29.4374],[104.9021,29.4485],[104.8812,29.4525],[104.8598,29.4708],[104.8453,29.4711],[104.8327,29.4342],[104.818,29.449],[104.7969,29.4627],[104.7805,29.4603],[104.767,29.4513],[104.7537,29.461],[104.7351,29.4394],[104.7613,29.4104],[104.7593,29.3858],[104.7358,29.3845],[104.7433,29.3661],[104.7042,29.3683],[104.6982,29.3821],[104.6747,29.3808],[104.6689,29.403],[104.6405,29.4218],[104.6203,29.4451],[104.5921,29.4345],[104.5553,29.4405],[104.5265,29.4318],[104.5052,29.4521],[104.5177,29.4612],[104.5299,29.4567],[104.5342,29.4741],[104.5281,29.4949],[104.5261,29.5256],[104.4982,29.5535],[104.4817,29.5634],[104.4922,29.5867],[104.4852,29.6055],[104.4541,29.6127],[104.4306,29.6028],[104.42,29.6195],[104.4083,29.6146],[104.3929,29.6244],[104.3771,29.61],[104.3823,29.592],[104.3654,29.5767],[104.3382,29.5657],[104.3329,29.5821],[104.306,29.6098],[104.2915,29.6078],[104.2643,29.6356],[104.2465,29.6402],[104.2463,29.624],[104.2218,29.6163],[104.202,29.6174],[104.1852,29.6321],[104.1661,29.6111],[104.1658,29.6005],[104.1442,29.5969],[104.1435,29.5794],[104.1576,29.5744],[104.1652,29.5613],[104.1554,29.5413],[104.1318,29.5297],[104.1534,29.5184],[104.1638,29.4973],[104.1587,29.4821],[104.1457,29.4764],[104.1241,29.5008],[104.0828,29.4654],[104.0748,29.4742],[104.0524,29.4699],[104.0561,29.4274],[104.0885,29.4421],[104.1039,29.4234],[104.0886,29.4145],[104.0881,29.3893],[104.1018,29.3889],[104.1326,29.4017],[104.1387,29.3772],[104.1584,29.3826],[104.1605,29.3673],[104.153,29.3554],[104.158,29.3424],[104.1074,29.3397],[104.0809,29.3425],[104.0741,29.3263],[104.0892,29.318],[104.1369,29.3101],[104.1329,29.3001],[104.1442,29.2891],[104.114,29.2667],[104.1072,29.2446],[104.1159,29.2392],[104.1297,29.2577],[104.1453,29.2535],[104.1485,29.2308],[104.1437,29.2143],[104.1483,29.1969],[104.1745,29.1986]]]},"properties":{"region_code":"CN-51-5103","parent_region_code":"CN-51","name":"自贡市","level":"prefecture","has_children":true,"full_path":"中国 / 四川省 / 自贡市","source_admin_code":"5103","osm_relation_id":2791218}},
{"type":"Feature","geometry":{"type":"Polygon","coordinates":[[[101.1663,27.1682],[101.1435,27.1087],[101.1561,27.0998],[101.1352,27.026],[101.1545,27.0155],[101.1728,27.0112],[101.1979,26.997],[101.2114,26.9981],[101.2255,26.9874],[101.2243,26.9653],[101.2332,26.9567],[101.2641,26.9588],[101.2531,26.9293],[101.2661,26.9067],[101.2909,26.9],[101.3099,26.9066],[101.3234,26.8911],[101.3481,26.8917],[101.3644,26.8876],[101.3734,26.8699],[101.3981,26.8463],[101.3909,26.8275],[101.3767,26.8073],[101.3796,26.7981],[101.3666,26.7704],[101.374,26.7545],[101.3888,26.7517],[101.3869,26.7262],[101.4135,26.7246],[101.4237,26.7408],[101.4347,26.7437],[101.4551,26.7337],[101.4583,26.7511],[101.4454,26.7812],[101.4644,26.7913],[101.4988,26.7725],[101.4903,26.7497],[101.499,26.7397],[101.4723,26.7258],[101.468,26.7147],[101.4545,26.7105],[101.4516,26.6991],[101.4673,26.6903],[101.4774,26.6753],[101.4705,26.6551],[101.459,26.6445],[101.4638,26.6197],[101.4488,26.6038],[101.4214,26.6041],[101.4018,26.6088],[101.3943,26.596],[101.399,26.5704],[101.3934,26.5638],[101.4212,26.5342],[101.4378,26.5405],[101.4434,26.5326],[101.4384,26.5158],[101.4553,26.5004],[101.5084,26.5006],[101.5262,26.4706],[101.5429,26.4699],[101.5596,26.4598],[101.5838,26.4304],[101.6172,26.416],[101.6261,26.3992],[101.6355,26.3995],[101.6281,26.3613],[101.6611,26.3524],[101.651,26.3316],[101.6386,26.3219],[101.6111,26.3183],[101.5959,26.3078],[101.584,26.2843],[101.5963,26.2807],[101.5963,26.2651],[101.6147,26.2551],[101.6265,26.2301],[101.6563,26.2371],[101.6665,26.2334],[101.693,26.2481],[101.6973,26.2308],[101.7419,26.2224],[101.77,26.1816],[101.8035,26.1642],[101.7967,26.1443],[101.7963,26.1171],[101.8157,26.0937],[101.8384,26.0865],[101.8401,26.1041],[101.8304,26.1163],[101.8422,26.1487],[101.8367,26.1613],[101.8719,26.1864],[101.9031,26.194],[101.9096,26.211],[101.8991,26.2232],[101.8999,26.245],[101.921,26.2745],[101.9237,26.3092],[101.9344,26.3271],[101.9315,26.3542],[101.9255,26.3624],[101.9379,26.413],[101.9273,26.4239],[101.9406,26.4549],[101.9571,26.4611],[101.979,26.4609],[101.9941,26.4347],[102.0225,26.4329],[102.0324,26.474],[102.0571,26.4968],[102.058,26.5058],[102.0417,26.5227],[102.0328,26.5468],[102.0382,26.5859],[102.0286,26.6013],[102.01,26.6027],[102.0078,26.6203],[101.9941,26.6517],[101.9948,26.6872],[102.0056,26.7199],[102.0324,26.7161],[102.0458,26.7421],[102.0617,26.7215],[102.0546,26.6933],[102.0721,26.6741],[102.0692,26.6583],[102.0836,26.6577],[102.0976,26.6445],[102.1314,26.6418],[102.1339,26.6785],[102.152,26.6819],[102.1582,26.6965],[102.1768,26.7068],[102.1729,26.7285],[102.1944,26.7486],[102.1933,26.7665],[102.174,26.7786],[102.1887,26.7942],[102.1734,26.8068],[102.1746,26.8163],[102.2123,26.8175],[102.2105,26.8336],[102.2002,26.8455],[102.2095,26.8601],[102.2116,26.8869],[102.2034,26.9183],[102.2235,26.9257],[102.2276,26.9489],[102.2125,26.9622],[102.2149,26.9758],[102.23,27.002],[102.2285,27.0156],[102.2161,27.0506],[102.2377,27.0666],[102.2361,27.0866],[102.2457,27.0979],[102.2396,27.1096],[102.2148,27.1165],[102.1996,27.1345],[102.1824,27.1352],[102.1719,27.1478],[102.1618,27.1831],[102.1236,27.1757],[102.1152,27.1606],[102.0905,27.1524],[102.084,27.1324],[102.0691,27.1103],[102.0508,27.0972],[102.0502,27.0836],[102.0353,27.08],[102.0237,27.0959],[102.0111,27.1028],[101.9949,27.0969],[101.9906,27.1193],[101.9714,27.1261],[101.9492,27.1084],[101.938,27.1071],[101.926,27.1404],[101.9406,27.1506],[101.9228,27.169],[101.9206,27.1846],[101.9083,27.1945],[101.9015,27.2249],[101.9116,27.246],[101.8857,27.2605],[101.8844,27.2412],[101.8752,27.2292],[101.88,27.2146],[101.8762,27.1958],[101.8628,27.1874],[101.8759,27.1719],[101.8724,27.1341],[101.8289,27.1243],[101.814,27.1057],[101.8024,27.1179],[101.78,27.1283],[101.7528,27.1347],[101.7438,27.1275],[101.7302,27.134],[101.7076,27.1316],[101.6815,27.1523],[101.6759,27.1667],[101.6599,27.1853],[101.652,27.2068],[101.6406,27.2121],[101.6485,27.2284],[101.6416,27.2481],[101.6506,27.2556],[101.6627,27.2864],[101.6571,27.3174],[101.615,27.3403],[101.5974,27.3439],[101.5795,27.3359],[101.5784,27.328],[101.5578,27.2988],[101.5384,27.2819],[101.5278,27.2807],[101.5106,27.2319],[101.4872,27.2326],[101.4814,27.2401],[101.4613,27.239],[101.4156,27.2188],[101.4261,27.1948],[101.413,27.1805],[101.4133,27.1648],[101.3923,27.1486],[101.3833,27.1624],[101.3643,27.1749],[101.3526,27.1885],[101.3302,27.1838],[101.3104,27.2013],[101.2908,27.1927],[101.2774,27.2016],[101.2569,27.1941],[101.2426,27.1822],[101.1963,27.1873],[101.1854,27.1749],[101.1663,27.1682]],[[101.9198,26.6454],[101.9091,26.6775],[101.9178,26.6817],[101.9244,26.7026],[101.9453,26.7113],[101.9407,26.6808],[101.9458,26.6691],[101.9336,26.6383],[101.9198,26.6454]]]},"properties":{"region_code":"CN-51-5104","parent_region_code":"CN-51","name":"攀枝花市","level":"prefecture","has_children":true,"full_path":"中国 / 四川省 / 攀枝花市","source_admin_code":"5104","osm_relation_id":2785689}},
{"type":"Feature","geometry":{"type":"Polygon","coordinates":[[[105.1426,28.9452],[105.1526,28.9314],[105.1724,28.9206],[105.1848,28.9014],[105.1995,28.8889],[105.2107,28.8638],[105.2121,28.8216],[105.227,28.7978],[105.2263,28.7669],[105.205,28.7514],[105.2141,28.7423],[105.2144,28.7158],[105.2004,28.6786],[105.1633,28.6533],[105.1709,28.6275],[105.1691,28.6099],[105.1922,28.5812],[105.2044,28.5728],[105.2095,28.542],[105.223,28.5435],[105.2341,28.5251],[105.2307,28.4985],[105.2032,28.46],[105.2167,28.4542],[105.2918,28.452],[105.2903,28.4389],[105.3187,28.4261],[105.3173,28.3952],[105.3023,28.3637],[105.3115,28.3518],[105.3068,28.342],[105.3269,28.3271],[105.3334,28.3154],[105.328,28.2948],[105.3356,28.2835],[105.3301,28.2588],[105.3373,28.2222],[105.3242,28.2228],[105.3286,28.1983],[105.3358,28.1846],[105.3399,28.1599],[105.3265,28.1409],[105.302,28.1418],[105.292,28.1359],[105.2592,28.1334],[105.2411,28.1153],[105.2225,28.1054],[105.2128,28.0862],[105.2011,28.0763],[105.177,28.0717],[105.183,28.058],[105.1801,28.044],[105.1651,28.029],[105.1743,28.0046],[105.1889,27.9962],[105.2177,27.9946],[105.2443,28.0065],[105.2664,27.9998],[105.2649,27.9843],[105.2799,27.9639],[105.2828,27.9417],[105.2644,27.9173],[105.2466,27.9171],[105.2304,27.9002],[105.2462,27.8454],[105.2565,27.8314],[105.2845,27.8105],[105.2705,27.7987],[105.2763,27.7806],[105.2868,27.7761],[105.2902,27.7551],[105.2846,27.7461],[105.2868,27.716],[105.3053,27.7085],[105.3239,27.7304],[105.3394,27.734],[105.3479,27.7496],[105.4022,27.7686],[105.4377,27.7789],[105.4541,27.7716],[105.4744,27.7783],[105.5056,27.7724],[105.5346,27.7512],[105.5551,27.7239],[105.5875,27.7246],[105.6027,27.7186],[105.6058,27.6969],[105.618,27.6904],[105.6214,27.6693],[105.6386,27.663],[105.661,27.6874],[105.6982,27.6803],[105.7172,27.6875],[105.7189,27.7092],[105.7613,27.7214],[105.7763,27.7227],[105.8409,27.7089],[105.8574,27.7206],[105.8647,27.7356],[105.8881,27.7395],[105.9055,27.7498],[105.9218,27.7482],[105.927,27.7318],[105.9807,27.7518],[106.0214,27.751],[106.0599,27.7677],[106.0609,27.7808],[106.1213,27.7829],[106.1723,27.7665],[106.191,27.7578],[106.21,27.7675],[106.2392,27.7703],[106.3069,27.8138],[106.3182,27.8129],[106.3387,27.8238],[106.3132,27.8419],[106.3344,27.8607],[106.3347,27.8791],[106.3221,27.9018],[106.3007,27.903],[106.3054,27.9173],[106.3044,27.9405],[106.321,27.9509],[106.3246,27.9611],[106.3131,27.9821],[106.2824,28.0104],[106.2637,28.007],[106.2461,28.0132],[106.2396,28.0324],[106.2632,28.0696],[106.2468,28.0956],[106.2287,28.1013],[106.2229,28.1194],[106.2078,28.1229],[106.2038,28.1384],[106.1881,28.1403],[106.1738,28.1525],[106.1417,28.1664],[106.1238,28.1697],[106.0838,28.1644],[106.0578,28.1464],[106.0342,28.1417],[106.0237,28.1346],[106.033,28.1149],[106.0192,28.1112],[106.0096,28.1233],[105.9728,28.1119],[105.9658,28.1357],[105.9361,28.1456],[105.9349,28.1357],[105.9051,28.1368],[105.8892,28.1232],[105.8734,28.1277],[105.8744,28.1427],[105.8629,28.1526],[105.8561,28.1697],[105.866,28.2038],[105.879,28.2174],[105.8865,28.2399],[105.8469,28.2567],[105.8205,28.3099],[105.7974,28.3125],[105.7893,28.3316],[105.7688,28.335],[105.7721,28.3175],[105.7363,28.3086],[105.7349,28.2788],[105.7267,28.2751],[105.6844,28.2874],[105.6661,28.3151],[105.6538,28.3143],[105.6355,28.3256],[105.6488,28.3463],[105.6506,28.3658],[105.6444,28.3955],[105.6425,28.4293],[105.6076,28.4425],[105.6058,28.4771],[105.6173,28.4884],[105.6244,28.5114],[105.6374,28.5208],[105.6614,28.5275],[105.6647,28.5387],[105.6802,28.5379],[105.6781,28.5547],[105.688,28.5687],[105.6894,28.5922],[105.7144,28.5913],[105.7234,28.606],[105.7403,28.6201],[105.7533,28.6052],[105.7744,28.6019],[105.7802,28.6138],[105.8311,28.6027],[105.8498,28.6086],[105.8692,28.6081],[105.8809,28.5985],[105.8919,28.6196],[105.8891,28.6377],[105.8963,28.6537],[105.8866,28.6601],[105.8993,28.6723],[105.9336,28.6903],[105.9298,28.7062],[105.9528,28.7175],[105.95,28.728],[105.9749,28.7466],[106.0015,28.7453],[106.0314,28.7094],[106.0519,28.6895],[106.0707,28.691],[106.0814,28.685],[106.0826,28.6627],[106.0926,28.6445],[106.1068,28.633],[106.1238,28.6465],[106.1605,28.6392],[106.1656,28.6161],[106.1798,28.6029],[106.1853,28.5824],[106.2017,28.5712],[106.218,28.5747],[106.26,28.5402],[106.287,28.5398],[106.301,28.507],[106.3206,28.4955],[106.3277,28.4845],[106.3448,28.4776],[106.3735,28.4818],[106.3745,28.5038],[106.3689,28.5181],[106.3309,28.557],[106.3437,28.5869],[106.3382,28.5994],[106.3218,28.6155],[106.3229,28.642],[106.3026,28.6453],[106.2995,28.7144],[106.2795,28.7377],[106.2673,28.745],[106.267,28.7668],[106.2749,28.7741],[106.2431,28.7974],[106.2461,28.8222],[106.2414,28.8323],[106.2601,28.8488],[106.249,28.8685],[106.2306,28.8718],[106.1991,28.9066],[106.171,28.9196],[106.1436,28.9067],[106.1287,28.9084],[106.1047,28.9018],[106.0878,28.9028],[106.0683,28.9234],[106.0433,28.9093],[106.0332,28.916],[106.0345,28.9381],[106.0429,28.946],[106.0363,28.9589],[106.0122,28.9565],[105.9912,28.98],[105.978,28.9833],[105.96,28.9671],[105.9429,28.9442],[105.9161,28.9339],[105.9029,28.9033],[105.8825,28.9159],[105.8821,28.9336],[105.8716,28.9388],[105.8419,28.934],[105.8264,28.9473],[105.7904,28.9414],[105.8048,28.9561],[105.784,28.9776],[105.7622,28.9879],[105.7583,28.9969],[105.7629,29.0169],[105.7395,29.0457],[105.754,29.0721],[105.7413,29.0781],[105.7391,29.0908],[105.7247,29.1012],[105.7321,29.132],[105.7177,29.1735],[105.7051,29.1809],[105.7183,29.2004],[105.7028,29.2028],[105.7086,29.2231],[105.7055,29.2416],[105.6945,29.2697],[105.6814,29.29],[105.6658,29.2569],[105.6441,29.2563],[105.625,29.2788],[105.6078,29.2728],[105.5747,29.2743],[105.5547,29.2799],[105.5183,29.2682],[105.5073,29.2731],[105.5029,29.2882],[105.472,29.282],[105.4621,29.2954],[105.4641,29.3217],[105.45,29.3249],[105.4165,29.3172],[105.3981,29.3149],[105.3965,29.3029],[105.3769,29.2828],[105.3625,29.2931],[105.3423,29.2848],[105.315,29.2666],[105.2964,29.2326],[105.2848,29.2228],[105.2835,29.1954],[105.264,29.1892],[105.267,29.162],[105.241,29.1381],[105.2472,29.1242],[105.2066,29.075],[105.1908,29.0676],[105.1847,29.0547],[105.1849,29.0267],[105.213,29.0194],[105.235,29.0302],[105.2651,29.01],[105.265,28.9827],[105.2392,28.966],[105.2394,28.9558],[105.2649,28.9433],[105.2514,28.93],[105.2333,28.9355],[105.2175,28.9589],[105.2013,28.9552],[105.2,28.9379],[105.1835,28.9268],[105.1654,28.9317],[105.1618,28.9494],[105.1426,28.9452]]]},"properties":{"region_code":"CN-51-5105","parent_region_code":"CN-51","name":"泸州市","level":"prefecture","has_children":true,"full_path":"中国 / 四川省 / 泸州市","source_admin_code":"5105","osm_relation_id":2789344}},
{"type":"Feature","geometry":{"type":"Polygon","coordinates":[[[104.8545,30.5839],[104.8551,30.6052],[104.8672,30.6197],[104.8827,30.623],[104.9005,30.6176],[104.9098,30.6288],[104.928,30.6239],[104.9359,30.6113],[104.9502,30.6136],[104.9681,30.5895],[104.9604,30.5686],[104.9829,30.5296],[105.0087,30.5267],[105.0241,30.534],[105.0252,30.5506],[105.0451,30.5489],[105.0511,30.5358],[105.064,30.5386],[105.0827,30.553],[105.0982,30.5959],[105.1097,30.6005],[105.1212,30.6235],[105.1452,30.6428],[105.1394,30.6556],[105.1437,30.6714],[105.1613,30.6787],[105.1657,30.7083],[105.1559,30.7278],[105.1101,30.7626],[105.0777,30.7581],[105.069,30.7735],[105.0431,30.7805],[105.007,30.7965],[104.9898,30.8203],[104.9848,30.845],[104.9882,30.8735],[104.9695,30.8627],[104.9619,30.8768],[104.9627,30.8978],[104.9416,30.9],[104.9439,30.9175],[104.9295,30.9476],[104.897,30.9471],[104.8909,30.9403],[104.8539,30.9524],[104.8541,30.968],[104.8431,30.9838],[104.8261,30.9904],[104.8234,31.0011],[104.8358,31.0166],[104.8215,31.0284],[104.8242,31.0531],[104.8138,31.0679],[104.781,31.088],[104.7696,31.0995],[104.7899,31.1255],[104.7738,31.137],[104.7573,31.1346],[104.7519,31.1589],[104.7422,31.1699],[104.7197,31.161],[104.7102,31.221],[104.7272,31.2245],[104.7391,31.2351],[104.7364,31.2532],[104.748,31.2763],[104.7288,31.2826],[104.7088,31.2727],[104.6764,31.2699],[104.6683,31.2922],[104.6711,31.3008],[104.6572,31.3144],[104.6544,31.3336],[104.6147,31.3464],[104.5845,31.3605],[104.59,31.3789],[104.5788,31.4113],[104.5632,31.4132],[104.5559,31.4259],[104.5395,31.4308],[104.5212,31.445],[104.5026,31.4266],[104.4856,31.3963],[104.4767,31.3876],[104.4474,31.3836],[104.4249,31.3761],[104.3843,31.3849],[104.3731,31.3758],[104.3555,31.3884],[104.3441,31.3842],[104.3234,31.4012],[104.316,31.4212],[104.3008,31.4343],[104.2802,31.4419],[104.2691,31.4607],[104.2476,31.4583],[104.2269,31.4666],[104.2254,31.4794],[104.198,31.5189],[104.1799,31.5245],[104.1697,31.5152],[104.1524,31.5211],[104.1489,31.5457],[104.1582,31.5596],[104.1443,31.5658],[104.1425,31.5852],[104.1288,31.5987],[104.1293,31.6089],[104.1059,31.6277],[104.0972,31.6528],[104.114,31.6775],[104.111,31.6891],[104.0913,31.697],[104.0803,31.6915],[104.0607,31.7],[104.0393,31.6992],[104.0152,31.6804],[103.9892,31.6862],[103.9554,31.6549],[103.9259,31.6417],[103.9175,31.6242],[103.9221,31.6046],[103.9059,31.5667],[103.9166,31.5378],[103.8957,31.5148],[103.8505,31.5443],[103.8435,31.5187],[103.8252,31.511],[103.8213,31.5007],[103.7941,31.4773],[103.7945,31.4507],[103.7993,31.4347],[103.8145,31.4329],[103.8263,31.4156],[103.8538,31.4159],[103.8641,31.4243],[103.8753,31.4153],[103.8961,31.4179],[103.8944,31.4039],[103.9257,31.3619],[103.8941,31.3306],[103.8903,31.3041],[103.9132,31.2795],[103.9318,31.2658],[103.9338,31.2476],[103.9278,31.2325],[103.9473,31.2184],[103.9537,31.2043],[103.9679,31.2098],[104.0055,31.1809],[104.0122,31.17],[104.0068,31.1559],[104.0187,31.1454],[104.0246,31.1019],[104.0411,31.0931],[104.0571,31.0763],[104.0577,31.0664],[104.0902,31.0356],[104.1111,31.0319],[104.1148,31.0196],[104.1408,31.0136],[104.1654,30.994],[104.1643,30.9555],[104.151,30.9441],[104.1448,30.9168],[104.1665,30.9208],[104.1686,30.908],[104.2021,30.9145],[104.2264,30.8976],[104.2439,30.8991],[104.2595,30.9077],[104.3076,30.9],[104.3493,30.9037],[104.3546,30.9192],[104.3699,30.9404],[104.3881,30.9315],[104.422,30.9461],[104.4429,30.9427],[104.461,30.9522],[104.4811,30.9484],[104.4941,30.9386],[104.5131,30.9376],[104.5307,30.9233],[104.5271,30.8987],[104.5175,30.8849],[104.5369,30.883],[104.5747,30.8667],[104.5953,30.8684],[104.6043,30.8523],[104.6305,30.8546],[104.6343,30.843],[104.6761,30.834],[104.7025,30.8243],[104.6967,30.8104],[104.7087,30.7974],[104.7151,30.773],[104.7318,30.7766],[104.7402,30.7411],[104.764,30.7213],[104.7872,30.7233],[104.7864,30.6944],[104.8012,30.6925],[104.8105,30.6814],[104.819,30.6539],[104.8454,30.6446],[104.8454,30.6344],[104.8304,30.6129],[104.8168,30.6011],[104.83,30.5857],[104.8545,30.5839]]]},"properties":{"region_code":"CN-51-5106","parent_region_code":"CN-51","name":"德阳市","level":"prefecture","has_children":true,"full_path":"中国 / 四川省 / 德阳市","source_admin_code":"5106","osm_relation_id":2787561}},
{"type":"Feature","geometry":{"type":"Polygon","coordinates":[[[105.1657,30.7083],[105.1772,30.7221],[105.2116,30.7358],[105.2373,30.729],[105.2453,30.7417],[105.2686,30.7539],[105.2625,30.7782],[105.2653,30.7913],[105.2571,30.8254],[105.2421,30.8332],[105.229,30.8487],[105.2253,30.8798],[105.2007,30.8852],[105.1909,30.8994],[105.2055,30.9086],[105.1911,30.9195],[105.1876,30.9378],[105.174,30.9625],[105.1912,30.9679],[105.1913,30.9944],[105.1713,31.0482],[105.1861,31.0565],[105.1966,31.0783],[105.1899,31.0882],[105.1967,31.0993],[105.2144,31.1069],[105.2628,31.1039],[105.2934,31.1086],[105.3132,31.1162],[105.3385,31.1399],[105.3503,31.1628],[105.3753,31.1569],[105.3849,31.1158],[105.404,31.0915],[105.407,31.0747],[105.4246,31.0779],[105.4302,31.0685],[105.4502,31.0624],[105.4711,31.0659],[105.4837,31.04],[105.5008,31.0297],[105.5342,31.028],[105.5426,31.0161],[105.5618,31.0089],[105.5717,30.9902],[105.5924,30.9752],[105.6152,30.9801],[105.6118,30.9948],[105.6293,31.0055],[105.6588,31.0028],[105.6607,31.0222],[105.6888,31.0253],[105.7103,31.0422],[105.708,31.0614],[105.7178,31.0876],[105.7126,31.1319],[105.718,31.1519],[105.6957,31.1742],[105.67,31.1742],[105.6741,31.1997],[105.6707,31.2262],[105.6632,31.237],[105.6711,31.2583],[105.6438,31.2599],[105.6347,31.2854],[105.6123,31.2981],[105.5908,31.2943],[105.5895,31.3044],[105.6054,31.3273],[105.6006,31.3393],[105.6258,31.3484],[105.6289,31.3643],[105.6412,31.3806],[105.6392,31.397],[105.6226,31.4074],[105.6088,31.399],[105.588,31.3986],[105.5694,31.384],[105.5665,31.3997],[105.5502,31.4047],[105.5213,31.3937],[105.496,31.4046],[105.4766,31.4277],[105.4803,31.4399],[105.497,31.4598],[105.4762,31.4846],[105.4544,31.477],[105.439,31.4841],[105.4585,31.5004],[105.4557,31.5289],[105.4403,31.5387],[105.4117,31.5467],[105.4121,31.5614],[105.3978,31.565],[105.3863,31.5983],[105.3898,31.6203],[105.363,31.6182],[105.3279,31.6323],[105.3351,31.6559],[105.344,31.6599],[105.3418,31.6795],[105.3158,31.7037],[105.3104,31.7193],[105.2824,31.7021],[105.2599,31.6998],[105.2584,31.7193],[105.281,31.7314],[105.2813,31.7423],[105.3074,31.7444],[105.3046,31.7733],[105.2924,31.7776],[105.2864,31.793],[105.2686,31.7948],[105.2545,31.7856],[105.2426,31.7946],[105.2487,31.8066],[105.2392,31.8328],[105.2018,31.8405],[105.2114,31.8637],[105.2118,31.8804],[105.2002,31.9047],[105.1798,31.9135],[105.2019,31.9478],[105.1817,31.9676],[105.1844,31.9852],[105.1736,31.9961],[105.212,32.0075],[105.2159,32.0176],[105.2317,32.0177],[105.2432,31.9973],[105.2512,31.9976],[105.2609,32.0199],[105.2435,32.0543],[105.2521,32.0665],[105.2492,32.0849],[105.2854,32.1146],[105.258,32.1273],[105.2756,32.1325],[105.2721,32.1565],[105.2508,32.1664],[105.2508,32.1736],[105.2713,32.1931],[105.2499,32.2045],[105.2507,32.2375],[105.266,32.2601],[105.2614,32.2787],[105.2473,32.2762],[105.2325,32.2895],[105.2538,32.3042],[105.2411,32.3211],[105.2165,32.3186],[105.2032,32.3085],[105.1765,32.3066],[105.1493,32.3115],[105.0888,32.3094],[105.0804,32.2861],[105.041,32.2914],[105.0334,32.269],[104.9856,32.249],[104.9856,32.282],[104.9569,32.3055],[104.9645,32.3257],[104.9355,32.3362],[104.9089,32.3298],[104.8832,32.3571],[104.8571,32.3609],[104.8378,32.3541],[104.8193,32.3745],[104.799,32.3762],[104.77,32.4],[104.7716,32.4213],[104.7591,32.4328],[104.7589,32.4492],[104.7477,32.4657],[104.7567,32.4962],[104.7468,32.5097],[104.7526,32.531],[104.7435,32.5383],[104.6911,32.5601],[104.6515,32.5635],[104.6494,32.58],[104.6126,32.6072],[104.618,32.6143],[104.6162,32.636],[104.628,32.6452],[104.6324,32.6703],[104.6093,32.6906],[104.5886,32.7002],[104.5811,32.7242],[104.551,32.7362],[104.5319,32.7272],[104.5118,32.7464],[104.5084,32.7563],[104.4891,32.7586],[104.4622,32.7505],[104.4401,32.7659],[104.4251,32.7706],[104.4174,32.7838],[104.4055,32.7856],[104.3691,32.8096],[104.3563,32.8263],[104.332,32.8263],[104.2919,32.8382],[104.2873,32.8733],[104.2749,32.8933],[104.2451,32.8799],[104.2354,32.8929],[104.2175,32.8978],[104.2075,32.9185],[104.1896,32.9208],[104.1677,32.9445],[104.164,32.9541],[104.1308,32.9774],[104.105,33.0031],[104.0917,32.9998],[104.0494,33.0149],[104.0367,33.0295],[104.0012,33.0444],[103.9871,33.0386],[103.9796,33.0228],[103.9733,32.9908],[103.9653,32.9763],[103.9597,32.9447],[103.9649,32.9246],[103.9501,32.9032],[103.9537,32.8916],[103.9736,32.8883],[103.9901,32.8761],[103.9929,32.8612],[103.9761,32.8549],[103.9684,32.8413],[104.0003,32.8163],[104.0308,32.8256],[104.0321,32.8349],[104.0699,32.8489],[104.0752,32.859],[104.1025,32.8461],[104.1005,32.8184],[104.1043,32.8039],[104.1181,32.8017],[104.127,32.7848],[104.1393,32.7804],[104.1455,32.7591],[104.131,32.7467],[104.1285,32.7327],[104.1543,32.71],[104.1635,32.6909],[104.1718,32.6885],[104.1807,32.6681],[104.1763,32.6392],[104.1762,32.607],[104.1661,32.5827],[104.1723,32.5308],[104.1649,32.5232],[104.1354,32.472],[104.0928,32.4692],[104.1267,32.4915],[104.1333,32.5139],[104.1305,32.5307],[104.1099,32.544],[104.0722,32.5926],[104.0686,32.6238],[104.0361,32.6543],[104.0115,32.6427],[103.992,32.6503],[103.972,32.643],[103.9196,32.6374],[103.9078,32.6445],[103.8857,32.6419],[103.8859,32.6316],[103.8656,32.6175],[103.8498,32.6128],[103.8433,32.587],[103.8498,32.5726],[103.8714,32.5559],[103.8852,32.5285],[103.9045,32.5134],[103.9033,32.472],[103.9127,32.4359],[103.8896,32.3823],[103.8901,32.3654],[103.904,32.3311],[103.919,32.3193],[103.9334,32.3188],[103.9565,32.3074],[103.9788,32.3085],[103.9995,32.2912],[104.0056,32.2757],[104.0191,32.2702],[104.0242,32.2535],[104.0477,32.2513],[104.0541,32.2387],[104.0754,32.2287],[104.0942,32.2287],[104.1119,32.221],[104.1311,32.2269],[104.1371,32.2401],[104.1563,32.2485],[104.1569,32.2589],[104.1704,32.2811],[104.1695,32.2979],[104.1758,32.3117],[104.21,32.3004],[104.2074,32.2888],[104.218,32.2697],[104.2458,32.2495],[104.2547,32.2181],[104.2267,32.2194],[104.1971,32.2089],[104.1608,32.1852],[104.1508,32.1556],[104.1258,32.1434],[104.0743,32.1281],[104.0489,32.1336],[104.0244,32.131],[104,32.1207],[103.9907,32.122],[103.9718,32.1434],[103.9571,32.1418],[103.938,32.1508],[103.9184,32.1453],[103.8776,32.1601],[103.849,32.1643],[103.8586,32.1394],[103.8557,32.1304],[103.8256,32.134],[103.8231,32.117],[103.8121,32.1126],[103.8131,32.0961],[103.8223,32.0705],[103.8141,32.0561],[103.7909,32.0472],[103.7817,32.028],[103.7568,32.0021],[103.7567,31.9859],[103.7489,31.9561],[103.7608,31.948],[103.7749,31.9506],[103.8196,31.941],[103.8405,31.9241],[103.8739,31.9203],[103.8824,31.9316],[103.9086,31.9379],[103.9181,31.9456],[103.9559,31.9061],[103.9543,31.8839],[103.9641,31.8817],[103.9713,31.8619],[104.0128,31.8635],[104.0291,31.8487],[104.0425,31.8522],[104.0566,31.8318],[104.0788,31.8401],[104.1253,31.8313],[104.1373,31.8169],[104.1523,31.8185],[104.1502,31.7958],[104.1609,31.7933],[104.173,31.7686],[104.1679,31.7632],[104.1715,31.7355],[104.1504,31.7299],[104.141,31.7159],[104.1158,31.7089],[104.1,31.7129],[104.0913,31.697],[104.111,31.6891],[104.114,31.6775],[104.0972,31.6528],[104.1059,31.6277],[104.1293,31.6089],[104.1288,31.5987],[104.1425,31.5852],[104.1443,31.5658],[104.1582,31.5596],[104.1489,31.5457],[104.1524,31.5211],[104.1697,31.5152],[104.1799,31.5245],[104.198,31.5189],[104.2254,31.4794],[104.2269,31.4666],[104.2476,31.4583],[104.2691,31.4607],[104.2802,31.4419],[104.3008,31.4343],[104.316,31.4212],[104.3234,31.4012],[104.3441,31.3842],[104.3555,31.3884],[104.3731,31.3758],[104.3843,31.3849],[104.4249,31.3761],[104.4474,31.3836],[104.4767,31.3876],[104.4856,31.3963],[104.5026,31.4266],[104.5212,31.445],[104.5395,31.4308],[104.5559,31.4259],[104.5632,31.4132],[104.5788,31.4113],[104.59,31.3789],[104.5845,31.3605],[104.6147,31.3464],[104.6544,31.3336],[104.6572,31.3144],[104.6711,31.3008],[104.6683,31.2922],[104.6764,31.2699],[104.7088,31.2727],[104.7288,31.2826],[104.748,31.2763],[104.7364,31.2532],[104.7391,31.2351],[104.7272,31.2245],[104.7102,31.221],[104.7197,31.161],[104.7422,31.1699],[104.7519,31.1589],[104.7573,31.1346],[104.7738,31.137],[104.7899,31.1255],[104.7696,31.0995],[104.781,31.088],[104.8138,31.0679],[104.8242,31.0531],[104.8215,31.0284],[104.8358,31.0166],[104.8234,31.0011],[104.8261,30.9904],[104.8431,30.9838],[104.8541,30.968],[104.8539,30.9524],[104.8909,30.9403],[104.897,30.9471],[104.9295,30.9476],[104.9439,30.9175],[104.9416,30.9],[104.9627,30.8978],[104.9619,30.8768],[104.9695,30.8627],[104.9882,30.8735],[104.9848,30.845],[104.9898,30.8203],[105.007,30.7965],[105.0431,30.7805],[105.069,30.7735],[105.0777,30.7581],[105.1101,30.7626],[105.1559,30.7278],[105.1657,30.7083]]]},"properties":{"region_code":"CN-51-5107","parent_region_code":"CN-51","name":"绵阳市","level":"prefecture","has_children":true,"full_path":"中国 / 四川省 / 绵阳市","source_admin_code":"5107","osm_relation_id":2787464}},
{"type":"Feature","geometry":{"type":"Polygon","coordinates":[[[105.4557,31.5289],[105.4988,31.5678],[105.5058,31.5822],[105.5283,31.5757],[105.5331,31.5649],[105.559,31.5703],[105.5757,31.5685],[105.5786,31.5803],[105.596,31.5831],[105.6037,31.5552],[105.6139,31.5565],[105.6193,31.5871],[105.6355,31.5899],[105.6294,31.6031],[105.6426,31.6085],[105.6577,31.6014],[105.6825,31.6154],[105.6954,31.6521],[105.7104,31.6554],[105.7235,31.6755],[105.7177,31.6828],[105.7254,31.7086],[105.7224,31.7289],[105.7456,31.721],[105.7648,31.7376],[105.778,31.7073],[105.8378,31.6599],[105.8414,31.6362],[105.8617,31.6171],[105.8822,31.6316],[105.8728,31.642],[105.8829,31.6514],[105.9069,31.6282],[105.9249,31.6455],[105.9174,31.6578],[105.9545,31.6748],[105.9738,31.6647],[106.0033,31.6869],[106.0285,31.6897],[106.0945,31.731],[106.1051,31.744],[106.1087,31.7615],[106.1245,31.7692],[106.119,31.789],[106.1082,31.7946],[106.1163,31.8194],[106.1555,31.8135],[106.183,31.8234],[106.1905,31.788],[106.2111,31.7724],[106.2349,31.7762],[106.2467,31.7857],[106.2627,31.777],[106.2711,31.7997],[106.2672,31.8148],[106.2878,31.8096],[106.3066,31.828],[106.3197,31.829],[106.3317,31.8515],[106.3576,31.8483],[106.3679,31.8342],[106.3802,31.8046],[106.3938,31.8074],[106.4047,31.8132],[106.4146,31.8364],[106.4056,31.8489],[106.4036,31.8755],[106.4203,31.8931],[106.4063,31.8988],[106.4246,31.9131],[106.4265,31.926],[106.4496,31.9499],[106.4552,31.9644],[106.4412,31.9793],[106.4606,31.9835],[106.4776,31.9811],[106.489,32.0082],[106.5011,32.0096],[106.4971,32.0512],[106.5156,32.0536],[106.5139,32.0708],[106.5296,32.0841],[106.5443,32.078],[106.553,32.0898],[106.533,32.1],[106.5355,32.1145],[106.5643,32.1281],[106.5646,32.1409],[106.553,32.178],[106.5554,32.2089],[106.5608,32.23],[106.5825,32.2377],[106.6623,32.2492],[106.6707,32.275],[106.6846,32.2686],[106.7143,32.2716],[106.7129,32.2969],[106.7487,32.2872],[106.7666,32.3079],[106.7409,32.3252],[106.7299,32.3279],[106.7075,32.3485],[106.6849,32.3504],[106.6877,32.406],[106.6796,32.4364],[106.6841,32.4604],[106.6739,32.4697],[106.6708,32.4885],[106.6501,32.4998],[106.6538,32.5172],[106.6507,32.5602],[106.6543,32.5764],[106.6482,32.6041],[106.6572,32.6165],[106.6383,32.6453],[106.6357,32.6886],[106.6251,32.6836],[106.5855,32.691],[106.5707,32.6807],[106.5139,32.6703],[106.4925,32.6528],[106.4626,32.6547],[106.447,32.6617],[106.4461,32.6419],[106.4173,32.6187],[106.4028,32.6149],[106.3848,32.629],[106.3798,32.6492],[106.3434,32.6731],[106.2969,32.682],[106.2705,32.6728],[106.2557,32.696],[106.2385,32.6932],[106.1721,32.6976],[106.1632,32.7105],[106.1509,32.7065],[106.1417,32.72],[106.1085,32.7234],[106.1029,32.7374],[106.0693,32.7547],[106.0617,32.7842],[106.0967,32.795],[106.0901,32.8266],[106.0697,32.8264],[106.0484,32.8481],[106.0426,32.8657],[106.018,32.8461],[106.0081,32.8308],[105.9925,32.8294],[105.9818,32.8421],[105.9613,32.8502],[105.952,32.8394],[105.9241,32.8275],[105.8888,32.8403],[105.8635,32.8324],[105.8515,32.8214],[105.8231,32.8257],[105.8245,32.8037],[105.8146,32.7918],[105.8007,32.7616],[105.7785,32.7515],[105.7673,32.7696],[105.7451,32.7698],[105.7342,32.7555],[105.7162,32.7603],[105.6972,32.745],[105.6869,32.7435],[105.6741,32.7288],[105.6611,32.728],[105.6234,32.7061],[105.5913,32.7049],[105.5855,32.7304],[105.561,32.727],[105.5536,32.7356],[105.5546,32.7547],[105.5615,32.7701],[105.5502,32.776],[105.5512,32.7961],[105.5311,32.7929],[105.5298,32.8192],[105.5127,32.8614],[105.4959,32.8719],[105.4892,32.8895],[105.4954,32.9132],[105.4791,32.9265],[105.4633,32.9321],[105.4283,32.9349],[105.4073,32.9215],[105.4076,32.9013],[105.3994,32.8864],[105.3835,32.875],[105.3931,32.8463],[105.3876,32.8377],[105.4079,32.8158],[105.4287,32.774],[105.4494,32.7703],[105.4557,32.7549],[105.4496,32.7385],[105.4235,32.7357],[105.3909,32.7169],[105.3611,32.7118],[105.3443,32.6869],[105.3055,32.6731],[105.2935,32.656],[105.2734,32.6593],[105.2614,32.6545],[105.2425,32.6703],[105.2115,32.6623],[105.2105,32.6399],[105.1935,32.6242],[105.149,32.6085],[105.1398,32.6026],[105.1051,32.5987],[105.0739,32.6405],[105.0543,32.6479],[105.024,32.6525],[105.0132,32.6426],[104.9917,32.6418],[104.9429,32.6232],[104.9099,32.6073],[104.8815,32.6052],[104.8719,32.6117],[104.8631,32.6364],[104.8516,32.6416],[104.8406,32.6577],[104.8264,32.6655],[104.8106,32.6536],[104.7906,32.6467],[104.7519,32.6461],[104.7419,32.6379],[104.7244,32.6462],[104.6932,32.6774],[104.6671,32.666],[104.6324,32.6703],[104.628,32.6452],[104.6162,32.636],[104.618,32.6143],[104.6126,32.6072],[104.6494,32.58],[104.6515,32.5635],[104.6911,32.5601],[104.7435,32.5383],[104.7526,32.531],[104.7468,32.5097],[104.7567,32.4962],[104.7477,32.4657],[104.7589,32.4492],[104.7591,32.4328],[104.7716,32.4213],[104.77,32.4],[104.799,32.3762],[104.8193,32.3745],[104.8378,32.3541],[104.8571,32.3609],[104.8832,32.3571],[104.9089,32.3298],[104.9355,32.3362],[104.9645,32.3257],[104.9569,32.3055],[104.9856,32.282],[104.9856,32.249],[105.0334,32.269],[105.041,32.2914],[105.0804,32.2861],[105.0888,32.3094],[105.1493,32.3115],[105.1765,32.3066],[105.2032,32.3085],[105.2165,32.3186],[105.2411,32.3211],[105.2538,32.3042],[105.2325,32.2895],[105.2473,32.2762],[105.2614,32.2787],[105.266,32.2601],[105.2507,32.2375],[105.2499,32.2045],[105.2713,32.1931],[105.2508,32.1736],[105.2508,32.1664],[105.2721,32.1565],[105.2756,32.1325],[105.258,32.1273],[105.2854,32.1146],[105.2492,32.0849],[105.2521,32.0665],[105.2435,32.0543],[105.2609,32.0199],[105.2512,31.9976],[105.2432,31.9973],[105.2317,32.0177],[105.2159,32.0176],[105.212,32.0075],[105.1736,31.9961],[105.1844,31.9852],[105.1817,31.9676],[105.2019,31.9478],[105.1798,31.9135],[105.2002,31.9047],[105.2118,31.8804],[105.2114,31.8637],[105.2018,31.8405],[105.2392,31.8328],[105.2487,31.8066],[105.2426,31.7946],[105.2545,31.7856],[105.2686,31.7948],[105.2864,31.793],[105.2924,31.7776],[105.3046,31.7733],[105.3074,31.7444],[105.2813,31.7423],[105.281,31.7314],[105.2584,31.7193],[105.2599,31.6998],[105.2824,31.7021],[105.3104,31.7193],[105.3158,31.7037],[105.3418,31.6795],[105.344,31.6599],[105.3351,31.6559],[105.3279,31.6323],[105.363,31.6182],[105.3898,31.6203],[105.3863,31.5983],[105.3978,31.565],[105.4121,31.5614],[105.4117,31.5467],[105.4403,31.5387],[105.4557,31.5289]]]},"properties":{"region_code":"CN-51-5108","parent_region_code":"CN-51","name":"广元市","level":"prefecture","has_children":true,"full_path":"中国 / 四川省 / 广元市","source_admin_code":"5108","osm_relation_id":2787606}},
{"type":"Feature","geometry":{"type":"Polygon","coordinates":[[[105.064,30.5386],[105.0569,30.5236],[105.0803,30.4981],[105.0734,30.4836],[105.0872,30.4621],[105.0889,30.4448],[105.0709,30.445],[105.0659,30.4354],[105.0861,30.4291],[105.0709,30.4049],[105.0873,30.4042],[105.1174,30.3476],[105.1451,30.3383],[105.1545,30.3251],[105.1732,30.3209],[105.2003,30.3076],[105.2135,30.3096],[105.2182,30.2905],[105.2282,30.2826],[105.2508,30.2832],[105.262,30.2916],[105.2797,30.2878],[105.2895,30.2962],[105.3246,30.3056],[105.3319,30.3139],[105.3541,30.3083],[105.3653,30.2809],[105.3784,30.2796],[105.4047,30.2967],[105.4222,30.2624],[105.4428,30.2563],[105.4561,30.2587],[105.4692,30.2515],[105.4855,30.2189],[105.5206,30.2079],[105.5255,30.2225],[105.5442,30.2153],[105.5584,30.1866],[105.5781,30.1762],[105.5865,30.1855],[105.6043,30.1812],[105.6144,30.189],[105.6295,30.1866],[105.642,30.1959],[105.6403,30.2064],[105.659,30.213],[105.6506,30.2245],[105.6328,30.2223],[105.6154,30.2381],[105.6202,30.2769],[105.6418,30.2761],[105.6673,30.2568],[105.698,30.2606],[105.714,30.2548],[105.7306,30.2744],[105.7081,30.2862],[105.7115,30.326],[105.7389,30.323],[105.7305,30.3391],[105.7505,30.3448],[105.7472,30.3607],[105.7655,30.3786],[105.7603,30.3907],[105.7662,30.4066],[105.7829,30.4069],[105.7965,30.4301],[105.8139,30.4393],[105.8271,30.4351],[105.8343,30.4066],[105.8479,30.3976],[105.859,30.4099],[105.8742,30.4002],[105.8959,30.4084],[105.898,30.3892],[105.9135,30.3988],[105.9373,30.3751],[105.9624,30.3816],[105.9909,30.3717],[105.9967,30.3789],[105.995,30.3995],[105.9599,30.4273],[105.9441,30.4509],[105.9685,30.4603],[105.9671,30.4798],[105.9654,30.4919],[105.952,30.5158],[105.9304,30.5195],[105.9123,30.5118],[105.923,30.4972],[105.9426,30.498],[105.9222,30.4746],[105.9033,30.4619],[105.8717,30.4708],[105.8844,30.4797],[105.8806,30.499],[105.8639,30.4999],[105.8573,30.4885],[105.8411,30.5007],[105.8592,30.5152],[105.874,30.5502],[105.8677,30.5649],[105.8528,30.5667],[105.8363,30.582],[105.8202,30.6057],[105.82,30.6218],[105.8054,30.628],[105.8102,30.654],[105.7989,30.6732],[105.7995,30.6991],[105.789,30.7139],[105.792,30.7365],[105.7788,30.7558],[105.7893,30.7625],[105.7786,30.7876],[105.7901,30.7986],[105.7808,30.8119],[105.7806,30.8263],[105.7521,30.8453],[105.7268,30.8793],[105.7412,30.8816],[105.7285,30.9081],[105.7006,30.9136],[105.6852,30.9384],[105.6564,30.9205],[105.6563,30.9448],[105.64,30.9506],[105.6245,30.9762],[105.6152,30.9801],[105.5924,30.9752],[105.5717,30.9902],[105.5618,31.0089],[105.5426,31.0161],[105.5342,31.028],[105.5008,31.0297],[105.4837,31.04],[105.4711,31.0659],[105.4502,31.0624],[105.4302,31.0685],[105.4246,31.0779],[105.407,31.0747],[105.404,31.0915],[105.3849,31.1158],[105.3753,31.1569],[105.3503,31.1628],[105.3385,31.1399],[105.3132,31.1162],[105.2934,31.1086],[105.2628,31.1039],[105.2144,31.1069],[105.1967,31.0993],[105.1899,31.0882],[105.1966,31.0783],[105.1861,31.0565],[105.1713,31.0482],[105.1913,30.9944],[105.1912,30.9679],[105.174,30.9625],[105.1876,30.9378],[105.1911,30.9195],[105.2055,30.9086],[105.1909,30.8994],[105.2007,30.8852],[105.2253,30.8798],[105.229,30.8487],[105.2421,30.8332],[105.2571,30.8254],[105.2653,30.7913],[105.2625,30.7782],[105.2686,30.7539],[105.2453,30.7417],[105.2373,30.729],[105.2116,30.7358],[105.1772,30.7221],[105.1657,30.7083],[105.1613,30.6787],[105.1437,30.6714],[105.1394,30.6556],[105.1452,30.6428],[105.1212,30.6235],[105.1097,30.6005],[105.0982,30.5959],[105.0827,30.553],[105.064,30.5386]]]},"properties":{"region_code":"CN-51-5109","parent_region_code":"CN-51","name":"遂宁市","level":"prefecture","has_children":true,"full_path":"中国 / 四川省 / 遂宁市","source_admin_code":"5109","osm_relation_id":2788710}},
{"type":"Feature","geometry":{"type":"Polygon","coordinates":[[[105.264,29.1892],[105.2835,29.1954],[105.2848,29.2228],[105.2964,29.2326],[105.315,29.2666],[105.3423,29.2848],[105.3625,29.2931],[105.3769,29.2828],[105.3965,29.3029],[105.3981,29.3149],[105.4165,29.3172],[105.4193,29.3294],[105.4143,29.3545],[105.4342,29.3684],[105.4293,29.3822],[105.44,29.3889],[105.4403,29.4019],[105.4241,29.4215],[105.4043,29.4226],[105.3754,29.4318],[105.3955,29.442],[105.3912,29.4509],[105.3731,29.4609],[105.3591,29.4482],[105.3312,29.4443],[105.3341,29.4601],[105.3286,29.4745],[105.3183,29.4785],[105.3206,29.4979],[105.3165,29.515],[105.298,29.5358],[105.2868,29.5556],[105.2931,29.5728],[105.3135,29.5798],[105.3074,29.598],[105.3257,29.6077],[105.3442,29.6241],[105.3648,29.6244],[105.3773,29.6309],[105.3733,29.645],[105.3897,29.6535],[105.382,29.6668],[105.4205,29.6905],[105.4112,29.7092],[105.4142,29.7179],[105.3903,29.7499],[105.3976,29.7615],[105.4014,29.7917],[105.3801,29.7997],[105.3701,29.8279],[105.3574,29.8365],[105.3507,29.8142],[105.3402,29.8097],[105.3166,29.8245],[105.2951,29.8235],[105.2797,29.8025],[105.2494,29.7982],[105.2389,29.8081],[105.2235,29.8415],[105.1729,29.8494],[105.1396,29.8354],[105.1225,29.8332],[105.0949,29.8485],[105.0799,29.8706],[105.0977,29.886],[105.0937,29.9075],[105.0608,29.925],[105.0703,29.9398],[105.0461,29.9501],[105.0423,29.9607],[105.0178,29.9794],[104.9907,29.9797],[104.9735,29.996],[104.9495,29.9959],[104.9432,29.9833],[104.9201,29.9638],[104.9245,29.939],[104.9179,29.9252],[104.8421,29.8965],[104.8193,29.8779],[104.7906,29.8696],[104.8046,29.8574],[104.79,29.8515],[104.7779,29.8656],[104.7958,29.8829],[104.771,29.8904],[104.7625,29.9094],[104.7456,29.912],[104.7409,29.9359],[104.7279,29.9512],[104.6979,29.9599],[104.6785,29.9577],[104.6705,29.947],[104.6868,29.9378],[104.6848,29.905],[104.6606,29.9226],[104.6701,29.932],[104.6507,29.9592],[104.6415,29.9602],[104.6288,29.9438],[104.6129,29.9453],[104.6018,29.9366],[104.5914,29.9524],[104.5757,29.9539],[104.5731,29.9829],[104.5661,29.9984],[104.5486,30.0039],[104.5307,30.002],[104.5102,30.039],[104.4959,30.0252],[104.4662,30.0292],[104.4647,30.0373],[104.457,30.0303],[104.4527,30.0032],[104.4767,29.9915],[104.4606,29.9678],[104.4577,29.9548],[104.4754,29.9489],[104.4707,29.9374],[104.4859,29.9242],[104.4876,29.9074],[104.5009,29.8987],[104.4922,29.8841],[104.4762,29.8413],[104.4799,29.8278],[104.4749,29.8139],[104.5012,29.8079],[104.4841,29.7896],[104.4676,29.788],[104.4536,29.7631],[104.4546,29.7508],[104.4426,29.7424],[104.4131,29.7348],[104.3951,29.7509],[104.371,29.7376],[104.3578,29.7403],[104.3344,29.7201],[104.3477,29.7043],[104.3315,29.7021],[104.3189,29.7126],[104.3052,29.6971],[104.2945,29.6757],[104.2643,29.6356],[104.2915,29.6078],[104.306,29.6098],[104.3329,29.5821],[104.3382,29.5657],[104.3654,29.5767],[104.3823,29.592],[104.3771,29.61],[104.3929,29.6244],[104.4083,29.6146],[104.42,29.6195],[104.4306,29.6028],[104.4541,29.6127],[104.4852,29.6055],[104.4922,29.5867],[104.4817,29.5634],[104.4982,29.5535],[104.5261,29.5256],[104.5281,29.4949],[104.5342,29.4741],[104.5299,29.4567],[104.5177,29.4612],[104.5052,29.4521],[104.5265,29.4318],[104.5553,29.4405],[104.5921,29.4345],[104.6203,29.4451],[104.6405,29.4218],[104.6689,29.403],[104.6747,29.3808],[104.6982,29.3821],[104.7042,29.3683],[104.7433,29.3661],[104.7358,29.3845],[104.7593,29.3858],[104.7613,29.4104],[104.7351,29.4394],[104.7537,29.461],[104.767,29.4513],[104.7805,29.4603],[104.7969,29.4627],[104.818,29.449],[104.8327,29.4342],[104.8453,29.4711],[104.8598,29.4708],[104.8812,29.4525],[104.9021,29.4485],[104.9154,29.4374],[104.9333,29.4488],[104.9489,29.4258],[104.9626,29.4232],[104.988,29.4425],[104.9991,29.4391],[105.0239,29.4423],[105.0171,29.4563],[105.0279,29.4753],[105.0408,29.484],[105.0624,29.4508],[105.0756,29.4245],[105.0726,29.4088],[105.0484,29.4121],[105.0319,29.3872],[105.0444,29.3717],[105.07,29.3545],[105.0948,29.3198],[105.1122,29.3107],[105.1261,29.2876],[105.1297,29.2669],[105.1466,29.2664],[105.1695,29.2541],[105.1972,29.2458],[105.1967,29.2264],[105.2162,29.2076],[105.2364,29.217],[105.2451,29.2017],[105.258,29.201],[105.264,29.1892]]]},"properties":{"region_code":"CN-51-5110","parent_region_code":"CN-51","name":"内江市","level":"prefecture","has_children":true,"full_path":"中国 / 四川省 / 内江市","source_admin_code":"5110","osm_relation_id":2789481}},
{"type":"Feature","geometry":{"type":"Polygon","coordinates":[[[104.2465,29.6402],[104.2378,29.6583],[104.2153,29.6706],[104.2013,29.6683],[104.1949,29.6868],[104.1851,29.6889],[104.1888,29.7093],[104.155,29.7189],[104.1504,29.7099],[104.1236,29.72],[104.1144,29.736],[104.0979,29.7476],[104.0869,29.7462],[104.0601,29.7804],[104.0693,29.7865],[104.0862,29.8161],[104.0724,29.8279],[104.0466,29.8337],[104.055,29.8598],[104.0267,29.876],[104.0013,29.8727],[103.9807,29.853],[103.9656,29.8593],[103.9392,29.8334],[103.9264,29.8294],[103.9322,29.809],[103.9207,29.7938],[103.9014,29.7866],[103.8912,29.746],[103.8529,29.7485],[103.8402,29.7339],[103.8179,29.7324],[103.802,29.7194],[103.762,29.7098],[103.7532,29.7229],[103.7375,29.7312],[103.7038,29.7166],[103.7035,29.74],[103.686,29.7621],[103.7012,29.7743],[103.7434,29.79],[103.7389,29.8138],[103.7266,29.8188],[103.7307,29.837],[103.7139,29.8579],[103.7214,29.8613],[103.7055,29.8836],[103.6955,29.8847],[103.6763,29.9112],[103.674,29.9232],[103.6506,29.9311],[103.6388,29.9206],[103.618,29.9202],[103.606,29.9121],[103.5913,29.9131],[103.5737,29.8924],[103.5827,29.8837],[103.57,29.8736],[103.5548,29.8709],[103.5376,29.877],[103.5304,29.868],[103.5325,29.8521],[103.5137,29.8464],[103.5015,29.8271],[103.4836,29.8174],[103.4622,29.8242],[103.4306,29.8231],[103.4282,29.7904],[103.4371,29.7735],[103.4156,29.7766],[103.4002,29.7919],[103.3945,29.8074],[103.3784,29.7952],[103.3569,29.802],[103.3306,29.7954],[103.3286,29.7855],[103.3136,29.7744],[103.3079,29.7552],[103.3154,29.7477],[103.2974,29.7302],[103.3022,29.7091],[103.294,29.6971],[103.3069,29.6792],[103.3197,29.6857],[103.3408,29.678],[103.3518,29.6939],[103.3604,29.6648],[103.335,29.6543],[103.3366,29.6369],[103.3228,29.6221],[103.3001,29.6113],[103.2968,29.6026],[103.2749,29.6051],[103.2688,29.5765],[103.2575,29.5727],[103.2544,29.5596],[103.267,29.5374],[103.2577,29.5158],[103.2873,29.5119],[103.2757,29.4884],[103.2569,29.4813],[103.2025,29.4866],[103.1845,29.477],[103.178,29.4329],[103.1639,29.4281],[103.1411,29.4324],[103.1313,29.4408],[103.0966,29.4323],[103.0743,29.4309],[103.048,29.4484],[103.0177,29.4519],[102.9926,29.4232],[102.9782,29.4192],[102.973,29.4082],[102.9744,29.3988],[102.9944,29.3832],[102.9967,29.3685],[102.9794,29.3483],[102.983,29.325],[103.0014,29.2899],[103.0149,29.2924],[103.0297,29.2813],[103.0204,29.2626],[103.0022,29.2529],[102.9612,29.2577],[102.9714,29.2246],[102.9612,29.1975],[102.9371,29.1948],[102.9404,29.1647],[102.9285,29.1513],[102.9257,29.1324],[102.9383,29.1041],[102.9679,29.0818],[102.973,29.0727],[102.9399,29.0438],[102.9206,29.0412],[102.9069,29.0325],[102.9048,29.0176],[102.9408,28.9474],[102.9446,28.9234],[102.9292,28.9103],[102.9265,28.8997],[102.9363,28.8772],[102.9393,28.8589],[102.9211,28.8123],[102.9237,28.7946],[102.9363,28.7753],[102.935,28.7487],[102.9623,28.6879],[102.9739,28.6784],[102.9929,28.682],[103.0244,28.6728],[103.0328,28.6668],[103.06,28.675],[103.0748,28.7101],[103.0674,28.7438],[103.0815,28.7575],[103.1036,28.7642],[103.1105,28.7728],[103.1054,28.7905],[103.1093,28.8136],[103.1297,28.828],[103.1517,28.8327],[103.1956,28.8262],[103.2046,28.8151],[103.224,28.8083],[103.2373,28.8153],[103.282,28.8058],[103.2919,28.7917],[103.2925,28.7666],[103.3127,28.761],[103.3336,28.7451],[103.3347,28.7237],[103.314,28.7066],[103.3046,28.6855],[103.2786,28.6493],[103.2783,28.613],[103.2649,28.6148],[103.257,28.6017],[103.243,28.595],[103.2482,28.5786],[103.2398,28.5575],[103.2527,28.5445],[103.2862,28.5363],[103.2991,28.5249],[103.3103,28.4912],[103.336,28.4505],[103.3544,28.4432],[103.3688,28.4242],[103.3857,28.4241],[103.4201,28.4528],[103.4325,28.4594],[103.4304,28.4714],[103.4412,28.4968],[103.4193,28.5148],[103.4274,28.5328],[103.4404,28.5466],[103.4978,28.559],[103.5157,28.5719],[103.5298,28.6025],[103.529,28.6155],[103.5638,28.6105],[103.5831,28.6182],[103.5943,28.6163],[103.6129,28.6006],[103.6103,28.6143],[103.6358,28.6284],[103.6854,28.6398],[103.7008,28.6685],[103.7183,28.6838],[103.7054,28.7022],[103.7221,28.713],[103.7131,28.7429],[103.6992,28.7488],[103.7081,28.7617],[103.7438,28.7683],[103.7564,28.784],[103.7654,28.8068],[103.7586,28.8188],[103.7704,28.8294],[103.786,28.8251],[103.8006,28.8395],[103.8271,28.8483],[103.8491,28.8347],[103.8644,28.8184],[103.9018,28.7907],[103.9139,28.7778],[103.9345,28.767],[103.9497,28.7725],[103.9533,28.7887],[103.9895,28.7977],[103.9881,28.8275],[103.9982,28.8407],[104.0003,28.8569],[104.0196,28.8489],[104.0319,28.859],[104.0253,28.8779],[104.0286,28.8884],[104.0636,28.9023],[104.0788,28.916],[104.0722,28.9255],[104.0701,28.9464],[104.0599,28.9635],[104.0634,28.9713],[104.0929,28.9612],[104.0982,28.9551],[104.1195,28.9643],[104.1228,28.9719],[104.1197,29.0008],[104.1407,29.048],[104.1475,29.0559],[104.1397,29.0735],[104.149,29.0997],[104.1619,29.1098],[104.1599,29.1211],[104.1729,29.129],[104.171,29.1576],[104.1824,29.1639],[104.1831,29.1779],[104.1727,29.1869],[104.1745,29.1986],[104.1483,29.1969],[104.1437,29.2143],[104.1485,29.2308],[104.1453,29.2535],[104.1297,29.2577],[104.1159,29.2392],[104.1072,29.2446],[104.114,29.2667],[104.1442,29.2891],[104.1329,29.3001],[104.1369,29.3101],[104.0892,29.318],[104.0741,29.3263],[104.0809,29.3425],[104.1074,29.3397],[104.158,29.3424],[104.153,29.3554],[104.1605,29.3673],[104.1584,29.3826],[104.1387,29.3772],[104.1326,29.4017],[104.1018,29.3889],[104.0881,29.3893],[104.0886,29.4145],[104.1039,29.4234],[104.0885,29.4421],[104.0561,29.4274],[104.0524,29.4699],[104.0748,29.4742],[104.0828,29.4654],[104.1241,29.5008],[104.1457,29.4764],[104.1587,29.4821],[104.1638,29.4973],[104.1534,29.5184],[104.1318,29.5297],[104.1554,29.5413],[104.1652,29.5613],[104.1576,29.5744],[104.1435,29.5794],[104.1442,29.5969],[104.1658,29.6005],[104.1661,29.6111],[104.1852,29.6321],[104.202,29.6174],[104.2218,29.6163],[104.2463,29.624],[104.2465,29.6402]]]},"properties":{"region_code":"CN-51-5111","parent_region_code":"CN-51","name":"乐山市","level":"prefecture","has_children":true,"full_path":"中国 / 四川省 / 乐山市","source_admin_code":"5111","osm_relation_id":2789892}},
{"type":"Feature","geometry":{"type":"Polygon","coordinates":[[[105.6152,30.9801],[105.6245,30.9762],[105.64,30.9506],[105.6563,30.9448],[105.6564,30.9205],[105.6852,30.9384],[105.7006,30.9136],[105.7285,30.9081],[105.7412,30.8816],[105.7268,30.8793],[105.7521,30.8453],[105.7806,30.8263],[105.7808,30.8119],[105.7901,30.7986],[105.7786,30.7876],[105.7893,30.7625],[105.7788,30.7558],[105.792,30.7365],[105.789,30.7139],[105.7995,30.6991],[105.7989,30.6732],[105.8102,30.654],[105.8054,30.628],[105.82,30.6218],[105.8202,30.6057],[105.8363,30.582],[105.8528,30.5667],[105.8677,30.5649],[105.874,30.5502],[105.8592,30.5152],[105.8411,30.5007],[105.8573,30.4885],[105.8639,30.4999],[105.8806,30.499],[105.8844,30.4797],[105.8717,30.4708],[105.9033,30.4619],[105.9222,30.4746],[105.9426,30.498],[105.923,30.4972],[105.9123,30.5118],[105.9304,30.5195],[105.952,30.5158],[105.9654,30.4919],[105.9671,30.4798],[105.979,30.4913],[106.0025,30.4939],[106.0216,30.4846],[106.0293,30.498],[106.0246,30.5087],[106.0348,30.5206],[106.0508,30.5116],[106.0701,30.4929],[106.09,30.5063],[106.1109,30.5082],[106.1192,30.5469],[106.1287,30.5629],[106.1495,30.5851],[106.1538,30.6004],[106.1657,30.6051],[106.1833,30.6012],[106.1885,30.6153],[106.1759,30.6211],[106.1741,30.6536],[106.2141,30.6816],[106.234,30.7001],[106.2137,30.7072],[106.2075,30.7236],[106.254,30.7241],[106.283,30.7077],[106.2966,30.6887],[106.3102,30.7003],[106.3505,30.7245],[106.362,30.7169],[106.3559,30.7062],[106.385,30.6822],[106.3984,30.6975],[106.419,30.6956],[106.4167,30.7106],[106.437,30.7295],[106.444,30.7557],[106.4625,30.7633],[106.4836,30.7904],[106.5014,30.7817],[106.5036,30.7625],[106.5248,30.735],[106.537,30.7435],[106.561,30.747],[106.582,30.7421],[106.5804,30.7598],[106.6143,30.7691],[106.6227,30.7928],[106.612,30.805],[106.6151,30.8222],[106.6449,30.834],[106.6574,30.8312],[106.6711,30.8413],[106.6718,30.8665],[106.6857,30.8873],[106.6631,30.9175],[106.674,30.9244],[106.7027,30.9183],[106.7187,30.9487],[106.7363,30.9541],[106.7358,30.9769],[106.7667,30.9711],[106.7811,30.9757],[106.7818,30.9968],[106.8074,31.0034],[106.8153,31.0143],[106.8188,31.0343],[106.8358,31.0645],[106.8684,31.0852],[106.8905,31.0904],[106.9053,31.1101],[106.9258,31.1128],[106.9269,31.1349],[106.9399,31.1471],[106.9479,31.1663],[106.9325,31.1767],[106.9379,31.2105],[106.9611,31.2421],[106.9607,31.253],[106.939,31.272],[106.9398,31.2914],[106.9302,31.3117],[106.9447,31.3395],[106.9279,31.3473],[106.9135,31.3796],[106.8715,31.3966],[106.8639,31.4088],[106.8798,31.4232],[106.8682,31.4281],[106.8425,31.4591],[106.8397,31.501],[106.8303,31.5107],[106.8105,31.5187],[106.8171,31.5504],[106.7813,31.5336],[106.7677,31.538],[106.7632,31.5577],[106.7662,31.5706],[106.7184,31.5656],[106.7151,31.5748],[106.6963,31.5714],[106.6902,31.5628],[106.6676,31.5788],[106.6699,31.5912],[106.6399,31.5907],[106.6299,31.5738],[106.6404,31.5424],[106.6225,31.5126],[106.6029,31.5094],[106.5592,31.5255],[106.5633,31.5447],[106.5339,31.5733],[106.5139,31.5781],[106.5109,31.5692],[106.4878,31.5697],[106.4798,31.5866],[106.4573,31.5885],[106.4547,31.6254],[106.4469,31.6488],[106.4057,31.6608],[106.3958,31.6842],[106.3622,31.6997],[106.3853,31.7324],[106.4012,31.7278],[106.4074,31.7587],[106.3938,31.8074],[106.3802,31.8046],[106.3679,31.8342],[106.3576,31.8483],[106.3317,31.8515],[106.3197,31.829],[106.3066,31.828],[106.2878,31.8096],[106.2672,31.8148],[106.2711,31.7997],[106.2627,31.777],[106.2467,31.7857],[106.2349,31.7762],[106.2111,31.7724],[106.1905,31.788],[106.183,31.8234],[106.1555,31.8135],[106.1163,31.8194],[106.1082,31.7946],[106.119,31.789],[106.1245,31.7692],[106.1087,31.7615],[106.1051,31.744],[106.0945,31.731],[106.0285,31.6897],[106.0033,31.6869],[105.9738,31.6647],[105.9545,31.6748],[105.9174,31.6578],[105.9249,31.6455],[105.9069,31.6282],[105.8829,31.6514],[105.8728,31.642],[105.8822,31.6316],[105.8617,31.6171],[105.8414,31.6362],[105.8378,31.6599],[105.778,31.7073],[105.7648,31.7376],[105.7456,31.721],[105.7224,31.7289],[105.7254,31.7086],[105.7177,31.6828],[105.7235,31.6755],[105.7104,31.6554],[105.6954,31.6521],[105.6825,31.6154],[105.6577,31.6014],[105.6426,31.6085],[105.6294,31.6031],[105.6355,31.5899],[105.6193,31.5871],[105.6139,31.5565],[105.6037,31.5552],[105.596,31.5831],[105.5786,31.5803],[105.5757,31.5685],[105.559,31.5703],[105.5331,31.5649],[105.5283,31.5757],[105.5058,31.5822],[105.4988,31.5678],[105.4557,31.5289],[105.4585,31.5004],[105.439,31.4841],[105.4544,31.477],[105.4762,31.4846],[105.497,31.4598],[105.4803,31.4399],[105.4766,31.4277],[105.496,31.4046],[105.5213,31.3937],[105.5502,31.4047],[105.5665,31.3997],[105.5694,31.384],[105.588,31.3986],[105.6088,31.399],[105.6226,31.4074],[105.6392,31.397],[105.6412,31.3806],[105.6289,31.3643],[105.6258,31.3484],[105.6006,31.3393],[105.6054,31.3273],[105.5895,31.3044],[105.5908,31.2943],[105.6123,31.2981],[105.6347,31.2854],[105.6438,31.2599],[105.6711,31.2583],[105.6632,31.237],[105.6707,31.2262],[105.6741,31.1997],[105.67,31.1742],[105.6957,31.1742],[105.718,31.1519],[105.7126,31.1319],[105.7178,31.0876],[105.708,31.0614],[105.7103,31.0422],[105.6888,31.0253],[105.6607,31.0222],[105.6588,31.0028],[105.6293,31.0055],[105.6118,30.9948],[105.6152,30.9801]]]},"properties":{"region_code":"CN-51-5113","parent_region_code":"CN-51","name":"南充市","level":"prefecture","has_children":true,"full_path":"中国 / 四川省 / 南充市","source_admin_code":"5113","osm_relation_id":2787937}},
{"type":"Feature","geometry":{"type":"Polygon","coordinates":[[[103.3925,30.0971],[103.3733,30.094],[103.3544,30.0994],[103.3399,30.0884],[103.3362,30.0757],[103.3113,30.0735],[103.3018,30.0806],[103.27,30.0644],[103.2567,30.0523],[103.2573,30.0416],[103.2409,30.0241],[103.2415,30.0105],[103.2314,29.9965],[103.2277,29.9763],[103.2039,29.9678],[103.1888,29.9701],[103.1957,29.9473],[103.18,29.9506],[103.1611,29.9395],[103.1576,29.9267],[103.1195,29.9173],[103.0857,29.8986],[103.0895,29.8836],[103.1226,29.8664],[103.1328,29.8517],[103.1447,29.8193],[103.1635,29.7947],[103.1655,29.7743],[103.1407,29.7614],[103.1617,29.743],[103.1446,29.7318],[103.1543,29.7205],[103.1416,29.707],[103.1463,29.6712],[103.127,29.6723],[103.1138,29.6866],[103.0961,29.6961],[103.0916,29.6851],[103.0674,29.6847],[103.0513,29.6776],[103.0467,29.7001],[103.0314,29.7026],[103.0271,29.7204],[103.0126,29.7286],[103.0026,29.7139],[102.9747,29.7107],[102.9602,29.726],[102.929,29.7139],[102.9298,29.6941],[102.938,29.6821],[102.9231,29.6575],[102.9354,29.6424],[102.9217,29.6034],[102.9189,29.5581],[102.8894,29.546],[102.86,29.522],[102.8472,29.5066],[102.8494,29.4985],[102.892,29.4755],[102.8947,29.4463],[102.9072,29.4329],[102.9016,29.419],[102.9165,29.4156],[102.9327,29.4029],[102.9476,29.4111],[102.973,29.4082],[102.9782,29.4192],[102.9926,29.4232],[103.0177,29.4519],[103.048,29.4484],[103.0743,29.4309],[103.0966,29.4323],[103.1313,29.4408],[103.1411,29.4324],[103.1639,29.4281],[103.178,29.4329],[103.1845,29.477],[103.2025,29.4866],[103.2569,29.4813],[103.2757,29.4884],[103.2873,29.5119],[103.2577,29.5158],[103.267,29.5374],[103.2544,29.5596],[103.2575,29.5727],[103.2688,29.5765],[103.2749,29.6051],[103.2968,29.6026],[103.3001,29.6113],[103.3228,29.6221],[103.3366,29.6369],[103.335,29.6543],[103.3604,29.6648],[103.3518,29.6939],[103.3408,29.678],[103.3197,29.6857],[103.3069,29.6792],[103.294,29.6971],[103.3022,29.7091],[103.2974,29.7302],[103.3154,29.7477],[103.3079,29.7552],[103.3136,29.7744],[103.3286,29.7855],[103.3306,29.7954],[103.3569,29.802],[103.3784,29.7952],[103.3945,29.8074],[103.4002,29.7919],[103.4156,29.7766],[103.4371,29.7735],[103.4282,29.7904],[103.4306,29.8231],[103.4622,29.8242],[103.4836,29.8174],[103.5015,29.8271],[103.5137,29.8464],[103.5325,29.8521],[103.5304,29.868],[103.5376,29.877],[103.5548,29.8709],[103.57,29.8736],[103.5827,29.8837],[103.5737,29.8924],[103.5913,29.9131],[103.606,29.9121],[103.618,29.9202],[103.6388,29.9206],[103.6506,29.9311],[103.674,29.9232],[103.6763,29.9112],[103.6955,29.8847],[103.7055,29.8836],[103.7214,29.8613],[103.7139,29.8579],[103.7307,29.837],[103.7266,29.8188],[103.7389,29.8138],[103.7434,29.79],[103.7012,29.7743],[103.686,29.7621],[103.7035,29.74],[103.7038,29.7166],[103.7375,29.7312],[103.7532,29.7229],[103.762,29.7098],[103.802,29.7194],[103.8179,29.7324],[103.8402,29.7339],[103.8529,29.7485],[103.8912,29.746],[103.9014,29.7866],[103.9207,29.7938],[103.9322,29.809],[103.9264,29.8294],[103.9392,29.8334],[103.9656,29.8593],[103.9807,29.853],[104.0013,29.8727],[104.0267,29.876],[104.055,29.8598],[104.0466,29.8337],[104.0724,29.8279],[104.0862,29.8161],[104.0693,29.7865],[104.0601,29.7804],[104.0869,29.7462],[104.0979,29.7476],[104.1144,29.736],[104.1236,29.72],[104.1504,29.7099],[104.155,29.7189],[104.1888,29.7093],[104.1851,29.6889],[104.1949,29.6868],[104.2013,29.6683],[104.2153,29.6706],[104.2378,29.6583],[104.2465,29.6402],[104.2643,29.6356],[104.2945,29.6757],[104.3052,29.6971],[104.3189,29.7126],[104.3315,29.7021],[104.3477,29.7043],[104.3344,29.7201],[104.3578,29.7403],[104.371,29.7376],[104.3951,29.7509],[104.4131,29.7348],[104.4426,29.7424],[104.4546,29.7508],[104.4536,29.7631],[104.4676,29.788],[104.4841,29.7896],[104.5012,29.8079],[104.4749,29.8139],[104.4799,29.8278],[104.4762,29.8413],[104.4922,29.8841],[104.5009,29.8987],[104.4876,29.9074],[104.4859,29.9242],[104.4707,29.9374],[104.4754,29.9489],[104.4577,29.9548],[104.4606,29.9678],[104.4767,29.9915],[104.4527,30.0032],[104.457,30.0303],[104.4647,30.0373],[104.4617,30.0525],[104.4657,30.0701],[104.4799,30.0772],[104.4794,30.0893],[104.4588,30.0892],[104.4476,30.1037],[104.4356,30.1041],[104.4258,30.0923],[104.4071,30.1281],[104.3962,30.1272],[104.3794,30.1681],[104.3556,30.1762],[104.362,30.1885],[104.3247,30.2069],[104.313,30.2034],[104.2899,30.2137],[104.2622,30.2443],[104.2416,30.2467],[104.2286,30.2588],[104.241,30.2701],[104.2233,30.2786],[104.2293,30.2946],[104.2299,30.3164],[104.2107,30.3231],[104.1992,30.3192],[104.1906,30.3325],[104.1753,30.3192],[104.1655,30.2857],[104.1518,30.2707],[104.15,30.247],[104.1237,30.2287],[104.096,30.2412],[104.0789,30.2571],[104.0472,30.2741],[104.029,30.2672],[104.0042,30.2655],[103.9724,30.2879],[103.9761,30.3098],[103.9609,30.3245],[103.9413,30.3353],[103.9315,30.3606],[103.9123,30.3564],[103.9175,30.3458],[103.8833,30.3317],[103.8755,30.3487],[103.8091,30.3465],[103.7966,30.3493],[103.7691,30.3376],[103.7646,30.3273],[103.7248,30.3077],[103.7357,30.2949],[103.7151,30.2853],[103.7068,30.273],[103.6873,30.2712],[103.6747,30.2402],[103.6555,30.2397],[103.6418,30.2261],[103.6493,30.2047],[103.6208,30.2125],[103.6172,30.1982],[103.5933,30.2067],[103.5612,30.1898],[103.5422,30.1845],[103.5361,30.1754],[103.5434,30.1602],[103.5153,30.1434],[103.4882,30.1137],[103.4718,30.1215],[103.469,30.1037],[103.4545,30.0916],[103.4396,30.1125],[103.4162,30.1123],[103.3925,30.0971]]]},"properties":{"region_code":"CN-51-5114","parent_region_code":"CN-51","name":"眉山市","level":"prefecture","has_children":true,"full_path":"中国 / 四川省 / 眉山市","source_admin_code":"5114","osm_relation_id":2789926}},
{"type":"Feature","geometry":{"type":"Polygon","coordinates":[[[104.1745,29.1986],[104.1727,29.1869],[104.1831,29.1779],[104.1824,29.1639],[104.171,29.1576],[104.1729,29.129],[104.1599,29.1211],[104.1619,29.1098],[104.149,29.0997],[104.1397,29.0735],[104.1475,29.0559],[104.1407,29.048],[104.1197,29.0008],[104.1228,28.9719],[104.1195,28.9643],[104.0982,28.9551],[104.0929,28.9612],[104.0634,28.9713],[104.0599,28.9635],[104.0701,28.9464],[104.0722,28.9255],[104.0788,28.916],[104.0636,28.9023],[104.0286,28.8884],[104.0253,28.8779],[104.0319,28.859],[104.0196,28.8489],[104.0003,28.8569],[103.9982,28.8407],[103.9881,28.8275],[103.9895,28.7977],[103.9533,28.7887],[103.9497,28.7725],[103.9345,28.767],[103.9139,28.7778],[103.9018,28.7907],[103.8644,28.8184],[103.8491,28.8347],[103.8271,28.8483],[103.8006,28.8395],[103.786,28.8251],[103.7704,28.8294],[103.7586,28.8188],[103.7654,28.8068],[103.7564,28.784],[103.7438,28.7683],[103.7081,28.7617],[103.6992,28.7488],[103.7131,28.7429],[103.7221,28.713],[103.7054,28.7022],[103.7183,28.6838],[103.7008,28.6685],[103.6854,28.6398],[103.6358,28.6284],[103.6103,28.6143],[103.6129,28.6006],[103.6402,28.6087],[103.6668,28.596],[103.6775,28.575],[103.6896,28.5648],[103.707,28.5616],[103.7127,28.5459],[103.699,28.5265],[103.6872,28.5227],[103.6819,28.502],[103.7099,28.4859],[103.7374,28.5052],[103.7373,28.5184],[103.7547,28.5263],[103.7797,28.5283],[103.8017,28.5386],[103.7993,28.565],[103.8335,28.5858],[103.8334,28.6274],[103.8413,28.6357],[103.8378,28.6499],[103.8468,28.6694],[103.862,28.6699],[103.8717,28.6529],[103.8691,28.6346],[103.8854,28.6235],[103.8974,28.6239],[103.9119,28.6355],[103.931,28.6282],[103.9461,28.6039],[104.0108,28.6228],[104.0607,28.6305],[104.0926,28.606],[104.1084,28.6157],[104.1107,28.6293],[104.1214,28.6401],[104.163,28.6439],[104.19,28.6372],[104.2141,28.6417],[104.232,28.6396],[104.2475,28.6675],[104.2696,28.6358],[104.2985,28.6369],[104.2992,28.6232],[104.3197,28.6215],[104.342,28.6443],[104.3713,28.6527],[104.409,28.6406],[104.4196,28.6263],[104.4081,28.6002],[104.3889,28.6027],[104.3659,28.5893],[104.3562,28.5605],[104.3282,28.563],[104.3216,28.5448],[104.2959,28.5438],[104.287,28.5368],[104.2647,28.5408],[104.2475,28.5335],[104.2453,28.5151],[104.2624,28.5066],[104.2582,28.4888],[104.2684,28.4706],[104.2562,28.4518],[104.2653,28.4236],[104.2529,28.4134],[104.2531,28.4033],[104.2672,28.3866],[104.2762,28.3513],[104.2987,28.3318],[104.2865,28.3165],[104.3161,28.3113],[104.3344,28.3328],[104.3531,28.3414],[104.382,28.3333],[104.3913,28.2963],[104.415,28.2719],[104.4285,28.2774],[104.446,28.2716],[104.4415,28.2612],[104.4589,28.2453],[104.4487,28.2377],[104.4477,28.2228],[104.4364,28.2133],[104.4156,28.2111],[104.3995,28.2034],[104.4027,28.1768],[104.4306,28.1714],[104.4462,28.1573],[104.4401,28.1443],[104.4511,28.1343],[104.4461,28.1174],[104.4298,28.1188],[104.4251,28.1039],[104.3974,28.0975],[104.3972,28.0745],[104.3724,28.0556],[104.34,28.0623],[104.3289,28.0569],[104.3007,28.0542],[104.2972,28.0466],[104.3244,28.0282],[104.3513,28.0233],[104.3759,27.9955],[104.3954,27.9558],[104.4112,27.9536],[104.435,27.9328],[104.4527,27.9271],[104.4702,27.9077],[104.4958,27.9001],[104.5072,27.8811],[104.5261,27.8926],[104.5383,27.8891],[104.5575,27.8715],[104.5584,27.8554],[104.5722,27.8437],[104.6142,27.8627],[104.6319,27.8541],[104.6773,27.8856],[104.7508,27.9049],[104.7466,27.8931],[104.7597,27.8871],[104.8103,27.9059],[104.8381,27.9033],[104.8732,27.9106],[104.8852,27.9168],[104.8873,27.9381],[104.9103,27.9395],[104.8994,27.968],[104.9181,27.974],[104.9276,27.9895],[104.9531,28.0043],[104.9576,28.0167],[104.9713,28.023],[104.9687,28.0354],[104.9791,28.0659],[105.0017,28.0662],[105.0263,28.0798],[105.0409,28.1003],[105.108,28.0824],[105.1159,28.0742],[105.1407,28.0698],[105.177,28.0717],[105.2011,28.0763],[105.2128,28.0862],[105.2225,28.1054],[105.2411,28.1153],[105.2592,28.1334],[105.292,28.1359],[105.302,28.1418],[105.3265,28.1409],[105.3399,28.1599],[105.3358,28.1846],[105.3286,28.1983],[105.3242,28.2228],[105.3373,28.2222],[105.3301,28.2588],[105.3356,28.2835],[105.328,28.2948],[105.3334,28.3154],[105.3269,28.3271],[105.3068,28.342],[105.3115,28.3518],[105.3023,28.3637],[105.3173,28.3952],[105.3187,28.4261],[105.2903,28.4389],[105.2918,28.452],[105.2167,28.4542],[105.2032,28.46],[105.2307,28.4985],[105.2341,28.5251],[105.223,28.5435],[105.2095,28.542],[105.2044,28.5728],[105.1922,28.5812],[105.1691,28.6099],[105.1709,28.6275],[105.1633,28.6533],[105.2004,28.6786],[105.2144,28.7158],[105.2141,28.7423],[105.205,28.7514],[105.2263,28.7669],[105.227,28.7978],[105.2121,28.8216],[105.2107,28.8638],[105.1995,28.8889],[105.1848,28.9014],[105.1724,28.9206],[105.1526,28.9314],[105.1426,28.9452],[105.1164,28.9467],[105.1067,28.9385],[105.0756,28.9422],[105.0456,28.9558],[105.0403,28.9666],[105.0169,28.9732],[105.002,28.9938],[104.9679,29.0093],[104.9669,29.0201],[104.9451,29.0205],[104.9351,29.0436],[104.9371,29.064],[104.9187,29.0556],[104.8793,29.0496],[104.8744,29.0252],[104.8428,29.0046],[104.8279,29.0058],[104.8099,28.9955],[104.7892,29.0055],[104.7511,29.0004],[104.7369,28.9928],[104.7113,29.0009],[104.7191,29.0104],[104.7017,29.0502],[104.7096,29.0664],[104.7331,29.0767],[104.7318,29.1054],[104.7197,29.107],[104.694,29.1293],[104.68,29.1584],[104.6936,29.1773],[104.6841,29.1827],[104.6786,29.2058],[104.6656,29.1994],[104.6451,29.2019],[104.6328,29.2105],[104.5973,29.1962],[104.5847,29.1732],[104.5444,29.1465],[104.5152,29.1624],[104.5011,29.1614],[104.4894,29.1838],[104.4626,29.2096],[104.4591,29.2221],[104.4325,29.2205],[104.4339,29.2459],[104.4153,29.2375],[104.403,29.2447],[104.3466,29.2395],[104.3353,29.2303],[104.3272,29.2469],[104.2923,29.2457],[104.2843,29.2623],[104.2477,29.2543],[104.2629,29.236],[104.2623,29.2224],[104.2317,29.2087],[104.2202,29.2136],[104.2041,29.2302],[104.1848,29.2197],[104.1745,29.1986]]]},"properties":{"region_code":"CN-51-5115","parent_region_code":"CN-51","name":"宜宾市","level":"prefecture","has_children":true,"full_path":"中国 / 四川省 / 宜宾市","source_admin_code":"5115","osm_relation_id":2791229}},
{"type":"Feature","geometry":{"type":"Polygon","coordinates":[[[105.9967,30.3789],[106.0125,30.3738],[106.0276,30.3767],[106.0393,30.3532],[106.0677,30.3371],[106.0835,30.3489],[106.0863,30.3297],[106.1017,30.3138],[106.1111,30.3203],[106.1298,30.3199],[106.1663,30.306],[106.1766,30.2733],[106.1683,30.2555],[106.1763,30.2351],[106.198,30.2367],[106.1883,30.2195],[106.2099,30.205],[106.2228,30.2135],[106.2628,30.1946],[106.2926,30.208],[106.2873,30.2197],[106.332,30.238],[106.345,30.2473],[106.3674,30.2505],[106.3992,30.2444],[106.409,30.2469],[106.4161,30.2674],[106.4138,30.2809],[106.432,30.3061],[106.4413,30.3092],[106.5073,30.2924],[106.5171,30.3026],[106.5416,30.2989],[106.5515,30.3183],[106.5824,30.3059],[106.5899,30.295],[106.6082,30.2954],[106.6315,30.2679],[106.6399,30.2507],[106.6274,30.2484],[106.608,30.2308],[106.6222,30.2262],[106.6226,30.2015],[106.6434,30.1919],[106.6354,30.1827],[106.6739,30.1604],[106.668,30.1271],[106.6989,30.1209],[106.6924,30.1005],[106.6987,30.0954],[106.6959,30.0763],[106.7228,30.0565],[106.7197,30.0471],[106.7277,30.0294],[106.7645,30.0183],[106.7836,30.0205],[106.7952,30.0331],[106.8216,30.0337],[106.8375,30.0518],[106.858,30.0321],[106.8994,30.0332],[106.9294,30.0412],[106.9525,30.0561],[106.9525,30.0698],[106.9657,30.0847],[106.9799,30.088],[106.9982,30.0559],[107.0107,30.0546],[107.0198,30.037],[107.0338,30.0453],[107.037,30.0572],[107.0626,30.0481],[107.0807,30.0668],[107.0682,30.0832],[107.0783,30.097],[107.1068,30.1033],[107.1085,30.1204],[107.1272,30.1235],[107.1323,30.1378],[107.1551,30.1567],[107.1796,30.1836],[107.1951,30.1939],[107.2377,30.2443],[107.2561,30.276],[107.2546,30.2851],[107.2732,30.3145],[107.2828,30.3372],[107.3004,30.3573],[107.2845,30.3662],[107.2709,30.3584],[107.2781,30.339],[107.2676,30.3245],[107.2571,30.328],[107.2451,30.3495],[107.2253,30.3436],[107.2274,30.3604],[107.2218,30.3816],[107.2117,30.3994],[107.215,30.4391],[107.1888,30.4329],[107.1819,30.4526],[107.1624,30.4595],[107.1882,30.4911],[107.208,30.5062],[107.1988,30.5282],[107.1707,30.5057],[107.1504,30.5117],[107.138,30.5228],[107.1127,30.5176],[107.0957,30.5231],[107.0924,30.5028],[107.1111,30.5],[107.127,30.4891],[107.1228,30.4719],[107.1039,30.485],[107.0795,30.4929],[107.0724,30.5164],[107.0363,30.5164],[107.0188,30.5266],[107.0057,30.5226],[106.9969,30.5076],[106.9714,30.5167],[106.9713,30.5379],[106.9819,30.5497],[107.0088,30.5481],[107.0171,30.5614],[107.0171,30.5795],[107.035,30.6276],[107.0373,30.643],[107.0228,30.648],[106.9961,30.638],[106.9787,30.6396],[106.9653,30.648],[106.9504,30.6392],[106.9341,30.6521],[106.9056,30.6596],[106.888,30.702],[106.8998,30.7057],[106.9166,30.6877],[106.9363,30.6941],[106.9452,30.7097],[106.9126,30.709],[106.8923,30.7214],[106.8786,30.7184],[106.8744,30.7372],[106.8558,30.7346],[106.8414,30.7388],[106.792,30.7816],[106.7816,30.7807],[106.766,30.7926],[106.7513,30.7945],[106.7536,30.8109],[106.7347,30.8107],[106.727,30.8344],[106.7043,30.8383],[106.6817,30.8316],[106.6711,30.8413],[106.6574,30.8312],[106.6449,30.834],[106.6151,30.8222],[106.612,30.805],[106.6227,30.7928],[106.6143,30.7691],[106.5804,30.7598],[106.582,30.7421],[106.561,30.747],[106.537,30.7435],[106.5248,30.735],[106.5036,30.7625],[106.5014,30.7817],[106.4836,30.7904],[106.4625,30.7633],[106.444,30.7557],[106.437,30.7295],[106.4167,30.7106],[106.419,30.6956],[106.3984,30.6975],[106.385,30.6822],[106.3559,30.7062],[106.362,30.7169],[106.3505,30.7245],[106.3102,30.7003],[106.2966,30.6887],[106.283,30.7077],[106.254,30.7241],[106.2075,30.7236],[106.2137,30.7072],[106.234,30.7001],[106.2141,30.6816],[106.1741,30.6536],[106.1759,30.6211],[106.1885,30.6153],[106.1833,30.6012],[106.1657,30.6051],[106.1538,30.6004],[106.1495,30.5851],[106.1287,30.5629],[106.1192,30.5469],[106.1109,30.5082],[106.09,30.5063],[106.0701,30.4929],[106.0508,30.5116],[106.0348,30.5206],[106.0246,30.5087],[106.0293,30.498],[106.0216,30.4846],[106.0025,30.4939],[105.979,30.4913],[105.9671,30.4798],[105.9685,30.4603],[105.9441,30.4509],[105.9599,30.4273],[105.995,30.3995],[105.9967,30.3789]]]},"properties":{"region_code":"CN-51-5116","parent_region_code":"CN-51","name":"广安市","level":"prefecture","has_children":true,"full_path":"中国 / 四川省 / 广安市","source_admin_code":"5116","osm_relation_id":2787851}},
{"type":"Feature","geometry":{"type":"Polygon","coordinates":[[[106.6711,30.8413],[106.6817,30.8316],[106.7043,30.8383],[106.727,30.8344],[106.7347,30.8107],[106.7536,30.8109],[106.7513,30.7945],[106.766,30.7926],[106.7816,30.7807],[106.792,30.7816],[106.8414,30.7388],[106.8558,30.7346],[106.8744,30.7372],[106.8786,30.7184],[106.8923,30.7214],[106.9126,30.709],[106.9452,30.7097],[106.9363,30.6941],[106.9166,30.6877],[106.8998,30.7057],[106.888,30.702],[106.9056,30.6596],[106.9341,30.6521],[106.9504,30.6392],[106.9653,30.648],[106.9787,30.6396],[106.9961,30.638],[107.0228,30.648],[107.0373,30.643],[107.035,30.6276],[107.0171,30.5795],[107.0171,30.5614],[107.0088,30.5481],[106.9819,30.5497],[106.9713,30.5379],[106.9714,30.5167],[106.9969,30.5076],[107.0057,30.5226],[107.0188,30.5266],[107.0363,30.5164],[107.0724,30.5164],[107.0795,30.4929],[107.1039,30.485],[107.1228,30.4719],[107.127,30.4891],[107.1111,30.5],[107.0924,30.5028],[107.0957,30.5231],[107.1127,30.5176],[107.138,30.5228],[107.1504,30.5117],[107.1707,30.5057],[107.1988,30.5282],[107.208,30.5062],[107.1882,30.4911],[107.1624,30.4595],[107.1819,30.4526],[107.1888,30.4329],[107.215,30.4391],[107.2117,30.3994],[107.2218,30.3816],[107.2274,30.3604],[107.2253,30.3436],[107.2451,30.3495],[107.2571,30.328],[107.2676,30.3245],[107.2781,30.339],[107.2709,30.3584],[107.2845,30.3662],[107.3004,30.3573],[107.3154,30.3671],[107.3343,30.3897],[107.3406,30.4276],[107.3637,30.4709],[107.3835,30.4943],[107.4034,30.5242],[107.4161,30.5188],[107.439,30.5363],[107.4234,30.5513],[107.4811,30.6003],[107.489,30.6225],[107.5127,30.6503],[107.4848,30.6663],[107.4723,30.6669],[107.4484,30.7086],[107.4318,30.724],[107.4199,30.7448],[107.4347,30.7493],[107.4353,30.7631],[107.4721,30.8011],[107.4893,30.8064],[107.4903,30.8236],[107.4796,30.8401],[107.5126,30.8584],[107.5211,30.8461],[107.5718,30.8514],[107.6116,30.8415],[107.6121,30.8308],[107.6396,30.815],[107.6547,30.8379],[107.6825,30.8716],[107.6991,30.8736],[107.7117,30.8924],[107.7381,30.8849],[107.7528,30.8573],[107.7603,30.8186],[107.779,30.8214],[107.807,30.8074],[107.8447,30.7943],[107.8669,30.811],[107.8904,30.8353],[107.9503,30.8732],[107.9513,30.8835],[107.9913,30.9113],[107.9651,30.9144],[107.9405,30.9268],[107.9328,30.9554],[107.9389,30.992],[107.968,30.985],[107.9812,30.9866],[108.0003,31.0264],[108.0495,31.0433],[108.0556,31.0541],[108.0429,31.0642],[108.0222,31.0634],[108.0183,31.0956],[108.0065,31.1131],[108.024,31.1203],[108.0305,31.1386],[108.0688,31.1744],[108.0855,31.201],[108.0766,31.2218],[108.0586,31.2284],[108.0275,31.2194],[108.0278,31.2396],[108.0173,31.2473],[108.0605,31.2632],[108.0894,31.2684],[108.0893,31.2762],[108.1577,31.3151],[108.1776,31.3287],[108.1819,31.3402],[108.1759,31.3544],[108.1546,31.3627],[108.1499,31.3757],[108.1698,31.3835],[108.1747,31.3943],[108.1981,31.3975],[108.2124,31.4135],[108.2129,31.4319],[108.2065,31.4411],[108.2218,31.4543],[108.2207,31.4661],[108.1896,31.4699],[108.188,31.4946],[108.2058,31.4952],[108.232,31.5096],[108.2466,31.5005],[108.2559,31.5056],[108.2911,31.5049],[108.3089,31.5096],[108.3192,31.504],[108.3448,31.52],[108.3347,31.5408],[108.3459,31.5505],[108.3751,31.5435],[108.3851,31.5479],[108.3889,31.5797],[108.3844,31.5916],[108.3959,31.6046],[108.4138,31.6128],[108.4264,31.6305],[108.4525,31.632],[108.4692,31.6422],[108.4884,31.6442],[108.5153,31.6683],[108.5299,31.6713],[108.5235,31.687],[108.5156,31.7285],[108.503,31.7376],[108.5305,31.7592],[108.5118,31.7633],[108.4838,31.7777],[108.4466,31.7888],[108.4607,31.8081],[108.4561,31.8134],[108.4223,31.812],[108.3914,31.8268],[108.38,31.8496],[108.3385,31.8647],[108.3038,31.9082],[108.2783,31.9191],[108.2828,31.9393],[108.2777,31.956],[108.2556,31.9683],[108.2636,31.987],[108.2921,31.99],[108.3033,31.9993],[108.3207,31.9873],[108.3492,31.977],[108.3662,31.9907],[108.3419,32.005],[108.3237,32.0205],[108.3369,32.0324],[108.3605,32.0384],[108.3495,32.0587],[108.3527,32.0714],[108.371,32.0795],[108.3909,32.0704],[108.4253,32.0622],[108.4436,32.0743],[108.4461,32.0941],[108.4344,32.097],[108.4174,32.1246],[108.3998,32.146],[108.3903,32.1491],[108.3751,32.1781],[108.4019,32.1981],[108.4172,32.1914],[108.4388,32.191],[108.453,32.1826],[108.4752,32.1833],[108.4873,32.1961],[108.4993,32.1984],[108.5106,32.2206],[108.5027,32.2473],[108.4812,32.2522],[108.4663,32.2727],[108.4456,32.2611],[108.4294,32.2643],[108.4107,32.2541],[108.3853,32.2648],[108.3654,32.2546],[108.3442,32.2555],[108.3256,32.2343],[108.3073,32.2331],[108.284,32.2506],[108.2606,32.2587],[108.2375,32.2761],[108.216,32.2598],[108.209,32.2485],[108.1759,32.2228],[108.1669,32.2347],[108.1512,32.2409],[108.1383,32.2206],[108.1217,32.2187],[108.0859,32.2349],[108.0673,32.2353],[108.0535,32.2213],[108.0309,32.2226],[108.0137,32.2127],[108.0129,32.195],[108.0199,32.178],[107.9986,32.156],[107.9815,32.1455],[107.9498,32.1648],[107.9226,32.1929],[107.9012,32.2096],[107.8856,32.2154],[107.8756,32.2034],[107.8607,32.2029],[107.8305,32.2257],[107.8106,32.2465],[107.8012,32.2656],[107.7858,32.28],[107.7698,32.3105],[107.7455,32.3392],[107.7108,32.3286],[107.6975,32.3163],[107.7006,32.2836],[107.697,32.2719],[107.673,32.2505],[107.6818,32.2307],[107.6624,32.2129],[107.6248,32.2009],[107.6237,32.1539],[107.6369,32.1421],[107.6761,32.1433],[107.7045,32.1193],[107.7112,32.1213],[107.7379,32.1046],[107.7593,32.0719],[107.7283,32.0418],[107.6979,32.0321],[107.67,32.0088],[107.6507,32.0146],[107.6379,32.0104],[107.6179,32.0168],[107.5889,32.0092],[107.5647,31.9836],[107.5797,31.9653],[107.5652,31.951],[107.5367,31.9462],[107.5364,31.9308],[107.5174,31.9324],[107.514,31.9203],[107.5451,31.8937],[107.5288,31.8793],[107.5154,31.8905],[107.4919,31.8676],[107.5649,31.8384],[107.5714,31.8236],[107.56,31.8123],[107.55,31.771],[107.5291,31.7629],[107.5335,31.7378],[107.516,31.7299],[107.4946,31.7332],[107.4884,31.719],[107.4972,31.7004],[107.5131,31.6852],[107.5281,31.6866],[107.5263,31.6618],[107.494,31.6253],[107.4874,31.5991],[107.4669,31.5983],[107.4585,31.5879],[107.4335,31.5916],[107.4317,31.5813],[107.4076,31.5685],[107.3877,31.5686],[107.3704,31.5503],[107.3474,31.551],[107.3268,31.534],[107.3287,31.5138],[107.3179,31.4946],[107.2816,31.4938],[107.2805,31.481],[107.2681,31.4555],[107.2551,31.4472],[107.2453,31.4607],[107.2213,31.4526],[107.2206,31.4364],[107.2054,31.4287],[107.1699,31.431],[107.1531,31.3962],[107.1403,31.3808],[107.1467,31.3566],[107.1139,31.3359],[107.0965,31.3414],[107.083,31.3541],[107.0797,31.3676],[107.0517,31.3632],[107.0415,31.3466],[107.049,31.3302],[107.0302,31.3225],[107.035,31.2965],[107.0149,31.3064],[106.9999,31.2719],[106.9816,31.2628],[106.9774,31.2504],[106.9607,31.253],[106.9611,31.2421],[106.9379,31.2105],[106.9325,31.1767],[106.9479,31.1663],[106.9399,31.1471],[106.9269,31.1349],[106.9258,31.1128],[106.9053,31.1101],[106.8905,31.0904],[106.8684,31.0852],[106.8358,31.0645],[106.8188,31.0343],[106.8153,31.0143],[106.8074,31.0034],[106.7818,30.9968],[106.7811,30.9757],[106.7667,30.9711],[106.7358,30.9769],[106.7363,30.9541],[106.7187,30.9487],[106.7027,30.9183],[106.674,30.9244],[106.6631,30.9175],[106.6857,30.8873],[106.6718,30.8665],[106.6711,30.8413]]]},"properties":{"region_code":"CN-51-5117","parent_region_code":"CN-51","name":"达州市","level":"prefecture","has_children":true,"full_path":"中国 / 四川省 / 达州市","source_admin_code":"5117","osm_relation_id":2787741}},
{"type":"Feature","geometry":{"type":"Polygon","coordinates":[[[102.9917,30.7803],[102.9791,30.7809],[102.9488,30.7684],[102.9362,30.7714],[102.9138,30.7608],[102.8812,30.7686],[102.8798,30.7781],[102.8623,30.8086],[102.8747,30.8225],[102.8942,30.8993],[102.8585,30.9395],[102.8257,30.9304],[102.8081,30.9343],[102.783,30.9331],[102.7765,30.9215],[102.7574,30.9298],[102.7446,30.9124],[102.7271,30.9233],[102.6937,30.9138],[102.6842,30.8948],[102.6848,30.8618],[102.6652,30.8528],[102.6316,30.853],[102.6208,30.8467],[102.5811,30.8502],[102.5632,30.8225],[102.5347,30.8149],[102.5254,30.7963],[102.5056,30.8009],[102.4943,30.7946],[102.4683,30.7682],[102.4703,30.759],[102.4874,30.7426],[102.4827,30.7034],[102.4841,30.6858],[102.4715,30.6747],[102.4773,30.6633],[102.467,30.636],[102.4488,30.6282],[102.4353,30.6122],[102.4242,30.5476],[102.4154,30.5229],[102.4183,30.5082],[102.4116,30.4963],[102.4208,30.468],[102.4166,30.4501],[102.4318,30.4295],[102.4176,30.3891],[102.4296,30.3748],[102.4314,30.3577],[102.419,30.344],[102.4155,30.3153],[102.4084,30.3091],[102.4136,30.2934],[102.4106,30.2756],[102.3965,30.2322],[102.3844,30.2242],[102.3714,30.2314],[102.3507,30.2097],[102.3298,30.1994],[102.3216,30.1701],[102.3116,30.1678],[102.2965,30.1443],[102.2881,30.1111],[102.2955,30.1003],[102.28,30.0937],[102.2669,30.0804],[102.2773,30.0425],[102.2724,30.0329],[102.2751,30.0035],[102.295,29.9939],[102.2942,29.9725],[102.3007,29.951],[102.2964,29.9322],[102.2842,29.9225],[102.2782,29.894],[102.2689,29.8838],[102.2727,29.8698],[102.2906,29.858],[102.2879,29.8421],[102.3235,29.8205],[102.3234,29.8031],[102.3441,29.7971],[102.3559,29.7748],[102.3484,29.7566],[102.326,29.7424],[102.3337,29.7232],[102.2969,29.6906],[102.2919,29.6728],[102.2941,29.6554],[102.2825,29.6393],[102.2895,29.6312],[102.275,29.6115],[102.3044,29.5779],[102.3198,29.5565],[102.3087,29.5314],[102.2884,29.5199],[102.2521,29.4927],[102.2042,29.4625],[102.1927,29.4709],[102.1713,29.469],[102.1774,29.4905],[102.1767,29.5162],[102.1675,29.516],[102.1641,29.5363],[102.1484,29.5354],[102.1322,29.5117],[102.1061,29.5071],[102.0927,29.4976],[102.0568,29.4973],[102.0347,29.5012],[102.005,29.4921],[101.9699,29.4937],[101.9495,29.5062],[101.9363,29.5017],[101.9478,29.4726],[101.944,29.4445],[101.9675,29.4385],[101.9823,29.4286],[101.9712,29.4051],[101.9749,29.3929],[101.9582,29.3729],[101.9456,29.3507],[101.9589,29.3164],[101.9861,29.3006],[102.0164,29.3005],[102.0298,29.2936],[102.0498,29.3007],[102.0875,29.2813],[102.1251,29.2357],[102.1144,29.222],[102.0755,29.2003],[102.065,29.1997],[102.0514,29.1802],[102.08,29.1721],[102.0975,29.1871],[102.1083,29.1896],[102.1297,29.1773],[102.1279,29.1638],[102.1582,29.1367],[102.1496,29.1094],[102.1553,29.0863],[102.1679,29.0789],[102.1532,29.0526],[102.1618,29.0379],[102.1708,29.0401],[102.187,29.0282],[102.1785,29.0181],[102.198,28.9967],[102.2061,28.9771],[102.234,28.9598],[102.233,28.9428],[102.2488,28.9279],[102.246,28.9136],[102.2603,28.9027],[102.3117,28.8952],[102.3155,28.8847],[102.3447,28.859],[102.3645,28.8557],[102.4008,28.8578],[102.4304,28.8525],[102.4416,28.8708],[102.4595,28.8738],[102.4614,28.9002],[102.482,28.9191],[102.483,28.9412],[102.4713,28.9579],[102.4692,28.975],[102.4765,28.9928],[102.501,29.0094],[102.5105,29.034],[102.5238,29.0449],[102.5156,29.0595],[102.5235,29.0849],[102.5133,29.0971],[102.5336,29.1188],[102.5525,29.1211],[102.5644,29.1649],[102.592,29.1619],[102.599,29.1756],[102.5855,29.1874],[102.601,29.207],[102.6332,29.2142],[102.6525,29.1924],[102.6473,29.1773],[102.675,29.1666],[102.6905,29.1704],[102.7173,29.1667],[102.7368,29.1553],[102.7468,29.1627],[102.7677,29.1604],[102.7747,29.1768],[102.7618,29.1982],[102.7629,29.2097],[102.7826,29.2287],[102.7761,29.2488],[102.7892,29.2607],[102.803,29.2496],[102.8127,29.2528],[102.8321,29.2438],[102.833,29.2136],[102.8415,29.2082],[102.8685,29.2057],[102.8906,29.2146],[102.9045,29.2266],[102.9087,29.2626],[102.9374,29.3046],[102.9618,29.3034],[102.9833,29.2928],[103.0014,29.2899],[102.983,29.325],[102.9794,29.3483],[102.9967,29.3685],[102.9944,29.3832],[102.9744,29.3988],[102.973,29.4082],[102.9476,29.4111],[102.9327,29.4029],[102.9165,29.4156],[102.9016,29.419],[102.9072,29.4329],[102.8947,29.4463],[102.892,29.4755],[102.8494,29.4985],[102.8472,29.5066],[102.86,29.522],[102.8894,29.546],[102.9189,29.5581],[102.9217,29.6034],[102.9354,29.6424],[102.9231,29.6575],[102.938,29.6821],[102.9298,29.6941],[102.929,29.7139],[102.9602,29.726],[102.9747,29.7107],[103.0026,29.7139],[103.0126,29.7286],[103.0271,29.7204],[103.0314,29.7026],[103.0467,29.7001],[103.0513,29.6776],[103.0674,29.6847],[103.0916,29.6851],[103.0961,29.6961],[103.1138,29.6866],[103.127,29.6723],[103.1463,29.6712],[103.1416,29.707],[103.1543,29.7205],[103.1446,29.7318],[103.1617,29.743],[103.1407,29.7614],[103.1655,29.7743],[103.1635,29.7947],[103.1447,29.8193],[103.1328,29.8517],[103.1226,29.8664],[103.0895,29.8836],[103.0857,29.8986],[103.1195,29.9173],[103.1576,29.9267],[103.1611,29.9395],[103.18,29.9506],[103.1957,29.9473],[103.1888,29.9701],[103.2039,29.9678],[103.2277,29.9763],[103.2314,29.9965],[103.2415,30.0105],[103.2409,30.0241],[103.2573,30.0416],[103.2567,30.0523],[103.27,30.0644],[103.3018,30.0806],[103.3113,30.0735],[103.3362,30.0757],[103.3399,30.0884],[103.3544,30.0994],[103.3733,30.094],[103.3925,30.0971],[103.3782,30.1111],[103.3651,30.1397],[103.3615,30.1812],[103.3561,30.1919],[103.3686,30.202],[103.3709,30.228],[103.3458,30.2389],[103.3201,30.241],[103.3204,30.2531],[103.3024,30.2679],[103.2789,30.2668],[103.2394,30.2473],[103.2284,30.2103],[103.2121,30.2131],[103.2112,30.2354],[103.1776,30.2505],[103.1478,30.2104],[103.1278,30.2077],[103.1091,30.2179],[103.072,30.2229],[103.07,30.261],[103.0587,30.269],[103.0669,30.3002],[103.06,30.3055],[103.077,30.3266],[103.0841,30.3262],[103.1168,30.3591],[103.1265,30.3746],[103.1138,30.38],[103.119,30.394],[103.1134,30.4154],[103.1261,30.4393],[103.1229,30.4527],[103.1454,30.4777],[103.1668,30.4866],[103.1849,30.513],[103.1785,30.5268],[103.1537,30.5315],[103.1623,30.5473],[103.164,30.5644],[103.1472,30.5747],[103.1451,30.5883],[103.1263,30.5907],[103.1243,30.6162],[103.1338,30.6281],[103.1298,30.642],[103.133,30.6594],[103.1209,30.6708],[103.0988,30.6762],[103.0887,30.6942],[103.0761,30.7012],[103.0688,30.7193],[103.0419,30.7063],[103.0287,30.7067],[103.0332,30.7238],[103.0201,30.7383],[103.002,30.7493],[102.9917,30.7803]]]},"properties":{"region_code":"CN-51-5118","parent_region_code":"CN-51","name":"雅安市","level":"prefecture","has_children":true,"full_path":"中国 / 四川省 / 雅安市","source_admin_code":"5118","osm_relation_id":2789731}},
{"type":"Feature","geometry":{"type":"Polygon","coordinates":[[[106.3938,31.8074],[106.4074,31.7587],[106.4012,31.7278],[106.3853,31.7324],[106.3622,31.6997],[106.3958,31.6842],[106.4057,31.6608],[106.4469,31.6488],[106.4547,31.6254],[106.4573,31.5885],[106.4798,31.5866],[106.4878,31.5697],[106.5109,31.5692],[106.5139,31.5781],[106.5339,31.5733],[106.5633,31.5447],[106.5592,31.5255],[106.6029,31.5094],[106.6225,31.5126],[106.6404,31.5424],[106.6299,31.5738],[106.6399,31.5907],[106.6699,31.5912],[106.6676,31.5788],[106.6902,31.5628],[106.6963,31.5714],[106.7151,31.5748],[106.7184,31.5656],[106.7662,31.5706],[106.7632,31.5577],[106.7677,31.538],[106.7813,31.5336],[106.8171,31.5504],[106.8105,31.5187],[106.8303,31.5107],[106.8397,31.501],[106.8425,31.4591],[106.8682,31.4281],[106.8798,31.4232],[106.8639,31.4088],[106.8715,31.3966],[106.9135,31.3796],[106.9279,31.3473],[106.9447,31.3395],[106.9302,31.3117],[106.9398,31.2914],[106.939,31.272],[106.9607,31.253],[106.9774,31.2504],[106.9816,31.2628],[106.9999,31.2719],[107.0149,31.3064],[107.035,31.2965],[107.0302,31.3225],[107.049,31.3302],[107.0415,31.3466],[107.0517,31.3632],[107.0797,31.3676],[107.083,31.3541],[107.0965,31.3414],[107.1139,31.3359],[107.1467,31.3566],[107.1403,31.3808],[107.1531,31.3962],[107.1699,31.431],[107.2054,31.4287],[107.2206,31.4364],[107.2213,31.4526],[107.2453,31.4607],[107.2551,31.4472],[107.2681,31.4555],[107.2805,31.481],[107.2816,31.4938],[107.3179,31.4946],[107.3287,31.5138],[107.3268,31.534],[107.3474,31.551],[107.3704,31.5503],[107.3877,31.5686],[107.4076,31.5685],[107.4317,31.5813],[107.4335,31.5916],[107.4585,31.5879],[107.4669,31.5983],[107.4874,31.5991],[107.494,31.6253],[107.5263,31.6618],[107.5281,31.6866],[107.5131,31.6852],[107.4972,31.7004],[107.4884,31.719],[107.4946,31.7332],[107.516,31.7299],[107.5335,31.7378],[107.5291,31.7629],[107.55,31.771],[107.56,31.8123],[107.5714,31.8236],[107.5649,31.8384],[107.4919,31.8676],[107.5154,31.8905],[107.5288,31.8793],[107.5451,31.8937],[107.514,31.9203],[107.5174,31.9324],[107.5364,31.9308],[107.5367,31.9462],[107.5652,31.951],[107.5797,31.9653],[107.5647,31.9836],[107.5889,32.0092],[107.6179,32.0168],[107.6379,32.0104],[107.6507,32.0146],[107.67,32.0088],[107.6979,32.0321],[107.7283,32.0418],[107.7593,32.0719],[107.7379,32.1046],[107.7112,32.1213],[107.7045,32.1193],[107.6761,32.1433],[107.6369,32.1421],[107.6237,32.1539],[107.6248,32.2009],[107.6624,32.2129],[107.6818,32.2307],[107.673,32.2505],[107.697,32.2719],[107.7006,32.2836],[107.6975,32.3163],[107.7108,32.3286],[107.6969,32.3462],[107.6916,32.3761],[107.6674,32.3993],[107.6425,32.4153],[107.6336,32.4065],[107.6076,32.4081],[107.5956,32.4134],[107.5207,32.3836],[107.5041,32.3903],[107.4859,32.4275],[107.4518,32.4199],[107.4545,32.46],[107.435,32.468],[107.4255,32.5043],[107.4335,32.5174],[107.4302,32.536],[107.4013,32.5412],[107.3731,32.541],[107.3426,32.5126],[107.3083,32.5008],[107.2841,32.4797],[107.2744,32.4536],[107.2671,32.4072],[107.2596,32.4036],[107.2277,32.4168],[107.2035,32.4359],[107.1948,32.4588],[107.1721,32.4825],[107.1581,32.4772],[107.1223,32.4811],[107.1,32.5178],[107.0803,32.5308],[107.0755,32.5444],[107.0843,32.567],[107.1,32.5929],[107.0968,32.6106],[107.0861,32.6268],[107.0913,32.6525],[107.083,32.6699],[107.0582,32.6776],[107.0554,32.695],[107.0621,32.7099],[107.026,32.7216],[106.9998,32.7217],[106.9825,32.7127],[106.948,32.7184],[106.9378,32.7099],[106.9128,32.7055],[106.8996,32.7158],[106.8684,32.7262],[106.8462,32.7245],[106.8188,32.7065],[106.7898,32.7149],[106.7763,32.7286],[106.7795,32.7384],[106.7439,32.7375],[106.7279,32.7404],[106.6806,32.7105],[106.6584,32.6918],[106.6357,32.6886],[106.6383,32.6453],[106.6572,32.6165],[106.6482,32.6041],[106.6543,32.5764],[106.6507,32.5602],[106.6538,32.5172],[106.6501,32.4998],[106.6708,32.4885],[106.6739,32.4697],[106.6841,32.4604],[106.6796,32.4364],[106.6877,32.406],[106.6849,32.3504],[106.7075,32.3485],[106.7299,32.3279],[106.7409,32.3252],[106.7666,32.3079],[106.7487,32.2872],[106.7129,32.2969],[106.7143,32.2716],[106.6846,32.2686],[106.6707,32.275],[106.6623,32.2492],[106.5825,32.2377],[106.5608,32.23],[106.5554,32.2089],[106.553,32.178],[106.5646,32.1409],[106.5643,32.1281],[106.5355,32.1145],[106.533,32.1],[106.553,32.0898],[106.5443,32.078],[106.5296,32.0841],[106.5139,32.0708],[106.5156,32.0536],[106.4971,32.0512],[106.5011,32.0096],[106.489,32.0082],[106.4776,31.9811],[106.4606,31.9835],[106.4412,31.9793],[106.4552,31.9644],[106.4496,31.9499],[106.4265,31.926],[106.4246,31.9131],[106.4063,31.8988],[106.4203,31.8931],[106.4036,31.8755],[106.4056,31.8489],[106.4146,31.8364],[106.4047,31.8132],[106.3938,31.8074]]]},"properties":{"region_code":"CN-51-5119","parent_region_code":"CN-51","name":"巴中市","level":"prefecture","has_children":true,"full_path":"中国 / 四川省 / 巴中市","source_admin_code":"5119","osm_relation_id":2787658}},
{"type":"Feature","geometry":{"type":"Polygon","coordinates":[[[104.4476,30.1037],[104.4588,30.0892],[104.4794,30.0893],[104.4799,30.0772],[104.4657,30.0701],[104.4617,30.0525],[104.4647,30.0373],[104.4662,30.0292],[104.4959,30.0252],[104.5102,30.039],[104.5307,30.002],[104.5486,30.0039],[104.5661,29.9984],[104.5731,29.9829],[104.5757,29.9539],[104.5914,29.9524],[104.6018,29.9366],[104.6129,29.9453],[104.6288,29.9438],[104.6415,29.9602],[104.6507,29.9592],[104.6701,29.932],[104.6606,29.9226],[104.6848,29.905],[104.6868,29.9378],[104.6705,29.947],[104.6785,29.9577],[104.6979,29.9599],[104.7279,29.9512],[104.7409,29.9359],[104.7456,29.912],[104.7625,29.9094],[104.771,29.8904],[104.7958,29.8829],[104.7779,29.8656],[104.79,29.8515],[104.8046,29.8574],[104.7906,29.8696],[104.8193,29.8779],[104.8421,29.8965],[104.9179,29.9252],[104.9245,29.939],[104.9201,29.9638],[104.9432,29.9833],[104.9495,29.9959],[104.9735,29.996],[104.9907,29.9797],[105.0178,29.9794],[105.0423,29.9607],[105.0461,29.9501],[105.0703,29.9398],[105.0608,29.925],[105.0937,29.9075],[105.0977,29.886],[105.0799,29.8706],[105.0949,29.8485],[105.1225,29.8332],[105.1396,29.8354],[105.1729,29.8494],[105.2235,29.8415],[105.2389,29.8081],[105.2494,29.7982],[105.2797,29.8025],[105.2951,29.8235],[105.3166,29.8245],[105.3402,29.8097],[105.3507,29.8142],[105.3574,29.8365],[105.3701,29.8279],[105.3801,29.7997],[105.4014,29.7917],[105.3976,29.7615],[105.3903,29.7499],[105.4142,29.7179],[105.4112,29.7092],[105.4205,29.6905],[105.4333,29.6797],[105.4728,29.6775],[105.478,29.6956],[105.4692,29.7022],[105.4754,29.719],[105.4883,29.7232],[105.4953,29.7119],[105.5169,29.7062],[105.526,29.7095],[105.5721,29.7477],[105.5675,29.7685],[105.5835,29.7873],[105.5772,29.7932],[105.5804,29.8153],[105.6053,29.8239],[105.6135,29.8488],[105.6226,29.84],[105.6656,29.8471],[105.6742,29.8571],[105.7053,29.8433],[105.7303,29.8629],[105.7288,29.8897],[105.7078,29.9023],[105.7114,29.914],[105.7011,29.9255],[105.7163,29.9388],[105.7276,29.9593],[105.72,29.9773],[105.7287,30.0016],[105.7435,30.005],[105.7481,30.0248],[105.7378,30.036],[105.7249,30.0296],[105.7147,30.0447],[105.7024,30.0382],[105.6829,30.0474],[105.6604,30.0695],[105.638,30.0759],[105.6334,30.0962],[105.6243,30.1082],[105.5937,30.1118],[105.5676,30.1397],[105.5898,30.1474],[105.5935,30.1605],[105.5672,30.1644],[105.5526,30.1467],[105.5327,30.1555],[105.533,30.1678],[105.5584,30.1866],[105.5442,30.2153],[105.5255,30.2225],[105.5206,30.2079],[105.4855,30.2189],[105.4692,30.2515],[105.4561,30.2587],[105.4428,30.2563],[105.4222,30.2624],[105.4047,30.2967],[105.3784,30.2796],[105.3653,30.2809],[105.3541,30.3083],[105.3319,30.3139],[105.3246,30.3056],[105.2895,30.2962],[105.2797,30.2878],[105.262,30.2916],[105.2508,30.2832],[105.2282,30.2826],[105.2182,30.2905],[105.2135,30.3096],[105.2003,30.3076],[105.1732,30.3209],[105.1545,30.3251],[105.1451,30.3383],[105.1174,30.3476],[105.0873,30.4042],[105.0709,30.4049],[105.0861,30.4291],[105.0659,30.4354],[105.0709,30.445],[105.0889,30.4448],[105.0872,30.4621],[105.0734,30.4836],[105.0803,30.4981],[105.0569,30.5236],[105.064,30.5386],[105.0511,30.5358],[105.0451,30.5489],[105.0252,30.5506],[105.0241,30.534],[105.0087,30.5267],[104.9829,30.5296],[104.9604,30.5686],[104.9681,30.5895],[104.9502,30.6136],[104.9359,30.6113],[104.928,30.6239],[104.9098,30.6288],[104.9005,30.6176],[104.8827,30.623],[104.8672,30.6197],[104.8551,30.6052],[104.8545,30.5839],[104.8622,30.5681],[104.8789,30.5536],[104.8902,30.554],[104.888,30.5354],[104.8735,30.5164],[104.8723,30.4386],[104.8783,30.3969],[104.8932,30.3852],[104.8801,30.3665],[104.8574,30.3657],[104.8477,30.3417],[104.8461,30.3096],[104.7883,30.2878],[104.7835,30.2987],[104.7563,30.3049],[104.7466,30.2957],[104.7251,30.297],[104.7237,30.3086],[104.7013,30.3044],[104.6894,30.2781],[104.6657,30.2787],[104.6497,30.2882],[104.6358,30.271],[104.6503,30.2541],[104.6507,30.243],[104.614,30.243],[104.5995,30.2384],[104.5978,30.2233],[104.5699,30.208],[104.5669,30.1999],[104.5391,30.1871],[104.5077,30.1849],[104.4976,30.1919],[104.4823,30.1854],[104.473,30.1636],[104.455,30.1496],[104.4468,30.1354],[104.4552,30.1232],[104.4424,30.1174],[104.4476,30.1037]]]},"properties":{"region_code":"CN-51-5120","parent_region_code":"CN-51","name":"资阳市","level":"prefecture","has_children":true,"full_path":"中国 / 四川省 / 资阳市","source_admin_code":"5120","osm_relation_id":2788724}},
{"type":"Feature","geometry":{"type":"Polygon","coordinates":[[[103.7993,31.4347],[103.7945,31.4507],[103.7941,31.4773],[103.8213,31.5007],[103.8252,31.511],[103.8435,31.5187],[103.8505,31.5443],[103.8957,31.5148],[103.9166,31.5378],[103.9059,31.5667],[103.9221,31.6046],[103.9175,31.6242],[103.9259,31.6417],[103.9554,31.6549],[103.9892,31.6862],[104.0152,31.6804],[104.0393,31.6992],[104.0607,31.7],[104.0803,31.6915],[104.0913,31.697],[104.1,31.7129],[104.1158,31.7089],[104.141,31.7159],[104.1504,31.7299],[104.1715,31.7355],[104.1679,31.7632],[104.173,31.7686],[104.1609,31.7933],[104.1502,31.7958],[104.1523,31.8185],[104.1373,31.8169],[104.1253,31.8313],[104.0788,31.8401],[104.0566,31.8318],[104.0425,31.8522],[104.0291,31.8487],[104.0128,31.8635],[103.9713,31.8619],[103.9641,31.8817],[103.9543,31.8839],[103.9559,31.9061],[103.9181,31.9456],[103.9086,31.9379],[103.8824,31.9316],[103.8739,31.9203],[103.8405,31.9241],[103.8196,31.941],[103.7749,31.9506],[103.7608,31.948],[103.7489,31.9561],[103.7567,31.9859],[103.7568,32.0021],[103.7817,32.028],[103.7909,32.0472],[103.8141,32.0561],[103.8223,32.0705],[103.8131,32.0961],[103.8121,32.1126],[103.8231,32.117],[103.8256,32.134],[103.8557,32.1304],[103.8586,32.1394],[103.849,32.1643],[103.8776,32.1601],[103.9184,32.1453],[103.938,32.1508],[103.9571,32.1418],[103.9718,32.1434],[103.9907,32.122],[104,32.1207],[104.0244,32.131],[104.0489,32.1336],[104.0743,32.1281],[104.1258,32.1434],[104.1508,32.1556],[104.1608,32.1852],[104.1971,32.2089],[104.2267,32.2194],[104.2547,32.2181],[104.2458,32.2495],[104.218,32.2697],[104.2074,32.2888],[104.21,32.3004],[104.1758,32.3117],[104.1695,32.2979],[104.1704,32.2811],[104.1569,32.2589],[104.1563,32.2485],[104.1371,32.2401],[104.1311,32.2269],[104.1119,32.221],[104.0942,32.2287],[104.0754,32.2287],[104.0541,32.2387],[104.0477,32.2513],[104.0242,32.2535],[104.0191,32.2702],[104.0056,32.2757],[103.9995,32.2912],[103.9788,32.3085],[103.9565,32.3074],[103.9334,32.3188],[103.919,32.3193],[103.904,32.3311],[103.8901,32.3654],[103.8896,32.3823],[103.9127,32.4359],[103.9033,32.472],[103.9045,32.5134],[103.8852,32.5285],[103.8714,32.5559],[103.8498,32.5726],[103.8433,32.587],[103.8498,32.6128],[103.8656,32.6175],[103.8859,32.6316],[103.8857,32.6419],[103.9078,32.6445],[103.9196,32.6374],[103.972,32.643],[103.992,32.6503],[104.0115,32.6427],[104.0361,32.6543],[104.0686,32.6238],[104.0722,32.5926],[104.1099,32.544],[104.1305,32.5307],[104.1333,32.5139],[104.1267,32.4915],[104.0928,32.4692],[104.1354,32.472],[104.1649,32.5232],[104.1723,32.5308],[104.1661,32.5827],[104.1762,32.607],[104.1763,32.6392],[104.1807,32.6681],[104.1718,32.6885],[104.1635,32.6909],[104.1543,32.71],[104.1285,32.7327],[104.131,32.7467],[104.1455,32.7591],[104.1393,32.7804],[104.127,32.7848],[104.1181,32.8017],[104.1043,32.8039],[104.1005,32.8184],[104.1025,32.8461],[104.0752,32.859],[104.0699,32.8489],[104.0321,32.8349],[104.0308,32.8256],[104.0003,32.8163],[103.9684,32.8413],[103.9761,32.8549],[103.9929,32.8612],[103.9901,32.8761],[103.9736,32.8883],[103.9537,32.8916],[103.9501,32.9032],[103.9649,32.9246],[103.9597,32.9447],[103.9653,32.9763],[103.9733,32.9908],[103.9796,33.0228],[103.9871,33.0386],[104.0012,33.0444],[104.0367,33.0295],[104.0494,33.0149],[104.0917,32.9998],[104.105,33.0031],[104.1308,32.9774],[104.164,32.9541],[104.1677,32.9445],[104.1896,32.9208],[104.2075,32.9185],[104.2175,32.8978],[104.2354,32.8929],[104.2451,32.8799],[104.2749,32.8933],[104.2832,32.9391],[104.3028,32.9537],[104.3413,32.9429],[104.3638,32.9456],[104.3712,32.9524],[104.3808,32.9962],[104.4168,33.0104],[104.423,33.0213],[104.4126,33.0339],[104.3861,33.0388],[104.3635,33.0308],[104.3323,33.0468],[104.3498,33.0594],[104.3574,33.0725],[104.3569,33.101],[104.3741,33.1099],[104.3677,33.1307],[104.355,33.1468],[104.349,33.1765],[104.3302,33.215],[104.3212,33.2265],[104.3267,33.2531],[104.3164,33.2825],[104.3049,33.2914],[104.3092,33.3074],[104.3293,33.3167],[104.3469,33.3026],[104.3831,33.3011],[104.3908,33.3136],[104.4109,33.3285],[104.3956,33.3433],[104.3737,33.3503],[104.3557,33.347],[104.3305,33.331],[104.3125,33.3402],[104.2935,33.333],[104.273,33.3781],[104.2682,33.3948],[104.2426,33.4096],[104.2206,33.4055],[104.2155,33.4192],[104.2154,33.4441],[104.1902,33.4582],[104.1775,33.478],[104.1657,33.5164],[104.1527,33.5442],[104.1648,33.5593],[104.1666,33.5753],[104.1788,33.5793],[104.1672,33.6135],[104.1344,33.6363],[104.1137,33.6585],[104.0789,33.6763],[104.0463,33.6877],[103.9974,33.6824],[103.9718,33.676],[103.9479,33.6773],[103.9279,33.6842],[103.8849,33.6832],[103.8672,33.6887],[103.848,33.6794],[103.8204,33.681],[103.7977,33.6656],[103.7669,33.6586],[103.7517,33.6691],[103.6871,33.6936],[103.6656,33.6859],[103.646,33.7122],[103.6271,33.7181],[103.609,33.7139],[103.5828,33.7158],[103.575,33.7042],[103.5607,33.701],[103.5488,33.6732],[103.518,33.6799],[103.5269,33.7009],[103.5434,33.7211],[103.5469,33.742],[103.538,33.7446],[103.5323,33.7677],[103.5297,33.8015],[103.5183,33.8118],[103.4952,33.8083],[103.4741,33.8119],[103.4638,33.7926],[103.4459,33.7847],[103.4388,33.7517],[103.4183,33.7483],[103.3743,33.7524],[103.3692,33.7473],[103.3346,33.7398],[103.3114,33.752],[103.2845,33.7733],[103.2758,33.7756],[103.2863,33.7984],[103.2783,33.807],[103.2472,33.8168],[103.2248,33.7958],[103.2022,33.7949],[103.1923,33.8008],[103.1599,33.8076],[103.1497,33.8169],[103.164,33.8529],[103.1631,33.8693],[103.1726,33.8779],[103.1841,33.904],[103.166,33.9318],[103.1431,33.9268],[103.1267,33.9358],[103.1164,33.9557],[103.1222,33.9703],[103.1346,33.9745],[103.14,33.9881],[103.153,33.9964],[103.1578,34.0093],[103.1448,34.0397],[103.1211,34.0445],[103.1277,34.0691],[103.1606,34.0741],[103.1782,34.0874],[103.1594,34.1035],[103.1222,34.1192],[103.1326,34.1295],[103.1243,34.1384],[103.1218,34.163],[103.1136,34.1758],[103.0981,34.1778],[103.0809,34.1926],[103.0627,34.2006],[103.0477,34.1985],[103.038,34.1864],[103.0082,34.1848],[102.9802,34.1971],[102.9766,34.2068],[102.9839,34.2317],[102.9754,34.254],[102.9564,34.2685],[102.9497,34.2924],[102.915,34.3122],[102.8774,34.3125],[102.8592,34.3041],[102.8628,34.2846],[102.8545,34.272],[102.8283,34.2754],[102.7973,34.2744],[102.7819,34.2596],[102.7761,34.2372],[102.7288,34.2371],[102.7107,34.2151],[102.6972,34.2117],[102.6936,34.1995],[102.6586,34.192],[102.6422,34.1692],[102.6232,34.1681],[102.6042,34.157],[102.5986,34.1462],[102.6632,34.1128],[102.6628,34.1008],[102.6458,34.0832],[102.6036,34.103],[102.5685,34.0994],[102.5645,34.0896],[102.5105,34.0877],[102.495,34.0778],[102.473,34.0734],[102.4378,34.0875],[102.4228,34.0621],[102.4176,34.0432],[102.4028,34.0315],[102.3904,33.972],[102.3724,33.9758],[102.3423,33.9713],[102.3149,33.995],[102.2849,33.9795],[102.2737,33.9935],[102.2541,33.9804],[102.2396,33.9833],[102.2355,33.9701],[102.2212,33.9656],[102.1656,33.9843],[102.1439,33.978],[102.1429,33.9651],[102.1543,33.9489],[102.1887,33.9292],[102.1936,33.9149],[102.2134,33.8972],[102.2325,33.8732],[102.2491,33.8674],[102.2519,33.852],[102.2666,33.839],[102.2574,33.8171],[102.2378,33.8024],[102.2488,33.7887],[102.2683,33.7897],[102.3021,33.7831],[102.3081,33.7696],[102.3213,33.7617],[102.3159,33.7418],[102.2936,33.7408],[102.2858,33.72],[102.3043,33.7118],[102.3177,33.731],[102.3364,33.7352],[102.3325,33.7139],[102.3144,33.6766],[102.3144,33.668],[102.3322,33.6443],[102.3358,33.6162],[102.3467,33.6066],[102.3847,33.6004],[102.4045,33.5821],[102.4343,33.5773],[102.4475,33.5705],[102.4534,33.5557],[102.4763,33.5454],[102.4743,33.5332],[102.4437,33.532],[102.4603,33.5036],[102.4505,33.4853],[102.4818,33.4635],[102.4631,33.4505],[102.4417,33.4559],[102.4354,33.4439],[102.4034,33.4282],[102.3946,33.4084],[102.3749,33.4151],[102.3667,33.3937],[102.3525,33.4],[102.3437,33.414],[102.314,33.3989],[102.3004,33.4119],[102.2701,33.4112],[102.2607,33.3998],[102.238,33.3923],[102.2279,33.38],[102.2337,33.3718],[102.2139,33.3536],[102.1854,33.3339],[102.2023,33.3247],[102.2007,33.3028],[102.2159,33.2498],[102.2068,33.2268],[102.1736,33.2354],[102.1606,33.2427],[102.1407,33.2767],[102.1144,33.2859],[102.1011,33.2767],[102.1076,33.2597],[102.088,33.2228],[102.0909,33.214],[102.0811,33.196],[102.0664,33.2019],[102.0535,33.1962],[102.0077,33.199],[101.9959,33.2053],[101.9787,33.2033],[101.9555,33.1886],[101.9332,33.1885],[101.9241,33.1605],[101.9102,33.1483],[101.8994,33.1484],[101.8826,33.1359],[101.8773,33.119],[101.8636,33.1052],[101.8245,33.1211],[101.8195,33.1335],[101.8337,33.141],[101.8395,33.1628],[101.8405,33.187],[101.8281,33.2141],[101.7688,33.2488],[101.7688,33.2706],[101.8053,33.2831],[101.8216,33.2715],[101.8316,33.2926],[101.8468,33.3006],[101.8543,33.3127],[101.8741,33.3154],[101.8702,33.3302],[101.8791,33.3729],[101.8857,33.3864],[101.9124,33.4069],[101.9142,33.4277],[101.9459,33.4443],[101.9263,33.4482],[101.9276,33.4719],[101.9053,33.483],[101.8967,33.5178],[101.9062,33.5446],[101.888,33.575],[101.8584,33.5889],[101.8471,33.6025],[101.8326,33.5932],[101.8287,33.5569],[101.8075,33.548],[101.7979,33.5572],[101.7803,33.5574],[101.767,33.5466],[101.7748,33.5389],[101.7738,33.4916],[101.766,33.4578],[101.7571,33.4471],[101.7298,33.446],[101.6949,33.4363],[101.6698,33.3912],[101.6617,33.3829],[101.6493,33.3329],[101.6502,33.321],[101.6766,33.2991],[101.7077,33.3002],[101.7339,33.283],[101.7312,33.2601],[101.7171,33.2232],[101.6807,33.2013],[101.6845,33.1834],[101.6615,33.1657],[101.6597,33.1384],[101.6318,33.1025],[101.6105,33.1157],[101.5787,33.1503],[101.5663,33.1557],[101.501,33.2102],[101.4859,33.2292],[101.4718,33.225],[101.4301,33.2335],[101.4014,33.2271],[101.3889,33.2095],[101.3925,33.1599],[101.3815,33.1541],[101.3732,33.1732],[101.358,33.1828],[101.3559,33.1951],[101.3441,33.2044],[101.3277,33.2386],[101.3099,33.2467],[101.2962,33.2646],[101.2621,33.2686],[101.2439,33.2644],[101.2253,33.2735],[101.2163,33.2606],[101.2019,33.2719],[101.1838,33.2718],[101.171,33.2646],[101.1693,33.2507],[101.1553,33.2397],[101.123,33.2235],[101.1141,33.1972],[101.1326,33.1911],[101.1291,33.171],[101.1549,33.1499],[101.1541,33.1243],[101.1627,33.121],[101.168,33.0991],[101.1478,33.0952],[101.142,33.0875],[101.1449,33.0587],[101.1592,33.0592],[101.1837,33.0437],[101.1703,33.0105],[101.183,32.9867],[101.1632,32.9859],[101.1278,32.9916],[101.1327,32.9547],[101.1305,32.9282],[101.1224,32.9111],[101.1526,32.905],[101.1753,32.8957],[101.2016,32.8702],[101.2181,32.8648],[101.22,32.843],[101.2366,32.8296],[101.2271,32.7987],[101.2331,32.7867],[101.2225,32.7727],[101.229,32.7545],[101.2204,32.723],[101.2029,32.7081],[101.1941,32.6893],[101.1662,32.6734],[101.1581,32.6619],[101.1291,32.663],[101.0837,32.6737],[101.0747,32.6841],[101.0499,32.6751],[101.0312,32.6624],[101.0179,32.6453],[100.9996,32.6308],[100.9565,32.6243],[100.9309,32.6029],[100.9143,32.6192],[100.898,32.6158],[100.8921,32.629],[100.8697,32.6414],[100.8608,32.6374],[100.838,32.6509],[100.8066,32.647],[100.7963,32.6576],[100.783,32.6418],[100.7695,32.6559],[100.7467,32.6542],[100.6908,32.6778],[100.6844,32.671],[100.7057,32.6533],[100.7201,32.6252],[100.7094,32.6096],[100.6738,32.628],[100.6577,32.6093],[100.6599,32.5602],[100.6557,32.5477],[100.6654,32.5263],[100.6587,32.5173],[100.6321,32.5115],[100.6183,32.4969],[100.6327,32.4782],[100.615,32.4465],[100.5943,32.4369],[100.5922,32.4291],[100.5578,32.4194],[100.5376,32.3968],[100.5294,32.3808],[100.5346,32.3636],[100.5256,32.3493],[100.5303,32.3302],[100.5534,32.3062],[100.5513,32.2839],[100.5607,32.2765],[100.5821,32.2819],[100.5867,32.2713],[100.5794,32.2576],[100.5941,32.2358],[100.6233,32.2284],[100.6343,32.2356],[100.6636,32.2246],[100.6841,32.1883],[100.7193,32.1861],[100.7287,32.1665],[100.6999,32.1636],[100.69,32.1571],[100.6948,32.1353],[100.7235,32.1147],[100.7241,32.1039],[100.7415,32.0994],[100.7624,32.0756],[100.7744,32.0675],[100.7851,32.0503],[100.7968,32.0441],[100.7846,32.0118],[100.7904,32.0004],[100.8116,31.999],[100.8517,31.9657],[100.8694,31.9605],[100.879,31.9693],[100.9512,31.9899],[100.9649,31.9799],[100.9886,31.9809],[101.0086,31.9638],[101.0079,31.9466],[100.9877,31.9343],[100.9819,31.9231],[101.0024,31.8977],[100.9902,31.8667],[100.9487,31.8634],[100.9489,31.8473],[100.9394,31.8265],[100.8968,31.8025],[100.8795,31.7891],[100.8694,31.7926],[100.8502,31.7674],[100.8571,31.7467],[100.8731,31.7395],[100.8978,31.7403],[100.9344,31.7515],[100.953,31.7234],[100.9645,31.719],[100.9668,31.684],[101.0093,31.659],[101.025,31.6381],[101.0426,31.6388],[101.0588,31.6328],[101.049,31.6097],[101.0503,31.5946],[101.0732,31.578],[101.0603,31.5696],[101.0584,31.5509],[101.0699,31.5361],[101.066,31.5182],[101.0785,31.4954],[101.097,31.4899],[101.1038,31.4708],[101.146,31.501],[101.1674,31.4992],[101.1845,31.5116],[101.2072,31.5104],[101.2198,31.5366],[101.2369,31.5231],[101.2565,31.4867],[101.2617,31.4469],[101.2409,31.4063],[101.2409,31.3983],[101.2715,31.3765],[101.2825,31.3781],[101.2965,31.3624],[101.3171,31.3815],[101.3336,31.3713],[101.3539,31.374],[101.3855,31.4013],[101.4028,31.4011],[101.4077,31.4336],[101.4272,31.4415],[101.4481,31.4369],[101.463,31.4132],[101.4535,31.391],[101.4272,31.3732],[101.4236,31.3479],[101.4342,31.327],[101.4357,31.3103],[101.4513,31.2972],[101.4668,31.3336],[101.4634,31.3441],[101.4806,31.3711],[101.5121,31.3721],[101.544,31.3819],[101.5759,31.3544],[101.5941,31.3675],[101.6099,31.3862],[101.6484,31.3836],[101.6519,31.3739],[101.6829,31.3562],[101.6879,31.3331],[101.706,31.3175],[101.7161,31.2928],[101.7488,31.3041],[101.7694,31.2794],[101.7963,31.2806],[101.8075,31.2869],[101.8309,31.2864],[101.8582,31.2682],[101.8528,31.2593],[101.8643,31.2321],[101.8571,31.2131],[101.8624,31.2019],[101.8791,31.189],[101.8844,31.1631],[101.906,31.1494],[101.9251,31.1681],[101.956,31.1779],[101.9762,31.1776],[101.9845,31.158],[102.0137,31.1474],[102.017,31.121],[102.0294,31.0775],[102.0375,31.0731],[102.0742,31.0829],[102.0856,31.0984],[102.1043,31.1127],[102.1173,31.116],[102.1291,31.1312],[102.1579,31.1433],[102.1663,31.128],[102.1622,31.0797],[102.1671,31.0573],[102.1613,31.0475],[102.1616,30.9989],[102.1772,30.9885],[102.1809,30.9705],[102.1898,30.9612],[102.1873,30.9357],[102.1977,30.9125],[102.1857,30.9009],[102.1677,30.8982],[102.1603,30.9047],[102.1375,30.9001],[102.1122,30.903],[102.0968,30.8908],[102.0632,30.8776],[102.0674,30.8613],[102.0688,30.8107],[102.0643,30.7949],[102.0402,30.7745],[102.0423,30.7566],[102.0674,30.7441],[102.0531,30.7378],[102.0364,30.7082],[102.0541,30.7004],[102.0551,30.6874],[102.044,30.6733],[102.0578,30.6691],[102.0963,30.6689],[102.1148,30.6391],[102.1423,30.6151],[102.1604,30.614],[102.1751,30.5954],[102.1843,30.6296],[102.206,30.6357],[102.2134,30.6441],[102.249,30.6228],[102.2709,30.637],[102.2746,30.6588],[102.3048,30.6815],[102.3182,30.6821],[102.3471,30.7108],[102.3624,30.7086],[102.3877,30.7165],[102.4026,30.7106],[102.4448,30.6852],[102.4704,30.6918],[102.4779,30.701],[102.4725,30.7436],[102.463,30.7588],[102.4683,30.7682],[102.4943,30.7946],[102.5056,30.8009],[102.5254,30.7963],[102.5347,30.8149],[102.5632,30.8225],[102.5811,30.8502],[102.6208,30.8467],[102.6316,30.853],[102.6652,30.8528],[102.6848,30.8618],[102.6842,30.8948],[102.6937,30.9138],[102.7271,30.9233],[102.7446,30.9124],[102.7574,30.9298],[102.7765,30.9215],[102.783,30.9331],[102.8081,30.9343],[102.8257,30.9304],[102.8585,30.9395],[102.8942,30.8993],[102.8747,30.8225],[102.8623,30.8086],[102.8798,30.7781],[102.8812,30.7686],[102.9138,30.7608],[102.9362,30.7714],[102.9488,30.7684],[102.9791,30.7809],[102.9917,30.7803],[103.0049,30.7915],[103.0372,30.8056],[103.0533,30.8038],[103.0772,30.818],[103.1198,30.794],[103.1362,30.8166],[103.1559,30.8281],[103.1623,30.8438],[103.1728,30.8504],[103.1943,30.8483],[103.2319,30.8359],[103.2539,30.8434],[103.2622,30.8325],[103.286,30.8268],[103.29,30.8161],[103.3045,30.8136],[103.3385,30.8314],[103.3469,30.8469],[103.3814,30.8658],[103.4095,30.8678],[103.4312,30.8803],[103.45,30.8967],[103.4504,30.9186],[103.4567,30.9373],[103.4826,30.9594],[103.5164,30.9767],[103.5126,30.9962],[103.5192,31.0054],[103.5175,31.0291],[103.5084,31.0391],[103.5074,31.0541],[103.5155,31.0621],[103.5222,31.1021],[103.555,31.1521],[103.5613,31.1762],[103.5814,31.1969],[103.5738,31.2184],[103.5795,31.2487],[103.5674,31.2628],[103.5669,31.2774],[103.5779,31.2932],[103.572,31.3],[103.5664,31.3327],[103.5717,31.3434],[103.5894,31.3417],[103.6026,31.3534],[103.6262,31.3467],[103.6413,31.3558],[103.6689,31.358],[103.6976,31.3925],[103.7229,31.3944],[103.741,31.4029],[103.7441,31.4176],[103.7797,31.4345],[103.7993,31.4347]]]},"properties":{"region_code":"CN-51-5132","parent_region_code":"CN-51","name":"阿坝藏族羌族自治州","level":"prefecture","has_children":true,"full_path":"中国 / 四川省 / 阿坝藏族羌族自治州","source_admin_code":"5132","osm_relation_id":2110265}},
{"type":"Feature","geometry":{"type":"Polygon","coordinates":[[[102.4683,30.7682],[102.463,30.7588],[102.4725,30.7436],[102.4779,30.701],[102.4704,30.6918],[102.4448,30.6852],[102.4026,30.7106],[102.3877,30.7165],[102.3624,30.7086],[102.3471,30.7108],[102.3182,30.6821],[102.3048,30.6815],[102.2746,30.6588],[102.2709,30.637],[102.249,30.6228],[102.2134,30.6441],[102.206,30.6357],[102.1843,30.6296],[102.1751,30.5954],[102.1604,30.614],[102.1423,30.6151],[102.1148,30.6391],[102.0963,30.6689],[102.0578,30.6691],[102.044,30.6733],[102.0551,30.6874],[102.0541,30.7004],[102.0364,30.7082],[102.0531,30.7378],[102.0674,30.7441],[102.0423,30.7566],[102.0402,30.7745],[102.0643,30.7949],[102.0688,30.8107],[102.0674,30.8613],[102.0632,30.8776],[102.0968,30.8908],[102.1122,30.903],[102.1375,30.9001],[102.1603,30.9047],[102.1677,30.8982],[102.1857,30.9009],[102.1977,30.9125],[102.1873,30.9357],[102.1898,30.9612],[102.1809,30.9705],[102.1772,30.9885],[102.1616,30.9989],[102.1613,31.0475],[102.1671,31.0573],[102.1622,31.0797],[102.1663,31.128],[102.1579,31.1433],[102.1291,31.1312],[102.1173,31.116],[102.1043,31.1127],[102.0856,31.0984],[102.0742,31.0829],[102.0375,31.0731],[102.0294,31.0775],[102.017,31.121],[102.0137,31.1474],[101.9845,31.158],[101.9762,31.1776],[101.956,31.1779],[101.9251,31.1681],[101.906,31.1494],[101.8844,31.1631],[101.8791,31.189],[101.8624,31.2019],[101.8571,31.2131],[101.8643,31.2321],[101.8528,31.2593],[101.8582,31.2682],[101.8309,31.2864],[101.8075,31.2869],[101.7963,31.2806],[101.7694,31.2794],[101.7488,31.3041],[101.7161,31.2928],[101.706,31.3175],[101.6879,31.3331],[101.6829,31.3562],[101.6519,31.3739],[101.6484,31.3836],[101.6099,31.3862],[101.5941,31.3675],[101.5759,31.3544],[101.544,31.3819],[101.5121,31.3721],[101.4806,31.3711],[101.4634,31.3441],[101.4668,31.3336],[101.4513,31.2972],[101.4357,31.3103],[101.4342,31.327],[101.4236,31.3479],[101.4272,31.3732],[101.4535,31.391],[101.463,31.4132],[101.4481,31.4369],[101.4272,31.4415],[101.4077,31.4336],[101.4028,31.4011],[101.3855,31.4013],[101.3539,31.374],[101.3336,31.3713],[101.3171,31.3815],[101.2965,31.3624],[101.2825,31.3781],[101.2715,31.3765],[101.2409,31.3983],[101.2409,31.4063],[101.2617,31.4469],[101.2565,31.4867],[101.2369,31.5231],[101.2198,31.5366],[101.2072,31.5104],[101.1845,31.5116],[101.1674,31.4992],[101.146,31.501],[101.1038,31.4708],[101.097,31.4899],[101.0785,31.4954],[101.066,31.5182],[101.0699,31.5361],[101.0584,31.5509],[101.0603,31.5696],[101.0732,31.578],[101.0503,31.5946],[101.049,31.6097],[101.0588,31.6328],[101.0426,31.6388],[101.025,31.6381],[101.0093,31.659],[100.9668,31.684],[100.9645,31.719],[100.953,31.7234],[100.9344,31.7515],[100.8978,31.7403],[100.8731,31.7395],[100.8571,31.7467],[100.8502,31.7674],[100.8694,31.7926],[100.8795,31.7891],[100.8968,31.8025],[100.9394,31.8265],[100.9489,31.8473],[100.9487,31.8634],[100.9902,31.8667],[101.0024,31.8977],[100.9819,31.9231],[100.9877,31.9343],[101.0079,31.9466],[101.0086,31.9638],[100.9886,31.9809],[100.9649,31.9799],[100.9512,31.9899],[100.879,31.9693],[100.8694,31.9605],[100.8517,31.9657],[100.8116,31.999],[100.7904,32.0004],[100.7846,32.0118],[100.7968,32.0441],[100.7851,32.0503],[100.7744,32.0675],[100.7624,32.0756],[100.7415,32.0994],[100.7241,32.1039],[100.7235,32.1147],[100.6948,32.1353],[100.69,32.1571],[100.6999,32.1636],[100.7287,32.1665],[100.7193,32.1861],[100.6841,32.1883],[100.6636,32.2246],[100.6343,32.2356],[100.6233,32.2284],[100.5941,32.2358],[100.5794,32.2576],[100.5867,32.2713],[100.5821,32.2819],[100.5607,32.2765],[100.5513,32.2839],[100.5534,32.3062],[100.5303,32.3302],[100.5256,32.3493],[100.5346,32.3636],[100.5294,32.3808],[100.5376,32.3968],[100.5578,32.4194],[100.5922,32.4291],[100.5943,32.4369],[100.615,32.4465],[100.6327,32.4782],[100.6183,32.4969],[100.6321,32.5115],[100.6587,32.5173],[100.6654,32.5263],[100.6453,32.5279],[100.6152,32.5466],[100.5874,32.5546],[100.5854,32.5611],[100.5611,32.5718],[100.5435,32.5727],[100.5103,32.6116],[100.5156,32.6343],[100.4762,32.6734],[100.4706,32.6948],[100.4546,32.7035],[100.4435,32.6972],[100.4338,32.7213],[100.4201,32.732],[100.3972,32.7125],[100.3921,32.698],[100.3779,32.6985],[100.3974,32.7406],[100.391,32.751],[100.3716,32.7452],[100.3366,32.7197],[100.2609,32.7438],[100.2612,32.7285],[100.2381,32.7241],[100.2294,32.6949],[100.2296,32.655],[100.2136,32.6174],[100.1969,32.613],[100.1903,32.6318],[100.1599,32.6311],[100.1451,32.6376],[100.129,32.6338],[100.1118,32.6413],[100.1038,32.6599],[100.0874,32.6724],[100.1251,32.7167],[100.1373,32.7178],[100.135,32.7457],[100.1185,32.7861],[100.1165,32.8272],[100.1086,32.8466],[100.1103,32.8628],[100.0873,32.8662],[100.066,32.8969],[100.0263,32.8993],[100.04,32.9328],[100.0138,32.9345],[99.9961,32.9402],[99.971,32.9405],[99.9562,32.9494],[99.9482,32.9863],[99.908,33.0221],[99.9069,33.044],[99.8781,33.0476],[99.882,33.0274],[99.8771,32.9946],[99.8646,32.9824],[99.8504,32.9426],[99.8317,32.9524],[99.8035,32.9433],[99.7864,32.9585],[99.772,32.9504],[99.7611,32.9286],[99.7749,32.9251],[99.7919,32.8865],[99.7879,32.8662],[99.7726,32.8502],[99.7741,32.8376],[99.7651,32.8131],[99.7627,32.7795],[99.7489,32.7567],[99.7375,32.7488],[99.7384,32.7333],[99.7271,32.7259],[99.7166,32.7348],[99.7071,32.7635],[99.6684,32.7726],[99.6492,32.7726],[99.6406,32.7924],[99.6062,32.7831],[99.5865,32.7929],[99.5875,32.8061],[99.5584,32.8404],[99.5301,32.8505],[99.5152,32.8484],[99.5012,32.8561],[99.45,32.8638],[99.3821,32.9033],[99.3535,32.8874],[99.3431,32.8972],[99.3269,32.8836],[99.3068,32.8795],[99.2839,32.8871],[99.2682,32.8802],[99.2594,32.9107],[99.245,32.9255],[99.25,32.9498],[99.2329,32.9562],[99.23,32.9788],[99.2144,32.9901],[99.2022,33.0292],[99.178,33.0466],[99.1337,33.0529],[99.1228,33.0475],[99.1123,33.0652],[99.0948,33.0677],[99.0913,33.0804],[99.0715,33.0779],[99.0613,33.0887],[99.0365,33.0874],[99.0242,33.097],[99.016,33.0825],[98.97,33.1015],[98.9673,33.1171],[98.934,33.1168],[98.9048,33.125],[98.8955,33.135],[98.8596,33.1513],[98.8294,33.1827],[98.8302,33.1996],[98.8098,33.2084],[98.8022,33.2218],[98.8128,33.2519],[98.8022,33.2723],[98.7586,33.2797],[98.7605,33.2925],[98.773,33.3035],[98.7635,33.3241],[98.7711,33.3398],[98.7822,33.3463],[98.7797,33.3724],[98.7547,33.3874],[98.752,33.4002],[98.734,33.4107],[98.743,33.4542],[98.7419,33.48],[98.7257,33.489],[98.7262,33.5099],[98.7105,33.5093],[98.6881,33.525],[98.6783,33.5238],[98.6702,33.545],[98.6502,33.5467],[98.6471,33.5593],[98.662,33.5897],[98.6376,33.6079],[98.6208,33.6122],[98.6155,33.6371],[98.6435,33.6432],[98.6493,33.6598],[98.6104,33.685],[98.5946,33.702],[98.5962,33.7179],[98.5823,33.7319],[98.5304,33.754],[98.5278,33.7673],[98.5147,33.7754],[98.4943,33.7705],[98.486,33.7813],[98.4914,33.7954],[98.4811,33.8241],[98.4615,33.8507],[98.45,33.8442],[98.4328,33.8494],[98.405,33.868],[98.4216,33.8936],[98.4249,33.9145],[98.4096,33.9272],[98.4149,33.9586],[98.4307,33.9636],[98.4399,33.9828],[98.4384,34.0002],[98.4275,34.0305],[98.3911,34.0578],[98.4012,34.0892],[98.3381,34.0963],[98.3083,34.0893],[98.2558,34.0848],[98.2284,34.0879],[98.2058,34.0858],[98.1567,34.1089],[98.1429,34.1059],[98.0974,34.1244],[98.0497,34.1162],[98.0287,34.1242],[98.012,34.1474],[97.9773,34.1705],[97.9541,34.1922],[97.922,34.2009],[97.9011,34.2111],[97.889,34.2063],[97.8192,34.2093],[97.7952,34.1971],[97.7829,34.1699],[97.7662,34.1605],[97.7429,34.1567],[97.7017,34.1399],[97.6658,34.1291],[97.6631,34.1162],[97.6829,34.0824],[97.7026,34.0598],[97.7018,34.0384],[97.6869,34.0184],[97.6581,34.014],[97.6523,34.0002],[97.6611,33.9769],[97.6594,33.9581],[97.644,33.9452],[97.642,33.9267],[97.629,33.9216],[97.6015,33.9319],[97.5834,33.9236],[97.5463,33.9159],[97.5245,33.9044],[97.503,33.9137],[97.4821,33.8986],[97.4678,33.9037],[97.46,33.8889],[97.4192,33.8883],[97.3888,33.8814],[97.3973,33.8498],[97.3711,33.8435],[97.368,33.8257],[97.3875,33.8078],[97.3999,33.8056],[97.4074,33.7813],[97.4224,33.7565],[97.4157,33.75],[97.417,33.7301],[97.4275,33.7231],[97.4216,33.7111],[97.4345,33.684],[97.4159,33.6431],[97.4052,33.6301],[97.415,33.6071],[97.4611,33.5833],[97.4721,33.5891],[97.5102,33.5843],[97.5193,33.5679],[97.518,33.534],[97.5115,33.5213],[97.5286,33.5019],[97.5417,33.4946],[97.5522,33.4676],[97.5799,33.4719],[97.6042,33.4538],[97.6252,33.4635],[97.6448,33.451],[97.6645,33.4496],[97.6744,33.435],[97.7032,33.4309],[97.7373,33.4148],[97.7529,33.412],[97.7329,33.3891],[97.7195,33.3881],[97.7083,33.3675],[97.6758,33.3595],[97.6756,33.343],[97.6364,33.3466],[97.6212,33.3363],[97.615,33.3039],[97.6057,33.2855],[97.6088,33.2703],[97.5773,33.2366],[97.5762,33.2255],[97.5463,33.2058],[97.5325,33.2083],[97.5175,33.1846],[97.4943,33.1697],[97.4854,33.1496],[97.4977,33.1385],[97.4872,33.1087],[97.5001,33.0992],[97.5164,33.0996],[97.5369,33.0604],[97.5416,33.0397],[97.5152,33.0236],[97.4967,33.0222],[97.5051,33.0068],[97.5232,32.9908],[97.5057,32.9835],[97.4725,32.9805],[97.4643,32.9741],[97.4466,32.9783],[97.4146,32.9705],[97.4094,32.9639],[97.375,32.9587],[97.3607,32.9489],[97.3685,32.9293],[97.3605,32.9088],[97.3474,32.8986],[97.3544,32.8896],[97.3751,32.8883],[97.3719,32.8762],[97.3885,32.8648],[97.3825,32.8575],[97.3929,32.8324],[97.3792,32.8237],[97.3807,32.7969],[97.4133,32.7378],[97.4254,32.7279],[97.4224,32.7081],[97.4649,32.6752],[97.4785,32.6675],[97.4824,32.6561],[97.5015,32.6489],[97.5122,32.6515],[97.5223,32.6364],[97.5366,32.6392],[97.5437,32.6241],[97.5811,32.6193],[97.5872,32.6118],[97.6079,32.6152],[97.6099,32.599],[97.6306,32.5775],[97.6421,32.5732],[97.6764,32.5494],[97.6928,32.5471],[97.7094,32.5339],[97.7392,32.529],[97.7584,32.5333],[97.7735,32.5192],[97.7965,32.523],[97.8055,32.5031],[97.8372,32.5063],[97.8568,32.5013],[97.8821,32.4883],[97.9077,32.492],[97.9359,32.4872],[97.9474,32.4741],[97.9677,32.4745],[98.0242,32.4461],[98.0415,32.4297],[98.0516,32.4307],[98.0697,32.4187],[98.078,32.4042],[98.0983,32.4049],[98.1361,32.3897],[98.148,32.3771],[98.1638,32.3773],[98.1974,32.3617],[98.2026,32.3503],[98.2174,32.3466],[98.2083,32.322],[98.2188,32.2872],[98.2295,32.27],[98.2193,32.2586],[98.219,32.2367],[98.2418,32.2286],[98.2681,32.1992],[98.2728,32.1854],[98.2959,32.1525],[98.3013,32.1269],[98.3145,32.1123],[98.3424,32.0998],[98.3622,32.0813],[98.4023,32.0496],[98.4052,32.0253],[98.4298,32.0146],[98.4358,32.0055],[98.4275,31.9828],[98.4334,31.9614],[98.4209,31.945],[98.4347,31.9356],[98.4325,31.9253],[98.4028,31.913],[98.3985,31.8984],[98.4103,31.8867],[98.4177,31.8521],[98.4139,31.8349],[98.4399,31.8313],[98.4387,31.8203],[98.449,31.8067],[98.462,31.8015],[98.4613,31.7835],[98.4773,31.7849],[98.5091,31.7533],[98.5178,31.7187],[98.5482,31.7155],[98.5456,31.7001],[98.5555,31.6937],[98.5538,31.6601],[98.5841,31.6381],[98.5868,31.6299],[98.6211,31.5925],[98.6499,31.5819],[98.6952,31.5436],[98.7142,31.5113],[98.7404,31.495],[98.7599,31.4886],[98.7697,31.4786],[98.7931,31.4712],[98.7954,31.4601],[98.8126,31.448],[98.8443,31.4325],[98.8431,31.4174],[98.8578,31.4088],[98.8868,31.3775],[98.8628,31.354],[98.843,31.34],[98.8324,31.3266],[98.8102,31.3095],[98.805,31.2808],[98.7834,31.2619],[98.7709,31.2594],[98.7409,31.2707],[98.7337,31.2915],[98.7158,31.305],[98.6919,31.3353],[98.6441,31.3413],[98.6272,31.3276],[98.6167,31.3078],[98.6042,31.2614],[98.6035,31.2396],[98.6229,31.2241],[98.6203,31.2056],[98.6039,31.1874],[98.6382,31.1819],[98.6427,31.1729],[98.6735,31.1587],[98.6881,31.1367],[98.7103,31.1198],[98.7071,31.1132],[98.7118,31.0841],[98.7357,31.0667],[98.7367,31.051],[98.7793,31.0224],[98.7946,31.0156],[98.806,30.9979],[98.8063,30.9813],[98.7963,30.9484],[98.7803,30.9274],[98.7747,30.9115],[98.781,30.8953],[98.7954,30.8827],[98.8211,30.8734],[98.8268,30.8642],[98.8505,30.8507],[98.8575,30.8321],[98.8725,30.8305],[98.8783,30.8135],[98.9011,30.7889],[98.9529,30.7721],[98.9635,30.7368],[98.9582,30.7257],[98.9418,30.7231],[98.9273,30.7058],[98.9072,30.7017],[98.906,30.686],[98.9142,30.6545],[98.9223,30.6441],[98.9222,30.6109],[98.9422,30.5944],[98.926,30.573],[98.9376,30.5527],[98.9313,30.5312],[98.9454,30.503],[98.9444,30.4846],[98.965,30.4539],[98.9625,30.4304],[98.9653,30.4122],[98.9732,30.4024],[98.9675,30.3624],[98.9729,30.353],[98.9674,30.3373],[98.9807,30.3213],[98.9779,30.3049],[98.9844,30.278],[98.9689,30.2572],[98.9726,30.2359],[98.9919,30.2182],[98.9924,30.208],[98.9809,30.187],[98.99,30.1727],[98.9891,30.1545],[99.0062,30.1507],[99.0131,30.1414],[99.0095,30.1237],[99.0449,30.0823],[99.0363,30.0528],[99.041,30.0424],[99.0336,30.0235],[99.0456,30.0128],[99.0438,30.0005],[99.054,29.9619],[99.0524,29.941],[99.0579,29.925],[99.0525,29.8977],[99.0402,29.8846],[99.0338,29.8597],[99.0228,29.8508],[99.0231,29.8389],[99.0122,29.8156],[99.0178,29.7913],[99.0107,29.7798],[98.9993,29.7378],[98.9973,29.6912],[98.9908,29.6629],[99.0132,29.6239],[99.0138,29.6101],[99.0332,29.5922],[99.0489,29.5697],[99.05,29.5439],[99.0451,29.5216],[99.0514,29.5067],[99.0482,29.4951],[99.0613,29.4739],[99.0559,29.4586],[99.0663,29.4226],[99.0586,29.42],[99.0654,29.3851],[99.0626,29.3773],[99.067,29.3414],[99.0753,29.3194],[99.0675,29.301],[99.0854,29.2932],[99.0933,29.2717],[99.1142,29.2452],[99.112,29.2125],[99.1144,29.1574],[99.1075,29.1426],[99.1141,29.1343],[99.1122,29.1129],[99.1172,29.1056],[99.113,29.0755],[99.1184,29.0346],[99.1269,29.0219],[99.1221,28.9979],[99.1276,28.9771],[99.1241,28.9591],[99.1314,28.9512],[99.125,28.9328],[99.1296,28.9212],[99.1229,28.8932],[99.1123,28.8876],[99.1151,28.8749],[99.1034,28.8456],[99.1033,28.816],[99.1169,28.7824],[99.1135,28.7652],[99.1331,28.7373],[99.1332,28.7149],[99.128,28.6968],[99.1415,28.681],[99.147,28.6605],[99.1459,28.6447],[99.1634,28.6376],[99.1581,28.6245],[99.1719,28.6178],[99.1636,28.6036],[99.1827,28.5917],[99.1688,28.5685],[99.1712,28.55],[99.1881,28.5108],[99.191,28.4973],[99.1823,28.4748],[99.1862,28.4431],[99.1642,28.4289],[99.1733,28.4201],[99.1737,28.4056],[99.2017,28.3788],[99.2006,28.3675],[99.2296,28.3529],[99.2379,28.321],[99.2602,28.3068],[99.2784,28.3029],[99.2889,28.2893],[99.2819,28.2632],[99.2953,28.2651],[99.3045,28.2508],[99.3056,28.232],[99.332,28.2201],[99.3452,28.2081],[99.3596,28.185],[99.3911,28.1837],[99.3849,28.207],[99.3937,28.2414],[99.4046,28.2635],[99.4167,28.2697],[99.4168,28.2867],[99.3918,28.322],[99.4081,28.3327],[99.4044,28.358],[99.42,28.3707],[99.4224,28.3896],[99.4356,28.3992],[99.4361,28.4115],[99.4243,28.4223],[99.4118,28.4222],[99.404,28.4474],[99.4199,28.4544],[99.4133,28.4814],[99.3942,28.4963],[99.394,28.5263],[99.4043,28.5361],[99.4035,28.5505],[99.426,28.5587],[99.4446,28.5526],[99.4636,28.5546],[99.4636,28.5803],[99.4959,28.6075],[99.4947,28.6198],[99.5307,28.6185],[99.5373,28.6354],[99.5432,28.6687],[99.5307,28.6848],[99.55,28.7003],[99.5507,28.7098],[99.6021,28.7315],[99.6164,28.7446],[99.6067,28.761],[99.6088,28.7888],[99.6239,28.8052],[99.624,28.8167],[99.648,28.8204],[99.6758,28.8146],[99.6894,28.8195],[99.6979,28.8376],[99.7183,28.8369],[99.7236,28.8145],[99.7209,28.7631],[99.7302,28.7468],[99.7313,28.725],[99.7555,28.7129],[99.7579,28.7045],[99.7935,28.7034],[99.8091,28.6921],[99.8189,28.6773],[99.8408,28.6623],[99.8342,28.6473],[99.8462,28.6327],[99.856,28.6396],[99.8718,28.638],[99.8758,28.6149],[99.9068,28.6058],[99.9323,28.5925],[99.9521,28.5769],[99.9605,28.5641],[99.9639,28.5412],[99.9849,28.5285],[99.9894,28.4801],[99.9961,28.4711],[100.0445,28.4492],[100.0597,28.4509],[100.0737,28.4285],[100.0526,28.3793],[100.0633,28.3734],[100.0928,28.3679],[100.0992,28.3618],[100.1336,28.3547],[100.137,28.3421],[100.1498,28.3419],[100.1713,28.324],[100.1676,28.2997],[100.1477,28.2945],[100.1489,28.2845],[100.1881,28.2557],[100.1619,28.2367],[100.1686,28.2268],[100.1493,28.2099],[100.1121,28.2065],[100.0968,28.2015],[100.0872,28.1838],[100.0598,28.1961],[100.0501,28.1863],[100.0318,28.1878],[100.0322,28.1762],[100.0217,28.1605],[100.0213,28.1464],[100.0383,28.1345],[100.0607,28.0858],[100.0709,28.0888],[100.0927,28.056],[100.1269,28.0336],[100.1414,28.028],[100.1497,28.0086],[100.1661,28.0091],[100.1716,28],[100.1989,27.9889],[100.2239,27.9896],[100.2307,27.9761],[100.2528,27.9662],[100.2715,27.9694],[100.2968,28.0108],[100.3162,28.0151],[100.3369,28.0125],[100.35,28.0207],[100.3603,28.0144],[100.3817,28.0176],[100.3947,28.0079],[100.4088,28.0076],[100.4156,28.0274],[100.4081,28.0621],[100.3993,28.0678],[100.396,28.1131],[100.3828,28.1223],[100.3842,28.133],[100.3775,28.161],[100.3795,28.1858],[100.3653,28.2073],[100.3653,28.2348],[100.3793,28.2696],[100.3979,28.2768],[100.3981,28.2864],[100.4158,28.3047],[100.4077,28.3199],[100.386,28.3308],[100.3986,28.3513],[100.398,28.3655],[100.4082,28.3706],[100.4219,28.398],[100.4241,28.4226],[100.4148,28.4365],[100.4199,28.4462],[100.4369,28.4528],[100.4381,28.4684],[100.4645,28.4862],[100.467,28.4959],[100.49,28.4995],[100.5072,28.5344],[100.5052,28.5615],[100.5176,28.5669],[100.53,28.5826],[100.5195,28.5958],[100.5168,28.629],[100.5242,28.6476],[100.5217,28.6747],[100.4974,28.6927],[100.4727,28.6987],[100.4792,28.7147],[100.5075,28.712],[100.5379,28.7419],[100.5553,28.7429],[100.5611,28.7534],[100.5941,28.7462],[100.5885,28.776],[100.5773,28.8047],[100.5891,28.8212],[100.5672,28.835],[100.5574,28.8647],[100.5406,28.8931],[100.537,28.9272],[100.5183,28.9449],[100.5196,28.9536],[100.5456,28.9557],[100.5613,28.9474],[100.5928,28.9602],[100.6196,28.9626],[100.6301,28.993],[100.6548,29.0089],[100.6604,29.0249],[100.679,29.0181],[100.699,28.9999],[100.7302,29.0133],[100.7766,29.015],[100.7954,28.9925],[100.8098,28.9907],[100.8223,29],[100.8335,29.021],[100.8453,29.0261],[100.8335,29.0588],[100.7895,29.0617],[100.7759,29.067],[100.7701,29.0863],[100.7789,29.1008],[100.8012,29.1109],[100.8362,29.1161],[100.8779,29.1474],[100.8931,29.1523],[100.9151,29.1431],[100.9235,29.123],[100.9212,29.1027],[100.9333,29.0958],[100.9368,29.0655],[100.9677,29.0851],[101.0135,29.1334],[101.0281,29.1363],[101.0661,29.163],[101.0869,29.1574],[101.1177,29.1245],[101.1205,29.1004],[101.1148,29.0862],[101.1222,29.0696],[101.1373,29.0595],[101.143,29.0346],[101.1543,29.0292],[101.1555,29.0127],[101.1419,29.0005],[101.1601,28.9492],[101.1843,28.9431],[101.1815,28.9017],[101.1923,28.8953],[101.1746,28.8611],[101.1703,28.8179],[101.1716,28.796],[101.1883,28.7654],[101.2077,28.7585],[101.1988,28.7436],[101.2,28.7205],[101.2099,28.7029],[101.2036,28.6883],[101.2022,28.6644],[101.2137,28.661],[101.2333,28.6733],[101.2729,28.6645],[101.2995,28.6775],[101.3335,28.6631],[101.3466,28.6732],[101.3572,28.6684],[101.3692,28.6443],[101.3652,28.6331],[101.3944,28.636],[101.4018,28.6419],[101.4342,28.645],[101.4445,28.6216],[101.4549,28.6286],[101.4787,28.6317],[101.4913,28.6119],[101.5063,28.6045],[101.5076,28.5892],[101.5195,28.5878],[101.5449,28.601],[101.5566,28.5844],[101.5783,28.5853],[101.5927,28.5515],[101.6153,28.5436],[101.6212,28.5211],[101.6189,28.4916],[101.5954,28.4785],[101.5618,28.4789],[101.539,28.4852],[101.5292,28.4935],[101.4931,28.5024],[101.4723,28.5006],[101.4642,28.5088],[101.443,28.5087],[101.4101,28.5215],[101.3967,28.4996],[101.3867,28.4727],[101.4238,28.4943],[101.4367,28.4702],[101.4529,28.414],[101.464,28.4136],[101.4651,28.3978],[101.475,28.3696],[101.4678,28.3557],[101.4758,28.3434],[101.4783,28.3222],[101.5035,28.3175],[101.5382,28.3251],[101.5673,28.3382],[101.5756,28.348],[101.5953,28.3556],[101.5995,28.3675],[101.6219,28.3763],[101.6293,28.357],[101.6738,28.3572],[101.6975,28.376],[101.7153,28.3832],[101.7308,28.4155],[101.7305,28.4314],[101.7455,28.4594],[101.7551,28.5006],[101.7513,28.5092],[101.753,28.5438],[101.8008,28.5777],[101.8183,28.5857],[101.832,28.5986],[101.8716,28.6166],[101.9031,28.611],[101.9167,28.6211],[101.9272,28.6453],[101.9493,28.677],[101.9651,28.6874],[101.9714,28.7015],[102.0044,28.7145],[102.0187,28.7258],[102.0101,28.7432],[101.9974,28.7531],[101.9996,28.767],[101.9862,28.7844],[101.9856,28.8057],[101.956,28.8307],[101.9694,28.8417],[101.9771,28.8569],[101.9881,28.8631],[101.9858,28.8912],[102.0082,28.9132],[102.0221,28.9097],[102.0501,28.9224],[102.0558,28.9538],[102.0747,28.9723],[102.0979,28.9836],[102.1278,29.0174],[102.1524,29.0385],[102.1618,29.0379],[102.1532,29.0526],[102.1679,29.0789],[102.1553,29.0863],[102.1496,29.1094],[102.1582,29.1367],[102.1279,29.1638],[102.1297,29.1773],[102.1083,29.1896],[102.0975,29.1871],[102.08,29.1721],[102.0514,29.1802],[102.065,29.1997],[102.0755,29.2003],[102.1144,29.222],[102.1251,29.2357],[102.0875,29.2813],[102.0498,29.3007],[102.0298,29.2936],[102.0164,29.3005],[101.9861,29.3006],[101.9589,29.3164],[101.9456,29.3507],[101.9582,29.3729],[101.9749,29.3929],[101.9712,29.4051],[101.9823,29.4286],[101.9675,29.4385],[101.944,29.4445],[101.9478,29.4726],[101.9363,29.5017],[101.9495,29.5062],[101.9699,29.4937],[102.005,29.4921],[102.0347,29.5012],[102.0568,29.4973],[102.0927,29.4976],[102.1061,29.5071],[102.1322,29.5117],[102.1484,29.5354],[102.1641,29.5363],[102.1675,29.516],[102.1767,29.5162],[102.1774,29.4905],[102.1713,29.469],[102.1927,29.4709],[102.2042,29.4625],[102.2521,29.4927],[102.2884,29.5199],[102.3087,29.5314],[102.3198,29.5565],[102.3044,29.5779],[102.275,29.6115],[102.2895,29.6312],[102.2825,29.6393],[102.2941,29.6554],[102.2919,29.6728],[102.2969,29.6906],[102.3337,29.7232],[102.326,29.7424],[102.3484,29.7566],[102.3559,29.7748],[102.3441,29.7971],[102.3234,29.8031],[102.3235,29.8205],[102.2879,29.8421],[102.2906,29.858],[102.2727,29.8698],[102.2689,29.8838],[102.2782,29.894],[102.2842,29.9225],[102.2964,29.9322],[102.3007,29.951],[102.2942,29.9725],[102.295,29.9939],[102.2751,30.0035],[102.2724,30.0329],[102.2773,30.0425],[102.2669,30.0804],[102.28,30.0937],[102.2955,30.1003],[102.2881,30.1111],[102.2965,30.1443],[102.3116,30.1678],[102.3216,30.1701],[102.3298,30.1994],[102.3507,30.2097],[102.3714,30.2314],[102.3844,30.2242],[102.3965,30.2322],[102.4106,30.2756],[102.4136,30.2934],[102.4084,30.3091],[102.4155,30.3153],[102.419,30.344],[102.4314,30.3577],[102.4296,30.3748],[102.4176,30.3891],[102.4318,30.4295],[102.4166,30.4501],[102.4208,30.468],[102.4116,30.4963],[102.4183,30.5082],[102.4154,30.5229],[102.4242,30.5476],[102.4353,30.6122],[102.4488,30.6282],[102.467,30.636],[102.4773,30.6633],[102.4715,30.6747],[102.4841,30.6858],[102.4827,30.7034],[102.4874,30.7426],[102.4703,30.759],[102.4683,30.7682]]]},"properties":{"region_code":"CN-51-5133","parent_region_code":"CN-51","name":"甘孜藏族自治州","level":"prefecture","has_children":true,"full_path":"中国 / 四川省 / 甘孜藏族自治州","source_admin_code":"5133","osm_relation_id":2049312}},
{"type":"Feature","geometry":{"type":"MultiPolygon","coordinates":[[[[101.9198,26.6454],[101.9336,26.6383],[101.9458,26.6691],[101.9407,26.6808],[101.9453,26.7113],[101.9244,26.7026],[101.9178,26.6817],[101.9091,26.6775],[101.9198,26.6454]]],[[[101.8384,26.0865],[101.8383,26.0651],[101.8576,26.0543],[101.8783,26.0701],[101.8792,26.0805],[101.9003,26.1086],[101.9162,26.1133],[101.9373,26.1042],[101.9519,26.0888],[101.9717,26.0966],[101.9858,26.0903],[102.0215,26.1011],[102.0396,26.0845],[102.0625,26.0758],[102.0653,26.0682],[102.1061,26.0716],[102.1164,26.0899],[102.1294,26.089],[102.1326,26.11],[102.15,26.112],[102.1734,26.15],[102.1859,26.1603],[102.1996,26.1622],[102.2306,26.1837],[102.2418,26.1957],[102.2434,26.2137],[102.2641,26.2249],[102.2863,26.2246],[102.3098,26.2307],[102.3522,26.2506],[102.3798,26.2828],[102.391,26.2998],[102.4324,26.3023],[102.4706,26.3159],[102.4914,26.3278],[102.5313,26.3373],[102.5422,26.3445],[102.5469,26.3646],[102.564,26.368],[102.5935,26.3527],[102.6199,26.347],[102.6288,26.3401],[102.6377,26.3126],[102.6112,26.2873],[102.5994,26.2546],[102.6204,26.2488],[102.6333,26.2366],[102.6589,26.2239],[102.6716,26.2091],[102.6968,26.2189],[102.712,26.2149],[102.721,26.2281],[102.7203,26.2447],[102.7398,26.2733],[102.7582,26.277],[102.7831,26.3017],[102.8105,26.3092],[102.8326,26.311],[102.85,26.3244],[102.8667,26.3439],[102.8783,26.3689],[102.8887,26.3622],[102.8918,26.3417],[102.9162,26.3455],[102.9277,26.3383],[102.9406,26.3442],[102.9714,26.3437],[102.9835,26.3492],[102.9966,26.375],[102.9874,26.4082],[102.9894,26.4346],[102.9978,26.4495],[102.9879,26.4847],[103.0186,26.4855],[103.0309,26.4901],[103.0504,26.5182],[103.0546,26.5331],[103.0512,26.5579],[103.0342,26.5583],[103.0289,26.5767],[103.0166,26.5971],[103.0284,26.6062],[103.0255,26.6662],[103.0034,26.6822],[103.0091,26.7048],[102.9961,26.7235],[103.0009,26.7385],[102.9926,26.7436],[102.983,26.7711],[102.9907,26.7792],[102.978,26.7944],[102.979,26.8098],[102.9659,26.8266],[102.9627,26.843],[102.9467,26.8473],[102.9024,26.9092],[102.8876,26.9577],[102.894,26.9806],[102.894,27.0034],[102.8695,27.03],[102.8838,27.0636],[102.8972,27.0799],[102.8976,27.0956],[102.9088,27.1199],[102.9104,27.1492],[102.904,27.1705],[102.9074,27.1832],[102.9003,27.1992],[102.9032,27.223],[102.899,27.2406],[102.8857,27.2502],[102.8815,27.2631],[102.882,27.3023],[102.8981,27.3201],[102.9225,27.3788],[102.9322,27.3894],[102.9424,27.4136],[102.9532,27.4165],[102.9623,27.3918],[102.9832,27.3709],[103.0191,27.3834],[103.0522,27.4121],[103.0701,27.411],[103.0779,27.4004],[103.109,27.4037],[103.1428,27.4309],[103.1419,27.4543],[103.1572,27.48],[103.1763,27.4995],[103.1882,27.5269],[103.2076,27.5366],[103.2199,27.5692],[103.2373,27.5737],[103.2801,27.5649],[103.2931,27.5686],[103.2965,27.6058],[103.2785,27.6218],[103.2892,27.6375],[103.3364,27.6779],[103.3532,27.6872],[103.369,27.7125],[103.3887,27.7135],[103.4208,27.748],[103.4467,27.7587],[103.4585,27.7822],[103.4794,27.7933],[103.4973,27.8165],[103.5076,27.8466],[103.4988,27.879],[103.5003,27.9134],[103.5372,27.9555],[103.5579,27.9608],[103.5545,27.9826],[103.5356,27.9701],[103.5127,27.9694],[103.5043,27.9761],[103.4932,27.9997],[103.493,28.028],[103.4724,28.0351],[103.4586,28.0247],[103.4453,28.029],[103.4284,28.0483],[103.43,28.0738],[103.4503,28.0896],[103.4562,28.1067],[103.4463,28.1191],[103.4692,28.126],[103.4783,28.1368],[103.4988,28.1449],[103.5124,28.1601],[103.5303,28.1709],[103.5626,28.2145],[103.5685,28.2327],[103.6042,28.2414],[103.6372,28.2662],[103.6739,28.2419],[103.6902,28.2355],[103.6926,28.2115],[103.7,28.2028],[103.7182,28.204],[103.728,28.2317],[103.7434,28.2399],[103.7666,28.2363],[103.7843,28.2577],[103.8123,28.2689],[103.8275,28.2891],[103.8412,28.2887],[103.8707,28.3062],[103.8746,28.3251],[103.8517,28.357],[103.8583,28.3883],[103.8509,28.4092],[103.8383,28.4225],[103.8276,28.4427],[103.8287,28.4625],[103.8101,28.4971],[103.7917,28.5109],[103.7797,28.5283],[103.7547,28.5263],[103.7373,28.5184],[103.7374,28.5052],[103.7099,28.4859],[103.6819,28.502],[103.6872,28.5227],[103.699,28.5265],[103.7127,28.5459],[103.707,28.5616],[103.6896,28.5648],[103.6775,28.575],[103.6668,28.596],[103.6402,28.6087],[103.6129,28.6006],[103.5943,28.6163],[103.5831,28.6182],[103.5638,28.6105],[103.529,28.6155],[103.5298,28.6025],[103.5157,28.5719],[103.4978,28.559],[103.4404,28.5466],[103.4274,28.5328],[103.4193,28.5148],[103.4412,28.4968],[103.4304,28.4714],[103.4325,28.4594],[103.4201,28.4528],[103.3857,28.4241],[103.3688,28.4242],[103.3544,28.4432],[103.336,28.4505],[103.3103,28.4912],[103.2991,28.5249],[103.2862,28.5363],[103.2527,28.5445],[103.2398,28.5575],[103.2482,28.5786],[103.243,28.595],[103.257,28.6017],[103.2649,28.6148],[103.2783,28.613],[103.2786,28.6493],[103.3046,28.6855],[103.314,28.7066],[103.3347,28.7237],[103.3336,28.7451],[103.3127,28.761],[103.2925,28.7666],[103.2919,28.7917],[103.282,28.8058],[103.2373,28.8153],[103.224,28.8083],[103.2046,28.8151],[103.1956,28.8262],[103.1517,28.8327],[103.1297,28.828],[103.1093,28.8136],[103.1054,28.7905],[103.1105,28.7728],[103.1036,28.7642],[103.0815,28.7575],[103.0674,28.7438],[103.0748,28.7101],[103.06,28.675],[103.0328,28.6668],[103.0244,28.6728],[102.9929,28.682],[102.9739,28.6784],[102.9623,28.6879],[102.935,28.7487],[102.9363,28.7753],[102.9237,28.7946],[102.9211,28.8123],[102.9393,28.8589],[102.9363,28.8772],[102.9265,28.8997],[102.9292,28.9103],[102.9446,28.9234],[102.9408,28.9474],[102.9048,29.0176],[102.9069,29.0325],[102.9206,29.0412],[102.9399,29.0438],[102.973,29.0727],[102.9679,29.0818],[102.9383,29.1041],[102.9257,29.1324],[102.9285,29.1513],[102.9404,29.1647],[102.9371,29.1948],[102.9612,29.1975],[102.9714,29.2246],[102.9612,29.2577],[103.0022,29.2529],[103.0204,29.2626],[103.0297,29.2813],[103.0149,29.2924],[103.0014,29.2899],[102.9833,29.2928],[102.9618,29.3034],[102.9374,29.3046],[102.9087,29.2626],[102.9045,29.2266],[102.8906,29.2146],[102.8685,29.2057],[102.8415,29.2082],[102.833,29.2136],[102.8321,29.2438],[102.8127,29.2528],[102.803,29.2496],[102.7892,29.2607],[102.7761,29.2488],[102.7826,29.2287],[102.7629,29.2097],[102.7618,29.1982],[102.7747,29.1768],[102.7677,29.1604],[102.7468,29.1627],[102.7368,29.1553],[102.7173,29.1667],[102.6905,29.1704],[102.675,29.1666],[102.6473,29.1773],[102.6525,29.1924],[102.6332,29.2142],[102.601,29.207],[102.5855,29.1874],[102.599,29.1756],[102.592,29.1619],[102.5644,29.1649],[102.5525,29.1211],[102.5336,29.1188],[102.5133,29.0971],[102.5235,29.0849],[102.5156,29.0595],[102.5238,29.0449],[102.5105,29.034],[102.501,29.0094],[102.4765,28.9928],[102.4692,28.975],[102.4713,28.9579],[102.483,28.9412],[102.482,28.9191],[102.4614,28.9002],[102.4595,28.8738],[102.4416,28.8708],[102.4304,28.8525],[102.4008,28.8578],[102.3645,28.8557],[102.3447,28.859],[102.3155,28.8847],[102.3117,28.8952],[102.2603,28.9027],[102.246,28.9136],[102.2488,28.9279],[102.233,28.9428],[102.234,28.9598],[102.2061,28.9771],[102.198,28.9967],[102.1785,29.0181],[102.187,29.0282],[102.1708,29.0401],[102.1618,29.0379],[102.1524,29.0385],[102.1278,29.0174],[102.0979,28.9836],[102.0747,28.9723],[102.0558,28.9538],[102.0501,28.9224],[102.0221,28.9097],[102.0082,28.9132],[101.9858,28.8912],[101.9881,28.8631],[101.9771,28.8569],[101.9694,28.8417],[101.956,28.8307],[101.9856,28.8057],[101.9862,28.7844],[101.9996,28.767],[101.9974,28.7531],[102.0101,28.7432],[102.0187,28.7258],[102.0044,28.7145],[101.9714,28.7015],[101.9651,28.6874],[101.9493,28.677],[101.9272,28.6453],[101.9167,28.6211],[101.9031,28.611],[101.8716,28.6166],[101.832,28.5986],[101.8183,28.5857],[101.8008,28.5777],[101.753,28.5438],[101.7513,28.5092],[101.7551,28.5006],[101.7455,28.4594],[101.7305,28.4314],[101.7308,28.4155],[101.7153,28.3832],[101.6975,28.376],[101.6738,28.3572],[101.6293,28.357],[101.6219,28.3763],[101.5995,28.3675],[101.5953,28.3556],[101.5756,28.348],[101.5673,28.3382],[101.5382,28.3251],[101.5035,28.3175],[101.4783,28.3222],[101.4758,28.3434],[101.4678,28.3557],[101.475,28.3696],[101.4651,28.3978],[101.464,28.4136],[101.4529,28.414],[101.4367,28.4702],[101.4238,28.4943],[101.3867,28.4727],[101.3967,28.4996],[101.4101,28.5215],[101.443,28.5087],[101.4642,28.5088],[101.4723,28.5006],[101.4931,28.5024],[101.5292,28.4935],[101.539,28.4852],[101.5618,28.4789],[101.5954,28.4785],[101.6189,28.4916],[101.6212,28.5211],[101.6153,28.5436],[101.5927,28.5515],[101.5783,28.5853],[101.5566,28.5844],[101.5449,28.601],[101.5195,28.5878],[101.5076,28.5892],[101.5063,28.6045],[101.4913,28.6119],[101.4787,28.6317],[101.4549,28.6286],[101.4445,28.6216],[101.4342,28.645],[101.4018,28.6419],[101.3944,28.636],[101.3652,28.6331],[101.3692,28.6443],[101.3572,28.6684],[101.3466,28.6732],[101.3335,28.6631],[101.2995,28.6775],[101.2729,28.6645],[101.2333,28.6733],[101.2137,28.661],[101.2022,28.6644],[101.2036,28.6883],[101.2099,28.7029],[101.2,28.7205],[101.1988,28.7436],[101.2077,28.7585],[101.1883,28.7654],[101.1716,28.796],[101.1703,28.8179],[101.1746,28.8611],[101.1923,28.8953],[101.1815,28.9017],[101.1843,28.9431],[101.1601,28.9492],[101.1419,29.0005],[101.1555,29.0127],[101.1543,29.0292],[101.143,29.0346],[101.1373,29.0595],[101.1222,29.0696],[101.1148,29.0862],[101.1205,29.1004],[101.1177,29.1245],[101.0869,29.1574],[101.0661,29.163],[101.0281,29.1363],[101.0135,29.1334],[100.9677,29.0851],[100.9368,29.0655],[100.9333,29.0958],[100.9212,29.1027],[100.9235,29.123],[100.9151,29.1431],[100.8931,29.1523],[100.8779,29.1474],[100.8362,29.1161],[100.8012,29.1109],[100.7789,29.1008],[100.7701,29.0863],[100.7759,29.067],[100.7895,29.0617],[100.8335,29.0588],[100.8453,29.0261],[100.8335,29.021],[100.8223,29],[100.8098,28.9907],[100.7954,28.9925],[100.7766,29.015],[100.7302,29.0133],[100.699,28.9999],[100.679,29.0181],[100.6604,29.0249],[100.6548,29.0089],[100.6301,28.993],[100.6196,28.9626],[100.5928,28.9602],[100.5613,28.9474],[100.5456,28.9557],[100.5196,28.9536],[100.5183,28.9449],[100.537,28.9272],[100.5406,28.8931],[100.5574,28.8647],[100.5672,28.835],[100.5891,28.8212],[100.5773,28.8047],[100.5885,28.776],[100.5941,28.7462],[100.5611,28.7534],[100.5553,28.7429],[100.5379,28.7419],[100.5075,28.712],[100.4792,28.7147],[100.4727,28.6987],[100.4974,28.6927],[100.5217,28.6747],[100.5242,28.6476],[100.5168,28.629],[100.5195,28.5958],[100.53,28.5826],[100.5176,28.5669],[100.5052,28.5615],[100.5072,28.5344],[100.49,28.4995],[100.467,28.4959],[100.4645,28.4862],[100.4381,28.4684],[100.4369,28.4528],[100.4199,28.4462],[100.4148,28.4365],[100.4241,28.4226],[100.4219,28.398],[100.4082,28.3706],[100.398,28.3655],[100.3986,28.3513],[100.386,28.3308],[100.4077,28.3199],[100.4158,28.3047],[100.3981,28.2864],[100.3979,28.2768],[100.3793,28.2696],[100.3653,28.2348],[100.3653,28.2073],[100.3795,28.1858],[100.3775,28.161],[100.3842,28.133],[100.3828,28.1223],[100.396,28.1131],[100.3993,28.0678],[100.4081,28.0621],[100.4156,28.0274],[100.4088,28.0076],[100.3947,28.0079],[100.3817,28.0176],[100.3603,28.0144],[100.35,28.0207],[100.3369,28.0125],[100.3162,28.0151],[100.2968,28.0108],[100.2715,27.9694],[100.2528,27.9662],[100.2307,27.9761],[100.2239,27.9896],[100.1989,27.9889],[100.1716,28],[100.1661,28.0091],[100.1497,28.0086],[100.1414,28.028],[100.1269,28.0336],[100.0927,28.056],[100.0709,28.0888],[100.0607,28.0858],[100.0767,28.045],[100.0853,28.0337],[100.1215,28.0204],[100.1379,27.9979],[100.1949,27.9408],[100.1686,27.911],[100.2093,27.8807],[100.2567,27.8684],[100.2707,27.8731],[100.2937,27.873],[100.3079,27.8625],[100.3013,27.8517],[100.3073,27.8338],[100.2888,27.8208],[100.2848,27.8093],[100.3016,27.7957],[100.3,27.7732],[100.3063,27.7525],[100.2995,27.7432],[100.3109,27.7273],[100.3346,27.7269],[100.3436,27.7379],[100.3478,27.7581],[100.3598,27.7629],[100.3744,27.7577],[100.3758,27.7793],[100.4049,27.8078],[100.4106,27.8375],[100.4281,27.8522],[100.4323,27.8686],[100.4728,27.8624],[100.494,27.8488],[100.5034,27.8548],[100.5093,27.8307],[100.5189,27.8247],[100.5359,27.8285],[100.5548,27.8253],[100.5879,27.8449],[100.6088,27.8626],[100.6077,27.88],[100.6183,27.8921],[100.6321,27.9183],[100.6539,27.9141],[100.6597,27.9217],[100.6798,27.9262],[100.6932,27.8994],[100.7025,27.8921],[100.6974,27.8767],[100.7182,27.8621],[100.7053,27.8449],[100.7011,27.8198],[100.7079,27.8024],[100.7372,27.7781],[100.756,27.7729],[100.7599,27.7604],[100.7745,27.7462],[100.7801,27.6967],[100.7898,27.6863],[100.8341,27.6863],[100.8473,27.6743],[100.8299,27.6603],[100.8464,27.6504],[100.8262,27.6184],[100.8432,27.6195],[100.8529,27.6008],[100.866,27.5958],[100.8861,27.5719],[100.8861,27.55],[100.9102,27.5245],[100.9102,27.5066],[100.9009,27.4892],[100.9029,27.4668],[100.9164,27.4735],[100.9355,27.4726],[100.9566,27.4436],[100.9512,27.4296],[100.9615,27.4079],[100.9724,27.4002],[100.9932,27.3723],[100.9989,27.354],[101.0185,27.3475],[101.0198,27.3347],[101.0068,27.3167],[101.0304,27.2992],[101.0237,27.2755],[101.0408,27.2497],[101.0394,27.2253],[101.053,27.216],[101.0541,27.2058],[101.0705,27.1977],[101.118,27.2123],[101.1459,27.2014],[101.169,27.1987],[101.1663,27.1682],[101.1854,27.1749],[101.1963,27.1873],[101.2426,27.1822],[101.2569,27.1941],[101.2774,27.2016],[101.2908,27.1927],[101.3104,27.2013],[101.3302,27.1838],[101.3526,27.1885],[101.3643,27.1749],[101.3833,27.1624],[101.3923,27.1486],[101.4133,27.1648],[101.413,27.1805],[101.4261,27.1948],[101.4156,27.2188],[101.4613,27.239],[101.4814,27.2401],[101.4872,27.2326],[101.5106,27.2319],[101.5278,27.2807],[101.5384,27.2819],[101.5578,27.2988],[101.5784,27.328],[101.5795,27.3359],[101.5974,27.3439],[101.615,27.3403],[101.6571,27.3174],[101.6627,27.2864],[101.6506,27.2556],[101.6416,27.2481],[101.6485,27.2284],[101.6406,27.2121],[101.652,27.2068],[101.6599,27.1853],[101.6759,27.1667],[101.6815,27.1523],[101.7076,27.1316],[101.7302,27.134],[101.7438,27.1275],[101.7528,27.1347],[101.78,27.1283],[101.8024,27.1179],[101.814,27.1057],[101.8289,27.1243],[101.8724,27.1341],[101.8759,27.1719],[101.8628,27.1874],[101.8762,27.1958],[101.88,27.2146],[101.8752,27.2292],[101.8844,27.2412],[101.8857,27.2605],[101.9116,27.246],[101.9015,27.2249],[101.9083,27.1945],[101.9206,27.1846],[101.9228,27.169],[101.9406,27.1506],[101.926,27.1404],[101.938,27.1071],[101.9492,27.1084],[101.9714,27.1261],[101.9906,27.1193],[101.9949,27.0969],[102.0111,27.1028],[102.0237,27.0959],[102.0353,27.08],[102.0502,27.0836],[102.0508,27.0972],[102.0691,27.1103],[102.084,27.1324],[102.0905,27.1524],[102.1152,27.1606],[102.1236,27.1757],[102.1618,27.1831],[102.1719,27.1478],[102.1824,27.1352],[102.1996,27.1345],[102.2148,27.1165],[102.2396,27.1096],[102.2457,27.0979],[102.2361,27.0866],[102.2377,27.0666],[102.2161,27.0506],[102.2285,27.0156],[102.23,27.002],[102.2149,26.9758],[102.2125,26.9622],[102.2276,26.9489],[102.2235,26.9257],[102.2034,26.9183],[102.2116,26.8869],[102.2095,26.8601],[102.2002,26.8455],[102.2105,26.8336],[102.2123,26.8175],[102.1746,26.8163],[102.1734,26.8068],[102.1887,26.7942],[102.174,26.7786],[102.1933,26.7665],[102.1944,26.7486],[102.1729,26.7285],[102.1768,26.7068],[102.1582,26.6965],[102.152,26.6819],[102.1339,26.6785],[102.1314,26.6418],[102.0976,26.6445],[102.0836,26.6577],[102.0692,26.6583],[102.0721,26.6741],[102.0546,26.6933],[102.0617,26.7215],[102.0458,26.7421],[102.0324,26.7161],[102.0056,26.7199],[101.9948,26.6872],[101.9941,26.6517],[102.0078,26.6203],[102.01,26.6027],[102.0286,26.6013],[102.0382,26.5859],[102.0328,26.5468],[102.0417,26.5227],[102.058,26.5058],[102.0571,26.4968],[102.0324,26.474],[102.0225,26.4329],[101.9941,26.4347],[101.979,26.4609],[101.9571,26.4611],[101.9406,26.4549],[101.9273,26.4239],[101.9379,26.413],[101.9255,26.3624],[101.9315,26.3542],[101.9344,26.3271],[101.9237,26.3092],[101.921,26.2745],[101.8999,26.245],[101.8991,26.2232],[101.9096,26.211],[101.9031,26.194],[101.8719,26.1864],[101.8367,26.1613],[101.8422,26.1487],[101.8304,26.1163],[101.8401,26.1041],[101.8384,26.0865]]]]},"properties":{"region_code":"CN-51-5134","parent_region_code":"CN-51","name":"凉山彝族自治州","level":"prefecture","has_children":true,"full_path":"中国 / 四川省 / 凉山彝族自治州","source_admin_code":"5134","osm_relation_id":2785750}}
]}