{"type":"FeatureCollection", "features": [
{"type":"Feature","geometry":{"type":"Polygon","coordinates":[[[87.333,45.0004],[87.3793,44.9308],[87.444,44.8315],[87.5352,44.693],[87.5523,44.666],[87.5784,44.5957],[87.5734,44.5893],[87.5709,44.5767],[87.5726,44.5674],[87.5851,44.5515],[87.5892,44.5396],[87.5882,44.5324],[87.5911,44.5178],[87.5987,44.5018],[87.5918,44.4862],[87.596,44.4769],[87.6211,44.4701],[87.6319,44.4625],[87.6361,44.4524],[87.6498,44.4496],[87.656,44.4268],[87.6608,44.4161],[87.6904,44.4156],[87.6898,44.3693],[87.6977,44.3665],[87.7131,44.3558],[87.7091,44.2618],[87.6877,44.2448],[87.69,44.234],[87.682,44.2296],[87.6882,44.2209],[87.6683,44.2086],[87.6496,44.1952],[87.6337,44.2041],[87.6374,44.2254],[87.604,44.2331],[87.5953,44.2457],[87.5811,44.2382],[87.5791,44.2173],[87.5815,44.2056],[87.5699,44.181],[87.5619,44.1687],[87.5655,44.1607],[87.5613,44.1402],[87.5617,44.1315],[87.5739,44.1158],[87.5637,44.1101],[87.5585,44.0976],[87.542,44.0967],[87.5245,44.0925],[87.5137,44.0479],[87.5094,44.0433],[87.505,44.0203],[87.5141,44.0173],[87.5127,44.0113],[87.5035,44.005],[87.4893,44.0066],[87.4954,44.043],[87.5012,44.0647],[87.4842,44.0767],[87.4592,44.0774],[87.4527,44.0655],[87.441,44.066],[87.4163,44.0543],[87.4169,44.0516],[87.3926,44.0426],[87.3804,44.0429],[87.373,44.0344],[87.3576,44.0248],[87.3531,44.0133],[87.3426,44.0077],[87.3404,44.0028],[87.3268,43.9945],[87.2984,43.9663],[87.2932,43.9653],[87.2802,43.9537],[87.2595,43.922],[87.2629,43.9022],[87.2762,43.8685],[87.2768,43.8511],[87.2796,43.8311],[87.2779,43.8234],[87.2787,43.8048],[87.27,43.7962],[87.265,43.7869],[87.2527,43.777],[87.2369,43.7569],[87.2186,43.7386],[87.2122,43.7195],[87.1941,43.6913],[87.1794,43.6859],[87.163,43.6744],[87.1488,43.6539],[87.1403,43.6477],[87.1239,43.62],[87.1181,43.6166],[87.1117,43.6067],[87.0963,43.5918],[87.0871,43.5887],[87.0599,43.5734],[87.0472,43.5688],[87.0373,43.5578],[87.013,43.5441],[86.9938,43.5307],[86.9899,43.5099],[86.9817,43.496],[86.975,43.4897],[86.9726,43.4749],[86.9624,43.4744],[86.9571,43.4667],[86.9347,43.4606],[86.9267,43.4502],[86.8973,43.4267],[86.8961,43.4172],[86.8993,43.3987],[86.903,43.3913],[86.9267,43.3801],[86.9384,43.3655],[86.9272,43.3542],[86.9189,43.3399],[86.9209,43.324],[86.8941,43.3013],[86.9005,43.2932],[86.8975,43.2687],[86.891,43.2649],[86.8746,43.2649],[86.8724,43.2479],[86.868,43.2411],[86.8558,43.2328],[86.8537,43.2106],[86.8358,43.201],[86.8333,43.1884],[86.8138,43.178],[86.8133,43.1698],[86.8213,43.1684],[86.8415,43.1584],[86.8436,43.1497],[86.8309,43.1439],[86.8194,43.1438],[86.8072,43.1346],[86.8014,43.1232],[86.794,43.1203],[86.7957,43.1112],[86.8017,43.1044],[86.8263,43.0976],[86.8339,43.0906],[86.8468,43.0883],[86.8514,43.0822],[86.8622,43.0862],[86.8756,43.0852],[86.8934,43.0779],[86.9008,43.0703],[86.9097,43.0733],[86.9132,43.0637],[86.9239,43.0502],[86.9378,43.0456],[86.9515,43.0463],[86.965,43.0423],[86.9809,43.0482],[86.9898,43.0368],[86.9996,43.0351],[87.0206,43.0278],[87.027,43.036],[87.0346,43.0371],[87.0516,43.0214],[87.0639,43.0227],[87.0704,43.0301],[87.0841,43.0336],[87.108,43.045],[87.1081,43.0614],[87.1185,43.0619],[87.1264,43.0582],[87.1662,43.0515],[87.1922,43.0496],[87.1996,43.0438],[87.206,43.0455],[87.2393,43.0369],[87.2672,43.0308],[87.2791,43.0256],[87.2914,43.0134],[87.3091,43.0108],[87.3318,43.0004],[87.3421,42.9982],[87.3521,42.9864],[87.3745,42.9792],[87.3818,42.9714],[87.3998,42.962],[87.4128,42.9624],[87.429,42.9568],[87.4482,42.9449],[87.4644,42.9432],[87.481,42.9379],[87.494,42.9385],[87.5188,42.9305],[87.5318,42.922],[87.542,42.9328],[87.5671,42.9523],[87.5792,42.9598],[87.588,42.9617],[87.5866,42.9925],[87.5804,43.0012],[87.571,43.0016],[87.5662,43.0129],[87.5531,43.0166],[87.5405,43.0257],[87.5249,43.0256],[87.5204,43.0332],[87.5107,43.0287],[87.5035,43.0329],[87.4952,43.0324],[87.4827,43.0367],[87.4593,43.0311],[87.4208,43.031],[87.3924,43.0349],[87.3803,43.0426],[87.3609,43.0464],[87.3592,43.05],[87.3416,43.0578],[87.3325,43.0662],[87.3208,43.0677],[87.3101,43.0724],[87.292,43.0759],[87.2898,43.0811],[87.2728,43.0852],[87.2726,43.1052],[87.2696,43.1214],[87.2651,43.1314],[87.2697,43.135],[87.2841,43.1328],[87.3049,43.1264],[87.3164,43.1205],[87.329,43.1221],[87.3354,43.1168],[87.3515,43.1131],[87.3681,43.1187],[87.3841,43.1131],[87.3836,43.1569],[87.3801,43.1637],[87.3883,43.1701],[87.3911,43.1843],[87.3812,43.1993],[87.3812,43.2269],[87.3789,43.2408],[87.3606,43.2672],[87.3634,43.278],[87.3678,43.2806],[87.3841,43.2774],[87.397,43.2814],[87.4081,43.2737],[87.4228,43.2768],[87.4398,43.2679],[87.4538,43.2669],[87.4721,43.2703],[87.478,43.2655],[87.4949,43.2682],[87.513,43.2653],[87.53,43.2674],[87.5392,43.264],[87.5606,43.2656],[87.568,43.2586],[87.6066,43.262],[87.6152,43.2647],[87.6294,43.2635],[87.6429,43.2686],[87.6477,43.2737],[87.6884,43.2725],[87.6984,43.285],[87.7069,43.2855],[87.7498,43.2957],[87.759,43.2923],[87.7726,43.2914],[87.7866,43.2947],[87.8062,43.293],[87.8199,43.2942],[87.8318,43.3005],[87.8473,43.296],[87.8716,43.2959],[87.8975,43.2979],[87.9189,43.3061],[87.9383,43.3059],[87.972,43.3119],[87.9956,43.2984],[88.0212,43.3125],[88.0478,43.3163],[88.054,43.3141],[88.0694,43.3173],[88.0717,43.3146],[88.0897,43.3214],[88.1081,43.3218],[88.115,43.3245],[88.1273,43.3241],[88.1297,43.3304],[88.1426,43.3241],[88.162,43.329],[88.195,43.3217],[88.221,43.3229],[88.2257,43.3131],[88.2251,43.3004],[88.2146,43.2882],[88.2154,43.2683],[88.2369,43.2371],[88.2448,43.2226],[88.2531,43.2184],[88.2831,43.2152],[88.2956,43.2102],[88.309,43.2107],[88.3133,43.2223],[88.329,43.2209],[88.334,43.2266],[88.3521,43.2227],[88.3805,43.2058],[88.4167,43.1948],[88.4279,43.1961],[88.4455,43.2046],[88.4578,43.2081],[88.4705,43.2221],[88.4732,43.2348],[88.4798,43.2406],[88.4997,43.2477],[88.5207,43.2611],[88.5277,43.27],[88.5277,43.2821],[88.5234,43.293],[88.5271,43.3029],[88.5249,43.3165],[88.5283,43.3194],[88.5218,43.3355],[88.5239,43.3471],[88.5387,43.3499],[88.5536,43.341],[88.5767,43.3445],[88.5869,43.3517],[88.6106,43.3474],[88.6349,43.3465],[88.6391,43.3525],[88.6761,43.3673],[88.6893,43.3702],[88.7029,43.3799],[88.7354,43.3788],[88.7514,43.3952],[88.764,43.3936],[88.7802,43.3949],[88.8255,43.3897],[88.84,43.387],[88.8694,43.4126],[88.911,43.4263],[88.9198,43.4272],[88.9289,43.4348],[88.9274,43.4385],[88.9336,43.4567],[88.9352,43.471],[88.9338,43.4879],[88.9479,43.5038],[88.961,43.5304],[88.9645,43.5403],[88.9715,43.5493],[88.9661,43.5621],[88.9565,43.5677],[88.9498,43.5782],[88.954,43.5884],[88.9513,43.5989],[88.936,43.6122],[88.93,43.6212],[88.9336,43.6312],[88.9285,43.6414],[88.9136,43.6427],[88.9051,43.6474],[88.899,43.6668],[88.8992,43.6805],[88.8793,43.6814],[88.8519,43.7026],[88.8461,43.7113],[88.8342,43.7119],[88.8316,43.7204],[88.8203,43.7157],[88.804,43.7187],[88.7918,43.7156],[88.7818,43.7092],[88.7552,43.7059],[88.7377,43.7095],[88.7314,43.7135],[88.7181,43.7085],[88.7026,43.7063],[88.6992,43.7206],[88.7086,43.7222],[88.7187,43.7322],[88.7214,43.7432],[88.709,43.7439],[88.6956,43.7497],[88.691,43.7581],[88.6807,43.758],[88.6674,43.7648],[88.6587,43.7588],[88.6424,43.7678],[88.6313,43.7638],[88.6149,43.7674],[88.6147,43.7756],[88.6027,43.7888],[88.5979,43.7901],[88.5958,43.8026],[88.5865,43.7995],[88.5722,43.8028],[88.5572,43.7982],[88.5489,43.8034],[88.5284,43.7999],[88.5238,43.8083],[88.532,43.8253],[88.5274,43.8309],[88.5163,43.835],[88.5091,43.8564],[88.4979,43.8495],[88.4865,43.846],[88.4856,43.8359],[88.4775,43.8301],[88.4769,43.8174],[88.4609,43.8076],[88.4505,43.8059],[88.4352,43.8098],[88.4301,43.8035],[88.4149,43.7976],[88.4112,43.7896],[88.4016,43.7879],[88.3969,43.7942],[88.3751,43.7949],[88.346,43.7974],[88.335,43.8016],[88.3168,43.7914],[88.3019,43.8066],[88.3076,43.8102],[88.3062,43.8173],[88.2877,43.826],[88.2758,43.8288],[88.2653,43.8127],[88.2516,43.8171],[88.2426,43.804],[88.2516,43.7962],[88.2568,43.7857],[88.2365,43.7686],[88.2337,43.7636],[88.209,43.7673],[88.2018,43.7564],[88.1911,43.7641],[88.1626,43.7673],[88.1641,43.7581],[88.1483,43.76],[88.1353,43.7553],[88.141,43.7706],[88.1412,43.7819],[88.1367,43.7874],[88.1354,43.7971],[88.1293,43.8158],[88.1137,43.8183],[88.1086,43.8215],[88.0944,43.8112],[88.0876,43.8116],[88.0775,43.8192],[88.0688,43.8367],[88.0679,43.8481],[88.0567,43.8544],[88.0445,43.8546],[88.0294,43.8656],[88.0154,43.8731],[88.0153,43.8815],[88.0089,43.8908],[88.0106,43.8979],[88.0211,43.9042],[88.0158,43.9146],[88.013,43.9391],[87.9928,43.9701],[87.9901,43.984],[87.994,43.9931],[87.9858,44.0039],[87.9711,44.0099],[87.9557,44.0081],[87.9189,44.0292],[87.9019,44.0411],[87.8634,44.063],[87.857,44.0791],[87.8575,44.0919],[87.8488,44.1023],[87.833,44.1034],[87.827,44.1089],[87.8214,44.1223],[87.7712,44.1161],[87.8157,44.2242],[87.8132,44.2876],[87.7917,44.3282],[87.7925,44.3615],[87.7992,44.3772],[87.8551,44.5506],[87.9101,44.7213],[87.976,44.9278],[87.9861,44.9602],[88.0012,45.0004],[87.5845,45.0007],[87.333,45.0004]]]},"properties":{"region_code":"CN-65-6501","parent_region_code":"CN-65","name":"乌鲁木齐市","level":"prefecture","has_children":true,"full_path":"中国 / 新疆维吾尔自治区 / 乌鲁木齐市","source_admin_code":"6501","osm_relation_id":2752472}},
{"type":"Feature","geometry":{"type":"MultiPolygon","coordinates":[[[[84.9524,44.5178],[84.9941,44.5162],[84.9955,44.5305],[84.9852,44.5307],[84.9922,44.6151],[84.9434,44.6074],[84.9435,44.5934],[84.9385,44.5852],[84.938,44.5438],[84.9439,44.5368],[84.9524,44.5178]]],[[[84.9442,46.8629],[84.9314,46.8524],[84.9131,46.8506],[84.882,46.8551],[84.8593,46.8466],[84.8416,46.8458],[84.8301,46.8325],[84.8195,46.8314],[84.8174,46.8135],[84.8057,46.8096],[84.7987,46.8037],[84.7597,46.7941],[84.7615,46.7789],[84.8889,46.7781],[84.9577,46.7835],[85.0749,46.8021],[85.1355,46.8361],[85.165,46.838],[85.1806,46.8517],[85.2246,46.8862],[85.2288,46.9103],[85.214,46.9319],[85.2194,46.9491],[85.2321,46.9798],[85.23,46.9926],[85.2445,47.0034],[85.2565,47.0212],[85.2556,47.0282],[85.2699,47.0323],[85.2779,47.0452],[85.2804,47.0552],[85.2764,47.0688],[85.2754,47.0572],[85.2615,47.0499],[85.2408,47.0537],[85.2338,47.0492],[85.2169,47.0524],[85.2118,47.0396],[85.2045,47.0324],[85.1941,47.0126],[85.1759,47.0008],[85.176,46.9922],[85.1668,46.9866],[85.1455,46.9893],[85.1187,46.9698],[85.0956,46.9642],[85.0852,46.9496],[85.0783,46.9312],[85.0534,46.9273],[85.0336,46.9217],[85.0061,46.9265],[85.0013,46.9211],[84.9829,46.9151],[84.9791,46.9034],[84.979,46.8916],[84.9745,46.8892],[84.9783,46.8722],[84.9658,46.8727],[84.9631,46.8664],[84.9442,46.8629]]],[[[84.6591,45.1014],[84.6711,45.0938],[84.7018,45.0668],[84.7031,45.0507],[84.7454,44.9554],[84.7647,44.9099],[84.7858,44.8619],[84.7881,44.8535],[84.7898,44.8068],[84.8093,44.8107],[84.834,44.821],[84.8491,44.8256],[84.8959,44.8021],[84.9145,44.8009],[84.9352,44.8051],[84.9515,44.7992],[84.9627,44.7811],[84.9849,44.7662],[84.9977,44.764],[85.0077,44.7543],[85.0344,44.7628],[85.0445,44.7692],[85.0429,44.7899],[85.0321,44.7958],[85.0237,44.8057],[85.0172,44.8217],[85.0178,44.8376],[85.0271,44.8493],[85.0292,44.8586],[85.0243,44.8856],[85.0344,44.9111],[85.0487,44.9307],[85.0818,44.9416],[85.1335,44.9616],[85.1531,44.9699],[85.1688,45.0216],[85.1922,45.0286],[85.2115,45.027],[85.2176,45.0237],[85.2381,45.0187],[85.2557,45.0306],[85.2574,45.0365],[85.2518,45.0505],[85.2476,45.0708],[85.2357,45.0792],[85.2339,45.0873],[85.2358,45.1151],[85.2392,45.1325],[85.2439,45.142],[85.2476,45.1574],[85.2298,45.1733],[85.2031,45.2063],[85.2028,45.2279],[85.1991,45.2432],[85.2037,45.2517],[85.2216,45.267],[85.233,45.2846],[85.2399,45.3027],[85.243,45.328],[85.2352,45.3575],[85.2422,45.3687],[85.2367,45.3746],[85.2495,45.3947],[85.2738,45.4108],[85.2807,45.4203],[85.3025,45.4174],[85.3105,45.4208],[85.3476,45.4268],[85.3851,45.435],[85.418,45.4536],[85.4314,45.4587],[85.4589,45.4853],[85.4896,45.5124],[85.4992,45.5326],[85.5089,45.5475],[85.5287,45.5596],[85.538,45.5733],[85.5447,45.5922],[85.5631,45.6002],[85.5636,45.6152],[85.5725,45.6199],[85.5942,45.6411],[85.5888,45.6528],[85.6097,45.7132],[85.6142,45.7421],[85.6188,45.7623],[85.6402,45.7748],[85.6397,45.7884],[85.6568,45.8014],[85.6736,45.8087],[85.693,45.8194],[85.6932,45.8222],[85.7225,45.8401],[85.7312,45.8438],[85.7701,45.8693],[85.7752,45.8751],[85.7927,45.8831],[85.8031,45.8918],[85.83,45.9086],[85.8371,45.9211],[85.8456,45.9207],[85.8647,45.9248],[85.8681,45.9323],[85.8772,45.9343],[85.8778,45.9522],[85.9005,45.9566],[85.9092,45.9666],[85.9182,45.9687],[85.9376,45.9615],[85.9404,45.9663],[85.9294,45.9746],[85.9371,45.9812],[85.9334,45.9905],[85.9521,46.0005],[85.9495,46.0176],[85.9589,46.03],[85.9599,46.044],[85.9856,46.0546],[86.0021,46.0583],[86.0215,46.067],[86.0137,46.0757],[86.0067,46.091],[86.0007,46.0964],[86.0022,46.1024],[85.9959,46.1077],[85.9905,46.1231],[85.9244,46.1673],[85.9029,46.1809],[85.8768,46.182],[85.8605,46.1844],[85.852,46.1792],[85.8396,46.1816],[85.8112,46.1774],[85.8042,46.1853],[85.7887,46.1921],[85.6984,46.1923],[85.6772,46.1901],[85.6575,46.1991],[85.6478,46.2101],[85.6281,46.2088],[85.6161,46.2115],[85.592,46.2065],[85.5653,46.1971],[85.5549,46.1974],[85.502,46.1741],[85.4767,46.1611],[85.449,46.1519],[85.4349,46.1493],[85.4299,46.145],[85.4331,46.1377],[85.4277,46.1305],[85.4163,46.1271],[85.3918,46.1367],[85.3852,46.1452],[85.3746,46.1414],[85.3722,46.1366],[85.3575,46.1288],[85.3329,46.1241],[85.3223,46.1186],[85.3157,46.1016],[85.3054,46.0973],[85.2938,46.0964],[85.2801,46.09],[85.2791,46.0772],[85.2621,46.0534],[85.2682,46.0313],[85.2763,46.0284],[85.2817,46.011],[85.2905,46.0086],[85.2853,46.002],[85.2906,45.9929],[85.2767,45.9875],[85.2592,45.9862],[85.2633,45.9812],[85.2577,45.9759],[85.282,45.9704],[85.2795,45.9606],[85.267,45.9559],[85.2772,45.9466],[85.2683,45.9454],[85.2719,45.9345],[85.2553,45.9247],[85.2553,45.9139],[85.2452,45.9037],[85.2361,45.8887],[85.2366,45.8804],[85.2302,45.872],[85.2331,45.8674],[85.2229,45.8534],[85.2159,45.834],[85.2096,45.8294],[85.2062,45.8177],[85.1972,45.8127],[85.1983,45.8052],[85.1825,45.7956],[85.1741,45.7868],[85.1585,45.7826],[85.1535,45.7754],[85.1572,45.7718],[85.147,45.7635],[85.1389,45.753],[85.127,45.7443],[85.1072,45.7346],[85.0875,45.7288],[85.0773,45.7206],[85.0569,45.7121],[85.0292,45.717],[85.021,45.7202],[85.0074,45.715],[84.994,45.7178],[84.9622,45.709],[84.9458,45.6995],[84.938,45.6871],[84.9242,45.6799],[84.9061,45.6464],[84.8893,45.6434],[84.8799,45.6379],[84.8567,45.6351],[84.8513,45.6308],[84.8378,45.6335],[84.8312,45.6271],[84.8243,45.6325],[84.825,45.6435],[84.8203,45.6496],[84.8086,45.6501],[84.7895,45.6628],[84.7821,45.6552],[84.7695,45.6477],[84.7762,45.6387],[84.7896,45.6322],[84.8008,45.6209],[84.8031,45.6073],[84.7946,45.601],[84.781,45.5966],[84.7618,45.5659],[84.7499,45.5578],[84.7549,45.5538],[84.7416,45.5418],[84.7329,45.5404],[84.7323,45.5234],[84.7371,45.5162],[84.727,45.5041],[84.7264,45.4886],[84.7133,45.4645],[84.7091,45.4614],[84.7081,45.4508],[84.69,45.4416],[84.6817,45.4348],[84.682,45.4221],[84.6696,45.417],[84.6628,45.4112],[84.6664,45.4067],[84.6553,45.4011],[84.6493,45.3947],[84.6529,45.3893],[84.6425,45.3856],[84.6448,45.3763],[84.6384,45.3732],[84.6372,45.3633],[84.6308,45.3577],[84.622,45.3439],[84.5931,45.3247],[84.5769,45.3099],[84.5858,45.2408],[84.6134,45.216],[84.6232,45.1999],[84.6303,45.1836],[84.6364,45.1813],[84.6564,45.1638],[84.6658,45.1575],[84.6591,45.1014]]],[[[85.1104,44.3426],[84.9726,44.3838],[84.7758,44.39],[84.7764,44.3428],[84.7809,44.3258],[84.7851,44.3193],[84.7814,44.3075],[84.7915,44.2961],[84.7944,44.2757],[84.7926,44.2692],[84.7963,44.2591],[84.7891,44.2358],[84.7896,44.2241],[84.7683,44.1821],[84.7585,44.1674],[84.7375,44.1454],[84.7294,44.1277],[84.7347,44.1252],[84.7824,44.152],[84.7947,44.1605],[84.8058,44.1629],[84.8204,44.1595],[84.8305,44.1604],[84.8367,44.1697],[84.8487,44.1729],[84.8598,44.1677],[84.8909,44.1708],[84.902,44.1769],[84.9144,44.178],[84.9266,44.1945],[84.9332,44.2115],[84.933,44.2247],[84.9364,44.2386],[84.937,44.2512],[84.9539,44.2628],[84.9584,44.2795],[84.9726,44.297],[84.9935,44.3096],[85.0179,44.315],[85.0631,44.3165],[85.1086,44.3093],[85.1123,44.3336],[85.1104,44.3426]],[[84.9899,44.3594],[84.9086,44.3594],[84.906,44.3663],[84.9114,44.3819],[84.9164,44.384],[84.9686,44.3828],[84.9877,44.3779],[84.9899,44.3594]]]]},"properties":{"region_code":"CN-65-6502","parent_region_code":"CN-65","name":"克拉玛依市","level":"prefecture","has_children":true,"full_path":"中国 / 新疆维吾尔自治区 / 克拉玛依市","source_admin_code":"6502","osm_relation_id":2751491}},
{"type":"Feature","geometry":{"type":"Polygon","coordinates":[[[87.5318,42.922],[87.5358,42.9145],[87.5352,42.9068],[87.5285,42.9011],[87.5324,42.8848],[87.523,42.8639],[87.5106,42.8698],[87.4959,42.8676],[87.5194,42.8609],[87.5184,42.8548],[87.5403,42.8446],[87.5371,42.8295],[87.5265,42.8172],[87.521,42.8047],[87.5064,42.7905],[87.5254,42.7809],[87.5412,42.7765],[87.5533,42.7773],[87.5673,42.7739],[87.5867,42.7776],[87.597,42.7709],[87.6262,42.767],[87.6406,42.7688],[87.6547,42.7671],[87.6757,42.7609],[87.6883,42.7594],[87.7058,42.7659],[87.7126,42.7627],[87.7264,42.7657],[87.7507,42.7595],[87.7743,42.7615],[87.7927,42.7675],[87.8152,42.7625],[87.8382,42.7669],[87.842,42.753],[87.862,42.7379],[87.8643,42.7311],[87.8764,42.7258],[87.8795,42.7185],[87.9002,42.705],[87.9073,42.6924],[87.9037,42.6724],[87.9105,42.6582],[87.9377,42.6539],[87.944,42.6469],[87.9451,42.6346],[87.9562,42.6348],[87.9782,42.6391],[87.9844,42.6376],[87.9937,42.6269],[88.0151,42.6175],[88.0201,42.6089],[88.0284,42.6026],[88.0453,42.6],[88.0589,42.5915],[88.0824,42.5809],[88.1258,42.5708],[88.1443,42.5615],[88.1631,42.5464],[88.1674,42.5393],[88.1721,42.5236],[88.1712,42.5171],[88.1838,42.5163],[88.1871,42.5097],[88.1995,42.5003],[88.197,42.4885],[88.1879,42.4679],[88.1737,42.465],[88.18,42.4462],[88.1737,42.4381],[88.1592,42.4353],[88.1371,42.4211],[88.1445,42.4127],[88.1331,42.3905],[88.1268,42.3902],[88.1281,42.3807],[88.1192,42.3698],[88.0885,42.3543],[88.063,42.346],[87.999,42.3269],[87.9629,42.2937],[87.9375,42.2817],[87.9199,42.2701],[87.9151,42.2595],[87.8955,42.2476],[87.8977,42.2386],[87.9056,42.2324],[87.905,42.2234],[87.9168,42.1851],[87.9209,42.1768],[87.9508,42.129],[87.9682,42.1082],[87.9883,42.0875],[87.9947,42.0685],[88.0296,42.0519],[88.1357,42.0027],[88.1496,41.9775],[88.1585,41.9747],[88.1619,41.9554],[88.1659,41.9435],[88.1765,41.9285],[88.1886,41.9223],[88.1946,41.8999],[88.2126,41.8698],[88.2275,41.855],[88.2495,41.8412],[88.2853,41.8251],[88.2976,41.8155],[88.3119,41.7975],[88.3391,41.7666],[88.3439,41.7459],[88.3447,41.7124],[88.3434,41.6822],[88.3451,41.6687],[88.3344,41.6397],[88.3364,41.6313],[88.3439,41.6169],[88.3523,41.606],[88.3416,41.5901],[88.3387,41.5742],[88.3439,41.5629],[88.3448,41.5455],[88.3474,41.5373],[88.3314,41.5226],[88.3052,41.5125],[88.3061,41.5072],[88.3183,41.501],[88.3164,41.4914],[88.3386,41.4897],[88.3724,41.4772],[88.3784,41.4727],[88.3824,41.4633],[88.3938,41.4635],[88.4046,41.4585],[88.4425,41.4665],[88.4533,41.4634],[88.4612,41.457],[88.4794,41.4602],[88.4852,41.4685],[88.5095,41.4679],[88.5244,41.47],[88.5443,41.4694],[88.5608,41.4766],[88.5716,41.4723],[88.5776,41.475],[88.6021,41.4776],[88.6101,41.474],[88.6253,41.4718],[88.6485,41.4735],[88.6834,41.4716],[88.7151,41.4717],[88.7327,41.4737],[88.7443,41.4704],[88.7717,41.4658],[88.7789,41.459],[88.7782,41.4511],[88.8047,41.4415],[88.8317,41.4403],[88.8573,41.4207],[88.8922,41.4221],[88.948,41.4191],[88.9608,41.4173],[88.9875,41.4182],[88.9955,41.4255],[89.0151,41.4256],[89.052,41.4119],[89.0791,41.4084],[89.1189,41.3886],[89.1271,41.3863],[89.125,41.3778],[89.1508,41.3784],[89.1754,41.3619],[89.1928,41.3589],[89.2013,41.3599],[89.2108,41.3694],[89.2269,41.3706],[89.2313,41.378],[89.2391,41.3803],[89.2531,41.3786],[89.2638,41.3826],[89.2674,41.3876],[89.2803,41.3917],[89.2988,41.3927],[89.3333,41.3883],[89.3343,41.4018],[89.3435,41.4036],[89.3482,41.3993],[89.3599,41.3966],[89.3759,41.3996],[89.3961,41.3949],[89.4031,41.3901],[89.4064,41.3811],[89.417,41.3788],[89.4403,41.3775],[89.4536,41.3736],[89.4579,41.3585],[89.4725,41.3598],[89.4826,41.3572],[89.5012,41.3599],[89.5153,41.3591],[89.5557,41.3667],[89.5867,41.3607],[89.6143,41.354],[89.6266,41.3564],[89.6333,41.3608],[89.6564,41.359],[89.6665,41.3547],[89.676,41.3661],[89.6953,41.3659],[89.7085,41.3593],[89.7202,41.3489],[89.741,41.3438],[89.754,41.3434],[89.7729,41.3507],[89.7848,41.3493],[89.8051,41.3658],[89.8329,41.3767],[89.8592,41.3754],[89.9113,41.3685],[89.9276,41.3639],[89.9599,41.3571],[89.9798,41.3459],[90.014,41.3182],[90.0342,41.303],[90.0533,41.2908],[90.1069,41.2521],[90.1753,41.2476],[90.1901,41.2454],[90.2209,41.247],[90.2342,41.2433],[90.2685,41.2445],[90.314,41.2415],[90.3353,41.2365],[90.3473,41.2375],[90.3795,41.2363],[90.3986,41.2333],[90.4092,41.2388],[90.4249,41.2411],[90.4419,41.2379],[90.4667,41.2378],[90.4813,41.2402],[90.5079,41.2471],[90.5386,41.2493],[90.5951,41.2439],[90.6278,41.2391],[90.6547,41.2368],[90.6984,41.239],[90.7156,41.2347],[90.739,41.2317],[90.7481,41.229],[90.7779,41.225],[90.8017,41.2266],[90.854,41.2277],[90.8671,41.2319],[90.8919,41.226],[90.9115,41.2307],[90.9262,41.2377],[90.9674,41.2454],[90.9988,41.2436],[91.0531,41.2506],[91.0919,41.2512],[91.1417,41.242],[91.1637,41.2365],[91.185,41.2276],[91.2021,41.2242],[91.2401,41.2199],[91.3119,41.2159],[91.3425,41.2064],[91.3944,41.2046],[91.4254,41.1984],[91.4458,41.1975],[91.4976,41.2067],[91.5483,41.2119],[91.5717,41.2153],[91.5913,41.2166],[91.6167,41.2222],[91.6448,41.2299],[91.6744,41.2396],[91.7115,41.2549],[91.7436,41.2623],[91.7871,41.2749],[91.8463,41.2803],[91.8828,41.2765],[91.9094,41.271],[91.9118,41.276],[91.908,41.2903],[91.9166,41.3131],[91.9084,41.3267],[91.9051,41.3463],[91.9041,41.367],[91.9109,41.384],[91.9025,41.3999],[91.8886,41.4005],[91.886,41.4093],[91.8747,41.4206],[91.8771,41.4362],[91.8605,41.4444],[91.8476,41.4569],[91.846,41.4657],[91.8366,41.4696],[91.834,41.4784],[91.8244,41.4955],[91.8177,41.4985],[91.8023,41.4979],[91.7842,41.5069],[91.7848,41.5217],[91.7802,41.5309],[91.7781,41.5438],[91.783,41.5589],[91.7929,41.564],[91.8199,41.5733],[91.8153,41.5853],[91.8217,41.5875],[91.8193,41.6003],[91.823,41.6125],[91.8301,41.6206],[91.8263,41.6275],[91.8251,41.6435],[91.826,41.6782],[91.8224,41.686],[91.8323,41.6883],[91.8351,41.7014],[91.8445,41.705],[91.8419,41.7132],[91.8502,41.7217],[91.8551,41.7337],[91.8541,41.7431],[91.8457,41.7575],[91.844,41.7725],[91.8316,41.792],[91.8265,41.797],[91.8246,41.8102],[91.8188,41.8214],[91.8122,41.8274],[91.8127,41.8334],[91.8062,41.8422],[91.8054,41.8499],[91.7968,41.8687],[91.7976,41.8834],[91.7928,41.896],[91.7813,41.906],[91.7753,41.9154],[91.7777,41.9278],[91.7758,41.9332],[91.7616,41.9448],[91.737,42.0058],[91.7262,42.0269],[91.7128,42.0464],[91.6945,42.0633],[91.6624,42.0657],[91.6313,42.073],[91.6303,42.0843],[91.6431,42.0992],[91.6435,42.111],[91.6364,42.139],[91.6184,42.1509],[91.5971,42.1576],[91.5807,42.1663],[91.57,42.1693],[91.5544,42.1787],[91.5305,42.1868],[91.5183,42.1941],[91.5017,42.2011],[91.4936,42.2154],[91.4852,42.2201],[91.4787,42.2332],[91.4629,42.244],[91.4705,42.2725],[91.4711,42.2904],[91.4632,42.3179],[91.4572,42.3687],[91.4468,42.4402],[91.4466,42.4844],[91.445,42.4927],[91.4305,42.5223],[91.4294,42.5331],[91.4294,42.567],[91.4275,42.5885],[91.4234,42.5975],[91.414,42.6091],[91.4093,42.6199],[91.4033,42.6542],[91.4052,42.6704],[91.4214,42.7086],[91.4267,42.7297],[91.4231,42.7405],[91.4253,42.7458],[91.4181,42.7533],[91.416,42.7735],[91.4178,42.7763],[91.4069,42.789],[91.4071,42.8162],[91.4126,42.8217],[91.4143,42.8336],[91.3894,42.9469],[91.3537,43.0754],[91.3462,43.0995],[91.3118,43.1334],[91.3094,43.149],[91.2996,43.1625],[91.2984,43.1723],[91.2864,43.2079],[91.2758,43.2349],[91.2539,43.2939],[91.2503,43.308],[91.2518,43.321],[91.2579,43.3224],[91.2582,43.3324],[91.2367,43.3336],[91.2258,43.3384],[91.2231,43.3431],[91.2077,43.3548],[91.2066,43.3627],[91.2109,43.3717],[91.223,43.3765],[91.2108,43.3926],[91.2036,43.3953],[91.2006,43.4127],[91.1965,43.419],[91.1645,43.4406],[91.1548,43.456],[91.1529,43.4705],[91.1705,43.4777],[91.1729,43.4853],[91.1672,43.4934],[91.1524,43.489],[91.1441,43.4893],[91.1331,43.4829],[91.1141,43.4837],[91.1031,43.4943],[91.0724,43.4929],[91.055,43.4893],[91.0502,43.4961],[91.0427,43.4985],[91.0157,43.4944],[91.008,43.5088],[90.9969,43.5127],[90.981,43.5079],[90.9527,43.5051],[90.8846,43.5279],[90.7464,43.5174],[90.7122,43.5135],[90.7042,43.5145],[90.6822,43.5232],[90.6506,43.5171],[90.641,43.5117],[90.6267,43.5073],[90.6026,43.5033],[90.5616,43.5048],[90.5392,43.5068],[90.5185,43.503],[90.505,43.5029],[90.4869,43.5071],[90.4689,43.517],[90.4349,43.5234],[90.4169,43.5239],[90.4089,43.5198],[90.3835,43.501],[90.3697,43.5005],[90.3434,43.5127],[90.3247,43.5075],[90.3084,43.5123],[90.2843,43.5248],[90.2574,43.5343],[90.2229,43.5385],[90.2019,43.5426],[90.1761,43.5426],[90.1703,43.5529],[90.1579,43.5495],[90.1487,43.5439],[90.1332,43.5461],[90.1159,43.5364],[90.1104,43.5258],[90.0996,43.5334],[90.0747,43.5224],[90.0561,43.5179],[90.0488,43.5264],[90.036,43.5258],[90.0297,43.5205],[90.0225,43.5247],[90.0095,43.5224],[90.0149,43.504],[90.013,43.4895],[89.9852,43.4869],[89.9665,43.4915],[89.9648,43.4739],[89.9519,43.4667],[89.9355,43.4611],[89.9334,43.4525],[89.9174,43.4517],[89.8954,43.4647],[89.8785,43.4674],[89.8471,43.4658],[89.8433,43.4608],[89.8199,43.4619],[89.8158,43.4577],[89.7961,43.4603],[89.7781,43.4588],[89.7733,43.4543],[89.7622,43.4617],[89.7472,43.4424],[89.7433,43.431],[89.7309,43.417],[89.7221,43.4186],[89.7171,43.414],[89.7069,43.4214],[89.6884,43.4234],[89.6876,43.4173],[89.6763,43.4089],[89.6548,43.4128],[89.6556,43.4207],[89.6451,43.4187],[89.6229,43.426],[89.5774,43.4275],[89.5715,43.432],[89.5591,43.4333],[89.5485,43.4311],[89.5402,43.4394],[89.5188,43.4475],[89.5037,43.4474],[89.4938,43.4518],[89.4808,43.4523],[89.4702,43.4457],[89.4609,43.4477],[89.432,43.446],[89.4228,43.4531],[89.4068,43.4537],[89.3952,43.4475],[89.3906,43.4571],[89.3771,43.4621],[89.373,43.4725],[89.3726,43.4892],[89.3233,43.4995],[89.3251,43.5038],[89.3197,43.5191],[89.3118,43.5249],[89.3114,43.5346],[89.2981,43.5379],[89.2774,43.5512],[89.2587,43.5509],[89.2534,43.5417],[89.2407,43.5363],[89.2379,43.53],[89.2289,43.5297],[89.2242,43.5249],[89.2081,43.525],[89.2052,43.5338],[89.1963,43.5381],[89.2016,43.5566],[89.1977,43.5627],[89.1863,43.5675],[89.1863,43.5792],[89.166,43.5914],[89.1551,43.5952],[89.135,43.5986],[89.1168,43.5992],[89.1072,43.5969],[89.0918,43.5994],[89.0759,43.5928],[89.0576,43.5968],[89.0513,43.6011],[89.0347,43.6033],[89.0243,43.6098],[88.9972,43.6056],[88.9916,43.6123],[88.9737,43.6174],[88.9549,43.6206],[88.9481,43.6298],[88.9336,43.6312],[88.93,43.6212],[88.936,43.6122],[88.9513,43.5989],[88.954,43.5884],[88.9498,43.5782],[88.9565,43.5677],[88.9661,43.5621],[88.9715,43.5493],[88.9645,43.5403],[88.961,43.5304],[88.9479,43.5038],[88.9338,43.4879],[88.9352,43.471],[88.9336,43.4567],[88.9274,43.4385],[88.9289,43.4348],[88.9198,43.4272],[88.911,43.4263],[88.8694,43.4126],[88.84,43.387],[88.8255,43.3897],[88.7802,43.3949],[88.764,43.3936],[88.7514,43.3952],[88.7354,43.3788],[88.7029,43.3799],[88.6893,43.3702],[88.6761,43.3673],[88.6391,43.3525],[88.6349,43.3465],[88.6106,43.3474],[88.5869,43.3517],[88.5767,43.3445],[88.5536,43.341],[88.5387,43.3499],[88.5239,43.3471],[88.5218,43.3355],[88.5283,43.3194],[88.5249,43.3165],[88.5271,43.3029],[88.5234,43.293],[88.5277,43.2821],[88.5277,43.27],[88.5207,43.2611],[88.4997,43.2477],[88.4798,43.2406],[88.4732,43.2348],[88.4705,43.2221],[88.4578,43.2081],[88.4455,43.2046],[88.4279,43.1961],[88.4167,43.1948],[88.3805,43.2058],[88.3521,43.2227],[88.334,43.2266],[88.329,43.2209],[88.3133,43.2223],[88.309,43.2107],[88.2956,43.2102],[88.2831,43.2152],[88.2531,43.2184],[88.2448,43.2226],[88.2369,43.2371],[88.2154,43.2683],[88.2146,43.2882],[88.2251,43.3004],[88.2257,43.3131],[88.221,43.3229],[88.195,43.3217],[88.162,43.329],[88.1426,43.3241],[88.1297,43.3304],[88.1273,43.3241],[88.115,43.3245],[88.1081,43.3218],[88.0897,43.3214],[88.0717,43.3146],[88.0694,43.3173],[88.054,43.3141],[88.0478,43.3163],[88.0212,43.3125],[87.9956,43.2984],[87.972,43.3119],[87.9383,43.3059],[87.9189,43.3061],[87.8975,43.2979],[87.8716,43.2959],[87.8473,43.296],[87.8318,43.3005],[87.8199,43.2942],[87.8062,43.293],[87.7866,43.2947],[87.7726,43.2914],[87.759,43.2923],[87.7498,43.2957],[87.7069,43.2855],[87.6984,43.285],[87.6884,43.2725],[87.6477,43.2737],[87.6429,43.2686],[87.6294,43.2635],[87.6152,43.2647],[87.6066,43.262],[87.568,43.2586],[87.5606,43.2656],[87.5392,43.264],[87.53,43.2674],[87.513,43.2653],[87.4949,43.2682],[87.478,43.2655],[87.4721,43.2703],[87.4538,43.2669],[87.4398,43.2679],[87.4228,43.2768],[87.4081,43.2737],[87.397,43.2814],[87.3841,43.2774],[87.3678,43.2806],[87.3634,43.278],[87.3606,43.2672],[87.3789,43.2408],[87.3812,43.2269],[87.3812,43.1993],[87.3911,43.1843],[87.3883,43.1701],[87.3801,43.1637],[87.3836,43.1569],[87.3841,43.1131],[87.3681,43.1187],[87.3515,43.1131],[87.3354,43.1168],[87.329,43.1221],[87.3164,43.1205],[87.3049,43.1264],[87.2841,43.1328],[87.2697,43.135],[87.2651,43.1314],[87.2696,43.1214],[87.2726,43.1052],[87.2728,43.0852],[87.2898,43.0811],[87.292,43.0759],[87.3101,43.0724],[87.3208,43.0677],[87.3325,43.0662],[87.3416,43.0578],[87.3592,43.05],[87.3609,43.0464],[87.3803,43.0426],[87.3924,43.0349],[87.4208,43.031],[87.4593,43.0311],[87.4827,43.0367],[87.4952,43.0324],[87.5035,43.0329],[87.5107,43.0287],[87.5204,43.0332],[87.5249,43.0256],[87.5405,43.0257],[87.5531,43.0166],[87.5662,43.0129],[87.571,43.0016],[87.5804,43.0012],[87.5866,42.9925],[87.588,42.9617],[87.5792,42.9598],[87.5671,42.9523],[87.542,42.9328],[87.5318,42.922]]]},"properties":{"region_code":"CN-65-6504","parent_region_code":"CN-65","name":"吐鲁番市","level":"prefecture","has_children":true,"full_path":"中国 / 新疆维吾尔自治区 / 吐鲁番市","source_admin_code":"6504","osm_relation_id":2747197}},
{"type":"Feature","geometry":{"type":"Polygon","coordinates":[[[91.9094,41.271],[91.9217,41.2695],[91.9884,41.2659],[92.0334,41.2721],[92.0491,41.2673],[92.0741,41.2625],[92.1241,41.2453],[92.1585,41.2316],[92.1784,41.222],[92.2,41.2157],[92.2132,41.2086],[92.2398,41.199],[92.3269,41.1783],[92.3643,41.1672],[92.3996,41.1592],[92.4439,41.1533],[92.481,41.1463],[92.494,41.1452],[92.5121,41.1406],[92.5343,41.12],[92.646,41.1125],[92.7089,41.1194],[92.745,41.1257],[92.7971,41.1173],[92.8623,41.1128],[92.938,41.0889],[92.993,41.0795],[93.0234,41.0663],[93.0472,41.0595],[93.0645,41.0465],[93.1027,41.0397],[93.1375,41.0188],[93.1745,40.9995],[93.1962,40.991],[93.2179,40.9895],[93.2661,40.9845],[93.3134,40.9875],[93.3397,40.9935],[93.3543,40.9924],[93.363,40.9874],[93.3797,40.9896],[93.3938,40.9866],[93.3969,40.9893],[93.4184,40.9851],[93.4239,40.9727],[93.453,40.9705],[93.4714,40.9727],[93.5014,40.9652],[93.5209,40.9593],[93.527,40.9609],[93.5524,40.9576],[93.5684,40.9525],[93.5759,40.9457],[93.594,40.9364],[93.6311,40.9135],[93.6578,40.8985],[93.6725,40.8872],[93.6925,40.875],[93.7142,40.8744],[93.7392,40.872],[93.7453,40.8748],[93.7582,40.8744],[93.7634,40.8779],[93.7887,40.8822],[93.8083,40.8786],[93.9065,40.983],[94.0081,41.1129],[94.1818,41.2671],[94.3987,41.4118],[94.5336,41.5047],[94.749,41.5371],[94.7728,41.5706],[94.8083,41.6176],[94.8606,41.6673],[94.9671,41.7171],[95.0103,41.7248],[95.0676,41.7497],[95.1094,41.7668],[95.1356,41.7714],[95.1388,41.7602],[95.1589,41.744],[95.1706,41.7308],[95.1958,41.7199],[95.1948,41.7064],[95.1896,41.6991],[95.1928,41.6918],[95.2089,41.6756],[95.2134,41.6647],[95.2203,41.6596],[95.2267,41.6444],[95.2488,41.6064],[95.2981,41.5628],[95.3069,41.5723],[95.314,41.5971],[95.3261,41.6216],[95.3326,41.6403],[95.3386,41.6491],[95.3596,41.6681],[95.396,41.693],[95.4406,41.7157],[95.4988,41.7504],[95.5122,41.7558],[95.5327,41.7715],[95.555,41.7792],[95.5701,41.7938],[95.6114,41.803],[95.6398,41.8154],[95.6511,41.8222],[95.6768,41.8281],[95.6971,41.8276],[95.7104,41.8316],[95.7625,41.8347],[95.7858,41.8396],[95.8007,41.8464],[95.8224,41.8485],[95.8366,41.8461],[95.8572,41.8491],[95.8829,41.8657],[95.9128,41.872],[95.9348,41.8815],[95.9511,41.8856],[95.9598,41.8909],[96.0104,41.9099],[96.0174,41.9152],[96.0335,41.9208],[96.0543,41.934],[96.0701,41.9492],[96.1123,41.9805],[96.1177,41.9883],[96.1184,41.9964],[96.1244,42.0067],[96.1367,42.0182],[96.1335,42.0286],[96.1376,42.0531],[96.0758,42.1486],[96.1777,42.2167],[96.0401,42.3254],[96.0404,42.3522],[96.0646,42.4129],[95.9778,42.4355],[96.0162,42.4806],[96.0226,42.5411],[96.0717,42.5676],[96.1017,42.6031],[96.1647,42.6213],[96.1669,42.63],[96.1893,42.6331],[96.1997,42.6396],[96.2153,42.6433],[96.2177,42.6475],[96.2787,42.6755],[96.3487,42.7043],[96.3874,42.7245],[96.3685,42.8568],[96.363,42.8987],[96.2802,42.9594],[96.2418,42.9901],[96.1622,43.0474],[96.1073,43.0897],[96.0572,43.1258],[96.039,43.1401],[95.9078,43.2363],[95.8778,43.2774],[95.8742,43.2931],[95.8715,43.3147],[95.8596,43.3928],[95.8576,43.4136],[95.7358,43.5943],[95.7117,43.6531],[95.6735,43.724],[95.6475,43.7763],[95.6229,43.8514],[95.6114,43.8695],[95.5732,43.9259],[95.5228,44.0051],[95.4418,44.0051],[95.417,44.0096],[95.3738,44.0244],[95.3666,44.0244],[95.3508,44.0193],[95.3342,44.0237],[95.3202,44.0295],[95.3282,44.0365],[95.3374,44.0593],[95.3397,44.0715],[95.3476,44.0892],[95.3525,44.1666],[95.3661,44.206],[95.3689,44.2212],[95.3732,44.2262],[95.4064,44.2416],[95.4225,44.2642],[95.4256,44.2806],[95.4098,44.2938],[95.4011,44.2946],[95.3761,44.2879],[95.3126,44.2843],[95.2669,44.2801],[95.1884,44.2701],[95.1665,44.2677],[95.1236,44.267],[95.11,44.264],[95.0227,44.2541],[94.9987,44.2509],[94.9878,44.2588],[94.9788,44.2592],[94.9745,44.2649],[94.9552,44.2763],[94.9448,44.288],[94.9336,44.2941],[94.9152,44.2998],[94.8974,44.2991],[94.8823,44.3091],[94.8685,44.3095],[94.8476,44.3154],[94.8238,44.318],[94.8113,44.3233],[94.8068,44.3289],[94.7915,44.3321],[94.7836,44.3374],[94.766,44.34],[94.7264,44.3387],[94.7128,44.345],[94.6717,44.3938],[94.6453,44.4126],[94.6356,44.4176],[94.6308,44.4241],[94.6105,44.4425],[94.6029,44.4468],[94.5895,44.4487],[94.5537,44.4591],[94.5163,44.4762],[94.4925,44.4959],[94.4623,44.5105],[94.4434,44.5126],[94.4337,44.516],[94.4141,44.5169],[94.3906,44.5225],[94.3786,44.5207],[94.3607,44.5148],[94.3478,44.5166],[94.3428,44.5234],[94.3465,44.5423],[94.3399,44.5636],[94.3264,44.5824],[94.3038,44.5934],[94.2894,44.5979],[94.2762,44.6049],[94.2263,44.6445],[94.2114,44.6677],[94.184,44.6768],[94.15,44.6836],[94.1135,44.7025],[94.1026,44.71],[94.0621,44.7324],[93.9828,44.7641],[93.8537,44.8146],[93.7307,44.8623],[93.7282,44.8612],[93.7115,44.8761],[93.7138,44.8882],[93.7095,44.8967],[93.6938,44.895],[93.6793,44.9011],[93.6708,44.9099],[93.6398,44.9206],[93.6239,44.9224],[93.6179,44.9258],[93.5875,44.9358],[93.5853,44.9392],[93.5497,44.9478],[93.5396,44.9542],[93.5226,44.9575],[93.5075,44.967],[93.5019,44.9567],[93.4786,44.9655],[93.4648,44.9577],[93.454,44.9572],[93.4436,44.9603],[93.428,44.9563],[93.4096,44.9689],[93.4007,44.9716],[93.3931,44.9783],[93.3788,44.9812],[93.366,44.9879],[93.3385,44.9869],[93.3239,44.9944],[93.3161,44.981],[93.2996,44.9846],[93.2855,44.9824],[93.2776,44.9852],[93.233,44.995],[93.2004,45.0035],[93.1682,45.0133],[93.1567,45.0109],[93.1321,45.0146],[93.1217,45.0069],[93.0816,45.0077],[93.0659,45.0143],[93.0519,45.0162],[93.0072,45.01],[92.9984,45.0106],[92.9848,44.9994],[92.9777,45.0098],[92.9594,45.0161],[92.9294,45.0157],[92.9247,45.0349],[92.9034,45.0378],[92.8934,45.0436],[92.8816,45.0465],[92.8698,45.0382],[92.8568,45.0411],[92.8479,45.0374],[92.8149,45.0419],[92.7759,45.0498],[92.7706,45.0452],[92.7381,45.041],[92.7328,45.036],[92.7187,45.0323],[92.6626,45.0226],[92.6449,45.0205],[92.606,45.02],[92.5924,45.0179],[92.5494,45.0177],[92.5193,45.0072],[92.5017,45.0043],[92.4905,45.0001],[92.4639,45.0033],[92.4533,45.0083],[92.4184,45.0169],[92.3812,45.0155],[92.3435,45.0124],[92.3133,45.0268],[92.2655,45.0191],[92.2484,45.0211],[92.2349,45.0135],[92.2118,45.0267],[92.188,45.0378],[92.1109,45.0702],[92.0996,45.0755],[92.0576,45.0828],[92.0004,45.0803],[91.9567,45.0796],[91.91,45.0777],[91.8769,45.0777],[91.8008,45.0816],[91.747,45.0725],[91.7109,45.0675],[91.6909,45.062],[91.6737,45.0654],[91.633,45.0679],[91.6135,45.0662],[91.6088,45.07],[91.5686,45.0826],[91.5586,45.0683],[91.5332,45.0884],[91.5119,45.0918],[91.4983,45.0989],[91.4956,45.0841],[91.5094,45.0634],[91.5016,45.0353],[91.5279,45.0227],[91.5398,44.997],[91.5468,44.9891],[91.5465,44.9651],[91.538,44.9426],[91.5488,44.928],[91.5588,44.8944],[91.541,44.8548],[91.4931,44.8453],[91.4828,44.8309],[91.4622,44.8062],[91.4328,44.7848],[91.4221,44.7647],[91.3935,44.7589],[91.3868,44.7356],[91.3949,44.696],[91.4,44.6771],[91.3922,44.6594],[91.3974,44.6243],[91.3829,44.5982],[91.3661,44.5646],[91.3463,44.543],[91.3376,44.5251],[91.3413,44.5101],[91.3382,44.4577],[91.2982,44.4342],[91.3016,44.417],[91.2845,44.3694],[91.2997,44.318],[91.3172,44.288],[91.3362,44.2796],[91.3239,44.2494],[91.3325,44.2181],[91.3281,44.1892],[91.3272,44.1622],[91.3238,44.1405],[91.3288,44.0981],[91.3214,44.0602],[91.3143,44.0436],[91.3002,44.0162],[91.3384,43.98],[91.3678,43.9576],[91.4148,43.9278],[91.4534,43.8945],[91.4826,43.878],[91.4995,43.8729],[91.5127,43.8614],[91.5177,43.8492],[91.5246,43.8104],[91.536,43.798],[91.5449,43.7816],[91.5481,43.7666],[91.5624,43.7516],[91.5511,43.7443],[91.5322,43.7272],[91.4879,43.7286],[91.4779,43.7232],[91.4612,43.7214],[91.4495,43.7231],[91.4224,43.7184],[91.4068,43.7102],[91.3723,43.7047],[91.4561,43.6774],[91.4742,43.6565],[91.5535,43.6414],[91.5119,43.6354],[91.4977,43.6295],[91.4815,43.6187],[91.47,43.6159],[91.4737,43.6037],[91.4523,43.6008],[91.4422,43.5957],[91.4263,43.5927],[91.4105,43.5859],[91.3938,43.5833],[91.3625,43.5843],[91.3535,43.5882],[91.3426,43.5857],[91.3212,43.5853],[91.3031,43.5775],[91.292,43.5437],[91.2796,43.5421],[91.2643,43.5457],[91.2537,43.5451],[91.244,43.5388],[91.2244,43.5381],[91.2047,43.5249],[91.1999,43.5285],[91.1909,43.5248],[91.1712,43.522],[91.1626,43.5123],[91.1672,43.4934],[91.1729,43.4853],[91.1705,43.4777],[91.1529,43.4705],[91.1548,43.456],[91.1645,43.4406],[91.1965,43.419],[91.2006,43.4127],[91.2036,43.3953],[91.2108,43.3926],[91.223,43.3765],[91.2109,43.3717],[91.2066,43.3627],[91.2077,43.3548],[91.2231,43.3431],[91.2258,43.3384],[91.2367,43.3336],[91.2582,43.3324],[91.2579,43.3224],[91.2518,43.321],[91.2503,43.308],[91.2539,43.2939],[91.2758,43.2349],[91.2864,43.2079],[91.2984,43.1723],[91.2996,43.1625],[91.3094,43.149],[91.3118,43.1334],[91.3462,43.0995],[91.3537,43.0754],[91.3894,42.9469],[91.4143,42.8336],[91.4126,42.8217],[91.4071,42.8162],[91.4069,42.789],[91.4178,42.7763],[91.416,42.7735],[91.4181,42.7533],[91.4253,42.7458],[91.4231,42.7405],[91.4267,42.7297],[91.4214,42.7086],[91.4052,42.6704],[91.4033,42.6542],[91.4093,42.6199],[91.414,42.6091],[91.4234,42.5975],[91.4275,42.5885],[91.4294,42.567],[91.4294,42.5331],[91.4305,42.5223],[91.445,42.4927],[91.4466,42.4844],[91.4468,42.4402],[91.4572,42.3687],[91.4632,42.3179],[91.4711,42.2904],[91.4705,42.2725],[91.4629,42.244],[91.4787,42.2332],[91.4852,42.2201],[91.4936,42.2154],[91.5017,42.2011],[91.5183,42.1941],[91.5305,42.1868],[91.5544,42.1787],[91.57,42.1693],[91.5807,42.1663],[91.5971,42.1576],[91.6184,42.1509],[91.6364,42.139],[91.6435,42.111],[91.6431,42.0992],[91.6303,42.0843],[91.6313,42.073],[91.6624,42.0657],[91.6945,42.0633],[91.7128,42.0464],[91.7262,42.0269],[91.737,42.0058],[91.7616,41.9448],[91.7758,41.9332],[91.7777,41.9278],[91.7753,41.9154],[91.7813,41.906],[91.7928,41.896],[91.7976,41.8834],[91.7968,41.8687],[91.8054,41.8499],[91.8062,41.8422],[91.8127,41.8334],[91.8122,41.8274],[91.8188,41.8214],[91.8246,41.8102],[91.8265,41.797],[91.8316,41.792],[91.844,41.7725],[91.8457,41.7575],[91.8541,41.7431],[91.8551,41.7337],[91.8502,41.7217],[91.8419,41.7132],[91.8445,41.705],[91.8351,41.7014],[91.8323,41.6883],[91.8224,41.686],[91.826,41.6782],[91.8251,41.6435],[91.8263,41.6275],[91.8301,41.6206],[91.823,41.6125],[91.8193,41.6003],[91.8217,41.5875],[91.8153,41.5853],[91.8199,41.5733],[91.7929,41.564],[91.783,41.5589],[91.7781,41.5438],[91.7802,41.5309],[91.7848,41.5217],[91.7842,41.5069],[91.8023,41.4979],[91.8177,41.4985],[91.8244,41.4955],[91.834,41.4784],[91.8366,41.4696],[91.846,41.4657],[91.8476,41.4569],[91.8605,41.4444],[91.8771,41.4362],[91.8747,41.4206],[91.886,41.4093],[91.8886,41.4005],[91.9025,41.3999],[91.9109,41.384],[91.9041,41.367],[91.9051,41.3463],[91.9084,41.3267],[91.9166,41.3131],[91.908,41.2903],[91.9118,41.276],[91.9094,41.271]],[[94.1555,42.5371],[94.1471,42.544],[94.1106,42.5212],[94.096,42.5216],[94.0698,42.5256],[94.0561,42.536],[94.0687,42.5522],[94.1103,42.5919],[94.1546,42.5546],[94.1555,42.5371]],[[93.5262,42.7799],[93.5272,42.7855],[93.5355,42.7891],[93.5299,42.7952],[93.5365,42.8053],[93.5243,42.8089],[93.532,42.8195],[93.5475,42.8187],[93.5673,42.8054],[93.5984,42.79],[93.6116,42.7798],[93.6087,42.777],[93.6283,42.7651],[93.6418,42.773],[93.6529,42.7694],[93.6485,42.7635],[93.6603,42.7559],[93.6291,42.7139],[93.6535,42.6726],[93.6644,42.6948],[93.6736,42.7056],[93.6719,42.7083],[93.69,42.745],[93.6828,42.7514],[93.6917,42.7691],[93.6982,42.7733],[93.7074,42.8],[93.7157,42.804],[93.7387,42.8644],[93.7607,42.8694],[93.8117,42.8517],[93.8868,42.8043],[93.8381,42.8059],[93.8102,42.7824],[93.8033,42.762],[93.8019,42.7516],[93.7927,42.7342],[93.7927,42.7284],[93.7816,42.703],[93.7713,42.7035],[93.7696,42.6835],[93.7758,42.6838],[93.7482,42.6326],[93.802,42.5963],[93.8189,42.6081],[93.9274,42.6802],[93.9505,42.6709],[93.9594,42.6725],[93.9894,42.6935],[93.9756,42.7049],[94.0214,42.7481],[94.0351,42.7591],[94.0447,42.7637],[94.0781,42.752],[94.0331,42.7038],[94.0096,42.6805],[93.99,42.693],[93.9794,42.6862],[94.0139,42.673],[94.0388,42.6522],[94.0328,42.6483],[93.9751,42.6832],[93.9583,42.6707],[93.9597,42.6658],[93.985,42.6441],[93.9516,42.6221],[93.9447,42.6161],[93.9036,42.5889],[93.8362,42.5423],[93.7827,42.583],[93.7095,42.577],[93.6743,42.6387],[93.6705,42.638],[93.6097,42.6555],[93.518,42.665],[93.5034,42.6658],[93.5324,42.7794],[93.5262,42.7799]]]},"properties":{"region_code":"CN-65-6505","parent_region_code":"CN-65","name":"哈密市","level":"prefecture","has_children":true,"full_path":"中国 / 新疆维吾尔自治区 / 哈密市","source_admin_code":"6505","osm_relation_id":2747108}},
{"type":"Feature","geometry":{"type":"MultiPolygon","coordinates":[[[[88.9336,43.6312],[88.9481,43.6298],[88.9549,43.6206],[88.9737,43.6174],[88.9916,43.6123],[88.9972,43.6056],[89.0243,43.6098],[89.0347,43.6033],[89.0513,43.6011],[89.0576,43.5968],[89.0759,43.5928],[89.0918,43.5994],[89.1072,43.5969],[89.1168,43.5992],[89.135,43.5986],[89.1551,43.5952],[89.166,43.5914],[89.1863,43.5792],[89.1863,43.5675],[89.1977,43.5627],[89.2016,43.5566],[89.1963,43.5381],[89.2052,43.5338],[89.2081,43.525],[89.2242,43.5249],[89.2289,43.5297],[89.2379,43.53],[89.2407,43.5363],[89.2534,43.5417],[89.2587,43.5509],[89.2774,43.5512],[89.2981,43.5379],[89.3114,43.5346],[89.3118,43.5249],[89.3197,43.5191],[89.3251,43.5038],[89.3233,43.4995],[89.3726,43.4892],[89.373,43.4725],[89.3771,43.4621],[89.3906,43.4571],[89.3952,43.4475],[89.4068,43.4537],[89.4228,43.4531],[89.432,43.446],[89.4609,43.4477],[89.4702,43.4457],[89.4808,43.4523],[89.4938,43.4518],[89.5037,43.4474],[89.5188,43.4475],[89.5402,43.4394],[89.5485,43.4311],[89.5591,43.4333],[89.5715,43.432],[89.5774,43.4275],[89.6229,43.426],[89.6451,43.4187],[89.6556,43.4207],[89.6548,43.4128],[89.6763,43.4089],[89.6876,43.4173],[89.6884,43.4234],[89.7069,43.4214],[89.7171,43.414],[89.7221,43.4186],[89.7309,43.417],[89.7433,43.431],[89.7472,43.4424],[89.7622,43.4617],[89.7733,43.4543],[89.7781,43.4588],[89.7961,43.4603],[89.8158,43.4577],[89.8199,43.4619],[89.8433,43.4608],[89.8471,43.4658],[89.8785,43.4674],[89.8954,43.4647],[89.9174,43.4517],[89.9334,43.4525],[89.9355,43.4611],[89.9519,43.4667],[89.9648,43.4739],[89.9665,43.4915],[89.9852,43.4869],[90.013,43.4895],[90.0149,43.504],[90.0095,43.5224],[90.0225,43.5247],[90.0297,43.5205],[90.036,43.5258],[90.0488,43.5264],[90.0561,43.5179],[90.0747,43.5224],[90.0996,43.5334],[90.1104,43.5258],[90.1159,43.5364],[90.1332,43.5461],[90.1487,43.5439],[90.1579,43.5495],[90.1703,43.5529],[90.1761,43.5426],[90.2019,43.5426],[90.2229,43.5385],[90.2574,43.5343],[90.2843,43.5248],[90.3084,43.5123],[90.3247,43.5075],[90.3434,43.5127],[90.3697,43.5005],[90.3835,43.501],[90.4089,43.5198],[90.4169,43.5239],[90.4349,43.5234],[90.4689,43.517],[90.4869,43.5071],[90.505,43.5029],[90.5185,43.503],[90.5392,43.5068],[90.5616,43.5048],[90.6026,43.5033],[90.6267,43.5073],[90.641,43.5117],[90.6506,43.5171],[90.6822,43.5232],[90.7042,43.5145],[90.7122,43.5135],[90.7464,43.5174],[90.8846,43.5279],[90.9527,43.5051],[90.981,43.5079],[90.9969,43.5127],[91.008,43.5088],[91.0157,43.4944],[91.0427,43.4985],[91.0502,43.4961],[91.055,43.4893],[91.0724,43.4929],[91.1031,43.4943],[91.1141,43.4837],[91.1331,43.4829],[91.1441,43.4893],[91.1524,43.489],[91.1672,43.4934],[91.1626,43.5123],[91.1712,43.522],[91.1909,43.5248],[91.1999,43.5285],[91.2047,43.5249],[91.2244,43.5381],[91.244,43.5388],[91.2537,43.5451],[91.2643,43.5457],[91.2796,43.5421],[91.292,43.5437],[91.3031,43.5775],[91.3212,43.5853],[91.3426,43.5857],[91.3535,43.5882],[91.3625,43.5843],[91.3938,43.5833],[91.4105,43.5859],[91.4263,43.5927],[91.4422,43.5957],[91.4523,43.6008],[91.4737,43.6037],[91.47,43.6159],[91.4815,43.6187],[91.4977,43.6295],[91.5119,43.6354],[91.5535,43.6414],[91.4742,43.6565],[91.4561,43.6774],[91.3723,43.7047],[91.4068,43.7102],[91.4224,43.7184],[91.4495,43.7231],[91.4612,43.7214],[91.4779,43.7232],[91.4879,43.7286],[91.5322,43.7272],[91.5511,43.7443],[91.5624,43.7516],[91.5481,43.7666],[91.5449,43.7816],[91.536,43.798],[91.5246,43.8104],[91.5177,43.8492],[91.5127,43.8614],[91.4995,43.8729],[91.4826,43.878],[91.4534,43.8945],[91.4148,43.9278],[91.3678,43.9576],[91.3384,43.98],[91.3002,44.0162],[91.3143,44.0436],[91.3214,44.0602],[91.3288,44.0981],[91.3238,44.1405],[91.3272,44.1622],[91.3281,44.1892],[91.3325,44.2181],[91.3239,44.2494],[91.3362,44.2796],[91.3172,44.288],[91.2997,44.318],[91.2845,44.3694],[91.3016,44.417],[91.2982,44.4342],[91.3382,44.4577],[91.3413,44.5101],[91.3376,44.5251],[91.3463,44.543],[91.3661,44.5646],[91.3829,44.5982],[91.3974,44.6243],[91.3922,44.6594],[91.4,44.6771],[91.3949,44.696],[91.3868,44.7356],[91.3935,44.7589],[91.4221,44.7647],[91.4328,44.7848],[91.4622,44.8062],[91.4828,44.8309],[91.4931,44.8453],[91.541,44.8548],[91.5588,44.8944],[91.5488,44.928],[91.538,44.9426],[91.5465,44.9651],[91.5468,44.9891],[91.5398,44.997],[91.5279,45.0227],[91.5016,45.0353],[91.5094,45.0634],[91.4956,45.0841],[91.4983,45.0989],[91.4918,45.1043],[91.4906,45.1165],[91.4805,45.1282],[91.4681,45.1354],[91.461,45.1467],[91.4426,45.1546],[91.428,45.1562],[91.4009,45.1353],[91.393,45.1274],[91.3854,45.1117],[91.3729,45.1092],[91.3571,45.115],[91.3446,45.1221],[91.3364,45.1212],[91.3292,45.1292],[91.3174,45.1267],[91.253,45.1336],[91.2417,45.1319],[91.2316,45.1448],[91.2174,45.1528],[91.1913,45.156],[91.1847,45.1669],[91.1782,45.1669],[91.1675,45.1807],[91.1638,45.1995],[91.1222,45.2141],[91.1087,45.2106],[91.0909,45.2147],[91.0684,45.2125],[91.0489,45.2057],[91.0116,45.2139],[90.9952,45.2138],[90.9734,45.2056],[90.9635,45.2001],[90.9311,45.1922],[90.9048,45.1898],[90.8813,45.1915],[90.8645,45.2041],[90.8767,45.2188],[90.8899,45.2382],[90.895,45.2503],[90.8694,45.2822],[90.8488,45.2898],[90.8345,45.2991],[90.8029,45.2893],[90.8033,45.2978],[90.8116,45.325],[90.7983,45.3469],[90.7871,45.3685],[90.7825,45.381],[90.7707,45.4042],[90.7699,45.4284],[90.7608,45.4379],[90.7419,45.4495],[90.7218,45.457],[90.6964,45.4682],[90.6703,45.487],[90.6376,45.4742],[90.4931,45.4192],[90.4858,45.4043],[90.4183,45.3254],[90.403,45.3047],[90.381,45.2817],[90.3789,45.273],[90.3683,45.2516],[90.3489,45.2271],[90.3169,45.2004],[90.2902,45.1762],[90.282,45.1633],[90.2594,45.1122],[90.258,45.105],[90.2508,45.0966],[90.2492,45.0866],[90.2353,45.0773],[90.2203,45.0632],[90.2269,45.0458],[90.2298,45.0306],[90.2391,45.0218],[90.2338,45.017],[90.2356,45.0004],[90.0433,45.0002],[89.7768,45.0003],[89.5321,45.0002],[89.3228,45],[89.1594,45],[89,45],[88.728,45],[88.5669,45],[88.3348,45.0002],[88.0979,45.0001],[88.0012,45.0004],[87.9861,44.9602],[87.976,44.9278],[87.9101,44.7213],[87.8551,44.5506],[87.7992,44.3772],[87.7925,44.3615],[87.7917,44.3282],[87.8132,44.2876],[87.8157,44.2242],[87.7712,44.1161],[87.8214,44.1223],[87.827,44.1089],[87.833,44.1034],[87.8488,44.1023],[87.8575,44.0919],[87.857,44.0791],[87.8634,44.063],[87.9019,44.0411],[87.9189,44.0292],[87.9557,44.0081],[87.9711,44.0099],[87.9858,44.0039],[87.994,43.9931],[87.9901,43.984],[87.9928,43.9701],[88.013,43.9391],[88.0158,43.9146],[88.0211,43.9042],[88.0106,43.8979],[88.0089,43.8908],[88.0153,43.8815],[88.0154,43.8731],[88.0294,43.8656],[88.0445,43.8546],[88.0567,43.8544],[88.0679,43.8481],[88.0688,43.8367],[88.0775,43.8192],[88.0876,43.8116],[88.0944,43.8112],[88.1086,43.8215],[88.1137,43.8183],[88.1293,43.8158],[88.1354,43.7971],[88.1367,43.7874],[88.1412,43.7819],[88.141,43.7706],[88.1353,43.7553],[88.1483,43.76],[88.1641,43.7581],[88.1626,43.7673],[88.1911,43.7641],[88.2018,43.7564],[88.209,43.7673],[88.2337,43.7636],[88.2365,43.7686],[88.2568,43.7857],[88.2516,43.7962],[88.2426,43.804],[88.2516,43.8171],[88.2653,43.8127],[88.2758,43.8288],[88.2877,43.826],[88.3062,43.8173],[88.3076,43.8102],[88.3019,43.8066],[88.3168,43.7914],[88.335,43.8016],[88.346,43.7974],[88.3751,43.7949],[88.3969,43.7942],[88.4016,43.7879],[88.4112,43.7896],[88.4149,43.7976],[88.4301,43.8035],[88.4352,43.8098],[88.4505,43.8059],[88.4609,43.8076],[88.4769,43.8174],[88.4775,43.8301],[88.4856,43.8359],[88.4865,43.846],[88.4979,43.8495],[88.5091,43.8564],[88.5163,43.835],[88.5274,43.8309],[88.532,43.8253],[88.5238,43.8083],[88.5284,43.7999],[88.5489,43.8034],[88.5572,43.7982],[88.5722,43.8028],[88.5865,43.7995],[88.5958,43.8026],[88.5979,43.7901],[88.6027,43.7888],[88.6147,43.7756],[88.6149,43.7674],[88.6313,43.7638],[88.6424,43.7678],[88.6587,43.7588],[88.6674,43.7648],[88.6807,43.758],[88.691,43.7581],[88.6956,43.7497],[88.709,43.7439],[88.7214,43.7432],[88.7187,43.7322],[88.7086,43.7222],[88.6992,43.7206],[88.7026,43.7063],[88.7181,43.7085],[88.7314,43.7135],[88.7377,43.7095],[88.7552,43.7059],[88.7818,43.7092],[88.7918,43.7156],[88.804,43.7187],[88.8203,43.7157],[88.8316,43.7204],[88.8342,43.7119],[88.8461,43.7113],[88.8519,43.7026],[88.8793,43.6814],[88.8992,43.6805],[88.899,43.6668],[88.9051,43.6474],[88.9136,43.6427],[88.9285,43.6414],[88.9336,43.6312]]],[[[87.5012,44.0647],[87.5071,44.0856],[87.5065,44.0939],[87.4907,44.1064],[87.4973,44.1121],[87.5082,44.1272],[87.5064,44.1357],[87.5164,44.1437],[87.5196,44.15],[87.5056,44.161],[87.5031,44.1677],[87.5084,44.1765],[87.5079,44.1878],[87.5142,44.1877],[87.5107,44.2023],[87.5191,44.2133],[87.5153,44.222],[87.5171,44.2376],[87.5023,44.2596],[87.4839,44.2749],[87.4687,44.2819],[87.4741,44.2891],[87.4749,44.2992],[87.4868,44.3024],[87.4671,44.3188],[87.4293,44.3445],[87.4207,44.3541],[87.4253,44.3585],[87.4285,44.3758],[87.4267,44.4071],[87.4414,44.4158],[87.4401,44.4255],[87.4453,44.4302],[87.4462,44.4423],[87.4382,44.4653],[87.4288,44.4723],[87.4352,44.4794],[87.4317,44.4867],[87.4224,44.4864],[87.4269,44.4977],[87.418,44.4981],[87.4127,44.5038],[87.4088,44.515],[87.4136,44.5175],[87.4028,44.5304],[87.4062,44.5398],[87.3938,44.5472],[87.371,44.5538],[87.3647,44.5585],[87.3671,44.5657],[87.3752,44.5663],[87.4561,44.5582],[87.4562,44.5472],[87.5116,44.5479],[87.5007,44.5685],[87.5034,44.5766],[87.4988,44.5938],[87.5551,44.5786],[87.5681,44.5591],[87.5838,44.5321],[87.5882,44.5324],[87.5892,44.5396],[87.5851,44.5515],[87.5726,44.5674],[87.5709,44.5767],[87.5734,44.5893],[87.5784,44.5957],[87.5523,44.666],[87.5352,44.693],[87.444,44.8315],[87.3793,44.9308],[87.333,45.0004],[87.3335,45.0824],[87.3336,45.2459],[87.3336,45.3294],[87.1094,45.3297],[86.8063,45.3307],[86.6104,45.3308],[86.5849,45.3312],[86.2732,45.3316],[86.117,45.3315],[85.9515,45.3312],[85.88,45.3315],[85.8074,45.3308],[85.6642,45.3303],[85.664,45.3156],[85.6681,45.2772],[85.6662,44.9186],[85.7771,44.9218],[85.7907,44.9201],[85.8072,44.9102],[85.8235,44.8925],[85.8559,44.8734],[85.8671,44.8641],[85.876,44.8516],[85.8834,44.8347],[85.8841,44.8209],[85.8915,44.8089],[85.9134,44.7927],[85.9333,44.7727],[85.94,44.7588],[85.9038,44.7362],[85.9101,44.7253],[85.9195,44.7182],[85.9163,44.709],[85.9331,44.69],[85.9365,44.6707],[85.9344,44.6668],[85.9579,44.6547],[85.9516,44.6521],[85.9524,44.6387],[85.9596,44.6407],[85.9762,44.6366],[85.9824,44.6321],[86.005,44.6231],[86.0118,44.6173],[86.0054,44.6125],[86.0175,44.6019],[86.026,44.6022],[86.0335,44.5935],[86.0385,44.5999],[86.0605,44.6018],[86.0676,44.6],[86.0637,44.5853],[86.0725,44.5787],[86.0682,44.568],[86.0703,44.5595],[86.0624,44.5433],[86.0689,44.5361],[86.0748,44.5107],[86.0843,44.4933],[86.0803,44.4879],[86.0877,44.4817],[86.0915,44.4692],[86.1046,44.476],[86.1302,44.4592],[86.1211,44.4495],[86.117,44.4449],[86.1113,44.4274],[86.1173,44.4169],[86.1202,44.4031],[86.1293,44.3898],[86.1233,44.3736],[86.1276,44.368],[86.1326,44.3472],[86.1343,44.3296],[86.1405,44.3142],[86.1398,44.3031],[86.1265,44.2861],[86.1212,44.2653],[86.1235,44.2547],[86.1262,44.2064],[86.1215,44.188],[86.1147,44.1839],[86.1089,44.1711],[86.1085,44.1633],[86.1129,44.1496],[86.0941,44.1242],[86.0816,44.1141],[86.0752,44.1045],[86.061,44.0951],[86.0353,44.0608],[86.0012,44.0281],[85.972,44.0091],[85.9651,44.0025],[85.9604,43.9892],[85.9551,43.9878],[85.953,43.9659],[85.949,43.9586],[85.9579,43.9552],[85.9576,43.9418],[85.9678,43.9352],[85.9625,43.9305],[85.9173,43.9333],[85.8995,43.927],[85.8917,43.9201],[85.8815,43.9195],[85.872,43.9079],[85.865,43.9079],[85.8477,43.8935],[85.8331,43.8874],[85.8349,43.8824],[85.8253,43.8761],[85.8209,43.8647],[85.8131,43.8616],[85.8,43.8498],[85.7836,43.8383],[85.7815,43.8227],[85.7746,43.8149],[85.7743,43.8046],[85.7686,43.8035],[85.7652,43.7899],[85.773,43.7813],[85.7764,43.763],[85.7564,43.7456],[85.7591,43.7412],[85.7377,43.7264],[85.7304,43.7142],[85.7352,43.7097],[85.7309,43.6922],[85.7171,43.6774],[85.7201,43.6711],[85.7161,43.6638],[85.7194,43.6519],[85.7148,43.6423],[85.7169,43.6364],[85.7045,43.6288],[85.7038,43.6227],[85.6947,43.618],[85.6813,43.6189],[85.674,43.6235],[85.6624,43.6216],[85.6447,43.6025],[85.6378,43.6006],[85.6279,43.5901],[85.6186,43.5839],[85.6064,43.5696],[85.5913,43.5696],[85.5898,43.5647],[85.5791,43.5536],[85.582,43.5474],[85.5771,43.5387],[85.595,43.5295],[85.5842,43.5208],[85.6027,43.5176],[85.6129,43.5221],[85.6324,43.5196],[85.6488,43.5217],[85.6618,43.5043],[85.6756,43.4904],[85.6899,43.4822],[85.6988,43.484],[85.7122,43.4804],[85.7183,43.4829],[85.7353,43.4737],[85.7544,43.4653],[85.7694,43.4623],[85.7826,43.4493],[85.7991,43.4504],[85.8163,43.446],[85.8397,43.4364],[85.8534,43.4388],[85.8611,43.4447],[85.8772,43.4386],[85.9029,43.4344],[85.9133,43.427],[85.9274,43.4292],[85.9384,43.4207],[85.9463,43.4215],[85.9514,43.4128],[85.972,43.409],[85.9866,43.4016],[86.0027,43.4163],[86.019,43.4061],[86.0349,43.4128],[86.0363,43.4172],[86.0509,43.4151],[86.0612,43.4232],[86.0877,43.4301],[86.0909,43.4028],[86.1051,43.395],[86.1086,43.3891],[86.1198,43.3839],[86.1189,43.3699],[86.1258,43.3642],[86.1506,43.3582],[86.1537,43.3442],[86.1506,43.3347],[86.1618,43.3254],[86.1566,43.3166],[86.1635,43.3052],[86.1849,43.2972],[86.1986,43.2957],[86.219,43.2887],[86.2414,43.2868],[86.2519,43.2774],[86.2662,43.2712],[86.2727,43.2647],[86.2718,43.2549],[86.2906,43.2429],[86.3085,43.2426],[86.3164,43.2387],[86.3281,43.239],[86.3629,43.2272],[86.3777,43.2249],[86.3856,43.2209],[86.4108,43.2025],[86.4289,43.1841],[86.4532,43.1636],[86.4658,43.1617],[86.477,43.145],[86.4838,43.1407],[86.5026,43.1393],[86.5078,43.1331],[86.5273,43.128],[86.5598,43.1256],[86.5868,43.1208],[86.6139,43.1129],[86.6315,43.0993],[86.6434,43.0958],[86.6559,43.0978],[86.6703,43.1037],[86.6824,43.1147],[86.6902,43.1171],[86.7071,43.1135],[86.7131,43.1075],[86.7264,43.1007],[86.7386,43.0981],[86.7633,43.1019],[86.7957,43.1112],[86.794,43.1203],[86.8014,43.1232],[86.8072,43.1346],[86.8194,43.1438],[86.8309,43.1439],[86.8436,43.1497],[86.8415,43.1584],[86.8213,43.1684],[86.8133,43.1698],[86.8138,43.178],[86.8333,43.1884],[86.8358,43.201],[86.8537,43.2106],[86.8558,43.2328],[86.868,43.2411],[86.8724,43.2479],[86.8746,43.2649],[86.891,43.2649],[86.8975,43.2687],[86.9005,43.2932],[86.8941,43.3013],[86.9209,43.324],[86.9189,43.3399],[86.9272,43.3542],[86.9384,43.3655],[86.9267,43.3801],[86.903,43.3913],[86.8993,43.3987],[86.8961,43.4172],[86.8973,43.4267],[86.9267,43.4502],[86.9347,43.4606],[86.9571,43.4667],[86.9624,43.4744],[86.9726,43.4749],[86.975,43.4897],[86.9817,43.496],[86.9899,43.5099],[86.9938,43.5307],[87.013,43.5441],[87.0373,43.5578],[87.0472,43.5688],[87.0599,43.5734],[87.0871,43.5887],[87.0963,43.5918],[87.1117,43.6067],[87.1181,43.6166],[87.1239,43.62],[87.1403,43.6477],[87.1488,43.6539],[87.163,43.6744],[87.1794,43.6859],[87.1941,43.6913],[87.2122,43.7195],[87.2186,43.7386],[87.2369,43.7569],[87.2527,43.777],[87.265,43.7869],[87.27,43.7962],[87.2787,43.8048],[87.2779,43.8234],[87.2796,43.8311],[87.2768,43.8511],[87.2762,43.8685],[87.2629,43.9022],[87.2595,43.922],[87.2802,43.9537],[87.2932,43.9653],[87.2984,43.9663],[87.3268,43.9945],[87.3404,44.0028],[87.3426,44.0077],[87.3531,44.0133],[87.3576,44.0248],[87.373,44.0344],[87.3804,44.0429],[87.3926,44.0426],[87.4169,44.0516],[87.4163,44.0543],[87.441,44.066],[87.4527,44.0655],[87.4592,44.0774],[87.4842,44.0767],[87.5012,44.0647]]]]},"properties":{"region_code":"CN-65-6523","parent_region_code":"CN-65","name":"昌吉回族自治州","level":"prefecture","has_children":true,"full_path":"中国 / 新疆维吾尔自治区 / 昌吉回族自治州","source_admin_code":"6523","osm_relation_id":2752412}},
{"type":"Feature","geometry":{"type":"Polygon","coordinates":[[[80.8888,44.5289],[80.8982,44.5339],[80.917,44.5379],[80.9318,44.5317],[80.9451,44.536],[80.9653,44.5354],[80.9733,44.5375],[80.9956,44.5348],[81.0027,44.5278],[81.0004,44.5233],[81.0106,44.5184],[81.0136,44.5114],[81.0248,44.5111],[81.037,44.5052],[81.0567,44.5018],[81.0672,44.5065],[81.1065,44.5062],[81.1221,44.5009],[81.1361,44.4921],[81.1455,44.4945],[81.1769,44.4812],[81.1797,44.4732],[81.1887,44.47],[81.2044,44.4691],[81.2085,44.462],[81.2303,44.4591],[81.242,44.4592],[81.2579,44.4538],[81.2699,44.4564],[81.2924,44.4504],[81.3228,44.4532],[81.3425,44.4488],[81.3553,44.4416],[81.3619,44.4449],[81.4058,44.4398],[81.4189,44.4396],[81.45,44.4436],[81.4814,44.4345],[81.4989,44.4322],[81.5244,44.4335],[81.5493,44.4296],[81.5672,44.4212],[81.5858,44.4205],[81.6029,44.4276],[81.6128,44.4229],[81.625,44.4099],[81.6498,44.398],[81.6613,44.3943],[81.6812,44.3928],[81.6949,44.3942],[81.7065,44.3887],[81.7023,44.3755],[81.7162,44.3641],[81.7347,44.361],[81.7347,44.3529],[81.7447,44.3458],[81.756,44.3478],[81.7767,44.3483],[81.7874,44.3466],[81.8207,44.3359],[81.8447,44.3313],[81.8645,44.3224],[81.8962,44.3114],[81.9408,44.3029],[81.9875,44.2911],[82.0053,44.2928],[82.0232,44.2873],[82.043,44.2868],[82.0699,44.2916],[82.0795,44.2906],[82.1072,44.2819],[82.1433,44.2756],[82.1603,44.2636],[82.1678,44.2615],[82.2122,44.255],[82.2298,44.254],[82.2476,44.2559],[82.2751,44.2488],[82.2927,44.2484],[82.3085,44.251],[82.3369,44.2611],[82.3461,44.2613],[82.3567,44.2544],[82.3605,44.2444],[82.3907,44.2193],[82.4066,44.2079],[82.4155,44.1931],[82.4281,44.1788],[82.4454,44.1712],[82.4915,44.1614],[82.5212,44.1536],[82.5599,44.1344],[82.5782,44.1297],[82.6013,44.1269],[82.6291,44.1257],[82.6471,44.1205],[82.6728,44.1041],[82.6912,44.0822],[82.7058,44.0757],[82.7285,44.0732],[82.759,44.0795],[82.7755,44.0813],[82.8132,44.0714],[82.8282,44.07],[82.8507,44.0649],[82.8679,44.0574],[82.8913,44.0539],[82.8978,44.0572],[82.9074,44.068],[82.98,44.0916],[82.9989,44.0878],[83.0264,44.0844],[83.0609,44.0884],[83.1043,44.0916],[83.1313,44.0906],[83.1554,44.0846],[83.1963,44.0796],[83.2198,44.0807],[83.2375,44.0749],[83.2762,44.0267],[83.2818,44.022],[83.3072,44.0071],[83.3209,44.0055],[83.3605,44.0074],[83.3791,44.0098],[83.4033,44.0156],[83.4261,44.0243],[83.4413,44.0334],[83.4679,44.0428],[83.4615,44.0512],[83.4599,44.0709],[83.4458,44.0753],[83.4448,44.0965],[83.4419,44.1204],[83.4363,44.1347],[83.417,44.1546],[83.4085,44.1677],[83.4122,44.1865],[83.4289,44.2075],[83.4344,44.2206],[83.4339,44.2327],[83.4275,44.2403],[83.418,44.2455],[83.4288,44.2514],[83.4386,44.2501],[83.4458,44.2533],[83.4378,44.2627],[83.434,44.2736],[83.4363,44.2809],[83.4537,44.2926],[83.4673,44.2981],[83.4712,44.3059],[83.4808,44.3097],[83.4829,44.3161],[83.4726,44.3243],[83.4879,44.3372],[83.4821,44.3534],[83.4862,44.3661],[83.5032,44.3813],[83.5074,44.3926],[83.5279,44.4104],[83.5284,44.4137],[83.5168,44.4366],[83.5096,44.4553],[83.5144,44.4664],[83.5426,44.4601],[83.5969,44.4615],[83.6268,44.4674],[83.6356,44.4738],[83.7197,44.4625],[83.7496,44.4607],[83.79,44.4656],[83.7901,44.4788],[83.7949,44.4954],[83.7891,44.5051],[83.7885,44.5194],[83.7741,44.53],[83.7715,44.5357],[83.7423,44.5515],[83.7495,44.5682],[83.7529,44.5848],[83.7512,44.6076],[83.756,44.6318],[83.7673,44.6623],[83.7673,44.6733],[83.7845,44.708],[83.7923,44.72],[83.7958,44.7341],[83.792,44.7583],[83.7863,44.7594],[83.7783,44.7679],[83.771,44.7699],[83.7662,44.7805],[83.7482,44.7806],[83.7459,44.7879],[83.7355,44.7911],[83.727,44.8015],[83.7276,44.8098],[83.7185,44.8143],[83.7043,44.8361],[83.7042,44.8432],[83.6914,44.8572],[83.677,44.8779],[83.6559,44.8858],[83.6325,44.8908],[83.6255,44.8894],[83.6141,44.8948],[83.6092,44.8911],[83.5972,44.8932],[83.5994,44.9001],[83.5952,44.913],[83.582,44.9187],[83.574,44.9289],[83.5508,44.9314],[83.5391,44.9377],[83.5254,44.9371],[83.5232,44.9418],[83.5103,44.9387],[83.4947,44.9484],[83.4989,44.9551],[83.4939,44.9602],[83.4799,44.9635],[83.4728,44.9731],[83.4613,44.9789],[83.4427,44.9814],[83.4087,44.9787],[83.3886,44.9797],[83.3495,44.9891],[83.3449,44.9921],[83.3296,44.9899],[83.2952,44.9932],[83.2596,44.9978],[83.147,45.016],[83.0659,45.0339],[83.0014,45.0493],[82.9677,45.0599],[82.9524,45.067],[82.9001,45.0832],[82.8506,45.1012],[82.8263,45.1162],[82.7991,45.1266],[82.755,45.1513],[82.717,45.1596],[82.6788,45.1527],[82.6459,45.171],[82.6092,45.1992],[82.6077,45.2042],[82.5874,45.2167],[82.5802,45.2185],[82.5601,45.2035],[82.4749,45.177],[82.4558,45.1873],[82.4282,45.1877],[82.4165,45.1923],[82.3977,45.193],[82.3837,45.1996],[82.3626,45.2011],[82.3407,45.2091],[82.3109,45.2269],[82.3061,45.2346],[82.2789,45.2406],[82.2677,45.2413],[82.2574,45.2339],[82.2508,45.236],[82.2404,45.2332],[82.2331,45.235],[82.2013,45.2291],[82.1852,45.2288],[82.1721,45.2213],[82.1512,45.2218],[82.1239,45.2109],[82.1126,45.2017],[82.1001,45.2023],[82.0972,45.2087],[82.0818,45.2229],[82.0818,45.2323],[82.088,45.2429],[82.0715,45.2489],[82.065,45.2465],[82.0443,45.2542],[82.0391,45.2457],[82.0288,45.2404],[82.0147,45.2375],[82.0092,45.2336],[81.9967,45.2324],[81.9782,45.2381],[81.9707,45.2339],[81.9418,45.2362],[81.922,45.2289],[81.9093,45.2431],[81.8787,45.2837],[81.8554,45.2952],[81.8546,45.3009],[81.8441,45.3041],[81.8301,45.3181],[81.8311,45.3274],[81.8086,45.3517],[81.8084,45.358],[81.785,45.3798],[81.7741,45.3861],[81.7658,45.3752],[81.7586,45.3722],[81.7371,45.373],[81.7337,45.3657],[81.7137,45.3589],[81.7054,45.3604],[81.6952,45.3692],[81.6794,45.3645],[81.6783,45.3562],[81.6629,45.3508],[81.6503,45.3505],[81.6324,45.3566],[81.6194,45.3516],[81.6127,45.3419],[81.5921,45.3405],[81.5869,45.3323],[81.5688,45.3253],[81.5677,45.3193],[81.5743,45.3088],[81.5673,45.3054],[81.5519,45.3047],[81.548,45.3015],[81.5347,45.3059],[81.527,45.3],[81.5302,45.2957],[81.5215,45.2825],[81.5148,45.2802],[81.4986,45.2813],[81.4942,45.2753],[81.4786,45.2742],[81.4658,45.2662],[81.4518,45.2622],[81.4373,45.268],[81.435,45.2795],[81.4077,45.2805],[81.3903,45.2711],[81.3821,45.2642],[81.3782,45.2538],[81.3676,45.2554],[81.3608,45.2605],[81.3508,45.2604],[81.3308,45.2559],[81.3071,45.2541],[81.3065,45.2468],[81.2927,45.2462],[81.2819,45.2394],[81.2593,45.2367],[81.2491,45.2413],[81.2385,45.2406],[81.2285,45.2482],[81.2209,45.2447],[81.2218,45.2377],[81.2111,45.2339],[81.2035,45.2368],[81.1875,45.2325],[81.1814,45.227],[81.1665,45.2243],[81.1698,45.2128],[81.1558,45.2052],[81.1369,45.21],[81.1335,45.2176],[81.1196,45.2152],[81.1008,45.2176],[81.1075,45.2071],[81.0995,45.1996],[81.0835,45.1946],[81.075,45.1844],[81.0758,45.1785],[81.0698,45.1723],[81.0554,45.1778],[81.0438,45.1701],[81.0247,45.1635],[81.0162,45.1645],[80.9966,45.1583],[80.9569,45.1676],[80.9459,45.1614],[80.9296,45.1577],[80.9214,45.1452],[80.9066,45.137],[80.8983,45.1251],[80.8894,45.1247],[80.8754,45.13],[80.8594,45.1254],[80.8495,45.1277],[80.8352,45.1396],[80.787,45.1501],[80.7726,45.1439],[80.7631,45.1517],[80.7398,45.1617],[80.728,45.1712],[80.7164,45.1698],[80.7184,45.1586],[80.7245,45.1503],[80.7048,45.1434],[80.6979,45.1335],[80.6861,45.1342],[80.6778,45.1287],[80.6552,45.1213],[80.6243,45.1178],[80.6144,45.1085],[80.6009,45.1046],[80.58,45.1064],[80.5758,45.1102],[80.5471,45.1109],[80.5174,45.1056],[80.509,45.1069],[80.4987,45.115],[80.4889,45.1265],[80.4769,45.1138],[80.4627,45.1126],[80.4549,45.106],[80.4374,45.0972],[80.4434,45.0872],[80.4379,45.075],[80.4196,45.0619],[80.4073,45.0577],[80.4033,45.0476],[80.387,45.0449],[80.3821,45.04],[80.3688,45.0424],[80.3622,45.0398],[80.3449,45.0411],[80.3307,45.0548],[80.3254,45.0696],[80.3129,45.0673],[80.2934,45.0665],[80.2854,45.0603],[80.2667,45.0536],[80.2403,45.0277],[80.2325,45.0332],[80.2135,45.0233],[80.2021,45.03],[80.1916,45.0284],[80.178,45.0416],[80.1679,45.0388],[80.1524,45.0527],[80.1386,45.0523],[80.1286,45.043],[80.118,45.0413],[80.1122,45.0484],[80.1055,45.0453],[80.0897,45.0467],[80.0912,45.0375],[80.0714,45.0334],[80.0618,45.036],[80.0579,45.0241],[80.0498,45.0204],[80.0567,45.0141],[80.046,45.0016],[80.04,45.0034],[80.0285,44.9938],[80.0185,44.9903],[80.013,44.9802],[79.9888,44.9786],[79.9857,44.969],[79.9741,44.9629],[79.9696,44.9661],[79.9557,44.9614],[79.9521,44.9529],[79.9439,44.9495],[79.9475,44.944],[79.935,44.9329],[79.924,44.9317],[79.9027,44.9245],[79.882,44.9107],[79.8886,44.9025],[79.8859,44.8936],[79.9021,44.8997],[79.9147,44.9007],[79.9296,44.8929],[79.9322,44.8875],[79.9533,44.882],[79.9542,44.8734],[79.9461,44.8663],[79.9447,44.85],[79.9558,44.8503],[79.959,44.8437],[79.9884,44.8244],[79.9952,44.8236],[79.9996,44.816],[79.9954,44.7921],[80.0063,44.7902],[80.0195,44.7932],[80.0194,44.7984],[80.034,44.8041],[80.0451,44.8006],[80.0594,44.8078],[80.0961,44.8136],[80.1142,44.8098],[80.1248,44.817],[80.1278,44.8231],[80.1462,44.8267],[80.1568,44.8416],[80.1651,44.8405],[80.1671,44.8275],[80.1832,44.8235],[80.1944,44.827],[80.2084,44.8211],[80.2266,44.8212],[80.2315,44.8271],[80.2464,44.8327],[80.2604,44.8427],[80.2712,44.8387],[80.2824,44.8379],[80.2981,44.8265],[80.2887,44.819],[80.3013,44.8113],[80.3112,44.8102],[80.3197,44.8151],[80.3469,44.8194],[80.3523,44.8106],[80.3501,44.8015],[80.3604,44.798],[80.3665,44.7856],[80.3754,44.777],[80.3849,44.7759],[80.3951,44.766],[80.4051,44.7682],[80.4164,44.7631],[80.4356,44.7631],[80.4444,44.7582],[80.4606,44.7533],[80.4745,44.7407],[80.5227,44.7355],[80.5346,44.7276],[80.5407,44.733],[80.5596,44.7263],[80.5724,44.7282],[80.588,44.7231],[80.6046,44.733],[80.6149,44.7281],[80.6338,44.7305],[80.6384,44.7169],[80.6361,44.7099],[80.6481,44.7049],[80.6591,44.7037],[80.6649,44.6995],[80.6713,44.6867],[80.6685,44.6835],[80.6807,44.6758],[80.6891,44.6737],[80.6871,44.6586],[80.6751,44.6424],[80.6583,44.6365],[80.6582,44.6293],[80.6715,44.624],[80.6821,44.6163],[80.6967,44.6094],[80.7048,44.6008],[80.7238,44.6074],[80.7317,44.6036],[80.7515,44.6096],[80.7601,44.6042],[80.7682,44.6046],[80.7846,44.591],[80.8125,44.5833],[80.8178,44.5776],[80.829,44.5723],[80.8477,44.5709],[80.8514,44.5759],[80.8768,44.582],[80.8876,44.5795],[80.8795,44.5541],[80.8888,44.5289]],[[82.1602,44.7965],[82.1436,44.7905],[82.1372,44.8006],[82.1531,44.8055],[82.1602,44.7965]],[[82.1439,44.7849],[82.1618,44.7906],[82.1813,44.7884],[82.1776,44.7778],[82.1524,44.7698],[82.1439,44.7849]],[[82.4062,44.774],[82.3832,44.784],[82.3781,44.7826],[82.3612,44.7893],[82.355,44.7952],[82.3361,44.8011],[82.3097,44.8026],[82.3071,44.8066],[82.2937,44.8115],[82.2657,44.8312],[82.2035,44.8207],[82.1499,44.8291],[82.1422,44.8165],[82.1355,44.816],[82.1187,44.8053],[82.0849,44.8328],[82.0918,44.8432],[82.0929,44.8515],[82.1021,44.8558],[82.1129,44.85],[82.1235,44.8484],[82.1344,44.8421],[82.1591,44.8608],[82.1578,44.8638],[82.121,44.8736],[82.0979,44.8724],[82.0981,44.8797],[82.0889,44.8816],[82.0809,44.8937],[82.095,44.8939],[82.1126,44.8885],[82.1349,44.8838],[82.1426,44.8955],[82.1731,44.8915],[82.1796,44.8929],[82.2203,44.8881],[82.2398,44.8802],[82.2655,44.8645],[82.2757,44.86],[82.3093,44.8803],[82.3316,44.8856],[82.3514,44.9004],[82.4211,44.8866],[82.4537,44.8811],[82.4801,44.8803],[82.4933,44.8829],[82.4936,44.903],[82.5342,44.9025],[82.5436,44.9043],[82.5966,44.9225],[82.6301,44.9312],[82.6379,44.9372],[82.6395,44.9433],[82.658,44.9436],[82.6669,44.9265],[82.6726,44.8991],[82.6839,44.8756],[82.7006,44.8597],[82.7128,44.8572],[82.7438,44.8566],[82.7325,44.8396],[82.7317,44.828],[82.7274,44.8242],[82.7032,44.8189],[82.7022,44.8112],[82.6864,44.7974],[82.672,44.791],[82.6633,44.7707],[82.6532,44.7683],[82.6413,44.7589],[82.6252,44.7507],[82.6182,44.7425],[82.6101,44.7416],[82.6101,44.7323],[82.6,44.7286],[82.5938,44.7222],[82.5768,44.7196],[82.5626,44.7131],[82.5649,44.7084],[82.5526,44.7051],[82.5433,44.7079],[82.5387,44.7136],[82.5353,44.7262],[82.544,44.7256],[82.5405,44.7394],[82.517,44.7366],[82.4932,44.7416],[82.476,44.7531],[82.4611,44.7576],[82.4519,44.7537],[82.4263,44.7589],[82.4266,44.7633],[82.4062,44.774]],[[82.2941,44.7531],[82.3008,44.743],[82.3005,44.736],[82.2887,44.7309],[82.2777,44.7393],[82.2587,44.7669],[82.2818,44.7606],[82.2941,44.7531]],[[82.1228,44.6803],[82.1563,44.7008],[82.1698,44.7122],[82.1708,44.7161],[82.1894,44.7517],[82.1987,44.744],[82.1993,44.7363],[82.2218,44.7272],[82.2346,44.7267],[82.2317,44.7144],[82.2327,44.6806],[82.2174,44.6794],[82.1888,44.6613],[82.1691,44.6613],[82.1607,44.6683],[82.1539,44.6686],[82.1471,44.6604],[82.1358,44.6602],[82.1255,44.6363],[82.1083,44.6413],[82.0976,44.6318],[82.0855,44.6351],[82.0879,44.6408],[82.0776,44.6428],[82.0815,44.6646],[82.0854,44.6645],[82.1152,44.6826],[82.1228,44.6803]],[[82.3916,44.6688],[82.3829,44.6666],[82.3741,44.6712],[82.3643,44.668],[82.3489,44.6672],[82.3307,44.6734],[82.3434,44.6893],[82.3551,44.6867],[82.3626,44.677],[82.3856,44.6752],[82.3916,44.6688]],[[82.2318,45.1226],[82.2071,45.1232],[82.2194,45.1466],[82.2352,45.1448],[82.2318,45.1226]],[[82.4343,45.006],[82.272,45.0286],[82.271,45.0339],[82.2833,45.0457],[82.284,45.054],[82.2784,45.0678],[82.2732,45.0695],[82.2699,45.0897],[82.2945,45.1051],[82.4499,45.0675],[82.4343,45.006]],[[82.2067,44.9267],[82.1874,44.9177],[82.1761,44.9177],[82.1086,44.927],[82.0893,44.9282],[82.0873,44.9315],[82.0614,44.9329],[82.055,44.9523],[82.0425,44.9695],[82.0349,44.9752],[82.0246,44.9754],[82.0036,44.9682],[81.9801,44.9634],[81.9671,44.9779],[81.9502,44.9852],[81.9417,44.9975],[81.9376,45.008],[81.9483,45.0102],[81.964,45.0074],[81.9722,45.0219],[82.0158,45.0266],[82.0345,45.0311],[82.0576,45.0397],[82.1289,45.0357],[82.1306,45.0361],[82.1859,44.9938],[82.186,44.9881],[82.1974,44.987],[82.1916,44.9728],[82.1987,44.9638],[82.2029,44.95],[82.2073,44.9458],[82.2051,44.9371],[82.2067,44.9267]]]},"properties":{"region_code":"CN-65-6527","parent_region_code":"CN-65","name":"博尔塔拉蒙古自治州","level":"prefecture","has_children":true,"full_path":"中国 / 新疆维吾尔自治区 / 博尔塔拉蒙古自治州","source_admin_code":"6527","osm_relation_id":239457}},
{"type":"Feature","geometry":{"type":"Polygon","coordinates":[[[86.7957,43.1112],[86.7633,43.1019],[86.7386,43.0981],[86.7264,43.1007],[86.7131,43.1075],[86.7071,43.1135],[86.6902,43.1171],[86.6824,43.1147],[86.6703,43.1037],[86.6559,43.0978],[86.6434,43.0958],[86.6315,43.0993],[86.6139,43.1129],[86.5868,43.1208],[86.5598,43.1256],[86.5273,43.128],[86.5078,43.1331],[86.5026,43.1393],[86.4838,43.1407],[86.477,43.145],[86.4658,43.1617],[86.4532,43.1636],[86.4289,43.1841],[86.4108,43.2025],[86.3856,43.2209],[86.3777,43.2249],[86.3629,43.2272],[86.3281,43.239],[86.3164,43.2387],[86.3085,43.2426],[86.2906,43.2429],[86.2718,43.2549],[86.2727,43.2647],[86.2662,43.2712],[86.2519,43.2774],[86.2414,43.2868],[86.219,43.2887],[86.1986,43.2957],[86.1849,43.2972],[86.1635,43.3052],[86.1566,43.3166],[86.1618,43.3254],[86.1506,43.3347],[86.1537,43.3442],[86.1506,43.3582],[86.1258,43.3642],[86.1189,43.3699],[86.1198,43.3839],[86.1086,43.3891],[86.1051,43.395],[86.0909,43.4028],[86.0877,43.4301],[86.0612,43.4232],[86.0509,43.4151],[86.0363,43.4172],[86.0349,43.4128],[86.019,43.4061],[86.0027,43.4163],[85.9866,43.4016],[85.972,43.409],[85.9514,43.4128],[85.9463,43.4215],[85.9384,43.4207],[85.9274,43.4292],[85.9133,43.427],[85.9029,43.4344],[85.8772,43.4386],[85.8611,43.4447],[85.8534,43.4388],[85.8397,43.4364],[85.8163,43.446],[85.7991,43.4504],[85.7826,43.4493],[85.7694,43.4623],[85.7544,43.4653],[85.7353,43.4737],[85.7183,43.4829],[85.7122,43.4804],[85.6988,43.484],[85.6899,43.4822],[85.6756,43.4904],[85.6618,43.5043],[85.6488,43.5217],[85.6324,43.5196],[85.6129,43.5221],[85.6027,43.5176],[85.5842,43.5208],[85.595,43.5295],[85.5552,43.5296],[85.5387,43.533],[85.5295,43.5315],[85.517,43.5348],[85.5071,43.5294],[85.5034,43.5223],[85.492,43.5236],[85.4867,43.5182],[85.4856,43.5026],[85.4798,43.4964],[85.4565,43.495],[85.4477,43.4892],[85.4431,43.4821],[85.4311,43.4773],[85.4193,43.4787],[85.3963,43.4787],[85.3707,43.4807],[85.3544,43.4802],[85.3255,43.4852],[85.3204,43.4914],[85.3203,43.5037],[85.3246,43.516],[85.3124,43.5277],[85.3003,43.5253],[85.2942,43.5208],[85.2949,43.5064],[85.2837,43.501],[85.2777,43.5051],[85.2505,43.5128],[85.2486,43.5194],[85.2391,43.5194],[85.2269,43.5156],[85.2116,43.508],[85.1866,43.5114],[85.1849,43.5151],[85.1685,43.5106],[85.1621,43.5136],[85.1641,43.5221],[85.1582,43.5259],[85.1534,43.5357],[85.1535,43.5458],[85.1166,43.5477],[85.1026,43.554],[85.0903,43.5517],[85.0833,43.5549],[85.0715,43.5549],[85.0534,43.5624],[85.0349,43.5464],[85.0341,43.5404],[85.0253,43.5352],[85.0251,43.5283],[85.0152,43.5161],[85.0171,43.5117],[85.0018,43.5055],[84.9871,43.4954],[84.992,43.4857],[84.9773,43.4783],[84.9566,43.4861],[84.9483,43.483],[84.9433,43.4693],[84.9447,43.4638],[84.9346,43.4445],[84.922,43.424],[84.8989,43.4181],[84.8863,43.4207],[84.8829,43.4275],[84.8659,43.428],[84.86,43.4338],[84.8319,43.4347],[84.823,43.4418],[84.8082,43.4441],[84.8033,43.4551],[84.7932,43.4637],[84.7692,43.4589],[84.7679,43.4549],[84.752,43.4574],[84.739,43.4506],[84.7136,43.4518],[84.6973,43.4613],[84.6848,43.4791],[84.6766,43.4843],[84.6645,43.4858],[84.6556,43.4838],[84.66,43.4758],[84.6577,43.4704],[84.6333,43.4581],[84.6303,43.4522],[84.6333,43.4415],[84.6312,43.4314],[84.6443,43.4253],[84.6526,43.4244],[84.6568,43.4133],[84.665,43.4124],[84.671,43.407],[84.6904,43.4001],[84.6755,43.3799],[84.6739,43.3712],[84.6543,43.3632],[84.6324,43.3487],[84.6217,43.337],[84.6046,43.3382],[84.5952,43.3413],[84.586,43.3286],[84.5506,43.3305],[84.5446,43.3141],[84.5298,43.2915],[84.5364,43.2609],[84.5532,43.2688],[84.5601,43.2665],[84.579,43.2658],[84.5835,43.2542],[84.5729,43.2391],[84.5637,43.2295],[84.579,43.2271],[84.6021,43.2265],[84.617,43.213],[84.6205,43.2028],[84.6413,43.1965],[84.649,43.192],[84.6511,43.1735],[84.6359,43.173],[84.6276,43.1659],[84.6177,43.1653],[84.6129,43.1692],[84.5764,43.165],[84.5719,43.1671],[84.5466,43.1574],[84.5384,43.1516],[84.5328,43.1556],[84.5104,43.1556],[84.5023,43.1629],[84.4914,43.1607],[84.4806,43.1634],[84.4661,43.1611],[84.4603,43.1577],[84.4466,43.1627],[84.4233,43.1615],[84.4195,43.1486],[84.4242,43.137],[84.4229,43.1206],[84.415,43.114],[84.4201,43.1032],[84.4135,43.1005],[84.4017,43.1105],[84.3997,43.1168],[84.3903,43.1252],[84.3729,43.1276],[84.3662,43.1362],[84.3563,43.1426],[84.3642,43.1486],[84.3606,43.1575],[84.3411,43.1665],[84.3279,43.1681],[84.3085,43.1651],[84.3042,43.1699],[84.2772,43.1735],[84.2589,43.1706],[84.226,43.1698],[84.2066,43.1633],[84.1957,43.1659],[84.1932,43.159],[84.1699,43.1552],[84.1657,43.1493],[84.1557,43.1464],[84.1501,43.154],[84.1434,43.1506],[84.1316,43.1534],[84.1257,43.1466],[84.1188,43.1481],[84.1014,43.1439],[84.0951,43.15],[84.0736,43.1493],[84.0682,43.1429],[84.0603,43.1503],[84.0359,43.1447],[84.0393,43.1305],[84.005,43.1356],[83.9985,43.1401],[83.9839,43.1391],[83.9773,43.1521],[83.9604,43.1549],[83.9356,43.1495],[83.928,43.1456],[83.91,43.1269],[83.8978,43.1217],[83.876,43.1229],[83.8412,43.132],[83.8143,43.1301],[83.7986,43.1322],[83.7679,43.1447],[83.7551,43.1479],[83.7305,43.1349],[83.718,43.1386],[83.7102,43.1361],[83.6883,43.1041],[83.6768,43.0962],[83.6465,43.0851],[83.6249,43.0794],[83.5635,43.0912],[83.5631,43.0748],[83.5424,43.0693],[83.5345,43.0735],[83.5152,43.0681],[83.5127,43.0629],[83.5017,43.0576],[83.4901,43.0574],[83.477,43.0632],[83.4491,43.0582],[83.4325,43.0518],[83.4254,43.0432],[83.4158,43.0504],[83.4037,43.0505],[83.393,43.0446],[83.3801,43.0435],[83.3579,43.0267],[83.3441,43.0309],[83.3334,43.0307],[83.323,43.0459],[83.3101,43.0365],[83.2952,43.033],[83.2864,43.038],[83.2786,43.0356],[83.2615,43.0207],[83.2446,43.0292],[83.2365,43.0189],[83.2227,43.0155],[83.2166,43.0108],[83.1964,43.0105],[83.1925,43.0084],[83.1566,43.005],[83.1414,42.9934],[83.1323,42.9906],[83.1005,42.9948],[83.0729,42.9909],[83.0508,42.9985],[83.0345,42.9949],[83.0256,42.9968],[83.0167,43.0052],[83.0108,43.0058],[82.9886,42.995],[82.9741,42.9914],[82.956,42.9913],[82.9388,42.9862],[82.9208,42.9893],[82.9123,42.9864],[82.8899,42.9912],[82.8798,42.9798],[82.8676,42.9781],[82.8563,42.9699],[82.8317,42.98],[82.8214,42.9791],[82.8213,42.9537],[82.8063,42.9511],[82.7975,42.9465],[82.7933,42.9349],[82.7864,42.9326],[82.7627,42.9351],[82.7379,42.9403],[82.7276,42.9393],[82.7097,42.9504],[82.6972,42.9476],[82.6933,42.9363],[82.6874,42.9324],[82.6667,42.9314],[82.6505,42.9352],[82.6507,42.9308],[82.6448,42.9179],[82.6472,42.886],[82.6444,42.8788],[82.6289,42.8786],[82.5997,42.887],[82.5922,42.8827],[82.5742,42.8844],[82.5538,42.8963],[82.5418,42.9004],[82.5265,42.8997],[82.5166,42.8927],[82.5154,42.8859],[82.5205,42.8763],[82.5173,42.8615],[82.51,42.8573],[82.4992,42.8589],[82.482,42.8577],[82.471,42.848],[82.4673,42.8334],[82.471,42.8212],[82.471,42.809],[82.4771,42.7993],[82.4917,42.8005],[82.5043,42.7982],[82.5127,42.7922],[82.5242,42.7797],[82.5435,42.7708],[82.5425,42.7594],[82.5518,42.7526],[82.5657,42.7487],[82.5827,42.7267],[82.5965,42.7186],[82.6027,42.6932],[82.6094,42.6844],[82.6075,42.6758],[82.621,42.6722],[82.6245,42.6675],[82.625,42.6543],[82.6324,42.6493],[82.6276,42.6432],[82.626,42.6262],[82.6176,42.6212],[82.6227,42.6054],[82.6349,42.5971],[82.6417,42.592],[82.6512,42.5918],[82.664,42.5869],[82.6745,42.5889],[82.6749,42.5956],[82.7194,42.5947],[82.7255,42.6129],[82.7415,42.6179],[82.7492,42.6259],[82.7608,42.6206],[82.7689,42.6206],[82.7804,42.6273],[82.8007,42.6483],[82.8095,42.6437],[82.8167,42.6458],[82.8265,42.64],[82.8274,42.6315],[82.8355,42.6188],[82.8346,42.604],[82.8242,42.595],[82.8138,42.579],[82.8236,42.5759],[82.8366,42.5797],[82.8365,42.5681],[82.8538,42.5665],[82.8766,42.5727],[82.8784,42.5798],[82.887,42.5817],[82.9015,42.592],[82.91,42.5914],[82.9258,42.6007],[82.9346,42.6028],[82.9315,42.6154],[82.9371,42.6232],[82.9559,42.6293],[82.9659,42.6296],[82.982,42.6229],[82.9889,42.6239],[83.0067,42.598],[83.0043,42.592],[83.0172,42.5926],[83.0258,42.588],[83.035,42.5762],[83.0358,42.5668],[83.0474,42.5697],[83.0518,42.565],[83.0659,42.566],[83.0726,42.5526],[83.086,42.5489],[83.1014,42.5609],[83.1081,42.5593],[83.1184,42.5629],[83.1256,42.5606],[83.1333,42.5652],[83.1552,42.5668],[83.1834,42.5805],[83.2069,42.5857],[83.2143,42.5802],[83.2325,42.5844],[83.234,42.58],[83.2502,42.5686],[83.265,42.5674],[83.2829,42.5542],[83.2972,42.5573],[83.3079,42.5655],[83.3179,42.5624],[83.3296,42.5625],[83.328,42.5563],[83.3441,42.5479],[83.3483,42.5382],[83.3527,42.5183],[83.3516,42.5042],[83.3656,42.4968],[83.3799,42.4988],[83.3976,42.4947],[83.401,42.4906],[83.4116,42.492],[83.4281,42.4859],[83.4457,42.4868],[83.4489,42.4789],[83.4638,42.4741],[83.4703,42.4657],[83.4836,42.4729],[83.4981,42.4686],[83.5088,42.4726],[83.516,42.4809],[83.528,42.4867],[83.5585,42.4872],[83.5742,42.4907],[83.5951,42.5025],[83.6239,42.5027],[83.6351,42.5061],[83.6464,42.5155],[83.6631,42.5121],[83.6646,42.5056],[83.6807,42.5072],[83.6875,42.5117],[83.6945,42.5263],[83.6894,42.5332],[83.6995,42.5379],[83.7166,42.5389],[83.7293,42.536],[83.7414,42.5375],[83.757,42.5361],[83.7683,42.5295],[83.7852,42.5349],[83.7916,42.5318],[83.8063,42.5325],[83.8139,42.5264],[83.8237,42.5331],[83.8293,42.5301],[83.8451,42.5318],[83.8657,42.5236],[83.8723,42.5256],[83.8865,42.523],[83.8966,42.5286],[83.9145,42.5206],[83.9247,42.5281],[83.9359,42.5278],[83.938,42.5071],[83.9461,42.4937],[83.9416,42.4838],[83.9422,42.4771],[83.9341,42.4641],[83.9327,42.453],[83.9282,42.4418],[83.9355,42.4289],[83.9321,42.4192],[83.9277,42.3956],[83.93,42.3774],[83.9345,42.3737],[83.9553,42.3648],[83.9614,42.359],[83.9643,42.3272],[83.9734,42.3129],[83.9703,42.3071],[83.9746,42.3011],[83.9721,42.2937],[83.9582,42.284],[83.9563,42.2784],[83.9439,42.2674],[83.9061,42.2685],[83.8768,42.261],[83.8845,42.2487],[83.8824,42.2325],[83.8881,42.22],[83.8873,42.2099],[83.8779,42.1956],[83.8777,42.1859],[83.9102,42.1616],[83.9071,42.1547],[83.9199,42.1495],[83.9264,42.1369],[83.9371,42.0968],[83.9366,42.074],[83.9458,42.0528],[83.9521,42.0317],[83.9626,42.0065],[83.971,42.0005],[83.9786,41.9791],[83.9788,41.9642],[83.9856,41.9529],[83.9858,41.9316],[83.9758,41.8993],[83.9689,41.8866],[83.9646,41.8734],[83.9698,41.8617],[83.9729,41.8429],[83.9633,41.8101],[83.9534,41.7977],[83.9382,41.7872],[83.9269,41.7739],[83.9161,41.7476],[83.9107,41.7259],[83.9092,41.699],[83.9025,41.6728],[83.9056,41.6677],[83.9008,41.6441],[83.8987,41.597],[83.9088,41.5771],[83.9156,41.5684],[83.9476,41.561],[83.9502,41.5515],[83.9453,41.5327],[83.946,41.5249],[83.9531,41.5153],[83.9728,41.5063],[83.9774,41.5024],[83.9927,41.471],[84.0136,41.4423],[84.0139,41.414],[84.0193,41.3726],[84.026,41.3469],[84.0281,41.33],[84.0241,41.2977],[84.0203,41.2345],[84.0244,41.196],[84.0342,41.1621],[84.0538,41.1377],[84.0725,41.1257],[84.0834,41.1219],[84.0852,41.1129],[84.0574,41.0837],[84.0625,41.0551],[84.0606,41.0426],[84.0534,41.0323],[84.0636,41.0208],[84.0617,41.0086],[84.0674,40.985],[84.0685,40.955],[84.0639,40.7763],[84.0427,40.4992],[84.0276,40.3068],[84.0066,40.0371],[83.9994,40.0134],[83.9864,40.0047],[83.952,39.9598],[83.4109,39.4828],[83.3921,39.3335],[83.384,39.0085],[83.3831,38.3884],[83.4508,38.3198],[83.4727,38.301],[83.4983,38.2828],[83.5466,38.2542],[83.6327,38.1977],[83.7443,38.1161],[83.7883,38.0786],[83.8165,38.048],[83.8235,38.037],[83.8871,37.9418],[83.9134,37.8885],[83.9275,37.8571],[83.929,37.849],[83.9379,37.827],[83.9358,37.8216],[83.9367,37.8042],[83.928,37.7752],[83.9353,37.7649],[83.9345,37.7551],[83.9417,37.7478],[83.9386,37.7422],[83.9445,37.7279],[83.9414,37.7103],[83.9419,37.6995],[83.9585,37.691],[83.9572,37.6817],[83.9608,37.6717],[83.9611,37.6526],[83.97,37.6458],[83.976,37.6352],[83.9777,37.6254],[83.9872,37.6126],[83.9812,37.5938],[83.9823,37.5778],[83.9866,37.5682],[83.9848,37.5146],[83.9824,37.5034],[83.9767,37.4909],[83.9715,37.4862],[83.982,37.4537],[83.9829,37.447],[83.974,37.4124],[83.9702,37.4046],[83.9581,37.3935],[83.9327,37.3826],[83.9279,37.3733],[83.922,37.3687],[83.9062,37.3651],[83.8909,37.3488],[83.8829,37.3189],[83.869,37.3097],[83.8651,37.2961],[83.8611,37.2919],[83.8345,37.284],[83.8217,37.2769],[83.8015,37.2596],[83.7881,37.2503],[83.7954,37.2416],[83.7979,37.2321],[83.7972,37.2116],[83.8156,37.2046],[83.8237,37.1885],[83.836,37.1574],[83.8404,37.1513],[83.8391,37.1422],[83.8448,37.1351],[83.8528,37.1173],[83.8527,37.1013],[83.8591,37.0877],[83.8593,37.0677],[83.8521,37.0542],[83.8541,37.0456],[83.8498,37.0385],[83.8502,37.0306],[83.8368,37.0167],[83.8267,36.9955],[83.8254,36.9731],[83.8211,36.9715],[83.8221,36.9613],[83.8316,36.9527],[83.8344,36.9455],[83.8334,36.9356],[83.8396,36.9117],[83.8566,36.8873],[83.8586,36.8676],[83.847,36.856],[83.8338,36.832],[83.8325,36.8192],[83.8391,36.8091],[83.8589,36.8058],[83.8753,36.8001],[83.8868,36.7917],[83.8987,36.7795],[83.9068,36.7777],[83.9148,36.7666],[83.9305,36.7667],[83.9407,36.7618],[83.9642,36.7621],[83.9872,36.769],[84.0006,36.7635],[84.0061,36.7536],[84.01,36.7409],[84.0288,36.7282],[84.0422,36.7268],[84.0571,36.7207],[84.0631,36.7087],[84.063,36.7022],[84.0803,36.6955],[84.0986,36.6955],[84.1055,36.6916],[84.126,36.6944],[84.1464,36.6895],[84.1553,36.6902],[84.1634,36.6952],[84.1763,36.6876],[84.1856,36.6713],[84.196,36.6612],[84.2079,36.6623],[84.2217,36.6565],[84.2312,36.6464],[84.25,36.6422],[84.2493,36.6346],[84.2573,36.6229],[84.2717,36.615],[84.2869,36.6114],[84.2999,36.6116],[84.3102,36.5917],[84.3277,36.5743],[84.3406,36.5557],[84.3439,36.54],[84.3435,36.5253],[84.338,36.5115],[84.3382,36.4894],[84.3151,36.4732],[84.3171,36.4634],[84.311,36.4559],[84.3095,36.4378],[84.304,36.4247],[84.3158,36.4257],[84.3252,36.4223],[84.3252,36.4156],[84.3376,36.4055],[84.3537,36.3981],[84.3549,36.3928],[84.3488,36.3784],[84.3375,36.3712],[84.3446,36.3648],[84.3488,36.3446],[84.3497,36.3292],[84.3566,36.3246],[84.3605,36.3123],[84.3709,36.309],[84.3829,36.3122],[84.4078,36.3103],[84.4139,36.2772],[84.4491,36.2759],[84.4603,36.2788],[84.474,36.2746],[84.5058,36.2706],[84.5338,36.2702],[84.5448,36.2646],[84.5435,36.2598],[84.5548,36.2545],[84.563,36.2431],[84.5674,36.2265],[84.6151,36.2207],[84.6251,36.1998],[84.634,36.1929],[84.643,36.1919],[84.6539,36.1849],[84.6703,36.1829],[84.667,36.1598],[84.6713,36.1508],[84.6991,36.1321],[84.7212,36.1289],[84.7254,36.1235],[84.7548,36.1194],[84.763,36.1082],[84.7739,36.1027],[84.7923,36.1003],[84.8405,36.0993],[84.8515,36.0903],[84.8447,36.083],[84.8519,36.0745],[84.8399,36.0678],[84.8414,36.0582],[84.8374,36.0499],[84.8454,36.0412],[84.8549,36.0404],[84.8645,36.0284],[84.8681,36.0127],[84.8667,36.0041],[84.871,36],[84.8666,35.9932],[84.8715,35.9852],[84.8651,35.9798],[84.8684,35.969],[84.8657,35.9525],[84.8586,35.9473],[84.8619,35.9396],[84.8734,35.9362],[84.8766,35.9307],[84.8757,35.9217],[84.8819,35.9109],[84.8822,35.8982],[84.8877,35.8934],[84.8909,35.8832],[84.8982,35.8777],[84.9005,35.8708],[84.9111,35.8611],[84.9113,35.8527],[84.9062,35.8141],[84.9078,35.8022],[84.9124,35.7889],[84.9157,35.771],[84.9193,35.7684],[84.9378,35.7655],[84.9458,35.7613],[84.9552,35.7488],[84.9645,35.7472],[84.9699,35.7363],[84.9838,35.7256],[84.9943,35.74],[85.013,35.7457],[85.0524,35.7544],[85.0929,35.7478],[85.1377,35.7434],[85.1507,35.7449],[85.1723,35.7547],[85.1981,35.7607],[85.2154,35.7662],[85.2254,35.7732],[85.2218,35.7817],[85.2475,35.7815],[85.2668,35.7902],[85.2848,35.7874],[85.2793,35.7782],[85.297,35.7712],[85.3148,35.7669],[85.3379,35.7547],[85.3659,35.7298],[85.3709,35.7019],[85.3928,35.704],[85.4189,35.6963],[85.4467,35.6898],[85.4598,35.6899],[85.4727,35.685],[85.4857,35.6834],[85.5058,35.6855],[85.5187,35.68],[85.5199,35.6702],[85.5254,35.6635],[85.548,35.6553],[85.5662,35.6418],[85.5715,35.6411],[85.5823,35.6473],[85.5918,35.6459],[85.6,35.6516],[85.6127,35.6533],[85.6174,35.6627],[85.6198,35.6751],[85.6278,35.6802],[85.628,35.6983],[85.6337,35.7013],[85.6403,35.7109],[85.6429,35.7214],[85.6476,35.7232],[85.6508,35.7319],[85.6654,35.7348],[85.6753,35.7405],[85.6821,35.7486],[85.6933,35.7527],[85.7036,35.7516],[85.7226,35.755],[85.7394,35.7651],[85.752,35.7687],[85.7639,35.7694],[85.8074,35.7817],[85.8209,35.7749],[85.8336,35.7731],[85.8551,35.7801],[85.8831,35.7808],[85.906,35.7852],[85.9484,35.7808],[85.9549,35.7864],[85.9657,35.7886],[85.9702,35.7996],[85.9793,35.8035],[85.9915,35.8183],[85.9988,35.8188],[86.0104,35.8336],[86.0258,35.8388],[86.0377,35.8475],[86.0514,35.8434],[86.0682,35.8612],[86.0783,35.8642],[86.0794,35.8705],[86.0883,35.8774],[86.0935,35.9026],[86.0916,35.9081],[86.0989,35.9144],[86.1042,35.9258],[86.11,35.9255],[86.1236,35.932],[86.1288,35.9536],[86.129,35.9739],[86.1306,35.9804],[86.1421,35.9915],[86.1432,36.0009],[86.1625,36.0083],[86.1697,36.0133],[86.1785,36.0298],[86.1974,36.0327],[86.1978,36.0485],[86.1875,36.0546],[86.1808,36.0638],[86.1773,36.0761],[86.1844,36.0862],[86.1804,36.0975],[86.1857,36.1034],[86.1839,36.1186],[86.1852,36.1311],[86.191,36.1337],[86.2182,36.1365],[86.2198,36.1396],[86.2458,36.1413],[86.2502,36.1497],[86.26,36.1512],[86.2662,36.1581],[86.2762,36.1601],[86.277,36.1697],[86.2939,36.1695],[86.3135,36.1664],[86.3357,36.166],[86.3557,36.1691],[86.3662,36.1782],[86.3776,36.1953],[86.3903,36.2073],[86.4051,36.2066],[86.4243,36.2089],[86.4527,36.2215],[86.4846,36.207],[86.5054,36.2031],[86.513,36.2058],[86.5235,36.2249],[86.53,36.2279],[86.5471,36.2297],[86.5639,36.2237],[86.5972,36.223],[86.6504,36.2321],[86.652,36.2444],[86.6578,36.2471],[86.669,36.2437],[86.6807,36.2444],[86.6864,36.2475],[86.6973,36.2453],[86.7029,36.2618],[86.7183,36.262],[86.7283,36.2691],[86.7281,36.2775],[86.7328,36.2848],[86.7425,36.2922],[86.7728,36.297],[86.8097,36.2942],[86.8177,36.2911],[86.8321,36.2921],[86.8495,36.3007],[86.8589,36.2964],[86.8699,36.2837],[86.8705,36.2759],[86.8813,36.273],[86.8838,36.2639],[86.8956,36.264],[86.9113,36.2684],[86.9285,36.2659],[86.9337,36.2779],[86.9504,36.2897],[86.9707,36.2908],[86.9936,36.3091],[87.0489,36.2971],[87.0834,36.3111],[87.0992,36.3075],[87.111,36.3008],[87.1466,36.2977],[87.1551,36.302],[87.158,36.3087],[87.1552,36.3175],[87.1585,36.3259],[87.1747,36.3338],[87.179,36.3408],[87.1902,36.3513],[87.211,36.3546],[87.2304,36.3555],[87.2547,36.3549],[87.2881,36.36],[87.3038,36.3642],[87.3231,36.3814],[87.3439,36.3928],[87.3419,36.4019],[87.3535,36.4042],[87.3598,36.4134],[87.3581,36.4213],[87.3679,36.4209],[87.3843,36.4128],[87.402,36.417],[87.4244,36.4265],[87.4312,36.4152],[87.4569,36.4137],[87.4541,36.3889],[87.4684,36.3547],[87.4782,36.353],[87.4958,36.3538],[87.5152,36.3516],[87.5454,36.3428],[87.5687,36.3443],[87.61,36.3583],[87.6917,36.372],[87.7133,36.3814],[87.7335,36.3848],[87.7661,36.3758],[87.791,36.3775],[87.8,36.381],[87.8032,36.3914],[87.815,36.385],[87.8268,36.3924],[87.8278,36.3856],[87.8435,36.3862],[87.8531,36.3921],[87.868,36.3932],[87.8763,36.3894],[87.9195,36.3958],[87.9294,36.4038],[87.9445,36.4002],[87.9556,36.4088],[87.9647,36.4301],[87.9807,36.4386],[87.9881,36.4343],[88.003,36.4318],[88.0375,36.4342],[88.0895,36.4363],[88.1299,36.4272],[88.1582,36.436],[88.1761,36.4526],[88.185,36.4553],[88.2042,36.448],[88.2203,36.4486],[88.2288,36.4632],[88.2422,36.4703],[88.2615,36.472],[88.283,36.47],[88.3228,36.4589],[88.3355,36.4627],[88.3394,36.46],[88.3642,36.458],[88.366,36.4621],[88.3609,36.474],[88.3637,36.4785],[88.3764,36.4841],[88.3869,36.4826],[88.4106,36.4738],[88.4381,36.4808],[88.469,36.4828],[88.4755,36.4748],[88.4758,36.4655],[88.497,36.4466],[88.5108,36.4459],[88.5472,36.4535],[88.5714,36.4614],[88.5837,36.4572],[88.6018,36.4421],[88.6093,36.4377],[88.6157,36.429],[88.6178,36.4159],[88.6175,36.4025],[88.6218,36.3903],[88.6646,36.3737],[88.6716,36.3746],[88.6849,36.3709],[88.7078,36.3551],[88.7147,36.3463],[88.7171,36.3368],[88.7283,36.3305],[88.7228,36.3198],[88.7313,36.3146],[88.747,36.3089],[88.751,36.3007],[88.765,36.2924],[88.7814,36.2927],[88.7921,36.3051],[88.7892,36.3171],[88.7997,36.3378],[88.8249,36.3454],[88.8369,36.3544],[88.8507,36.3546],[88.8704,36.3495],[88.9025,36.362],[88.9234,36.3647],[88.9308,36.3603],[88.9465,36.329],[88.962,36.3197],[88.9838,36.3147],[88.9941,36.3138],[89.0117,36.3162],[89.0266,36.3091],[89.0307,36.3113],[89.0685,36.2878],[89.0979,36.2835],[89.0988,36.2758],[89.1065,36.2638],[89.1258,36.2541],[89.1547,36.2581],[89.1606,36.2644],[89.1794,36.2621],[89.1875,36.2577],[89.1974,36.2611],[89.2315,36.2975],[89.2508,36.2783],[89.2678,36.2641],[89.2695,36.2563],[89.2882,36.2337],[89.297,36.2286],[89.3051,36.2297],[89.3208,36.2369],[89.3341,36.2371],[89.346,36.2314],[89.3735,36.2283],[89.3871,36.2176],[89.4113,36.205],[89.485,36.1538],[89.5113,36.1432],[89.5677,36.1335],[89.5922,36.1271],[89.6021,36.1164],[89.6131,36.1099],[89.6285,36.108],[89.6339,36.1095],[89.6486,36.098],[89.6549,36.0977],[89.6626,36.1031],[89.6663,36.0969],[89.6797,36.0912],[89.6905,36.0986],[89.7033,36.0972],[89.7123,36.0914],[89.7253,36.089],[89.7287,36.084],[89.752,36.0797],[89.7578,36.0746],[89.7744,36.0756],[89.7909,36.0715],[89.8066,36.0759],[89.8102,36.0801],[89.8219,36.0781],[89.8306,36.0796],[89.8462,36.0766],[89.8503,36.0806],[89.8682,36.0819],[89.8855,36.0777],[89.8979,36.0785],[89.9064,36.0754],[89.9113,36.0801],[89.9258,36.0768],[89.9405,36.0681],[89.9448,36.0782],[89.9412,36.0899],[89.9469,36.0995],[89.9354,36.1307],[89.9425,36.141],[89.9815,36.1571],[89.9965,36.1696],[90.0071,36.1847],[90.0068,36.1979],[90.0179,36.2141],[90.0199,36.2387],[90.0245,36.2478],[90.0256,36.2602],[90.0168,36.2658],[90.0067,36.2673],[90.0016,36.279],[90.0186,36.2756],[90.0414,36.2769],[90.0456,36.2657],[90.0563,36.2558],[90.0799,36.2558],[90.0843,36.2512],[90.105,36.25],[90.1264,36.247],[90.1437,36.2392],[90.1315,36.2275],[90.1255,36.2153],[90.1281,36.2081],[90.1411,36.2035],[90.1498,36.1965],[90.1738,36.1901],[90.1963,36.1879],[90.2083,36.1788],[90.2213,36.1716],[90.235,36.161],[90.2517,36.1579],[90.27,36.1619],[90.2864,36.1578],[90.3083,36.1605],[90.3275,36.1582],[90.3337,36.1502],[90.3435,36.1436],[90.3594,36.1445],[90.37,36.1481],[90.3938,36.1398],[90.4048,36.1393],[90.4221,36.1343],[90.4435,36.1338],[90.4627,36.1317],[90.478,36.1327],[90.4892,36.1416],[90.4991,36.1445],[90.5256,36.1491],[90.5495,36.1457],[90.5593,36.1411],[90.5675,36.133],[90.5767,36.1311],[90.5858,36.1348],[90.6143,36.1271],[90.6226,36.1314],[90.6508,36.1353],[90.6616,36.1345],[90.6878,36.1256],[90.7127,36.1156],[90.7254,36.1043],[90.7365,36.1018],[90.7409,36.0964],[90.7538,36.0949],[90.7748,36.0868],[90.7859,36.0656],[90.7944,36.0544],[90.8049,36.0446],[90.8188,36.0408],[90.8167,36.0345],[90.8279,36.0305],[90.8373,36.0204],[90.8455,36.0175],[90.8607,36.0198],[90.8735,36.0271],[90.8816,36.0256],[90.9097,36.032],[90.9214,36.0296],[90.926,36.0319],[90.933,36.0438],[90.9394,36.0461],[90.9487,36.0598],[90.9613,36.0936],[90.9714,36.0999],[90.9778,36.1073],[90.9843,36.1053],[90.9935,36.1082],[91.0022,36.1011],[91.0101,36.104],[91.0316,36.1004],[91.0381,36.0942],[91.0555,36.0943],[91.0796,36.0887],[91.0908,36.0891],[91.1102,36.0953],[91.1205,36.1049],[91.1231,36.1158],[91.1173,36.125],[91.1143,36.1414],[91.1056,36.1544],[91.0887,36.1687],[91.0968,36.1768],[91.0877,36.1916],[91.0932,36.215],[91.0573,36.2322],[91.0406,36.2599],[91.0721,36.3002],[91.0502,36.3047],[91.022,36.3309],[91.0324,36.349],[91.0255,36.367],[91.033,36.4046],[91.0512,36.4305],[91.0236,36.4497],[91.0345,36.4828],[91.0278,36.537],[90.8981,36.5634],[90.8286,36.5615],[90.8091,36.5697],[90.8197,36.5783],[90.8109,36.5871],[90.7633,36.5836],[90.7302,36.5914],[90.7178,36.6113],[90.7337,36.6453],[90.7117,36.6624],[90.7046,36.6858],[90.7149,36.7082],[90.7539,36.7183],[90.7364,36.7397],[90.7185,36.7951],[90.729,36.8263],[90.7575,36.8263],[90.7885,36.8449],[90.7911,36.8607],[90.8106,36.8805],[90.8574,36.9191],[90.927,36.9209],[90.9636,36.9178],[90.9771,36.9136],[90.9862,36.9137],[91.0364,36.9298],[91.0457,36.9652],[91.0686,36.9693],[91.1127,36.9704],[91.1271,36.9799],[91.1317,37.0068],[91.1541,37.0157],[91.1762,37.021],[91.1805,37.0251],[91.1936,37.0227],[91.2136,37.009],[91.2335,37.0102],[91.2499,37.0146],[91.2762,37.0126],[91.3093,37.0142],[91.3128,37.0203],[91.3077,37.0322],[91.2903,37.0414],[91.2884,37.0485],[91.3013,37.0619],[91.2995,37.0902],[91.2849,37.1044],[91.2838,37.1206],[91.2796,37.1401],[91.2752,37.1489],[91.2785,37.1627],[91.2634,37.167],[91.2609,37.1747],[91.2322,37.1792],[91.2269,37.1886],[91.2171,37.1998],[91.1883,37.2063],[91.1934,37.2134],[91.1883,37.2258],[91.1907,37.2353],[91.1876,37.2517],[91.1913,37.2769],[91.1659,37.285],[91.1689,37.3001],[91.1564,37.3141],[91.1347,37.3203],[91.134,37.3454],[91.1221,37.363],[91.1265,37.3732],[91.1075,37.3864],[91.1075,37.4231],[91.0968,37.4486],[91.078,37.4662],[91.0691,37.4767],[90.9982,37.4942],[90.9843,37.4829],[90.9778,37.4856],[90.9581,37.4784],[90.9373,37.4804],[90.9408,37.4956],[90.9223,37.5077],[90.9099,37.5179],[90.859,37.5373],[90.8784,37.5772],[90.849,37.6048],[90.8147,37.612],[90.8111,37.6265],[90.7854,37.6432],[90.6769,37.6867],[90.6615,37.7041],[90.6114,37.7024],[90.5812,37.7099],[90.5664,37.725],[90.5165,37.7288],[90.5165,37.9576],[90.5131,38.2069],[90.529,38.3196],[90.4333,38.3138],[90.4003,38.3112],[90.3595,38.3001],[90.3495,38.2353],[90.2792,38.238],[90.2096,38.285],[90.1465,38.3297],[90.1351,38.3408],[90.1467,38.3486],[90.1401,38.3519],[90.1415,38.3619],[90.1575,38.36],[90.1671,38.372],[90.1771,38.3968],[90.1715,38.3991],[90.1363,38.4037],[90.1248,38.4012],[90.1124,38.4139],[90.1078,38.4281],[90.11,38.4387],[90.1087,38.4688],[90.1111,38.4822],[90.1251,38.4913],[90.1338,38.4943],[90.1399,38.4917],[90.1843,38.4942],[90.2034,38.4905],[90.2224,38.4947],[90.2334,38.4947],[90.2463,38.4913],[90.2591,38.4926],[90.2677,38.4985],[90.2955,38.5017],[90.3134,38.5012],[90.3103,38.4907],[90.3243,38.4933],[90.3563,38.4808],[90.3717,38.4857],[90.3852,38.4849],[90.399,38.4902],[90.4237,38.4918],[90.43,38.5026],[90.4388,38.5103],[90.4474,38.5122],[90.4641,38.5213],[90.4579,38.5302],[90.4598,38.5416],[90.4552,38.5468],[90.462,38.5562],[90.4735,38.5573],[90.4986,38.5547],[90.5121,38.5607],[90.5237,38.5603],[90.5331,38.5659],[90.5298,38.5782],[90.5402,38.582],[90.5596,38.5928],[90.5732,38.5905],[90.5997,38.5928],[90.6096,38.5952],[90.6039,38.6056],[90.6055,38.6107],[90.6241,38.6276],[90.6441,38.6342],[90.6415,38.6411],[90.6181,38.6638],[90.6224,38.6677],[90.6387,38.6695],[90.6488,38.6733],[90.6598,38.6738],[90.6736,38.6684],[90.692,38.668],[90.7047,38.6659],[90.7235,38.6576],[90.7475,38.6603],[90.7611,38.6598],[90.7767,38.6643],[90.8012,38.6667],[90.8091,38.657],[90.8317,38.6683],[90.8702,38.6752],[90.8819,38.6783],[90.9043,38.6801],[90.9199,38.6868],[90.9401,38.6893],[90.9672,38.697],[90.9911,38.6941],[91.0231,38.6977],[91.0323,38.7022],[91.089,38.7093],[91.1123,38.7069],[91.1265,38.7175],[91.1907,38.7316],[91.2184,38.7446],[91.2263,38.7419],[91.2314,38.7475],[91.2485,38.7521],[91.269,38.7449],[91.2757,38.7488],[91.2849,38.7447],[91.299,38.7466],[91.3068,38.7505],[91.315,38.7599],[91.3431,38.7691],[91.3547,38.7687],[91.3597,38.7743],[91.3817,38.7873],[91.3944,38.7931],[91.4123,38.7931],[91.4167,38.8013],[91.4321,38.8063],[91.4454,38.8129],[91.4636,38.8149],[91.5006,38.8149],[91.5361,38.8264],[91.5517,38.8257],[91.5664,38.8306],[91.5772,38.8315],[91.5834,38.8351],[91.6114,38.8383],[91.629,38.8445],[91.6359,38.8525],[91.6423,38.8549],[91.6701,38.8537],[91.6923,38.8656],[91.7053,38.8681],[91.727,38.8649],[91.751,38.8689],[91.7783,38.8613],[91.7845,38.8616],[91.8098,38.8736],[91.8247,38.8758],[91.8308,38.8739],[91.8594,38.8776],[91.8779,38.8824],[91.8786,38.8988],[91.8945,38.9016],[91.9202,38.9089],[91.9221,38.9127],[91.9503,38.9228],[91.9571,38.9234],[91.9652,38.9311],[91.9822,38.933],[91.9876,38.9373],[92.0006,38.9375],[92.015,38.9417],[92.0198,38.9399],[92.0314,38.9476],[92.0396,38.9498],[92.0503,38.9481],[92.0609,38.9532],[92.0916,38.9541],[92.1081,38.9632],[92.1187,38.961],[92.1263,38.9626],[92.1403,38.9614],[92.1488,38.9579],[92.1543,38.962],[92.1731,38.9608],[92.1806,38.9713],[92.1915,38.9813],[92.2036,38.9836],[92.2261,38.9925],[92.2325,38.9906],[92.2566,39.0016],[92.3271,39.0026],[92.3335,39.0002],[92.3812,38.9994],[92.4003,39.0114],[92.4169,39.0151],[92.4104,39.023],[92.4061,39.0395],[92.3863,39.0589],[92.3712,39.0567],[92.3526,39.0683],[92.3504,39.0841],[92.3633,39.0947],[92.3582,39.1091],[92.3592,39.1149],[92.3528,39.12],[92.3483,39.1395],[92.3428,39.144],[92.3435,39.1602],[92.3411,39.1652],[92.3415,39.1926],[92.3462,39.2011],[92.3387,39.2374],[92.3583,39.2493],[92.3833,39.262],[92.4317,39.3012],[92.5193,39.3645],[92.5502,39.4012],[92.5924,39.4565],[92.6394,39.515],[92.6885,39.6676],[92.7019,39.7143],[92.7442,39.8661],[92.772,40.0145],[92.7953,40.1525],[92.9057,40.3104],[92.9193,40.3906],[92.9273,40.572],[93.5,40.6467],[93.505,40.6475],[93.7594,40.6648],[93.8195,40.7928],[93.8083,40.8786],[93.7887,40.8822],[93.7634,40.8779],[93.7582,40.8744],[93.7453,40.8748],[93.7392,40.872],[93.7142,40.8744],[93.6925,40.875],[93.6725,40.8872],[93.6578,40.8985],[93.6311,40.9135],[93.594,40.9364],[93.5759,40.9457],[93.5684,40.9525],[93.5524,40.9576],[93.527,40.9609],[93.5209,40.9593],[93.5014,40.9652],[93.4714,40.9727],[93.453,40.9705],[93.4239,40.9727],[93.4184,40.9851],[93.3969,40.9893],[93.3938,40.9866],[93.3797,40.9896],[93.363,40.9874],[93.3543,40.9924],[93.3397,40.9935],[93.3134,40.9875],[93.2661,40.9845],[93.2179,40.9895],[93.1962,40.991],[93.1745,40.9995],[93.1375,41.0188],[93.1027,41.0397],[93.0645,41.0465],[93.0472,41.0595],[93.0234,41.0663],[92.993,41.0795],[92.938,41.0889],[92.8623,41.1128],[92.7971,41.1173],[92.745,41.1257],[92.7089,41.1194],[92.646,41.1125],[92.5343,41.12],[92.5121,41.1406],[92.494,41.1452],[92.481,41.1463],[92.4439,41.1533],[92.3996,41.1592],[92.3643,41.1672],[92.3269,41.1783],[92.2398,41.199],[92.2132,41.2086],[92.2,41.2157],[92.1784,41.222],[92.1585,41.2316],[92.1241,41.2453],[92.0741,41.2625],[92.0491,41.2673],[92.0334,41.2721],[91.9884,41.2659],[91.9217,41.2695],[91.9094,41.271],[91.8828,41.2765],[91.8463,41.2803],[91.7871,41.2749],[91.7436,41.2623],[91.7115,41.2549],[91.6744,41.2396],[91.6448,41.2299],[91.6167,41.2222],[91.5913,41.2166],[91.5717,41.2153],[91.5483,41.2119],[91.4976,41.2067],[91.4458,41.1975],[91.4254,41.1984],[91.3944,41.2046],[91.3425,41.2064],[91.3119,41.2159],[91.2401,41.2199],[91.2021,41.2242],[91.185,41.2276],[91.1637,41.2365],[91.1417,41.242],[91.0919,41.2512],[91.0531,41.2506],[90.9988,41.2436],[90.9674,41.2454],[90.9262,41.2377],[90.9115,41.2307],[90.8919,41.226],[90.8671,41.2319],[90.854,41.2277],[90.8017,41.2266],[90.7779,41.225],[90.7481,41.229],[90.739,41.2317],[90.7156,41.2347],[90.6984,41.239],[90.6547,41.2368],[90.6278,41.2391],[90.5951,41.2439],[90.5386,41.2493],[90.5079,41.2471],[90.4813,41.2402],[90.4667,41.2378],[90.4419,41.2379],[90.4249,41.2411],[90.4092,41.2388],[90.3986,41.2333],[90.3795,41.2363],[90.3473,41.2375],[90.3353,41.2365],[90.314,41.2415],[90.2685,41.2445],[90.2342,41.2433],[90.2209,41.247],[90.1901,41.2454],[90.1753,41.2476],[90.1069,41.2521],[90.0533,41.2908],[90.0342,41.303],[90.014,41.3182],[89.9798,41.3459],[89.9599,41.3571],[89.9276,41.3639],[89.9113,41.3685],[89.8592,41.3754],[89.8329,41.3767],[89.8051,41.3658],[89.7848,41.3493],[89.7729,41.3507],[89.754,41.3434],[89.741,41.3438],[89.7202,41.3489],[89.7085,41.3593],[89.6953,41.3659],[89.676,41.3661],[89.6665,41.3547],[89.6564,41.359],[89.6333,41.3608],[89.6266,41.3564],[89.6143,41.354],[89.5867,41.3607],[89.5557,41.3667],[89.5153,41.3591],[89.5012,41.3599],[89.4826,41.3572],[89.4725,41.3598],[89.4579,41.3585],[89.4536,41.3736],[89.4403,41.3775],[89.417,41.3788],[89.4064,41.3811],[89.4031,41.3901],[89.3961,41.3949],[89.3759,41.3996],[89.3599,41.3966],[89.3482,41.3993],[89.3435,41.4036],[89.3343,41.4018],[89.3333,41.3883],[89.2988,41.3927],[89.2803,41.3917],[89.2674,41.3876],[89.2638,41.3826],[89.2531,41.3786],[89.2391,41.3803],[89.2313,41.378],[89.2269,41.3706],[89.2108,41.3694],[89.2013,41.3599],[89.1928,41.3589],[89.1754,41.3619],[89.1508,41.3784],[89.125,41.3778],[89.1271,41.3863],[89.1189,41.3886],[89.0791,41.4084],[89.052,41.4119],[89.0151,41.4256],[88.9955,41.4255],[88.9875,41.4182],[88.9608,41.4173],[88.948,41.4191],[88.8922,41.4221],[88.8573,41.4207],[88.8317,41.4403],[88.8047,41.4415],[88.7782,41.4511],[88.7789,41.459],[88.7717,41.4658],[88.7443,41.4704],[88.7327,41.4737],[88.7151,41.4717],[88.6834,41.4716],[88.6485,41.4735],[88.6253,41.4718],[88.6101,41.474],[88.6021,41.4776],[88.5776,41.475],[88.5716,41.4723],[88.5608,41.4766],[88.5443,41.4694],[88.5244,41.47],[88.5095,41.4679],[88.4852,41.4685],[88.4794,41.4602],[88.4612,41.457],[88.4533,41.4634],[88.4425,41.4665],[88.4046,41.4585],[88.3938,41.4635],[88.3824,41.4633],[88.3784,41.4727],[88.3724,41.4772],[88.3386,41.4897],[88.3164,41.4914],[88.3183,41.501],[88.3061,41.5072],[88.3052,41.5125],[88.3314,41.5226],[88.3474,41.5373],[88.3448,41.5455],[88.3439,41.5629],[88.3387,41.5742],[88.3416,41.5901],[88.3523,41.606],[88.3439,41.6169],[88.3364,41.6313],[88.3344,41.6397],[88.3451,41.6687],[88.3434,41.6822],[88.3447,41.7124],[88.3439,41.7459],[88.3391,41.7666],[88.3119,41.7975],[88.2976,41.8155],[88.2853,41.8251],[88.2495,41.8412],[88.2275,41.855],[88.2126,41.8698],[88.1946,41.8999],[88.1886,41.9223],[88.1765,41.9285],[88.1659,41.9435],[88.1619,41.9554],[88.1585,41.9747],[88.1496,41.9775],[88.1357,42.0027],[88.0296,42.0519],[87.9947,42.0685],[87.9883,42.0875],[87.9682,42.1082],[87.9508,42.129],[87.9209,42.1768],[87.9168,42.1851],[87.905,42.2234],[87.9056,42.2324],[87.8977,42.2386],[87.8955,42.2476],[87.9151,42.2595],[87.9199,42.2701],[87.9375,42.2817],[87.9629,42.2937],[87.999,42.3269],[88.063,42.346],[88.0885,42.3543],[88.1192,42.3698],[88.1281,42.3807],[88.1268,42.3902],[88.1331,42.3905],[88.1445,42.4127],[88.1371,42.4211],[88.1592,42.4353],[88.1737,42.4381],[88.18,42.4462],[88.1737,42.465],[88.1879,42.4679],[88.197,42.4885],[88.1995,42.5003],[88.1871,42.5097],[88.1838,42.5163],[88.1712,42.5171],[88.1721,42.5236],[88.1674,42.5393],[88.1631,42.5464],[88.1443,42.5615],[88.1258,42.5708],[88.0824,42.5809],[88.0589,42.5915],[88.0453,42.6],[88.0284,42.6026],[88.0201,42.6089],[88.0151,42.6175],[87.9937,42.6269],[87.9844,42.6376],[87.9782,42.6391],[87.9562,42.6348],[87.9451,42.6346],[87.944,42.6469],[87.9377,42.6539],[87.9105,42.6582],[87.9037,42.6724],[87.9073,42.6924],[87.9002,42.705],[87.8795,42.7185],[87.8764,42.7258],[87.8643,42.7311],[87.862,42.7379],[87.842,42.753],[87.8382,42.7669],[87.8152,42.7625],[87.7927,42.7675],[87.7743,42.7615],[87.7507,42.7595],[87.7264,42.7657],[87.7126,42.7627],[87.7058,42.7659],[87.6883,42.7594],[87.6757,42.7609],[87.6547,42.7671],[87.6406,42.7688],[87.6262,42.767],[87.597,42.7709],[87.5867,42.7776],[87.5673,42.7739],[87.5533,42.7773],[87.5412,42.7765],[87.5254,42.7809],[87.5064,42.7905],[87.521,42.8047],[87.5265,42.8172],[87.5371,42.8295],[87.5403,42.8446],[87.5184,42.8548],[87.5194,42.8609],[87.4959,42.8676],[87.5106,42.8698],[87.523,42.8639],[87.5324,42.8848],[87.5285,42.9011],[87.5352,42.9068],[87.5358,42.9145],[87.5318,42.922],[87.5188,42.9305],[87.494,42.9385],[87.481,42.9379],[87.4644,42.9432],[87.4482,42.9449],[87.429,42.9568],[87.4128,42.9624],[87.3998,42.962],[87.3818,42.9714],[87.3745,42.9792],[87.3521,42.9864],[87.3421,42.9982],[87.3318,43.0004],[87.3091,43.0108],[87.2914,43.0134],[87.2791,43.0256],[87.2672,43.0308],[87.2393,43.0369],[87.206,43.0455],[87.1996,43.0438],[87.1922,43.0496],[87.1662,43.0515],[87.1264,43.0582],[87.1185,43.0619],[87.1081,43.0614],[87.108,43.045],[87.0841,43.0336],[87.0704,43.0301],[87.0639,43.0227],[87.0516,43.0214],[87.0346,43.0371],[87.027,43.036],[87.0206,43.0278],[86.9996,43.0351],[86.9898,43.0368],[86.9809,43.0482],[86.965,43.0423],[86.9515,43.0463],[86.9378,43.0456],[86.9239,43.0502],[86.9132,43.0637],[86.9097,43.0733],[86.9008,43.0703],[86.8934,43.0779],[86.8756,43.0852],[86.8622,43.0862],[86.8514,43.0822],[86.8468,43.0883],[86.8339,43.0906],[86.8263,43.0976],[86.8017,43.1044],[86.7957,43.1112]],[[86.2685,42.1353],[86.2817,42.1428],[86.2625,42.1545],[86.2271,42.1863],[86.1989,42.1969],[86.1796,42.2028],[86.1827,42.217],[86.2123,42.215],[86.2305,42.2046],[86.2384,42.2102],[86.2529,42.2102],[86.2601,42.2135],[86.2683,42.2112],[86.2673,42.2013],[86.2782,42.1886],[86.2937,42.1944],[86.3029,42.1885],[86.3046,42.1791],[86.3136,42.1721],[86.3175,42.1643],[86.328,42.1667],[86.3375,42.1619],[86.341,42.1505],[86.3518,42.1521],[86.3618,42.1445],[86.3724,42.1443],[86.3716,42.1333],[86.3783,42.1336],[86.384,42.1241],[86.4038,42.1219],[86.4152,42.1171],[86.4253,42.1021],[86.4198,42.0997],[86.413,42.0891],[86.4049,42.0833],[86.3654,42.0907],[86.2879,42.1145],[86.2784,42.1208],[86.2685,42.1353]],[[86.7214,41.9553],[86.6697,41.9617],[86.6549,41.9615],[86.6404,41.966],[86.6254,42.0217],[86.6468,42.0102],[86.6791,41.9981],[86.6774,41.9911],[86.6825,41.9874],[86.7407,41.9731],[86.7396,41.9603],[86.7214,41.9553]],[[86.1844,42.1184],[86.1766,42.1177],[86.1249,42.1669],[86.0775,42.1947],[86.0636,42.2039],[86.0676,42.2062],[86.1006,42.1986],[86.113,42.1927],[86.1346,42.1694],[86.1479,42.1683],[86.1463,42.159],[86.1591,42.1452],[86.1709,42.1372],[86.1957,42.1278],[86.1987,42.124],[86.1844,42.1184]],[[86.2226,41.4965],[86.2396,41.4742],[86.2422,41.4603],[86.242,41.4466],[86.2272,41.4522],[86.2297,41.467],[86.2226,41.4965]],[[86.2592,41.3966],[86.225,41.3994],[86.2243,41.4087],[86.2337,41.4094],[86.2285,41.4181],[86.2292,41.4239],[86.2512,41.4207],[86.2592,41.3966]],[[86.4269,41.0933],[86.4486,41.0893],[86.4493,41.0962],[86.4654,41.0966],[86.4836,41.1005],[86.4908,41.1062],[86.5018,41.0984],[86.4906,41.0887],[86.4784,41.0847],[86.4798,41.0741],[86.4668,41.0629],[86.4524,41.059],[86.4489,41.0657],[86.4634,41.075],[86.4359,41.0755],[86.4271,41.0841],[86.4269,41.0933]],[[86.5897,41.0647],[86.5831,41.0718],[86.584,41.0941],[86.7148,41.0931],[86.7154,41.0744],[86.8226,41.0758],[86.8231,40.9851],[86.859,40.9854],[86.8586,40.9761],[87.0138,40.9767],[87.0143,40.9229],[87.1181,40.9223],[87.1207,40.9148],[87.2014,40.9135],[87.2024,40.8788],[87.251,40.8765],[87.2503,40.8499],[87.3102,40.8493],[87.3078,40.7608],[87.3466,40.7589],[87.3456,40.7197],[87.3971,40.7199],[87.4482,40.6796],[87.5083,40.6801],[87.511,40.7597],[87.603,40.7595],[87.6061,40.7774],[87.7424,40.7774],[87.7431,40.7509],[88.0159,40.7455],[88.0136,40.5598],[87.7212,40.5597],[87.72,40.5894],[87.5917,40.5878],[87.5901,40.5438],[87.566,40.5424],[87.5658,40.5165],[87.5195,40.5184],[87.5207,40.5364],[87.4608,40.5352],[87.4599,40.509],[87.4134,40.5099],[87.4169,40.5983],[87.4055,40.5901],[87.3831,40.59],[87.3777,40.5873],[87.3631,40.5877],[87.3552,40.5907],[87.3524,40.5969],[87.3403,40.6006],[87.3351,40.6165],[87.3376,40.6323],[87.331,40.6324],[87.3065,40.6466],[87.3058,40.6523],[87.2964,40.6542],[87.2774,40.6651],[87.2708,40.6662],[87.2665,40.6786],[87.2604,40.6836],[87.2412,40.6853],[87.2332,40.6964],[87.214,40.6966],[87.2079,40.705],[87.1939,40.7056],[87.1897,40.7101],[87.1651,40.7129],[87.1643,40.7179],[87.1433,40.7165],[87.1374,40.7197],[87.1253,40.7325],[87.1148,40.7306],[87.1147,40.7401],[87.1056,40.7491],[87.0831,40.751],[87.0734,40.7453],[87.0607,40.7586],[87.0473,40.7566],[87.0392,40.7589],[87.0343,40.7727],[87.0055,40.7909],[86.9984,40.79],[86.9936,40.7992],[86.9759,40.8093],[86.968,40.8083],[86.9398,40.8129],[86.9279,40.8207],[86.9249,40.8275],[86.9175,40.8314],[86.9117,40.8395],[86.8985,40.8479],[86.8922,40.857],[86.8819,40.8663],[86.8666,40.8704],[86.86,40.875],[86.848,40.8736],[86.8419,40.8775],[86.8299,40.8759],[86.8168,40.8781],[86.8139,40.8866],[86.8031,40.895],[86.7847,40.9015],[86.7754,40.9008],[86.7739,40.9097],[86.7643,40.9104],[86.7464,40.9183],[86.7403,40.9297],[86.7185,40.9403],[86.7176,40.9492],[86.7043,40.9616],[86.7046,40.9732],[86.6842,40.9889],[86.6726,40.9932],[86.6767,41.0016],[86.6736,41.0145],[86.6645,41.0189],[86.6511,41.0299],[86.6393,41.0455],[86.6203,41.0612],[86.6099,41.061],[86.5981,41.0652],[86.5897,41.0647]],[[86.7549,42.292],[86.7695,42.298],[86.7955,42.3031],[86.8131,42.3039],[86.8361,42.3021],[86.8346,42.2946],[86.8044,42.2979],[86.8033,42.2897],[86.7708,42.2932],[86.7549,42.292]],[[87.0574,42.2107],[87.0809,42.2039],[87.1,42.1912],[87.1278,42.1755],[87.1214,42.1711],[87.1022,42.1778],[87.0818,42.1297],[87.0033,42.158],[87.0346,42.2173],[87.0574,42.2107]],[[86.4659,42.2938],[86.4666,42.3032],[86.4769,42.3162],[86.4686,42.3182],[86.4814,42.3431],[86.5482,42.3322],[86.6404,42.3158],[86.6139,42.301],[86.6248,42.2931],[86.6327,42.2919],[86.6821,42.2944],[86.7012,42.2924],[86.702,42.2954],[86.7421,42.289],[86.7383,42.2845],[86.7603,42.2816],[86.8033,42.2633],[86.8074,42.2628],[86.8004,42.2094],[86.7747,42.1822],[86.7529,42.201],[86.7535,42.2162],[86.7293,42.2163],[86.7067,42.2201],[86.7004,42.2187],[86.6878,42.2228],[86.6861,42.2309],[86.675,42.2332],[86.6732,42.2268],[86.659,42.2266],[86.6463,42.209],[86.6242,42.2114],[86.6069,42.1812],[86.6028,42.167],[86.5986,42.1613],[86.5774,42.1588],[86.5789,42.1514],[86.558,42.149],[86.5536,42.1463],[86.5555,42.1366],[86.519,42.1324],[86.5172,42.1419],[86.5071,42.1407],[86.5048,42.15],[86.4943,42.1489],[86.4985,42.1397],[86.4476,42.1339],[86.4352,42.1495],[86.4206,42.1343],[86.407,42.1356],[86.383,42.1488],[86.3751,42.1503],[86.375,42.2059],[86.3935,42.2029],[86.4093,42.2151],[86.4072,42.2232],[86.4193,42.2246],[86.4067,42.2433],[86.4227,42.2459],[86.4264,42.2516],[86.44,42.255],[86.4483,42.2543],[86.4553,42.2464],[86.4645,42.2311],[86.4852,42.1901],[86.4965,42.1963],[86.5077,42.1934],[86.5139,42.1982],[86.5276,42.197],[86.5303,42.2022],[86.5449,42.2103],[86.5585,42.2131],[86.5672,42.2205],[86.5874,42.226],[86.6005,42.2317],[86.6197,42.2243],[86.6323,42.2285],[86.6328,42.2356],[86.6125,42.2363],[86.574,42.2394],[86.5558,42.2463],[86.499,42.2503],[86.4984,42.2892],[86.4659,42.2938]],[[86.2129,42.4315],[86.1908,42.4211],[86.1834,42.4319],[86.174,42.4321],[86.1707,42.4375],[86.1781,42.4465],[86.2025,42.4427],[86.2129,42.4315]],[[86.6031,41.9189],[86.5939,41.9084],[86.5956,41.8959],[86.5943,41.8828],[86.5811,41.8834],[86.5669,41.8739],[86.5661,41.867],[86.5517,41.8684],[86.5426,41.8734],[86.5481,41.8832],[86.5483,41.8901],[86.556,41.9019],[86.5632,41.9076],[86.5694,41.9241],[86.5823,41.9265],[86.5946,41.9199],[86.6031,41.9189]],[[86.4797,42.0059],[86.4703,42.0153],[86.4732,42.023],[86.4754,42.0447],[86.4627,42.0834],[86.4554,42.085],[86.4373,42.0947],[86.4471,42.1009],[86.4607,42.0916],[86.4918,42.0805],[86.4925,42.064],[86.4978,42.0519],[86.5009,42.0379],[86.52,42.017],[86.523,42.0013],[86.5275,41.9954],[86.5306,41.9829],[86.5378,41.9776],[86.5347,41.9699],[86.5381,41.9505],[86.5361,41.9462],[86.5395,41.9296],[86.5376,41.922],[86.5278,41.9246],[86.5129,41.9205],[86.5038,41.9229],[86.5037,41.9439],[86.5125,41.9435],[86.5224,41.9575],[86.5164,41.9615],[86.5087,41.9968],[86.4985,42.0045],[86.4797,42.0059]],[[85.5092,38.0803],[85.5169,38.0864],[85.5211,38.0819],[85.5304,38.0859],[85.5551,38.0905],[85.5597,38.0849],[85.5492,38.0767],[85.5588,38.0635],[85.5313,38.0783],[85.5225,38.074],[85.5092,38.0803]],[[85.3546,38.1573],[85.336,38.1613],[85.3362,38.1395],[85.3865,38.1396],[85.3959,38.1384],[85.388,38.0919],[85.2677,38.0917],[85.2677,38.1193],[85.3198,38.1193],[85.3197,38.1436],[85.2318,38.1433],[85.232,38.1937],[85.3178,38.1938],[85.318,38.203],[85.3368,38.2025],[85.337,38.2058],[85.3635,38.2055],[85.3637,38.2214],[85.3797,38.2184],[85.4133,38.2091],[85.4099,38.2028],[85.4054,38.1829],[85.3978,38.1786],[85.3943,38.1698],[85.366,38.1711],[85.3549,38.1685],[85.3546,38.1573]],[[84.2085,37.7502],[84.2003,37.7623],[84.1855,37.7562],[84.1807,37.7632],[84.1724,37.7585],[84.1469,37.752],[84.134,37.7525],[84.1227,37.7457],[84.1128,37.7527],[84.0914,37.7833],[84.1103,37.7915],[84.3707,37.9021],[84.4134,37.838],[84.2085,37.7502]],[[90.0133,38.4547],[90.0237,38.4389],[90.0378,38.4268],[90.0052,38.4225],[89.9969,38.4291],[89.9954,38.4438],[90.0133,38.4547]],[[88.8293,39.3335],[89.0015,39.3321],[89.0026,39.3345],[89.0622,39.3341],[89.0605,39.2374],[88.945,39.2382],[88.9353,39.2341],[88.9331,39.2229],[88.9329,39.2043],[89.0605,39.2022],[88.9484,39.085],[88.8466,38.9795],[88.7998,38.9809],[88.7998,39.0516],[88.8251,39.053],[88.8298,39.2043],[88.8293,39.3335]],[[85.9255,41.7561],[85.9272,41.7632],[85.9014,41.7593],[85.8915,41.7606],[85.8923,41.7687],[85.8889,41.7779],[85.8742,41.7771],[85.8745,41.7976],[85.8883,41.7977],[85.894,41.822],[85.9199,41.8215],[85.9315,41.8199],[85.9482,41.8106],[85.9726,41.8096],[86.0389,41.7987],[86.0485,41.8014],[86.0848,41.8009],[86.0967,41.7969],[86.0876,41.7697],[86.0509,41.7712],[86.0503,41.784],[86.0229,41.7844],[86.0195,41.7644],[85.9967,41.7621],[85.9901,41.7691],[85.9792,41.7701],[85.9778,41.7789],[85.9644,41.7819],[85.9513,41.7811],[85.9442,41.775],[85.9465,41.7581],[85.9303,41.7548],[85.9255,41.7561]],[[85.8363,41.8373],[85.8442,41.8371],[85.8424,41.8184],[85.8351,41.8189],[85.8363,41.8373]],[[85.6329,41.8795],[85.7349,41.853],[85.7437,41.852],[85.7561,41.8408],[85.7553,41.8375],[85.7985,41.8218],[85.7975,41.8117],[85.7909,41.8034],[85.7756,41.8037],[85.7755,41.7973],[85.7665,41.7971],[85.7638,41.7789],[85.7423,41.758],[85.7404,41.7515],[85.7512,41.7475],[85.7636,41.7319],[85.7699,41.7275],[85.772,41.7031],[85.7747,41.6883],[85.7846,41.6815],[85.7802,41.6751],[85.7828,41.6651],[85.7803,41.6553],[85.7599,41.6547],[85.7301,41.6583],[85.7267,41.681],[85.703,41.6806],[85.7016,41.7438],[85.6896,41.7435],[85.6837,41.6748],[85.6809,41.6747],[85.6868,41.7435],[85.6153,41.7427],[85.6047,41.6986],[85.6021,41.7],[85.6128,41.7428],[85.5346,41.7421],[85.5209,41.7411],[85.4926,41.7431],[85.4834,41.7554],[85.4265,41.7543],[85.353,41.7499],[85.3687,41.8313],[85.4997,41.8675],[85.5174,41.9443],[85.5637,41.9366],[85.5576,41.9019],[85.5988,41.892],[85.6329,41.8795]],[[85.4333,41.9306],[85.4125,41.9369],[85.4171,41.946],[85.4245,41.9507],[85.4324,41.9485],[85.4517,41.9382],[85.4397,41.9274],[85.4333,41.9306]]]},"properties":{"region_code":"CN-65-6528","parent_region_code":"CN-65","name":"巴音郭楞蒙古自治州","level":"prefecture","has_children":true,"full_path":"中国 / 新疆维吾尔自治区 / 巴音郭楞蒙古自治州","source_admin_code":"6528","osm_relation_id":2747242}},
{"type":"Feature","geometry":{"type":"Polygon","coordinates":[[[82.6349,42.5971],[82.6234,42.5925],[82.6293,42.5823],[82.6187,42.5712],[82.618,42.5584],[82.6105,42.5534],[82.5973,42.5523],[82.5946,42.5442],[82.5785,42.5454],[82.5689,42.5505],[82.5532,42.5517],[82.5459,42.5416],[82.528,42.5456],[82.5232,42.5507],[82.5109,42.5447],[82.5048,42.5473],[82.474,42.5467],[82.4665,42.5487],[82.4553,42.5434],[82.4503,42.5466],[82.4407,42.5417],[82.4378,42.5341],[82.4208,42.5337],[82.4073,42.5497],[82.3981,42.5524],[82.3889,42.5456],[82.3748,42.5419],[82.3676,42.5442],[82.363,42.5368],[82.3698,42.5325],[82.3658,42.5259],[82.3632,42.5126],[82.3673,42.5063],[82.3578,42.5025],[82.3499,42.5051],[82.3411,42.5006],[82.3371,42.4903],[82.3251,42.4918],[82.3013,42.4824],[82.2872,42.4805],[82.2757,42.4884],[82.2645,42.4861],[82.2434,42.488],[82.2356,42.4948],[82.2273,42.4969],[82.226,42.4913],[82.2145,42.4911],[82.2125,42.4834],[82.1923,42.4795],[82.1933,42.4663],[82.1673,42.4762],[82.1576,42.4759],[82.1469,42.4863],[82.1346,42.4884],[82.133,42.477],[82.1367,42.4643],[82.1308,42.4573],[82.1364,42.4483],[82.1297,42.4446],[82.1301,42.4365],[82.1147,42.4311],[82.1068,42.4319],[82.087,42.4394],[82.0685,42.43],[82.0682,42.4192],[82.0579,42.4162],[82.0436,42.4175],[82.0312,42.4228],[82.0154,42.424],[81.9945,42.4231],[81.9855,42.426],[81.9753,42.4139],[81.9596,42.4089],[81.9488,42.3999],[81.9353,42.4002],[81.9223,42.4062],[81.9023,42.4017],[81.8653,42.4105],[81.8619,42.4014],[81.8676,42.3937],[81.8599,42.3907],[81.8636,42.3811],[81.8561,42.3755],[81.839,42.3795],[81.8341,42.3773],[81.8206,42.3818],[81.8128,42.3977],[81.8048,42.399],[81.7841,42.4105],[81.7763,42.3987],[81.7769,42.3945],[81.7676,42.389],[81.7693,42.3808],[81.7623,42.3753],[81.7527,42.3736],[81.7482,42.3655],[81.7237,42.3586],[81.716,42.37],[81.682,42.3719],[81.673,42.3746],[81.6701,42.3843],[81.6602,42.3923],[81.6522,42.3921],[81.6348,42.3844],[81.6304,42.3753],[81.6071,42.3707],[81.5842,42.3759],[81.5758,42.3731],[81.5713,42.3666],[81.5623,42.3673],[81.5525,42.3618],[81.5303,42.3604],[81.5232,42.3616],[81.5086,42.3544],[81.4913,42.3552],[81.4777,42.3587],[81.4695,42.37],[81.4604,42.369],[81.4586,42.3606],[81.4329,42.3568],[81.4202,42.3588],[81.4017,42.3517],[81.3832,42.3542],[81.3759,42.3372],[81.3587,42.3326],[81.3483,42.3335],[81.3335,42.3481],[81.3253,42.3506],[81.3177,42.3576],[81.3045,42.3408],[81.2811,42.336],[81.2688,42.3422],[81.2425,42.3427],[81.2373,42.3412],[81.1989,42.339],[81.1936,42.3434],[81.1815,42.333],[81.1791,42.3238],[81.1676,42.3249],[81.1495,42.3222],[81.1546,42.3093],[81.1499,42.3042],[81.1533,42.297],[81.15,42.289],[81.163,42.2864],[81.1645,42.2755],[81.1562,42.2716],[81.1529,42.2579],[81.1307,42.2616],[81.1273,42.2767],[81.117,42.2828],[81.0927,42.2905],[81.0782,42.2898],[81.0458,42.2837],[81.0348,42.3008],[81.0408,42.3099],[81.0256,42.3304],[81.0231,42.3419],[80.9944,42.3609],[80.9893,42.3685],[80.9944,42.3741],[80.9884,42.3786],[80.9733,42.3803],[80.9631,42.37],[80.9607,42.361],[80.9508,42.3591],[80.928,42.3607],[80.9078,42.3667],[80.8934,42.3684],[80.8878,42.3626],[80.8772,42.3597],[80.8644,42.3632],[80.8492,42.3601],[80.8396,42.3503],[80.8267,42.3577],[80.8101,42.3549],[80.8002,42.359],[80.7816,42.3565],[80.7742,42.3596],[80.7713,42.3674],[80.7592,42.3605],[80.7461,42.3623],[80.7402,42.3571],[80.7257,42.357],[80.7067,42.3624],[80.6904,42.3608],[80.6782,42.3572],[80.6592,42.3641],[80.6454,42.3642],[80.6279,42.3532],[80.6131,42.3604],[80.6064,42.3593],[80.5924,42.3651],[80.5786,42.3638],[80.571,42.3668],[80.5599,42.3631],[80.5228,42.3589],[80.5171,42.3508],[80.5011,42.346],[80.4944,42.3416],[80.4795,42.3386],[80.4715,42.3199],[80.4625,42.321],[80.4366,42.3198],[80.4317,42.3053],[80.4126,42.3044],[80.3954,42.3119],[80.3926,42.3181],[80.3682,42.3266],[80.3574,42.3232],[80.352,42.3176],[80.3291,42.3201],[80.32,42.3129],[80.3127,42.315],[80.289,42.3157],[80.2841,42.3183],[80.2717,42.3138],[80.2684,42.3076],[80.2602,42.3045],[80.2596,42.2924],[80.2685,42.2824],[80.2782,42.281],[80.2872,42.2666],[80.2873,42.2575],[80.2801,42.2484],[80.285,42.2444],[80.283,42.2349],[80.2668,42.2252],[80.2453,42.2179],[80.2285,42.2167],[80.2155,42.2272],[80.2051,42.2291],[80.1933,42.2265],[80.1867,42.2183],[80.1776,42.2176],[80.1682,42.2022],[80.1652,42.1886],[80.1638,42.1556],[80.14,42.1525],[80.1385,42.1458],[80.1503,42.1386],[80.154,42.1263],[80.1493,42.1177],[80.1601,42.1115],[80.1679,42.0983],[80.1878,42.0866],[80.186,42.0798],[80.1594,42.0473],[80.1669,42.0368],[80.1474,42.0344],[80.1406,42.03],[80.1308,42.0348],[80.1166,42.038],[80.0879,42.0414],[80.0729,42.0464],[80.0643,42.0442],[80.0467,42.0485],[80.0248,42.048],[80.0181,42.0426],[80.0013,42.0409],[79.9779,42.0458],[79.97,42.0409],[79.9527,42.0452],[79.9292,42.04],[79.9148,42.0422],[79.894,42.035],[79.8812,42.0345],[79.8785,42.0305],[79.8545,42.0219],[79.8459,42.0134],[79.8453,42.0016],[79.8534,41.9859],[79.8459,41.9793],[79.838,41.979],[79.8304,41.9686],[79.8175,41.9654],[79.8181,41.9501],[79.8024,41.9365],[79.8071,41.9307],[79.802,41.9195],[79.7895,41.9118],[79.7836,41.9016],[79.7691,41.8922],[79.7529,41.9019],[79.74,41.9025],[79.7311,41.9001],[79.7211,41.9018],[79.7059,41.8952],[79.6941,41.8976],[79.6654,41.894],[79.6319,41.8925],[79.6326,41.8859],[79.622,41.88],[79.6215,41.8703],[79.6153,41.8605],[79.5905,41.8506],[79.5738,41.8462],[79.5674,41.8421],[79.556,41.8441],[79.5461,41.8374],[79.5339,41.8392],[79.5218,41.8369],[79.5102,41.8399],[79.4972,41.8374],[79.4817,41.8376],[79.4875,41.8438],[79.4681,41.8524],[79.4353,41.8424],[79.4094,41.8408],[79.3915,41.8246],[79.3845,41.8154],[79.3677,41.8082],[79.3568,41.8004],[79.3522,41.7934],[79.3342,41.8062],[79.3231,41.811],[79.3116,41.8008],[79.3094,41.7956],[79.2934,41.7904],[79.2827,41.7767],[79.2715,41.7717],[79.2739,41.7663],[79.2483,41.7573],[79.2498,41.7459],[79.235,41.7435],[79.2288,41.7359],[79.2195,41.7316],[79.2167,41.7263],[79.1964,41.7233],[79.1816,41.7274],[79.1632,41.7288],[79.1589,41.7248],[79.1397,41.7211],[79.1246,41.7228],[79.1104,41.702],[79.0977,41.7008],[79.0827,41.6891],[79.0777,41.6908],[79.0591,41.6889],[79.0433,41.6802],[79.0285,41.6797],[79.0314,41.6717],[79.0211,41.664],[79.018,41.6567],[78.9907,41.6631],[78.9766,41.6551],[78.969,41.6553],[78.9504,41.645],[78.9409,41.645],[78.9292,41.6333],[78.9187,41.6306],[78.9216,41.6245],[78.9144,41.6216],[78.9051,41.6128],[78.8907,41.6102],[78.8852,41.6047],[78.8848,41.5961],[78.8754,41.5933],[78.8592,41.5974],[78.8518,41.5887],[78.8526,41.5802],[78.8409,41.5782],[78.8356,41.572],[78.8238,41.5713],[78.8163,41.561],[78.7953,41.56],[78.7878,41.5621],[78.7707,41.5587],[78.7484,41.5566],[78.7377,41.5518],[78.7307,41.5555],[78.7129,41.5534],[78.7018,41.5464],[78.7001,41.5405],[78.69,41.5304],[78.6943,41.5247],[78.7034,41.5225],[78.6928,41.5112],[78.6801,41.5099],[78.6657,41.5008],[78.6591,41.493],[78.6508,41.4741],[78.6445,41.4694],[78.6317,41.4716],[78.6201,41.4767],[78.6077,41.4697],[78.5852,41.4692],[78.5792,41.4804],[78.5674,41.4804],[78.5574,41.4767],[78.5529,41.4693],[78.5456,41.4658],[78.5335,41.4531],[78.5276,41.4395],[78.5128,41.4407],[78.5068,41.4326],[78.4803,41.427],[78.4493,41.4131],[78.4383,41.4173],[78.429,41.4128],[78.4239,41.416],[78.415,41.4083],[78.4091,41.3953],[78.4129,41.3873],[78.4224,41.3848],[78.4383,41.373],[78.4477,41.357],[78.4553,41.3491],[78.4699,41.3424],[78.5026,41.311],[78.5302,41.3038],[78.5347,41.2975],[78.5494,41.2916],[78.5561,41.2923],[78.5683,41.2853],[78.5757,41.2756],[78.5854,41.2752],[78.5901,41.2689],[78.6028,41.2612],[78.6311,41.2379],[78.6337,41.2325],[78.6526,41.2257],[78.668,41.2153],[78.6734,41.207],[78.7075,41.1883],[78.7127,41.1782],[78.7315,41.1638],[78.7317,41.155],[78.7392,41.1385],[78.7394,41.1306],[78.7486,41.1106],[78.763,41.0928],[78.7628,41.0871],[78.7713,41.0807],[78.7913,41.057],[78.8004,41.0236],[78.8127,41.0103],[78.8208,41.0047],[78.8236,40.9966],[78.8303,40.9942],[78.8457,40.9951],[78.8529,40.9988],[78.8647,40.9981],[78.8743,40.9858],[78.8721,40.971],[78.8783,40.9631],[78.8902,40.9559],[78.8748,40.9483],[78.8679,40.948],[78.8545,40.936],[78.8555,40.9225],[78.8475,40.9144],[78.862,40.9032],[78.8632,40.8929],[78.8504,40.8847],[78.8198,40.8737],[78.7928,40.8572],[78.7865,40.8481],[78.7683,40.8381],[78.7616,40.8371],[78.7591,40.8257],[78.7476,40.8187],[78.7254,40.8215],[78.7016,40.8172],[78.6796,40.8035],[78.6657,40.8042],[78.6507,40.8016],[78.6451,40.7948],[78.6308,40.7898],[78.6248,40.7845],[78.6087,40.7851],[78.6011,40.7812],[78.5864,40.7809],[78.5803,40.7699],[78.5615,40.7638],[78.5643,40.7507],[78.5581,40.7404],[78.5643,40.7369],[78.5716,40.7208],[78.5684,40.7134],[78.5761,40.6954],[78.6016,40.6952],[78.604,40.6899],[78.592,40.6801],[78.5927,40.6602],[78.5829,40.6308],[78.581,40.6209],[78.5749,40.6109],[78.5425,40.5718],[78.5327,40.5563],[78.5219,40.5491],[78.4887,40.5377],[78.4616,40.5218],[78.4498,40.5169],[78.4305,40.5123],[78.3708,40.489],[78.3469,40.4811],[78.3386,40.4766],[78.3312,40.4675],[78.317,40.4577],[78.3,40.4528],[78.2785,40.4493],[78.2644,40.4446],[78.2408,40.4284],[78.2168,40.4257],[78.2044,40.4217],[78.1816,40.4021],[78.1728,40.396],[78.165,40.3868],[78.1629,40.3795],[78.165,40.3567],[78.1572,40.3382],[78.1364,40.3113],[78.1237,40.2808],[78.1068,40.2741],[78.0891,40.2715],[78.0909,40.2507],[78.0899,40.2411],[78.0852,40.2313],[78.0688,40.2182],[78.0599,40.2076],[78.0613,40.1874],[78.0515,40.1756],[78.0504,40.1684],[78.0626,40.1573],[78.0601,40.1506],[78.0461,40.1343],[78.0287,40.1188],[78.0281,40.1045],[78.0371,40.0939],[78.048,40.0873],[78.0692,40.0864],[78.0773,40.082],[78.0876,40.0682],[78.1042,40.066],[78.1541,40.0714],[78.1676,40.0679],[78.2065,40.0696],[78.2383,40.0629],[78.2478,40.0625],[78.2885,40.0697],[78.3241,40.0592],[78.3424,40.0513],[78.3444,40.0479],[78.3354,40.0408],[78.3267,40.0382],[78.3286,40.0318],[78.3396,40.0237],[78.364,40.0107],[78.3749,40.007],[78.3786,40.0134],[78.4221,40.0235],[78.4691,40.0372],[78.4764,40.0438],[78.4757,40.0518],[78.4858,40.0526],[78.4963,40.0447],[78.5074,40.0457],[78.5454,40.0651],[78.5488,40.0694],[78.5495,40.087],[78.5574,40.0937],[78.5826,40.1023],[78.5908,40.1091],[78.6007,40.1245],[78.6188,40.1329],[78.6911,40.1584],[78.7231,40.1717],[78.7417,40.1758],[78.7557,40.1851],[78.7745,40.2098],[78.7867,40.2199],[78.8403,40.2339],[78.8587,40.2407],[78.8724,40.2476],[78.899,40.258],[78.923,40.2497],[78.9457,40.2379],[78.9759,40.2255],[79.0054,40.2187],[79.1455,40.2554],[79.1757,40.2512],[79.2052,40.2544],[79.2622,40.2507],[79.3227,40.2439],[79.4181,40.2271],[79.4971,40.2119],[79.5802,40.1768],[79.7286,40.1469],[79.7413,40.142],[79.7704,40.1394],[79.775,40.1412],[79.8064,40.1343],[79.8165,40.137],[79.8311,40.1306],[79.8385,40.131],[79.8462,40.093],[79.8582,40.0134],[79.8467,40.0094],[79.8363,40.0013],[79.8359,39.9829],[79.8452,39.9748],[79.861,39.9566],[79.8496,39.9487],[79.8495,39.9402],[79.8612,39.9364],[79.8563,39.9228],[79.8414,39.9269],[79.8425,39.9038],[79.833,39.9024],[79.8186,39.906],[79.8105,39.9024],[79.8128,39.8959],[79.8079,39.8889],[79.8118,39.883],[79.8108,39.8746],[79.7844,39.8001],[79.7824,39.7484],[79.7619,39.6227],[80.1576,39.4638],[80.8923,39.4807],[81.0805,39.4832],[81.5203,39.4842],[82.0047,39.4842],[82.1767,39.485],[82.5128,39.4844],[83.4109,39.4828],[83.952,39.9598],[83.9864,40.0047],[83.9994,40.0134],[84.0066,40.0371],[84.0276,40.3068],[84.0427,40.4992],[84.0639,40.7763],[84.0685,40.955],[84.0674,40.985],[84.0617,41.0086],[84.0636,41.0208],[84.0534,41.0323],[84.0606,41.0426],[84.0625,41.0551],[84.0574,41.0837],[84.0852,41.1129],[84.0834,41.1219],[84.0725,41.1257],[84.0538,41.1377],[84.0342,41.1621],[84.0244,41.196],[84.0203,41.2345],[84.0241,41.2977],[84.0281,41.33],[84.026,41.3469],[84.0193,41.3726],[84.0139,41.414],[84.0136,41.4423],[83.9927,41.471],[83.9774,41.5024],[83.9728,41.5063],[83.9531,41.5153],[83.946,41.5249],[83.9453,41.5327],[83.9502,41.5515],[83.9476,41.561],[83.9156,41.5684],[83.9088,41.5771],[83.8987,41.597],[83.9008,41.6441],[83.9056,41.6677],[83.9025,41.6728],[83.9092,41.699],[83.9107,41.7259],[83.9161,41.7476],[83.9269,41.7739],[83.9382,41.7872],[83.9534,41.7977],[83.9633,41.8101],[83.9729,41.8429],[83.9698,41.8617],[83.9646,41.8734],[83.9689,41.8866],[83.9758,41.8993],[83.9858,41.9316],[83.9856,41.9529],[83.9788,41.9642],[83.9786,41.9791],[83.971,42.0005],[83.9626,42.0065],[83.9521,42.0317],[83.9458,42.0528],[83.9366,42.074],[83.9371,42.0968],[83.9264,42.1369],[83.9199,42.1495],[83.9071,42.1547],[83.9102,42.1616],[83.8777,42.1859],[83.8779,42.1956],[83.8873,42.2099],[83.8881,42.22],[83.8824,42.2325],[83.8845,42.2487],[83.8768,42.261],[83.9061,42.2685],[83.9439,42.2674],[83.9563,42.2784],[83.9582,42.284],[83.9721,42.2937],[83.9746,42.3011],[83.9703,42.3071],[83.9734,42.3129],[83.9643,42.3272],[83.9614,42.359],[83.9553,42.3648],[83.9345,42.3737],[83.93,42.3774],[83.9277,42.3956],[83.9321,42.4192],[83.9355,42.4289],[83.9282,42.4418],[83.9327,42.453],[83.9341,42.4641],[83.9422,42.4771],[83.9416,42.4838],[83.9461,42.4937],[83.938,42.5071],[83.9359,42.5278],[83.9247,42.5281],[83.9145,42.5206],[83.8966,42.5286],[83.8865,42.523],[83.8723,42.5256],[83.8657,42.5236],[83.8451,42.5318],[83.8293,42.5301],[83.8237,42.5331],[83.8139,42.5264],[83.8063,42.5325],[83.7916,42.5318],[83.7852,42.5349],[83.7683,42.5295],[83.757,42.5361],[83.7414,42.5375],[83.7293,42.536],[83.7166,42.5389],[83.6995,42.5379],[83.6894,42.5332],[83.6945,42.5263],[83.6875,42.5117],[83.6807,42.5072],[83.6646,42.5056],[83.6631,42.5121],[83.6464,42.5155],[83.6351,42.5061],[83.6239,42.5027],[83.5951,42.5025],[83.5742,42.4907],[83.5585,42.4872],[83.528,42.4867],[83.516,42.4809],[83.5088,42.4726],[83.4981,42.4686],[83.4836,42.4729],[83.4703,42.4657],[83.4638,42.4741],[83.4489,42.4789],[83.4457,42.4868],[83.4281,42.4859],[83.4116,42.492],[83.401,42.4906],[83.3976,42.4947],[83.3799,42.4988],[83.3656,42.4968],[83.3516,42.5042],[83.3527,42.5183],[83.3483,42.5382],[83.3441,42.5479],[83.328,42.5563],[83.3296,42.5625],[83.3179,42.5624],[83.3079,42.5655],[83.2972,42.5573],[83.2829,42.5542],[83.265,42.5674],[83.2502,42.5686],[83.234,42.58],[83.2325,42.5844],[83.2143,42.5802],[83.2069,42.5857],[83.1834,42.5805],[83.1552,42.5668],[83.1333,42.5652],[83.1256,42.5606],[83.1184,42.5629],[83.1081,42.5593],[83.1014,42.5609],[83.086,42.5489],[83.0726,42.5526],[83.0659,42.566],[83.0518,42.565],[83.0474,42.5697],[83.0358,42.5668],[83.035,42.5762],[83.0258,42.588],[83.0172,42.5926],[83.0043,42.592],[83.0067,42.598],[82.9889,42.6239],[82.982,42.6229],[82.9659,42.6296],[82.9559,42.6293],[82.9371,42.6232],[82.9315,42.6154],[82.9346,42.6028],[82.9258,42.6007],[82.91,42.5914],[82.9015,42.592],[82.887,42.5817],[82.8784,42.5798],[82.8766,42.5727],[82.8538,42.5665],[82.8365,42.5681],[82.8366,42.5797],[82.8236,42.5759],[82.8138,42.579],[82.8242,42.595],[82.8346,42.604],[82.8355,42.6188],[82.8274,42.6315],[82.8265,42.64],[82.8167,42.6458],[82.8095,42.6437],[82.8007,42.6483],[82.7804,42.6273],[82.7689,42.6206],[82.7608,42.6206],[82.7492,42.6259],[82.7415,42.6179],[82.7255,42.6129],[82.7194,42.5947],[82.6749,42.5956],[82.6745,42.5889],[82.664,42.5869],[82.6512,42.5918],[82.6417,42.592],[82.6349,42.5971]],[[79.4628,41.3245],[79.4494,41.3392],[79.4361,41.3474],[79.4,41.361],[79.3959,41.3635],[79.3918,41.3763],[79.3846,41.3842],[79.3922,41.3944],[79.4025,41.3966],[79.4043,41.4065],[79.4121,41.4109],[79.411,41.4225],[79.4143,41.4329],[79.4314,41.4428],[79.4364,41.4486],[79.4512,41.4567],[79.4677,41.4606],[79.4985,41.4429],[79.4821,41.4338],[79.466,41.429],[79.4896,41.4072],[79.5149,41.418],[79.5337,41.4373],[79.5547,41.4332],[79.5697,41.4274],[79.6124,41.4196],[79.6229,41.4228],[79.6414,41.4207],[79.6648,41.4377],[79.691,41.4713],[79.708,41.5051],[79.6945,41.5324],[79.6785,41.5399],[79.6696,41.5372],[79.6597,41.544],[79.6707,41.5472],[79.6828,41.5435],[79.6926,41.5473],[79.7069,41.5466],[79.7152,41.5422],[79.7241,41.5302],[79.7412,41.5226],[79.7597,41.5049],[79.7788,41.4985],[79.7956,41.4861],[79.8098,41.4731],[79.861,41.4521],[79.8905,41.4324],[79.9013,41.4295],[79.9271,41.4114],[79.9206,41.4009],[79.8809,41.3977],[79.8414,41.3963],[79.8033,41.3884],[79.7922,41.3802],[79.7251,41.3837],[79.7211,41.3913],[79.7035,41.3921],[79.6912,41.396],[79.6833,41.3932],[79.6516,41.3896],[79.639,41.3982],[79.6298,41.3945],[79.6167,41.3968],[79.5961,41.3938],[79.5778,41.393],[79.5599,41.3856],[79.5278,41.3848],[79.5096,41.3785],[79.4879,41.3314],[79.4628,41.3245]],[[80.999,40.3964],[80.9924,40.4094],[80.9791,40.4187],[80.9787,40.4234],[80.94,40.4319],[80.929,40.4324],[80.9136,40.4271],[80.9086,40.4212],[80.9006,40.4221],[80.8941,40.4273],[80.8904,40.4146],[80.8735,40.4118],[80.857,40.4042],[80.7929,40.3854],[80.7436,40.3715],[80.7378,40.3689],[80.7257,40.3764],[80.7187,40.377],[80.7086,40.3715],[80.6978,40.3776],[80.6983,40.3876],[80.6776,40.3809],[80.6685,40.391],[80.6601,40.3929],[80.6614,40.3995],[80.6524,40.4022],[80.643,40.4003],[80.6272,40.4021],[80.6264,40.4115],[80.6173,40.4189],[80.608,40.4172],[80.6038,40.4229],[80.6199,40.4321],[80.6286,40.4488],[80.6323,40.45],[80.6352,40.4625],[80.6497,40.4605],[80.6658,40.465],[80.6812,40.4644],[80.6874,40.4686],[80.6878,40.4846],[80.6697,40.4834],[80.6632,40.4849],[80.6639,40.4924],[80.6596,40.5023],[80.6684,40.509],[80.6868,40.5076],[80.7032,40.503],[80.7215,40.4877],[80.727,40.4614],[80.7274,40.4522],[80.7413,40.4539],[80.7463,40.447],[80.7685,40.4512],[80.7773,40.4563],[80.7899,40.451],[80.8029,40.4588],[80.8141,40.4596],[80.8257,40.4762],[80.8028,40.4756],[80.7877,40.4792],[80.7805,40.4889],[80.7826,40.5004],[80.7775,40.506],[80.7605,40.5088],[80.7517,40.5143],[80.7401,40.5153],[80.7395,40.5323],[80.7285,40.5358],[80.7198,40.5338],[80.71,40.5195],[80.6944,40.5183],[80.6984,40.5271],[80.6943,40.5317],[80.7001,40.545],[80.6942,40.5532],[80.6764,40.5573],[80.6685,40.5686],[80.6409,40.5669],[80.6361,40.5608],[80.6202,40.5564],[80.6197,40.5731],[80.602,40.5862],[80.5915,40.5967],[80.591,40.6083],[80.5871,40.6143],[80.5902,40.6196],[80.6098,40.6265],[80.6157,40.6344],[80.6456,40.6476],[80.6459,40.657],[80.6599,40.6578],[80.6654,40.665],[80.6795,40.6657],[80.6925,40.6747],[80.697,40.6819],[80.7234,40.701],[80.7367,40.6979],[80.7614,40.6992],[80.7762,40.7023],[80.7896,40.7026],[80.8243,40.6914],[80.8642,40.66],[80.9828,40.6976],[81.1476,40.6968],[81.3301,40.7605],[81.3358,40.8019],[81.3909,40.8199],[81.4541,40.8039],[81.5113,40.8235],[81.7857,40.9176],[81.8609,40.9434],[81.8819,40.9406],[81.8581,40.9145],[81.8479,40.8943],[81.8319,40.8662],[81.8172,40.8263],[81.8073,40.8063],[81.7929,40.7865],[81.8527,40.7753],[81.8519,40.7477],[81.8524,40.7235],[81.852,40.6758],[81.8895,40.6384],[81.9408,40.6398],[81.9717,40.6394],[81.9732,40.5709],[81.9766,40.4679],[81.8801,40.4683],[81.7572,40.4373],[81.4938,40.4387],[81.3778,40.4392],[81.2782,40.4355],[81.2622,40.4294],[81.2079,40.3968],[80.999,40.3964]],[[80.03,40.5495],[80.0146,40.5599],[79.9113,40.4887],[79.9457,40.4464],[79.9628,40.4283],[79.9709,40.4355],[79.9915,40.4255],[80.0239,40.4151],[80.0388,40.4191],[80.0545,40.414],[80.0632,40.4075],[80.0788,40.4092],[80.0986,40.4051],[80.1082,40.4196],[80.1315,40.4202],[80.1331,40.4076],[80.1909,40.4316],[80.2103,40.4316],[80.2094,40.4249],[80.2206,40.4158],[80.2247,40.4057],[80.212,40.3952],[80.2093,40.3314],[80.2352,40.3302],[80.2342,40.2897],[79.9023,40.2893],[79.8534,40.2897],[79.8528,40.341],[79.8531,40.3726],[79.8039,40.3896],[79.7765,40.3974],[79.7486,40.4013],[79.7274,40.4011],[79.7204,40.4181],[79.7212,40.4721],[79.6994,40.472],[79.6991,40.5337],[79.7298,40.5343],[79.729,40.5836],[79.7555,40.5851],[79.7394,40.6042],[79.7463,40.6216],[79.7395,40.6444],[79.772,40.6639],[79.7947,40.6705],[79.8042,40.6759],[79.8102,40.6832],[79.8385,40.701],[79.8494,40.7177],[79.8604,40.7238],[79.8717,40.7269],[79.8791,40.7339],[79.9037,40.7382],[79.9123,40.7422],[79.9213,40.7344],[79.9287,40.7454],[79.9485,40.7953],[79.949,40.7878],[79.9549,40.7639],[79.9837,40.775],[80.0013,40.7801],[80.0579,40.7656],[80.0604,40.7592],[80.0686,40.7574],[80.0772,40.7505],[80.0773,40.7379],[80.0816,40.729],[80.0833,40.7116],[80.0807,40.7039],[80.0846,40.6944],[80.0816,40.6881],[80.0637,40.689],[80.0605,40.6812],[80.0735,40.6687],[80.0746,40.6585],[80.0695,40.6319],[80.0617,40.6327],[80.0557,40.6396],[80.0441,40.6411],[80.0373,40.6215],[80.0264,40.6035],[80.0226,40.5854],[80.0327,40.5802],[80.0221,40.5734],[80.0527,40.5718],[80.0469,40.5645],[80.0415,40.5426],[80.03,40.5495]],[[80.1741,41.037],[80.1764,41.0441],[80.1843,41.052],[80.1896,41.0615],[80.2048,41.0657],[80.2057,41.0616],[80.1945,41.0496],[80.1741,41.037]],[[80.7213,41.2306],[80.709,41.2555],[80.704,41.2716],[80.6984,41.2794],[80.7181,41.2857],[80.728,41.2921],[80.7179,41.3208],[80.7104,41.3335],[80.7099,41.3472],[80.7241,41.356],[80.7358,41.3585],[80.7383,41.3767],[80.7347,41.3908],[80.7386,41.4073],[80.7418,41.4118],[80.7486,41.4349],[80.7435,41.4444],[80.7444,41.4522],[80.7529,41.4551],[80.8066,41.4663],[80.8287,41.4696],[80.832,41.4518],[80.8593,41.4017],[80.8675,41.3905],[80.8686,41.3828],[80.885,41.3666],[80.9376,41.3508],[80.9619,41.3467],[80.9643,41.3124],[80.9761,41.2987],[81.0147,41.2837],[81.0536,41.2794],[81.1135,41.2801],[81.0873,41.2602],[81.0825,41.2552],[81.0434,41.2238],[81.015,41.1943],[80.9955,41.1844],[80.9858,41.1834],[80.968,41.1925],[80.9584,41.1941],[80.9406,41.2025],[80.9335,41.2122],[80.9225,41.2219],[80.9141,41.2398],[80.9056,41.2373],[80.8902,41.2512],[80.8806,41.2501],[80.8572,41.2432],[80.8415,41.2404],[80.8342,41.2495],[80.7849,41.2382],[80.781,41.2198],[80.7296,41.2113],[80.7213,41.2306]],[[80.537,40.8705],[80.5233,40.8795],[80.4985,40.8841],[80.4779,40.8999],[80.468,40.911],[80.4615,40.9281],[80.4565,40.9324],[80.4489,40.9564],[80.4436,40.9549],[80.4391,40.9689],[80.4299,40.968],[80.4262,40.9809],[80.4337,40.9825],[80.4162,41.0107],[80.4077,41.0186],[80.3996,41.0184],[80.3961,41.0259],[80.4045,41.0301],[80.3954,41.0393],[80.3838,41.0364],[80.3802,41.048],[80.3909,41.0514],[80.3728,41.0836],[80.3822,41.0806],[80.3925,41.068],[80.3949,41.0585],[80.4096,41.0483],[80.4164,41.0382],[80.4403,41.0337],[80.4606,41.0349],[80.4727,40.9971],[80.4829,40.982],[80.4906,40.9639],[80.5049,40.9435],[80.5394,40.9131],[80.5756,40.9203],[80.5869,40.8878],[80.5953,40.8864],[80.6004,40.8748],[80.6079,40.8448],[80.5921,40.8413],[80.5798,40.8354],[80.5608,40.8566],[80.55,40.8614],[80.537,40.8705]]]},"properties":{"region_code":"CN-65-6529","parent_region_code":"CN-65","name":"阿克苏地区","level":"prefecture","has_children":true,"full_path":"中国 / 新疆维吾尔自治区 / 阿克苏地区","source_admin_code":"6529","osm_relation_id":2748825}},
{"type":"Feature","geometry":{"type":"Polygon","coordinates":[[[78.4239,41.416],[78.405,41.4094],[78.4018,41.4141],[78.3892,41.4081],[78.3911,41.3999],[78.3819,41.3918],[78.3489,41.3918],[78.3431,41.396],[78.3322,41.3927],[78.3209,41.3809],[78.3086,41.3898],[78.2979,41.3872],[78.2892,41.3918],[78.278,41.3884],[78.263,41.3928],[78.2449,41.3944],[78.2388,41.4004],[78.2274,41.4008],[78.2175,41.3962],[78.1893,41.3938],[78.1749,41.3875],[78.1564,41.3819],[78.1545,41.3747],[78.1459,41.3676],[78.1575,41.3415],[78.1483,41.3298],[78.1469,41.3212],[78.1381,41.3137],[78.1392,41.2877],[78.1337,41.2859],[78.1335,41.2706],[78.1307,41.264],[78.1336,41.2457],[78.1214,41.2275],[78.113,41.2277],[78.1047,41.2228],[78.0913,41.2253],[78.0697,41.2157],[78.0646,41.2113],[78.055,41.214],[78.0483,41.2073],[78.0367,41.2009],[78.027,41.2016],[78.0217,41.1932],[78.0113,41.1911],[77.9965,41.1925],[77.9805,41.1831],[77.9728,41.1816],[77.9652,41.1888],[77.9545,41.1898],[77.9383,41.1867],[77.9119,41.1859],[77.8851,41.1769],[77.874,41.1646],[77.8315,41.1503],[77.8151,41.1363],[77.8047,41.1227],[77.8016,41.1002],[77.8063,41.0755],[77.8244,41.0585],[77.8121,41.0433],[77.7951,41.0487],[77.7877,41.0418],[77.7791,41.0226],[77.7704,41.0214],[77.7646,41.0151],[77.7535,41.0184],[77.7441,41.0248],[77.731,41.0301],[77.7268,41.0219],[77.716,41.0154],[77.7087,41.0146],[77.6869,41.0033],[77.6704,41.0042],[77.6608,41.0024],[77.6477,41.0128],[77.6337,41.0088],[77.6259,41.0026],[77.6181,41.0033],[77.6061,41.0086],[77.5958,41.002],[77.5838,41.0012],[77.584,40.9931],[77.5641,40.9968],[77.5511,41.0038],[77.5408,40.9992],[77.519,41.0007],[77.5109,40.9967],[77.5022,40.9983],[77.4938,40.9956],[77.4802,40.9956],[77.4673,40.9997],[77.4661,41.0095],[77.4736,41.0182],[77.4482,41.0218],[77.4435,41.0195],[77.4275,41.0209],[77.4135,41.0264],[77.4136,41.0343],[77.4002,41.0376],[77.3893,41.0299],[77.3784,41.0299],[77.3746,41.0393],[77.3526,41.0346],[77.3287,41.0262],[77.3169,41.0186],[77.3067,41.0088],[77.292,41.0044],[77.2752,41.002],[77.2624,41.0048],[77.2633,41.0139],[77.2426,41.0143],[77.2458,41.0241],[77.2289,41.0306],[77.2183,41.0256],[77.1956,41.0222],[77.1858,41.0233],[77.1835,41.0102],[77.1423,41.02],[77.1389,41.0262],[77.1175,41.0271],[77.0999,41.0378],[77.1068,41.0484],[77.0979,41.0541],[77.0902,41.0551],[77.0853,41.063],[77.0693,41.0596],[77.0539,41.0625],[77.0403,41.0629],[77.0325,41.0581],[77.0128,41.0588],[77.0129,41.0649],[77.0014,41.0708],[76.9894,41.0684],[76.9636,41.0584],[76.9596,41.0463],[76.9455,41.0376],[76.9399,41.0306],[76.9272,41.0251],[76.9183,41.0239],[76.9035,41.0173],[76.8931,41.0174],[76.8881,41.0245],[76.8781,41.0275],[76.8659,41.0217],[76.8619,41.0121],[76.8476,40.9964],[76.853,40.9767],[76.8452,40.9734],[76.8382,40.9765],[76.8194,40.977],[76.8074,40.9743],[76.7957,40.9684],[76.7926,40.9604],[76.7784,40.9608],[76.7626,40.9529],[76.756,40.9541],[76.7504,40.9416],[76.7541,40.9341],[76.7455,40.9223],[76.7393,40.9187],[76.7301,40.901],[76.7378,40.8938],[76.7394,40.8757],[76.7292,40.8634],[76.7243,40.854],[76.7319,40.8443],[76.7181,40.8426],[76.7175,40.8304],[76.7206,40.8203],[76.7068,40.8013],[76.7023,40.7877],[76.6859,40.7776],[76.668,40.7826],[76.668,40.774],[76.658,40.7712],[76.64,40.7618],[76.644,40.7551],[76.6396,40.7496],[76.6475,40.7352],[76.6459,40.7257],[76.6673,40.7049],[76.6729,40.6942],[76.6683,40.688],[76.6545,40.68],[76.6582,40.6644],[76.6497,40.6571],[76.6476,40.6484],[76.6542,40.6218],[76.6467,40.6201],[76.6373,40.6131],[76.6277,40.6146],[76.6115,40.6107],[76.6042,40.6037],[76.6056,40.5908],[76.5985,40.5868],[76.5962,40.5785],[76.574,40.5675],[76.5521,40.5456],[76.5512,40.5327],[76.5449,40.5225],[76.532,40.5088],[76.5401,40.5042],[76.5403,40.4906],[76.5352,40.4879],[76.5386,40.4742],[76.5354,40.4627],[76.5299,40.4618],[76.506,40.4451],[76.5037,40.4266],[76.4809,40.427],[76.4762,40.418],[76.4637,40.4161],[76.4543,40.4111],[76.4527,40.4031],[76.4441,40.4011],[76.4474,40.3939],[76.4398,40.3891],[76.4221,40.3854],[76.4098,40.3861],[76.4019,40.3783],[76.3839,40.3757],[76.3802,40.3888],[76.3663,40.3869],[76.3556,40.3736],[76.3528,40.3648],[76.3427,40.3563],[76.3397,40.3496],[76.3435,40.3411],[76.3347,40.3389],[76.332,40.3483],[76.3247,40.3607],[76.3162,40.3642],[76.3274,40.3869],[76.3151,40.3941],[76.3123,40.4061],[76.2944,40.4053],[76.2789,40.4125],[76.2861,40.4292],[76.2726,40.4389],[76.2622,40.4247],[76.2515,40.4181],[76.2313,40.4135],[76.2278,40.4035],[76.2152,40.396],[76.1943,40.3891],[76.1856,40.3798],[76.1682,40.3811],[76.1496,40.3887],[76.1421,40.3884],[76.1314,40.3972],[76.1193,40.3965],[76.0951,40.3889],[76.0893,40.3924],[76.0688,40.3952],[76.0627,40.3897],[76.0505,40.3897],[76.0376,40.3809],[76.0421,40.3655],[76.0471,40.3575],[76.021,40.3528],[76.0129,40.3564],[76.0098,40.3635],[75.9964,40.3699],[75.998,40.376],[75.9898,40.3816],[75.9749,40.3811],[75.9621,40.3747],[75.9532,40.3736],[75.9604,40.3656],[75.9584,40.3601],[75.9452,40.3502],[75.9432,40.3421],[75.9262,40.3347],[75.9238,40.3295],[75.9253,40.3178],[75.9317,40.3116],[75.9298,40.3021],[75.9123,40.2914],[75.9075,40.3027],[75.8949,40.3064],[75.8846,40.3064],[75.8795,40.3117],[75.865,40.3138],[75.8538,40.3121],[75.8505,40.3067],[75.8504,40.2754],[75.8405,40.2341],[75.8312,40.2102],[75.8188,40.1867],[75.8032,40.172],[75.7925,40.1664],[75.7683,40.1502],[75.7584,40.1475],[75.7437,40.1639],[75.7364,40.1693],[75.7296,40.1849],[75.7163,40.2028],[75.7163,40.217],[75.7137,40.2322],[75.7139,40.2465],[75.7027,40.26],[75.6984,40.2682],[75.7007,40.2796],[75.6907,40.2915],[75.6905,40.2979],[75.7003,40.304],[75.6958,40.3142],[75.6855,40.3217],[75.6857,40.3347],[75.6816,40.3442],[75.6634,40.3549],[75.6612,40.3642],[75.6688,40.3734],[75.6582,40.3791],[75.6633,40.4017],[75.6742,40.4271],[75.6847,40.4384],[75.6967,40.466],[75.6832,40.4859],[75.6728,40.4896],[75.6706,40.4972],[75.6573,40.5036],[75.6469,40.5052],[75.6379,40.5229],[75.6408,40.528],[75.6233,40.5453],[75.6223,40.5639],[75.6241,40.574],[75.621,40.5971],[75.6302,40.6228],[75.6188,40.6274],[75.6114,40.6341],[75.6145,40.6426],[75.6094,40.6461],[75.5956,40.6477],[75.6008,40.6633],[75.5851,40.6623],[75.5687,40.6542],[75.5605,40.6546],[75.539,40.6475],[75.5281,40.6372],[75.5082,40.6293],[75.493,40.6204],[75.4782,40.6063],[75.4622,40.603],[75.4551,40.5875],[75.4483,40.5797],[75.4347,40.5725],[75.431,40.5672],[75.437,40.5618],[75.4278,40.5203],[75.4221,40.5183],[75.4026,40.519],[75.3906,40.5172],[75.3712,40.5105],[75.3219,40.5077],[75.308,40.5109],[75.3017,40.5043],[75.3025,40.4915],[75.2857,40.4807],[75.2641,40.4825],[75.2565,40.4804],[75.2602,40.4715],[75.2386,40.4609],[75.2386,40.4484],[75.2228,40.4447],[75.2131,40.4482],[75.1842,40.4482],[75.1695,40.4564],[75.1545,40.455],[75.1383,40.461],[75.1238,40.458],[75.1146,40.4485],[75.1091,40.4479],[75.1016,40.4371],[75.0901,40.4349],[75.0825,40.4414],[75.0754,40.4406],[75.0618,40.4473],[75.0521,40.4444],[75.0288,40.4557],[75.018,40.4666],[75.0037,40.4585],[74.9871,40.4518],[74.9294,40.4777],[74.9189,40.4848],[74.9208,40.4929],[74.9125,40.4974],[74.8957,40.5004],[74.8776,40.5114],[74.8709,40.5103],[74.8378,40.5219],[74.8164,40.5053],[74.8194,40.4895],[74.8115,40.4742],[74.8146,40.4679],[74.8083,40.4556],[74.7876,40.4522],[74.7961,40.4349],[74.8153,40.4186],[74.8266,40.4111],[74.8385,40.408],[74.8435,40.4035],[74.8448,40.3955],[74.8553,40.3938],[74.858,40.3861],[74.8647,40.3827],[74.8777,40.3642],[74.9053,40.3537],[74.91,40.3472],[74.8993,40.3389],[74.8878,40.3397],[74.8804,40.3332],[74.8732,40.3324],[74.8618,40.3238],[74.8513,40.3261],[74.8356,40.3353],[74.8324,40.3404],[74.8108,40.3499],[74.7898,40.3537],[74.7787,40.3487],[74.7644,40.3472],[74.7481,40.3526],[74.7353,40.3445],[74.7108,40.3496],[74.6971,40.3491],[74.6963,40.3387],[74.7017,40.3368],[74.7008,40.3251],[74.6943,40.3139],[74.6785,40.2941],[74.6847,40.2894],[74.6605,40.2729],[74.6414,40.2722],[74.6388,40.2792],[74.6288,40.2838],[74.6148,40.2803],[74.6063,40.2844],[74.5979,40.2808],[74.5905,40.2822],[74.5833,40.2714],[74.5727,40.262],[74.5643,40.2596],[74.5581,40.2455],[74.5436,40.2323],[74.5387,40.2214],[74.5255,40.209],[74.5059,40.2044],[74.4983,40.2044],[74.4847,40.1908],[74.4849,40.1853],[74.4734,40.1821],[74.4663,40.175],[74.4621,40.1651],[74.4536,40.157],[74.4398,40.1492],[74.4252,40.1439],[74.4143,40.1353],[74.406,40.1357],[74.3938,40.1256],[74.3858,40.1163],[74.3761,40.1162],[74.369,40.1032],[74.3565,40.1021],[74.3446,40.0935],[74.3359,40.0946],[74.3284,40.1006],[74.3194,40.1023],[74.3136,40.1109],[74.3038,40.1148],[74.2919,40.1086],[74.2877,40.1035],[74.2786,40.1043],[74.2652,40.1193],[74.2643,40.128],[74.2572,40.1336],[74.246,40.1253],[74.229,40.1211],[74.2233,40.1257],[74.2001,40.1236],[74.1741,40.1142],[74.1648,40.1166],[74.146,40.1051],[74.1231,40.1112],[74.1133,40.1039],[74.1064,40.0864],[74.0966,40.0866],[74.0791,40.0804],[74.0662,40.0784],[74.0645,40.0846],[74.0542,40.0936],[74.0421,40.0995],[74.0322,40.0947],[74.0223,40.0856],[74.0118,40.0797],[74.0182,40.0709],[74.0025,40.0633],[73.9972,40.045],[73.983,40.0486],[73.9527,40.0328],[73.9355,40.03],[73.9337,40.0234],[73.9526,40.0165],[73.9692,40.0148],[73.9729,40.0024],[73.9601,39.9778],[73.9413,39.967],[73.9308,39.9564],[73.9223,39.9403],[73.9061,39.9188],[73.906,39.9121],[73.9215,39.9054],[73.9138,39.8846],[73.9123,39.8732],[73.9034,39.8619],[73.89,39.8641],[73.8809,39.8603],[73.8786,39.8524],[73.8591,39.8463],[73.8484,39.8363],[73.8451,39.8182],[73.8402,39.8113],[73.8396,39.7955],[73.8327,39.7816],[73.8394,39.7679],[73.8395,39.7577],[73.8636,39.7572],[73.8669,39.7488],[73.8736,39.746],[73.8968,39.7466],[73.9047,39.7441],[73.9063,39.7354],[73.9198,39.7264],[73.9114,39.7196],[73.9237,39.708],[73.9256,39.6829],[73.932,39.6763],[73.9376,39.6644],[73.9378,39.6513],[73.9422,39.6344],[73.949,39.6214],[73.9434,39.6032],[73.9329,39.5926],[73.9269,39.5945],[73.912,39.5921],[73.9125,39.5775],[73.9167,39.5707],[73.9141,39.5634],[73.9061,39.5615],[73.9016,39.5559],[73.892,39.5557],[73.8881,39.5471],[73.8783,39.5427],[73.892,39.5337],[73.8731,39.5128],[73.871,39.4994],[73.8771,39.495],[73.8744,39.4832],[73.8465,39.4772],[73.8378,39.4719],[73.8177,39.4703],[73.7981,39.4667],[73.7773,39.4683],[73.7572,39.4624],[73.7157,39.4615],[73.7077,39.4639],[73.6885,39.4651],[73.6762,39.4626],[73.6657,39.4712],[73.6541,39.4697],[73.6429,39.4744],[73.6147,39.4661],[73.6145,39.4625],[73.6003,39.4597],[73.5951,39.4531],[73.5966,39.4429],[73.5908,39.4373],[73.5971,39.4258],[73.5911,39.4199],[73.5922,39.4114],[73.5715,39.4024],[73.57,39.3973],[73.5583,39.3937],[73.5234,39.3909],[73.5207,39.386],[73.5095,39.3852],[73.5008,39.3788],[73.5111,39.3746],[73.5216,39.3748],[73.5345,39.3661],[73.5404,39.3665],[73.5452,39.3571],[73.5586,39.3548],[73.5655,39.346],[73.5526,39.3434],[73.5501,39.3345],[73.5355,39.3253],[73.5354,39.3141],[73.5412,39.3063],[73.5561,39.2967],[73.5506,39.2883],[73.5395,39.2814],[73.5421,39.2753],[73.5624,39.2672],[73.5622,39.2587],[73.5691,39.2439],[73.5823,39.2397],[73.6026,39.2432],[73.6135,39.2476],[73.6228,39.2405],[73.6247,39.2352],[73.6352,39.2274],[73.6352,39.2175],[73.6436,39.2123],[73.6409,39.2036],[73.653,39.2017],[73.6584,39.1909],[73.6618,39.165],[73.6735,39.1673],[73.684,39.164],[73.6839,39.1513],[73.6781,39.1466],[73.705,39.1345],[73.7066,39.1216],[73.7207,39.1119],[73.7142,39.1026],[73.7174,39.0966],[73.7105,39.0759],[73.7208,39.0688],[73.7322,39.0673],[73.7386,39.0531],[73.7368,39.0365],[73.7512,39.0254],[73.7653,39.0319],[73.7716,39.0279],[73.7831,39.0288],[73.7905,39.0419],[73.8124,39.0428],[73.8216,39.0282],[73.8414,39.0026],[73.8434,38.9841],[73.8493,38.9682],[73.849,38.9622],[73.854,38.9524],[73.847,38.9486],[73.8459,38.9403],[73.8387,38.9339],[73.8354,38.9215],[73.8254,38.9172],[73.8066,38.9332],[73.7949,38.9289],[73.7845,38.9355],[73.7804,38.9421],[73.7644,38.938],[73.7574,38.9425],[73.7391,38.9262],[73.734,38.9106],[73.717,38.9074],[73.709,38.8955],[73.712,38.8885],[73.6992,38.8778],[73.7035,38.8715],[73.7042,38.861],[73.6946,38.8529],[73.7071,38.8461],[73.7298,38.8438],[73.7297,38.8299],[73.7355,38.8275],[73.7435,38.8159],[73.7544,38.7941],[73.7678,38.7782],[73.7676,38.7707],[73.7567,38.7708],[73.7527,38.762],[73.7526,38.7463],[73.7472,38.7419],[73.7439,38.7318],[73.7546,38.7247],[73.7644,38.7232],[73.7698,38.7172],[73.7649,38.7052],[73.7727,38.7002],[73.7729,38.6941],[73.7808,38.689],[73.78,38.6802],[73.7954,38.6732],[73.7962,38.6671],[73.8052,38.6639],[73.8007,38.6488],[73.8093,38.6411],[73.809,38.6345],[73.8,38.6217],[73.8037,38.6118],[73.8153,38.6084],[73.8288,38.6016],[73.8421,38.5895],[73.8592,38.5817],[73.8835,38.5854],[73.8987,38.5809],[73.9047,38.5652],[73.9193,38.5538],[73.9236,38.5426],[73.9366,38.5414],[73.9507,38.5345],[73.9673,38.5331],[73.9766,38.5366],[73.9917,38.5226],[74.0085,38.5249],[74.0095,38.5349],[74.0393,38.5442],[74.0555,38.5368],[74.0663,38.536],[74.0786,38.5319],[74.0862,38.5366],[74.0875,38.5501],[74.0774,38.5525],[74.0734,38.563],[74.0621,38.5784],[74.0757,38.5875],[74.0746,38.6064],[74.0793,38.6113],[74.0871,38.6101],[74.1025,38.6137],[74.1106,38.6101],[74.1194,38.6198],[74.1175,38.6288],[74.1211,38.6411],[74.2118,38.62],[74.2377,38.6148],[74.2575,38.6009],[74.2768,38.5991],[74.5064,38.4715],[74.6,38.4495],[74.6105,38.4504],[74.6227,38.4463],[74.639,38.4525],[74.6445,38.4522],[74.6597,38.4373],[74.6739,38.432],[74.6842,38.4324],[74.6955,38.4249],[74.6896,38.4081],[74.6775,38.4032],[74.6663,38.3767],[74.676,38.3703],[74.6724,38.3607],[74.675,38.3513],[74.6882,38.3418],[74.6906,38.3289],[74.6901,38.3144],[74.6936,38.3056],[74.7035,38.2946],[74.7058,38.2857],[74.696,38.265],[74.6987,38.2284],[74.7056,38.221],[74.7063,38.2132],[74.7231,38.2149],[74.7582,38.2149],[74.7616,38.2036],[74.7713,38.1973],[74.8006,38.2009],[74.7998,38.2039],[74.8109,38.2152],[74.8061,38.2199],[74.7961,38.2456],[74.7943,38.2578],[74.8032,38.2631],[74.7914,38.2677],[74.8024,38.2798],[74.8094,38.2828],[74.8315,38.2761],[74.8464,38.2748],[74.8589,38.2786],[74.8938,38.2675],[74.9118,38.2756],[74.9237,38.2767],[74.9349,38.2742],[74.9409,38.2766],[74.9511,38.2614],[74.9607,38.2554],[74.9707,38.2529],[74.9757,38.246],[74.9878,38.2436],[74.9994,38.249],[75.0186,38.251],[75.0281,38.2589],[75.0443,38.2677],[75.0983,38.2756],[75.1159,38.2759],[75.1104,38.2654],[75.1248,38.2476],[75.1255,38.238],[75.144,38.2307],[75.1494,38.2229],[75.1478,38.2176],[75.1662,38.2127],[75.1753,38.2032],[75.1931,38.1987],[75.2027,38.2021],[75.2144,38.2022],[75.2621,38.2098],[75.2777,38.1965],[75.2895,38.1928],[75.294,38.1836],[75.308,38.1748],[75.3127,38.1648],[75.3239,38.1637],[75.3329,38.154],[75.3343,38.1436],[75.3422,38.1347],[75.3536,38.1347],[75.3622,38.1257],[75.3766,38.1226],[75.3858,38.113],[75.3951,38.1123],[75.3952,38.1039],[75.3826,38.0915],[75.3856,38.0789],[75.3822,38.0735],[75.3862,38.0364],[75.3933,38.0296],[75.401,38.0098],[75.4101,38.0008],[75.4108,37.9912],[75.4182,37.9763],[75.4114,37.9556],[75.4137,37.9446],[75.4089,37.9272],[75.4254,37.9256],[75.4362,37.9297],[75.4456,37.9301],[75.4573,37.9371],[75.4733,37.9345],[75.4955,37.9286],[75.496,37.9215],[75.5057,37.9219],[75.519,37.9285],[75.5332,37.9205],[75.5405,37.9198],[75.5525,37.9235],[75.5673,37.918],[75.5723,37.9125],[75.5902,37.9063],[75.6022,37.9049],[75.6106,37.8975],[75.6328,37.8928],[75.6337,37.885],[75.6488,37.8797],[75.6577,37.8815],[75.6615,37.8764],[75.6759,37.8931],[75.6852,37.8897],[75.697,37.8961],[75.7068,37.8958],[75.7227,37.9035],[75.7473,37.8882],[75.7493,37.8936],[75.7681,37.898],[75.7797,37.9087],[75.7732,37.9105],[75.7697,37.9287],[75.7771,37.9397],[75.787,37.9395],[75.8199,37.9283],[75.8329,37.9263],[75.8405,37.93],[75.8532,37.9305],[75.8561,37.9355],[75.8748,37.9306],[75.877,37.9245],[75.8735,37.916],[75.8746,37.9086],[75.887,37.9015],[75.8909,37.895],[75.8855,37.8805],[75.8773,37.8733],[75.8692,37.8741],[75.8653,37.8669],[75.8539,37.8643],[75.8474,37.859],[75.8426,37.8476],[75.8484,37.8443],[75.8566,37.8307],[75.8501,37.8185],[75.8341,37.8067],[75.8316,37.8004],[75.8199,37.7876],[75.819,37.7804],[75.8048,37.771],[75.8065,37.7552],[75.7948,37.7454],[75.7901,37.7332],[75.7936,37.7244],[75.7931,37.7064],[75.7977,37.6957],[75.7974,37.678],[75.801,37.6674],[75.7947,37.6639],[75.7981,37.6512],[75.816,37.6621],[75.8245,37.6715],[75.8444,37.6772],[75.8517,37.6753],[75.867,37.6773],[75.8757,37.686],[75.8882,37.6926],[75.8901,37.6973],[75.902,37.7016],[75.9169,37.7106],[75.9233,37.7173],[75.9235,37.7239],[75.9418,37.734],[75.9597,37.7294],[75.9699,37.7335],[75.9825,37.7296],[75.9963,37.7338],[76.0044,37.74],[76.0152,37.7336],[76.0252,37.7324],[76.0398,37.7418],[76.0738,37.7522],[76.0803,37.7594],[76.088,37.7611],[76.0961,37.7718],[76.1106,37.7703],[76.1263,37.7735],[76.1317,37.7811],[76.1433,37.7821],[76.155,37.7793],[76.1659,37.7875],[76.1816,37.7946],[76.1898,37.8088],[76.2088,37.813],[76.2111,37.8046],[76.2213,37.7991],[76.2172,37.785],[76.2259,37.7815],[76.2385,37.7637],[76.2431,37.7544],[76.2601,37.742],[76.2624,37.7308],[76.2698,37.7341],[76.2889,37.7342],[76.3025,37.762],[76.3074,37.7757],[76.3148,37.789],[76.314,37.8046],[76.3288,37.8161],[76.3436,37.8168],[76.3613,37.8204],[76.3802,37.8276],[76.3858,37.8473],[76.3863,37.8559],[76.3822,37.8687],[76.4001,37.8729],[76.4073,37.8772],[76.4166,37.8667],[76.4444,37.8513],[76.4739,37.8481],[76.4914,37.8567],[76.4879,37.867],[76.4757,37.8724],[76.4742,37.8764],[76.478,37.8885],[76.4758,37.8963],[76.4642,37.9115],[76.4727,37.9177],[76.4654,37.9255],[76.4762,37.9374],[76.4874,37.944],[76.4894,37.952],[76.4973,37.9542],[76.4964,37.9699],[76.5072,37.9761],[76.5046,37.9833],[76.5083,38.0141],[76.5268,38.0299],[76.5226,38.0441],[76.5386,38.0654],[76.5324,38.0927],[76.5354,38.097],[76.5314,38.1185],[76.5385,38.1397],[76.5542,38.1534],[76.5529,38.1613],[76.5594,38.1651],[76.5819,38.1876],[76.5951,38.2124],[76.5977,38.2276],[76.5958,38.237],[76.5954,38.2554],[76.6023,38.2621],[76.5958,38.2719],[76.609,38.2805],[76.6099,38.2922],[76.6016,38.295],[76.6085,38.3126],[76.6078,38.3502],[76.603,38.3701],[76.605,38.3797],[76.6069,38.4067],[76.5941,38.4264],[76.579,38.4327],[76.5474,38.4527],[76.5334,38.4592],[76.4953,38.4801],[76.4805,38.4849],[76.468,38.493],[76.4535,38.4982],[76.4312,38.4985],[76.4158,38.4959],[76.3951,38.4876],[76.3753,38.4884],[76.3466,38.5019],[76.3493,38.5208],[76.3891,38.5313],[76.4015,38.5501],[76.4093,38.6023],[76.4051,38.6046],[76.3557,38.6024],[76.3378,38.6053],[76.3306,38.6244],[76.2975,38.6253],[76.2848,38.6283],[76.2512,38.6219],[76.2396,38.612],[76.1769,38.6138],[76.159,38.6068],[76.1513,38.6097],[76.1598,38.6449],[76.1539,38.6558],[76.1309,38.6588],[76.1236,38.6665],[76.1188,38.6787],[76.1129,38.6841],[76.0985,38.6893],[76.0731,38.7033],[76.0657,38.713],[76.0534,38.7203],[76.0515,38.7343],[76.0337,38.7306],[76.0292,38.7416],[76.0348,38.7547],[76.0131,38.754],[76.0077,38.7602],[76.0116,38.7668],[75.9769,38.7593],[75.9825,38.7756],[75.9745,38.7993],[75.9633,38.7901],[75.9526,38.794],[75.9475,38.8048],[75.9393,38.8057],[75.9389,38.8145],[75.9335,38.83],[75.9305,38.8454],[75.9195,38.8656],[75.9093,38.8748],[75.8806,38.8921],[75.8329,38.9184],[75.8062,38.9305],[75.7572,38.9481],[75.7631,38.9565],[75.7712,38.9574],[75.8019,38.976],[75.8157,38.9812],[75.8242,38.9877],[75.8562,38.9965],[75.8663,39.0076],[75.8871,39.0172],[75.8919,39.0243],[75.9064,39.0273],[75.9182,39.0373],[75.929,39.0389],[75.9305,39.0228],[75.9335,39.0132],[75.9397,39.0074],[75.9653,39.0081],[75.9882,39.0059],[76.0169,39.0108],[76.0265,39.0073],[76.0668,39.0085],[76.0818,39.011],[76.1134,39.0295],[76.1367,39.0407],[76.1332,39.0518],[76.1267,39.0587],[76.1272,39.0782],[76.0923,39.114],[76.0478,39.1556],[76.0486,39.1692],[76.0418,39.1734],[76.043,39.1814],[76.0622,39.1798],[76.0626,39.172],[76.0777,39.1714],[76.0788,39.18],[76.0873,39.1822],[76.087,39.1885],[76.1169,39.1961],[76.1363,39.198],[76.1526,39.2097],[76.1573,39.2211],[76.1521,39.232],[76.116,39.2398],[76.0889,39.2426],[76.0688,39.2395],[76.0192,39.2477],[75.9911,39.25],[75.9767,39.2214],[75.9708,39.2152],[76.0241,39.2053],[76.005,39.1912],[76.0201,39.1756],[76.013,39.1706],[75.9975,39.1702],[75.9678,39.1746],[75.9403,39.1646],[75.896,39.1637],[75.865,39.1528],[75.8393,39.147],[75.8303,39.1388],[75.8213,39.1365],[75.7739,39.1419],[75.76,39.1468],[75.7358,39.138],[75.7069,39.1281],[75.7266,39.1072],[75.7601,39.1035],[75.7702,39.0963],[75.7498,39.0889],[75.7612,39.0796],[75.7671,39.0695],[75.7601,39.0554],[75.7589,39.0432],[75.7623,39.0332],[75.7581,39.0281],[75.7608,39.0143],[75.752,39.0064],[75.7516,38.9955],[75.7414,38.9932],[75.7111,38.9809],[75.7098,38.9684],[75.6965,38.9726],[75.6931,38.9772],[75.6841,38.9734],[75.6852,38.9688],[75.6609,38.956],[75.6535,38.9634],[75.6439,38.9669],[75.6343,38.9654],[75.6281,38.9586],[75.6197,38.959],[75.6119,38.9666],[75.5935,38.9726],[75.562,38.9722],[75.5559,38.975],[75.5484,38.9887],[75.5591,38.9962],[75.5668,39.0098],[75.571,39.0345],[75.5762,39.0457],[75.5843,39.0507],[75.5802,39.0628],[75.5812,39.0829],[75.5886,39.1185],[75.603,39.1427],[75.5937,39.1506],[75.5832,39.1826],[75.5846,39.1916],[75.5797,39.2091],[75.5646,39.2309],[75.5684,39.2424],[75.5533,39.2389],[75.5494,39.2458],[75.5334,39.2421],[75.5083,39.2268],[75.5082,39.2155],[75.4987,39.2105],[75.4755,39.1777],[75.4684,39.1712],[75.4547,39.1655],[75.3919,39.1493],[75.3461,39.1442],[75.3445,39.1566],[75.3312,39.2053],[75.3302,39.2149],[75.3178,39.262],[75.3032,39.3289],[75.2942,39.4081],[75.3032,39.4398],[75.3078,39.4423],[75.3095,39.4514],[75.3181,39.4604],[75.3273,39.4602],[75.3403,39.4681],[75.3533,39.4685],[75.356,39.4779],[75.3701,39.4936],[75.3796,39.499],[75.385,39.5076],[75.3621,39.5431],[75.3513,39.5619],[75.3498,39.5775],[75.3591,39.5885],[75.353,39.5969],[75.3518,39.6084],[75.3395,39.6218],[75.3347,39.6333],[75.3459,39.6346],[75.3545,39.6434],[75.3586,39.6555],[75.3735,39.6578],[75.3911,39.6547],[75.3985,39.651],[75.4143,39.6553],[75.4215,39.6518],[75.431,39.6522],[75.4359,39.6603],[75.4349,39.6714],[75.453,39.679],[75.4626,39.6783],[75.467,39.6716],[75.4733,39.6712],[75.4833,39.6634],[75.4978,39.6625],[75.5173,39.6654],[75.5143,39.6557],[75.5176,39.6504],[75.5275,39.6504],[75.5292,39.658],[75.5393,39.6603],[75.5451,39.6665],[75.551,39.6631],[75.5608,39.6646],[75.5645,39.6537],[75.5779,39.6658],[75.5882,39.6661],[75.629,39.6593],[75.6495,39.6499],[75.6699,39.6348],[75.6977,39.6164],[75.6996,39.6121],[75.6963,39.5964],[75.7045,39.5945],[75.7234,39.596],[75.7429,39.5919],[75.7598,39.5914],[75.7772,39.5884],[75.7947,39.5885],[75.8112,39.5918],[75.8236,39.5879],[75.8568,39.585],[75.8864,39.5884],[75.8871,39.5928],[75.903,39.5986],[75.913,39.5972],[75.9252,39.6007],[75.9351,39.5948],[75.9479,39.5932],[75.9559,39.5956],[75.9653,39.5942],[75.9731,39.5888],[75.9798,39.5897],[75.9706,39.6115],[76.0044,39.6132],[76.0584,39.6182],[76.0721,39.6223],[76.0992,39.6256],[76.1022,39.6237],[76.1219,39.6246],[76.1347,39.621],[76.1462,39.614],[76.1729,39.6211],[76.1883,39.6215],[76.1937,39.6241],[76.2065,39.6235],[76.2166,39.6259],[76.2251,39.6223],[76.2384,39.6213],[76.2563,39.6171],[76.2774,39.6043],[76.2856,39.5971],[76.2969,39.5912],[76.3212,39.5916],[76.3357,39.5867],[76.3634,39.59],[76.3743,39.5859],[76.3814,39.5886],[76.3948,39.5843],[76.4122,39.5891],[76.4234,39.5788],[76.4484,39.5762],[76.4649,39.5798],[76.4861,39.59],[76.5216,39.5916],[76.551,39.5894],[76.5703,39.5946],[76.5762,39.6038],[76.5858,39.6068],[76.5821,39.6217],[76.586,39.6294],[76.6302,39.6543],[76.6361,39.6632],[76.6507,39.6741],[76.6718,39.6841],[76.6816,39.6871],[76.6997,39.6959],[76.7154,39.7073],[76.7452,39.732],[76.7581,39.7477],[76.7774,39.7536],[76.8027,39.7665],[76.816,39.7713],[76.824,39.7871],[76.8397,39.8041],[76.8384,39.828],[76.8999,39.8298],[76.9967,39.8415],[77.0395,39.8461],[77.0316,39.8492],[77.0438,39.8608],[77.0607,39.8609],[77.0785,39.8554],[77.1008,39.8564],[77.153,39.8544],[77.1788,39.8506],[77.2085,39.849],[77.2412,39.8522],[77.2745,39.8572],[77.3001,39.8643],[77.3289,39.8638],[77.3584,39.8648],[77.4259,39.8699],[77.4529,39.8745],[77.4845,39.8745],[77.5115,39.878],[77.504,39.8987],[77.5295,39.926],[77.5624,39.9327],[77.6078,39.9376],[77.6155,39.9465],[77.6599,39.9489],[77.6977,39.9529],[77.722,39.9603],[77.7359,39.9683],[77.7683,39.9712],[77.7764,39.9782],[77.7962,39.9875],[77.818,39.989],[77.8341,39.9832],[77.8603,39.9861],[77.8819,39.983],[77.8943,39.9783],[77.9232,39.9798],[77.9418,39.9746],[77.9519,39.9773],[77.9697,39.9726],[77.9824,39.979],[78.0019,39.9775],[78.0067,39.981],[78.0244,39.9853],[78.0542,39.9805],[78.0747,39.9711],[78.0823,39.9713],[78.0935,39.9771],[78.1185,39.9803],[78.1301,39.9849],[78.1467,39.9873],[78.1601,39.9934],[78.1664,39.9901],[78.1753,39.9947],[78.1824,39.9941],[78.2018,39.9993],[78.2096,39.9992],[78.2264,40.008],[78.2451,40.0022],[78.2553,40.0045],[78.2671,40.002],[78.286,40.0041],[78.3016,40.0116],[78.3174,40.0066],[78.3392,40.0058],[78.3602,40.0074],[78.364,40.0107],[78.3396,40.0237],[78.3286,40.0318],[78.3267,40.0382],[78.3354,40.0408],[78.3444,40.0479],[78.3424,40.0513],[78.3241,40.0592],[78.2885,40.0697],[78.2478,40.0625],[78.2383,40.0629],[78.2065,40.0696],[78.1676,40.0679],[78.1541,40.0714],[78.1042,40.066],[78.0876,40.0682],[78.0773,40.082],[78.0692,40.0864],[78.048,40.0873],[78.0371,40.0939],[78.0281,40.1045],[78.0287,40.1188],[78.0461,40.1343],[78.0601,40.1506],[78.0626,40.1573],[78.0504,40.1684],[78.0515,40.1756],[78.0613,40.1874],[78.0599,40.2076],[78.0688,40.2182],[78.0852,40.2313],[78.0899,40.2411],[78.0909,40.2507],[78.0891,40.2715],[78.1068,40.2741],[78.1237,40.2808],[78.1364,40.3113],[78.1572,40.3382],[78.165,40.3567],[78.1629,40.3795],[78.165,40.3868],[78.1728,40.396],[78.1816,40.4021],[78.2044,40.4217],[78.2168,40.4257],[78.2408,40.4284],[78.2644,40.4446],[78.2785,40.4493],[78.3,40.4528],[78.317,40.4577],[78.3312,40.4675],[78.3386,40.4766],[78.3469,40.4811],[78.3708,40.489],[78.4305,40.5123],[78.4498,40.5169],[78.4616,40.5218],[78.4887,40.5377],[78.5219,40.5491],[78.5327,40.5563],[78.5425,40.5718],[78.5749,40.6109],[78.581,40.6209],[78.5829,40.6308],[78.5927,40.6602],[78.592,40.6801],[78.604,40.6899],[78.6016,40.6952],[78.5761,40.6954],[78.5684,40.7134],[78.5716,40.7208],[78.5643,40.7369],[78.5581,40.7404],[78.5643,40.7507],[78.5615,40.7638],[78.5803,40.7699],[78.5864,40.7809],[78.6011,40.7812],[78.6087,40.7851],[78.6248,40.7845],[78.6308,40.7898],[78.6451,40.7948],[78.6507,40.8016],[78.6657,40.8042],[78.6796,40.8035],[78.7016,40.8172],[78.7254,40.8215],[78.7476,40.8187],[78.7591,40.8257],[78.7616,40.8371],[78.7683,40.8381],[78.7865,40.8481],[78.7928,40.8572],[78.8198,40.8737],[78.8504,40.8847],[78.8632,40.8929],[78.862,40.9032],[78.8475,40.9144],[78.8555,40.9225],[78.8545,40.936],[78.8679,40.948],[78.8748,40.9483],[78.8902,40.9559],[78.8783,40.9631],[78.8721,40.971],[78.8743,40.9858],[78.8647,40.9981],[78.8529,40.9988],[78.8457,40.9951],[78.8303,40.9942],[78.8236,40.9966],[78.8208,41.0047],[78.8127,41.0103],[78.8004,41.0236],[78.7913,41.057],[78.7713,41.0807],[78.7628,41.0871],[78.763,41.0928],[78.7486,41.1106],[78.7394,41.1306],[78.7392,41.1385],[78.7317,41.155],[78.7315,41.1638],[78.7127,41.1782],[78.7075,41.1883],[78.6734,41.207],[78.668,41.2153],[78.6526,41.2257],[78.6337,41.2325],[78.6311,41.2379],[78.6028,41.2612],[78.5901,41.2689],[78.5854,41.2752],[78.5757,41.2756],[78.5683,41.2853],[78.5561,41.2923],[78.5494,41.2916],[78.5347,41.2975],[78.5302,41.3038],[78.5026,41.311],[78.4699,41.3424],[78.4553,41.3491],[78.4477,41.357],[78.4383,41.373],[78.4224,41.3848],[78.4129,41.3873],[78.4091,41.3953],[78.415,41.4083],[78.4239,41.416]],[[76.493,39.8183],[76.5384,39.8109],[76.5908,39.8213],[76.6029,39.8255],[76.6559,39.8518],[76.6565,39.8174],[76.6112,39.8181],[76.5677,39.7922],[76.532,39.7744],[76.4565,39.7638],[76.3787,39.7641],[76.3765,39.7909],[76.3898,39.795],[76.3924,39.7999],[76.3863,39.8066],[76.3811,39.8186],[76.3594,39.8202],[76.33,39.8247],[76.3267,39.8183],[76.2993,39.8198],[76.2813,39.8132],[76.2599,39.8098],[76.2393,39.8017],[76.226,39.7986],[76.2072,39.7979],[76.1978,39.8017],[76.1915,39.8116],[76.2219,39.8256],[76.2456,39.831],[76.2678,39.8321],[76.2768,39.8173],[76.2806,39.8158],[76.2949,39.822],[76.3252,39.8203],[76.3323,39.8291],[76.3494,39.8223],[76.3704,39.8227],[76.3846,39.819],[76.3922,39.8037],[76.398,39.7968],[76.4061,39.798],[76.4685,39.8186],[76.48,39.8204],[76.493,39.8183]],[[75.3389,40.3919],[75.3547,40.3836],[75.3429,40.3743],[75.3187,40.383],[75.3044,40.3784],[75.2955,40.3714],[75.2799,40.3685],[75.2588,40.3814],[75.2572,40.3905],[75.2803,40.3914],[75.293,40.3945],[75.3161,40.3924],[75.3291,40.3945],[75.3389,40.3919]],[[75.352,40.3305],[75.3407,40.3309],[75.3451,40.339],[75.3472,40.3606],[75.3583,40.3731],[75.3694,40.3797],[75.3819,40.383],[75.4156,40.3758],[75.4063,40.3677],[75.3949,40.3529],[75.3709,40.3451],[75.352,40.3305]],[[75.3217,40.2658],[75.315,40.2408],[75.3083,40.2299],[75.2802,40.2327],[75.269,40.2483],[75.2597,40.252],[75.2468,40.2651],[75.2391,40.2634],[75.2205,40.2483],[75.2122,40.2586],[75.2248,40.2709],[75.2214,40.2804],[75.2448,40.294],[75.2434,40.3116],[75.261,40.3177],[75.2703,40.343],[75.2727,40.3442],[75.2992,40.3112],[75.3046,40.2989],[75.3241,40.273],[75.3217,40.2658]],[[74.9086,40.2865],[74.8953,40.2938],[74.8917,40.3021],[74.9086,40.3016],[74.9319,40.3044],[74.9423,40.3032],[74.955,40.2963],[74.9691,40.3016],[74.9784,40.3019],[74.9837,40.3149],[75.0002,40.3261],[75.0122,40.3276],[75.0202,40.3327],[75.0383,40.3371],[75.0471,40.3349],[75.0581,40.3282],[75.0868,40.3286],[75.1093,40.334],[75.1257,40.3354],[75.139,40.3301],[75.1464,40.345],[75.1659,40.3491],[75.1718,40.3544],[75.1733,40.3624],[75.1824,40.3707],[75.1908,40.3722],[75.2061,40.3807],[75.2197,40.3815],[75.2376,40.3861],[75.2311,40.3737],[75.2313,40.366],[75.2412,40.3608],[75.2382,40.3546],[75.2197,40.3349],[75.214,40.3194],[75.2082,40.3143],[75.1792,40.2994],[75.1794,40.2808],[75.1506,40.2761],[75.1399,40.276],[75.1328,40.2801],[75.1157,40.2846],[75.093,40.2826],[75.083,40.2748],[75.0858,40.2609],[75.0727,40.2457],[75.0617,40.2545],[75.0507,40.2498],[75.0347,40.2515],[75.0205,40.2481],[75.0101,40.2502],[74.9969,40.2607],[74.9803,40.2572],[74.9779,40.2529],[74.9582,40.2504],[74.9489,40.254],[74.9485,40.2673],[74.9327,40.2783],[74.9258,40.279],[74.9086,40.2865]]]},"properties":{"region_code":"CN-65-6530","parent_region_code":"CN-65","name":"克孜勒苏柯尔克孜自治州","level":"prefecture","has_children":true,"full_path":"中国 / 新疆维吾尔自治区 / 克孜勒苏柯尔克孜自治州","source_admin_code":"6530","osm_relation_id":2710679}},
{"type":"Feature","geometry":{"type":"MultiPolygon","coordinates":[[[[75.7358,39.138],[75.7655,39.1854],[75.7448,39.1923],[75.7344,39.1939],[75.7002,39.2187],[75.683,39.2302],[75.6729,39.234],[75.6717,39.2261],[75.6659,39.2171],[75.6526,39.2073],[75.6486,39.1962],[75.6373,39.1871],[75.6279,39.169],[75.603,39.1427],[75.5886,39.1185],[75.5812,39.0829],[75.5802,39.0628],[75.5843,39.0507],[75.5762,39.0457],[75.571,39.0345],[75.5668,39.0098],[75.5591,38.9962],[75.5484,38.9887],[75.5559,38.975],[75.562,38.9722],[75.5935,38.9726],[75.6119,38.9666],[75.6197,38.959],[75.6281,38.9586],[75.6343,38.9654],[75.6439,38.9669],[75.6535,38.9634],[75.6609,38.956],[75.6852,38.9688],[75.6841,38.9734],[75.6931,38.9772],[75.6965,38.9726],[75.7098,38.9684],[75.7111,38.9809],[75.7414,38.9932],[75.7516,38.9955],[75.752,39.0064],[75.7608,39.0143],[75.7581,39.0281],[75.7623,39.0332],[75.7589,39.0432],[75.7601,39.0554],[75.7671,39.0695],[75.7612,39.0796],[75.7498,39.0889],[75.7702,39.0963],[75.7601,39.1035],[75.7266,39.1072],[75.7069,39.1281],[75.7358,39.138]]],[[[78.364,40.0107],[78.3602,40.0074],[78.3392,40.0058],[78.3174,40.0066],[78.3016,40.0116],[78.286,40.0041],[78.2671,40.002],[78.2553,40.0045],[78.2451,40.0022],[78.2264,40.008],[78.2096,39.9992],[78.2018,39.9993],[78.1824,39.9941],[78.1753,39.9947],[78.1664,39.9901],[78.1601,39.9934],[78.1467,39.9873],[78.1301,39.9849],[78.1185,39.9803],[78.0935,39.9771],[78.0823,39.9713],[78.0747,39.9711],[78.0542,39.9805],[78.0244,39.9853],[78.0067,39.981],[78.0019,39.9775],[77.9824,39.979],[77.9697,39.9726],[77.9519,39.9773],[77.9418,39.9746],[77.9232,39.9798],[77.8943,39.9783],[77.8819,39.983],[77.8603,39.9861],[77.8341,39.9832],[77.818,39.989],[77.7962,39.9875],[77.7764,39.9782],[77.7683,39.9712],[77.7359,39.9683],[77.722,39.9603],[77.6977,39.9529],[77.6599,39.9489],[77.6155,39.9465],[77.6078,39.9376],[77.5624,39.9327],[77.5295,39.926],[77.504,39.8987],[77.5115,39.878],[77.4845,39.8745],[77.4529,39.8745],[77.4259,39.8699],[77.3584,39.8648],[77.3289,39.8638],[77.3001,39.8643],[77.2745,39.8572],[77.2412,39.8522],[77.2085,39.849],[77.1788,39.8506],[77.153,39.8544],[77.1008,39.8564],[77.0785,39.8554],[77.0607,39.8609],[77.0438,39.8608],[77.0316,39.8492],[77.0395,39.8461],[76.9967,39.8415],[76.8999,39.8298],[76.8384,39.828],[76.8397,39.8041],[76.824,39.7871],[76.816,39.7713],[76.8027,39.7665],[76.7774,39.7536],[76.7581,39.7477],[76.7452,39.732],[76.7154,39.7073],[76.6997,39.6959],[76.6816,39.6871],[76.6718,39.6841],[76.6507,39.6741],[76.6361,39.6632],[76.6302,39.6543],[76.586,39.6294],[76.5821,39.6217],[76.5858,39.6068],[76.5762,39.6038],[76.5703,39.5946],[76.551,39.5894],[76.5216,39.5916],[76.4861,39.59],[76.4649,39.5798],[76.4484,39.5762],[76.4234,39.5788],[76.4122,39.5891],[76.3948,39.5843],[76.3814,39.5886],[76.3743,39.5859],[76.3634,39.59],[76.3357,39.5867],[76.3212,39.5916],[76.2969,39.5912],[76.2856,39.5971],[76.2774,39.6043],[76.2563,39.6171],[76.2384,39.6213],[76.2251,39.6223],[76.2166,39.6259],[76.2065,39.6235],[76.1937,39.6241],[76.1883,39.6215],[76.1729,39.6211],[76.1462,39.614],[76.1347,39.621],[76.1219,39.6246],[76.1022,39.6237],[76.0992,39.6256],[76.0721,39.6223],[76.0584,39.6182],[76.0044,39.6132],[75.9706,39.6115],[75.9798,39.5897],[75.9731,39.5888],[75.9653,39.5942],[75.9559,39.5956],[75.9479,39.5932],[75.9351,39.5948],[75.9252,39.6007],[75.913,39.5972],[75.903,39.5986],[75.8871,39.5928],[75.8864,39.5884],[75.8568,39.585],[75.8236,39.5879],[75.8112,39.5918],[75.7947,39.5885],[75.7772,39.5884],[75.7598,39.5914],[75.7429,39.5919],[75.7234,39.596],[75.7045,39.5945],[75.6963,39.5964],[75.6996,39.6121],[75.6977,39.6164],[75.6699,39.6348],[75.6495,39.6499],[75.629,39.6593],[75.5882,39.6661],[75.5779,39.6658],[75.5645,39.6537],[75.5608,39.6646],[75.551,39.6631],[75.5451,39.6665],[75.5393,39.6603],[75.5292,39.658],[75.5275,39.6504],[75.5176,39.6504],[75.5143,39.6557],[75.5173,39.6654],[75.4978,39.6625],[75.4833,39.6634],[75.4733,39.6712],[75.467,39.6716],[75.4626,39.6783],[75.453,39.679],[75.4349,39.6714],[75.4359,39.6603],[75.431,39.6522],[75.4215,39.6518],[75.4143,39.6553],[75.3985,39.651],[75.3911,39.6547],[75.3735,39.6578],[75.3586,39.6555],[75.3545,39.6434],[75.3459,39.6346],[75.3347,39.6333],[75.3395,39.6218],[75.3518,39.6084],[75.353,39.5969],[75.3591,39.5885],[75.3498,39.5775],[75.3513,39.5619],[75.3621,39.5431],[75.385,39.5076],[75.3796,39.499],[75.3701,39.4936],[75.356,39.4779],[75.3533,39.4685],[75.3403,39.4681],[75.3273,39.4602],[75.3181,39.4604],[75.3095,39.4514],[75.3078,39.4423],[75.3032,39.4398],[75.2942,39.4081],[75.3032,39.3289],[75.3178,39.262],[75.3302,39.2149],[75.3312,39.2053],[75.3445,39.1566],[75.3461,39.1442],[75.3919,39.1493],[75.4547,39.1655],[75.4684,39.1712],[75.4755,39.1777],[75.4987,39.2105],[75.5082,39.2155],[75.5083,39.2268],[75.5334,39.2421],[75.5494,39.2458],[75.5533,39.2389],[75.5684,39.2424],[75.5646,39.2309],[75.5797,39.2091],[75.6324,39.258],[75.6381,39.2703],[75.64,39.2861],[75.6562,39.2875],[75.6766,39.2998],[75.699,39.3057],[75.7112,39.3021],[75.7219,39.3048],[75.735,39.3004],[75.7474,39.3016],[75.7565,39.2989],[75.7659,39.2918],[75.7765,39.2895],[75.7802,39.2851],[75.7922,39.2881],[75.8068,39.2873],[75.8147,39.2918],[75.8281,39.2921],[75.8321,39.2953],[75.8505,39.2924],[75.8577,39.2994],[75.8698,39.2972],[75.8828,39.3078],[75.8946,39.3129],[75.9155,39.3124],[75.9197,39.3209],[75.902,39.3217],[75.9242,39.3372],[75.9315,39.3393],[75.9321,39.3515],[75.9482,39.3636],[75.9567,39.3627],[75.9725,39.3679],[75.9661,39.3776],[75.9879,39.3849],[75.985,39.3775],[75.9938,39.3638],[76.0095,39.3673],[76.0173,39.3604],[76.0307,39.3655],[76.0428,39.3675],[76.0509,39.3549],[76.0757,39.3554],[76.0775,39.3416],[76.0949,39.3483],[76.1092,39.3334],[76.1144,39.3227],[76.1068,39.3167],[76.1063,39.3074],[76.0952,39.2965],[76.0752,39.2989],[76.0831,39.2747],[76.0975,39.2757],[76.0993,39.266],[76.1083,39.2645],[76.1058,39.255],[76.1204,39.2528],[76.116,39.2398],[76.1521,39.232],[76.1573,39.2211],[76.1526,39.2097],[76.1363,39.198],[76.1169,39.1961],[76.087,39.1885],[76.0873,39.1822],[76.0788,39.18],[76.0777,39.1714],[76.0626,39.172],[76.0622,39.1798],[76.043,39.1814],[76.0418,39.1734],[76.0486,39.1692],[76.0478,39.1556],[76.0923,39.114],[76.1272,39.0782],[76.1267,39.0587],[76.1332,39.0518],[76.1367,39.0407],[76.1134,39.0295],[76.0818,39.011],[76.0668,39.0085],[76.0265,39.0073],[76.0169,39.0108],[75.9882,39.0059],[75.9653,39.0081],[75.9397,39.0074],[75.9335,39.0132],[75.9305,39.0228],[75.929,39.0389],[75.9182,39.0373],[75.9064,39.0273],[75.8919,39.0243],[75.8871,39.0172],[75.8663,39.0076],[75.8562,38.9965],[75.8242,38.9877],[75.8157,38.9812],[75.8019,38.976],[75.7712,38.9574],[75.7631,38.9565],[75.7572,38.9481],[75.8062,38.9305],[75.8329,38.9184],[75.8806,38.8921],[75.9093,38.8748],[75.9195,38.8656],[75.9305,38.8454],[75.9335,38.83],[75.9389,38.8145],[75.9393,38.8057],[75.9475,38.8048],[75.9526,38.794],[75.9633,38.7901],[75.9745,38.7993],[75.9825,38.7756],[75.9769,38.7593],[76.0116,38.7668],[76.0077,38.7602],[76.0131,38.754],[76.0348,38.7547],[76.0292,38.7416],[76.0337,38.7306],[76.0515,38.7343],[76.0534,38.7203],[76.0657,38.713],[76.0731,38.7033],[76.0985,38.6893],[76.1129,38.6841],[76.1188,38.6787],[76.1236,38.6665],[76.1309,38.6588],[76.1539,38.6558],[76.1598,38.6449],[76.1513,38.6097],[76.159,38.6068],[76.1769,38.6138],[76.2396,38.612],[76.2512,38.6219],[76.2848,38.6283],[76.2975,38.6253],[76.3306,38.6244],[76.3378,38.6053],[76.3557,38.6024],[76.4051,38.6046],[76.4093,38.6023],[76.4015,38.5501],[76.3891,38.5313],[76.3493,38.5208],[76.3466,38.5019],[76.3753,38.4884],[76.3951,38.4876],[76.4158,38.4959],[76.4312,38.4985],[76.4535,38.4982],[76.468,38.493],[76.4805,38.4849],[76.4953,38.4801],[76.5334,38.4592],[76.5474,38.4527],[76.579,38.4327],[76.5941,38.4264],[76.6069,38.4067],[76.605,38.3797],[76.603,38.3701],[76.6078,38.3502],[76.6085,38.3126],[76.6016,38.295],[76.6099,38.2922],[76.609,38.2805],[76.5958,38.2719],[76.6023,38.2621],[76.5954,38.2554],[76.5958,38.237],[76.5977,38.2276],[76.5951,38.2124],[76.5819,38.1876],[76.5594,38.1651],[76.5529,38.1613],[76.5542,38.1534],[76.5385,38.1397],[76.5314,38.1185],[76.5354,38.097],[76.5324,38.0927],[76.5386,38.0654],[76.5226,38.0441],[76.5268,38.0299],[76.5083,38.0141],[76.5046,37.9833],[76.5072,37.9761],[76.4964,37.9699],[76.4973,37.9542],[76.4894,37.952],[76.4874,37.944],[76.4762,37.9374],[76.4654,37.9255],[76.4727,37.9177],[76.4642,37.9115],[76.4758,37.8963],[76.478,37.8885],[76.4742,37.8764],[76.4757,37.8724],[76.4879,37.867],[76.4914,37.8567],[76.4739,37.8481],[76.4444,37.8513],[76.4166,37.8667],[76.4073,37.8772],[76.4001,37.8729],[76.3822,37.8687],[76.3863,37.8559],[76.3858,37.8473],[76.3802,37.8276],[76.3613,37.8204],[76.3436,37.8168],[76.3288,37.8161],[76.314,37.8046],[76.3148,37.789],[76.3074,37.7757],[76.3025,37.762],[76.2889,37.7342],[76.2698,37.7341],[76.2624,37.7308],[76.2601,37.742],[76.2431,37.7544],[76.2385,37.7637],[76.2259,37.7815],[76.2172,37.785],[76.2213,37.7991],[76.2111,37.8046],[76.2088,37.813],[76.1898,37.8088],[76.1816,37.7946],[76.1659,37.7875],[76.155,37.7793],[76.1433,37.7821],[76.1317,37.7811],[76.1263,37.7735],[76.1106,37.7703],[76.0961,37.7718],[76.088,37.7611],[76.0803,37.7594],[76.0738,37.7522],[76.0398,37.7418],[76.0252,37.7324],[76.0152,37.7336],[76.0044,37.74],[75.9963,37.7338],[75.9825,37.7296],[75.9699,37.7335],[75.9597,37.7294],[75.9418,37.734],[75.9235,37.7239],[75.9233,37.7173],[75.9169,37.7106],[75.902,37.7016],[75.8901,37.6973],[75.8882,37.6926],[75.8757,37.686],[75.867,37.6773],[75.8517,37.6753],[75.8444,37.6772],[75.8245,37.6715],[75.816,37.6621],[75.7981,37.6512],[75.7947,37.6639],[75.801,37.6674],[75.7974,37.678],[75.7977,37.6957],[75.7931,37.7064],[75.7936,37.7244],[75.7901,37.7332],[75.7948,37.7454],[75.8065,37.7552],[75.8048,37.771],[75.819,37.7804],[75.8199,37.7876],[75.8316,37.8004],[75.8341,37.8067],[75.8501,37.8185],[75.8566,37.8307],[75.8484,37.8443],[75.8426,37.8476],[75.8474,37.859],[75.8539,37.8643],[75.8653,37.8669],[75.8692,37.8741],[75.8773,37.8733],[75.8855,37.8805],[75.8909,37.895],[75.887,37.9015],[75.8746,37.9086],[75.8735,37.916],[75.877,37.9245],[75.8748,37.9306],[75.8561,37.9355],[75.8532,37.9305],[75.8405,37.93],[75.8329,37.9263],[75.8199,37.9283],[75.787,37.9395],[75.7771,37.9397],[75.7697,37.9287],[75.7732,37.9105],[75.7797,37.9087],[75.7681,37.898],[75.7493,37.8936],[75.7473,37.8882],[75.7227,37.9035],[75.7068,37.8958],[75.697,37.8961],[75.6852,37.8897],[75.6759,37.8931],[75.6615,37.8764],[75.6577,37.8815],[75.6488,37.8797],[75.6337,37.885],[75.6328,37.8928],[75.6106,37.8975],[75.6022,37.9049],[75.5902,37.9063],[75.5723,37.9125],[75.5673,37.918],[75.5525,37.9235],[75.5405,37.9198],[75.5332,37.9205],[75.519,37.9285],[75.5057,37.9219],[75.496,37.9215],[75.4955,37.9286],[75.4733,37.9345],[75.4573,37.9371],[75.4456,37.9301],[75.4362,37.9297],[75.4254,37.9256],[75.4089,37.9272],[75.4137,37.9446],[75.4114,37.9556],[75.4182,37.9763],[75.4108,37.9912],[75.4101,38.0008],[75.401,38.0098],[75.3933,38.0296],[75.3862,38.0364],[75.3822,38.0735],[75.3856,38.0789],[75.3826,38.0915],[75.3952,38.1039],[75.3951,38.1123],[75.3858,38.113],[75.3766,38.1226],[75.3622,38.1257],[75.3536,38.1347],[75.3422,38.1347],[75.3343,38.1436],[75.3329,38.154],[75.3239,38.1637],[75.3127,38.1648],[75.308,38.1748],[75.294,38.1836],[75.2895,38.1928],[75.2777,38.1965],[75.2621,38.2098],[75.2144,38.2022],[75.2027,38.2021],[75.1931,38.1987],[75.1753,38.2032],[75.1662,38.2127],[75.1478,38.2176],[75.1494,38.2229],[75.144,38.2307],[75.1255,38.238],[75.1248,38.2476],[75.1104,38.2654],[75.1159,38.2759],[75.0983,38.2756],[75.0443,38.2677],[75.0281,38.2589],[75.0186,38.251],[74.9994,38.249],[74.9878,38.2436],[74.9757,38.246],[74.9707,38.2529],[74.9607,38.2554],[74.9511,38.2614],[74.9409,38.2766],[74.9349,38.2742],[74.9237,38.2767],[74.9118,38.2756],[74.8938,38.2675],[74.8589,38.2786],[74.8464,38.2748],[74.8315,38.2761],[74.8094,38.2828],[74.8024,38.2798],[74.7914,38.2677],[74.8032,38.2631],[74.7943,38.2578],[74.7961,38.2456],[74.8061,38.2199],[74.8109,38.2152],[74.7998,38.2039],[74.8006,38.2009],[74.8049,38.1722],[74.8015,38.162],[74.7961,38.156],[74.8034,38.1496],[74.8054,38.1385],[74.8169,38.1312],[74.8192,38.1075],[74.8172,38.1015],[74.8211,38.0837],[74.8282,38.0837],[74.834,38.0729],[74.8424,38.0741],[74.8539,38.0691],[74.857,38.0608],[74.8514,38.058],[74.8554,38.0436],[74.8654,38.0395],[74.8687,38.0256],[74.8861,38.0241],[74.8904,38.0347],[74.9055,38.0336],[74.9164,38.0239],[74.9152,38.0156],[74.9182,38.0059],[74.913,37.9971],[74.9178,37.9808],[74.9078,37.9705],[74.9189,37.9518],[74.9174,37.9427],[74.9214,37.9377],[74.9163,37.9267],[74.9201,37.9185],[74.9127,37.9075],[74.9179,37.8997],[74.9263,37.9002],[74.9377,37.8965],[74.9371,37.8805],[74.9323,37.8795],[74.9279,37.8673],[74.9129,37.8572],[74.9281,37.8263],[74.9427,37.8245],[74.9449,37.815],[74.9521,37.809],[74.9635,37.8113],[74.9749,37.8069],[74.9862,37.8083],[75.0062,37.7795],[75.0099,37.7705],[75.001,37.7694],[74.9966,37.7625],[74.9899,37.762],[74.9816,37.7513],[74.9666,37.7527],[74.9592,37.7281],[74.9522,37.7265],[74.9468,37.7196],[74.9341,37.7179],[74.9227,37.7038],[74.9333,37.6939],[74.9236,37.6859],[74.9018,37.6774],[74.8971,37.6655],[74.9026,37.6472],[74.9104,37.6357],[74.9233,37.6294],[74.9263,37.6245],[74.9255,37.6136],[74.9394,37.6032],[74.9307,37.5865],[74.9348,37.5771],[74.9321,37.5685],[74.9447,37.5538],[74.9552,37.5545],[74.9556,37.5475],[74.9638,37.5383],[74.9735,37.5402],[74.9882,37.535],[75.0019,37.5249],[75.0184,37.517],[75.0194,37.5092],[75.0283,37.5068],[75.0313,37.501],[75.0488,37.509],[75.0574,37.5245],[75.0788,37.5058],[75.0834,37.4994],[75.0828,37.4921],[75.0889,37.4844],[75.0945,37.4853],[75.1039,37.472],[75.1165,37.4715],[75.1253,37.466],[75.1251,37.4491],[75.1342,37.4429],[75.1487,37.4208],[75.1461,37.4162],[75.154,37.4096],[75.1494,37.4054],[75.1287,37.3985],[75.1286,37.3909],[75.1228,37.3856],[75.1145,37.3852],[75.112,37.3778],[75.0936,37.3718],[75.114,37.3459],[75.1217,37.3408],[75.1216,37.3312],[75.1286,37.3229],[75.1251,37.3157],[75.1087,37.3141],[75.096,37.3183],[75.0739,37.3121],[75.065,37.3113],[75.0517,37.3031],[75.0426,37.3061],[75.0209,37.2972],[75.0137,37.2926],[74.9908,37.29],[74.9798,37.2854],[74.9719,37.2904],[74.9629,37.2877],[74.952,37.2921],[74.939,37.2853],[74.9268,37.2841],[74.9105,37.275],[74.9189,37.2603],[74.9119,37.2476],[74.9172,37.2432],[74.9154,37.2373],[74.9057,37.2331],[74.8896,37.2331],[74.8885,37.2234],[74.8808,37.2209],[74.8717,37.225],[74.8586,37.2246],[74.855,37.219],[74.831,37.2154],[74.8091,37.2147],[74.7989,37.2306],[74.802,37.2363],[74.7981,37.2452],[74.7813,37.2511],[74.7781,37.2593],[74.7673,37.2647],[74.7494,37.2846],[74.7313,37.2847],[74.722,37.2805],[74.7154,37.2821],[74.7035,37.2685],[74.6879,37.2662],[74.6774,37.2555],[74.674,37.2487],[74.6583,37.2344],[74.6454,37.2397],[74.6466,37.2513],[74.6285,37.2613],[74.6147,37.2544],[74.5939,37.2592],[74.5886,37.2488],[74.5902,37.245],[74.5821,37.2356],[74.5706,37.237],[74.5517,37.2431],[74.5435,37.2493],[74.5337,37.2422],[74.5178,37.2441],[74.5009,37.2393],[74.4973,37.2285],[74.4946,37.2106],[74.4816,37.2041],[74.4722,37.2023],[74.4685,37.1966],[74.4761,37.1881],[74.4899,37.1776],[74.4863,37.1655],[74.4698,37.1594],[74.4726,37.1527],[74.4648,37.1464],[74.4575,37.147],[74.4606,37.1295],[74.4686,37.1245],[74.4908,37.1175],[74.492,37.1099],[74.4849,37.0984],[74.4862,37.0925],[74.4948,37.0908],[74.4976,37.0742],[74.4949,37.0653],[74.5007,37.0609],[74.5083,37.0685],[74.514,37.0784],[74.5266,37.0803],[74.533,37.0773],[74.5439,37.0481],[74.5538,37.0449],[74.5614,37.0391],[74.5654,37.0301],[74.5801,37.0306],[74.5857,37.0336],[74.6152,37.0418],[74.6244,37.0473],[74.6224,37.0598],[74.646,37.0695],[74.6549,37.0671],[74.6733,37.0706],[74.672,37.0742],[74.6798,37.0868],[74.6924,37.0889],[74.7032,37.0863],[74.7082,37.0715],[74.7061,37.0659],[74.7235,37.056],[74.7181,37.0501],[74.7171,37.0411],[74.7244,37.0359],[74.7279,37.0265],[74.7402,37.0192],[74.7645,37.0268],[74.7749,37.0226],[74.7813,37.0275],[74.7949,37.0312],[74.7899,37.043],[74.799,37.0508],[74.8149,37.0535],[74.8314,37.05],[74.8392,37.0452],[74.8464,37.0305],[74.8454,37.0235],[74.8389,37.0162],[74.8529,37.0007],[74.8631,36.9848],[74.8653,36.9775],[74.8736,36.9701],[74.8816,36.959],[74.8807,36.9518],[74.8865,36.9437],[74.883,36.9371],[74.8909,36.9335],[74.8987,36.9346],[74.9061,36.9297],[74.9205,36.9338],[74.9184,36.9463],[74.9319,36.9455],[74.93,36.9549],[74.9247,36.9589],[74.919,36.979],[74.9288,36.9794],[74.9439,36.9874],[74.9664,36.9902],[74.976,36.9972],[74.9816,36.9902],[74.9953,36.9926],[75.0049,37.0012],[75.0147,37.0032],[75.0213,37.0116],[75.0292,37.0162],[75.0433,37.0135],[75.0481,37.0048],[75.0713,37.0022],[75.0805,37.0077],[75.1255,37.0125],[75.129,37.0195],[75.1422,37.0278],[75.1485,37.025],[75.152,37.016],[75.1631,37.0153],[75.1669,37.006],[75.1578,36.9987],[75.1598,36.9894],[75.1806,36.9778],[75.1949,36.9732],[75.1987,36.9764],[75.2165,36.9714],[75.2177,36.9652],[75.2357,36.9583],[75.2518,36.9642],[75.2596,36.9635],[75.2697,36.9723],[75.2779,36.972],[75.2937,36.9759],[75.3077,36.9652],[75.3152,36.9697],[75.3218,36.9605],[75.3292,36.9577],[75.3602,36.9571],[75.3756,36.9465],[75.3931,36.9497],[75.4021,36.9548],[75.4108,36.9458],[75.406,36.9368],[75.3884,36.9304],[75.3912,36.9183],[75.387,36.9042],[75.4043,36.8968],[75.4088,36.8922],[75.4233,36.8872],[75.4196,36.8807],[75.423,36.8752],[75.4249,36.8557],[75.4293,36.8479],[75.4268,36.8434],[75.4319,36.8307],[75.4257,36.8219],[75.4247,36.8073],[75.4201,36.7993],[75.4266,36.7896],[75.4196,36.7737],[75.4279,36.7672],[75.4378,36.7476],[75.4434,36.7471],[75.4511,36.7309],[75.4512,36.7249],[75.4684,36.7162],[75.4749,36.7237],[75.4888,36.7291],[75.4994,36.7389],[75.5092,36.7279],[75.519,36.7229],[75.534,36.7211],[75.5386,36.734],[75.5328,36.7514],[75.5276,36.7554],[75.5347,36.7624],[75.5344,36.7719],[75.5461,36.77],[75.5688,36.7744],[75.5698,36.7685],[75.5769,36.7662],[75.5876,36.7694],[75.5974,36.7677],[75.6158,36.7692],[75.6328,36.7672],[75.6397,36.7698],[75.6533,36.7683],[75.6667,36.7638],[75.6746,36.7657],[75.6916,36.7578],[75.6987,36.7471],[75.7118,36.7467],[75.7195,36.7522],[75.7284,36.7491],[75.7513,36.7376],[75.7546,36.7314],[75.7654,36.724],[75.7704,36.724],[75.8032,36.7096],[75.8085,36.6991],[75.8263,36.6939],[75.8306,36.6862],[75.847,36.6746],[75.86,36.6723],[75.8686,36.6674],[75.8723,36.6587],[75.8827,36.6475],[75.8865,36.6401],[75.8931,36.6357],[75.9058,36.6337],[75.9256,36.6139],[75.9394,36.5978],[75.9406,36.5905],[75.9368,36.5824],[75.9263,36.5744],[75.9233,36.5654],[75.9267,36.5603],[75.9346,36.5599],[75.9424,36.5536],[75.9455,36.5449],[75.9521,36.5373],[75.9638,36.5334],[75.9623,36.5218],[75.9684,36.5124],[75.9767,36.5082],[75.9872,36.5079],[75.9932,36.4869],[75.9999,36.4834],[76.0121,36.4636],[76.0108,36.4544],[76.0173,36.4483],[76.0213,36.4375],[76.0269,36.4308],[76.0245,36.4263],[76.0358,36.4079],[76.0218,36.3911],[76.0134,36.3865],[76.0049,36.386],[76.0015,36.3802],[75.9977,36.3609],[75.9944,36.355],[75.9849,36.3508],[75.9847,36.3427],[75.9933,36.3337],[75.9962,36.3242],[75.9959,36.306],[76.0175,36.3011],[76.0248,36.2788],[76.0255,36.2713],[76.0388,36.2647],[76.0513,36.2473],[76.0582,36.2434],[76.0613,36.2337],[76.0595,36.2248],[76.0453,36.2245],[76.0332,36.2299],[76.0273,36.2362],[76.006,36.2331],[76.0099,36.214],[76.0064,36.1987],[76.0124,36.1946],[76.0038,36.1869],[76.0137,36.1717],[76.0045,36.1657],[75.9686,36.1629],[75.9636,36.1562],[75.9689,36.1492],[75.9418,36.138],[75.9331,36.1365],[75.9316,36.1264],[75.9478,36.1177],[75.9496,36.1119],[75.937,36.1047],[75.9426,36.1],[75.9445,36.0883],[75.9544,36.0794],[75.9433,36.0753],[75.9427,36.0708],[75.9523,36.0661],[75.9494,36.0611],[75.958,36.0458],[75.985,36.0302],[75.9985,36.0178],[76.0232,36.0144],[76.0265,36.0196],[76.048,36.0246],[76.0802,36.024],[76.0986,36.0185],[76.1031,36.0129],[76.0975,35.9979],[76.1043,35.9918],[76.1072,35.9757],[76.1135,35.9735],[76.1235,35.9636],[76.1377,35.9547],[76.1367,35.9495],[76.1439,35.9418],[76.146,35.9341],[76.1601,35.9193],[76.1591,35.9084],[76.1482,35.8936],[76.154,35.8824],[76.149,35.8742],[76.1546,35.8658],[76.1519,35.8598],[76.1438,35.8554],[76.1409,35.8496],[76.1456,35.8358],[76.1717,35.8196],[76.177,35.8235],[76.1924,35.8227],[76.2137,35.8275],[76.2229,35.8333],[76.2219,35.8419],[76.2407,35.8422],[76.2648,35.8381],[76.2754,35.8422],[76.2889,35.8412],[76.3003,35.843],[76.3105,35.8315],[76.3206,35.8373],[76.3382,35.8308],[76.3526,35.8299],[76.3555,35.8335],[76.3564,35.8459],[76.3508,35.8555],[76.3685,35.8644],[76.3766,35.8588],[76.387,35.861],[76.3975,35.8546],[76.4289,35.8546],[76.437,35.8623],[76.4452,35.8656],[76.448,35.8745],[76.4545,35.8825],[76.4694,35.8907],[76.4834,35.8884],[76.49,35.8906],[76.5177,35.8824],[76.5312,35.8964],[76.5464,35.9033],[76.5427,35.9095],[76.5439,35.9243],[76.5485,35.9279],[76.5624,35.9219],[76.5676,35.9257],[76.5827,35.9205],[76.586,35.9101],[76.5974,35.9011],[76.5952,35.8952],[76.5813,35.8765],[76.5733,35.8682],[76.5835,35.8622],[76.588,35.8437],[76.586,35.8403],[76.572,35.8325],[76.5613,35.8219],[76.5716,35.8066],[76.5772,35.8045],[76.5797,35.7963],[76.5918,35.7838],[76.587,35.7745],[76.6012,35.7718],[76.6163,35.7624],[76.6268,35.7694],[76.6409,35.7704],[76.6477,35.7658],[76.6496,35.758],[76.6684,35.7544],[76.6783,35.7552],[76.6899,35.7501],[76.6984,35.738],[76.6937,35.7322],[76.6965,35.7265],[76.7255,35.7108],[76.7365,35.6955],[76.7416,35.696],[76.7474,35.6823],[76.759,35.6802],[76.7554,35.6714],[76.7652,35.6606],[76.7771,35.6583],[76.7931,35.664],[76.8055,35.6639],[76.8138,35.67],[76.8228,35.6667],[76.8381,35.6681],[76.8472,35.6729],[76.8547,35.6666],[76.8614,35.6514],[76.8815,35.6394],[76.8986,35.6253],[76.8993,35.6182],[76.9182,35.6109],[76.932,35.6098],[76.9576,35.5956],[76.965,35.5938],[76.9737,35.6006],[76.983,35.598],[76.9936,35.6089],[77.01,35.6103],[77.0284,35.6004],[77.056,35.5997],[77.0692,35.594],[77.0855,35.5711],[77.0941,35.5647],[77.1117,35.5636],[77.1184,35.5573],[77.1281,35.5558],[77.1371,35.5512],[77.1488,35.5387],[77.1644,35.5373],[77.187,35.5252],[77.1915,35.5205],[77.2008,35.5198],[77.2193,35.5236],[77.2324,35.5297],[77.2417,35.5285],[77.2585,35.5354],[77.265,35.5409],[77.2733,35.5363],[77.2828,35.538],[77.2951,35.5452],[77.3029,35.5463],[77.3269,35.535],[77.3386,35.5257],[77.3356,35.5133],[77.3417,35.5015],[77.3587,35.4937],[77.3633,35.4998],[77.3727,35.4968],[77.3705,35.4896],[77.3777,35.4814],[77.3793,35.4747],[77.3941,35.4703],[77.4077,35.4735],[77.4236,35.471],[77.4282,35.4663],[77.4451,35.4614],[77.4623,35.4701],[77.4676,35.475],[77.4859,35.4795],[77.5056,35.4861],[77.5251,35.484],[77.5346,35.4884],[77.5426,35.4833],[77.5574,35.4877],[77.5823,35.4799],[77.5793,35.4701],[77.5934,35.4657],[77.6051,35.473],[77.6157,35.4699],[77.6288,35.4623],[77.6391,35.4661],[77.6386,35.4802],[77.6553,35.4851],[77.6679,35.4694],[77.6824,35.462],[77.6905,35.4516],[77.696,35.4629],[77.7064,35.4637],[77.719,35.4615],[77.7338,35.4681],[77.7286,35.4735],[77.7421,35.4941],[77.7541,35.4974],[77.7604,35.5027],[77.7799,35.4982],[77.7837,35.5049],[77.7981,35.5096],[77.8044,35.5203],[77.8146,35.5221],[77.8196,35.5263],[77.8174,35.5368],[77.8051,35.5385],[77.7975,35.5338],[77.7917,35.5385],[77.7879,35.5473],[77.779,35.555],[77.788,35.5618],[77.7945,35.5752],[77.7931,35.5821],[77.8028,35.5886],[77.8142,35.5923],[77.8121,35.6037],[77.8398,35.6185],[77.8434,35.6351],[77.8396,35.6565],[77.83,35.6602],[77.8233,35.6689],[77.8379,35.6742],[77.8493,35.6878],[77.8448,35.7009],[77.8298,35.7148],[77.8201,35.7153],[77.8159,35.7204],[77.8151,35.7321],[77.8195,35.747],[77.8377,35.7504],[77.8523,35.7509],[77.8523,35.7583],[77.841,35.7675],[77.8443,35.7799],[77.8341,35.791],[77.8293,35.7998],[77.8367,35.8075],[77.8497,35.803],[77.8561,35.8118],[77.8766,35.8125],[77.8781,35.8343],[77.8715,35.8513],[77.8656,35.854],[77.8626,35.87],[77.8648,35.879],[77.8627,35.8858],[77.8547,35.8958],[77.8424,35.9058],[77.8424,35.9132],[77.8657,35.9118],[77.884,35.9025],[77.8858,35.9096],[77.9009,35.9138],[77.9103,35.9187],[77.9112,35.9232],[77.9215,35.9316],[77.9137,35.9383],[77.914,35.9549],[77.909,35.9665],[77.8989,35.9607],[77.8819,35.9702],[77.871,35.9953],[77.849,35.9986],[77.8413,36.0094],[77.8286,36.012],[77.8199,36.0187],[77.8085,36.0215],[77.8007,36.0283],[77.7891,36.0304],[77.7785,36.029],[77.7704,36.0341],[77.7546,36.0323],[77.7377,36.0394],[77.7391,36.0518],[77.7339,36.0634],[77.7279,36.0707],[77.7323,36.0753],[77.7311,36.0912],[77.728,36.0988],[77.7387,36.1119],[77.7495,36.1136],[77.77,36.1095],[77.7767,36.1127],[77.7879,36.113],[77.7879,36.1325],[77.7912,36.1367],[77.8025,36.1402],[77.806,36.1502],[77.8221,36.1639],[77.8331,36.1678],[77.8414,36.1788],[77.8513,36.1836],[77.8586,36.1784],[77.871,36.176],[77.8883,36.1894],[77.9087,36.1924],[77.9095,36.1983],[77.9028,36.2046],[77.8852,36.2137],[77.8858,36.2198],[77.865,36.2348],[77.8634,36.2429],[77.8434,36.2608],[77.8346,36.2752],[77.8237,36.2827],[77.8207,36.2879],[77.8089,36.2956],[77.796,36.2992],[77.786,36.2979],[77.7717,36.3014],[77.764,36.2983],[77.7452,36.2837],[77.7346,36.2889],[77.7283,36.2845],[77.718,36.2847],[77.709,36.2889],[77.7057,36.2965],[77.6891,36.3039],[77.6763,36.3192],[77.6604,36.3275],[77.65,36.3277],[77.6475,36.3359],[77.6361,36.3454],[77.6292,36.3431],[77.6217,36.352],[77.608,36.3591],[77.608,36.3649],[77.624,36.3844],[77.6114,36.4033],[77.6028,36.4089],[77.6007,36.4145],[77.5801,36.4269],[77.5796,36.446],[77.5731,36.4539],[77.5612,36.4608],[77.5554,36.458],[77.5267,36.4679],[77.5158,36.4793],[77.5062,36.477],[77.4926,36.4792],[77.4841,36.4845],[77.4784,36.4807],[77.4601,36.4885],[77.4509,36.485],[77.4436,36.4916],[77.4337,36.4882],[77.4182,36.4944],[77.4128,36.5009],[77.3984,36.5089],[77.4071,36.5305],[77.405,36.5473],[77.4086,36.5501],[77.4196,36.5473],[77.4479,36.544],[77.4591,36.5554],[77.4708,36.5574],[77.4888,36.5532],[77.5039,36.5652],[77.5112,36.5825],[77.5124,36.5967],[77.5253,36.6021],[77.54,36.6146],[77.5666,36.609],[77.5805,36.6113],[77.5839,36.6229],[77.5722,36.6239],[77.575,36.6341],[77.5966,36.6414],[77.615,36.6453],[77.6218,36.6431],[77.627,36.6536],[77.6352,36.6531],[77.6323,36.6658],[77.6435,36.6704],[77.6452,36.6815],[77.6349,36.6947],[77.6166,36.7066],[77.5828,36.7246],[77.5659,36.7372],[77.557,36.7472],[77.5231,36.7636],[77.5017,36.7791],[77.4877,36.7944],[77.4867,36.8027],[77.4954,36.831],[77.5021,36.8396],[77.5159,36.845],[77.5293,36.8476],[77.5348,36.8544],[77.5267,36.8695],[77.5199,36.8735],[77.5169,36.892],[77.519,36.8988],[77.5155,36.9133],[77.5185,36.9355],[77.5497,36.9323],[77.5751,36.9356],[77.6081,36.9362],[77.6198,36.9603],[77.6445,36.9784],[77.65,37.002],[77.6582,37.0154],[77.6472,37.0431],[77.6524,37.0697],[77.6672,37.0779],[77.6644,37.0902],[77.6768,37.1113],[77.6778,37.1275],[77.6617,37.1477],[77.6637,37.1647],[77.6462,37.1833],[77.6579,37.1912],[77.6582,37.2016],[77.649,37.218],[77.6521,37.2265],[77.6404,37.235],[77.6431,37.2642],[77.6284,37.276],[77.6071,37.2825],[77.5964,37.3011],[77.6095,37.3142],[77.6307,37.3446],[77.6338,37.3551],[77.6362,37.3762],[77.6411,37.392],[77.6524,37.4075],[77.6551,37.4212],[77.6672,37.4438],[77.6644,37.4776],[77.6603,37.544],[77.6531,37.5634],[77.6658,37.5868],[77.6902,37.5859],[77.7039,37.5955],[77.7101,37.6066],[77.7221,37.6224],[77.7386,37.6344],[77.731,37.6544],[77.7372,37.6659],[77.8028,37.7267],[77.9247,37.8683],[77.9638,37.9166],[78.0064,37.968],[78.1368,38.0905],[78.2412,38.1875],[78.3624,38.2956],[78.4517,38.3769],[78.5035,38.4219],[78.9965,38.6667],[79.2334,38.7948],[79.2581,38.8055],[79.2938,38.8071],[79.3288,38.8017],[79.3721,38.8151],[79.3851,38.8317],[79.3994,38.8292],[79.4126,38.8292],[79.4341,38.8218],[79.4499,38.8113],[79.4766,38.8056],[79.4957,38.8062],[79.5221,38.8028],[79.5406,38.7971],[79.557,38.7862],[79.5664,38.7841],[79.5843,38.8172],[79.5973,38.8285],[79.6001,38.8531],[79.6111,38.867],[79.6131,38.8916],[79.6056,38.9007],[79.6152,38.9097],[79.6145,38.9263],[79.7619,39.6227],[79.7824,39.7484],[79.7844,39.8001],[79.8108,39.8746],[79.8118,39.883],[79.8079,39.8889],[79.8128,39.8959],[79.8105,39.9024],[79.8186,39.906],[79.833,39.9024],[79.8425,39.9038],[79.8414,39.9269],[79.8563,39.9228],[79.8612,39.9364],[79.8495,39.9402],[79.8496,39.9487],[79.861,39.9566],[79.8452,39.9748],[79.8359,39.9829],[79.8363,40.0013],[79.8467,40.0094],[79.8582,40.0134],[79.8462,40.093],[79.8385,40.131],[79.8311,40.1306],[79.8165,40.137],[79.8064,40.1343],[79.775,40.1412],[79.7704,40.1394],[79.7413,40.142],[79.7286,40.1469],[79.5802,40.1768],[79.4971,40.2119],[79.4181,40.2271],[79.3227,40.2439],[79.2622,40.2507],[79.2052,40.2544],[79.1757,40.2512],[79.1455,40.2554],[79.0054,40.2187],[78.9759,40.2255],[78.9457,40.2379],[78.923,40.2497],[78.899,40.258],[78.8724,40.2476],[78.8587,40.2407],[78.8403,40.2339],[78.7867,40.2199],[78.7745,40.2098],[78.7557,40.1851],[78.7417,40.1758],[78.7231,40.1717],[78.6911,40.1584],[78.6188,40.1329],[78.6007,40.1245],[78.5908,40.1091],[78.5826,40.1023],[78.5574,40.0937],[78.5495,40.087],[78.5488,40.0694],[78.5454,40.0651],[78.5074,40.0457],[78.4963,40.0447],[78.4858,40.0526],[78.4757,40.0518],[78.4764,40.0438],[78.4691,40.0372],[78.4221,40.0235],[78.3786,40.0134],[78.3749,40.007],[78.364,40.0107]],[[77.3178,37.3031],[77.3228,37.3388],[77.3335,37.3441],[77.3549,37.3367],[77.3367,37.3056],[77.3245,37.3075],[77.3178,37.3031]],[[77.3432,37.3729],[77.3273,37.3799],[77.3315,37.3902],[77.3407,37.3968],[77.3437,37.3808],[77.3432,37.3729]],[[77.7936,38.8729],[77.7594,38.9018],[77.7839,38.9263],[77.7837,38.9305],[77.7921,38.9483],[77.7872,38.9613],[77.7894,38.9658],[77.8031,38.9667],[77.8114,38.9724],[77.8001,38.9764],[77.7935,38.9825],[77.8046,38.9941],[77.795,38.9994],[77.7873,39.0102],[77.7819,39.0107],[77.7707,39.0191],[77.7752,39.0381],[77.8014,39.0375],[77.8204,39.0453],[77.8234,39.0506],[77.8351,39.0562],[77.8465,39.0574],[77.8579,39.0707],[77.857,39.0872],[77.8719,39.0896],[77.8784,39.1115],[77.8882,39.1154],[77.8875,39.121],[77.8929,39.1322],[77.8843,39.1322],[77.8875,39.1435],[77.9373,39.1801],[77.9558,39.2039],[77.9558,39.2101],[77.974,39.2111],[77.9809,39.2137],[77.9956,39.2135],[78.0092,39.2173],[78.0165,39.2244],[78.0261,39.2259],[78.0419,39.2341],[78.1237,39.2679],[78.1481,39.2912],[78.1713,39.2943],[78.1858,39.2995],[78.1894,39.2973],[78.1731,39.2478],[78.1176,39.1613],[78.0918,39.1141],[78.0812,39.0906],[78.0674,39.0525],[78.0614,39.0295],[78.0557,39.0231],[77.948,38.9912],[77.8915,38.9749],[77.9077,38.8793],[77.7936,38.8729]],[[77.6678,38.7547],[77.6596,38.7642],[77.6513,38.769],[77.6447,38.7768],[77.6639,38.7877],[77.6763,38.7856],[77.6945,38.8003],[77.7084,38.7995],[77.7369,38.7908],[77.7681,38.7859],[77.815,38.787],[77.9184,38.7996],[77.9166,38.7663],[77.9145,38.7457],[77.8929,38.7426],[77.8949,38.6928],[77.8939,38.6893],[77.8601,38.6578],[77.8355,38.6713],[77.8298,38.6803],[77.8178,38.682],[77.8027,38.6798],[77.7772,38.6628],[77.7647,38.665],[77.7552,38.6881],[77.7503,38.7048],[77.6972,38.7063],[77.674,38.7118],[77.6607,38.7274],[77.679,38.7374],[77.6661,38.7497],[77.6678,38.7547]],[[77.1121,38.5794],[77.0979,38.5889],[77.08,38.5834],[77.0649,38.6098],[77.0693,38.6181],[77.0542,38.6234],[77.0666,38.6457],[77.0818,38.6405],[77.1024,38.6777],[77.1255,38.6693],[77.0981,38.6183],[77.1106,38.6057],[77.1255,38.6147],[77.1337,38.6067],[77.1435,38.6027],[77.1329,38.5831],[77.1359,38.5783],[77.1325,38.5576],[77.1231,38.5567],[77.109,38.5655],[77.1121,38.5794]],[[77.1194,39.1349],[77.1185,39.1285],[77.1295,39.1218],[77.1044,39.113],[77.0743,39.1189],[77.0551,39.1194],[77.0454,39.1228],[77.046,39.1447],[77.0376,39.1453],[77.0392,39.1603],[77.0337,39.1606],[77.035,39.1747],[77.0548,39.177],[77.0547,39.1873],[77.134,39.188],[77.1348,39.1759],[77.1326,39.1609],[77.1336,39.149],[77.1453,39.1471],[77.1375,39.1332],[77.1194,39.1349]],[[77.1657,39.149],[77.1702,39.1564],[77.166,39.1628],[77.1886,39.1707],[77.1966,39.1657],[77.2168,39.16],[77.2289,39.1468],[77.2487,39.1341],[77.2498,39.0454],[77.2455,39.0421],[77.186,39.0422],[77.1694,39.0252],[77.1694,39.0046],[77.1639,38.9991],[77.1494,39.001],[77.1434,39.0222],[77.1436,39.0272],[77.1516,39.0338],[77.1559,39.0613],[77.1493,39.068],[77.1501,39.084],[77.1479,39.0932],[77.16,39.1096],[77.1661,39.1301],[77.1657,39.149]],[[76.1734,38.8398],[76.1809,38.8581],[76.1902,38.8583],[76.1919,38.8727],[76.2067,38.868],[76.2283,38.8581],[76.24,38.861],[76.2474,38.8226],[76.227,38.8257],[76.2262,38.822],[76.1973,38.8263],[76.1927,38.822],[76.1766,38.8222],[76.1676,38.8295],[76.1734,38.8398]],[[76.319,38.8381],[76.3433,38.8305],[76.3783,38.8172],[76.384,38.814],[76.3709,38.8036],[76.3461,38.7867],[76.3342,38.7961],[76.3225,38.8003],[76.3223,38.8155],[76.3029,38.8132],[76.2953,38.828],[76.2899,38.8218],[76.2679,38.8296],[76.2649,38.8206],[76.2513,38.8178],[76.2464,38.847],[76.2491,38.8608],[76.2687,38.8531],[76.3058,38.8455],[76.319,38.8381]],[[77.4677,39.6552],[77.4769,39.6597],[77.47,39.6746],[77.4893,39.6815],[77.4792,39.7013],[77.4728,39.7039],[77.4474,39.6994],[77.4328,39.7008],[77.4343,39.7172],[77.4246,39.7173],[77.3915,39.7048],[77.3748,39.7272],[77.3834,39.749],[77.3981,39.7513],[77.4029,39.7483],[77.4398,39.7494],[77.4655,39.7473],[77.4651,39.777],[77.5463,39.7777],[77.5536,39.7648],[77.5894,39.7652],[77.5834,39.7782],[77.5987,39.7784],[77.6204,39.7755],[77.6261,39.7594],[77.6296,39.736],[77.6058,39.7341],[77.6245,39.6936],[77.6217,39.6889],[77.6439,39.6871],[77.6772,39.6895],[77.7,39.6978],[77.7266,39.6944],[77.738,39.7019],[77.7506,39.6902],[77.7723,39.6854],[77.7913,39.6898],[77.7993,39.6944],[77.8147,39.6846],[77.8446,39.6832],[77.8636,39.6923],[77.8774,39.6928],[77.8784,39.6748],[77.8582,39.6735],[77.8467,39.6692],[77.8358,39.6621],[77.8118,39.6587],[77.8073,39.6526],[77.7862,39.6485],[77.7761,39.6506],[77.7789,39.641],[77.7766,39.6294],[77.759,39.6221],[77.7499,39.61],[77.7573,39.598],[77.7562,39.5902],[77.5761,39.5945],[77.5755,39.5828],[77.4314,39.5845],[77.4309,39.6045],[77.4203,39.6083],[77.4151,39.6242],[77.4087,39.6328],[77.4257,39.6347],[77.4313,39.6381],[77.4492,39.6384],[77.4569,39.6456],[77.4614,39.6542],[77.4677,39.6552]],[[79.2794,39.8778],[79.2683,39.8731],[79.2968,39.8444],[79.2926,39.8315],[79.2821,39.8256],[79.2822,39.8184],[79.2928,39.8125],[79.3063,39.8146],[79.3114,39.8183],[79.3243,39.816],[79.3237,39.8033],[79.3135,39.8033],[79.3051,39.799],[79.2922,39.8017],[79.2746,39.7909],[79.2646,39.7916],[79.2581,39.7849],[79.2486,39.7858],[79.2372,39.7818],[79.2461,39.773],[79.2474,39.7562],[79.2431,39.7406],[79.2375,39.7316],[79.1663,39.7142],[79.1107,39.7135],[79.0985,39.6955],[79.0924,39.6832],[79.0768,39.673],[79.0672,39.6735],[79.0415,39.6671],[78.9994,39.6607],[78.9978,39.6587],[78.9987,39.6236],[78.8977,39.6083],[78.8801,39.6122],[78.8372,39.6116],[78.8273,39.6241],[78.8113,39.6348],[78.7938,39.6259],[78.7801,39.6323],[78.7953,39.6516],[78.79,39.6628],[78.7727,39.6538],[78.7393,39.6521],[78.7158,39.6469],[78.7042,39.6497],[78.7003,39.6589],[78.7112,39.6662],[78.708,39.6833],[78.7025,39.6899],[78.6918,39.691],[78.6873,39.6973],[78.6693,39.7],[78.672,39.7081],[78.6599,39.7184],[78.6546,39.7304],[78.6551,39.7389],[78.6859,39.7516],[78.7039,39.7618],[78.7081,39.7701],[78.7316,39.789],[78.7551,39.7944],[78.7584,39.8035],[78.7509,39.8191],[78.7739,39.8275],[78.7694,39.8138],[78.7705,39.8042],[78.782,39.7825],[78.7804,39.7727],[78.7707,39.7662],[78.7693,39.7586],[78.7877,39.7595],[78.7985,39.7533],[78.8055,39.7442],[78.8034,39.7302],[78.7892,39.7267],[78.7955,39.7099],[78.7922,39.7028],[78.7772,39.6971],[78.7806,39.6872],[78.7911,39.6763],[78.7975,39.6617],[78.8064,39.6546],[78.8124,39.6612],[78.8222,39.6621],[78.8255,39.667],[78.8261,39.6867],[78.8372,39.7011],[78.8367,39.709],[78.8413,39.714],[78.8587,39.718],[78.8603,39.7019],[78.8671,39.709],[78.8784,39.7008],[78.8833,39.711],[78.8709,39.7404],[78.8693,39.7606],[78.8989,39.7625],[78.903,39.7792],[78.989,39.7813],[78.9965,39.7867],[78.9985,39.7979],[78.9948,39.8071],[78.9747,39.8043],[78.9425,39.809],[78.9076,39.8252],[78.907,39.8341],[78.924,39.8449],[78.9253,39.8547],[78.9296,39.8595],[78.9398,39.8593],[78.9565,39.8638],[78.9738,39.8711],[78.9714,39.8761],[78.9757,39.8898],[78.9565,39.8975],[78.947,39.8967],[78.9412,39.9085],[78.9878,39.9282],[78.9944,39.9481],[78.9995,39.9725],[79.0362,39.9785],[79.0233,40.0074],[79.0176,40.0136],[79.0114,40.0267],[79.0278,40.033],[79.0603,40.039],[79.0726,40.0396],[79.098,40.0444],[79.1377,40.0499],[79.1611,40.0521],[79.1773,40.0553],[79.1971,40.0568],[79.341,40.0773],[79.4804,40.0972],[79.4904,40.0915],[79.5035,40.0781],[79.5544,40.0299],[79.5718,40.0119],[79.5777,39.9993],[79.5984,39.9355],[79.6053,39.9068],[79.6046,39.9029],[79.5864,39.885],[79.5491,39.8614],[79.5332,39.8624],[79.4997,39.8719],[79.495,39.872],[79.4378,39.8882],[79.422,39.8915],[79.4046,39.8918],[79.2794,39.8778]]]]},"properties":{"region_code":"CN-65-6531","parent_region_code":"CN-65","name":"喀什地区","level":"prefecture","has_children":true,"full_path":"中国 / 新疆维吾尔自治区 / 喀什地区","source_admin_code":"6531","osm_relation_id":2748436}},
{"type":"Feature","geometry":{"type":"MultiPolygon","coordinates":[[[[80.584,36.0917],[80.5986,36.1021],[80.6016,36.1141],[80.5839,36.1174],[80.582,36.1155],[80.5864,36.0979],[80.584,36.0917]]],[[[83.4109,39.4828],[82.5128,39.4844],[82.1767,39.485],[82.0047,39.4842],[81.5203,39.4842],[81.0805,39.4832],[80.8923,39.4807],[80.1576,39.4638],[79.7619,39.6227],[79.6145,38.9263],[79.6152,38.9097],[79.6056,38.9007],[79.6131,38.8916],[79.6111,38.867],[79.6001,38.8531],[79.5973,38.8285],[79.5843,38.8172],[79.5664,38.7841],[79.557,38.7862],[79.5406,38.7971],[79.5221,38.8028],[79.4957,38.8062],[79.4766,38.8056],[79.4499,38.8113],[79.4341,38.8218],[79.4126,38.8292],[79.3994,38.8292],[79.3851,38.8317],[79.3721,38.8151],[79.3288,38.8017],[79.2938,38.8071],[79.2581,38.8055],[79.2334,38.7948],[78.9965,38.6667],[78.5035,38.4219],[78.4517,38.3769],[78.3624,38.2956],[78.2412,38.1875],[78.1368,38.0905],[78.0064,37.968],[77.9638,37.9166],[77.9247,37.8683],[77.8028,37.7267],[77.7372,37.6659],[77.731,37.6544],[77.7386,37.6344],[77.7221,37.6224],[77.7101,37.6066],[77.7039,37.5955],[77.6902,37.5859],[77.6658,37.5868],[77.6531,37.5634],[77.6603,37.544],[77.6644,37.4776],[77.6672,37.4438],[77.6551,37.4212],[77.6524,37.4075],[77.6411,37.392],[77.6362,37.3762],[77.6338,37.3551],[77.6307,37.3446],[77.6095,37.3142],[77.5964,37.3011],[77.6071,37.2825],[77.6284,37.276],[77.6431,37.2642],[77.6404,37.235],[77.6521,37.2265],[77.649,37.218],[77.6582,37.2016],[77.6579,37.1912],[77.6462,37.1833],[77.6637,37.1647],[77.6617,37.1477],[77.6778,37.1275],[77.6768,37.1113],[77.6644,37.0902],[77.6672,37.0779],[77.6524,37.0697],[77.6472,37.0431],[77.6582,37.0154],[77.65,37.002],[77.6445,36.9784],[77.6198,36.9603],[77.6081,36.9362],[77.5751,36.9356],[77.5497,36.9323],[77.5185,36.9355],[77.5155,36.9133],[77.519,36.8988],[77.5169,36.892],[77.5199,36.8735],[77.5267,36.8695],[77.5348,36.8544],[77.5293,36.8476],[77.5159,36.845],[77.5021,36.8396],[77.4954,36.831],[77.4867,36.8027],[77.4877,36.7944],[77.5017,36.7791],[77.5231,36.7636],[77.557,36.7472],[77.5659,36.7372],[77.5828,36.7246],[77.6166,36.7066],[77.6349,36.6947],[77.6452,36.6815],[77.6435,36.6704],[77.6323,36.6658],[77.6352,36.6531],[77.627,36.6536],[77.6218,36.6431],[77.615,36.6453],[77.5966,36.6414],[77.575,36.6341],[77.5722,36.6239],[77.5839,36.6229],[77.5805,36.6113],[77.5666,36.609],[77.54,36.6146],[77.5253,36.6021],[77.5124,36.5967],[77.5112,36.5825],[77.5039,36.5652],[77.4888,36.5532],[77.4708,36.5574],[77.4591,36.5554],[77.4479,36.544],[77.4196,36.5473],[77.4086,36.5501],[77.405,36.5473],[77.4071,36.5305],[77.3984,36.5089],[77.4128,36.5009],[77.4182,36.4944],[77.4337,36.4882],[77.4436,36.4916],[77.4509,36.485],[77.4601,36.4885],[77.4784,36.4807],[77.4841,36.4845],[77.4926,36.4792],[77.5062,36.477],[77.5158,36.4793],[77.5267,36.4679],[77.5554,36.458],[77.5612,36.4608],[77.5731,36.4539],[77.5796,36.446],[77.5801,36.4269],[77.6007,36.4145],[77.6028,36.4089],[77.6114,36.4033],[77.624,36.3844],[77.608,36.3649],[77.608,36.3591],[77.6217,36.352],[77.6292,36.3431],[77.6361,36.3454],[77.6475,36.3359],[77.65,36.3277],[77.6604,36.3275],[77.6763,36.3192],[77.6891,36.3039],[77.7057,36.2965],[77.709,36.2889],[77.718,36.2847],[77.7283,36.2845],[77.7346,36.2889],[77.7452,36.2837],[77.764,36.2983],[77.7717,36.3014],[77.786,36.2979],[77.796,36.2992],[77.8089,36.2956],[77.8207,36.2879],[77.8237,36.2827],[77.8346,36.2752],[77.8434,36.2608],[77.8634,36.2429],[77.865,36.2348],[77.8858,36.2198],[77.8852,36.2137],[77.9028,36.2046],[77.9095,36.1983],[77.9087,36.1924],[77.8883,36.1894],[77.871,36.176],[77.8586,36.1784],[77.8513,36.1836],[77.8414,36.1788],[77.8331,36.1678],[77.8221,36.1639],[77.806,36.1502],[77.8025,36.1402],[77.7912,36.1367],[77.7879,36.1325],[77.7879,36.113],[77.7767,36.1127],[77.77,36.1095],[77.7495,36.1136],[77.7387,36.1119],[77.728,36.0988],[77.7311,36.0912],[77.7323,36.0753],[77.7279,36.0707],[77.7339,36.0634],[77.7391,36.0518],[77.7377,36.0394],[77.7546,36.0323],[77.7704,36.0341],[77.7785,36.029],[77.7891,36.0304],[77.8007,36.0283],[77.8085,36.0215],[77.8199,36.0187],[77.8286,36.012],[77.8413,36.0094],[77.849,35.9986],[77.871,35.9953],[77.8819,35.9702],[77.8989,35.9607],[77.909,35.9665],[77.914,35.9549],[77.9137,35.9383],[77.9215,35.9316],[77.9112,35.9232],[77.9103,35.9187],[77.9009,35.9138],[77.8858,35.9096],[77.884,35.9025],[77.8657,35.9118],[77.8424,35.9132],[77.8424,35.9058],[77.8547,35.8958],[77.8627,35.8858],[77.8648,35.879],[77.8626,35.87],[77.8656,35.854],[77.8715,35.8513],[77.8781,35.8343],[77.8766,35.8125],[77.8561,35.8118],[77.8497,35.803],[77.8367,35.8075],[77.8293,35.7998],[77.8341,35.791],[77.8443,35.7799],[77.841,35.7675],[77.8523,35.7583],[77.8523,35.7509],[77.8377,35.7504],[77.8195,35.747],[77.8151,35.7321],[77.8159,35.7204],[77.8201,35.7153],[77.8298,35.7148],[77.8448,35.7009],[77.8493,35.6878],[77.8379,35.6742],[77.8233,35.6689],[77.83,35.6602],[77.8396,35.6565],[77.8434,35.6351],[77.8398,35.6185],[77.8121,35.6037],[77.8142,35.5923],[77.8028,35.5886],[77.7931,35.5821],[77.7945,35.5752],[77.788,35.5618],[77.779,35.555],[77.7879,35.5473],[77.7917,35.5385],[77.7975,35.5338],[77.8051,35.5385],[77.8174,35.5368],[77.8196,35.5263],[77.8146,35.5221],[77.8297,35.5035],[77.8401,35.5041],[77.8443,35.4969],[77.8536,35.4907],[77.8601,35.5001],[77.8709,35.4957],[77.8822,35.4797],[77.8889,35.4797],[77.8998,35.468],[77.911,35.4621],[77.9215,35.4836],[77.9173,35.4883],[77.9241,35.4972],[77.9368,35.4897],[77.9477,35.4786],[77.9546,35.4826],[77.9683,35.4826],[77.969,35.4958],[77.9871,35.4931],[77.9947,35.4897],[78.0006,35.4943],[78.0072,35.489],[78.0094,35.4817],[78.025,35.4683],[78.0334,35.4698],[78.0355,35.4829],[78.0398,35.4888],[78.0573,35.4901],[78.066,35.4867],[78.0705,35.4935],[78.0981,35.4995],[78.1373,35.4917],[78.1148,35.4749],[78.1104,35.4701],[78.1041,35.4452],[78.1072,35.4404],[78.101,35.4303],[78.0903,35.4223],[78.0839,35.4213],[78.0715,35.4113],[78.054,35.3997],[78.0389,35.3758],[78.019,35.3669],[78.0136,35.3618],[78.0113,35.2741],[78.0029,35.2428],[78.0078,35.2389],[78.0048,35.2308],[78.0109,35.2295],[78.015,35.2157],[78.0219,35.2163],[78.0294,35.204],[78.0377,35.2009],[78.0551,35.1782],[78.0661,35.1741],[78.0731,35.1766],[78.0882,35.1756],[78.0911,35.1666],[78.1022,35.1686],[78.1057,35.1642],[78.1022,35.1573],[78.1043,35.1453],[78.0989,35.136],[78.1023,35.1202],[78.1106,35.118],[78.1124,35.1064],[78.1318,35.0997],[78.1315,35.091],[78.1396,35.0765],[78.1464,35.0705],[78.1393,35.0674],[78.1332,35.0597],[78.1377,35.0512],[78.121,35.0451],[78.1145,35.0318],[78.129,35.0238],[78.1278,35.0191],[78.1427,35.011],[78.1442,35.0046],[78.158,34.9887],[78.1715,34.9861],[78.1765,34.9879],[78.1937,34.9753],[78.2015,34.9731],[78.2036,34.9665],[78.2023,34.9548],[78.1851,34.9423],[78.1744,34.9404],[78.1785,34.9285],[78.1964,34.9146],[78.1978,34.9089],[78.2077,34.9022],[78.2032,34.8913],[78.2253,34.8891],[78.2346,34.8822],[78.2372,34.8698],[78.2282,34.8526],[78.2341,34.8446],[78.2333,34.8339],[78.2281,34.8258],[78.2298,34.8195],[78.2255,34.8112],[78.2313,34.8045],[78.2269,34.7736],[78.2126,34.7694],[78.2101,34.7597],[78.2041,34.7536],[78.2022,34.7354],[78.2079,34.7218],[78.2156,34.7172],[78.2216,34.7181],[78.2337,34.7143],[78.2411,34.7146],[78.2474,34.7088],[78.2583,34.7082],[78.2649,34.7021],[78.272,34.7013],[78.2784,34.676],[78.2724,34.668],[78.2626,34.6637],[78.2691,34.65],[78.2688,34.6377],[78.273,34.6298],[78.2901,34.6151],[78.3015,34.6151],[78.3296,34.6114],[78.3304,34.6079],[78.3421,34.6026],[78.3634,34.6058],[78.3856,34.6065],[78.4093,34.5958],[78.4209,34.5951],[78.4292,34.5906],[78.4313,34.5707],[78.4264,34.5607],[78.4355,34.5419],[78.446,34.5434],[78.4515,34.5522],[78.4527,34.5614],[78.4603,34.5692],[78.475,34.5682],[78.4825,34.5783],[78.5027,34.5788],[78.518,34.5732],[78.5317,34.5775],[78.5405,34.5723],[78.5519,34.5715],[78.5517,34.5623],[78.5598,34.553],[78.5605,34.54],[78.5566,34.5326],[78.5611,34.527],[78.5565,34.5196],[78.5636,34.5096],[78.5701,34.5101],[78.5799,34.5044],[78.5876,34.5098],[78.594,34.5185],[78.5915,34.5282],[78.6143,34.5398],[78.6247,34.5381],[78.6363,34.5428],[78.6489,34.5404],[78.662,34.5338],[78.6783,34.5319],[78.6844,34.5274],[78.7097,34.5259],[78.7156,34.5099],[78.7153,34.5031],[78.7281,34.4957],[78.739,34.4931],[78.7567,34.4844],[78.7549,34.4741],[78.7569,34.4676],[78.7517,34.462],[78.7387,34.4593],[78.7423,34.453],[78.7571,34.4481],[78.764,34.4398],[78.7771,34.4382],[78.783,34.4427],[78.7962,34.4368],[78.8059,34.4356],[78.8162,34.4224],[78.8246,34.4179],[78.8511,34.4153],[78.8614,34.4049],[78.8778,34.3954],[78.8771,34.3901],[78.8683,34.378],[78.8722,34.3716],[78.8883,34.3589],[78.9037,34.354],[78.9065,34.3655],[78.9264,34.3653],[78.9317,34.38],[78.9472,34.3893],[78.9646,34.3858],[78.9636,34.3716],[78.982,34.357],[78.9979,34.3539],[79.0027,34.3488],[79.0302,34.3362],[79.0392,34.3341],[79.0435,34.345],[79.0486,34.35],[79.034,34.3601],[79.0214,34.3884],[79.008,34.4026],[79.0273,34.4121],[79.0335,34.4123],[79.035,34.4226],[79.054,34.4282],[79.0657,34.4273],[79.0684,34.4146],[79.0816,34.4139],[79.091,34.4234],[79.1137,34.4306],[79.1214,34.4359],[79.1533,34.4441],[79.1613,34.4427],[79.1671,34.4345],[79.1797,34.4238],[79.194,34.4226],[79.2001,34.4184],[79.2278,34.4159],[79.2562,34.4236],[79.2721,34.4384],[79.3277,34.4445],[79.363,34.4292],[79.3871,34.4338],[79.4223,34.4491],[79.5019,34.4564],[79.5089,34.4537],[79.5255,34.4607],[79.5338,34.4696],[79.5382,34.4789],[79.5479,34.4749],[79.5517,34.4673],[79.5631,34.4579],[79.585,34.4608],[79.5929,34.4665],[79.6048,34.4653],[79.6127,34.4553],[79.6234,34.4498],[79.6455,34.4563],[79.6562,34.4515],[79.6736,34.4546],[79.6809,34.4617],[79.685,34.4767],[79.694,34.4782],[79.7033,34.4862],[79.7216,34.4717],[79.7527,34.4777],[79.7555,34.4722],[79.7655,34.4705],[79.7786,34.4791],[79.7967,34.4822],[79.8103,34.4872],[79.8187,34.4929],[79.8356,34.5106],[79.8476,34.5155],[79.8605,34.5293],[79.8614,34.5373],[79.8438,34.5534],[79.8437,34.5595],[79.857,34.5808],[79.8587,34.5917],[79.8715,34.6175],[79.8859,34.6272],[79.8851,34.6445],[79.8733,34.6523],[79.8663,34.6611],[79.8672,34.6717],[79.8816,34.675],[79.8942,34.6808],[79.8984,34.6923],[79.9079,34.6946],[79.9018,34.7044],[79.9031,34.7091],[79.9012,34.7266],[79.8982,34.7327],[79.9053,34.7465],[79.9125,34.7507],[79.9121,34.7562],[79.9196,34.765],[79.9208,34.7719],[79.927,34.7742],[79.9286,34.7891],[79.9358,34.7989],[79.9424,34.8032],[79.9403,34.8118],[79.9473,34.8232],[79.938,34.8283],[79.9267,34.8507],[79.9273,34.8554],[79.958,34.865],[79.9786,34.8598],[79.9866,34.8611],[79.996,34.8575],[79.9999,34.8622],[79.9974,34.8785],[80.0028,34.8961],[80.0167,34.903],[80.0357,34.9044],[80.0375,34.9123],[80.0337,34.9256],[80.0363,34.9273],[80.0418,34.9452],[80.0272,34.9519],[80.0244,34.9725],[80.0299,34.9809],[80.0442,34.9823],[80.0423,34.9892],[80.0325,34.9919],[80.0277,34.9999],[80.0315,35.0062],[80.038,35.0072],[80.0452,35.0255],[80.0351,35.0321],[80.0309,35.0411],[80.0458,35.0526],[80.055,35.0634],[80.0611,35.0658],[80.0766,35.0781],[80.103,35.0678],[80.1173,35.0668],[80.1937,35.1184],[80.1967,35.122],[80.2079,35.1239],[80.2162,35.1392],[80.2247,35.143],[80.2374,35.1544],[80.2243,35.163],[80.2223,35.178],[80.2468,35.1857],[80.2538,35.1944],[80.2563,35.2042],[80.2839,35.204],[80.2852,35.2113],[80.2995,35.2089],[80.3145,35.2038],[80.3461,35.2059],[80.3591,35.2026],[80.3639,35.21],[80.3294,35.2266],[80.3253,35.2327],[80.3246,35.2421],[80.3137,35.2492],[80.2869,35.2746],[80.2772,35.2865],[80.2662,35.2964],[80.2736,35.3005],[80.2772,35.3162],[80.2764,35.3283],[80.2879,35.3578],[80.2988,35.3685],[80.3109,35.37],[80.3198,35.3774],[80.3277,35.3789],[80.3468,35.391],[80.3607,35.3867],[80.3769,35.3923],[80.395,35.4147],[80.4119,35.426],[80.4149,35.4353],[80.4292,35.4498],[80.4422,35.4485],[80.439,35.4278],[80.4458,35.418],[80.4709,35.414],[80.486,35.407],[80.5018,35.4081],[80.5021,35.3976],[80.5104,35.3937],[80.5198,35.3952],[80.5374,35.4084],[80.5495,35.3982],[80.5776,35.3962],[80.598,35.4107],[80.6365,35.3951],[80.6546,35.3983],[80.6628,35.3721],[80.6885,35.3677],[80.6844,35.3491],[80.6973,35.3383],[80.7579,35.3356],[80.8423,35.3464],[80.8923,35.3251],[80.9343,35.3282],[80.9508,35.3136],[81.0273,35.3146],[81.0482,35.3366],[81.0266,35.3824],[81.0334,35.393],[81.0956,35.4108],[81.1013,35.3893],[81.1162,35.3879],[81.1396,35.3659],[81.1782,35.3716],[81.1918,35.3656],[81.2048,35.3261],[81.2169,35.3201],[81.2378,35.3297],[81.253,35.3253],[81.2653,35.3433],[81.2947,35.3448],[81.3171,35.3371],[81.3325,35.3488],[81.3523,35.3398],[81.3848,35.3384],[81.4251,35.3599],[81.4459,35.3543],[81.4618,35.3378],[81.4672,35.3149],[81.4981,35.3056],[81.4966,35.2911],[81.5653,35.2393],[81.6723,35.2346],[81.7311,35.2603],[81.8009,35.2768],[81.8607,35.2611],[81.8908,35.2858],[81.9385,35.3012],[81.9233,35.3172],[81.9372,35.3258],[81.993,35.3245],[82.0134,35.3287],[82.0454,35.3634],[82.042,35.4493],[82.0681,35.4513],[82.0784,35.4653],[82.1294,35.4813],[82.1568,35.5014],[82.1835,35.4946],[82.1923,35.5189],[82.2317,35.5211],[82.2607,35.5487],[82.2964,35.5456],[82.3169,35.5541],[82.3315,35.5663],[82.3278,35.5862],[82.3474,35.6117],[82.3332,35.652],[82.39,35.6567],[82.4059,35.7],[82.4222,35.7133],[82.4658,35.718],[82.5112,35.6985],[82.5435,35.7093],[82.626,35.6931],[82.6496,35.6739],[82.7286,35.6386],[82.7776,35.6669],[82.7899,35.6874],[82.8779,35.6892],[82.8922,35.6748],[82.9647,35.6682],[82.9536,35.6371],[82.9788,35.6006],[82.9786,35.557],[82.969,35.5491],[82.9962,35.4853],[83.0646,35.4633],[83.086,35.4261],[83.1237,35.3992],[83.1899,35.3925],[83.2509,35.4215],[83.2942,35.4007],[83.3444,35.3988],[83.3939,35.3823],[83.4475,35.3829],[83.4844,35.3996],[83.5339,35.3665],[83.539,35.3426],[83.5966,35.3522],[83.6194,35.3369],[83.6761,35.3654],[83.7812,35.3681],[83.8024,35.3555],[83.8801,35.3653],[83.8952,35.3986],[83.9117,35.4088],[83.9907,35.4222],[84.0264,35.4105],[84.0567,35.4115],[84.0938,35.3645],[84.1302,35.3757],[84.1786,35.3589],[84.2052,35.3815],[84.2761,35.4058],[84.334,35.415],[84.4498,35.4788],[84.4743,35.515],[84.4553,35.523],[84.4511,35.5484],[84.6987,35.6188],[84.7407,35.6138],[84.8364,35.6401],[84.8517,35.6666],[84.9182,35.6941],[84.9686,35.7045],[84.9838,35.7256],[84.9699,35.7363],[84.9645,35.7472],[84.9552,35.7488],[84.9458,35.7613],[84.9378,35.7655],[84.9193,35.7684],[84.9157,35.771],[84.9124,35.7889],[84.9078,35.8022],[84.9062,35.8141],[84.9113,35.8527],[84.9111,35.8611],[84.9005,35.8708],[84.8982,35.8777],[84.8909,35.8832],[84.8877,35.8934],[84.8822,35.8982],[84.8819,35.9109],[84.8757,35.9217],[84.8766,35.9307],[84.8734,35.9362],[84.8619,35.9396],[84.8586,35.9473],[84.8657,35.9525],[84.8684,35.969],[84.8651,35.9798],[84.8715,35.9852],[84.8666,35.9932],[84.871,36],[84.8667,36.0041],[84.8681,36.0127],[84.8645,36.0284],[84.8549,36.0404],[84.8454,36.0412],[84.8374,36.0499],[84.8414,36.0582],[84.8399,36.0678],[84.8519,36.0745],[84.8447,36.083],[84.8515,36.0903],[84.8405,36.0993],[84.7923,36.1003],[84.7739,36.1027],[84.763,36.1082],[84.7548,36.1194],[84.7254,36.1235],[84.7212,36.1289],[84.6991,36.1321],[84.6713,36.1508],[84.667,36.1598],[84.6703,36.1829],[84.6539,36.1849],[84.643,36.1919],[84.634,36.1929],[84.6251,36.1998],[84.6151,36.2207],[84.5674,36.2265],[84.563,36.2431],[84.5548,36.2545],[84.5435,36.2598],[84.5448,36.2646],[84.5338,36.2702],[84.5058,36.2706],[84.474,36.2746],[84.4603,36.2788],[84.4491,36.2759],[84.4139,36.2772],[84.4078,36.3103],[84.3829,36.3122],[84.3709,36.309],[84.3605,36.3123],[84.3566,36.3246],[84.3497,36.3292],[84.3488,36.3446],[84.3446,36.3648],[84.3375,36.3712],[84.3488,36.3784],[84.3549,36.3928],[84.3537,36.3981],[84.3376,36.4055],[84.3252,36.4156],[84.3252,36.4223],[84.3158,36.4257],[84.304,36.4247],[84.3095,36.4378],[84.311,36.4559],[84.3171,36.4634],[84.3151,36.4732],[84.3382,36.4894],[84.338,36.5115],[84.3435,36.5253],[84.3439,36.54],[84.3406,36.5557],[84.3277,36.5743],[84.3102,36.5917],[84.2999,36.6116],[84.2869,36.6114],[84.2717,36.615],[84.2573,36.6229],[84.2493,36.6346],[84.25,36.6422],[84.2312,36.6464],[84.2217,36.6565],[84.2079,36.6623],[84.196,36.6612],[84.1856,36.6713],[84.1763,36.6876],[84.1634,36.6952],[84.1553,36.6902],[84.1464,36.6895],[84.126,36.6944],[84.1055,36.6916],[84.0986,36.6955],[84.0803,36.6955],[84.063,36.7022],[84.0631,36.7087],[84.0571,36.7207],[84.0422,36.7268],[84.0288,36.7282],[84.01,36.7409],[84.0061,36.7536],[84.0006,36.7635],[83.9872,36.769],[83.9642,36.7621],[83.9407,36.7618],[83.9305,36.7667],[83.9148,36.7666],[83.9068,36.7777],[83.8987,36.7795],[83.8868,36.7917],[83.8753,36.8001],[83.8589,36.8058],[83.8391,36.8091],[83.8325,36.8192],[83.8338,36.832],[83.847,36.856],[83.8586,36.8676],[83.8566,36.8873],[83.8396,36.9117],[83.8334,36.9356],[83.8344,36.9455],[83.8316,36.9527],[83.8221,36.9613],[83.8211,36.9715],[83.8254,36.9731],[83.8267,36.9955],[83.8368,37.0167],[83.8502,37.0306],[83.8498,37.0385],[83.8541,37.0456],[83.8521,37.0542],[83.8593,37.0677],[83.8591,37.0877],[83.8527,37.1013],[83.8528,37.1173],[83.8448,37.1351],[83.8391,37.1422],[83.8404,37.1513],[83.836,37.1574],[83.8237,37.1885],[83.8156,37.2046],[83.7972,37.2116],[83.7979,37.2321],[83.7954,37.2416],[83.7881,37.2503],[83.8015,37.2596],[83.8217,37.2769],[83.8345,37.284],[83.8611,37.2919],[83.8651,37.2961],[83.869,37.3097],[83.8829,37.3189],[83.8909,37.3488],[83.9062,37.3651],[83.922,37.3687],[83.9279,37.3733],[83.9327,37.3826],[83.9581,37.3935],[83.9702,37.4046],[83.974,37.4124],[83.9829,37.447],[83.982,37.4537],[83.9715,37.4862],[83.9767,37.4909],[83.9824,37.5034],[83.9848,37.5146],[83.9866,37.5682],[83.9823,37.5778],[83.9812,37.5938],[83.9872,37.6126],[83.9777,37.6254],[83.976,37.6352],[83.97,37.6458],[83.9611,37.6526],[83.9608,37.6717],[83.9572,37.6817],[83.9585,37.691],[83.9419,37.6995],[83.9414,37.7103],[83.9445,37.7279],[83.9386,37.7422],[83.9417,37.7478],[83.9345,37.7551],[83.9353,37.7649],[83.928,37.7752],[83.9367,37.8042],[83.9358,37.8216],[83.9379,37.827],[83.929,37.849],[83.9275,37.8571],[83.9134,37.8885],[83.8871,37.9418],[83.8235,38.037],[83.8165,38.048],[83.7883,38.0786],[83.7443,38.1161],[83.6327,38.1977],[83.5466,38.2542],[83.4983,38.2828],[83.4727,38.301],[83.4508,38.3198],[83.3831,38.3884],[83.384,39.0085],[83.3921,39.3335],[83.4109,39.4828]],[[81.3117,36.9772],[81.3514,36.9734],[81.3507,36.9542],[81.376,36.9316],[81.3905,36.917],[81.3833,36.9133],[81.3818,36.9],[81.3759,36.8975],[81.3758,36.8835],[81.3445,36.866],[81.3344,36.863],[81.2588,36.8853],[81.2542,36.8956],[81.2444,36.907],[81.2295,36.9491],[81.23,36.9514],[81.2714,36.9462],[81.2593,36.9635],[81.2544,36.9802],[81.3118,36.9874],[81.3117,36.9772]],[[80.7915,36.3028],[80.8028,36.2982],[80.807,36.2869],[80.8085,36.2666],[80.8015,36.2475],[80.8112,36.2471],[80.8189,36.2339],[80.826,36.2315],[80.8323,36.2229],[80.8396,36.1998],[80.8425,36.1856],[80.8388,36.1817],[80.8031,36.17],[80.7902,36.163],[80.7823,36.1826],[80.7742,36.1835],[80.7603,36.1776],[80.7565,36.173],[80.7438,36.1709],[80.7403,36.1613],[80.743,36.1519],[80.7316,36.1391],[80.7344,36.1258],[80.7274,36.1185],[80.716,36.115],[80.714,36.1225],[80.7038,36.1354],[80.6969,36.1365],[80.6955,36.1441],[80.7113,36.1473],[80.7204,36.1386],[80.7263,36.1443],[80.7268,36.1524],[80.7341,36.1629],[80.732,36.1705],[80.717,36.1841],[80.7022,36.1837],[80.7024,36.2042],[80.714,36.2213],[80.7182,36.237],[80.7217,36.2614],[80.7337,36.2565],[80.7517,36.2735],[80.7712,36.2891],[80.7731,36.3009],[80.7915,36.3028]],[[80.5905,36.1802],[80.5988,36.1713],[80.6185,36.1762],[80.6411,36.1787],[80.6475,36.1811],[80.6594,36.1651],[80.6747,36.1641],[80.67,36.1554],[80.6588,36.1421],[80.6565,36.1335],[80.6249,36.1164],[80.6086,36.1189],[80.608,36.1023],[80.6004,36.079],[80.5873,36.0803],[80.5848,36.0854],[80.5715,36.0962],[80.5749,36.1054],[80.5689,36.1176],[80.5568,36.1196],[80.5529,36.123],[80.5389,36.1258],[80.5317,36.1368],[80.5338,36.1538],[80.543,36.1642],[80.5559,36.1671],[80.5688,36.1731],[80.5717,36.1774],[80.5905,36.1802]],[[80.7783,36.0981],[80.7715,36.0919],[80.7663,36.0979],[80.7477,36.0915],[80.7339,36.0819],[80.7194,36.0682],[80.7184,36.0603],[80.731,36.0498],[80.7343,36.042],[80.7515,36.0326],[80.7432,36.025],[80.7115,36.0462],[80.7155,36.0895],[80.7252,36.1015],[80.7486,36.1107],[80.7621,36.1175],[80.7756,36.1203],[80.7823,36.1173],[80.7783,36.0981]],[[80.41,36.1142],[80.4115,36.1088],[80.3983,36.0992],[80.396,36.0931],[80.3838,36.0881],[80.374,36.0986],[80.3777,36.1069],[80.3856,36.1087],[80.4079,36.1241],[80.41,36.1142]],[[81.2268,36.1138],[81.2195,36.1064],[81.2107,36.1126],[81.2268,36.1138]],[[81.1262,36.0898],[81.1347,36.0904],[81.1454,36.095],[81.1536,36.0943],[81.1557,36.0848],[81.1499,36.0796],[81.1305,36.0499],[81.1367,36.0227],[81.1362,36.0178],[81.1423,36.0073],[81.1592,35.9869],[81.1574,35.9817],[81.1355,35.9781],[81.1206,35.9689],[81.1021,35.9779],[81.0985,35.9928],[81.0938,36.025],[81.0891,36.0299],[81.0614,36.038],[81.0406,36.0539],[81.0293,36.0753],[81.0145,36.0833],[81.0049,36.0838],[81.0034,36.0928],[80.9984,36.1012],[80.982,36.1007],[80.9894,36.0861],[80.9892,36.0806],[80.9994,36.0682],[81.004,36.0574],[81.0182,36.0527],[81.0242,36.0414],[81.0126,36.041],[81.0078,36.0493],[80.998,36.0465],[81.0015,36.0315],[81.0075,36.0258],[81.0051,36.0037],[81.0173,35.997],[81.0233,35.9897],[81.0264,35.9699],[81.0204,35.9586],[81.0075,35.9663],[80.9934,35.9868],[80.9671,36.0185],[80.96,36.0234],[80.9646,36.0319],[80.9654,36.04],[80.9591,36.0406],[80.9531,36.0488],[80.9541,36.0601],[80.9495,36.0711],[80.9457,36.0962],[80.9411,36.1107],[80.949,36.1084],[80.9537,36.1006],[80.9583,36.0968],[80.9587,36.0935],[80.9616,36.0934],[80.967,36.0884],[80.9671,36.0866],[80.9813,36.0701],[80.9832,36.072],[80.9687,36.0857],[80.9686,36.0884],[80.9636,36.0927],[80.9593,36.0943],[80.9592,36.0977],[80.956,36.0993],[80.9501,36.109],[80.9451,36.1128],[80.931,36.1141],[80.9061,36.0968],[80.8866,36.0869],[80.8789,36.0812],[80.8704,36.0883],[80.8637,36.1041],[80.8783,36.1132],[80.8983,36.1378],[80.8793,36.1444],[80.8839,36.1516],[80.879,36.1553],[80.8615,36.1465],[80.8465,36.1275],[80.8312,36.1217],[80.807,36.1306],[80.7934,36.1372],[80.7951,36.147],[80.8057,36.1446],[80.821,36.1446],[80.8392,36.1523],[80.8607,36.1665],[80.8798,36.175],[80.8907,36.1696],[80.9123,36.1652],[80.9202,36.1609],[80.9276,36.1628],[80.9447,36.1605],[80.9524,36.1633],[80.96,36.1606],[80.9647,36.1747],[80.9762,36.1855],[80.9827,36.1881],[81.001,36.2043],[81.0092,36.1932],[81.0174,36.1896],[81.0294,36.1966],[81.0406,36.1975],[81.0399,36.1746],[81.0574,36.1699],[81.0708,36.1691],[81.0796,36.1748],[81.0951,36.1904],[81.1059,36.1961],[81.1081,36.186],[81.1064,36.1678],[81.0985,36.1593],[81.097,36.1529],[81.0851,36.1562],[81.0765,36.1542],[81.0768,36.1481],[81.0938,36.1452],[81.0867,36.1326],[81.0874,36.1222],[81.081,36.1166],[81.0765,36.1043],[81.0784,36.0908],[81.0947,36.0835],[81.1,36.0727],[81.1172,36.0714],[81.1213,36.0763],[81.1262,36.0898]],[[81.1262,36.0898],[81.1162,36.0946],[81.1231,36.1084],[81.1362,36.1132],[81.1449,36.1094],[81.1256,36.0978],[81.1262,36.0898]],[[80.9417,36.0959],[80.9395,36.0864],[80.9309,36.0767],[80.9164,36.0705],[80.9091,36.0648],[80.9072,36.0493],[80.9084,36.04],[80.906,36.0206],[80.8968,36.0167],[80.8846,36.0226],[80.8829,36.0293],[80.8874,36.0348],[80.8791,36.0547],[80.8579,36.0406],[80.8481,36.0364],[80.8511,36.0535],[80.8561,36.0601],[80.8583,36.0704],[80.8759,36.0735],[80.8904,36.0848],[80.913,36.0958],[80.9155,36.0992],[80.9314,36.1078],[80.9388,36.1028],[80.9417,36.0959]],[[80.6806,36.0985],[80.6856,36.0873],[80.6757,36.0823],[80.6598,36.0658],[80.6521,36.0638],[80.6365,36.0648],[80.6353,36.0704],[80.6474,36.0754],[80.6686,36.087],[80.6754,36.104],[80.6806,36.0985]],[[80.7897,36.0864],[80.7997,36.0769],[80.7894,36.0472],[80.7814,36.0424],[80.7754,36.0348],[80.7674,36.0463],[80.7821,36.0769],[80.7897,36.0864]],[[81.3046,36.5028],[81.3051,36.4869],[81.3205,36.4623],[81.3226,36.4453],[81.3305,36.4353],[81.3285,36.4269],[81.3283,36.4074],[81.3064,36.4099],[81.2676,36.57],[81.2865,36.57],[81.2855,36.5536],[81.2925,36.5367],[81.2988,36.5265],[81.3001,36.5097],[81.3046,36.5028]],[[81.0507,36.315],[81.0465,36.2823],[81.0426,36.2742],[81.0473,36.2715],[81.0496,36.2618],[81.045,36.2513],[81.0343,36.2527],[81.0289,36.2597],[81.0353,36.3117],[81.0254,36.3126],[81.0256,36.323],[81.0408,36.3309],[81.0532,36.3297],[81.0507,36.315]],[[80.466,36.257],[80.473,36.2428],[80.4863,36.2362],[80.4884,36.2315],[80.5021,36.2236],[80.5238,36.224],[80.5244,36.2191],[80.5119,36.2062],[80.5073,36.1958],[80.4916,36.1998],[80.4856,36.2036],[80.478,36.2019],[80.4636,36.1832],[80.4621,36.1767],[80.4765,36.1748],[80.4838,36.1789],[80.5003,36.1801],[80.5003,36.1658],[80.4844,36.1631],[80.4721,36.1657],[80.462,36.1635],[80.4577,36.1671],[80.4503,36.1603],[80.4518,36.1513],[80.4475,36.1311],[80.4401,36.1281],[80.4281,36.1425],[80.4176,36.1515],[80.4189,36.1689],[80.4137,36.1817],[80.4152,36.1898],[80.4125,36.1956],[80.4059,36.2214],[80.4137,36.2283],[80.4283,36.223],[80.4398,36.2151],[80.4427,36.2079],[80.4594,36.2062],[80.4672,36.2006],[80.4715,36.2083],[80.4629,36.2288],[80.4524,36.2355],[80.4518,36.2469],[80.4608,36.2601],[80.466,36.257]],[[81.1978,36.2403],[81.2066,36.2365],[81.2096,36.2225],[81.1731,36.2214],[81.1634,36.222],[81.1625,36.2379],[81.1978,36.2403]],[[81.2608,36.2252],[81.2598,36.2144],[81.2462,36.2105],[81.225,36.2099],[81.2301,36.2159],[81.2506,36.2261],[81.2608,36.2252]],[[81.307,36.2235],[81.3215,36.2163],[81.3374,36.2125],[81.3687,36.2105],[81.3776,36.2049],[81.3812,36.1842],[81.3712,36.1764],[81.353,36.1704],[81.3387,36.1411],[81.3293,36.1372],[81.3175,36.1393],[81.3151,36.1245],[81.305,36.1231],[81.276,36.1284],[81.2765,36.151],[81.2717,36.1627],[81.2788,36.1651],[81.2996,36.1616],[81.3142,36.1531],[81.32,36.1667],[81.3107,36.1776],[81.2968,36.1791],[81.2811,36.1859],[81.2664,36.1853],[81.2607,36.1713],[81.2474,36.1617],[81.2555,36.1376],[81.2682,36.1331],[81.2638,36.1254],[81.2388,36.1209],[81.2295,36.1235],[81.2322,36.1462],[81.2372,36.1591],[81.2475,36.1728],[81.2598,36.1826],[81.2661,36.1925],[81.2657,36.207],[81.272,36.2161],[81.2812,36.2207],[81.2881,36.2319],[81.307,36.2235]],[[81.1797,36.2013],[81.2029,36.1952],[81.2094,36.1975],[81.2234,36.1964],[81.2391,36.1915],[81.2602,36.1925],[81.2567,36.1864],[81.2468,36.18],[81.2301,36.1589],[81.2144,36.1636],[81.1969,36.1638],[81.1761,36.1723],[81.1679,36.1737],[81.1515,36.1833],[81.1542,36.1917],[81.1612,36.1967],[81.1652,36.2067],[81.1797,36.2013]],[[80.4147,36.1877],[80.4127,36.181],[80.4174,36.1681],[80.4163,36.1554],[80.4069,36.1565],[80.4016,36.1799],[80.4147,36.1877]],[[81.1849,36.1595],[81.2266,36.1541],[81.2199,36.1504],[81.2114,36.1526],[81.1903,36.1532],[81.1827,36.1402],[81.1639,36.1469],[81.1365,36.1506],[81.1433,36.1667],[81.1495,36.1763],[81.1642,36.1693],[81.1684,36.1636],[81.1849,36.1595]],[[80.3832,36.1399],[80.3833,36.1265],[80.3782,36.1175],[80.3826,36.1091],[80.3647,36.1091],[80.3551,36.1199],[80.3559,36.1283],[80.3773,36.1454],[80.3832,36.1399]],[[80.6929,36.1448],[80.6958,36.1316],[80.6937,36.1212],[80.6881,36.1156],[80.6823,36.124],[80.6847,36.1427],[80.6929,36.1448]],[[78.6682,36.741],[78.6635,36.7266],[78.6486,36.7154],[78.6183,36.7195],[78.6117,36.7372],[78.6159,36.7481],[78.6048,36.745],[78.5832,36.746],[78.5776,36.7508],[78.5823,36.7597],[78.5811,36.7648],[78.5923,36.7676],[78.5953,36.7786],[78.6027,36.7889],[78.6276,36.7987],[78.633,36.805],[78.6464,36.8047],[78.6606,36.8132],[78.6681,36.8088],[78.6717,36.7928],[78.6789,36.7875],[78.6718,36.7787],[78.6578,36.7754],[78.6606,36.7686],[78.6531,36.7572],[78.6682,36.741]],[[79.7944,37.575],[79.8192,37.5752],[79.8197,37.5382],[79.785,37.5379],[79.7842,37.5809],[79.7944,37.5811],[79.7944,37.575]],[[79.6828,37.5622],[79.6954,37.5609],[79.6904,37.5414],[79.6789,37.5343],[79.6802,37.5244],[79.6717,37.517],[79.6727,37.5045],[79.679,37.4915],[79.6805,37.4778],[79.6588,37.4732],[79.664,37.465],[79.6633,37.4542],[79.6516,37.4389],[79.6448,37.4471],[79.6428,37.459],[79.6306,37.4745],[79.6354,37.4921],[79.6337,37.4991],[79.6398,37.5201],[79.6376,37.5263],[79.6486,37.5387],[79.6525,37.5481],[79.6654,37.5582],[79.6773,37.5631],[79.6828,37.5622]],[[79.7415,37.406],[79.7572,37.3938],[79.751,37.3868],[79.7481,37.3703],[79.7316,37.3737],[79.732,37.3827],[79.7263,37.3849],[79.73,37.4021],[79.7415,37.406]],[[79.6016,37.3937],[79.6232,37.3926],[79.6131,37.3842],[79.6063,37.372],[79.6057,37.3656],[79.5998,37.3584],[79.5806,37.346],[79.5748,37.3625],[79.568,37.3681],[79.5727,37.3847],[79.5882,37.3829],[79.5943,37.3909],[79.6016,37.3937]],[[79.6895,37.3768],[79.7013,37.3763],[79.6991,37.3633],[79.6936,37.357],[79.6853,37.3607],[79.6916,37.3677],[79.6787,37.3752],[79.6895,37.3768]],[[78.3296,37.6155],[78.3405,37.6207],[78.3369,37.6281],[78.339,37.6399],[78.3575,37.6553],[78.3511,37.6616],[78.3483,37.7308],[78.5109,37.8276],[78.5931,37.7376],[78.6008,37.5727],[78.5285,37.573],[78.5232,37.5575],[78.513,37.566],[78.4997,37.5653],[78.4876,37.5683],[78.4887,37.6168],[78.4779,37.6155],[78.4388,37.6421],[78.4105,37.6214],[78.3997,37.6218],[78.3855,37.617],[78.3666,37.617],[78.3477,37.6078],[78.3278,37.6041],[78.3296,37.6155]],[[79.2258,37.1687],[79.1693,37.1847],[79.1913,37.2295],[79.2074,37.2252],[79.2116,37.2317],[79.2545,37.2244],[79.2508,37.3787],[79.2208,37.379],[79.2212,37.4168],[79.0999,37.4181],[79.1008,37.4717],[79.3475,37.4689],[79.3731,37.5772],[79.4237,37.5779],[79.3748,37.4165],[79.3689,37.3852],[79.3848,37.3923],[79.3836,37.367],[79.3924,37.3535],[79.3847,37.3428],[79.3744,37.3417],[79.3633,37.3437],[79.3583,37.3273],[79.36,37.2493],[79.3978,37.2499],[79.3927,37.2155],[79.3924,37.1873],[79.4036,37.1823],[79.4156,37.1799],[79.4161,37.1579],[79.3616,37.1753],[79.3619,37.1624],[79.2258,37.1687]]]]},"properties":{"region_code":"CN-65-6532","parent_region_code":"CN-65","name":"和田地区","level":"prefecture","has_children":true,"full_path":"中国 / 新疆维吾尔自治区 / 和田地区","source_admin_code":"6532","osm_relation_id":2748339}},
{"type":"Feature","geometry":{"type":"MultiPolygon","coordinates":[[[[85.1104,44.3426],[85.1705,44.3246],[85.1772,44.3242],[85.1791,44.345],[85.1948,44.4184],[85.1969,44.4334],[85.2009,44.4373],[85.208,44.4606],[85.2101,44.4782],[85.22,44.4792],[85.2519,44.4757],[85.2523,44.4907],[85.2437,44.4934],[85.2317,44.5168],[85.231,44.5308],[85.2267,44.5353],[85.2262,44.5467],[85.2317,44.5545],[85.2312,44.5651],[85.2368,44.5732],[85.2384,44.5929],[85.2289,44.6017],[85.2204,44.6147],[85.2144,44.6173],[85.2002,44.6351],[85.1839,44.6349],[85.1473,44.6287],[85.116,44.6268],[85.0797,44.6269],[85.0155,44.6187],[85.0195,44.6519],[84.968,44.655],[84.921,44.6546],[84.9148,44.6529],[84.893,44.6375],[84.8763,44.6278],[84.8727,44.6175],[84.8678,44.591],[84.862,44.5868],[84.8539,44.5696],[84.8511,44.5569],[84.8558,44.5409],[84.8496,44.5206],[84.8523,44.5078],[84.8585,44.4942],[84.8536,44.485],[84.8356,44.4671],[84.8269,44.4637],[84.8117,44.4494],[84.7947,44.4368],[84.785,44.4194],[84.7858,44.3941],[84.7758,44.39],[84.9726,44.3838],[85.1104,44.3426]],[[84.9524,44.5178],[84.9439,44.5368],[84.938,44.5438],[84.9385,44.5852],[84.9435,44.5934],[84.9434,44.6074],[84.9922,44.6151],[84.9852,44.5307],[84.9955,44.5305],[84.9941,44.5162],[84.9524,44.5178]]],[[[80.4112,44.2282],[80.4144,44.2545],[80.4113,44.2632],[80.4047,44.2637],[80.4065,44.2493],[80.4013,44.2265],[80.4007,44.2134],[80.3956,44.1943],[80.3993,44.1659],[80.4025,44.1558],[80.4423,44.1551],[80.4462,44.156],[80.4443,44.1774],[80.4302,44.1857],[80.4202,44.1981],[80.4173,44.2189],[80.4112,44.2282]]],[[[80.6582,44.6293],[80.6445,44.6209],[80.6413,44.6107],[80.6476,44.6027],[80.6353,44.5928],[80.615,44.584],[80.5968,44.5846],[80.5831,44.5908],[80.5758,44.581],[80.5832,44.578],[80.5011,44.556],[80.5011,44.5373],[80.4854,44.5177],[80.4763,44.5137],[80.4726,44.503],[80.4659,44.4968],[80.4531,44.4963],[80.4419,44.4689],[80.4345,44.4314],[80.4344,44.419],[80.4394,44.4022],[80.4399,44.3865],[80.4469,44.3838],[80.4523,44.3732],[80.4705,44.3734],[80.4849,44.3533],[80.4852,44.3419],[80.4965,44.3278],[80.5058,44.3202],[80.5103,44.3085],[80.5113,44.2961],[80.5068,44.2846],[80.49,44.2792],[80.4997,44.2714],[80.5124,44.2821],[80.5153,44.274],[80.5261,44.2702],[80.519,44.288],[80.5403,44.2829],[80.5503,44.2705],[80.5576,44.2774],[80.5687,44.2783],[80.5674,44.2852],[80.5836,44.2899],[80.588,44.2747],[80.5984,44.2609],[80.6055,44.2578],[80.6062,44.2505],[80.6017,44.2446],[80.6017,44.2284],[80.5904,44.2268],[80.5849,44.2221],[80.5863,44.2065],[80.5677,44.1919],[80.5617,44.1994],[80.5344,44.192],[80.5315,44.197],[80.5138,44.2084],[80.5013,44.2121],[80.4915,44.2013],[80.501,44.1959],[80.5149,44.1746],[80.5232,44.1751],[80.5221,44.1864],[80.5274,44.1889],[80.5377,44.1808],[80.5431,44.1409],[80.5375,44.1292],[80.5415,44.1166],[80.5328,44.111],[80.5206,44.0917],[80.5227,44.0809],[80.529,44.0746],[80.5202,44.069],[80.5197,44.0602],[80.5234,44.045],[80.5234,44.035],[80.5282,44.0285],[80.592,44.0148],[80.5702,44.0773],[80.5599,44.0971],[80.5522,44.1027],[80.5572,44.1231],[80.5578,44.1386],[80.5652,44.1452],[80.5615,44.1591],[80.5671,44.1731],[80.6017,44.1775],[80.6449,44.181],[80.6437,44.1735],[80.6531,44.1694],[80.6603,44.1569],[80.662,44.1484],[80.6757,44.1501],[80.691,44.14],[80.699,44.1377],[80.6978,44.1238],[80.6866,44.1127],[80.6799,44.0996],[80.6849,44.0909],[80.6817,44.085],[80.7172,44.0774],[80.7149,44.0704],[80.7064,44.0686],[80.6988,44.0484],[80.7183,44.0379],[80.7196,44.031],[80.736,44.0196],[80.7395,44.0014],[80.7323,43.9822],[80.7253,43.974],[80.7201,43.938],[80.7359,43.9381],[80.742,43.9257],[80.739,43.9209],[80.7242,43.9116],[80.7178,43.9107],[80.7039,43.9013],[80.6972,43.8836],[80.6982,43.8758],[80.694,43.8677],[80.6819,43.8631],[80.6825,43.854],[80.6682,43.845],[80.7183,43.8192],[80.7154,43.8151],[80.7255,43.8103],[80.7602,43.8096],[80.7692,43.8004],[80.7561,43.7849],[80.7562,43.7654],[80.7939,43.6574],[80.7921,43.6271],[80.7935,43.6069],[80.7232,43.6296],[80.7258,43.612],[80.7217,43.6023],[80.7222,43.5878],[80.7579,43.5821],[80.7662,43.5855],[80.7876,43.5863],[80.7958,43.5819],[80.7926,43.5689],[80.7982,43.5601],[80.7913,43.5376],[80.785,43.5324],[80.7602,43.4959],[80.7677,43.4736],[80.7711,43.4702],[80.777,43.4382],[80.783,43.4251],[80.7912,43.4146],[80.7887,43.4044],[80.8077,43.3902],[80.8254,43.3882],[80.8402,43.3811],[80.857,43.3802],[80.8619,43.3777],[80.8763,43.3784],[80.9061,43.3685],[80.9241,43.3562],[80.9454,43.3496],[80.9193,43.3366],[80.9118,43.3171],[80.9117,43.2945],[80.8878,43.2932],[80.8827,43.2966],[80.874,43.2922],[80.8638,43.2949],[80.8573,43.2874],[80.8503,43.2909],[80.838,43.2884],[80.8302,43.2777],[80.8356,43.2706],[80.8404,43.2551],[80.8287,43.2471],[80.8169,43.2431],[80.8061,43.23],[80.8044,43.2235],[80.8108,43.2101],[80.8225,43.1966],[80.8293,43.1937],[80.8393,43.1754],[80.8572,43.1467],[80.861,43.1452],[80.8756,43.1218],[80.8794,43.1195],[80.889,43.0998],[80.9017,43.0839],[80.917,43.0522],[80.9354,43.0399],[80.9428,43.0388],[80.9484,43.029],[80.961,43.0221],[80.9672,43.0145],[80.9553,43.0103],[80.9575,43.0039],[80.9709,42.9885],[80.9603,42.9631],[80.9627,42.9515],[80.9477,42.9474],[80.9396,42.9531],[80.9258,42.95],[80.9128,42.9346],[80.9124,42.9262],[80.9063,42.9218],[80.8921,42.9298],[80.8848,42.9314],[80.8824,42.9392],[80.8721,42.9425],[80.8647,42.935],[80.831,42.9335],[80.8207,42.9306],[80.8115,42.9333],[80.8022,42.927],[80.7969,42.9329],[80.7881,42.9237],[80.7707,42.926],[80.7538,42.9191],[80.7432,42.9181],[80.7441,42.9115],[80.7316,42.9124],[80.7218,42.9165],[80.6987,42.9128],[80.6885,42.9047],[80.6717,42.902],[80.664,42.8978],[80.6462,42.8938],[80.6358,42.8846],[80.6228,42.8869],[80.6187,42.8955],[80.6017,42.8957],[80.5894,42.8924],[80.5844,42.8964],[80.5712,42.895],[80.5612,42.8867],[80.5467,42.8848],[80.5399,42.8814],[80.5282,42.8829],[80.5272,42.878],[80.4974,42.878],[80.5003,42.8726],[80.4971,42.865],[80.4812,42.8594],[80.4758,42.8485],[80.4556,42.8421],[80.4509,42.836],[80.4603,42.8328],[80.4556,42.8248],[80.4416,42.8196],[80.4237,42.818],[80.4172,42.8141],[80.4131,42.805],[80.4046,42.8046],[80.4041,42.7978],[80.3831,42.7868],[80.3608,42.7799],[80.3507,42.7737],[80.3441,42.7647],[80.3293,42.7621],[80.3064,42.7545],[80.2989,42.7494],[80.2954,42.742],[80.284,42.7307],[80.2817,42.7176],[80.2758,42.7004],[80.2796,42.6899],[80.2787,42.6767],[80.2839,42.665],[80.2819,42.6472],[80.2592,42.6447],[80.2466,42.6222],[80.2446,42.6103],[80.2286,42.6056],[80.2252,42.5998],[80.2315,42.5872],[80.2346,42.5662],[80.2264,42.5581],[80.2437,42.5501],[80.2407,42.5421],[80.2452,42.5344],[80.2579,42.5268],[80.2732,42.5227],[80.2766,42.5138],[80.2668,42.5032],[80.2528,42.4977],[80.2482,42.4926],[80.2352,42.491],[80.2189,42.4805],[80.2168,42.4727],[80.2077,42.4699],[80.2081,42.4568],[80.2129,42.4533],[80.2107,42.4381],[80.2045,42.4287],[80.2148,42.4237],[80.2142,42.4125],[80.2329,42.4043],[80.2274,42.3975],[80.2391,42.3877],[80.2377,42.3801],[80.2264,42.3674],[80.2324,42.3487],[80.2376,42.3405],[80.2476,42.3415],[80.2511,42.3357],[80.2636,42.3284],[80.2794,42.3236],[80.2841,42.3183],[80.289,42.3157],[80.3127,42.315],[80.32,42.3129],[80.3291,42.3201],[80.352,42.3176],[80.3574,42.3232],[80.3682,42.3266],[80.3926,42.3181],[80.3954,42.3119],[80.4126,42.3044],[80.4317,42.3053],[80.4366,42.3198],[80.4625,42.321],[80.4715,42.3199],[80.4795,42.3386],[80.4944,42.3416],[80.5011,42.346],[80.5171,42.3508],[80.5228,42.3589],[80.5599,42.3631],[80.571,42.3668],[80.5786,42.3638],[80.5924,42.3651],[80.6064,42.3593],[80.6131,42.3604],[80.6279,42.3532],[80.6454,42.3642],[80.6592,42.3641],[80.6782,42.3572],[80.6904,42.3608],[80.7067,42.3624],[80.7257,42.357],[80.7402,42.3571],[80.7461,42.3623],[80.7592,42.3605],[80.7713,42.3674],[80.7742,42.3596],[80.7816,42.3565],[80.8002,42.359],[80.8101,42.3549],[80.8267,42.3577],[80.8396,42.3503],[80.8492,42.3601],[80.8644,42.3632],[80.8772,42.3597],[80.8878,42.3626],[80.8934,42.3684],[80.9078,42.3667],[80.928,42.3607],[80.9508,42.3591],[80.9607,42.361],[80.9631,42.37],[80.9733,42.3803],[80.9884,42.3786],[80.9944,42.3741],[80.9893,42.3685],[80.9944,42.3609],[81.0231,42.3419],[81.0256,42.3304],[81.0408,42.3099],[81.0348,42.3008],[81.0458,42.2837],[81.0782,42.2898],[81.0927,42.2905],[81.117,42.2828],[81.1273,42.2767],[81.1307,42.2616],[81.1529,42.2579],[81.1562,42.2716],[81.1645,42.2755],[81.163,42.2864],[81.15,42.289],[81.1533,42.297],[81.1499,42.3042],[81.1546,42.3093],[81.1495,42.3222],[81.1676,42.3249],[81.1791,42.3238],[81.1815,42.333],[81.1936,42.3434],[81.1989,42.339],[81.2373,42.3412],[81.2425,42.3427],[81.2688,42.3422],[81.2811,42.336],[81.3045,42.3408],[81.3177,42.3576],[81.3253,42.3506],[81.3335,42.3481],[81.3483,42.3335],[81.3587,42.3326],[81.3759,42.3372],[81.3832,42.3542],[81.4017,42.3517],[81.4202,42.3588],[81.4329,42.3568],[81.4586,42.3606],[81.4604,42.369],[81.4695,42.37],[81.4777,42.3587],[81.4913,42.3552],[81.5086,42.3544],[81.5232,42.3616],[81.5303,42.3604],[81.5525,42.3618],[81.5623,42.3673],[81.5713,42.3666],[81.5758,42.3731],[81.5842,42.3759],[81.6071,42.3707],[81.6304,42.3753],[81.6348,42.3844],[81.6522,42.3921],[81.6602,42.3923],[81.6701,42.3843],[81.673,42.3746],[81.682,42.3719],[81.716,42.37],[81.7237,42.3586],[81.7482,42.3655],[81.7527,42.3736],[81.7623,42.3753],[81.7693,42.3808],[81.7676,42.389],[81.7769,42.3945],[81.7763,42.3987],[81.7841,42.4105],[81.8048,42.399],[81.8128,42.3977],[81.8206,42.3818],[81.8341,42.3773],[81.839,42.3795],[81.8561,42.3755],[81.8636,42.3811],[81.8599,42.3907],[81.8676,42.3937],[81.8619,42.4014],[81.8653,42.4105],[81.9023,42.4017],[81.9223,42.4062],[81.9353,42.4002],[81.9488,42.3999],[81.9596,42.4089],[81.9753,42.4139],[81.9855,42.426],[81.9945,42.4231],[82.0154,42.424],[82.0312,42.4228],[82.0436,42.4175],[82.0579,42.4162],[82.0682,42.4192],[82.0685,42.43],[82.087,42.4394],[82.1068,42.4319],[82.1147,42.4311],[82.1301,42.4365],[82.1297,42.4446],[82.1364,42.4483],[82.1308,42.4573],[82.1367,42.4643],[82.133,42.477],[82.1346,42.4884],[82.1469,42.4863],[82.1576,42.4759],[82.1673,42.4762],[82.1933,42.4663],[82.1923,42.4795],[82.2125,42.4834],[82.2145,42.4911],[82.226,42.4913],[82.2273,42.4969],[82.2141,42.5097],[82.213,42.5243],[82.2201,42.5336],[82.2172,42.5498],[82.2232,42.5565],[82.2217,42.5675],[82.2139,42.5708],[82.2096,42.5833],[82.2039,42.5902],[82.208,42.6005],[82.2225,42.6122],[82.2283,42.6246],[82.2199,42.6336],[82.2201,42.6508],[82.2106,42.6598],[82.2014,42.6789],[82.2321,42.6795],[82.2418,42.6694],[82.2564,42.6758],[82.2682,42.666],[82.2854,42.6623],[82.2934,42.6661],[82.2937,42.6502],[82.2974,42.6461],[82.3149,42.64],[82.3272,42.6309],[82.3393,42.6255],[82.3353,42.6211],[82.3349,42.6115],[82.3519,42.6008],[82.3597,42.5863],[82.3567,42.573],[82.3647,42.5626],[82.3676,42.5442],[82.3748,42.5419],[82.3889,42.5456],[82.3981,42.5524],[82.4073,42.5497],[82.4208,42.5337],[82.4378,42.5341],[82.4407,42.5417],[82.4503,42.5466],[82.4553,42.5434],[82.4665,42.5487],[82.474,42.5467],[82.5048,42.5473],[82.5109,42.5447],[82.5232,42.5507],[82.528,42.5456],[82.5459,42.5416],[82.5532,42.5517],[82.5689,42.5505],[82.5785,42.5454],[82.5946,42.5442],[82.5973,42.5523],[82.6105,42.5534],[82.618,42.5584],[82.6187,42.5712],[82.6293,42.5823],[82.6234,42.5925],[82.6349,42.5971],[82.6227,42.6054],[82.6176,42.6212],[82.626,42.6262],[82.6276,42.6432],[82.6324,42.6493],[82.625,42.6543],[82.6245,42.6675],[82.621,42.6722],[82.6075,42.6758],[82.6094,42.6844],[82.6027,42.6932],[82.5965,42.7186],[82.5827,42.7267],[82.5657,42.7487],[82.5518,42.7526],[82.5425,42.7594],[82.5435,42.7708],[82.5242,42.7797],[82.5127,42.7922],[82.5043,42.7982],[82.4917,42.8005],[82.4771,42.7993],[82.471,42.809],[82.471,42.8212],[82.4673,42.8334],[82.471,42.848],[82.482,42.8577],[82.4992,42.8589],[82.51,42.8573],[82.5173,42.8615],[82.5205,42.8763],[82.5154,42.8859],[82.5166,42.8927],[82.5265,42.8997],[82.5418,42.9004],[82.5538,42.8963],[82.5742,42.8844],[82.5922,42.8827],[82.5997,42.887],[82.6289,42.8786],[82.6444,42.8788],[82.6472,42.886],[82.6448,42.9179],[82.6507,42.9308],[82.6333,42.9292],[82.6174,42.931],[82.6186,42.9527],[82.6228,42.9618],[82.6206,42.9738],[82.6116,42.9906],[82.5973,43.0057],[82.6128,43.0079],[82.6325,42.9983],[82.6349,42.9864],[82.642,42.9855],[82.6504,42.973],[82.6501,42.9624],[82.657,42.9575],[82.6536,42.9504],[82.6439,42.9453],[82.6505,42.9352],[82.6667,42.9314],[82.6874,42.9324],[82.6933,42.9363],[82.6972,42.9476],[82.7097,42.9504],[82.7276,42.9393],[82.7379,42.9403],[82.7627,42.9351],[82.7864,42.9326],[82.7933,42.9349],[82.7975,42.9465],[82.8063,42.9511],[82.8213,42.9537],[82.8214,42.9791],[82.8317,42.98],[82.8563,42.9699],[82.8676,42.9781],[82.8798,42.9798],[82.8899,42.9912],[82.9123,42.9864],[82.9208,42.9893],[82.9388,42.9862],[82.956,42.9913],[82.9741,42.9914],[82.9886,42.995],[83.0108,43.0058],[83.0167,43.0052],[83.0256,42.9968],[83.0345,42.9949],[83.0508,42.9985],[83.0729,42.9909],[83.1005,42.9948],[83.1323,42.9906],[83.1414,42.9934],[83.1566,43.005],[83.1925,43.0084],[83.1964,43.0105],[83.1947,43.0218],[83.197,43.0364],[83.1955,43.0506],[83.2034,43.0518],[83.2074,43.0585],[83.2066,43.0671],[83.2203,43.0685],[83.2297,43.0721],[83.2453,43.0672],[83.2546,43.0554],[83.2455,43.0466],[83.2495,43.0415],[83.2446,43.0292],[83.2615,43.0207],[83.2786,43.0356],[83.2864,43.038],[83.2952,43.033],[83.3101,43.0365],[83.323,43.0459],[83.3334,43.0307],[83.3441,43.0309],[83.3579,43.0267],[83.3801,43.0435],[83.393,43.0446],[83.4037,43.0505],[83.4158,43.0504],[83.4254,43.0432],[83.4325,43.0518],[83.4491,43.0582],[83.477,43.0632],[83.4901,43.0574],[83.5017,43.0576],[83.5127,43.0629],[83.5152,43.0681],[83.5345,43.0735],[83.5424,43.0693],[83.5631,43.0748],[83.5635,43.0912],[83.6249,43.0794],[83.6465,43.0851],[83.6768,43.0962],[83.6883,43.1041],[83.7102,43.1361],[83.718,43.1386],[83.7305,43.1349],[83.7551,43.1479],[83.7679,43.1447],[83.7986,43.1322],[83.8143,43.1301],[83.8412,43.132],[83.876,43.1229],[83.8978,43.1217],[83.91,43.1269],[83.928,43.1456],[83.9356,43.1495],[83.9604,43.1549],[83.9773,43.1521],[83.9839,43.1391],[83.9985,43.1401],[84.005,43.1356],[84.0393,43.1305],[84.0359,43.1447],[84.0603,43.1503],[84.0682,43.1429],[84.0736,43.1493],[84.0951,43.15],[84.1014,43.1439],[84.1188,43.1481],[84.1257,43.1466],[84.1316,43.1534],[84.1434,43.1506],[84.1501,43.154],[84.1557,43.1464],[84.1657,43.1493],[84.1699,43.1552],[84.1932,43.159],[84.1957,43.1659],[84.2066,43.1633],[84.226,43.1698],[84.2589,43.1706],[84.2772,43.1735],[84.3042,43.1699],[84.3085,43.1651],[84.3279,43.1681],[84.3411,43.1665],[84.3606,43.1575],[84.3642,43.1486],[84.3563,43.1426],[84.3662,43.1362],[84.3729,43.1276],[84.3903,43.1252],[84.3997,43.1168],[84.4017,43.1105],[84.4135,43.1005],[84.4201,43.1032],[84.415,43.114],[84.4229,43.1206],[84.4242,43.137],[84.4195,43.1486],[84.4233,43.1615],[84.4466,43.1627],[84.4603,43.1577],[84.4661,43.1611],[84.4806,43.1634],[84.4914,43.1607],[84.5023,43.1629],[84.5104,43.1556],[84.5328,43.1556],[84.5384,43.1516],[84.5466,43.1574],[84.5719,43.1671],[84.5764,43.165],[84.6129,43.1692],[84.6177,43.1653],[84.6276,43.1659],[84.6359,43.173],[84.6511,43.1735],[84.649,43.192],[84.6413,43.1965],[84.6205,43.2028],[84.617,43.213],[84.6021,43.2265],[84.579,43.2271],[84.5637,43.2295],[84.5729,43.2391],[84.5835,43.2542],[84.579,43.2658],[84.5601,43.2665],[84.5532,43.2688],[84.5364,43.2609],[84.5298,43.2915],[84.5446,43.3141],[84.5506,43.3305],[84.586,43.3286],[84.5952,43.3413],[84.6046,43.3382],[84.6217,43.337],[84.6324,43.3487],[84.6543,43.3632],[84.6739,43.3712],[84.6755,43.3799],[84.6904,43.4001],[84.671,43.407],[84.665,43.4124],[84.6568,43.4133],[84.6526,43.4244],[84.6443,43.4253],[84.6312,43.4314],[84.6333,43.4415],[84.6303,43.4522],[84.6333,43.4581],[84.6577,43.4704],[84.66,43.4758],[84.6556,43.4838],[84.6645,43.4858],[84.6766,43.4843],[84.6848,43.4791],[84.6973,43.4613],[84.7136,43.4518],[84.739,43.4506],[84.752,43.4574],[84.7679,43.4549],[84.7692,43.4589],[84.7932,43.4637],[84.8033,43.4551],[84.8082,43.4441],[84.823,43.4418],[84.8319,43.4347],[84.86,43.4338],[84.8659,43.428],[84.8829,43.4275],[84.8863,43.4207],[84.8989,43.4181],[84.922,43.424],[84.9346,43.4445],[84.9447,43.4638],[84.9433,43.4693],[84.9483,43.483],[84.9335,43.4815],[84.922,43.4909],[84.9229,43.4987],[84.9037,43.5128],[84.8968,43.5203],[84.8951,43.5303],[84.8898,43.5369],[84.8868,43.549],[84.8913,43.5543],[84.8957,43.5688],[84.8911,43.576],[84.8609,43.5741],[84.8472,43.5688],[84.8359,43.5713],[84.8325,43.5771],[84.8185,43.5797],[84.8197,43.591],[84.8105,43.6073],[84.8079,43.6198],[84.7947,43.6235],[84.7831,43.6404],[84.7767,43.6439],[84.7632,43.6338],[84.7415,43.6292],[84.7242,43.634],[84.696,43.6334],[84.6927,43.6381],[84.6581,43.6585],[84.6321,43.6547],[84.6176,43.6556],[84.6028,43.6601],[84.5949,43.6678],[84.5953,43.678],[84.6011,43.6898],[84.6113,43.6966],[84.6165,43.7114],[84.6324,43.7181],[84.6275,43.7279],[84.6197,43.7263],[84.6097,43.7313],[84.6029,43.7292],[84.5746,43.7354],[84.5643,43.7445],[84.5501,43.7498],[84.5348,43.7456],[84.5028,43.7503],[84.4949,43.7385],[84.4874,43.7338],[84.455,43.7347],[84.4471,43.7322],[84.4374,43.7373],[84.4264,43.7311],[84.4011,43.73],[84.3902,43.7232],[84.3793,43.7329],[84.3639,43.7387],[84.3607,43.7426],[84.3398,43.7314],[84.3372,43.7253],[84.3129,43.7223],[84.3098,43.7305],[84.2851,43.7297],[84.2875,43.7362],[84.2782,43.7403],[84.2789,43.7649],[84.264,43.77],[84.2513,43.7841],[84.2399,43.7851],[84.2378,43.7792],[84.2263,43.7729],[84.2072,43.7793],[84.196,43.7767],[84.1812,43.7808],[84.1707,43.7943],[84.161,43.7947],[84.1289,43.8069],[84.1187,43.801],[84.1112,43.804],[84.1114,43.813],[84.0857,43.819],[84.0812,43.8259],[84.0878,43.8315],[84.1015,43.837],[84.0982,43.8404],[84.1111,43.8491],[84.1024,43.8553],[84.0857,43.8543],[84.0806,43.8673],[84.0809,43.8741],[84.0599,43.8851],[84.0337,43.8787],[84.0273,43.8787],[84.0147,43.8863],[84,43.8909],[83.981,43.9088],[83.9647,43.9106],[83.9541,43.9014],[83.9369,43.9006],[83.9239,43.9056],[83.9081,43.9162],[83.8998,43.9293],[83.9099,43.9332],[83.8998,43.9404],[83.8992,43.9456],[83.8815,43.9507],[83.8669,43.9488],[83.8557,43.952],[83.8504,43.946],[83.839,43.9487],[83.8249,43.9381],[83.8016,43.9385],[83.7788,43.9513],[83.7509,43.9432],[83.7406,43.9445],[83.7279,43.9502],[83.7117,43.9655],[83.6889,43.9753],[83.6853,43.9806],[83.674,43.9713],[83.6569,43.9663],[83.6427,43.9656],[83.6372,43.9698],[83.6208,43.9641],[83.5997,43.9759],[83.5773,44.0045],[83.5689,44.0093],[83.5392,44.0083],[83.523,44.0006],[83.512,44.0026],[83.4977,44.0007],[83.5002,44.0211],[83.4744,44.0356],[83.4679,44.0428],[83.4413,44.0334],[83.4261,44.0243],[83.4033,44.0156],[83.3791,44.0098],[83.3605,44.0074],[83.3209,44.0055],[83.3072,44.0071],[83.2818,44.022],[83.2762,44.0267],[83.2375,44.0749],[83.2198,44.0807],[83.1963,44.0796],[83.1554,44.0846],[83.1313,44.0906],[83.1043,44.0916],[83.0609,44.0884],[83.0264,44.0844],[82.9989,44.0878],[82.98,44.0916],[82.9074,44.068],[82.8978,44.0572],[82.8913,44.0539],[82.8679,44.0574],[82.8507,44.0649],[82.8282,44.07],[82.8132,44.0714],[82.7755,44.0813],[82.759,44.0795],[82.7285,44.0732],[82.7058,44.0757],[82.6912,44.0822],[82.6728,44.1041],[82.6471,44.1205],[82.6291,44.1257],[82.6013,44.1269],[82.5782,44.1297],[82.5599,44.1344],[82.5212,44.1536],[82.4915,44.1614],[82.4454,44.1712],[82.4281,44.1788],[82.4155,44.1931],[82.4066,44.2079],[82.3907,44.2193],[82.3605,44.2444],[82.3567,44.2544],[82.3461,44.2613],[82.3369,44.2611],[82.3085,44.251],[82.2927,44.2484],[82.2751,44.2488],[82.2476,44.2559],[82.2298,44.254],[82.2122,44.255],[82.1678,44.2615],[82.1603,44.2636],[82.1433,44.2756],[82.1072,44.2819],[82.0795,44.2906],[82.0699,44.2916],[82.043,44.2868],[82.0232,44.2873],[82.0053,44.2928],[81.9875,44.2911],[81.9408,44.3029],[81.8962,44.3114],[81.8645,44.3224],[81.8447,44.3313],[81.8207,44.3359],[81.7874,44.3466],[81.7767,44.3483],[81.756,44.3478],[81.7447,44.3458],[81.7347,44.3529],[81.7347,44.361],[81.7162,44.3641],[81.7023,44.3755],[81.7065,44.3887],[81.6949,44.3942],[81.6812,44.3928],[81.6613,44.3943],[81.6498,44.398],[81.625,44.4099],[81.6128,44.4229],[81.6029,44.4276],[81.5858,44.4205],[81.5672,44.4212],[81.5493,44.4296],[81.5244,44.4335],[81.4989,44.4322],[81.4814,44.4345],[81.45,44.4436],[81.4189,44.4396],[81.4058,44.4398],[81.3619,44.4449],[81.3553,44.4416],[81.3425,44.4488],[81.3228,44.4532],[81.2924,44.4504],[81.2699,44.4564],[81.2579,44.4538],[81.242,44.4592],[81.2303,44.4591],[81.2085,44.462],[81.2044,44.4691],[81.1887,44.47],[81.1797,44.4732],[81.1769,44.4812],[81.1455,44.4945],[81.1361,44.4921],[81.1221,44.5009],[81.1065,44.5062],[81.0672,44.5065],[81.0567,44.5018],[81.037,44.5052],[81.0248,44.5111],[81.0136,44.5114],[81.0106,44.5184],[81.0004,44.5233],[81.0027,44.5278],[80.9956,44.5348],[80.9733,44.5375],[80.9653,44.5354],[80.9451,44.536],[80.9318,44.5317],[80.917,44.5379],[80.8982,44.5339],[80.8888,44.5289],[80.8852,44.5187],[80.8931,44.5161],[80.8875,44.5003],[80.8786,44.4898],[80.8511,44.4786],[80.835,44.4738],[80.8184,44.4647],[80.8266,44.4598],[80.8213,44.4499],[80.8216,44.4392],[80.8073,44.441],[80.8116,44.4542],[80.8117,44.4708],[80.8174,44.4813],[80.8238,44.4852],[80.826,44.493],[80.8339,44.4964],[80.8476,44.5465],[80.8376,44.5552],[80.8098,44.5639],[80.8,44.5685],[80.7935,44.5668],[80.7792,44.5731],[80.7594,44.5752],[80.7435,44.5805],[80.7298,44.5731],[80.7136,44.5712],[80.6938,44.5815],[80.7065,44.5942],[80.7048,44.6008],[80.6967,44.6094],[80.6821,44.6163],[80.6715,44.624],[80.6582,44.6293]],[[81.8682,43.1833],[81.8657,43.1991],[81.8719,43.2044],[81.8795,43.203],[81.8931,43.2076],[81.9042,43.2152],[81.924,43.2246],[81.9524,43.2286],[81.9554,43.2237],[81.9402,43.2054],[81.9213,43.192],[81.9112,43.1874],[81.912,43.1803],[81.8965,43.1748],[81.8981,43.1653],[81.8908,43.1566],[81.8842,43.1696],[81.8741,43.1732],[81.8682,43.1833]],[[81.9215,42.9258],[81.9384,42.9194],[81.9446,42.8982],[81.9509,42.8853],[81.9661,42.8818],[81.963,42.8724],[81.9498,42.8636],[81.954,42.857],[81.9491,42.8478],[81.952,42.8431],[81.9396,42.8347],[81.9321,42.8256],[81.9343,42.8158],[81.9287,42.8062],[81.9162,42.8087],[81.9028,42.8043],[81.8971,42.8169],[81.8984,42.8416],[81.8954,42.8531],[81.902,42.8583],[81.9,42.8686],[81.8941,42.8738],[81.9033,42.8845],[81.9017,42.896],[81.9142,42.9033],[81.9044,42.9116],[81.9114,42.9196],[81.9215,42.9258]],[[81.999,42.8231],[81.9956,42.839],[81.9828,42.8468],[81.9873,42.8591],[81.9964,42.8757],[81.9991,42.8943],[81.993,42.9013],[81.9907,42.9162],[81.9779,42.9271],[81.9766,42.9342],[81.9691,42.9438],[81.9691,42.9529],[81.9507,42.9849],[81.9495,42.9942],[81.9269,43.026],[81.9217,43.0381],[81.9019,43.0546],[81.8914,43.0678],[81.9025,43.0701],[81.9196,43.0569],[81.9259,43.055],[81.9324,43.0453],[81.9502,43.034],[81.9656,43.0324],[81.9757,43.0281],[81.9783,43.0207],[81.9947,43.0049],[81.9992,42.9944],[82.0044,42.993],[82.0052,42.9785],[82.0238,42.9643],[82.03,42.9497],[82.0363,42.9478],[82.0544,42.9294],[82.0626,42.9249],[82.0676,42.9171],[82.0896,42.904],[82.0938,42.8939],[82.1027,42.8906],[82.1003,42.88],[82.1055,42.8599],[82.1198,42.8531],[82.126,42.8573],[82.1426,42.859],[82.15,42.8451],[82.1609,42.8427],[82.1645,42.8354],[82.18,42.8244],[82.1773,42.8184],[82.1903,42.8138],[82.1843,42.8075],[82.18,42.795],[82.1721,42.7861],[82.1608,42.7691],[82.1602,42.7616],[82.165,42.7573],[82.1902,42.7498],[82.2073,42.7541],[82.2164,42.7509],[82.212,42.7366],[82.2029,42.7257],[82.2013,42.7137],[82.1962,42.707],[82.1833,42.6989],[82.1848,42.686],[82.1784,42.6804],[82.1673,42.6878],[82.141,42.6759],[82.1308,42.6774],[82.1255,42.6728],[82.1108,42.6733],[82.0866,42.6718],[82.0765,42.6639],[82.071,42.6787],[82.0694,42.6908],[82.0721,42.6986],[82.0672,42.7207],[82.0594,42.7272],[82.0443,42.7261],[82.0236,42.7318],[81.9966,42.7631],[82.0051,42.774],[82.0227,42.7852],[82.0113,42.7968],[82.0097,42.8066],[81.999,42.8231]],[[82.6877,43.7762],[82.6958,43.7794],[82.7091,43.7695],[82.7284,43.7659],[82.724,43.7538],[82.741,43.7399],[82.692,43.7472],[82.6904,43.7539],[82.6805,43.7632],[82.6712,43.7813],[82.6815,43.7836],[82.6877,43.7762]],[[83.4084,43.7702],[83.4274,43.7576],[83.4201,43.7497],[83.4113,43.745],[83.3761,43.7573],[83.3862,43.7611],[83.3936,43.7597],[83.4084,43.7702]],[[83.2479,43.7601],[83.2259,43.7591],[83.2179,43.767],[83.2293,43.7774],[83.251,43.7729],[83.2458,43.79],[83.2503,43.7981],[83.2643,43.8036],[83.257,43.8119],[83.2546,43.8201],[83.23,43.8224],[83.2338,43.8322],[83.2411,43.8381],[83.2503,43.8532],[83.2482,43.8621],[83.2509,43.8775],[83.2719,43.8751],[83.2812,43.8767],[83.2805,43.8894],[83.3023,43.8838],[83.3263,43.8824],[83.3387,43.8796],[83.3616,43.8838],[83.3683,43.8828],[83.3742,43.87],[83.3744,43.8584],[83.3681,43.8433],[83.3714,43.8399],[83.3629,43.8287],[83.3572,43.8165],[83.3628,43.8056],[83.3314,43.8071],[83.3175,43.8147],[83.3012,43.8131],[83.2819,43.8044],[83.2665,43.787],[83.2646,43.7786],[83.2557,43.7601],[83.2479,43.7601]],[[83.2772,43.7489],[83.2934,43.7464],[83.3134,43.7478],[83.3109,43.7384],[83.2987,43.7322],[83.2818,43.7373],[83.2758,43.743],[83.2772,43.7489]],[[83.6416,43.611],[83.6419,43.6184],[83.6508,43.6269],[83.6496,43.6372],[83.6582,43.6514],[83.6535,43.6576],[83.6603,43.6832],[83.6582,43.6903],[83.6423,43.6981],[83.6925,43.6976],[83.7079,43.674],[83.7082,43.6679],[83.6994,43.6536],[83.6924,43.6309],[83.6837,43.6191],[83.6722,43.6157],[83.6764,43.5964],[83.6646,43.5874],[83.6599,43.599],[83.6537,43.6061],[83.6416,43.611]],[[83.1628,43.6273],[83.1667,43.6178],[83.1618,43.6121],[83.1462,43.606],[83.1314,43.6036],[83.1225,43.6118],[83.1238,43.6206],[83.139,43.6259],[83.1628,43.6273]],[[83.0402,43.7374],[83.0399,43.7445],[83.0447,43.7548],[83.0594,43.7549],[83.0698,43.7449],[83.0955,43.7453],[83.091,43.7077],[83.0952,43.6992],[83.0966,43.6818],[83.1024,43.6765],[83.1038,43.6673],[83.0956,43.6548],[83.0909,43.6402],[83.08,43.642],[83.0695,43.6281],[83.0721,43.6192],[83.062,43.6048],[83.0497,43.6126],[83.0547,43.6209],[83.0481,43.6335],[83.0501,43.6542],[83.0561,43.6612],[83.0608,43.6746],[83.0546,43.6851],[83.0407,43.703],[83.0371,43.7135],[83.0427,43.7302],[83.0402,43.7374]],[[83.3584,43.6777],[83.3494,43.663],[83.339,43.6548],[83.327,43.6549],[83.3218,43.65],[83.3144,43.6616],[83.2987,43.6573],[83.2973,43.6688],[83.3012,43.6802],[83.3254,43.676],[83.3314,43.68],[83.3393,43.6757],[83.3584,43.6777]],[[81.1647,44.1942],[81.1628,44.1763],[81.1518,44.1595],[81.1387,44.1538],[81.1283,44.1556],[81.1175,44.1634],[81.1219,44.1671],[81.1158,44.1803],[81.1295,44.1931],[81.1462,44.1943],[81.1549,44.2003],[81.1647,44.1942]],[[84.3689,43.493],[84.3811,43.4912],[84.3938,43.4821],[84.4053,43.4791],[84.4149,43.4806],[84.4399,43.4707],[84.4459,43.4719],[84.4448,43.458],[84.433,43.4483],[84.4174,43.44],[84.4118,43.4315],[84.4011,43.4306],[84.3877,43.4224],[84.3871,43.3977],[84.3554,43.4143],[84.3649,43.4375],[84.3645,43.4458],[84.3767,43.4583],[84.378,43.4636],[84.3676,43.4772],[84.3689,43.493]],[[84.0843,43.2304],[84.0976,43.2204],[84.1115,43.2131],[84.1231,43.2098],[84.1316,43.2015],[84.1224,43.1906],[84.1196,43.169],[84.0893,43.1683],[84.0874,43.1754],[84.0929,43.1897],[84.0924,43.1948],[84.0745,43.1994],[84.0776,43.2121],[84.0749,43.2225],[84.0766,43.2345],[84.0843,43.2304]],[[83.751,43.4605],[83.7531,43.4592],[83.7378,43.4341],[83.729,43.4384],[83.7239,43.4344],[83.7109,43.444],[83.7216,43.4574],[83.7236,43.4651],[83.7316,43.4693],[83.751,43.4605]],[[83.2615,43.4659],[83.2489,43.4653],[83.2288,43.4614],[83.2175,43.4568],[83.1999,43.4755],[83.1988,43.4875],[83.2034,43.4905],[83.206,43.5024],[83.1922,43.5154],[83.1933,43.5188],[83.1843,43.5323],[83.1951,43.5372],[83.206,43.5333],[83.2141,43.5358],[83.2178,43.5265],[83.247,43.524],[83.2563,43.5195],[83.2643,43.5198],[83.2849,43.5088],[83.2995,43.5136],[83.3105,43.5097],[83.3277,43.4973],[83.3529,43.4905],[83.3607,43.4724],[83.3708,43.4659],[83.3718,43.4584],[83.3336,43.4372],[83.3068,43.4561],[83.2876,43.4635],[83.2615,43.4659]],[[81.2676,44.0185],[81.2657,43.9987],[81.2618,43.9914],[81.2453,43.9857],[81.231,44.0117],[81.2472,44.0122],[81.2676,44.0185]],[[82.9495,43.4905],[82.9819,43.4931],[82.9951,43.4729],[82.9934,43.4713],[82.9927,43.4429],[82.9682,43.4402],[82.9559,43.454],[82.9216,43.4552],[82.9103,43.4466],[82.9166,43.433],[82.8763,43.431],[82.8701,43.4411],[82.8589,43.4376],[82.8481,43.454],[82.8358,43.4541],[82.8257,43.4587],[82.8202,43.4672],[82.7917,43.4673],[82.7896,43.5208],[82.7884,43.5335],[82.8111,43.5232],[82.8248,43.5244],[82.8284,43.5316],[82.837,43.5298],[82.8391,43.522],[82.8576,43.514],[82.8647,43.5183],[82.8711,43.513],[82.8858,43.4848],[82.9495,43.4905]],[[82.4611,43.5537],[82.4752,43.5545],[82.4786,43.541],[82.4912,43.5371],[82.4808,43.5263],[82.4724,43.5313],[82.4535,43.5324],[82.4499,43.5471],[82.4611,43.5537]],[[82.5613,43.516],[82.5863,43.5126],[82.5797,43.5007],[82.6069,43.489],[82.6045,43.4857],[82.6308,43.4744],[82.6164,43.4575],[82.6062,43.4598],[82.6093,43.4688],[82.6061,43.4728],[82.5687,43.4894],[82.5796,43.5006],[82.5386,43.5111],[82.5429,43.5188],[82.5613,43.516]],[[82.7406,43.4273],[82.792,43.4234],[82.8025,43.4202],[82.7943,43.4029],[82.7782,43.4054],[82.7754,43.4087],[82.7534,43.4104],[82.7401,43.4151],[82.7315,43.4059],[82.7134,43.4134],[82.6984,43.4024],[82.6875,43.389],[82.6726,43.3887],[82.6695,43.3838],[82.6593,43.386],[82.6671,43.3945],[82.6889,43.4105],[82.6947,43.4171],[82.6977,43.4301],[82.7406,43.4273]],[[82.8755,43.2984],[82.9056,43.2828],[82.9007,43.2745],[82.874,43.2743],[82.8668,43.2796],[82.8755,43.2984]],[[82.6043,43.1726],[82.6095,43.1708],[82.6264,43.1562],[82.6464,43.147],[82.6334,43.1354],[82.6288,43.1227],[82.6131,43.1236],[82.6117,43.1479],[82.6038,43.1518],[82.6011,43.1611],[82.6043,43.1726]],[[81.5057,43.7387],[81.4848,43.7392],[81.446,43.7552],[81.4248,43.7621],[81.4056,43.7657],[81.3899,43.7713],[81.3645,43.7846],[81.3619,43.7948],[81.3718,43.8118],[81.3718,43.8185],[81.3854,43.8173],[81.3886,43.8274],[81.3673,43.8391],[81.3743,43.8552],[81.3808,43.8486],[81.3959,43.8478],[81.4032,43.8442],[81.4263,43.843],[81.4346,43.8302],[81.4477,43.8273],[81.4521,43.8116],[81.4771,43.8082],[81.4787,43.8011],[81.4877,43.7924],[81.5051,43.7871],[81.5136,43.7728],[81.5229,43.7713],[81.5272,43.7661],[81.5057,43.7387]],[[80.9018,43.4386],[80.9129,43.4264],[80.9115,43.4164],[80.9066,43.4113],[80.9067,43.4002],[80.8952,43.3984],[80.8821,43.4088],[80.8824,43.4165],[80.8715,43.4305],[80.8737,43.4372],[80.8937,43.442],[80.9018,43.4386]],[[80.7348,43.8897],[80.7374,43.8938],[80.7693,43.8967],[80.7825,43.9005],[80.7944,43.899],[80.8122,43.9043],[80.8437,43.9027],[80.8458,43.9178],[80.8559,43.92],[80.8729,43.913],[80.8754,43.9069],[80.8896,43.9066],[80.8939,43.8977],[80.9095,43.8958],[80.9145,43.8884],[80.9507,43.8955],[80.957,43.8901],[80.9694,43.8895],[80.9765,43.8929],[80.9915,43.8873],[81.0075,43.8736],[81.0183,43.8791],[81.0394,43.8819],[81.0476,43.8769],[81.0558,43.8796],[81.0608,43.8897],[81.0692,43.8944],[81.0944,43.8867],[81.1057,43.8773],[81.1059,43.8732],[81.1202,43.8714],[81.1053,43.8602],[81.0658,43.8608],[81.0599,43.841],[81.0372,43.8389],[81.0363,43.8478],[81.0159,43.8462],[81.0161,43.852],[80.9994,43.8523],[80.8448,43.8684],[80.8443,43.8656],[80.8253,43.8605],[80.7616,43.8529],[80.7348,43.8897]],[[80.8883,44.2392],[80.8964,44.2526],[80.898,44.2626],[80.9227,44.2707],[80.9326,44.2665],[80.9448,44.2676],[80.9425,44.2515],[80.927,44.2257],[80.9109,44.2101],[80.9089,44.2055],[80.8787,44.2075],[80.8656,44.2176],[80.8708,44.2309],[80.8883,44.2392]],[[80.7722,44.1622],[80.7896,44.1529],[80.8042,44.1496],[80.8017,44.1422],[80.791,44.1332],[80.7905,44.1153],[80.7843,44.1075],[80.7835,44.0962],[80.7744,44.093],[80.7701,44.0872],[80.7579,44.0892],[80.7507,44.1052],[80.7423,44.1139],[80.7392,44.1275],[80.7563,44.1643],[80.763,44.1717],[80.7722,44.1622]],[[81.0326,44.4042],[81.0462,44.3889],[81.0555,44.3819],[81.0354,44.3742],[81.0298,44.3654],[81.0166,44.3644],[81.0023,44.3603],[80.9905,44.3644],[80.9876,44.3702],[80.9978,44.3741],[81.01,44.3847],[81.0104,44.393],[81.0254,44.407],[81.0326,44.4042]],[[80.735,44.2325],[80.7421,44.2175],[80.7243,44.2142],[80.7148,44.2308],[80.7244,44.2438],[80.735,44.2325]],[[81.5321,43.8859],[81.5414,43.8854],[81.5625,43.8732],[81.587,43.8649],[81.5991,43.8591],[81.6075,43.8643],[81.619,43.8597],[81.6171,43.8471],[81.5982,43.8348],[81.5776,43.8378],[81.556,43.8491],[81.5455,43.8417],[81.5163,43.8301],[81.4967,43.8268],[81.4851,43.821],[81.4767,43.8256],[81.4465,43.8327],[81.4413,43.8385],[81.4577,43.8679],[81.4856,43.8822],[81.496,43.8855],[81.5321,43.8859]],[[81.5496,43.4212],[81.5668,43.4097],[81.5656,43.4022],[81.5483,43.3964],[81.5288,43.3992],[81.5345,43.4081],[81.5496,43.4212]],[[80.8525,44.4332],[80.8605,44.4302],[80.8486,44.4195],[80.8239,44.4141],[80.8258,44.4278],[80.837,44.4316],[80.8525,44.4332]],[[83.1801,43.1477],[83.1875,43.1424],[83.2032,43.1377],[83.2144,43.1256],[83.2135,43.1161],[83.2029,43.1054],[83.1748,43.0975],[83.1567,43.1032],[83.1433,43.0921],[83.1289,43.0927],[83.121,43.0969],[83.1106,43.1086],[83.1401,43.1138],[83.1455,43.1205],[83.1669,43.1401],[83.1801,43.1477]],[[81.6171,44.2056],[81.6181,44.1966],[81.6073,44.188],[81.6062,44.1672],[81.5895,44.1718],[81.5784,44.1635],[81.5685,44.1613],[81.5609,44.1706],[81.5859,44.1801],[81.5931,44.1967],[81.6171,44.2056]],[[81.8054,43.3709],[81.8185,43.3724],[81.8314,43.3684],[81.8462,43.3672],[81.8572,43.3599],[81.8585,43.3543],[81.8697,43.3398],[81.8665,43.3291],[81.861,43.3227],[81.8301,43.3358],[81.8245,43.3497],[81.8053,43.3675],[81.8054,43.3709]],[[81.908,43.3555],[81.9227,43.3554],[81.9316,43.3448],[81.9435,43.3438],[81.9476,43.3511],[81.956,43.353],[81.9697,43.3504],[81.9702,43.3385],[81.9608,43.328],[81.9544,43.3248],[81.9195,43.3295],[81.8995,43.3392],[81.8858,43.3409],[81.8763,43.3484],[81.87,43.3589],[81.8679,43.3737],[81.8697,43.3882],[81.8776,43.3865],[81.8795,43.3794],[81.8898,43.3724],[81.8961,43.3632],[81.908,43.3555]],[[81.5907,43.4018],[81.6007,43.397],[81.6197,43.3984],[81.6322,43.4011],[81.6434,43.3943],[81.6567,43.3919],[81.6503,43.3832],[81.6408,43.3884],[81.6367,43.3842],[81.6115,43.3869],[81.6042,43.3776],[81.5973,43.3808],[81.5917,43.3919],[81.5907,43.4018]],[[82.108,43.5668],[82.1035,43.5574],[82.0549,43.5648],[82.0345,43.5651],[82.0157,43.577],[82.0081,43.5694],[81.9967,43.5498],[82.006,43.5437],[81.9889,43.5274],[81.9903,43.5249],[81.9734,43.5112],[81.9653,43.5154],[81.9581,43.5074],[81.9481,43.5025],[81.9368,43.489],[81.9279,43.4844],[81.9265,43.4936],[81.8957,43.5054],[81.8977,43.4749],[81.9042,43.4682],[81.913,43.4707],[81.9196,43.4663],[81.9222,43.459],[81.9479,43.4588],[81.956,43.4507],[81.9461,43.4423],[81.9213,43.445],[81.9067,43.4521],[81.8951,43.4462],[81.8878,43.4488],[81.8776,43.443],[81.8702,43.4288],[81.8708,43.4178],[81.862,43.411],[81.8473,43.4162],[81.8421,43.4226],[81.8346,43.423],[81.8097,43.4328],[81.8128,43.4467],[81.8027,43.4542],[81.8083,43.4689],[81.833,43.4826],[81.8442,43.4858],[81.8472,43.4969],[81.8667,43.506],[81.876,43.516],[81.8932,43.5215],[81.9173,43.5342],[81.9223,43.5189],[81.9362,43.5224],[81.9525,43.5306],[81.9575,43.5392],[81.9562,43.5502],[81.967,43.5475],[81.9759,43.5568],[81.9836,43.5806],[81.9817,43.5823],[81.9823,43.6063],[81.9897,43.6093],[82.0047,43.6206],[82.0018,43.6237],[81.9868,43.6203],[81.9773,43.6309],[81.977,43.6417],[81.983,43.6549],[82.0063,43.6507],[82.0121,43.6437],[82.0121,43.6364],[82.0294,43.6311],[82.0211,43.6203],[82.0306,43.6152],[82.0452,43.6137],[82.0441,43.6039],[82.0507,43.5955],[82.0676,43.5952],[82.0747,43.5885],[82.0817,43.5941],[82.0939,43.5881],[82.099,43.5969],[82.1067,43.5928],[82.1234,43.5945],[82.138,43.5937],[82.1486,43.5969],[82.1675,43.5964],[82.1707,43.5909],[82.19,43.602],[82.1984,43.595],[82.2084,43.5918],[82.2182,43.5972],[82.2401,43.5939],[82.26,43.5993],[82.261,43.5919],[82.2465,43.5906],[82.2194,43.5846],[82.2009,43.563],[82.108,43.5668]],[[80.9506,43.9265],[80.9414,43.9339],[80.9343,43.9348],[80.9487,43.9539],[80.9545,43.9531],[80.9826,43.9869],[80.9898,43.9918],[81.0145,43.9831],[81.0178,43.9916],[81.0285,44.0019],[81.0318,44.0102],[81.044,44.017],[81.0445,44.0223],[81.0786,44.0378],[81.0889,44.0493],[81.0891,44.0622],[81.0863,44.0709],[81.1022,44.0676],[81.1207,44.0555],[81.1235,44.0446],[81.116,44.0402],[81.1102,44.0319],[81.1133,44.0025],[81.0955,43.9812],[81.0784,43.9699],[81.0735,43.9585],[81.0813,43.9571],[81.0913,43.9614],[81.0752,43.9162],[81.0492,43.9075],[81.0178,43.9079],[80.9997,43.9107],[80.982,43.9085],[80.97,43.9189],[80.9506,43.9265]],[[80.6328,42.7128],[80.5865,42.7976],[80.5955,42.8028],[80.6533,42.8061],[80.664,42.809],[80.6775,42.7889],[80.6931,42.7759],[80.7072,42.7562],[80.7084,42.7446],[80.7149,42.7273],[80.6928,42.7181],[80.6492,42.6919],[80.6389,42.7019],[80.6284,42.7068],[80.6328,42.7128]]],[[[81.3974,43.8446],[81.4018,43.8324],[81.4175,43.8293],[81.4351,43.8152],[81.4449,43.8146],[81.4394,43.8269],[81.428,43.8305],[81.4171,43.8392],[81.3974,43.8446]]],[[[84.9899,44.3594],[84.9877,44.3779],[84.9686,44.3828],[84.9164,44.384],[84.9114,44.3819],[84.906,44.3663],[84.9086,44.3594],[84.9899,44.3594]]],[[[80.6433,43.6941],[80.615,43.6859],[80.642,43.6459],[80.6679,43.6543],[80.6433,43.6941]]]]},"properties":{"region_code":"CN-65-6540","parent_region_code":"CN-65","name":"伊犁哈萨克自治州","level":"prefecture","has_children":true,"full_path":"中国 / 新疆维吾尔自治区 / 伊犁哈萨克自治州","source_admin_code":"6540","osm_relation_id":2750980}},
{"type":"Feature","geometry":{"type":"Polygon","coordinates":[[[84.9442,46.8629],[84.9329,46.8711],[84.9152,46.8804],[84.9131,46.8911],[84.8955,46.9047],[84.881,46.9097],[84.8688,46.9223],[84.858,46.9283],[84.8612,46.9441],[84.8509,46.9476],[84.8473,46.9538],[84.8275,46.9598],[84.8138,46.9573],[84.7981,46.948],[84.7899,46.9147],[84.7628,46.8967],[84.7604,46.8908],[84.7428,46.8842],[84.746,46.8714],[84.7427,46.8654],[84.7455,46.8576],[84.7259,46.8477],[84.6939,46.8493],[84.6786,46.8606],[84.6739,46.8665],[84.6612,46.8646],[84.6419,46.8676],[84.629,46.8676],[84.6041,46.8748],[84.601,46.8826],[84.5877,46.8986],[84.5619,46.8943],[84.5487,46.8884],[84.5417,46.8812],[84.5196,46.8737],[84.4994,46.8714],[84.4835,46.8629],[84.4737,46.8512],[84.4632,46.8487],[84.447,46.8356],[84.4487,46.8297],[84.4204,46.8251],[84.4085,46.8272],[84.3931,46.826],[84.3799,46.8285],[84.3676,46.8272],[84.3664,46.8216],[84.3539,46.822],[84.3262,46.8271],[84.3058,46.8276],[84.2839,46.8307],[84.2722,46.834],[84.2555,46.8344],[84.2381,46.832],[84.2164,46.8217],[84.1885,46.8189],[84.1853,46.8339],[84.1782,46.8383],[84.1975,46.8449],[84.2098,46.8458],[84.22,46.8532],[84.2176,46.862],[84.2026,46.8585],[84.1957,46.8606],[84.1888,46.8477],[84.1714,46.8497],[84.1754,46.8595],[84.1911,46.8717],[84.1866,46.8775],[84.1798,46.8979],[84.1686,46.9089],[84.145,46.9195],[84.1449,46.9303],[84.1355,46.9353],[84.1369,46.9481],[84.1309,46.9525],[84.1325,46.9615],[84.1268,46.9676],[84.1075,46.9692],[84.0802,46.9686],[84.0597,46.9728],[84.0565,46.9687],[84.0256,46.9789],[84.0075,46.9893],[83.9847,46.9953],[83.9675,46.984],[83.9457,46.9907],[83.9358,46.9852],[83.9262,46.9847],[83.9173,46.9729],[83.9069,46.9743],[83.9048,46.9808],[83.8904,46.9883],[83.8858,46.9854],[83.872,46.9868],[83.8708,46.995],[83.8592,46.9979],[83.851,46.9951],[83.8345,46.9969],[83.8373,47.0034],[83.8321,47.0086],[83.8123,47.0164],[83.7937,47.0169],[83.7835,47.0243],[83.7696,47.0268],[83.758,47.0242],[83.7402,47.0331],[83.7327,47.0276],[83.701,47.0227],[83.6956,47.0358],[83.6802,47.0352],[83.6555,47.0417],[83.6134,47.0486],[83.6039,47.0546],[83.578,47.0605],[83.5651,47.0564],[83.5602,47.06],[83.566,47.0781],[83.5489,47.0803],[83.5429,47.0836],[83.525,47.0852],[83.5271,47.0897],[83.5166,47.0941],[83.5089,47.1075],[83.4863,47.1092],[83.4803,47.1177],[83.4631,47.1213],[83.4575,47.1321],[83.4492,47.1314],[83.4408,47.1253],[83.4299,47.1232],[83.4288,47.1145],[83.4135,47.116],[83.4073,47.1284],[83.3881,47.1418],[83.3878,47.1484],[83.3653,47.163],[83.3618,47.1711],[83.354,47.1746],[83.3366,47.1702],[83.3181,47.1714],[83.3071,47.1776],[83.2885,47.182],[83.2798,47.1752],[83.2535,47.1763],[83.2393,47.1792],[83.2365,47.1891],[83.2149,47.1907],[83.2069,47.1989],[83.2086,47.2094],[83.2005,47.2163],[83.1909,47.2194],[83.1737,47.2204],[83.1509,47.2347],[83.1302,47.2331],[83.1099,47.2293],[83.0922,47.2238],[83.0848,47.228],[83.0632,47.2277],[83.0516,47.2253],[83.0412,47.2151],[83.0323,47.2237],[83.0236,47.2151],[83.0279,47.2068],[83.0252,47.2017],[83.0279,47.1914],[83.024,47.187],[83.0296,47.1739],[83.0281,47.162],[83.021,47.1528],[83.0123,47.1472],[83.0187,47.1417],[83.0181,47.1304],[83.0031,47.1208],[83.0104,47.1144],[83.0032,47.1018],[82.9986,47.0818],[82.9922,47.0632],[83.0022,47.0595],[83.0107,47.0523],[83.008,47.037],[83.0128,47.0178],[83.0118,47.0077],[82.9877,47.0072],[82.9902,47.0142],[82.9732,47.011],[82.9703,47.0014],[82.9575,46.9971],[82.9539,46.9845],[82.948,46.9798],[82.9581,46.9512],[82.9529,46.9356],[82.9448,46.9254],[82.9592,46.9267],[82.9665,46.9223],[83.0055,46.9295],[83.0204,46.9366],[83.028,46.9512],[83.0234,46.9591],[83.0312,46.9801],[83.0453,46.9833],[83.043,46.9701],[83.0332,46.9536],[83.0325,46.9428],[83.0256,46.9321],[83.0274,46.9266],[83.0387,46.9233],[83.0384,46.9165],[83.0544,46.9048],[83.0563,46.8932],[83.0552,46.879],[83.0456,46.8711],[83.0426,46.8596],[83.0251,46.8482],[83.0159,46.8322],[83.011,46.8186],[83.0099,46.8074],[82.9624,46.8108],[82.9364,46.8152],[82.9336,46.8139],[82.9382,46.7953],[82.9383,46.7756],[82.9277,46.7626],[82.9297,46.7554],[82.9239,46.7442],[82.9288,46.7365],[82.9138,46.7286],[82.9011,46.718],[82.8975,46.703],[82.885,46.6944],[82.8794,46.6852],[82.8693,46.6857],[82.8448,46.693],[82.8157,46.6899],[82.8031,46.6844],[82.786,46.6809],[82.7806,46.6632],[82.7682,46.6038],[82.7466,46.5489],[82.7249,46.4917],[82.706,46.46],[82.6546,46.3774],[82.6375,46.3473],[82.612,46.305],[82.6151,46.3011],[82.6362,46.3038],[82.653,46.3014],[82.6413,46.2837],[82.6299,46.2795],[82.6259,46.2707],[82.6436,46.265],[82.6698,46.2644],[82.686,46.2598],[82.7053,46.244],[82.7055,46.2353],[82.7173,46.2263],[82.7112,46.2151],[82.7082,46.2029],[82.721,46.1968],[82.7208,46.1899],[82.727,46.1767],[82.7174,46.1713],[82.7079,46.1713],[82.7002,46.1574],[82.7037,46.1542],[82.6963,46.1437],[82.6957,46.1227],[82.7235,46.12],[82.7283,46.1288],[82.7361,46.1271],[82.738,46.1159],[82.7176,46.1017],[82.7086,46.0997],[82.706,46.0937],[82.6669,46.0983],[82.643,46.1039],[82.6313,46.0997],[82.6401,46.0929],[82.6499,46.0895],[82.6663,46.0782],[82.6696,46.0654],[82.6681,46.0557],[82.6728,46.0426],[82.6647,46.0298],[82.669,46.0133],[82.7006,45.9871],[82.6928,45.9767],[82.692,45.9694],[82.6586,45.9716],[82.6429,45.9619],[82.6127,45.963],[82.5968,45.9561],[82.6017,45.9451],[82.601,45.9321],[82.5887,45.9313],[82.5694,45.9341],[82.5841,45.9196],[82.583,45.9114],[82.5986,45.8976],[82.6071,45.8852],[82.6165,45.8815],[82.6364,45.8698],[82.6074,45.8713],[82.5978,45.8589],[82.5997,45.8442],[82.5956,45.838],[82.5968,45.8296],[82.6108,45.8138],[82.6113,45.8052],[82.6326,45.7892],[82.6371,45.7715],[82.6134,45.784],[82.5959,45.7964],[82.5457,45.8184],[82.5522,45.7988],[82.5639,45.788],[82.5615,45.7801],[82.5447,45.7712],[82.5247,45.763],[82.5047,45.7489],[82.4551,45.7288],[82.4816,45.7191],[82.5116,45.7112],[82.5364,45.712],[82.5409,45.6969],[82.5337,45.6784],[82.4992,45.6685],[82.4875,45.6572],[82.4485,45.6537],[82.4313,45.6503],[82.4001,45.6359],[82.3736,45.6357],[82.3486,45.6261],[82.3192,45.6199],[82.2955,45.6173],[82.2604,45.6182],[82.2588,45.6165],[82.2708,45.5505],[82.28,45.5351],[82.4377,45.4597],[82.5428,45.421],[82.5877,45.3447],[82.5819,45.2194],[82.5802,45.2185],[82.5874,45.2167],[82.6077,45.2042],[82.6092,45.1992],[82.6459,45.171],[82.6788,45.1527],[82.717,45.1596],[82.755,45.1513],[82.7991,45.1266],[82.8263,45.1162],[82.8506,45.1012],[82.9001,45.0832],[82.9524,45.067],[82.9677,45.0599],[83.0014,45.0493],[83.0659,45.0339],[83.147,45.016],[83.2596,44.9978],[83.2952,44.9932],[83.3296,44.9899],[83.3449,44.9921],[83.3495,44.9891],[83.3886,44.9797],[83.4087,44.9787],[83.4427,44.9814],[83.4613,44.9789],[83.4728,44.9731],[83.4799,44.9635],[83.4939,44.9602],[83.4989,44.9551],[83.4947,44.9484],[83.5103,44.9387],[83.5232,44.9418],[83.5254,44.9371],[83.5391,44.9377],[83.5508,44.9314],[83.574,44.9289],[83.582,44.9187],[83.5952,44.913],[83.5994,44.9001],[83.5972,44.8932],[83.6092,44.8911],[83.6141,44.8948],[83.6255,44.8894],[83.6325,44.8908],[83.6559,44.8858],[83.677,44.8779],[83.6914,44.8572],[83.7042,44.8432],[83.7043,44.8361],[83.7185,44.8143],[83.7276,44.8098],[83.727,44.8015],[83.7355,44.7911],[83.7459,44.7879],[83.7482,44.7806],[83.7662,44.7805],[83.771,44.7699],[83.7783,44.7679],[83.7863,44.7594],[83.792,44.7583],[83.7958,44.7341],[83.7923,44.72],[83.7845,44.708],[83.7673,44.6733],[83.7673,44.6623],[83.756,44.6318],[83.7512,44.6076],[83.7529,44.5848],[83.7495,44.5682],[83.7423,44.5515],[83.7715,44.5357],[83.7741,44.53],[83.7885,44.5194],[83.7891,44.5051],[83.7949,44.4954],[83.7901,44.4788],[83.79,44.4656],[83.7496,44.4607],[83.7197,44.4625],[83.6356,44.4738],[83.6268,44.4674],[83.5969,44.4615],[83.5426,44.4601],[83.5144,44.4664],[83.5096,44.4553],[83.5168,44.4366],[83.5284,44.4137],[83.5279,44.4104],[83.5074,44.3926],[83.5032,44.3813],[83.4862,44.3661],[83.4821,44.3534],[83.4879,44.3372],[83.4726,44.3243],[83.4829,44.3161],[83.4808,44.3097],[83.4712,44.3059],[83.4673,44.2981],[83.4537,44.2926],[83.4363,44.2809],[83.434,44.2736],[83.4378,44.2627],[83.4458,44.2533],[83.4386,44.2501],[83.4288,44.2514],[83.418,44.2455],[83.4275,44.2403],[83.4339,44.2327],[83.4344,44.2206],[83.4289,44.2075],[83.4122,44.1865],[83.4085,44.1677],[83.417,44.1546],[83.4363,44.1347],[83.4419,44.1204],[83.4448,44.0965],[83.4458,44.0753],[83.4599,44.0709],[83.4615,44.0512],[83.4679,44.0428],[83.4744,44.0356],[83.5002,44.0211],[83.4977,44.0007],[83.512,44.0026],[83.523,44.0006],[83.5392,44.0083],[83.5689,44.0093],[83.5773,44.0045],[83.5997,43.9759],[83.6208,43.9641],[83.6372,43.9698],[83.6427,43.9656],[83.6569,43.9663],[83.674,43.9713],[83.6853,43.9806],[83.6889,43.9753],[83.7117,43.9655],[83.7279,43.9502],[83.7406,43.9445],[83.7509,43.9432],[83.7788,43.9513],[83.8016,43.9385],[83.8249,43.9381],[83.839,43.9487],[83.8504,43.946],[83.8557,43.952],[83.8669,43.9488],[83.8815,43.9507],[83.8992,43.9456],[83.8998,43.9404],[83.9099,43.9332],[83.8998,43.9293],[83.9081,43.9162],[83.9239,43.9056],[83.9369,43.9006],[83.9541,43.9014],[83.9647,43.9106],[83.981,43.9088],[84,43.8909],[84.0147,43.8863],[84.0273,43.8787],[84.0337,43.8787],[84.0599,43.8851],[84.0809,43.8741],[84.0806,43.8673],[84.0857,43.8543],[84.1024,43.8553],[84.1111,43.8491],[84.0982,43.8404],[84.1015,43.837],[84.0878,43.8315],[84.0812,43.8259],[84.0857,43.819],[84.1114,43.813],[84.1112,43.804],[84.1187,43.801],[84.1289,43.8069],[84.161,43.7947],[84.1707,43.7943],[84.1812,43.7808],[84.196,43.7767],[84.2072,43.7793],[84.2263,43.7729],[84.2378,43.7792],[84.2399,43.7851],[84.2513,43.7841],[84.264,43.77],[84.2789,43.7649],[84.2782,43.7403],[84.2875,43.7362],[84.2851,43.7297],[84.3098,43.7305],[84.3129,43.7223],[84.3372,43.7253],[84.3398,43.7314],[84.3607,43.7426],[84.3639,43.7387],[84.3793,43.7329],[84.3902,43.7232],[84.4011,43.73],[84.4264,43.7311],[84.4374,43.7373],[84.4471,43.7322],[84.455,43.7347],[84.4874,43.7338],[84.4949,43.7385],[84.5028,43.7503],[84.5348,43.7456],[84.5501,43.7498],[84.5643,43.7445],[84.5746,43.7354],[84.6029,43.7292],[84.6097,43.7313],[84.6197,43.7263],[84.6275,43.7279],[84.6324,43.7181],[84.6165,43.7114],[84.6113,43.6966],[84.6011,43.6898],[84.5953,43.678],[84.5949,43.6678],[84.6028,43.6601],[84.6176,43.6556],[84.6321,43.6547],[84.6581,43.6585],[84.6927,43.6381],[84.696,43.6334],[84.7242,43.634],[84.7415,43.6292],[84.7632,43.6338],[84.7767,43.6439],[84.7831,43.6404],[84.7947,43.6235],[84.8079,43.6198],[84.8105,43.6073],[84.8197,43.591],[84.8185,43.5797],[84.8325,43.5771],[84.8359,43.5713],[84.8472,43.5688],[84.8609,43.5741],[84.8911,43.576],[84.8957,43.5688],[84.8913,43.5543],[84.8868,43.549],[84.8898,43.5369],[84.8951,43.5303],[84.8968,43.5203],[84.9037,43.5128],[84.9229,43.4987],[84.922,43.4909],[84.9335,43.4815],[84.9483,43.483],[84.9566,43.4861],[84.9773,43.4783],[84.992,43.4857],[84.9871,43.4954],[85.0018,43.5055],[85.0171,43.5117],[85.0152,43.5161],[85.0251,43.5283],[85.0253,43.5352],[85.0341,43.5404],[85.0349,43.5464],[85.0534,43.5624],[85.0715,43.5549],[85.0833,43.5549],[85.0903,43.5517],[85.1026,43.554],[85.1166,43.5477],[85.1535,43.5458],[85.1534,43.5357],[85.1582,43.5259],[85.1641,43.5221],[85.1621,43.5136],[85.1685,43.5106],[85.1849,43.5151],[85.1866,43.5114],[85.2116,43.508],[85.2269,43.5156],[85.2391,43.5194],[85.2486,43.5194],[85.2505,43.5128],[85.2777,43.5051],[85.2837,43.501],[85.2949,43.5064],[85.2942,43.5208],[85.3003,43.5253],[85.3124,43.5277],[85.3246,43.516],[85.3203,43.5037],[85.3204,43.4914],[85.3255,43.4852],[85.3544,43.4802],[85.3707,43.4807],[85.3963,43.4787],[85.4193,43.4787],[85.4311,43.4773],[85.4431,43.4821],[85.4477,43.4892],[85.4565,43.495],[85.4798,43.4964],[85.4856,43.5026],[85.4867,43.5182],[85.492,43.5236],[85.5034,43.5223],[85.5071,43.5294],[85.517,43.5348],[85.5295,43.5315],[85.5387,43.533],[85.5552,43.5296],[85.595,43.5295],[85.5771,43.5387],[85.582,43.5474],[85.5791,43.5536],[85.5898,43.5647],[85.5913,43.5696],[85.6064,43.5696],[85.6186,43.5839],[85.6279,43.5901],[85.6378,43.6006],[85.6447,43.6025],[85.6624,43.6216],[85.674,43.6235],[85.6813,43.6189],[85.6947,43.618],[85.7038,43.6227],[85.7045,43.6288],[85.7169,43.6364],[85.7148,43.6423],[85.7194,43.6519],[85.7161,43.6638],[85.7201,43.6711],[85.7171,43.6774],[85.7309,43.6922],[85.7352,43.7097],[85.7304,43.7142],[85.7377,43.7264],[85.7591,43.7412],[85.7564,43.7456],[85.7764,43.763],[85.773,43.7813],[85.7652,43.7899],[85.7686,43.8035],[85.7743,43.8046],[85.7746,43.8149],[85.7815,43.8227],[85.7836,43.8383],[85.8,43.8498],[85.8131,43.8616],[85.8209,43.8647],[85.8253,43.8761],[85.8349,43.8824],[85.8331,43.8874],[85.8477,43.8935],[85.865,43.9079],[85.872,43.9079],[85.8815,43.9195],[85.8917,43.9201],[85.8995,43.927],[85.9173,43.9333],[85.9625,43.9305],[85.9678,43.9352],[85.9576,43.9418],[85.9579,43.9552],[85.949,43.9586],[85.953,43.9659],[85.9551,43.9878],[85.9604,43.9892],[85.9651,44.0025],[85.972,44.0091],[86.0012,44.0281],[86.0353,44.0608],[86.061,44.0951],[86.0752,44.1045],[86.0816,44.1141],[86.0941,44.1242],[86.0767,44.1281],[86.0792,44.1396],[86.0861,44.1501],[86.0631,44.1589],[86.056,44.1554],[86.0187,44.155],[86.0154,44.153],[85.9943,44.1563],[85.9839,44.156],[85.984,44.1687],[85.9795,44.1796],[85.9714,44.1822],[85.9713,44.1891],[85.9771,44.2018],[85.9736,44.2159],[85.9639,44.242],[85.9602,44.258],[85.9578,44.2875],[85.9502,44.2934],[85.9518,44.3089],[85.9445,44.3108],[85.9406,44.2963],[85.9288,44.2981],[85.9333,44.3166],[85.9152,44.3223],[85.9115,44.3281],[85.9016,44.3327],[85.9063,44.3826],[85.9121,44.4277],[85.9356,44.4146],[85.9539,44.414],[85.9788,44.406],[85.9861,44.41],[86.008,44.4108],[86.0213,44.4243],[86.0237,44.4347],[86.041,44.4517],[86.0725,44.4579],[86.1061,44.4588],[86.1211,44.4495],[86.1302,44.4592],[86.1046,44.476],[86.0915,44.4692],[86.0877,44.4817],[86.0803,44.4879],[86.0843,44.4933],[86.0748,44.5107],[86.0689,44.5361],[86.0624,44.5433],[86.0703,44.5595],[86.0682,44.568],[86.0725,44.5787],[86.0637,44.5853],[86.0676,44.6],[86.0605,44.6018],[86.0385,44.5999],[86.0335,44.5935],[86.026,44.6022],[86.0175,44.6019],[86.0054,44.6125],[86.0118,44.6173],[86.005,44.6231],[85.9824,44.6321],[85.9762,44.6366],[85.9596,44.6407],[85.9524,44.6387],[85.9516,44.6521],[85.9579,44.6547],[85.9344,44.6668],[85.9365,44.6707],[85.9331,44.69],[85.9163,44.709],[85.9195,44.7182],[85.9101,44.7253],[85.9038,44.7362],[85.94,44.7588],[85.9333,44.7727],[85.9134,44.7927],[85.8915,44.8089],[85.8841,44.8209],[85.8834,44.8347],[85.876,44.8516],[85.8671,44.8641],[85.8559,44.8734],[85.8235,44.8925],[85.8072,44.9102],[85.7907,44.9201],[85.7771,44.9218],[85.6662,44.9186],[85.6681,45.2772],[85.664,45.3156],[85.6642,45.3303],[85.8074,45.3308],[85.88,45.3315],[85.9515,45.3312],[86.117,45.3315],[86.2732,45.3316],[86.5849,45.3312],[86.6104,45.3308],[86.8063,45.3307],[87.1094,45.3297],[87.3336,45.3294],[87.3339,45.4117],[87.3346,45.5696],[87.3349,45.6499],[87.3355,45.8075],[87.3361,45.9567],[87.3376,45.9794],[87.3308,46.0103],[87.3135,46.039],[87.31,46.0469],[87.2731,46.1115],[87.2266,46.177],[87.193,46.2321],[87.0879,46.4085],[87.0339,46.4987],[87.0341,46.5026],[87.0567,46.5348],[87.0766,46.5586],[87.1506,46.6554],[87.1983,46.7148],[87.2005,46.8485],[87.0638,46.9327],[87.0603,46.9424],[87.0488,46.9491],[87.0261,46.9714],[87.0297,47.0275],[87.0374,47.1175],[87.032,47.1178],[86.9351,47.1039],[86.804,47.0844],[86.8015,47.0797],[86.7578,47.0766],[86.7352,47.0722],[86.7124,47.0709],[86.6028,47.0543],[86.5787,47.0511],[86.5637,47.053],[86.5462,47.0505],[86.5373,47.0552],[86.515,47.0604],[86.491,47.0632],[86.4833,47.09],[86.4661,47.0864],[86.4435,47.0849],[86.4318,47.082],[86.4081,47.0868],[86.3705,47.0856],[86.352,47.0818],[86.3152,47.0708],[86.3041,47.0702],[86.2901,47.0647],[86.2035,47.042],[86.1752,47.0389],[86.1453,47.0332],[86.1081,47.028],[86.0905,47.0273],[86.0761,47.0244],[86.0682,47.0257],[86.0461,47.024],[86.0496,47.0356],[86.0407,47.039],[86.0338,47.0469],[86.0228,47.0534],[86.0077,47.0587],[86.0024,47.0656],[85.9758,47.0724],[85.9637,47.0726],[85.9508,47.0771],[85.9388,47.072],[85.9243,47.0741],[85.9163,47.0698],[85.8995,47.0732],[85.8934,47.0675],[85.875,47.0612],[85.8556,47.0639],[85.8489,47.0609],[85.8338,47.0621],[85.8177,47.058],[85.8057,47.0611],[85.7933,47.0526],[85.7731,47.0561],[85.7655,47.0522],[85.7472,47.0529],[85.7384,47.0502],[85.7114,47.0574],[85.7017,47.054],[85.6909,47.0546],[85.6756,47.0504],[85.6611,47.0502],[85.6502,47.0547],[85.6381,47.0559],[85.6277,47.0507],[85.6202,47.0551],[85.6117,47.0538],[85.6024,47.0573],[85.5777,47.059],[85.5671,47.0494],[85.5533,47.05],[85.5461,47.0536],[85.5347,47.0491],[85.5053,47.0562],[85.497,47.0533],[85.4811,47.0531],[85.4604,47.064],[85.4509,47.0602],[85.4125,47.06],[85.4059,47.0517],[85.3824,47.046],[85.3656,47.0526],[85.3419,47.0541],[85.3396,47.0481],[85.3235,47.0429],[85.3061,47.0518],[85.2994,47.065],[85.2896,47.063],[85.2764,47.0688],[85.2804,47.0552],[85.2779,47.0452],[85.2699,47.0323],[85.2556,47.0282],[85.2565,47.0212],[85.2445,47.0034],[85.23,46.9926],[85.2321,46.9798],[85.2194,46.9491],[85.214,46.9319],[85.2288,46.9103],[85.2246,46.8862],[85.1806,46.8517],[85.165,46.838],[85.1355,46.8361],[85.0749,46.8021],[84.9577,46.7835],[84.8889,46.7781],[84.7615,46.7789],[84.7597,46.7941],[84.7987,46.8037],[84.8057,46.8096],[84.8174,46.8135],[84.8195,46.8314],[84.8301,46.8325],[84.8416,46.8458],[84.8593,46.8466],[84.882,46.8551],[84.9131,46.8506],[84.9314,46.8524],[84.9442,46.8629]],[[85.0077,44.7543],[85.0438,44.7392],[85.0519,44.7221],[85.0476,44.7118],[85.05,44.6971],[85.0275,44.6914],[85.0231,44.6849],[85.0195,44.6519],[85.0155,44.6187],[85.0797,44.6269],[85.116,44.6268],[85.1473,44.6287],[85.1839,44.6349],[85.2002,44.6351],[85.2144,44.6173],[85.2204,44.6147],[85.2289,44.6017],[85.2384,44.5929],[85.2368,44.5732],[85.2312,44.5651],[85.2317,44.5545],[85.2262,44.5467],[85.2267,44.5353],[85.231,44.5308],[85.2317,44.5168],[85.2437,44.4934],[85.2523,44.4907],[85.2519,44.4757],[85.22,44.4792],[85.2101,44.4782],[85.208,44.4606],[85.2009,44.4373],[85.1969,44.4334],[85.1948,44.4184],[85.1791,44.345],[85.1772,44.3242],[85.1705,44.3246],[85.1104,44.3426],[85.1123,44.3336],[85.1086,44.3093],[85.0631,44.3165],[85.0179,44.315],[84.9935,44.3096],[84.9726,44.297],[84.9584,44.2795],[84.9539,44.2628],[84.937,44.2512],[84.9364,44.2386],[84.933,44.2247],[84.9332,44.2115],[84.9266,44.1945],[84.9144,44.178],[84.902,44.1769],[84.8909,44.1708],[84.8598,44.1677],[84.8487,44.1729],[84.8367,44.1697],[84.8305,44.1604],[84.8204,44.1595],[84.8058,44.1629],[84.7947,44.1605],[84.7824,44.152],[84.7347,44.1252],[84.7294,44.1277],[84.7375,44.1454],[84.7585,44.1674],[84.7683,44.1821],[84.7896,44.2241],[84.7891,44.2358],[84.7963,44.2591],[84.7926,44.2692],[84.7944,44.2757],[84.7915,44.2961],[84.7814,44.3075],[84.7851,44.3193],[84.7809,44.3258],[84.7764,44.3428],[84.7758,44.39],[84.7858,44.3941],[84.785,44.4194],[84.7947,44.4368],[84.8117,44.4494],[84.8269,44.4637],[84.8356,44.4671],[84.8536,44.485],[84.8585,44.4942],[84.8523,44.5078],[84.8496,44.5206],[84.8558,44.5409],[84.8511,44.5569],[84.8539,44.5696],[84.862,44.5868],[84.8678,44.591],[84.8727,44.6175],[84.8763,44.6278],[84.8722,44.6386],[84.861,44.6405],[84.8465,44.6505],[84.8443,44.6598],[84.8296,44.6622],[84.8274,44.6703],[84.8098,44.6793],[84.7969,44.6804],[84.7942,44.6721],[84.7801,44.6683],[84.7727,44.6747],[84.7656,44.6742],[84.7432,44.6942],[84.7389,44.7059],[84.7208,44.7143],[84.7071,44.7153],[84.7106,44.7251],[84.7082,44.7328],[84.6955,44.7342],[84.6876,44.7398],[84.674,44.7404],[84.6757,44.7473],[84.6712,44.7544],[84.6589,44.7594],[84.6497,44.7496],[84.6336,44.7572],[84.6385,44.7775],[84.6247,44.7839],[84.624,44.7912],[84.6383,44.791],[84.6477,44.8351],[84.6463,44.8653],[84.6326,44.8665],[84.6337,44.8762],[84.6318,44.9043],[84.6336,44.9299],[84.6408,44.9289],[84.6492,44.9983],[84.6425,45.0046],[84.6469,45.0084],[84.6571,45.089],[84.6591,45.1014],[84.6658,45.1575],[84.6564,45.1638],[84.6364,45.1813],[84.6303,45.1836],[84.6232,45.1999],[84.6134,45.216],[84.5858,45.2408],[84.5769,45.3099],[84.5931,45.3247],[84.622,45.3439],[84.6308,45.3577],[84.6372,45.3633],[84.6384,45.3732],[84.6448,45.3763],[84.6425,45.3856],[84.6529,45.3893],[84.6493,45.3947],[84.6553,45.4011],[84.6664,45.4067],[84.6628,45.4112],[84.6696,45.417],[84.682,45.4221],[84.6817,45.4348],[84.69,45.4416],[84.7081,45.4508],[84.7091,45.4614],[84.7133,45.4645],[84.7264,45.4886],[84.727,45.5041],[84.7371,45.5162],[84.7323,45.5234],[84.7329,45.5404],[84.7416,45.5418],[84.7549,45.5538],[84.7499,45.5578],[84.7618,45.5659],[84.781,45.5966],[84.7946,45.601],[84.8031,45.6073],[84.8008,45.6209],[84.7896,45.6322],[84.7762,45.6387],[84.7695,45.6477],[84.7821,45.6552],[84.7895,45.6628],[84.8086,45.6501],[84.8203,45.6496],[84.825,45.6435],[84.8243,45.6325],[84.8312,45.6271],[84.8378,45.6335],[84.8513,45.6308],[84.8567,45.6351],[84.8799,45.6379],[84.8893,45.6434],[84.9061,45.6464],[84.9242,45.6799],[84.938,45.6871],[84.9458,45.6995],[84.9622,45.709],[84.994,45.7178],[85.0074,45.715],[85.021,45.7202],[85.0292,45.717],[85.0569,45.7121],[85.0773,45.7206],[85.0875,45.7288],[85.1072,45.7346],[85.127,45.7443],[85.1389,45.753],[85.147,45.7635],[85.1572,45.7718],[85.1535,45.7754],[85.1585,45.7826],[85.1741,45.7868],[85.1825,45.7956],[85.1983,45.8052],[85.1972,45.8127],[85.2062,45.8177],[85.2096,45.8294],[85.2159,45.834],[85.2229,45.8534],[85.2331,45.8674],[85.2302,45.872],[85.2366,45.8804],[85.2361,45.8887],[85.2452,45.9037],[85.2553,45.9139],[85.2553,45.9247],[85.2719,45.9345],[85.2683,45.9454],[85.2772,45.9466],[85.267,45.9559],[85.2795,45.9606],[85.282,45.9704],[85.2577,45.9759],[85.2633,45.9812],[85.2592,45.9862],[85.2767,45.9875],[85.2906,45.9929],[85.2853,46.002],[85.2905,46.0086],[85.2817,46.011],[85.2763,46.0284],[85.2682,46.0313],[85.2621,46.0534],[85.2791,46.0772],[85.2801,46.09],[85.2938,46.0964],[85.3054,46.0973],[85.3157,46.1016],[85.3223,46.1186],[85.3329,46.1241],[85.3575,46.1288],[85.3722,46.1366],[85.3746,46.1414],[85.3852,46.1452],[85.3918,46.1367],[85.4163,46.1271],[85.4277,46.1305],[85.4331,46.1377],[85.4299,46.145],[85.4349,46.1493],[85.449,46.1519],[85.4767,46.1611],[85.502,46.1741],[85.5549,46.1974],[85.5653,46.1971],[85.592,46.2065],[85.6161,46.2115],[85.6281,46.2088],[85.6478,46.2101],[85.6575,46.1991],[85.6772,46.1901],[85.6984,46.1923],[85.7887,46.1921],[85.8042,46.1853],[85.8112,46.1774],[85.8396,46.1816],[85.852,46.1792],[85.8605,46.1844],[85.8768,46.182],[85.9029,46.1809],[85.9244,46.1673],[85.9905,46.1231],[85.9959,46.1077],[86.0022,46.1024],[86.0007,46.0964],[86.0067,46.091],[86.0137,46.0757],[86.0215,46.067],[86.0021,46.0583],[85.9856,46.0546],[85.9599,46.044],[85.9589,46.03],[85.9495,46.0176],[85.9521,46.0005],[85.9334,45.9905],[85.9371,45.9812],[85.9294,45.9746],[85.9404,45.9663],[85.9376,45.9615],[85.9182,45.9687],[85.9092,45.9666],[85.9005,45.9566],[85.8778,45.9522],[85.8772,45.9343],[85.8681,45.9323],[85.8647,45.9248],[85.8456,45.9207],[85.8371,45.9211],[85.83,45.9086],[85.8031,45.8918],[85.7927,45.8831],[85.7752,45.8751],[85.7701,45.8693],[85.7312,45.8438],[85.7225,45.8401],[85.6932,45.8222],[85.693,45.8194],[85.6736,45.8087],[85.6568,45.8014],[85.6397,45.7884],[85.6402,45.7748],[85.6188,45.7623],[85.6142,45.7421],[85.6097,45.7132],[85.5888,45.6528],[85.5942,45.6411],[85.5725,45.6199],[85.5636,45.6152],[85.5631,45.6002],[85.5447,45.5922],[85.538,45.5733],[85.5287,45.5596],[85.5089,45.5475],[85.4992,45.5326],[85.4896,45.5124],[85.4589,45.4853],[85.4314,45.4587],[85.418,45.4536],[85.3851,45.435],[85.3476,45.4268],[85.3105,45.4208],[85.3025,45.4174],[85.2807,45.4203],[85.2738,45.4108],[85.2495,45.3947],[85.2367,45.3746],[85.2422,45.3687],[85.2352,45.3575],[85.243,45.328],[85.2399,45.3027],[85.233,45.2846],[85.2216,45.267],[85.2037,45.2517],[85.1991,45.2432],[85.2028,45.2279],[85.2031,45.2063],[85.2298,45.1733],[85.2476,45.1574],[85.2439,45.142],[85.2392,45.1325],[85.2358,45.1151],[85.2339,45.0873],[85.2357,45.0792],[85.2476,45.0708],[85.2518,45.0505],[85.2574,45.0365],[85.2557,45.0306],[85.2381,45.0187],[85.2176,45.0237],[85.2115,45.027],[85.1922,45.0286],[85.1688,45.0216],[85.1531,44.9699],[85.1335,44.9616],[85.0818,44.9416],[85.0487,44.9307],[85.0344,44.9111],[85.0243,44.8856],[85.0292,44.8586],[85.0271,44.8493],[85.0178,44.8376],[85.0172,44.8217],[85.0237,44.8057],[85.0321,44.7958],[85.0429,44.7899],[85.0445,44.7692],[85.0344,44.7628],[85.0077,44.7543]],[[85.6852,43.9345],[85.6773,43.9281],[85.6696,43.9295],[85.6637,43.9364],[85.6721,43.9448],[85.6907,43.9415],[85.6852,43.9345]]]},"properties":{"region_code":"CN-65-6542","parent_region_code":"CN-65","name":"塔城地区","level":"prefecture","has_children":true,"full_path":"中国 / 新疆维吾尔自治区 / 塔城地区","source_admin_code":"6542","osm_relation_id":239064}},
{"type":"Feature","geometry":{"type":"Polygon","coordinates":[[[88.0012,45.0004],[88.0979,45.0001],[88.3348,45.0002],[88.5669,45],[88.728,45],[89,45],[89.1594,45],[89.3228,45],[89.5321,45.0002],[89.7768,45.0003],[90.0433,45.0002],[90.2356,45.0004],[90.2338,45.017],[90.2391,45.0218],[90.2298,45.0306],[90.2269,45.0458],[90.2203,45.0632],[90.2353,45.0773],[90.2492,45.0866],[90.2508,45.0966],[90.258,45.105],[90.2594,45.1122],[90.282,45.1633],[90.2902,45.1762],[90.3169,45.2004],[90.3489,45.2271],[90.3683,45.2516],[90.3789,45.273],[90.381,45.2817],[90.403,45.3047],[90.4183,45.3254],[90.4858,45.4043],[90.4931,45.4192],[90.6376,45.4742],[90.6703,45.487],[90.6678,45.5436],[90.6785,45.6054],[90.715,45.7276],[90.7733,45.8031],[90.8479,45.8873],[90.9339,45.9539],[90.952,45.9688],[90.9821,45.9906],[91.022,46.0223],[91.0193,46.0378],[91.0196,46.057],[91.0127,46.0691],[91.0083,46.0824],[91.0158,46.0861],[91.0098,46.101],[91.0105,46.1243],[90.9749,46.1623],[90.9521,46.2049],[90.9452,46.2147],[90.9441,46.2252],[90.9492,46.2292],[90.9413,46.2416],[90.8916,46.3127],[90.9056,46.3144],[90.9136,46.3243],[90.9335,46.3358],[90.9459,46.3459],[90.9693,46.3607],[90.9744,46.3684],[90.9945,46.4226],[91.0085,46.4365],[91.0069,46.442],[91.0095,46.4608],[91.0264,46.4758],[91.0258,46.4858],[91.0328,46.4895],[91.0355,46.4991],[91.0437,46.5083],[91.0524,46.5111],[91.0522,46.5221],[91.0555,46.5283],[91.0509,46.5354],[91.0583,46.5408],[91.0611,46.549],[91.0749,46.5576],[91.0706,46.5714],[91.0638,46.5787],[91.0465,46.578],[91.0233,46.5812],[91.0146,46.5799],[91.0146,46.6096],[91.031,46.6621],[91.0388,46.6829],[91.0484,46.7198],[91.0395,46.7297],[91.031,46.7441],[91.02,46.7498],[91.0162,46.7639],[91.008,46.7681],[90.9981,46.7674],[90.9896,46.7712],[90.9906,46.7796],[90.9822,46.7961],[90.9658,46.7996],[90.9644,46.8073],[90.9553,46.8145],[90.9459,46.8172],[90.9372,46.8259],[90.9395,46.8361],[90.9537,46.8532],[90.9556,46.8631],[90.9528,46.8715],[90.9556,46.8775],[90.9458,46.8857],[90.9364,46.8884],[90.9326,46.8957],[90.9244,46.9008],[90.9135,46.9187],[90.9206,46.9392],[90.9089,46.9427],[90.9021,46.9574],[90.8536,46.9801],[90.8528,46.9899],[90.8425,46.987],[90.8296,46.9894],[90.8214,46.999],[90.7973,46.9959],[90.7779,46.9918],[90.7631,46.9931],[90.7591,47.0007],[90.7639,47.0053],[90.7411,47.0268],[90.7317,47.0261],[90.7181,47.0483],[90.7074,47.0523],[90.7043,47.06],[90.6935,47.0713],[90.6911,47.0809],[90.6644,47.0937],[90.6614,47.1039],[90.6486,47.1121],[90.6521,47.1218],[90.6511,47.1329],[90.6302,47.134],[90.6289,47.1433],[90.6207,47.148],[90.622,47.1551],[90.5945,47.168],[90.5917,47.1806],[90.5852,47.1916],[90.5765,47.1993],[90.5598,47.2052],[90.5583,47.2258],[90.5373,47.2426],[90.5389,47.2513],[90.5301,47.2569],[90.531,47.2688],[90.5225,47.2742],[90.5235,47.2837],[90.5109,47.2952],[90.5121,47.2996],[90.5034,47.3055],[90.4946,47.3065],[90.4933,47.3134],[90.4842,47.3131],[90.4774,47.3238],[90.4891,47.3253],[90.5017,47.3371],[90.5029,47.3469],[90.4985,47.3572],[90.5091,47.3637],[90.5203,47.3768],[90.5097,47.3892],[90.5063,47.3974],[90.4972,47.4034],[90.4825,47.3958],[90.4707,47.3981],[90.4578,47.4069],[90.4599,47.4156],[90.4582,47.4275],[90.4534,47.431],[90.4543,47.4407],[90.4678,47.448],[90.4666,47.4598],[90.4724,47.4672],[90.4674,47.4762],[90.4716,47.4909],[90.4625,47.5],[90.4504,47.5035],[90.4477,47.5125],[90.4353,47.5256],[90.411,47.5381],[90.3999,47.539],[90.3925,47.5665],[90.3837,47.5813],[90.3818,47.5906],[90.375,47.6002],[90.3647,47.6052],[90.3541,47.622],[90.3443,47.6268],[90.3432,47.6366],[90.3528,47.6474],[90.3602,47.6439],[90.3728,47.6447],[90.3723,47.6529],[90.3626,47.6613],[90.3379,47.6789],[90.3276,47.6801],[90.3217,47.6858],[90.3046,47.688],[90.2979,47.6925],[90.2832,47.694],[90.2586,47.6935],[90.2387,47.7072],[90.2295,47.7028],[90.2168,47.7041],[90.1861,47.7192],[90.1784,47.726],[90.1579,47.7227],[90.1396,47.7225],[90.1281,47.7303],[90.1186,47.7419],[90.1188,47.7462],[90.1041,47.7514],[90.0881,47.7607],[90.0718,47.7786],[90.0711,47.7867],[90.0657,47.7925],[90.0693,47.8101],[90.0649,47.8226],[90.0658,47.8304],[90.0732,47.8403],[90.0694,47.8446],[90.0797,47.8584],[90.0871,47.8604],[90.0843,47.8681],[90.0676,47.8739],[90.0576,47.8847],[90.0509,47.8816],[90.0515,47.8746],[90.0376,47.8715],[90.0278,47.8784],[90.0211,47.874],[90.0137,47.8793],[89.9851,47.883],[89.9771,47.8788],[89.9593,47.8868],[89.9566,47.8613],[89.9503,47.8547],[89.9532,47.8493],[89.9539,47.8347],[89.9499,47.8312],[89.9287,47.8303],[89.9143,47.8345],[89.8833,47.8375],[89.8701,47.8297],[89.8489,47.8261],[89.8437,47.8304],[89.8191,47.8287],[89.8092,47.8337],[89.7943,47.834],[89.7772,47.8254],[89.7565,47.8292],[89.7604,47.8358],[89.7518,47.8388],[89.7499,47.8546],[89.7383,47.8646],[89.7503,47.8724],[89.7502,47.8766],[89.7271,47.895],[89.7167,47.8988],[89.6948,47.8999],[89.6781,47.9044],[89.6544,47.9054],[89.6475,47.912],[89.6387,47.93],[89.6402,47.9463],[89.62,47.9496],[89.6136,47.9589],[89.5927,47.968],[89.5932,47.9773],[89.5855,47.9899],[89.586,47.9988],[89.602,48.0089],[89.5948,48.0198],[89.5842,48.0226],[89.5822,48.0301],[89.5723,48.0334],[89.5597,48.0321],[89.5517,48.0351],[89.5344,48.0363],[89.5091,48.0332],[89.4927,48.0251],[89.4434,48.032],[89.42,48.0324],[89.4015,48.0304],[89.3832,48.0448],[89.3755,48.042],[89.3752,48.033],[89.3682,48.0228],[89.3536,48.016],[89.3425,48.022],[89.327,48.0209],[89.3112,48.0135],[89.291,48.0118],[89.2843,47.9932],[89.2727,47.9864],[89.2562,47.9914],[89.2342,47.9762],[89.2066,47.9776],[89.186,47.9834],[89.1778,47.99],[89.1559,47.9952],[89.1297,47.9859],[89.1135,47.9849],[89.0986,47.9872],[89.0626,47.9883],[89.0509,48.0065],[89.0372,48.0151],[89.0318,48.028],[89.0131,48.039],[89.0094,48.0499],[88.999,48.0588],[88.9882,48.0622],[88.9862,48.0693],[88.9777,48.0691],[88.9588,48.0816],[88.9506,48.093],[88.938,48.0952],[88.9345,48.1088],[88.9246,48.1042],[88.9112,48.1088],[88.8832,48.1063],[88.8685,48.1078],[88.8588,48.1059],[88.844,48.1111],[88.8347,48.1038],[88.824,48.1],[88.8164,48.1073],[88.8081,48.1065],[88.8046,48.1173],[88.7843,48.1267],[88.7791,48.1319],[88.7704,48.1292],[88.7549,48.1343],[88.7553,48.1383],[88.7442,48.1505],[88.7367,48.1515],[88.7298,48.1585],[88.7214,48.1538],[88.7073,48.1573],[88.7075,48.1638],[88.7148,48.1738],[88.6943,48.1786],[88.6708,48.1677],[88.6609,48.1691],[88.6376,48.1785],[88.6292,48.1882],[88.63,48.195],[88.6193,48.2123],[88.6137,48.2119],[88.6007,48.2185],[88.5881,48.2166],[88.5973,48.2463],[88.5891,48.251],[88.5887,48.2582],[88.571,48.2698],[88.5659,48.2759],[88.5785,48.2911],[88.583,48.3022],[88.602,48.3189],[88.6065,48.3301],[88.6029,48.3391],[88.5887,48.3439],[88.5825,48.3423],[88.5672,48.3517],[88.5704,48.3637],[88.5566,48.3666],[88.5488,48.3714],[88.5402,48.365],[88.5134,48.3794],[88.5117,48.3855],[88.5201,48.3881],[88.5162,48.4004],[88.4845,48.4071],[88.4743,48.3957],[88.4619,48.3907],[88.4372,48.3869],[88.4265,48.4003],[88.3916,48.4135],[88.3688,48.43],[88.3494,48.4354],[88.3463,48.4477],[88.3572,48.4584],[88.3472,48.4658],[88.3396,48.4654],[88.331,48.4719],[88.313,48.4748],[88.3106,48.4791],[88.2968,48.4809],[88.2931,48.4849],[88.2675,48.4879],[88.2426,48.5008],[88.2337,48.4968],[88.2163,48.502],[88.1956,48.499],[88.193,48.4951],[88.1752,48.499],[88.1614,48.5077],[88.1425,48.5274],[88.1323,48.5278],[88.1158,48.5223],[88.1097,48.527],[88.106,48.5392],[88.0939,48.5452],[88.086,48.5408],[88.0794,48.5478],[88.0689,48.5478],[88.0488,48.5411],[88.0321,48.5506],[88.0185,48.5491],[88.0136,48.5527],[88.0136,48.5629],[87.9973,48.5697],[87.991,48.5669],[87.9688,48.5755],[87.9672,48.585],[87.955,48.5938],[87.9701,48.6076],[87.9904,48.6157],[87.9979,48.6158],[88.0131,48.6249],[88.026,48.6288],[88.0287,48.6349],[88.0219,48.64],[88.0184,48.651],[88.0225,48.6575],[88.0334,48.6638],[88.0514,48.6703],[88.0566,48.6775],[88.0677,48.6806],[88.0753,48.6935],[88.0867,48.7003],[88.091,48.7126],[88.0727,48.7168],[88.0548,48.7118],[88.0449,48.7283],[88.0271,48.7434],[88.0258,48.7496],[88.0077,48.753],[87.9996,48.7604],[87.9783,48.7654],[87.9712,48.7702],[87.9596,48.7702],[87.9451,48.764],[87.935,48.7556],[87.9114,48.7678],[87.9065,48.7727],[87.8897,48.7797],[87.8757,48.7885],[87.8738,48.7945],[87.8548,48.8016],[87.8452,48.7959],[87.8299,48.7985],[87.8173,48.8044],[87.8172,48.81],[87.8078,48.8237],[87.8187,48.8235],[87.819,48.8302],[87.8081,48.8427],[87.7937,48.8444],[87.7925,48.8555],[87.7813,48.8695],[87.7589,48.8656],[87.7423,48.8675],[87.7355,48.8839],[87.7471,48.9025],[87.7541,48.9074],[87.7528,48.9145],[87.7622,48.9202],[87.7536,48.9297],[87.7754,48.9279],[87.7861,48.9305],[87.8093,48.9442],[87.8099,48.9514],[87.8298,48.9454],[87.8678,48.9482],[87.8684,48.97],[87.8803,48.9753],[87.8969,48.977],[87.9012,48.983],[87.8768,48.9905],[87.8689,48.997],[87.8665,49.0058],[87.8836,49.0165],[87.8719,49.0251],[87.8634,49.0254],[87.8596,49.0365],[87.8361,49.0385],[87.8261,49.0498],[87.8353,49.0604],[87.8497,49.0634],[87.8503,49.0778],[87.8365,49.0818],[87.8388,49.0971],[87.8482,49.0967],[87.8567,49.1059],[87.8676,49.1125],[87.8649,49.1184],[87.8526,49.1211],[87.8298,49.1413],[87.827,49.1498],[87.8159,49.1483],[87.82,49.1662],[87.7945,49.1714],[87.7852,49.1781],[87.779,49.1732],[87.7519,49.1676],[87.7481,49.1733],[87.7269,49.1756],[87.6971,49.1739],[87.6826,49.1645],[87.6797,49.1591],[87.6567,49.1507],[87.6471,49.152],[87.6364,49.1486],[87.6094,49.155],[87.5824,49.1397],[87.5731,49.141],[87.5661,49.1332],[87.5526,49.1391],[87.5338,49.1399],[87.5253,49.1426],[87.507,49.139],[87.4914,49.1384],[87.4916,49.1262],[87.5061,49.1147],[87.508,49.1044],[87.5041,49.092],[87.486,49.0856],[87.4689,49.0914],[87.4619,49.0859],[87.4443,49.08],[87.4353,49.0713],[87.4249,49.0704],[87.4057,49.076],[87.4012,49.0841],[87.3771,49.0936],[87.3522,49.098],[87.3474,49.1019],[87.3352,49.0996],[87.317,49.1028],[87.2789,49.1179],[87.2741,49.1146],[87.2535,49.1117],[87.228,49.1153],[87.2274,49.1195],[87.2141,49.1225],[87.2158,49.1284],[87.1992,49.1432],[87.1845,49.139],[87.1687,49.1389],[87.1533,49.1452],[87.15,49.1508],[87.1253,49.1526],[87.1041,49.1511],[87.1006,49.1401],[87.0897,49.138],[87.0825,49.1311],[87.0672,49.1354],[87.0563,49.1293],[87.0433,49.1313],[87.0183,49.1398],[86.9961,49.1426],[86.9688,49.1334],[86.9369,49.1308],[86.9075,49.1354],[86.8872,49.1326],[86.8757,49.1224],[86.8625,49.1177],[86.8528,49.1106],[86.8421,49.0931],[86.844,49.0725],[86.8475,49.0653],[86.8395,49.0606],[86.8299,49.0493],[86.7953,49.0392],[86.7809,49.0273],[86.7663,49.0256],[86.7646,49.0219],[86.7492,49.0145],[86.7346,48.997],[86.7293,48.9944],[86.7264,48.9794],[86.7313,48.9708],[86.7272,48.9611],[86.7271,48.9506],[86.7354,48.9235],[86.7402,48.9149],[86.7506,48.9042],[86.7565,48.8939],[86.7684,48.892],[86.7785,48.8864],[86.7836,48.8753],[86.7969,48.8703],[86.8163,48.8566],[86.8191,48.8411],[86.817,48.8305],[86.7808,48.8122],[86.7608,48.8041],[86.7568,48.7885],[86.7513,48.7777],[86.7735,48.7501],[86.7777,48.736],[86.7731,48.7206],[86.7399,48.6982],[86.7262,48.6833],[86.701,48.6693],[86.6976,48.6527],[86.689,48.6483],[86.6918,48.6432],[86.6767,48.6336],[86.6356,48.6268],[86.6343,48.6127],[86.6281,48.6039],[86.6119,48.5971],[86.6101,48.5879],[86.6014,48.5845],[86.5945,48.567],[86.5962,48.5548],[86.5922,48.5449],[86.5808,48.5391],[86.407,48.4787],[86.3954,48.4817],[86.3901,48.4901],[86.3783,48.4938],[86.359,48.4907],[86.3445,48.4929],[86.3214,48.4881],[86.3007,48.4905],[86.2969,48.477],[86.2827,48.4723],[86.2814,48.464],[86.2677,48.4516],[86.2575,48.4542],[86.2376,48.4393],[86.2323,48.4322],[86.0533,48.4389],[85.9117,48.4362],[85.8979,48.4308],[85.8729,48.4289],[85.8669,48.4317],[85.8375,48.4275],[85.8207,48.4189],[85.8058,48.4157],[85.7874,48.4175],[85.7655,48.4047],[85.7559,48.403],[85.7525,48.3909],[85.7464,48.3902],[85.7417,48.3814],[85.7254,48.3729],[85.7102,48.3536],[85.6899,48.3216],[85.6934,48.3131],[85.69,48.3076],[85.6945,48.3007],[85.6823,48.2919],[85.6812,48.275],[85.6748,48.2725],[85.6755,48.2641],[85.6629,48.2549],[85.6594,48.2418],[85.651,48.2421],[85.6448,48.2366],[85.6327,48.2335],[85.6313,48.2237],[85.6228,48.2101],[85.6235,48.2027],[85.6073,48.2045],[85.5936,48.1962],[85.5872,48.1847],[85.5813,48.1675],[85.5751,48.1597],[85.5593,48.149],[85.5534,48.1384],[85.5637,48.1323],[85.5492,48.1268],[85.5532,48.1078],[85.5433,48.0982],[85.5475,48.0788],[85.5351,48.0717],[85.5425,48.0625],[85.5418,48.0532],[85.5301,48.0446],[85.5298,48.0245],[85.5395,48.0206],[85.5428,48.0094],[85.5373,47.992],[85.5394,47.9857],[85.5474,47.9822],[85.5794,47.7719],[85.5866,47.7178],[85.5977,47.6433],[85.6081,47.5815],[85.6143,47.5401],[85.6088,47.5309],[85.61,47.5122],[85.6079,47.5097],[85.6141,47.4938],[85.6265,47.4853],[85.6393,47.4641],[85.6499,47.4532],[85.6659,47.4495],[85.6803,47.4341],[85.6863,47.4098],[85.6833,47.4049],[85.6879,47.3924],[85.703,47.3801],[85.6966,47.3657],[85.6868,47.3616],[85.6883,47.3565],[85.6854,47.3399],[85.6867,47.3333],[85.6752,47.3229],[85.6743,47.3121],[85.6838,47.3051],[85.6987,47.288],[85.6921,47.2658],[85.6878,47.263],[85.6806,47.248],[85.6877,47.2451],[85.6869,47.2331],[85.6823,47.2228],[85.6668,47.2163],[85.6499,47.2056],[85.6399,47.184],[85.6323,47.1811],[85.6275,47.174],[85.6133,47.1656],[85.6084,47.1594],[85.5932,47.1517],[85.5767,47.1377],[85.5743,47.1258],[85.5583,47.1164],[85.5481,47.1061],[85.5414,47.0933],[85.5444,47.0796],[85.5351,47.0746],[85.5329,47.0675],[85.5376,47.057],[85.5347,47.0491],[85.5461,47.0536],[85.5533,47.05],[85.5671,47.0494],[85.5777,47.059],[85.6024,47.0573],[85.6117,47.0538],[85.6202,47.0551],[85.6277,47.0507],[85.6381,47.0559],[85.6502,47.0547],[85.6611,47.0502],[85.6756,47.0504],[85.6909,47.0546],[85.7017,47.054],[85.7114,47.0574],[85.7384,47.0502],[85.7472,47.0529],[85.7655,47.0522],[85.7731,47.0561],[85.7933,47.0526],[85.8057,47.0611],[85.8177,47.058],[85.8338,47.0621],[85.8489,47.0609],[85.8556,47.0639],[85.875,47.0612],[85.8934,47.0675],[85.8995,47.0732],[85.9163,47.0698],[85.9243,47.0741],[85.9388,47.072],[85.9508,47.0771],[85.9637,47.0726],[85.9758,47.0724],[86.0024,47.0656],[86.0077,47.0587],[86.0228,47.0534],[86.0338,47.0469],[86.0407,47.039],[86.0496,47.0356],[86.0461,47.024],[86.0682,47.0257],[86.0761,47.0244],[86.0905,47.0273],[86.1081,47.028],[86.1453,47.0332],[86.1752,47.0389],[86.2035,47.042],[86.2901,47.0647],[86.3041,47.0702],[86.3152,47.0708],[86.352,47.0818],[86.3705,47.0856],[86.4081,47.0868],[86.4318,47.082],[86.4435,47.0849],[86.4661,47.0864],[86.4833,47.09],[86.491,47.0632],[86.515,47.0604],[86.5373,47.0552],[86.5462,47.0505],[86.5637,47.053],[86.5787,47.0511],[86.6028,47.0543],[86.7124,47.0709],[86.7352,47.0722],[86.7578,47.0766],[86.8015,47.0797],[86.804,47.0844],[86.9351,47.1039],[87.032,47.1178],[87.0374,47.1175],[87.0297,47.0275],[87.0261,46.9714],[87.0488,46.9491],[87.0603,46.9424],[87.0638,46.9327],[87.2005,46.8485],[87.1983,46.7148],[87.1506,46.6554],[87.0766,46.5586],[87.0567,46.5348],[87.0341,46.5026],[87.0339,46.4987],[87.0879,46.4085],[87.193,46.2321],[87.2266,46.177],[87.2731,46.1115],[87.31,46.0469],[87.3135,46.039],[87.3308,46.0103],[87.3376,45.9794],[87.3361,45.9567],[87.3355,45.8075],[87.3349,45.6499],[87.3346,45.5696],[87.3339,45.4117],[87.3336,45.3294],[87.3336,45.2459],[87.3335,45.0824],[87.333,45.0004],[87.5845,45.0007],[88.0012,45.0004]],[[87.5668,47.4267],[87.5787,47.4369],[87.6,47.4244],[87.611,47.4276],[87.616,47.4217],[87.6453,47.424],[87.647,47.4203],[87.671,47.4179],[87.6736,47.4138],[87.6991,47.4089],[87.7016,47.4047],[87.7181,47.4015],[87.741,47.3896],[87.7577,47.387],[87.7647,47.3823],[87.7819,47.3807],[87.8197,47.3584],[87.8342,47.3567],[87.853,47.3618],[87.8719,47.3485],[87.8818,47.3463],[87.8909,47.3402],[87.9037,47.3403],[87.9283,47.3339],[87.9328,47.3306],[87.969,47.3217],[87.9827,47.3158],[87.9988,47.3157],[88.0218,47.3117],[88.0343,47.3111],[88.0631,47.2941],[88.0852,47.2863],[88.0947,47.2796],[88.1135,47.2752],[88.162,47.2607],[88.1858,47.2545],[88.2204,47.2439],[88.2645,47.2365],[88.2704,47.2406],[88.2907,47.2453],[88.2984,47.2413],[88.3217,47.2416],[88.3247,47.2393],[88.3683,47.2351],[88.3841,47.2379],[88.4079,47.2471],[88.4278,47.2468],[88.425,47.2324],[88.3534,47.232],[88.3366,47.2309],[88.3354,47.217],[88.3406,47.2044],[88.3408,47.1735],[88.329,47.1666],[88.2815,47.1456],[88.2774,47.1355],[88.2512,47.1317],[88.2171,47.1318],[88.194,47.1239],[88.1745,47.113],[88.1506,47.1181],[88.1335,47.1119],[88.133,47.1192],[88.1141,47.1274],[88.0918,47.1223],[88.0746,47.1244],[88.0761,47.1357],[88.0702,47.1416],[88.0474,47.146],[88.0222,47.1393],[88.0084,47.1434],[88.0033,47.1412],[87.9706,47.1534],[87.945,47.1556],[87.9286,47.1631],[87.9167,47.1656],[87.9138,47.1718],[87.9033,47.1713],[87.8895,47.1595],[87.8771,47.1577],[87.8491,47.1693],[87.8141,47.1763],[87.8017,47.1866],[87.7833,47.186],[87.7632,47.1904],[87.7513,47.1983],[87.7362,47.2006],[87.7169,47.2175],[87.7032,47.2366],[87.6886,47.2453],[87.6797,47.2561],[87.6584,47.2703],[87.6436,47.2695],[87.6175,47.2846],[87.5995,47.288],[87.5877,47.2923],[87.5663,47.3078],[87.5243,47.3408],[87.5443,47.3512],[87.5446,47.3558],[87.5616,47.3725],[87.5745,47.3909],[87.5764,47.4051],[87.5684,47.4182],[87.5668,47.4267]],[[87.5452,47.4255],[87.5398,47.4184],[87.5213,47.4104],[87.5,47.4057],[87.4962,47.4094],[87.5452,47.4255]],[[87.4303,47.0942],[87.4414,47.0912],[87.4266,47.0756],[87.4154,47.076],[87.396,47.0803],[87.3997,47.0913],[87.4066,47.0897],[87.4303,47.0942]],[[90.9706,46.1276],[90.9531,46.135],[90.9545,46.1444],[90.9682,46.1401],[90.9728,46.1344],[90.9706,46.1276]],[[90.7836,46.5001],[90.7746,46.4997],[90.7638,46.5041],[90.7634,46.512],[90.7703,46.515],[90.7802,46.5107],[90.7836,46.5001]]]},"properties":{"region_code":"CN-65-6543","parent_region_code":"CN-65","name":"阿勒泰地区","level":"prefecture","has_children":true,"full_path":"中国 / 新疆维吾尔自治区 / 阿勒泰地区","source_admin_code":"6543","osm_relation_id":239062}},
{"type":"Feature","geometry":{"type":"MultiPolygon","coordinates":[[[[85.6852,43.9345],[85.6907,43.9415],[85.6721,43.9448],[85.6637,43.9364],[85.6696,43.9295],[85.6773,43.9281],[85.6852,43.9345]]],[[[86.1211,44.4495],[86.1061,44.4588],[86.0725,44.4579],[86.041,44.4517],[86.0237,44.4347],[86.0213,44.4243],[86.008,44.4108],[85.9861,44.41],[85.9788,44.406],[85.9539,44.414],[85.9356,44.4146],[85.9121,44.4277],[85.9063,44.3826],[85.9016,44.3327],[85.9115,44.3281],[85.9152,44.3223],[85.9333,44.3166],[85.9288,44.2981],[85.9406,44.2963],[85.9445,44.3108],[85.9518,44.3089],[85.9502,44.2934],[85.9578,44.2875],[85.9602,44.258],[85.9639,44.242],[85.9736,44.2159],[85.9771,44.2018],[85.9713,44.1891],[85.9714,44.1822],[85.9795,44.1796],[85.984,44.1687],[85.9839,44.156],[85.9943,44.1563],[86.0154,44.153],[86.0187,44.155],[86.056,44.1554],[86.0631,44.1589],[86.0861,44.1501],[86.0792,44.1396],[86.0767,44.1281],[86.0941,44.1242],[86.1129,44.1496],[86.1085,44.1633],[86.1089,44.1711],[86.1147,44.1839],[86.1215,44.188],[86.1262,44.2064],[86.1235,44.2547],[86.1212,44.2653],[86.1265,44.2861],[86.1398,44.3031],[86.1405,44.3142],[86.1343,44.3296],[86.1326,44.3472],[86.1276,44.368],[86.1233,44.3736],[86.1293,44.3898],[86.1202,44.4031],[86.1173,44.4169],[86.1113,44.4274],[86.117,44.4449],[86.1211,44.4495]]]]},"properties":{"region_code":"CN-65-659001","parent_region_code":"CN-65","name":"石河子市","level":"county","has_children":false,"full_path":"中国 / 新疆维吾尔自治区 / 石河子市","source_admin_code":"659001","osm_relation_id":3431881}},
{"type":"Feature","geometry":{"type":"MultiPolygon","coordinates":[[[[79.4628,41.3245],[79.4879,41.3314],[79.5096,41.3785],[79.5278,41.3848],[79.5599,41.3856],[79.5778,41.393],[79.5961,41.3938],[79.6167,41.3968],[79.6298,41.3945],[79.639,41.3982],[79.6516,41.3896],[79.6833,41.3932],[79.6912,41.396],[79.7035,41.3921],[79.7211,41.3913],[79.7251,41.3837],[79.7922,41.3802],[79.8033,41.3884],[79.8414,41.3963],[79.8809,41.3977],[79.9206,41.4009],[79.9271,41.4114],[79.9013,41.4295],[79.8905,41.4324],[79.861,41.4521],[79.8098,41.4731],[79.7956,41.4861],[79.7788,41.4985],[79.7597,41.5049],[79.7412,41.5226],[79.7241,41.5302],[79.7152,41.5422],[79.7069,41.5466],[79.6926,41.5473],[79.6828,41.5435],[79.6707,41.5472],[79.6597,41.544],[79.6696,41.5372],[79.6785,41.5399],[79.6945,41.5324],[79.708,41.5051],[79.691,41.4713],[79.6648,41.4377],[79.6414,41.4207],[79.6229,41.4228],[79.6124,41.4196],[79.5697,41.4274],[79.5547,41.4332],[79.5337,41.4373],[79.5149,41.418],[79.4896,41.4072],[79.466,41.429],[79.4821,41.4338],[79.4985,41.4429],[79.4677,41.4606],[79.4512,41.4567],[79.4364,41.4486],[79.4314,41.4428],[79.4143,41.4329],[79.411,41.4225],[79.4121,41.4109],[79.4043,41.4065],[79.4025,41.3966],[79.3922,41.3944],[79.3846,41.3842],[79.3918,41.3763],[79.3959,41.3635],[79.4,41.361],[79.4361,41.3474],[79.4494,41.3392],[79.4628,41.3245]]],[[[80.7213,41.2306],[80.7296,41.2113],[80.781,41.2198],[80.7849,41.2382],[80.8342,41.2495],[80.8415,41.2404],[80.8572,41.2432],[80.8806,41.2501],[80.8902,41.2512],[80.9056,41.2373],[80.9141,41.2398],[80.9225,41.2219],[80.9335,41.2122],[80.9406,41.2025],[80.9584,41.1941],[80.968,41.1925],[80.9858,41.1834],[80.9955,41.1844],[81.015,41.1943],[81.0434,41.2238],[81.0825,41.2552],[81.0873,41.2602],[81.1135,41.2801],[81.0536,41.2794],[81.0147,41.2837],[80.9761,41.2987],[80.9643,41.3124],[80.9619,41.3467],[80.9376,41.3508],[80.885,41.3666],[80.8686,41.3828],[80.8675,41.3905],[80.8593,41.4017],[80.832,41.4518],[80.8287,41.4696],[80.8066,41.4663],[80.7529,41.4551],[80.7444,41.4522],[80.7435,41.4444],[80.7486,41.4349],[80.7418,41.4118],[80.7386,41.4073],[80.7347,41.3908],[80.7383,41.3767],[80.7358,41.3585],[80.7241,41.356],[80.7099,41.3472],[80.7104,41.3335],[80.7179,41.3208],[80.728,41.2921],[80.7181,41.2857],[80.6984,41.2794],[80.704,41.2716],[80.709,41.2555],[80.7213,41.2306]]],[[[80.537,40.8705],[80.55,40.8614],[80.5608,40.8566],[80.5798,40.8354],[80.5921,40.8413],[80.6079,40.8448],[80.6004,40.8748],[80.5953,40.8864],[80.5869,40.8878],[80.5756,40.9203],[80.5394,40.9131],[80.5049,40.9435],[80.4906,40.9639],[80.4829,40.982],[80.4727,40.9971],[80.4606,41.0349],[80.4403,41.0337],[80.4164,41.0382],[80.4096,41.0483],[80.3949,41.0585],[80.3925,41.068],[80.3822,41.0806],[80.3728,41.0836],[80.3909,41.0514],[80.3802,41.048],[80.3838,41.0364],[80.3954,41.0393],[80.4045,41.0301],[80.3961,41.0259],[80.3996,41.0184],[80.4077,41.0186],[80.4162,41.0107],[80.4337,40.9825],[80.4262,40.9809],[80.4299,40.968],[80.4391,40.9689],[80.4436,40.9549],[80.4489,40.9564],[80.4565,40.9324],[80.4615,40.9281],[80.468,40.911],[80.4779,40.8999],[80.4985,40.8841],[80.5233,40.8795],[80.537,40.8705]]],[[[80.1741,41.037],[80.1945,41.0496],[80.2057,41.0616],[80.2048,41.0657],[80.1896,41.0615],[80.1843,41.052],[80.1764,41.0441],[80.1741,41.037]]],[[[80.03,40.5495],[80.0415,40.5426],[80.0469,40.5645],[80.0527,40.5718],[80.0221,40.5734],[80.0327,40.5802],[80.0226,40.5854],[80.0264,40.6035],[80.0373,40.6215],[80.0441,40.6411],[80.0557,40.6396],[80.0617,40.6327],[80.0695,40.6319],[80.0746,40.6585],[80.0735,40.6687],[80.0605,40.6812],[80.0637,40.689],[80.0816,40.6881],[80.0846,40.6944],[80.0807,40.7039],[80.0833,40.7116],[80.0816,40.729],[80.0773,40.7379],[80.0772,40.7505],[80.0686,40.7574],[80.0604,40.7592],[80.0579,40.7656],[80.0013,40.7801],[79.9837,40.775],[79.9549,40.7639],[79.949,40.7878],[79.9485,40.7953],[79.9287,40.7454],[79.9213,40.7344],[79.9123,40.7422],[79.9037,40.7382],[79.8791,40.7339],[79.8717,40.7269],[79.8604,40.7238],[79.8494,40.7177],[79.8385,40.701],[79.8102,40.6832],[79.8042,40.6759],[79.7947,40.6705],[79.772,40.6639],[79.7395,40.6444],[79.7463,40.6216],[79.7394,40.6042],[79.7555,40.5851],[79.729,40.5836],[79.7298,40.5343],[79.6991,40.5337],[79.6994,40.472],[79.7212,40.4721],[79.7204,40.4181],[79.7274,40.4011],[79.7486,40.4013],[79.7765,40.3974],[79.8039,40.3896],[79.8531,40.3726],[79.8528,40.341],[79.8534,40.2897],[79.9023,40.2893],[80.2342,40.2897],[80.2352,40.3302],[80.2093,40.3314],[80.212,40.3952],[80.2247,40.4057],[80.2206,40.4158],[80.2094,40.4249],[80.2103,40.4316],[80.1909,40.4316],[80.1331,40.4076],[80.1315,40.4202],[80.1082,40.4196],[80.0986,40.4051],[80.0788,40.4092],[80.0632,40.4075],[80.0545,40.414],[80.0388,40.4191],[80.0239,40.4151],[79.9915,40.4255],[79.9709,40.4355],[79.9628,40.4283],[79.9457,40.4464],[79.9113,40.4887],[80.0146,40.5599],[80.03,40.5495]]],[[[80.999,40.3964],[81.2079,40.3968],[81.2622,40.4294],[81.2782,40.4355],[81.3778,40.4392],[81.4938,40.4387],[81.7572,40.4373],[81.8801,40.4683],[81.9766,40.4679],[81.9732,40.5709],[81.9717,40.6394],[81.9408,40.6398],[81.8895,40.6384],[81.852,40.6758],[81.8524,40.7235],[81.8519,40.7477],[81.8527,40.7753],[81.7929,40.7865],[81.8073,40.8063],[81.8172,40.8263],[81.8319,40.8662],[81.8479,40.8943],[81.8581,40.9145],[81.8819,40.9406],[81.8609,40.9434],[81.7857,40.9176],[81.5113,40.8235],[81.4541,40.8039],[81.3909,40.8199],[81.3358,40.8019],[81.3301,40.7605],[81.1476,40.6968],[80.9828,40.6976],[80.8642,40.66],[80.8243,40.6914],[80.7896,40.7026],[80.7762,40.7023],[80.7614,40.6992],[80.7367,40.6979],[80.7234,40.701],[80.697,40.6819],[80.6925,40.6747],[80.6795,40.6657],[80.6654,40.665],[80.6599,40.6578],[80.6459,40.657],[80.6456,40.6476],[80.6157,40.6344],[80.6098,40.6265],[80.5902,40.6196],[80.5871,40.6143],[80.591,40.6083],[80.5915,40.5967],[80.602,40.5862],[80.6197,40.5731],[80.6202,40.5564],[80.6361,40.5608],[80.6409,40.5669],[80.6685,40.5686],[80.6764,40.5573],[80.6942,40.5532],[80.7001,40.545],[80.6943,40.5317],[80.6984,40.5271],[80.6944,40.5183],[80.71,40.5195],[80.7198,40.5338],[80.7285,40.5358],[80.7395,40.5323],[80.7401,40.5153],[80.7517,40.5143],[80.7605,40.5088],[80.7775,40.506],[80.7826,40.5004],[80.7805,40.4889],[80.7877,40.4792],[80.8028,40.4756],[80.8257,40.4762],[80.8141,40.4596],[80.8029,40.4588],[80.7899,40.451],[80.7773,40.4563],[80.7685,40.4512],[80.7463,40.447],[80.7413,40.4539],[80.7274,40.4522],[80.727,40.4614],[80.7215,40.4877],[80.7032,40.503],[80.6868,40.5076],[80.6684,40.509],[80.6596,40.5023],[80.6639,40.4924],[80.6632,40.4849],[80.6697,40.4834],[80.6878,40.4846],[80.6874,40.4686],[80.6812,40.4644],[80.6658,40.465],[80.6497,40.4605],[80.6352,40.4625],[80.6323,40.45],[80.6286,40.4488],[80.6199,40.4321],[80.6038,40.4229],[80.608,40.4172],[80.6173,40.4189],[80.6264,40.4115],[80.6272,40.4021],[80.643,40.4003],[80.6524,40.4022],[80.6614,40.3995],[80.6601,40.3929],[80.6685,40.391],[80.6776,40.3809],[80.6983,40.3876],[80.6978,40.3776],[80.7086,40.3715],[80.7187,40.377],[80.7257,40.3764],[80.7378,40.3689],[80.7436,40.3715],[80.7929,40.3854],[80.857,40.4042],[80.8735,40.4118],[80.8904,40.4146],[80.8941,40.4273],[80.9006,40.4221],[80.9086,40.4212],[80.9136,40.4271],[80.929,40.4324],[80.94,40.4319],[80.9787,40.4234],[80.9791,40.4187],[80.9924,40.4094],[80.999,40.3964]]]]},"properties":{"region_code":"CN-65-659002","parent_region_code":"CN-65","name":"阿拉尔市","level":"county","has_children":false,"full_path":"中国 / 新疆维吾尔自治区 / 阿拉尔市","source_admin_code":"659002","osm_relation_id":2748887}},
{"type":"Feature","geometry":{"type":"MultiPolygon","coordinates":[[[[77.3432,37.3729],[77.3437,37.3808],[77.3407,37.3968],[77.3315,37.3902],[77.3273,37.3799],[77.3432,37.3729]]],[[[77.3178,37.3031],[77.3245,37.3075],[77.3367,37.3056],[77.3549,37.3367],[77.3335,37.3441],[77.3228,37.3388],[77.3178,37.3031]]],[[[77.7936,38.8729],[77.9077,38.8793],[77.8915,38.9749],[77.948,38.9912],[78.0557,39.0231],[78.0614,39.0295],[78.0674,39.0525],[78.0812,39.0906],[78.0918,39.1141],[78.1176,39.1613],[78.1731,39.2478],[78.1894,39.2973],[78.1858,39.2995],[78.1713,39.2943],[78.1481,39.2912],[78.1237,39.2679],[78.0419,39.2341],[78.0261,39.2259],[78.0165,39.2244],[78.0092,39.2173],[77.9956,39.2135],[77.9809,39.2137],[77.974,39.2111],[77.9558,39.2101],[77.9558,39.2039],[77.9373,39.1801],[77.8875,39.1435],[77.8843,39.1322],[77.8929,39.1322],[77.8875,39.121],[77.8882,39.1154],[77.8784,39.1115],[77.8719,39.0896],[77.857,39.0872],[77.8579,39.0707],[77.8465,39.0574],[77.8351,39.0562],[77.8234,39.0506],[77.8204,39.0453],[77.8014,39.0375],[77.7752,39.0381],[77.7707,39.0191],[77.7819,39.0107],[77.7873,39.0102],[77.795,38.9994],[77.8046,38.9941],[77.7935,38.9825],[77.8001,38.9764],[77.8114,38.9724],[77.8031,38.9667],[77.7894,38.9658],[77.7872,38.9613],[77.7921,38.9483],[77.7837,38.9305],[77.7839,38.9263],[77.7594,38.9018],[77.7936,38.8729]]],[[[77.6678,38.7547],[77.6661,38.7497],[77.679,38.7374],[77.6607,38.7274],[77.674,38.7118],[77.6972,38.7063],[77.7503,38.7048],[77.7552,38.6881],[77.7647,38.665],[77.7772,38.6628],[77.8027,38.6798],[77.8178,38.682],[77.8298,38.6803],[77.8355,38.6713],[77.8601,38.6578],[77.8939,38.6893],[77.8949,38.6928],[77.8929,38.7426],[77.9145,38.7457],[77.9166,38.7663],[77.9184,38.7996],[77.815,38.787],[77.7681,38.7859],[77.7369,38.7908],[77.7084,38.7995],[77.6945,38.8003],[77.6763,38.7856],[77.6639,38.7877],[77.6447,38.7768],[77.6513,38.769],[77.6596,38.7642],[77.6678,38.7547]]],[[[77.1121,38.5794],[77.109,38.5655],[77.1231,38.5567],[77.1325,38.5576],[77.1359,38.5783],[77.1329,38.5831],[77.1435,38.6027],[77.1337,38.6067],[77.1255,38.6147],[77.1106,38.6057],[77.0981,38.6183],[77.1255,38.6693],[77.1024,38.6777],[77.0818,38.6405],[77.0666,38.6457],[77.0542,38.6234],[77.0693,38.6181],[77.0649,38.6098],[77.08,38.5834],[77.0979,38.5889],[77.1121,38.5794]]],[[[79.2794,39.8778],[79.4046,39.8918],[79.422,39.8915],[79.4378,39.8882],[79.495,39.872],[79.4997,39.8719],[79.5332,39.8624],[79.5491,39.8614],[79.5864,39.885],[79.6046,39.9029],[79.6053,39.9068],[79.5984,39.9355],[79.5777,39.9993],[79.5718,40.0119],[79.5544,40.0299],[79.5035,40.0781],[79.4904,40.0915],[79.4804,40.0972],[79.341,40.0773],[79.1971,40.0568],[79.1773,40.0553],[79.1611,40.0521],[79.1377,40.0499],[79.098,40.0444],[79.0726,40.0396],[79.0603,40.039],[79.0278,40.033],[79.0114,40.0267],[79.0176,40.0136],[79.0233,40.0074],[79.0362,39.9785],[78.9995,39.9725],[78.9944,39.9481],[78.9878,39.9282],[78.9412,39.9085],[78.947,39.8967],[78.9565,39.8975],[78.9757,39.8898],[78.9714,39.8761],[78.9738,39.8711],[78.9565,39.8638],[78.9398,39.8593],[78.9296,39.8595],[78.9253,39.8547],[78.924,39.8449],[78.907,39.8341],[78.9076,39.8252],[78.9425,39.809],[78.9747,39.8043],[78.9948,39.8071],[78.9985,39.7979],[78.9965,39.7867],[78.989,39.7813],[78.903,39.7792],[78.8989,39.7625],[78.8693,39.7606],[78.8709,39.7404],[78.8833,39.711],[78.8784,39.7008],[78.8671,39.709],[78.8603,39.7019],[78.8587,39.718],[78.8413,39.714],[78.8367,39.709],[78.8372,39.7011],[78.8261,39.6867],[78.8255,39.667],[78.8222,39.6621],[78.8124,39.6612],[78.8064,39.6546],[78.7975,39.6617],[78.7911,39.6763],[78.7806,39.6872],[78.7772,39.6971],[78.7922,39.7028],[78.7955,39.7099],[78.7892,39.7267],[78.8034,39.7302],[78.8055,39.7442],[78.7985,39.7533],[78.7877,39.7595],[78.7693,39.7586],[78.7707,39.7662],[78.7804,39.7727],[78.782,39.7825],[78.7705,39.8042],[78.7694,39.8138],[78.7739,39.8275],[78.7509,39.8191],[78.7584,39.8035],[78.7551,39.7944],[78.7316,39.789],[78.7081,39.7701],[78.7039,39.7618],[78.6859,39.7516],[78.6551,39.7389],[78.6546,39.7304],[78.6599,39.7184],[78.672,39.7081],[78.6693,39.7],[78.6873,39.6973],[78.6918,39.691],[78.7025,39.6899],[78.708,39.6833],[78.7112,39.6662],[78.7003,39.6589],[78.7042,39.6497],[78.7158,39.6469],[78.7393,39.6521],[78.7727,39.6538],[78.79,39.6628],[78.7953,39.6516],[78.7801,39.6323],[78.7938,39.6259],[78.8113,39.6348],[78.8273,39.6241],[78.8372,39.6116],[78.8801,39.6122],[78.8977,39.6083],[78.9987,39.6236],[78.9978,39.6587],[78.9994,39.6607],[79.0415,39.6671],[79.0672,39.6735],[79.0768,39.673],[79.0924,39.6832],[79.0985,39.6955],[79.1107,39.7135],[79.1663,39.7142],[79.2375,39.7316],[79.2431,39.7406],[79.2474,39.7562],[79.2461,39.773],[79.2372,39.7818],[79.2486,39.7858],[79.2581,39.7849],[79.2646,39.7916],[79.2746,39.7909],[79.2922,39.8017],[79.3051,39.799],[79.3135,39.8033],[79.3237,39.8033],[79.3243,39.816],[79.3114,39.8183],[79.3063,39.8146],[79.2928,39.8125],[79.2822,39.8184],[79.2821,39.8256],[79.2926,39.8315],[79.2968,39.8444],[79.2683,39.8731],[79.2794,39.8778]]]]},"properties":{"region_code":"CN-65-659003","parent_region_code":"CN-65","name":"图木舒克市","level":"county","has_children":false,"full_path":"中国 / 新疆维吾尔自治区 / 图木舒克市","source_admin_code":"659003","osm_relation_id":2748778}},
{"type":"Feature","geometry":{"type":"Polygon","coordinates":[[[87.5882,44.5324],[87.5838,44.5321],[87.5681,44.5591],[87.5551,44.5786],[87.4988,44.5938],[87.5034,44.5766],[87.5007,44.5685],[87.5116,44.5479],[87.4562,44.5472],[87.4561,44.5582],[87.3752,44.5663],[87.3671,44.5657],[87.3647,44.5585],[87.371,44.5538],[87.3938,44.5472],[87.4062,44.5398],[87.4028,44.5304],[87.4136,44.5175],[87.4088,44.515],[87.4127,44.5038],[87.418,44.4981],[87.4269,44.4977],[87.4224,44.4864],[87.4317,44.4867],[87.4352,44.4794],[87.4288,44.4723],[87.4382,44.4653],[87.4462,44.4423],[87.4453,44.4302],[87.4401,44.4255],[87.4414,44.4158],[87.4267,44.4071],[87.4285,44.3758],[87.4253,44.3585],[87.4207,44.3541],[87.4293,44.3445],[87.4671,44.3188],[87.4868,44.3024],[87.4749,44.2992],[87.4741,44.2891],[87.4687,44.2819],[87.4839,44.2749],[87.5023,44.2596],[87.5171,44.2376],[87.5153,44.222],[87.5191,44.2133],[87.5107,44.2023],[87.5142,44.1877],[87.5079,44.1878],[87.5084,44.1765],[87.5031,44.1677],[87.5056,44.161],[87.5196,44.15],[87.5164,44.1437],[87.5064,44.1357],[87.5082,44.1272],[87.4973,44.1121],[87.4907,44.1064],[87.5065,44.0939],[87.5071,44.0856],[87.5012,44.0647],[87.4954,44.043],[87.4893,44.0066],[87.5035,44.005],[87.5127,44.0113],[87.5141,44.0173],[87.505,44.0203],[87.5094,44.0433],[87.5137,44.0479],[87.5245,44.0925],[87.542,44.0967],[87.5585,44.0976],[87.5637,44.1101],[87.5739,44.1158],[87.5617,44.1315],[87.5613,44.1402],[87.5655,44.1607],[87.5619,44.1687],[87.5699,44.181],[87.5815,44.2056],[87.5791,44.2173],[87.5811,44.2382],[87.5953,44.2457],[87.604,44.2331],[87.6374,44.2254],[87.6337,44.2041],[87.6496,44.1952],[87.6683,44.2086],[87.6882,44.2209],[87.682,44.2296],[87.69,44.234],[87.6877,44.2448],[87.7091,44.2618],[87.7131,44.3558],[87.6977,44.3665],[87.6898,44.3693],[87.6904,44.4156],[87.6608,44.4161],[87.656,44.4268],[87.6498,44.4496],[87.6361,44.4524],[87.6319,44.4625],[87.6211,44.4701],[87.596,44.4769],[87.5918,44.4862],[87.5987,44.5018],[87.5911,44.5178],[87.5882,44.5324]]]},"properties":{"region_code":"CN-65-659004","parent_region_code":"CN-65","name":"五家渠市","level":"county","has_children":false,"full_path":"中国 / 新疆维吾尔自治区 / 五家渠市","source_admin_code":"659004","osm_relation_id":2752471}},
{"type":"Feature","geometry":{"type":"MultiPolygon","coordinates":[[[[87.5668,47.4267],[87.5684,47.4182],[87.5764,47.4051],[87.5745,47.3909],[87.5616,47.3725],[87.5446,47.3558],[87.5443,47.3512],[87.5243,47.3408],[87.5663,47.3078],[87.5877,47.2923],[87.5995,47.288],[87.6175,47.2846],[87.6436,47.2695],[87.6584,47.2703],[87.6797,47.2561],[87.6886,47.2453],[87.7032,47.2366],[87.7169,47.2175],[87.7362,47.2006],[87.7513,47.1983],[87.7632,47.1904],[87.7833,47.186],[87.8017,47.1866],[87.8141,47.1763],[87.8491,47.1693],[87.8771,47.1577],[87.8895,47.1595],[87.9033,47.1713],[87.9138,47.1718],[87.9167,47.1656],[87.9286,47.1631],[87.945,47.1556],[87.9706,47.1534],[88.0033,47.1412],[88.0084,47.1434],[88.0222,47.1393],[88.0474,47.146],[88.0702,47.1416],[88.0761,47.1357],[88.0746,47.1244],[88.0918,47.1223],[88.1141,47.1274],[88.133,47.1192],[88.1335,47.1119],[88.1506,47.1181],[88.1745,47.113],[88.194,47.1239],[88.2171,47.1318],[88.2512,47.1317],[88.2774,47.1355],[88.2815,47.1456],[88.329,47.1666],[88.3408,47.1735],[88.3406,47.2044],[88.3354,47.217],[88.3366,47.2309],[88.3534,47.232],[88.425,47.2324],[88.4278,47.2468],[88.4079,47.2471],[88.3841,47.2379],[88.3683,47.2351],[88.3247,47.2393],[88.3217,47.2416],[88.2984,47.2413],[88.2907,47.2453],[88.2704,47.2406],[88.2645,47.2365],[88.2204,47.2439],[88.1858,47.2545],[88.162,47.2607],[88.1135,47.2752],[88.0947,47.2796],[88.0852,47.2863],[88.0631,47.2941],[88.0343,47.3111],[88.0218,47.3117],[87.9988,47.3157],[87.9827,47.3158],[87.969,47.3217],[87.9328,47.3306],[87.9283,47.3339],[87.9037,47.3403],[87.8909,47.3402],[87.8818,47.3463],[87.8719,47.3485],[87.853,47.3618],[87.8342,47.3567],[87.8197,47.3584],[87.7819,47.3807],[87.7647,47.3823],[87.7577,47.387],[87.741,47.3896],[87.7181,47.4015],[87.7016,47.4047],[87.6991,47.4089],[87.6736,47.4138],[87.671,47.4179],[87.647,47.4203],[87.6453,47.424],[87.616,47.4217],[87.611,47.4276],[87.6,47.4244],[87.5787,47.4369],[87.5668,47.4267]]],[[[90.9706,46.1276],[90.9728,46.1344],[90.9682,46.1401],[90.9545,46.1444],[90.9531,46.135],[90.9706,46.1276]]],[[[90.7836,46.5001],[90.7802,46.5107],[90.7703,46.515],[90.7634,46.512],[90.7638,46.5041],[90.7746,46.4997],[90.7836,46.5001]]],[[[87.4303,47.0942],[87.4066,47.0897],[87.3997,47.0913],[87.396,47.0803],[87.4154,47.076],[87.4266,47.0756],[87.4414,47.0912],[87.4303,47.0942]]],[[[87.5452,47.4255],[87.4962,47.4094],[87.5,47.4057],[87.5213,47.4104],[87.5398,47.4184],[87.5452,47.4255]]]]},"properties":{"region_code":"CN-65-659005","parent_region_code":"CN-65","name":"北屯市","level":"county","has_children":false,"full_path":"中国 / 新疆维吾尔自治区 / 北屯市","source_admin_code":"659005","osm_relation_id":9077256}},
{"type":"Feature","geometry":{"type":"MultiPolygon","coordinates":[[[[86.2685,42.1353],[86.2784,42.1208],[86.2879,42.1145],[86.3654,42.0907],[86.4049,42.0833],[86.413,42.0891],[86.4198,42.0997],[86.4253,42.1021],[86.4152,42.1171],[86.4038,42.1219],[86.384,42.1241],[86.3783,42.1336],[86.3716,42.1333],[86.3724,42.1443],[86.3618,42.1445],[86.3518,42.1521],[86.341,42.1505],[86.3375,42.1619],[86.328,42.1667],[86.3175,42.1643],[86.3136,42.1721],[86.3046,42.1791],[86.3029,42.1885],[86.2937,42.1944],[86.2782,42.1886],[86.2673,42.2013],[86.2683,42.2112],[86.2601,42.2135],[86.2529,42.2102],[86.2384,42.2102],[86.2305,42.2046],[86.2123,42.215],[86.1827,42.217],[86.1796,42.2028],[86.1989,42.1969],[86.2271,42.1863],[86.2625,42.1545],[86.2817,42.1428],[86.2685,42.1353]]],[[[86.7214,41.9553],[86.7396,41.9603],[86.7407,41.9731],[86.6825,41.9874],[86.6774,41.9911],[86.6791,41.9981],[86.6468,42.0102],[86.6254,42.0217],[86.6404,41.966],[86.6549,41.9615],[86.6697,41.9617],[86.7214,41.9553]]],[[[86.1844,42.1184],[86.1987,42.124],[86.1957,42.1278],[86.1709,42.1372],[86.1591,42.1452],[86.1463,42.159],[86.1479,42.1683],[86.1346,42.1694],[86.113,42.1927],[86.1006,42.1986],[86.0676,42.2062],[86.0636,42.2039],[86.0775,42.1947],[86.1249,42.1669],[86.1766,42.1177],[86.1844,42.1184]]],[[[86.2226,41.4965],[86.2297,41.467],[86.2272,41.4522],[86.242,41.4466],[86.2422,41.4603],[86.2396,41.4742],[86.2226,41.4965]]],[[[86.2592,41.3966],[86.2512,41.4207],[86.2292,41.4239],[86.2285,41.4181],[86.2337,41.4094],[86.2243,41.4087],[86.225,41.3994],[86.2592,41.3966]]],[[[86.4269,41.0933],[86.4271,41.0841],[86.4359,41.0755],[86.4634,41.075],[86.4489,41.0657],[86.4524,41.059],[86.4668,41.0629],[86.4798,41.0741],[86.4784,41.0847],[86.4906,41.0887],[86.5018,41.0984],[86.4908,41.1062],[86.4836,41.1005],[86.4654,41.0966],[86.4493,41.0962],[86.4486,41.0893],[86.4269,41.0933]]],[[[86.5897,41.0647],[86.5981,41.0652],[86.6099,41.061],[86.6203,41.0612],[86.6393,41.0455],[86.6511,41.0299],[86.6645,41.0189],[86.6736,41.0145],[86.6767,41.0016],[86.6726,40.9932],[86.6842,40.9889],[86.7046,40.9732],[86.7043,40.9616],[86.7176,40.9492],[86.7185,40.9403],[86.7403,40.9297],[86.7464,40.9183],[86.7643,40.9104],[86.7739,40.9097],[86.7754,40.9008],[86.7847,40.9015],[86.8031,40.895],[86.8139,40.8866],[86.8168,40.8781],[86.8299,40.8759],[86.8419,40.8775],[86.848,40.8736],[86.86,40.875],[86.8666,40.8704],[86.8819,40.8663],[86.8922,40.857],[86.8985,40.8479],[86.9117,40.8395],[86.9175,40.8314],[86.9249,40.8275],[86.9279,40.8207],[86.9398,40.8129],[86.968,40.8083],[86.9759,40.8093],[86.9936,40.7992],[86.9984,40.79],[87.0055,40.7909],[87.0343,40.7727],[87.0392,40.7589],[87.0473,40.7566],[87.0607,40.7586],[87.0734,40.7453],[87.0831,40.751],[87.1056,40.7491],[87.1147,40.7401],[87.1148,40.7306],[87.1253,40.7325],[87.1374,40.7197],[87.1433,40.7165],[87.1643,40.7179],[87.1651,40.7129],[87.1897,40.7101],[87.1939,40.7056],[87.2079,40.705],[87.214,40.6966],[87.2332,40.6964],[87.2412,40.6853],[87.2604,40.6836],[87.2665,40.6786],[87.2708,40.6662],[87.2774,40.6651],[87.2964,40.6542],[87.3058,40.6523],[87.3065,40.6466],[87.331,40.6324],[87.3376,40.6323],[87.3351,40.6165],[87.3403,40.6006],[87.3524,40.5969],[87.3552,40.5907],[87.3631,40.5877],[87.3777,40.5873],[87.3831,40.59],[87.4055,40.5901],[87.4169,40.5983],[87.4134,40.5099],[87.4599,40.509],[87.4608,40.5352],[87.5207,40.5364],[87.5195,40.5184],[87.5658,40.5165],[87.566,40.5424],[87.5901,40.5438],[87.5917,40.5878],[87.72,40.5894],[87.7212,40.5597],[88.0136,40.5598],[88.0159,40.7455],[87.7431,40.7509],[87.7424,40.7774],[87.6061,40.7774],[87.603,40.7595],[87.511,40.7597],[87.5083,40.6801],[87.4482,40.6796],[87.3971,40.7199],[87.3456,40.7197],[87.3466,40.7589],[87.3078,40.7608],[87.3102,40.8493],[87.2503,40.8499],[87.251,40.8765],[87.2024,40.8788],[87.2014,40.9135],[87.1207,40.9148],[87.1181,40.9223],[87.0143,40.9229],[87.0138,40.9767],[86.8586,40.9761],[86.859,40.9854],[86.8231,40.9851],[86.8226,41.0758],[86.7154,41.0744],[86.7148,41.0931],[86.584,41.0941],[86.5831,41.0718],[86.5897,41.0647]]],[[[90.0133,38.4547],[89.9954,38.4438],[89.9969,38.4291],[90.0052,38.4225],[90.0378,38.4268],[90.0237,38.4389],[90.0133,38.4547]]],[[[88.8293,39.3335],[88.8298,39.2043],[88.8251,39.053],[88.7998,39.0516],[88.7998,38.9809],[88.8466,38.9795],[88.9484,39.085],[89.0605,39.2022],[88.9329,39.2043],[88.9331,39.2229],[88.9353,39.2341],[88.945,39.2382],[89.0605,39.2374],[89.0622,39.3341],[89.0026,39.3345],[89.0015,39.3321],[88.8293,39.3335]]],[[[85.5092,38.0803],[85.5225,38.074],[85.5313,38.0783],[85.5588,38.0635],[85.5492,38.0767],[85.5597,38.0849],[85.5551,38.0905],[85.5304,38.0859],[85.5211,38.0819],[85.5169,38.0864],[85.5092,38.0803]]],[[[85.3546,38.1573],[85.3549,38.1685],[85.366,38.1711],[85.3943,38.1698],[85.3978,38.1786],[85.4054,38.1829],[85.4099,38.2028],[85.4133,38.2091],[85.3797,38.2184],[85.3637,38.2214],[85.3635,38.2055],[85.337,38.2058],[85.3368,38.2025],[85.318,38.203],[85.3178,38.1938],[85.232,38.1937],[85.2318,38.1433],[85.3197,38.1436],[85.3198,38.1193],[85.2677,38.1193],[85.2677,38.0917],[85.388,38.0919],[85.3959,38.1384],[85.3865,38.1396],[85.3362,38.1395],[85.336,38.1613],[85.3546,38.1573]]],[[[84.2085,37.7502],[84.4134,37.838],[84.3707,37.9021],[84.1103,37.7915],[84.0914,37.7833],[84.1128,37.7527],[84.1227,37.7457],[84.134,37.7525],[84.1469,37.752],[84.1724,37.7585],[84.1807,37.7632],[84.1855,37.7562],[84.2003,37.7623],[84.2085,37.7502]]],[[[86.2129,42.4315],[86.2025,42.4427],[86.1781,42.4465],[86.1707,42.4375],[86.174,42.4321],[86.1834,42.4319],[86.1908,42.4211],[86.2129,42.4315]]],[[[87.0574,42.2107],[87.0346,42.2173],[87.0033,42.158],[87.0818,42.1297],[87.1022,42.1778],[87.1214,42.1711],[87.1278,42.1755],[87.1,42.1912],[87.0809,42.2039],[87.0574,42.2107]]],[[[86.7549,42.292],[86.7708,42.2932],[86.8033,42.2897],[86.8044,42.2979],[86.8346,42.2946],[86.8361,42.3021],[86.8131,42.3039],[86.7955,42.3031],[86.7695,42.298],[86.7549,42.292]]],[[[86.4659,42.2938],[86.4984,42.2892],[86.499,42.2503],[86.5558,42.2463],[86.574,42.2394],[86.6125,42.2363],[86.6328,42.2356],[86.6323,42.2285],[86.6197,42.2243],[86.6005,42.2317],[86.5874,42.226],[86.5672,42.2205],[86.5585,42.2131],[86.5449,42.2103],[86.5303,42.2022],[86.5276,42.197],[86.5139,42.1982],[86.5077,42.1934],[86.4965,42.1963],[86.4852,42.1901],[86.4645,42.2311],[86.4553,42.2464],[86.4483,42.2543],[86.44,42.255],[86.4264,42.2516],[86.4227,42.2459],[86.4067,42.2433],[86.4193,42.2246],[86.4072,42.2232],[86.4093,42.2151],[86.3935,42.2029],[86.375,42.2059],[86.3751,42.1503],[86.383,42.1488],[86.407,42.1356],[86.4206,42.1343],[86.4352,42.1495],[86.4476,42.1339],[86.4985,42.1397],[86.4943,42.1489],[86.5048,42.15],[86.5071,42.1407],[86.5172,42.1419],[86.519,42.1324],[86.5555,42.1366],[86.5536,42.1463],[86.558,42.149],[86.5789,42.1514],[86.5774,42.1588],[86.5986,42.1613],[86.6028,42.167],[86.6069,42.1812],[86.6242,42.2114],[86.6463,42.209],[86.659,42.2266],[86.6732,42.2268],[86.675,42.2332],[86.6861,42.2309],[86.6878,42.2228],[86.7004,42.2187],[86.7067,42.2201],[86.7293,42.2163],[86.7535,42.2162],[86.7529,42.201],[86.7747,42.1822],[86.8004,42.2094],[86.8074,42.2628],[86.8033,42.2633],[86.7603,42.2816],[86.7383,42.2845],[86.7421,42.289],[86.702,42.2954],[86.7012,42.2924],[86.6821,42.2944],[86.6327,42.2919],[86.6248,42.2931],[86.6139,42.301],[86.6404,42.3158],[86.5482,42.3322],[86.4814,42.3431],[86.4686,42.3182],[86.4769,42.3162],[86.4666,42.3032],[86.4659,42.2938]]],[[[86.4797,42.0059],[86.4985,42.0045],[86.5087,41.9968],[86.5164,41.9615],[86.5224,41.9575],[86.5125,41.9435],[86.5037,41.9439],[86.5038,41.9229],[86.5129,41.9205],[86.5278,41.9246],[86.5376,41.922],[86.5395,41.9296],[86.5361,41.9462],[86.5381,41.9505],[86.5347,41.9699],[86.5378,41.9776],[86.5306,41.9829],[86.5275,41.9954],[86.523,42.0013],[86.52,42.017],[86.5009,42.0379],[86.4978,42.0519],[86.4925,42.064],[86.4918,42.0805],[86.4607,42.0916],[86.4471,42.1009],[86.4373,42.0947],[86.4554,42.085],[86.4627,42.0834],[86.4754,42.0447],[86.4732,42.023],[86.4703,42.0153],[86.4797,42.0059]]],[[[86.6031,41.9189],[86.5946,41.9199],[86.5823,41.9265],[86.5694,41.9241],[86.5632,41.9076],[86.556,41.9019],[86.5483,41.8901],[86.5481,41.8832],[86.5426,41.8734],[86.5517,41.8684],[86.5661,41.867],[86.5669,41.8739],[86.5811,41.8834],[86.5943,41.8828],[86.5956,41.8959],[86.5939,41.9084],[86.6031,41.9189]]],[[[85.9255,41.7561],[85.9303,41.7548],[85.9465,41.7581],[85.9442,41.775],[85.9513,41.7811],[85.9644,41.7819],[85.9778,41.7789],[85.9792,41.7701],[85.9901,41.7691],[85.9967,41.7621],[86.0195,41.7644],[86.0229,41.7844],[86.0503,41.784],[86.0509,41.7712],[86.0876,41.7697],[86.0967,41.7969],[86.0848,41.8009],[86.0485,41.8014],[86.0389,41.7987],[85.9726,41.8096],[85.9482,41.8106],[85.9315,41.8199],[85.9199,41.8215],[85.894,41.822],[85.8883,41.7977],[85.8745,41.7976],[85.8742,41.7771],[85.8889,41.7779],[85.8923,41.7687],[85.8915,41.7606],[85.9014,41.7593],[85.9272,41.7632],[85.9255,41.7561]]],[[[85.8363,41.8373],[85.8351,41.8189],[85.8424,41.8184],[85.8442,41.8371],[85.8363,41.8373]]],[[[85.4333,41.9306],[85.4397,41.9274],[85.4517,41.9382],[85.4324,41.9485],[85.4245,41.9507],[85.4171,41.946],[85.4125,41.9369],[85.4333,41.9306]]],[[[85.6329,41.8795],[85.5988,41.892],[85.5576,41.9019],[85.5637,41.9366],[85.5174,41.9443],[85.4997,41.8675],[85.3687,41.8313],[85.353,41.7499],[85.4265,41.7543],[85.4834,41.7554],[85.4926,41.7431],[85.5209,41.7411],[85.5346,41.7421],[85.6128,41.7428],[85.6021,41.7],[85.6047,41.6986],[85.6153,41.7427],[85.6868,41.7435],[85.6809,41.6747],[85.6837,41.6748],[85.6896,41.7435],[85.7016,41.7438],[85.703,41.6806],[85.7267,41.681],[85.7301,41.6583],[85.7599,41.6547],[85.7803,41.6553],[85.7828,41.6651],[85.7802,41.6751],[85.7846,41.6815],[85.7747,41.6883],[85.772,41.7031],[85.7699,41.7275],[85.7636,41.7319],[85.7512,41.7475],[85.7404,41.7515],[85.7423,41.758],[85.7638,41.7789],[85.7665,41.7971],[85.7755,41.7973],[85.7756,41.8037],[85.7909,41.8034],[85.7975,41.8117],[85.7985,41.8218],[85.7553,41.8375],[85.7561,41.8408],[85.7437,41.852],[85.7349,41.853],[85.6329,41.8795]]]]},"properties":{"region_code":"CN-65-659006","parent_region_code":"CN-65","name":"铁门关市","level":"county","has_children":false,"full_path":"中国 / 新疆维吾尔自治区 / 铁门关市","source_admin_code":"659006","osm_relation_id":7002046}},
{"type":"Feature","geometry":{"type":"MultiPolygon","coordinates":[[[[82.3916,44.6688],[82.3856,44.6752],[82.3626,44.677],[82.3551,44.6867],[82.3434,44.6893],[82.3307,44.6734],[82.3489,44.6672],[82.3643,44.668],[82.3741,44.6712],[82.3829,44.6666],[82.3916,44.6688]]],[[[82.2941,44.7531],[82.2818,44.7606],[82.2587,44.7669],[82.2777,44.7393],[82.2887,44.7309],[82.3005,44.736],[82.3008,44.743],[82.2941,44.7531]]],[[[82.1602,44.7965],[82.1531,44.8055],[82.1372,44.8006],[82.1436,44.7905],[82.1602,44.7965]]],[[[82.1439,44.7849],[82.1524,44.7698],[82.1776,44.7778],[82.1813,44.7884],[82.1618,44.7906],[82.1439,44.7849]]],[[[82.1228,44.6803],[82.1152,44.6826],[82.0854,44.6645],[82.0815,44.6646],[82.0776,44.6428],[82.0879,44.6408],[82.0855,44.6351],[82.0976,44.6318],[82.1083,44.6413],[82.1255,44.6363],[82.1358,44.6602],[82.1471,44.6604],[82.1539,44.6686],[82.1607,44.6683],[82.1691,44.6613],[82.1888,44.6613],[82.2174,44.6794],[82.2327,44.6806],[82.2317,44.7144],[82.2346,44.7267],[82.2218,44.7272],[82.1993,44.7363],[82.1987,44.744],[82.1894,44.7517],[82.1708,44.7161],[82.1698,44.7122],[82.1563,44.7008],[82.1228,44.6803]]],[[[82.2318,45.1226],[82.2352,45.1448],[82.2194,45.1466],[82.2071,45.1232],[82.2318,45.1226]]],[[[82.4343,45.006],[82.4499,45.0675],[82.2945,45.1051],[82.2699,45.0897],[82.2732,45.0695],[82.2784,45.0678],[82.284,45.054],[82.2833,45.0457],[82.271,45.0339],[82.272,45.0286],[82.4343,45.006]]],[[[82.2067,44.9267],[82.2051,44.9371],[82.2073,44.9458],[82.2029,44.95],[82.1987,44.9638],[82.1916,44.9728],[82.1974,44.987],[82.186,44.9881],[82.1859,44.9938],[82.1306,45.0361],[82.1289,45.0357],[82.0576,45.0397],[82.0345,45.0311],[82.0158,45.0266],[81.9722,45.0219],[81.964,45.0074],[81.9483,45.0102],[81.9376,45.008],[81.9417,44.9975],[81.9502,44.9852],[81.9671,44.9779],[81.9801,44.9634],[82.0036,44.9682],[82.0246,44.9754],[82.0349,44.9752],[82.0425,44.9695],[82.055,44.9523],[82.0614,44.9329],[82.0873,44.9315],[82.0893,44.9282],[82.1086,44.927],[82.1761,44.9177],[82.1874,44.9177],[82.2067,44.9267]]],[[[82.4062,44.774],[82.4266,44.7633],[82.4263,44.7589],[82.4519,44.7537],[82.4611,44.7576],[82.476,44.7531],[82.4932,44.7416],[82.517,44.7366],[82.5405,44.7394],[82.544,44.7256],[82.5353,44.7262],[82.5387,44.7136],[82.5433,44.7079],[82.5526,44.7051],[82.5649,44.7084],[82.5626,44.7131],[82.5768,44.7196],[82.5938,44.7222],[82.6,44.7286],[82.6101,44.7323],[82.6101,44.7416],[82.6182,44.7425],[82.6252,44.7507],[82.6413,44.7589],[82.6532,44.7683],[82.6633,44.7707],[82.672,44.791],[82.6864,44.7974],[82.7022,44.8112],[82.7032,44.8189],[82.7274,44.8242],[82.7317,44.828],[82.7325,44.8396],[82.7438,44.8566],[82.7128,44.8572],[82.7006,44.8597],[82.6839,44.8756],[82.6726,44.8991],[82.6669,44.9265],[82.658,44.9436],[82.6395,44.9433],[82.6379,44.9372],[82.6301,44.9312],[82.5966,44.9225],[82.5436,44.9043],[82.5342,44.9025],[82.4936,44.903],[82.4933,44.8829],[82.4801,44.8803],[82.4537,44.8811],[82.4211,44.8866],[82.3514,44.9004],[82.3316,44.8856],[82.3093,44.8803],[82.2757,44.86],[82.2655,44.8645],[82.2398,44.8802],[82.2203,44.8881],[82.1796,44.8929],[82.1731,44.8915],[82.1426,44.8955],[82.1349,44.8838],[82.1126,44.8885],[82.095,44.8939],[82.0809,44.8937],[82.0889,44.8816],[82.0981,44.8797],[82.0979,44.8724],[82.121,44.8736],[82.1578,44.8638],[82.1591,44.8608],[82.1344,44.8421],[82.1235,44.8484],[82.1129,44.85],[82.1021,44.8558],[82.0929,44.8515],[82.0918,44.8432],[82.0849,44.8328],[82.1187,44.8053],[82.1355,44.816],[82.1422,44.8165],[82.1499,44.8291],[82.2035,44.8207],[82.2657,44.8312],[82.2937,44.8115],[82.3071,44.8066],[82.3097,44.8026],[82.3361,44.8011],[82.355,44.7952],[82.3612,44.7893],[82.3781,44.7826],[82.3832,44.784],[82.4062,44.774]]]]},"properties":{"region_code":"CN-65-659007","parent_region_code":"CN-65","name":"双河市","level":"county","has_children":false,"full_path":"中国 / 新疆维吾尔自治区 / 双河市","source_admin_code":"659007","osm_relation_id":9068337}},
{"type":"Feature","geometry":{"type":"Polygon","coordinates":[[[81.0178,43.9079],[81.0121,43.9128],[81.0305,43.9367],[81.0172,43.9413],[81.0341,43.9621],[80.9984,43.9764],[80.9868,43.962],[80.9811,43.9639],[80.9684,43.9482],[80.9736,43.9465],[80.9571,43.9264],[80.9506,43.9265],[80.97,43.9189],[80.982,43.9085],[80.9997,43.9107],[81.0178,43.9079]]]},"properties":{"region_code":"CN-65-659008","parent_region_code":"CN-65","name":"可克达拉市","level":"county","has_children":false,"full_path":"中国 / 新疆维吾尔自治区 / 可克达拉市","source_admin_code":"659008","osm_relation_id":20281769}},
{"type":"Feature","geometry":{"type":"MultiPolygon","coordinates":[[[[81.3117,36.9772],[81.3118,36.9874],[81.2544,36.9802],[81.2593,36.9635],[81.2714,36.9462],[81.23,36.9514],[81.2295,36.9491],[81.2444,36.907],[81.2542,36.8956],[81.2588,36.8853],[81.3344,36.863],[81.3445,36.866],[81.3758,36.8835],[81.3759,36.8975],[81.3818,36.9],[81.3833,36.9133],[81.3905,36.917],[81.376,36.9316],[81.3507,36.9542],[81.3514,36.9734],[81.3117,36.9772]]],[[[80.7915,36.3028],[80.7731,36.3009],[80.7712,36.2891],[80.7517,36.2735],[80.7337,36.2565],[80.7217,36.2614],[80.7182,36.237],[80.714,36.2213],[80.7024,36.2042],[80.7022,36.1837],[80.717,36.1841],[80.732,36.1705],[80.7341,36.1629],[80.7268,36.1524],[80.7263,36.1443],[80.7204,36.1386],[80.7113,36.1473],[80.6955,36.1441],[80.6969,36.1365],[80.7038,36.1354],[80.714,36.1225],[80.716,36.115],[80.7274,36.1185],[80.7344,36.1258],[80.7316,36.1391],[80.743,36.1519],[80.7403,36.1613],[80.7438,36.1709],[80.7565,36.173],[80.7603,36.1776],[80.7742,36.1835],[80.7823,36.1826],[80.7902,36.163],[80.8031,36.17],[80.8388,36.1817],[80.8425,36.1856],[80.8396,36.1998],[80.8323,36.2229],[80.826,36.2315],[80.8189,36.2339],[80.8112,36.2471],[80.8015,36.2475],[80.8085,36.2666],[80.807,36.2869],[80.8028,36.2982],[80.7915,36.3028]]],[[[80.5905,36.1802],[80.5717,36.1774],[80.5688,36.1731],[80.5559,36.1671],[80.543,36.1642],[80.5338,36.1538],[80.5317,36.1368],[80.5389,36.1258],[80.5529,36.123],[80.5568,36.1196],[80.5689,36.1176],[80.5749,36.1054],[80.5715,36.0962],[80.5848,36.0854],[80.5873,36.0803],[80.6004,36.079],[80.608,36.1023],[80.6086,36.1189],[80.6249,36.1164],[80.6565,36.1335],[80.6588,36.1421],[80.67,36.1554],[80.6747,36.1641],[80.6594,36.1651],[80.6475,36.1811],[80.6411,36.1787],[80.6185,36.1762],[80.5988,36.1713],[80.5905,36.1802]],[[80.584,36.0917],[80.5864,36.0979],[80.582,36.1155],[80.5839,36.1174],[80.6016,36.1141],[80.5986,36.1021],[80.584,36.0917]]],[[[80.7783,36.0981],[80.7823,36.1173],[80.7756,36.1203],[80.7621,36.1175],[80.7486,36.1107],[80.7252,36.1015],[80.7155,36.0895],[80.7115,36.0462],[80.7432,36.025],[80.7515,36.0326],[80.7343,36.042],[80.731,36.0498],[80.7184,36.0603],[80.7194,36.0682],[80.7339,36.0819],[80.7477,36.0915],[80.7663,36.0979],[80.7715,36.0919],[80.7783,36.0981]]],[[[80.41,36.1142],[80.4079,36.1241],[80.3856,36.1087],[80.3777,36.1069],[80.374,36.0986],[80.3838,36.0881],[80.396,36.0931],[80.3983,36.0992],[80.4115,36.1088],[80.41,36.1142]]],[[[81.2268,36.1138],[81.2107,36.1126],[81.2195,36.1064],[81.2268,36.1138]]],[[[81.1262,36.0898],[81.1256,36.0978],[81.1449,36.1094],[81.1362,36.1132],[81.1231,36.1084],[81.1162,36.0946],[81.1262,36.0898]]],[[[80.9417,36.0959],[80.9388,36.1028],[80.9314,36.1078],[80.9155,36.0992],[80.913,36.0958],[80.8904,36.0848],[80.8759,36.0735],[80.8583,36.0704],[80.8561,36.0601],[80.8511,36.0535],[80.8481,36.0364],[80.8579,36.0406],[80.8791,36.0547],[80.8874,36.0348],[80.8829,36.0293],[80.8846,36.0226],[80.8968,36.0167],[80.906,36.0206],[80.9084,36.04],[80.9072,36.0493],[80.9091,36.0648],[80.9164,36.0705],[80.9309,36.0767],[80.9395,36.0864],[80.9417,36.0959]]],[[[80.6806,36.0985],[80.6754,36.104],[80.6686,36.087],[80.6474,36.0754],[80.6353,36.0704],[80.6365,36.0648],[80.6521,36.0638],[80.6598,36.0658],[80.6757,36.0823],[80.6856,36.0873],[80.6806,36.0985]]],[[[80.7897,36.0864],[80.7821,36.0769],[80.7674,36.0463],[80.7754,36.0348],[80.7814,36.0424],[80.7894,36.0472],[80.7997,36.0769],[80.7897,36.0864]]],[[[81.3046,36.5028],[81.3001,36.5097],[81.2988,36.5265],[81.2925,36.5367],[81.2855,36.5536],[81.2865,36.57],[81.2676,36.57],[81.3064,36.4099],[81.3283,36.4074],[81.3285,36.4269],[81.3305,36.4353],[81.3226,36.4453],[81.3205,36.4623],[81.3051,36.4869],[81.3046,36.5028]]],[[[81.0507,36.315],[81.0532,36.3297],[81.0408,36.3309],[81.0256,36.323],[81.0254,36.3126],[81.0353,36.3117],[81.0289,36.2597],[81.0343,36.2527],[81.045,36.2513],[81.0496,36.2618],[81.0473,36.2715],[81.0426,36.2742],[81.0465,36.2823],[81.0507,36.315]]],[[[80.466,36.257],[80.4608,36.2601],[80.4518,36.2469],[80.4524,36.2355],[80.4629,36.2288],[80.4715,36.2083],[80.4672,36.2006],[80.4594,36.2062],[80.4427,36.2079],[80.4398,36.2151],[80.4283,36.223],[80.4137,36.2283],[80.4059,36.2214],[80.4125,36.1956],[80.4152,36.1898],[80.4137,36.1817],[80.4189,36.1689],[80.4176,36.1515],[80.4281,36.1425],[80.4401,36.1281],[80.4475,36.1311],[80.4518,36.1513],[80.4503,36.1603],[80.4577,36.1671],[80.462,36.1635],[80.4721,36.1657],[80.4844,36.1631],[80.5003,36.1658],[80.5003,36.1801],[80.4838,36.1789],[80.4765,36.1748],[80.4621,36.1767],[80.4636,36.1832],[80.478,36.2019],[80.4856,36.2036],[80.4916,36.1998],[80.5073,36.1958],[80.5119,36.2062],[80.5244,36.2191],[80.5238,36.224],[80.5021,36.2236],[80.4884,36.2315],[80.4863,36.2362],[80.473,36.2428],[80.466,36.257]]],[[[81.1978,36.2403],[81.1625,36.2379],[81.1634,36.222],[81.1731,36.2214],[81.2096,36.2225],[81.2066,36.2365],[81.1978,36.2403]]],[[[81.2608,36.2252],[81.2506,36.2261],[81.2301,36.2159],[81.225,36.2099],[81.2462,36.2105],[81.2598,36.2144],[81.2608,36.2252]]],[[[81.307,36.2235],[81.2881,36.2319],[81.2812,36.2207],[81.272,36.2161],[81.2657,36.207],[81.2661,36.1925],[81.2598,36.1826],[81.2475,36.1728],[81.2372,36.1591],[81.2322,36.1462],[81.2295,36.1235],[81.2388,36.1209],[81.2638,36.1254],[81.2682,36.1331],[81.2555,36.1376],[81.2474,36.1617],[81.2607,36.1713],[81.2664,36.1853],[81.2811,36.1859],[81.2968,36.1791],[81.3107,36.1776],[81.32,36.1667],[81.3142,36.1531],[81.2996,36.1616],[81.2788,36.1651],[81.2717,36.1627],[81.2765,36.151],[81.276,36.1284],[81.305,36.1231],[81.3151,36.1245],[81.3175,36.1393],[81.3293,36.1372],[81.3387,36.1411],[81.353,36.1704],[81.3712,36.1764],[81.3812,36.1842],[81.3776,36.2049],[81.3687,36.2105],[81.3374,36.2125],[81.3215,36.2163],[81.307,36.2235]]],[[[81.1797,36.2013],[81.1652,36.2067],[81.1612,36.1967],[81.1542,36.1917],[81.1515,36.1833],[81.1679,36.1737],[81.1761,36.1723],[81.1969,36.1638],[81.2144,36.1636],[81.2301,36.1589],[81.2468,36.18],[81.2567,36.1864],[81.2602,36.1925],[81.2391,36.1915],[81.2234,36.1964],[81.2094,36.1975],[81.2029,36.1952],[81.1797,36.2013]]],[[[80.4147,36.1877],[80.4016,36.1799],[80.4069,36.1565],[80.4163,36.1554],[80.4174,36.1681],[80.4127,36.181],[80.4147,36.1877]]],[[[81.1849,36.1595],[81.1684,36.1636],[81.1642,36.1693],[81.1495,36.1763],[81.1433,36.1667],[81.1365,36.1506],[81.1639,36.1469],[81.1827,36.1402],[81.1903,36.1532],[81.2114,36.1526],[81.2199,36.1504],[81.2266,36.1541],[81.1849,36.1595]]],[[[80.3832,36.1399],[80.3773,36.1454],[80.3559,36.1283],[80.3551,36.1199],[80.3647,36.1091],[80.3826,36.1091],[80.3782,36.1175],[80.3833,36.1265],[80.3832,36.1399]]],[[[80.6929,36.1448],[80.6847,36.1427],[80.6823,36.124],[80.6881,36.1156],[80.6937,36.1212],[80.6958,36.1316],[80.6929,36.1448]]],[[[81.1262,36.0898],[81.1213,36.0763],[81.1172,36.0714],[81.1,36.0727],[81.0947,36.0835],[81.0784,36.0908],[81.0765,36.1043],[81.081,36.1166],[81.0874,36.1222],[81.0867,36.1326],[81.0938,36.1452],[81.0768,36.1481],[81.0765,36.1542],[81.0851,36.1562],[81.097,36.1529],[81.0985,36.1593],[81.1064,36.1678],[81.1081,36.186],[81.1059,36.1961],[81.0951,36.1904],[81.0796,36.1748],[81.0708,36.1691],[81.0574,36.1699],[81.0399,36.1746],[81.0406,36.1975],[81.0294,36.1966],[81.0174,36.1896],[81.0092,36.1932],[81.001,36.2043],[80.9827,36.1881],[80.9762,36.1855],[80.9647,36.1747],[80.96,36.1606],[80.9524,36.1633],[80.9447,36.1605],[80.9276,36.1628],[80.9202,36.1609],[80.9123,36.1652],[80.8907,36.1696],[80.8798,36.175],[80.8607,36.1665],[80.8392,36.1523],[80.821,36.1446],[80.8057,36.1446],[80.7951,36.147],[80.7934,36.1372],[80.807,36.1306],[80.8312,36.1217],[80.8465,36.1275],[80.8615,36.1465],[80.879,36.1553],[80.8839,36.1516],[80.8793,36.1444],[80.8983,36.1378],[80.8783,36.1132],[80.8637,36.1041],[80.8704,36.0883],[80.8789,36.0812],[80.8866,36.0869],[80.9061,36.0968],[80.931,36.1141],[80.9451,36.1128],[80.9501,36.109],[80.956,36.0993],[80.9592,36.0977],[80.9593,36.0943],[80.9636,36.0927],[80.9686,36.0884],[80.9687,36.0857],[80.9832,36.072],[80.9813,36.0701],[80.9671,36.0866],[80.967,36.0884],[80.9616,36.0934],[80.9587,36.0935],[80.9583,36.0968],[80.9537,36.1006],[80.949,36.1084],[80.9411,36.1107],[80.9457,36.0962],[80.9495,36.0711],[80.9541,36.0601],[80.9531,36.0488],[80.9591,36.0406],[80.9654,36.04],[80.9646,36.0319],[80.96,36.0234],[80.9671,36.0185],[80.9934,35.9868],[81.0075,35.9663],[81.0204,35.9586],[81.0264,35.9699],[81.0233,35.9897],[81.0173,35.997],[81.0051,36.0037],[81.0075,36.0258],[81.0015,36.0315],[80.998,36.0465],[81.0078,36.0493],[81.0126,36.041],[81.0242,36.0414],[81.0182,36.0527],[81.004,36.0574],[80.9994,36.0682],[80.9892,36.0806],[80.9894,36.0861],[80.982,36.1007],[80.9984,36.1012],[81.0034,36.0928],[81.0049,36.0838],[81.0145,36.0833],[81.0293,36.0753],[81.0406,36.0539],[81.0614,36.038],[81.0891,36.0299],[81.0938,36.025],[81.0985,35.9928],[81.1021,35.9779],[81.1206,35.9689],[81.1355,35.9781],[81.1574,35.9817],[81.1592,35.9869],[81.1423,36.0073],[81.1362,36.0178],[81.1367,36.0227],[81.1305,36.0499],[81.1499,36.0796],[81.1557,36.0848],[81.1536,36.0943],[81.1454,36.095],[81.1347,36.0904],[81.1262,36.0898]]],[[[78.6682,36.741],[78.6531,36.7572],[78.6606,36.7686],[78.6578,36.7754],[78.6718,36.7787],[78.6789,36.7875],[78.6717,36.7928],[78.6681,36.8088],[78.6606,36.8132],[78.6464,36.8047],[78.633,36.805],[78.6276,36.7987],[78.6027,36.7889],[78.5953,36.7786],[78.5923,36.7676],[78.5811,36.7648],[78.5823,36.7597],[78.5776,36.7508],[78.5832,36.746],[78.6048,36.745],[78.6159,36.7481],[78.6117,36.7372],[78.6183,36.7195],[78.6486,36.7154],[78.6635,36.7266],[78.6682,36.741]]],[[[79.7944,37.575],[79.7944,37.5811],[79.7842,37.5809],[79.785,37.5379],[79.8197,37.5382],[79.8192,37.5752],[79.7944,37.575]]],[[[79.6828,37.5622],[79.6773,37.5631],[79.6654,37.5582],[79.6525,37.5481],[79.6486,37.5387],[79.6376,37.5263],[79.6398,37.5201],[79.6337,37.4991],[79.6354,37.4921],[79.6306,37.4745],[79.6428,37.459],[79.6448,37.4471],[79.6516,37.4389],[79.6633,37.4542],[79.664,37.465],[79.6588,37.4732],[79.6805,37.4778],[79.679,37.4915],[79.6727,37.5045],[79.6717,37.517],[79.6802,37.5244],[79.6789,37.5343],[79.6904,37.5414],[79.6954,37.5609],[79.6828,37.5622]]],[[[79.7415,37.406],[79.73,37.4021],[79.7263,37.3849],[79.732,37.3827],[79.7316,37.3737],[79.7481,37.3703],[79.751,37.3868],[79.7572,37.3938],[79.7415,37.406]]],[[[79.6016,37.3937],[79.5943,37.3909],[79.5882,37.3829],[79.5727,37.3847],[79.568,37.3681],[79.5748,37.3625],[79.5806,37.346],[79.5998,37.3584],[79.6057,37.3656],[79.6063,37.372],[79.6131,37.3842],[79.6232,37.3926],[79.6016,37.3937]]],[[[79.6895,37.3768],[79.6787,37.3752],[79.6916,37.3677],[79.6853,37.3607],[79.6936,37.357],[79.6991,37.3633],[79.7013,37.3763],[79.6895,37.3768]]],[[[78.3296,37.6155],[78.3278,37.6041],[78.3477,37.6078],[78.3666,37.617],[78.3855,37.617],[78.3997,37.6218],[78.4105,37.6214],[78.4388,37.6421],[78.4779,37.6155],[78.4887,37.6168],[78.4876,37.5683],[78.4997,37.5653],[78.513,37.566],[78.5232,37.5575],[78.5285,37.573],[78.6008,37.5727],[78.5931,37.7376],[78.5109,37.8276],[78.3483,37.7308],[78.3511,37.6616],[78.3575,37.6553],[78.339,37.6399],[78.3369,37.6281],[78.3405,37.6207],[78.3296,37.6155]]],[[[79.2258,37.1687],[79.3619,37.1624],[79.3616,37.1753],[79.4161,37.1579],[79.4156,37.1799],[79.4036,37.1823],[79.3924,37.1873],[79.3927,37.2155],[79.3978,37.2499],[79.36,37.2493],[79.3583,37.3273],[79.3633,37.3437],[79.3744,37.3417],[79.3847,37.3428],[79.3924,37.3535],[79.3836,37.367],[79.3848,37.3923],[79.3689,37.3852],[79.3748,37.4165],[79.4237,37.5779],[79.3731,37.5772],[79.3475,37.4689],[79.1008,37.4717],[79.0999,37.4181],[79.2212,37.4168],[79.2208,37.379],[79.2508,37.3787],[79.2545,37.2244],[79.2116,37.2317],[79.2074,37.2252],[79.1913,37.2295],[79.1693,37.1847],[79.2258,37.1687]]]]},"properties":{"region_code":"CN-65-659009","parent_region_code":"CN-65","name":"昆玉市","level":"county","has_children":false,"full_path":"中国 / 新疆维吾尔自治区 / 昆玉市","source_admin_code":"659009","osm_relation_id":9051185}},
{"type":"Feature","geometry":{"type":"Polygon","coordinates":[[[84.6591,45.1014],[84.6571,45.089],[84.6469,45.0084],[84.6425,45.0046],[84.6492,44.9983],[84.6408,44.9289],[84.6336,44.9299],[84.6318,44.9043],[84.6337,44.8762],[84.6326,44.8665],[84.6463,44.8653],[84.6477,44.8351],[84.6383,44.791],[84.624,44.7912],[84.6247,44.7839],[84.6385,44.7775],[84.6336,44.7572],[84.6497,44.7496],[84.6589,44.7594],[84.6712,44.7544],[84.6757,44.7473],[84.674,44.7404],[84.6876,44.7398],[84.6955,44.7342],[84.7082,44.7328],[84.7106,44.7251],[84.7071,44.7153],[84.7208,44.7143],[84.7389,44.7059],[84.7432,44.6942],[84.7656,44.6742],[84.7727,44.6747],[84.7801,44.6683],[84.7942,44.6721],[84.7969,44.6804],[84.8098,44.6793],[84.8274,44.6703],[84.8296,44.6622],[84.8443,44.6598],[84.8465,44.6505],[84.861,44.6405],[84.8722,44.6386],[84.8763,44.6278],[84.893,44.6375],[84.9148,44.6529],[84.921,44.6546],[84.968,44.655],[85.0195,44.6519],[85.0231,44.6849],[85.0275,44.6914],[85.05,44.6971],[85.0476,44.7118],[85.0519,44.7221],[85.0438,44.7392],[85.0077,44.7543],[84.9977,44.764],[84.9849,44.7662],[84.9627,44.7811],[84.9515,44.7992],[84.9352,44.8051],[84.9145,44.8009],[84.8959,44.8021],[84.8491,44.8256],[84.834,44.821],[84.8093,44.8107],[84.7898,44.8068],[84.7881,44.8535],[84.7858,44.8619],[84.7647,44.9099],[84.7454,44.9554],[84.7031,45.0507],[84.7018,45.0668],[84.6711,45.0938],[84.6591,45.1014]]]},"properties":{"region_code":"CN-65-659010","parent_region_code":"CN-65","name":"胡杨河市","level":"county","has_children":false,"full_path":"中国 / 新疆维吾尔自治区 / 胡杨河市","source_admin_code":"659010","osm_relation_id":11033793}},
{"type":"Feature","geometry":{"type":"MultiPolygon","coordinates":[[[[93.5262,42.7799],[93.5324,42.7794],[93.5034,42.6658],[93.518,42.665],[93.6097,42.6555],[93.6705,42.638],[93.6743,42.6387],[93.7095,42.577],[93.7827,42.583],[93.8362,42.5423],[93.9036,42.5889],[93.9447,42.6161],[93.9516,42.6221],[93.985,42.6441],[93.9597,42.6658],[93.9583,42.6707],[93.9751,42.6832],[94.0328,42.6483],[94.0388,42.6522],[94.0139,42.673],[93.9794,42.6862],[93.99,42.693],[94.0096,42.6805],[94.0331,42.7038],[94.0781,42.752],[94.0447,42.7637],[94.0351,42.7591],[94.0214,42.7481],[93.9756,42.7049],[93.9894,42.6935],[93.9594,42.6725],[93.9505,42.6709],[93.9274,42.6802],[93.8189,42.6081],[93.802,42.5963],[93.7482,42.6326],[93.7758,42.6838],[93.7696,42.6835],[93.7713,42.7035],[93.7816,42.703],[93.7927,42.7284],[93.7927,42.7342],[93.8019,42.7516],[93.8033,42.762],[93.8102,42.7824],[93.8381,42.8059],[93.8868,42.8043],[93.8117,42.8517],[93.7607,42.8694],[93.7387,42.8644],[93.7157,42.804],[93.7074,42.8],[93.6982,42.7733],[93.6917,42.7691],[93.6828,42.7514],[93.69,42.745],[93.6719,42.7083],[93.6736,42.7056],[93.6644,42.6948],[93.6535,42.6726],[93.6291,42.7139],[93.6603,42.7559],[93.6485,42.7635],[93.6529,42.7694],[93.6418,42.773],[93.6283,42.7651],[93.6087,42.777],[93.6116,42.7798],[93.5984,42.79],[93.5673,42.8054],[93.5475,42.8187],[93.532,42.8195],[93.5243,42.8089],[93.5365,42.8053],[93.5299,42.7952],[93.5355,42.7891],[93.5272,42.7855],[93.5262,42.7799]]],[[[94.1555,42.5371],[94.1546,42.5546],[94.1103,42.5919],[94.0687,42.5522],[94.0561,42.536],[94.0698,42.5256],[94.096,42.5216],[94.1106,42.5212],[94.1471,42.544],[94.1555,42.5371]]]]},"properties":{"region_code":"CN-65-659011","parent_region_code":"CN-65","name":"新星市","level":"county","has_children":false,"full_path":"中国 / 新疆维吾尔自治区 / 新星市","source_admin_code":"659011","osm_relation_id":12279740}},
{"type":"Feature","geometry":{"type":"MultiPolygon","coordinates":[[[[82.612,46.305],[82.5634,46.2339],[82.5517,46.214],[82.5119,46.1546],[82.4931,46.0951],[82.4811,46.0599],[82.4561,45.9772],[82.4265,45.9674],[82.4104,45.9691],[82.3757,45.9641],[82.3357,45.9392],[82.3407,45.9081],[82.3344,45.8914],[82.33,45.8869],[82.3337,45.8662],[82.3385,45.8502],[82.3454,45.839],[82.3428,45.8113],[82.3451,45.7957],[82.3376,45.7808],[82.3186,45.7641],[82.3135,45.754],[82.3103,45.738],[82.2991,45.7196],[82.2881,45.7088],[82.2824,45.6834],[82.2846,45.6613],[82.2827,45.6494],[82.2758,45.6321],[82.2604,45.6182],[82.2955,45.6173],[82.3192,45.6199],[82.3486,45.6261],[82.3736,45.6357],[82.4001,45.6359],[82.4313,45.6503],[82.4485,45.6537],[82.4875,45.6572],[82.4992,45.6685],[82.5337,45.6784],[82.5409,45.6969],[82.5364,45.712],[82.5116,45.7112],[82.4816,45.7191],[82.4551,45.7288],[82.5047,45.7489],[82.5247,45.763],[82.5447,45.7712],[82.5615,45.7801],[82.5639,45.788],[82.5522,45.7988],[82.5457,45.8184],[82.5959,45.7964],[82.6134,45.784],[82.6371,45.7715],[82.6326,45.7892],[82.6113,45.8052],[82.6108,45.8138],[82.5968,45.8296],[82.5956,45.838],[82.5997,45.8442],[82.5978,45.8589],[82.6074,45.8713],[82.6364,45.8698],[82.6165,45.8815],[82.6071,45.8852],[82.5986,45.8976],[82.583,45.9114],[82.5841,45.9196],[82.5694,45.9341],[82.5887,45.9313],[82.601,45.9321],[82.6017,45.9451],[82.5968,45.9561],[82.6127,45.963],[82.6429,45.9619],[82.6586,45.9716],[82.692,45.9694],[82.6928,45.9767],[82.7006,45.9871],[82.669,46.0133],[82.6647,46.0298],[82.6728,46.0426],[82.6681,46.0557],[82.6696,46.0654],[82.6663,46.0782],[82.6499,46.0895],[82.6401,46.0929],[82.6313,46.0997],[82.643,46.1039],[82.6669,46.0983],[82.706,46.0937],[82.7086,46.0997],[82.7176,46.1017],[82.738,46.1159],[82.7361,46.1271],[82.7283,46.1288],[82.7235,46.12],[82.6957,46.1227],[82.6963,46.1437],[82.7037,46.1542],[82.7002,46.1574],[82.7079,46.1713],[82.7174,46.1713],[82.727,46.1767],[82.7208,46.1899],[82.721,46.1968],[82.7082,46.2029],[82.7112,46.2151],[82.7173,46.2263],[82.7055,46.2353],[82.7053,46.244],[82.686,46.2598],[82.6698,46.2644],[82.6436,46.265],[82.6259,46.2707],[82.6299,46.2795],[82.6413,46.2837],[82.653,46.3014],[82.6362,46.3038],[82.6151,46.3011],[82.612,46.305]]],[[[82.9922,47.0632],[82.9741,47.0504],[82.969,47.049],[82.9654,47.0341],[82.952,47.0204],[82.9381,47.0161],[82.9366,47.0049],[82.9296,46.9906],[82.9324,46.972],[82.925,46.9632],[82.9207,46.9492],[82.9222,46.9403],[82.9145,46.9339],[82.8903,46.8799],[82.8692,46.83],[82.8685,46.7991],[82.8295,46.7774],[82.8218,46.7624],[82.7933,46.7005],[82.786,46.6809],[82.8031,46.6844],[82.8157,46.6899],[82.8448,46.693],[82.8693,46.6857],[82.8794,46.6852],[82.885,46.6944],[82.8975,46.703],[82.9011,46.718],[82.9138,46.7286],[82.9288,46.7365],[82.9239,46.7442],[82.9297,46.7554],[82.9277,46.7626],[82.9383,46.7756],[82.9382,46.7953],[82.9336,46.8139],[82.9364,46.8152],[82.9624,46.8108],[83.0099,46.8074],[83.011,46.8186],[83.0159,46.8322],[83.0251,46.8482],[83.0426,46.8596],[83.0456,46.8711],[83.0552,46.879],[83.0563,46.8932],[83.0544,46.9048],[83.0384,46.9165],[83.0387,46.9233],[83.0274,46.9266],[83.0256,46.9321],[83.0325,46.9428],[83.0332,46.9536],[83.043,46.9701],[83.0453,46.9833],[83.0312,46.9801],[83.0234,46.9591],[83.028,46.9512],[83.0204,46.9366],[83.0055,46.9295],[82.9665,46.9223],[82.9592,46.9267],[82.9448,46.9254],[82.9529,46.9356],[82.9581,46.9512],[82.948,46.9798],[82.9539,46.9845],[82.9575,46.9971],[82.9703,47.0014],[82.9732,47.011],[82.9902,47.0142],[82.9877,47.0072],[83.0118,47.0077],[83.0128,47.0178],[83.008,47.037],[83.0107,47.0523],[83.0022,47.0595],[82.9922,47.0632]]],[[[84.8138,46.9573],[84.7807,46.9767],[84.7767,46.9894],[84.7593,47.0001],[84.7592,47.0047],[84.7185,47.0057],[84.7097,47.0095],[84.6927,47.004],[84.6791,47.0046],[84.6686,46.9984],[84.6628,47.0016],[84.6305,46.9947],[84.622,46.9984],[84.6022,46.9979],[84.5794,46.9996],[84.5521,46.992],[84.5411,46.9839],[84.5131,46.9794],[84.5066,46.9756],[84.4892,46.9862],[84.4843,46.9926],[84.4739,46.9909],[84.4603,46.9933],[84.4572,47.0061],[84.436,47.009],[84.398,47.0011],[84.3918,47.0028],[84.3792,46.996],[84.3552,47.0005],[84.35,46.9979],[84.3295,47.0029],[84.3192,46.9966],[84.3137,46.9999],[84.2991,46.9954],[84.2864,47.0023],[84.2585,47.003],[84.2474,46.9988],[84.2337,47.0014],[84.2262,46.9972],[84.2011,47.0023],[84.1956,46.999],[84.178,46.9975],[84.1654,46.9939],[84.1522,46.9804],[84.1414,46.9734],[84.1268,46.9676],[84.1325,46.9615],[84.1309,46.9525],[84.1369,46.9481],[84.1355,46.9353],[84.1449,46.9303],[84.145,46.9195],[84.1686,46.9089],[84.1798,46.8979],[84.1866,46.8775],[84.1911,46.8717],[84.1754,46.8595],[84.1714,46.8497],[84.1888,46.8477],[84.1957,46.8606],[84.2026,46.8585],[84.2176,46.862],[84.22,46.8532],[84.2098,46.8458],[84.1975,46.8449],[84.1782,46.8383],[84.1853,46.8339],[84.1885,46.8189],[84.2164,46.8217],[84.2381,46.832],[84.2555,46.8344],[84.2722,46.834],[84.2839,46.8307],[84.3058,46.8276],[84.3262,46.8271],[84.3539,46.822],[84.3664,46.8216],[84.3676,46.8272],[84.3799,46.8285],[84.3931,46.826],[84.4085,46.8272],[84.4204,46.8251],[84.4487,46.8297],[84.447,46.8356],[84.4632,46.8487],[84.4737,46.8512],[84.4835,46.8629],[84.4994,46.8714],[84.5196,46.8737],[84.5417,46.8812],[84.5487,46.8884],[84.5619,46.8943],[84.5877,46.8986],[84.601,46.8826],[84.6041,46.8748],[84.629,46.8676],[84.6419,46.8676],[84.6612,46.8646],[84.6739,46.8665],[84.6786,46.8606],[84.6939,46.8493],[84.7259,46.8477],[84.7455,46.8576],[84.7427,46.8654],[84.746,46.8714],[84.7428,46.8842],[84.7604,46.8908],[84.7628,46.8967],[84.7899,46.9147],[84.7981,46.948],[84.8138,46.9573]]]]},"properties":{"region_code":"CN-65-659012","parent_region_code":"CN-65","name":"白杨市","level":"county","has_children":false,"full_path":"中国 / 新疆维吾尔自治区 / 白杨市","source_admin_code":"659012","osm_relation_id":15340171}}
]}