{"type":"FeatureCollection", "features": [
{"type":"Feature","geometry":{"type":"MultiPolygon","coordinates":[[[[81.496,43.8855],[81.481,43.8909],[81.4742,43.8904],[81.465,43.8861],[81.4606,43.8874],[81.4587,43.8915],[81.449,43.8916],[81.4444,43.8891],[81.4423,43.8842],[81.4337,43.8847],[81.4234,43.8884],[81.4222,43.892],[81.4295,43.8982],[81.4353,43.899],[81.4363,43.9086],[81.4341,43.9132],[81.4291,43.9076],[81.4203,43.9098],[81.415,43.8994],[81.4189,43.8968],[81.4169,43.8859],[81.4125,43.8869],[81.4125,43.8916],[81.4041,43.8917],[81.3976,43.8856],[81.3861,43.8933],[81.3897,43.8981],[81.3925,43.9071],[81.384,43.9111],[81.3809,43.911],[81.3813,43.9208],[81.3922,43.9235],[81.3957,43.9294],[81.4012,43.9344],[81.4142,43.9378],[81.4282,43.9378],[81.4333,43.9398],[81.4388,43.9482],[81.4442,43.9467],[81.4562,43.9547],[81.4295,43.9594],[81.4326,43.968],[81.4434,43.9875],[81.4477,43.9898],[81.4482,44.0056],[81.4558,44.0135],[81.4438,44.0222],[81.4457,44.0262],[81.4509,44.03],[81.456,44.0375],[81.4531,44.042],[81.435,44.0274],[81.4235,44.0234],[81.3995,44.0278],[81.3924,44.0302],[81.3851,44.0344],[81.3889,44.0398],[81.3714,44.0406],[81.3678,44.044],[81.3581,44.0396],[81.3522,44.0351],[81.3437,44.0327],[81.3401,44.0339],[81.3303,44.0295],[81.3232,44.0281],[81.299,44.0291],[81.2917,44.0343],[81.2884,44.0238],[81.2632,44.0189],[81.2583,44.0191],[81.2468,44.0326],[81.2526,44.0426],[81.2543,44.0482],[81.2745,44.0678],[81.2754,44.0755],[81.2807,44.0839],[81.2857,44.0886],[81.2884,44.0988],[81.2907,44.1174],[81.2939,44.1254],[81.2934,44.1283],[81.2989,44.1335],[81.2989,44.1427],[81.3082,44.1729],[81.3091,44.1796],[81.3174,44.1841],[81.3248,44.1983],[81.3249,44.2031],[81.3332,44.2068],[81.3432,44.208],[81.3583,44.2126],[81.3657,44.2119],[81.406,44.2218],[81.4137,44.2223],[81.4219,44.227],[81.4261,44.2261],[81.4322,44.2294],[81.4392,44.2311],[81.4439,44.2387],[81.4367,44.2423],[81.4317,44.2469],[81.4346,44.2521],[81.4315,44.2582],[81.4258,44.2647],[81.4201,44.269],[81.4169,44.2748],[81.41,44.2814],[81.4103,44.2861],[81.4069,44.2913],[81.4051,44.2974],[81.3943,44.3013],[81.397,44.2969],[81.3966,44.2901],[81.398,44.2833],[81.3968,44.2806],[81.3899,44.2768],[81.3812,44.2762],[81.3747,44.2695],[81.3725,44.2654],[81.3661,44.2609],[81.3606,44.2513],[81.3617,44.2477],[81.3667,44.2479],[81.367,44.2382],[81.364,44.2357],[81.3557,44.2329],[81.3489,44.2286],[81.3391,44.2264],[81.3337,44.2283],[81.3214,44.2255],[81.2973,44.229],[81.2893,44.2323],[81.2785,44.2278],[81.2732,44.2238],[81.2662,44.2244],[81.2569,44.2178],[81.2468,44.2122],[81.2389,44.2047],[81.2372,44.1981],[81.2387,44.1926],[81.2346,44.1864],[81.236,44.1824],[81.2334,44.1775],[81.2261,44.1738],[81.2213,44.1691],[81.2195,44.1596],[81.2136,44.1551],[81.2058,44.1438],[81.204,44.1338],[81.2021,44.1303],[81.2028,44.1212],[81.2018,44.1145],[81.1984,44.1064],[81.2026,44.0972],[81.1973,44.091],[81.1929,44.0908],[81.1934,44.0832],[81.1892,44.0786],[81.1808,44.0769],[81.177,44.0708],[81.1666,44.0691],[81.1539,44.0629],[81.1466,44.0555],[81.1391,44.0504],[81.1317,44.0497],[81.1207,44.0555],[81.123,44.0525],[81.1235,44.0446],[81.116,44.0402],[81.1102,44.0319],[81.1106,44.0195],[81.1133,44.0025],[81.1099,43.996],[81.1045,43.9919],[81.0955,43.9812],[81.0861,43.9759],[81.0784,43.9699],[81.0735,43.9585],[81.0813,43.9571],[81.0871,43.9608],[81.0913,43.9614],[81.0863,43.9483],[81.0738,43.913],[81.072,43.9025],[81.089,43.9044],[81.0902,43.9077],[81.0995,43.9104],[81.105,43.9146],[81.1215,43.9217],[81.1417,43.9237],[81.1453,43.9193],[81.1374,43.9177],[81.1379,43.9064],[81.1344,43.9073],[81.1223,43.9062],[81.1222,43.897],[81.1298,43.8903],[81.1351,43.8941],[81.1478,43.8875],[81.1896,43.8839],[81.2191,43.8757],[81.2333,43.8727],[81.2397,43.8674],[81.2509,43.8657],[81.2557,43.8625],[81.256,43.8583],[81.2365,43.86],[81.2347,43.8624],[81.2274,43.8602],[81.2237,43.8613],[81.2059,43.8579],[81.2081,43.8529],[81.2174,43.849],[81.2259,43.8495],[81.2264,43.8452],[81.2465,43.8482],[81.2565,43.8521],[81.2625,43.8512],[81.2654,43.8559],[81.2743,43.8541],[81.2761,43.8559],[81.2839,43.8562],[81.2854,43.8535],[81.2929,43.8519],[81.3004,43.8549],[81.3012,43.8719],[81.3081,43.8707],[81.3024,43.8822],[81.309,43.8821],[81.3107,43.8786],[81.335,43.8701],[81.3489,43.8701],[81.3659,43.8683],[81.3743,43.8552],[81.3808,43.8486],[81.3959,43.8478],[81.4032,43.8442],[81.4122,43.8421],[81.4149,43.8436],[81.4263,43.843],[81.4331,43.8359],[81.4411,43.838],[81.4453,43.8471],[81.4512,43.8572],[81.4548,43.8599],[81.4577,43.8679],[81.4856,43.8822],[81.496,43.8855]],[[81.2504,43.9531],[81.256,43.9498],[81.25,43.9448],[81.2409,43.9412],[81.2362,43.946],[81.2432,43.9525],[81.2504,43.9531]],[[81.2676,44.0185],[81.2657,43.9987],[81.2683,43.992],[81.2618,43.9914],[81.2453,43.9857],[81.2417,43.9897],[81.2381,43.9972],[81.2351,44.0073],[81.231,44.0117],[81.2472,44.0122],[81.2676,44.0185]],[[81.2721,43.9912],[81.2794,43.9903],[81.2907,43.9907],[81.2938,43.9859],[81.2771,43.9806],[81.2678,43.9801],[81.2721,43.9912]]],[[[81.065,43.4448],[81.0725,43.4531],[81.0736,43.4596],[81.0711,43.4668],[81.0787,43.4666],[81.0824,43.4707],[81.0727,43.4987],[81.074,43.5005],[81.0738,43.5115],[81.068,43.5161],[81.0664,43.5319],[81.0721,43.5401],[81.0826,43.5451],[81.0869,43.5503],[81.096,43.5682],[81.0956,43.5718],[81.0897,43.5779],[81.0781,43.5835],[81.071,43.598],[81.0637,43.6066],[81.0596,43.6085],[81.0497,43.599],[81.0439,43.595],[81.0468,43.5903],[81.0424,43.5847],[81.0394,43.5729],[81.0357,43.5703],[81.0306,43.5573],[81.0343,43.5469],[81.0358,43.5361],[81.0347,43.5312],[81.038,43.5245],[81.0346,43.5089],[81.0317,43.4998],[81.0273,43.4953],[81.0289,43.4899],[81.0269,43.475],[81.0353,43.4746],[81.0415,43.4698],[81.0425,43.4666],[81.0489,43.4606],[81.0499,43.4577],[81.0562,43.4515],[81.0615,43.4496],[81.065,43.4448]]]]},"properties":{"region_code":"CN-65-6540-654002","parent_region_code":"CN-65-6540","name":"伊宁市","level":"county","has_children":false,"full_path":"中国 / 新疆维吾尔自治区 / 伊犁哈萨克自治州 / 伊宁市","source_admin_code":"654002","osm_relation_id":2751497}},
{"type":"Feature","geometry":{"type":"MultiPolygon","coordinates":[[[[84.9899,44.3594],[84.9877,44.3779],[84.9686,44.3828],[84.9164,44.384],[84.9114,44.3819],[84.9105,44.3742],[84.906,44.3663],[84.9086,44.3594],[84.9481,44.359],[84.9899,44.3594]]],[[[84.8218,44.4596],[84.8117,44.4494],[84.7947,44.4368],[84.7892,44.4298],[84.785,44.4194],[84.7858,44.3941],[84.7774,44.3921],[84.7758,44.39],[84.8094,44.3891],[84.9726,44.3838],[85.0361,44.3649],[85.0945,44.3473],[85.1705,44.3246],[85.1772,44.3242],[85.1791,44.331],[85.1791,44.345],[85.1807,44.3495],[85.1861,44.3781],[85.1948,44.4184],[85.1969,44.4334],[85.2009,44.4373],[85.2017,44.4417],[85.208,44.4606],[85.2101,44.4782],[85.22,44.4792],[85.2392,44.4778],[85.2519,44.4757],[85.2509,44.4839],[85.2523,44.4907],[85.2437,44.4934],[85.2378,44.5045],[85.2373,44.5104],[85.233,44.5129],[85.2317,44.5168],[85.2321,44.5258],[85.231,44.5308],[85.2267,44.5353],[85.2262,44.5467],[85.2287,44.5527],[85.2317,44.5545],[85.2312,44.5651],[85.2368,44.5732],[85.237,44.5839],[85.2384,44.5929],[85.2359,44.5978],[85.2289,44.6017],[85.2235,44.6082],[85.2204,44.6147],[85.2144,44.6173],[85.2142,44.6224],[85.2097,44.624],[85.2049,44.6316],[85.2002,44.6351],[85.1839,44.6349],[85.1602,44.6305],[85.1473,44.6287],[85.116,44.6268],[85.0797,44.6269],[85.0439,44.6221],[85.0155,44.6187],[85.0195,44.6519],[84.968,44.655],[84.921,44.6546],[84.9148,44.6529],[84.893,44.6375],[84.8799,44.6293],[84.8731,44.624],[84.8727,44.6175],[84.8678,44.591],[84.862,44.5868],[84.8539,44.5696],[84.8511,44.5569],[84.8558,44.5409],[84.8523,44.5331],[84.8535,44.5283],[84.8496,44.5206],[84.8523,44.5078],[84.8564,44.5031],[84.8585,44.4942],[84.8536,44.485],[84.8356,44.4671],[84.8269,44.4637],[84.8218,44.4596]],[[84.9434,44.6074],[84.9703,44.6121],[84.9922,44.6151],[84.9852,44.5307],[84.9955,44.5305],[84.9941,44.5162],[84.9524,44.5178],[84.9492,44.5222],[84.9489,44.5269],[84.9439,44.5368],[84.938,44.5438],[84.9385,44.5852],[84.9435,44.5934],[84.9434,44.6074]]]]},"properties":{"region_code":"CN-65-6540-654003","parent_region_code":"CN-65-6540","name":"奎屯市","level":"county","has_children":false,"full_path":"中国 / 新疆维吾尔自治区 / 伊犁哈萨克自治州 / 奎屯市","source_admin_code":"654003","osm_relation_id":2751492}},
{"type":"Feature","geometry":{"type":"MultiPolygon","coordinates":[[[[80.4441,44.1775],[80.4355,44.1813],[80.4302,44.1857],[80.4202,44.1981],[80.4205,44.2069],[80.4173,44.2189],[80.4114,44.2259],[80.4112,44.2315],[80.4144,44.2545],[80.4113,44.2632],[80.4047,44.2637],[80.4065,44.2493],[80.4013,44.2265],[80.4007,44.2134],[80.3956,44.1943],[80.3981,44.1843],[80.3993,44.1659],[80.4025,44.1558],[80.4065,44.155],[80.4423,44.1551],[80.4462,44.156],[80.4441,44.1775]]],[[[80.5832,44.578],[80.5576,44.5715],[80.538,44.5656],[80.5011,44.556],[80.5011,44.5373],[80.496,44.532],[80.4924,44.5258],[80.4852,44.5226],[80.4854,44.5177],[80.4763,44.5137],[80.4729,44.5078],[80.4726,44.503],[80.4659,44.4968],[80.4531,44.4963],[80.4419,44.4689],[80.4345,44.4314],[80.4344,44.419],[80.4394,44.4022],[80.4378,44.3994],[80.4399,44.3865],[80.4469,44.3838],[80.4523,44.3732],[80.4705,44.3734],[80.4821,44.3588],[80.4849,44.3533],[80.4852,44.3419],[80.4965,44.3278],[80.5058,44.3202],[80.5066,44.3142],[80.5103,44.3085],[80.5098,44.3016],[80.5113,44.2961],[80.5068,44.2846],[80.4929,44.282],[80.49,44.2792],[80.4997,44.2714],[80.5055,44.2712],[80.5053,44.2757],[80.5124,44.2821],[80.5153,44.274],[80.5226,44.2671],[80.5261,44.2702],[80.5236,44.2742],[80.5226,44.2807],[80.5169,44.2803],[80.519,44.288],[80.527,44.2885],[80.5299,44.2851],[80.5395,44.2875],[80.5403,44.2829],[80.5503,44.2705],[80.5576,44.2774],[80.5687,44.2783],[80.5674,44.2852],[80.5735,44.2885],[80.5836,44.2899],[80.5853,44.2876],[80.5857,44.28],[80.588,44.2747],[80.5934,44.2683],[80.5923,44.2658],[80.5984,44.2609],[80.6055,44.2578],[80.6062,44.2505],[80.6017,44.2446],[80.6016,44.2371],[80.6035,44.2325],[80.6017,44.2284],[80.5904,44.2268],[80.5849,44.2221],[80.5847,44.2147],[80.5863,44.2065],[80.5677,44.1919],[80.5617,44.1994],[80.5525,44.1981],[80.5504,44.1937],[80.5444,44.1947],[80.5344,44.192],[80.5315,44.197],[80.5229,44.2038],[80.5138,44.2084],[80.5013,44.2121],[80.4915,44.2013],[80.501,44.1959],[80.4988,44.1917],[80.5051,44.189],[80.5115,44.1807],[80.5149,44.1746],[80.5136,44.1662],[80.5187,44.1658],[80.5232,44.1751],[80.5237,44.1825],[80.5221,44.1864],[80.5274,44.1889],[80.5377,44.1808],[80.5377,44.1749],[80.5419,44.1557],[80.5408,44.1527],[80.543,44.147],[80.5431,44.1409],[80.5389,44.1386],[80.5403,44.1339],[80.5375,44.1292],[80.5415,44.1166],[80.5328,44.111],[80.5298,44.1045],[80.5263,44.102],[80.5241,44.0946],[80.5206,44.0917],[80.5227,44.0809],[80.529,44.0746],[80.5202,44.069],[80.5197,44.0602],[80.5212,44.05],[80.5234,44.045],[80.5234,44.035],[80.5282,44.0285],[80.5586,44.0217],[80.5738,44.019],[80.592,44.0148],[80.5702,44.0773],[80.5641,44.0904],[80.5599,44.0971],[80.5522,44.1027],[80.5572,44.1231],[80.5578,44.1386],[80.5652,44.1452],[80.5642,44.1549],[80.5615,44.1591],[80.5636,44.166],[80.5667,44.1671],[80.5671,44.1731],[80.6017,44.1775],[80.6449,44.181],[80.646,44.1771],[80.6437,44.1735],[80.6531,44.1694],[80.6542,44.1623],[80.6634,44.161],[80.6652,44.1741],[80.6609,44.1826],[80.659,44.1987],[80.6656,44.2104],[80.679,44.2203],[80.7168,44.2455],[80.7223,44.2514],[80.7503,44.2856],[80.7533,44.2977],[80.7262,44.3041],[80.696,44.3475],[80.6621,44.398],[80.6481,44.4297],[80.5847,44.4616],[80.5828,44.4695],[80.5857,44.4726],[80.5809,44.4844],[80.5874,44.4883],[80.589,44.4927],[80.586,44.505],[80.5881,44.5111],[80.5881,44.5345],[80.5769,44.5597],[80.5832,44.578]],[[80.621,44.2916],[80.624,44.2896],[80.6325,44.2897],[80.6329,44.2869],[80.6258,44.2843],[80.6256,44.2778],[80.629,44.2729],[80.6287,44.2686],[80.6312,44.2636],[80.6308,44.2596],[80.6251,44.2584],[80.6161,44.2596],[80.6209,44.2731],[80.6158,44.2741],[80.6143,44.2782],[80.6073,44.276],[80.6033,44.2837],[80.6109,44.2895],[80.6096,44.3034],[80.6162,44.3021],[80.6226,44.3086],[80.6312,44.3045],[80.6228,44.3034],[80.6158,44.3002],[80.6173,44.2969],[80.6231,44.2962],[80.621,44.2916]]]]},"properties":{"region_code":"CN-65-6540-654004","parent_region_code":"CN-65-6540","name":"霍尔果斯市","level":"county","has_children":false,"full_path":"中国 / 新疆维吾尔自治区 / 伊犁哈萨克自治州 / 霍尔果斯市","source_admin_code":"654004","osm_relation_id":7027706}},
{"type":"Feature","geometry":{"type":"Polygon","coordinates":[[[81.4331,43.8359],[81.4346,43.8302],[81.4477,43.8273],[81.4477,43.8207],[81.451,43.8193],[81.4521,43.8116],[81.4666,43.8086],[81.4771,43.8082],[81.4787,43.8011],[81.4825,43.7958],[81.4877,43.7924],[81.4937,43.7915],[81.5051,43.7871],[81.5064,43.7826],[81.5099,43.7809],[81.5136,43.7728],[81.5229,43.7713],[81.5272,43.7661],[81.5333,43.7622],[81.5462,43.7639],[81.5487,43.7632],[81.5598,43.7398],[81.5668,43.7342],[81.569,43.7286],[81.5814,43.7226],[81.5842,43.7182],[81.595,43.7113],[81.6006,43.7095],[81.6034,43.7003],[81.6084,43.6993],[81.6166,43.692],[81.625,43.693],[81.629,43.6901],[81.6289,43.6841],[81.6349,43.6825],[81.6453,43.6651],[81.6519,43.6615],[81.6592,43.6612],[81.6786,43.6552],[81.6928,43.6473],[81.6993,43.6467],[81.7135,43.6394],[81.7195,43.6302],[81.7303,43.622],[81.7406,43.6131],[81.7526,43.607],[81.7621,43.6047],[81.7687,43.6054],[81.774,43.6081],[81.7853,43.6177],[81.7929,43.6253],[81.8159,43.6235],[81.8303,43.6272],[81.8429,43.6345],[81.8552,43.6302],[81.8647,43.6322],[81.8722,43.632],[81.8789,43.6302],[81.8811,43.6269],[81.8906,43.6236],[81.9006,43.6224],[81.9085,43.6229],[81.917,43.6217],[81.9328,43.6167],[81.9482,43.6149],[81.9548,43.6099],[81.9665,43.6078],[81.9861,43.6087],[81.9968,43.6079],[81.996,43.6147],[82.0047,43.6206],[82.0018,43.6237],[81.9951,43.6211],[81.9868,43.6203],[81.9773,43.6309],[81.977,43.6417],[81.983,43.6549],[81.9974,43.6516],[82.0063,43.6507],[82.0061,43.6477],[82.0121,43.6437],[82.0155,43.6436],[82.0121,43.6364],[82.0294,43.6311],[82.0211,43.6203],[82.0306,43.6152],[82.0452,43.6137],[82.0441,43.6039],[82.0507,43.5955],[82.0606,43.5931],[82.0676,43.5952],[82.0711,43.5939],[82.0747,43.5885],[82.0817,43.5941],[82.0868,43.5924],[82.0901,43.5885],[82.0939,43.5881],[82.0973,43.5917],[82.099,43.5969],[82.1067,43.5928],[82.1146,43.5943],[82.1209,43.5912],[82.1234,43.5945],[82.1306,43.5928],[82.138,43.5937],[82.1443,43.5899],[82.1486,43.5969],[82.1576,43.5948],[82.1675,43.5964],[82.1707,43.5909],[82.1745,43.5904],[82.178,43.595],[82.19,43.602],[82.1936,43.601],[82.1979,43.6079],[82.1768,43.6099],[82.1464,43.6186],[82.0963,43.6567],[82.0611,43.6793],[82.0046,43.7004],[81.9868,43.7183],[81.9603,43.7351],[81.929,43.7522],[81.9131,43.7718],[81.9092,43.7849],[81.9115,43.7962],[81.9285,43.8132],[81.9824,43.8096],[82.0093,43.7947],[82.0332,43.7902],[82.0408,43.793],[82.0457,43.7919],[82.0499,43.7947],[82.0656,43.7945],[82.0781,43.7976],[82.0919,43.7964],[82.1005,43.794],[82.1101,43.7929],[82.1153,43.7881],[82.1226,43.7868],[82.1284,43.7893],[82.1398,43.7885],[82.1422,43.7838],[82.1617,43.7808],[82.1667,43.7767],[82.1779,43.7778],[82.1854,43.7772],[82.1985,43.7799],[82.204,43.7859],[82.2212,43.7959],[82.2154,43.8081],[82.2214,43.8288],[82.2061,43.8328],[82.1952,43.8337],[82.1875,43.8389],[82.1821,43.8397],[82.1611,43.8479],[82.1421,43.8477],[82.1342,43.8469],[82.125,43.8493],[82.1149,43.8425],[82.1049,43.8437],[82.102,43.8406],[82.0975,43.8429],[82.097,43.8479],[82.0905,43.8462],[82.0891,43.8434],[82.0887,43.8342],[82.0822,43.8373],[82.0732,43.832],[82.059,43.8373],[82.0469,43.8344],[82.0382,43.8422],[82.0273,43.8393],[82.02,43.8445],[82.0255,43.8534],[82.0193,43.8612],[82.01,43.8693],[82.0117,43.875],[82.0262,43.8835],[82.028,43.8891],[82.0141,43.8935],[82.0123,43.9074],[82.0123,43.9204],[81.999,43.9217],[82.0093,43.9495],[82.002,43.9551],[81.9972,43.9669],[81.9882,43.9669],[81.9743,43.9695],[81.9726,43.9797],[81.9808,43.9856],[81.989,43.9898],[81.9991,43.9969],[82,44],[82.0201,44.0125],[82.0268,44.0217],[82.0306,44.0374],[82.0304,44.0499],[82.0331,44.0619],[82.0372,44.0678],[82.0566,44.0874],[82.0682,44.1047],[82.0696,44.1121],[82.068,44.1226],[82.0645,44.1366],[82.0684,44.1533],[82.0623,44.1572],[82.0642,44.1663],[82.072,44.1706],[82.0714,44.178],[82.0666,44.1832],[82.0666,44.1927],[82.0334,44.2039],[82.0274,44.2095],[82.0159,44.2143],[82.0193,44.2249],[82.0203,44.2543],[82.0218,44.2708],[82.0205,44.2794],[82.0164,44.2893],[82.0053,44.2928],[81.994,44.2908],[81.9875,44.2911],[81.9778,44.2939],[81.9408,44.3029],[81.9201,44.3075],[81.8962,44.3114],[81.8867,44.3141],[81.8645,44.3224],[81.8447,44.3313],[81.8207,44.3359],[81.7874,44.3466],[81.7767,44.3483],[81.756,44.3478],[81.7447,44.3458],[81.7395,44.3473],[81.7347,44.3529],[81.7347,44.361],[81.732,44.3636],[81.7259,44.3629],[81.7162,44.3641],[81.7092,44.368],[81.7023,44.3755],[81.7065,44.3887],[81.6949,44.3942],[81.6812,44.3928],[81.6613,44.3943],[81.6498,44.398],[81.6336,44.4052],[81.625,44.4099],[81.6179,44.4156],[81.6128,44.4229],[81.6029,44.4276],[81.5925,44.4249],[81.5858,44.4205],[81.575,44.4192],[81.5672,44.4212],[81.5493,44.4296],[81.5369,44.4326],[81.5244,44.4335],[81.4989,44.4322],[81.4814,44.4345],[81.4669,44.4397],[81.45,44.4436],[81.4411,44.4432],[81.4189,44.4396],[81.4058,44.4398],[81.3777,44.4425],[81.3619,44.4449],[81.3553,44.4416],[81.355,44.4293],[81.3615,44.4264],[81.3645,44.4229],[81.3614,44.4162],[81.3577,44.4136],[81.357,44.4089],[81.3596,44.4047],[81.3584,44.4011],[81.3486,44.3966],[81.3493,44.3934],[81.3439,44.3863],[81.3317,44.3793],[81.3324,44.3745],[81.3359,44.37],[81.3345,44.3652],[81.3294,44.36],[81.33,44.3472],[81.3336,44.3411],[81.3373,44.3383],[81.3438,44.3289],[81.3523,44.3216],[81.3558,44.3124],[81.3589,44.3118],[81.3675,44.3147],[81.3771,44.3145],[81.3813,44.3103],[81.391,44.3057],[81.3943,44.3013],[81.4051,44.2974],[81.4069,44.2913],[81.4103,44.2861],[81.41,44.2814],[81.4169,44.2748],[81.4201,44.269],[81.4258,44.2647],[81.4315,44.2582],[81.4346,44.2521],[81.4317,44.2469],[81.4367,44.2423],[81.4439,44.2387],[81.4392,44.2311],[81.4322,44.2294],[81.4261,44.2261],[81.4219,44.227],[81.4137,44.2223],[81.406,44.2218],[81.3657,44.2119],[81.3583,44.2126],[81.3432,44.208],[81.3332,44.2068],[81.3249,44.2031],[81.3248,44.1983],[81.3174,44.1841],[81.3091,44.1796],[81.3082,44.1729],[81.2989,44.1427],[81.2989,44.1335],[81.2934,44.1283],[81.2939,44.1254],[81.2907,44.1174],[81.2884,44.0988],[81.2857,44.0886],[81.2807,44.0839],[81.2754,44.0755],[81.2745,44.0678],[81.2543,44.0482],[81.2526,44.0426],[81.2468,44.0326],[81.2583,44.0191],[81.2632,44.0189],[81.2884,44.0238],[81.2917,44.0343],[81.299,44.0291],[81.3232,44.0281],[81.3303,44.0295],[81.3401,44.0339],[81.3437,44.0327],[81.3522,44.0351],[81.3581,44.0396],[81.3678,44.044],[81.3714,44.0406],[81.3889,44.0398],[81.3851,44.0344],[81.3924,44.0302],[81.3995,44.0278],[81.4235,44.0234],[81.435,44.0274],[81.4531,44.042],[81.456,44.0375],[81.4509,44.03],[81.4457,44.0262],[81.4438,44.0222],[81.4558,44.0135],[81.4482,44.0056],[81.4477,43.9898],[81.4434,43.9875],[81.4326,43.968],[81.4295,43.9594],[81.4562,43.9547],[81.4442,43.9467],[81.4388,43.9482],[81.4333,43.9398],[81.4282,43.9378],[81.4142,43.9378],[81.4012,43.9344],[81.3957,43.9294],[81.3922,43.9235],[81.3813,43.9208],[81.3809,43.911],[81.384,43.9111],[81.3925,43.9071],[81.3897,43.8981],[81.3861,43.8933],[81.3976,43.8856],[81.4041,43.8917],[81.4125,43.8916],[81.4125,43.8869],[81.4169,43.8859],[81.4189,43.8968],[81.415,43.8994],[81.4203,43.9098],[81.4291,43.9076],[81.4341,43.9132],[81.4363,43.9086],[81.4353,43.899],[81.4295,43.8982],[81.4222,43.892],[81.4234,43.8884],[81.4337,43.8847],[81.4423,43.8842],[81.4444,43.8891],[81.449,43.8916],[81.4587,43.8915],[81.4606,43.8874],[81.465,43.8861],[81.4742,43.8904],[81.481,43.8909],[81.496,43.8855],[81.5189,43.8854],[81.5379,43.886],[81.5502,43.8814],[81.5625,43.8732],[81.575,43.8688],[81.585,43.8641],[81.587,43.8649],[81.5991,43.8591],[81.6075,43.8643],[81.6162,43.8624],[81.619,43.8597],[81.6171,43.8471],[81.5982,43.8348],[81.5871,43.8371],[81.5776,43.8378],[81.5734,43.8409],[81.556,43.8491],[81.5455,43.8417],[81.5391,43.8405],[81.5337,43.8365],[81.5276,43.8356],[81.5163,43.8301],[81.5062,43.8277],[81.4967,43.8268],[81.4919,43.8233],[81.4851,43.821],[81.4767,43.8256],[81.4729,43.8221],[81.4657,43.8275],[81.4539,43.8308],[81.4521,43.8335],[81.4465,43.8327],[81.4411,43.838],[81.4331,43.8359]],[[81.6171,44.2056],[81.6181,44.1966],[81.6105,44.1891],[81.6073,44.188],[81.6079,44.1743],[81.6062,44.1672],[81.5895,44.1718],[81.5784,44.1635],[81.5685,44.1613],[81.5584,44.1673],[81.5609,44.1706],[81.5734,44.1746],[81.5788,44.1784],[81.5859,44.1801],[81.5931,44.1967],[81.6059,44.2018],[81.6086,44.2067],[81.6165,44.2092],[81.6171,44.2056]],[[81.8614,44.1737],[81.8692,44.1663],[81.8638,44.1616],[81.8631,44.1548],[81.8524,44.1543],[81.8513,44.1587],[81.8546,44.1604],[81.8533,44.1726],[81.8614,44.1737]],[[82.0441,43.6599],[82.0484,43.6598],[82.0512,43.6561],[82.0589,43.6521],[82.0464,43.6522],[82.0436,43.6498],[82.0365,43.6542],[82.0441,43.6599]]]},"properties":{"region_code":"CN-65-6540-654021","parent_region_code":"CN-65-6540","name":"伊宁县","level":"county","has_children":false,"full_path":"中国 / 新疆维吾尔自治区 / 伊犁哈萨克自治州 / 伊宁县","source_admin_code":"654021","osm_relation_id":2751498}},
{"type":"Feature","geometry":{"type":"MultiPolygon","coordinates":[[[[80.6433,43.6941],[80.615,43.6859],[80.6272,43.6685],[80.642,43.6459],[80.6679,43.6543],[80.6433,43.6941]]],[[[81.072,43.9025],[81.0661,43.9028],[81.0571,43.9056],[81.0439,43.904],[81.0375,43.9013],[81.0295,43.9018],[81.019,43.9062],[81.0102,43.9062],[81.0072,43.9083],[80.9937,43.9086],[80.9813,43.9072],[80.9753,43.9024],[80.9536,43.9064],[80.9451,43.9128],[80.9416,43.9205],[80.937,43.9226],[80.9326,43.9276],[80.9269,43.9269],[80.9218,43.9285],[80.9121,43.934],[80.8991,43.9356],[80.8904,43.9402],[80.886,43.941],[80.8718,43.9405],[80.8661,43.9362],[80.8527,43.9365],[80.8433,43.9348],[80.8357,43.9422],[80.8313,43.9427],[80.8257,43.9389],[80.8195,43.93],[80.8047,43.926],[80.8024,43.9246],[80.8022,43.9185],[80.7923,43.9059],[80.7944,43.899],[80.8062,43.9032],[80.8122,43.9043],[80.8437,43.9027],[80.8458,43.9178],[80.8511,43.9171],[80.8559,43.92],[80.8655,43.914],[80.8729,43.913],[80.8754,43.9069],[80.8896,43.9066],[80.8939,43.8977],[80.9045,43.8974],[80.9095,43.8958],[80.9145,43.8884],[80.9507,43.8955],[80.957,43.8901],[80.9694,43.8895],[80.9765,43.8929],[80.9829,43.892],[80.9837,43.8893],[80.9915,43.8873],[80.9975,43.88],[81.0024,43.8791],[81.0075,43.8736],[81.0183,43.8791],[81.0205,43.885],[81.0239,43.8853],[81.0267,43.8799],[81.0394,43.8819],[81.0476,43.8769],[81.0558,43.8796],[81.0608,43.8897],[81.0643,43.8899],[81.0692,43.8944],[81.0829,43.8894],[81.0851,43.8869],[81.0944,43.8867],[81.1057,43.8773],[81.1059,43.8732],[81.1141,43.8731],[81.1202,43.8714],[81.1219,43.8631],[81.1128,43.8644],[81.1053,43.8602],[81.0658,43.8608],[81.0599,43.841],[81.0528,43.8423],[81.0525,43.8388],[81.0372,43.8389],[81.0363,43.8478],[81.031,43.8464],[81.0159,43.8462],[81.0161,43.852],[80.9994,43.8523],[80.9294,43.8596],[80.9195,43.8609],[80.8676,43.8658],[80.8448,43.8684],[80.8443,43.8656],[80.8253,43.8605],[80.7616,43.8529],[80.7488,43.8714],[80.7348,43.8897],[80.7311,43.8868],[80.7081,43.8887],[80.7031,43.8817],[80.6964,43.8802],[80.6982,43.8758],[80.694,43.8677],[80.6862,43.8678],[80.6819,43.8631],[80.6839,43.8577],[80.6825,43.854],[80.6716,43.8481],[80.6682,43.845],[80.7183,43.8192],[80.7154,43.8151],[80.7255,43.8103],[80.7602,43.8096],[80.7728,43.8021],[80.7692,43.8004],[80.7615,43.7892],[80.7561,43.7849],[80.7562,43.7654],[80.7939,43.6574],[80.7921,43.6271],[80.7935,43.6069],[80.791,43.608],[80.7232,43.6296],[80.723,43.6184],[80.7258,43.612],[80.7217,43.6023],[80.7222,43.5878],[80.7284,43.5858],[80.7342,43.5865],[80.7579,43.5821],[80.7662,43.5855],[80.7781,43.5872],[80.7876,43.5863],[80.7958,43.5819],[80.7961,43.5766],[80.7926,43.5689],[80.7937,43.564],[80.7982,43.5601],[80.7965,43.5504],[80.7942,43.5489],[80.7913,43.5376],[80.785,43.5324],[80.7726,43.5153],[80.7685,43.5072],[80.762,43.5011],[80.7602,43.4959],[80.7637,43.489],[80.7677,43.4736],[80.7711,43.4702],[80.7744,43.4556],[80.773,43.4495],[80.7762,43.4464],[80.777,43.4382],[80.7803,43.4346],[80.783,43.4251],[80.7876,43.4174],[80.7912,43.4146],[80.7891,43.4109],[80.7887,43.4044],[80.8007,43.3947],[80.8077,43.3902],[80.8254,43.3882],[80.8402,43.3811],[80.857,43.3802],[80.8619,43.3777],[80.8763,43.3784],[80.8952,43.3711],[80.9061,43.3685],[80.9084,43.3658],[80.9212,43.3597],[80.9241,43.3562],[80.9454,43.3496],[80.9193,43.3366],[80.9118,43.3171],[80.9117,43.2945],[80.9418,43.3007],[80.9509,43.3038],[80.9593,43.3052],[80.969,43.3045],[80.9876,43.2994],[80.9992,43.3021],[81.0146,43.3114],[81.0184,43.3162],[81.0168,43.3222],[81.0184,43.3287],[81.0229,43.3328],[81.0315,43.3365],[81.0285,43.3428],[81.0383,43.3527],[81.0388,43.3618],[81.0364,43.3644],[81.0405,43.3698],[81.0413,43.3772],[81.0516,43.381],[81.0627,43.3818],[81.0682,43.3795],[81.0749,43.3808],[81.0867,43.3802],[81.0948,43.3829],[81.1039,43.3789],[81.1065,43.3812],[81.116,43.3843],[81.1205,43.3839],[81.1235,43.3803],[81.1305,43.3786],[81.1373,43.3738],[81.1523,43.3728],[81.1658,43.3744],[81.1773,43.3781],[81.1839,43.3773],[81.1912,43.3746],[81.2064,43.365],[81.2149,43.3646],[81.224,43.3672],[81.2335,43.3771],[81.2406,43.3795],[81.2664,43.3811],[81.2784,43.3753],[81.2859,43.3756],[81.2964,43.3857],[81.3007,43.3852],[81.3145,43.3954],[81.3213,43.3947],[81.3283,43.3953],[81.3361,43.3938],[81.3398,43.3966],[81.3526,43.3928],[81.3758,43.384],[81.3886,43.3857],[81.3972,43.3959],[81.4044,43.401],[81.4159,43.4031],[81.4235,43.4032],[81.4308,43.4001],[81.4376,43.3948],[81.4465,43.3945],[81.4567,43.4058],[81.4652,43.407],[81.4771,43.4064],[81.4925,43.4088],[81.4999,43.4128],[81.5216,43.4155],[81.5344,43.4183],[81.5393,43.4179],[81.5477,43.4232],[81.5496,43.4212],[81.5568,43.4253],[81.5687,43.4278],[81.5711,43.4308],[81.5691,43.4342],[81.5699,43.4436],[81.5758,43.453],[81.5825,43.4563],[81.5933,43.4752],[81.5919,43.4811],[81.5889,43.4848],[81.5926,43.4881],[81.5945,43.4955],[81.5977,43.4974],[81.6006,43.5044],[81.5984,43.5114],[81.6031,43.5224],[81.6194,43.5352],[81.6212,43.5389],[81.6298,43.5432],[81.6372,43.5454],[81.6441,43.5505],[81.6515,43.5537],[81.6569,43.5598],[81.6666,43.567],[81.6965,43.578],[81.7034,43.5819],[81.7042,43.5865],[81.7026,43.5958],[81.7006,43.5986],[81.706,43.6111],[81.7058,43.6178],[81.7093,43.6201],[81.7126,43.6258],[81.7195,43.6302],[81.7135,43.6394],[81.6993,43.6467],[81.6928,43.6473],[81.6786,43.6552],[81.6592,43.6612],[81.6519,43.6615],[81.6453,43.6651],[81.6349,43.6825],[81.6289,43.6841],[81.629,43.6901],[81.625,43.693],[81.6166,43.692],[81.6084,43.6993],[81.6034,43.7003],[81.6006,43.7095],[81.595,43.7113],[81.5842,43.7182],[81.5814,43.7226],[81.569,43.7286],[81.5668,43.7342],[81.5598,43.7398],[81.5487,43.7632],[81.5462,43.7639],[81.5333,43.7622],[81.5272,43.7661],[81.5057,43.7387],[81.4848,43.7392],[81.446,43.7552],[81.4248,43.7621],[81.4056,43.7657],[81.3899,43.7713],[81.3671,43.7827],[81.3645,43.7846],[81.3658,43.7912],[81.3619,43.7948],[81.3718,43.8118],[81.3718,43.8185],[81.3854,43.8173],[81.3886,43.8274],[81.3673,43.8391],[81.3714,43.8459],[81.3743,43.8552],[81.3659,43.8683],[81.3489,43.8701],[81.335,43.8701],[81.3107,43.8786],[81.309,43.8821],[81.3024,43.8822],[81.3081,43.8707],[81.3012,43.8719],[81.3004,43.8549],[81.2929,43.8519],[81.2854,43.8535],[81.2839,43.8562],[81.2761,43.8559],[81.2743,43.8541],[81.2654,43.8559],[81.2625,43.8512],[81.2565,43.8521],[81.2465,43.8482],[81.2264,43.8452],[81.2259,43.8495],[81.2174,43.849],[81.2081,43.8529],[81.2059,43.8579],[81.2237,43.8613],[81.2274,43.8602],[81.2347,43.8624],[81.2365,43.86],[81.256,43.8583],[81.2557,43.8625],[81.2509,43.8657],[81.2397,43.8674],[81.2333,43.8727],[81.2191,43.8757],[81.1896,43.8839],[81.1478,43.8875],[81.1351,43.8941],[81.1298,43.8903],[81.1222,43.897],[81.1223,43.9062],[81.1344,43.9073],[81.1379,43.9064],[81.1374,43.9177],[81.1453,43.9193],[81.1417,43.9237],[81.1215,43.9217],[81.105,43.9146],[81.0995,43.9104],[81.0902,43.9077],[81.089,43.9044],[81.072,43.9025]],[[81.065,43.4448],[81.0615,43.4496],[81.0562,43.4515],[81.0499,43.4577],[81.0489,43.4606],[81.0425,43.4666],[81.0415,43.4698],[81.0353,43.4746],[81.0269,43.475],[81.0289,43.4899],[81.0273,43.4953],[81.0317,43.4998],[81.0346,43.5089],[81.038,43.5245],[81.0347,43.5312],[81.0358,43.5361],[81.0343,43.5469],[81.0306,43.5573],[81.0357,43.5703],[81.0394,43.5729],[81.0424,43.5847],[81.0468,43.5903],[81.0439,43.595],[81.0497,43.599],[81.0596,43.6085],[81.0637,43.6066],[81.071,43.598],[81.0781,43.5835],[81.0897,43.5779],[81.0956,43.5718],[81.096,43.5682],[81.0869,43.5503],[81.0826,43.5451],[81.0721,43.5401],[81.0664,43.5319],[81.068,43.5161],[81.0738,43.5115],[81.074,43.5005],[81.0727,43.4987],[81.0824,43.4707],[81.0787,43.4666],[81.0711,43.4668],[81.0736,43.4596],[81.0725,43.4531],[81.065,43.4448]],[[81.5178,43.5706],[81.5144,43.5757],[81.511,43.577],[81.5181,43.5825],[81.5355,43.5776],[81.5317,43.5709],[81.5178,43.5706]],[[80.9018,43.4386],[80.8995,43.4342],[80.9054,43.4337],[80.9129,43.4264],[80.9115,43.4164],[80.9066,43.4113],[80.9097,43.4051],[80.9067,43.4002],[80.8952,43.3984],[80.8898,43.4041],[80.8821,43.4088],[80.8824,43.4165],[80.8791,43.422],[80.875,43.425],[80.8715,43.4305],[80.8737,43.4372],[80.8781,43.4392],[80.8886,43.4397],[80.8937,43.442],[80.9018,43.4386]]]]},"properties":{"region_code":"CN-65-6540-654022","parent_region_code":"CN-65-6540","name":"察布查尔锡伯自治县","level":"county","has_children":false,"full_path":"中国 / 新疆维吾尔自治区 / 伊犁哈萨克自治州 / 察布查尔锡伯自治县","source_admin_code":"654022","osm_relation_id":2751494}},
{"type":"Feature","geometry":{"type":"MultiPolygon","coordinates":[[[[81.0526,43.9425],[81.0547,43.9498],[81.0486,43.9545],[81.0442,43.9491],[81.0526,43.9425]]],[[[81.0738,43.913],[81.0609,43.9117],[81.0594,43.9095],[81.0492,43.9075],[81.0401,43.9092],[81.0349,43.9077],[81.0195,43.9079],[80.9997,43.9107],[80.982,43.9085],[80.977,43.9113],[80.97,43.9189],[80.9654,43.9189],[80.9614,43.9227],[80.9568,43.9222],[80.9414,43.9339],[80.9343,43.9348],[80.9487,43.9539],[80.9545,43.9531],[80.9826,43.9869],[80.9898,43.9918],[81.003,43.9885],[81.0069,43.9854],[81.0145,43.9831],[81.0178,43.9916],[81.0285,44.0019],[81.0318,44.0102],[81.0377,44.0119],[81.044,44.017],[81.0445,44.0223],[81.0491,44.0257],[81.0584,44.028],[81.0786,44.0378],[81.0812,44.0419],[81.0858,44.0446],[81.0889,44.0493],[81.0877,44.0547],[81.0891,44.0622],[81.0863,44.0709],[81.0968,44.0697],[81.1022,44.0676],[81.1119,44.0605],[81.1207,44.0555],[81.1317,44.0497],[81.1391,44.0504],[81.1466,44.0555],[81.1539,44.0629],[81.1666,44.0691],[81.177,44.0708],[81.1808,44.0769],[81.1892,44.0786],[81.1934,44.0832],[81.1929,44.0908],[81.1973,44.091],[81.2026,44.0972],[81.1984,44.1064],[81.2018,44.1145],[81.2028,44.1212],[81.2021,44.1303],[81.204,44.1338],[81.2058,44.1438],[81.2136,44.1551],[81.2195,44.1596],[81.2213,44.1691],[81.2261,44.1738],[81.2334,44.1775],[81.236,44.1824],[81.2346,44.1864],[81.2387,44.1926],[81.2372,44.1981],[81.2389,44.2047],[81.2468,44.2122],[81.2569,44.2178],[81.2662,44.2244],[81.2732,44.2238],[81.2785,44.2278],[81.2893,44.2323],[81.2973,44.229],[81.3214,44.2255],[81.3337,44.2283],[81.3391,44.2264],[81.3489,44.2286],[81.3557,44.2329],[81.364,44.2357],[81.367,44.2382],[81.3667,44.2479],[81.3617,44.2477],[81.3606,44.2513],[81.3661,44.2609],[81.3725,44.2654],[81.3747,44.2695],[81.3812,44.2762],[81.3899,44.2768],[81.3968,44.2806],[81.398,44.2833],[81.3966,44.2901],[81.397,44.2969],[81.3943,44.3013],[81.391,44.3057],[81.3813,44.3103],[81.3771,44.3145],[81.3675,44.3147],[81.3589,44.3118],[81.3558,44.3124],[81.3523,44.3216],[81.3438,44.3289],[81.3373,44.3383],[81.3336,44.3411],[81.33,44.3472],[81.3294,44.36],[81.3345,44.3652],[81.3359,44.37],[81.3324,44.3745],[81.3317,44.3793],[81.3439,44.3863],[81.3493,44.3934],[81.3486,44.3966],[81.3584,44.4011],[81.3596,44.4047],[81.357,44.4089],[81.3577,44.4136],[81.3614,44.4162],[81.3645,44.4229],[81.3615,44.4264],[81.355,44.4293],[81.3553,44.4416],[81.3483,44.4466],[81.3425,44.4488],[81.3228,44.4532],[81.3084,44.4521],[81.3026,44.4539],[81.3002,44.4508],[81.2924,44.4504],[81.2875,44.4525],[81.2699,44.4564],[81.2579,44.4538],[81.2518,44.4568],[81.242,44.4592],[81.2303,44.4591],[81.2085,44.462],[81.2044,44.4691],[81.1887,44.47],[81.1797,44.4732],[81.1766,44.4772],[81.1769,44.4812],[81.1711,44.4852],[81.1584,44.4884],[81.1527,44.4924],[81.1455,44.4945],[81.1361,44.4921],[81.1238,44.4983],[81.1221,44.5009],[81.1065,44.5062],[81.0672,44.5065],[81.0567,44.5018],[81.0503,44.5036],[81.037,44.5052],[81.0341,44.5084],[81.0248,44.5111],[81.0191,44.5095],[81.0136,44.5114],[81.0106,44.5184],[81.0033,44.5204],[81.0004,44.5233],[81.0027,44.5278],[80.9956,44.5348],[80.9733,44.5375],[80.9653,44.5354],[80.9451,44.536],[80.9445,44.5388],[80.9318,44.5317],[80.9241,44.5363],[80.917,44.5379],[80.8982,44.5339],[80.8944,44.5282],[80.8861,44.5289],[80.8868,44.5219],[80.8852,44.5187],[80.8931,44.5161],[80.8925,44.51],[80.8875,44.5003],[80.8823,44.4981],[80.8786,44.4898],[80.8619,44.4825],[80.8567,44.479],[80.8511,44.4786],[80.8448,44.4749],[80.835,44.4738],[80.8318,44.4709],[80.8184,44.4647],[80.8192,44.462],[80.8266,44.4598],[80.8261,44.4555],[80.8213,44.4499],[80.8216,44.4392],[80.819,44.4377],[80.8073,44.441],[80.8116,44.4542],[80.81,44.4627],[80.8117,44.4708],[80.8174,44.4813],[80.8238,44.4852],[80.826,44.493],[80.8339,44.4964],[80.8339,44.5013],[80.8393,44.5137],[80.84,44.5204],[80.8441,44.5365],[80.8476,44.5465],[80.8428,44.5524],[80.8376,44.5552],[80.8214,44.5608],[80.8098,44.5639],[80.8,44.5685],[80.7935,44.5668],[80.7881,44.5701],[80.7792,44.5731],[80.7594,44.5752],[80.7534,44.579],[80.7435,44.5805],[80.7392,44.579],[80.7298,44.5731],[80.7254,44.5751],[80.7136,44.5712],[80.7033,44.5768],[80.6951,44.5768],[80.6938,44.5815],[80.7004,44.5867],[80.7065,44.5942],[80.7075,44.5994],[80.699,44.6041],[80.6967,44.6094],[80.6821,44.6163],[80.6813,44.6207],[80.676,44.6207],[80.6715,44.624],[80.6528,44.6287],[80.6475,44.6253],[80.6445,44.6209],[80.6452,44.6167],[80.6413,44.6107],[80.6476,44.6027],[80.641,44.5988],[80.6353,44.5928],[80.6218,44.5862],[80.615,44.584],[80.5968,44.5846],[80.5946,44.5833],[80.5831,44.5908],[80.5758,44.581],[80.5832,44.578],[80.5769,44.5597],[80.5881,44.5345],[80.5881,44.5111],[80.586,44.505],[80.589,44.4927],[80.5874,44.4883],[80.5809,44.4844],[80.5857,44.4726],[80.5828,44.4695],[80.5847,44.4616],[80.6481,44.4297],[80.6621,44.398],[80.696,44.3475],[80.7262,44.3041],[80.7533,44.2977],[80.7503,44.2856],[80.7223,44.2514],[80.7168,44.2455],[80.679,44.2203],[80.6656,44.2104],[80.659,44.1987],[80.6609,44.1826],[80.6652,44.1741],[80.6634,44.161],[80.6603,44.1569],[80.662,44.1484],[80.6757,44.1501],[80.691,44.14],[80.699,44.1377],[80.6998,44.1337],[80.6974,44.129],[80.6978,44.1238],[80.6908,44.1154],[80.6866,44.1127],[80.6799,44.0996],[80.6849,44.0909],[80.6817,44.085],[80.7172,44.0774],[80.7149,44.0704],[80.7064,44.0686],[80.7039,44.0646],[80.6988,44.0484],[80.7097,44.0414],[80.7183,44.0379],[80.7196,44.031],[80.7249,44.0278],[80.7329,44.02],[80.736,44.0196],[80.7395,44.0014],[80.7353,44.0001],[80.7362,43.9921],[80.7312,43.9868],[80.7323,43.9822],[80.7253,43.974],[80.7201,43.938],[80.7359,43.9381],[80.738,43.9314],[80.7364,43.9282],[80.742,43.9257],[80.739,43.9209],[80.7242,43.9116],[80.7178,43.9107],[80.7092,43.9061],[80.7039,43.9013],[80.7012,43.8911],[80.7029,43.8878],[80.6972,43.8836],[80.6964,43.8802],[80.7031,43.8817],[80.7081,43.8887],[80.7311,43.8868],[80.7348,43.8897],[80.7374,43.8938],[80.745,43.8942],[80.749,43.8961],[80.7594,43.8964],[80.7624,43.9021],[80.7696,43.9019],[80.7693,43.8967],[80.7825,43.9005],[80.7872,43.9047],[80.7923,43.9059],[80.8022,43.9185],[80.8024,43.9246],[80.8047,43.926],[80.8195,43.93],[80.8257,43.9389],[80.8313,43.9427],[80.8357,43.9422],[80.8433,43.9348],[80.8527,43.9365],[80.8661,43.9362],[80.8718,43.9405],[80.886,43.941],[80.8904,43.9402],[80.8991,43.9356],[80.9121,43.934],[80.9218,43.9285],[80.9269,43.9269],[80.9326,43.9276],[80.937,43.9226],[80.9416,43.9205],[80.9451,43.9128],[80.9536,43.9064],[80.9753,43.9024],[80.9813,43.9072],[80.9937,43.9086],[81.0072,43.9083],[81.0102,43.9062],[81.019,43.9062],[81.0295,43.9018],[81.0375,43.9013],[81.0439,43.904],[81.0571,43.9056],[81.0661,43.9028],[81.072,43.9025],[81.0738,43.913]],[[81.1647,44.1942],[81.1628,44.1763],[81.1599,44.1705],[81.1518,44.1595],[81.1387,44.1538],[81.1283,44.1556],[81.1175,44.1634],[81.1219,44.1671],[81.1185,44.1725],[81.1158,44.1803],[81.1209,44.1828],[81.1247,44.1894],[81.1295,44.1931],[81.1355,44.1923],[81.1462,44.1943],[81.1549,44.2003],[81.1647,44.1942]],[[80.8525,44.4332],[80.8605,44.4302],[80.8551,44.4234],[80.8486,44.4195],[80.8414,44.4191],[80.8334,44.4166],[80.8314,44.4104],[80.8239,44.4141],[80.8258,44.4278],[80.837,44.4316],[80.8423,44.4315],[80.8489,44.434],[80.8525,44.4332]],[[81.0909,44.4702],[81.0991,44.4676],[81.101,44.4647],[81.1105,44.4575],[81.132,44.4506],[81.1376,44.4518],[81.1406,44.4477],[81.1394,44.4448],[81.1297,44.4427],[81.1225,44.4487],[81.1177,44.4493],[81.111,44.4531],[81.1094,44.4568],[81.0975,44.4552],[81.0885,44.4582],[81.083,44.4646],[81.0767,44.4688],[81.0867,44.4723],[81.0909,44.4702]],[[81.0392,44.445],[81.0504,44.4378],[81.0535,44.4334],[81.0482,44.4232],[81.0419,44.4211],[81.0403,44.427],[81.0335,44.4316],[81.0255,44.4282],[81.0266,44.4353],[81.0306,44.4361],[81.031,44.4406],[81.0254,44.4449],[81.0392,44.445]],[[81.0326,44.4042],[81.0418,44.3943],[81.0414,44.3908],[81.0462,44.3889],[81.0555,44.3819],[81.0466,44.3773],[81.0354,44.3742],[81.0298,44.3654],[81.0166,44.3644],[81.0113,44.3619],[81.0023,44.3603],[80.9905,44.3644],[80.9876,44.3702],[80.9978,44.3741],[80.9994,44.3779],[81.01,44.3847],[81.0104,44.393],[81.0159,44.3965],[81.0254,44.407],[81.0326,44.4042]],[[80.8883,44.2392],[80.8869,44.2404],[80.8964,44.2526],[80.895,44.2557],[80.898,44.2626],[80.9048,44.2641],[80.9155,44.2688],[80.9202,44.2669],[80.9227,44.2707],[80.9237,44.2806],[80.9269,44.2804],[80.9271,44.2738],[80.9326,44.2665],[80.9368,44.2687],[80.9448,44.2676],[80.9418,44.2593],[80.9425,44.2515],[80.927,44.2257],[80.9276,44.2213],[80.9217,44.2193],[80.9109,44.2101],[80.9089,44.2055],[80.8787,44.2075],[80.8762,44.2037],[80.8668,44.2029],[80.8723,44.2096],[80.8701,44.2166],[80.8656,44.2176],[80.8686,44.2226],[80.8708,44.2309],[80.8784,44.2353],[80.8816,44.2328],[80.8883,44.2392]],[[80.7388,44.1784],[80.7402,44.1691],[80.7325,44.1627],[80.7251,44.1503],[80.7195,44.153],[80.7257,44.1573],[80.727,44.1617],[80.7241,44.1688],[80.731,44.176],[80.7388,44.1784]],[[80.7722,44.1622],[80.7896,44.1529],[80.8042,44.1496],[80.7988,44.145],[80.8017,44.1422],[80.7931,44.1369],[80.791,44.1332],[80.7925,44.1255],[80.7905,44.1153],[80.7843,44.1075],[80.7824,44.099],[80.7835,44.0962],[80.7744,44.093],[80.7701,44.0872],[80.7625,44.0862],[80.7579,44.0892],[80.7562,44.0951],[80.7511,44.1017],[80.7507,44.1052],[80.7423,44.1139],[80.7392,44.1275],[80.7362,44.1289],[80.7453,44.1392],[80.7469,44.1455],[80.7513,44.1514],[80.7513,44.1549],[80.7563,44.1643],[80.763,44.1717],[80.7668,44.1719],[80.7676,44.1665],[80.7722,44.1622]],[[80.735,44.2325],[80.7421,44.2175],[80.7352,44.2163],[80.7358,44.2053],[80.7243,44.2142],[80.7178,44.2236],[80.7148,44.2308],[80.7191,44.2355],[80.7193,44.2387],[80.7244,44.2438],[80.7279,44.2383],[80.735,44.2325]]]]},"properties":{"region_code":"CN-65-6540-654023","parent_region_code":"CN-65-6540","name":"霍城县","level":"county","has_children":false,"full_path":"中国 / 新疆维吾尔自治区 / 伊犁哈萨克自治州 / 霍城县","source_admin_code":"654023","osm_relation_id":2751490}},
{"type":"Feature","geometry":{"type":"Polygon","coordinates":[[[81.7195,43.6302],[81.7126,43.6258],[81.7093,43.6201],[81.7058,43.6178],[81.706,43.6111],[81.7006,43.5986],[81.7026,43.5958],[81.7042,43.5865],[81.7034,43.5819],[81.6965,43.578],[81.6666,43.567],[81.6569,43.5598],[81.6515,43.5537],[81.6441,43.5505],[81.6372,43.5454],[81.6298,43.5432],[81.6212,43.5389],[81.6194,43.5352],[81.6031,43.5224],[81.5984,43.5114],[81.6006,43.5044],[81.5977,43.4974],[81.5945,43.4955],[81.5926,43.4881],[81.5889,43.4848],[81.5919,43.4811],[81.5933,43.4752],[81.5825,43.4563],[81.5758,43.453],[81.5699,43.4436],[81.5691,43.4342],[81.5711,43.4308],[81.5687,43.4278],[81.5568,43.4253],[81.5496,43.4212],[81.5597,43.4159],[81.5612,43.4118],[81.5668,43.4097],[81.5748,43.4108],[81.5881,43.4089],[81.5869,43.4031],[81.5907,43.4018],[81.6007,43.397],[81.6054,43.3962],[81.6098,43.3984],[81.6197,43.3984],[81.6322,43.4011],[81.6384,43.3997],[81.6434,43.3943],[81.6567,43.3919],[81.6624,43.3947],[81.6672,43.3947],[81.677,43.3928],[81.6998,43.3833],[81.7134,43.3788],[81.741,43.3712],[81.751,43.3705],[81.7687,43.3703],[81.7796,43.3708],[81.7896,43.3702],[81.8054,43.3709],[81.8185,43.3724],[81.8314,43.3684],[81.8384,43.3686],[81.8462,43.3672],[81.8518,43.3613],[81.8572,43.3599],[81.8585,43.3543],[81.8654,43.3437],[81.8697,43.3398],[81.8694,43.3325],[81.8665,43.3291],[81.8668,43.3221],[81.8742,43.3187],[81.8979,43.3146],[81.9308,43.3152],[81.9506,43.3134],[81.9801,43.3091],[81.9939,43.3091],[82.0111,43.314],[82.0217,43.3213],[82.0302,43.3232],[82.0468,43.318],[82.0675,43.3238],[82.091,43.3202],[82.1098,43.3253],[82.1189,43.3295],[82.132,43.3293],[82.149,43.328],[82.1681,43.3239],[82.1826,43.3196],[82.1905,43.3126],[82.198,43.3078],[82.2124,43.3069],[82.2456,43.3175],[82.2582,43.3198],[82.281,43.3208],[82.2977,43.3183],[82.3096,43.3151],[82.3275,43.3087],[82.3441,43.314],[82.3679,43.3193],[82.3861,43.3218],[82.4087,43.3203],[82.4226,43.3162],[82.4282,43.3134],[82.4359,43.3187],[82.4523,43.3275],[82.4609,43.3182],[82.4648,43.3045],[82.4829,43.2886],[82.4848,43.2719],[82.486,43.2559],[82.4721,43.2518],[82.4724,43.242],[82.468,43.2244],[82.4636,43.2102],[82.4616,43.1918],[82.4696,43.1782],[82.4858,43.1776],[82.4838,43.1695],[82.4631,43.1645],[82.4648,43.146],[82.4679,43.1311],[82.4597,43.1193],[82.4646,43.1141],[82.4772,43.0935],[82.4804,43.0754],[82.483,43.0709],[82.4849,43.0582],[82.4991,43.0361],[82.5137,43.0336],[82.5246,43.0289],[82.5406,43.0197],[82.5469,43.006],[82.5567,42.9872],[82.5587,42.9792],[82.5589,42.9723],[82.5699,42.9685],[82.5714,42.9576],[82.5721,42.9436],[82.5784,42.9298],[82.5927,42.9189],[82.6197,42.9045],[82.6223,42.9183],[82.6228,42.93],[82.6174,42.931],[82.619,42.9426],[82.6186,42.9527],[82.6228,42.9618],[82.6206,42.9738],[82.6175,42.9779],[82.6116,42.9906],[82.5973,43.0057],[82.6011,43.0077],[82.6128,43.0079],[82.6325,42.9983],[82.6349,42.9864],[82.642,42.9855],[82.6443,42.9791],[82.6504,42.973],[82.6501,42.9624],[82.657,42.9575],[82.6536,42.9504],[82.6439,42.9453],[82.6439,42.9401],[82.6525,42.9339],[82.656,42.9349],[82.6667,42.9314],[82.6745,42.9308],[82.6874,42.9324],[82.6933,42.9363],[82.6972,42.9476],[82.7097,42.9504],[82.7166,42.946],[82.7201,42.9457],[82.7276,42.9393],[82.7379,42.9403],[82.7452,42.9394],[82.7627,42.9351],[82.772,42.9351],[82.7864,42.9326],[82.7933,42.9349],[82.7975,42.9465],[82.8063,42.9511],[82.8175,42.9523],[82.8213,42.9537],[82.8225,42.9609],[82.8204,42.9732],[82.8214,42.9791],[82.8317,42.98],[82.8434,42.9765],[82.8473,42.9732],[82.8563,42.9699],[82.8676,42.9781],[82.8798,42.9798],[82.8872,42.99],[82.8899,42.9912],[82.9062,42.9887],[82.9123,42.9864],[82.9208,42.9893],[82.9294,42.9889],[82.9388,42.9862],[82.9464,42.9893],[82.956,42.9913],[82.9741,42.9914],[82.9886,42.995],[82.9955,42.9994],[83.0108,43.0058],[83.0167,43.0052],[83.0256,42.9968],[83.0345,42.9949],[83.0413,42.9971],[83.0508,42.9985],[83.0567,42.9975],[83.0729,42.9909],[83.1005,42.9948],[83.1169,42.993],[83.1323,42.9906],[83.1414,42.9934],[83.1566,43.005],[83.1648,43.0066],[83.1925,43.0084],[83.1964,43.0105],[83.1947,43.0218],[83.197,43.0364],[83.1955,43.0506],[83.2034,43.0518],[83.2074,43.0585],[83.2066,43.0671],[83.2203,43.0685],[83.2297,43.0721],[83.2419,43.0666],[83.2453,43.0672],[83.2507,43.0606],[83.2554,43.0598],[83.2546,43.0554],[83.2509,43.0531],[83.2455,43.0466],[83.2495,43.0415],[83.2488,43.0373],[83.2444,43.0336],[83.2446,43.0292],[83.2521,43.027],[83.2615,43.0207],[83.2679,43.019],[83.2679,43.0255],[83.2786,43.0356],[83.2864,43.038],[83.2952,43.033],[83.3101,43.0365],[83.323,43.0459],[83.3268,43.0446],[83.3285,43.0357],[83.3334,43.0307],[83.3441,43.0309],[83.3502,43.0282],[83.3579,43.0267],[83.3674,43.0304],[83.3671,43.0349],[83.3801,43.0435],[83.3877,43.0452],[83.393,43.0446],[83.3951,43.0482],[83.4037,43.0505],[83.4158,43.0504],[83.4192,43.0462],[83.4254,43.0432],[83.4323,43.0478],[83.4325,43.0518],[83.441,43.0549],[83.4044,43.101],[83.3473,43.1078],[83.3446,43.107],[83.3203,43.1167],[83.291,43.1268],[83.2804,43.1285],[83.2719,43.1272],[83.2478,43.1264],[83.2235,43.1239],[83.219,43.1261],[83.2144,43.1256],[83.2056,43.1328],[83.2032,43.1377],[83.1959,43.1409],[83.1875,43.1424],[83.1548,43.1664],[83.1424,43.1727],[83.1278,43.1772],[83.1078,43.1788],[83.0867,43.1888],[83.0712,43.202],[83.0529,43.2072],[83.0413,43.2089],[83.0175,43.2098],[83.0077,43.2085],[82.9965,43.2084],[82.9706,43.2093],[82.9606,43.2107],[82.9428,43.2187],[82.9366,43.2224],[82.915,43.2413],[82.9041,43.2484],[82.8976,43.2492],[82.8807,43.2536],[82.8648,43.2549],[82.8556,43.2534],[82.8572,43.2499],[82.8561,43.2439],[82.8474,43.2431],[82.8431,43.2507],[82.8351,43.2466],[82.825,43.2472],[82.8315,43.2536],[82.8272,43.2559],[82.816,43.2588],[82.7887,43.2596],[82.7793,43.2624],[82.7644,43.2698],[82.7534,43.2691],[82.7462,43.2738],[82.7369,43.2743],[82.722,43.2812],[82.7174,43.2814],[82.7113,43.2842],[82.7033,43.2851],[82.6979,43.2876],[82.6876,43.2852],[82.6856,43.287],[82.6754,43.2879],[82.6713,43.2859],[82.6671,43.2879],[82.6549,43.2869],[82.639,43.2915],[82.6351,43.2914],[82.6168,43.2986],[82.5815,43.3168],[82.574,43.3198],[82.5471,43.3236],[82.5386,43.3234],[82.5127,43.3364],[82.5072,43.3378],[82.5007,43.342],[82.486,43.3472],[82.4833,43.3506],[82.479,43.3649],[82.4785,43.3724],[82.4857,43.384],[82.4873,43.3946],[82.4848,43.3998],[82.476,43.4103],[82.4796,43.4182],[82.4868,43.4278],[82.4908,43.4295],[82.496,43.4387],[82.4952,43.4602],[82.4971,43.4677],[82.4976,43.4812],[82.4944,43.4851],[82.4994,43.5022],[82.4976,43.5178],[82.5066,43.5235],[82.5108,43.5375],[82.516,43.5471],[82.5124,43.5595],[82.5142,43.5727],[82.5102,43.5794],[82.5085,43.5885],[82.5057,43.5915],[82.4948,43.5963],[82.488,43.5937],[82.4767,43.594],[82.476,43.5977],[82.4572,43.601],[82.4555,43.5963],[82.4507,43.595],[82.4467,43.5987],[82.4322,43.5994],[82.4249,43.5971],[82.4172,43.6009],[82.3971,43.6084],[82.3908,43.6072],[82.3779,43.6013],[82.3725,43.6016],[82.3606,43.6062],[82.3533,43.6065],[82.3306,43.5988],[82.3203,43.5979],[82.3104,43.5991],[82.2969,43.6039],[82.2922,43.6012],[82.2881,43.5957],[82.2843,43.5943],[82.2717,43.5994],[82.26,43.5993],[82.261,43.5919],[82.2465,43.5906],[82.2353,43.5876],[82.2194,43.5846],[82.2009,43.563],[82.108,43.5668],[82.1044,43.5635],[82.1035,43.5574],[82.0883,43.5592],[82.0655,43.5634],[82.0549,43.5648],[82.0345,43.5651],[82.0276,43.5708],[82.0157,43.577],[82.0081,43.5694],[81.9994,43.5556],[81.9967,43.5498],[82.006,43.5437],[81.9889,43.5274],[81.9903,43.5249],[81.9734,43.5112],[81.9653,43.5154],[81.9581,43.5074],[81.9481,43.5025],[81.9436,43.4981],[81.9368,43.489],[81.9279,43.4844],[81.9265,43.4936],[81.9156,43.4988],[81.8957,43.5054],[81.8968,43.4853],[81.8956,43.4802],[81.8977,43.4749],[81.9042,43.4682],[81.913,43.4707],[81.9196,43.4663],[81.9155,43.4603],[81.9222,43.459],[81.9479,43.4588],[81.9499,43.4553],[81.9575,43.4551],[81.956,43.4507],[81.9461,43.4423],[81.9213,43.445],[81.9137,43.4474],[81.9173,43.4549],[81.9154,43.4592],[81.9111,43.4598],[81.9066,43.4549],[81.9067,43.4521],[81.8991,43.4495],[81.8951,43.4462],[81.8878,43.4488],[81.8776,43.443],[81.8738,43.4324],[81.8702,43.4288],[81.8708,43.4178],[81.862,43.411],[81.8551,43.4134],[81.8479,43.4108],[81.8473,43.4162],[81.8425,43.4188],[81.8421,43.4226],[81.8346,43.423],[81.8147,43.4303],[81.8097,43.4328],[81.8128,43.4467],[81.8075,43.4489],[81.8027,43.4542],[81.8083,43.4689],[81.8232,43.478],[81.833,43.4826],[81.838,43.4822],[81.8442,43.4858],[81.8451,43.4945],[81.8472,43.4969],[81.8667,43.506],[81.8745,43.5117],[81.876,43.516],[81.8932,43.5215],[81.904,43.5267],[81.9131,43.5338],[81.9173,43.5342],[81.9193,43.5254],[81.9223,43.5189],[81.9362,43.5224],[81.9525,43.5306],[81.9543,43.5364],[81.9575,43.5392],[81.9562,43.5502],[81.967,43.5475],[81.972,43.5579],[81.9759,43.5568],[81.9836,43.5806],[81.9817,43.5823],[81.9812,43.5967],[81.9823,43.6063],[81.9861,43.6087],[81.9665,43.6078],[81.9548,43.6099],[81.9482,43.6149],[81.9328,43.6167],[81.917,43.6217],[81.9085,43.6229],[81.9006,43.6224],[81.8906,43.6236],[81.8811,43.6269],[81.8789,43.6302],[81.8722,43.632],[81.8647,43.6322],[81.8552,43.6302],[81.8429,43.6345],[81.8303,43.6272],[81.8159,43.6235],[81.7929,43.6253],[81.7853,43.6177],[81.774,43.6081],[81.7687,43.6054],[81.7621,43.6047],[81.7526,43.607],[81.7406,43.6131],[81.7303,43.622],[81.7195,43.6302]],[[82.4611,43.5537],[82.4669,43.5558],[82.4752,43.5545],[82.4793,43.5504],[82.4757,43.5483],[82.4786,43.541],[82.4912,43.5371],[82.4884,43.5319],[82.4808,43.5263],[82.4724,43.5313],[82.4648,43.5326],[82.4637,43.5302],[82.4535,43.5324],[82.4499,43.5471],[82.453,43.5464],[82.4566,43.5529],[82.4611,43.5537]],[[83.0036,43.1858],[83.0074,43.1825],[83.0068,43.1746],[82.997,43.1673],[82.9924,43.168],[82.9876,43.1776],[82.9855,43.1854],[82.9971,43.1867],[83.0036,43.1858]],[[82.6043,43.1726],[82.6095,43.1708],[82.6223,43.1605],[82.6264,43.1562],[82.6354,43.1528],[82.6464,43.147],[82.6334,43.1354],[82.6293,43.1289],[82.6288,43.1227],[82.6131,43.1236],[82.6113,43.1361],[82.6117,43.1479],[82.6083,43.1531],[82.6038,43.1518],[82.6011,43.1611],[82.6043,43.1726]],[[81.908,43.3555],[81.9144,43.3564],[81.9227,43.3554],[81.9251,43.3501],[81.9316,43.3448],[81.9435,43.3438],[81.9476,43.3511],[81.956,43.353],[81.9697,43.3504],[81.9678,43.3454],[81.9702,43.3385],[81.9684,43.335],[81.9608,43.328],[81.9544,43.3248],[81.9289,43.3291],[81.9195,43.3295],[81.9136,43.3319],[81.91,43.3356],[81.8995,43.3392],[81.8908,43.3393],[81.8858,43.3409],[81.8763,43.3484],[81.8758,43.3531],[81.87,43.3589],[81.8679,43.3737],[81.8697,43.3882],[81.8776,43.3865],[81.8795,43.3794],[81.8898,43.3724],[81.8961,43.3632],[81.908,43.3555]]]},"properties":{"region_code":"CN-65-6540-654024","parent_region_code":"CN-65-6540","name":"巩留县","level":"county","has_children":false,"full_path":"中国 / 新疆维吾尔自治区 / 伊犁哈萨克自治州 / 巩留县","source_admin_code":"654024","osm_relation_id":2751489}},
{"type":"Feature","geometry":{"type":"Polygon","coordinates":[[[82.8315,43.2536],[82.836,43.2523],[82.8492,43.2553],[82.8556,43.2534],[82.8648,43.2549],[82.8807,43.2536],[82.8976,43.2492],[82.9041,43.2484],[82.915,43.2413],[82.9366,43.2224],[82.9428,43.2187],[82.9606,43.2107],[82.9706,43.2093],[82.9965,43.2084],[83.0077,43.2085],[83.0175,43.2098],[83.0413,43.2089],[83.0529,43.2072],[83.0712,43.202],[83.0867,43.1888],[83.1078,43.1788],[83.1278,43.1772],[83.1424,43.1727],[83.1548,43.1664],[83.1875,43.1424],[83.1959,43.1409],[83.2032,43.1377],[83.2056,43.1328],[83.2144,43.1256],[83.219,43.1261],[83.2235,43.1239],[83.2478,43.1264],[83.2719,43.1272],[83.2804,43.1285],[83.291,43.1268],[83.3203,43.1167],[83.3446,43.107],[83.3473,43.1078],[83.4044,43.101],[83.441,43.0549],[83.4491,43.0582],[83.4571,43.0582],[83.4627,43.0616],[83.4689,43.0615],[83.477,43.0632],[83.4821,43.062],[83.4901,43.0574],[83.5017,43.0576],[83.5127,43.0629],[83.5152,43.0681],[83.5194,43.0709],[83.5243,43.0704],[83.5345,43.0735],[83.5424,43.0693],[83.5494,43.0692],[83.55,43.0716],[83.5565,43.0746],[83.5631,43.0748],[83.5643,43.0779],[83.5619,43.0837],[83.5635,43.0912],[83.608,43.0824],[83.6249,43.0794],[83.6465,43.0851],[83.6768,43.0962],[83.6883,43.1041],[83.6978,43.1168],[83.7034,43.128],[83.7102,43.1361],[83.718,43.1386],[83.7305,43.1349],[83.7416,43.1421],[83.7551,43.1479],[83.7679,43.1447],[83.7986,43.1322],[83.8143,43.1301],[83.8305,43.1322],[83.8412,43.132],[83.8538,43.1295],[83.876,43.1229],[83.888,43.1215],[83.8978,43.1217],[83.91,43.1269],[83.928,43.1456],[83.9356,43.1495],[83.9511,43.1534],[83.9604,43.1549],[83.9714,43.1549],[83.9773,43.1521],[83.9812,43.147],[83.9839,43.1391],[83.9891,43.1379],[83.9985,43.1401],[84.005,43.1356],[84.0168,43.1331],[84.022,43.134],[84.0288,43.1328],[84.0309,43.1295],[84.0393,43.1305],[84.0385,43.1375],[84.0359,43.1447],[84.0492,43.1485],[84.0519,43.1505],[84.0603,43.1503],[84.0616,43.1444],[84.0682,43.1429],[84.0736,43.1493],[84.0839,43.1499],[84.0887,43.1523],[84.0951,43.15],[84.1014,43.1439],[84.1109,43.1453],[84.1188,43.1481],[84.1257,43.1466],[84.1316,43.1534],[84.1358,43.1503],[84.1434,43.1506],[84.1501,43.154],[84.1557,43.1464],[84.1657,43.1493],[84.1699,43.1552],[84.1782,43.1553],[84.1837,43.1576],[84.1932,43.159],[84.1957,43.1659],[84.2066,43.1633],[84.226,43.1698],[84.2304,43.1684],[84.2394,43.1693],[84.2423,43.1709],[84.2589,43.1706],[84.2641,43.1725],[84.2772,43.1735],[84.2843,43.1696],[84.29,43.1712],[84.3042,43.1699],[84.3085,43.1651],[84.3188,43.1654],[84.3279,43.1681],[84.3411,43.1665],[84.354,43.159],[84.3606,43.1575],[84.3642,43.1486],[84.3563,43.1426],[84.3577,43.1395],[84.3662,43.1362],[84.3729,43.1276],[84.3832,43.1271],[84.3903,43.1252],[84.3936,43.1205],[84.3997,43.1168],[84.4017,43.1105],[84.4135,43.1005],[84.4201,43.1032],[84.415,43.114],[84.4229,43.1206],[84.4247,43.1283],[84.4242,43.137],[84.4195,43.1486],[84.4225,43.153],[84.4197,43.1583],[84.4233,43.1615],[84.4345,43.1608],[84.4466,43.1627],[84.452,43.1587],[84.4603,43.1577],[84.4661,43.1611],[84.4757,43.1613],[84.4806,43.1634],[84.4914,43.1607],[84.5023,43.1629],[84.5104,43.1556],[84.5168,43.1563],[84.5238,43.1544],[84.5328,43.1556],[84.5384,43.1516],[84.5466,43.1574],[84.5623,43.1629],[84.566,43.166],[84.5719,43.1671],[84.5764,43.165],[84.6003,43.167],[84.6129,43.1692],[84.6177,43.1653],[84.6276,43.1659],[84.6341,43.169],[84.6359,43.173],[84.6402,43.1738],[84.6462,43.1719],[84.6511,43.1735],[84.6505,43.1854],[84.649,43.192],[84.6416,43.1934],[84.6413,43.1965],[84.6275,43.2015],[84.6205,43.2028],[84.617,43.2089],[84.617,43.213],[84.6021,43.2265],[84.5923,43.2281],[84.579,43.2271],[84.5637,43.2295],[84.5635,43.2329],[84.5729,43.2391],[84.5753,43.2444],[84.5835,43.2542],[84.583,43.2617],[84.579,43.2658],[84.5719,43.2652],[84.5601,43.2665],[84.5532,43.2688],[84.5469,43.2643],[84.5418,43.2641],[84.5364,43.2609],[84.5341,43.2722],[84.5394,43.2734],[84.5401,43.2776],[84.5325,43.2786],[84.5298,43.2915],[84.5446,43.3141],[84.5506,43.3305],[84.586,43.3286],[84.5952,43.3413],[84.6046,43.3382],[84.6217,43.337],[84.6269,43.3441],[84.6324,43.3487],[84.6437,43.355],[84.6444,43.3571],[84.6543,43.3632],[84.6602,43.3644],[84.6661,43.3688],[84.6739,43.3712],[84.6755,43.3799],[84.6811,43.3873],[84.6824,43.3917],[84.686,43.3935],[84.6904,43.4001],[84.6884,43.4025],[84.68,43.4041],[84.6761,43.4068],[84.671,43.407],[84.665,43.4124],[84.6568,43.4133],[84.6546,43.4154],[84.6552,43.4213],[84.6526,43.4244],[84.6443,43.4253],[84.6373,43.4311],[84.6312,43.4314],[84.6284,43.4387],[84.5665,43.4342],[84.5398,43.4311],[84.5241,43.4314],[84.5063,43.4357],[84.493,43.4403],[84.4805,43.4468],[84.4613,43.4595],[84.4459,43.4719],[84.4448,43.458],[84.433,43.4483],[84.4263,43.4466],[84.4174,43.44],[84.416,43.4357],[84.4118,43.4315],[84.4011,43.4306],[84.3956,43.4283],[84.3877,43.4224],[84.3882,43.4128],[84.3871,43.3977],[84.3786,43.403],[84.3554,43.4143],[84.3551,43.4218],[84.3595,43.4255],[84.3649,43.4375],[84.3645,43.4458],[84.3676,43.451],[84.3767,43.4583],[84.378,43.4636],[84.3729,43.4734],[84.3676,43.4772],[84.3699,43.4866],[84.3689,43.493],[84.3583,43.4924],[84.3516,43.4941],[84.338,43.4948],[84.3255,43.4921],[84.3024,43.4851],[84.2901,43.4842],[84.2342,43.4891],[84.1999,43.4878],[84.1949,43.4866],[84.1869,43.4878],[84.1772,43.4954],[84.166,43.5066],[84.1549,43.5112],[84.1359,43.5181],[84.1185,43.5187],[84.1047,43.518],[84.0741,43.5102],[84.0606,43.5123],[84.0513,43.5167],[84.0329,43.5163],[84.0332,43.5247],[84.0283,43.5319],[84.0086,43.5344],[83.9965,43.5269],[83.9749,43.5284],[83.9603,43.5258],[83.9508,43.5216],[83.9445,43.5255],[83.9393,43.5358],[83.9359,43.5394],[83.9245,43.5397],[83.9098,43.5321],[83.9012,43.5268],[83.8887,43.526],[83.8842,43.5276],[83.8721,43.5359],[83.8624,43.5404],[83.8575,43.541],[83.8423,43.54],[83.8235,43.5404],[83.8159,43.5419],[83.81,43.5471],[83.8014,43.5575],[83.794,43.5625],[83.7898,43.5695],[83.7708,43.5686],[83.7578,43.5707],[83.7493,43.5667],[83.724,43.5756],[83.718,43.5898],[83.7137,43.5946],[83.7075,43.5988],[83.6977,43.5998],[83.6784,43.5965],[83.6764,43.5964],[83.6646,43.5874],[83.6599,43.5869],[83.6599,43.599],[83.6537,43.6061],[83.6478,43.6058],[83.6416,43.611],[83.6226,43.6099],[83.6084,43.6138],[83.6071,43.6213],[83.5944,43.621],[83.5878,43.6258],[83.5768,43.6247],[83.5688,43.6228],[83.5652,43.6259],[83.556,43.6189],[83.5475,43.6188],[83.5408,43.6238],[83.537,43.6305],[83.5292,43.6377],[83.5204,43.6391],[83.5125,43.6383],[83.4989,43.635],[83.4823,43.6323],[83.4653,43.6348],[83.4602,43.637],[83.4525,43.6332],[83.4482,43.6288],[83.4406,43.6273],[83.4353,43.6243],[83.434,43.6194],[83.4269,43.6179],[83.4196,43.6205],[83.4156,43.6317],[83.4069,43.644],[83.4039,43.6581],[83.4013,43.6635],[83.4008,43.6721],[83.4035,43.6747],[83.3958,43.6866],[83.3933,43.6879],[83.3844,43.6826],[83.383,43.6797],[83.3747,43.6766],[83.3679,43.6818],[83.361,43.6824],[83.3584,43.6777],[83.3533,43.6717],[83.3494,43.663],[83.339,43.6548],[83.327,43.6549],[83.3218,43.65],[83.3144,43.6616],[83.3106,43.6623],[83.304,43.6583],[83.2987,43.6573],[83.2973,43.6688],[83.3012,43.6802],[83.296,43.6804],[83.2844,43.674],[83.2754,43.6627],[83.2637,43.6557],[83.2516,43.65],[83.2406,43.6483],[83.2257,43.6402],[83.2171,43.6402],[83.2075,43.6453],[83.1976,43.6454],[83.1913,43.6488],[83.179,43.6494],[83.1655,43.6543],[83.1621,43.6581],[83.1519,43.6622],[83.1566,43.6696],[83.1441,43.6788],[83.1379,43.6779],[83.128,43.6786],[83.1251,43.676],[83.1173,43.6743],[83.1212,43.666],[83.1102,43.6603],[83.1061,43.6662],[83.102,43.6648],[83.0956,43.6548],[83.0947,43.6455],[83.0909,43.6402],[83.08,43.642],[83.076,43.6391],[83.0695,43.6281],[83.0721,43.6192],[83.0666,43.6131],[83.062,43.6048],[83.0588,43.6056],[83.0497,43.6126],[83.0502,43.616],[83.0547,43.6209],[83.0528,43.6258],[83.0378,43.6253],[83.0339,43.6083],[83.0282,43.594],[83.0301,43.5909],[83.0287,43.5855],[83.0201,43.5792],[83.021,43.5455],[83.0249,43.5386],[83.0244,43.5235],[83.0222,43.5203],[83.0141,43.5183],[83.0128,43.5131],[82.9992,43.511],[82.9966,43.5152],[82.9802,43.5193],[82.9841,43.514],[82.9771,43.5112],[82.9704,43.5135],[82.9612,43.5126],[82.9563,43.5089],[82.9523,43.5108],[82.9424,43.511],[82.9382,43.5067],[82.932,43.5097],[82.9232,43.5103],[82.9156,43.5049],[82.9127,43.5059],[82.9041,43.5023],[82.9004,43.5066],[82.9028,43.5126],[82.8977,43.5175],[82.8995,43.5215],[82.8899,43.5203],[82.8711,43.513],[82.8858,43.4848],[82.9409,43.4897],[82.9819,43.4931],[82.9951,43.4729],[82.9934,43.4713],[82.9925,43.4576],[82.9936,43.4564],[82.9927,43.4429],[82.9747,43.44],[82.9682,43.4402],[82.962,43.4447],[82.9559,43.454],[82.9452,43.4536],[82.9426,43.4547],[82.9216,43.4552],[82.9198,43.4505],[82.9103,43.4466],[82.9174,43.4357],[82.9166,43.433],[82.8981,43.4325],[82.89,43.4314],[82.8875,43.435],[82.8763,43.431],[82.8701,43.4411],[82.8589,43.4376],[82.8481,43.454],[82.8358,43.4541],[82.8257,43.4587],[82.8217,43.4622],[82.8202,43.4672],[82.7917,43.4673],[82.7918,43.4776],[82.7896,43.5208],[82.7884,43.5335],[82.7958,43.529],[82.7995,43.529],[82.8111,43.5232],[82.8178,43.5224],[82.8248,43.5244],[82.8284,43.5316],[82.8247,43.5369],[82.823,43.5411],[82.8024,43.5413],[82.7866,43.5403],[82.7613,43.5327],[82.75,43.5307],[82.7352,43.5302],[82.7103,43.5319],[82.7037,43.5287],[82.7027,43.5214],[82.6998,43.5166],[82.6744,43.5227],[82.6753,43.5259],[82.6729,43.5312],[82.659,43.5322],[82.6531,43.5377],[82.6447,43.5479],[82.6344,43.5517],[82.6322,43.5486],[82.6244,43.5462],[82.6173,43.5514],[82.6078,43.5608],[82.6037,43.5629],[82.6047,43.5715],[82.6032,43.5813],[82.6006,43.5869],[82.5853,43.5904],[82.5745,43.5918],[82.5324,43.5909],[82.5085,43.5885],[82.5102,43.5794],[82.5142,43.5727],[82.5124,43.5595],[82.516,43.5471],[82.5108,43.5375],[82.5066,43.5235],[82.4976,43.5178],[82.4994,43.5022],[82.4944,43.4851],[82.4976,43.4812],[82.4971,43.4677],[82.4952,43.4602],[82.496,43.4387],[82.4908,43.4295],[82.4868,43.4278],[82.4796,43.4182],[82.476,43.4103],[82.4848,43.3998],[82.4873,43.3946],[82.4857,43.384],[82.4785,43.3724],[82.479,43.3649],[82.4833,43.3506],[82.486,43.3472],[82.5007,43.342],[82.5072,43.3378],[82.5127,43.3364],[82.5386,43.3234],[82.5471,43.3236],[82.574,43.3198],[82.5815,43.3168],[82.6168,43.2986],[82.6351,43.2914],[82.639,43.2915],[82.6549,43.2869],[82.6671,43.2879],[82.6713,43.2859],[82.6754,43.2879],[82.6856,43.287],[82.6876,43.2852],[82.6979,43.2876],[82.7033,43.2851],[82.7113,43.2842],[82.7174,43.2814],[82.722,43.2812],[82.7369,43.2743],[82.7462,43.2738],[82.7534,43.2691],[82.7644,43.2698],[82.7793,43.2624],[82.7887,43.2596],[82.816,43.2588],[82.8272,43.2559],[82.8315,43.2536]],[[83.1028,43.6422],[83.1029,43.6339],[83.1052,43.6312],[83.1013,43.6272],[83.1013,43.6225],[83.1091,43.6239],[83.11,43.6213],[83.0971,43.6099],[83.0912,43.625],[83.0887,43.6368],[83.0918,43.64],[83.1028,43.6422]],[[83.1628,43.6273],[83.1663,43.624],[83.1667,43.6178],[83.1618,43.6121],[83.1462,43.606],[83.1314,43.6036],[83.1225,43.6118],[83.1286,43.6167],[83.1238,43.6206],[83.1271,43.6233],[83.1323,43.6227],[83.139,43.6259],[83.1584,43.6284],[83.1628,43.6273]],[[83.0852,43.594],[83.0733,43.5852],[83.069,43.5888],[83.0698,43.5933],[83.0778,43.5989],[83.0852,43.594]],[[84.0843,43.2304],[84.0951,43.2233],[84.0976,43.2204],[84.1095,43.2166],[84.1115,43.2131],[84.1231,43.2098],[84.1273,43.2039],[84.1316,43.2015],[84.1224,43.1906],[84.1215,43.1731],[84.1196,43.169],[84.1075,43.1678],[84.0893,43.1683],[84.0874,43.1754],[84.0929,43.1897],[84.0924,43.1948],[84.0848,43.196],[84.0802,43.1995],[84.0745,43.1994],[84.0769,43.2048],[84.0776,43.2121],[84.0749,43.2225],[84.0766,43.2345],[84.0843,43.2304]],[[83.751,43.4605],[83.7531,43.4592],[83.7378,43.4341],[83.729,43.4384],[83.7239,43.4344],[83.7109,43.444],[83.7216,43.4574],[83.7236,43.4651],[83.7316,43.4693],[83.7411,43.4667],[83.7411,43.4643],[83.751,43.4605]],[[83.2332,43.6312],[83.2397,43.6339],[83.241,43.627],[83.24,43.6204],[83.2265,43.6228],[83.2246,43.6273],[83.2262,43.6353],[83.2332,43.6312]],[[83.3442,43.6232],[83.3576,43.6224],[83.357,43.6169],[83.3462,43.617],[83.3352,43.6144],[83.3366,43.624],[83.3442,43.6232]],[[83.3789,43.6098],[83.3951,43.609],[83.3986,43.6061],[83.3945,43.6029],[83.3951,43.5994],[83.4033,43.596],[83.3944,43.5932],[83.3906,43.5963],[83.3862,43.5949],[83.3795,43.5955],[83.374,43.6028],[83.3721,43.6085],[83.3789,43.6098]],[[83.4404,43.5663],[83.432,43.566],[83.4303,43.5707],[83.4331,43.5775],[83.4395,43.5789],[83.4426,43.5773],[83.4404,43.5663]],[[83.2615,43.4659],[83.2489,43.4653],[83.2288,43.4614],[83.2265,43.4593],[83.2175,43.4568],[83.2067,43.4691],[83.1999,43.4755],[83.1988,43.4875],[83.2034,43.4905],[83.206,43.5024],[83.1999,43.5093],[83.1922,43.5154],[83.1933,43.5188],[83.1843,43.5323],[83.1852,43.535],[83.1951,43.5372],[83.2037,43.5357],[83.206,43.5333],[83.2141,43.5358],[83.2178,43.5265],[83.228,43.5245],[83.247,43.524],[83.251,43.5252],[83.2563,43.5195],[83.2643,43.5198],[83.2692,43.5166],[83.2778,43.5186],[83.2782,43.5136],[83.2849,43.5088],[83.2879,43.5114],[83.2929,43.5105],[83.2938,43.5161],[83.2995,43.5136],[83.3124,43.5147],[83.3105,43.5097],[83.3131,43.5061],[83.3183,43.5042],[83.3217,43.5003],[83.3277,43.4973],[83.332,43.4981],[83.3384,43.4957],[83.3437,43.4914],[83.3529,43.4905],[83.3538,43.4862],[83.3598,43.4767],[83.3607,43.4724],[83.3685,43.4688],[83.3708,43.4659],[83.3718,43.4584],[83.3672,43.4531],[83.3607,43.4519],[83.3336,43.4372],[83.3331,43.438],[83.3068,43.4561],[83.2876,43.4635],[83.2774,43.4653],[83.2615,43.4659]],[[82.5613,43.516],[82.5747,43.5132],[82.5758,43.5152],[82.5863,43.5126],[82.5878,43.5092],[82.5797,43.5007],[82.6069,43.489],[82.6045,43.4857],[82.6308,43.4744],[82.6164,43.4575],[82.6062,43.4598],[82.6093,43.4688],[82.6061,43.4728],[82.5891,43.4808],[82.5687,43.4894],[82.5796,43.5006],[82.5538,43.5074],[82.5521,43.5045],[82.5386,43.5111],[82.5429,43.5188],[82.5613,43.516]],[[82.7406,43.4273],[82.792,43.4234],[82.7946,43.4196],[82.8025,43.4202],[82.7991,43.4147],[82.7999,43.4113],[82.7957,43.4076],[82.7943,43.4029],[82.7879,43.402],[82.7859,43.4041],[82.7782,43.4054],[82.7754,43.4087],[82.7665,43.4085],[82.7534,43.4104],[82.7401,43.4151],[82.736,43.4138],[82.7315,43.4059],[82.7252,43.4058],[82.7231,43.4099],[82.7187,43.4102],[82.7134,43.4134],[82.6984,43.4024],[82.693,43.394],[82.6875,43.389],[82.6795,43.3897],[82.6726,43.3887],[82.6695,43.3838],[82.6593,43.386],[82.6671,43.3945],[82.6743,43.3986],[82.6889,43.4105],[82.6947,43.4171],[82.6953,43.4249],[82.6977,43.4301],[82.7278,43.4287],[82.7406,43.4273]],[[83.2584,43.2502],[83.2712,43.244],[83.2829,43.243],[83.2865,43.2407],[83.2996,43.2422],[83.3119,43.2382],[83.3076,43.2304],[83.3032,43.2355],[83.2644,43.2385],[83.2606,43.2403],[83.2496,43.2422],[83.2537,43.2491],[83.2584,43.2502]],[[83.3702,43.2167],[83.355,43.2095],[83.3482,43.2096],[83.343,43.2185],[83.3489,43.2183],[83.3695,43.2212],[83.3702,43.2167]],[[83.2284,43.2602],[83.2334,43.2599],[83.2345,43.2554],[83.2235,43.2529],[83.2152,43.2533],[83.2084,43.2511],[83.2027,43.2537],[83.2013,43.26],[83.2234,43.2631],[83.2284,43.2602]],[[83.1309,43.2962],[83.1302,43.2933],[83.1327,43.2825],[83.1261,43.2817],[83.1141,43.2885],[83.1103,43.2947],[83.1171,43.2961],[83.1309,43.2962]],[[83.0097,43.2929],[83.0142,43.2916],[83.0185,43.2848],[83.0138,43.2701],[83.0098,43.2679],[83.0027,43.2694],[83.0017,43.2768],[83.0024,43.2865],[82.9996,43.2953],[83.006,43.295],[83.0097,43.2929]],[[82.8755,43.2984],[82.8883,43.2906],[82.8945,43.2922],[82.899,43.2852],[82.9056,43.2828],[82.9007,43.2745],[82.8809,43.2749],[82.874,43.2743],[82.868,43.2765],[82.8668,43.2796],[82.8734,43.298],[82.8755,43.2984]],[[82.7782,43.288],[82.7868,43.2836],[82.781,43.2728],[82.7685,43.2763],[82.7719,43.285],[82.7782,43.288]]]},"properties":{"region_code":"CN-65-6540-654025","parent_region_code":"CN-65-6540","name":"新源县","level":"county","has_children":false,"full_path":"中国 / 新疆维吾尔自治区 / 伊犁哈萨克自治州 / 新源县","source_admin_code":"654025","osm_relation_id":2751496}},
{"type":"Feature","geometry":{"type":"Polygon","coordinates":[[[80.9117,43.2945],[80.908,43.2934],[80.8968,43.2945],[80.8878,43.2932],[80.8827,43.2966],[80.874,43.2922],[80.8711,43.2942],[80.8638,43.2949],[80.8573,43.2874],[80.8503,43.2909],[80.8439,43.2868],[80.838,43.2884],[80.8354,43.2831],[80.8302,43.2777],[80.8356,43.2706],[80.837,43.2594],[80.8404,43.2551],[80.8287,43.2471],[80.8169,43.2431],[80.81,43.2359],[80.8061,43.23],[80.8044,43.2235],[80.8056,43.2192],[80.8108,43.2101],[80.8189,43.203],[80.8225,43.1966],[80.8293,43.1937],[80.8324,43.1857],[80.8352,43.1842],[80.8393,43.1754],[80.8464,43.1653],[80.8492,43.1594],[80.8572,43.1467],[80.861,43.1452],[80.8653,43.1369],[80.8695,43.1328],[80.8756,43.1218],[80.8794,43.1195],[80.8824,43.1112],[80.889,43.0998],[80.9017,43.0839],[80.917,43.0522],[80.9354,43.0399],[80.9428,43.0388],[80.9484,43.029],[80.9549,43.0244],[80.961,43.0221],[80.9672,43.0145],[80.9553,43.0103],[80.9575,43.0039],[80.9662,42.9953],[80.968,42.9895],[80.9709,42.9885],[80.9603,42.9631],[80.9591,42.9565],[80.9627,42.9515],[80.9557,42.9485],[80.9477,42.9474],[80.9396,42.9531],[80.9258,42.95],[80.9187,42.9432],[80.919,42.9387],[80.9128,42.9346],[80.9124,42.9262],[80.9063,42.9218],[80.8981,42.9259],[80.8931,42.9229],[80.8901,42.926],[80.8921,42.9298],[80.8848,42.9314],[80.8824,42.9392],[80.8721,42.9425],[80.8674,42.9409],[80.8647,42.935],[80.8576,42.9342],[80.8525,42.9362],[80.8493,42.9339],[80.8407,42.9353],[80.831,42.9335],[80.8281,42.938],[80.8229,42.9384],[80.8207,42.9306],[80.8165,42.9291],[80.8115,42.9333],[80.8022,42.927],[80.7969,42.9329],[80.7881,42.9237],[80.7762,42.9235],[80.7707,42.926],[80.7642,42.9222],[80.7564,42.9231],[80.7538,42.9191],[80.7432,42.9181],[80.7441,42.9115],[80.74,42.9098],[80.7365,42.9129],[80.7316,42.9124],[80.7291,42.908],[80.725,42.9085],[80.7262,42.914],[80.7218,42.9165],[80.7108,42.9144],[80.7079,42.9101],[80.6987,42.9128],[80.6893,42.9092],[80.6885,42.9047],[80.6717,42.902],[80.664,42.8978],[80.6551,42.8977],[80.6425,42.9014],[80.6391,42.8975],[80.6462,42.8938],[80.6465,42.8861],[80.6406,42.8886],[80.6358,42.8846],[80.6228,42.8869],[80.6242,42.8934],[80.6187,42.8955],[80.6158,42.8912],[80.6114,42.8947],[80.6017,42.8957],[80.6,42.892],[80.5894,42.8924],[80.5844,42.8964],[80.5712,42.895],[80.5709,42.892],[80.5612,42.8867],[80.5529,42.8864],[80.5526,42.8808],[80.5491,42.8789],[80.5467,42.8848],[80.5419,42.8859],[80.5399,42.8814],[80.5282,42.8829],[80.5272,42.878],[80.5096,42.878],[80.5038,42.8811],[80.4974,42.878],[80.5003,42.8726],[80.4971,42.865],[80.4989,42.8629],[80.4925,42.8597],[80.4904,42.8627],[80.4812,42.8594],[80.4829,42.8567],[80.4758,42.8485],[80.4683,42.8472],[80.4556,42.8421],[80.4509,42.836],[80.4603,42.8328],[80.4599,42.8294],[80.4556,42.8248],[80.4407,42.823],[80.4416,42.8196],[80.4237,42.818],[80.4172,42.8141],[80.4131,42.805],[80.4046,42.8046],[80.4065,42.8004],[80.4041,42.7978],[80.3926,42.7926],[80.3885,42.7935],[80.3831,42.7868],[80.3678,42.7806],[80.3651,42.7768],[80.3608,42.7799],[80.3507,42.7737],[80.3508,42.7703],[80.3441,42.7647],[80.3293,42.7621],[80.3151,42.7568],[80.3064,42.7545],[80.2989,42.7494],[80.2954,42.742],[80.2912,42.7394],[80.284,42.7307],[80.2818,42.7244],[80.2817,42.7176],[80.2758,42.7004],[80.2769,42.6935],[80.2796,42.6899],[80.2803,42.6819],[80.2787,42.6767],[80.2839,42.665],[80.283,42.6554],[80.2851,42.6506],[80.2819,42.6472],[80.2704,42.6446],[80.2633,42.6473],[80.2592,42.6447],[80.2513,42.6333],[80.2466,42.6222],[80.2464,42.6139],[80.2446,42.6103],[80.2337,42.6078],[80.2286,42.6056],[80.2252,42.5998],[80.2281,42.5952],[80.2282,42.5903],[80.2315,42.5872],[80.2326,42.5743],[80.2404,42.5756],[80.2346,42.5662],[80.2287,42.5626],[80.2264,42.5581],[80.2372,42.5551],[80.2437,42.5501],[80.2437,42.5452],[80.2407,42.5421],[80.2452,42.5344],[80.2579,42.5268],[80.2732,42.5227],[80.2762,42.5193],[80.2766,42.5138],[80.2711,42.5121],[80.2719,42.5079],[80.2668,42.5032],[80.2579,42.4987],[80.2528,42.4977],[80.2482,42.4926],[80.241,42.4899],[80.2352,42.491],[80.2283,42.4878],[80.2189,42.4805],[80.2168,42.4727],[80.2077,42.4699],[80.2089,42.464],[80.2081,42.4568],[80.2129,42.4533],[80.2132,42.4499],[80.2096,42.4445],[80.2107,42.4381],[80.2045,42.4287],[80.2148,42.4237],[80.2142,42.4125],[80.2256,42.4094],[80.2329,42.4043],[80.2311,42.399],[80.2274,42.3975],[80.2306,42.392],[80.2352,42.3921],[80.2391,42.3877],[80.2377,42.3801],[80.2313,42.3718],[80.2264,42.3674],[80.2285,42.3633],[80.2263,42.3583],[80.2296,42.3568],[80.2324,42.3487],[80.2365,42.3476],[80.2376,42.3405],[80.2476,42.3415],[80.2511,42.3357],[80.2636,42.3284],[80.2794,42.3236],[80.2841,42.3183],[80.289,42.3157],[80.2955,42.3163],[80.301,42.315],[80.3127,42.315],[80.32,42.3129],[80.323,42.3178],[80.3291,42.3201],[80.3413,42.3197],[80.3463,42.3172],[80.352,42.3176],[80.3574,42.3232],[80.3682,42.3266],[80.3772,42.3246],[80.3859,42.3193],[80.3926,42.3181],[80.3954,42.3119],[80.4061,42.3083],[80.4126,42.3044],[80.4171,42.3062],[80.4317,42.3053],[80.4338,42.3075],[80.434,42.3183],[80.4366,42.3198],[80.4532,42.3198],[80.4625,42.321],[80.4715,42.3199],[80.4714,42.325],[80.4752,42.3283],[80.4795,42.3386],[80.4856,42.3423],[80.4944,42.3416],[80.5011,42.346],[80.5171,42.3508],[80.5228,42.3589],[80.5296,42.3601],[80.5461,42.3615],[80.5538,42.3636],[80.5599,42.3631],[80.571,42.3668],[80.5786,42.3638],[80.5825,42.3654],[80.5924,42.3651],[80.6007,42.3631],[80.6064,42.3593],[80.6131,42.3604],[80.6212,42.3555],[80.6279,42.3532],[80.639,42.3612],[80.6454,42.3642],[80.6592,42.3641],[80.6652,42.3625],[80.6695,42.3593],[80.6782,42.3572],[80.6904,42.3608],[80.7007,42.3609],[80.7067,42.3624],[80.7176,42.3602],[80.7257,42.357],[80.7402,42.3571],[80.7461,42.3623],[80.751,42.3603],[80.7592,42.3605],[80.765,42.3651],[80.7713,42.3674],[80.7742,42.3596],[80.7816,42.3565],[80.7879,42.3589],[80.8002,42.359],[80.8101,42.3549],[80.8234,42.355],[80.8267,42.3577],[80.8396,42.3503],[80.8489,42.3564],[80.8492,42.3601],[80.8644,42.3632],[80.8772,42.3597],[80.8878,42.3626],[80.8934,42.3684],[80.9078,42.3667],[80.9176,42.3629],[80.923,42.3565],[80.928,42.3607],[80.9356,42.3611],[80.9508,42.3591],[80.9607,42.361],[80.9631,42.37],[80.9733,42.3803],[80.9781,42.379],[80.9884,42.3786],[80.9944,42.3741],[80.9893,42.3685],[80.9944,42.3609],[81.0025,42.3569],[81.0031,42.3541],[81.0231,42.3419],[81.0234,42.3358],[81.0256,42.3304],[81.03,42.3257],[81.0318,42.3203],[81.038,42.3151],[81.0408,42.3099],[81.0396,42.3031],[81.0348,42.3008],[81.0433,42.285],[81.0458,42.2837],[81.0671,42.2872],[81.074,42.2876],[81.0782,42.2898],[81.0927,42.2905],[81.117,42.2828],[81.1273,42.2767],[81.1303,42.2712],[81.129,42.2682],[81.1307,42.2616],[81.1369,42.2591],[81.1424,42.2607],[81.1529,42.2579],[81.157,42.2653],[81.1562,42.2716],[81.1645,42.2755],[81.1653,42.2811],[81.163,42.2864],[81.15,42.289],[81.1501,42.2932],[81.1533,42.297],[81.1499,42.3042],[81.1546,42.3093],[81.1498,42.3165],[81.1495,42.3222],[81.1568,42.3239],[81.1676,42.3249],[81.1791,42.3238],[81.1815,42.333],[81.1936,42.3434],[81.1989,42.339],[81.2045,42.34],[81.2191,42.3398],[81.2373,42.3412],[81.2425,42.3427],[81.2572,42.3414],[81.2611,42.3434],[81.2688,42.3422],[81.2707,42.3387],[81.2811,42.336],[81.2819,42.3327],[81.2966,42.3405],[81.3045,42.3408],[81.3129,42.3503],[81.3124,42.3568],[81.3177,42.3576],[81.3241,42.3533],[81.3253,42.3506],[81.3335,42.3481],[81.3464,42.3374],[81.3483,42.3335],[81.3566,42.3358],[81.3587,42.3326],[81.3759,42.3372],[81.3787,42.3479],[81.3832,42.3542],[81.3899,42.3514],[81.4017,42.3517],[81.4095,42.3556],[81.4189,42.3552],[81.4202,42.3588],[81.4329,42.3568],[81.4344,42.3592],[81.4431,42.3584],[81.4508,42.3607],[81.4586,42.3606],[81.4612,42.363],[81.4604,42.369],[81.4629,42.3708],[81.4695,42.37],[81.4777,42.3587],[81.4891,42.3583],[81.4913,42.3552],[81.5086,42.3544],[81.5123,42.3576],[81.5208,42.3594],[81.5232,42.3616],[81.5303,42.3604],[81.5431,42.3624],[81.5525,42.3618],[81.5623,42.3673],[81.5713,42.3666],[81.5758,42.3731],[81.5842,42.3759],[81.5892,42.3736],[81.5966,42.3734],[81.6071,42.3707],[81.6304,42.3753],[81.6302,42.378],[81.6348,42.3844],[81.6416,42.3856],[81.6455,42.3894],[81.6522,42.3921],[81.6602,42.3923],[81.667,42.3854],[81.6701,42.3843],[81.673,42.3746],[81.6696,42.3704],[81.6775,42.3683],[81.682,42.3719],[81.6945,42.3719],[81.7021,42.3682],[81.7052,42.3711],[81.716,42.37],[81.7169,42.366],[81.7218,42.3632],[81.7237,42.3586],[81.7315,42.3585],[81.7355,42.3615],[81.7482,42.3655],[81.7527,42.3736],[81.7623,42.3753],[81.7631,42.3789],[81.7693,42.3808],[81.7676,42.389],[81.7769,42.3945],[81.7763,42.3987],[81.7841,42.4105],[81.7884,42.4127],[81.7905,42.4182],[81.7963,42.419],[81.8049,42.4262],[81.8018,42.4309],[81.8055,42.4384],[81.7943,42.45],[81.7816,42.4687],[81.7776,42.4734],[81.7698,42.478],[81.7604,42.4818],[81.7501,42.4897],[81.7516,42.4954],[81.7624,42.5003],[81.7669,42.5117],[81.7674,42.5234],[81.7719,42.5298],[81.78,42.529],[81.8017,42.5291],[81.8121,42.5369],[81.8201,42.5457],[81.8248,42.5532],[81.8384,42.5652],[81.8532,42.5709],[81.8589,42.5741],[81.8638,42.5815],[81.8577,42.5893],[81.844,42.5984],[81.8348,42.6075],[81.8219,42.6336],[81.814,42.6418],[81.8035,42.6411],[81.7961,42.6381],[81.7825,42.6343],[81.7668,42.6366],[81.7513,42.6378],[81.7365,42.6379],[81.7145,42.6339],[81.7056,42.6338],[81.6927,42.6403],[81.6733,42.6352],[81.6637,42.6337],[81.6565,42.6362],[81.6484,42.6364],[81.6226,42.6338],[81.6093,42.642],[81.6012,42.6435],[81.5894,42.6435],[81.5786,42.6413],[81.5697,42.6344],[81.5614,42.6342],[81.5526,42.6374],[81.5305,42.6402],[81.516,42.638],[81.4984,42.6313],[81.4749,42.6231],[81.465,42.6237],[81.4584,42.6277],[81.4546,42.6325],[81.4431,42.6367],[81.4304,42.6357],[81.4142,42.6392],[81.3998,42.6475],[81.396,42.6537],[81.3971,42.6624],[81.4067,42.6773],[81.4088,42.6846],[81.3932,42.6998],[81.3903,42.7108],[81.393,42.7178],[81.4015,42.7268],[81.4137,42.7363],[81.4275,42.7453],[81.4389,42.7557],[81.4492,42.7672],[81.4585,42.7747],[81.4729,42.7904],[81.475,42.8086],[81.4661,42.8163],[81.4631,42.8251],[81.4548,42.8614],[81.4516,42.8901],[81.4494,42.9009],[81.45,42.9158],[81.4489,42.9304],[81.4511,42.9412],[81.4561,42.9564],[81.458,42.9672],[81.4585,42.978],[81.4611,42.9851],[81.4864,43.0017],[81.5041,43.0142],[81.5207,43.0221],[81.5798,43.0587],[81.6046,43.0708],[81.6277,43.0859],[81.6339,43.0916],[81.636,43.1016],[81.6365,43.1281],[81.6256,43.124],[81.6248,43.1324],[81.6084,43.1293],[81.6008,43.1464],[81.6018,43.1611],[81.5983,43.1653],[81.5868,43.1655],[81.5636,43.1594],[81.5551,43.1618],[81.5346,43.1825],[81.5068,43.2044],[81.4893,43.2157],[81.475,43.2295],[81.4697,43.2382],[81.4551,43.255],[81.4631,43.2633],[81.4635,43.2763],[81.4539,43.2786],[81.4295,43.2866],[81.4229,43.2935],[81.3938,43.2976],[81.3756,43.3079],[81.3466,43.3082],[81.3343,43.3203],[81.3265,43.3441],[81.3243,43.362],[81.317,43.3888],[81.3213,43.3947],[81.3145,43.3954],[81.3007,43.3852],[81.2964,43.3857],[81.2859,43.3756],[81.2784,43.3753],[81.2664,43.3811],[81.2406,43.3795],[81.2335,43.3771],[81.224,43.3672],[81.2149,43.3646],[81.2064,43.365],[81.1912,43.3746],[81.1839,43.3773],[81.1773,43.3781],[81.1658,43.3744],[81.1523,43.3728],[81.1373,43.3738],[81.1305,43.3786],[81.1235,43.3803],[81.1205,43.3839],[81.116,43.3843],[81.1065,43.3812],[81.1039,43.3789],[81.0948,43.3829],[81.0867,43.3802],[81.0749,43.3808],[81.0682,43.3795],[81.0627,43.3818],[81.0516,43.381],[81.0413,43.3772],[81.0405,43.3698],[81.0364,43.3644],[81.0388,43.3618],[81.0383,43.3527],[81.0285,43.3428],[81.0315,43.3365],[81.0229,43.3328],[81.0184,43.3287],[81.0168,43.3222],[81.0184,43.3162],[81.0146,43.3114],[80.9992,43.3021],[80.9876,43.2994],[80.969,43.3045],[80.9593,43.3052],[80.9509,43.3038],[80.9418,43.3007],[80.9117,43.2945]],[[80.6328,42.7128],[80.5865,42.7976],[80.5955,42.8028],[80.609,42.8045],[80.6293,42.8045],[80.6419,42.8061],[80.6533,42.8061],[80.664,42.809],[80.668,42.8015],[80.6775,42.7889],[80.6931,42.7759],[80.7072,42.7562],[80.7084,42.7446],[80.7149,42.7273],[80.7102,42.7249],[80.6928,42.7181],[80.6492,42.6919],[80.6389,42.7019],[80.6284,42.7068],[80.6328,42.7128]]]},"properties":{"region_code":"CN-65-6540-654026","parent_region_code":"CN-65-6540","name":"昭苏县","level":"county","has_children":false,"full_path":"中国 / 新疆维吾尔自治区 / 伊犁哈萨克自治州 / 昭苏县","source_admin_code":"654026","osm_relation_id":2751499}},
{"type":"Feature","geometry":{"type":"Polygon","coordinates":[[[81.3213,43.3947],[81.317,43.3888],[81.3243,43.362],[81.3265,43.3441],[81.3343,43.3203],[81.3466,43.3082],[81.3756,43.3079],[81.3938,43.2976],[81.4229,43.2935],[81.4295,43.2866],[81.4539,43.2786],[81.4635,43.2763],[81.4631,43.2633],[81.4551,43.255],[81.4697,43.2382],[81.475,43.2295],[81.4893,43.2157],[81.5068,43.2044],[81.5346,43.1825],[81.5551,43.1618],[81.5636,43.1594],[81.5868,43.1655],[81.5983,43.1653],[81.6018,43.1611],[81.6008,43.1464],[81.6084,43.1293],[81.6248,43.1324],[81.6256,43.124],[81.6365,43.1281],[81.636,43.1016],[81.6339,43.0916],[81.6277,43.0859],[81.6046,43.0708],[81.5798,43.0587],[81.5207,43.0221],[81.5041,43.0142],[81.4864,43.0017],[81.4611,42.9851],[81.4585,42.978],[81.458,42.9672],[81.4561,42.9564],[81.4511,42.9412],[81.4489,42.9304],[81.45,42.9158],[81.4494,42.9009],[81.4516,42.8901],[81.4548,42.8614],[81.4631,42.8251],[81.4661,42.8163],[81.475,42.8086],[81.4729,42.7904],[81.4585,42.7747],[81.4492,42.7672],[81.4389,42.7557],[81.4275,42.7453],[81.4137,42.7363],[81.4015,42.7268],[81.393,42.7178],[81.3903,42.7108],[81.3932,42.6998],[81.4088,42.6846],[81.4067,42.6773],[81.3971,42.6624],[81.396,42.6537],[81.3998,42.6475],[81.4142,42.6392],[81.4304,42.6357],[81.4431,42.6367],[81.4546,42.6325],[81.4584,42.6277],[81.465,42.6237],[81.4749,42.6231],[81.4984,42.6313],[81.516,42.638],[81.5305,42.6402],[81.5526,42.6374],[81.5614,42.6342],[81.5697,42.6344],[81.5786,42.6413],[81.5894,42.6435],[81.6012,42.6435],[81.6093,42.642],[81.6226,42.6338],[81.6484,42.6364],[81.6565,42.6362],[81.6637,42.6337],[81.6733,42.6352],[81.6927,42.6403],[81.7056,42.6338],[81.7145,42.6339],[81.7365,42.6379],[81.7513,42.6378],[81.7668,42.6366],[81.7825,42.6343],[81.7961,42.6381],[81.8035,42.6411],[81.814,42.6418],[81.8219,42.6336],[81.8348,42.6075],[81.844,42.5984],[81.8577,42.5893],[81.8638,42.5815],[81.8589,42.5741],[81.8532,42.5709],[81.8384,42.5652],[81.8248,42.5532],[81.8201,42.5457],[81.8121,42.5369],[81.8017,42.5291],[81.78,42.529],[81.7719,42.5298],[81.7674,42.5234],[81.7669,42.5117],[81.7624,42.5003],[81.7516,42.4954],[81.7501,42.4897],[81.7604,42.4818],[81.7698,42.478],[81.7776,42.4734],[81.7816,42.4687],[81.7943,42.45],[81.8055,42.4384],[81.8018,42.4309],[81.8049,42.4262],[81.7963,42.419],[81.7905,42.4182],[81.7884,42.4127],[81.7895,42.4076],[81.7926,42.4048],[81.7993,42.403],[81.8048,42.399],[81.8128,42.3977],[81.8178,42.392],[81.8175,42.386],[81.8206,42.3818],[81.8341,42.3773],[81.839,42.3795],[81.8477,42.3761],[81.8561,42.3755],[81.8636,42.3811],[81.8599,42.3907],[81.8676,42.3937],[81.8665,42.3975],[81.8619,42.4014],[81.8653,42.4105],[81.8709,42.4082],[81.8812,42.4072],[81.8905,42.405],[81.897,42.4054],[81.9023,42.4017],[81.9223,42.4062],[81.9322,42.4045],[81.9353,42.4002],[81.9488,42.3999],[81.9596,42.4089],[81.9753,42.4139],[81.9855,42.426],[81.9945,42.4231],[82.0028,42.4241],[82.0154,42.424],[82.0232,42.4223],[82.0312,42.4228],[82.0419,42.4195],[82.0436,42.4175],[82.0579,42.4162],[82.0682,42.4192],[82.0685,42.43],[82.0725,42.4336],[82.087,42.4394],[82.0942,42.436],[82.1068,42.4319],[82.1147,42.4311],[82.1301,42.4365],[82.1319,42.4419],[82.1297,42.4446],[82.1364,42.4483],[82.1327,42.4517],[82.1308,42.4573],[82.1353,42.4601],[82.1367,42.4643],[82.133,42.477],[82.1346,42.4884],[82.1469,42.4863],[82.1521,42.4831],[82.1576,42.4759],[82.1673,42.4762],[82.176,42.4717],[82.1933,42.4663],[82.1923,42.4795],[82.2036,42.4828],[82.2125,42.4834],[82.2145,42.4911],[82.226,42.4913],[82.2273,42.4969],[82.2179,42.5083],[82.2141,42.5097],[82.2129,42.5153],[82.213,42.5243],[82.2172,42.5274],[82.2201,42.5336],[82.2136,42.5379],[82.2169,42.5401],[82.2185,42.5475],[82.2172,42.5498],[82.2232,42.5565],[82.2212,42.5614],[82.2217,42.5675],[82.2139,42.5708],[82.2138,42.5749],[82.2096,42.5833],[82.2045,42.5869],[82.2039,42.5902],[82.2081,42.5964],[82.208,42.6005],[82.2178,42.6094],[82.2225,42.6122],[82.2283,42.6246],[82.2276,42.6279],[82.2199,42.6336],[82.2188,42.6374],[82.2212,42.641],[82.2195,42.6454],[82.2201,42.6508],[82.2106,42.6598],[82.2071,42.6659],[82.2089,42.6695],[82.2042,42.6727],[82.2014,42.6789],[82.2194,42.6789],[82.228,42.6751],[82.2321,42.6795],[82.2386,42.6804],[82.2379,42.6756],[82.2418,42.6694],[82.2564,42.6758],[82.2635,42.6718],[82.2682,42.666],[82.2775,42.6661],[82.2854,42.6623],[82.2934,42.6661],[82.2951,42.6564],[82.2937,42.6502],[82.2974,42.6461],[82.3149,42.64],[82.3164,42.6372],[82.3272,42.6309],[82.3331,42.6303],[82.3393,42.6255],[82.3353,42.6211],[82.3349,42.6115],[82.3519,42.6008],[82.3571,42.593],[82.3556,42.5893],[82.3597,42.5863],[82.3598,42.5822],[82.3567,42.573],[82.3588,42.5669],[82.3647,42.5626],[82.3647,42.5542],[82.3691,42.5494],[82.3676,42.5442],[82.3748,42.5419],[82.3838,42.5451],[82.3889,42.5456],[82.3981,42.5524],[82.4073,42.5497],[82.4208,42.5337],[82.4306,42.5328],[82.4378,42.5341],[82.4407,42.5417],[82.4503,42.5466],[82.4553,42.5434],[82.4635,42.5457],[82.4665,42.5487],[82.474,42.5467],[82.4859,42.5473],[82.4912,42.5463],[82.5048,42.5473],[82.5109,42.5447],[82.5187,42.5499],[82.5232,42.5507],[82.528,42.5456],[82.5459,42.5416],[82.5532,42.5517],[82.561,42.5523],[82.5689,42.5505],[82.5753,42.5524],[82.5785,42.5454],[82.5903,42.5432],[82.5946,42.5442],[82.5946,42.5493],[82.5973,42.5523],[82.6044,42.5543],[82.6105,42.5534],[82.618,42.5584],[82.6166,42.5626],[82.6187,42.5712],[82.6249,42.5748],[82.6293,42.5823],[82.6281,42.5873],[82.6234,42.5925],[82.6292,42.596],[82.6296,42.5998],[82.6227,42.6054],[82.6173,42.6164],[82.6176,42.6212],[82.626,42.6262],[82.6283,42.6341],[82.6276,42.6432],[82.6324,42.6493],[82.625,42.6543],[82.6245,42.6675],[82.621,42.6722],[82.6123,42.6722],[82.6075,42.6758],[82.6094,42.6844],[82.6027,42.6932],[82.6022,42.6994],[82.5981,42.7088],[82.5991,42.7149],[82.5965,42.7186],[82.5827,42.7267],[82.5758,42.7338],[82.5688,42.7362],[82.5727,42.741],[82.5657,42.7487],[82.5518,42.7526],[82.5442,42.7565],[82.5425,42.7594],[82.5435,42.7708],[82.5281,42.7789],[82.5242,42.7797],[82.5127,42.7922],[82.5043,42.7982],[82.4979,42.8005],[82.4917,42.8005],[82.4856,42.798],[82.4771,42.7993],[82.471,42.809],[82.471,42.8212],[82.4673,42.8334],[82.4673,42.8419],[82.471,42.848],[82.482,42.8577],[82.4992,42.8589],[82.51,42.8573],[82.5173,42.8615],[82.5198,42.8662],[82.5205,42.8763],[82.5154,42.8859],[82.5166,42.8927],[82.5265,42.8997],[82.5418,42.9004],[82.5538,42.8963],[82.5647,42.8907],[82.5742,42.8844],[82.5922,42.8827],[82.5997,42.887],[82.6106,42.883],[82.6289,42.8786],[82.6352,42.8798],[82.6444,42.8788],[82.6472,42.886],[82.645,42.9038],[82.6472,42.9118],[82.6448,42.9179],[82.6507,42.9308],[82.6333,42.9292],[82.6228,42.93],[82.6223,42.9183],[82.6197,42.9045],[82.5927,42.9189],[82.5784,42.9298],[82.5721,42.9436],[82.5714,42.9576],[82.5699,42.9685],[82.5589,42.9723],[82.5587,42.9792],[82.5567,42.9872],[82.5469,43.006],[82.5406,43.0197],[82.5246,43.0289],[82.5137,43.0336],[82.4991,43.0361],[82.4849,43.0582],[82.483,43.0709],[82.4804,43.0754],[82.4772,43.0935],[82.4646,43.1141],[82.4597,43.1193],[82.4679,43.1311],[82.4648,43.146],[82.4631,43.1645],[82.4838,43.1695],[82.4858,43.1776],[82.4696,43.1782],[82.4616,43.1918],[82.4636,43.2102],[82.468,43.2244],[82.4724,43.242],[82.4721,43.2518],[82.486,43.2559],[82.4848,43.2719],[82.4829,43.2886],[82.4648,43.3045],[82.4609,43.3182],[82.4523,43.3275],[82.4359,43.3187],[82.4282,43.3134],[82.4226,43.3162],[82.4087,43.3203],[82.3861,43.3218],[82.3679,43.3193],[82.3441,43.314],[82.3275,43.3087],[82.3096,43.3151],[82.2977,43.3183],[82.281,43.3208],[82.2582,43.3198],[82.2456,43.3175],[82.2124,43.3069],[82.198,43.3078],[82.1905,43.3126],[82.1826,43.3196],[82.1681,43.3239],[82.149,43.328],[82.132,43.3293],[82.1189,43.3295],[82.1098,43.3253],[82.091,43.3202],[82.0675,43.3238],[82.0468,43.318],[82.0302,43.3232],[82.0217,43.3213],[82.0111,43.314],[81.9939,43.3091],[81.9801,43.3091],[81.9506,43.3134],[81.9308,43.3152],[81.8979,43.3146],[81.8742,43.3187],[81.8668,43.3221],[81.861,43.3227],[81.8421,43.3317],[81.8301,43.3358],[81.8269,43.3412],[81.8245,43.3497],[81.8178,43.3572],[81.8053,43.3675],[81.8054,43.3709],[81.7896,43.3702],[81.7796,43.3708],[81.7687,43.3703],[81.751,43.3705],[81.741,43.3712],[81.7134,43.3788],[81.6998,43.3833],[81.677,43.3928],[81.6672,43.3947],[81.6609,43.3916],[81.6601,43.3887],[81.6503,43.3832],[81.6408,43.3884],[81.6367,43.3842],[81.6284,43.3856],[81.6203,43.3847],[81.6115,43.3869],[81.6042,43.3776],[81.5973,43.3808],[81.5917,43.3919],[81.5897,43.3987],[81.5907,43.4018],[81.5869,43.4031],[81.5881,43.4089],[81.5748,43.4108],[81.5668,43.4097],[81.5612,43.4118],[81.5597,43.4159],[81.5496,43.4212],[81.5477,43.4232],[81.5393,43.4179],[81.5344,43.4183],[81.5216,43.4155],[81.4999,43.4128],[81.4925,43.4088],[81.4771,43.4064],[81.4652,43.407],[81.4567,43.4058],[81.4465,43.3945],[81.4376,43.3948],[81.4308,43.4001],[81.4235,43.4032],[81.4159,43.4031],[81.4044,43.401],[81.3972,43.3959],[81.3886,43.3857],[81.3758,43.384],[81.3526,43.3928],[81.3398,43.3966],[81.3361,43.3938],[81.3283,43.3953],[81.3213,43.3947]],[[81.8682,43.1833],[81.8658,43.1892],[81.869,43.1947],[81.8657,43.1991],[81.8719,43.2044],[81.8795,43.203],[81.8931,43.2076],[81.9042,43.2152],[81.91,43.217],[81.914,43.2214],[81.9177,43.2209],[81.924,43.2246],[81.9349,43.2251],[81.9452,43.2284],[81.9524,43.2286],[81.9554,43.2237],[81.952,43.2214],[81.9482,43.214],[81.9402,43.2054],[81.932,43.2002],[81.9213,43.192],[81.9159,43.1911],[81.9112,43.1874],[81.912,43.1803],[81.907,43.178],[81.9005,43.1783],[81.8965,43.1748],[81.8981,43.1653],[81.8908,43.1566],[81.8842,43.1696],[81.8741,43.1732],[81.8682,43.1833]],[[81.9215,42.9258],[81.9384,42.9194],[81.9446,42.8982],[81.9476,42.8953],[81.9509,42.8853],[81.9571,42.8857],[81.9661,42.8818],[81.963,42.8724],[81.9561,42.8691],[81.9498,42.8636],[81.954,42.857],[81.9491,42.8478],[81.952,42.8431],[81.9396,42.8347],[81.9321,42.8256],[81.9343,42.8158],[81.9315,42.8084],[81.9287,42.8062],[81.9162,42.8087],[81.9101,42.8077],[81.9028,42.8043],[81.8953,42.8051],[81.8941,42.808],[81.9014,42.812],[81.8971,42.8169],[81.898,42.8284],[81.8965,42.835],[81.8984,42.8416],[81.8949,42.8476],[81.8954,42.8531],[81.902,42.8583],[81.8996,42.861],[81.9,42.8686],[81.8941,42.8738],[81.9022,42.8814],[81.9033,42.8845],[81.9017,42.896],[81.9068,42.8977],[81.9142,42.9033],[81.9116,42.9082],[81.9044,42.9116],[81.9095,42.9147],[81.9114,42.9196],[81.9173,42.9188],[81.9215,42.9258]],[[81.999,42.8231],[81.9994,42.825],[81.9956,42.839],[81.9891,42.841],[81.9828,42.8468],[81.9837,42.8561],[81.9873,42.8591],[81.9964,42.8757],[81.9991,42.8943],[81.993,42.9013],[81.9904,42.9093],[81.9907,42.9162],[81.9843,42.9207],[81.9779,42.9271],[81.9766,42.9342],[81.9713,42.9389],[81.9691,42.9438],[81.9691,42.9529],[81.9651,42.9556],[81.9606,42.9639],[81.9608,42.9667],[81.9507,42.9849],[81.9495,42.9942],[81.9269,43.026],[81.9272,43.031],[81.9217,43.0381],[81.9019,43.0546],[81.9,43.0589],[81.8914,43.0678],[81.8919,43.0744],[81.9025,43.0701],[81.9196,43.0569],[81.9259,43.055],[81.9324,43.0453],[81.9428,43.0371],[81.9502,43.034],[81.9656,43.0324],[81.9757,43.0281],[81.9783,43.0207],[81.9888,43.0095],[81.9947,43.0049],[81.9992,42.9944],[82.0044,42.993],[82.0052,42.9785],[82.0186,42.9665],[82.0238,42.9643],[82.0255,42.9567],[82.03,42.9497],[82.0363,42.9478],[82.0544,42.9294],[82.0626,42.9249],[82.0676,42.9171],[82.0752,42.9119],[82.0795,42.911],[82.0896,42.904],[82.0938,42.8939],[82.1027,42.8906],[82.1003,42.88],[82.1014,42.8695],[82.1055,42.8599],[82.1198,42.8531],[82.126,42.8573],[82.1361,42.8568],[82.1426,42.859],[82.15,42.8451],[82.1567,42.845],[82.1609,42.8427],[82.1645,42.8354],[82.174,42.8336],[82.1721,42.8292],[82.1773,42.8277],[82.18,42.8244],[82.1752,42.8207],[82.1773,42.8184],[82.1845,42.8174],[82.1903,42.8138],[82.1843,42.8075],[82.1852,42.8031],[82.18,42.795],[82.173,42.7921],[82.1721,42.7861],[82.1608,42.7691],[82.1602,42.7616],[82.165,42.7573],[82.1762,42.753],[82.1902,42.7498],[82.2013,42.7509],[82.2073,42.7541],[82.2164,42.7509],[82.213,42.7443],[82.212,42.7366],[82.2076,42.7294],[82.2029,42.7257],[82.2013,42.7137],[82.1962,42.707],[82.1911,42.705],[82.1833,42.6989],[82.1833,42.6907],[82.1848,42.686],[82.1784,42.6804],[82.1673,42.6878],[82.164,42.6858],[82.1648,42.682],[82.1573,42.6826],[82.1502,42.6807],[82.141,42.6759],[82.1308,42.6774],[82.1255,42.6728],[82.1148,42.6741],[82.1108,42.6733],[82.1051,42.6767],[82.0986,42.672],[82.0866,42.6718],[82.0765,42.6639],[82.071,42.6787],[82.072,42.6826],[82.0694,42.6908],[82.0721,42.6986],[82.0694,42.7041],[82.0699,42.713],[82.0672,42.7207],[82.0594,42.7272],[82.0443,42.7261],[82.0288,42.7291],[82.0236,42.7318],[82.0069,42.7505],[82.004,42.7574],[81.9966,42.7631],[81.9977,42.7661],[82.0051,42.774],[82.0166,42.7796],[82.0227,42.7852],[82.0113,42.7968],[82.0155,42.806],[82.0097,42.8066],[82.0036,42.8124],[82.0042,42.8148],[81.999,42.8231]]]},"properties":{"region_code":"CN-65-6540-654027","parent_region_code":"CN-65-6540","name":"特克斯县","level":"county","has_children":false,"full_path":"中国 / 新疆维吾尔自治区 / 伊犁哈萨克自治州 / 特克斯县","source_admin_code":"654027","osm_relation_id":2751495}},
{"type":"Feature","geometry":{"type":"Polygon","coordinates":[[[82.1936,43.601],[82.1984,43.595],[82.2084,43.5918],[82.2182,43.5972],[82.2334,43.5961],[82.2401,43.5939],[82.2555,43.5989],[82.26,43.5993],[82.2717,43.5994],[82.2843,43.5943],[82.2881,43.5957],[82.2922,43.6012],[82.2969,43.6039],[82.3104,43.5991],[82.3203,43.5979],[82.3306,43.5988],[82.3533,43.6065],[82.3606,43.6062],[82.3725,43.6016],[82.3779,43.6013],[82.3908,43.6072],[82.3971,43.6084],[82.4172,43.6009],[82.4249,43.5971],[82.4322,43.5994],[82.4467,43.5987],[82.4507,43.595],[82.4555,43.5963],[82.4572,43.601],[82.476,43.5977],[82.4767,43.594],[82.488,43.5937],[82.4948,43.5963],[82.5057,43.5915],[82.5085,43.5885],[82.5324,43.5909],[82.5745,43.5918],[82.5853,43.5904],[82.6006,43.5869],[82.6032,43.5813],[82.6047,43.5715],[82.6037,43.5629],[82.6078,43.5608],[82.6173,43.5514],[82.6244,43.5462],[82.6322,43.5486],[82.6344,43.5517],[82.6447,43.5479],[82.6531,43.5377],[82.659,43.5322],[82.6729,43.5312],[82.6753,43.5259],[82.6744,43.5227],[82.6998,43.5166],[82.7027,43.5214],[82.7037,43.5287],[82.7103,43.5319],[82.7352,43.5302],[82.75,43.5307],[82.7613,43.5327],[82.7866,43.5403],[82.8024,43.5413],[82.823,43.5411],[82.8247,43.5369],[82.837,43.5298],[82.8391,43.522],[82.8576,43.514],[82.8647,43.5183],[82.8678,43.5131],[82.8711,43.513],[82.8899,43.5203],[82.8995,43.5215],[82.8977,43.5175],[82.9028,43.5126],[82.9004,43.5066],[82.9041,43.5023],[82.9127,43.5059],[82.9156,43.5049],[82.9232,43.5103],[82.932,43.5097],[82.9382,43.5067],[82.9424,43.511],[82.9523,43.5108],[82.9563,43.5089],[82.9612,43.5126],[82.9704,43.5135],[82.9771,43.5112],[82.9841,43.514],[82.9802,43.5193],[82.9966,43.5152],[82.9992,43.511],[83.0128,43.5131],[83.0141,43.5183],[83.0116,43.526],[83.0118,43.5456],[83.021,43.5455],[83.0201,43.5792],[83.0175,43.5892],[83.0198,43.5934],[83.0282,43.594],[83.0339,43.6083],[83.0378,43.6253],[83.0528,43.6258],[83.0498,43.6275],[83.0481,43.6335],[83.0509,43.6347],[83.0493,43.6398],[83.0509,43.6464],[83.0487,43.6504],[83.0501,43.6542],[83.0561,43.6612],[83.0562,43.6641],[83.0608,43.6746],[83.0546,43.6851],[83.0545,43.6873],[83.0481,43.6919],[83.0407,43.703],[83.0404,43.7078],[83.0371,43.7135],[83.0378,43.7188],[83.0427,43.7302],[83.0388,43.7383],[83.0399,43.7445],[83.0447,43.7548],[83.0594,43.7549],[83.0665,43.7468],[83.0698,43.7449],[83.0824,43.7445],[83.0847,43.746],[83.0955,43.7453],[83.0957,43.7418],[83.0929,43.7289],[83.0906,43.7272],[83.0918,43.7181],[83.091,43.7077],[83.0846,43.7033],[83.0952,43.6992],[83.0946,43.6891],[83.0966,43.6818],[83.1024,43.6765],[83.1038,43.6673],[83.102,43.6648],[83.1061,43.6662],[83.1102,43.6603],[83.1212,43.666],[83.1173,43.6743],[83.1251,43.676],[83.128,43.6786],[83.1379,43.6779],[83.1441,43.6788],[83.1566,43.6696],[83.1519,43.6622],[83.1621,43.6581],[83.1655,43.6543],[83.179,43.6494],[83.1913,43.6488],[83.1976,43.6454],[83.2075,43.6453],[83.2171,43.6402],[83.2257,43.6402],[83.2406,43.6483],[83.2516,43.65],[83.2637,43.6557],[83.2754,43.6627],[83.2844,43.674],[83.296,43.6804],[83.3012,43.6802],[83.3167,43.677],[83.3254,43.676],[83.3314,43.68],[83.3357,43.6796],[83.3393,43.6757],[83.3584,43.6777],[83.361,43.6824],[83.3679,43.6818],[83.3747,43.6766],[83.383,43.6797],[83.3844,43.6826],[83.3933,43.6879],[83.3958,43.6866],[83.4035,43.6747],[83.4008,43.6721],[83.4013,43.6635],[83.4039,43.6581],[83.4069,43.644],[83.4156,43.6317],[83.4196,43.6205],[83.4269,43.6179],[83.434,43.6194],[83.4353,43.6243],[83.4406,43.6273],[83.4482,43.6288],[83.4525,43.6332],[83.4602,43.637],[83.4653,43.6348],[83.4823,43.6323],[83.4989,43.635],[83.5125,43.6383],[83.5204,43.6391],[83.5292,43.6377],[83.537,43.6305],[83.5408,43.6238],[83.5475,43.6188],[83.556,43.6189],[83.5652,43.6259],[83.5688,43.6228],[83.5768,43.6247],[83.5878,43.6258],[83.5944,43.621],[83.6071,43.6213],[83.6084,43.6138],[83.6226,43.6099],[83.6416,43.611],[83.6419,43.6184],[83.6453,43.6233],[83.6508,43.6269],[83.6496,43.6372],[83.6562,43.6457],[83.6582,43.6514],[83.6535,43.6576],[83.6536,43.6636],[83.6569,43.6699],[83.656,43.6765],[83.6603,43.6832],[83.6582,43.6903],[83.644,43.6962],[83.6423,43.6981],[83.6925,43.6976],[83.695,43.6955],[83.6979,43.6884],[83.7079,43.674],[83.7082,43.6679],[83.7039,43.6628],[83.703,43.6571],[83.6994,43.6536],[83.6948,43.641],[83.6924,43.6309],[83.6837,43.6191],[83.6722,43.6157],[83.6743,43.6047],[83.6784,43.5965],[83.6977,43.5998],[83.7075,43.5988],[83.7137,43.5946],[83.718,43.5898],[83.724,43.5756],[83.7493,43.5667],[83.7578,43.5707],[83.7708,43.5686],[83.7898,43.5695],[83.794,43.5625],[83.8014,43.5575],[83.81,43.5471],[83.8159,43.5419],[83.8235,43.5404],[83.8423,43.54],[83.8575,43.541],[83.8624,43.5404],[83.8721,43.5359],[83.8842,43.5276],[83.8887,43.526],[83.9012,43.5268],[83.9098,43.5321],[83.9245,43.5397],[83.9359,43.5394],[83.9393,43.5358],[83.9445,43.5255],[83.9508,43.5216],[83.9603,43.5258],[83.9749,43.5284],[83.9965,43.5269],[84.0086,43.5344],[84.0283,43.5319],[84.0332,43.5247],[84.0329,43.5163],[84.0513,43.5167],[84.0606,43.5123],[84.0741,43.5102],[84.1047,43.518],[84.1185,43.5187],[84.1359,43.5181],[84.1549,43.5112],[84.166,43.5066],[84.1772,43.4954],[84.1869,43.4878],[84.1949,43.4866],[84.1999,43.4878],[84.2342,43.4891],[84.2901,43.4842],[84.3024,43.4851],[84.3255,43.4921],[84.338,43.4948],[84.3516,43.4941],[84.3583,43.4924],[84.3689,43.493],[84.3798,43.4942],[84.3811,43.4912],[84.3938,43.4821],[84.4053,43.4791],[84.4149,43.4806],[84.4242,43.4781],[84.427,43.4745],[84.4399,43.4707],[84.4459,43.4719],[84.4613,43.4595],[84.4805,43.4468],[84.493,43.4403],[84.5063,43.4357],[84.5241,43.4314],[84.5398,43.4311],[84.5665,43.4342],[84.6284,43.4387],[84.6333,43.4415],[84.6328,43.4487],[84.6303,43.4522],[84.6333,43.4581],[84.6406,43.4584],[84.6406,43.462],[84.6496,43.4668],[84.6515,43.4699],[84.6577,43.4704],[84.66,43.4758],[84.6556,43.4838],[84.6553,43.4874],[84.659,43.4898],[84.6645,43.4858],[84.6766,43.4843],[84.6848,43.4791],[84.69,43.4705],[84.6946,43.4701],[84.6973,43.4613],[84.7057,43.4578],[84.7136,43.4518],[84.739,43.4506],[84.7428,43.454],[84.75,43.4546],[84.752,43.4574],[84.7679,43.4549],[84.7692,43.4589],[84.7803,43.4604],[84.7849,43.4645],[84.7932,43.4637],[84.8033,43.4551],[84.8015,43.4509],[84.8082,43.4441],[84.8129,43.4425],[84.823,43.4418],[84.8319,43.4347],[84.8378,43.4331],[84.8478,43.433],[84.8542,43.4354],[84.86,43.4338],[84.8659,43.428],[84.8783,43.4289],[84.8829,43.4275],[84.8863,43.4207],[84.8989,43.4181],[84.9065,43.4191],[84.915,43.423],[84.922,43.424],[84.9271,43.4308],[84.9272,43.4349],[84.933,43.4376],[84.9362,43.4422],[84.9346,43.4445],[84.9417,43.4563],[84.9447,43.4638],[84.9433,43.4693],[84.9463,43.4737],[84.9483,43.483],[84.9407,43.4841],[84.9335,43.4815],[84.9267,43.4881],[84.922,43.4909],[84.9209,43.4952],[84.9229,43.4987],[84.9037,43.5128],[84.8968,43.5203],[84.8951,43.5303],[84.8888,43.5333],[84.8898,43.5369],[84.8868,43.549],[84.8913,43.5543],[84.8877,43.5588],[84.8927,43.5615],[84.8919,43.5664],[84.8957,43.5688],[84.8952,43.5746],[84.8911,43.576],[84.8765,43.5762],[84.8609,43.5741],[84.8555,43.5707],[84.8472,43.5688],[84.8359,43.5713],[84.8325,43.5771],[84.8185,43.5797],[84.8197,43.591],[84.8105,43.6073],[84.8082,43.6141],[84.8079,43.6198],[84.7997,43.623],[84.7947,43.6235],[84.7831,43.6404],[84.7767,43.6439],[84.7632,43.6338],[84.7546,43.6326],[84.7477,43.6299],[84.7415,43.6292],[84.7371,43.6317],[84.7309,43.6314],[84.7242,43.634],[84.7129,43.6342],[84.696,43.6334],[84.6927,43.6381],[84.6721,43.6499],[84.6649,43.6568],[84.6581,43.6585],[84.6417,43.6555],[84.6321,43.6547],[84.6176,43.6556],[84.6028,43.6601],[84.5949,43.6678],[84.5953,43.678],[84.6011,43.6898],[84.6113,43.6966],[84.6159,43.7051],[84.6165,43.7114],[84.6284,43.7142],[84.6324,43.7181],[84.6308,43.725],[84.6275,43.7279],[84.6197,43.7263],[84.6097,43.7313],[84.6029,43.7292],[84.5925,43.7314],[84.5897,43.7332],[84.5746,43.7354],[84.5643,43.7445],[84.5521,43.7467],[84.5501,43.7498],[84.5348,43.7456],[84.528,43.7478],[84.517,43.748],[84.5096,43.7511],[84.5028,43.7503],[84.4971,43.7463],[84.4989,43.7444],[84.4949,43.7385],[84.4874,43.7338],[84.4779,43.7361],[84.471,43.7338],[84.455,43.7347],[84.4471,43.7322],[84.4374,43.7373],[84.4264,43.7311],[84.4136,43.7314],[84.4011,43.73],[84.3982,43.7247],[84.3902,43.7232],[84.3793,43.7292],[84.3793,43.7329],[84.3639,43.7387],[84.3607,43.7426],[84.3487,43.735],[84.3398,43.7314],[84.3372,43.7253],[84.3211,43.7223],[84.3182,43.7201],[84.3129,43.7223],[84.3098,43.7305],[84.3018,43.7314],[84.2917,43.7289],[84.2851,43.7297],[84.2875,43.7362],[84.2782,43.7403],[84.2797,43.7444],[84.2767,43.7478],[84.2799,43.7522],[84.2774,43.7578],[84.2789,43.7649],[84.2717,43.7695],[84.264,43.77],[84.2617,43.7753],[84.2541,43.7782],[84.2513,43.7841],[84.2399,43.7851],[84.2378,43.7792],[84.2263,43.7729],[84.2214,43.7718],[84.2176,43.7758],[84.2072,43.7793],[84.2029,43.7763],[84.196,43.7767],[84.1889,43.7795],[84.1812,43.7808],[84.1809,43.7838],[84.1749,43.7858],[84.1707,43.7943],[84.161,43.7947],[84.1455,43.8005],[84.1405,43.8008],[84.1368,43.8046],[84.1289,43.8069],[84.1251,43.8021],[84.1187,43.801],[84.1112,43.804],[84.1114,43.813],[84.1002,43.8149],[84.0857,43.819],[84.0868,43.8215],[84.0812,43.8259],[84.0878,43.8315],[84.1015,43.837],[84.0982,43.8404],[84.1111,43.8491],[84.1114,43.8532],[84.1024,43.8553],[84.0857,43.8543],[84.0806,43.8673],[84.0772,43.8699],[84.0809,43.8741],[84.0728,43.8775],[84.0694,43.8814],[84.0599,43.8851],[84.0545,43.8832],[84.0337,43.8787],[84.0273,43.8787],[84.0147,43.8863],[84,43.8909],[83.995,43.8947],[83.9905,43.901],[83.981,43.9088],[83.9723,43.9109],[83.9647,43.9106],[83.9541,43.9014],[83.946,43.8996],[83.9369,43.9006],[83.9239,43.9056],[83.9081,43.9162],[83.9022,43.9229],[83.8998,43.9293],[83.9099,43.9332],[83.8998,43.9404],[83.8992,43.9456],[83.8887,43.9474],[83.8815,43.9507],[83.8669,43.9488],[83.8557,43.952],[83.8503,43.9491],[83.8504,43.946],[83.839,43.9487],[83.8249,43.9381],[83.8122,43.9372],[83.8016,43.9385],[83.7919,43.943],[83.7788,43.9513],[83.7725,43.9512],[83.764,43.9464],[83.7509,43.9432],[83.7406,43.9445],[83.7279,43.9502],[83.7173,43.9616],[83.7117,43.9655],[83.6889,43.9753],[83.6853,43.9806],[83.674,43.9713],[83.6694,43.9721],[83.6569,43.9663],[83.6427,43.9656],[83.6372,43.9698],[83.6275,43.9675],[83.6208,43.9641],[83.6124,43.9671],[83.5997,43.9759],[83.5861,43.9924],[83.5819,44],[83.5773,44.0045],[83.5689,44.0093],[83.5546,44.0099],[83.5392,44.0083],[83.523,44.0006],[83.5165,44.0007],[83.512,44.0026],[83.5018,43.9998],[83.4977,44.0007],[83.497,44.0056],[83.4995,44.0086],[83.5002,44.0211],[83.4885,44.0261],[83.4873,44.0292],[83.4809,44.0334],[83.4744,44.0356],[83.4661,44.0358],[83.4679,44.0428],[83.4413,44.0334],[83.4261,44.0243],[83.4033,44.0156],[83.3791,44.0098],[83.3605,44.0074],[83.3408,44.0069],[83.3209,44.0055],[83.3072,44.0071],[83.2818,44.022],[83.2762,44.0267],[83.2624,44.0442],[83.25,44.0588],[83.2439,44.068],[83.2375,44.0749],[83.2265,44.0795],[83.2198,44.0807],[83.1963,44.0796],[83.1759,44.0814],[83.1554,44.0846],[83.1313,44.0906],[83.1233,44.0916],[83.1043,44.0916],[83.0609,44.0884],[83.0264,44.0844],[83.0156,44.0848],[82.9989,44.0878],[82.9902,44.0914],[82.98,44.0916],[82.9633,44.0873],[82.954,44.083],[82.9409,44.0785],[82.9074,44.068],[82.9022,44.0644],[82.8978,44.0572],[82.8913,44.0539],[82.8804,44.0543],[82.8679,44.0574],[82.8507,44.0649],[82.8282,44.07],[82.8132,44.0714],[82.7958,44.0755],[82.7755,44.0813],[82.759,44.0795],[82.7285,44.0732],[82.7215,44.0732],[82.7058,44.0757],[82.6912,44.0822],[82.6828,44.0904],[82.6728,44.1041],[82.6471,44.1205],[82.6371,44.1243],[82.6291,44.1257],[82.6013,44.1269],[82.5782,44.1297],[82.5599,44.1344],[82.5353,44.1474],[82.5212,44.1536],[82.5054,44.1572],[82.4915,44.1614],[82.4705,44.1662],[82.4454,44.1712],[82.4281,44.1788],[82.4241,44.1824],[82.4155,44.1931],[82.4131,44.2006],[82.4066,44.2079],[82.3907,44.2193],[82.3605,44.2444],[82.3567,44.2544],[82.3461,44.2613],[82.3369,44.2611],[82.3085,44.251],[82.2927,44.2484],[82.2751,44.2488],[82.2641,44.2523],[82.2476,44.2559],[82.2298,44.254],[82.2122,44.255],[82.1678,44.2615],[82.1603,44.2636],[82.1433,44.2756],[82.1381,44.277],[82.1072,44.2819],[82.0795,44.2906],[82.0699,44.2916],[82.0584,44.2903],[82.043,44.2868],[82.0232,44.2873],[82.0164,44.2893],[82.0205,44.2794],[82.0218,44.2708],[82.0203,44.2543],[82.0193,44.2249],[82.0159,44.2143],[82.0274,44.2095],[82.0334,44.2039],[82.0666,44.1927],[82.0666,44.1832],[82.0714,44.178],[82.072,44.1706],[82.0642,44.1663],[82.0623,44.1572],[82.0684,44.1533],[82.0645,44.1366],[82.068,44.1226],[82.0696,44.1121],[82.0682,44.1047],[82.0566,44.0874],[82.0372,44.0678],[82.0331,44.0619],[82.0304,44.0499],[82.0306,44.0374],[82.0268,44.0217],[82.0201,44.0125],[82,44],[81.9991,43.9969],[81.989,43.9898],[81.9808,43.9856],[81.9726,43.9797],[81.9743,43.9695],[81.9882,43.9669],[81.9972,43.9669],[82.002,43.9551],[82.0093,43.9495],[81.999,43.9217],[82.0123,43.9204],[82.0123,43.9074],[82.0141,43.8935],[82.028,43.8891],[82.0262,43.8835],[82.0117,43.875],[82.01,43.8693],[82.0193,43.8612],[82.0255,43.8534],[82.02,43.8445],[82.0273,43.8393],[82.0382,43.8422],[82.0469,43.8344],[82.059,43.8373],[82.0732,43.832],[82.0822,43.8373],[82.0887,43.8342],[82.0891,43.8434],[82.0905,43.8462],[82.097,43.8479],[82.0975,43.8429],[82.102,43.8406],[82.1049,43.8437],[82.1149,43.8425],[82.125,43.8493],[82.1342,43.8469],[82.1421,43.8477],[82.1611,43.8479],[82.1821,43.8397],[82.1875,43.8389],[82.1952,43.8337],[82.2061,43.8328],[82.2214,43.8288],[82.2154,43.8081],[82.2212,43.7959],[82.204,43.7859],[82.1985,43.7799],[82.1854,43.7772],[82.1779,43.7778],[82.1667,43.7767],[82.1617,43.7808],[82.1422,43.7838],[82.1398,43.7885],[82.1284,43.7893],[82.1226,43.7868],[82.1153,43.7881],[82.1101,43.7929],[82.1005,43.794],[82.0919,43.7964],[82.0781,43.7976],[82.0656,43.7945],[82.0499,43.7947],[82.0457,43.7919],[82.0408,43.793],[82.0332,43.7902],[82.0093,43.7947],[81.9824,43.8096],[81.9285,43.8132],[81.9115,43.7962],[81.9092,43.7849],[81.9131,43.7718],[81.929,43.7522],[81.9603,43.7351],[81.9868,43.7183],[82.0046,43.7004],[82.0611,43.6793],[82.0963,43.6567],[82.1464,43.6186],[82.1768,43.6099],[82.1979,43.6079],[82.1936,43.601]],[[82.6877,43.7762],[82.6958,43.7794],[82.7091,43.7695],[82.7284,43.7659],[82.724,43.7538],[82.7354,43.7454],[82.741,43.7399],[82.7097,43.7449],[82.692,43.7472],[82.6904,43.7539],[82.6805,43.7632],[82.6712,43.7813],[82.6751,43.7836],[82.6815,43.7836],[82.6877,43.7762]],[[83.4084,43.7702],[83.4114,43.7673],[83.4274,43.7576],[83.4201,43.7497],[83.4137,43.7487],[83.4113,43.745],[83.3982,43.7489],[83.398,43.7514],[83.3901,43.7524],[83.3761,43.7573],[83.3721,43.7608],[83.3862,43.7611],[83.3936,43.7597],[83.3994,43.7647],[83.4084,43.7702]],[[83.2479,43.7601],[83.2454,43.757],[83.24,43.7593],[83.2259,43.7591],[83.2221,43.7608],[83.2179,43.767],[83.2293,43.7774],[83.2354,43.7748],[83.2461,43.7723],[83.251,43.7729],[83.2494,43.7842],[83.2458,43.79],[83.2503,43.7981],[83.2643,43.8036],[83.264,43.8078],[83.257,43.8119],[83.2546,43.8201],[83.23,43.8224],[83.234,43.8258],[83.2338,43.8322],[83.2411,43.8381],[83.2414,43.8424],[83.2471,43.8463],[83.2503,43.8532],[83.2482,43.8621],[83.2511,43.8687],[83.2496,43.8713],[83.2509,43.8775],[83.2572,43.878],[83.2629,43.8758],[83.2719,43.8751],[83.2812,43.8767],[83.2821,43.8831],[83.2805,43.8894],[83.2918,43.8873],[83.3023,43.8838],[83.3127,43.8826],[83.3263,43.8824],[83.3387,43.8796],[83.3502,43.8807],[83.3616,43.8838],[83.3683,43.8828],[83.3708,43.8715],[83.3742,43.87],[83.3744,43.8584],[83.3699,43.8503],[83.3681,43.8433],[83.3714,43.8399],[83.3629,43.8287],[83.3572,43.8165],[83.3628,43.8056],[83.3538,43.8067],[83.3314,43.8071],[83.3255,43.8128],[83.3175,43.8147],[83.3012,43.8131],[83.2819,43.8044],[83.273,43.7955],[83.2665,43.787],[83.2646,43.7786],[83.2588,43.768],[83.2606,43.7657],[83.2557,43.7601],[83.2479,43.7601]],[[83.2772,43.7489],[83.2934,43.7464],[83.3134,43.7478],[83.3109,43.7384],[83.3065,43.7351],[83.2987,43.7322],[83.2902,43.7341],[83.2818,43.7373],[83.2758,43.743],[83.2772,43.7489]],[[83.4232,43.7391],[83.437,43.7293],[83.4444,43.7294],[83.4496,43.7248],[83.4578,43.7222],[83.4612,43.7241],[83.4667,43.723],[83.4765,43.7238],[83.4873,43.7222],[83.4812,43.7068],[83.4656,43.7128],[83.4523,43.7147],[83.4461,43.7168],[83.4345,43.7283],[83.4287,43.731],[83.4219,43.7302],[83.4186,43.736],[83.4232,43.7391]]]},"properties":{"region_code":"CN-65-6540-654028","parent_region_code":"CN-65-6540","name":"尼勒克县","level":"county","has_children":false,"full_path":"中国 / 新疆维吾尔自治区 / 伊犁哈萨克自治州 / 尼勒克县","source_admin_code":"654028","osm_relation_id":2751493}}
]}