{"type":"FeatureCollection", "features": [
{"type":"Feature","geometry":{"type":"MultiPolygon","coordinates":[[[[103.2058,37.0144],[103.2079,37.0288],[103.2159,37.0385],[103.2089,37.0448],[103.2188,37.0637],[103.2121,37.0738],[103.2017,37.0771],[103.1833,37.0763],[103.1776,37.0725],[103.1775,37.0544],[103.1737,37.0386],[103.1643,37.0226],[103.1563,37.0148],[103.1496,37.0001],[103.1718,36.9979],[103.1967,37.0168],[103.2058,37.0144]]],[[[102.7873,36.5034],[102.7873,36.4825],[102.7686,36.4728],[102.7648,36.4654],[102.7712,36.4553],[102.7865,36.4465],[102.7912,36.4273],[102.8063,36.422],[102.8062,36.4099],[102.8241,36.4051],[102.8191,36.3848],[102.8316,36.3701],[102.828,36.3597],[102.837,36.3402],[102.8435,36.3324],[102.8697,36.3314],[102.874,36.3359],[102.8943,36.3325],[102.9006,36.3232],[102.912,36.3176],[102.9206,36.2991],[102.9424,36.2892],[102.9698,36.2834],[102.9927,36.2633],[103.0095,36.2621],[103.0221,36.2572],[103.0242,36.2468],[103.0188,36.2338],[103.0286,36.2338],[103.045,36.2272],[103.05,36.2197],[103.0601,36.2195],[103.0674,36.2089],[103.0917,36.2088],[103.1128,36.2169],[103.1128,36.2065],[103.1226,36.1948],[103.1342,36.1962],[103.1406,36.1891],[103.1537,36.1895],[103.169,36.1748],[103.1898,36.1803],[103.1989,36.1698],[103.2287,36.1673],[103.2297,36.1603],[103.2582,36.1555],[103.2571,36.1472],[103.2678,36.147],[103.2752,36.1521],[103.2947,36.1457],[103.3079,36.1516],[103.3287,36.1396],[103.345,36.1226],[103.367,36.1206],[103.3856,36.1233],[103.3955,36.1286],[103.4112,36.1201],[103.4064,36.103],[103.4072,36.0787],[103.4175,36.0714],[103.4366,36.0689],[103.4557,36.0858],[103.4589,36.1025],[103.4727,36.1108],[103.4811,36.0986],[103.5042,36.1032],[103.5198,36.102],[103.5379,36.1046],[103.5625,36.0926],[103.5729,36.0821],[103.5726,36.0641],[103.5924,36.0697],[103.5994,36.0654],[103.6065,36.0468],[103.619,36.0264],[103.6311,36.0148],[103.6216,36.0063],[103.6177,35.9972],[103.6321,35.9827],[103.6249,35.977],[103.615,35.9599],[103.6212,35.9387],[103.6442,35.9317],[103.6568,35.9192],[103.6768,35.9221],[103.6914,35.9217],[103.701,35.9286],[103.7141,35.9229],[103.7134,35.9112],[103.7225,35.9108],[103.7329,35.9008],[103.7448,35.8957],[103.7607,35.8931],[103.771,35.8973],[103.7798,35.8901],[103.776,35.8687],[103.7811,35.8488],[103.7937,35.8539],[103.7986,35.8434],[103.8168,35.847],[103.8337,35.8424],[103.839,35.8321],[103.8327,35.8212],[103.8431,35.8153],[103.847,35.8035],[103.8462,35.7784],[103.8639,35.7972],[103.872,35.7957],[103.8835,35.781],[103.9035,35.774],[103.9162,35.7625],[103.9172,35.7563],[103.9448,35.7494],[103.9618,35.7368],[103.983,35.7352],[103.9894,35.7247],[104.0022,35.7148],[104.0175,35.7154],[104.0246,35.6998],[104.0373,35.6896],[104.051,35.687],[104.0644,35.6723],[104.069,35.6619],[104.0902,35.6554],[104.0996,35.6369],[104.1132,35.6376],[104.1293,35.6207],[104.1372,35.6244],[104.1447,35.6356],[104.1731,35.6496],[104.1964,35.6239],[104.2018,35.613],[104.1952,35.6001],[104.2328,35.5794],[104.2453,35.5805],[104.2614,35.5744],[104.2815,35.5732],[104.2887,35.5796],[104.2876,35.5895],[104.297,35.599],[104.3104,35.6045],[104.311,35.6233],[104.3032,35.6308],[104.3083,35.6373],[104.3095,35.6501],[104.3216,35.6499],[104.3302,35.6607],[104.3285,35.6677],[104.3139,35.6733],[104.316,35.6856],[104.3216,35.6928],[104.3181,35.7053],[104.3273,35.7195],[104.3279,35.7306],[104.3448,35.7388],[104.3593,35.7412],[104.3549,35.7535],[104.3709,35.7708],[104.3851,35.7711],[104.3985,35.7932],[104.3955,35.8081],[104.4021,35.8161],[104.4021,35.8271],[104.4098,35.8382],[104.4071,35.8478],[104.4228,35.8653],[104.4367,35.8646],[104.4457,35.875],[104.4365,35.8839],[104.4407,35.8952],[104.4366,35.9037],[104.4249,35.9113],[104.4233,35.9216],[104.4315,35.9414],[104.4276,35.9495],[104.4359,35.9571],[104.4383,35.9745],[104.4516,35.9795],[104.4589,35.9881],[104.4706,35.9866],[104.4787,35.993],[104.478,36.0107],[104.4828,36.0226],[104.4978,36.0202],[104.5052,36.0383],[104.5234,36.0443],[104.5167,36.0619],[104.5323,36.0743],[104.5364,36.0881],[104.5632,36.0977],[104.561,36.1106],[104.5651,36.1175],[104.5587,36.1325],[104.5695,36.1431],[104.5691,36.1633],[104.56,36.1688],[104.5433,36.1723],[104.5282,36.1682],[104.5213,36.1868],[104.5099,36.2015],[104.5103,36.2142],[104.5218,36.2171],[104.5382,36.2303],[104.54,36.2381],[104.5295,36.2605],[104.516,36.2704],[104.5146,36.2902],[104.5075,36.2974],[104.4989,36.3179],[104.5037,36.3294],[104.4984,36.3502],[104.5083,36.3767],[104.5034,36.3952],[104.5074,36.4095],[104.5041,36.4285],[104.4866,36.4433],[104.4752,36.4312],[104.4584,36.425],[104.4537,36.4152],[104.4361,36.4074],[104.4395,36.3983],[104.4236,36.3863],[104.4126,36.3913],[104.3908,36.3852],[104.3805,36.3846],[104.3434,36.3752],[104.3235,36.3795],[104.3151,36.377],[104.3118,36.3646],[104.296,36.3553],[104.2737,36.3565],[104.2583,36.3626],[104.2367,36.3574],[104.2233,36.3567],[104.216,36.3514],[104.2195,36.3383],[104.1937,36.3365],[104.1837,36.3433],[104.1772,36.3322],[104.1645,36.3251],[104.1599,36.303],[104.1384,36.2935],[104.1306,36.2676],[104.1322,36.2549],[104.1272,36.2508],[104.1143,36.2589],[104.1126,36.2719],[104.1234,36.3048],[104.114,36.3117],[104.1074,36.3269],[104.1254,36.3351],[104.1072,36.3532],[104.0923,36.3712],[104.0924,36.3809],[104.0811,36.383],[104.0705,36.391],[104.0591,36.4069],[104.0464,36.4145],[104.0452,36.4383],[104.0414,36.4569],[104.0474,36.4645],[104.0396,36.4812],[104.0174,36.4889],[104.0135,36.4956],[104.0194,36.5217],[104.0274,36.5285],[104.0296,36.5379],[104.0232,36.5428],[104.026,36.5551],[104.0398,36.5724],[104.0175,36.5732],[103.9965,36.584],[103.9911,36.5791],[103.9717,36.5845],[103.9593,36.5968],[103.9563,36.6091],[103.949,36.6113],[103.9592,36.6254],[103.9383,36.6367],[103.9245,36.6488],[103.9233,36.6558],[103.9028,36.6621],[103.9062,36.6693],[103.9038,36.6848],[103.9076,36.6946],[103.8904,36.7112],[103.8955,36.7164],[103.9139,36.7232],[103.9283,36.72],[103.9344,36.7379],[103.9405,36.7474],[103.9199,36.7525],[103.9224,36.763],[103.9086,36.7734],[103.8955,36.7703],[103.8868,36.7851],[103.9037,36.795],[103.8976,36.8049],[103.8873,36.8029],[103.8785,36.8076],[103.8469,36.8056],[103.8402,36.8135],[103.8299,36.813],[103.8287,36.8033],[103.8218,36.7988],[103.8132,36.8052],[103.817,36.811],[103.8123,36.8222],[103.7872,36.8297],[103.7804,36.8363],[103.7748,36.8513],[103.7674,36.8535],[103.7554,36.8446],[103.7618,36.8333],[103.7593,36.8281],[103.7705,36.8183],[103.7929,36.8052],[103.7979,36.7917],[103.7616,36.7986],[103.7382,36.7997],[103.7285,36.8051],[103.7184,36.7975],[103.7098,36.784],[103.6997,36.784],[103.6918,36.7895],[103.6745,36.7909],[103.6676,36.8121],[103.6615,36.8165],[103.6248,36.8226],[103.6164,36.8282],[103.6018,36.848],[103.6213,36.8688],[103.6047,36.8713],[103.5897,36.8831],[103.5826,36.8934],[103.5832,36.9019],[103.5678,36.9279],[103.5485,36.9401],[103.5451,36.9497],[103.5585,36.9649],[103.5585,36.9708],[103.5761,36.9853],[103.5787,37.0026],[103.5718,37.0129],[103.5558,37.0259],[103.5678,37.036],[103.5539,37.0304],[103.5448,37.0344],[103.5188,37.0289],[103.5357,36.9866],[103.5297,36.9708],[103.4998,36.9605],[103.4817,36.9662],[103.4525,36.9812],[103.437,36.9961],[103.4294,36.9985],[103.3953,36.9985],[103.3571,36.9966],[103.3147,36.9865],[103.3124,36.9659],[103.3046,36.9586],[103.3063,36.9494],[103.3254,36.9463],[103.3273,36.9544],[103.3385,36.96],[103.3463,36.9577],[103.3461,36.9264],[103.3518,36.9236],[103.3649,36.9081],[103.3774,36.9179],[103.4022,36.9232],[103.3996,36.9303],[103.4268,36.9369],[103.4297,36.9459],[103.4394,36.9495],[103.4457,36.9389],[103.4535,36.9355],[103.4623,36.94],[103.4792,36.935],[103.4975,36.9124],[103.4985,36.8949],[103.5176,36.9023],[103.53,36.8872],[103.5382,36.8828],[103.5305,36.8609],[103.5164,36.8496],[103.4981,36.8585],[103.4856,36.8697],[103.4705,36.874],[103.47,36.86],[103.4649,36.851],[103.451,36.8396],[103.4504,36.8327],[103.4252,36.8277],[103.4112,36.8289],[103.3965,36.8259],[103.3861,36.8333],[103.3849,36.841],[103.3744,36.8541],[103.378,36.863],[103.3768,36.8787],[103.3595,36.8915],[103.3465,36.8947],[103.3445,36.9162],[103.3299,36.9166],[103.3109,36.9067],[103.3044,36.9117],[103.2872,36.9082],[103.2799,36.915],[103.2635,36.9077],[103.2464,36.9154],[103.2477,36.9235],[103.2641,36.939],[103.2718,36.9518],[103.2696,36.9599],[103.2554,36.9742],[103.2342,36.9897],[103.2384,37.0033],[103.2483,37.0077],[103.2632,37.0197],[103.2455,37.0293],[103.2283,37.0146],[103.2153,37.0122],[103.1951,36.9916],[103.2108,36.9906],[103.2227,36.9774],[103.2302,36.9552],[103.2285,36.937],[103.2011,36.9431],[103.2025,36.9308],[103.1981,36.922],[103.1826,36.9072],[103.1689,36.9028],[103.1641,36.9142],[103.1639,36.9256],[103.1744,36.9372],[103.1782,36.9468],[103.1467,36.9512],[103.1364,36.949],[103.1087,36.9518],[103.1014,36.9462],[103.0899,36.9479],[103.0726,36.9446],[103.0695,36.9552],[103.0296,36.954],[103.0037,36.9464],[102.9748,36.9481],[102.9634,36.943],[102.963,36.9363],[102.9535,36.9288],[102.9174,36.9353],[102.9202,36.9182],[102.917,36.8993],[102.9097,36.8916],[102.9136,36.8787],[102.9212,36.8752],[102.9348,36.8818],[102.9439,36.875],[102.9578,36.8549],[102.9415,36.8451],[102.9294,36.8451],[102.9182,36.8381],[102.9051,36.8431],[102.8813,36.8592],[102.8674,36.8402],[102.8531,36.8362],[102.8357,36.8451],[102.8132,36.8445],[102.8121,36.8352],[102.8244,36.8252],[102.836,36.8215],[102.8443,36.8093],[102.8232,36.7975],[102.8385,36.7868],[102.8398,36.7713],[102.83,36.7617],[102.8171,36.7587],[102.8121,36.7324],[102.8131,36.7253],[102.8399,36.7097],[102.8526,36.696],[102.8525,36.6798],[102.875,36.6725],[102.8885,36.6619],[102.8808,36.6559],[102.8547,36.6482],[102.8479,36.6436],[102.8525,36.6362],[102.8432,36.6285],[102.8512,36.6201],[102.8426,36.6133],[102.829,36.6133],[102.8189,36.6173],[102.8235,36.6452],[102.8195,36.6479],[102.7973,36.647],[102.781,36.6493],[102.7812,36.657],[102.7885,36.6639],[102.7941,36.7132],[102.7772,36.7218],[102.7818,36.7485],[102.7693,36.7491],[102.7388,36.7401],[102.7267,36.74],[102.7283,36.7291],[102.7504,36.7216],[102.746,36.7088],[102.7497,36.7002],[102.7596,36.6926],[102.7495,36.6857],[102.7361,36.6677],[102.7557,36.6649],[102.7718,36.6661],[102.7703,36.6577],[102.7607,36.6551],[102.7546,36.6463],[102.7459,36.6507],[102.7409,36.6417],[102.7551,36.6423],[102.7641,36.6479],[102.7784,36.63],[102.7773,36.6158],[102.772,36.6096],[102.7791,36.6027],[102.779,36.5868],[102.7989,36.5851],[102.796,36.5784],[102.8039,36.5711],[102.802,36.5633],[102.7929,36.5623],[102.8008,36.5433],[102.795,36.5344],[102.8035,36.5285],[102.7914,36.5174],[102.7976,36.5092],[102.7873,36.5034]]]]},"properties":{"region_code":"CN-62-6201","parent_region_code":"CN-62","name":"兰州市","level":"prefecture","has_children":true,"full_path":"中国 / 甘肃省 / 兰州市","source_admin_code":"6201","osm_relation_id":2701949}},
{"type":"Feature","geometry":{"type":"Polygon","coordinates":[[[98.3682,39.6524],[98.3742,39.6559],[98.3868,39.6739],[98.3886,39.6866],[98.4124,39.7077],[98.4066,39.7152],[98.4059,39.7287],[98.3901,39.7401],[98.3721,39.7467],[98.3584,39.7556],[98.3507,39.7754],[98.365,39.7827],[98.4563,39.8211],[98.4721,39.8313],[98.4884,39.8365],[98.4933,39.8433],[98.4841,39.8619],[98.5184,39.8911],[98.5142,39.8962],[98.5201,39.9071],[98.4973,39.9135],[98.4939,39.9216],[98.4984,39.9469],[98.4697,39.971],[98.4534,39.9577],[98.4337,39.9503],[98.4158,39.9514],[98.3951,39.9632],[98.3747,39.9547],[98.3632,39.9569],[98.3557,39.953],[98.342,39.9631],[98.3031,39.9596],[98.2139,39.9649],[98.156,39.9652],[98.0994,39.9832],[98.0579,39.9947],[98.0686,39.9801],[98.0637,39.9676],[98.0683,39.9546],[98.0456,39.9482],[98.0236,39.9451],[98.0217,39.936],[98.0085,39.9305],[98.0089,39.9253],[98.0358,39.915],[98.0124,39.9037],[97.9927,39.8918],[97.9836,39.8826],[97.9924,39.8716],[98.0324,39.8277],[97.9919,39.8079],[97.9741,39.7801],[97.8566,39.7106],[97.8802,39.7093],[97.907,39.7002],[97.9388,39.6969],[97.9574,39.672],[97.9685,39.6623],[97.9831,39.6651],[98.0367,39.6974],[98.1565,39.6952],[98.1678,39.7133],[98.1813,39.7234],[98.1944,39.7255],[98.225,39.7248],[98.2406,39.717],[98.2404,39.7055],[98.2582,39.7008],[98.2604,39.693],[98.2795,39.6912],[98.297,39.6786],[98.3162,39.6695],[98.3682,39.6524]]]},"properties":{"region_code":"CN-62-6202","parent_region_code":"CN-62","name":"嘉峪关市","level":"prefecture","has_children":false,"full_path":"中国 / 甘肃省 / 嘉峪关市","source_admin_code":"6202","osm_relation_id":165664}},
{"type":"Feature","geometry":{"type":"MultiPolygon","coordinates":[[[[102.1059,38.0241],[102.1038,38.0346],[102.0947,38.0316],[102.1059,38.0241]]],[[[102.093,38.0333],[102.1075,38.0422],[102.1295,38.0429],[102.1386,38.0517],[102.151,38.053],[102.1636,38.0621],[102.1738,38.0506],[102.1846,38.0621],[102.1914,38.0552],[102.2103,38.0603],[102.2147,38.0661],[102.2185,38.0874],[102.2283,38.0984],[102.2337,38.1138],[102.2646,38.1223],[102.2745,38.1282],[102.2991,38.128],[102.3214,38.1308],[102.321,38.1378],[102.3343,38.1384],[102.3645,38.1455],[102.3767,38.1447],[102.3989,38.1366],[102.4075,38.1294],[102.408,38.1152],[102.4287,38.1103],[102.4448,38.1152],[102.4575,38.1333],[102.4729,38.1414],[102.4948,38.1613],[102.5116,38.1661],[102.5205,38.1773],[102.5344,38.1853],[102.556,38.1826],[102.5635,38.176],[102.588,38.172],[102.6098,38.1728],[102.6383,38.1595],[102.6768,38.1582],[102.6753,38.1856],[102.6777,38.1887],[102.7127,38.1847],[102.7241,38.2013],[102.7146,38.217],[102.7272,38.2246],[102.7223,38.2474],[102.7157,38.2583],[102.7055,38.2618],[102.7007,38.2741],[102.6874,38.2822],[102.692,38.3387],[102.69,38.3488],[102.7029,38.3929],[102.7002,38.4122],[102.6744,38.4162],[102.5713,38.417],[102.6139,38.4708],[102.5344,38.5001],[102.5344,38.5087],[102.5192,38.5144],[102.5024,38.5404],[102.4942,38.5477],[102.487,38.5693],[102.4779,38.5839],[102.4583,38.5925],[102.4545,38.6179],[102.4449,38.6285],[102.425,38.6435],[102.4075,38.6536],[102.4059,38.6592],[102.3927,38.6687],[102.4131,38.7819],[102.4405,38.8019],[102.4239,38.8771],[102.4099,38.8849],[102.4157,38.8923],[102.2764,38.9442],[102.2679,38.9134],[102.1427,38.9395],[102.0911,38.9599],[102.0857,38.9808],[102.0267,38.986],[101.9594,38.9952],[102.0715,38.8905],[101.9373,38.8121],[101.8547,38.7177],[101.7733,38.6588],[101.7598,38.6695],[101.7419,38.6773],[101.7185,38.6775],[101.6694,38.6899],[101.6511,38.6867],[101.6341,38.6689],[101.6126,38.6567],[101.6037,38.6481],[101.5972,38.6473],[101.5613,38.6115],[101.567,38.5784],[101.5377,38.5618],[101.5185,38.5555],[101.5319,38.5413],[101.5416,38.5261],[101.5494,38.4954],[101.5453,38.4923],[101.5177,38.4916],[101.5048,38.4971],[101.4999,38.4873],[101.5057,38.4687],[101.5263,38.4566],[101.5145,38.4376],[101.4845,38.417],[101.4728,38.3981],[101.4668,38.3931],[101.4513,38.3932],[101.4377,38.3894],[101.4113,38.3989],[101.409,38.3927],[101.3915,38.3881],[101.3689,38.3886],[101.3628,38.3838],[101.3686,38.3702],[101.355,38.3636],[101.3409,38.3692],[101.3382,38.36],[101.339,38.3329],[101.3426,38.3202],[101.3896,38.3193],[101.3946,38.3034],[101.396,38.2852],[101.4133,38.2833],[101.413,38.2757],[101.4286,38.2666],[101.459,38.2525],[101.465,38.2427],[101.4829,38.2332],[101.4649,38.1991],[101.4259,38.1649],[101.414,38.1591],[101.4041,38.1376],[101.4046,38.1251],[101.4152,38.1182],[101.4476,38.1133],[101.4472,38.1027],[101.4595,38.0869],[101.4827,38.0783],[101.4956,38.068],[101.5062,38.0673],[101.5129,38.0604],[101.525,38.0654],[101.5367,38.061],[101.5454,38.0624],[101.5734,38.0556],[101.602,38.0582],[101.6129,38.0649],[101.6235,38.0603],[101.6331,38.0678],[101.6376,38.0824],[101.6478,38.0882],[101.6622,38.0827],[101.675,38.0723],[101.6894,38.0727],[101.6971,38.0837],[101.707,38.0897],[101.7149,38.0881],[101.7364,38.0942],[101.7388,38.087],[101.753,38.0869],[101.7622,38.077],[101.776,38.075],[101.7989,38.0628],[101.8147,38.0633],[101.8355,38.0804],[101.8373,38.0867],[101.8524,38.0978],[101.863,38.0959],[101.8841,38.1009],[101.9114,38.0937],[101.9161,38.0863],[101.9388,38.0785],[101.9601,38.0783],[101.9713,38.0815],[101.9812,38.0938],[101.9978,38.0905],[102.0146,38.0811],[102.0157,38.0667],[102.0246,38.0556],[102.0244,38.042],[102.0416,38.0249],[102.0573,38.0223],[102.0635,38.0298],[102.075,38.0314],[102.0884,38.0272],[102.093,38.0333]]]]},"properties":{"region_code":"CN-62-6203","parent_region_code":"CN-62","name":"金昌市","level":"prefecture","has_children":true,"full_path":"中国 / 甘肃省 / 金昌市","source_admin_code":"6203","osm_relation_id":2705765}},
{"type":"Feature","geometry":{"type":"Polygon","coordinates":[[[104.4978,36.0202],[104.5299,36.0147],[104.5335,36.0183],[104.5619,36.0282],[104.5681,36.0246],[104.5821,36.0298],[104.6,36.0426],[104.6162,36.0447],[104.6187,36.0375],[104.6313,36.0358],[104.6444,36.0401],[104.6608,36.0417],[104.6779,36.0339],[104.6732,36.0232],[104.6658,36.0239],[104.6432,36.0064],[104.6366,36.0035],[104.6503,35.9893],[104.6691,35.9913],[104.6839,35.9762],[104.6885,35.9661],[104.6972,35.961],[104.7029,35.9484],[104.7106,35.9549],[104.7291,35.9497],[104.7359,35.9414],[104.7347,35.9326],[104.7456,35.9299],[104.7512,35.9233],[104.7664,35.9181],[104.7705,35.9121],[104.7624,35.8904],[104.7906,35.8851],[104.8019,35.8782],[104.8136,35.8772],[104.817,35.8657],[104.8296,35.8674],[104.8338,35.8538],[104.8437,35.8498],[104.8569,35.8529],[104.8633,35.8167],[104.8667,35.8088],[104.8627,35.7971],[104.874,35.7954],[104.8849,35.7828],[104.8892,35.7593],[104.9011,35.7572],[104.9255,35.7338],[104.9345,35.7364],[104.9498,35.7297],[104.9607,35.7293],[104.9778,35.7125],[104.9799,35.7028],[104.9911,35.6887],[104.9827,35.6781],[104.9881,35.6528],[104.9833,35.6453],[104.9878,35.6328],[104.9793,35.6226],[104.9652,35.613],[104.965,35.6022],[104.9573,35.5786],[104.952,35.572],[104.9509,35.5522],[104.9338,35.5457],[104.9343,35.5331],[104.9287,35.5244],[104.9295,35.5103],[104.937,35.4965],[104.9639,35.4899],[104.9729,35.4773],[104.9871,35.475],[104.9957,35.4697],[104.995,35.4621],[105.0186,35.4452],[105.0325,35.4549],[105.044,35.4589],[105.0683,35.4546],[105.0674,35.4372],[105.0758,35.4309],[105.0829,35.416],[105.097,35.4127],[105.0997,35.4192],[105.1187,35.4183],[105.1226,35.4309],[105.1145,35.4386],[105.1455,35.4489],[105.1585,35.4421],[105.169,35.4432],[105.1787,35.4384],[105.1893,35.454],[105.2064,35.4615],[105.2082,35.4689],[105.2196,35.4824],[105.2261,35.4793],[105.2424,35.4866],[105.2591,35.4761],[105.2712,35.4786],[105.2856,35.4983],[105.2968,35.4982],[105.2997,35.4874],[105.311,35.4875],[105.3202,35.4946],[105.3405,35.4919],[105.3437,35.487],[105.3511,35.4956],[105.3621,35.4965],[105.3778,35.4885],[105.4009,35.4947],[105.4102,35.5],[105.3994,35.5155],[105.4095,35.5196],[105.406,35.5313],[105.4122,35.536],[105.4254,35.5319],[105.4324,35.541],[105.4515,35.5473],[105.4603,35.5436],[105.4707,35.5488],[105.4686,35.5679],[105.4721,35.5793],[105.4742,35.6023],[105.5214,35.6089],[105.5258,35.6162],[105.5067,35.6151],[105.5043,35.6197],[105.4816,35.6401],[105.4775,35.652],[105.4623,35.6645],[105.4611,35.6766],[105.4535,35.6814],[105.4539,35.6899],[105.447,35.6995],[105.4519,35.7176],[105.4695,35.7208],[105.4775,35.7276],[105.469,35.7509],[105.4589,35.7521],[105.4492,35.7475],[105.4529,35.7706],[105.4435,35.7808],[105.4363,35.7791],[105.4285,35.788],[105.4264,35.8136],[105.4112,35.8231],[105.403,35.8223],[105.3907,35.8086],[105.3802,35.7926],[105.3711,35.8038],[105.3746,35.825],[105.3675,35.8421],[105.3814,35.8537],[105.3944,35.8552],[105.3868,35.8665],[105.3752,35.8722],[105.3665,35.8712],[105.3539,35.8793],[105.3463,35.8761],[105.3306,35.8865],[105.3233,35.9049],[105.3364,35.9094],[105.3326,35.9279],[105.3209,35.9436],[105.3277,35.9515],[105.3299,35.9662],[105.3287,35.9999],[105.3378,36.0046],[105.3346,36.0174],[105.3397,36.0335],[105.3543,36.0354],[105.3562,36.0442],[105.3739,36.0611],[105.387,36.0659],[105.3879,36.0764],[105.4037,36.0757],[105.429,36.1041],[105.4385,36.1023],[105.459,36.1067],[105.4638,36.1008],[105.4817,36.0983],[105.487,36.1007],[105.5107,36.1473],[105.4967,36.1584],[105.4904,36.1674],[105.485,36.1884],[105.4768,36.201],[105.4777,36.2084],[105.4655,36.2201],[105.4575,36.2216],[105.4535,36.237],[105.4611,36.2507],[105.4551,36.268],[105.4686,36.275],[105.4732,36.284],[105.4717,36.2936],[105.4638,36.3043],[105.4562,36.3075],[105.4504,36.3223],[105.4304,36.325],[105.4214,36.3304],[105.4208,36.34],[105.4065,36.3507],[105.3967,36.3693],[105.4117,36.3706],[105.4102,36.3839],[105.3978,36.3851],[105.3932,36.4068],[105.395,36.4298],[105.3787,36.441],[105.3663,36.4368],[105.3597,36.4447],[105.3669,36.4614],[105.3618,36.471],[105.3641,36.4864],[105.3573,36.498],[105.3162,36.5365],[105.3011,36.5253],[105.283,36.5262],[105.2564,36.5339],[105.2539,36.5437],[105.2465,36.5513],[105.2719,36.5632],[105.2693,36.5791],[105.2615,36.5892],[105.2671,36.593],[105.2577,36.6023],[105.2461,36.6017],[105.2381,36.6257],[105.2161,36.6338],[105.2243,36.6589],[105.2193,36.6669],[105.2035,36.6806],[105.1989,36.6923],[105.199,36.705],[105.2126,36.7291],[105.2359,36.7332],[105.2352,36.741],[105.2692,36.7412],[105.2714,36.7518],[105.2892,36.7496],[105.3065,36.7409],[105.3189,36.7447],[105.3269,36.752],[105.3294,36.7622],[105.3376,36.7645],[105.3315,36.7841],[105.3303,36.8016],[105.3018,36.8187],[105.2886,36.8351],[105.2938,36.8435],[105.2759,36.8517],[105.2716,36.8701],[105.2366,36.8966],[105.2242,36.8871],[105.2029,36.8976],[105.1881,36.8917],[105.1751,36.8921],[105.1803,36.9014],[105.1739,36.929],[105.1803,36.9289],[105.1823,36.9414],[105.1758,36.9469],[105.174,36.959],[105.1653,36.967],[105.1613,36.9813],[105.1616,36.9946],[105.1253,36.9959],[105.1073,36.9997],[105.0866,37.0092],[105.0657,37.0157],[105.0544,37.0225],[105.0459,37.0196],[105.0357,37.0063],[105.0076,37.0167],[105.0102,37.0316],[105.0012,37.0351],[104.9625,37.0312],[104.9513,37.0396],[104.9512,37.0781],[104.9287,37.0862],[104.9133,37.0946],[104.9178,37.1098],[104.9083,37.1221],[104.8957,37.1273],[104.8967,37.14],[104.8904,37.1444],[104.8852,37.1585],[104.8617,37.1723],[104.8548,37.1838],[104.855,37.2112],[104.8289,37.2224],[104.824,37.2276],[104.8065,37.2309],[104.7902,37.2287],[104.7828,37.2408],[104.7736,37.2461],[104.7635,37.2393],[104.7465,37.2344],[104.7452,37.2292],[104.7265,37.2151],[104.7154,37.2095],[104.6812,37.2028],[104.6423,37.2045],[104.6353,37.2015],[104.6226,37.2065],[104.6222,37.2122],[104.6065,37.2271],[104.5969,37.2446],[104.5982,37.258],[104.6091,37.2779],[104.6217,37.2784],[104.6171,37.2905],[104.6297,37.2985],[104.6472,37.2901],[104.6618,37.299],[104.663,37.3102],[104.6751,37.3191],[104.6847,37.3187],[104.7004,37.3299],[104.7111,37.3294],[104.7146,37.3501],[104.6979,37.3446],[104.6647,37.3559],[104.6572,37.3723],[104.6629,37.3783],[104.6705,37.4106],[104.659,37.411],[104.6347,37.4197],[104.6186,37.4161],[104.5839,37.4246],[104.5423,37.423],[104.5341,37.4292],[104.5177,37.4345],[104.5117,37.428],[104.4929,37.4199],[104.4568,37.4194],[104.446,37.4233],[104.443,37.4345],[104.4331,37.4458],[104.4019,37.4378],[104.3839,37.4265],[104.3619,37.4176],[104.3443,37.42],[104.3088,37.4144],[104.2945,37.4136],[104.2843,37.4209],[104.2825,37.43],[104.2351,37.4114],[104.1802,37.4066],[104.0761,37.4718],[104.0003,37.5261],[103.9351,37.5712],[103.8672,37.6066],[103.8398,37.6319],[103.8033,37.5989],[103.7845,37.5885],[103.7737,37.5634],[103.7668,37.5566],[103.756,37.5382],[103.7537,37.5175],[103.7617,37.5142],[103.7635,37.5046],[103.7786,37.4883],[103.7718,37.4691],[103.761,37.4462],[103.7674,37.4331],[103.7653,37.4251],[103.7532,37.4286],[103.7441,37.4186],[103.7289,37.3929],[103.7336,37.3774],[103.7487,37.3721],[103.7677,37.3557],[103.7609,37.3393],[103.7744,37.3284],[103.7681,37.3191],[103.7639,37.3038],[103.7536,37.3118],[103.7456,37.3022],[103.7543,37.2945],[103.755,37.2761],[103.7439,37.2824],[103.7197,37.2591],[103.7278,37.2506],[103.7428,37.2461],[103.7342,37.2335],[103.7106,37.2279],[103.692,37.2384],[103.6828,37.2297],[103.6796,37.2099],[103.6729,37.2018],[103.6705,37.1892],[103.6546,37.166],[103.6496,37.1344],[103.6237,37.126],[103.6324,37.1128],[103.6301,37.0932],[103.6335,37.0851],[103.6161,37.0633],[103.596,37.0705],[103.5863,37.0657],[103.5785,37.0456],[103.5678,37.036],[103.5558,37.0259],[103.5718,37.0129],[103.5787,37.0026],[103.5761,36.9853],[103.5585,36.9708],[103.5585,36.9649],[103.5451,36.9497],[103.5485,36.9401],[103.5678,36.9279],[103.5832,36.9019],[103.5826,36.8934],[103.5897,36.8831],[103.6047,36.8713],[103.6213,36.8688],[103.6018,36.848],[103.6164,36.8282],[103.6248,36.8226],[103.6615,36.8165],[103.6676,36.8121],[103.6745,36.7909],[103.6918,36.7895],[103.6997,36.784],[103.7098,36.784],[103.7184,36.7975],[103.7285,36.8051],[103.7382,36.7997],[103.7616,36.7986],[103.7979,36.7917],[103.7929,36.8052],[103.7705,36.8183],[103.7593,36.8281],[103.7618,36.8333],[103.7554,36.8446],[103.7674,36.8535],[103.7748,36.8513],[103.7804,36.8363],[103.7872,36.8297],[103.8123,36.8222],[103.817,36.811],[103.8132,36.8052],[103.8218,36.7988],[103.8287,36.8033],[103.8299,36.813],[103.8402,36.8135],[103.8469,36.8056],[103.8785,36.8076],[103.8873,36.8029],[103.8976,36.8049],[103.9037,36.795],[103.8868,36.7851],[103.8955,36.7703],[103.9086,36.7734],[103.9224,36.763],[103.9199,36.7525],[103.9405,36.7474],[103.9344,36.7379],[103.9283,36.72],[103.9139,36.7232],[103.8955,36.7164],[103.8904,36.7112],[103.9076,36.6946],[103.9038,36.6848],[103.9062,36.6693],[103.9028,36.6621],[103.9233,36.6558],[103.9245,36.6488],[103.9383,36.6367],[103.9592,36.6254],[103.949,36.6113],[103.9563,36.6091],[103.9593,36.5968],[103.9717,36.5845],[103.9911,36.5791],[103.9965,36.584],[104.0175,36.5732],[104.0398,36.5724],[104.026,36.5551],[104.0232,36.5428],[104.0296,36.5379],[104.0274,36.5285],[104.0194,36.5217],[104.0135,36.4956],[104.0174,36.4889],[104.0396,36.4812],[104.0474,36.4645],[104.0414,36.4569],[104.0452,36.4383],[104.0464,36.4145],[104.0591,36.4069],[104.0705,36.391],[104.0811,36.383],[104.0924,36.3809],[104.0923,36.3712],[104.1072,36.3532],[104.1254,36.3351],[104.1074,36.3269],[104.114,36.3117],[104.1234,36.3048],[104.1126,36.2719],[104.1143,36.2589],[104.1272,36.2508],[104.1322,36.2549],[104.1306,36.2676],[104.1384,36.2935],[104.1599,36.303],[104.1645,36.3251],[104.1772,36.3322],[104.1837,36.3433],[104.1937,36.3365],[104.2195,36.3383],[104.216,36.3514],[104.2233,36.3567],[104.2367,36.3574],[104.2583,36.3626],[104.2737,36.3565],[104.296,36.3553],[104.3118,36.3646],[104.3151,36.377],[104.3235,36.3795],[104.3434,36.3752],[104.3805,36.3846],[104.3908,36.3852],[104.4126,36.3913],[104.4236,36.3863],[104.4395,36.3983],[104.4361,36.4074],[104.4537,36.4152],[104.4584,36.425],[104.4752,36.4312],[104.4866,36.4433],[104.5041,36.4285],[104.5074,36.4095],[104.5034,36.3952],[104.5083,36.3767],[104.4984,36.3502],[104.5037,36.3294],[104.4989,36.3179],[104.5075,36.2974],[104.5146,36.2902],[104.516,36.2704],[104.5295,36.2605],[104.54,36.2381],[104.5382,36.2303],[104.5218,36.2171],[104.5103,36.2142],[104.5099,36.2015],[104.5213,36.1868],[104.5282,36.1682],[104.5433,36.1723],[104.56,36.1688],[104.5691,36.1633],[104.5695,36.1431],[104.5587,36.1325],[104.5651,36.1175],[104.561,36.1106],[104.5632,36.0977],[104.5364,36.0881],[104.5323,36.0743],[104.5167,36.0619],[104.5234,36.0443],[104.5052,36.0383],[104.4978,36.0202]]]},"properties":{"region_code":"CN-62-6204","parent_region_code":"CN-62","name":"白银市","level":"prefecture","has_children":true,"full_path":"中国 / 甘肃省 / 白银市","source_admin_code":"6204","osm_relation_id":2702854}},
{"type":"Feature","geometry":{"type":"Polygon","coordinates":[[[104.9858,34.4264],[105.0006,34.4212],[105.0308,34.4211],[105.0342,34.4286],[105.0575,34.4447],[105.0699,34.4467],[105.0803,34.4612],[105.104,34.4612],[105.1133,34.4748],[105.1154,34.487],[105.1242,34.4981],[105.1235,34.5049],[105.1316,34.5134],[105.1397,34.5135],[105.1424,34.5261],[105.1576,34.5291],[105.1679,34.5225],[105.1739,34.5262],[105.184,34.5211],[105.199,34.5269],[105.2067,34.5211],[105.2199,34.5299],[105.2401,34.53],[105.245,34.5168],[105.2427,34.5085],[105.2507,34.5027],[105.2512,34.4907],[105.2609,34.4749],[105.2551,34.4674],[105.2557,34.4526],[105.2858,34.4431],[105.2852,34.4328],[105.2961,34.4297],[105.3132,34.4413],[105.337,34.4331],[105.3428,34.4374],[105.366,34.4181],[105.3764,34.4133],[105.3881,34.4169],[105.4023,34.4256],[105.4249,34.4152],[105.4388,34.4038],[105.4452,34.4037],[105.4567,34.393],[105.4585,34.3844],[105.4731,34.3748],[105.4766,34.3658],[105.4848,34.3608],[105.4934,34.3351],[105.5142,34.3094],[105.5275,34.3111],[105.5421,34.322],[105.554,34.3096],[105.5235,34.287],[105.5238,34.2773],[105.5473,34.2592],[105.5352,34.2512],[105.5398,34.2366],[105.5507,34.2336],[105.555,34.2226],[105.5529,34.1985],[105.5496,34.1905],[105.5556,34.1784],[105.5536,34.1656],[105.5451,34.1605],[105.55,34.1452],[105.5601,34.1409],[105.5526,34.1331],[105.5473,34.1203],[105.5493,34.1028],[105.574,34.0832],[105.5787,34.0876],[105.5905,34.085],[105.5969,34.0957],[105.5904,34.1018],[105.5949,34.1079],[105.6205,34.0982],[105.6117,34.089],[105.6205,34.0834],[105.6346,34.083],[105.6396,34.1086],[105.6475,34.1123],[105.648,34.1248],[105.6581,34.1303],[105.6586,34.1442],[105.6734,34.1557],[105.6864,34.1579],[105.698,34.1658],[105.7114,34.1613],[105.7193,34.1767],[105.7521,34.173],[105.7725,34.1522],[105.7657,34.1418],[105.7658,34.1338],[105.7749,34.1231],[105.7879,34.1302],[105.7953,34.1396],[105.8103,34.1509],[105.8168,34.1477],[105.8278,34.1558],[105.8372,34.1537],[105.8528,34.1567],[105.8608,34.144],[105.8565,34.135],[105.8595,34.1286],[105.8876,34.1256],[105.8983,34.1215],[105.9091,34.1373],[105.9184,34.1341],[105.9342,34.1456],[105.9484,34.1513],[105.9659,34.1491],[105.9822,34.1557],[106.0331,34.1601],[106.0537,34.1494],[106.0668,34.1481],[106.0724,34.1424],[106.0767,34.1271],[106.094,34.1289],[106.0978,34.121],[106.1101,34.1144],[106.1276,34.1136],[106.1476,34.1249],[106.1861,34.112],[106.2098,34.1193],[106.2216,34.1182],[106.2439,34.1343],[106.239,34.1513],[106.2518,34.1533],[106.2633,34.1631],[106.2648,34.1791],[106.2715,34.1904],[106.272,34.2029],[106.2664,34.2103],[106.2757,34.2195],[106.2774,34.2273],[106.2962,34.2326],[106.3185,34.2286],[106.3264,34.2196],[106.3264,34.2035],[106.336,34.1967],[106.3387,34.1884],[106.3349,34.1784],[106.3407,34.1702],[106.3351,34.1601],[106.3214,34.1453],[106.3242,34.1206],[106.3351,34.1032],[106.3616,34.1006],[106.3719,34.1031],[106.3876,34.1129],[106.3991,34.1093],[106.4149,34.1137],[106.4163,34.119],[106.4366,34.1237],[106.4396,34.1333],[106.4521,34.1451],[106.4658,34.1461],[106.4694,34.1554],[106.4663,34.1679],[106.4756,34.1875],[106.4829,34.1889],[106.4895,34.1981],[106.4893,34.2136],[106.4859,34.2207],[106.4871,34.2448],[106.4842,34.2505],[106.4989,34.2648],[106.5221,34.2938],[106.5519,34.2828],[106.5731,34.2826],[106.5787,34.2614],[106.5851,34.2517],[106.5993,34.2632],[106.6164,34.2661],[106.6233,34.2582],[106.6421,34.249],[106.6619,34.2499],[106.6756,34.2567],[106.678,34.2691],[106.6842,34.2766],[106.6918,34.2747],[106.7045,34.2856],[106.6935,34.2885],[106.7006,34.3124],[106.6928,34.3291],[106.6801,34.3318],[106.6873,34.3449],[106.7108,34.3507],[106.7122,34.3708],[106.7039,34.3776],[106.6773,34.3753],[106.6756,34.3854],[106.6602,34.3827],[106.6476,34.3932],[106.6344,34.3929],[106.636,34.4024],[106.6272,34.4041],[106.6211,34.4122],[106.6066,34.4561],[106.5954,34.4544],[106.5867,34.4577],[106.5766,34.4752],[106.5639,34.4768],[106.5653,34.4864],[106.51,34.4992],[106.5091,34.5137],[106.4976,34.5128],[106.4854,34.5174],[106.4815,34.5261],[106.4729,34.5228],[106.4653,34.5305],[106.4413,34.5246],[106.4303,34.5289],[106.4209,34.5246],[106.4028,34.524],[106.3967,34.5116],[106.3828,34.512],[106.3767,34.522],[106.3605,34.5135],[106.3444,34.5209],[106.3307,34.5194],[106.3383,34.5377],[106.3352,34.5452],[106.3403,34.5579],[106.3368,34.5693],[106.325,34.5768],[106.3098,34.5804],[106.3184,34.5909],[106.3634,34.6115],[106.3741,34.6254],[106.3904,34.6275],[106.4005,34.6395],[106.4149,34.6443],[106.4211,34.6553],[106.4421,34.6378],[106.4611,34.6383],[106.4695,34.6495],[106.466,34.6552],[106.4411,34.6706],[106.4385,34.6891],[106.4556,34.7086],[106.4735,34.7111],[106.4883,34.7218],[106.4965,34.7447],[106.502,34.7479],[106.5397,34.7469],[106.5482,34.7527],[106.5446,34.7622],[106.5623,34.7661],[106.5709,34.771],[106.5751,34.7799],[106.5741,34.7899],[106.5612,34.7979],[106.5606,34.81],[106.5537,34.8127],[106.5477,34.8251],[106.5559,34.8529],[106.5518,34.8625],[106.5206,34.8798],[106.5134,34.8949],[106.506,34.926],[106.4889,34.942],[106.4886,34.9625],[106.4787,34.9806],[106.4922,34.989],[106.4906,35.0066],[106.494,35.0169],[106.4842,35.0223],[106.4735,35.0323],[106.4584,35.0419],[106.4434,35.0345],[106.4256,35.0391],[106.4148,35.0346],[106.4005,35.0355],[106.3918,35.0524],[106.3848,35.0527],[106.3774,35.0612],[106.3812,35.0714],[106.3944,35.0838],[106.3739,35.0883],[106.368,35.1012],[106.3771,35.1079],[106.3719,35.1186],[106.3717,35.1372],[106.3424,35.132],[106.334,35.1233],[106.3171,35.1187],[106.3108,35.1213],[106.3016,35.1486],[106.2794,35.1601],[106.2739,35.1695],[106.2622,35.1727],[106.2447,35.1696],[106.2397,35.1619],[106.2058,35.1538],[106.2009,35.1594],[106.1777,35.1658],[106.175,35.153],[106.1663,35.1466],[106.1563,35.121],[106.1439,35.1339],[106.1467,35.1471],[106.1364,35.1446],[106.1366,35.1346],[106.1273,35.1328],[106.1104,35.1229],[106.0829,35.115],[106.0619,35.1222],[106.0373,35.1068],[106.0232,35.093],[106.007,35.0939],[106.002,35.1028],[105.9901,35.1124],[105.9877,35.1207],[105.9765,35.1187],[105.9614,35.1073],[105.9572,35.1002],[105.9462,35.0974],[105.9279,35.0986],[105.9302,35.0595],[105.9211,35.0578],[105.9118,35.0669],[105.9021,35.0685],[105.8855,35.0589],[105.8831,35.0524],[105.8604,35.0538],[105.8454,35.0596],[105.8401,35.0734],[105.8096,35.0668],[105.7941,35.0729],[105.7807,35.0748],[105.7795,35.0579],[105.7734,35.0457],[105.785,35.0354],[105.7819,35.0295],[105.7688,35.0237],[105.7508,35.0247],[105.7444,35.0208],[105.7357,35.0335],[105.7447,35.0442],[105.733,35.0526],[105.7274,35.0465],[105.7286,35.0338],[105.7199,35.0321],[105.7143,35.0467],[105.7031,35.0558],[105.7038,35.0639],[105.6959,35.0745],[105.6855,35.0758],[105.6618,35.1015],[105.6548,35.0971],[105.6467,35.1024],[105.6437,35.1118],[105.6321,35.116],[105.6329,35.1258],[105.6399,35.1408],[105.6226,35.1453],[105.6081,35.155],[105.5993,35.1533],[105.5848,35.1631],[105.5731,35.1763],[105.5546,35.1676],[105.5551,35.1547],[105.5439,35.1528],[105.5307,35.1452],[105.5401,35.1345],[105.5589,35.1227],[105.5467,35.1082],[105.5407,35.0916],[105.5321,35.0841],[105.5288,35.0614],[105.5194,35.0596],[105.5078,35.0698],[105.511,35.0796],[105.5002,35.0792],[105.4942,35.0893],[105.4831,35.0932],[105.4708,35.1034],[105.4676,35.1145],[105.4557,35.1213],[105.4584,35.1308],[105.4479,35.1332],[105.4398,35.1235],[105.4241,35.1209],[105.4089,35.1137],[105.4088,35.0979],[105.4007,35.0831],[105.389,35.0841],[105.3916,35.0615],[105.3518,35.0668],[105.3512,35.0523],[105.3466,35.0436],[105.3389,35.0414],[105.3255,35.0491],[105.3043,35.0484],[105.2901,35.0518],[105.2854,35.048],[105.2974,35.027],[105.2968,35.0179],[105.2851,35.0116],[105.2732,35.018],[105.2828,35.0255],[105.2711,35.0366],[105.2585,35.032],[105.241,35.0141],[105.2382,35.0069],[105.2532,34.9992],[105.2597,34.9777],[105.2546,34.9746],[105.2507,34.9605],[105.2369,34.9505],[105.222,34.9439],[105.2129,34.9321],[105.2012,34.938],[105.1874,34.9389],[105.1896,34.9539],[105.1829,34.9651],[105.1616,34.9734],[105.1469,34.9608],[105.1371,34.9654],[105.133,34.9729],[105.117,34.9719],[105.1109,34.9761],[105.0769,34.973],[105.0702,34.98],[105.0576,34.9844],[105.0641,34.9641],[105.0753,34.9609],[105.0579,34.9418],[105.0475,34.9384],[105.0403,34.9303],[105.025,34.9228],[105.0064,34.9389],[104.9848,34.943],[104.9757,34.939],[104.9665,34.9426],[104.967,34.9561],[104.9514,34.9513],[104.9512,34.9454],[104.941,34.9399],[104.9291,34.9386],[104.9276,34.9476],[104.9184,34.9519],[104.9042,34.9394],[104.8957,34.9269],[104.9071,34.9191],[104.8979,34.9086],[104.9062,34.9058],[104.8995,34.8891],[104.8897,34.8786],[104.8942,34.867],[104.8881,34.8622],[104.8766,34.8653],[104.8668,34.8619],[104.859,34.8674],[104.8342,34.8695],[104.8275,34.8663],[104.8049,34.8699],[104.7579,34.8694],[104.7373,34.8598],[104.7348,34.8716],[104.7119,34.8682],[104.7051,34.8582],[104.6936,34.8598],[104.6676,34.8725],[104.6528,34.8778],[104.6409,34.8733],[104.6354,34.8773],[104.6167,34.8717],[104.606,34.8516],[104.5942,34.8372],[104.5983,34.8185],[104.5942,34.803],[104.5825,34.7897],[104.5809,34.7694],[104.5999,34.754],[104.6035,34.7459],[104.595,34.7319],[104.5766,34.7255],[104.5834,34.7167],[104.599,34.7115],[104.5892,34.7037],[104.5954,34.6961],[104.5998,34.6783],[104.5923,34.6665],[104.592,34.6544],[104.6111,34.6519],[104.6298,34.6533],[104.6623,34.6629],[104.6925,34.6734],[104.6968,34.6694],[104.6859,34.6449],[104.6916,34.6391],[104.6949,34.6222],[104.6807,34.6063],[104.6797,34.5976],[104.6697,34.5799],[104.6699,34.5732],[104.6814,34.5581],[104.6983,34.542],[104.7101,34.5416],[104.726,34.549],[104.7327,34.5568],[104.7415,34.5554],[104.7433,34.5366],[104.7503,34.5256],[104.7457,34.5139],[104.7445,34.4995],[104.7472,34.4874],[104.7455,34.4767],[104.7628,34.4741],[104.7779,34.4894],[104.7873,34.4935],[104.7921,34.4872],[104.7847,34.4615],[104.7874,34.4388],[104.7988,34.4359],[104.8072,34.4482],[104.816,34.4441],[104.8261,34.4479],[104.8536,34.4382],[104.8602,34.4302],[104.8765,34.4274],[104.8913,34.4303],[104.9004,34.4397],[104.92,34.4395],[104.9366,34.434],[104.9561,34.4443],[104.9609,34.4375],[104.9738,34.4364],[104.9858,34.4264]]]},"properties":{"region_code":"CN-62-6205","parent_region_code":"CN-62","name":"天水市","level":"prefecture","has_children":true,"full_path":"中国 / 甘肃省 / 天水市","source_admin_code":"6205","osm_relation_id":2697305}},
{"type":"Feature","geometry":{"type":"Polygon","coordinates":[[[103.5678,37.036],[103.5785,37.0456],[103.5863,37.0657],[103.596,37.0705],[103.6161,37.0633],[103.6335,37.0851],[103.6301,37.0932],[103.6324,37.1128],[103.6237,37.126],[103.6496,37.1344],[103.6546,37.166],[103.6705,37.1892],[103.6729,37.2018],[103.6796,37.2099],[103.6828,37.2297],[103.692,37.2384],[103.7106,37.2279],[103.7342,37.2335],[103.7428,37.2461],[103.7278,37.2506],[103.7197,37.2591],[103.7439,37.2824],[103.755,37.2761],[103.7543,37.2945],[103.7456,37.3022],[103.7536,37.3118],[103.7639,37.3038],[103.7681,37.3191],[103.7744,37.3284],[103.7609,37.3393],[103.7677,37.3557],[103.7487,37.3721],[103.7336,37.3774],[103.7289,37.3929],[103.7441,37.4186],[103.7532,37.4286],[103.7653,37.4251],[103.7674,37.4331],[103.761,37.4462],[103.7718,37.4691],[103.7786,37.4883],[103.7635,37.5046],[103.7617,37.5142],[103.7537,37.5175],[103.756,37.5382],[103.7668,37.5566],[103.7737,37.5634],[103.7845,37.5885],[103.8033,37.5989],[103.8398,37.6319],[103.8672,37.6066],[103.8377,37.6473],[103.8156,37.6662],[103.6717,37.785],[103.4989,37.8328],[103.3993,37.8611],[103.3974,37.8777],[103.3889,37.9112],[103.3826,37.9472],[103.3769,37.9656],[103.3679,37.9752],[103.3633,38.0003],[103.354,38.0259],[103.3603,38.0394],[103.3564,38.0539],[103.3565,38.0722],[103.3669,38.0887],[103.55,38.1594],[103.4706,38.3336],[103.4639,38.3511],[103.4253,38.3952],[103.4118,38.4045],[103.4985,38.4511],[103.5783,38.4949],[103.749,38.5871],[103.8594,38.6463],[103.9406,38.7612],[104.0048,38.8513],[104.0321,38.8919],[104.1692,38.9391],[104.194,38.9876],[104.1876,39.0455],[104.1998,39.0835],[104.1745,39.1539],[104.0938,39.2419],[104.0443,39.2966],[104.0593,39.3337],[104.0874,39.4193],[103.943,39.4587],[103.8471,39.4605],[103.6382,39.4065],[103.496,39.3698],[103.3594,39.334],[103.3423,39.329],[103.2594,39.2657],[103.169,39.2059],[103.1357,39.197],[103.0101,39.0985],[102.8007,39.1408],[102.6051,39.1722],[102.6004,39.1738],[102.5186,39.2186],[102.4541,39.255],[102.351,39.2312],[102.2818,39.1918],[102.1472,39.1624],[102.0607,39.1439],[101.8309,39.0932],[101.8297,39.0914],[101.9369,39.0023],[101.9762,38.9683],[102.0715,38.8905],[101.9594,38.9952],[102.0267,38.986],[102.0857,38.9808],[102.0911,38.9599],[102.1427,38.9395],[102.2679,38.9134],[102.2764,38.9442],[102.4157,38.8923],[102.4099,38.8849],[102.4239,38.8771],[102.4405,38.8019],[102.4131,38.7819],[102.3927,38.6687],[102.4059,38.6592],[102.4075,38.6536],[102.425,38.6435],[102.4449,38.6285],[102.4545,38.6179],[102.4583,38.5925],[102.4779,38.5839],[102.487,38.5693],[102.4942,38.5477],[102.5024,38.5404],[102.5192,38.5144],[102.5344,38.5087],[102.5344,38.5001],[102.6139,38.4708],[102.5713,38.417],[102.6744,38.4162],[102.7002,38.4122],[102.7029,38.3929],[102.69,38.3488],[102.692,38.3387],[102.6874,38.2822],[102.7007,38.2741],[102.7055,38.2618],[102.7157,38.2583],[102.7223,38.2474],[102.7272,38.2246],[102.7146,38.217],[102.7241,38.2013],[102.7127,38.1847],[102.6777,38.1887],[102.6753,38.1856],[102.6768,38.1582],[102.6383,38.1595],[102.6098,38.1728],[102.588,38.172],[102.5635,38.176],[102.556,38.1826],[102.5344,38.1853],[102.5205,38.1773],[102.5116,38.1661],[102.4948,38.1613],[102.4729,38.1414],[102.4575,38.1333],[102.4448,38.1152],[102.4287,38.1103],[102.408,38.1152],[102.4075,38.1294],[102.3989,38.1366],[102.3767,38.1447],[102.3645,38.1455],[102.3343,38.1384],[102.321,38.1378],[102.3214,38.1308],[102.2991,38.128],[102.2745,38.1282],[102.2646,38.1223],[102.2337,38.1138],[102.2283,38.0984],[102.2185,38.0874],[102.2147,38.0661],[102.2103,38.0603],[102.1914,38.0552],[102.1846,38.0621],[102.1738,38.0506],[102.1636,38.0621],[102.151,38.053],[102.1386,38.0517],[102.1295,38.0429],[102.1075,38.0422],[102.093,38.0333],[102.0947,38.0316],[102.1038,38.0346],[102.1059,38.0241],[102.1088,38.0097],[102.1199,38.0086],[102.123,37.9977],[102.1319,37.9871],[102.1469,37.9803],[102.1509,37.968],[102.17,37.9632],[102.1713,37.9412],[102.1694,37.9292],[102.1611,37.9256],[102.1646,37.9099],[102.1731,37.8982],[102.1519,37.8845],[102.1555,37.8732],[102.2037,37.8578],[102.1983,37.8409],[102.1987,37.8314],[102.1665,37.8193],[102.1566,37.8115],[102.137,37.7775],[102.1235,37.7737],[102.1273,37.7653],[102.1118,37.7589],[102.1063,37.7473],[102.0902,37.7379],[102.0827,37.7266],[102.0826,37.7164],[102.0768,37.7092],[102.077,37.6932],[102.0643,37.691],[102.0516,37.676],[102.0459,37.6633],[102.0521,37.6541],[102.0478,37.6388],[102.0333,37.627],[102.0377,37.6207],[102.0602,37.6105],[102.0642,37.5937],[102.0716,37.5829],[102.0992,37.5741],[102.1049,37.5636],[102.1258,37.5511],[102.1288,37.546],[102.116,37.53],[102.1201,37.5153],[102.1112,37.5072],[102.1105,37.4978],[102.1013,37.4923],[102.1063,37.4807],[102.1223,37.4849],[102.1505,37.4725],[102.1766,37.4564],[102.1874,37.4322],[102.1959,37.4197],[102.2079,37.4202],[102.2472,37.4109],[102.2541,37.4024],[102.2692,37.3924],[102.2947,37.3917],[102.2972,37.3695],[102.3068,37.3622],[102.3392,37.3472],[102.3662,37.3271],[102.3816,37.3223],[102.3906,37.3243],[102.4026,37.3159],[102.4175,37.3135],[102.4262,37.3077],[102.4177,37.2965],[102.4237,37.2867],[102.4486,37.2712],[102.4587,37.2462],[102.4783,37.2403],[102.486,37.2251],[102.5063,37.2174],[102.5165,37.2195],[102.5313,37.2171],[102.5429,37.208],[102.5468,37.1987],[102.5581,37.192],[102.5668,37.1799],[102.578,37.1723],[102.5998,37.1738],[102.6074,37.1576],[102.6259,37.1278],[102.6387,37.1151],[102.6358,37.1],[102.6212,37.1034],[102.5811,37.104],[102.5725,37.0967],[102.5619,37.0963],[102.5294,37.0871],[102.5111,37.0922],[102.4961,37.0902],[102.4865,37.0784],[102.4897,37.0635],[102.4971,37.0581],[102.4923,37.0434],[102.5035,37.0237],[102.4804,37.0006],[102.4653,36.9893],[102.4656,36.9763],[102.4491,36.9685],[102.4611,36.9571],[102.4803,36.9542],[102.4981,36.9545],[102.498,36.9436],[102.5105,36.9391],[102.5217,36.9398],[102.5263,36.9276],[102.5358,36.9274],[102.5596,36.9192],[102.5596,36.9054],[102.5672,36.8967],[102.5695,36.8865],[102.585,36.8705],[102.6117,36.8647],[102.623,36.86],[102.6256,36.8515],[102.6386,36.8519],[102.6751,36.8084],[102.7018,36.792],[102.7124,36.7771],[102.7153,36.7671],[102.6924,36.7753],[102.6768,36.7618],[102.6673,36.7588],[102.6544,36.7471],[102.6493,36.7479],[102.6431,36.7342],[102.6342,36.7334],[102.6122,36.7389],[102.5997,36.7102],[102.6065,36.7013],[102.6032,36.6963],[102.6075,36.6782],[102.617,36.6733],[102.6274,36.6539],[102.6398,36.6452],[102.6745,36.627],[102.6871,36.6179],[102.7131,36.6167],[102.7226,36.6141],[102.7164,36.6024],[102.7417,36.5828],[102.752,36.5834],[102.7626,36.5755],[102.7595,36.5685],[102.7484,36.5674],[102.7358,36.5713],[102.7327,36.562],[102.7431,36.5382],[102.7511,36.5263],[102.7694,36.5217],[102.776,36.5156],[102.7766,36.5042],[102.7873,36.5034],[102.7976,36.5092],[102.7914,36.5174],[102.8035,36.5285],[102.795,36.5344],[102.8008,36.5433],[102.7929,36.5623],[102.802,36.5633],[102.8039,36.5711],[102.796,36.5784],[102.7989,36.5851],[102.779,36.5868],[102.7791,36.6027],[102.772,36.6096],[102.7773,36.6158],[102.7784,36.63],[102.7641,36.6479],[102.7551,36.6423],[102.7409,36.6417],[102.7459,36.6507],[102.7546,36.6463],[102.7607,36.6551],[102.7703,36.6577],[102.7718,36.6661],[102.7557,36.6649],[102.7361,36.6677],[102.7495,36.6857],[102.7596,36.6926],[102.7497,36.7002],[102.746,36.7088],[102.7504,36.7216],[102.7283,36.7291],[102.7267,36.74],[102.7388,36.7401],[102.7693,36.7491],[102.7818,36.7485],[102.7772,36.7218],[102.7941,36.7132],[102.7885,36.6639],[102.7812,36.657],[102.781,36.6493],[102.7973,36.647],[102.8195,36.6479],[102.8235,36.6452],[102.8189,36.6173],[102.829,36.6133],[102.8426,36.6133],[102.8512,36.6201],[102.8432,36.6285],[102.8525,36.6362],[102.8479,36.6436],[102.8547,36.6482],[102.8808,36.6559],[102.8885,36.6619],[102.875,36.6725],[102.8525,36.6798],[102.8526,36.696],[102.8399,36.7097],[102.8131,36.7253],[102.8121,36.7324],[102.8171,36.7587],[102.83,36.7617],[102.8398,36.7713],[102.8385,36.7868],[102.8232,36.7975],[102.8443,36.8093],[102.836,36.8215],[102.8244,36.8252],[102.8121,36.8352],[102.8132,36.8445],[102.8357,36.8451],[102.8531,36.8362],[102.8674,36.8402],[102.8813,36.8592],[102.9051,36.8431],[102.9182,36.8381],[102.9294,36.8451],[102.9415,36.8451],[102.9578,36.8549],[102.9439,36.875],[102.9348,36.8818],[102.9212,36.8752],[102.9136,36.8787],[102.9097,36.8916],[102.917,36.8993],[102.9202,36.9182],[102.9174,36.9353],[102.9535,36.9288],[102.963,36.9363],[102.9634,36.943],[102.9748,36.9481],[103.0037,36.9464],[103.0296,36.954],[103.0695,36.9552],[103.0726,36.9446],[103.0899,36.9479],[103.1014,36.9462],[103.1087,36.9518],[103.1364,36.949],[103.1467,36.9512],[103.1782,36.9468],[103.1744,36.9372],[103.1639,36.9256],[103.1641,36.9142],[103.1689,36.9028],[103.1826,36.9072],[103.1981,36.922],[103.2025,36.9308],[103.2011,36.9431],[103.2285,36.937],[103.2302,36.9552],[103.2227,36.9774],[103.2108,36.9906],[103.1951,36.9916],[103.2153,37.0122],[103.2283,37.0146],[103.2455,37.0293],[103.2632,37.0197],[103.2483,37.0077],[103.2384,37.0033],[103.2342,36.9897],[103.2554,36.9742],[103.2696,36.9599],[103.2718,36.9518],[103.2641,36.939],[103.2477,36.9235],[103.2464,36.9154],[103.2635,36.9077],[103.2799,36.915],[103.2872,36.9082],[103.3044,36.9117],[103.3109,36.9067],[103.3299,36.9166],[103.3445,36.9162],[103.3465,36.8947],[103.3595,36.8915],[103.3768,36.8787],[103.378,36.863],[103.3744,36.8541],[103.3849,36.841],[103.3861,36.8333],[103.3965,36.8259],[103.4112,36.8289],[103.4252,36.8277],[103.4504,36.8327],[103.451,36.8396],[103.4649,36.851],[103.47,36.86],[103.4705,36.874],[103.4856,36.8697],[103.4981,36.8585],[103.5164,36.8496],[103.5305,36.8609],[103.5382,36.8828],[103.53,36.8872],[103.5176,36.9023],[103.4985,36.8949],[103.4975,36.9124],[103.4792,36.935],[103.4623,36.94],[103.4535,36.9355],[103.4457,36.9389],[103.4394,36.9495],[103.4297,36.9459],[103.4268,36.9369],[103.3996,36.9303],[103.4022,36.9232],[103.3774,36.9179],[103.3649,36.9081],[103.3518,36.9236],[103.3461,36.9264],[103.3463,36.9577],[103.3385,36.96],[103.3273,36.9544],[103.3254,36.9463],[103.3063,36.9494],[103.3046,36.9586],[103.3124,36.9659],[103.3147,36.9865],[103.3571,36.9966],[103.3953,36.9985],[103.4294,36.9985],[103.437,36.9961],[103.4525,36.9812],[103.4817,36.9662],[103.4998,36.9605],[103.5297,36.9708],[103.5357,36.9866],[103.5188,37.0289],[103.5448,37.0344],[103.5539,37.0304],[103.5678,37.036]],[[103.2058,37.0144],[103.1967,37.0168],[103.1718,36.9979],[103.1496,37.0001],[103.1563,37.0148],[103.1643,37.0226],[103.1737,37.0386],[103.1775,37.0544],[103.1776,37.0725],[103.1833,37.0763],[103.2017,37.0771],[103.2121,37.0738],[103.2188,37.0637],[103.2089,37.0448],[103.2159,37.0385],[103.2079,37.0288],[103.2058,37.0144]]]},"properties":{"region_code":"CN-62-6206","parent_region_code":"CN-62","name":"武威市","level":"prefecture","has_children":true,"full_path":"中国 / 甘肃省 / 武威市","source_admin_code":"6206","osm_relation_id":165830}},
{"type":"Feature","geometry":{"type":"Polygon","coordinates":[[[97.8566,39.7106],[97.8332,39.6904],[97.8295,39.6842],[97.8129,39.6826],[97.8088,39.6788],[97.7947,39.6834],[97.7871,39.6787],[97.7543,39.6878],[97.7483,39.6857],[97.7077,39.6932],[97.7006,39.6968],[97.6917,39.6825],[97.6758,39.6779],[97.6556,39.6307],[97.6285,39.626],[97.6181,39.6339],[97.61,39.6204],[97.5875,39.6055],[97.5687,39.5606],[97.5467,39.5487],[97.5197,39.5392],[97.5142,39.5243],[97.517,39.5078],[97.5147,39.4978],[97.5025,39.4915],[97.4895,39.4901],[97.4767,39.4716],[97.4806,39.4592],[97.4905,39.4479],[97.4873,39.4343],[97.4774,39.3741],[97.4539,39.3527],[97.4295,39.3491],[97.4198,39.3355],[97.408,39.3284],[97.3934,39.312],[97.404,39.2503],[97.4289,39.2056],[97.397,39.1752],[97.394,39.1597],[97.4004,39.1459],[97.4259,39.1246],[97.4393,39.121],[97.4626,39.1189],[97.4745,39.1075],[97.4766,39.0978],[97.4872,39.0917],[97.489,39.0806],[97.528,39.0712],[97.5497,39.0681],[97.5584,39.0573],[97.5871,39.0489],[97.5938,39.0412],[97.6219,39.0309],[97.6373,39.0271],[97.6472,39.0192],[97.6645,39.012],[97.6897,39.0065],[97.688,38.9899],[97.6821,38.9775],[97.6855,38.9704],[97.7247,38.9671],[97.7364,38.9569],[97.7517,38.9557],[97.7608,38.944],[97.7822,38.9391],[97.7933,38.9422],[97.8029,38.9358],[97.8119,38.9397],[97.8298,38.93],[97.8814,38.8986],[97.8903,38.8993],[97.9007,38.8875],[97.9172,38.8788],[97.9253,38.8822],[97.9553,38.8738],[97.9587,38.8698],[97.983,38.8603],[97.9949,38.8617],[98.013,38.8593],[98.0286,38.8437],[98.032,38.8314],[98.0453,38.8273],[98.0518,38.8189],[98.066,38.8187],[98.0803,38.7977],[98.0927,38.7859],[98.1029,38.7949],[98.1154,38.7976],[98.1187,38.8087],[98.1509,38.8194],[98.1687,38.8413],[98.2025,38.8562],[98.2245,38.8736],[98.2393,38.8791],[98.2511,38.8887],[98.2515,38.907],[98.237,38.9143],[98.2363,38.9416],[98.2447,38.959],[98.2571,38.9907],[98.2642,39.0274],[98.2629,39.0418],[98.2747,39.0418],[98.2889,39.0359],[98.3164,39.0372],[98.3618,39.0298],[98.3801,39.0323],[98.3904,39.0249],[98.4008,39.0228],[98.4003,39.0008],[98.4074,38.9977],[98.4253,38.9996],[98.4335,38.9889],[98.43,38.9705],[98.4563,38.9585],[98.4694,38.9568],[98.4932,38.9457],[98.5012,38.9532],[98.5402,38.9574],[98.5812,38.928],[98.5896,38.9312],[98.5958,38.945],[98.6152,38.9476],[98.6239,38.9566],[98.6126,38.9798],[98.6633,38.9948],[98.6725,39.008],[98.6918,39.0213],[98.7039,39.0428],[98.7192,39.0483],[98.7309,39.0574],[98.7433,39.0756],[98.7442,39.087],[98.7591,39.0904],[98.7671,39.0855],[98.7785,39.0886],[98.8117,39.0867],[98.8232,39.0728],[98.8188,39.0658],[98.8395,39.054],[98.8553,39.0529],[98.8576,39.0473],[98.8735,39.049],[98.8979,39.0203],[98.9015,39.0107],[98.9408,38.9948],[98.9564,38.9842],[98.9829,38.9851],[98.993,38.9773],[99.0042,38.9781],[99.0133,38.9851],[99.0578,38.9759],[99.0655,38.9623],[99.0793,38.9532],[99.0927,38.9551],[99.106,38.9512],[99.1009,38.9431],[99.0631,38.9112],[99.0604,38.9062],[99.0772,38.8937],[99.0873,38.8901],[99.0933,38.88],[99.1002,38.8785],[99.1197,38.864],[99.1465,38.8494],[99.1566,38.8382],[99.1577,38.8316],[99.1748,38.8303],[99.1786,38.8166],[99.1909,38.8158],[99.218,38.7899],[99.2541,38.7832],[99.2859,38.7676],[99.3301,38.738],[99.3495,38.7367],[99.3526,38.7246],[99.3763,38.7092],[99.3736,38.6952],[99.3985,38.6717],[99.4147,38.6695],[99.4151,38.6605],[99.4277,38.6466],[99.4345,38.6185],[99.4464,38.6049],[99.4655,38.6048],[99.4961,38.613],[99.5059,38.6114],[99.5129,38.599],[99.5131,38.5675],[99.5237,38.5514],[99.5485,38.5343],[99.5554,38.5199],[99.5806,38.5058],[99.5815,38.4996],[99.5953,38.4962],[99.5991,38.4892],[99.6183,38.4826],[99.6288,38.4739],[99.6422,38.4762],[99.6585,38.4653],[99.6559,38.4406],[99.6757,38.4305],[99.7045,38.4267],[99.7209,38.4198],[99.7239,38.4115],[99.7725,38.4057],[99.7788,38.3977],[99.7764,38.3911],[99.7966,38.387],[99.8152,38.3668],[99.8344,38.3672],[99.8423,38.36],[99.8607,38.3581],[99.8817,38.3519],[99.8868,38.3466],[99.9091,38.3438],[99.9139,38.3371],[99.9291,38.3355],[99.9427,38.3408],[99.9443,38.3314],[99.9579,38.315],[99.965,38.3176],[99.9882,38.3135],[100.0064,38.3125],[100.0155,38.2989],[100.0285,38.2961],[100.0352,38.2885],[100.0569,38.2805],[100.073,38.2846],[100.0917,38.2726],[100.0947,38.2633],[100.1073,38.2551],[100.1192,38.2533],[100.1178,38.2464],[100.1262,38.2321],[100.1519,38.2215],[100.159,38.2103],[100.1693,38.2083],[100.179,38.2142],[100.1835,38.2287],[100.1807,38.2463],[100.1754,38.2582],[100.1655,38.2677],[100.1666,38.2811],[100.1593,38.2926],[100.1634,38.2994],[100.1558,38.3101],[100.1673,38.3205],[100.1628,38.3272],[100.1397,38.332],[100.1253,38.3409],[100.1095,38.3771],[100.0923,38.3959],[100.0907,38.4071],[100.0806,38.405],[100.0751,38.4139],[100.0603,38.4202],[100.047,38.4208],[100.0458,38.4304],[100.0204,38.4331],[100.0248,38.4506],[100.0096,38.4568],[99.9998,38.4668],[100.0231,38.4979],[100.0231,38.5076],[100.0485,38.5127],[100.062,38.519],[100.0701,38.5034],[100.0874,38.4933],[100.1117,38.4961],[100.1236,38.4861],[100.1502,38.4782],[100.1619,38.459],[100.2115,38.4549],[100.2186,38.4472],[100.2289,38.4467],[100.2387,38.4408],[100.2452,38.4222],[100.2462,38.3735],[100.2577,38.3671],[100.2696,38.3793],[100.2817,38.3768],[100.2957,38.3897],[100.3279,38.3504],[100.3316,38.3399],[100.3158,38.3281],[100.3312,38.3194],[100.3583,38.3083],[100.38,38.3066],[100.3791,38.2982],[100.3944,38.2936],[100.422,38.3055],[100.4387,38.2937],[100.4296,38.2716],[100.4608,38.2657],[100.4669,38.281],[100.4734,38.2869],[100.492,38.2792],[100.4956,38.2737],[100.5192,38.2732],[100.5399,38.254],[100.5604,38.2475],[100.5746,38.2504],[100.5941,38.2429],[100.6037,38.2561],[100.6202,38.2664],[100.6468,38.2608],[100.6907,38.2476],[100.7032,38.2479],[100.7112,38.2534],[100.7552,38.2355],[100.7844,38.2029],[100.7868,38.1931],[100.8057,38.1822],[100.8186,38.1615],[100.8429,38.1477],[100.859,38.1474],[100.869,38.1571],[100.8902,38.1679],[100.8998,38.1794],[100.9102,38.1781],[100.9277,38.1686],[100.937,38.1601],[100.9227,38.1481],[100.9165,38.1159],[100.9227,38.0946],[100.9215,38.085],[100.9137,38.0829],[100.9068,38.0727],[100.8861,38.0548],[100.8903,38.0364],[100.8962,38.0295],[100.8945,38.0171],[100.899,38.0096],[100.9165,37.9992],[100.9251,38.0062],[100.9443,38.0046],[100.9587,38.0114],[100.9762,38.0074],[100.9941,37.9902],[101.0187,37.9757],[101.0354,37.9748],[101.0399,37.9659],[101.0578,37.9589],[101.0587,37.9549],[101.075,37.9415],[101.0909,37.9398],[101.101,37.9465],[101.1093,37.9366],[101.112,37.92],[101.1238,37.9159],[101.1323,37.9061],[101.1504,37.8925],[101.1504,37.8812],[101.1578,37.8673],[101.1654,37.8692],[101.171,37.86],[101.1816,37.8596],[101.2014,37.8467],[101.2184,37.8456],[101.2243,37.8415],[101.24,37.8416],[101.2557,37.8325],[101.2742,37.8364],[101.2899,37.8242],[101.3003,37.8247],[101.3031,37.8166],[101.3282,37.8044],[101.3461,37.7993],[101.3539,37.7897],[101.374,37.7994],[101.3724,37.805],[101.3778,37.8213],[101.3873,37.8276],[101.401,37.8309],[101.4086,37.8447],[101.4181,37.8468],[101.4351,37.8606],[101.4369,37.8674],[101.457,37.8656],[101.4617,37.8567],[101.4808,37.853],[101.4984,37.8575],[101.5072,37.8548],[101.5407,37.8386],[101.5729,37.835],[101.5965,37.8271],[101.6001,37.8193],[101.6172,37.8096],[101.6291,37.7873],[101.6389,37.7755],[101.6558,37.7686],[101.6684,37.7539],[101.6569,37.7407],[101.6573,37.733],[101.7001,37.7196],[101.7481,37.7062],[101.7871,37.6967],[101.7967,37.6874],[101.8117,37.6812],[101.8094,37.6632],[101.8142,37.6539],[101.8272,37.6556],[101.8525,37.6643],[101.858,37.6605],[101.8755,37.6865],[101.8925,37.7006],[101.9071,37.7034],[101.9294,37.7215],[101.9446,37.7278],[101.9666,37.7253],[101.9795,37.7272],[101.9971,37.7246],[101.9972,37.7194],[102.0142,37.7066],[102.017,37.6941],[102.0313,37.6879],[102.0344,37.6792],[102.0322,37.6669],[102.0452,37.6537],[102.044,37.6416],[102.0333,37.627],[102.0478,37.6388],[102.0521,37.6541],[102.0459,37.6633],[102.0516,37.676],[102.0643,37.691],[102.077,37.6932],[102.0768,37.7092],[102.0826,37.7164],[102.0827,37.7266],[102.0902,37.7379],[102.1063,37.7473],[102.1118,37.7589],[102.1273,37.7653],[102.1235,37.7737],[102.137,37.7775],[102.1566,37.8115],[102.1665,37.8193],[102.1987,37.8314],[102.1983,37.8409],[102.2037,37.8578],[102.1555,37.8732],[102.1519,37.8845],[102.1731,37.8982],[102.1646,37.9099],[102.1611,37.9256],[102.1694,37.9292],[102.1713,37.9412],[102.17,37.9632],[102.1509,37.968],[102.1469,37.9803],[102.1319,37.9871],[102.123,37.9977],[102.1199,38.0086],[102.1088,38.0097],[102.1059,38.0241],[102.0947,38.0316],[102.093,38.0333],[102.0884,38.0272],[102.075,38.0314],[102.0635,38.0298],[102.0573,38.0223],[102.0416,38.0249],[102.0244,38.042],[102.0246,38.0556],[102.0157,38.0667],[102.0146,38.0811],[101.9978,38.0905],[101.9812,38.0938],[101.9713,38.0815],[101.9601,38.0783],[101.9388,38.0785],[101.9161,38.0863],[101.9114,38.0937],[101.8841,38.1009],[101.863,38.0959],[101.8524,38.0978],[101.8373,38.0867],[101.8355,38.0804],[101.8147,38.0633],[101.7989,38.0628],[101.776,38.075],[101.7622,38.077],[101.753,38.0869],[101.7388,38.087],[101.7364,38.0942],[101.7149,38.0881],[101.707,38.0897],[101.6971,38.0837],[101.6894,38.0727],[101.675,38.0723],[101.6622,38.0827],[101.6478,38.0882],[101.6376,38.0824],[101.6331,38.0678],[101.6235,38.0603],[101.6129,38.0649],[101.602,38.0582],[101.5734,38.0556],[101.5454,38.0624],[101.5367,38.061],[101.525,38.0654],[101.5129,38.0604],[101.5062,38.0673],[101.4956,38.068],[101.4827,38.0783],[101.4595,38.0869],[101.4472,38.1027],[101.4476,38.1133],[101.4152,38.1182],[101.4046,38.1251],[101.4041,38.1376],[101.414,38.1591],[101.4259,38.1649],[101.4649,38.1991],[101.4829,38.2332],[101.465,38.2427],[101.459,38.2525],[101.4286,38.2666],[101.413,38.2757],[101.4133,38.2833],[101.396,38.2852],[101.3946,38.3034],[101.3896,38.3193],[101.3426,38.3202],[101.339,38.3329],[101.3382,38.36],[101.3409,38.3692],[101.355,38.3636],[101.3686,38.3702],[101.3628,38.3838],[101.3689,38.3886],[101.3915,38.3881],[101.409,38.3927],[101.4113,38.3989],[101.4377,38.3894],[101.4513,38.3932],[101.4668,38.3931],[101.4728,38.3981],[101.4845,38.417],[101.5145,38.4376],[101.5263,38.4566],[101.5057,38.4687],[101.4999,38.4873],[101.5048,38.4971],[101.5177,38.4916],[101.5453,38.4923],[101.5494,38.4954],[101.5416,38.5261],[101.5319,38.5413],[101.5185,38.5555],[101.5377,38.5618],[101.567,38.5784],[101.5613,38.6115],[101.5972,38.6473],[101.6037,38.6481],[101.5867,38.6691],[101.5578,38.7129],[101.5016,38.7294],[101.4855,38.7361],[101.4748,38.7363],[101.4596,38.746],[101.4165,38.7628],[101.4072,38.7624],[101.3948,38.7723],[101.3794,38.7682],[101.3577,38.7718],[101.337,38.7784],[101.3266,38.7763],[101.3061,38.7873],[101.3037,38.801],[101.3206,38.8038],[101.3316,38.8127],[101.3402,38.825],[101.331,38.8475],[101.3015,38.8497],[101.2774,38.8488],[101.2583,38.8587],[101.2362,38.8584],[101.2329,38.9067],[101.1953,38.947],[101.226,39.0208],[101.1338,38.9794],[101.116,38.9746],[100.9615,38.9437],[100.9688,38.9666],[100.9642,39.0003],[100.9578,39.0057],[100.9001,39.0301],[100.8805,38.9957],[100.8288,39.0276],[100.8302,39.064],[100.8268,39.0728],[100.8665,39.1097],[100.8644,39.1243],[100.8504,39.1553],[100.8444,39.1763],[100.8462,39.1946],[100.8382,39.2067],[100.8298,39.4041],[100.7504,39.4038],[100.7273,39.4021],[100.7037,39.4039],[100.6613,39.3926],[100.609,39.387],[100.5646,39.3929],[100.5293,39.3998],[100.4968,39.3998],[100.4978,39.48],[100.4345,39.4864],[100.3236,39.5083],[100.2981,39.5718],[100.3108,39.6081],[100.2449,39.684],[100.1144,39.7047],[100.0349,39.7554],[99.9646,39.7669],[99.9037,39.7874],[99.8202,39.8622],[99.8114,39.865],[99.7709,39.8685],[99.7389,39.8749],[99.7241,39.8758],[99.6862,39.8868],[99.6734,39.8885],[99.65,39.8875],[99.452,39.8747],[99.4409,39.8838],[99.4165,39.8806],[99.3899,39.8801],[99.3739,39.8692],[99.3225,39.8458],[99.2656,39.8375],[99.2461,39.833],[99.2369,39.8496],[99.2286,39.8511],[99.2197,39.8387],[99.2075,39.8301],[99.1947,39.8047],[99.1854,39.8065],[99.1406,39.7957],[99.1129,39.8359],[99.1028,39.8414],[99.0866,39.8394],[99.0705,39.8457],[99.0271,39.855],[98.9839,39.8302],[98.961,39.7916],[98.9517,39.7219],[98.9449,39.7139],[98.9406,39.6953],[98.9541,39.676],[98.9477,39.6636],[98.9073,39.6677],[98.8555,39.6684],[98.8239,39.6757],[98.8071,39.643],[98.8035,39.6281],[98.8056,39.6185],[98.7999,39.6027],[98.8149,39.5985],[98.8155,39.5909],[98.8564,39.5908],[98.8702,39.5939],[98.889,39.5915],[98.9377,39.5771],[98.9463,39.594],[98.9768,39.6184],[99.0273,39.6323],[99.0462,39.6271],[99.0717,39.6154],[99.0545,39.5892],[99.0682,39.565],[99.074,39.5479],[99.0904,39.5319],[99.0947,39.5195],[99.1102,39.5069],[99.126,39.5034],[99.1612,39.4852],[99.1664,39.4807],[99.2325,39.4579],[99.2369,39.4593],[99.3036,39.3515],[99.2882,39.291],[99.1949,39.2844],[99.1931,39.2787],[99.2003,39.2685],[99.2033,39.256],[99.209,39.2515],[99.2104,39.2157],[99.1968,39.1961],[99.1649,39.1619],[99.1626,39.17],[99.1794,39.1808],[99.1478,39.2032],[99.1409,39.2117],[99.1398,39.2454],[99.1215,39.2593],[99.0966,39.2594],[99.0847,39.2665],[99.0753,39.2654],[99.0614,39.255],[99.0409,39.2941],[99.0214,39.3013],[99.0184,39.3086],[98.9973,39.3069],[98.9981,39.3153],[98.9788,39.3163],[98.9687,39.3333],[98.9077,39.3321],[98.9013,39.3158],[98.8847,39.3297],[98.8641,39.3265],[98.853,39.3468],[98.8285,39.3493],[98.7995,39.3597],[98.7517,39.389],[98.7277,39.3985],[98.7097,39.4141],[98.68,39.4239],[98.6599,39.4358],[98.6154,39.4441],[98.6079,39.4489],[98.57,39.459],[98.5616,39.4633],[98.5747,39.4737],[98.5255,39.4664],[98.5157,39.4776],[98.5421,39.477],[98.544,39.4832],[98.5307,39.4859],[98.5466,39.5099],[98.4335,39.575],[98.4104,39.5509],[98.4027,39.5368],[98.3958,39.5334],[98.3624,39.5399],[98.3286,39.567],[98.3558,39.6321],[98.3694,39.6488],[98.3682,39.6524],[98.3162,39.6695],[98.297,39.6786],[98.2795,39.6912],[98.2604,39.693],[98.2582,39.7008],[98.2404,39.7055],[98.2406,39.717],[98.225,39.7248],[98.1944,39.7255],[98.1813,39.7234],[98.1678,39.7133],[98.1565,39.6952],[98.0367,39.6974],[97.9831,39.6651],[97.9685,39.6623],[97.9574,39.672],[97.9388,39.6969],[97.907,39.7002],[97.8802,39.7093],[97.8566,39.7106]]]},"properties":{"region_code":"CN-62-6207","parent_region_code":"CN-62","name":"张掖市","level":"prefecture","has_children":true,"full_path":"中国 / 甘肃省 / 张掖市","source_admin_code":"6207","osm_relation_id":165803}},
{"type":"Feature","geometry":{"type":"Polygon","coordinates":[[[105.3437,35.487],[105.3477,35.4743],[105.3643,35.472],[105.3714,35.4622],[105.3809,35.4569],[105.3852,35.4368],[105.3841,35.4252],[105.4086,35.4031],[105.4223,35.3989],[105.4231,35.3824],[105.4376,35.3728],[105.4393,35.3644],[105.4286,35.3564],[105.4461,35.3525],[105.4514,35.3458],[105.4659,35.347],[105.4725,35.3522],[105.4706,35.3616],[105.4756,35.3775],[105.4743,35.3892],[105.4861,35.3896],[105.4855,35.3806],[105.4977,35.3586],[105.5117,35.3503],[105.5247,35.349],[105.5383,35.343],[105.5251,35.3228],[105.5305,35.3073],[105.5492,35.3051],[105.5487,35.2931],[105.5376,35.2884],[105.5389,35.2675],[105.5334,35.2626],[105.5418,35.2456],[105.551,35.2436],[105.5523,35.2314],[105.5702,35.2063],[105.5752,35.2051],[105.5873,35.2179],[105.5997,35.2231],[105.609,35.2187],[105.6121,35.2063],[105.6035,35.1987],[105.6155,35.1878],[105.6113,35.1745],[105.6302,35.174],[105.6321,35.1646],[105.6462,35.1558],[105.6399,35.1408],[105.6329,35.1258],[105.6321,35.116],[105.6437,35.1118],[105.6467,35.1024],[105.6548,35.0971],[105.6618,35.1015],[105.6855,35.0758],[105.6959,35.0745],[105.7038,35.0639],[105.7031,35.0558],[105.7143,35.0467],[105.7199,35.0321],[105.7286,35.0338],[105.7274,35.0465],[105.733,35.0526],[105.7447,35.0442],[105.7357,35.0335],[105.7444,35.0208],[105.7508,35.0247],[105.7688,35.0237],[105.7819,35.0295],[105.785,35.0354],[105.7734,35.0457],[105.7795,35.0579],[105.7807,35.0748],[105.7941,35.0729],[105.8096,35.0668],[105.8401,35.0734],[105.8454,35.0596],[105.8604,35.0538],[105.8831,35.0524],[105.8855,35.0589],[105.9021,35.0685],[105.9118,35.0669],[105.9211,35.0578],[105.9302,35.0595],[105.9279,35.0986],[105.9462,35.0974],[105.9572,35.1002],[105.9614,35.1073],[105.9765,35.1187],[105.9877,35.1207],[105.9901,35.1124],[106.002,35.1028],[106.007,35.0939],[106.0232,35.093],[106.0373,35.1068],[106.0619,35.1222],[106.0829,35.115],[106.1104,35.1229],[106.1273,35.1328],[106.1366,35.1346],[106.1364,35.1446],[106.1467,35.1471],[106.1439,35.1339],[106.1563,35.121],[106.1663,35.1466],[106.175,35.153],[106.1777,35.1658],[106.2009,35.1594],[106.2058,35.1538],[106.2397,35.1619],[106.2447,35.1696],[106.2622,35.1727],[106.2739,35.1695],[106.2794,35.1601],[106.3016,35.1486],[106.3108,35.1213],[106.3171,35.1187],[106.334,35.1233],[106.3424,35.132],[106.3717,35.1372],[106.3719,35.1186],[106.3771,35.1079],[106.368,35.1012],[106.3739,35.0883],[106.3944,35.0838],[106.3812,35.0714],[106.3774,35.0612],[106.3848,35.0527],[106.3918,35.0524],[106.4005,35.0355],[106.4148,35.0346],[106.4256,35.0391],[106.4434,35.0345],[106.4584,35.0419],[106.4735,35.0323],[106.4842,35.0223],[106.4981,35.0341],[106.5165,35.0284],[106.5323,35.0581],[106.5417,35.0711],[106.5378,35.0843],[106.5558,35.0909],[106.566,35.0801],[106.5716,35.0901],[106.5799,35.0882],[106.6109,35.072],[106.621,35.0746],[106.6362,35.0723],[106.6388,35.0786],[106.6607,35.0763],[106.6919,35.0797],[106.7021,35.0827],[106.7099,35.0926],[106.7066,35.1013],[106.7292,35.1021],[106.7615,35.0978],[106.7948,35.0877],[106.8341,35.0807],[106.8573,35.0932],[106.878,35.0939],[106.8842,35.0895],[106.8959,35.0953],[106.9067,35.0881],[106.9086,35.0804],[106.9265,35.076],[106.9284,35.0837],[106.9401,35.0811],[106.9458,35.0677],[106.9598,35.0651],[106.9774,35.0707],[106.9921,35.06],[107.0025,35.048],[107.0092,35.0302],[107.0161,35.0334],[107.0273,35.0302],[107.0469,35.0417],[107.0442,35.0292],[107.0785,35.0249],[107.0839,35.0214],[107.0935,35.0052],[107.0848,34.9774],[107.0993,34.9604],[107.1156,34.9507],[107.1307,34.9466],[107.1575,34.9449],[107.1751,34.9291],[107.1848,34.8942],[107.1962,34.8826],[107.2182,34.8791],[107.2286,34.8905],[107.2478,34.8821],[107.258,34.9061],[107.2782,34.9127],[107.2818,34.9328],[107.2912,34.9372],[107.3182,34.9389],[107.3454,34.9349],[107.3545,34.9208],[107.3639,34.9186],[107.3873,34.9335],[107.3962,34.9343],[107.4213,34.9292],[107.4505,34.9176],[107.4764,34.9209],[107.4926,34.9154],[107.5204,34.9108],[107.5322,34.9161],[107.5331,34.9335],[107.5469,34.9427],[107.5569,34.9667],[107.568,34.9726],[107.601,34.9598],[107.6157,34.9659],[107.6299,34.9521],[107.6218,34.9233],[107.6324,34.9214],[107.6342,34.9365],[107.6492,34.9343],[107.6527,34.9401],[107.6709,34.9525],[107.6997,34.9515],[107.7198,34.9567],[107.7397,34.954],[107.7735,34.9656],[107.7926,34.9616],[107.8025,34.975],[107.8161,34.9752],[107.8287,34.9813],[107.8376,34.9799],[107.8531,34.9872],[107.8578,34.9994],[107.8394,35.0028],[107.8361,35.0146],[107.8435,35.0249],[107.8316,35.0265],[107.8225,35.0232],[107.8088,35.0261],[107.7935,35.0364],[107.7795,35.0541],[107.755,35.0714],[107.7599,35.0839],[107.749,35.0962],[107.7424,35.0973],[107.7265,35.1232],[107.7227,35.1245],[107.7197,35.1451],[107.7091,35.1606],[107.7108,35.1696],[107.6999,35.1902],[107.6801,35.2192],[107.6655,35.2152],[107.655,35.2322],[107.6583,35.2364],[107.6489,35.2454],[107.6623,35.2575],[107.6878,35.2517],[107.6993,35.2552],[107.7032,35.2465],[107.7131,35.2499],[107.7071,35.2578],[107.7158,35.2701],[107.7328,35.2683],[107.7325,35.2959],[107.7255,35.3012],[107.7418,35.3131],[107.731,35.3286],[107.7396,35.3391],[107.7292,35.3559],[107.7197,35.353],[107.7071,35.3679],[107.6937,35.3786],[107.6939,35.397],[107.6994,35.4038],[107.6982,35.4245],[107.6852,35.4295],[107.6626,35.4332],[107.6419,35.4269],[107.6301,35.4328],[107.6318,35.4448],[107.6203,35.4504],[107.6143,35.4629],[107.6031,35.4552],[107.5899,35.4627],[107.5926,35.4773],[107.5909,35.4873],[107.579,35.4819],[107.5832,35.4645],[107.5637,35.462],[107.5644,35.4778],[107.548,35.4751],[107.5398,35.479],[107.5412,35.4889],[107.5358,35.5008],[107.5266,35.5037],[107.519,35.4896],[107.4999,35.4795],[107.5023,35.4669],[107.4924,35.4565],[107.4778,35.4573],[107.4696,35.4645],[107.471,35.4793],[107.4459,35.4847],[107.4392,35.4931],[107.4148,35.5023],[107.4003,35.4987],[107.3891,35.4866],[107.3506,35.4969],[107.3458,35.4891],[107.3251,35.4866],[107.3172,35.4992],[107.297,35.5093],[107.2977,35.5176],[107.2686,35.5158],[107.2506,35.5197],[107.2452,35.5046],[107.229,35.5079],[107.231,35.5134],[107.1794,35.5058],[107.1704,35.5004],[107.1702,35.493],[107.1803,35.4879],[107.1735,35.4731],[107.1662,35.466],[107.1166,35.4932],[107.1061,35.4827],[107.0961,35.4775],[107.0942,35.4646],[107.0835,35.4693],[107.0746,35.4782],[107.061,35.4808],[107.0586,35.4693],[107.0505,35.4696],[107.0509,35.4836],[107.0245,35.5091],[106.9985,35.5208],[106.9847,35.5393],[106.9651,35.5539],[106.9337,35.5726],[106.9158,35.5856],[106.8937,35.6173],[106.8859,35.6208],[106.8777,35.6325],[106.8718,35.6327],[106.8579,35.6423],[106.8204,35.6589],[106.8064,35.6617],[106.7807,35.6757],[106.7529,35.6851],[106.7488,35.6905],[106.7268,35.6916],[106.7094,35.7044],[106.6883,35.7153],[106.6771,35.7298],[106.6707,35.7282],[106.669,35.7142],[106.6598,35.7075],[106.6439,35.7094],[106.6287,35.7153],[106.6199,35.7277],[106.6184,35.7424],[106.6065,35.7379],[106.5933,35.7282],[106.58,35.7299],[106.5597,35.7402],[106.5529,35.7386],[106.5261,35.742],[106.4887,35.7336],[106.4824,35.7232],[106.4613,35.7182],[106.4481,35.7038],[106.444,35.6944],[106.4296,35.6877],[106.4285,35.6799],[106.4343,35.668],[106.4419,35.6624],[106.4442,35.6478],[106.4551,35.6434],[106.4483,35.6358],[106.4625,35.6204],[106.4633,35.6045],[106.4682,35.6005],[106.4716,35.5826],[106.468,35.5763],[106.4557,35.5784],[106.4463,35.5538],[106.4501,35.5376],[106.4364,35.5265],[106.4396,35.519],[106.4486,35.5153],[106.4479,35.5082],[106.4594,35.5018],[106.4617,35.4817],[106.4863,35.4798],[106.4792,35.4516],[106.4932,35.4295],[106.4996,35.4154],[106.4904,35.3945],[106.4942,35.3882],[106.4919,35.3757],[106.5045,35.3598],[106.4873,35.3485],[106.4837,35.3365],[106.4864,35.3294],[106.4706,35.3123],[106.4525,35.3056],[106.4385,35.2965],[106.4256,35.2934],[106.4122,35.2768],[106.4003,35.2757],[106.3833,35.2699],[106.3709,35.276],[106.3646,35.2651],[106.3724,35.2511],[106.3592,35.2388],[106.3492,35.243],[106.343,35.2529],[106.3316,35.2515],[106.3151,35.2679],[106.3197,35.2766],[106.3049,35.289],[106.2952,35.288],[106.291,35.2969],[106.2807,35.3022],[106.2836,35.309],[106.271,35.3285],[106.2553,35.3311],[106.2476,35.3464],[106.2384,35.3532],[106.2387,35.3612],[106.2459,35.3685],[106.2398,35.3788],[106.2337,35.4098],[106.2145,35.4136],[106.2012,35.4096],[106.1907,35.4102],[106.1825,35.4282],[106.169,35.4371],[106.1641,35.4223],[106.1563,35.4198],[106.1314,35.3988],[106.1209,35.3792],[106.11,35.3729],[106.0994,35.3813],[106.0953,35.3922],[106.0976,35.4032],[106.0832,35.4028],[106.0769,35.4135],[106.0799,35.4209],[106.0757,35.4355],[106.0644,35.4568],[106.0697,35.4712],[106.0641,35.4815],[106.066,35.4889],[106.0833,35.49],[106.0957,35.5024],[106.0916,35.5098],[106.0798,35.5128],[106.0718,35.5081],[106.0732,35.497],[106.0509,35.5002],[106.0151,35.4944],[106.0098,35.5045],[106.0115,35.522],[105.9997,35.5231],[105.9685,35.5346],[105.9566,35.5322],[105.9416,35.5373],[105.91,35.5411],[105.8986,35.5484],[105.8813,35.5437],[105.8805,35.5352],[105.8629,35.5332],[105.8574,35.5151],[105.8527,35.5126],[105.8441,35.4923],[105.833,35.4962],[105.829,35.5189],[105.8329,35.5237],[105.8305,35.5409],[105.8188,35.542],[105.8197,35.5597],[105.8121,35.5749],[105.7961,35.5659],[105.7811,35.5746],[105.7738,35.5999],[105.7583,35.6028],[105.7341,35.6273],[105.7371,35.6413],[105.7212,35.6394],[105.71,35.6554],[105.7198,35.6729],[105.7125,35.6836],[105.6876,35.6845],[105.6882,35.7002],[105.7021,35.7035],[105.715,35.7258],[105.723,35.7146],[105.7249,35.7013],[105.7365,35.6987],[105.7486,35.7119],[105.754,35.7271],[105.7421,35.7326],[105.7332,35.7243],[105.7272,35.7304],[105.7087,35.7387],[105.6974,35.7334],[105.6725,35.7397],[105.6648,35.7497],[105.6364,35.7396],[105.6211,35.7306],[105.6045,35.7266],[105.5939,35.7198],[105.5681,35.7149],[105.5735,35.7035],[105.5694,35.6943],[105.5602,35.6891],[105.5556,35.7],[105.5625,35.7092],[105.5631,35.7187],[105.5515,35.7264],[105.5368,35.721],[105.5249,35.7276],[105.5066,35.7198],[105.4882,35.727],[105.4775,35.7276],[105.4695,35.7208],[105.4519,35.7176],[105.447,35.6995],[105.4539,35.6899],[105.4535,35.6814],[105.4611,35.6766],[105.4623,35.6645],[105.4775,35.652],[105.4816,35.6401],[105.5043,35.6197],[105.5067,35.6151],[105.5258,35.6162],[105.5214,35.6089],[105.4742,35.6023],[105.4721,35.5793],[105.4686,35.5679],[105.4707,35.5488],[105.4603,35.5436],[105.4515,35.5473],[105.4324,35.541],[105.4254,35.5319],[105.4122,35.536],[105.406,35.5313],[105.4095,35.5196],[105.3994,35.5155],[105.4102,35.5],[105.4009,35.4947],[105.3778,35.4885],[105.3621,35.4965],[105.3511,35.4956],[105.3437,35.487]],[[105.9345,35.4603],[105.9477,35.4618],[105.9676,35.4712],[106.031,35.49],[106.054,35.4898],[106.0488,35.4767],[106.0441,35.4531],[106.0301,35.4708],[106.0053,35.4541],[105.992,35.452],[105.9895,35.4382],[105.9755,35.4354],[105.9615,35.4274],[105.9575,35.434],[105.9468,35.4306],[105.9436,35.4236],[105.9279,35.4268],[105.9226,35.4218],[105.8906,35.4145],[105.8862,35.4357],[105.8868,35.4455],[105.8947,35.4524],[105.9112,35.4542],[105.9226,35.4517],[105.9345,35.4603]]]},"properties":{"region_code":"CN-62-6208","parent_region_code":"CN-62","name":"平凉市","level":"prefecture","has_children":true,"full_path":"中国 / 甘肃省 / 平凉市","source_admin_code":"6208","osm_relation_id":2696771}},
{"type":"Feature","geometry":{"type":"Polygon","coordinates":[[[98.3682,39.6524],[98.3694,39.6488],[98.3558,39.6321],[98.3286,39.567],[98.3624,39.5399],[98.3958,39.5334],[98.4027,39.5368],[98.4104,39.5509],[98.4335,39.575],[98.5466,39.5099],[98.5307,39.4859],[98.544,39.4832],[98.5421,39.477],[98.5157,39.4776],[98.5255,39.4664],[98.5747,39.4737],[98.5616,39.4633],[98.57,39.459],[98.6079,39.4489],[98.6154,39.4441],[98.6599,39.4358],[98.68,39.4239],[98.7097,39.4141],[98.7277,39.3985],[98.7517,39.389],[98.7995,39.3597],[98.8285,39.3493],[98.853,39.3468],[98.8641,39.3265],[98.8847,39.3297],[98.9013,39.3158],[98.9077,39.3321],[98.9687,39.3333],[98.9788,39.3163],[98.9981,39.3153],[98.9973,39.3069],[99.0184,39.3086],[99.0214,39.3013],[99.0409,39.2941],[99.0614,39.255],[99.0753,39.2654],[99.0847,39.2665],[99.0966,39.2594],[99.1215,39.2593],[99.1398,39.2454],[99.1409,39.2117],[99.1478,39.2032],[99.1794,39.1808],[99.1626,39.17],[99.1649,39.1619],[99.1968,39.1961],[99.2104,39.2157],[99.209,39.2515],[99.2033,39.256],[99.2003,39.2685],[99.1931,39.2787],[99.1949,39.2844],[99.2882,39.291],[99.3036,39.3515],[99.2369,39.4593],[99.2325,39.4579],[99.1664,39.4807],[99.1612,39.4852],[99.126,39.5034],[99.1102,39.5069],[99.0947,39.5195],[99.0904,39.5319],[99.074,39.5479],[99.0682,39.565],[99.0545,39.5892],[99.0717,39.6154],[99.0462,39.6271],[99.0273,39.6323],[98.9768,39.6184],[98.9463,39.594],[98.9377,39.5771],[98.889,39.5915],[98.8702,39.5939],[98.8564,39.5908],[98.8155,39.5909],[98.8149,39.5985],[98.7999,39.6027],[98.8056,39.6185],[98.8035,39.6281],[98.8071,39.643],[98.8239,39.6757],[98.8555,39.6684],[98.9073,39.6677],[98.9477,39.6636],[98.9541,39.676],[98.9406,39.6953],[98.9449,39.7139],[98.9517,39.7219],[98.961,39.7916],[98.9839,39.8302],[99.0271,39.855],[99.0705,39.8457],[99.0866,39.8394],[99.1028,39.8414],[99.1129,39.8359],[99.1406,39.7957],[99.1854,39.8065],[99.1947,39.8047],[99.2075,39.8301],[99.2197,39.8387],[99.2286,39.8511],[99.2369,39.8496],[99.2461,39.833],[99.2656,39.8375],[99.3225,39.8458],[99.3739,39.8692],[99.3899,39.8801],[99.4165,39.8806],[99.4409,39.8838],[99.4465,39.8955],[99.4652,39.896],[99.4877,39.8848],[99.5032,39.8831],[99.5289,39.8902],[99.5633,39.9095],[99.6934,39.964],[99.7545,40.0082],[99.8451,40.0139],[99.876,40.0274],[99.9261,40.0644],[99.9536,40.1558],[99.9948,40.1941],[100.1678,40.2795],[100.1665,40.4198],[100.1665,40.5404],[100.2406,40.6181],[100.2358,40.716],[100.2221,40.727],[100.1089,40.8724],[100.0518,40.9068],[99.9845,40.9088],[99.6714,40.9332],[99.5657,40.846],[99.4183,40.8505],[99.1729,40.858],[99.1715,40.7462],[99.1238,40.7145],[99.1008,40.6757],[99.04,40.6921],[98.9844,40.7829],[98.7901,40.7056],[98.7884,40.6773],[98.8076,40.6577],[98.8004,40.6541],[98.8014,40.6439],[98.7952,40.632],[98.802,40.614],[98.791,40.6151],[98.7582,40.6411],[98.7149,40.6616],[98.6959,40.6787],[98.6888,40.6908],[98.6686,40.7722],[98.5686,40.7462],[98.6263,40.6775],[98.4797,40.6194],[98.4076,40.5934],[98.3434,40.5678],[98.3417,40.628],[98.3331,40.8585],[98.3322,40.9185],[98.2936,40.9312],[98.2497,40.9383],[98.1844,40.9868],[98.1409,41.001],[98.0883,41.0313],[97.9716,41.0965],[97.6672,41.4011],[97.6287,41.44],[97.6324,41.4522],[97.6164,41.462],[97.6137,41.4757],[97.8453,41.6555],[97.6657,41.9633],[97.2695,42.7814],[97.1716,42.7946],[96.9777,42.7544],[96.7486,42.755],[96.5329,42.737],[96.3874,42.7245],[96.3487,42.7043],[96.2787,42.6755],[96.1997,42.6396],[96.1893,42.6331],[96.1669,42.63],[96.1647,42.6213],[96.1017,42.6031],[96.0717,42.5676],[96.0226,42.5411],[96.0162,42.4806],[95.9778,42.4355],[96.0646,42.4129],[96.0404,42.3522],[96.0401,42.3254],[96.1777,42.2167],[96.0758,42.1486],[96.1376,42.0531],[96.1335,42.0286],[96.1367,42.0182],[96.1244,42.0067],[96.1123,41.9805],[96.0701,41.9492],[96.0543,41.934],[96.0335,41.9208],[96.0104,41.9099],[95.9348,41.8815],[95.9128,41.872],[95.8829,41.8657],[95.8572,41.8491],[95.8366,41.8461],[95.8224,41.8485],[95.8007,41.8464],[95.7858,41.8396],[95.7625,41.8347],[95.7104,41.8316],[95.6971,41.8276],[95.6768,41.8281],[95.6511,41.8222],[95.6398,41.8154],[95.6114,41.803],[95.5701,41.7938],[95.555,41.7792],[95.5327,41.7715],[95.5122,41.7558],[95.4988,41.7504],[95.4406,41.7157],[95.396,41.693],[95.3596,41.6681],[95.3386,41.6491],[95.3326,41.6403],[95.3261,41.6216],[95.314,41.5971],[95.3069,41.5723],[95.2981,41.5628],[95.2488,41.6064],[95.2267,41.6444],[95.2203,41.6596],[95.2089,41.6756],[95.1928,41.6918],[95.1896,41.6991],[95.1948,41.7064],[95.1958,41.7199],[95.1706,41.7308],[95.1589,41.744],[95.1388,41.7602],[95.1356,41.7714],[95.1094,41.7668],[95.0676,41.7497],[95.0103,41.7248],[94.9671,41.7171],[94.8606,41.6673],[94.8083,41.6176],[94.7728,41.5706],[94.749,41.5371],[94.5336,41.5047],[94.3987,41.4118],[94.1818,41.2671],[94.0081,41.1129],[93.9065,40.983],[93.8083,40.8786],[93.8195,40.7928],[93.7594,40.6648],[93.505,40.6475],[93.5,40.6467],[92.9273,40.572],[92.9193,40.3906],[92.9057,40.3104],[92.7953,40.1525],[92.772,40.0145],[92.7442,39.8661],[92.7019,39.7143],[92.6885,39.6676],[92.6394,39.515],[92.5924,39.4565],[92.5502,39.4012],[92.5193,39.3645],[92.4317,39.3012],[92.3833,39.262],[92.3583,39.2493],[92.3387,39.2374],[92.3462,39.2011],[92.3415,39.1926],[92.3411,39.1652],[92.3428,39.144],[92.3483,39.1395],[92.3528,39.12],[92.3633,39.0947],[92.3504,39.0841],[92.3526,39.0683],[92.3712,39.0567],[92.3863,39.0589],[92.3981,39.0455],[92.4097,39.038],[92.4196,39.0403],[92.4237,39.0479],[92.4425,39.0436],[92.4598,39.0438],[92.4594,39.0633],[92.4806,39.0857],[92.4926,39.103],[92.5196,39.104],[92.5417,39.1016],[92.5446,39.1104],[92.5725,39.1095],[92.591,39.1116],[92.6128,39.1094],[92.642,39.1194],[92.6616,39.1102],[92.6732,39.1185],[92.6882,39.114],[92.7129,39.1286],[92.7272,39.121],[92.7479,39.1298],[92.7597,39.1303],[92.7642,39.1363],[92.784,39.14],[92.8056,39.1384],[92.8155,39.1339],[92.8306,39.1438],[92.867,39.1398],[92.8875,39.1602],[92.9086,39.1626],[92.9376,39.1694],[92.9619,39.1647],[92.9664,39.1533],[92.9762,39.1443],[92.9951,39.1516],[93.0438,39.1468],[93.0548,39.1514],[93.0668,39.1514],[93.0742,39.1607],[93.0969,39.17],[93.0978,39.1761],[93.1152,39.1792],[93.1296,39.1724],[93.1414,39.1593],[93.1365,39.1544],[93.1261,39.1228],[93.1319,39.1092],[93.1483,39.1023],[93.165,39.0918],[93.1767,39.069],[93.1874,39.0626],[93.1978,39.0466],[93.1853,38.9472],[93.1795,38.9237],[93.208,38.9157],[93.2382,38.9164],[93.261,38.9065],[93.2749,38.8956],[93.3028,38.8944],[93.3338,38.9053],[93.4146,38.9111],[93.4622,38.9162],[93.555,38.9198],[93.729,38.9243],[93.7469,38.9113],[93.834,38.8677],[93.8832,38.8678],[93.8821,38.8262],[93.7688,38.8209],[93.7613,38.8188],[93.7534,38.8056],[93.7599,38.8031],[93.7698,38.7748],[93.7887,38.7632],[93.7992,38.7503],[93.8698,38.7233],[93.9377,38.7161],[93.9599,38.7176],[93.9722,38.7256],[94.0839,38.7387],[94.2807,38.7595],[94.3364,38.755],[94.3687,38.7632],[94.4584,38.5658],[94.509,38.4436],[94.5255,38.4262],[94.5272,38.4151],[94.5262,38.3707],[94.5288,38.3598],[94.55,38.3496],[94.5596,38.3514],[94.5701,38.361],[94.5941,38.3737],[94.607,38.3699],[94.6527,38.3834],[94.723,38.3879],[94.8097,38.3863],[94.8284,38.3918],[94.8767,38.3998],[94.8813,38.4146],[94.9106,38.4202],[94.9302,38.4258],[94.9729,38.4305],[94.9819,38.4241],[95.0139,38.4254],[95.0342,38.4127],[95.0458,38.4172],[95.0746,38.4038],[95.1047,38.4138],[95.1207,38.4163],[95.1388,38.3929],[95.164,38.3879],[95.1902,38.3715],[95.1872,38.3636],[95.2041,38.329],[95.2308,38.3285],[95.2471,38.3157],[95.266,38.2962],[95.2801,38.3051],[95.3008,38.312],[95.3099,38.3123],[95.3197,38.3202],[95.3354,38.308],[95.3593,38.3133],[95.3874,38.3022],[95.3979,38.3045],[95.4079,38.3],[95.4165,38.308],[95.442,38.3088],[95.4444,38.2994],[95.4551,38.2908],[95.4734,38.3006],[95.4882,38.3155],[95.5048,38.311],[95.5049,38.2959],[95.5187,38.2968],[95.5366,38.3142],[95.5486,38.3152],[95.555,38.3222],[95.569,38.3267],[95.581,38.3414],[95.5887,38.3435],[95.6123,38.3411],[95.6255,38.3453],[95.6458,38.3672],[95.6639,38.3652],[95.672,38.3797],[95.6715,38.3876],[95.6825,38.3898],[95.6873,38.3965],[95.7024,38.3996],[95.7134,38.3937],[95.7223,38.378],[95.7338,38.3711],[95.7584,38.366],[95.7775,38.3551],[95.7916,38.3546],[95.8073,38.3487],[95.8252,38.3546],[95.8374,38.3425],[95.8365,38.3365],[95.8563,38.2825],[95.8947,38.2902],[95.9331,38.2565],[95.9383,38.2364],[95.9482,38.2353],[95.9587,38.2251],[95.9987,38.21],[96.0483,38.1779],[96.0638,38.1726],[96.0732,38.189],[96.1439,38.1769],[96.1626,38.1668],[96.2069,38.1475],[96.2179,38.156],[96.2114,38.1686],[96.2541,38.1677],[96.2528,38.157],[96.2631,38.145],[96.3127,38.1612],[96.3104,38.1999],[96.3357,38.2467],[96.3774,38.2778],[96.399,38.2817],[96.4452,38.2785],[96.6253,38.2325],[96.6648,38.2231],[96.6634,38.2591],[96.6504,38.2853],[96.6549,38.2962],[96.638,38.3073],[96.6296,38.3229],[96.6236,38.3413],[96.6257,38.355],[96.6511,38.3796],[96.662,38.3873],[96.6689,38.3994],[96.6882,38.419],[96.689,38.4418],[96.6994,38.4575],[96.6908,38.4637],[96.6574,38.4814],[96.6581,38.4883],[96.6716,38.4967],[96.6922,38.4952],[96.703,38.5046],[96.7408,38.5014],[96.772,38.5024],[96.7859,38.5075],[96.7993,38.5188],[96.7939,38.5331],[96.771,38.5431],[96.7663,38.552],[96.7819,38.5666],[96.8039,38.5702],[96.8073,38.5819],[96.7979,38.5897],[96.7939,38.6077],[96.8117,38.6079],[96.8182,38.599],[96.8318,38.5976],[96.8496,38.5917],[96.8745,38.5751],[96.9047,38.5719],[96.9077,38.5639],[96.9396,38.5585],[96.9612,38.5572],[96.9901,38.5621],[97.0016,38.5668],[97.0548,38.5931],[97.047,38.6547],[97.0522,38.6687],[97.0515,38.6805],[97.0367,38.6784],[97.018,38.6862],[97.0084,38.7025],[97.0132,38.7072],[97.0124,38.7201],[97.021,38.7309],[97.0225,38.7548],[96.9989,38.7608],[96.9929,38.7712],[96.9864,38.7913],[96.9895,38.7992],[96.9873,38.8196],[96.993,38.8352],[96.9886,38.8506],[96.9893,38.8604],[96.9825,38.8703],[96.9928,38.8837],[96.9512,38.8898],[96.9503,38.9071],[96.9379,38.9101],[96.9414,38.9287],[96.948,38.9375],[96.936,38.9588],[96.9349,38.9756],[96.9442,38.9803],[96.9479,38.9971],[96.9658,39.0108],[96.9712,39.0263],[96.9557,39.0459],[96.965,39.0612],[96.9591,39.0743],[96.9713,39.0804],[96.9715,39.1014],[96.9886,39.1143],[97.0131,39.1412],[96.9965,39.1531],[96.9964,39.1621],[96.9832,39.1794],[96.9716,39.1803],[96.97,39.1902],[96.9608,39.195],[96.9785,39.207],[96.9963,39.2049],[97.0142,39.2142],[97.0524,39.2094],[97.0635,39.2011],[97.1243,39.1962],[97.1347,39.2034],[97.1614,39.1907],[97.2001,39.1932],[97.3144,39.1639],[97.3465,39.1666],[97.3706,39.14],[97.4004,39.1459],[97.394,39.1597],[97.397,39.1752],[97.4289,39.2056],[97.404,39.2503],[97.3934,39.312],[97.408,39.3284],[97.4198,39.3355],[97.4295,39.3491],[97.4539,39.3527],[97.4774,39.3741],[97.4873,39.4343],[97.4905,39.4479],[97.4806,39.4592],[97.4767,39.4716],[97.4895,39.4901],[97.5025,39.4915],[97.5147,39.4978],[97.517,39.5078],[97.5142,39.5243],[97.5197,39.5392],[97.5467,39.5487],[97.5687,39.5606],[97.5875,39.6055],[97.61,39.6204],[97.6181,39.6339],[97.6285,39.626],[97.6556,39.6307],[97.6758,39.6779],[97.6917,39.6825],[97.7006,39.6968],[97.7077,39.6932],[97.7483,39.6857],[97.7543,39.6878],[97.7871,39.6787],[97.7947,39.6834],[97.8088,39.6788],[97.8129,39.6826],[97.8295,39.6842],[97.8332,39.6904],[97.8566,39.7106],[97.9741,39.7801],[97.9919,39.8079],[98.0324,39.8277],[97.9924,39.8716],[97.9836,39.8826],[97.9927,39.8918],[98.0124,39.9037],[98.0358,39.915],[98.0089,39.9253],[98.0085,39.9305],[98.0217,39.936],[98.0236,39.9451],[98.0456,39.9482],[98.0683,39.9546],[98.0637,39.9676],[98.0686,39.9801],[98.0579,39.9947],[98.0994,39.9832],[98.156,39.9652],[98.2139,39.9649],[98.3031,39.9596],[98.342,39.9631],[98.3557,39.953],[98.3632,39.9569],[98.3747,39.9547],[98.3951,39.9632],[98.4158,39.9514],[98.4337,39.9503],[98.4534,39.9577],[98.4697,39.971],[98.4984,39.9469],[98.4939,39.9216],[98.4973,39.9135],[98.5201,39.9071],[98.5142,39.8962],[98.5184,39.8911],[98.4841,39.8619],[98.4933,39.8433],[98.4884,39.8365],[98.4721,39.8313],[98.4563,39.8211],[98.365,39.7827],[98.3507,39.7754],[98.3584,39.7556],[98.3721,39.7467],[98.3901,39.7401],[98.4059,39.7287],[98.4066,39.7152],[98.4124,39.7077],[98.3886,39.6866],[98.3868,39.6739],[98.3742,39.6559],[98.3682,39.6524]]]},"properties":{"region_code":"CN-62-6209","parent_region_code":"CN-62","name":"酒泉市","level":"prefecture","has_children":true,"full_path":"中国 / 甘肃省 / 酒泉市","source_admin_code":"6209","osm_relation_id":165655}},
{"type":"Feature","geometry":{"type":"Polygon","coordinates":[[[107.7418,35.3131],[107.7503,35.3037],[107.7732,35.3029],[107.7736,35.2961],[107.7861,35.2972],[107.7978,35.2872],[107.8067,35.2869],[107.8131,35.2785],[107.8291,35.2734],[107.8374,35.2761],[107.8603,35.2614],[107.8757,35.2623],[107.8871,35.2586],[107.8944,35.2622],[107.9073,35.2546],[107.9316,35.2575],[107.9299,35.2684],[107.9543,35.2678],[107.9576,35.2636],[107.9457,35.2457],[107.9549,35.242],[107.9807,35.2444],[108.0505,35.2587],[108.072,35.2679],[108.0908,35.2813],[108.118,35.2822],[108.1282,35.291],[108.1436,35.2919],[108.1695,35.3051],[108.1746,35.3018],[108.1889,35.3066],[108.2159,35.2969],[108.2281,35.2847],[108.2224,35.2773],[108.2341,35.256],[108.249,35.2612],[108.2512,35.2676],[108.2693,35.2651],[108.2938,35.2695],[108.2942,35.274],[108.3128,35.2816],[108.328,35.2905],[108.3442,35.3034],[108.3473,35.2863],[108.358,35.2794],[108.3626,35.2849],[108.3745,35.2824],[108.3957,35.2826],[108.397,35.2781],[108.4192,35.2772],[108.4432,35.2739],[108.4665,35.2771],[108.4813,35.2745],[108.5024,35.286],[108.5123,35.2861],[108.5232,35.2916],[108.5365,35.3061],[108.5502,35.3039],[108.5629,35.2913],[108.574,35.2924],[108.5823,35.3058],[108.5945,35.3088],[108.6105,35.3311],[108.6054,35.3602],[108.6118,35.3692],[108.6112,35.3808],[108.6333,35.4023],[108.6227,35.4267],[108.6244,35.4511],[108.6166,35.4554],[108.6129,35.4656],[108.6135,35.4829],[108.6053,35.4885],[108.6008,35.5],[108.6067,35.5167],[108.6188,35.5293],[108.615,35.5578],[108.6056,35.5641],[108.5919,35.5677],[108.5829,35.579],[108.564,35.5866],[108.5571,35.6],[108.5415,35.6015],[108.5349,35.6061],[108.533,35.62],[108.5179,35.6485],[108.5186,35.6614],[108.5256,35.6823],[108.5129,35.6991],[108.5211,35.713],[108.5133,35.7168],[108.5237,35.7292],[108.528,35.7498],[108.5195,35.7581],[108.5166,35.7736],[108.5227,35.7743],[108.5231,35.7999],[108.5198,35.8399],[108.5004,35.8661],[108.493,35.8735],[108.4956,35.8841],[108.5153,35.9057],[108.5322,35.909],[108.5581,35.9205],[108.5547,35.9328],[108.5682,35.9438],[108.5842,35.9508],[108.5972,35.9428],[108.617,35.9428],[108.628,35.938],[108.6338,35.9485],[108.6425,35.9447],[108.6542,35.9583],[108.6559,35.9927],[108.6705,36.0033],[108.6704,36.0082],[108.6839,36.0213],[108.6745,36.0505],[108.6802,36.0827],[108.6928,36.0945],[108.7015,36.1104],[108.6914,36.118],[108.7105,36.1412],[108.7003,36.1508],[108.6731,36.197],[108.6634,36.2029],[108.6538,36.2169],[108.6513,36.2301],[108.642,36.2498],[108.6498,36.277],[108.6409,36.2935],[108.6374,36.3186],[108.6389,36.3329],[108.6344,36.3558],[108.6428,36.3838],[108.6372,36.4006],[108.6145,36.4341],[108.589,36.4316],[108.5788,36.4383],[108.558,36.4388],[108.5491,36.4479],[108.5289,36.4551],[108.5104,36.4755],[108.504,36.4738],[108.5031,36.4622],[108.5086,36.4444],[108.4895,36.4213],[108.4784,36.4295],[108.4665,36.4216],[108.4536,36.4249],[108.4475,36.4311],[108.4247,36.4387],[108.4067,36.451],[108.3994,36.4782],[108.3941,36.4794],[108.3847,36.5032],[108.3586,36.5218],[108.3587,36.5296],[108.3511,36.5481],[108.3434,36.556],[108.3103,36.5583],[108.2991,36.5627],[108.2826,36.5532],[108.2783,36.5609],[108.267,36.5692],[108.2575,36.5628],[108.2542,36.5511],[108.2393,36.5698],[108.2117,36.5713],[108.2058,36.5776],[108.1998,36.5965],[108.2134,36.6328],[108.1929,36.6298],[108.1586,36.5636],[108.1526,36.5593],[108.1288,36.5665],[108.1335,36.5812],[108.116,36.5856],[108.1086,36.5955],[108.09,36.5868],[108.0872,36.6019],[108.0786,36.6159],[108.0699,36.6027],[108.0637,36.6076],[108.0546,36.5946],[108.0458,36.5938],[108.038,36.6035],[108.0262,36.6076],[108.0251,36.6183],[108.014,36.6216],[108.0036,36.6174],[107.9979,36.6367],[107.9999,36.6475],[108.0172,36.6471],[108.0196,36.6687],[108.0088,36.6728],[108.0066,36.685],[107.9832,36.6763],[107.9798,36.6551],[107.97,36.6649],[107.9436,36.6585],[107.9323,36.6588],[107.934,36.7068],[107.9114,36.7207],[107.9033,36.7402],[107.903,36.7527],[107.8922,36.7483],[107.8779,36.7483],[107.8708,36.7565],[107.8602,36.7577],[107.8609,36.7658],[107.8215,36.7857],[107.8154,36.7772],[107.8006,36.7794],[107.7636,36.7932],[107.7408,36.8112],[107.7257,36.8137],[107.7167,36.8027],[107.7049,36.806],[107.6876,36.8228],[107.6669,36.833],[107.6347,36.8184],[107.6238,36.8188],[107.5989,36.8263],[107.5858,36.837],[107.5642,36.8371],[107.551,36.827],[107.534,36.8303],[107.5242,36.8543],[107.5304,36.8646],[107.4803,36.9062],[107.4727,36.9085],[107.4416,36.899],[107.4243,36.9025],[107.3984,36.9027],[107.3603,36.905],[107.3311,36.9255],[107.3065,36.9122],[107.3012,36.9255],[107.2947,36.9311],[107.3001,36.9477],[107.2934,36.961],[107.283,36.9904],[107.2846,36.9971],[107.2818,37.0184],[107.2751,37.0278],[107.2747,37.041],[107.2799,37.0564],[107.2698,37.0944],[107.2602,37.102],[107.2434,37.1068],[107.2297,37.0964],[107.177,37.1422],[107.1315,37.1348],[107.1165,37.1272],[107.1019,37.1247],[107.0907,37.1156],[107.0734,37.1286],[107.0572,37.1239],[107.0393,37.1302],[107.0257,37.1397],[107.021,37.1318],[107.0269,37.1154],[107.0226,37.1108],[107.0072,37.1158],[107.0022,37.1135],[106.9887,37.1213],[106.992,37.106],[106.9563,37.1133],[106.9488,37.1273],[106.9176,37.1466],[106.9008,37.151],[106.8857,37.1401],[106.8968,37.1329],[106.9085,37.1319],[106.9027,37.1228],[106.9063,37.112],[106.8903,37.1042],[106.8871,37.0976],[106.8662,37.1155],[106.8502,37.1135],[106.8315,37.1279],[106.8228,37.131],[106.8082,37.1446],[106.7985,37.1446],[106.7771,37.1581],[106.7673,37.1499],[106.7614,37.1341],[106.768,37.1222],[106.7521,37.0998],[106.7599,37.0948],[106.7556,37.0809],[106.7465,37.0869],[106.7428,37.1006],[106.734,37.0998],[106.7226,37.1086],[106.724,37.1204],[106.7039,37.1207],[106.6938,37.1178],[106.6764,37.1236],[106.6716,37.1136],[106.6567,37.1256],[106.6358,37.1186],[106.6148,37.1355],[106.6012,37.1279],[106.6163,37.0969],[106.624,37.0859],[106.6313,37.0831],[106.6413,37.0659],[106.6399,37.0601],[106.6471,37.0355],[106.6626,37.0174],[106.6553,37.0091],[106.6382,37.0126],[106.6425,37.0013],[106.6369,36.9872],[106.6386,36.9815],[106.6331,36.9636],[106.6188,36.9597],[106.6018,36.9625],[106.5905,36.9691],[106.5855,36.9603],[106.5921,36.9412],[106.5753,36.9353],[106.5651,36.9471],[106.5763,36.9483],[106.5458,36.974],[106.5375,36.9712],[106.5508,36.9539],[106.5455,36.9418],[106.5586,36.9329],[106.5767,36.9307],[106.5846,36.9223],[106.5978,36.9188],[106.6057,36.9085],[106.5967,36.892],[106.6062,36.8806],[106.6225,36.8927],[106.6357,36.8831],[106.6271,36.8781],[106.6346,36.8707],[106.6254,36.859],[106.638,36.8542],[106.6367,36.8304],[106.6435,36.8303],[106.6542,36.8205],[106.6537,36.813],[106.6383,36.802],[106.6404,36.7931],[106.6336,36.7847],[106.6354,36.773],[106.6299,36.7544],[106.6239,36.7518],[106.6279,36.7357],[106.6349,36.729],[106.6293,36.7235],[106.6113,36.7382],[106.6067,36.7307],[106.5892,36.7504],[106.5796,36.7437],[106.5715,36.7476],[106.5588,36.7341],[106.5377,36.7316],[106.5188,36.7191],[106.5101,36.7164],[106.5202,36.7049],[106.5268,36.6907],[106.5094,36.693],[106.4873,36.6865],[106.4888,36.6593],[106.4943,36.6503],[106.4897,36.6447],[106.4888,36.6314],[106.4643,36.6206],[106.4409,36.6256],[106.4427,36.5979],[106.4514,36.5955],[106.4573,36.5807],[106.4484,36.5774],[106.4546,36.5666],[106.4517,36.5603],[106.4411,36.5573],[106.4254,36.559],[106.3952,36.5752],[106.3853,36.5583],[106.3639,36.5775],[106.3571,36.5721],[106.3667,36.5587],[106.3706,36.5474],[106.3883,36.5494],[106.397,36.5471],[106.4021,36.5376],[106.4143,36.5276],[106.4069,36.5197],[106.417,36.515],[106.4292,36.5186],[106.4523,36.4974],[106.4689,36.4974],[106.4799,36.4815],[106.4985,36.4856],[106.5144,36.4811],[106.5201,36.4661],[106.5131,36.4528],[106.5002,36.4438],[106.496,36.4339],[106.5066,36.4253],[106.5019,36.4204],[106.4875,36.4225],[106.4881,36.3991],[106.5001,36.4018],[106.5092,36.3933],[106.5228,36.3911],[106.5221,36.3732],[106.5025,36.3782],[106.5023,36.3291],[106.4936,36.3137],[106.5045,36.3051],[106.4943,36.3021],[106.483,36.3143],[106.466,36.3121],[106.4821,36.2834],[106.498,36.2722],[106.5153,36.2706],[106.519,36.2653],[106.5464,36.2577],[106.554,36.263],[106.5565,36.2724],[106.5525,36.2869],[106.5626,36.2906],[106.5803,36.2877],[106.5824,36.2783],[106.5956,36.2791],[106.5967,36.2939],[106.6048,36.29],[106.6114,36.2771],[106.6248,36.2675],[106.6452,36.2589],[106.6525,36.2667],[106.6842,36.2692],[106.6864,36.2605],[106.7063,36.2364],[106.7145,36.2369],[106.7426,36.2287],[106.7589,36.2156],[106.7682,36.2131],[106.7717,36.2237],[106.7915,36.2244],[106.7953,36.2164],[106.8256,36.225],[106.8347,36.2215],[106.8372,36.2074],[106.8478,36.2077],[106.8602,36.1957],[106.8643,36.1836],[106.8793,36.1757],[106.884,36.1666],[106.8943,36.1695],[106.9016,36.1572],[106.9043,36.1328],[106.911,36.1292],[106.9252,36.1295],[106.922,36.1162],[106.9379,36.1184],[106.9379,36.1005],[106.953,36.0925],[106.9529,36.0772],[106.9351,36.0634],[106.9385,36.0515],[106.9381,36.033],[106.9271,36.0282],[106.9243,36.0118],[106.929,36.0075],[106.9459,36.0045],[106.9411,35.9854],[106.9237,35.9769],[106.9136,35.9621],[106.8877,35.9663],[106.8924,35.9509],[106.8981,35.9436],[106.9144,35.9408],[106.919,35.9504],[106.9344,35.953],[106.9415,35.9409],[106.9353,35.9312],[106.9243,35.9256],[106.9085,35.9326],[106.9005,35.9248],[106.901,35.9127],[106.8871,35.918],[106.8694,35.9068],[106.8578,35.9069],[106.859,35.8984],[106.8462,35.8868],[106.8485,35.8832],[106.8695,35.8785],[106.871,35.8571],[106.8955,35.8276],[106.9075,35.8319],[106.9233,35.8072],[106.8996,35.8041],[106.9003,35.7951],[106.91,35.7916],[106.9078,35.7692],[106.8945,35.7731],[106.8934,35.7601],[106.8814,35.7616],[106.8826,35.7701],[106.8652,35.7755],[106.8631,35.7387],[106.8516,35.7437],[106.8268,35.7435],[106.8137,35.7401],[106.8193,35.7313],[106.8109,35.7164],[106.803,35.7101],[106.779,35.7236],[106.7667,35.721],[106.7608,35.7291],[106.7474,35.7173],[106.7488,35.6905],[106.7529,35.6851],[106.7807,35.6757],[106.8064,35.6617],[106.8204,35.6589],[106.8579,35.6423],[106.8718,35.6327],[106.8777,35.6325],[106.8859,35.6208],[106.8937,35.6173],[106.9158,35.5856],[106.9337,35.5726],[106.9651,35.5539],[106.9847,35.5393],[106.9985,35.5208],[107.0245,35.5091],[107.0509,35.4836],[107.0505,35.4696],[107.0586,35.4693],[107.061,35.4808],[107.0746,35.4782],[107.0835,35.4693],[107.0942,35.4646],[107.0961,35.4775],[107.1061,35.4827],[107.1166,35.4932],[107.1662,35.466],[107.1735,35.4731],[107.1803,35.4879],[107.1702,35.493],[107.1704,35.5004],[107.1794,35.5058],[107.231,35.5134],[107.229,35.5079],[107.2452,35.5046],[107.2506,35.5197],[107.2686,35.5158],[107.2977,35.5176],[107.297,35.5093],[107.3172,35.4992],[107.3251,35.4866],[107.3458,35.4891],[107.3506,35.4969],[107.3891,35.4866],[107.4003,35.4987],[107.4148,35.5023],[107.4392,35.4931],[107.4459,35.4847],[107.471,35.4793],[107.4696,35.4645],[107.4778,35.4573],[107.4924,35.4565],[107.5023,35.4669],[107.4999,35.4795],[107.519,35.4896],[107.5266,35.5037],[107.5358,35.5008],[107.5412,35.4889],[107.5398,35.479],[107.548,35.4751],[107.5644,35.4778],[107.5637,35.462],[107.5832,35.4645],[107.579,35.4819],[107.5909,35.4873],[107.5926,35.4773],[107.5899,35.4627],[107.6031,35.4552],[107.6143,35.4629],[107.6203,35.4504],[107.6318,35.4448],[107.6301,35.4328],[107.6419,35.4269],[107.6626,35.4332],[107.6852,35.4295],[107.6982,35.4245],[107.6994,35.4038],[107.6939,35.397],[107.6937,35.3786],[107.7071,35.3679],[107.7197,35.353],[107.7292,35.3559],[107.7396,35.3391],[107.731,35.3286],[107.7418,35.3131]]]},"properties":{"region_code":"CN-62-6210","parent_region_code":"CN-62","name":"庆阳市","level":"prefecture","has_children":true,"full_path":"中国 / 甘肃省 / 庆阳市","source_admin_code":"6210","osm_relation_id":165866}},
{"type":"Feature","geometry":{"type":"Polygon","coordinates":[[[103.6212,35.9387],[103.6068,35.9314],[103.607,35.9167],[103.5997,35.91],[103.5772,35.9033],[103.5591,35.9064],[103.5502,35.9263],[103.5522,35.9322],[103.5346,35.9379],[103.5333,35.9417],[103.5162,35.9463],[103.483,35.9117],[103.4698,35.9164],[103.472,35.8907],[103.4663,35.8794],[103.4833,35.8723],[103.4992,35.8574],[103.5131,35.8538],[103.525,35.8319],[103.5332,35.8213],[103.5455,35.8129],[103.5498,35.8032],[103.5665,35.8077],[103.5672,35.798],[103.5832,35.7938],[103.5945,35.7766],[103.5924,35.7581],[103.6213,35.7536],[103.6255,35.7397],[103.6388,35.7325],[103.6452,35.7132],[103.6534,35.7098],[103.6744,35.686],[103.6954,35.6723],[103.7064,35.6684],[103.7268,35.6561],[103.7388,35.6402],[103.7534,35.6269],[103.7668,35.6226],[103.7818,35.6005],[103.7864,35.5847],[103.7872,35.5663],[103.8084,35.5352],[103.8165,35.5362],[103.8296,35.5085],[103.8383,35.4975],[103.8569,35.4994],[103.8485,35.4872],[103.8472,35.4757],[103.8305,35.4674],[103.8266,35.4537],[103.819,35.4417],[103.811,35.4443],[103.7987,35.4368],[103.8135,35.4156],[103.8115,35.3958],[103.799,35.3999],[103.7815,35.3928],[103.7769,35.3777],[103.7794,35.3736],[103.7733,35.3581],[103.7515,35.3283],[103.7459,35.3129],[103.7356,35.3151],[103.7352,35.305],[103.7279,35.2934],[103.7298,35.2741],[103.717,35.2667],[103.7085,35.2566],[103.7005,35.2357],[103.6866,35.2202],[103.6877,35.1971],[103.6978,35.1919],[103.7199,35.194],[103.7102,35.1844],[103.7172,35.1687],[103.7165,35.1577],[103.709,35.1501],[103.7137,35.1367],[103.7434,35.1199],[103.7345,35.0999],[103.745,35.0925],[103.7407,35.0852],[103.7447,35.0778],[103.7356,35.0673],[103.7442,35.0566],[103.7402,35.0474],[103.7454,35.0384],[103.784,35.0153],[103.7821,35.0036],[103.7882,34.9972],[103.8114,34.9941],[103.8276,34.9853],[103.8326,34.9785],[103.8525,34.9839],[103.8596,34.9889],[103.8712,34.9869],[103.8864,34.9774],[103.9122,34.9717],[103.927,34.9605],[103.9317,34.9501],[103.9269,34.9414],[103.9385,34.9355],[103.9487,34.9502],[103.9766,34.9486],[103.9889,34.9375],[103.9979,34.9353],[104.0164,34.9373],[104.0222,34.931],[104.0236,34.9179],[104.0084,34.9141],[104.0114,34.9029],[104.0282,34.8932],[104.0223,34.8774],[103.9755,34.8524],[103.9638,34.8431],[103.9639,34.837],[103.9763,34.8329],[103.9824,34.8202],[103.9951,34.8105],[103.9964,34.7881],[104.0161,34.7872],[104.0223,34.7766],[104.0158,34.7659],[104.0168,34.7564],[104.0126,34.7401],[104.0005,34.735],[103.9837,34.7392],[103.973,34.7283],[103.9325,34.7402],[103.9192,34.7354],[103.9109,34.7486],[103.9006,34.7453],[103.8774,34.7498],[103.8685,34.7483],[103.8491,34.739],[103.8472,34.7296],[103.8339,34.7172],[103.84,34.7107],[103.8494,34.692],[103.8641,34.688],[103.8524,34.6699],[103.856,34.6614],[103.8489,34.6536],[103.8464,34.6409],[103.8403,34.6378],[103.8345,34.625],[103.8416,34.6181],[103.825,34.6035],[103.846,34.5833],[103.836,34.5735],[103.8313,34.5619],[103.8351,34.5559],[103.8287,34.5474],[103.8157,34.5403],[103.8059,34.5456],[103.7777,34.5385],[103.7676,34.5407],[103.7671,34.5255],[103.7803,34.5093],[103.79,34.5022],[103.7933,34.493],[103.8084,34.4868],[103.8014,34.4716],[103.8007,34.4631],[103.8083,34.458],[103.8139,34.4361],[103.8014,34.4135],[103.8011,34.4073],[103.7838,34.3912],[103.7701,34.3932],[103.7574,34.3711],[103.7421,34.3645],[103.7434,34.3548],[103.7346,34.3499],[103.7328,34.3337],[103.7082,34.3225],[103.6979,34.3255],[103.6917,34.3167],[103.6967,34.3031],[103.6946,34.2886],[103.6984,34.2815],[103.7133,34.2786],[103.719,34.2865],[103.7403,34.2917],[103.7518,34.2876],[103.762,34.2889],[103.7719,34.2729],[103.7807,34.2695],[103.7998,34.2743],[103.8142,34.2842],[103.8315,34.2834],[103.8375,34.2735],[103.8572,34.2782],[103.8603,34.274],[103.8748,34.2735],[103.8863,34.2613],[103.8944,34.2476],[103.8926,34.242],[103.8999,34.2315],[103.9165,34.219],[103.9279,34.2137],[103.9313,34.2038],[103.9437,34.1876],[103.9609,34.1815],[103.9732,34.1709],[103.9807,34.1727],[103.995,34.1553],[104.0007,34.1543],[104.0091,34.1404],[104.0234,34.1336],[104.0315,34.1262],[104.0418,34.1466],[104.0554,34.1571],[104.0571,34.1654],[104.07,34.1836],[104.0719,34.1953],[104.0823,34.1916],[104.0994,34.1917],[104.1199,34.1957],[104.15,34.1936],[104.1557,34.2094],[104.1645,34.2127],[104.1663,34.2235],[104.16,34.2313],[104.1653,34.2476],[104.159,34.2533],[104.1436,34.2558],[104.1281,34.2704],[104.129,34.2794],[104.1066,34.3187],[104.1096,34.3247],[104.1275,34.3272],[104.1348,34.3392],[104.1457,34.3395],[104.1469,34.352],[104.1586,34.359],[104.1635,34.353],[104.1854,34.3611],[104.1907,34.3734],[104.2028,34.3763],[104.2116,34.3672],[104.2377,34.3578],[104.2439,34.3616],[104.2633,34.3545],[104.2763,34.3564],[104.2736,34.3671],[104.2845,34.3715],[104.2954,34.3832],[104.307,34.3679],[104.3154,34.3695],[104.3204,34.3784],[104.3466,34.3739],[104.359,34.3622],[104.356,34.3439],[104.3595,34.336],[104.3713,34.3327],[104.3812,34.3361],[104.4001,34.3366],[104.415,34.3342],[104.4242,34.3204],[104.4231,34.3076],[104.4337,34.3023],[104.439,34.2941],[104.4372,34.286],[104.4421,34.2749],[104.4314,34.2628],[104.435,34.2515],[104.4466,34.2433],[104.454,34.227],[104.483,34.2231],[104.4879,34.2154],[104.5125,34.2089],[104.5233,34.1941],[104.5337,34.2071],[104.5385,34.2196],[104.5493,34.2058],[104.5615,34.2089],[104.5646,34.2026],[104.5918,34.2206],[104.5901,34.2289],[104.6165,34.2332],[104.6614,34.2287],[104.6739,34.2396],[104.6814,34.2363],[104.6916,34.2407],[104.6886,34.253],[104.7096,34.2545],[104.7294,34.2449],[104.7316,34.2329],[104.7433,34.2332],[104.7489,34.2411],[104.7646,34.2353],[104.7839,34.234],[104.7793,34.2468],[104.7897,34.26],[104.7957,34.2549],[104.8111,34.2567],[104.8145,34.2638],[104.8055,34.2698],[104.8107,34.2797],[104.8364,34.2818],[104.8553,34.2971],[104.8587,34.307],[104.8656,34.3091],[104.855,34.322],[104.8487,34.324],[104.8579,34.34],[104.8511,34.3492],[104.8458,34.3636],[104.8485,34.3678],[104.8373,34.3769],[104.8482,34.3846],[104.8613,34.3865],[104.8676,34.3816],[104.8923,34.3802],[104.9013,34.3837],[104.9236,34.3865],[104.9399,34.3913],[104.9513,34.3916],[104.9576,34.3858],[104.9777,34.3865],[104.9907,34.4022],[104.9799,34.4089],[104.9858,34.4264],[104.9738,34.4364],[104.9609,34.4375],[104.9561,34.4443],[104.9366,34.434],[104.92,34.4395],[104.9004,34.4397],[104.8913,34.4303],[104.8765,34.4274],[104.8602,34.4302],[104.8536,34.4382],[104.8261,34.4479],[104.816,34.4441],[104.8072,34.4482],[104.7988,34.4359],[104.7874,34.4388],[104.7847,34.4615],[104.7921,34.4872],[104.7873,34.4935],[104.7779,34.4894],[104.7628,34.4741],[104.7455,34.4767],[104.7472,34.4874],[104.7445,34.4995],[104.7457,34.5139],[104.7503,34.5256],[104.7433,34.5366],[104.7415,34.5554],[104.7327,34.5568],[104.726,34.549],[104.7101,34.5416],[104.6983,34.542],[104.6814,34.5581],[104.6699,34.5732],[104.6697,34.5799],[104.6797,34.5976],[104.6807,34.6063],[104.6949,34.6222],[104.6916,34.6391],[104.6859,34.6449],[104.6968,34.6694],[104.6925,34.6734],[104.6623,34.6629],[104.6298,34.6533],[104.6111,34.6519],[104.592,34.6544],[104.5923,34.6665],[104.5998,34.6783],[104.5954,34.6961],[104.5892,34.7037],[104.599,34.7115],[104.5834,34.7167],[104.5766,34.7255],[104.595,34.7319],[104.6035,34.7459],[104.5999,34.754],[104.5809,34.7694],[104.5825,34.7897],[104.5942,34.803],[104.5983,34.8185],[104.5942,34.8372],[104.606,34.8516],[104.6167,34.8717],[104.6354,34.8773],[104.6409,34.8733],[104.6528,34.8778],[104.6676,34.8725],[104.6936,34.8598],[104.7051,34.8582],[104.7119,34.8682],[104.7348,34.8716],[104.7373,34.8598],[104.7579,34.8694],[104.8049,34.8699],[104.8275,34.8663],[104.8342,34.8695],[104.859,34.8674],[104.8668,34.8619],[104.8766,34.8653],[104.8881,34.8622],[104.8942,34.867],[104.8897,34.8786],[104.8995,34.8891],[104.9062,34.9058],[104.8979,34.9086],[104.9071,34.9191],[104.8957,34.9269],[104.9042,34.9394],[104.9184,34.9519],[104.9276,34.9476],[104.9291,34.9386],[104.941,34.9399],[104.9512,34.9454],[104.9514,34.9513],[104.967,34.9561],[104.9665,34.9426],[104.9757,34.939],[104.9848,34.943],[105.0064,34.9389],[105.025,34.9228],[105.0403,34.9303],[105.0475,34.9384],[105.0579,34.9418],[105.0753,34.9609],[105.0641,34.9641],[105.0576,34.9844],[105.0702,34.98],[105.0769,34.973],[105.1109,34.9761],[105.117,34.9719],[105.133,34.9729],[105.1371,34.9654],[105.1469,34.9608],[105.1616,34.9734],[105.1829,34.9651],[105.1896,34.9539],[105.1874,34.9389],[105.2012,34.938],[105.2129,34.9321],[105.222,34.9439],[105.2369,34.9505],[105.2507,34.9605],[105.2546,34.9746],[105.2597,34.9777],[105.2532,34.9992],[105.2382,35.0069],[105.241,35.0141],[105.2585,35.032],[105.2711,35.0366],[105.2828,35.0255],[105.2732,35.018],[105.2851,35.0116],[105.2968,35.0179],[105.2974,35.027],[105.2854,35.048],[105.2901,35.0518],[105.3043,35.0484],[105.3255,35.0491],[105.3389,35.0414],[105.3466,35.0436],[105.3512,35.0523],[105.3518,35.0668],[105.3916,35.0615],[105.389,35.0841],[105.4007,35.0831],[105.4088,35.0979],[105.4089,35.1137],[105.4241,35.1209],[105.4398,35.1235],[105.4479,35.1332],[105.4584,35.1308],[105.4557,35.1213],[105.4676,35.1145],[105.4708,35.1034],[105.4831,35.0932],[105.4942,35.0893],[105.5002,35.0792],[105.511,35.0796],[105.5078,35.0698],[105.5194,35.0596],[105.5288,35.0614],[105.5321,35.0841],[105.5407,35.0916],[105.5467,35.1082],[105.5589,35.1227],[105.5401,35.1345],[105.5307,35.1452],[105.5439,35.1528],[105.5551,35.1547],[105.5546,35.1676],[105.5731,35.1763],[105.5848,35.1631],[105.5993,35.1533],[105.6081,35.155],[105.6226,35.1453],[105.6399,35.1408],[105.6462,35.1558],[105.6321,35.1646],[105.6302,35.174],[105.6113,35.1745],[105.6155,35.1878],[105.6035,35.1987],[105.6121,35.2063],[105.609,35.2187],[105.5997,35.2231],[105.5873,35.2179],[105.5752,35.2051],[105.5702,35.2063],[105.5523,35.2314],[105.551,35.2436],[105.5418,35.2456],[105.5334,35.2626],[105.5389,35.2675],[105.5376,35.2884],[105.5487,35.2931],[105.5492,35.3051],[105.5305,35.3073],[105.5251,35.3228],[105.5383,35.343],[105.5247,35.349],[105.5117,35.3503],[105.4977,35.3586],[105.4855,35.3806],[105.4861,35.3896],[105.4743,35.3892],[105.4756,35.3775],[105.4706,35.3616],[105.4725,35.3522],[105.4659,35.347],[105.4514,35.3458],[105.4461,35.3525],[105.4286,35.3564],[105.4393,35.3644],[105.4376,35.3728],[105.4231,35.3824],[105.4223,35.3989],[105.4086,35.4031],[105.3841,35.4252],[105.3852,35.4368],[105.3809,35.4569],[105.3714,35.4622],[105.3643,35.472],[105.3477,35.4743],[105.3437,35.487],[105.3405,35.4919],[105.3202,35.4946],[105.311,35.4875],[105.2997,35.4874],[105.2968,35.4982],[105.2856,35.4983],[105.2712,35.4786],[105.2591,35.4761],[105.2424,35.4866],[105.2261,35.4793],[105.2196,35.4824],[105.2082,35.4689],[105.2064,35.4615],[105.1893,35.454],[105.1787,35.4384],[105.169,35.4432],[105.1585,35.4421],[105.1455,35.4489],[105.1145,35.4386],[105.1226,35.4309],[105.1187,35.4183],[105.0997,35.4192],[105.097,35.4127],[105.0829,35.416],[105.0758,35.4309],[105.0674,35.4372],[105.0683,35.4546],[105.044,35.4589],[105.0325,35.4549],[105.0186,35.4452],[104.995,35.4621],[104.9957,35.4697],[104.9871,35.475],[104.9729,35.4773],[104.9639,35.4899],[104.937,35.4965],[104.9295,35.5103],[104.9287,35.5244],[104.9343,35.5331],[104.9338,35.5457],[104.9509,35.5522],[104.952,35.572],[104.9573,35.5786],[104.965,35.6022],[104.9652,35.613],[104.9793,35.6226],[104.9878,35.6328],[104.9833,35.6453],[104.9881,35.6528],[104.9827,35.6781],[104.9911,35.6887],[104.9799,35.7028],[104.9778,35.7125],[104.9607,35.7293],[104.9498,35.7297],[104.9345,35.7364],[104.9255,35.7338],[104.9011,35.7572],[104.8892,35.7593],[104.8849,35.7828],[104.874,35.7954],[104.8627,35.7971],[104.8667,35.8088],[104.8633,35.8167],[104.8569,35.8529],[104.8437,35.8498],[104.8338,35.8538],[104.8296,35.8674],[104.817,35.8657],[104.8136,35.8772],[104.8019,35.8782],[104.7906,35.8851],[104.7624,35.8904],[104.7705,35.9121],[104.7664,35.9181],[104.7512,35.9233],[104.7456,35.9299],[104.7347,35.9326],[104.7359,35.9414],[104.7291,35.9497],[104.7106,35.9549],[104.7029,35.9484],[104.6972,35.961],[104.6885,35.9661],[104.6839,35.9762],[104.6691,35.9913],[104.6503,35.9893],[104.6366,36.0035],[104.6432,36.0064],[104.6658,36.0239],[104.6732,36.0232],[104.6779,36.0339],[104.6608,36.0417],[104.6444,36.0401],[104.6313,36.0358],[104.6187,36.0375],[104.6162,36.0447],[104.6,36.0426],[104.5821,36.0298],[104.5681,36.0246],[104.5619,36.0282],[104.5335,36.0183],[104.5299,36.0147],[104.4978,36.0202],[104.4828,36.0226],[104.478,36.0107],[104.4787,35.993],[104.4706,35.9866],[104.4589,35.9881],[104.4516,35.9795],[104.4383,35.9745],[104.4359,35.9571],[104.4276,35.9495],[104.4315,35.9414],[104.4233,35.9216],[104.4249,35.9113],[104.4366,35.9037],[104.4407,35.8952],[104.4365,35.8839],[104.4457,35.875],[104.4367,35.8646],[104.4228,35.8653],[104.4071,35.8478],[104.4098,35.8382],[104.4021,35.8271],[104.4021,35.8161],[104.3955,35.8081],[104.3985,35.7932],[104.3851,35.7711],[104.3709,35.7708],[104.3549,35.7535],[104.3593,35.7412],[104.3448,35.7388],[104.3279,35.7306],[104.3273,35.7195],[104.3181,35.7053],[104.3216,35.6928],[104.316,35.6856],[104.3139,35.6733],[104.3285,35.6677],[104.3302,35.6607],[104.3216,35.6499],[104.3095,35.6501],[104.3083,35.6373],[104.3032,35.6308],[104.311,35.6233],[104.3104,35.6045],[104.297,35.599],[104.2876,35.5895],[104.2887,35.5796],[104.2815,35.5732],[104.2614,35.5744],[104.2453,35.5805],[104.2328,35.5794],[104.1952,35.6001],[104.2018,35.613],[104.1964,35.6239],[104.1731,35.6496],[104.1447,35.6356],[104.1372,35.6244],[104.1293,35.6207],[104.1132,35.6376],[104.0996,35.6369],[104.0902,35.6554],[104.069,35.6619],[104.0644,35.6723],[104.051,35.687],[104.0373,35.6896],[104.0246,35.6998],[104.0175,35.7154],[104.0022,35.7148],[103.9894,35.7247],[103.983,35.7352],[103.9618,35.7368],[103.9448,35.7494],[103.9172,35.7563],[103.9162,35.7625],[103.9035,35.774],[103.8835,35.781],[103.872,35.7957],[103.8639,35.7972],[103.8462,35.7784],[103.847,35.8035],[103.8431,35.8153],[103.8327,35.8212],[103.839,35.8321],[103.8337,35.8424],[103.8168,35.847],[103.7986,35.8434],[103.7937,35.8539],[103.7811,35.8488],[103.776,35.8687],[103.7798,35.8901],[103.771,35.8973],[103.7607,35.8931],[103.7448,35.8957],[103.7329,35.9008],[103.7225,35.9108],[103.7134,35.9112],[103.7141,35.9229],[103.701,35.9286],[103.6914,35.9217],[103.6768,35.9221],[103.6568,35.9192],[103.6442,35.9317],[103.6212,35.9387]]]},"properties":{"region_code":"CN-62-6211","parent_region_code":"CN-62","name":"定西市","level":"prefecture","has_children":true,"full_path":"中国 / 甘肃省 / 定西市","source_admin_code":"6211","osm_relation_id":2701633}},
{"type":"Feature","geometry":{"type":"Polygon","coordinates":[[[104.9858,34.4264],[104.9799,34.4089],[104.9907,34.4022],[104.9777,34.3865],[104.9576,34.3858],[104.9513,34.3916],[104.9399,34.3913],[104.9236,34.3865],[104.9013,34.3837],[104.8923,34.3802],[104.8676,34.3816],[104.8613,34.3865],[104.8482,34.3846],[104.8373,34.3769],[104.8485,34.3678],[104.8458,34.3636],[104.8511,34.3492],[104.8579,34.34],[104.8487,34.324],[104.855,34.322],[104.8656,34.3091],[104.8587,34.307],[104.8553,34.2971],[104.8364,34.2818],[104.8107,34.2797],[104.8055,34.2698],[104.8145,34.2638],[104.8111,34.2567],[104.7957,34.2549],[104.7897,34.26],[104.7793,34.2468],[104.7839,34.234],[104.7646,34.2353],[104.7489,34.2411],[104.7433,34.2332],[104.7316,34.2329],[104.7294,34.2449],[104.7096,34.2545],[104.6886,34.253],[104.6916,34.2407],[104.6814,34.2363],[104.6739,34.2396],[104.6614,34.2287],[104.6165,34.2332],[104.5901,34.2289],[104.5918,34.2206],[104.5646,34.2026],[104.5615,34.2089],[104.5493,34.2058],[104.5385,34.2196],[104.5337,34.2071],[104.5233,34.1941],[104.5125,34.2089],[104.4879,34.2154],[104.483,34.2231],[104.454,34.227],[104.4466,34.2433],[104.435,34.2515],[104.4314,34.2628],[104.4421,34.2749],[104.4372,34.286],[104.439,34.2941],[104.4337,34.3023],[104.4231,34.3076],[104.4242,34.3204],[104.415,34.3342],[104.4001,34.3366],[104.3812,34.3361],[104.3713,34.3327],[104.3595,34.336],[104.356,34.3439],[104.359,34.3622],[104.3466,34.3739],[104.3204,34.3784],[104.3154,34.3695],[104.307,34.3679],[104.2954,34.3832],[104.2845,34.3715],[104.2736,34.3671],[104.2763,34.3564],[104.2633,34.3545],[104.2439,34.3616],[104.2377,34.3578],[104.2116,34.3672],[104.2028,34.3763],[104.1907,34.3734],[104.1854,34.3611],[104.1635,34.353],[104.1586,34.359],[104.1469,34.352],[104.1457,34.3395],[104.1348,34.3392],[104.1275,34.3272],[104.1096,34.3247],[104.1066,34.3187],[104.129,34.2794],[104.1281,34.2704],[104.1436,34.2558],[104.159,34.2533],[104.1653,34.2476],[104.16,34.2313],[104.1663,34.2235],[104.1645,34.2127],[104.1557,34.2094],[104.15,34.1936],[104.1199,34.1957],[104.0994,34.1917],[104.0823,34.1916],[104.0719,34.1953],[104.07,34.1836],[104.0571,34.1654],[104.0554,34.1571],[104.0418,34.1466],[104.0315,34.1262],[104.0309,34.1172],[104.0217,34.081],[104.0283,34.0711],[104.0366,34.0493],[104.0506,34.049],[104.0645,34.0446],[104.0625,34.0373],[104.0814,34.0169],[104.105,34.0108],[104.1088,34.0041],[104.1042,33.9965],[104.1258,33.9867],[104.1377,33.9885],[104.1442,33.9812],[104.1631,33.9697],[104.1765,33.9654],[104.1859,33.9505],[104.2035,33.9408],[104.2168,33.9396],[104.2415,33.9284],[104.2451,33.9215],[104.2636,33.9053],[104.271,33.9026],[104.2891,33.8888],[104.2999,33.8889],[104.3089,33.8819],[104.3181,33.8814],[104.328,33.8687],[104.3389,33.8597],[104.3412,33.8529],[104.3556,33.8552],[104.3655,33.8489],[104.3817,33.8508],[104.408,33.8474],[104.4217,33.827],[104.4469,33.8081],[104.4425,33.8026],[104.4473,33.7871],[104.4538,33.7789],[104.4665,33.7726],[104.5014,33.7739],[104.5103,33.7673],[104.5357,33.7574],[104.5353,33.7484],[104.5271,33.7338],[104.516,33.7241],[104.5101,33.7272],[104.5013,33.7167],[104.4895,33.7117],[104.4892,33.7012],[104.4831,33.6926],[104.4989,33.6804],[104.5043,33.6802],[104.5108,33.6634],[104.4998,33.6627],[104.5054,33.6366],[104.5255,33.6404],[104.5321,33.6488],[104.5466,33.6447],[104.5396,33.6342],[104.5289,33.6315],[104.5236,33.6238],[104.5287,33.6059],[104.538,33.6051],[104.5428,33.592],[104.5517,33.5996],[104.5608,33.5994],[104.5591,33.5881],[104.5698,33.5765],[104.5802,33.5762],[104.5908,33.552],[104.5819,33.5451],[104.582,33.5374],[104.5696,33.5385],[104.574,33.5269],[104.5867,33.5218],[104.611,33.4993],[104.6262,33.4929],[104.6507,33.4884],[104.6543,33.4798],[104.6713,33.4763],[104.6885,33.4643],[104.6978,33.4391],[104.7215,33.4073],[104.712,33.4007],[104.7133,33.39],[104.7088,33.3748],[104.7174,33.3633],[104.7118,33.3512],[104.7207,33.3372],[104.7349,33.3295],[104.7491,33.3264],[104.7601,33.3196],[104.7536,33.3072],[104.7442,33.3072],[104.7236,33.2987],[104.7069,33.3061],[104.7019,33.3034],[104.6625,33.3028],[104.6616,33.2936],[104.6511,33.2845],[104.6442,33.2842],[104.6425,33.2602],[104.636,33.2494],[104.6408,33.2375],[104.6272,33.2337],[104.6189,33.2351],[104.6106,33.2286],[104.5782,33.2201],[104.5618,33.2259],[104.5575,33.233],[104.5464,33.2258],[104.5366,33.2289],[104.5307,33.2426],[104.5297,33.2532],[104.5382,33.2767],[104.5277,33.2881],[104.5308,33.294],[104.5221,33.3048],[104.52,33.3144],[104.5016,33.3354],[104.488,33.3364],[104.485,33.3291],[104.4637,33.336],[104.4336,33.3246],[104.4145,33.3243],[104.3908,33.3136],[104.3962,33.2949],[104.3831,33.3011],[104.3469,33.3026],[104.3293,33.3167],[104.3092,33.3074],[104.3049,33.2914],[104.3164,33.2825],[104.322,33.271],[104.3216,33.2612],[104.3267,33.2531],[104.3261,33.2378],[104.3212,33.2265],[104.3302,33.215],[104.349,33.1765],[104.355,33.1468],[104.3677,33.1307],[104.3741,33.1099],[104.3569,33.101],[104.3574,33.0725],[104.3498,33.0594],[104.3323,33.0468],[104.3635,33.0308],[104.3771,33.0333],[104.3861,33.0388],[104.3985,33.033],[104.4126,33.0339],[104.423,33.0213],[104.4168,33.0104],[104.3968,33.0057],[104.3808,32.9962],[104.376,32.9737],[104.3774,32.967],[104.3712,32.9524],[104.3638,32.9456],[104.3413,32.9429],[104.334,32.9482],[104.3171,32.9472],[104.3028,32.9537],[104.2941,32.9502],[104.2832,32.9391],[104.2871,32.931],[104.2797,32.9205],[104.2796,32.9075],[104.2746,32.9031],[104.2755,32.8878],[104.2873,32.8733],[104.2919,32.8382],[104.314,32.8304],[104.332,32.8263],[104.3563,32.8263],[104.37,32.8165],[104.3691,32.8096],[104.4055,32.7856],[104.4174,32.7838],[104.4251,32.7706],[104.4401,32.7659],[104.4622,32.7505],[104.4823,32.7537],[104.4891,32.7586],[104.5084,32.7563],[104.5118,32.7464],[104.5244,32.7308],[104.5319,32.7272],[104.551,32.7362],[104.5634,32.7336],[104.5811,32.7242],[104.5812,32.7132],[104.5886,32.7002],[104.6093,32.6906],[104.6191,32.6813],[104.6402,32.6662],[104.6671,32.666],[104.6768,32.6729],[104.6932,32.6774],[104.7046,32.6696],[104.7244,32.6462],[104.7419,32.6379],[104.7519,32.6461],[104.7735,32.6447],[104.7906,32.6467],[104.8106,32.6536],[104.8143,32.6638],[104.8264,32.6655],[104.8406,32.6577],[104.8516,32.6416],[104.8631,32.6364],[104.8715,32.6239],[104.8719,32.6117],[104.8815,32.6052],[104.9099,32.6073],[104.9429,32.6232],[104.9629,32.6299],[104.9683,32.6355],[104.9814,32.6357],[104.9917,32.6418],[105.0132,32.6426],[105.024,32.6525],[105.0543,32.6479],[105.0739,32.6405],[105.0937,32.6168],[105.0937,32.6092],[105.1051,32.5987],[105.1186,32.5987],[105.1398,32.6026],[105.149,32.6085],[105.1935,32.6242],[105.1967,32.6309],[105.2105,32.6399],[105.2115,32.6623],[105.2425,32.6703],[105.2614,32.6545],[105.2734,32.6593],[105.2935,32.656],[105.3055,32.6731],[105.3189,32.674],[105.3271,32.6818],[105.3443,32.6869],[105.3456,32.6932],[105.3611,32.7118],[105.3732,32.7117],[105.3909,32.7169],[105.417,32.7305],[105.4235,32.7357],[105.4418,32.734],[105.4496,32.7385],[105.4557,32.7549],[105.4494,32.7703],[105.4287,32.774],[105.4079,32.8158],[105.3969,32.8302],[105.3876,32.8377],[105.3931,32.8463],[105.3835,32.875],[105.3876,32.8844],[105.3994,32.8864],[105.4076,32.9013],[105.4073,32.9215],[105.4214,32.9334],[105.4283,32.9349],[105.4633,32.9321],[105.4791,32.9265],[105.4954,32.9132],[105.5069,32.9198],[105.5235,32.9212],[105.5336,32.9094],[105.562,32.9107],[105.5763,32.8934],[105.5738,32.8882],[105.587,32.879],[105.6048,32.8861],[105.6351,32.8843],[105.64,32.8916],[105.6586,32.9031],[105.6814,32.9076],[105.6961,32.907],[105.704,32.9155],[105.7316,32.9074],[105.7468,32.9243],[105.777,32.9286],[105.8107,32.9465],[105.8226,32.9604],[105.8444,32.9496],[105.8563,32.9391],[105.8637,32.9416],[105.8967,32.9776],[105.9165,32.995],[105.9157,33.0041],[105.9216,33.0213],[105.928,33.0284],[105.925,33.0428],[105.9185,33.0452],[105.9098,33.059],[105.9146,33.0719],[105.9254,33.071],[105.9296,33.0789],[105.9147,33.0942],[105.9156,33.1087],[105.9339,33.1227],[105.9194,33.1238],[105.9213,33.1506],[105.903,33.1391],[105.8914,33.149],[105.9013,33.1608],[105.9164,33.1593],[105.9236,33.1531],[105.9306,33.1572],[105.9511,33.1514],[105.9691,33.1503],[105.9661,33.1832],[105.959,33.2095],[105.9179,33.2438],[105.9024,33.2463],[105.8794,33.2412],[105.8693,33.2368],[105.8535,33.2358],[105.8373,33.2516],[105.8139,33.2565],[105.8077,33.2621],[105.7894,33.2662],[105.7863,33.2836],[105.7464,33.288],[105.7426,33.3052],[105.7342,33.3133],[105.7534,33.3191],[105.749,33.3361],[105.7415,33.3445],[105.7262,33.3502],[105.7239,33.3608],[105.7123,33.369],[105.7113,33.3782],[105.7026,33.3817],[105.6981,33.3934],[105.7153,33.3938],[105.7287,33.3983],[105.7299,33.3914],[105.7488,33.3815],[105.7654,33.3797],[105.7669,33.3858],[105.7778,33.3904],[105.8234,33.3819],[105.8364,33.406],[105.8329,33.4302],[105.837,33.435],[105.8246,33.4625],[105.8281,33.4667],[105.8435,33.47],[105.8332,33.4781],[105.8315,33.4881],[105.8414,33.5011],[105.8583,33.5101],[105.8778,33.5269],[105.8802,33.5376],[105.8883,33.5396],[105.8961,33.5558],[105.9157,33.5566],[105.9363,33.5724],[105.9515,33.5914],[105.9578,33.6044],[105.9528,33.615],[105.979,33.6138],[105.9928,33.607],[106.0148,33.6099],[106.0174,33.5973],[106.0245,33.596],[106.0441,33.6105],[106.0641,33.6067],[106.0797,33.6178],[106.096,33.6103],[106.1068,33.6093],[106.1264,33.5985],[106.107,33.5873],[106.1004,33.5739],[106.1043,33.5712],[106.141,33.5722],[106.1392,33.5665],[106.1481,33.5591],[106.1554,33.5596],[106.1831,33.5481],[106.1945,33.551],[106.199,33.5592],[106.2198,33.5611],[106.2437,33.5827],[106.2564,33.592],[106.2735,33.6005],[106.2756,33.606],[106.2901,33.6102],[106.3105,33.606],[106.3095,33.5983],[106.3416,33.586],[106.3552,33.6018],[106.3733,33.6055],[106.3704,33.6186],[106.4052,33.6185],[106.4191,33.6231],[106.4412,33.6198],[106.4467,33.5941],[106.4521,33.5412],[106.4608,33.5403],[106.465,33.5256],[106.4783,33.53],[106.4885,33.5414],[106.4972,33.5346],[106.5099,33.5144],[106.5167,33.5197],[106.5374,33.5171],[106.5452,33.5267],[106.5527,33.5293],[106.5574,33.5399],[106.5571,33.5521],[106.5493,33.5643],[106.5479,33.5801],[106.5695,33.5775],[106.5775,33.5928],[106.5788,33.6137],[106.5746,33.6339],[106.5617,33.6423],[106.5609,33.6513],[106.5466,33.6616],[106.5488,33.6756],[106.5346,33.6815],[106.5188,33.702],[106.4997,33.7037],[106.4757,33.7149],[106.4846,33.7454],[106.4784,33.7609],[106.481,33.7716],[106.4761,33.7883],[106.4582,33.7876],[106.4538,33.8082],[106.4498,33.8113],[106.4542,33.8283],[106.4598,33.8371],[106.471,33.8334],[106.4823,33.8355],[106.4931,33.8523],[106.4727,33.8675],[106.4701,33.8774],[106.4565,33.8795],[106.4494,33.8711],[106.4259,33.8681],[106.4107,33.8852],[106.4139,33.896],[106.405,33.9092],[106.4176,33.916],[106.4305,33.931],[106.4442,33.9419],[106.4386,33.952],[106.461,33.9619],[106.469,33.9712],[106.4664,33.9786],[106.4745,33.9966],[106.4676,34.0162],[106.4653,34.0305],[106.4823,34.0405],[106.4896,34.0498],[106.4943,34.0624],[106.5031,34.069],[106.505,34.0764],[106.4947,34.1021],[106.5018,34.1136],[106.5294,34.1096],[106.5391,34.1157],[106.5566,34.1119],[106.5641,34.1275],[106.5812,34.1502],[106.5683,34.1619],[106.5663,34.1743],[106.5567,34.1882],[106.5603,34.2],[106.5521,34.2073],[106.5524,34.2249],[106.5422,34.2387],[106.5388,34.2486],[106.5221,34.2572],[106.5141,34.2436],[106.4973,34.2433],[106.4842,34.2505],[106.4871,34.2448],[106.4859,34.2207],[106.4893,34.2136],[106.4895,34.1981],[106.4829,34.1889],[106.4756,34.1875],[106.4663,34.1679],[106.4694,34.1554],[106.4658,34.1461],[106.4521,34.1451],[106.4396,34.1333],[106.4366,34.1237],[106.4163,34.119],[106.4149,34.1137],[106.3991,34.1093],[106.3876,34.1129],[106.3719,34.1031],[106.3616,34.1006],[106.3351,34.1032],[106.3242,34.1206],[106.3214,34.1453],[106.3351,34.1601],[106.3407,34.1702],[106.3349,34.1784],[106.3387,34.1884],[106.336,34.1967],[106.3264,34.2035],[106.3264,34.2196],[106.3185,34.2286],[106.2962,34.2326],[106.2774,34.2273],[106.2757,34.2195],[106.2664,34.2103],[106.272,34.2029],[106.2715,34.1904],[106.2648,34.1791],[106.2633,34.1631],[106.2518,34.1533],[106.239,34.1513],[106.2439,34.1343],[106.2216,34.1182],[106.2098,34.1193],[106.1861,34.112],[106.1476,34.1249],[106.1276,34.1136],[106.1101,34.1144],[106.0978,34.121],[106.094,34.1289],[106.0767,34.1271],[106.0724,34.1424],[106.0668,34.1481],[106.0537,34.1494],[106.0331,34.1601],[105.9822,34.1557],[105.9659,34.1491],[105.9484,34.1513],[105.9342,34.1456],[105.9184,34.1341],[105.9091,34.1373],[105.8983,34.1215],[105.8876,34.1256],[105.8595,34.1286],[105.8565,34.135],[105.8608,34.144],[105.8528,34.1567],[105.8372,34.1537],[105.8278,34.1558],[105.8168,34.1477],[105.8103,34.1509],[105.7953,34.1396],[105.7879,34.1302],[105.7749,34.1231],[105.7658,34.1338],[105.7657,34.1418],[105.7725,34.1522],[105.7521,34.173],[105.7193,34.1767],[105.7114,34.1613],[105.698,34.1658],[105.6864,34.1579],[105.6734,34.1557],[105.6586,34.1442],[105.6581,34.1303],[105.648,34.1248],[105.6475,34.1123],[105.6396,34.1086],[105.6346,34.083],[105.6205,34.0834],[105.6117,34.089],[105.6205,34.0982],[105.5949,34.1079],[105.5904,34.1018],[105.5969,34.0957],[105.5905,34.085],[105.5787,34.0876],[105.574,34.0832],[105.5493,34.1028],[105.5473,34.1203],[105.5526,34.1331],[105.5601,34.1409],[105.55,34.1452],[105.5451,34.1605],[105.5536,34.1656],[105.5556,34.1784],[105.5496,34.1905],[105.5529,34.1985],[105.555,34.2226],[105.5507,34.2336],[105.5398,34.2366],[105.5352,34.2512],[105.5473,34.2592],[105.5238,34.2773],[105.5235,34.287],[105.554,34.3096],[105.5421,34.322],[105.5275,34.3111],[105.5142,34.3094],[105.4934,34.3351],[105.4848,34.3608],[105.4766,34.3658],[105.4731,34.3748],[105.4585,34.3844],[105.4567,34.393],[105.4452,34.4037],[105.4388,34.4038],[105.4249,34.4152],[105.4023,34.4256],[105.3881,34.4169],[105.3764,34.4133],[105.366,34.4181],[105.3428,34.4374],[105.337,34.4331],[105.3132,34.4413],[105.2961,34.4297],[105.2852,34.4328],[105.2858,34.4431],[105.2557,34.4526],[105.2551,34.4674],[105.2609,34.4749],[105.2512,34.4907],[105.2507,34.5027],[105.2427,34.5085],[105.245,34.5168],[105.2401,34.53],[105.2199,34.5299],[105.2067,34.5211],[105.199,34.5269],[105.184,34.5211],[105.1739,34.5262],[105.1679,34.5225],[105.1576,34.5291],[105.1424,34.5261],[105.1397,34.5135],[105.1316,34.5134],[105.1235,34.5049],[105.1242,34.4981],[105.1154,34.487],[105.1133,34.4748],[105.104,34.4612],[105.0803,34.4612],[105.0699,34.4467],[105.0575,34.4447],[105.0342,34.4286],[105.0308,34.4211],[105.0006,34.4212],[104.9858,34.4264]]]},"properties":{"region_code":"CN-62-6212","parent_region_code":"CN-62","name":"陇南市","level":"prefecture","has_children":true,"full_path":"中国 / 甘肃省 / 陇南市","source_admin_code":"6212","osm_relation_id":2697126}},
{"type":"Feature","geometry":{"type":"Polygon","coordinates":[[[103.0674,36.2089],[103.0627,36.2019],[103.0467,36.1994],[103.0183,36.2049],[103.0067,36.2023],[102.998,36.194],[102.9854,36.1888],[102.968,36.1657],[102.9653,36.1521],[102.9507,36.1523],[102.9524,36.1409],[102.9437,36.1332],[102.9439,36.1222],[102.9387,36.1054],[102.919,36.0971],[102.9058,36.088],[102.8932,36.0923],[102.8802,36.0838],[102.8915,36.077],[102.8939,36.066],[102.9166,36.0663],[102.9233,36.0613],[102.9277,36.05],[102.9423,36.0514],[102.9542,36.0448],[102.9679,36.0426],[102.9502,36.0234],[102.9517,36.0164],[102.9613,36.0088],[102.9686,35.9941],[102.9574,35.9811],[102.9477,35.9635],[102.9401,35.928],[102.946,35.9223],[102.9489,35.9082],[102.9457,35.8859],[102.9537,35.8609],[102.9458,35.8478],[102.9485,35.8375],[102.944,35.8298],[102.9335,35.835],[102.9199,35.8346],[102.9138,35.8458],[102.893,35.8464],[102.8844,35.8495],[102.8602,35.8451],[102.8445,35.8558],[102.8274,35.8573],[102.8182,35.8506],[102.7847,35.8626],[102.7696,35.8558],[102.7689,35.8501],[102.7531,35.8394],[102.7382,35.8212],[102.7135,35.817],[102.7082,35.8028],[102.6936,35.7967],[102.6932,35.7833],[102.6831,35.7735],[102.6919,35.7514],[102.7003,35.7476],[102.7008,35.7387],[102.6953,35.7316],[102.6989,35.7146],[102.6987,35.6996],[102.7111,35.7023],[102.7274,35.6861],[102.7395,35.6601],[102.7409,35.6463],[102.7554,35.6266],[102.7629,35.62],[102.7592,35.6127],[102.7636,35.6],[102.7712,35.5928],[102.7984,35.5748],[102.8063,35.5623],[102.7913,35.5594],[102.7807,35.5497],[102.7435,35.5464],[102.7253,35.5331],[102.7253,35.5249],[102.7373,35.5216],[102.7459,35.529],[102.7702,35.5332],[102.7808,35.5284],[102.7771,35.5207],[102.7558,35.5109],[102.7422,35.4953],[102.7484,35.4849],[102.7859,35.4692],[102.8211,35.4645],[102.8299,35.4512],[102.832,35.4411],[102.8467,35.4351],[102.8461,35.4274],[102.8591,35.4197],[102.8611,35.4136],[102.8858,35.4066],[102.9096,35.4305],[102.9337,35.423],[102.9391,35.4117],[102.9497,35.4043],[102.9574,35.3832],[102.9541,35.371],[102.9582,35.3589],[102.9535,35.3497],[102.9544,35.3375],[102.9498,35.3248],[102.9555,35.3162],[102.946,35.3037],[102.9518,35.2958],[102.9467,35.2894],[102.9534,35.2623],[102.9697,35.2516],[102.9789,35.2577],[102.9855,35.2691],[102.988,35.282],[102.9974,35.2889],[103.0203,35.2807],[103.0367,35.2827],[103.0493,35.2707],[103.0845,35.2742],[103.0906,35.2448],[103.1025,35.2445],[103.1045,35.2364],[103.1206,35.2346],[103.1376,35.2283],[103.162,35.2116],[103.1714,35.1999],[103.1949,35.1959],[103.2203,35.1952],[103.2485,35.188],[103.2714,35.1891],[103.2926,35.1836],[103.302,35.176],[103.3116,35.1758],[103.3233,35.164],[103.34,35.1565],[103.359,35.1439],[103.3777,35.1439],[103.3969,35.1405],[103.4069,35.144],[103.4298,35.1375],[103.4418,35.1385],[103.465,35.1281],[103.4848,35.1257],[103.4889,35.1469],[103.4987,35.1514],[103.5199,35.1452],[103.5502,35.1295],[103.5771,35.1124],[103.5978,35.1042],[103.6074,35.1041],[103.6198,35.0965],[103.6236,35.0845],[103.6483,35.072],[103.6546,35.0634],[103.6678,35.0596],[103.675,35.0528],[103.678,35.0382],[103.6849,35.0368],[103.7,35.0421],[103.7071,35.0384],[103.7111,35.0251],[103.7272,35.0119],[103.7197,35.008],[103.7019,35.0088],[103.6771,34.9924],[103.6904,34.988],[103.7055,34.9989],[103.7272,35.0051],[103.7305,34.9794],[103.7248,34.9701],[103.7156,34.9728],[103.7102,34.9611],[103.682,34.9544],[103.667,34.9368],[103.6706,34.9279],[103.6677,34.9204],[103.6823,34.909],[103.7009,34.9168],[103.7219,34.9213],[103.7365,34.9218],[103.7548,34.9281],[103.7641,34.9268],[103.7867,34.931],[103.8013,34.9301],[103.8194,34.9238],[103.831,34.9159],[103.8365,34.9369],[103.8441,34.9418],[103.8457,34.955],[103.8326,34.9785],[103.8276,34.9853],[103.8114,34.9941],[103.7882,34.9972],[103.7821,35.0036],[103.784,35.0153],[103.7454,35.0384],[103.7402,35.0474],[103.7442,35.0566],[103.7356,35.0673],[103.7447,35.0778],[103.7407,35.0852],[103.745,35.0925],[103.7345,35.0999],[103.7434,35.1199],[103.7137,35.1367],[103.709,35.1501],[103.7165,35.1577],[103.7172,35.1687],[103.7102,35.1844],[103.7199,35.194],[103.6978,35.1919],[103.6877,35.1971],[103.6866,35.2202],[103.7005,35.2357],[103.7085,35.2566],[103.717,35.2667],[103.7298,35.2741],[103.7279,35.2934],[103.7352,35.305],[103.7356,35.3151],[103.7459,35.3129],[103.7515,35.3283],[103.7733,35.3581],[103.7794,35.3736],[103.7769,35.3777],[103.7815,35.3928],[103.799,35.3999],[103.8115,35.3958],[103.8135,35.4156],[103.7987,35.4368],[103.811,35.4443],[103.819,35.4417],[103.8266,35.4537],[103.8305,35.4674],[103.8472,35.4757],[103.8485,35.4872],[103.8569,35.4994],[103.8383,35.4975],[103.8296,35.5085],[103.8165,35.5362],[103.8084,35.5352],[103.7872,35.5663],[103.7864,35.5847],[103.7818,35.6005],[103.7668,35.6226],[103.7534,35.6269],[103.7388,35.6402],[103.7268,35.6561],[103.7064,35.6684],[103.6954,35.6723],[103.6744,35.686],[103.6534,35.7098],[103.6452,35.7132],[103.6388,35.7325],[103.6255,35.7397],[103.6213,35.7536],[103.5924,35.7581],[103.5945,35.7766],[103.5832,35.7938],[103.5672,35.798],[103.5665,35.8077],[103.5498,35.8032],[103.5455,35.8129],[103.5332,35.8213],[103.525,35.8319],[103.5131,35.8538],[103.4992,35.8574],[103.4833,35.8723],[103.4663,35.8794],[103.472,35.8907],[103.4698,35.9164],[103.483,35.9117],[103.5162,35.9463],[103.5333,35.9417],[103.5346,35.9379],[103.5522,35.9322],[103.5502,35.9263],[103.5591,35.9064],[103.5772,35.9033],[103.5997,35.91],[103.607,35.9167],[103.6068,35.9314],[103.6212,35.9387],[103.615,35.9599],[103.6249,35.977],[103.6321,35.9827],[103.6177,35.9972],[103.6216,36.0063],[103.6311,36.0148],[103.619,36.0264],[103.6065,36.0468],[103.5994,36.0654],[103.5924,36.0697],[103.5726,36.0641],[103.5729,36.0821],[103.5625,36.0926],[103.5379,36.1046],[103.5198,36.102],[103.5042,36.1032],[103.4811,36.0986],[103.4727,36.1108],[103.4589,36.1025],[103.4557,36.0858],[103.4366,36.0689],[103.4175,36.0714],[103.4072,36.0787],[103.4064,36.103],[103.4112,36.1201],[103.3955,36.1286],[103.3856,36.1233],[103.367,36.1206],[103.345,36.1226],[103.3287,36.1396],[103.3079,36.1516],[103.2947,36.1457],[103.2752,36.1521],[103.2678,36.147],[103.2571,36.1472],[103.2582,36.1555],[103.2297,36.1603],[103.2287,36.1673],[103.1989,36.1698],[103.1898,36.1803],[103.169,36.1748],[103.1537,36.1895],[103.1406,36.1891],[103.1342,36.1962],[103.1226,36.1948],[103.1128,36.2065],[103.1128,36.2169],[103.0917,36.2088],[103.0674,36.2089]]]},"properties":{"region_code":"CN-62-6229","parent_region_code":"CN-62","name":"临夏回族自治州","level":"prefecture","has_children":true,"full_path":"中国 / 甘肃省 / 临夏回族自治州","source_admin_code":"6229","osm_relation_id":2697555}},
{"type":"Feature","geometry":{"type":"Polygon","coordinates":[[[103.8326,34.9785],[103.8457,34.955],[103.8441,34.9418],[103.8365,34.9369],[103.831,34.9159],[103.8194,34.9238],[103.8013,34.9301],[103.7867,34.931],[103.7641,34.9268],[103.7548,34.9281],[103.7365,34.9218],[103.7219,34.9213],[103.7009,34.9168],[103.6823,34.909],[103.6677,34.9204],[103.6706,34.9279],[103.667,34.9368],[103.682,34.9544],[103.7102,34.9611],[103.7156,34.9728],[103.7248,34.9701],[103.7305,34.9794],[103.7272,35.0051],[103.7055,34.9989],[103.6904,34.988],[103.6771,34.9924],[103.7019,35.0088],[103.7197,35.008],[103.7272,35.0119],[103.7111,35.0251],[103.7071,35.0384],[103.7,35.0421],[103.6849,35.0368],[103.678,35.0382],[103.675,35.0528],[103.6678,35.0596],[103.6546,35.0634],[103.6483,35.072],[103.6236,35.0845],[103.6198,35.0965],[103.6074,35.1041],[103.5978,35.1042],[103.5771,35.1124],[103.5502,35.1295],[103.5199,35.1452],[103.4987,35.1514],[103.4889,35.1469],[103.4848,35.1257],[103.465,35.1281],[103.4418,35.1385],[103.4298,35.1375],[103.4069,35.144],[103.3969,35.1405],[103.3777,35.1439],[103.359,35.1439],[103.34,35.1565],[103.3233,35.164],[103.3116,35.1758],[103.302,35.176],[103.2926,35.1836],[103.2714,35.1891],[103.2485,35.188],[103.2203,35.1952],[103.1949,35.1959],[103.1714,35.1999],[103.162,35.2116],[103.1376,35.2283],[103.1206,35.2346],[103.1045,35.2364],[103.1025,35.2445],[103.0906,35.2448],[103.0845,35.2742],[103.0493,35.2707],[103.0367,35.2827],[103.0203,35.2807],[102.9974,35.2889],[102.988,35.282],[102.9855,35.2691],[102.9789,35.2577],[102.9697,35.2516],[102.9534,35.2623],[102.9467,35.2894],[102.9518,35.2958],[102.946,35.3037],[102.9555,35.3162],[102.9498,35.3248],[102.9544,35.3375],[102.9535,35.3497],[102.9582,35.3589],[102.9541,35.371],[102.9574,35.3832],[102.9497,35.4043],[102.9391,35.4117],[102.9337,35.423],[102.9096,35.4305],[102.8858,35.4066],[102.8611,35.4136],[102.8591,35.4197],[102.8461,35.4274],[102.8467,35.4351],[102.832,35.4411],[102.8299,35.4512],[102.8211,35.4645],[102.7859,35.4692],[102.7484,35.4849],[102.7422,35.4953],[102.7117,35.5147],[102.6935,35.529],[102.6339,35.535],[102.6319,35.541],[102.612,35.5388],[102.5856,35.5424],[102.5687,35.5495],[102.5569,35.5622],[102.5502,35.5598],[102.5297,35.5809],[102.5183,35.5798],[102.508,35.5883],[102.5015,35.5847],[102.5123,35.5756],[102.5072,35.5694],[102.497,35.5729],[102.4968,35.5456],[102.4923,35.544],[102.4862,35.5218],[102.4807,35.5133],[102.4603,35.5075],[102.4636,35.5022],[102.4589,35.4791],[102.4477,35.4789],[102.4461,35.4703],[102.4385,35.466],[102.4361,35.4557],[102.4484,35.4497],[102.4458,35.4376],[102.4061,35.4108],[102.3971,35.41],[102.3856,35.4163],[102.3375,35.4302],[102.3268,35.4279],[102.3129,35.4349],[102.3015,35.4254],[102.2915,35.4253],[102.292,35.4092],[102.2824,35.396],[102.2843,35.3673],[102.3045,35.3601],[102.3047,35.3509],[102.3155,35.3412],[102.3093,35.3142],[102.2917,35.3167],[102.2807,35.3128],[102.2786,35.3033],[102.2888,35.2939],[102.3083,35.283],[102.3243,35.2791],[102.337,35.284],[102.3547,35.2704],[102.3689,35.2626],[102.3678,35.2446],[102.3635,35.2396],[102.375,35.23],[102.3783,35.2141],[102.3975,35.1967],[102.4016,35.1792],[102.3795,35.1637],[102.348,35.166],[102.3397,35.1602],[102.3375,35.1415],[102.3307,35.1359],[102.3092,35.1288],[102.3104,35.1192],[102.2998,35.1065],[102.2983,35.0909],[102.2928,35.0709],[102.2776,35.0571],[102.256,35.0538],[102.2494,35.0492],[102.2171,35.0598],[102.2107,35.0472],[102.2119,35.0368],[102.1964,35.0369],[102.1891,35.0328],[102.1722,35.0329],[102.1597,35.0219],[102.1564,35.012],[102.1308,35.016],[102.1227,35.0034],[102.1119,35.0004],[102.1072,34.9914],[102.0933,34.9886],[102.0841,34.9706],[102.0737,34.9602],[102.0714,34.9465],[102.06,34.9443],[102.0495,34.9196],[102.0524,34.9064],[102.0507,34.8927],[102.0362,34.8911],[102.0179,34.8995],[101.9857,34.8968],[101.9571,34.8888],[101.9363,34.8893],[101.9239,34.8786],[101.9164,34.8779],[101.9202,34.8542],[101.9294,34.8509],[101.9301,34.8433],[101.9202,34.8368],[101.9253,34.828],[101.9271,34.8049],[101.9207,34.8043],[101.915,34.7879],[101.9196,34.7615],[101.9153,34.7411],[101.9193,34.7305],[101.9151,34.7233],[101.9172,34.7065],[101.9221,34.6938],[101.9305,34.6849],[101.9171,34.669],[101.921,34.6318],[101.9192,34.626],[101.9227,34.6083],[101.9298,34.6012],[101.9332,34.5886],[101.9456,34.5836],[101.9548,34.5855],[101.9622,34.5633],[101.9748,34.5587],[101.9736,34.5494],[102.0006,34.539],[102.0145,34.5406],[102.039,34.5366],[102.0564,34.5401],[102.0644,34.5373],[102.0906,34.5373],[102.1045,34.5231],[102.1204,34.5239],[102.1267,34.5136],[102.1384,34.5051],[102.1536,34.5089],[102.1554,34.4974],[102.1701,34.4778],[102.1672,34.4596],[102.1723,34.452],[102.1958,34.4332],[102.1949,34.4282],[102.2045,34.4185],[102.2036,34.4097],[102.2209,34.3861],[102.2331,34.3843],[102.2474,34.3728],[102.2574,34.3575],[102.2508,34.3512],[102.233,34.3429],[102.2192,34.341],[102.1967,34.349],[102.179,34.3601],[102.1672,34.3502],[102.1594,34.3265],[102.1685,34.3111],[102.1574,34.298],[102.1485,34.2945],[102.1492,34.2832],[102.1452,34.2732],[102.1296,34.2751],[102.1059,34.2859],[102.0694,34.294],[102.061,34.2859],[102.0583,34.2524],[102.0637,34.2363],[102.0407,34.2354],[102.0284,34.2297],[102.0124,34.2271],[102.0219,34.2155],[102.0261,34.1964],[102.0138,34.1994],[102.007,34.1671],[102.0017,34.1639],[101.965,34.1704],[101.958,34.1644],[101.9662,34.1573],[101.9575,34.1304],[101.9542,34.1112],[101.9203,34.1236],[101.9109,34.13],[101.8925,34.1361],[101.8853,34.1307],[101.873,34.1317],[101.8657,34.1446],[101.8657,34.1516],[101.845,34.1547],[101.8517,34.1416],[101.8464,34.132],[101.8349,34.127],[101.8276,34.131],[101.8101,34.131],[101.7979,34.1269],[101.7852,34.1334],[101.7755,34.1266],[101.7609,34.125],[101.7569,34.1056],[101.7464,34.0889],[101.7352,34.0814],[101.7286,34.0889],[101.7162,34.0845],[101.709,34.0938],[101.7139,34.1087],[101.7014,34.1217],[101.6919,34.1186],[101.6828,34.1092],[101.6676,34.1139],[101.6488,34.1264],[101.6428,34.1396],[101.6532,34.1495],[101.6504,34.1561],[101.6194,34.1707],[101.6136,34.1765],[101.6034,34.1766],[101.5828,34.1924],[101.5806,34.1977],[101.5589,34.1923],[101.5528,34.2057],[101.5438,34.2063],[101.5379,34.2136],[101.5254,34.211],[101.5124,34.1999],[101.4892,34.1977],[101.4852,34.2035],[101.4865,34.2179],[101.4583,34.2233],[101.4419,34.2223],[101.4323,34.2284],[101.4124,34.2302],[101.4047,34.2369],[101.3843,34.2395],[101.3751,34.2468],[101.3582,34.2505],[101.3389,34.2502],[101.3293,34.2459],[101.3268,34.2667],[101.2956,34.2694],[101.2905,34.2755],[101.2794,34.2754],[101.2687,34.2799],[101.2614,34.2882],[101.2649,34.2942],[101.2465,34.3003],[101.239,34.2947],[101.2263,34.2989],[101.2338,34.3279],[101.2263,34.3333],[101.2011,34.3333],[101.1904,34.339],[101.1807,34.3262],[101.1686,34.3204],[101.1553,34.3314],[101.1442,34.3335],[101.1382,34.3283],[101.1185,34.331],[101.1046,34.3284],[101.0949,34.3302],[101.0847,34.3253],[101.0729,34.3306],[101.059,34.3297],[101.0493,34.339],[101.0376,34.3434],[101.0247,34.3439],[101.0204,34.3514],[100.985,34.3758],[100.9709,34.3724],[100.9485,34.3845],[100.9367,34.3795],[100.9148,34.3762],[100.8974,34.3798],[100.89,34.3742],[100.8883,34.3589],[100.8771,34.3513],[100.8678,34.3352],[100.849,34.3269],[100.8357,34.3282],[100.83,34.3214],[100.82,34.3214],[100.8158,34.3154],[100.8138,34.2949],[100.8047,34.2877],[100.8057,34.2751],[100.7955,34.2646],[100.8065,34.2491],[100.8024,34.241],[100.7898,34.233],[100.7926,34.2265],[100.787,34.2115],[100.7791,34.2105],[100.7817,34.1984],[100.7695,34.1937],[100.7629,34.1789],[100.7827,34.1672],[100.7894,34.1604],[100.8067,34.1566],[100.8165,34.1403],[100.8363,34.1182],[100.8388,34.1055],[100.848,34.0924],[100.8689,34.0844],[100.8669,34.0713],[100.8776,34.0609],[100.876,34.0501],[100.8817,34.0375],[100.8963,34.0368],[100.897,34.027],[100.9077,34.0084],[100.9156,34.0083],[100.9323,33.9926],[100.9261,33.9784],[100.9531,33.9525],[100.9648,33.949],[100.9755,33.9212],[100.9939,33.8924],[101.0216,33.898],[101.0309,33.8841],[101.042,33.8868],[101.0508,33.8655],[101.0736,33.8593],[101.0883,33.8583],[101.1062,33.8628],[101.1102,33.8528],[101.1249,33.8527],[101.1383,33.8461],[101.1513,33.8467],[101.1545,33.8381],[101.1491,33.8262],[101.1605,33.8147],[101.1909,33.7932],[101.1825,33.7683],[101.1855,33.7458],[101.1769,33.7442],[101.1759,33.7361],[101.1631,33.7236],[101.1639,33.6924],[101.1754,33.6869],[101.1734,33.6765],[101.1644,33.6729],[101.1647,33.6646],[101.1737,33.6549],[101.1917,33.6689],[101.2147,33.6699],[101.2213,33.6797],[101.2318,33.686],[101.2733,33.6674],[101.2866,33.6627],[101.3082,33.666],[101.324,33.6582],[101.3345,33.661],[101.3852,33.6463],[101.4136,33.6525],[101.427,33.663],[101.4261,33.6801],[101.4326,33.6866],[101.4429,33.6838],[101.4655,33.6868],[101.4818,33.6978],[101.5019,33.7047],[101.5097,33.6958],[101.5263,33.6931],[101.5404,33.6968],[101.5502,33.6915],[101.5564,33.6717],[101.5669,33.6701],[101.5801,33.6774],[101.5874,33.6685],[101.5841,33.6463],[101.5874,33.6385],[101.6032,33.6316],[101.6113,33.6172],[101.6162,33.6025],[101.6088,33.5937],[101.6129,33.5852],[101.61,33.5659],[101.6171,33.5598],[101.6137,33.5402],[101.6142,33.5274],[101.6229,33.501],[101.6291,33.4938],[101.643,33.4951],[101.6488,33.5052],[101.6736,33.4983],[101.6811,33.5028],[101.6977,33.5031],[101.7168,33.4967],[101.7337,33.4982],[101.7407,33.5068],[101.7492,33.5098],[101.759,33.5266],[101.7594,33.5372],[101.7803,33.5574],[101.7979,33.5572],[101.8075,33.548],[101.8287,33.5569],[101.8319,33.5684],[101.828,33.5802],[101.8326,33.5932],[101.8471,33.6025],[101.8584,33.5889],[101.888,33.575],[101.882,33.5664],[101.9001,33.5601],[101.9062,33.5446],[101.8967,33.5178],[101.9035,33.5101],[101.8988,33.4985],[101.9053,33.483],[101.9225,33.4771],[101.9276,33.4719],[101.9233,33.4563],[101.9263,33.4482],[101.9459,33.4443],[101.9324,33.4358],[101.9257,33.4375],[101.9142,33.4277],[101.9165,33.4227],[101.9124,33.4069],[101.9039,33.4041],[101.8857,33.3864],[101.8791,33.3729],[101.8809,33.3614],[101.876,33.3569],[101.8702,33.3302],[101.8741,33.3154],[101.8543,33.3127],[101.8468,33.3006],[101.8316,33.2926],[101.8216,33.2715],[101.8089,33.2887],[101.8053,33.2831],[101.7901,33.2807],[101.7844,33.2742],[101.7688,33.2706],[101.7688,33.2488],[101.7844,33.2358],[101.795,33.2345],[101.8116,33.2222],[101.8281,33.2141],[101.8344,33.1965],[101.8405,33.187],[101.8377,33.1773],[101.8395,33.1628],[101.8337,33.141],[101.8195,33.1335],[101.8245,33.1211],[101.8408,33.113],[101.8572,33.1106],[101.8636,33.1052],[101.8773,33.119],[101.8826,33.1359],[101.8898,33.1382],[101.8994,33.1484],[101.9102,33.1483],[101.9241,33.1605],[101.9324,33.1802],[101.9332,33.1885],[101.9555,33.1886],[101.9694,33.1933],[101.9787,33.2033],[101.9959,33.2053],[102.0077,33.199],[102.0159,33.201],[102.0294,33.1966],[102.0403,33.2002],[102.0535,33.1962],[102.0664,33.2019],[102.0811,33.196],[102.0909,33.214],[102.088,33.2228],[102.1007,33.2414],[102.0958,33.2504],[102.1076,33.2597],[102.1011,33.2767],[102.1064,33.2849],[102.1144,33.2859],[102.1274,33.278],[102.1407,33.2767],[102.1486,33.2658],[102.1502,33.2561],[102.1606,33.2427],[102.1736,33.2354],[102.191,33.2331],[102.1969,33.2268],[102.2068,33.2268],[102.2145,33.235],[102.2159,33.2498],[102.2071,33.2832],[102.2094,33.2903],[102.2007,33.3028],[102.2023,33.3247],[102.1858,33.3294],[102.1854,33.3339],[102.2139,33.3536],[102.2157,33.359],[102.2337,33.3718],[102.2279,33.38],[102.238,33.3923],[102.2469,33.3918],[102.2607,33.3998],[102.2552,33.4082],[102.2637,33.4224],[102.2701,33.4112],[102.2802,33.4083],[102.2886,33.4146],[102.3004,33.4119],[102.3058,33.402],[102.314,33.3989],[102.3298,33.4031],[102.3437,33.414],[102.3506,33.4098],[102.3525,33.4],[102.3667,33.3937],[102.3697,33.4034],[102.3642,33.4108],[102.3749,33.4151],[102.3842,33.4065],[102.3946,33.4084],[102.4034,33.4282],[102.4354,33.4439],[102.4417,33.4559],[102.4499,33.4569],[102.4631,33.4505],[102.4818,33.4635],[102.4505,33.4853],[102.4502,33.4921],[102.4603,33.5036],[102.4596,33.5098],[102.4489,33.5196],[102.4437,33.532],[102.4552,33.536],[102.4663,33.5306],[102.4743,33.5332],[102.4763,33.5454],[102.4534,33.5557],[102.4475,33.5705],[102.4343,33.5773],[102.4045,33.5821],[102.3847,33.6004],[102.3749,33.6044],[102.3597,33.6031],[102.3467,33.6066],[102.3358,33.6162],[102.3368,33.6255],[102.3322,33.6443],[102.3144,33.668],[102.3144,33.6766],[102.3325,33.7139],[102.3393,33.7217],[102.3364,33.7352],[102.325,33.7363],[102.3177,33.731],[102.3043,33.7118],[102.2858,33.72],[102.2852,33.7317],[102.2936,33.7408],[102.3159,33.7418],[102.3225,33.7475],[102.3213,33.7617],[102.3081,33.7696],[102.3021,33.7831],[102.2936,33.7866],[102.2683,33.7897],[102.2488,33.7887],[102.2356,33.7932],[102.2378,33.8024],[102.2574,33.8171],[102.2666,33.839],[102.2519,33.852],[102.2491,33.8674],[102.2325,33.8732],[102.2209,33.885],[102.2134,33.8972],[102.1936,33.9149],[102.1887,33.9292],[102.1656,33.9408],[102.1543,33.9489],[102.1429,33.9651],[102.1439,33.978],[102.1656,33.9843],[102.1934,33.9758],[102.2012,33.9688],[102.2212,33.9656],[102.2355,33.9701],[102.2396,33.9833],[102.2474,33.9881],[102.2541,33.9804],[102.2468,33.9745],[102.2521,33.9686],[102.2629,33.9893],[102.2737,33.9935],[102.2849,33.9795],[102.3009,33.9877],[102.3035,33.9953],[102.3149,33.995],[102.3104,33.9836],[102.324,33.984],[102.3423,33.9713],[102.3524,33.9814],[102.3584,33.9726],[102.3724,33.9758],[102.3904,33.972],[102.4028,34.0315],[102.4176,34.0432],[102.4228,34.0621],[102.4378,34.0875],[102.4531,34.0837],[102.473,34.0734],[102.495,34.0778],[102.5105,34.0877],[102.5288,34.0864],[102.5645,34.0896],[102.5685,34.0994],[102.6036,34.103],[102.614,34.0997],[102.6205,34.0927],[102.629,34.092],[102.6458,34.0832],[102.6557,34.0847],[102.6544,34.0934],[102.6628,34.1008],[102.6632,34.1128],[102.6537,34.119],[102.6377,34.1147],[102.637,34.1252],[102.5986,34.1462],[102.6042,34.157],[102.6232,34.1681],[102.6422,34.1692],[102.6461,34.1806],[102.6573,34.1847],[102.6586,34.192],[102.6718,34.192],[102.6936,34.1995],[102.6972,34.2117],[102.7107,34.2151],[102.7238,34.2267],[102.7288,34.2371],[102.7761,34.2372],[102.7816,34.2465],[102.7819,34.2596],[102.7893,34.2623],[102.7973,34.2744],[102.8145,34.2727],[102.8283,34.2754],[102.8388,34.2717],[102.8545,34.272],[102.8628,34.2846],[102.8642,34.2963],[102.8592,34.3041],[102.8774,34.3125],[102.8979,34.3147],[102.915,34.3122],[102.9368,34.3022],[102.9497,34.2924],[102.957,34.2739],[102.9564,34.2685],[102.9754,34.254],[102.9839,34.2317],[102.9809,34.2294],[102.9766,34.2068],[102.9802,34.1971],[102.9922,34.1893],[103.0082,34.1848],[103.0237,34.1893],[103.038,34.1864],[103.0484,34.193],[103.0477,34.1985],[103.0627,34.2006],[103.0809,34.1926],[103.0876,34.1835],[103.0981,34.1778],[103.1136,34.1758],[103.1218,34.163],[103.1202,34.1517],[103.1243,34.1384],[103.1326,34.1295],[103.1222,34.1192],[103.136,34.1113],[103.1594,34.1035],[103.1603,34.0971],[103.1782,34.0874],[103.1797,34.0808],[103.1706,34.0689],[103.1606,34.0741],[103.1424,34.073],[103.1277,34.0691],[103.1211,34.0445],[103.1448,34.0397],[103.1525,34.0156],[103.1578,34.0093],[103.153,33.9964],[103.14,33.9881],[103.1346,33.9745],[103.1222,33.9703],[103.1164,33.9557],[103.1267,33.9358],[103.1431,33.9268],[103.153,33.9336],[103.166,33.9318],[103.1841,33.904],[103.1765,33.8922],[103.1726,33.8779],[103.1631,33.8693],[103.164,33.8529],[103.1497,33.8169],[103.1599,33.8076],[103.1923,33.8008],[103.2022,33.7949],[103.2248,33.7958],[103.227,33.8019],[103.2472,33.8168],[103.2529,33.8125],[103.2783,33.807],[103.2863,33.7984],[103.2853,33.7887],[103.2783,33.7861],[103.2758,33.7756],[103.2845,33.7733],[103.3114,33.752],[103.3283,33.7457],[103.3346,33.7398],[103.3692,33.7473],[103.3743,33.7524],[103.4183,33.7483],[103.43,33.7448],[103.4388,33.7517],[103.4411,33.7764],[103.4459,33.7847],[103.4565,33.7854],[103.4638,33.7926],[103.4741,33.8119],[103.4952,33.8083],[103.5013,33.8131],[103.5183,33.8118],[103.5297,33.8015],[103.5323,33.7677],[103.538,33.7446],[103.5469,33.742],[103.5434,33.7211],[103.5269,33.7009],[103.5243,33.6889],[103.518,33.6799],[103.5359,33.6726],[103.5488,33.6732],[103.5607,33.701],[103.575,33.7042],[103.5828,33.7158],[103.5908,33.7176],[103.5889,33.7287],[103.598,33.7288],[103.5977,33.7173],[103.609,33.7139],[103.6271,33.7181],[103.646,33.7122],[103.664,33.7201],[103.6649,33.7103],[103.6526,33.7032],[103.6656,33.6859],[103.6758,33.6928],[103.6871,33.6936],[103.7066,33.6878],[103.7173,33.6806],[103.7517,33.6691],[103.756,33.6617],[103.7669,33.6586],[103.7761,33.6646],[103.7977,33.6656],[103.8089,33.6768],[103.8204,33.681],[103.848,33.6794],[103.8551,33.6874],[103.8672,33.6887],[103.8849,33.6832],[103.898,33.6823],[103.9279,33.6842],[103.9479,33.6773],[103.9718,33.676],[103.9974,33.6824],[104.0249,33.6858],[104.0333,33.6904],[104.0463,33.6877],[104.0702,33.6768],[104.0789,33.6763],[104.1137,33.6585],[104.1211,33.653],[104.1344,33.6363],[104.1672,33.6135],[104.1743,33.5986],[104.1719,33.5896],[104.1788,33.5793],[104.1666,33.5753],[104.1648,33.5593],[104.1596,33.5581],[104.1527,33.5442],[104.1657,33.5164],[104.1736,33.5127],[104.1714,33.4976],[104.1799,33.4877],[104.1775,33.478],[104.1815,33.4678],[104.1902,33.4582],[104.2088,33.4518],[104.2154,33.4441],[104.2155,33.4192],[104.2206,33.4055],[104.2313,33.4027],[104.2426,33.4096],[104.2574,33.4043],[104.2682,33.3948],[104.273,33.3781],[104.282,33.369],[104.2828,33.3599],[104.2935,33.333],[104.3031,33.3327],[104.3125,33.3402],[104.3216,33.332],[104.3305,33.331],[104.3557,33.347],[104.3737,33.3503],[104.3814,33.3452],[104.3956,33.3433],[104.3988,33.3358],[104.4109,33.3285],[104.4241,33.329],[104.4336,33.3246],[104.4637,33.336],[104.485,33.3291],[104.488,33.3364],[104.5016,33.3354],[104.52,33.3144],[104.5221,33.3048],[104.5308,33.294],[104.5277,33.2881],[104.5382,33.2767],[104.5297,33.2532],[104.5307,33.2426],[104.5366,33.2289],[104.5464,33.2258],[104.5575,33.233],[104.5618,33.2259],[104.5782,33.2201],[104.6106,33.2286],[104.6189,33.2351],[104.6272,33.2337],[104.6408,33.2375],[104.636,33.2494],[104.6425,33.2602],[104.6442,33.2842],[104.6511,33.2845],[104.6616,33.2936],[104.6625,33.3028],[104.7019,33.3034],[104.7069,33.3061],[104.7236,33.2987],[104.7442,33.3072],[104.7536,33.3072],[104.7601,33.3196],[104.7491,33.3264],[104.7349,33.3295],[104.7207,33.3372],[104.7118,33.3512],[104.7174,33.3633],[104.7088,33.3748],[104.7133,33.39],[104.712,33.4007],[104.7215,33.4073],[104.6978,33.4391],[104.6885,33.4643],[104.6713,33.4763],[104.6543,33.4798],[104.6507,33.4884],[104.6262,33.4929],[104.611,33.4993],[104.5867,33.5218],[104.574,33.5269],[104.5696,33.5385],[104.582,33.5374],[104.5819,33.5451],[104.5908,33.552],[104.5802,33.5762],[104.5698,33.5765],[104.5591,33.5881],[104.5608,33.5994],[104.5517,33.5996],[104.5428,33.592],[104.538,33.6051],[104.5287,33.6059],[104.5236,33.6238],[104.5289,33.6315],[104.5396,33.6342],[104.5466,33.6447],[104.5321,33.6488],[104.5255,33.6404],[104.5054,33.6366],[104.4998,33.6627],[104.5108,33.6634],[104.5043,33.6802],[104.4989,33.6804],[104.4831,33.6926],[104.4892,33.7012],[104.4895,33.7117],[104.5013,33.7167],[104.5101,33.7272],[104.516,33.7241],[104.5271,33.7338],[104.5353,33.7484],[104.5357,33.7574],[104.5103,33.7673],[104.5014,33.7739],[104.4665,33.7726],[104.4538,33.7789],[104.4473,33.7871],[104.4425,33.8026],[104.4469,33.8081],[104.4217,33.827],[104.408,33.8474],[104.3817,33.8508],[104.3655,33.8489],[104.3556,33.8552],[104.3412,33.8529],[104.3389,33.8597],[104.328,33.8687],[104.3181,33.8814],[104.3089,33.8819],[104.2999,33.8889],[104.2891,33.8888],[104.271,33.9026],[104.2636,33.9053],[104.2451,33.9215],[104.2415,33.9284],[104.2168,33.9396],[104.2035,33.9408],[104.1859,33.9505],[104.1765,33.9654],[104.1631,33.9697],[104.1442,33.9812],[104.1377,33.9885],[104.1258,33.9867],[104.1042,33.9965],[104.1088,34.0041],[104.105,34.0108],[104.0814,34.0169],[104.0625,34.0373],[104.0645,34.0446],[104.0506,34.049],[104.0366,34.0493],[104.0283,34.0711],[104.0217,34.081],[104.0309,34.1172],[104.0315,34.1262],[104.0234,34.1336],[104.0091,34.1404],[104.0007,34.1543],[103.995,34.1553],[103.9807,34.1727],[103.9732,34.1709],[103.9609,34.1815],[103.9437,34.1876],[103.9313,34.2038],[103.9279,34.2137],[103.9165,34.219],[103.8999,34.2315],[103.8926,34.242],[103.8944,34.2476],[103.8863,34.2613],[103.8748,34.2735],[103.8603,34.274],[103.8572,34.2782],[103.8375,34.2735],[103.8315,34.2834],[103.8142,34.2842],[103.7998,34.2743],[103.7807,34.2695],[103.7719,34.2729],[103.762,34.2889],[103.7518,34.2876],[103.7403,34.2917],[103.719,34.2865],[103.7133,34.2786],[103.6984,34.2815],[103.6946,34.2886],[103.6967,34.3031],[103.6917,34.3167],[103.6979,34.3255],[103.7082,34.3225],[103.7328,34.3337],[103.7346,34.3499],[103.7434,34.3548],[103.7421,34.3645],[103.7574,34.3711],[103.7701,34.3932],[103.7838,34.3912],[103.8011,34.4073],[103.8014,34.4135],[103.8139,34.4361],[103.8083,34.458],[103.8007,34.4631],[103.8014,34.4716],[103.8084,34.4868],[103.7933,34.493],[103.79,34.5022],[103.7803,34.5093],[103.7671,34.5255],[103.7676,34.5407],[103.7777,34.5385],[103.8059,34.5456],[103.8157,34.5403],[103.8287,34.5474],[103.8351,34.5559],[103.8313,34.5619],[103.836,34.5735],[103.846,34.5833],[103.825,34.6035],[103.8416,34.6181],[103.8345,34.625],[103.8403,34.6378],[103.8464,34.6409],[103.8489,34.6536],[103.856,34.6614],[103.8524,34.6699],[103.8641,34.688],[103.8494,34.692],[103.84,34.7107],[103.8339,34.7172],[103.8472,34.7296],[103.8491,34.739],[103.8685,34.7483],[103.8774,34.7498],[103.9006,34.7453],[103.9109,34.7486],[103.9192,34.7354],[103.9325,34.7402],[103.973,34.7283],[103.9837,34.7392],[104.0005,34.735],[104.0126,34.7401],[104.0168,34.7564],[104.0158,34.7659],[104.0223,34.7766],[104.0161,34.7872],[103.9964,34.7881],[103.9951,34.8105],[103.9824,34.8202],[103.9763,34.8329],[103.9639,34.837],[103.9638,34.8431],[103.9755,34.8524],[104.0223,34.8774],[104.0282,34.8932],[104.0114,34.9029],[104.0084,34.9141],[104.0236,34.9179],[104.0222,34.931],[104.0164,34.9373],[103.9979,34.9353],[103.9889,34.9375],[103.9766,34.9486],[103.9487,34.9502],[103.9385,34.9355],[103.9269,34.9414],[103.9317,34.9501],[103.927,34.9605],[103.9122,34.9717],[103.8864,34.9774],[103.8712,34.9869],[103.8596,34.9889],[103.8525,34.9839],[103.8326,34.9785]]]},"properties":{"region_code":"CN-62-6230","parent_region_code":"CN-62","name":"甘南藏族自治州","level":"prefecture","has_children":true,"full_path":"中国 / 甘肃省 / 甘南藏族自治州","source_admin_code":"6230","osm_relation_id":165639}}
]}