{"type":"FeatureCollection", "features": [
{"type":"Feature","geometry":{"type":"Polygon","coordinates":[[[121.5905,25.1606],[121.5881,25.163],[121.5844,25.165],[121.5799,25.1656],[121.577,25.1672],[121.5775,25.1703],[121.5827,25.1753],[121.5833,25.1772],[121.5809,25.182],[121.5827,25.1849],[121.5819,25.1864],[121.584,25.1888],[121.5832,25.195],[121.579,25.1944],[121.5752,25.1955],[121.5731,25.195],[121.5707,25.1963],[121.57,25.1982],[121.5661,25.1997],[121.5627,25.2095],[121.5592,25.2103],[121.5549,25.2085],[121.5533,25.2044],[121.5516,25.2037],[121.5527,25.1989],[121.5508,25.1971],[121.5488,25.1982],[121.5468,25.1972],[121.5433,25.1938],[121.5429,25.1893],[121.5407,25.1872],[121.5359,25.1867],[121.5333,25.1837],[121.5258,25.1828],[121.5217,25.179],[121.5226,25.1747],[121.5198,25.1692],[121.5139,25.171],[121.5104,25.1694],[121.5057,25.1712],[121.5049,25.1732],[121.5027,25.1728],[121.4991,25.1655],[121.4976,25.1638],[121.4928,25.1608],[121.4876,25.153],[121.4873,25.1512],[121.4829,25.1502],[121.4805,25.1467],[121.4766,25.1436],[121.472,25.1377],[121.469,25.1356],[121.4656,25.1315],[121.4644,25.1278],[121.4648,25.1243],[121.4617,25.1236],[121.4594,25.1219],[121.4609,25.1162],[121.4577,25.1103],[121.4573,25.1071],[121.4613,25.1039],[121.4662,25.1017],[121.4785,25.1014],[121.4814,25.1009],[121.489,25.097],[121.4925,25.0935],[121.4993,25.0877],[121.5025,25.0832],[121.5062,25.0745],[121.5069,25.0713],[121.5068,25.0648],[121.5054,25.0586],[121.5064,25.0559],[121.5049,25.0497],[121.5003,25.0451],[121.4957,25.0428],[121.4879,25.0418],[121.4837,25.0369],[121.4833,25.0354],[121.4858,25.029],[121.4879,25.0261],[121.4889,25.0232],[121.4887,25.0188],[121.4898,25.0121],[121.4934,25.0092],[121.4956,25.0094],[121.5001,25.0119],[121.5084,25.0211],[121.5106,25.0218],[121.5156,25.0212],[121.5211,25.0183],[121.5258,25.0117],[121.5314,25.0093],[121.5342,25.0031],[121.5314,25.001],[121.5306,24.9979],[121.5317,24.9947],[121.5317,24.9905],[121.5359,24.9946],[121.5371,24.9918],[121.537,24.9885],[121.5398,24.9876],[121.5431,24.9882],[121.5446,24.9873],[121.5447,24.9841],[121.549,24.9837],[121.5523,24.9869],[121.5539,24.9845],[121.5532,24.9798],[121.5552,24.9766],[121.5561,24.9734],[121.5576,24.972],[121.5585,24.9684],[121.5613,24.9647],[121.5662,24.964],[121.5729,24.9641],[121.5752,24.9669],[121.5787,24.9666],[121.5857,24.9632],[121.5885,24.9633],[121.5912,24.9645],[121.5934,24.9642],[121.5948,24.9616],[121.5972,24.9605],[121.6013,24.9609],[121.6053,24.963],[121.6083,24.9631],[121.6095,24.9644],[121.617,24.9675],[121.6196,24.9672],[121.6191,24.9707],[121.6162,24.9717],[121.6141,24.9736],[121.6112,24.9746],[121.6052,24.9744],[121.6005,24.9767],[121.5993,24.9787],[121.6006,24.9803],[121.5998,24.9865],[121.6018,24.9878],[121.602,24.9904],[121.5991,24.9917],[121.5981,24.9945],[121.6006,24.9984],[121.5994,25.0028],[121.5958,25.0049],[121.5959,25.0092],[121.5976,25.0148],[121.6029,25.0156],[121.6042,25.0191],[121.6102,25.0199],[121.6134,25.0191],[121.6163,25.0196],[121.6174,25.0184],[121.6225,25.0174],[121.629,25.02],[121.6309,25.0247],[121.6324,25.0256],[121.6357,25.0232],[121.6375,25.0241],[121.6408,25.0235],[121.643,25.0246],[121.6471,25.0219],[121.6499,25.024],[121.6538,25.0244],[121.6577,25.0232],[121.6641,25.0232],[121.6654,25.026],[121.6659,25.0299],[121.6608,25.0304],[121.6568,25.0279],[121.6502,25.0276],[121.644,25.0299],[121.6381,25.0336],[121.6329,25.0358],[121.6301,25.0352],[121.6295,25.0367],[121.6253,25.0377],[121.6219,25.0401],[121.6191,25.0435],[121.6165,25.0481],[121.6163,25.0506],[121.621,25.0542],[121.6216,25.0565],[121.6243,25.0557],[121.6217,25.0603],[121.6187,25.063],[121.6161,25.0639],[121.6176,25.0671],[121.6215,25.0695],[121.6207,25.0734],[121.6228,25.0747],[121.6243,25.0804],[121.628,25.0833],[121.6286,25.0865],[121.626,25.0905],[121.6251,25.0937],[121.6263,25.0959],[121.6233,25.0969],[121.6174,25.1011],[121.6155,25.1038],[121.6105,25.1051],[121.608,25.1068],[121.5975,25.1095],[121.5956,25.1133],[121.5975,25.1162],[121.5989,25.1201],[121.6008,25.1218],[121.6017,25.126],[121.6045,25.126],[121.6075,25.1292],[121.6046,25.1308],[121.6041,25.1362],[121.6006,25.1393],[121.5984,25.1403],[121.594,25.1479],[121.5938,25.1501],[121.5895,25.1523],[121.5918,25.1559],[121.5905,25.1606]]]},"properties":{"region_code":"CN-71-91EEC60B9D","parent_region_code":"CN-71","name":"台北市","level":"prefecture","has_children":true,"full_path":"中国 / 台湾省 / 台北市","source_admin_code":null,"osm_relation_id":1293250}},
{"type":"Feature","geometry":{"type":"MultiPolygon","coordinates":[[[[121.3668,25.1392],[121.3689,25.1405],[121.3826,25.1466],[121.3792,25.1531],[121.3749,25.1504],[121.3667,25.1468],[121.3631,25.1455],[121.3668,25.1392]]],[[[121.8031,25.1356],[121.8053,25.1311],[121.8038,25.1272],[121.8049,25.126],[121.8024,25.1218],[121.7991,25.1242],[121.7947,25.1264],[121.7941,25.1234],[121.7985,25.1198],[121.7976,25.1177],[121.7978,25.1143],[121.7947,25.1126],[121.7902,25.1123],[121.786,25.1181],[121.7835,25.1166],[121.7794,25.1176],[121.7749,25.1199],[121.773,25.1201],[121.7697,25.115],[121.7669,25.1125],[121.7633,25.1134],[121.7594,25.1126],[121.757,25.1101],[121.7518,25.111],[121.75,25.1097],[121.7527,25.1068],[121.7539,25.1087],[121.7561,25.1084],[121.7574,25.1066],[121.758,25.1034],[121.7596,25.1008],[121.7594,25.0963],[121.7584,25.0948],[121.7598,25.0902],[121.7591,25.0845],[121.76,25.081],[121.7617,25.0784],[121.7671,25.0788],[121.7713,25.0761],[121.7756,25.0702],[121.7731,25.0668],[121.7717,25.0632],[121.77,25.0635],[121.7648,25.0595],[121.7623,25.057],[121.7589,25.0595],[121.7511,25.0573],[121.7475,25.0537],[121.7459,25.053],[121.7398,25.0531],[121.7378,25.0547],[121.7317,25.0531],[121.7284,25.0548],[121.7262,25.0581],[121.7227,25.0585],[121.722,25.0601],[121.719,25.0616],[121.7178,25.0638],[121.7124,25.068],[121.7069,25.0666],[121.7043,25.0679],[121.6994,25.0674],[121.6965,25.0701],[121.6916,25.0705],[121.6884,25.0717],[121.6792,25.0785],[121.6805,25.0819],[121.6799,25.0837],[121.6817,25.0849],[121.6806,25.0883],[121.6786,25.0872],[121.674,25.0829],[121.6679,25.0858],[121.6643,25.0894],[121.6619,25.0893],[121.6557,25.0936],[121.6554,25.0956],[121.6506,25.0987],[121.6489,25.1019],[121.6522,25.1047],[121.6502,25.1096],[121.6462,25.1136],[121.6457,25.119],[121.6462,25.1211],[121.643,25.1278],[121.6379,25.1308],[121.6347,25.1305],[121.6287,25.1347],[121.6268,25.1396],[121.629,25.1416],[121.6348,25.1439],[121.6387,25.1442],[121.6396,25.1457],[121.6424,25.145],[121.644,25.1458],[121.6499,25.1451],[121.652,25.1484],[121.6558,25.1492],[121.6581,25.1522],[121.6638,25.1522],[121.6692,25.1534],[121.6715,25.1556],[121.6776,25.1557],[121.6784,25.1574],[121.6833,25.1606],[121.6848,25.1601],[121.6876,25.1619],[121.6913,25.1663],[121.699,25.1673],[121.701,25.1693],[121.7022,25.1735],[121.706,25.1738],[121.7085,25.1752],[121.7051,25.1758],[121.7017,25.1799],[121.6978,25.1813],[121.6949,25.1814],[121.6925,25.1804],[121.6901,25.1823],[121.6877,25.1856],[121.6859,25.1897],[121.6863,25.193],[121.6895,25.1954],[121.6903,25.1975],[121.695,25.2027],[121.6919,25.2044],[121.6927,25.2074],[121.7013,25.2142],[121.7006,25.217],[121.6965,25.2141],[121.694,25.2098],[121.6897,25.2075],[121.6863,25.2082],[121.6835,25.2067],[121.679,25.2025],[121.6771,25.2052],[121.6743,25.2027],[121.6717,25.2023],[121.6628,25.2073],[121.656,25.2132],[121.6534,25.2163],[121.65,25.2223],[121.6514,25.2249],[121.6524,25.2293],[121.651,25.2311],[121.6474,25.2326],[121.6459,25.2306],[121.644,25.2306],[121.6403,25.2331],[121.6358,25.2371],[121.6336,25.2402],[121.6346,25.2422],[121.6349,25.2518],[121.6337,25.2564],[121.634,25.2585],[121.6303,25.2655],[121.6262,25.2702],[121.6168,25.2783],[121.6067,25.2815],[121.6061,25.2838],[121.6037,25.2861],[121.5987,25.2891],[121.5927,25.2915],[121.5874,25.292],[121.5781,25.2984],[121.5741,25.2982],[121.5686,25.2969],[121.566,25.292],[121.5583,25.2917],[121.5542,25.2924],[121.551,25.2909],[121.5466,25.2918],[121.5402,25.2946],[121.54,25.2975],[121.5378,25.2994],[121.536,25.299],[121.5336,25.296],[121.533,25.2922],[121.5347,25.2907],[121.5331,25.2886],[121.527,25.2854],[121.5226,25.2862],[121.5211,25.2846],[121.5177,25.2841],[121.513,25.2857],[121.512,25.2899],[121.5089,25.2893],[121.5102,25.2829],[121.5031,25.2783],[121.4994,25.2778],[121.4959,25.2765],[121.4949,25.275],[121.4833,25.2705],[121.4781,25.2666],[121.4791,25.2629],[121.4735,25.2587],[121.4726,25.2568],[121.4735,25.2545],[121.467,25.2503],[121.4587,25.2492],[121.4555,25.2511],[121.452,25.2494],[121.4489,25.2437],[121.4491,25.2418],[121.4449,25.2352],[121.4462,25.2321],[121.4435,25.2284],[121.4406,25.2272],[121.4413,25.2212],[121.4391,25.2176],[121.4338,25.2152],[121.4303,25.2113],[121.4276,25.2067],[121.4245,25.2045],[121.4231,25.2024],[121.4202,25.2023],[121.4156,25.1951],[121.4195,25.1926],[121.4157,25.1893],[121.4087,25.188],[121.4061,25.1839],[121.4043,25.1831],[121.4166,25.1805],[121.4188,25.1774],[121.4142,25.1712],[121.4125,25.1684],[121.4078,25.1638],[121.4055,25.1604],[121.4023,25.1588],[121.3917,25.168],[121.388,25.152],[121.3898,25.1477],[121.3857,25.1451],[121.3733,25.1408],[121.3701,25.1386],[121.3641,25.1362],[121.3606,25.1342],[121.3487,25.1293],[121.3441,25.1278],[121.341,25.1274],[121.3338,25.1248],[121.3242,25.1239],[121.3168,25.1242],[121.3162,25.126],[121.3049,25.1261],[121.3042,25.1236],[121.3016,25.1236],[121.3015,25.1343],[121.3002,25.1341],[121.3002,25.1237],[121.2969,25.1234],[121.2964,25.1255],[121.2915,25.1256],[121.2913,25.1225],[121.2921,25.1199],[121.286,25.118],[121.2834,25.1178],[121.284,25.1126],[121.2828,25.1095],[121.2876,25.1067],[121.2902,25.1069],[121.2917,25.1026],[121.2955,25.103],[121.298,25.1045],[121.3012,25.1017],[121.3014,25.0984],[121.3027,25.0968],[121.3084,25.0966],[121.3134,25.0954],[121.3177,25.0932],[121.3249,25.0926],[121.3277,25.0912],[121.3302,25.0882],[121.3388,25.0836],[121.3414,25.0841],[121.3469,25.0836],[121.3502,25.0812],[121.3457,25.0773],[121.3441,25.0771],[121.3424,25.0728],[121.3483,25.0739],[121.3481,25.0698],[121.3523,25.0688],[121.3551,25.067],[121.3549,25.0651],[121.3638,25.0649],[121.3758,25.0661],[121.3821,25.0643],[121.384,25.0627],[121.3865,25.0632],[121.3886,25.0605],[121.3886,25.0571],[121.3859,25.0532],[121.3899,25.0528],[121.3929,25.054],[121.3982,25.0511],[121.3959,25.0485],[121.3994,25.0478],[121.4001,25.0449],[121.3985,25.0438],[121.3926,25.0434],[121.3944,25.0401],[121.3988,25.0387],[121.3996,25.036],[121.3986,25.0348],[121.3982,25.0301],[121.4007,25.0291],[121.4015,25.0262],[121.4113,25.0193],[121.407,25.0174],[121.4042,25.0172],[121.4017,25.0158],[121.3972,25.0161],[121.3953,25.0147],[121.3931,25.0156],[121.392,25.0111],[121.3991,25.0074],[121.4001,25.0045],[121.4034,25.0002],[121.3986,24.9983],[121.3942,24.9935],[121.3905,24.9933],[121.388,24.9964],[121.3836,24.9945],[121.3843,24.9918],[121.3834,24.9886],[121.3856,24.9862],[121.3821,24.9839],[121.3787,24.9832],[121.3768,24.9813],[121.3724,24.9799],[121.3688,24.9768],[121.3639,24.9796],[121.3613,24.9779],[121.354,24.9778],[121.3523,24.9809],[121.3472,24.9788],[121.3421,24.9811],[121.34,24.9801],[121.337,24.9807],[121.3346,24.9791],[121.3303,24.9792],[121.3272,24.9776],[121.3276,24.9749],[121.3237,24.9728],[121.3251,24.9712],[121.3279,24.9728],[121.3286,24.9685],[121.3281,24.9656],[121.3291,24.9606],[121.3282,24.9546],[121.328,24.949],[121.3316,24.9458],[121.3303,24.9445],[121.3243,24.9434],[121.3158,24.9385],[121.3181,24.9349],[121.3207,24.9337],[121.3232,24.9314],[121.322,24.928],[121.3336,24.9298],[121.3378,24.9286],[121.338,24.9268],[121.3349,24.9249],[121.33,24.925],[121.3247,24.9235],[121.3175,24.9164],[121.3201,24.9136],[121.3231,24.9117],[121.3235,24.91],[121.3262,24.9092],[121.3262,24.9071],[121.322,24.9037],[121.3214,24.8999],[121.3224,24.8986],[121.3278,24.8959],[121.3323,24.8998],[121.3333,24.8961],[121.332,24.8935],[121.335,24.8917],[121.3383,24.8933],[121.3422,24.8926],[121.3411,24.8888],[121.3446,24.886],[121.3456,24.88],[121.3471,24.8787],[121.3497,24.8788],[121.352,24.8768],[121.3544,24.8733],[121.3532,24.8712],[121.3493,24.8687],[121.3459,24.8682],[121.3474,24.862],[121.3495,24.8597],[121.3535,24.8586],[121.3543,24.8566],[121.3567,24.8544],[121.3546,24.8532],[121.3526,24.8491],[121.3461,24.8501],[121.3419,24.8486],[121.3371,24.8484],[121.3361,24.8438],[121.34,24.8434],[121.3468,24.8459],[121.3548,24.844],[121.3577,24.8395],[121.3601,24.8382],[121.3641,24.8381],[121.3726,24.8351],[121.3729,24.8336],[121.379,24.835],[121.3846,24.838],[121.3853,24.841],[121.3937,24.844],[121.3965,24.8436],[121.3978,24.8419],[121.4009,24.8418],[121.4027,24.8435],[121.4088,24.8406],[121.4107,24.8384],[121.4156,24.8353],[121.4139,24.8318],[121.4161,24.8287],[121.417,24.8254],[121.4236,24.8254],[121.4255,24.8199],[121.4297,24.8151],[121.4321,24.8135],[121.4364,24.8122],[121.4378,24.8043],[121.4379,24.8007],[121.437,24.7982],[121.4384,24.7951],[121.4458,24.7901],[121.4494,24.7911],[121.4496,24.7861],[121.4458,24.7816],[121.4423,24.7805],[121.4402,24.7788],[121.4372,24.7741],[121.4351,24.7728],[121.4312,24.7718],[121.4254,24.767],[121.4232,24.7626],[121.4258,24.7606],[121.4256,24.7584],[121.4284,24.7534],[121.4286,24.7483],[121.4303,24.7435],[121.4329,24.7402],[121.4331,24.7364],[121.4353,24.733],[121.4342,24.7301],[121.4382,24.7266],[121.441,24.726],[121.4415,24.7232],[121.4451,24.7149],[121.4488,24.7121],[121.45,24.7059],[121.4568,24.7032],[121.4606,24.7025],[121.4637,24.701],[121.4669,24.6977],[121.4698,24.6961],[121.4741,24.6961],[121.4748,24.6937],[121.473,24.69],[121.474,24.6849],[121.4754,24.6836],[121.4761,24.6789],[121.4799,24.6738],[121.485,24.6739],[121.487,24.6752],[121.4926,24.6732],[121.4966,24.6753],[121.499,24.6779],[121.505,24.6795],[121.5072,24.6822],[121.5116,24.6843],[121.5148,24.6832],[121.5238,24.6833],[121.527,24.6855],[121.529,24.6877],[121.5363,24.6883],[121.5375,24.69],[121.5377,24.6941],[121.5386,24.698],[121.5378,24.6997],[121.5406,24.7021],[121.5436,24.7057],[121.5466,24.7062],[121.5503,24.7057],[121.5538,24.7079],[121.5558,24.7107],[121.558,24.7109],[121.562,24.7127],[121.5675,24.7115],[121.5705,24.7139],[121.5721,24.7107],[121.5755,24.7109],[121.5772,24.7148],[121.5775,24.7203],[121.5794,24.7224],[121.5857,24.72],[121.5879,24.7205],[121.5907,24.7237],[121.5974,24.7275],[121.5943,24.7292],[121.5949,24.7322],[121.5943,24.7346],[121.5954,24.7391],[121.595,24.7409],[121.592,24.7432],[121.5926,24.7459],[121.5962,24.7482],[121.5945,24.7502],[121.5907,24.751],[121.589,24.7551],[121.5909,24.7588],[121.5907,24.7612],[121.5935,24.7648],[121.5963,24.7671],[121.5958,24.7696],[121.5976,24.7726],[121.5944,24.779],[121.5932,24.7824],[121.5935,24.7873],[121.599,24.7877],[121.6029,24.7894],[121.6056,24.7891],[121.6096,24.7938],[121.6133,24.7932],[121.6172,24.7938],[121.6205,24.7926],[121.6253,24.795],[121.626,24.7967],[121.6248,24.8011],[121.6261,24.8033],[121.626,24.8088],[121.6282,24.8079],[121.6301,24.8089],[121.6372,24.8094],[121.6388,24.8107],[121.642,24.8104],[121.6444,24.8092],[121.6461,24.8101],[121.6475,24.8139],[121.6543,24.8111],[121.6602,24.8111],[121.6686,24.8168],[121.6711,24.8168],[121.6742,24.8141],[121.6772,24.8141],[121.6806,24.8175],[121.6834,24.8169],[121.6893,24.8173],[121.6889,24.8193],[121.6901,24.8214],[121.6877,24.8243],[121.6888,24.8261],[121.6919,24.8272],[121.6964,24.8305],[121.6967,24.8346],[121.6991,24.8355],[121.7011,24.8344],[121.7033,24.8352],[121.709,24.8406],[121.7143,24.8418],[121.7157,24.8444],[121.7187,24.8457],[121.7219,24.8499],[121.725,24.8507],[121.7272,24.8531],[121.7326,24.8558],[121.7383,24.8553],[121.742,24.8525],[121.7457,24.8528],[121.7478,24.8549],[121.7506,24.8545],[121.7543,24.8564],[121.7611,24.8569],[121.7616,24.8598],[121.7643,24.8599],[121.769,24.8659],[121.7714,24.8649],[121.7743,24.8652],[121.7773,24.8697],[121.7849,24.8756],[121.7822,24.8792],[121.7823,24.8863],[121.7817,24.8895],[121.7854,24.8905],[121.7858,24.8925],[121.79,24.8934],[121.7926,24.8959],[121.7925,24.9],[121.7963,24.901],[121.8045,24.9012],[121.8061,24.9025],[121.8105,24.9037],[121.8117,24.9065],[121.8184,24.9027],[121.8224,24.9046],[121.8258,24.9053],[121.8318,24.9049],[121.838,24.9101],[121.8396,24.9127],[121.844,24.916],[121.8456,24.9194],[121.8521,24.9237],[121.8539,24.9256],[121.8538,24.9279],[121.8491,24.9303],[121.8466,24.9378],[121.8424,24.9394],[121.8398,24.9422],[121.8392,24.9463],[121.8407,24.9479],[121.8418,24.9513],[121.8414,24.9542],[121.8472,24.9604],[121.8504,24.9612],[121.8526,24.9596],[121.8543,24.9615],[121.8588,24.9634],[121.8613,24.9637],[121.8651,24.9622],[121.8718,24.9608],[121.8762,24.9615],[121.8823,24.9641],[121.8845,24.9644],[121.8886,24.9632],[121.8897,24.9648],[121.8973,24.9671],[121.8995,24.9694],[121.9004,24.9718],[121.9028,24.9744],[121.9054,24.9734],[121.9068,24.9756],[121.9101,24.9748],[121.912,24.978],[121.9163,24.9795],[121.9223,24.9786],[121.9268,24.9802],[121.934,24.9813],[121.9345,24.9831],[121.9376,24.9831],[121.9406,24.9845],[121.944,24.988],[121.948,24.9867],[121.9504,24.9883],[121.9556,24.9883],[121.9581,24.9873],[121.9598,24.9884],[121.9628,24.9878],[121.9659,24.9833],[121.9687,24.9859],[121.9708,24.9847],[121.9754,24.9884],[121.9782,24.9923],[121.9795,24.9915],[121.9831,24.9919],[121.9865,24.996],[121.995,24.9999],[121.9957,25.0018],[122.0048,25.0027],[122.0052,25.0097],[122.0065,25.011],[122.0049,25.0138],[121.9996,25.0159],[121.9998,25.0184],[121.9976,25.0194],[121.9934,25.0143],[121.9899,25.0126],[121.9892,25.0178],[121.9897,25.0207],[121.9837,25.0239],[121.9732,25.0258],[121.9634,25.0225],[121.9576,25.0213],[121.955,25.0221],[121.95,25.0223],[121.9495,25.0201],[121.9458,25.0208],[121.9416,25.0243],[121.9397,25.0252],[121.9322,25.034],[121.9308,25.0379],[121.9283,25.0424],[121.9289,25.0437],[121.9321,25.0451],[121.9317,25.0491],[121.9284,25.0484],[121.9287,25.0511],[121.9309,25.0556],[121.9297,25.0583],[121.9319,25.0631],[121.9252,25.0666],[121.9233,25.0708],[121.9201,25.0729],[121.9182,25.0758],[121.9155,25.0762],[121.9162,25.0823],[121.9136,25.0851],[121.9139,25.0896],[121.9162,25.0937],[121.9185,25.0959],[121.9194,25.0981],[121.918,25.0997],[121.9192,25.1022],[121.9224,25.1039],[121.9238,25.1071],[121.9225,25.1095],[121.9231,25.1114],[121.9215,25.114],[121.9181,25.1119],[121.9137,25.1125],[121.913,25.1142],[121.9205,25.1204],[121.9225,25.123],[121.9242,25.1279],[121.9211,25.1282],[121.9156,25.1266],[121.9133,25.1246],[121.9075,25.1216],[121.9039,25.1228],[121.8993,25.1196],[121.8951,25.1203],[121.8898,25.1198],[121.8898,25.1217],[121.8829,25.1237],[121.878,25.1233],[121.8737,25.1253],[121.8706,25.1239],[121.8666,25.1237],[121.8658,25.1221],[121.8628,25.1234],[121.8571,25.1244],[121.8491,25.1271],[121.8428,25.1277],[121.8422,25.1293],[121.8342,25.1282],[121.8335,25.1269],[121.8286,25.1268],[121.8294,25.1242],[121.8283,25.1229],[121.8218,25.1215],[121.8199,25.1229],[121.8196,25.1268],[121.8185,25.1282],[121.8236,25.1321],[121.8224,25.1354],[121.8163,25.1331],[121.8146,25.1337],[121.8107,25.1328],[121.8081,25.133],[121.8055,25.1355],[121.8031,25.1356]],[[121.5905,25.1606],[121.5918,25.1559],[121.5895,25.1523],[121.5938,25.1501],[121.594,25.1479],[121.5984,25.1403],[121.6006,25.1393],[121.6041,25.1362],[121.6046,25.1308],[121.6075,25.1292],[121.6045,25.126],[121.6017,25.126],[121.6008,25.1218],[121.5989,25.1201],[121.5975,25.1162],[121.5956,25.1133],[121.5975,25.1095],[121.608,25.1068],[121.6105,25.1051],[121.6155,25.1038],[121.6174,25.1011],[121.6233,25.0969],[121.6263,25.0959],[121.6251,25.0937],[121.626,25.0905],[121.6286,25.0865],[121.628,25.0833],[121.6243,25.0804],[121.6228,25.0747],[121.6207,25.0734],[121.6215,25.0695],[121.6176,25.0671],[121.6161,25.0639],[121.6187,25.063],[121.6217,25.0603],[121.6243,25.0557],[121.6216,25.0565],[121.621,25.0542],[121.6163,25.0506],[121.6165,25.0481],[121.6191,25.0435],[121.6219,25.0401],[121.6253,25.0377],[121.6295,25.0367],[121.6301,25.0352],[121.6329,25.0358],[121.6381,25.0336],[121.644,25.0299],[121.6502,25.0276],[121.6568,25.0279],[121.6608,25.0304],[121.6659,25.0299],[121.6654,25.026],[121.6641,25.0232],[121.6577,25.0232],[121.6538,25.0244],[121.6499,25.024],[121.6471,25.0219],[121.643,25.0246],[121.6408,25.0235],[121.6375,25.0241],[121.6357,25.0232],[121.6324,25.0256],[121.6309,25.0247],[121.629,25.02],[121.6225,25.0174],[121.6174,25.0184],[121.6163,25.0196],[121.6134,25.0191],[121.6102,25.0199],[121.6042,25.0191],[121.6029,25.0156],[121.5976,25.0148],[121.5959,25.0092],[121.5958,25.0049],[121.5994,25.0028],[121.6006,24.9984],[121.5981,24.9945],[121.5991,24.9917],[121.602,24.9904],[121.6018,24.9878],[121.5998,24.9865],[121.6006,24.9803],[121.5993,24.9787],[121.6005,24.9767],[121.6052,24.9744],[121.6112,24.9746],[121.6141,24.9736],[121.6162,24.9717],[121.6191,24.9707],[121.6196,24.9672],[121.617,24.9675],[121.6095,24.9644],[121.6083,24.9631],[121.6053,24.963],[121.6013,24.9609],[121.5972,24.9605],[121.5948,24.9616],[121.5934,24.9642],[121.5912,24.9645],[121.5885,24.9633],[121.5857,24.9632],[121.5787,24.9666],[121.5752,24.9669],[121.5729,24.9641],[121.5662,24.964],[121.5613,24.9647],[121.5585,24.9684],[121.5576,24.972],[121.5561,24.9734],[121.5552,24.9766],[121.5532,24.9798],[121.5539,24.9845],[121.5523,24.9869],[121.549,24.9837],[121.5447,24.9841],[121.5446,24.9873],[121.5431,24.9882],[121.5398,24.9876],[121.537,24.9885],[121.5371,24.9918],[121.5359,24.9946],[121.5317,24.9905],[121.5317,24.9947],[121.5306,24.9979],[121.5314,25.001],[121.5342,25.0031],[121.5314,25.0093],[121.5258,25.0117],[121.5211,25.0183],[121.5156,25.0212],[121.5106,25.0218],[121.5084,25.0211],[121.5001,25.0119],[121.4956,25.0094],[121.4934,25.0092],[121.4898,25.0121],[121.4887,25.0188],[121.4889,25.0232],[121.4879,25.0261],[121.4858,25.029],[121.4833,25.0354],[121.4837,25.0369],[121.4879,25.0418],[121.4957,25.0428],[121.5003,25.0451],[121.5049,25.0497],[121.5064,25.0559],[121.5054,25.0586],[121.5068,25.0648],[121.5069,25.0713],[121.5062,25.0745],[121.5025,25.0832],[121.4993,25.0877],[121.4925,25.0935],[121.489,25.097],[121.4814,25.1009],[121.4785,25.1014],[121.4662,25.1017],[121.4613,25.1039],[121.4573,25.1071],[121.4577,25.1103],[121.4609,25.1162],[121.4594,25.1219],[121.4617,25.1236],[121.4648,25.1243],[121.4644,25.1278],[121.4656,25.1315],[121.469,25.1356],[121.472,25.1377],[121.4766,25.1436],[121.4805,25.1467],[121.4829,25.1502],[121.4873,25.1512],[121.4876,25.153],[121.4928,25.1608],[121.4976,25.1638],[121.4991,25.1655],[121.5027,25.1728],[121.5049,25.1732],[121.5057,25.1712],[121.5104,25.1694],[121.5139,25.171],[121.5198,25.1692],[121.5226,25.1747],[121.5217,25.179],[121.5258,25.1828],[121.5333,25.1837],[121.5359,25.1867],[121.5407,25.1872],[121.5429,25.1893],[121.5433,25.1938],[121.5468,25.1972],[121.5488,25.1982],[121.5508,25.1971],[121.5527,25.1989],[121.5516,25.2037],[121.5533,25.2044],[121.5549,25.2085],[121.5592,25.2103],[121.5627,25.2095],[121.5661,25.1997],[121.57,25.1982],[121.5707,25.1963],[121.5731,25.195],[121.5752,25.1955],[121.579,25.1944],[121.5832,25.195],[121.584,25.1888],[121.5819,25.1864],[121.5827,25.1849],[121.5809,25.182],[121.5833,25.1772],[121.5827,25.1753],[121.5775,25.1703],[121.577,25.1672],[121.5799,25.1656],[121.5844,25.165],[121.5881,25.163],[121.5905,25.1606]]]]},"properties":{"region_code":"CN-71-7E3D634C75","parent_region_code":"CN-71","name":"新北市","level":"prefecture","has_children":true,"full_path":"中国 / 台湾省 / 新北市","source_admin_code":null,"osm_relation_id":1527220}},
{"type":"Feature","geometry":{"type":"Polygon","coordinates":[[[121.2834,25.1178],[121.2796,25.1179],[121.2697,25.1195],[121.2653,25.121],[121.2589,25.1225],[121.2575,25.1208],[121.2519,25.1209],[121.2466,25.1194],[121.2455,25.1211],[121.2416,25.1211],[121.2394,25.1195],[121.2396,25.1158],[121.2335,25.1148],[121.2296,25.1121],[121.2137,25.1091],[121.2075,25.1056],[121.1986,25.1019],[121.1906,25.096],[121.1886,25.0938],[121.1849,25.0937],[121.1759,25.0895],[121.1724,25.0856],[121.1679,25.0846],[121.1602,25.0815],[121.1491,25.0786],[121.1359,25.0763],[121.1261,25.0741],[121.1178,25.0713],[121.112,25.0686],[121.1022,25.0658],[121.097,25.0624],[121.0962,25.0607],[121.0934,25.0596],[121.0878,25.0558],[121.0841,25.0525],[121.0776,25.0493],[121.0728,25.0461],[121.0645,25.0443],[121.0613,25.047],[121.059,25.0449],[121.0611,25.0433],[121.0567,25.0419],[121.0542,25.0441],[121.051,25.0428],[121.0541,25.0403],[121.0517,25.0372],[121.0477,25.0353],[121.0433,25.0392],[121.0424,25.0383],[121.047,25.0341],[121.0431,25.03],[121.0413,25.0296],[121.036,25.0329],[121.0319,25.0324],[121.0368,25.0271],[121.0371,25.0239],[121.0312,25.0163],[121.028,25.0114],[121.0268,25.0079],[121.0246,25.0056],[121.0187,24.9955],[121.0143,24.9907],[121.0104,24.9907],[121.0105,24.9888],[121.0164,24.9872],[121.0136,24.9721],[121.0036,24.9615],[121.0012,24.9564],[120.9976,24.9529],[120.9909,24.9487],[120.9882,24.9428],[120.9858,24.9397],[120.9876,24.9389],[120.9904,24.9356],[120.9933,24.9352],[120.9939,24.9386],[120.9988,24.9409],[121.0031,24.9399],[121.0042,24.9425],[121.0071,24.946],[121.0097,24.9442],[121.0128,24.9445],[121.0133,24.9426],[121.0188,24.9406],[121.0214,24.9414],[121.0256,24.9405],[121.0288,24.9451],[121.0303,24.9441],[121.0385,24.9462],[121.0391,24.9445],[121.0462,24.9436],[121.0485,24.9395],[121.0519,24.9386],[121.0555,24.9363],[121.0583,24.9367],[121.0584,24.9301],[121.0609,24.9237],[121.0609,24.9203],[121.0582,24.9139],[121.0583,24.9098],[121.0591,24.9072],[121.0576,24.9058],[121.0606,24.9037],[121.0623,24.9046],[121.0692,24.9027],[121.071,24.8995],[121.0743,24.8998],[121.0806,24.8984],[121.0828,24.8991],[121.0866,24.8965],[121.0898,24.8951],[121.0912,24.8934],[121.094,24.8935],[121.1054,24.8962],[121.1091,24.8978],[121.1101,24.8963],[121.111,24.8913],[121.1086,24.886],[121.1134,24.8828],[121.1238,24.88],[121.1282,24.8809],[121.1356,24.8787],[121.139,24.8824],[121.1425,24.8817],[121.1446,24.8802],[121.1492,24.8812],[121.1521,24.8802],[121.1557,24.8807],[121.1578,24.8773],[121.1572,24.8729],[121.1589,24.8703],[121.1614,24.8596],[121.1565,24.8559],[121.1569,24.8551],[121.1556,24.85],[121.1541,24.8493],[121.152,24.8438],[121.1546,24.8425],[121.1593,24.8387],[121.1658,24.8359],[121.1696,24.8349],[121.1762,24.8321],[121.1736,24.8277],[121.1756,24.8276],[121.1835,24.8249],[121.1894,24.8219],[121.192,24.82],[121.1965,24.8178],[121.1988,24.8149],[121.2007,24.8178],[121.2032,24.8158],[121.2034,24.8141],[121.2058,24.813],[121.2028,24.8099],[121.2047,24.8073],[121.2075,24.807],[121.2095,24.8094],[121.217,24.8124],[121.2197,24.8117],[121.2187,24.8085],[121.2198,24.8076],[121.2196,24.804],[121.2229,24.7999],[121.228,24.8028],[121.2311,24.8036],[121.2378,24.8046],[121.2408,24.8058],[121.2436,24.8086],[121.2453,24.8071],[121.2477,24.8024],[121.2468,24.7985],[121.2481,24.7965],[121.251,24.7945],[121.2573,24.7928],[121.2601,24.7934],[121.2612,24.7902],[121.2586,24.7847],[121.2598,24.7821],[121.266,24.7798],[121.268,24.7799],[121.2708,24.7783],[121.2711,24.7749],[121.273,24.7748],[121.2772,24.771],[121.2844,24.7704],[121.2881,24.7685],[121.2914,24.7682],[121.294,24.764],[121.2986,24.763],[121.3009,24.7636],[121.3042,24.7573],[121.3077,24.7552],[121.3051,24.75],[121.3054,24.7465],[121.3009,24.7415],[121.3002,24.7377],[121.2981,24.7333],[121.3,24.7302],[121.3041,24.7264],[121.3076,24.7203],[121.3064,24.7131],[121.3039,24.7096],[121.3023,24.7044],[121.3022,24.7018],[121.2996,24.6968],[121.3009,24.694],[121.3041,24.693],[121.3131,24.6976],[121.3178,24.6981],[121.3211,24.6955],[121.3238,24.6952],[121.3296,24.6911],[121.3356,24.6839],[121.3389,24.6791],[121.3403,24.6663],[121.3437,24.6695],[121.345,24.6666],[121.3494,24.6678],[121.3537,24.6649],[121.3531,24.6601],[121.3537,24.6589],[121.3522,24.654],[121.353,24.6487],[121.3524,24.6434],[121.3558,24.6412],[121.3575,24.6371],[121.3581,24.6335],[121.3613,24.6337],[121.3655,24.6318],[121.3654,24.6283],[121.3637,24.6246],[121.3631,24.6207],[121.3617,24.6207],[121.3588,24.6167],[121.3595,24.6138],[121.3612,24.6124],[121.3612,24.6101],[121.3637,24.6079],[121.3643,24.6059],[121.3633,24.6031],[121.3672,24.5988],[121.3715,24.5973],[121.3727,24.5938],[121.383,24.5894],[121.3872,24.5866],[121.3914,24.5865],[121.3947,24.5875],[121.3957,24.5889],[121.403,24.5917],[121.409,24.5994],[121.412,24.6006],[121.4134,24.6034],[121.418,24.6011],[121.4244,24.603],[121.4279,24.6062],[121.4306,24.6145],[121.4323,24.6153],[121.4335,24.6188],[121.4356,24.6217],[121.4349,24.6243],[121.4359,24.6271],[121.4404,24.635],[121.4444,24.6368],[121.4454,24.6381],[121.4449,24.6428],[121.4484,24.6457],[121.4513,24.651],[121.4489,24.6531],[121.4477,24.6583],[121.4496,24.6623],[121.4539,24.6643],[121.4552,24.6682],[121.4597,24.6733],[121.4612,24.6727],[121.4693,24.6719],[121.4724,24.6731],[121.4799,24.6738],[121.4761,24.6789],[121.4754,24.6836],[121.474,24.6849],[121.473,24.69],[121.4748,24.6937],[121.4741,24.6961],[121.4698,24.6961],[121.4669,24.6977],[121.4637,24.701],[121.4606,24.7025],[121.4568,24.7032],[121.45,24.7059],[121.4488,24.7121],[121.4451,24.7149],[121.4415,24.7232],[121.441,24.726],[121.4382,24.7266],[121.4342,24.7301],[121.4353,24.733],[121.4331,24.7364],[121.4329,24.7402],[121.4303,24.7435],[121.4286,24.7483],[121.4284,24.7534],[121.4256,24.7584],[121.4258,24.7606],[121.4232,24.7626],[121.4254,24.767],[121.4312,24.7718],[121.4351,24.7728],[121.4372,24.7741],[121.4402,24.7788],[121.4423,24.7805],[121.4458,24.7816],[121.4496,24.7861],[121.4494,24.7911],[121.4458,24.7901],[121.4384,24.7951],[121.437,24.7982],[121.4379,24.8007],[121.4378,24.8043],[121.4364,24.8122],[121.4321,24.8135],[121.4297,24.8151],[121.4255,24.8199],[121.4236,24.8254],[121.417,24.8254],[121.4161,24.8287],[121.4139,24.8318],[121.4156,24.8353],[121.4107,24.8384],[121.4088,24.8406],[121.4027,24.8435],[121.4009,24.8418],[121.3978,24.8419],[121.3965,24.8436],[121.3937,24.844],[121.3853,24.841],[121.3846,24.838],[121.379,24.835],[121.3729,24.8336],[121.3726,24.8351],[121.3641,24.8381],[121.3601,24.8382],[121.3577,24.8395],[121.3548,24.844],[121.3468,24.8459],[121.34,24.8434],[121.3361,24.8438],[121.3371,24.8484],[121.3419,24.8486],[121.3461,24.8501],[121.3526,24.8491],[121.3546,24.8532],[121.3567,24.8544],[121.3543,24.8566],[121.3535,24.8586],[121.3495,24.8597],[121.3474,24.862],[121.3459,24.8682],[121.3493,24.8687],[121.3532,24.8712],[121.3544,24.8733],[121.352,24.8768],[121.3497,24.8788],[121.3471,24.8787],[121.3456,24.88],[121.3446,24.886],[121.3411,24.8888],[121.3422,24.8926],[121.3383,24.8933],[121.335,24.8917],[121.332,24.8935],[121.3333,24.8961],[121.3323,24.8998],[121.3278,24.8959],[121.3224,24.8986],[121.3214,24.8999],[121.322,24.9037],[121.3262,24.9071],[121.3262,24.9092],[121.3235,24.91],[121.3231,24.9117],[121.3201,24.9136],[121.3175,24.9164],[121.3247,24.9235],[121.33,24.925],[121.3349,24.9249],[121.338,24.9268],[121.3378,24.9286],[121.3336,24.9298],[121.322,24.928],[121.3232,24.9314],[121.3207,24.9337],[121.3181,24.9349],[121.3158,24.9385],[121.3243,24.9434],[121.3303,24.9445],[121.3316,24.9458],[121.328,24.949],[121.3282,24.9546],[121.3291,24.9606],[121.3281,24.9656],[121.3286,24.9685],[121.3279,24.9728],[121.3251,24.9712],[121.3237,24.9728],[121.3276,24.9749],[121.3272,24.9776],[121.3303,24.9792],[121.3346,24.9791],[121.337,24.9807],[121.34,24.9801],[121.3421,24.9811],[121.3472,24.9788],[121.3523,24.9809],[121.354,24.9778],[121.3613,24.9779],[121.3639,24.9796],[121.3688,24.9768],[121.3724,24.9799],[121.3768,24.9813],[121.3787,24.9832],[121.3821,24.9839],[121.3856,24.9862],[121.3834,24.9886],[121.3843,24.9918],[121.3836,24.9945],[121.388,24.9964],[121.3905,24.9933],[121.3942,24.9935],[121.3986,24.9983],[121.4034,25.0002],[121.4001,25.0045],[121.3991,25.0074],[121.392,25.0111],[121.3931,25.0156],[121.3953,25.0147],[121.3972,25.0161],[121.4017,25.0158],[121.4042,25.0172],[121.407,25.0174],[121.4113,25.0193],[121.4015,25.0262],[121.4007,25.0291],[121.3982,25.0301],[121.3986,25.0348],[121.3996,25.036],[121.3988,25.0387],[121.3944,25.0401],[121.3926,25.0434],[121.3985,25.0438],[121.4001,25.0449],[121.3994,25.0478],[121.3959,25.0485],[121.3982,25.0511],[121.3929,25.054],[121.3899,25.0528],[121.3859,25.0532],[121.3886,25.0571],[121.3886,25.0605],[121.3865,25.0632],[121.384,25.0627],[121.3821,25.0643],[121.3758,25.0661],[121.3638,25.0649],[121.3549,25.0651],[121.3551,25.067],[121.3523,25.0688],[121.3481,25.0698],[121.3483,25.0739],[121.3424,25.0728],[121.3441,25.0771],[121.3457,25.0773],[121.3502,25.0812],[121.3469,25.0836],[121.3414,25.0841],[121.3388,25.0836],[121.3302,25.0882],[121.3277,25.0912],[121.3249,25.0926],[121.3177,25.0932],[121.3134,25.0954],[121.3084,25.0966],[121.3027,25.0968],[121.3014,25.0984],[121.3012,25.1017],[121.298,25.1045],[121.2955,25.103],[121.2917,25.1026],[121.2902,25.1069],[121.2876,25.1067],[121.2828,25.1095],[121.284,25.1126],[121.2834,25.1178]]]},"properties":{"region_code":"CN-71-6E2911F209","parent_region_code":"CN-71","name":"桃园市","level":"prefecture","has_children":true,"full_path":"中国 / 台湾省 / 桃园市","source_admin_code":null,"osm_relation_id":2770986}},
{"type":"Feature","geometry":{"type":"Polygon","coordinates":[[[121.2589,24.438],[121.2589,24.4277],[121.2576,24.4251],[121.25,24.4249],[121.2459,24.4226],[121.2439,24.4201],[121.2436,24.4166],[121.242,24.414],[121.2434,24.4109],[121.2436,24.4057],[121.2401,24.4035],[121.2379,24.4002],[121.2348,24.3975],[121.235,24.3921],[121.2316,24.3875],[121.2319,24.3839],[121.2256,24.383],[121.2182,24.3812],[121.2159,24.3795],[121.2135,24.3819],[121.2133,24.3844],[121.2112,24.3884],[121.2104,24.3919],[121.2106,24.3957],[121.2072,24.3979],[121.2007,24.3976],[121.1972,24.3966],[121.1969,24.392],[121.1902,24.3816],[121.1833,24.381],[121.1815,24.3788],[121.1785,24.3779],[121.1733,24.3731],[121.1741,24.369],[121.1726,24.3669],[121.169,24.3643],[121.168,24.3607],[121.1594,24.3608],[121.1555,24.3591],[121.1493,24.358],[121.1441,24.3583],[121.1409,24.3596],[121.1383,24.3566],[121.136,24.3528],[121.1336,24.3517],[121.1313,24.3494],[121.1302,24.3447],[121.1284,24.3422],[121.1253,24.342],[121.1221,24.3364],[121.1216,24.3307],[121.1183,24.3303],[121.1149,24.3286],[121.1087,24.331],[121.1038,24.3268],[121.1023,24.3246],[121.0982,24.3237],[121.0952,24.322],[121.0944,24.3198],[121.0866,24.3176],[121.0816,24.3241],[121.0789,24.3229],[121.0734,24.3223],[121.0739,24.3196],[121.0693,24.3155],[121.0656,24.3157],[121.0615,24.3134],[121.0584,24.3127],[121.0553,24.3103],[121.0549,24.3077],[121.0527,24.3047],[121.0514,24.2978],[121.049,24.296],[121.0452,24.2953],[121.0353,24.2972],[121.0331,24.2988],[121.0317,24.302],[121.0288,24.3052],[121.0262,24.3068],[121.02,24.3093],[121.018,24.3113],[121.0145,24.3201],[121.0116,24.324],[121.0083,24.3268],[121.0047,24.332],[121.0005,24.3327],[120.9974,24.3301],[120.9921,24.3296],[120.9858,24.3315],[120.982,24.3359],[120.9799,24.3345],[120.9772,24.3347],[120.9724,24.3335],[120.9662,24.3335],[120.96,24.3352],[120.9568,24.3393],[120.9425,24.3391],[120.9353,24.3429],[120.9328,24.3421],[120.9263,24.3386],[120.9197,24.3371],[120.917,24.3357],[120.9167,24.3327],[120.9197,24.3242],[120.9207,24.3178],[120.9202,24.3106],[120.9225,24.304],[120.9199,24.3007],[120.9168,24.299],[120.9119,24.2941],[120.9089,24.294],[120.905,24.2923],[120.9025,24.2922],[120.8916,24.2941],[120.8816,24.2949],[120.8749,24.2949],[120.8657,24.2927],[120.8578,24.2893],[120.8495,24.2885],[120.8382,24.2893],[120.8336,24.2905],[120.8239,24.2983],[120.8197,24.3036],[120.8176,24.3074],[120.8097,24.3129],[120.8075,24.3152],[120.8038,24.3162],[120.796,24.3164],[120.792,24.3176],[120.7838,24.3183],[120.7774,24.3207],[120.7721,24.3222],[120.7672,24.3255],[120.763,24.326],[120.7585,24.3286],[120.7522,24.3342],[120.7486,24.3362],[120.7433,24.3405],[120.7416,24.3425],[120.7345,24.3479],[120.7309,24.3514],[120.7284,24.3529],[120.7184,24.3558],[120.7073,24.3578],[120.7075,24.3617],[120.7033,24.3618],[120.6985,24.3647],[120.6931,24.3669],[120.692,24.3683],[120.6898,24.3745],[120.6885,24.375],[120.6857,24.3789],[120.6773,24.384],[120.6787,24.387],[120.6759,24.3883],[120.6725,24.3913],[120.671,24.3911],[120.6676,24.3961],[120.6674,24.3979],[120.6637,24.4022],[120.6583,24.4065],[120.6488,24.4095],[120.6462,24.4121],[120.6453,24.4145],[120.6429,24.4169],[120.6432,24.4214],[120.6402,24.4244],[120.6397,24.4278],[120.6318,24.4328],[120.6286,24.438],[120.6224,24.4401],[120.6186,24.4324],[120.6136,24.429],[120.6081,24.4217],[120.604,24.4175],[120.5961,24.4106],[120.5942,24.4069],[120.5898,24.4015],[120.5898,24.3992],[120.5867,24.3923],[120.5836,24.3898],[120.5711,24.3742],[120.5704,24.3698],[120.569,24.3667],[120.5648,24.3638],[120.5613,24.3596],[120.5616,24.358],[120.5592,24.3544],[120.5592,24.3498],[120.5558,24.3477],[120.5504,24.3415],[120.5458,24.3349],[120.5408,24.3354],[120.5394,24.3345],[120.5385,24.331],[120.5331,24.3231],[120.5323,24.3205],[120.5299,24.3189],[120.526,24.3177],[120.5238,24.3158],[120.519,24.3066],[120.5165,24.298],[120.5142,24.2962],[120.5087,24.2933],[120.5053,24.2944],[120.4984,24.2949],[120.4985,24.2918],[120.5004,24.2902],[120.5025,24.2862],[120.5067,24.2844],[120.5072,24.2813],[120.5002,24.2675],[120.4947,24.2698],[120.4889,24.2559],[120.4896,24.2532],[120.4827,24.2371],[120.4722,24.2408],[120.4618,24.2167],[120.4619,24.2154],[120.4649,24.2143],[120.4603,24.2116],[120.4566,24.2072],[120.5044,24.1911],[120.5084,24.1868],[120.5112,24.1805],[120.5173,24.166],[120.5258,24.149],[120.5256,24.1458],[120.5237,24.1395],[120.5276,24.1342],[120.5323,24.1269],[120.5341,24.1256],[120.5404,24.124],[120.5452,24.1166],[120.5497,24.1139],[120.5537,24.1128],[120.558,24.1125],[120.5656,24.1098],[120.5726,24.1083],[120.5766,24.1096],[120.5835,24.1095],[120.5884,24.1062],[120.5949,24.1049],[120.6,24.1052],[120.6025,24.103],[120.6123,24.1026],[120.6125,24.0992],[120.6149,24.09],[120.6152,24.0843],[120.6195,24.0734],[120.6228,24.0724],[120.6254,24.0687],[120.6257,24.057],[120.6236,24.0533],[120.6245,24.0483],[120.6258,24.0467],[120.626,24.0416],[120.6281,24.0384],[120.6245,24.0338],[120.6253,24.0301],[120.6287,24.0296],[120.634,24.0311],[120.6362,24.031],[120.639,24.0277],[120.642,24.0273],[120.6447,24.0258],[120.6462,24.0283],[120.6444,24.0323],[120.6464,24.034],[120.6518,24.0285],[120.6557,24.0307],[120.6612,24.0257],[120.6786,24.014],[120.686,24.0105],[120.6949,24.0071],[120.7064,24.0052],[120.7192,24.0097],[120.7317,24.009],[120.7437,24.0022],[120.746,23.9986],[120.751,24.0028],[120.7532,24.0023],[120.756,24.0036],[120.758,24.0061],[120.7625,24.0062],[120.7678,24.0092],[120.7706,24.0091],[120.7712,24.014],[120.7752,24.0186],[120.7798,24.0203],[120.7798,24.0212],[120.7844,24.0241],[120.7855,24.0287],[120.7895,24.0312],[120.7918,24.0319],[120.7917,24.0353],[120.7975,24.0414],[120.7966,24.0428],[120.8037,24.0535],[120.8033,24.0562],[120.8063,24.0604],[120.807,24.0643],[120.8091,24.0663],[120.8118,24.066],[120.8145,24.0699],[120.8164,24.0685],[120.8193,24.0685],[120.8294,24.0723],[120.8284,24.0769],[120.8289,24.0836],[120.8281,24.0864],[120.8285,24.0945],[120.8299,24.095],[120.8324,24.0983],[120.8304,24.102],[120.8346,24.1077],[120.8345,24.1126],[120.8362,24.1169],[120.8386,24.1191],[120.8421,24.1207],[120.843,24.1231],[120.8449,24.1245],[120.8489,24.1239],[120.8539,24.1245],[120.8562,24.1215],[120.8572,24.1173],[120.8586,24.1162],[120.8655,24.1155],[120.8696,24.1171],[120.8724,24.1168],[120.8777,24.1098],[120.8802,24.1054],[120.8815,24.1005],[120.8797,24.0992],[120.8769,24.0912],[120.8782,24.0858],[120.885,24.093],[120.8862,24.0956],[120.8901,24.0966],[120.8915,24.0987],[120.8913,24.1024],[120.8941,24.1064],[120.8942,24.1107],[120.8911,24.1122],[120.891,24.1156],[120.8949,24.1165],[120.9049,24.1145],[120.907,24.1109],[120.9096,24.1092],[120.9132,24.109],[120.9146,24.1076],[120.9199,24.1074],[120.9221,24.1094],[120.9271,24.1117],[120.9319,24.1122],[120.935,24.1153],[120.9396,24.1183],[120.9445,24.1228],[120.9484,24.1249],[120.9501,24.1279],[120.9563,24.1247],[120.9606,24.1205],[120.964,24.1199],[120.971,24.1203],[120.9734,24.1196],[120.9765,24.1169],[120.9791,24.1183],[120.9858,24.1202],[120.9892,24.1188],[120.992,24.1211],[120.992,24.1253],[120.9996,24.1278],[121.0004,24.1323],[121.0034,24.1338],[121.0046,24.1376],[121.0069,24.1413],[121.0071,24.1449],[121.0104,24.1501],[121.0155,24.156],[121.0195,24.1587],[121.0233,24.158],[121.0282,24.1592],[121.0312,24.1535],[121.0309,24.1496],[121.0334,24.1486],[121.0356,24.1508],[121.0358,24.153],[121.0378,24.1579],[121.0429,24.1586],[121.0441,24.1597],[121.0476,24.16],[121.0506,24.1584],[121.0527,24.1548],[121.0588,24.1603],[121.0597,24.1629],[121.0643,24.1629],[121.0663,24.1655],[121.0698,24.1675],[121.0728,24.17],[121.0753,24.1702],[121.0816,24.1756],[121.0845,24.1758],[121.0914,24.1827],[121.0911,24.1848],[121.094,24.1879],[121.0942,24.1897],[121.0963,24.1921],[121.1076,24.1979],[121.1134,24.1969],[121.1188,24.1972],[121.1226,24.1961],[121.1272,24.1968],[121.129,24.196],[121.1327,24.1969],[121.1349,24.1963],[121.1414,24.1996],[121.1425,24.2016],[121.1432,24.2059],[121.1462,24.2089],[121.1481,24.2131],[121.1518,24.2132],[121.1565,24.2147],[121.161,24.2152],[121.1641,24.2199],[121.1644,24.2218],[121.1677,24.2254],[121.1735,24.2203],[121.1785,24.214],[121.1822,24.2122],[121.1852,24.2145],[121.1882,24.2148],[121.1918,24.2169],[121.1923,24.219],[121.1963,24.223],[121.2016,24.2216],[121.2042,24.2221],[121.208,24.2216],[121.2158,24.2254],[121.2185,24.2286],[121.2261,24.2258],[121.2306,24.2261],[121.2304,24.2235],[121.2359,24.2213],[121.238,24.2197],[121.2407,24.2217],[121.244,24.2224],[121.2449,24.225],[121.2471,24.2282],[121.2512,24.238],[121.2551,24.2432],[121.2568,24.2444],[121.2615,24.2457],[121.2654,24.2457],[121.2664,24.2424],[121.2707,24.2366],[121.2769,24.2354],[121.2777,24.2319],[121.2802,24.2298],[121.283,24.231],[121.2858,24.2291],[121.2886,24.2301],[121.2941,24.2297],[121.2956,24.2326],[121.2983,24.233],[121.2988,24.2357],[121.3022,24.2365],[121.3039,24.2337],[121.3088,24.235],[121.3141,24.235],[121.3164,24.2344],[121.3196,24.2319],[121.3245,24.233],[121.3302,24.2312],[121.3391,24.2267],[121.3428,24.2237],[121.3481,24.2306],[121.3487,24.2321],[121.3517,24.2346],[121.3529,24.2399],[121.352,24.2444],[121.3558,24.2451],[121.3601,24.2444],[121.3638,24.2475],[121.3664,24.2525],[121.3711,24.2536],[121.3723,24.2546],[121.378,24.2534],[121.3847,24.2556],[121.3854,24.2587],[121.3847,24.2625],[121.3852,24.2648],[121.3825,24.27],[121.3817,24.2766],[121.38,24.2802],[121.3815,24.2819],[121.3851,24.2839],[121.3892,24.2879],[121.3901,24.2902],[121.3935,24.2887],[121.396,24.2893],[121.3968,24.2914],[121.4028,24.2974],[121.4044,24.3056],[121.4043,24.3085],[121.4104,24.3079],[121.4163,24.3097],[121.421,24.3082],[121.4227,24.3091],[121.4258,24.3154],[121.4309,24.3212],[121.4331,24.3217],[121.4342,24.3236],[121.4336,24.3265],[121.4317,24.3305],[121.4335,24.3389],[121.437,24.343],[121.4347,24.3482],[121.4367,24.3523],[121.4392,24.3556],[121.4409,24.3595],[121.4462,24.3602],[121.4474,24.3632],[121.451,24.3655],[121.4471,24.374],[121.4434,24.3748],[121.4419,24.3738],[121.4397,24.3788],[121.4369,24.3835],[121.4284,24.3836],[121.4248,24.3821],[121.421,24.3815],[121.4189,24.3798],[121.4124,24.3804],[121.4079,24.3787],[121.4036,24.3782],[121.4009,24.3801],[121.3973,24.3782],[121.3951,24.3785],[121.3919,24.3756],[121.389,24.3756],[121.3871,24.3705],[121.3812,24.3675],[121.3764,24.3689],[121.3727,24.3687],[121.3686,24.3727],[121.3685,24.375],[121.3665,24.3788],[121.3673,24.3815],[121.3688,24.3823],[121.3675,24.386],[121.364,24.3895],[121.3583,24.3909],[121.3546,24.3935],[121.3514,24.3925],[121.3452,24.3933],[121.3419,24.393],[121.3376,24.3904],[121.3361,24.3927],[121.3322,24.396],[121.3313,24.3983],[121.3269,24.3986],[121.3251,24.4018],[121.3241,24.4074],[121.3257,24.4099],[121.3266,24.4134],[121.3269,24.4182],[121.3265,24.4218],[121.3277,24.4279],[121.3268,24.4305],[121.327,24.4343],[121.3243,24.4365],[121.3201,24.4411],[121.3177,24.4415],[121.3141,24.4377],[121.3107,24.4365],[121.3057,24.4327],[121.2976,24.4331],[121.2947,24.4325],[121.2932,24.4311],[121.2843,24.4306],[121.2791,24.4294],[121.2713,24.4296],[121.2699,24.4274],[121.2651,24.4287],[121.2608,24.4286],[121.2592,24.4309],[121.26,24.4362],[121.2589,24.438]]]},"properties":{"region_code":"CN-71-2B195F9E16","parent_region_code":"CN-71","name":"台中市","level":"prefecture","has_children":true,"full_path":"中国 / 台湾省 / 台中市","source_admin_code":null,"osm_relation_id":2921154}},
{"type":"Feature","geometry":{"type":"Polygon","coordinates":[[[120.1181,23.3402],[120.1167,23.339],[120.1164,23.3352],[120.1152,23.3316],[120.1165,23.3246],[120.1164,23.322],[120.1139,23.3143],[120.1116,23.31],[120.1066,23.3027],[120.1057,23.3005],[120.1093,23.2987],[120.1073,23.2962],[120.1028,23.2943],[120.0992,23.2946],[120.0971,23.2905],[120.0961,23.2808],[120.0964,23.2706],[120.0952,23.2595],[120.0953,23.2581],[120.0911,23.249],[120.0879,23.2437],[120.0859,23.2392],[120.0885,23.2385],[120.0912,23.2446],[120.092,23.2481],[120.0954,23.2528],[120.0973,23.2582],[120.0966,23.265],[120.0969,23.2689],[120.0987,23.2707],[120.1029,23.2685],[120.1077,23.2694],[120.119,23.2767],[120.1158,23.2723],[120.1149,23.2693],[120.1108,23.2685],[120.1083,23.2666],[120.106,23.2627],[120.106,23.258],[120.1093,23.2556],[120.1082,23.252],[120.1058,23.252],[120.1054,23.2498],[120.1032,23.2476],[120.1002,23.246],[120.1003,23.2426],[120.0982,23.2406],[120.0949,23.2352],[120.0959,23.2287],[120.1004,23.2281],[120.1037,23.2285],[120.106,23.2279],[120.1061,23.224],[120.1029,23.224],[120.1028,23.2224],[120.0994,23.2217],[120.0953,23.2188],[120.0917,23.2184],[120.0909,23.2234],[120.0853,23.2252],[120.0849,23.2264],[120.0867,23.233],[120.0845,23.2353],[120.0826,23.2329],[120.0822,23.2289],[120.0835,23.2262],[120.0835,23.222],[120.0827,23.2194],[120.0788,23.2147],[120.0761,23.2147],[120.0738,23.2115],[120.0757,23.209],[120.08,23.2072],[120.0792,23.2016],[120.0717,23.1876],[120.0691,23.1846],[120.0655,23.1845],[120.0649,23.1826],[120.0677,23.1806],[120.068,23.1781],[120.067,23.1745],[120.0692,23.1716],[120.0686,23.1662],[120.0676,23.1639],[120.0677,23.1609],[120.0664,23.1581],[120.0652,23.1531],[120.064,23.1515],[120.0643,23.1485],[120.0605,23.143],[120.0586,23.1389],[120.0571,23.1378],[120.0557,23.1335],[120.0472,23.123],[120.0456,23.1193],[120.0425,23.1169],[120.041,23.113],[120.0374,23.1083],[120.035,23.1013],[120.0348,23.0936],[120.036,23.0879],[120.0359,23.0788],[120.0365,23.0648],[120.0413,23.0537],[120.0422,23.0556],[120.0462,23.0568],[120.0512,23.0555],[120.0523,23.0534],[120.0546,23.0527],[120.0581,23.055],[120.0681,23.045],[120.0671,23.0418],[120.069,23.0407],[120.0764,23.0386],[120.0838,23.0344],[120.1067,23.0205],[120.1165,23.0135],[120.1316,23.002],[120.1391,22.9977],[120.1417,22.9955],[120.1417,22.9943],[120.1475,22.989],[120.1475,22.9878],[120.1513,22.9825],[120.1545,22.9805],[120.1561,22.9761],[120.1546,22.9743],[120.1566,22.9703],[120.1554,22.9675],[120.1554,22.9647],[120.1597,22.9636],[120.1622,22.9648],[120.1659,22.9571],[120.1698,22.9506],[120.1744,22.9377],[120.1753,22.9338],[120.1757,22.9286],[120.1742,22.917],[120.1754,22.9119],[120.1767,22.9123],[120.1825,22.9171],[120.1866,22.9197],[120.192,22.9212],[120.1959,22.9196],[120.2018,22.9157],[120.2045,22.9147],[120.2081,22.9152],[120.2111,22.9125],[120.2144,22.9105],[120.2201,22.9096],[120.2225,22.9113],[120.2275,22.9167],[120.2304,22.9167],[120.2317,22.9154],[120.2316,22.9087],[120.2332,22.9054],[120.2429,22.9035],[120.2476,22.8982],[120.2542,22.8943],[120.2565,22.894],[120.2589,22.8966],[120.2569,22.899],[120.2579,22.9017],[120.2605,22.9018],[120.2696,22.8968],[120.2743,22.8953],[120.2795,22.8963],[120.278,22.9013],[120.278,22.9044],[120.2846,22.9047],[120.2933,22.9029],[120.2991,22.9011],[120.3034,22.9004],[120.3091,22.9006],[120.3157,22.8991],[120.3192,22.8951],[120.3209,22.8956],[120.324,22.9002],[120.327,22.8985],[120.3308,22.8907],[120.3325,22.8893],[120.3451,22.8894],[120.3489,22.8906],[120.351,22.8891],[120.3545,22.89],[120.3537,22.8924],[120.3577,22.8946],[120.358,22.8959],[120.3611,22.8979],[120.3595,22.9014],[120.366,22.9022],[120.3657,22.9045],[120.369,22.9057],[120.3724,22.908],[120.373,22.9124],[120.3742,22.9143],[120.3768,22.9149],[120.3775,22.9182],[120.3804,22.9186],[120.3825,22.9206],[120.3866,22.9183],[120.3907,22.9217],[120.3959,22.9227],[120.399,22.9223],[120.4004,22.919],[120.4053,22.9182],[120.4063,22.9147],[120.4087,22.9124],[120.4097,22.9138],[120.4165,22.9164],[120.4181,22.9207],[120.42,22.923],[120.4221,22.9276],[120.4228,22.931],[120.4249,22.9332],[120.4261,22.9394],[120.4284,22.9405],[120.4307,22.9484],[120.4327,22.9526],[120.433,22.956],[120.4372,22.9621],[120.4378,22.9646],[120.4422,22.9738],[120.4427,22.9774],[120.4449,22.9795],[120.4496,22.9772],[120.4543,22.98],[120.4548,22.9826],[120.4532,22.9849],[120.4552,22.9911],[120.4596,22.9899],[120.4611,22.9922],[120.4591,22.9958],[120.4615,22.9981],[120.4596,23.0017],[120.4618,23.004],[120.4705,23.0024],[120.4741,23.0031],[120.4801,23.0034],[120.4815,23.0121],[120.4827,23.0156],[120.4865,23.0187],[120.4916,23.021],[120.4949,23.0232],[120.4976,23.0241],[120.5037,23.0286],[120.509,23.035],[120.5104,23.0354],[120.5143,23.039],[120.5163,23.0418],[120.5202,23.0453],[120.5236,23.0472],[120.523,23.0496],[120.5265,23.053],[120.5315,23.0566],[120.535,23.0574],[120.538,23.0591],[120.538,23.0607],[120.5424,23.0634],[120.5457,23.0641],[120.5466,23.0656],[120.5531,23.0679],[120.5592,23.0735],[120.5587,23.0753],[120.5627,23.0784],[120.5638,23.0804],[120.567,23.0819],[120.5702,23.0855],[120.5748,23.0914],[120.5741,23.0946],[120.5759,23.096],[120.5785,23.1009],[120.5831,23.1079],[120.5882,23.1142],[120.5889,23.1199],[120.5885,23.1234],[120.5905,23.1272],[120.5948,23.1317],[120.5963,23.1369],[120.5975,23.1373],[120.6011,23.1441],[120.6038,23.1449],[120.6118,23.1516],[120.6113,23.1554],[120.6136,23.1593],[120.6152,23.1596],[120.6168,23.1632],[120.6207,23.1628],[120.6233,23.1641],[120.6253,23.1677],[120.6271,23.168],[120.6311,23.1704],[120.6298,23.1745],[120.6361,23.175],[120.6374,23.1782],[120.6373,23.1804],[120.64,23.1826],[120.6366,23.1903],[120.639,23.1927],[120.641,23.1988],[120.6426,23.2001],[120.6433,23.2033],[120.6462,23.2071],[120.6485,23.2086],[120.6515,23.2084],[120.6531,23.2119],[120.6538,23.2151],[120.6563,23.2178],[120.6554,23.223],[120.6535,23.2245],[120.6516,23.224],[120.6482,23.2256],[120.6468,23.2271],[120.6431,23.2255],[120.639,23.2279],[120.6283,23.2294],[120.625,23.2273],[120.6186,23.2257],[120.6168,23.2235],[120.6129,23.224],[120.6098,23.2226],[120.6065,23.2258],[120.6028,23.2261],[120.5973,23.229],[120.5964,23.2316],[120.5965,23.235],[120.5939,23.2394],[120.5902,23.234],[120.5867,23.2242],[120.582,23.22],[120.5802,23.2195],[120.5783,23.2148],[120.5749,23.2177],[120.5724,23.2178],[120.5651,23.2209],[120.5614,23.2174],[120.5581,23.2168],[120.5553,23.2174],[120.5525,23.2203],[120.5497,23.2214],[120.5489,23.2236],[120.5416,23.2278],[120.5397,23.2276],[120.5363,23.2291],[120.5317,23.2299],[120.5297,23.2325],[120.5264,23.2311],[120.519,23.2393],[120.5243,23.2421],[120.5278,23.2453],[120.5305,23.249],[120.532,23.2554],[120.5295,23.2578],[120.5281,23.2628],[120.5261,23.2665],[120.5225,23.2693],[120.5205,23.2717],[120.5223,23.2742],[120.521,23.2798],[120.5226,23.2813],[120.523,23.2843],[120.5218,23.2879],[120.5245,23.2916],[120.5261,23.2925],[120.526,23.2971],[120.5239,23.3027],[120.5234,23.3087],[120.5225,23.3118],[120.5239,23.3133],[120.5273,23.3146],[120.5316,23.318],[120.532,23.3211],[120.536,23.3242],[120.537,23.3265],[120.54,23.3279],[120.5368,23.3333],[120.5337,23.3365],[120.526,23.3392],[120.5231,23.3407],[120.5185,23.342],[120.5156,23.3437],[120.5103,23.344],[120.5079,23.343],[120.5051,23.3448],[120.5045,23.3494],[120.5037,23.3513],[120.5049,23.3549],[120.508,23.3528],[120.5123,23.3556],[120.5124,23.3598],[120.5102,23.3633],[120.5045,23.369],[120.5016,23.3678],[120.4994,23.368],[120.496,23.3699],[120.4943,23.3695],[120.4915,23.3725],[120.4883,23.373],[120.4871,23.371],[120.4845,23.3695],[120.483,23.3717],[120.4838,23.3783],[120.4846,23.3797],[120.4945,23.3843],[120.497,23.3844],[120.4992,23.3879],[120.4973,23.3891],[120.4976,23.3911],[120.4938,23.3949],[120.491,23.3955],[120.4857,23.3914],[120.4794,23.3876],[120.4775,23.3906],[120.4752,23.3913],[120.4761,23.3936],[120.4733,23.3981],[120.4695,23.3994],[120.4688,23.4005],[120.465,23.4008],[120.4608,23.4038],[120.4556,23.4066],[120.4528,23.4067],[120.4498,23.4093],[120.4445,23.411],[120.4415,23.4132],[120.4381,23.4134],[120.4345,23.4111],[120.4321,23.4107],[120.4316,23.4078],[120.4235,23.4064],[120.4218,23.407],[120.4193,23.4041],[120.4178,23.4088],[120.4144,23.4112],[120.4109,23.4101],[120.4081,23.4134],[120.4047,23.4103],[120.3927,23.4063],[120.3894,23.4061],[120.3862,23.4045],[120.3811,23.4034],[120.3597,23.4027],[120.354,23.4013],[120.3495,23.4013],[120.3464,23.4004],[120.343,23.3982],[120.3414,23.395],[120.3337,23.386],[120.3299,23.3854],[120.3287,23.3861],[120.3217,23.3836],[120.3178,23.3884],[120.315,23.3885],[120.3113,23.3861],[120.3104,23.3832],[120.311,23.3754],[120.308,23.375],[120.3036,23.376],[120.2994,23.3753],[120.2929,23.3754],[120.2855,23.3666],[120.2838,23.362],[120.2838,23.3586],[120.2861,23.3539],[120.2862,23.3503],[120.2814,23.3482],[120.2762,23.3482],[120.2748,23.3517],[120.2705,23.3537],[120.2677,23.3535],[120.2648,23.3512],[120.2609,23.3445],[120.2638,23.3451],[120.2675,23.3447],[120.2671,23.3407],[120.2564,23.3311],[120.2492,23.3289],[120.2447,23.3268],[120.24,23.3276],[120.2379,23.3269],[120.2356,23.3234],[120.2342,23.3196],[120.2313,23.3163],[120.2283,23.3101],[120.2278,23.3071],[120.2259,23.3033],[120.2208,23.296],[120.2144,23.2924],[120.2118,23.2927],[120.2085,23.2913],[120.2042,23.2919],[120.2008,23.2935],[120.191,23.3007],[120.1884,23.3012],[120.1858,23.297],[120.1863,23.2952],[120.1894,23.2923],[120.1891,23.2902],[120.1869,23.2901],[120.1806,23.2909],[120.1786,23.2917],[120.1757,23.2944],[120.1726,23.3019],[120.1709,23.3046],[120.1674,23.3077],[120.1605,23.3106],[120.1556,23.3104],[120.1542,23.3131],[120.1499,23.3131],[120.1486,23.3144],[120.1485,23.3197],[120.1455,23.3223],[120.137,23.328],[120.1324,23.3297],[120.1181,23.3402]]]},"properties":{"region_code":"CN-71-315F400D87","parent_region_code":"CN-71","name":"台南市","level":"prefecture","has_children":true,"full_path":"中国 / 台湾省 / 台南市","source_admin_code":null,"osm_relation_id":2418506}},
{"type":"Feature","geometry":{"type":"MultiPolygon","coordinates":[[[[120.1754,22.9119],[120.1786,22.9],[120.1832,22.8888],[120.184,22.8885],[120.1879,22.8794],[120.1903,22.873],[120.1933,22.8626],[120.1935,22.8603],[120.1914,22.86],[120.19,22.8571],[120.193,22.8484],[120.1969,22.8501],[120.1984,22.8461],[120.1987,22.8424],[120.2009,22.8397],[120.204,22.8317],[120.2074,22.8211],[120.2095,22.817],[120.2076,22.8139],[120.2025,22.813],[120.2037,22.8062],[120.2115,22.8075],[120.2145,22.8046],[120.2135,22.8038],[120.2219,22.7886],[120.2238,22.7835],[120.229,22.7736],[120.2333,22.7637],[120.233,22.7627],[120.2293,22.7611],[120.2351,22.7587],[120.242,22.7457],[120.2452,22.7403],[120.2452,22.7376],[120.2507,22.7272],[120.2485,22.7246],[120.2526,22.7241],[120.2561,22.7183],[120.2571,22.7131],[120.2611,22.7029],[120.2584,22.7],[120.2548,22.6983],[120.2565,22.6965],[120.2606,22.6949],[120.2637,22.697],[120.263,22.6989],[120.2637,22.7051],[120.2652,22.7086],[120.2685,22.7093],[120.2749,22.7068],[120.2748,22.7008],[120.2714,22.7007],[120.2714,22.6984],[120.2748,22.6982],[120.2737,22.6947],[120.2738,22.6896],[120.2712,22.6877],[120.2747,22.6838],[120.2705,22.681],[120.2676,22.6808],[120.2675,22.6839],[120.2657,22.6898],[120.2632,22.689],[120.2637,22.6873],[120.2641,22.6781],[120.2637,22.6742],[120.2594,22.6688],[120.2569,22.6687],[120.2507,22.6628],[120.2516,22.6609],[120.2503,22.6565],[120.2501,22.6518],[120.2516,22.648],[120.2517,22.6452],[120.2561,22.6363],[120.2592,22.6339],[120.2601,22.6312],[120.2629,22.6274],[120.2619,22.6234],[120.2548,22.6202],[120.2561,22.6177],[120.2629,22.6136],[120.2634,22.6116],[120.2654,22.6112],[120.2746,22.6002],[120.2864,22.5848],[120.2916,22.5792],[120.299,22.5698],[120.3034,22.5648],[120.3039,22.5611],[120.3077,22.5569],[120.3058,22.5555],[120.3073,22.5529],[120.3129,22.5539],[120.3148,22.5533],[120.3169,22.551],[120.3134,22.5484],[120.3133,22.5468],[120.3073,22.5452],[120.3218,22.5278],[120.3168,22.5242],[120.3076,22.5354],[120.3037,22.5327],[120.297,22.5409],[120.2932,22.5383],[120.3125,22.5148],[120.3242,22.5228],[120.325,22.5299],[120.3262,22.5298],[120.3253,22.5235],[120.3334,22.5288],[120.3372,22.5249],[120.3345,22.522],[120.3513,22.5082],[120.3539,22.509],[120.3541,22.5067],[120.3569,22.5078],[120.3608,22.5071],[120.3646,22.5043],[120.3656,22.5025],[120.3689,22.5008],[120.378,22.4943],[120.381,22.4916],[120.3838,22.4913],[120.3861,22.4891],[120.3966,22.482],[120.4029,22.4782],[120.4095,22.4765],[120.4134,22.475],[120.4169,22.4772],[120.424,22.4779],[120.424,22.48],[120.4257,22.4977],[120.4237,22.5065],[120.4231,22.511],[120.4229,22.5187],[120.4244,22.5232],[120.4251,22.5283],[120.4292,22.5387],[120.4309,22.5439],[120.4329,22.5458],[120.4366,22.5476],[120.438,22.5526],[120.441,22.558],[120.4428,22.5623],[120.4444,22.5699],[120.4453,22.5771],[120.447,22.586],[120.4468,22.5934],[120.446,22.5982],[120.4427,22.6034],[120.438,22.6067],[120.4346,22.6134],[120.4337,22.6177],[120.4335,22.6232],[120.4358,22.6303],[120.4354,22.6399],[120.4362,22.6482],[120.4359,22.657],[120.4362,22.6623],[120.44,22.6732],[120.4396,22.6783],[120.4431,22.6851],[120.447,22.6877],[120.4492,22.6922],[120.4511,22.6978],[120.4513,22.7001],[120.4554,22.7162],[120.4561,22.7221],[120.4561,22.7306],[120.455,22.7388],[120.4546,22.7476],[120.4537,22.7566],[120.4544,22.7644],[120.4541,22.7711],[120.4557,22.7744],[120.4559,22.7798],[120.4575,22.7854],[120.46,22.7905],[120.4641,22.8003],[120.4655,22.8127],[120.4674,22.8156],[120.4676,22.8223],[120.4692,22.8249],[120.4688,22.8305],[120.4721,22.8337],[120.4741,22.8368],[120.4762,22.8382],[120.4823,22.8359],[120.4883,22.8358],[120.4908,22.8352],[120.494,22.8368],[120.4961,22.833],[120.4985,22.8314],[120.5035,22.8317],[120.5089,22.8296],[120.51,22.8285],[120.5155,22.8315],[120.5201,22.8314],[120.5235,22.8328],[120.5311,22.8308],[120.534,22.8306],[120.5376,22.8292],[120.5441,22.8298],[120.5484,22.8284],[120.5532,22.8284],[120.5576,22.8321],[120.5615,22.8337],[120.5655,22.837],[120.5697,22.8432],[120.5734,22.8469],[120.5855,22.8564],[120.5955,22.8639],[120.5981,22.8668],[120.6054,22.873],[120.6154,22.8768],[120.6203,22.8756],[120.6218,22.8759],[120.6276,22.879],[120.6358,22.8814],[120.645,22.8851],[120.6466,22.8837],[120.6479,22.878],[120.6511,22.8772],[120.6525,22.8796],[120.6548,22.8814],[120.6566,22.8812],[120.6583,22.8787],[120.6584,22.8744],[120.6597,22.8699],[120.6587,22.8664],[120.6598,22.8612],[120.6613,22.8596],[120.6687,22.8586],[120.6701,22.8568],[120.6727,22.8564],[120.6767,22.8572],[120.6791,22.8629],[120.6846,22.8637],[120.6862,22.8646],[120.6907,22.8651],[120.692,22.8684],[120.6975,22.8726],[120.7019,22.8772],[120.7029,22.8795],[120.7058,22.8812],[120.7169,22.8809],[120.7206,22.882],[120.725,22.8808],[120.7313,22.8761],[120.7376,22.8743],[120.7427,22.8736],[120.7463,22.8693],[120.7466,22.8678],[120.7496,22.8655],[120.7551,22.8646],[120.7559,22.863],[120.7591,22.8605],[120.7622,22.8566],[120.7641,22.849],[120.7656,22.8487],[120.768,22.8458],[120.7733,22.8403],[120.7741,22.838],[120.7788,22.8352],[120.7817,22.8362],[120.7859,22.8399],[120.7903,22.8401],[120.793,22.8423],[120.7917,22.8487],[120.7937,22.8521],[120.801,22.851],[120.8036,22.8529],[120.8111,22.8567],[120.8135,22.8574],[120.8142,22.8604],[120.8159,22.8621],[120.8187,22.8622],[120.8243,22.8663],[120.8289,22.8657],[120.8321,22.8662],[120.8374,22.8641],[120.8412,22.8599],[120.8414,22.8566],[120.8431,22.854],[120.8478,22.8518],[120.8529,22.8575],[120.8562,22.8551],[120.857,22.8531],[120.86,22.8513],[120.8598,22.8487],[120.8624,22.8471],[120.8647,22.8431],[120.8651,22.846],[120.8684,22.8509],[120.8667,22.8532],[120.8692,22.8565],[120.869,22.8582],[120.8616,22.8615],[120.8595,22.8639],[120.8641,22.8666],[120.8656,22.8698],[120.8649,22.8725],[120.8597,22.8784],[120.8549,22.8787],[120.8518,22.8782],[120.8408,22.8818],[120.8388,22.8847],[120.838,22.8904],[120.8347,22.8937],[120.8332,22.8982],[120.8332,22.9003],[120.8304,22.9019],[120.8285,22.9052],[120.8299,22.9092],[120.833,22.9115],[120.8316,22.9195],[120.8295,22.9205],[120.8269,22.9281],[120.8218,22.9352],[120.8214,22.9394],[120.8218,22.9454],[120.8235,22.9506],[120.8247,22.9521],[120.8231,22.9548],[120.8209,22.9608],[120.8222,22.9646],[120.8302,22.97],[120.8291,22.9726],[120.8323,22.9801],[120.8387,22.9827],[120.8417,22.9848],[120.842,22.991],[120.8471,22.993],[120.849,22.9946],[120.8518,22.9993],[120.852,23.0034],[120.851,23.0049],[120.8582,23.005],[120.8606,23.008],[120.862,23.0222],[120.8607,23.0257],[120.8611,23.0297],[120.8645,23.0326],[120.8668,23.0324],[120.8725,23.0345],[120.8768,23.0342],[120.8796,23.0347],[120.8814,23.0419],[120.8813,23.0441],[120.8787,23.049],[120.8745,23.051],[120.8737,23.0535],[120.8716,23.0547],[120.8692,23.0597],[120.8728,23.0653],[120.8754,23.0686],[120.877,23.0758],[120.878,23.0781],[120.8825,23.0832],[120.8837,23.0867],[120.8856,23.0889],[120.8856,23.0928],[120.8873,23.0957],[120.8892,23.1005],[120.8882,23.104],[120.8894,23.1101],[120.8874,23.1125],[120.885,23.1199],[120.888,23.1221],[120.886,23.1276],[120.8862,23.132],[120.8879,23.1367],[120.8857,23.1444],[120.8811,23.1464],[120.8767,23.1508],[120.8795,23.1527],[120.8835,23.1535],[120.8863,23.1554],[120.8878,23.1584],[120.8908,23.1586],[120.895,23.1607],[120.8959,23.1716],[120.8983,23.1731],[120.8984,23.1761],[120.9018,23.1787],[120.9062,23.1806],[120.9092,23.1798],[120.9113,23.1828],[120.9125,23.1867],[120.9107,23.1925],[120.9064,23.1969],[120.9059,23.1994],[120.9074,23.2012],[120.9067,23.205],[120.9084,23.2076],[120.9109,23.2083],[120.9118,23.2103],[120.912,23.2169],[120.9117,23.2213],[120.9122,23.2249],[120.9117,23.2284],[120.9142,23.2324],[120.9158,23.238],[120.9192,23.2409],[120.9241,23.242],[120.9262,23.2445],[120.9295,23.2428],[120.9319,23.2426],[120.938,23.2452],[120.9385,23.2479],[120.9413,23.252],[120.9465,23.2529],[120.9491,23.2559],[120.9512,23.2596],[120.9537,23.2609],[120.9581,23.2652],[120.9592,23.27],[120.9636,23.2724],[120.9658,23.2762],[120.9688,23.278],[120.971,23.2812],[120.9793,23.2822],[120.9861,23.2803],[120.988,23.2811],[120.9909,23.2842],[120.9937,23.2843],[121.0013,23.2874],[121.0051,23.2902],[121.0106,23.2927],[121.0173,23.2928],[121.0199,23.2945],[121.0236,23.2937],[121.0255,23.2959],[121.0283,23.2971],[121.0313,23.3004],[121.0324,23.3039],[121.0361,23.3038],[121.0464,23.3091],[121.0481,23.3144],[121.0472,23.3195],[121.0487,23.3228],[121.0488,23.3253],[121.045,23.3278],[121.0415,23.3281],[121.039,23.3297],[121.036,23.3336],[121.0324,23.3341],[121.031,23.337],[121.0268,23.3377],[121.0247,23.3399],[121.0223,23.3463],[121.0224,23.3479],[121.02,23.3505],[121.0155,23.3465],[121.0105,23.3458],[121.0078,23.3485],[121.0077,23.3519],[121.0027,23.3551],[120.9988,23.3567],[120.995,23.3563],[120.9871,23.3587],[120.9866,23.3632],[120.9879,23.3704],[120.9908,23.3712],[120.9941,23.3762],[121.0001,23.3824],[121.0042,23.3832],[121.0077,23.3847],[121.0076,23.3867],[121.0034,23.3893],[121.0011,23.3919],[121.0032,23.3948],[121.0056,23.3964],[121.0091,23.3954],[121.0149,23.3967],[121.0193,23.4015],[121.0225,23.4002],[121.0257,23.4027],[121.0283,23.4037],[121.0266,23.406],[121.0274,23.4101],[121.0271,23.4127],[121.0249,23.4144],[121.0277,23.4162],[121.0293,23.42],[121.0292,23.4228],[121.0224,23.4249],[121.021,23.4293],[121.0166,23.4308],[121.0141,23.4308],[121.0129,23.433],[121.0151,23.4352],[121.0138,23.4379],[121.0105,23.4411],[121.0104,23.4458],[121.0126,23.4486],[121.0151,23.4499],[121.0158,23.4517],[121.0145,23.4548],[121.0119,23.457],[121.0077,23.4627],[121.0039,23.4629],[120.9991,23.4622],[120.9862,23.4663],[120.9839,23.4668],[120.9809,23.469],[120.9707,23.469],[120.9683,23.4713],[120.965,23.4706],[120.9612,23.4708],[120.9576,23.4695],[120.9565,23.4676],[120.9483,23.4641],[120.9404,23.463],[120.9366,23.4637],[120.9344,23.4611],[120.9351,23.4591],[120.9313,23.457],[120.9269,23.4559],[120.9262,23.4575],[120.9204,23.4588],[120.9161,23.4589],[120.9099,23.4578],[120.9058,23.4533],[120.9024,23.4542],[120.9005,23.4522],[120.8962,23.4504],[120.8956,23.4465],[120.8939,23.4452],[120.8917,23.4465],[120.8907,23.4425],[120.8866,23.4348],[120.8839,23.4362],[120.8814,23.4328],[120.8791,23.4321],[120.8754,23.4327],[120.8753,23.4312],[120.8718,23.4296],[120.87,23.4268],[120.8663,23.4261],[120.8645,23.4239],[120.8593,23.425],[120.8565,23.4219],[120.8545,23.4231],[120.8495,23.4201],[120.8494,23.4121],[120.8446,23.4078],[120.8441,23.4043],[120.8425,23.4019],[120.8384,23.398],[120.8406,23.3945],[120.8369,23.3935],[120.8348,23.3877],[120.8307,23.3863],[120.8294,23.3834],[120.8293,23.3767],[120.8283,23.3748],[120.826,23.3737],[120.8252,23.3716],[120.823,23.3719],[120.8212,23.3705],[120.8167,23.3714],[120.8134,23.3694],[120.81,23.3695],[120.8086,23.3684],[120.8058,23.3709],[120.8033,23.3697],[120.8047,23.3672],[120.8009,23.3633],[120.8008,23.361],[120.7977,23.3601],[120.7968,23.3577],[120.7933,23.3575],[120.7917,23.3566],[120.7918,23.3535],[120.7885,23.3529],[120.7885,23.3482],[120.7875,23.346],[120.7847,23.3447],[120.7837,23.3425],[120.7809,23.3422],[120.7768,23.3435],[120.7735,23.3419],[120.7683,23.3438],[120.7645,23.3417],[120.7618,23.3434],[120.7582,23.3443],[120.7585,23.3417],[120.7573,23.3392],[120.758,23.3348],[120.7554,23.332],[120.7522,23.3304],[120.7533,23.3282],[120.7482,23.3221],[120.7427,23.3215],[120.7404,23.3204],[120.739,23.3165],[120.7328,23.3142],[120.7303,23.311],[120.7306,23.3056],[120.7208,23.3083],[120.7163,23.3076],[120.7127,23.3086],[120.7067,23.3046],[120.7037,23.3004],[120.7024,23.2939],[120.7035,23.2901],[120.7012,23.2855],[120.6996,23.2845],[120.6935,23.2845],[120.6871,23.2866],[120.6783,23.2888],[120.6736,23.2911],[120.6715,23.29],[120.6671,23.2941],[120.6649,23.2932],[120.6595,23.2948],[120.658,23.2959],[120.6554,23.292],[120.6509,23.2916],[120.6465,23.2974],[120.6434,23.2956],[120.6421,23.2925],[120.6437,23.2894],[120.6419,23.2878],[120.6434,23.2858],[120.644,23.2824],[120.6423,23.2797],[120.6432,23.276],[120.6406,23.2736],[120.6412,23.2715],[120.6385,23.2689],[120.6407,23.2664],[120.6421,23.2609],[120.6422,23.2567],[120.6485,23.249],[120.6492,23.247],[120.6481,23.2443],[120.6492,23.2404],[120.6509,23.2379],[120.6496,23.2283],[120.6535,23.2245],[120.6554,23.223],[120.6563,23.2178],[120.6538,23.2151],[120.6531,23.2119],[120.6515,23.2084],[120.6485,23.2086],[120.6462,23.2071],[120.6433,23.2033],[120.6426,23.2001],[120.641,23.1988],[120.639,23.1927],[120.6366,23.1903],[120.64,23.1826],[120.6373,23.1804],[120.6374,23.1782],[120.6361,23.175],[120.6298,23.1745],[120.6311,23.1704],[120.6271,23.168],[120.6253,23.1677],[120.6233,23.1641],[120.6207,23.1628],[120.6168,23.1632],[120.6152,23.1596],[120.6136,23.1593],[120.6113,23.1554],[120.6118,23.1516],[120.6038,23.1449],[120.6011,23.1441],[120.5975,23.1373],[120.5963,23.1369],[120.5948,23.1317],[120.5905,23.1272],[120.5885,23.1234],[120.5889,23.1199],[120.5882,23.1142],[120.5831,23.1079],[120.5785,23.1009],[120.5759,23.096],[120.5741,23.0946],[120.5748,23.0914],[120.5702,23.0855],[120.567,23.0819],[120.5638,23.0804],[120.5627,23.0784],[120.5587,23.0753],[120.5592,23.0735],[120.5531,23.0679],[120.5466,23.0656],[120.5457,23.0641],[120.5424,23.0634],[120.538,23.0607],[120.538,23.0591],[120.535,23.0574],[120.5315,23.0566],[120.5265,23.053],[120.523,23.0496],[120.5236,23.0472],[120.5202,23.0453],[120.5163,23.0418],[120.5143,23.039],[120.5104,23.0354],[120.509,23.035],[120.5037,23.0286],[120.4976,23.0241],[120.4949,23.0232],[120.4916,23.021],[120.4865,23.0187],[120.4827,23.0156],[120.4815,23.0121],[120.4801,23.0034],[120.4741,23.0031],[120.4705,23.0024],[120.4618,23.004],[120.4596,23.0017],[120.4615,22.9981],[120.4591,22.9958],[120.4611,22.9922],[120.4596,22.9899],[120.4552,22.9911],[120.4532,22.9849],[120.4548,22.9826],[120.4543,22.98],[120.4496,22.9772],[120.4449,22.9795],[120.4427,22.9774],[120.4422,22.9738],[120.4378,22.9646],[120.4372,22.9621],[120.433,22.956],[120.4327,22.9526],[120.4307,22.9484],[120.4284,22.9405],[120.4261,22.9394],[120.4249,22.9332],[120.4228,22.931],[120.4221,22.9276],[120.42,22.923],[120.4181,22.9207],[120.4165,22.9164],[120.4097,22.9138],[120.4087,22.9124],[120.4063,22.9147],[120.4053,22.9182],[120.4004,22.919],[120.399,22.9223],[120.3959,22.9227],[120.3907,22.9217],[120.3866,22.9183],[120.3825,22.9206],[120.3804,22.9186],[120.3775,22.9182],[120.3768,22.9149],[120.3742,22.9143],[120.373,22.9124],[120.3724,22.908],[120.369,22.9057],[120.3657,22.9045],[120.366,22.9022],[120.3595,22.9014],[120.3611,22.8979],[120.358,22.8959],[120.3577,22.8946],[120.3537,22.8924],[120.3545,22.89],[120.351,22.8891],[120.3489,22.8906],[120.3451,22.8894],[120.3325,22.8893],[120.3308,22.8907],[120.327,22.8985],[120.324,22.9002],[120.3209,22.8956],[120.3192,22.8951],[120.3157,22.8991],[120.3091,22.9006],[120.3034,22.9004],[120.2991,22.9011],[120.2933,22.9029],[120.2846,22.9047],[120.278,22.9044],[120.278,22.9013],[120.2795,22.8963],[120.2743,22.8953],[120.2696,22.8968],[120.2605,22.9018],[120.2579,22.9017],[120.2569,22.899],[120.2589,22.8966],[120.2565,22.894],[120.2542,22.8943],[120.2476,22.8982],[120.2429,22.9035],[120.2332,22.9054],[120.2316,22.9087],[120.2317,22.9154],[120.2304,22.9167],[120.2275,22.9167],[120.2225,22.9113],[120.2201,22.9096],[120.2144,22.9105],[120.2111,22.9125],[120.2081,22.9152],[120.2045,22.9147],[120.2018,22.9157],[120.1959,22.9196],[120.192,22.9212],[120.1866,22.9197],[120.1825,22.9171],[120.1767,22.9123],[120.1754,22.9119]]],[[[114.3889,10.4219],[114.3525,10.4217],[114.3353,10.4189],[114.3108,10.4047],[114.3072,10.3586],[114.3397,10.3447],[114.3642,10.345],[114.3808,10.3472],[114.4058,10.3603],[114.4081,10.3939],[114.3889,10.4219]]],[[[116.6537,20.9389],[116.5931,20.9025],[116.5856,20.8976],[116.5788,20.8928],[116.5718,20.8874],[116.5647,20.8816],[116.5563,20.8738],[116.5522,20.8697],[116.5444,20.8611],[116.5368,20.8518],[116.5302,20.8426],[116.5237,20.8324],[116.5181,20.8224],[116.513,20.8117],[116.5088,20.8014],[116.5067,20.7955],[116.5034,20.7848],[116.4996,20.7767],[116.4961,20.7685],[116.4931,20.7603],[116.4905,20.7521],[116.488,20.7428],[116.486,20.733],[116.4845,20.7233],[116.4834,20.7134],[116.4829,20.7024],[116.483,20.6914],[116.4837,20.6805],[116.4851,20.6697],[116.4871,20.6588],[116.4897,20.6482],[116.493,20.6377],[116.4966,20.6279],[116.5016,20.6165],[116.5067,20.6065],[116.5665,20.5001],[116.5751,20.4864],[116.5844,20.4738],[116.5926,20.4642],[116.602,20.4545],[116.612,20.4455],[116.6175,20.441],[116.628,20.4332],[116.6337,20.4294],[116.6454,20.4223],[116.6576,20.4159],[116.6702,20.4103],[116.6813,20.4062],[116.6919,20.4028],[116.7031,20.3998],[116.7145,20.3975],[116.7236,20.396],[116.7327,20.3949],[116.748,20.3915],[116.7643,20.3889],[116.7726,20.388],[116.7889,20.3871],[116.8065,20.3872],[116.8218,20.3883],[116.8405,20.3907],[116.8502,20.3924],[116.8695,20.395],[116.8825,20.3972],[116.8968,20.4002],[116.9103,20.4038],[116.9171,20.4059],[116.9312,20.4107],[116.9469,20.4171],[116.9612,20.4236],[116.9732,20.4299],[116.987,20.4381],[117.0017,20.4477],[117.0078,20.452],[117.0188,20.4603],[117.0255,20.4659],[117.0375,20.4766],[117.0495,20.4885],[117.0638,20.5036],[117.0733,20.5145],[117.0818,20.5255],[117.0904,20.5382],[117.0991,20.5526],[117.1074,20.568],[117.1111,20.5756],[117.1177,20.5906],[117.1237,20.6071],[117.1283,20.6228],[117.13,20.6294],[117.1325,20.6422],[117.1348,20.6583],[117.1359,20.6727],[117.1361,20.6808],[117.1359,20.6948],[117.1347,20.7121],[117.1326,20.7289],[117.131,20.7399],[117.1281,20.7549],[117.1263,20.7626],[117.1217,20.779],[117.1169,20.793],[117.1131,20.8031],[117.104,20.8248],[117.1002,20.8331],[117.0954,20.8429],[117.087,20.8581],[117.0788,20.8708],[117.0742,20.8773],[117.0652,20.8889],[117.0543,20.9015],[117.0451,20.911],[117.0402,20.9156],[117.0291,20.925],[117.0234,20.9295],[117.0118,20.9378],[116.9996,20.9455],[116.9929,20.9492],[116.9797,20.9559],[116.9658,20.9619],[116.9524,20.9668],[116.9452,20.969],[116.9299,20.9732],[116.9158,20.9761],[116.901,20.9783],[116.8919,20.9793],[116.8825,20.98],[116.8647,20.9803],[116.8504,20.9796],[116.8366,20.9782],[116.819,20.9788],[116.7991,20.9785],[116.7873,20.9777],[116.7753,20.9764],[116.7638,20.9747],[116.7526,20.9727],[116.7291,20.9677],[116.7193,20.9653],[116.7101,20.9627],[116.7016,20.9599],[116.685,20.9538],[116.6746,20.9495],[116.664,20.9445],[116.6537,20.9389]]]]},"properties":{"region_code":"CN-71-55CEC165D3","parent_region_code":"CN-71","name":"高雄市","level":"prefecture","has_children":true,"full_path":"中国 / 台湾省 / 高雄市","source_admin_code":null,"osm_relation_id":2127079}},
{"type":"Feature","geometry":{"type":"MultiPolygon","coordinates":[[[[122.0759,25.6325],[122.0733,25.6315],[122.0723,25.6281],[122.0743,25.6256],[122.077,25.6252],[122.0783,25.6231],[122.0816,25.6237],[122.0824,25.6259],[122.0851,25.6293],[122.0845,25.6324],[122.0806,25.6333],[122.0759,25.6325]]],[[[122.1051,25.4823],[122.1075,25.484],[122.1073,25.4867],[122.1045,25.4873],[122.1035,25.4835],[122.1051,25.4823]]],[[[121.7845,25.1901],[121.7889,25.1925],[121.7882,25.1949],[121.7857,25.1945],[121.7823,25.1908],[121.7845,25.1901]]],[[[121.7622,25.1623],[121.7574,25.161],[121.7584,25.1575],[121.7602,25.1566],[121.7592,25.1545],[121.7629,25.1513],[121.7629,25.1544],[121.7688,25.1543],[121.7701,25.1556],[121.7792,25.1591],[121.7723,25.1602],[121.7704,25.1599],[121.7649,25.1637],[121.7622,25.1623]]],[[[121.7087,25.1753],[121.7085,25.1752],[121.706,25.1738],[121.7022,25.1735],[121.701,25.1693],[121.699,25.1673],[121.6913,25.1663],[121.6876,25.1619],[121.6848,25.1601],[121.6833,25.1606],[121.6784,25.1574],[121.6776,25.1557],[121.6715,25.1556],[121.6692,25.1534],[121.6638,25.1522],[121.6581,25.1522],[121.6558,25.1492],[121.652,25.1484],[121.6499,25.1451],[121.644,25.1458],[121.6424,25.145],[121.6396,25.1457],[121.6387,25.1442],[121.6348,25.1439],[121.629,25.1416],[121.6268,25.1396],[121.6287,25.1347],[121.6347,25.1305],[121.6379,25.1308],[121.643,25.1278],[121.6462,25.1211],[121.6457,25.119],[121.6462,25.1136],[121.6502,25.1096],[121.6522,25.1047],[121.6489,25.1019],[121.6506,25.0987],[121.6554,25.0956],[121.6557,25.0936],[121.6619,25.0893],[121.6643,25.0894],[121.6679,25.0858],[121.674,25.0829],[121.6786,25.0872],[121.6806,25.0883],[121.6817,25.0849],[121.6799,25.0837],[121.6805,25.0819],[121.6792,25.0785],[121.6884,25.0717],[121.6916,25.0705],[121.6965,25.0701],[121.6994,25.0674],[121.7043,25.0679],[121.7069,25.0666],[121.7124,25.068],[121.7178,25.0638],[121.719,25.0616],[121.722,25.0601],[121.7227,25.0585],[121.7262,25.0581],[121.7284,25.0548],[121.7317,25.0531],[121.7378,25.0547],[121.7398,25.0531],[121.7459,25.053],[121.7475,25.0537],[121.7511,25.0573],[121.7589,25.0595],[121.7623,25.057],[121.7648,25.0595],[121.77,25.0635],[121.7717,25.0632],[121.7731,25.0668],[121.7756,25.0702],[121.7713,25.0761],[121.7671,25.0788],[121.7617,25.0784],[121.76,25.081],[121.7591,25.0845],[121.7598,25.0902],[121.7584,25.0948],[121.7594,25.0963],[121.7596,25.1008],[121.758,25.1034],[121.7574,25.1066],[121.7561,25.1084],[121.7539,25.1087],[121.7527,25.1068],[121.75,25.1097],[121.7518,25.111],[121.757,25.1101],[121.7594,25.1126],[121.7633,25.1134],[121.7669,25.1125],[121.7697,25.115],[121.773,25.1201],[121.7749,25.1199],[121.7794,25.1176],[121.7835,25.1166],[121.786,25.1181],[121.7902,25.1123],[121.7947,25.1126],[121.7978,25.1143],[121.7976,25.1177],[121.7985,25.1198],[121.7941,25.1234],[121.7947,25.1264],[121.7991,25.1242],[121.8024,25.1218],[121.8049,25.126],[121.8038,25.1272],[121.8053,25.1311],[121.8031,25.1356],[121.8044,25.138],[121.8019,25.1406],[121.8044,25.1447],[121.8069,25.1474],[121.8054,25.1482],[121.7997,25.1472],[121.7967,25.148],[121.7887,25.1482],[121.7836,25.1498],[121.7801,25.1521],[121.7787,25.1512],[121.7751,25.1521],[121.7737,25.1551],[121.7708,25.155],[121.7618,25.1492],[121.7599,25.1464],[121.7608,25.1437],[121.7579,25.1434],[121.7464,25.1367],[121.7423,25.1306],[121.7403,25.1315],[121.7409,25.1339],[121.7437,25.1382],[121.7419,25.1385],[121.7397,25.143],[121.7412,25.1436],[121.7425,25.1408],[121.7447,25.1396],[121.7475,25.1409],[121.7536,25.1451],[121.7532,25.1482],[121.7503,25.1469],[121.7491,25.1488],[121.7526,25.1505],[121.7515,25.1524],[121.747,25.1502],[121.7444,25.1509],[121.7498,25.1546],[121.7521,25.1554],[121.7507,25.1575],[121.7487,25.1565],[121.7422,25.1571],[121.7384,25.1605],[121.7347,25.1603],[121.7301,25.1634],[121.7263,25.1638],[121.7236,25.1652],[121.7216,25.1642],[121.7165,25.1656],[121.7123,25.1654],[121.7119,25.1643],[121.7071,25.1651],[121.7076,25.1687],[121.7097,25.1703],[121.7086,25.1727],[121.7093,25.1759],[121.7087,25.1753]]]]},"properties":{"region_code":"CN-71-3C2D66024E","parent_region_code":"CN-71","name":"基隆市","level":"prefecture","has_children":true,"full_path":"中国 / 台湾省 / 基隆市","source_admin_code":null,"osm_relation_id":1296154}},
{"type":"Feature","geometry":{"type":"Polygon","coordinates":[[[120.9296,24.8532],[120.9282,24.8518],[120.9236,24.8522],[120.9194,24.8479],[120.918,24.8389],[120.9168,24.8364],[120.9114,24.8283],[120.9116,24.8276],[120.9071,24.8197],[120.9067,24.8136],[120.9083,24.8108],[120.9108,24.8097],[120.9152,24.811],[120.9171,24.809],[120.9166,24.807],[120.9107,24.8071],[120.9106,24.8019],[120.9135,24.7999],[120.9139,24.7949],[120.9131,24.787],[120.9145,24.7857],[120.9139,24.7834],[120.9142,24.7798],[120.9122,24.7666],[120.91,24.765],[120.9039,24.7654],[120.9019,24.7599],[120.9061,24.7604],[120.9057,24.7553],[120.9026,24.7475],[120.8991,24.7465],[120.8913,24.7417],[120.8885,24.7418],[120.8794,24.7346],[120.881,24.7333],[120.8833,24.7345],[120.8847,24.7328],[120.8875,24.7338],[120.8911,24.7317],[120.8973,24.7334],[120.9016,24.7366],[120.9059,24.7407],[120.9085,24.7406],[120.9085,24.7364],[120.9118,24.7328],[120.9142,24.7271],[120.9137,24.7244],[120.9162,24.7216],[120.9136,24.7175],[120.9178,24.7162],[120.9193,24.717],[120.9251,24.7155],[120.9307,24.7152],[120.9354,24.7126],[120.936,24.7147],[120.9386,24.7166],[120.9382,24.7184],[120.939,24.7226],[120.9386,24.729],[120.9415,24.7284],[120.9424,24.7304],[120.9399,24.7325],[120.9417,24.735],[120.9432,24.739],[120.9438,24.7435],[120.9454,24.7452],[120.9484,24.7452],[120.9539,24.7434],[120.9578,24.7457],[120.9572,24.7483],[120.9615,24.7512],[120.9635,24.7555],[120.9674,24.7564],[120.9675,24.7605],[120.9697,24.765],[120.973,24.7642],[120.9744,24.765],[120.9772,24.7631],[120.9793,24.7633],[120.9822,24.7675],[120.9867,24.7684],[120.9865,24.7734],[120.9848,24.7759],[120.9883,24.7774],[120.9904,24.777],[120.9931,24.7806],[120.9994,24.7784],[121.0042,24.7753],[121.0081,24.7745],[121.0136,24.7709],[121.0183,24.7638],[121.0193,24.7591],[121.0208,24.7565],[121.0274,24.7579],[121.0306,24.7612],[121.0323,24.7616],[121.033,24.7649],[121.0299,24.7665],[121.0293,24.7711],[121.0281,24.7732],[121.0296,24.7763],[121.0259,24.779],[121.0275,24.7826],[121.0234,24.7849],[121.0251,24.7865],[121.0245,24.789],[121.0221,24.7904],[121.0207,24.7938],[121.0228,24.7955],[121.0221,24.7985],[121.0256,24.799],[121.0213,24.8016],[121.0182,24.8073],[121.0151,24.8086],[121.0083,24.8162],[121.0004,24.8221],[120.9957,24.8234],[120.9927,24.8235],[120.9876,24.8256],[120.9852,24.8296],[120.9814,24.8312],[120.9794,24.8301],[120.9746,24.83],[120.9685,24.8324],[120.9629,24.8325],[120.9571,24.8336],[120.955,24.8345],[120.9475,24.8399],[120.9448,24.8411],[120.9432,24.8465],[120.9401,24.8502],[120.9362,24.852],[120.9296,24.8532]]]},"properties":{"region_code":"CN-71-2A66153DBB","parent_region_code":"CN-71","name":"新竹市","level":"prefecture","has_children":true,"full_path":"中国 / 台湾省 / 新竹市","source_admin_code":null,"osm_relation_id":2849488}},
{"type":"Feature","geometry":{"type":"Polygon","coordinates":[[[120.4326,23.5135],[120.4337,23.5112],[120.4332,23.5089],[120.4277,23.5092],[120.4245,23.5062],[120.4171,23.5055],[120.4134,23.5024],[120.4119,23.499],[120.4083,23.4988],[120.408,23.5032],[120.404,23.5038],[120.401,23.5019],[120.3993,23.4988],[120.395,23.5008],[120.39,23.4994],[120.3892,23.4972],[120.3898,23.4914],[120.3947,23.4907],[120.3933,23.4837],[120.3944,23.4808],[120.3969,23.4805],[120.3988,23.478],[120.3986,23.4741],[120.3993,23.471],[120.3965,23.4677],[120.3942,23.4664],[120.3941,23.4625],[120.4066,23.4636],[120.4121,23.4646],[120.4152,23.4603],[120.4241,23.4613],[120.4293,23.4611],[120.4301,23.4526],[120.435,23.4491],[120.4381,23.4448],[120.436,23.4442],[120.4395,23.4396],[120.4416,23.4401],[120.4471,23.4434],[120.4504,23.4435],[120.4529,23.4449],[120.4546,23.4484],[120.4547,23.4503],[120.4573,23.4529],[120.461,23.4553],[120.4653,23.4558],[120.4648,23.4583],[120.4687,23.4616],[120.4768,23.462],[120.4808,23.4598],[120.4819,23.4578],[120.4856,23.4555],[120.4894,23.4524],[120.4952,23.4529],[120.4971,23.4553],[120.4975,23.4578],[120.5007,23.4614],[120.4998,23.4654],[120.5038,23.4672],[120.5071,23.4716],[120.5092,23.4722],[120.5093,23.4747],[120.505,23.4788],[120.5002,23.4906],[120.4943,23.4902],[120.4935,23.4911],[120.4878,23.4919],[120.4844,23.4951],[120.4836,23.4967],[120.4847,23.5018],[120.4832,23.5054],[120.4817,23.5045],[120.478,23.505],[120.4748,23.5068],[120.4708,23.5038],[120.4702,23.5003],[120.4676,23.4988],[120.4642,23.4991],[120.4622,23.5016],[120.4616,23.5045],[120.46,23.5072],[120.4576,23.5089],[120.4561,23.5121],[120.4569,23.5157],[120.4534,23.5159],[120.4493,23.517],[120.448,23.5181],[120.4441,23.5172],[120.4406,23.5182],[120.442,23.5136],[120.4389,23.5122],[120.4373,23.515],[120.435,23.5171],[120.4326,23.5135]]]},"properties":{"region_code":"CN-71-7BFB4A099E","parent_region_code":"CN-71","name":"嘉义市","level":"prefecture","has_children":true,"full_path":"中国 / 台湾省 / 嘉义市","source_admin_code":null,"osm_relation_id":2790418}},
{"type":"Feature","geometry":{"type":"Polygon","coordinates":[[[120.9858,24.9397],[120.9861,24.9378],[120.9814,24.9345],[120.9793,24.9314],[120.9736,24.9275],[120.9723,24.926],[120.9717,24.923],[120.9683,24.9179],[120.966,24.9102],[120.969,24.9092],[120.9662,24.9041],[120.9584,24.8936],[120.9555,24.8911],[120.9514,24.8824],[120.9517,24.881],[120.944,24.8686],[120.9415,24.8656],[120.9351,24.86],[120.9296,24.8532],[120.9362,24.852],[120.9401,24.8502],[120.9432,24.8465],[120.9448,24.8411],[120.9475,24.8399],[120.955,24.8345],[120.9571,24.8336],[120.9629,24.8325],[120.9685,24.8324],[120.9746,24.83],[120.9794,24.8301],[120.9814,24.8312],[120.9852,24.8296],[120.9876,24.8256],[120.9927,24.8235],[120.9957,24.8234],[121.0004,24.8221],[121.0083,24.8162],[121.0151,24.8086],[121.0182,24.8073],[121.0213,24.8016],[121.0256,24.799],[121.0221,24.7985],[121.0228,24.7955],[121.0207,24.7938],[121.0221,24.7904],[121.0245,24.789],[121.0251,24.7865],[121.0234,24.7849],[121.0275,24.7826],[121.0259,24.779],[121.0296,24.7763],[121.0281,24.7732],[121.0293,24.7711],[121.0299,24.7665],[121.033,24.7649],[121.0323,24.7616],[121.0306,24.7612],[121.0274,24.7579],[121.0208,24.7565],[121.0193,24.7591],[121.0183,24.7638],[121.0136,24.7709],[121.0081,24.7745],[121.0042,24.7753],[120.9994,24.7784],[120.9931,24.7806],[120.9904,24.777],[120.9883,24.7774],[120.9848,24.7759],[120.9865,24.7734],[120.9867,24.7684],[120.9822,24.7675],[120.9793,24.7633],[120.9772,24.7631],[120.9744,24.765],[120.973,24.7642],[120.9697,24.765],[120.9675,24.7605],[120.9674,24.7564],[120.9635,24.7555],[120.9615,24.7512],[120.9572,24.7483],[120.9578,24.7457],[120.9539,24.7434],[120.9484,24.7452],[120.9454,24.7452],[120.9438,24.7435],[120.9432,24.739],[120.9417,24.735],[120.9399,24.7325],[120.9424,24.7304],[120.9415,24.7284],[120.9386,24.729],[120.939,24.7226],[120.9382,24.7184],[120.9386,24.7166],[120.936,24.7147],[120.9354,24.7126],[120.939,24.7088],[120.9427,24.7073],[120.9451,24.7079],[120.9455,24.7098],[120.9498,24.7112],[120.951,24.7077],[120.9552,24.7047],[120.9568,24.7065],[120.9596,24.7069],[120.9606,24.7091],[120.964,24.7115],[120.9663,24.7097],[120.9707,24.7119],[120.9738,24.7119],[120.9758,24.7095],[120.9767,24.7064],[120.9758,24.7049],[120.9731,24.7045],[120.974,24.6969],[120.9718,24.6967],[120.9698,24.6938],[120.9664,24.6912],[120.9652,24.688],[120.9667,24.6863],[120.9655,24.6846],[120.9705,24.6842],[120.9734,24.6859],[120.9764,24.6831],[120.9775,24.6783],[120.9765,24.6754],[120.9799,24.6735],[120.9832,24.6698],[120.9832,24.6672],[120.985,24.6669],[120.986,24.6646],[120.9887,24.663],[120.9917,24.6596],[120.9946,24.6596],[120.9962,24.6554],[121.0002,24.6547],[121.0044,24.6564],[121.006,24.6553],[121.01,24.6561],[121.0108,24.6526],[121.0081,24.6505],[121.009,24.6477],[121.0082,24.6446],[121.011,24.6435],[121.0144,24.6408],[121.0187,24.6407],[121.023,24.6418],[121.0253,24.6413],[121.0257,24.6362],[121.0294,24.6329],[121.0334,24.6321],[121.0371,24.6297],[121.0391,24.6295],[121.0409,24.6269],[121.0431,24.6273],[121.0493,24.6186],[121.0532,24.6155],[121.0554,24.6179],[121.0613,24.6217],[121.0659,24.6182],[121.0679,24.6149],[121.0744,24.6129],[121.076,24.6095],[121.0752,24.6058],[121.0758,24.6034],[121.0801,24.6015],[121.0815,24.6001],[121.0828,24.5949],[121.0831,24.59],[121.0795,24.5882],[121.0789,24.5843],[121.0753,24.5808],[121.0747,24.5766],[121.0726,24.5725],[121.072,24.5679],[121.0705,24.5632],[121.0686,24.5626],[121.0628,24.5574],[121.0615,24.56],[121.0584,24.5607],[121.0583,24.5579],[121.0625,24.5559],[121.071,24.5501],[121.073,24.5498],[121.0761,24.544],[121.0802,24.5415],[121.0801,24.5379],[121.0778,24.5342],[121.0787,24.5324],[121.0781,24.5285],[121.0721,24.5263],[121.0672,24.5228],[121.0668,24.5207],[121.0686,24.5166],[121.0692,24.5093],[121.0682,24.507],[121.0702,24.5063],[121.0721,24.5036],[121.0719,24.4984],[121.0753,24.4995],[121.0794,24.4992],[121.0837,24.5012],[121.0863,24.501],[121.0908,24.4977],[121.096,24.4964],[121.0982,24.4965],[121.102,24.4983],[121.1052,24.5006],[121.109,24.501],[121.1133,24.5065],[121.1171,24.5085],[121.1207,24.5084],[121.1232,24.5102],[121.1254,24.5085],[121.1295,24.5068],[121.1371,24.5066],[121.1449,24.5118],[121.146,24.5096],[121.1506,24.506],[121.1548,24.5067],[121.1616,24.5034],[121.1694,24.5026],[121.1706,24.504],[121.1747,24.5048],[121.1772,24.5072],[121.1802,24.508],[121.1832,24.5077],[121.1867,24.5052],[121.1916,24.5074],[121.1957,24.507],[121.2001,24.511],[121.2067,24.5131],[121.2102,24.5117],[121.2156,24.5157],[121.2177,24.5139],[121.2175,24.5097],[121.2237,24.5065],[121.2222,24.5052],[121.2187,24.4983],[121.2234,24.4944],[121.2288,24.4924],[121.2298,24.489],[121.2337,24.4874],[121.2345,24.4838],[121.2427,24.4781],[121.244,24.4756],[121.2444,24.47],[121.2491,24.466],[121.2582,24.4632],[121.258,24.4576],[121.2626,24.4551],[121.2609,24.4525],[121.2606,24.45],[121.2622,24.4481],[121.261,24.4458],[121.2616,24.4441],[121.2589,24.4407],[121.2589,24.438],[121.26,24.4362],[121.2592,24.4309],[121.2608,24.4286],[121.2651,24.4287],[121.2699,24.4274],[121.2713,24.4296],[121.2791,24.4294],[121.2843,24.4306],[121.2932,24.4311],[121.2947,24.4325],[121.2976,24.4331],[121.3057,24.4327],[121.3107,24.4365],[121.3141,24.4377],[121.3177,24.4415],[121.3196,24.4451],[121.3204,24.4485],[121.3239,24.4569],[121.3265,24.4605],[121.3295,24.4625],[121.33,24.4644],[121.3361,24.4674],[121.3356,24.4716],[121.34,24.4748],[121.3413,24.4771],[121.3427,24.4821],[121.3472,24.4848],[121.3499,24.4843],[121.3527,24.4855],[121.3572,24.4863],[121.3616,24.4904],[121.3629,24.4937],[121.3647,24.4956],[121.3712,24.4983],[121.3725,24.5021],[121.3732,24.5095],[121.3758,24.51],[121.3792,24.5095],[121.3835,24.5101],[121.3852,24.5132],[121.3851,24.5168],[121.3878,24.5172],[121.3895,24.5197],[121.3906,24.5229],[121.3935,24.5246],[121.3977,24.5248],[121.4017,24.5294],[121.3989,24.5324],[121.3983,24.5367],[121.3968,24.5393],[121.3969,24.5414],[121.3988,24.5482],[121.3955,24.5528],[121.395,24.5562],[121.3977,24.5598],[121.4007,24.5616],[121.4013,24.5646],[121.4038,24.5689],[121.4073,24.5699],[121.4121,24.573],[121.4121,24.5746],[121.4102,24.5794],[121.4052,24.5868],[121.403,24.5917],[121.3957,24.5889],[121.3947,24.5875],[121.3914,24.5865],[121.3872,24.5866],[121.383,24.5894],[121.3727,24.5938],[121.3715,24.5973],[121.3672,24.5988],[121.3633,24.6031],[121.3643,24.6059],[121.3637,24.6079],[121.3612,24.6101],[121.3612,24.6124],[121.3595,24.6138],[121.3588,24.6167],[121.3617,24.6207],[121.3631,24.6207],[121.3637,24.6246],[121.3654,24.6283],[121.3655,24.6318],[121.3613,24.6337],[121.3581,24.6335],[121.3575,24.6371],[121.3558,24.6412],[121.3524,24.6434],[121.353,24.6487],[121.3522,24.654],[121.3537,24.6589],[121.3531,24.6601],[121.3537,24.6649],[121.3494,24.6678],[121.345,24.6666],[121.3437,24.6695],[121.3403,24.6663],[121.3389,24.6791],[121.3356,24.6839],[121.3296,24.6911],[121.3238,24.6952],[121.3211,24.6955],[121.3178,24.6981],[121.3131,24.6976],[121.3041,24.693],[121.3009,24.694],[121.2996,24.6968],[121.3022,24.7018],[121.3023,24.7044],[121.3039,24.7096],[121.3064,24.7131],[121.3076,24.7203],[121.3041,24.7264],[121.3,24.7302],[121.2981,24.7333],[121.3002,24.7377],[121.3009,24.7415],[121.3054,24.7465],[121.3051,24.75],[121.3077,24.7552],[121.3042,24.7573],[121.3009,24.7636],[121.2986,24.763],[121.294,24.764],[121.2914,24.7682],[121.2881,24.7685],[121.2844,24.7704],[121.2772,24.771],[121.273,24.7748],[121.2711,24.7749],[121.2708,24.7783],[121.268,24.7799],[121.266,24.7798],[121.2598,24.7821],[121.2586,24.7847],[121.2612,24.7902],[121.2601,24.7934],[121.2573,24.7928],[121.251,24.7945],[121.2481,24.7965],[121.2468,24.7985],[121.2477,24.8024],[121.2453,24.8071],[121.2436,24.8086],[121.2408,24.8058],[121.2378,24.8046],[121.2311,24.8036],[121.228,24.8028],[121.2229,24.7999],[121.2196,24.804],[121.2198,24.8076],[121.2187,24.8085],[121.2197,24.8117],[121.217,24.8124],[121.2095,24.8094],[121.2075,24.807],[121.2047,24.8073],[121.2028,24.8099],[121.2058,24.813],[121.2034,24.8141],[121.2032,24.8158],[121.2007,24.8178],[121.1988,24.8149],[121.1965,24.8178],[121.192,24.82],[121.1894,24.8219],[121.1835,24.8249],[121.1756,24.8276],[121.1736,24.8277],[121.1762,24.8321],[121.1696,24.8349],[121.1658,24.8359],[121.1593,24.8387],[121.1546,24.8425],[121.152,24.8438],[121.1541,24.8493],[121.1556,24.85],[121.1569,24.8551],[121.1565,24.8559],[121.1614,24.8596],[121.1589,24.8703],[121.1572,24.8729],[121.1578,24.8773],[121.1557,24.8807],[121.1521,24.8802],[121.1492,24.8812],[121.1446,24.8802],[121.1425,24.8817],[121.139,24.8824],[121.1356,24.8787],[121.1282,24.8809],[121.1238,24.88],[121.1134,24.8828],[121.1086,24.886],[121.111,24.8913],[121.1101,24.8963],[121.1091,24.8978],[121.1054,24.8962],[121.094,24.8935],[121.0912,24.8934],[121.0898,24.8951],[121.0866,24.8965],[121.0828,24.8991],[121.0806,24.8984],[121.0743,24.8998],[121.071,24.8995],[121.0692,24.9027],[121.0623,24.9046],[121.0606,24.9037],[121.0576,24.9058],[121.0591,24.9072],[121.0583,24.9098],[121.0582,24.9139],[121.0609,24.9203],[121.0609,24.9237],[121.0584,24.9301],[121.0583,24.9367],[121.0555,24.9363],[121.0519,24.9386],[121.0485,24.9395],[121.0462,24.9436],[121.0391,24.9445],[121.0385,24.9462],[121.0303,24.9441],[121.0288,24.9451],[121.0256,24.9405],[121.0214,24.9414],[121.0188,24.9406],[121.0133,24.9426],[121.0128,24.9445],[121.0097,24.9442],[121.0071,24.946],[121.0042,24.9425],[121.0031,24.9399],[120.9988,24.9409],[120.9939,24.9386],[120.9933,24.9352],[120.9904,24.9356],[120.9876,24.9389],[120.9858,24.9397]]]},"properties":{"region_code":"CN-71-49006C11F1","parent_region_code":"CN-71","name":"新竹县","level":"prefecture","has_children":true,"full_path":"中国 / 台湾省 / 新竹县","source_admin_code":null,"osm_relation_id":2912613}},
{"type":"Feature","geometry":{"type":"Polygon","coordinates":[[[121.2589,24.438],[121.2589,24.4407],[121.2616,24.4441],[121.261,24.4458],[121.2622,24.4481],[121.2606,24.45],[121.2609,24.4525],[121.2626,24.4551],[121.258,24.4576],[121.2582,24.4632],[121.2491,24.466],[121.2444,24.47],[121.244,24.4756],[121.2427,24.4781],[121.2345,24.4838],[121.2337,24.4874],[121.2298,24.489],[121.2288,24.4924],[121.2234,24.4944],[121.2187,24.4983],[121.2222,24.5052],[121.2237,24.5065],[121.2175,24.5097],[121.2177,24.5139],[121.2156,24.5157],[121.2102,24.5117],[121.2067,24.5131],[121.2001,24.511],[121.1957,24.507],[121.1916,24.5074],[121.1867,24.5052],[121.1832,24.5077],[121.1802,24.508],[121.1772,24.5072],[121.1747,24.5048],[121.1706,24.504],[121.1694,24.5026],[121.1616,24.5034],[121.1548,24.5067],[121.1506,24.506],[121.146,24.5096],[121.1449,24.5118],[121.1371,24.5066],[121.1295,24.5068],[121.1254,24.5085],[121.1232,24.5102],[121.1207,24.5084],[121.1171,24.5085],[121.1133,24.5065],[121.109,24.501],[121.1052,24.5006],[121.102,24.4983],[121.0982,24.4965],[121.096,24.4964],[121.0908,24.4977],[121.0863,24.501],[121.0837,24.5012],[121.0794,24.4992],[121.0753,24.4995],[121.0719,24.4984],[121.0721,24.5036],[121.0702,24.5063],[121.0682,24.507],[121.0692,24.5093],[121.0686,24.5166],[121.0668,24.5207],[121.0672,24.5228],[121.0721,24.5263],[121.0781,24.5285],[121.0787,24.5324],[121.0778,24.5342],[121.0801,24.5379],[121.0802,24.5415],[121.0761,24.544],[121.073,24.5498],[121.071,24.5501],[121.0625,24.5559],[121.0583,24.5579],[121.0584,24.5607],[121.0615,24.56],[121.0628,24.5574],[121.0686,24.5626],[121.0705,24.5632],[121.072,24.5679],[121.0726,24.5725],[121.0747,24.5766],[121.0753,24.5808],[121.0789,24.5843],[121.0795,24.5882],[121.0831,24.59],[121.0828,24.5949],[121.0815,24.6001],[121.0801,24.6015],[121.0758,24.6034],[121.0752,24.6058],[121.076,24.6095],[121.0744,24.6129],[121.0679,24.6149],[121.0659,24.6182],[121.0613,24.6217],[121.0554,24.6179],[121.0532,24.6155],[121.0493,24.6186],[121.0431,24.6273],[121.0409,24.6269],[121.0391,24.6295],[121.0371,24.6297],[121.0334,24.6321],[121.0294,24.6329],[121.0257,24.6362],[121.0253,24.6413],[121.023,24.6418],[121.0187,24.6407],[121.0144,24.6408],[121.011,24.6435],[121.0082,24.6446],[121.009,24.6477],[121.0081,24.6505],[121.0108,24.6526],[121.01,24.6561],[121.006,24.6553],[121.0044,24.6564],[121.0002,24.6547],[120.9962,24.6554],[120.9946,24.6596],[120.9917,24.6596],[120.9887,24.663],[120.986,24.6646],[120.985,24.6669],[120.9832,24.6672],[120.9832,24.6698],[120.9799,24.6735],[120.9765,24.6754],[120.9775,24.6783],[120.9764,24.6831],[120.9734,24.6859],[120.9705,24.6842],[120.9655,24.6846],[120.9667,24.6863],[120.9652,24.688],[120.9664,24.6912],[120.9698,24.6938],[120.9718,24.6967],[120.974,24.6969],[120.9731,24.7045],[120.9758,24.7049],[120.9767,24.7064],[120.9758,24.7095],[120.9738,24.7119],[120.9707,24.7119],[120.9663,24.7097],[120.964,24.7115],[120.9606,24.7091],[120.9596,24.7069],[120.9568,24.7065],[120.9552,24.7047],[120.951,24.7077],[120.9498,24.7112],[120.9455,24.7098],[120.9451,24.7079],[120.9427,24.7073],[120.939,24.7088],[120.9354,24.7126],[120.9307,24.7152],[120.9251,24.7155],[120.9193,24.717],[120.9178,24.7162],[120.9136,24.7175],[120.9162,24.7216],[120.9137,24.7244],[120.9142,24.7271],[120.9118,24.7328],[120.9085,24.7364],[120.9085,24.7406],[120.9059,24.7407],[120.9016,24.7366],[120.8973,24.7334],[120.8911,24.7317],[120.8875,24.7338],[120.8847,24.7328],[120.8833,24.7345],[120.881,24.7333],[120.8794,24.7346],[120.8756,24.7314],[120.8689,24.727],[120.8657,24.7244],[120.8628,24.7165],[120.8624,24.7111],[120.861,24.7062],[120.8583,24.7015],[120.856,24.701],[120.856,24.6986],[120.8538,24.6959],[120.8381,24.6827],[120.8359,24.6814],[120.832,24.6775],[120.8282,24.6689],[120.8235,24.6688],[120.8175,24.6694],[120.8042,24.6656],[120.795,24.6638],[120.7837,24.6622],[120.7804,24.661],[120.78,24.6594],[120.7758,24.6547],[120.7709,24.653],[120.7701,24.6509],[120.7711,24.6492],[120.7662,24.645],[120.7611,24.6386],[120.7606,24.6327],[120.7543,24.6226],[120.753,24.613],[120.7481,24.6107],[120.7454,24.6074],[120.7364,24.6121],[120.732,24.61],[120.7266,24.6082],[120.7234,24.6059],[120.7226,24.6027],[120.7179,24.5982],[120.7145,24.5909],[120.7112,24.5856],[120.7097,24.578],[120.7085,24.5746],[120.7065,24.5715],[120.7063,24.5687],[120.703,24.5631],[120.6999,24.5554],[120.6945,24.546],[120.6948,24.5443],[120.6916,24.5343],[120.686,24.5207],[120.6853,24.5203],[120.6804,24.5123],[120.6762,24.5067],[120.6727,24.501],[120.6706,24.4989],[120.6712,24.4976],[120.6685,24.4937],[120.6661,24.4922],[120.6665,24.489],[120.6654,24.4853],[120.6661,24.4838],[120.6607,24.4762],[120.6569,24.4716],[120.6521,24.4668],[120.651,24.4636],[120.6469,24.461],[120.6458,24.4581],[120.6376,24.4505],[120.6327,24.448],[120.634,24.4469],[120.6321,24.4449],[120.6283,24.4427],[120.6271,24.4437],[120.6224,24.4401],[120.6286,24.438],[120.6318,24.4328],[120.6397,24.4278],[120.6402,24.4244],[120.6432,24.4214],[120.6429,24.4169],[120.6453,24.4145],[120.6462,24.4121],[120.6488,24.4095],[120.6583,24.4065],[120.6637,24.4022],[120.6674,24.3979],[120.6676,24.3961],[120.671,24.3911],[120.6725,24.3913],[120.6759,24.3883],[120.6787,24.387],[120.6773,24.384],[120.6857,24.3789],[120.6885,24.375],[120.6898,24.3745],[120.692,24.3683],[120.6931,24.3669],[120.6985,24.3647],[120.7033,24.3618],[120.7075,24.3617],[120.7073,24.3578],[120.7184,24.3558],[120.7284,24.3529],[120.7309,24.3514],[120.7345,24.3479],[120.7416,24.3425],[120.7433,24.3405],[120.7486,24.3362],[120.7522,24.3342],[120.7585,24.3286],[120.763,24.326],[120.7672,24.3255],[120.7721,24.3222],[120.7774,24.3207],[120.7838,24.3183],[120.792,24.3176],[120.796,24.3164],[120.8038,24.3162],[120.8075,24.3152],[120.8097,24.3129],[120.8176,24.3074],[120.8197,24.3036],[120.8239,24.2983],[120.8336,24.2905],[120.8382,24.2893],[120.8495,24.2885],[120.8578,24.2893],[120.8657,24.2927],[120.8749,24.2949],[120.8816,24.2949],[120.8916,24.2941],[120.9025,24.2922],[120.905,24.2923],[120.9089,24.294],[120.9119,24.2941],[120.9168,24.299],[120.9199,24.3007],[120.9225,24.304],[120.9202,24.3106],[120.9207,24.3178],[120.9197,24.3242],[120.9167,24.3327],[120.917,24.3357],[120.9197,24.3371],[120.9263,24.3386],[120.9328,24.3421],[120.9353,24.3429],[120.9425,24.3391],[120.9568,24.3393],[120.96,24.3352],[120.9662,24.3335],[120.9724,24.3335],[120.9772,24.3347],[120.9799,24.3345],[120.982,24.3359],[120.9858,24.3315],[120.9921,24.3296],[120.9974,24.3301],[121.0005,24.3327],[121.0047,24.332],[121.0083,24.3268],[121.0116,24.324],[121.0145,24.3201],[121.018,24.3113],[121.02,24.3093],[121.0262,24.3068],[121.0288,24.3052],[121.0317,24.302],[121.0331,24.2988],[121.0353,24.2972],[121.0452,24.2953],[121.049,24.296],[121.0514,24.2978],[121.0527,24.3047],[121.0549,24.3077],[121.0553,24.3103],[121.0584,24.3127],[121.0615,24.3134],[121.0656,24.3157],[121.0693,24.3155],[121.0739,24.3196],[121.0734,24.3223],[121.0789,24.3229],[121.0816,24.3241],[121.0866,24.3176],[121.0944,24.3198],[121.0952,24.322],[121.0982,24.3237],[121.1023,24.3246],[121.1038,24.3268],[121.1087,24.331],[121.1149,24.3286],[121.1183,24.3303],[121.1216,24.3307],[121.1221,24.3364],[121.1253,24.342],[121.1284,24.3422],[121.1302,24.3447],[121.1313,24.3494],[121.1336,24.3517],[121.136,24.3528],[121.1383,24.3566],[121.1409,24.3596],[121.1441,24.3583],[121.1493,24.358],[121.1555,24.3591],[121.1594,24.3608],[121.168,24.3607],[121.169,24.3643],[121.1726,24.3669],[121.1741,24.369],[121.1733,24.3731],[121.1785,24.3779],[121.1815,24.3788],[121.1833,24.381],[121.1902,24.3816],[121.1969,24.392],[121.1972,24.3966],[121.2007,24.3976],[121.2072,24.3979],[121.2106,24.3957],[121.2104,24.3919],[121.2112,24.3884],[121.2133,24.3844],[121.2135,24.3819],[121.2159,24.3795],[121.2182,24.3812],[121.2256,24.383],[121.2319,24.3839],[121.2316,24.3875],[121.235,24.3921],[121.2348,24.3975],[121.2379,24.4002],[121.2401,24.4035],[121.2436,24.4057],[121.2434,24.4109],[121.242,24.414],[121.2436,24.4166],[121.2439,24.4201],[121.2459,24.4226],[121.25,24.4249],[121.2576,24.4251],[121.2589,24.4277],[121.2589,24.438]]]},"properties":{"region_code":"CN-71-862208247E","parent_region_code":"CN-71","name":"苗栗县","level":"prefecture","has_children":true,"full_path":"中国 / 台湾省 / 苗栗县","source_admin_code":null,"osm_relation_id":2915592}},
{"type":"Feature","geometry":{"type":"Polygon","coordinates":[[[120.4566,24.2072],[120.4535,24.2036],[120.4507,24.1979],[120.4471,24.1943],[120.444,24.1889],[120.4392,24.1857],[120.4327,24.1867],[120.4297,24.1845],[120.4247,24.1833],[120.4262,24.1797],[120.4234,24.1761],[120.4183,24.1737],[120.4161,24.1695],[120.4152,24.164],[120.415,24.1576],[120.4104,24.1567],[120.4082,24.1543],[120.4128,24.1522],[120.4102,24.1476],[120.409,24.1427],[120.4071,24.1396],[120.4019,24.1383],[120.4,24.1353],[120.4,24.1317],[120.4012,24.1299],[120.3993,24.1248],[120.3973,24.1211],[120.3968,24.1175],[120.394,24.1133],[120.3799,24.095],[120.3805,24.0923],[120.3849,24.0919],[120.3842,24.0877],[120.38,24.0855],[120.3768,24.0847],[120.3761,24.0833],[120.3708,24.0817],[120.3656,24.0815],[120.3634,24.0808],[120.3612,24.0763],[120.3592,24.0743],[120.3549,24.0725],[120.3502,24.0714],[120.3453,24.0668],[120.3421,24.0601],[120.3396,24.0594],[120.3424,24.0547],[120.3414,24.0396],[120.3404,24.0351],[120.3378,24.0313],[120.3361,24.0179],[120.3341,24.0139],[120.3299,24.0115],[120.3224,24.0053],[120.3165,23.9992],[120.3119,23.9898],[120.3087,23.9871],[120.3083,23.9835],[120.3084,23.9753],[120.3069,23.9722],[120.2946,23.9632],[120.2903,23.9582],[120.2861,23.9571],[120.284,23.9558],[120.2816,23.9525],[120.2803,23.9484],[120.2816,23.9434],[120.2795,23.9349],[120.2788,23.9336],[120.2755,23.9321],[120.2691,23.9306],[120.2672,23.9282],[120.2652,23.9237],[120.2611,23.9197],[120.2609,23.915],[120.2562,23.9079],[120.2556,23.9034],[120.2577,23.8993],[120.2552,23.8942],[120.2522,23.8917],[120.2472,23.8884],[120.2406,23.8879],[120.2353,23.8853],[120.2307,23.8806],[120.2269,23.8778],[120.2262,23.8741],[120.2243,23.8703],[120.2204,23.8662],[120.2299,23.8544],[120.2388,23.8455],[120.2466,23.8393],[120.2554,23.8341],[120.2835,23.8267],[120.3081,23.8203],[120.3151,23.8202],[120.3318,23.822],[120.3515,23.8223],[120.3602,23.8233],[120.3703,23.8286],[120.383,23.8286],[120.4062,23.8268],[120.4095,23.8263],[120.4184,23.827],[120.4249,23.8301],[120.4333,23.8301],[120.4398,23.8267],[120.444,23.8221],[120.4472,23.8208],[120.4521,23.8172],[120.4582,23.8161],[120.4755,23.809],[120.4835,23.8065],[120.4987,23.8035],[120.5077,23.8006],[120.5109,23.8001],[120.5214,23.7998],[120.5279,23.7991],[120.5348,23.8013],[120.5402,23.8009],[120.5455,23.8014],[120.5515,23.8011],[120.5581,23.7995],[120.5603,23.7982],[120.5662,23.7973],[120.5812,23.7943],[120.5867,23.792],[120.5926,23.7911],[120.6154,23.7913],[120.6234,23.7901],[120.6289,23.7899],[120.6331,23.7889],[120.6351,23.7867],[120.6404,23.7861],[120.6425,23.7857],[120.6581,23.791],[120.6624,23.7917],[120.6666,23.7936],[120.6751,23.7998],[120.6799,23.8016],[120.6839,23.8014],[120.6834,23.8054],[120.679,23.8059],[120.678,23.8141],[120.6788,23.8163],[120.6763,23.8193],[120.6745,23.82],[120.6699,23.8185],[120.6676,23.8166],[120.6647,23.8163],[120.6586,23.8145],[120.6556,23.8128],[120.6507,23.8127],[120.6487,23.8161],[120.6446,23.8176],[120.64,23.8203],[120.6379,23.8254],[120.6399,23.8258],[120.6382,23.8289],[120.6345,23.8332],[120.6305,23.8324],[120.6243,23.8294],[120.624,23.8315],[120.6288,23.8321],[120.6301,23.8346],[120.6299,23.8374],[120.6265,23.8399],[120.624,23.8397],[120.6211,23.8417],[120.6163,23.8394],[120.6161,23.8412],[120.6189,23.8417],[120.6227,23.8487],[120.6256,23.852],[120.6272,23.8567],[120.6228,23.8606],[120.6235,23.862],[120.6206,23.8637],[120.6201,23.8656],[120.6218,23.8697],[120.6232,23.8694],[120.6258,23.8735],[120.6248,23.8771],[120.6267,23.8794],[120.6275,23.8836],[120.6296,23.8848],[120.6295,23.8894],[120.632,23.8894],[120.634,23.8919],[120.6347,23.9008],[120.6322,23.9053],[120.6336,23.908],[120.6318,23.9104],[120.6343,23.9133],[120.6334,23.9152],[120.6349,23.9178],[120.6348,23.9199],[120.6372,23.9219],[120.6373,23.9246],[120.6327,23.9284],[120.6298,23.9295],[120.6298,23.9312],[120.6321,23.9329],[120.6328,23.9356],[120.6357,23.9373],[120.6353,23.9387],[120.6302,23.9431],[120.6346,23.9438],[120.629,23.9498],[120.6309,23.9545],[120.6341,23.9542],[120.6367,23.9527],[120.6427,23.9583],[120.6442,23.9621],[120.6468,23.9634],[120.6468,23.9754],[120.65,23.9829],[120.6501,23.9849],[120.6453,23.9896],[120.6375,23.9937],[120.6361,23.9984],[120.6378,24.0026],[120.6381,24.0074],[120.6403,24.0057],[120.6415,24.0081],[120.646,24.0092],[120.6494,24.0081],[120.651,24.0085],[120.6614,24.0083],[120.6661,24.0077],[120.6726,24.0058],[120.6738,24.0079],[120.671,24.0099],[120.6764,24.0109],[120.6786,24.014],[120.6612,24.0257],[120.6557,24.0307],[120.6518,24.0285],[120.6464,24.034],[120.6444,24.0323],[120.6462,24.0283],[120.6447,24.0258],[120.642,24.0273],[120.639,24.0277],[120.6362,24.031],[120.634,24.0311],[120.6287,24.0296],[120.6253,24.0301],[120.6245,24.0338],[120.6281,24.0384],[120.626,24.0416],[120.6258,24.0467],[120.6245,24.0483],[120.6236,24.0533],[120.6257,24.057],[120.6254,24.0687],[120.6228,24.0724],[120.6195,24.0734],[120.6152,24.0843],[120.6149,24.09],[120.6125,24.0992],[120.6123,24.1026],[120.6025,24.103],[120.6,24.1052],[120.5949,24.1049],[120.5884,24.1062],[120.5835,24.1095],[120.5766,24.1096],[120.5726,24.1083],[120.5656,24.1098],[120.558,24.1125],[120.5537,24.1128],[120.5497,24.1139],[120.5452,24.1166],[120.5404,24.124],[120.5341,24.1256],[120.5323,24.1269],[120.5276,24.1342],[120.5237,24.1395],[120.5256,24.1458],[120.5258,24.149],[120.5173,24.166],[120.5112,24.1805],[120.5084,24.1868],[120.5044,24.1911],[120.4566,24.2072]]]},"properties":{"region_code":"CN-71-800CCC9236","parent_region_code":"CN-71","name":"彰化县","level":"prefecture","has_children":true,"full_path":"中国 / 台湾省 / 彰化县","source_admin_code":null,"osm_relation_id":2917549}},
{"type":"Feature","geometry":{"type":"Polygon","coordinates":[[[120.6786,24.014],[120.6764,24.0109],[120.671,24.0099],[120.6738,24.0079],[120.6726,24.0058],[120.6661,24.0077],[120.6614,24.0083],[120.651,24.0085],[120.6494,24.0081],[120.646,24.0092],[120.6415,24.0081],[120.6403,24.0057],[120.6381,24.0074],[120.6378,24.0026],[120.6361,23.9984],[120.6375,23.9937],[120.6453,23.9896],[120.6501,23.9849],[120.65,23.9829],[120.6468,23.9754],[120.6468,23.9634],[120.6442,23.9621],[120.6427,23.9583],[120.6367,23.9527],[120.6341,23.9542],[120.6309,23.9545],[120.629,23.9498],[120.6346,23.9438],[120.6302,23.9431],[120.6353,23.9387],[120.6357,23.9373],[120.6328,23.9356],[120.6321,23.9329],[120.6298,23.9312],[120.6298,23.9295],[120.6327,23.9284],[120.6373,23.9246],[120.6372,23.9219],[120.6348,23.9199],[120.6349,23.9178],[120.6334,23.9152],[120.6343,23.9133],[120.6318,23.9104],[120.6336,23.908],[120.6322,23.9053],[120.6347,23.9008],[120.634,23.8919],[120.632,23.8894],[120.6295,23.8894],[120.6296,23.8848],[120.6275,23.8836],[120.6267,23.8794],[120.6248,23.8771],[120.6258,23.8735],[120.6232,23.8694],[120.6218,23.8697],[120.6201,23.8656],[120.6206,23.8637],[120.6235,23.862],[120.6228,23.8606],[120.6272,23.8567],[120.6256,23.852],[120.6227,23.8487],[120.6189,23.8417],[120.6161,23.8412],[120.6163,23.8394],[120.6211,23.8417],[120.624,23.8397],[120.6265,23.8399],[120.6299,23.8374],[120.6301,23.8346],[120.6288,23.8321],[120.624,23.8315],[120.6243,23.8294],[120.6305,23.8324],[120.6345,23.8332],[120.6382,23.8289],[120.6399,23.8258],[120.6379,23.8254],[120.64,23.8203],[120.6446,23.8176],[120.6487,23.8161],[120.6507,23.8127],[120.6556,23.8128],[120.6586,23.8145],[120.6647,23.8163],[120.6676,23.8166],[120.6699,23.8185],[120.6745,23.82],[120.6763,23.8193],[120.6788,23.8163],[120.678,23.8141],[120.679,23.8059],[120.6834,23.8054],[120.6839,23.8014],[120.6799,23.8016],[120.6751,23.7998],[120.6666,23.7936],[120.6624,23.7917],[120.6581,23.791],[120.6425,23.7857],[120.6404,23.7861],[120.6424,23.7817],[120.6481,23.7741],[120.6536,23.7604],[120.656,23.7539],[120.6545,23.7474],[120.6545,23.7397],[120.6558,23.735],[120.6445,23.7366],[120.6419,23.7305],[120.6402,23.7308],[120.6397,23.7264],[120.6417,23.7224],[120.6405,23.7199],[120.6406,23.7132],[120.6393,23.7109],[120.6414,23.7056],[120.6456,23.7032],[120.6434,23.6997],[120.6452,23.6963],[120.6466,23.6918],[120.6454,23.6901],[120.6457,23.6873],[120.648,23.681],[120.646,23.6772],[120.6468,23.6726],[120.6449,23.6716],[120.6444,23.6677],[120.6404,23.664],[120.64,23.6615],[120.6376,23.658],[120.636,23.653],[120.6349,23.6516],[120.6363,23.6483],[120.6348,23.647],[120.635,23.6425],[120.632,23.6404],[120.6291,23.6352],[120.63,23.6319],[120.6287,23.6302],[120.6299,23.6279],[120.631,23.6219],[120.6331,23.6196],[120.6354,23.6199],[120.6386,23.6246],[120.6408,23.6258],[120.645,23.6311],[120.6529,23.6296],[120.6534,23.6282],[120.6524,23.6228],[120.653,23.6219],[120.6514,23.6162],[120.6584,23.6139],[120.6612,23.6105],[120.6637,23.6112],[120.6691,23.6093],[120.6778,23.6111],[120.6835,23.6109],[120.6854,23.6125],[120.6862,23.6182],[120.6915,23.6202],[120.6967,23.6199],[120.7018,23.6174],[120.7051,23.6171],[120.7066,23.6185],[120.7104,23.6192],[120.7139,23.6208],[120.7141,23.6232],[120.7131,23.6279],[120.7183,23.63],[120.7238,23.6219],[120.7306,23.6185],[120.7312,23.6149],[120.7309,23.6108],[120.7359,23.6095],[120.7381,23.6098],[120.7417,23.6124],[120.7492,23.6122],[120.7507,23.6143],[120.7547,23.6145],[120.7582,23.6125],[120.7638,23.6125],[120.7694,23.6084],[120.7703,23.606],[120.7735,23.6056],[120.7767,23.6039],[120.7776,23.6024],[120.7839,23.6007],[120.7874,23.6012],[120.791,23.6009],[120.7946,23.5974],[120.8038,23.5968],[120.8051,23.5986],[120.8099,23.5988],[120.8139,23.601],[120.8171,23.5998],[120.8186,23.5983],[120.8169,23.5956],[120.8187,23.5935],[120.8199,23.5904],[120.8231,23.5875],[120.8255,23.5864],[120.8213,23.5812],[120.8196,23.575],[120.8219,23.571],[120.8199,23.5645],[120.8207,23.5626],[120.814,23.5554],[120.816,23.5533],[120.8147,23.5519],[120.8116,23.5511],[120.8112,23.5492],[120.8088,23.5459],[120.8083,23.5436],[120.8086,23.5362],[120.8109,23.5345],[120.8181,23.5235],[120.8204,23.5215],[120.8191,23.5194],[120.8196,23.5153],[120.8232,23.5109],[120.8228,23.5088],[120.8241,23.504],[120.8229,23.4995],[120.8254,23.495],[120.8252,23.4901],[120.8262,23.4885],[120.8271,23.4831],[120.83,23.4805],[120.8324,23.4751],[120.8359,23.4725],[120.8394,23.4712],[120.8424,23.4733],[120.85,23.4722],[120.8564,23.4734],[120.8581,23.4729],[120.8634,23.4736],[120.8667,23.4724],[120.869,23.4702],[120.8734,23.4684],[120.8807,23.4676],[120.8841,23.473],[120.8867,23.4756],[120.8933,23.4755],[120.8965,23.4759],[120.8996,23.4754],[120.902,23.4761],[120.908,23.4758],[120.9102,23.4762],[120.9147,23.4747],[120.9175,23.4757],[120.9265,23.473],[120.9308,23.4706],[120.9341,23.4728],[120.9373,23.4731],[120.9415,23.4698],[120.9474,23.4671],[120.9515,23.4675],[120.9547,23.469],[120.9576,23.4695],[120.9612,23.4708],[120.965,23.4706],[120.9683,23.4713],[120.9707,23.469],[120.9809,23.469],[120.9839,23.4668],[120.9862,23.4663],[120.9991,23.4622],[121.0039,23.4629],[121.0077,23.4627],[121.0119,23.457],[121.0145,23.4548],[121.0158,23.4517],[121.0151,23.4499],[121.0126,23.4486],[121.0104,23.4458],[121.0105,23.4411],[121.0138,23.4379],[121.0151,23.4352],[121.0194,23.4362],[121.0221,23.4389],[121.0264,23.439],[121.029,23.4417],[121.0334,23.4435],[121.0335,23.4453],[121.0385,23.4468],[121.0408,23.4482],[121.0442,23.4489],[121.0472,23.4509],[121.0515,23.4508],[121.0532,23.4533],[121.0532,23.4555],[121.0557,23.4591],[121.0582,23.4601],[121.0591,23.4617],[121.0511,23.4644],[121.0494,23.4681],[121.0473,23.4685],[121.0391,23.4742],[121.0429,23.4775],[121.0451,23.4804],[121.0484,23.4824],[121.0499,23.4865],[121.0535,23.4877],[121.0541,23.4898],[121.0527,23.4937],[121.0541,23.4956],[121.0569,23.496],[121.0621,23.4994],[121.063,23.5038],[121.0662,23.5062],[121.0661,23.5079],[121.0688,23.5149],[121.0685,23.5185],[121.075,23.5174],[121.0828,23.5147],[121.088,23.514],[121.092,23.5147],[121.0934,23.5179],[121.0974,23.5217],[121.1009,23.5212],[121.1037,23.5189],[121.1067,23.5194],[121.1106,23.519],[121.1154,23.5202],[121.1167,23.5214],[121.1204,23.521],[121.1263,23.5171],[121.1281,23.5184],[121.1306,23.5178],[121.1328,23.5148],[121.1356,23.5152],[121.1363,23.5173],[121.1395,23.5217],[121.147,23.5272],[121.1511,23.527],[121.1508,23.5287],[121.147,23.5339],[121.1481,23.5356],[121.1484,23.5395],[121.151,23.5454],[121.1477,23.5529],[121.1462,23.5547],[121.1503,23.5578],[121.1513,23.56],[121.1574,23.5601],[121.158,23.564],[121.1602,23.5657],[121.1605,23.5696],[121.1534,23.5717],[121.1519,23.5742],[121.152,23.5814],[121.1535,23.5868],[121.1557,23.587],[121.1582,23.5857],[121.1605,23.587],[121.1668,23.5871],[121.1693,23.5867],[121.1715,23.5841],[121.1787,23.583],[121.18,23.5874],[121.1796,23.5895],[121.1823,23.5911],[121.1832,23.593],[121.1893,23.5947],[121.1898,23.5965],[121.1936,23.6003],[121.1947,23.6004],[121.2,23.5964],[121.2067,23.596],[121.2082,23.5983],[121.2136,23.6006],[121.2147,23.6053],[121.2159,23.6073],[121.2174,23.6147],[121.2201,23.6171],[121.2213,23.6201],[121.2236,23.623],[121.225,23.6289],[121.224,23.6331],[121.224,23.6387],[121.2281,23.6458],[121.2301,23.6478],[121.2312,23.6514],[121.2307,23.6535],[121.2319,23.6579],[121.2356,23.6617],[121.236,23.6704],[121.2348,23.6737],[121.2324,23.6774],[121.2342,23.6807],[121.2374,23.6852],[121.2394,23.6868],[121.2393,23.6945],[121.2413,23.6984],[121.2393,23.6998],[121.2411,23.7058],[121.2412,23.7087],[121.2388,23.7129],[121.2395,23.7163],[121.2378,23.7203],[121.2393,23.7244],[121.2363,23.7243],[121.2337,23.7275],[121.2332,23.7299],[121.2296,23.7301],[121.2298,23.7327],[121.2284,23.7362],[121.2289,23.7447],[121.23,23.7471],[121.2334,23.7482],[121.2323,23.7507],[121.2294,23.7522],[121.2252,23.7518],[121.2216,23.7527],[121.2189,23.7561],[121.2131,23.7577],[121.2112,23.7609],[121.2065,23.763],[121.2087,23.7658],[121.2067,23.7673],[121.2046,23.7723],[121.207,23.7751],[121.2115,23.7756],[121.2183,23.7797],[121.2194,23.7815],[121.2237,23.7824],[121.2284,23.7852],[121.2305,23.7881],[121.2306,23.7898],[121.227,23.7913],[121.2267,23.7955],[121.2255,23.798],[121.2265,23.8044],[121.2279,23.8054],[121.2277,23.8086],[121.2326,23.8106],[121.2345,23.8121],[121.2346,23.8171],[121.2382,23.8224],[121.2367,23.8252],[121.2382,23.83],[121.2377,23.8319],[121.2393,23.8374],[121.2394,23.8403],[121.2435,23.8451],[121.2452,23.8496],[121.2489,23.8521],[121.2502,23.8567],[121.2504,23.8609],[121.253,23.8634],[121.2531,23.868],[121.2568,23.8694],[121.2582,23.8725],[121.2651,23.8728],[121.263,23.8794],[121.2634,23.8812],[121.2655,23.8831],[121.2684,23.8835],[121.2674,23.8891],[121.2657,23.8908],[121.266,23.8944],[121.2643,23.8986],[121.2611,23.9027],[121.2663,23.9073],[121.2703,23.9065],[121.2748,23.9075],[121.2761,23.9097],[121.2754,23.912],[121.2762,23.9165],[121.2751,23.9187],[121.2765,23.9226],[121.2734,23.9283],[121.2748,23.9304],[121.2737,23.9366],[121.2721,23.9383],[121.274,23.9418],[121.2741,23.9458],[121.2718,23.9482],[121.2746,23.9514],[121.2758,23.9556],[121.2751,23.9596],[121.2761,23.9633],[121.2779,23.9658],[121.2757,23.968],[121.2737,23.9751],[121.2648,23.9753],[121.2616,23.9812],[121.2602,23.9925],[121.2643,23.9982],[121.2655,24.0011],[121.2701,24.0068],[121.2696,24.0078],[121.2719,24.0133],[121.2763,24.0202],[121.2765,24.0243],[121.279,24.0274],[121.2802,24.0306],[121.2817,24.032],[121.2825,24.0349],[121.2855,24.0392],[121.2856,24.0443],[121.2848,24.0489],[121.2828,24.0509],[121.2831,24.054],[121.2863,24.0578],[121.2893,24.0588],[121.2958,24.0638],[121.2991,24.0617],[121.3008,24.0632],[121.3024,24.0666],[121.306,24.0694],[121.3082,24.0733],[121.3144,24.0778],[121.3177,24.0795],[121.3232,24.0849],[121.3234,24.0864],[121.3212,24.0887],[121.3192,24.0927],[121.3189,24.0949],[121.3224,24.0995],[121.3255,24.1022],[121.3269,24.1103],[121.3285,24.1143],[121.325,24.116],[121.3162,24.1164],[121.314,24.1185],[121.3082,24.1222],[121.3047,24.1238],[121.2985,24.1304],[121.2959,24.1324],[121.2848,24.1347],[121.2814,24.1359],[121.2842,24.1459],[121.2847,24.1522],[121.281,24.1546],[121.2808,24.1581],[121.2851,24.1572],[121.2884,24.1581],[121.2879,24.1616],[121.2883,24.1663],[121.2877,24.1732],[121.286,24.177],[121.2873,24.1778],[121.2918,24.1771],[121.2946,24.1776],[121.2987,24.1801],[121.306,24.1801],[121.3109,24.1832],[121.3161,24.1856],[121.3173,24.1881],[121.3204,24.1915],[121.323,24.192],[121.3252,24.1959],[121.328,24.1964],[121.3355,24.1996],[121.34,24.1991],[121.345,24.2005],[121.3494,24.2008],[121.3481,24.2076],[121.3491,24.2109],[121.3475,24.2133],[121.3428,24.2237],[121.3391,24.2267],[121.3302,24.2312],[121.3245,24.233],[121.3196,24.2319],[121.3164,24.2344],[121.3141,24.235],[121.3088,24.235],[121.3039,24.2337],[121.3022,24.2365],[121.2988,24.2357],[121.2983,24.233],[121.2956,24.2326],[121.2941,24.2297],[121.2886,24.2301],[121.2858,24.2291],[121.283,24.231],[121.2802,24.2298],[121.2777,24.2319],[121.2769,24.2354],[121.2707,24.2366],[121.2664,24.2424],[121.2654,24.2457],[121.2615,24.2457],[121.2568,24.2444],[121.2551,24.2432],[121.2512,24.238],[121.2471,24.2282],[121.2449,24.225],[121.244,24.2224],[121.2407,24.2217],[121.238,24.2197],[121.2359,24.2213],[121.2304,24.2235],[121.2306,24.2261],[121.2261,24.2258],[121.2185,24.2286],[121.2158,24.2254],[121.208,24.2216],[121.2042,24.2221],[121.2016,24.2216],[121.1963,24.223],[121.1923,24.219],[121.1918,24.2169],[121.1882,24.2148],[121.1852,24.2145],[121.1822,24.2122],[121.1785,24.214],[121.1735,24.2203],[121.1677,24.2254],[121.1644,24.2218],[121.1641,24.2199],[121.161,24.2152],[121.1565,24.2147],[121.1518,24.2132],[121.1481,24.2131],[121.1462,24.2089],[121.1432,24.2059],[121.1425,24.2016],[121.1414,24.1996],[121.1349,24.1963],[121.1327,24.1969],[121.129,24.196],[121.1272,24.1968],[121.1226,24.1961],[121.1188,24.1972],[121.1134,24.1969],[121.1076,24.1979],[121.0963,24.1921],[121.0942,24.1897],[121.094,24.1879],[121.0911,24.1848],[121.0914,24.1827],[121.0845,24.1758],[121.0816,24.1756],[121.0753,24.1702],[121.0728,24.17],[121.0698,24.1675],[121.0663,24.1655],[121.0643,24.1629],[121.0597,24.1629],[121.0588,24.1603],[121.0527,24.1548],[121.0506,24.1584],[121.0476,24.16],[121.0441,24.1597],[121.0429,24.1586],[121.0378,24.1579],[121.0358,24.153],[121.0356,24.1508],[121.0334,24.1486],[121.0309,24.1496],[121.0312,24.1535],[121.0282,24.1592],[121.0233,24.158],[121.0195,24.1587],[121.0155,24.156],[121.0104,24.1501],[121.0071,24.1449],[121.0069,24.1413],[121.0046,24.1376],[121.0034,24.1338],[121.0004,24.1323],[120.9996,24.1278],[120.992,24.1253],[120.992,24.1211],[120.9892,24.1188],[120.9858,24.1202],[120.9791,24.1183],[120.9765,24.1169],[120.9734,24.1196],[120.971,24.1203],[120.964,24.1199],[120.9606,24.1205],[120.9563,24.1247],[120.9501,24.1279],[120.9484,24.1249],[120.9445,24.1228],[120.9396,24.1183],[120.935,24.1153],[120.9319,24.1122],[120.9271,24.1117],[120.9221,24.1094],[120.9199,24.1074],[120.9146,24.1076],[120.9132,24.109],[120.9096,24.1092],[120.907,24.1109],[120.9049,24.1145],[120.8949,24.1165],[120.891,24.1156],[120.8911,24.1122],[120.8942,24.1107],[120.8941,24.1064],[120.8913,24.1024],[120.8915,24.0987],[120.8901,24.0966],[120.8862,24.0956],[120.885,24.093],[120.8782,24.0858],[120.8769,24.0912],[120.8797,24.0992],[120.8815,24.1005],[120.8802,24.1054],[120.8777,24.1098],[120.8724,24.1168],[120.8696,24.1171],[120.8655,24.1155],[120.8586,24.1162],[120.8572,24.1173],[120.8562,24.1215],[120.8539,24.1245],[120.8489,24.1239],[120.8449,24.1245],[120.843,24.1231],[120.8421,24.1207],[120.8386,24.1191],[120.8362,24.1169],[120.8345,24.1126],[120.8346,24.1077],[120.8304,24.102],[120.8324,24.0983],[120.8299,24.095],[120.8285,24.0945],[120.8281,24.0864],[120.8289,24.0836],[120.8284,24.0769],[120.8294,24.0723],[120.8193,24.0685],[120.8164,24.0685],[120.8145,24.0699],[120.8118,24.066],[120.8091,24.0663],[120.807,24.0643],[120.8063,24.0604],[120.8033,24.0562],[120.8037,24.0535],[120.7966,24.0428],[120.7975,24.0414],[120.7917,24.0353],[120.7918,24.0319],[120.7895,24.0312],[120.7855,24.0287],[120.7844,24.0241],[120.7798,24.0212],[120.7798,24.0203],[120.7752,24.0186],[120.7712,24.014],[120.7706,24.0091],[120.7678,24.0092],[120.7625,24.0062],[120.758,24.0061],[120.756,24.0036],[120.7532,24.0023],[120.751,24.0028],[120.746,23.9986],[120.7437,24.0022],[120.7317,24.009],[120.7192,24.0097],[120.7064,24.0052],[120.6949,24.0071],[120.686,24.0105],[120.6786,24.014]]]},"properties":{"region_code":"CN-71-500B1463C6","parent_region_code":"CN-71","name":"南投县","level":"prefecture","has_children":true,"full_path":"中国 / 台湾省 / 南投县","source_admin_code":null,"osm_relation_id":2497975}},
{"type":"Feature","geometry":{"type":"Polygon","coordinates":[[[120.2204,23.8662],[120.2193,23.8585],[120.2143,23.8507],[120.211,23.8492],[120.2052,23.8484],[120.2045,23.8449],[120.2084,23.8419],[120.2077,23.8372],[120.206,23.8343],[120.2001,23.8267],[120.1956,23.8231],[120.1917,23.8182],[120.1857,23.8162],[120.1821,23.8157],[120.1814,23.8104],[120.178,23.8091],[120.1748,23.8057],[120.1739,23.8019],[120.1651,23.7944],[120.1602,23.7867],[120.157,23.7844],[120.1619,23.7799],[120.1629,23.7797],[120.163,23.7726],[120.1664,23.765],[120.163,23.7585],[120.1689,23.7585],[120.1668,23.7556],[120.1658,23.7419],[120.1558,23.7194],[120.1562,23.7155],[120.1527,23.7131],[120.149,23.7082],[120.1469,23.7067],[120.1464,23.7035],[120.1472,23.7019],[120.1455,23.6989],[120.1464,23.6963],[120.1454,23.6919],[120.141,23.6876],[120.1392,23.6842],[120.1352,23.6671],[120.1323,23.6609],[120.1276,23.6522],[120.1255,23.6457],[120.124,23.6432],[120.1181,23.6394],[120.115,23.6362],[120.1145,23.6329],[120.1183,23.6266],[120.1235,23.6218],[120.1285,23.6219],[120.1312,23.6244],[120.1325,23.6272],[120.1345,23.6342],[120.1358,23.6361],[120.1379,23.6346],[120.1383,23.6318],[120.1373,23.6246],[120.1372,23.6203],[120.1336,23.6194],[120.133,23.6158],[120.1359,23.6157],[120.1381,23.6136],[120.1413,23.6122],[120.1411,23.5984],[120.1448,23.5975],[120.1443,23.5941],[120.1418,23.5925],[120.1408,23.5842],[120.1407,23.5736],[120.1433,23.572],[120.1431,23.5683],[120.1419,23.5641],[120.1404,23.5623],[120.1378,23.5623],[120.1383,23.5577],[120.1221,23.5548],[120.1161,23.5532],[119.9825,23.447],[119.9942,23.4112],[120.044,23.4223],[120.1182,23.5229],[120.1395,23.5217],[120.1427,23.5217],[120.1467,23.5206],[120.1494,23.5189],[120.1521,23.5183],[120.1581,23.5159],[120.1646,23.5158],[120.1665,23.5173],[120.1724,23.5147],[120.1804,23.51],[120.1831,23.5099],[120.1876,23.5106],[120.1899,23.5101],[120.1957,23.5128],[120.1993,23.513],[120.2018,23.5113],[120.205,23.5118],[120.2158,23.5069],[120.223,23.5043],[120.2309,23.5054],[120.2386,23.5075],[120.2439,23.5108],[120.2463,23.5134],[120.247,23.5162],[120.2456,23.5233],[120.2441,23.5326],[120.2419,23.5401],[120.2432,23.5435],[120.25,23.5459],[120.2561,23.5461],[120.2592,23.5416],[120.2616,23.5359],[120.2634,23.5335],[120.2678,23.5305],[120.2703,23.5302],[120.2725,23.5313],[120.2761,23.543],[120.2803,23.5459],[120.2827,23.5461],[120.2868,23.5479],[120.2909,23.5507],[120.2893,23.5566],[120.2893,23.5612],[120.2933,23.5642],[120.2977,23.5645],[120.3066,23.5629],[120.3106,23.5645],[120.3105,23.5666],[120.3065,23.572],[120.3074,23.5746],[120.3119,23.5749],[120.3196,23.5724],[120.325,23.5732],[120.3272,23.5743],[120.3325,23.5782],[120.3334,23.5824],[120.3337,23.5918],[120.3349,23.593],[120.3431,23.5919],[120.3525,23.5931],[120.3566,23.594],[120.3599,23.5957],[120.3615,23.5982],[120.3659,23.603],[120.3661,23.6068],[120.3706,23.6093],[120.3798,23.6099],[120.3828,23.6141],[120.3841,23.6175],[120.3866,23.621],[120.3923,23.6223],[120.3922,23.6236],[120.4027,23.6269],[120.4009,23.6322],[120.4048,23.6342],[120.4064,23.6326],[120.4067,23.6251],[120.4096,23.6252],[120.4141,23.6231],[120.4168,23.6228],[120.4201,23.6252],[120.4223,23.6191],[120.425,23.618],[120.427,23.6193],[120.4299,23.6184],[120.4318,23.6215],[120.4339,23.6229],[120.4362,23.6217],[120.437,23.6238],[120.436,23.6261],[120.4411,23.6259],[120.4425,23.6288],[120.4446,23.6305],[120.45,23.6294],[120.4528,23.6308],[120.454,23.6263],[120.4584,23.6277],[120.4603,23.6293],[120.4661,23.6303],[120.4696,23.6302],[120.4737,23.631],[120.4775,23.6299],[120.4787,23.6327],[120.4826,23.6322],[120.4859,23.6306],[120.4881,23.6315],[120.4873,23.635],[120.4891,23.6359],[120.4934,23.6331],[120.4993,23.6351],[120.5038,23.6353],[120.5061,23.6336],[120.5077,23.6303],[120.5064,23.6262],[120.5077,23.6231],[120.5095,23.6217],[120.5103,23.6193],[120.515,23.6152],[120.5176,23.6111],[120.5196,23.6091],[120.523,23.6071],[120.5281,23.6028],[120.5295,23.5998],[120.5323,23.5987],[120.5329,23.5972],[120.5369,23.5947],[120.5486,23.5937],[120.5516,23.594],[120.5566,23.5928],[120.5578,23.5892],[120.5618,23.5888],[120.5656,23.5894],[120.5676,23.5877],[120.5705,23.588],[120.5741,23.586],[120.5767,23.5835],[120.5813,23.5821],[120.5852,23.583],[120.5898,23.5857],[120.5948,23.5854],[120.6,23.5832],[120.6064,23.5842],[120.6109,23.5829],[120.6154,23.5853],[120.619,23.5842],[120.6229,23.588],[120.6232,23.59],[120.6258,23.5906],[120.6307,23.5899],[120.6399,23.5926],[120.6431,23.5926],[120.6456,23.5936],[120.6491,23.5926],[120.6471,23.5878],[120.6493,23.5856],[120.649,23.5827],[120.646,23.5794],[120.6435,23.5782],[120.6436,23.5755],[120.6475,23.5766],[120.6508,23.5724],[120.656,23.5722],[120.6582,23.5731],[120.6608,23.576],[120.6698,23.5784],[120.6727,23.5758],[120.6738,23.5725],[120.6762,23.5705],[120.6809,23.5713],[120.6866,23.5748],[120.694,23.5765],[120.6989,23.5764],[120.704,23.5749],[120.709,23.5756],[120.7096,23.572],[120.7109,23.5708],[120.716,23.5711],[120.7184,23.5691],[120.7244,23.5719],[120.7276,23.5704],[120.733,23.571],[120.7362,23.5704],[120.7351,23.5751],[120.7321,23.5772],[120.7339,23.5846],[120.7323,23.588],[120.7326,23.5895],[120.73,23.5932],[120.7326,23.5973],[120.7285,23.5995],[120.7278,23.6015],[120.7249,23.6036],[120.727,23.6076],[120.7309,23.6108],[120.7312,23.6149],[120.7306,23.6185],[120.7238,23.6219],[120.7183,23.63],[120.7131,23.6279],[120.7141,23.6232],[120.7139,23.6208],[120.7104,23.6192],[120.7066,23.6185],[120.7051,23.6171],[120.7018,23.6174],[120.6967,23.6199],[120.6915,23.6202],[120.6862,23.6182],[120.6854,23.6125],[120.6835,23.6109],[120.6778,23.6111],[120.6691,23.6093],[120.6637,23.6112],[120.6612,23.6105],[120.6584,23.6139],[120.6514,23.6162],[120.653,23.6219],[120.6524,23.6228],[120.6534,23.6282],[120.6529,23.6296],[120.645,23.6311],[120.6408,23.6258],[120.6386,23.6246],[120.6354,23.6199],[120.6331,23.6196],[120.631,23.6219],[120.6299,23.6279],[120.6287,23.6302],[120.63,23.6319],[120.6291,23.6352],[120.632,23.6404],[120.635,23.6425],[120.6348,23.647],[120.6363,23.6483],[120.6349,23.6516],[120.636,23.653],[120.6376,23.658],[120.64,23.6615],[120.6404,23.664],[120.6444,23.6677],[120.6449,23.6716],[120.6468,23.6726],[120.646,23.6772],[120.648,23.681],[120.6457,23.6873],[120.6454,23.6901],[120.6466,23.6918],[120.6452,23.6963],[120.6434,23.6997],[120.6456,23.7032],[120.6414,23.7056],[120.6393,23.7109],[120.6406,23.7132],[120.6405,23.7199],[120.6417,23.7224],[120.6397,23.7264],[120.6402,23.7308],[120.6419,23.7305],[120.6445,23.7366],[120.6558,23.735],[120.6545,23.7397],[120.6545,23.7474],[120.656,23.7539],[120.6536,23.7604],[120.6481,23.7741],[120.6424,23.7817],[120.6404,23.7861],[120.6351,23.7867],[120.6331,23.7889],[120.6289,23.7899],[120.6234,23.7901],[120.6154,23.7913],[120.5926,23.7911],[120.5867,23.792],[120.5812,23.7943],[120.5662,23.7973],[120.5603,23.7982],[120.5581,23.7995],[120.5515,23.8011],[120.5455,23.8014],[120.5402,23.8009],[120.5348,23.8013],[120.5279,23.7991],[120.5214,23.7998],[120.5109,23.8001],[120.5077,23.8006],[120.4987,23.8035],[120.4835,23.8065],[120.4755,23.809],[120.4582,23.8161],[120.4521,23.8172],[120.4472,23.8208],[120.444,23.8221],[120.4398,23.8267],[120.4333,23.8301],[120.4249,23.8301],[120.4184,23.827],[120.4095,23.8263],[120.4062,23.8268],[120.383,23.8286],[120.3703,23.8286],[120.3602,23.8233],[120.3515,23.8223],[120.3318,23.822],[120.3151,23.8202],[120.3081,23.8203],[120.2835,23.8267],[120.2554,23.8341],[120.2466,23.8393],[120.2388,23.8455],[120.2299,23.8544],[120.2204,23.8662]]]},"properties":{"region_code":"CN-71-8CD506706F","parent_region_code":"CN-71","name":"云林县","level":"prefecture","has_children":true,"full_path":"中国 / 台湾省 / 云林县","source_admin_code":null,"osm_relation_id":2915930}},
{"type":"Feature","geometry":{"type":"Polygon","coordinates":[[[120.6535,23.2245],[120.6496,23.2283],[120.6509,23.2379],[120.6492,23.2404],[120.6481,23.2443],[120.6492,23.247],[120.6485,23.249],[120.6422,23.2567],[120.6421,23.2609],[120.6407,23.2664],[120.6385,23.2689],[120.6412,23.2715],[120.6406,23.2736],[120.6432,23.276],[120.6423,23.2797],[120.644,23.2824],[120.6434,23.2858],[120.6419,23.2878],[120.6437,23.2894],[120.6421,23.2925],[120.6434,23.2956],[120.6465,23.2974],[120.6509,23.2916],[120.6554,23.292],[120.658,23.2959],[120.6595,23.2948],[120.6649,23.2932],[120.6671,23.2941],[120.6715,23.29],[120.6736,23.2911],[120.6783,23.2888],[120.6871,23.2866],[120.6935,23.2845],[120.6996,23.2845],[120.7012,23.2855],[120.7035,23.2901],[120.7024,23.2939],[120.7037,23.3004],[120.7067,23.3046],[120.7127,23.3086],[120.7163,23.3076],[120.7208,23.3083],[120.7306,23.3056],[120.7303,23.311],[120.7328,23.3142],[120.739,23.3165],[120.7404,23.3204],[120.7427,23.3215],[120.7482,23.3221],[120.7533,23.3282],[120.7522,23.3304],[120.7554,23.332],[120.758,23.3348],[120.7573,23.3392],[120.7585,23.3417],[120.7582,23.3443],[120.7618,23.3434],[120.7645,23.3417],[120.7683,23.3438],[120.7735,23.3419],[120.7768,23.3435],[120.7809,23.3422],[120.7837,23.3425],[120.7847,23.3447],[120.7875,23.346],[120.7885,23.3482],[120.7885,23.3529],[120.7918,23.3535],[120.7917,23.3566],[120.7933,23.3575],[120.7968,23.3577],[120.7977,23.3601],[120.8008,23.361],[120.8009,23.3633],[120.8047,23.3672],[120.8033,23.3697],[120.8058,23.3709],[120.8086,23.3684],[120.81,23.3695],[120.8134,23.3694],[120.8167,23.3714],[120.8212,23.3705],[120.823,23.3719],[120.8252,23.3716],[120.826,23.3737],[120.8283,23.3748],[120.8293,23.3767],[120.8294,23.3834],[120.8307,23.3863],[120.8348,23.3877],[120.8369,23.3935],[120.8406,23.3945],[120.8384,23.398],[120.8425,23.4019],[120.8441,23.4043],[120.8446,23.4078],[120.8494,23.4121],[120.8495,23.4201],[120.8545,23.4231],[120.8565,23.4219],[120.8593,23.425],[120.8645,23.4239],[120.8663,23.4261],[120.87,23.4268],[120.8718,23.4296],[120.8753,23.4312],[120.8754,23.4327],[120.8791,23.4321],[120.8814,23.4328],[120.8839,23.4362],[120.8866,23.4348],[120.8907,23.4425],[120.8917,23.4465],[120.8939,23.4452],[120.8956,23.4465],[120.8962,23.4504],[120.9005,23.4522],[120.9024,23.4542],[120.9058,23.4533],[120.9099,23.4578],[120.9161,23.4589],[120.9204,23.4588],[120.9262,23.4575],[120.9269,23.4559],[120.9313,23.457],[120.9351,23.4591],[120.9344,23.4611],[120.9366,23.4637],[120.9404,23.463],[120.9483,23.4641],[120.9565,23.4676],[120.9576,23.4695],[120.9547,23.469],[120.9515,23.4675],[120.9474,23.4671],[120.9415,23.4698],[120.9373,23.4731],[120.9341,23.4728],[120.9308,23.4706],[120.9265,23.473],[120.9175,23.4757],[120.9147,23.4747],[120.9102,23.4762],[120.908,23.4758],[120.902,23.4761],[120.8996,23.4754],[120.8965,23.4759],[120.8933,23.4755],[120.8867,23.4756],[120.8841,23.473],[120.8807,23.4676],[120.8734,23.4684],[120.869,23.4702],[120.8667,23.4724],[120.8634,23.4736],[120.8581,23.4729],[120.8564,23.4734],[120.85,23.4722],[120.8424,23.4733],[120.8394,23.4712],[120.8359,23.4725],[120.8324,23.4751],[120.83,23.4805],[120.8271,23.4831],[120.8262,23.4885],[120.8252,23.4901],[120.8254,23.495],[120.8229,23.4995],[120.8241,23.504],[120.8228,23.5088],[120.8232,23.5109],[120.8196,23.5153],[120.8191,23.5194],[120.8204,23.5215],[120.8181,23.5235],[120.8109,23.5345],[120.8086,23.5362],[120.8083,23.5436],[120.8088,23.5459],[120.8112,23.5492],[120.8116,23.5511],[120.8147,23.5519],[120.816,23.5533],[120.814,23.5554],[120.8207,23.5626],[120.8199,23.5645],[120.8219,23.571],[120.8196,23.575],[120.8213,23.5812],[120.8255,23.5864],[120.8231,23.5875],[120.8199,23.5904],[120.8187,23.5935],[120.8169,23.5956],[120.8186,23.5983],[120.8171,23.5998],[120.8139,23.601],[120.8099,23.5988],[120.8051,23.5986],[120.8038,23.5968],[120.7946,23.5974],[120.791,23.6009],[120.7874,23.6012],[120.7839,23.6007],[120.7776,23.6024],[120.7767,23.6039],[120.7735,23.6056],[120.7703,23.606],[120.7694,23.6084],[120.7638,23.6125],[120.7582,23.6125],[120.7547,23.6145],[120.7507,23.6143],[120.7492,23.6122],[120.7417,23.6124],[120.7381,23.6098],[120.7359,23.6095],[120.7309,23.6108],[120.727,23.6076],[120.7249,23.6036],[120.7278,23.6015],[120.7285,23.5995],[120.7326,23.5973],[120.73,23.5932],[120.7326,23.5895],[120.7323,23.588],[120.7339,23.5846],[120.7321,23.5772],[120.7351,23.5751],[120.7362,23.5704],[120.733,23.571],[120.7276,23.5704],[120.7244,23.5719],[120.7184,23.5691],[120.716,23.5711],[120.7109,23.5708],[120.7096,23.572],[120.709,23.5756],[120.704,23.5749],[120.6989,23.5764],[120.694,23.5765],[120.6866,23.5748],[120.6809,23.5713],[120.6762,23.5705],[120.6738,23.5725],[120.6727,23.5758],[120.6698,23.5784],[120.6608,23.576],[120.6582,23.5731],[120.656,23.5722],[120.6508,23.5724],[120.6475,23.5766],[120.6436,23.5755],[120.6435,23.5782],[120.646,23.5794],[120.649,23.5827],[120.6493,23.5856],[120.6471,23.5878],[120.6491,23.5926],[120.6456,23.5936],[120.6431,23.5926],[120.6399,23.5926],[120.6307,23.5899],[120.6258,23.5906],[120.6232,23.59],[120.6229,23.588],[120.619,23.5842],[120.6154,23.5853],[120.6109,23.5829],[120.6064,23.5842],[120.6,23.5832],[120.5948,23.5854],[120.5898,23.5857],[120.5852,23.583],[120.5813,23.5821],[120.5767,23.5835],[120.5741,23.586],[120.5705,23.588],[120.5676,23.5877],[120.5656,23.5894],[120.5618,23.5888],[120.5578,23.5892],[120.5566,23.5928],[120.5516,23.594],[120.5486,23.5937],[120.5369,23.5947],[120.5329,23.5972],[120.5323,23.5987],[120.5295,23.5998],[120.5281,23.6028],[120.523,23.6071],[120.5196,23.6091],[120.5176,23.6111],[120.515,23.6152],[120.5103,23.6193],[120.5095,23.6217],[120.5077,23.6231],[120.5064,23.6262],[120.5077,23.6303],[120.5061,23.6336],[120.5038,23.6353],[120.4993,23.6351],[120.4934,23.6331],[120.4891,23.6359],[120.4873,23.635],[120.4881,23.6315],[120.4859,23.6306],[120.4826,23.6322],[120.4787,23.6327],[120.4775,23.6299],[120.4737,23.631],[120.4696,23.6302],[120.4661,23.6303],[120.4603,23.6293],[120.4584,23.6277],[120.454,23.6263],[120.4528,23.6308],[120.45,23.6294],[120.4446,23.6305],[120.4425,23.6288],[120.4411,23.6259],[120.436,23.6261],[120.437,23.6238],[120.4362,23.6217],[120.4339,23.6229],[120.4318,23.6215],[120.4299,23.6184],[120.427,23.6193],[120.425,23.618],[120.4223,23.6191],[120.4201,23.6252],[120.4168,23.6228],[120.4141,23.6231],[120.4096,23.6252],[120.4067,23.6251],[120.4064,23.6326],[120.4048,23.6342],[120.4009,23.6322],[120.4027,23.6269],[120.3922,23.6236],[120.3923,23.6223],[120.3866,23.621],[120.3841,23.6175],[120.3828,23.6141],[120.3798,23.6099],[120.3706,23.6093],[120.3661,23.6068],[120.3659,23.603],[120.3615,23.5982],[120.3599,23.5957],[120.3566,23.594],[120.3525,23.5931],[120.3431,23.5919],[120.3349,23.593],[120.3337,23.5918],[120.3334,23.5824],[120.3325,23.5782],[120.3272,23.5743],[120.325,23.5732],[120.3196,23.5724],[120.3119,23.5749],[120.3074,23.5746],[120.3065,23.572],[120.3105,23.5666],[120.3106,23.5645],[120.3066,23.5629],[120.2977,23.5645],[120.2933,23.5642],[120.2893,23.5612],[120.2893,23.5566],[120.2909,23.5507],[120.2868,23.5479],[120.2827,23.5461],[120.2803,23.5459],[120.2761,23.543],[120.2725,23.5313],[120.2703,23.5302],[120.2678,23.5305],[120.2634,23.5335],[120.2616,23.5359],[120.2592,23.5416],[120.2561,23.5461],[120.25,23.5459],[120.2432,23.5435],[120.2419,23.5401],[120.2441,23.5326],[120.2456,23.5233],[120.247,23.5162],[120.2463,23.5134],[120.2439,23.5108],[120.2386,23.5075],[120.2309,23.5054],[120.223,23.5043],[120.2158,23.5069],[120.205,23.5118],[120.2018,23.5113],[120.1993,23.513],[120.1957,23.5128],[120.1899,23.5101],[120.1876,23.5106],[120.1831,23.5099],[120.1804,23.51],[120.1724,23.5147],[120.1665,23.5173],[120.1646,23.5158],[120.1581,23.5159],[120.1521,23.5183],[120.1494,23.5189],[120.1467,23.5206],[120.1427,23.5217],[120.1395,23.5217],[120.1182,23.5229],[120.1066,23.4848],[120.1137,23.4445],[120.1216,23.3961],[120.1216,23.356],[120.1153,23.3418],[120.1181,23.3402],[120.1324,23.3297],[120.137,23.328],[120.1455,23.3223],[120.1485,23.3197],[120.1486,23.3144],[120.1499,23.3131],[120.1542,23.3131],[120.1556,23.3104],[120.1605,23.3106],[120.1674,23.3077],[120.1709,23.3046],[120.1726,23.3019],[120.1757,23.2944],[120.1786,23.2917],[120.1806,23.2909],[120.1869,23.2901],[120.1891,23.2902],[120.1894,23.2923],[120.1863,23.2952],[120.1858,23.297],[120.1884,23.3012],[120.191,23.3007],[120.2008,23.2935],[120.2042,23.2919],[120.2085,23.2913],[120.2118,23.2927],[120.2144,23.2924],[120.2208,23.296],[120.2259,23.3033],[120.2278,23.3071],[120.2283,23.3101],[120.2313,23.3163],[120.2342,23.3196],[120.2356,23.3234],[120.2379,23.3269],[120.24,23.3276],[120.2447,23.3268],[120.2492,23.3289],[120.2564,23.3311],[120.2671,23.3407],[120.2675,23.3447],[120.2638,23.3451],[120.2609,23.3445],[120.2648,23.3512],[120.2677,23.3535],[120.2705,23.3537],[120.2748,23.3517],[120.2762,23.3482],[120.2814,23.3482],[120.2862,23.3503],[120.2861,23.3539],[120.2838,23.3586],[120.2838,23.362],[120.2855,23.3666],[120.2929,23.3754],[120.2994,23.3753],[120.3036,23.376],[120.308,23.375],[120.311,23.3754],[120.3104,23.3832],[120.3113,23.3861],[120.315,23.3885],[120.3178,23.3884],[120.3217,23.3836],[120.3287,23.3861],[120.3299,23.3854],[120.3337,23.386],[120.3414,23.395],[120.343,23.3982],[120.3464,23.4004],[120.3495,23.4013],[120.354,23.4013],[120.3597,23.4027],[120.3811,23.4034],[120.3862,23.4045],[120.3894,23.4061],[120.3927,23.4063],[120.4047,23.4103],[120.4081,23.4134],[120.4109,23.4101],[120.4144,23.4112],[120.4178,23.4088],[120.4193,23.4041],[120.4218,23.407],[120.4235,23.4064],[120.4316,23.4078],[120.4321,23.4107],[120.4345,23.4111],[120.4381,23.4134],[120.4415,23.4132],[120.4445,23.411],[120.4498,23.4093],[120.4528,23.4067],[120.4556,23.4066],[120.4608,23.4038],[120.465,23.4008],[120.4688,23.4005],[120.4695,23.3994],[120.4733,23.3981],[120.4761,23.3936],[120.4752,23.3913],[120.4775,23.3906],[120.4794,23.3876],[120.4857,23.3914],[120.491,23.3955],[120.4938,23.3949],[120.4976,23.3911],[120.4973,23.3891],[120.4992,23.3879],[120.497,23.3844],[120.4945,23.3843],[120.4846,23.3797],[120.4838,23.3783],[120.483,23.3717],[120.4845,23.3695],[120.4871,23.371],[120.4883,23.373],[120.4915,23.3725],[120.4943,23.3695],[120.496,23.3699],[120.4994,23.368],[120.5016,23.3678],[120.5045,23.369],[120.5102,23.3633],[120.5124,23.3598],[120.5123,23.3556],[120.508,23.3528],[120.5049,23.3549],[120.5037,23.3513],[120.5045,23.3494],[120.5051,23.3448],[120.5079,23.343],[120.5103,23.344],[120.5156,23.3437],[120.5185,23.342],[120.5231,23.3407],[120.526,23.3392],[120.5337,23.3365],[120.5368,23.3333],[120.54,23.3279],[120.537,23.3265],[120.536,23.3242],[120.532,23.3211],[120.5316,23.318],[120.5273,23.3146],[120.5239,23.3133],[120.5225,23.3118],[120.5234,23.3087],[120.5239,23.3027],[120.526,23.2971],[120.5261,23.2925],[120.5245,23.2916],[120.5218,23.2879],[120.523,23.2843],[120.5226,23.2813],[120.521,23.2798],[120.5223,23.2742],[120.5205,23.2717],[120.5225,23.2693],[120.5261,23.2665],[120.5281,23.2628],[120.5295,23.2578],[120.532,23.2554],[120.5305,23.249],[120.5278,23.2453],[120.5243,23.2421],[120.519,23.2393],[120.5264,23.2311],[120.5297,23.2325],[120.5317,23.2299],[120.5363,23.2291],[120.5397,23.2276],[120.5416,23.2278],[120.5489,23.2236],[120.5497,23.2214],[120.5525,23.2203],[120.5553,23.2174],[120.5581,23.2168],[120.5614,23.2174],[120.5651,23.2209],[120.5724,23.2178],[120.5749,23.2177],[120.5783,23.2148],[120.5802,23.2195],[120.582,23.22],[120.5867,23.2242],[120.5902,23.234],[120.5939,23.2394],[120.5965,23.235],[120.5964,23.2316],[120.5973,23.229],[120.6028,23.2261],[120.6065,23.2258],[120.6098,23.2226],[120.6129,23.224],[120.6168,23.2235],[120.6186,23.2257],[120.625,23.2273],[120.6283,23.2294],[120.639,23.2279],[120.6431,23.2255],[120.6468,23.2271],[120.6482,23.2256],[120.6516,23.224],[120.6535,23.2245]],[[120.4326,23.5135],[120.435,23.5171],[120.4373,23.515],[120.4389,23.5122],[120.442,23.5136],[120.4406,23.5182],[120.4441,23.5172],[120.448,23.5181],[120.4493,23.517],[120.4534,23.5159],[120.4569,23.5157],[120.4561,23.5121],[120.4576,23.5089],[120.46,23.5072],[120.4616,23.5045],[120.4622,23.5016],[120.4642,23.4991],[120.4676,23.4988],[120.4702,23.5003],[120.4708,23.5038],[120.4748,23.5068],[120.478,23.505],[120.4817,23.5045],[120.4832,23.5054],[120.4847,23.5018],[120.4836,23.4967],[120.4844,23.4951],[120.4878,23.4919],[120.4935,23.4911],[120.4943,23.4902],[120.5002,23.4906],[120.505,23.4788],[120.5093,23.4747],[120.5092,23.4722],[120.5071,23.4716],[120.5038,23.4672],[120.4998,23.4654],[120.5007,23.4614],[120.4975,23.4578],[120.4971,23.4553],[120.4952,23.4529],[120.4894,23.4524],[120.4856,23.4555],[120.4819,23.4578],[120.4808,23.4598],[120.4768,23.462],[120.4687,23.4616],[120.4648,23.4583],[120.4653,23.4558],[120.461,23.4553],[120.4573,23.4529],[120.4547,23.4503],[120.4546,23.4484],[120.4529,23.4449],[120.4504,23.4435],[120.4471,23.4434],[120.4416,23.4401],[120.4395,23.4396],[120.436,23.4442],[120.4381,23.4448],[120.435,23.4491],[120.4301,23.4526],[120.4293,23.4611],[120.4241,23.4613],[120.4152,23.4603],[120.4121,23.4646],[120.4066,23.4636],[120.3941,23.4625],[120.3942,23.4664],[120.3965,23.4677],[120.3993,23.471],[120.3986,23.4741],[120.3988,23.478],[120.3969,23.4805],[120.3944,23.4808],[120.3933,23.4837],[120.3947,23.4907],[120.3898,23.4914],[120.3892,23.4972],[120.39,23.4994],[120.395,23.5008],[120.3993,23.4988],[120.401,23.5019],[120.404,23.5038],[120.408,23.5032],[120.4083,23.4988],[120.4119,23.499],[120.4134,23.5024],[120.4171,23.5055],[120.4245,23.5062],[120.4277,23.5092],[120.4332,23.5089],[120.4337,23.5112],[120.4326,23.5135]]]},"properties":{"region_code":"CN-71-6F11402DB0","parent_region_code":"CN-71","name":"嘉义县","level":"prefecture","has_children":true,"full_path":"中国 / 台湾省 / 嘉义县","source_admin_code":null,"osm_relation_id":2908173}},
{"type":"Feature","geometry":{"type":"MultiPolygon","coordinates":[[[[120.3828,22.3532],[120.3814,22.3553],[120.3775,22.3557],[120.371,22.3526],[120.3664,22.3513],[120.3612,22.3453],[120.363,22.3395],[120.3605,22.3372],[120.3594,22.3338],[120.3551,22.3308],[120.3529,22.3266],[120.353,22.3248],[120.3551,22.3229],[120.3586,22.3216],[120.3647,22.3238],[120.3695,22.3281],[120.3705,22.3308],[120.3727,22.3319],[120.3731,22.3338],[120.3765,22.3365],[120.3846,22.3404],[120.3872,22.3421],[120.3887,22.3458],[120.389,22.3495],[120.3828,22.3532]]],[[[120.424,22.4779],[120.4244,22.4688],[120.4331,22.4684],[120.4351,22.4645],[120.436,22.4594],[120.4385,22.4594],[120.4397,22.4568],[120.4446,22.4522],[120.4469,22.4494],[120.4586,22.4394],[120.4727,22.4312],[120.4806,22.4269],[120.4822,22.43],[120.4886,22.4267],[120.4967,22.4231],[120.5097,22.4146],[120.5116,22.4126],[120.5141,22.412],[120.5181,22.4098],[120.5264,22.4067],[120.5339,22.4029],[120.5348,22.403],[120.546,22.3974],[120.5568,22.3911],[120.5775,22.3775],[120.587,22.3703],[120.5927,22.3645],[120.5922,22.3621],[120.5951,22.3597],[120.6008,22.3528],[120.6026,22.3477],[120.6072,22.3393],[120.6123,22.3347],[120.624,22.3253],[120.6304,22.3192],[120.6367,22.3121],[120.6381,22.3086],[120.6423,22.3031],[120.6432,22.2913],[120.645,22.2859],[120.6484,22.2792],[120.6493,22.2746],[120.6516,22.2674],[120.6492,22.2562],[120.6502,22.2533],[120.6602,22.2464],[120.6662,22.2406],[120.6717,22.2344],[120.6753,22.2282],[120.6757,22.2254],[120.6772,22.2244],[120.6767,22.2216],[120.6833,22.2126],[120.6859,22.2077],[120.6859,22.2037],[120.6838,22.1981],[120.6841,22.1956],[120.6867,22.1909],[120.6894,22.188],[120.691,22.1842],[120.6919,22.18],[120.6934,22.1776],[120.694,22.1721],[120.6971,22.1612],[120.696,22.1582],[120.6966,22.1548],[120.6992,22.1524],[120.7004,22.1484],[120.6979,22.144],[120.699,22.139],[120.7028,22.1381],[120.7027,22.1308],[120.7066,22.1285],[120.7101,22.1221],[120.7096,22.1197],[120.7134,22.1128],[120.7129,22.1099],[120.7161,22.1053],[120.7156,22.099],[120.7174,22.0947],[120.7155,22.0917],[120.71,22.0879],[120.7037,22.0859],[120.7011,22.0838],[120.7013,22.0818],[120.7031,22.0802],[120.7066,22.0693],[120.7072,22.066],[120.7069,22.0609],[120.7049,22.0563],[120.7017,22.055],[120.6991,22.056],[120.6958,22.0519],[120.6947,22.0471],[120.698,22.0426],[120.6974,22.0413],[120.69,22.0366],[120.6865,22.0313],[120.6858,22.0273],[120.6868,22.0215],[120.689,22.0182],[120.6911,22.013],[120.6926,22.012],[120.6926,22.009],[120.6943,22.0048],[120.6964,22.0016],[120.6997,21.998],[120.7066,21.9956],[120.7069,21.9922],[120.7087,21.9868],[120.711,21.9859],[120.7142,21.981],[120.7159,21.9727],[120.7132,21.9674],[120.7124,21.9644],[120.7125,21.96],[120.7119,21.9559],[120.7117,21.9483],[120.7101,21.9396],[120.7112,21.9342],[120.7149,21.9351],[120.7193,21.933],[120.7192,21.9275],[120.7226,21.923],[120.7258,21.92],[120.7281,21.9188],[120.732,21.9197],[120.7364,21.9192],[120.7393,21.9201],[120.7395,21.9272],[120.7418,21.9278],[120.7455,21.9314],[120.7465,21.9333],[120.7453,21.9388],[120.7453,21.9431],[120.7488,21.9505],[120.7536,21.9539],[120.7536,21.9555],[120.762,21.9589],[120.7661,21.9592],[120.7705,21.9527],[120.7765,21.9499],[120.7826,21.9444],[120.7886,21.9449],[120.7949,21.9441],[120.7983,21.9417],[120.7985,21.9379],[120.8016,21.9373],[120.8035,21.9411],[120.8058,21.9407],[120.8065,21.9373],[120.8101,21.9342],[120.813,21.9335],[120.8176,21.9341],[120.8201,21.9352],[120.8221,21.9347],[120.8247,21.9305],[120.8329,21.9232],[120.8343,21.9191],[120.8372,21.916],[120.8414,21.9147],[120.8455,21.9146],[120.8471,21.9134],[120.8469,21.9062],[120.8486,21.9004],[120.8512,21.8981],[120.8554,21.8969],[120.8598,21.8969],[120.8631,21.8979],[120.8663,21.9006],[120.8633,21.9033],[120.8605,21.9095],[120.8614,21.9133],[120.8612,21.9166],[120.8599,21.9177],[120.8539,21.9279],[120.8502,21.9316],[120.8484,21.9322],[120.8475,21.9366],[120.8454,21.9399],[120.8423,21.9479],[120.8409,21.9497],[120.8414,21.9552],[120.8404,21.9584],[120.8413,21.9621],[120.8441,21.9688],[120.8459,21.9771],[120.844,21.9789],[120.8446,21.984],[120.8464,21.9878],[120.849,21.9896],[120.8539,21.9893],[120.8636,21.9935],[120.8671,21.9963],[120.8743,21.9993],[120.876,22.0016],[120.8762,22.0056],[120.8776,22.0065],[120.8765,22.0103],[120.8768,22.0119],[120.8822,22.0136],[120.8867,22.0176],[120.8871,22.0246],[120.8879,22.0265],[120.8934,22.0309],[120.8998,22.0345],[120.8979,22.0392],[120.8965,22.0408],[120.8952,22.0454],[120.8932,22.0479],[120.8926,22.0508],[120.8934,22.0556],[120.8919,22.0675],[120.8926,22.0699],[120.8905,22.076],[120.8901,22.0797],[120.8911,22.0862],[120.8953,22.09],[120.8984,22.0955],[120.898,22.0992],[120.9004,22.1042],[120.8999,22.1055],[120.8964,22.1074],[120.8922,22.1086],[120.8895,22.1131],[120.8878,22.1177],[120.8862,22.1254],[120.8859,22.1328],[120.8959,22.1405],[120.8966,22.144],[120.8951,22.1446],[120.8913,22.1483],[120.8939,22.155],[120.8935,22.1584],[120.8911,22.1634],[120.8931,22.1708],[120.893,22.178],[120.8916,22.1798],[120.8916,22.1852],[120.8899,22.1944],[120.8907,22.1973],[120.8928,22.1976],[120.8946,22.1999],[120.8959,22.2035],[120.8951,22.21],[120.8935,22.2169],[120.8934,22.2196],[120.8946,22.2235],[120.895,22.227],[120.8981,22.2305],[120.8988,22.234],[120.897,22.2393],[120.8955,22.2462],[120.8922,22.2454],[120.8914,22.2443],[120.8842,22.2407],[120.8805,22.2345],[120.8765,22.2348],[120.8714,22.2329],[120.8709,22.2314],[120.8663,22.2298],[120.8624,22.2313],[120.8642,22.2335],[120.8617,22.2374],[120.859,22.2386],[120.8587,22.2408],[120.8555,22.2414],[120.8509,22.2436],[120.8449,22.2428],[120.8414,22.2445],[120.8395,22.2436],[120.8326,22.2471],[120.8315,22.2499],[120.8259,22.2566],[120.8211,22.2587],[120.8187,22.2611],[120.8154,22.2632],[120.7996,22.2571],[120.7987,22.2639],[120.7996,22.2651],[120.7962,22.2676],[120.7976,22.2725],[120.798,22.2765],[120.8008,22.2774],[120.8067,22.2772],[120.8052,22.2843],[120.8006,22.2843],[120.7991,22.2855],[120.7933,22.2858],[120.7909,22.2887],[120.7899,22.2934],[120.7868,22.2944],[120.7819,22.2944],[120.7778,22.2979],[120.7769,22.3022],[120.7781,22.3086],[120.7835,22.3095],[120.7873,22.3092],[120.7931,22.3126],[120.7964,22.3168],[120.7965,22.3197],[120.7948,22.3232],[120.7936,22.3236],[120.7926,22.3278],[120.7928,22.3348],[120.7892,22.3386],[120.7888,22.3412],[120.7863,22.3423],[120.7851,22.3455],[120.7812,22.3464],[120.7791,22.3479],[120.7758,22.3487],[120.7716,22.3486],[120.7674,22.3476],[120.7635,22.3524],[120.763,22.3591],[120.7614,22.3603],[120.7585,22.3595],[120.7528,22.3603],[120.7435,22.3673],[120.7448,22.3701],[120.7482,22.372],[120.7491,22.3742],[120.7487,22.3805],[120.7505,22.384],[120.7547,22.3867],[120.7564,22.3886],[120.7522,22.3925],[120.7542,22.3968],[120.7576,22.3984],[120.7555,22.4032],[120.7646,22.4087],[120.7684,22.4086],[120.7707,22.4068],[120.7733,22.4069],[120.775,22.4093],[120.7799,22.4092],[120.783,22.4113],[120.7895,22.4176],[120.788,22.4199],[120.7868,22.4252],[120.7848,22.4281],[120.7821,22.4345],[120.7797,22.4379],[120.7767,22.4401],[120.7751,22.4434],[120.7765,22.4494],[120.7719,22.4519],[120.7659,22.4528],[120.7632,22.4542],[120.7581,22.4585],[120.7551,22.4572],[120.7515,22.4585],[120.7516,22.4641],[120.7541,22.4692],[120.7544,22.4725],[120.7511,22.4795],[120.7577,22.482],[120.7589,22.4884],[120.7618,22.4892],[120.7638,22.4911],[120.7643,22.4942],[120.7634,22.4992],[120.762,22.5021],[120.759,22.5056],[120.7575,22.5087],[120.7535,22.5114],[120.7531,22.5181],[120.7513,22.5217],[120.7518,22.5249],[120.75,22.5294],[120.75,22.534],[120.748,22.5386],[120.7437,22.5435],[120.7395,22.5515],[120.7391,22.5532],[120.74,22.5585],[120.7397,22.5631],[120.7416,22.5687],[120.748,22.5711],[120.7488,22.5721],[120.7493,22.5777],[120.7467,22.5841],[120.7458,22.5884],[120.7465,22.5908],[120.7524,22.5973],[120.7548,22.6012],[120.754,22.6086],[120.753,22.6116],[120.7545,22.616],[120.758,22.6231],[120.7609,22.6256],[120.7612,22.6294],[120.7633,22.6313],[120.7641,22.6334],[120.7676,22.6361],[120.7687,22.6385],[120.7719,22.6419],[120.7737,22.646],[120.7772,22.6505],[120.7797,22.6525],[120.7858,22.6612],[120.7863,22.6629],[120.7862,22.672],[120.7889,22.6762],[120.7914,22.6787],[120.7914,22.6804],[120.7892,22.684],[120.7894,22.6867],[120.7867,22.6928],[120.7889,22.6933],[120.7921,22.6915],[120.795,22.6908],[120.7978,22.6891],[120.808,22.6892],[120.8093,22.6884],[120.8111,22.6919],[120.8165,22.6918],[120.8189,22.6908],[120.8188,22.6945],[120.8203,22.6957],[120.826,22.6959],[120.8278,22.6974],[120.8349,22.6965],[120.8383,22.699],[120.838,22.7017],[120.8396,22.7038],[120.8403,22.7067],[120.8434,22.7076],[120.8423,22.7095],[120.8447,22.7111],[120.8486,22.717],[120.8547,22.7175],[120.8587,22.7137],[120.8612,22.7166],[120.8672,22.7169],[120.8695,22.7159],[120.8754,22.7171],[120.8788,22.7161],[120.8838,22.7173],[120.8873,22.7224],[120.8883,22.7267],[120.8915,22.7295],[120.8926,22.7358],[120.8947,22.7376],[120.8956,22.742],[120.8941,22.7438],[120.8954,22.7482],[120.8941,22.7519],[120.8956,22.7557],[120.8944,22.7594],[120.8948,22.7625],[120.8932,22.7636],[120.893,22.7661],[120.8964,22.768],[120.8998,22.7688],[120.9009,22.7716],[120.9038,22.7757],[120.9032,22.7804],[120.9042,22.7831],[120.9017,22.7875],[120.9032,22.7929],[120.9032,22.8],[120.9009,22.8045],[120.8994,22.8047],[120.8961,22.8083],[120.8936,22.8091],[120.891,22.8117],[120.8808,22.8144],[120.8772,22.813],[120.8748,22.8152],[120.8719,22.8148],[120.8686,22.8169],[120.8669,22.8197],[120.8652,22.8247],[120.8616,22.8266],[120.8646,22.8319],[120.8654,22.836],[120.8641,22.8396],[120.8647,22.8431],[120.8624,22.8471],[120.8598,22.8487],[120.86,22.8513],[120.857,22.8531],[120.8562,22.8551],[120.8529,22.8575],[120.8478,22.8518],[120.8431,22.854],[120.8414,22.8566],[120.8412,22.8599],[120.8374,22.8641],[120.8321,22.8662],[120.8289,22.8657],[120.8243,22.8663],[120.8187,22.8622],[120.8159,22.8621],[120.8142,22.8604],[120.8135,22.8574],[120.8111,22.8567],[120.8036,22.8529],[120.801,22.851],[120.7937,22.8521],[120.7917,22.8487],[120.793,22.8423],[120.7903,22.8401],[120.7859,22.8399],[120.7817,22.8362],[120.7788,22.8352],[120.7741,22.838],[120.7733,22.8403],[120.768,22.8458],[120.7656,22.8487],[120.7641,22.849],[120.7622,22.8566],[120.7591,22.8605],[120.7559,22.863],[120.7551,22.8646],[120.7496,22.8655],[120.7466,22.8678],[120.7463,22.8693],[120.7427,22.8736],[120.7376,22.8743],[120.7313,22.8761],[120.725,22.8808],[120.7206,22.882],[120.7169,22.8809],[120.7058,22.8812],[120.7029,22.8795],[120.7019,22.8772],[120.6975,22.8726],[120.692,22.8684],[120.6907,22.8651],[120.6862,22.8646],[120.6846,22.8637],[120.6791,22.8629],[120.6767,22.8572],[120.6727,22.8564],[120.6701,22.8568],[120.6687,22.8586],[120.6613,22.8596],[120.6598,22.8612],[120.6587,22.8664],[120.6597,22.8699],[120.6584,22.8744],[120.6583,22.8787],[120.6566,22.8812],[120.6548,22.8814],[120.6525,22.8796],[120.6511,22.8772],[120.6479,22.878],[120.6466,22.8837],[120.645,22.8851],[120.6358,22.8814],[120.6276,22.879],[120.6218,22.8759],[120.6203,22.8756],[120.6154,22.8768],[120.6054,22.873],[120.5981,22.8668],[120.5955,22.8639],[120.5855,22.8564],[120.5734,22.8469],[120.5697,22.8432],[120.5655,22.837],[120.5615,22.8337],[120.5576,22.8321],[120.5532,22.8284],[120.5484,22.8284],[120.5441,22.8298],[120.5376,22.8292],[120.534,22.8306],[120.5311,22.8308],[120.5235,22.8328],[120.5201,22.8314],[120.5155,22.8315],[120.51,22.8285],[120.5089,22.8296],[120.5035,22.8317],[120.4985,22.8314],[120.4961,22.833],[120.494,22.8368],[120.4908,22.8352],[120.4883,22.8358],[120.4823,22.8359],[120.4762,22.8382],[120.4741,22.8368],[120.4721,22.8337],[120.4688,22.8305],[120.4692,22.8249],[120.4676,22.8223],[120.4674,22.8156],[120.4655,22.8127],[120.4641,22.8003],[120.46,22.7905],[120.4575,22.7854],[120.4559,22.7798],[120.4557,22.7744],[120.4541,22.7711],[120.4544,22.7644],[120.4537,22.7566],[120.4546,22.7476],[120.455,22.7388],[120.4561,22.7306],[120.4561,22.7221],[120.4554,22.7162],[120.4513,22.7001],[120.4511,22.6978],[120.4492,22.6922],[120.447,22.6877],[120.4431,22.6851],[120.4396,22.6783],[120.44,22.6732],[120.4362,22.6623],[120.4359,22.657],[120.4362,22.6482],[120.4354,22.6399],[120.4358,22.6303],[120.4335,22.6232],[120.4337,22.6177],[120.4346,22.6134],[120.438,22.6067],[120.4427,22.6034],[120.446,22.5982],[120.4468,22.5934],[120.447,22.586],[120.4453,22.5771],[120.4444,22.5699],[120.4428,22.5623],[120.441,22.558],[120.438,22.5526],[120.4366,22.5476],[120.4329,22.5458],[120.4309,22.5439],[120.4292,22.5387],[120.4251,22.5283],[120.4244,22.5232],[120.4229,22.5187],[120.4231,22.511],[120.4237,22.5065],[120.4257,22.4977],[120.424,22.48],[120.424,22.4779]]]]},"properties":{"region_code":"CN-71-32A0F6BD16","parent_region_code":"CN-71","name":"屏东县","level":"prefecture","has_children":true,"full_path":"中国 / 台湾省 / 屏东县","source_admin_code":null,"osm_relation_id":2775815}},
{"type":"Feature","geometry":{"type":"MultiPolygon","coordinates":[[[[121.9616,24.8356],[121.9638,24.8367],[121.9646,24.8392],[121.9624,24.84],[121.9597,24.8426],[121.9597,24.8454],[121.9562,24.8493],[121.9515,24.8509],[121.9484,24.8503],[121.9464,24.8482],[121.9436,24.8431],[121.9385,24.8441],[121.9418,24.8379],[121.9446,24.8378],[121.9477,24.8363],[121.9579,24.8372],[121.9616,24.8356]]],[[[121.4799,24.6738],[121.4724,24.6731],[121.4693,24.6719],[121.4612,24.6727],[121.4597,24.6733],[121.4552,24.6682],[121.4539,24.6643],[121.4496,24.6623],[121.4477,24.6583],[121.4489,24.6531],[121.4513,24.651],[121.4484,24.6457],[121.4449,24.6428],[121.4454,24.6381],[121.4444,24.6368],[121.4404,24.635],[121.4359,24.6271],[121.4349,24.6243],[121.4356,24.6217],[121.4335,24.6188],[121.4323,24.6153],[121.4306,24.6145],[121.4279,24.6062],[121.4244,24.603],[121.418,24.6011],[121.4134,24.6034],[121.412,24.6006],[121.409,24.5994],[121.403,24.5917],[121.4052,24.5868],[121.4102,24.5794],[121.4121,24.5746],[121.4121,24.573],[121.4073,24.5699],[121.4038,24.5689],[121.4013,24.5646],[121.4007,24.5616],[121.3977,24.5598],[121.395,24.5562],[121.3955,24.5528],[121.3988,24.5482],[121.3969,24.5414],[121.3968,24.5393],[121.3983,24.5367],[121.3989,24.5324],[121.4017,24.5294],[121.3977,24.5248],[121.3935,24.5246],[121.3906,24.5229],[121.3895,24.5197],[121.3878,24.5172],[121.3851,24.5168],[121.3852,24.5132],[121.3835,24.5101],[121.3792,24.5095],[121.3758,24.51],[121.3732,24.5095],[121.3725,24.5021],[121.3712,24.4983],[121.3647,24.4956],[121.3629,24.4937],[121.3616,24.4904],[121.3572,24.4863],[121.3527,24.4855],[121.3499,24.4843],[121.3472,24.4848],[121.3427,24.4821],[121.3413,24.4771],[121.34,24.4748],[121.3356,24.4716],[121.3361,24.4674],[121.33,24.4644],[121.3295,24.4625],[121.3265,24.4605],[121.3239,24.4569],[121.3204,24.4485],[121.3196,24.4451],[121.3177,24.4415],[121.3201,24.4411],[121.3243,24.4365],[121.327,24.4343],[121.3268,24.4305],[121.3277,24.4279],[121.3265,24.4218],[121.3269,24.4182],[121.3266,24.4134],[121.3257,24.4099],[121.3241,24.4074],[121.3251,24.4018],[121.3269,24.3986],[121.3313,24.3983],[121.3322,24.396],[121.3361,24.3927],[121.3376,24.3904],[121.3419,24.393],[121.3452,24.3933],[121.3514,24.3925],[121.3546,24.3935],[121.3583,24.3909],[121.364,24.3895],[121.3675,24.386],[121.3688,24.3823],[121.3673,24.3815],[121.3665,24.3788],[121.3685,24.375],[121.3686,24.3727],[121.3727,24.3687],[121.3764,24.3689],[121.3812,24.3675],[121.3871,24.3705],[121.389,24.3756],[121.3919,24.3756],[121.3951,24.3785],[121.3973,24.3782],[121.4009,24.3801],[121.4036,24.3782],[121.4079,24.3787],[121.4124,24.3804],[121.4189,24.3798],[121.421,24.3815],[121.4248,24.3821],[121.4284,24.3836],[121.4369,24.3835],[121.4397,24.3788],[121.4419,24.3738],[121.4434,24.3748],[121.4471,24.374],[121.451,24.3655],[121.4531,24.3645],[121.4613,24.3579],[121.4651,24.3555],[121.4731,24.3527],[121.4751,24.3513],[121.4788,24.352],[121.4809,24.3492],[121.4857,24.3481],[121.4873,24.3461],[121.4904,24.3444],[121.4922,24.3421],[121.4983,24.3392],[121.5043,24.343],[121.5077,24.3432],[121.51,24.3411],[121.5175,24.341],[121.5218,24.343],[121.5255,24.3422],[121.5277,24.3392],[121.531,24.3385],[121.5334,24.337],[121.5356,24.3374],[121.5404,24.336],[121.5442,24.3378],[121.5483,24.3364],[121.5507,24.3343],[121.5566,24.3305],[121.5578,24.3259],[121.5602,24.3227],[121.5634,24.3222],[121.5663,24.3193],[121.5692,24.318],[121.5717,24.3181],[121.5753,24.3197],[121.5788,24.3181],[121.582,24.3179],[121.5883,24.3156],[121.5893,24.3138],[121.5937,24.3164],[121.5967,24.3164],[121.6008,24.3149],[121.6053,24.3103],[121.6069,24.313],[121.6053,24.3152],[121.6047,24.3182],[121.6013,24.3203],[121.6009,24.3239],[121.5966,24.3282],[121.5957,24.3316],[121.5967,24.3333],[121.5994,24.3335],[121.6004,24.3314],[121.6038,24.3291],[121.6064,24.3302],[121.6065,24.3325],[121.6078,24.3355],[121.6131,24.3356],[121.6152,24.3333],[121.6185,24.3345],[121.6161,24.3374],[121.6166,24.3408],[121.6181,24.3449],[121.6204,24.3452],[121.6227,24.3395],[121.6261,24.3403],[121.6279,24.3385],[121.6266,24.3363],[121.6286,24.3337],[121.633,24.3351],[121.6329,24.3399],[121.6315,24.3422],[121.6318,24.3445],[121.6346,24.3445],[121.6358,24.3463],[121.6347,24.3486],[121.6269,24.3495],[121.6273,24.3515],[121.6264,24.3547],[121.6222,24.3567],[121.6214,24.3597],[121.6235,24.3619],[121.6208,24.3626],[121.6216,24.3664],[121.626,24.3692],[121.6305,24.3705],[121.6312,24.366],[121.6341,24.3665],[121.6348,24.364],[121.6373,24.3631],[121.6404,24.3593],[121.64,24.3581],[121.6438,24.3536],[121.6486,24.3496],[121.6507,24.351],[121.65,24.3549],[121.6478,24.3578],[121.6509,24.3597],[121.6538,24.3556],[121.6533,24.3525],[121.6575,24.3529],[121.6605,24.3513],[121.6633,24.3527],[121.664,24.3491],[121.6665,24.3475],[121.6694,24.3429],[121.6729,24.3438],[121.6741,24.3423],[121.6735,24.3398],[121.6759,24.3375],[121.6782,24.338],[121.6838,24.3407],[121.6869,24.3388],[121.6872,24.3351],[121.6886,24.3336],[121.6936,24.3349],[121.6976,24.3342],[121.6999,24.3325],[121.7055,24.3295],[121.7135,24.3269],[121.7235,24.3255],[121.7288,24.3257],[121.735,24.3231],[121.74,24.3236],[121.7445,24.3229],[121.7591,24.3142],[121.7696,24.3132],[121.7738,24.3145],[121.7738,24.3165],[121.7708,24.3317],[121.7707,24.3353],[121.7715,24.3391],[121.7746,24.3471],[121.7768,24.3515],[121.7777,24.3545],[121.7804,24.3599],[121.7825,24.3629],[121.7844,24.3696],[121.7872,24.3735],[121.7874,24.3846],[121.7882,24.3895],[121.7884,24.3956],[121.7894,24.4034],[121.7932,24.4167],[121.7993,24.4314],[121.8023,24.4356],[121.8082,24.4405],[121.8138,24.4445],[121.8155,24.4478],[121.8216,24.4563],[121.82,24.4585],[121.8212,24.4597],[121.8218,24.463],[121.825,24.4652],[121.8325,24.4681],[121.8349,24.4708],[121.838,24.4714],[121.8404,24.4749],[121.844,24.4776],[121.8469,24.4781],[121.8496,24.48],[121.8558,24.481],[121.8574,24.4796],[121.8612,24.48],[121.8615,24.4817],[121.859,24.4838],[121.8561,24.4833],[121.8523,24.4838],[121.8505,24.4852],[121.8499,24.4931],[121.8486,24.4958],[121.8461,24.4964],[121.8421,24.4986],[121.84,24.4983],[121.8387,24.5002],[121.8382,24.508],[121.8395,24.5143],[121.8413,24.5192],[121.8429,24.5211],[121.8492,24.5221],[121.8572,24.5251],[121.8616,24.5277],[121.8655,24.5275],[121.872,24.5313],[121.8738,24.5346],[121.8722,24.5395],[121.8723,24.5418],[121.8738,24.5458],[121.8724,24.5477],[121.8706,24.5552],[121.8704,24.5611],[121.871,24.5634],[121.87,24.5691],[121.8692,24.5704],[121.8702,24.5755],[121.8724,24.5783],[121.8776,24.5797],[121.8722,24.5843],[121.8754,24.5859],[121.881,24.5932],[121.8818,24.5978],[121.8837,24.6014],[121.8804,24.6054],[121.876,24.6055],[121.8731,24.6087],[121.87,24.6085],[121.8657,24.6094],[121.8634,24.6112],[121.8575,24.6181],[121.8538,24.6243],[121.8496,24.6326],[121.8443,24.6463],[121.8426,24.6515],[121.8397,24.6633],[121.8376,24.6761],[121.8366,24.6891],[121.8366,24.7013],[121.8372,24.7098],[121.8367,24.7138],[121.8333,24.7192],[121.826,24.7323],[121.8231,24.7399],[121.8211,24.7467],[121.8187,24.7613],[121.8181,24.768],[121.8177,24.779],[121.8184,24.7909],[121.8205,24.8082],[121.8232,24.8245],[121.8263,24.8387],[121.8305,24.8517],[121.8321,24.8554],[121.8337,24.8556],[121.8363,24.8593],[121.8387,24.8653],[121.8415,24.8664],[121.8431,24.8747],[121.8448,24.8792],[121.8487,24.8848],[121.8519,24.8913],[121.8579,24.8933],[121.8629,24.8981],[121.8642,24.9012],[121.8663,24.9031],[121.8678,24.9024],[121.8712,24.9044],[121.8724,24.9063],[121.8795,24.9137],[121.8823,24.9155],[121.885,24.9184],[121.884,24.9231],[121.8871,24.9257],[121.8871,24.9284],[121.8857,24.9303],[121.8863,24.9331],[121.8893,24.9372],[121.8937,24.9402],[121.897,24.9411],[121.8991,24.94],[121.9037,24.9406],[121.9044,24.9463],[121.9072,24.9474],[121.9106,24.9507],[121.9169,24.9522],[121.9194,24.9549],[121.9183,24.9576],[121.921,24.9598],[121.9237,24.9665],[121.9265,24.9695],[121.9317,24.9723],[121.9358,24.9738],[121.9409,24.9738],[121.945,24.977],[121.9483,24.9787],[121.9511,24.9792],[121.9564,24.9827],[121.9616,24.9833],[121.9642,24.9825],[121.9659,24.9833],[121.9628,24.9878],[121.9598,24.9884],[121.9581,24.9873],[121.9556,24.9883],[121.9504,24.9883],[121.948,24.9867],[121.944,24.988],[121.9406,24.9845],[121.9376,24.9831],[121.9345,24.9831],[121.934,24.9813],[121.9268,24.9802],[121.9223,24.9786],[121.9163,24.9795],[121.912,24.978],[121.9101,24.9748],[121.9068,24.9756],[121.9054,24.9734],[121.9028,24.9744],[121.9004,24.9718],[121.8995,24.9694],[121.8973,24.9671],[121.8897,24.9648],[121.8886,24.9632],[121.8845,24.9644],[121.8823,24.9641],[121.8762,24.9615],[121.8718,24.9608],[121.8651,24.9622],[121.8613,24.9637],[121.8588,24.9634],[121.8543,24.9615],[121.8526,24.9596],[121.8504,24.9612],[121.8472,24.9604],[121.8414,24.9542],[121.8418,24.9513],[121.8407,24.9479],[121.8392,24.9463],[121.8398,24.9422],[121.8424,24.9394],[121.8466,24.9378],[121.8491,24.9303],[121.8538,24.9279],[121.8539,24.9256],[121.8521,24.9237],[121.8456,24.9194],[121.844,24.916],[121.8396,24.9127],[121.838,24.9101],[121.8318,24.9049],[121.8258,24.9053],[121.8224,24.9046],[121.8184,24.9027],[121.8117,24.9065],[121.8105,24.9037],[121.8061,24.9025],[121.8045,24.9012],[121.7963,24.901],[121.7925,24.9],[121.7926,24.8959],[121.79,24.8934],[121.7858,24.8925],[121.7854,24.8905],[121.7817,24.8895],[121.7823,24.8863],[121.7822,24.8792],[121.7849,24.8756],[121.7773,24.8697],[121.7743,24.8652],[121.7714,24.8649],[121.769,24.8659],[121.7643,24.8599],[121.7616,24.8598],[121.7611,24.8569],[121.7543,24.8564],[121.7506,24.8545],[121.7478,24.8549],[121.7457,24.8528],[121.742,24.8525],[121.7383,24.8553],[121.7326,24.8558],[121.7272,24.8531],[121.725,24.8507],[121.7219,24.8499],[121.7187,24.8457],[121.7157,24.8444],[121.7143,24.8418],[121.709,24.8406],[121.7033,24.8352],[121.7011,24.8344],[121.6991,24.8355],[121.6967,24.8346],[121.6964,24.8305],[121.6919,24.8272],[121.6888,24.8261],[121.6877,24.8243],[121.6901,24.8214],[121.6889,24.8193],[121.6893,24.8173],[121.6834,24.8169],[121.6806,24.8175],[121.6772,24.8141],[121.6742,24.8141],[121.6711,24.8168],[121.6686,24.8168],[121.6602,24.8111],[121.6543,24.8111],[121.6475,24.8139],[121.6461,24.8101],[121.6444,24.8092],[121.642,24.8104],[121.6388,24.8107],[121.6372,24.8094],[121.6301,24.8089],[121.6282,24.8079],[121.626,24.8088],[121.6261,24.8033],[121.6248,24.8011],[121.626,24.7967],[121.6253,24.795],[121.6205,24.7926],[121.6172,24.7938],[121.6133,24.7932],[121.6096,24.7938],[121.6056,24.7891],[121.6029,24.7894],[121.599,24.7877],[121.5935,24.7873],[121.5932,24.7824],[121.5944,24.779],[121.5976,24.7726],[121.5958,24.7696],[121.5963,24.7671],[121.5935,24.7648],[121.5907,24.7612],[121.5909,24.7588],[121.589,24.7551],[121.5907,24.751],[121.5945,24.7502],[121.5962,24.7482],[121.5926,24.7459],[121.592,24.7432],[121.595,24.7409],[121.5954,24.7391],[121.5943,24.7346],[121.5949,24.7322],[121.5943,24.7292],[121.5974,24.7275],[121.5907,24.7237],[121.5879,24.7205],[121.5857,24.72],[121.5794,24.7224],[121.5775,24.7203],[121.5772,24.7148],[121.5755,24.7109],[121.5721,24.7107],[121.5705,24.7139],[121.5675,24.7115],[121.562,24.7127],[121.558,24.7109],[121.5558,24.7107],[121.5538,24.7079],[121.5503,24.7057],[121.5466,24.7062],[121.5436,24.7057],[121.5406,24.7021],[121.5378,24.6997],[121.5386,24.698],[121.5377,24.6941],[121.5375,24.69],[121.5363,24.6883],[121.529,24.6877],[121.527,24.6855],[121.5238,24.6833],[121.5148,24.6832],[121.5116,24.6843],[121.5072,24.6822],[121.505,24.6795],[121.499,24.6779],[121.4966,24.6753],[121.4926,24.6732],[121.487,24.6752],[121.485,24.6739],[121.4799,24.6738]]]]},"properties":{"region_code":"CN-71-068512FC01","parent_region_code":"CN-71","name":"宜兰县","level":"prefecture","has_children":true,"full_path":"中国 / 台湾省 / 宜兰县","source_admin_code":null,"osm_relation_id":2912630}},
{"type":"Feature","geometry":{"type":"Polygon","coordinates":[[[121.3428,24.2237],[121.3475,24.2133],[121.3491,24.2109],[121.3481,24.2076],[121.3494,24.2008],[121.345,24.2005],[121.34,24.1991],[121.3355,24.1996],[121.328,24.1964],[121.3252,24.1959],[121.323,24.192],[121.3204,24.1915],[121.3173,24.1881],[121.3161,24.1856],[121.3109,24.1832],[121.306,24.1801],[121.2987,24.1801],[121.2946,24.1776],[121.2918,24.1771],[121.2873,24.1778],[121.286,24.177],[121.2877,24.1732],[121.2883,24.1663],[121.2879,24.1616],[121.2884,24.1581],[121.2851,24.1572],[121.2808,24.1581],[121.281,24.1546],[121.2847,24.1522],[121.2842,24.1459],[121.2814,24.1359],[121.2848,24.1347],[121.2959,24.1324],[121.2985,24.1304],[121.3047,24.1238],[121.3082,24.1222],[121.314,24.1185],[121.3162,24.1164],[121.325,24.116],[121.3285,24.1143],[121.3269,24.1103],[121.3255,24.1022],[121.3224,24.0995],[121.3189,24.0949],[121.3192,24.0927],[121.3212,24.0887],[121.3234,24.0864],[121.3232,24.0849],[121.3177,24.0795],[121.3144,24.0778],[121.3082,24.0733],[121.306,24.0694],[121.3024,24.0666],[121.3008,24.0632],[121.2991,24.0617],[121.2958,24.0638],[121.2893,24.0588],[121.2863,24.0578],[121.2831,24.054],[121.2828,24.0509],[121.2848,24.0489],[121.2856,24.0443],[121.2855,24.0392],[121.2825,24.0349],[121.2817,24.032],[121.2802,24.0306],[121.279,24.0274],[121.2765,24.0243],[121.2763,24.0202],[121.2719,24.0133],[121.2696,24.0078],[121.2701,24.0068],[121.2655,24.0011],[121.2643,23.9982],[121.2602,23.9925],[121.2616,23.9812],[121.2648,23.9753],[121.2737,23.9751],[121.2757,23.968],[121.2779,23.9658],[121.2761,23.9633],[121.2751,23.9596],[121.2758,23.9556],[121.2746,23.9514],[121.2718,23.9482],[121.2741,23.9458],[121.274,23.9418],[121.2721,23.9383],[121.2737,23.9366],[121.2748,23.9304],[121.2734,23.9283],[121.2765,23.9226],[121.2751,23.9187],[121.2762,23.9165],[121.2754,23.912],[121.2761,23.9097],[121.2748,23.9075],[121.2703,23.9065],[121.2663,23.9073],[121.2611,23.9027],[121.2643,23.8986],[121.266,23.8944],[121.2657,23.8908],[121.2674,23.8891],[121.2684,23.8835],[121.2655,23.8831],[121.2634,23.8812],[121.263,23.8794],[121.2651,23.8728],[121.2582,23.8725],[121.2568,23.8694],[121.2531,23.868],[121.253,23.8634],[121.2504,23.8609],[121.2502,23.8567],[121.2489,23.8521],[121.2452,23.8496],[121.2435,23.8451],[121.2394,23.8403],[121.2393,23.8374],[121.2377,23.8319],[121.2382,23.83],[121.2367,23.8252],[121.2382,23.8224],[121.2346,23.8171],[121.2345,23.8121],[121.2326,23.8106],[121.2277,23.8086],[121.2279,23.8054],[121.2265,23.8044],[121.2255,23.798],[121.2267,23.7955],[121.227,23.7913],[121.2306,23.7898],[121.2305,23.7881],[121.2284,23.7852],[121.2237,23.7824],[121.2194,23.7815],[121.2183,23.7797],[121.2115,23.7756],[121.207,23.7751],[121.2046,23.7723],[121.2067,23.7673],[121.2087,23.7658],[121.2065,23.763],[121.2112,23.7609],[121.2131,23.7577],[121.2189,23.7561],[121.2216,23.7527],[121.2252,23.7518],[121.2294,23.7522],[121.2323,23.7507],[121.2334,23.7482],[121.23,23.7471],[121.2289,23.7447],[121.2284,23.7362],[121.2298,23.7327],[121.2296,23.7301],[121.2332,23.7299],[121.2337,23.7275],[121.2363,23.7243],[121.2393,23.7244],[121.2378,23.7203],[121.2395,23.7163],[121.2388,23.7129],[121.2412,23.7087],[121.2411,23.7058],[121.2393,23.6998],[121.2413,23.6984],[121.2393,23.6945],[121.2394,23.6868],[121.2374,23.6852],[121.2342,23.6807],[121.2324,23.6774],[121.2348,23.6737],[121.236,23.6704],[121.2356,23.6617],[121.2319,23.6579],[121.2307,23.6535],[121.2312,23.6514],[121.2301,23.6478],[121.2281,23.6458],[121.224,23.6387],[121.224,23.6331],[121.225,23.6289],[121.2236,23.623],[121.2213,23.6201],[121.2201,23.6171],[121.2174,23.6147],[121.2159,23.6073],[121.2147,23.6053],[121.2136,23.6006],[121.2082,23.5983],[121.2067,23.596],[121.2,23.5964],[121.1947,23.6004],[121.1936,23.6003],[121.1898,23.5965],[121.1893,23.5947],[121.1832,23.593],[121.1823,23.5911],[121.1796,23.5895],[121.18,23.5874],[121.1787,23.583],[121.1715,23.5841],[121.1693,23.5867],[121.1668,23.5871],[121.1605,23.587],[121.1582,23.5857],[121.1557,23.587],[121.1535,23.5868],[121.152,23.5814],[121.1519,23.5742],[121.1534,23.5717],[121.1605,23.5696],[121.1602,23.5657],[121.158,23.564],[121.1574,23.5601],[121.1513,23.56],[121.1503,23.5578],[121.1462,23.5547],[121.1477,23.5529],[121.151,23.5454],[121.1484,23.5395],[121.1481,23.5356],[121.147,23.5339],[121.1508,23.5287],[121.1511,23.527],[121.147,23.5272],[121.1395,23.5217],[121.1363,23.5173],[121.1356,23.5152],[121.1328,23.5148],[121.1306,23.5178],[121.1281,23.5184],[121.1263,23.5171],[121.1204,23.521],[121.1167,23.5214],[121.1154,23.5202],[121.1106,23.519],[121.1067,23.5194],[121.1037,23.5189],[121.1009,23.5212],[121.0974,23.5217],[121.0934,23.5179],[121.092,23.5147],[121.088,23.514],[121.0828,23.5147],[121.075,23.5174],[121.0685,23.5185],[121.0688,23.5149],[121.0661,23.5079],[121.0662,23.5062],[121.063,23.5038],[121.0621,23.4994],[121.0569,23.496],[121.0541,23.4956],[121.0527,23.4937],[121.0541,23.4898],[121.0535,23.4877],[121.0499,23.4865],[121.0484,23.4824],[121.0451,23.4804],[121.0429,23.4775],[121.0391,23.4742],[121.0473,23.4685],[121.0494,23.4681],[121.0511,23.4644],[121.0591,23.4617],[121.0582,23.4601],[121.0557,23.4591],[121.0532,23.4555],[121.0532,23.4533],[121.0515,23.4508],[121.0472,23.4509],[121.0442,23.4489],[121.0408,23.4482],[121.0385,23.4468],[121.0335,23.4453],[121.0334,23.4435],[121.029,23.4417],[121.0264,23.439],[121.0221,23.4389],[121.0194,23.4362],[121.0151,23.4352],[121.0129,23.433],[121.0141,23.4308],[121.0166,23.4308],[121.021,23.4293],[121.0224,23.4249],[121.0292,23.4228],[121.0293,23.42],[121.0277,23.4162],[121.0249,23.4144],[121.0271,23.4127],[121.0274,23.4101],[121.0266,23.406],[121.0283,23.4037],[121.0257,23.4027],[121.0225,23.4002],[121.0193,23.4015],[121.0149,23.3967],[121.0091,23.3954],[121.0056,23.3964],[121.0032,23.3948],[121.0011,23.3919],[121.0034,23.3893],[121.0076,23.3867],[121.0077,23.3847],[121.0042,23.3832],[121.0001,23.3824],[120.9941,23.3762],[120.9908,23.3712],[120.9879,23.3704],[120.9866,23.3632],[120.9871,23.3587],[120.995,23.3563],[120.9988,23.3567],[121.0027,23.3551],[121.0077,23.3519],[121.0078,23.3485],[121.0105,23.3458],[121.0155,23.3465],[121.02,23.3505],[121.0224,23.3479],[121.0223,23.3463],[121.0247,23.3399],[121.0268,23.3377],[121.031,23.337],[121.0324,23.3341],[121.036,23.3336],[121.039,23.3297],[121.0415,23.3281],[121.045,23.3278],[121.0488,23.3253],[121.0487,23.3228],[121.0472,23.3195],[121.0481,23.3144],[121.0464,23.3091],[121.0361,23.3038],[121.0324,23.3039],[121.0313,23.3004],[121.0283,23.2971],[121.0347,23.2998],[121.0389,23.3006],[121.043,23.2963],[121.0482,23.2947],[121.0523,23.2916],[121.0558,23.2907],[121.0573,23.2876],[121.0595,23.2862],[121.0599,23.2834],[121.0621,23.2791],[121.0607,23.2768],[121.0608,23.2731],[121.0624,23.2659],[121.064,23.2635],[121.0661,23.2573],[121.0692,23.2551],[121.0701,23.252],[121.0698,23.2495],[121.0711,23.2467],[121.0736,23.2448],[121.0785,23.2374],[121.0779,23.2343],[121.0835,23.2329],[121.0859,23.2337],[121.0923,23.2339],[121.0938,23.2332],[121.0964,23.2296],[121.0988,23.2281],[121.1036,23.227],[121.1057,23.2241],[121.1086,23.2235],[121.1151,23.225],[121.1193,23.2245],[121.125,23.225],[121.1293,23.2233],[121.1315,23.2196],[121.1323,23.2156],[121.1346,23.2111],[121.138,23.2083],[121.139,23.2027],[121.1398,23.2015],[121.1486,23.1987],[121.1539,23.1989],[121.156,23.2002],[121.161,23.206],[121.1689,23.2076],[121.1697,23.207],[121.1759,23.2101],[121.1794,23.2086],[121.1846,23.2048],[121.1894,23.2038],[121.191,23.2023],[121.1919,23.1982],[121.1943,23.1926],[121.1981,23.1887],[121.1979,23.1851],[121.199,23.1827],[121.1997,23.1782],[121.1992,23.1752],[121.2015,23.1716],[121.2057,23.1668],[121.2066,23.1626],[121.2103,23.1599],[121.2125,23.1548],[121.2118,23.1536],[121.2106,23.1479],[121.2121,23.1451],[121.2213,23.1416],[121.225,23.1399],[121.2309,23.1393],[121.2333,23.1366],[121.2349,23.133],[121.2385,23.1287],[121.2425,23.128],[121.248,23.1295],[121.2491,23.1315],[121.2577,23.1261],[121.2596,23.121],[121.2643,23.1176],[121.2643,23.1153],[121.2673,23.114],[121.2674,23.1093],[121.2643,23.1039],[121.2709,23.1009],[121.2724,23.0979],[121.2745,23.0984],[121.2786,23.1011],[121.2808,23.104],[121.283,23.1038],[121.2844,23.1065],[121.2874,23.1067],[121.2915,23.1094],[121.298,23.1099],[121.3,23.1093],[121.3028,23.111],[121.3115,23.1112],[121.316,23.1106],[121.3196,23.1135],[121.3226,23.12],[121.3229,23.1239],[121.3215,23.1296],[121.3221,23.1321],[121.3203,23.1378],[121.3221,23.1397],[121.3238,23.1433],[121.3246,23.1493],[121.3272,23.1522],[121.325,23.1544],[121.322,23.1554],[121.3212,23.1594],[121.3175,23.1643],[121.3186,23.1681],[121.3218,23.1693],[121.322,23.1724],[121.324,23.1752],[121.3238,23.1787],[121.3284,23.1793],[121.3349,23.1779],[121.3353,23.1813],[121.3379,23.1853],[121.3376,23.1885],[121.3396,23.1935],[121.342,23.1956],[121.3432,23.1986],[121.3438,23.2042],[121.3452,23.2081],[121.3469,23.2093],[121.3457,23.2138],[121.3466,23.2163],[121.3499,23.2178],[121.3515,23.2201],[121.3533,23.22],[121.3564,23.2232],[121.3543,23.2256],[121.3545,23.2276],[121.3526,23.2302],[121.3535,23.2334],[121.3578,23.2381],[121.3578,23.2404],[121.3609,23.2442],[121.3615,23.2469],[121.3593,23.2491],[121.3594,23.2526],[121.3615,23.2536],[121.3636,23.2576],[121.3659,23.2581],[121.3669,23.2602],[121.3704,23.262],[121.3716,23.2667],[121.3741,23.2691],[121.3779,23.2696],[121.3787,23.2746],[121.377,23.2819],[121.3774,23.2874],[121.3765,23.2958],[121.378,23.2981],[121.3778,23.3007],[121.3836,23.3079],[121.3879,23.3107],[121.3885,23.3147],[121.3899,23.3152],[121.3903,23.3207],[121.3925,23.3218],[121.3974,23.3217],[121.3999,23.3232],[121.4002,23.3273],[121.4021,23.3339],[121.4038,23.3371],[121.4065,23.3398],[121.4101,23.3462],[121.4139,23.3474],[121.4164,23.3492],[121.4193,23.3533],[121.4222,23.3552],[121.4227,23.3601],[121.4177,23.3606],[121.4127,23.364],[121.4101,23.3649],[121.4074,23.3646],[121.4043,23.3673],[121.4048,23.3686],[121.4034,23.3741],[121.4035,23.3762],[121.4017,23.3799],[121.4,23.3865],[121.4058,23.3923],[121.4104,23.3987],[121.4138,23.4062],[121.415,23.4072],[121.42,23.417],[121.4196,23.4194],[121.4288,23.4293],[121.4327,23.4313],[121.4333,23.4328],[121.4409,23.4339],[121.4423,23.4372],[121.444,23.4384],[121.4443,23.4411],[121.4459,23.4431],[121.4505,23.4433],[121.4548,23.4412],[121.4562,23.4422],[121.4616,23.4415],[121.462,23.4394],[121.4732,23.4406],[121.4777,23.4347],[121.4797,23.4313],[121.4839,23.4304],[121.4873,23.4337],[121.4907,23.4352],[121.4958,23.4347],[121.4964,23.4402],[121.4973,23.4426],[121.4977,23.4498],[121.4993,23.4557],[121.5011,23.4594],[121.5032,23.4664],[121.5031,23.468],[121.5049,23.4711],[121.5082,23.4727],[121.5088,23.4791],[121.5127,23.483],[121.5134,23.489],[121.5116,23.4927],[121.5093,23.4913],[121.5076,23.4919],[121.5068,23.4948],[121.5052,23.497],[121.5048,23.5035],[121.5034,23.508],[121.5047,23.5095],[121.5042,23.5132],[121.5025,23.5196],[121.5041,23.523],[121.5045,23.5295],[121.5077,23.5318],[121.5065,23.5342],[121.5082,23.54],[121.511,23.5528],[121.5147,23.5589],[121.5169,23.5617],[121.5183,23.5649],[121.5218,23.5681],[121.522,23.5714],[121.526,23.5778],[121.5255,23.5816],[121.529,23.5942],[121.5296,23.5978],[121.5297,23.6045],[121.5293,23.6068],[121.5298,23.6122],[121.5294,23.6151],[121.5299,23.6261],[121.5311,23.6321],[121.5328,23.6352],[121.5335,23.6416],[121.5354,23.6483],[121.5377,23.6515],[121.5423,23.6534],[121.5433,23.6561],[121.541,23.6601],[121.5425,23.6638],[121.5446,23.6662],[121.5435,23.6687],[121.5465,23.6734],[121.5458,23.6748],[121.5469,23.6818],[121.5487,23.686],[121.5483,23.6881],[121.55,23.6897],[121.5502,23.6935],[121.5525,23.6968],[121.5495,23.7023],[121.5488,23.7089],[121.5488,23.7143],[121.552,23.7232],[121.5544,23.7253],[121.5566,23.7252],[121.5581,23.7288],[121.5598,23.7299],[121.5607,23.7342],[121.5629,23.7361],[121.5638,23.7396],[121.5668,23.7441],[121.5667,23.7466],[121.5681,23.7477],[121.5717,23.7565],[121.5721,23.7624],[121.5701,23.7639],[121.57,23.7801],[121.5713,23.7922],[121.5712,23.797],[121.5721,23.8023],[121.5754,23.8108],[121.5805,23.8161],[121.5834,23.822],[121.5852,23.8293],[121.5877,23.8304],[121.5894,23.8385],[121.5928,23.8446],[121.5957,23.8535],[121.597,23.8565],[121.5981,23.8633],[121.599,23.8654],[121.602,23.8806],[121.6035,23.8857],[121.605,23.8991],[121.6041,23.9038],[121.604,23.9086],[121.6056,23.9155],[121.6083,23.922],[121.6084,23.9254],[121.6095,23.9299],[121.6113,23.9337],[121.6089,23.9454],[121.6071,23.9489],[121.6063,23.9522],[121.6064,23.9564],[121.6083,23.9626],[121.6113,23.9653],[121.6159,23.9733],[121.6202,23.976],[121.6213,23.9781],[121.6245,23.9762],[121.6266,23.9737],[121.6283,23.9695],[121.635,23.9798],[121.6348,23.9846],[121.6396,23.9954],[121.6414,23.999],[121.6431,23.9996],[121.6449,24.0037],[121.6475,24.007],[121.6478,24.0098],[121.6437,24.0194],[121.6375,24.0226],[121.6351,24.0247],[121.6284,24.0332],[121.621,24.0473],[121.6167,24.0603],[121.6158,24.0676],[121.6157,24.0742],[121.6168,24.0813],[121.6189,24.0873],[121.6219,24.0933],[121.6261,24.1],[121.6291,24.1039],[121.6366,24.1098],[121.6444,24.1141],[121.6524,24.1198],[121.6589,24.1286],[121.6621,24.1343],[121.6646,24.1417],[121.6647,24.1469],[121.6629,24.1564],[121.6596,24.1634],[121.6583,24.1716],[121.6586,24.1775],[121.6598,24.1839],[121.6632,24.1928],[121.6671,24.1984],[121.6686,24.1993],[121.6699,24.2026],[121.6736,24.2076],[121.6762,24.209],[121.6834,24.2116],[121.6869,24.2137],[121.6893,24.2168],[121.692,24.2175],[121.696,24.2209],[121.7004,24.2226],[121.7059,24.2259],[121.7109,24.2364],[121.7149,24.2414],[121.7181,24.2437],[121.7235,24.2443],[121.7282,24.2464],[121.7338,24.2513],[121.7389,24.257],[121.7438,24.2608],[121.744,24.2633],[121.7457,24.2697],[121.7469,24.2766],[121.7482,24.2805],[121.7518,24.2875],[121.757,24.2926],[121.7583,24.2947],[121.755,24.2954],[121.7594,24.3068],[121.7651,24.3049],[121.7668,24.3036],[121.7628,24.2999],[121.7619,24.2955],[121.7709,24.3045],[121.773,24.3092],[121.7738,24.3145],[121.7696,24.3132],[121.7591,24.3142],[121.7445,24.3229],[121.74,24.3236],[121.735,24.3231],[121.7288,24.3257],[121.7235,24.3255],[121.7135,24.3269],[121.7055,24.3295],[121.6999,24.3325],[121.6976,24.3342],[121.6936,24.3349],[121.6886,24.3336],[121.6872,24.3351],[121.6869,24.3388],[121.6838,24.3407],[121.6782,24.338],[121.6759,24.3375],[121.6735,24.3398],[121.6741,24.3423],[121.6729,24.3438],[121.6694,24.3429],[121.6665,24.3475],[121.664,24.3491],[121.6633,24.3527],[121.6605,24.3513],[121.6575,24.3529],[121.6533,24.3525],[121.6538,24.3556],[121.6509,24.3597],[121.6478,24.3578],[121.65,24.3549],[121.6507,24.351],[121.6486,24.3496],[121.6438,24.3536],[121.64,24.3581],[121.6404,24.3593],[121.6373,24.3631],[121.6348,24.364],[121.6341,24.3665],[121.6312,24.366],[121.6305,24.3705],[121.626,24.3692],[121.6216,24.3664],[121.6208,24.3626],[121.6235,24.3619],[121.6214,24.3597],[121.6222,24.3567],[121.6264,24.3547],[121.6273,24.3515],[121.6269,24.3495],[121.6347,24.3486],[121.6358,24.3463],[121.6346,24.3445],[121.6318,24.3445],[121.6315,24.3422],[121.6329,24.3399],[121.633,24.3351],[121.6286,24.3337],[121.6266,24.3363],[121.6279,24.3385],[121.6261,24.3403],[121.6227,24.3395],[121.6204,24.3452],[121.6181,24.3449],[121.6166,24.3408],[121.6161,24.3374],[121.6185,24.3345],[121.6152,24.3333],[121.6131,24.3356],[121.6078,24.3355],[121.6065,24.3325],[121.6064,24.3302],[121.6038,24.3291],[121.6004,24.3314],[121.5994,24.3335],[121.5967,24.3333],[121.5957,24.3316],[121.5966,24.3282],[121.6009,24.3239],[121.6013,24.3203],[121.6047,24.3182],[121.6053,24.3152],[121.6069,24.313],[121.6053,24.3103],[121.6008,24.3149],[121.5967,24.3164],[121.5937,24.3164],[121.5893,24.3138],[121.5883,24.3156],[121.582,24.3179],[121.5788,24.3181],[121.5753,24.3197],[121.5717,24.3181],[121.5692,24.318],[121.5663,24.3193],[121.5634,24.3222],[121.5602,24.3227],[121.5578,24.3259],[121.5566,24.3305],[121.5507,24.3343],[121.5483,24.3364],[121.5442,24.3378],[121.5404,24.336],[121.5356,24.3374],[121.5334,24.337],[121.531,24.3385],[121.5277,24.3392],[121.5255,24.3422],[121.5218,24.343],[121.5175,24.341],[121.51,24.3411],[121.5077,24.3432],[121.5043,24.343],[121.4983,24.3392],[121.4922,24.3421],[121.4904,24.3444],[121.4873,24.3461],[121.4857,24.3481],[121.4809,24.3492],[121.4788,24.352],[121.4751,24.3513],[121.4731,24.3527],[121.4651,24.3555],[121.4613,24.3579],[121.4531,24.3645],[121.451,24.3655],[121.4474,24.3632],[121.4462,24.3602],[121.4409,24.3595],[121.4392,24.3556],[121.4367,24.3523],[121.4347,24.3482],[121.437,24.343],[121.4335,24.3389],[121.4317,24.3305],[121.4336,24.3265],[121.4342,24.3236],[121.4331,24.3217],[121.4309,24.3212],[121.4258,24.3154],[121.4227,24.3091],[121.421,24.3082],[121.4163,24.3097],[121.4104,24.3079],[121.4043,24.3085],[121.4044,24.3056],[121.4028,24.2974],[121.3968,24.2914],[121.396,24.2893],[121.3935,24.2887],[121.3901,24.2902],[121.3892,24.2879],[121.3851,24.2839],[121.3815,24.2819],[121.38,24.2802],[121.3817,24.2766],[121.3825,24.27],[121.3852,24.2648],[121.3847,24.2625],[121.3854,24.2587],[121.3847,24.2556],[121.378,24.2534],[121.3723,24.2546],[121.3711,24.2536],[121.3664,24.2525],[121.3638,24.2475],[121.3601,24.2444],[121.3558,24.2451],[121.352,24.2444],[121.3529,24.2399],[121.3517,24.2346],[121.3487,24.2321],[121.3481,24.2306],[121.3428,24.2237]]]},"properties":{"region_code":"CN-71-6E94C40F48","parent_region_code":"CN-71","name":"花莲县","level":"prefecture","has_children":true,"full_path":"中国 / 台湾省 / 花莲县","source_admin_code":null,"osm_relation_id":2921156}},
{"type":"Feature","geometry":{"type":"MultiPolygon","coordinates":[[[[121.4198,23.1247],[121.4235,23.1251],[121.4223,23.1273],[121.4193,23.1262],[121.4174,23.1267],[121.4137,23.1238],[121.418,23.1237],[121.4198,23.1247]]],[[[121.6091,21.9446],[121.6115,21.9449],[121.6141,21.9467],[121.615,21.9498],[121.6132,21.9549],[121.606,21.953],[121.6034,21.9518],[121.606,21.949],[121.6067,21.9456],[121.6091,21.9446]]],[[[121.5084,22.0564],[121.5111,22.0512],[121.5089,22.0481],[121.5154,22.0469],[121.5162,22.045],[121.5206,22.0402],[121.5232,22.0394],[121.5256,22.0376],[121.527,22.0335],[121.5319,22.0291],[121.5341,22.0262],[121.5374,22.0243],[121.5486,22.0262],[121.558,22.0214],[121.5622,22.0179],[121.5627,22.0163],[121.5655,22.0145],[121.5664,22.0117],[121.5696,22.0087],[121.5703,22.0032],[121.5716,22.0039],[121.5761,22.0033],[121.5805,22.0051],[121.5849,22.0012],[121.5885,22.0012],[121.5928,22.0028],[121.5945,22.0057],[121.5964,22.0132],[121.6001,22.0175],[121.6006,22.0197],[121.5984,22.0233],[121.5903,22.0282],[121.581,22.0315],[121.5757,22.0346],[121.5691,22.0398],[121.5667,22.0409],[121.5675,22.0434],[121.5663,22.0449],[121.5634,22.0531],[121.5638,22.055],[121.5663,22.0583],[121.5707,22.0604],[121.5738,22.061],[121.5715,22.0644],[121.569,22.0664],[121.5695,22.0685],[121.5683,22.0704],[121.5678,22.0751],[121.5693,22.0765],[121.5708,22.0802],[121.5694,22.0835],[121.5665,22.0848],[121.5613,22.0812],[121.5594,22.0807],[121.5575,22.0834],[121.5497,22.0835],[121.5434,22.083],[121.538,22.0813],[121.5324,22.0812],[121.5302,22.0787],[121.5284,22.082],[121.5265,22.0825],[121.5188,22.0808],[121.5126,22.0808],[121.507,22.0843],[121.5054,22.086],[121.5011,22.0841],[121.4995,22.0807],[121.5085,22.0715],[121.511,22.0659],[121.509,22.063],[121.5094,22.0608],[121.5084,22.0564]]],[[[121.4739,22.65],[121.4725,22.6477],[121.4736,22.646],[121.4762,22.6466],[121.4774,22.6455],[121.4806,22.6453],[121.4881,22.6426],[121.4906,22.6402],[121.4929,22.6395],[121.4944,22.6369],[121.4949,22.6336],[121.498,22.6327],[121.5005,22.6339],[121.5042,22.634],[121.5072,22.6333],[121.5068,22.6361],[121.5046,22.6406],[121.502,22.6442],[121.4998,22.6454],[121.5004,22.6476],[121.5031,22.6516],[121.5061,22.6523],[121.5074,22.6552],[121.5069,22.6585],[121.5104,22.6656],[121.5125,22.6665],[121.5107,22.6696],[121.5093,22.6787],[121.5071,22.6789],[121.5012,22.6766],[121.4962,22.6763],[121.4933,22.6753],[121.4895,22.6783],[121.4852,22.6784],[121.4801,22.6751],[121.4728,22.6757],[121.4713,22.6767],[121.4653,22.678],[121.4639,22.673],[121.465,22.6709],[121.4688,22.6673],[121.4722,22.663],[121.4741,22.6592],[121.4746,22.6567],[121.4739,22.65]]],[[[120.8647,22.8431],[120.8641,22.8396],[120.8654,22.836],[120.8646,22.8319],[120.8616,22.8266],[120.8652,22.8247],[120.8669,22.8197],[120.8686,22.8169],[120.8719,22.8148],[120.8748,22.8152],[120.8772,22.813],[120.8808,22.8144],[120.891,22.8117],[120.8936,22.8091],[120.8961,22.8083],[120.8994,22.8047],[120.9009,22.8045],[120.9032,22.8],[120.9032,22.7929],[120.9017,22.7875],[120.9042,22.7831],[120.9032,22.7804],[120.9038,22.7757],[120.9009,22.7716],[120.8998,22.7688],[120.8964,22.768],[120.893,22.7661],[120.8932,22.7636],[120.8948,22.7625],[120.8944,22.7594],[120.8956,22.7557],[120.8941,22.7519],[120.8954,22.7482],[120.8941,22.7438],[120.8956,22.742],[120.8947,22.7376],[120.8926,22.7358],[120.8915,22.7295],[120.8883,22.7267],[120.8873,22.7224],[120.8838,22.7173],[120.8788,22.7161],[120.8754,22.7171],[120.8695,22.7159],[120.8672,22.7169],[120.8612,22.7166],[120.8587,22.7137],[120.8547,22.7175],[120.8486,22.717],[120.8447,22.7111],[120.8423,22.7095],[120.8434,22.7076],[120.8403,22.7067],[120.8396,22.7038],[120.838,22.7017],[120.8383,22.699],[120.8349,22.6965],[120.8278,22.6974],[120.826,22.6959],[120.8203,22.6957],[120.8188,22.6945],[120.8189,22.6908],[120.8165,22.6918],[120.8111,22.6919],[120.8093,22.6884],[120.808,22.6892],[120.7978,22.6891],[120.795,22.6908],[120.7921,22.6915],[120.7889,22.6933],[120.7867,22.6928],[120.7894,22.6867],[120.7892,22.684],[120.7914,22.6804],[120.7914,22.6787],[120.7889,22.6762],[120.7862,22.672],[120.7863,22.6629],[120.7858,22.6612],[120.7797,22.6525],[120.7772,22.6505],[120.7737,22.646],[120.7719,22.6419],[120.7687,22.6385],[120.7676,22.6361],[120.7641,22.6334],[120.7633,22.6313],[120.7612,22.6294],[120.7609,22.6256],[120.758,22.6231],[120.7545,22.616],[120.753,22.6116],[120.754,22.6086],[120.7548,22.6012],[120.7524,22.5973],[120.7465,22.5908],[120.7458,22.5884],[120.7467,22.5841],[120.7493,22.5777],[120.7488,22.5721],[120.748,22.5711],[120.7416,22.5687],[120.7397,22.5631],[120.74,22.5585],[120.7391,22.5532],[120.7395,22.5515],[120.7437,22.5435],[120.748,22.5386],[120.75,22.534],[120.75,22.5294],[120.7518,22.5249],[120.7513,22.5217],[120.7531,22.5181],[120.7535,22.5114],[120.7575,22.5087],[120.759,22.5056],[120.762,22.5021],[120.7634,22.4992],[120.7643,22.4942],[120.7638,22.4911],[120.7618,22.4892],[120.7589,22.4884],[120.7577,22.482],[120.7511,22.4795],[120.7544,22.4725],[120.7541,22.4692],[120.7516,22.4641],[120.7515,22.4585],[120.7551,22.4572],[120.7581,22.4585],[120.7632,22.4542],[120.7659,22.4528],[120.7719,22.4519],[120.7765,22.4494],[120.7751,22.4434],[120.7767,22.4401],[120.7797,22.4379],[120.7821,22.4345],[120.7848,22.4281],[120.7868,22.4252],[120.788,22.4199],[120.7895,22.4176],[120.783,22.4113],[120.7799,22.4092],[120.775,22.4093],[120.7733,22.4069],[120.7707,22.4068],[120.7684,22.4086],[120.7646,22.4087],[120.7555,22.4032],[120.7576,22.3984],[120.7542,22.3968],[120.7522,22.3925],[120.7564,22.3886],[120.7547,22.3867],[120.7505,22.384],[120.7487,22.3805],[120.7491,22.3742],[120.7482,22.372],[120.7448,22.3701],[120.7435,22.3673],[120.7528,22.3603],[120.7585,22.3595],[120.7614,22.3603],[120.763,22.3591],[120.7635,22.3524],[120.7674,22.3476],[120.7716,22.3486],[120.7758,22.3487],[120.7791,22.3479],[120.7812,22.3464],[120.7851,22.3455],[120.7863,22.3423],[120.7888,22.3412],[120.7892,22.3386],[120.7928,22.3348],[120.7926,22.3278],[120.7936,22.3236],[120.7948,22.3232],[120.7965,22.3197],[120.7964,22.3168],[120.7931,22.3126],[120.7873,22.3092],[120.7835,22.3095],[120.7781,22.3086],[120.7769,22.3022],[120.7778,22.2979],[120.7819,22.2944],[120.7868,22.2944],[120.7899,22.2934],[120.7909,22.2887],[120.7933,22.2858],[120.7991,22.2855],[120.8006,22.2843],[120.8052,22.2843],[120.8067,22.2772],[120.8008,22.2774],[120.798,22.2765],[120.7976,22.2725],[120.7962,22.2676],[120.7996,22.2651],[120.7987,22.2639],[120.7996,22.2571],[120.8154,22.2632],[120.8187,22.2611],[120.8211,22.2587],[120.8259,22.2566],[120.8315,22.2499],[120.8326,22.2471],[120.8395,22.2436],[120.8414,22.2445],[120.8449,22.2428],[120.8509,22.2436],[120.8555,22.2414],[120.8587,22.2408],[120.859,22.2386],[120.8617,22.2374],[120.8642,22.2335],[120.8624,22.2313],[120.8663,22.2298],[120.8709,22.2314],[120.8714,22.2329],[120.8765,22.2348],[120.8805,22.2345],[120.8842,22.2407],[120.8914,22.2443],[120.8922,22.2454],[120.8955,22.2462],[120.8949,22.251],[120.8928,22.2611],[120.8912,22.2755],[120.8909,22.287],[120.8912,22.291],[120.891,22.3079],[120.8924,22.3239],[120.8935,22.3259],[120.8944,22.3329],[120.896,22.3352],[120.8996,22.3381],[120.8999,22.3423],[120.902,22.3502],[120.9057,22.3564],[120.9092,22.359],[120.9095,22.3647],[120.9119,22.376],[120.9146,22.3856],[120.9177,22.3919],[120.9202,22.3947],[120.9219,22.3989],[120.9244,22.4081],[120.9278,22.4161],[120.9312,22.4203],[120.9363,22.434],[120.9433,22.4511],[120.9466,22.4558],[120.9469,22.4605],[120.9494,22.4717],[120.9525,22.4826],[120.9536,22.4851],[120.954,22.4886],[120.9559,22.4948],[120.9582,22.5005],[120.959,22.5057],[120.9653,22.5192],[120.9665,22.5238],[120.9688,22.5253],[120.9688,22.5285],[120.9724,22.5418],[120.9743,22.5476],[120.9776,22.5561],[120.9808,22.5628],[120.9849,22.5693],[120.9894,22.5734],[120.9954,22.5771],[120.9987,22.5796],[121.0064,22.5866],[121.0099,22.5917],[121.0094,22.5963],[121.0122,22.6192],[121.0168,22.6357],[121.02,22.6441],[121.0234,22.6517],[121.0266,22.6577],[121.0293,22.6615],[121.0357,22.6683],[121.0401,22.671],[121.054,22.6765],[121.0651,22.6839],[121.0678,22.6874],[121.0742,22.6939],[121.0833,22.6998],[121.0928,22.704],[121.0977,22.7052],[121.1017,22.7054],[121.1111,22.7105],[121.1154,22.7135],[121.1215,22.7158],[121.1251,22.718],[121.1305,22.7227],[121.1339,22.7267],[121.1439,22.7358],[121.146,22.7372],[121.1548,22.7459],[121.1575,22.7481],[121.1625,22.7504],[121.1716,22.7556],[121.1774,22.7616],[121.1778,22.7629],[121.1782,22.773],[121.1799,22.7815],[121.1813,22.7847],[121.184,22.7888],[121.189,22.792],[121.1901,22.7892],[121.1943,22.7905],[121.196,22.7927],[121.2,22.7954],[121.2005,22.7978],[121.199,22.8026],[121.1989,22.8049],[121.1959,22.8124],[121.196,22.8152],[121.1936,22.8183],[121.1932,22.8207],[121.1916,22.8217],[121.1911,22.8242],[121.1922,22.8258],[121.1882,22.828],[121.187,22.8296],[121.1858,22.8338],[121.1901,22.8428],[121.1892,22.846],[121.1899,22.8486],[121.1917,22.8497],[121.1932,22.8528],[121.1987,22.8559],[121.1993,22.8583],[121.2062,22.8617],[121.2085,22.865],[121.211,22.8637],[121.2165,22.8656],[121.2197,22.8651],[121.2212,22.8668],[121.2259,22.8683],[121.2284,22.8665],[121.2322,22.865],[121.2357,22.8681],[121.2351,22.8703],[121.2387,22.8783],[121.2412,22.8806],[121.247,22.8815],[121.2508,22.886],[121.256,22.8967],[121.2591,22.8986],[121.2595,22.9032],[121.2638,22.9091],[121.2678,22.9113],[121.2688,22.9142],[121.2719,22.9184],[121.2754,22.9279],[121.2786,22.9305],[121.2793,22.9379],[121.2814,22.9454],[121.2836,22.9493],[121.2856,22.95],[121.288,22.9535],[121.292,22.9554],[121.2951,22.9548],[121.2957,22.9572],[121.2995,22.9598],[121.3,22.9618],[121.3038,22.9658],[121.3078,22.9708],[121.3118,22.9735],[121.3142,22.979],[121.3159,22.9812],[121.3185,22.9871],[121.3225,22.9937],[121.3211,22.9973],[121.3217,23.0025],[121.3231,23.005],[121.3257,23.0063],[121.3262,23.0093],[121.3279,23.0108],[121.3292,23.0166],[121.333,23.0179],[121.3355,23.0199],[121.3341,23.0214],[121.335,23.0251],[121.3384,23.0276],[121.3382,23.0314],[121.3403,23.0394],[121.3436,23.0458],[121.344,23.0495],[121.346,23.0514],[121.3453,23.055],[121.3459,23.059],[121.3485,23.0686],[121.3565,23.0737],[121.3546,23.0778],[121.3551,23.0802],[121.3578,23.0823],[121.3574,23.0845],[121.3588,23.0877],[121.3623,23.093],[121.3663,23.0967],[121.3688,23.0962],[121.3739,23.0966],[121.3764,23.096],[121.3794,23.0978],[121.3805,23.0961],[121.3833,23.0959],[121.3853,23.0984],[121.3845,23.0999],[121.3863,23.1034],[121.3893,23.1077],[121.3937,23.1126],[121.3963,23.1174],[121.398,23.1169],[121.4006,23.1143],[121.4041,23.1152],[121.4115,23.1222],[121.4119,23.1232],[121.4049,23.1264],[121.4017,23.1292],[121.3986,23.137],[121.3994,23.142],[121.399,23.147],[121.4,23.1506],[121.4042,23.1551],[121.4048,23.1589],[121.4071,23.166],[121.4061,23.1688],[121.4027,23.172],[121.4019,23.174],[121.4033,23.1777],[121.3992,23.1822],[121.3972,23.1874],[121.3978,23.1894],[121.3959,23.1942],[121.3956,23.1972],[121.396,23.2035],[121.3977,23.2078],[121.3996,23.2084],[121.4027,23.2122],[121.4074,23.2129],[121.4119,23.2159],[121.4138,23.2191],[121.4175,23.2224],[121.4197,23.2271],[121.4184,23.2285],[121.4156,23.2276],[121.4142,23.2316],[121.4143,23.2337],[121.4164,23.2372],[121.4166,23.2395],[121.4182,23.2437],[121.4182,23.2473],[121.4216,23.2584],[121.4217,23.2607],[121.4233,23.2641],[121.4266,23.2673],[121.4275,23.2725],[121.427,23.2767],[121.43,23.2857],[121.4332,23.2885],[121.4338,23.2913],[121.4357,23.2935],[121.4383,23.2987],[121.4434,23.3057],[121.4482,23.3107],[121.4539,23.3132],[121.456,23.312],[121.4614,23.3133],[121.4634,23.3199],[121.4657,23.322],[121.4653,23.3245],[121.4661,23.3287],[121.4679,23.3317],[121.4681,23.3373],[121.4675,23.341],[121.468,23.3473],[121.4701,23.352],[121.4712,23.3524],[121.4707,23.3575],[121.4726,23.3621],[121.4722,23.3672],[121.4714,23.3717],[121.4739,23.3778],[121.4746,23.3875],[121.4765,23.3895],[121.4767,23.3929],[121.4781,23.3962],[121.4812,23.3979],[121.4817,23.4024],[121.483,23.4042],[121.4833,23.41],[121.4862,23.4142],[121.4889,23.4236],[121.4918,23.4283],[121.4953,23.4328],[121.4958,23.4347],[121.4907,23.4352],[121.4873,23.4337],[121.4839,23.4304],[121.4797,23.4313],[121.4777,23.4347],[121.4732,23.4406],[121.462,23.4394],[121.4616,23.4415],[121.4562,23.4422],[121.4548,23.4412],[121.4505,23.4433],[121.4459,23.4431],[121.4443,23.4411],[121.444,23.4384],[121.4423,23.4372],[121.4409,23.4339],[121.4333,23.4328],[121.4327,23.4313],[121.4288,23.4293],[121.4196,23.4194],[121.42,23.417],[121.415,23.4072],[121.4138,23.4062],[121.4104,23.3987],[121.4058,23.3923],[121.4,23.3865],[121.4017,23.3799],[121.4035,23.3762],[121.4034,23.3741],[121.4048,23.3686],[121.4043,23.3673],[121.4074,23.3646],[121.4101,23.3649],[121.4127,23.364],[121.4177,23.3606],[121.4227,23.3601],[121.4222,23.3552],[121.4193,23.3533],[121.4164,23.3492],[121.4139,23.3474],[121.4101,23.3462],[121.4065,23.3398],[121.4038,23.3371],[121.4021,23.3339],[121.4002,23.3273],[121.3999,23.3232],[121.3974,23.3217],[121.3925,23.3218],[121.3903,23.3207],[121.3899,23.3152],[121.3885,23.3147],[121.3879,23.3107],[121.3836,23.3079],[121.3778,23.3007],[121.378,23.2981],[121.3765,23.2958],[121.3774,23.2874],[121.377,23.2819],[121.3787,23.2746],[121.3779,23.2696],[121.3741,23.2691],[121.3716,23.2667],[121.3704,23.262],[121.3669,23.2602],[121.3659,23.2581],[121.3636,23.2576],[121.3615,23.2536],[121.3594,23.2526],[121.3593,23.2491],[121.3615,23.2469],[121.3609,23.2442],[121.3578,23.2404],[121.3578,23.2381],[121.3535,23.2334],[121.3526,23.2302],[121.3545,23.2276],[121.3543,23.2256],[121.3564,23.2232],[121.3533,23.22],[121.3515,23.2201],[121.3499,23.2178],[121.3466,23.2163],[121.3457,23.2138],[121.3469,23.2093],[121.3452,23.2081],[121.3438,23.2042],[121.3432,23.1986],[121.342,23.1956],[121.3396,23.1935],[121.3376,23.1885],[121.3379,23.1853],[121.3353,23.1813],[121.3349,23.1779],[121.3284,23.1793],[121.3238,23.1787],[121.324,23.1752],[121.322,23.1724],[121.3218,23.1693],[121.3186,23.1681],[121.3175,23.1643],[121.3212,23.1594],[121.322,23.1554],[121.325,23.1544],[121.3272,23.1522],[121.3246,23.1493],[121.3238,23.1433],[121.3221,23.1397],[121.3203,23.1378],[121.3221,23.1321],[121.3215,23.1296],[121.3229,23.1239],[121.3226,23.12],[121.3196,23.1135],[121.316,23.1106],[121.3115,23.1112],[121.3028,23.111],[121.3,23.1093],[121.298,23.1099],[121.2915,23.1094],[121.2874,23.1067],[121.2844,23.1065],[121.283,23.1038],[121.2808,23.104],[121.2786,23.1011],[121.2745,23.0984],[121.2724,23.0979],[121.2709,23.1009],[121.2643,23.1039],[121.2674,23.1093],[121.2673,23.114],[121.2643,23.1153],[121.2643,23.1176],[121.2596,23.121],[121.2577,23.1261],[121.2491,23.1315],[121.248,23.1295],[121.2425,23.128],[121.2385,23.1287],[121.2349,23.133],[121.2333,23.1366],[121.2309,23.1393],[121.225,23.1399],[121.2213,23.1416],[121.2121,23.1451],[121.2106,23.1479],[121.2118,23.1536],[121.2125,23.1548],[121.2103,23.1599],[121.2066,23.1626],[121.2057,23.1668],[121.2015,23.1716],[121.1992,23.1752],[121.1997,23.1782],[121.199,23.1827],[121.1979,23.1851],[121.1981,23.1887],[121.1943,23.1926],[121.1919,23.1982],[121.191,23.2023],[121.1894,23.2038],[121.1846,23.2048],[121.1794,23.2086],[121.1759,23.2101],[121.1697,23.207],[121.1689,23.2076],[121.161,23.206],[121.156,23.2002],[121.1539,23.1989],[121.1486,23.1987],[121.1398,23.2015],[121.139,23.2027],[121.138,23.2083],[121.1346,23.2111],[121.1323,23.2156],[121.1315,23.2196],[121.1293,23.2233],[121.125,23.225],[121.1193,23.2245],[121.1151,23.225],[121.1086,23.2235],[121.1057,23.2241],[121.1036,23.227],[121.0988,23.2281],[121.0964,23.2296],[121.0938,23.2332],[121.0923,23.2339],[121.0859,23.2337],[121.0835,23.2329],[121.0779,23.2343],[121.0785,23.2374],[121.0736,23.2448],[121.0711,23.2467],[121.0698,23.2495],[121.0701,23.252],[121.0692,23.2551],[121.0661,23.2573],[121.064,23.2635],[121.0624,23.2659],[121.0608,23.2731],[121.0607,23.2768],[121.0621,23.2791],[121.0599,23.2834],[121.0595,23.2862],[121.0573,23.2876],[121.0558,23.2907],[121.0523,23.2916],[121.0482,23.2947],[121.043,23.2963],[121.0389,23.3006],[121.0347,23.2998],[121.0283,23.2971],[121.0255,23.2959],[121.0236,23.2937],[121.0199,23.2945],[121.0173,23.2928],[121.0106,23.2927],[121.0051,23.2902],[121.0013,23.2874],[120.9937,23.2843],[120.9909,23.2842],[120.988,23.2811],[120.9861,23.2803],[120.9793,23.2822],[120.971,23.2812],[120.9688,23.278],[120.9658,23.2762],[120.9636,23.2724],[120.9592,23.27],[120.9581,23.2652],[120.9537,23.2609],[120.9512,23.2596],[120.9491,23.2559],[120.9465,23.2529],[120.9413,23.252],[120.9385,23.2479],[120.938,23.2452],[120.9319,23.2426],[120.9295,23.2428],[120.9262,23.2445],[120.9241,23.242],[120.9192,23.2409],[120.9158,23.238],[120.9142,23.2324],[120.9117,23.2284],[120.9122,23.2249],[120.9117,23.2213],[120.912,23.2169],[120.9118,23.2103],[120.9109,23.2083],[120.9084,23.2076],[120.9067,23.205],[120.9074,23.2012],[120.9059,23.1994],[120.9064,23.1969],[120.9107,23.1925],[120.9125,23.1867],[120.9113,23.1828],[120.9092,23.1798],[120.9062,23.1806],[120.9018,23.1787],[120.8984,23.1761],[120.8983,23.1731],[120.8959,23.1716],[120.895,23.1607],[120.8908,23.1586],[120.8878,23.1584],[120.8863,23.1554],[120.8835,23.1535],[120.8795,23.1527],[120.8767,23.1508],[120.8811,23.1464],[120.8857,23.1444],[120.8879,23.1367],[120.8862,23.132],[120.886,23.1276],[120.888,23.1221],[120.885,23.1199],[120.8874,23.1125],[120.8894,23.1101],[120.8882,23.104],[120.8892,23.1005],[120.8873,23.0957],[120.8856,23.0928],[120.8856,23.0889],[120.8837,23.0867],[120.8825,23.0832],[120.878,23.0781],[120.877,23.0758],[120.8754,23.0686],[120.8728,23.0653],[120.8692,23.0597],[120.8716,23.0547],[120.8737,23.0535],[120.8745,23.051],[120.8787,23.049],[120.8813,23.0441],[120.8814,23.0419],[120.8796,23.0347],[120.8768,23.0342],[120.8725,23.0345],[120.8668,23.0324],[120.8645,23.0326],[120.8611,23.0297],[120.8607,23.0257],[120.862,23.0222],[120.8606,23.008],[120.8582,23.005],[120.851,23.0049],[120.852,23.0034],[120.8518,22.9993],[120.849,22.9946],[120.8471,22.993],[120.842,22.991],[120.8417,22.9848],[120.8387,22.9827],[120.8323,22.9801],[120.8291,22.9726],[120.8302,22.97],[120.8222,22.9646],[120.8209,22.9608],[120.8231,22.9548],[120.8247,22.9521],[120.8235,22.9506],[120.8218,22.9454],[120.8214,22.9394],[120.8218,22.9352],[120.8269,22.9281],[120.8295,22.9205],[120.8316,22.9195],[120.833,22.9115],[120.8299,22.9092],[120.8285,22.9052],[120.8304,22.9019],[120.8332,22.9003],[120.8332,22.8982],[120.8347,22.8937],[120.838,22.8904],[120.8388,22.8847],[120.8408,22.8818],[120.8518,22.8782],[120.8549,22.8787],[120.8597,22.8784],[120.8649,22.8725],[120.8656,22.8698],[120.8641,22.8666],[120.8595,22.8639],[120.8616,22.8615],[120.869,22.8582],[120.8692,22.8565],[120.8667,22.8532],[120.8684,22.8509],[120.8651,22.846],[120.8647,22.8431]]]]},"properties":{"region_code":"CN-71-AA881784B5","parent_region_code":"CN-71","name":"台东县","level":"prefecture","has_children":true,"full_path":"中国 / 台湾省 / 台东县","source_admin_code":null,"osm_relation_id":2921155}},
{"type":"Feature","geometry":{"type":"MultiPolygon","coordinates":[[[[119.3201,23.3276],[119.3193,23.3239],[119.3221,23.3247],[119.3201,23.3276]]],[[[119.5191,23.5085],[119.5221,23.51],[119.5218,23.5142],[119.5185,23.5133],[119.5166,23.5145],[119.5142,23.5092],[119.5191,23.5085]]],[[[119.512,23.4831],[119.5154,23.4847],[119.5246,23.4865],[119.5286,23.4865],[119.5366,23.4918],[119.5434,23.4935],[119.5419,23.4954],[119.5378,23.4979],[119.5346,23.4958],[119.5289,23.4957],[119.5267,23.4933],[119.5205,23.492],[119.5206,23.4901],[119.5182,23.4878],[119.5141,23.4868],[119.5121,23.4913],[119.5102,23.4913],[119.5088,23.486],[119.5104,23.4834],[119.512,23.4831]]],[[[119.5246,23.3586],[119.5264,23.3599],[119.5259,23.3626],[119.528,23.3645],[119.5326,23.3668],[119.5376,23.3653],[119.541,23.367],[119.5421,23.3688],[119.5407,23.3726],[119.5365,23.3743],[119.5348,23.3731],[119.5312,23.3729],[119.5268,23.3711],[119.5278,23.3688],[119.5235,23.366],[119.5197,23.367],[119.5186,23.3644],[119.5246,23.36],[119.5246,23.3586]]],[[[119.5082,23.372],[119.5105,23.3748],[119.5083,23.3767],[119.5085,23.3814],[119.5066,23.3841],[119.5071,23.3879],[119.5083,23.3904],[119.5044,23.3941],[119.5022,23.3903],[119.498,23.3905],[119.4977,23.3924],[119.4953,23.3937],[119.4938,23.3966],[119.4911,23.3968],[119.4897,23.3949],[119.4927,23.3917],[119.4936,23.389],[119.4958,23.3881],[119.4955,23.3845],[119.4922,23.3811],[119.4937,23.3784],[119.4937,23.3749],[119.4947,23.3718],[119.4933,23.3703],[119.4941,23.3644],[119.4902,23.3616],[119.4897,23.3589],[119.4874,23.3569],[119.4882,23.3547],[119.4902,23.3539],[119.4998,23.3543],[119.5018,23.3555],[119.5049,23.3555],[119.5077,23.3541],[119.5128,23.3536],[119.5095,23.3563],[119.5081,23.3591],[119.5077,23.3631],[119.5082,23.3652],[119.5149,23.3677],[119.5158,23.3696],[119.514,23.371],[119.5098,23.3704],[119.5082,23.372]]],[[[119.3164,23.397],[119.3182,23.3984],[119.3239,23.399],[119.3278,23.4007],[119.3279,23.4031],[119.3312,23.405],[119.3288,23.4077],[119.3249,23.4073],[119.3217,23.4112],[119.3189,23.4118],[119.3175,23.4052],[119.3143,23.4021],[119.3147,23.3998],[119.3164,23.397]]],[[[119.3367,23.3165],[119.3387,23.3177],[119.3374,23.3195],[119.3376,23.3218],[119.3348,23.3219],[119.3349,23.3175],[119.3367,23.3165]]],[[[119.672,23.2447],[119.6732,23.2467],[119.6724,23.2505],[119.6739,23.2533],[119.6777,23.2562],[119.6785,23.2619],[119.6763,23.263],[119.6718,23.2632],[119.6666,23.2612],[119.6655,23.2581],[119.668,23.2558],[119.6677,23.253],[119.6663,23.2504],[119.6702,23.2459],[119.672,23.2447]]],[[[119.6586,23.2609],[119.6612,23.2622],[119.6612,23.2646],[119.6581,23.264],[119.6586,23.2609]]],[[[119.618,23.2452],[119.621,23.2461],[119.6198,23.2493],[119.6215,23.2522],[119.6146,23.2534],[119.6092,23.2514],[119.6085,23.2497],[119.6111,23.2467],[119.6152,23.245],[119.618,23.2452]]],[[[119.5108,23.2539],[119.5125,23.256],[119.5159,23.2552],[119.5162,23.2573],[119.519,23.2603],[119.5221,23.262],[119.5219,23.264],[119.5181,23.2648],[119.5144,23.2622],[119.5143,23.2597],[119.5119,23.2571],[119.5108,23.2539]]],[[[119.5099,23.2664],[119.511,23.2697],[119.5095,23.2726],[119.5047,23.2727],[119.5039,23.2698],[119.5053,23.2682],[119.5099,23.2664]]],[[[119.582,23.591],[119.5769,23.5862],[119.5747,23.5853],[119.5708,23.5854],[119.5651,23.5848],[119.5621,23.5854],[119.5618,23.5836],[119.5664,23.5778],[119.5673,23.575],[119.5663,23.5735],[119.562,23.5715],[119.5628,23.5694],[119.5605,23.5676],[119.5601,23.5643],[119.5564,23.5632],[119.558,23.561],[119.5635,23.5628],[119.5683,23.5621],[119.5713,23.565],[119.5724,23.5631],[119.5774,23.5585],[119.5756,23.5549],[119.5728,23.5538],[119.564,23.5565],[119.5619,23.5548],[119.563,23.5514],[119.5625,23.55],[119.569,23.5484],[119.5724,23.5491],[119.5728,23.5466],[119.5761,23.5473],[119.5809,23.5495],[119.5841,23.5485],[119.5869,23.5508],[119.5911,23.5498],[119.5927,23.5514],[119.596,23.5495],[119.5997,23.55],[119.6023,23.5477],[119.6001,23.5454],[119.6004,23.5436],[119.6032,23.5404],[119.6005,23.5401],[119.5992,23.5385],[119.5962,23.5394],[119.5948,23.537],[119.5973,23.5328],[119.5958,23.5265],[119.5935,23.5273],[119.5899,23.5311],[119.5864,23.5291],[119.5829,23.5326],[119.5808,23.532],[119.5798,23.5273],[119.58,23.5245],[119.5774,23.5217],[119.5742,23.52],[119.5721,23.526],[119.5742,23.5269],[119.5721,23.53],[119.572,23.5319],[119.5683,23.5312],[119.5667,23.5318],[119.5646,23.53],[119.5608,23.5308],[119.5584,23.5264],[119.5549,23.5292],[119.5546,23.5314],[119.557,23.5333],[119.5567,23.5381],[119.551,23.5406],[119.5502,23.5425],[119.5513,23.549],[119.5481,23.5509],[119.5453,23.5464],[119.5426,23.5458],[119.5403,23.5415],[119.5412,23.5389],[119.5439,23.5375],[119.5483,23.5395],[119.5503,23.5374],[119.5488,23.5333],[119.552,23.5332],[119.5543,23.5296],[119.5535,23.5282],[119.5571,23.5235],[119.5619,23.5245],[119.5633,23.5262],[119.5676,23.5254],[119.5705,23.524],[119.5728,23.5216],[119.5741,23.5174],[119.571,23.5135],[119.5711,23.5099],[119.5747,23.5074],[119.5779,23.509],[119.5844,23.5093],[119.5893,23.5125],[119.5991,23.512],[119.6025,23.5092],[119.6082,23.5092],[119.6078,23.5129],[119.6055,23.5158],[119.611,23.5189],[119.6117,23.5216],[119.6091,23.5221],[119.6081,23.5247],[119.6052,23.5277],[119.6073,23.5297],[119.6091,23.5298],[119.613,23.5372],[119.6154,23.539],[119.621,23.5376],[119.6208,23.5419],[119.63,23.5476],[119.6335,23.5467],[119.6352,23.5511],[119.6389,23.5536],[119.6414,23.5578],[119.6472,23.5605],[119.6582,23.5609],[119.6626,23.5602],[119.6666,23.5615],[119.667,23.5588],[119.6695,23.5565],[119.6719,23.558],[119.6744,23.5579],[119.6743,23.5545],[119.6755,23.5526],[119.6781,23.5514],[119.682,23.5534],[119.6849,23.553],[119.6883,23.5547],[119.6941,23.5549],[119.6927,23.5587],[119.6932,23.5601],[119.6871,23.562],[119.6828,23.5663],[119.6823,23.5717],[119.6802,23.5738],[119.6814,23.5785],[119.6808,23.5849],[119.6763,23.5924],[119.6716,23.599],[119.6722,23.601],[119.6699,23.6017],[119.6668,23.5952],[119.6695,23.5935],[119.6683,23.5912],[119.6626,23.5895],[119.6596,23.5918],[119.6595,23.5938],[119.6626,23.5947],[119.6583,23.5976],[119.6559,23.6005],[119.6572,23.603],[119.6568,23.6063],[119.6542,23.6084],[119.6503,23.6094],[119.6508,23.6059],[119.6501,23.6038],[119.6462,23.6023],[119.6465,23.5971],[119.6438,23.5958],[119.6418,23.5902],[119.6398,23.5882],[119.6379,23.5909],[119.6414,23.5965],[119.6398,23.5992],[119.6331,23.5956],[119.6343,23.5908],[119.6328,23.5883],[119.6318,23.5834],[119.6257,23.5787],[119.6245,23.5807],[119.6261,23.5831],[119.6245,23.5867],[119.6254,23.5899],[119.6247,23.5925],[119.6277,23.5961],[119.6253,23.6002],[119.6282,23.6039],[119.6305,23.6028],[119.632,23.6043],[119.6252,23.6089],[119.6231,23.6073],[119.6204,23.6067],[119.6216,23.6033],[119.6209,23.6021],[119.6168,23.6009],[119.6157,23.6026],[119.6133,23.6018],[119.6127,23.6051],[119.6059,23.6056],[119.6055,23.6016],[119.6034,23.6012],[119.6033,23.5985],[119.607,23.5924],[119.6071,23.5892],[119.6059,23.587],[119.6066,23.5855],[119.6007,23.5847],[119.5985,23.5827],[119.5993,23.5804],[119.5981,23.5791],[119.5972,23.5691],[119.5939,23.5712],[119.5945,23.5734],[119.5931,23.575],[119.5911,23.5745],[119.59,23.5724],[119.5865,23.5727],[119.5855,23.575],[119.5856,23.5808],[119.5834,23.5814],[119.5828,23.5833],[119.5862,23.586],[119.5862,23.5877],[119.582,23.591]]],[[[119.4425,23.2054],[119.4419,23.2061],[119.4435,23.211],[119.444,23.2149],[119.4466,23.2173],[119.4475,23.2196],[119.4409,23.2214],[119.431,23.22],[119.4222,23.2183],[119.4204,23.2172],[119.4157,23.2168],[119.4108,23.2132],[119.4146,23.209],[119.4209,23.2034],[119.421,23.199],[119.4193,23.1974],[119.4216,23.1961],[119.4221,23.1911],[119.4239,23.1918],[119.427,23.1903],[119.4308,23.1874],[119.4318,23.1899],[119.4291,23.1934],[119.43,23.197],[119.433,23.1979],[119.4356,23.2017],[119.4386,23.201],[119.4411,23.2015],[119.4425,23.2054]]],[[[119.556,23.7096],[119.5584,23.711],[119.5564,23.7151],[119.5576,23.7164],[119.557,23.7207],[119.5549,23.7211],[119.5538,23.7186],[119.5556,23.7162],[119.5562,23.7134],[119.5544,23.7109],[119.556,23.7096]]],[[[119.6149,23.7375],[119.6143,23.7385],[119.6104,23.7395],[119.6122,23.7417],[119.6139,23.7402],[119.6165,23.7419],[119.6184,23.7414],[119.6222,23.7433],[119.6215,23.747],[119.6201,23.7495],[119.6175,23.7511],[119.6144,23.7516],[119.612,23.7532],[119.6111,23.7555],[119.6025,23.7444],[119.5971,23.7418],[119.5953,23.739],[119.5967,23.7363],[119.6003,23.7352],[119.603,23.7283],[119.6038,23.7325],[119.606,23.7364],[119.6098,23.739],[119.6149,23.7375]]],[[[119.5088,23.6118],[119.5053,23.6093],[119.5025,23.6033],[119.5045,23.5986],[119.504,23.5968],[119.4996,23.5953],[119.4972,23.5967],[119.4966,23.5994],[119.4941,23.5993],[119.494,23.5959],[119.4929,23.5941],[119.4974,23.5935],[119.5036,23.5893],[119.5044,23.587],[119.5032,23.5789],[119.4973,23.5725],[119.4932,23.5696],[119.4887,23.5701],[119.4872,23.5721],[119.4841,23.5735],[119.4823,23.5752],[119.4778,23.5688],[119.4711,23.5657],[119.4696,23.5655],[119.4675,23.5623],[119.4682,23.5606],[119.4719,23.5594],[119.4763,23.5598],[119.4783,23.5608],[119.4794,23.564],[119.483,23.5644],[119.4855,23.5632],[119.4909,23.5631],[119.4931,23.5671],[119.4967,23.5682],[119.5021,23.5666],[119.5049,23.5665],[119.5106,23.5645],[119.5154,23.5643],[119.5181,23.5671],[119.515,23.568],[119.5131,23.5702],[119.5145,23.5744],[119.5122,23.5758],[119.5118,23.582],[119.5146,23.5825],[119.5163,23.5841],[119.5124,23.5921],[119.5147,23.5943],[119.5192,23.5944],[119.523,23.6013],[119.523,23.6048],[119.5205,23.6091],[119.5216,23.6157],[119.5197,23.6183],[119.5212,23.6207],[119.5197,23.6241],[119.5176,23.6269],[119.5188,23.6295],[119.5218,23.6313],[119.5247,23.63],[119.5303,23.6304],[119.5327,23.6327],[119.5364,23.6328],[119.5414,23.6349],[119.5425,23.6406],[119.5403,23.6404],[119.5368,23.6388],[119.5291,23.6398],[119.5237,23.6436],[119.5213,23.6429],[119.5194,23.6449],[119.5197,23.6473],[119.5167,23.6496],[119.5119,23.6482],[119.5096,23.6416],[119.5066,23.6356],[119.5047,23.6362],[119.502,23.6308],[119.5024,23.628],[119.5042,23.6254],[119.4994,23.6201],[119.5001,23.6184],[119.5047,23.6148],[119.5073,23.6149],[119.5088,23.6118]]],[[[119.5214,23.6484],[119.5242,23.6512],[119.524,23.655],[119.5224,23.6556],[119.5176,23.6545],[119.5138,23.6545],[119.5153,23.6517],[119.5168,23.6525],[119.5179,23.6492],[119.5214,23.6484]]],[[[119.6584,23.6593],[119.6616,23.6587],[119.666,23.6616],[119.6647,23.6633],[119.6624,23.6637],[119.656,23.6619],[119.6584,23.6593]]],[[[119.6308,23.6448],[119.636,23.6477],[119.6366,23.6506],[119.6326,23.6516],[119.6315,23.6502],[119.6316,23.6461],[119.6308,23.6448]]],[[[119.5697,23.6167],[119.5709,23.6183],[119.5697,23.622],[119.5658,23.6184],[119.5697,23.6167]]],[[[119.6051,23.6092],[119.6101,23.6103],[119.6139,23.614],[119.6132,23.6203],[119.6069,23.6214],[119.602,23.6171],[119.5976,23.6155],[119.6051,23.6092]]],[[[119.6021,23.624],[119.6049,23.6251],[119.6026,23.6286],[119.6064,23.6323],[119.6096,23.6325],[119.6103,23.6337],[119.6076,23.6365],[119.6034,23.6336],[119.5992,23.6362],[119.5976,23.6412],[119.6018,23.6426],[119.6005,23.6451],[119.6008,23.6481],[119.6034,23.6493],[119.6104,23.6486],[119.612,23.6502],[119.6125,23.6528],[119.6074,23.6572],[119.6065,23.6596],[119.6084,23.6628],[119.6041,23.6642],[119.6056,23.6684],[119.6015,23.6703],[119.5988,23.6752],[119.5944,23.6743],[119.5941,23.672],[119.5906,23.672],[119.5875,23.6733],[119.5875,23.6747],[119.583,23.6777],[119.5789,23.6762],[119.5771,23.6743],[119.5708,23.6721],[119.565,23.671],[119.5612,23.671],[119.5539,23.6684],[119.5523,23.6647],[119.5492,23.6621],[119.552,23.6579],[119.5557,23.6557],[119.5588,23.6554],[119.5631,23.6518],[119.5647,23.6545],[119.5671,23.6561],[119.5669,23.6589],[119.5715,23.6623],[119.5779,23.6623],[119.5816,23.661],[119.5811,23.6589],[119.5831,23.6549],[119.5825,23.6525],[119.586,23.6499],[119.5882,23.6473],[119.5889,23.6442],[119.5937,23.6414],[119.5958,23.635],[119.594,23.6317],[119.5907,23.6296],[119.5913,23.6282],[119.5892,23.6249],[119.5915,23.6241],[119.5964,23.6243],[119.6008,23.6209],[119.6021,23.624]]]]},"properties":{"region_code":"CN-71-ECEFFD2447","parent_region_code":"CN-71","name":"澎湖县","level":"prefecture","has_children":true,"full_path":"中国 / 台湾省 / 澎湖县","source_admin_code":null,"osm_relation_id":3339738}},
{"type":"Feature","geometry":{"type":"MultiPolygon","coordinates":[[[[118.2594,24.4954],[118.2317,24.4781],[118.2063,24.4519],[118.1974,24.4375],[118.1923,24.435],[118.1469,24.41],[118.1317,24.3822],[118.1553,24.3603],[118.225,24.3122],[118.2761,24.3067],[118.3197,24.2942],[118.3867,24.3414],[118.4644,24.3222],[118.5094,24.3636],[118.5461,24.4269],[118.5294,24.4703],[118.5228,24.4953],[118.4614,24.5183],[118.4494,24.5286],[118.4053,24.5428],[118.3844,24.5319],[118.3308,24.5089],[118.2753,24.5053],[118.2594,24.4954]]],[[[118.2394,24.2078],[118.2069,24.205],[118.1889,24.1731],[118.1889,24.1422],[118.2133,24.1206],[118.2328,24.1153],[118.2525,24.1153],[118.2942,24.1308],[118.2917,24.1789],[118.2642,24.2067],[118.2394,24.2078]]],[[[119.4617,25.0553],[119.4308,25.0503],[119.3858,25.0317],[119.3858,24.9894],[119.3911,24.9714],[119.4019,24.9567],[119.4172,24.9439],[119.4517,24.9264],[119.4756,24.9239],[119.4922,24.9264],[119.5097,24.9331],[119.5286,24.9539],[119.5378,24.9764],[119.5319,25.0042],[119.5114,25.0403],[119.4856,25.0408],[119.4617,25.0553]]]]},"properties":{"region_code":"CN-71-60BC8F32B5","parent_region_code":"CN-71","name":"金门县","level":"prefecture","has_children":true,"full_path":"中国 / 台湾省 / 金门县","source_admin_code":null,"osm_relation_id":3339695}},
{"type":"Feature","geometry":{"type":"MultiPolygon","coordinates":[[[[119.9654,26.0856],[119.9626,26.0881],[119.9602,26.0868],[119.9618,26.0838],[119.9654,26.0856]]],[[[119.8764,26.0136],[119.8592,25.9767],[119.8778,25.9428],[119.9214,25.9006],[119.9622,25.8864],[120.0042,25.9025],[120.0331,25.9317],[120.0503,25.9667],[120.0369,26.0053],[120.0214,26.0125],[119.9389,26.0378],[119.8764,26.0136]]],[[[119.8667,26.1078],[119.9275,26.0836],[119.9742,26.1025],[119.9939,26.1106],[120.0219,26.1278],[120.0575,26.1728],[120.0769,26.2122],[120.0753,26.2303],[120.0756,26.2553],[120.0303,26.3256],[119.9828,26.3247],[119.9711,26.3169],[119.9475,26.3067],[119.9411,26.2956],[119.9264,26.2608],[119.8753,26.215],[119.8561,26.1767],[119.8489,26.1447],[119.8667,26.1078]]],[[[120.1539,26.32],[120.1778,26.2842],[120.2206,26.28],[120.2467,26.285],[120.2667,26.3006],[120.2897,26.3253],[120.2897,26.3614],[120.2667,26.3972],[120.2136,26.4042],[120.1806,26.3822],[120.1675,26.3703],[120.1539,26.3517],[120.1539,26.32]]],[[[120.5762,26.3813],[120.5758,26.3875],[120.5561,26.4086],[120.5364,26.4253],[120.4908,26.4372],[120.4467,26.4333],[120.4131,26.3906],[120.4161,26.3519],[120.4617,26.2872],[120.5203,26.3044],[120.5683,26.325],[120.5775,26.3594],[120.5762,26.3813]]]]},"properties":{"region_code":"CN-71-4367232D27","parent_region_code":"CN-71","name":"连江县","level":"prefecture","has_children":true,"full_path":"中国 / 台湾省 / 连江县","source_admin_code":null,"osm_relation_id":3777249}}
]}