{"type":"FeatureCollection", "features": [
{"type":"Feature","geometry":{"type":"MultiPolygon","coordinates":[[[[117.3833,40.2266],[117.3455,40.228],[117.3274,40.2843],[117.2888,40.2772],[117.2226,40.3855],[117.2276,40.4158],[117.2569,40.441],[117.2301,40.4552],[117.2021,40.4997],[117.2577,40.5154],[117.2431,40.5468],[117.3053,40.5766],[117.3398,40.5804],[117.3826,40.5597],[117.415,40.5916],[117.4179,40.6203],[117.4939,40.6348],[117.5081,40.6591],[117.4025,40.6856],[117.2797,40.6595],[117.2019,40.6929],[117.1111,40.6984],[116.9992,40.6934],[116.959,40.7082],[116.9205,40.7436],[116.9173,40.7724],[116.8504,40.8336],[116.7989,40.8392],[116.7533,40.8883],[116.7072,40.9116],[116.6718,40.9694],[116.6927,41.0196],[116.6825,41.043],[116.6247,41.0591],[116.6076,41.0392],[116.6086,40.9818],[116.5632,40.9901],[116.5107,40.9737],[116.4492,40.9787],[116.4477,40.948],[116.4713,40.9001],[116.4078,40.898],[116.3588,40.9415],[116.3282,40.9029],[116.4509,40.7966],[116.4477,40.7642],[116.3114,40.7706],[116.2712,40.7601],[116.2418,40.7903],[116.2142,40.7432],[116.165,40.6944],[116.0671,40.6106],[116.017,40.6034],[115.976,40.5777],[115.9613,40.6046],[115.8999,40.6148],[115.8821,40.5958],[115.8212,40.5857],[115.7424,40.5248],[115.7297,40.5027],[115.7759,40.4908],[115.7641,40.4636],[115.7804,40.4358],[115.8565,40.3597],[115.9123,40.3528],[115.954,40.2555],[115.8917,40.2323],[115.8643,40.185],[115.8004,40.1521],[115.7668,40.175],[115.7278,40.1282],[115.7024,40.1331],[115.593,40.119],[115.5846,40.0954],[115.5211,40.0749],[115.4721,40.0349],[115.448,40.0284],[115.4172,39.9543],[115.4743,39.9346],[115.5168,39.8978],[115.5082,39.8372],[115.5633,39.8123],[115.5452,39.7934],[115.4775,39.7975],[115.4248,39.7742],[115.4334,39.7507],[115.4799,39.7404],[115.4929,39.6953],[115.4853,39.6677],[115.5657,39.5905],[115.6121,39.6023],[115.6794,39.6025],[115.7307,39.5444],[115.7464,39.5142],[115.8147,39.5085],[115.8221,39.54],[115.877,39.5471],[115.9179,39.5963],[115.9441,39.5653],[115.9712,39.5897],[116.0331,39.5706],[116.1324,39.5678],[116.1787,39.5897],[116.2344,39.5629],[116.2397,39.5136],[116.3004,39.4876],[116.3317,39.4545],[116.4309,39.4447],[116.4473,39.4565],[116.4126,39.505],[116.4584,39.5265],[116.4669,39.5518],[116.5026,39.5499],[116.5186,39.5956],[116.5608,39.6034],[116.5734,39.6225],[116.6146,39.6008],[116.688,39.6004],[116.7195,39.6229],[116.7682,39.6043],[116.8064,39.6148],[116.844,39.6665],[116.9,39.6869],[116.8767,39.7175],[116.8956,39.7543],[116.9337,39.7803],[116.92,39.8345],[116.866,39.841],[116.8211,39.8765],[116.7788,39.8901],[116.7765,39.9464],[116.752,39.9665],[116.7694,39.9917],[116.7718,40.0314],[116.8168,40.0454],[116.9544,40.0501],[117.0083,40.0295],[117.0791,40.0737],[117.1988,40.069],[117.2034,40.081],[117.2318,40.1105],[117.2604,40.1109],[117.3497,40.1395],[117.3445,40.1703],[117.3833,40.2266]]],[[[117.6069,39.2593],[117.6773,39.1725],[117.7127,39.1723],[117.7144,39.206],[117.7371,39.2369],[117.7097,39.2557],[117.6069,39.2593]]],[[[117.6114,39.1859],[117.6221,39.22],[117.5013,39.2153],[117.5427,39.1868],[117.5777,39.1773],[117.6114,39.1859]]]]},"properties":{"region_code":"CN-11","parent_region_code":"CN","name":"北京市","level":"province","has_children":true,"full_path":"中国 / 北京市","source_admin_code":"11","osm_relation_id":912940}},
{"type":"Feature","geometry":{"type":"Polygon","coordinates":[[[117.2034,40.081],[117.2166,40.0643],[117.1752,40.0572],[117.1915,39.9915],[117.144,39.943],[117.1484,39.8809],[117.1771,39.8629],[117.1859,39.8317],[117.1501,39.816],[117.1514,39.7957],[117.1997,39.7625],[117.1556,39.7467],[117.1715,39.6443],[117.1194,39.6164],[117.0095,39.6528],[116.9685,39.6357],[116.9397,39.6697],[116.9,39.6869],[116.844,39.6665],[116.8064,39.6148],[116.7811,39.5508],[116.8152,39.4813],[116.7982,39.4459],[116.8649,39.4261],[116.832,39.4093],[116.8545,39.3532],[116.8838,39.3371],[116.8621,39.3015],[116.873,39.2544],[116.8574,39.2005],[116.86,39.1568],[116.9044,39.1497],[116.918,39.1228],[116.8658,39.0538],[116.7506,39.0494],[116.7446,38.9931],[116.7024,38.931],[116.7167,38.8964],[116.7172,38.8515],[116.74,38.8506],[116.7396,38.7554],[116.8534,38.7406],[116.8716,38.6801],[116.925,38.685],[117.0367,38.7058],[117.055,38.6728],[117.0492,38.6384],[117.0646,38.6065],[117.1132,38.5886],[117.1597,38.6142],[117.2308,38.6183],[117.2471,38.556],[117.3627,38.5639],[117.4262,38.6003],[117.492,38.6149],[117.5688,38.6109],[117.758,38.637],[117.8545,38.6437],[117.9897,39.0187],[118.0225,39.202],[118.0579,39.2549],[117.9715,39.2996],[117.9659,39.3134],[117.844,39.3264],[117.827,39.3551],[117.8657,39.4105],[117.8645,39.4539],[117.8934,39.4747],[117.8984,39.5318],[117.9279,39.5727],[117.8965,39.59],[117.8197,39.5898],[117.7959,39.6007],[117.7427,39.5888],[117.7252,39.5346],[117.7037,39.5351],[117.6641,39.5796],[117.6125,39.603],[117.657,39.6357],[117.6623,39.6621],[117.6232,39.7019],[117.5711,39.7258],[117.54,39.7756],[117.5553,39.7989],[117.5417,39.8384],[117.5151,39.8696],[117.5014,39.9079],[117.5089,39.9453],[117.5418,39.9759],[117.5404,39.9979],[117.5938,39.9927],[117.6083,39.9717],[117.6697,39.9743],[117.7733,39.9659],[117.7902,39.9983],[117.7765,40.0224],[117.7382,40.0171],[117.7451,40.0809],[117.6384,40.0949],[117.6436,40.127],[117.5943,40.17],[117.5694,40.1781],[117.5566,40.2282],[117.4979,40.2259],[117.4549,40.2472],[117.4127,40.2484],[117.3833,40.2266],[117.3445,40.1703],[117.3497,40.1395],[117.2604,40.1109],[117.2318,40.1105],[117.2034,40.081]],[[117.6069,39.2593],[117.7097,39.2557],[117.7371,39.2369],[117.7144,39.206],[117.7127,39.1723],[117.6773,39.1725],[117.6069,39.2593]],[[117.6114,39.1859],[117.5777,39.1773],[117.5427,39.1868],[117.5013,39.2153],[117.6221,39.22],[117.6114,39.1859]],[[117.6446,39.3141],[117.6294,39.3429],[117.5892,39.3482],[117.5299,39.3361],[117.5174,39.3707],[117.5845,39.4045],[117.7309,39.4095],[117.7763,39.3935],[117.7784,39.3761],[117.7387,39.3535],[117.665,39.3553],[117.6446,39.3141]]]},"properties":{"region_code":"CN-12","parent_region_code":"CN","name":"天津市","level":"province","has_children":true,"full_path":"中国 / 天津市","source_admin_code":"12","osm_relation_id":912999}},
{"type":"Feature","geometry":{"type":"MultiPolygon","coordinates":[[[[117.6446,39.3141],[117.665,39.3553],[117.7387,39.3535],[117.7784,39.3761],[117.7763,39.3935],[117.7309,39.4095],[117.5845,39.4045],[117.5174,39.3707],[117.5299,39.3361],[117.5892,39.3482],[117.6294,39.3429],[117.6446,39.3141]]],[[[116.9,39.6869],[116.9397,39.6697],[116.9685,39.6357],[117.0095,39.6528],[117.1194,39.6164],[117.1715,39.6443],[117.1556,39.7467],[117.1997,39.7625],[117.1514,39.7957],[117.1501,39.816],[117.1859,39.8317],[117.1771,39.8629],[117.1484,39.8809],[117.144,39.943],[117.1915,39.9915],[117.1752,40.0572],[117.2166,40.0643],[117.2034,40.081],[117.1988,40.069],[117.0791,40.0737],[117.0083,40.0295],[116.9544,40.0501],[116.8168,40.0454],[116.7718,40.0314],[116.7694,39.9917],[116.752,39.9665],[116.7765,39.9464],[116.7788,39.8901],[116.8211,39.8765],[116.866,39.841],[116.92,39.8345],[116.9337,39.7803],[116.8956,39.7543],[116.8767,39.7175],[116.9,39.6869]]],[[[117.3833,40.2266],[117.4127,40.2484],[117.4549,40.2472],[117.4979,40.2259],[117.5566,40.2282],[117.5694,40.1781],[117.5943,40.17],[117.6436,40.127],[117.6384,40.0949],[117.7451,40.0809],[117.7382,40.0171],[117.7765,40.0224],[117.7902,39.9983],[117.7733,39.9659],[117.6697,39.9743],[117.6083,39.9717],[117.5938,39.9927],[117.5404,39.9979],[117.5418,39.9759],[117.5089,39.9453],[117.5014,39.9079],[117.5151,39.8696],[117.5417,39.8384],[117.5553,39.7989],[117.54,39.7756],[117.5711,39.7258],[117.6232,39.7019],[117.6623,39.6621],[117.657,39.6357],[117.6125,39.603],[117.6641,39.5796],[117.7037,39.5351],[117.7252,39.5346],[117.7427,39.5888],[117.7959,39.6007],[117.8197,39.5898],[117.8965,39.59],[117.9279,39.5727],[117.8984,39.5318],[117.8934,39.4747],[117.8645,39.4539],[117.8657,39.4105],[117.827,39.3551],[117.844,39.3264],[117.9659,39.3134],[117.9715,39.2996],[118.0579,39.2549],[118.0225,39.202],[117.9897,39.0187],[118.0239,38.9622],[118.1113,38.8549],[118.1752,38.8075],[118.2265,38.7869],[118.286,38.7753],[118.351,38.7754],[118.4238,38.7915],[118.5856,38.8667],[118.6572,38.9097],[118.8247,38.8742],[118.9117,38.8675],[119.0014,38.873],[119.0791,38.8883],[119.1811,38.9258],[119.2535,38.9818],[119.3359,39.0701],[119.4317,39.1929],[119.5337,39.3388],[119.5536,39.3908],[119.5541,39.5477],[119.5776,39.6302],[119.6226,39.6582],[119.7195,39.6727],[119.7398,39.7199],[119.8244,39.7605],[119.9529,39.8085],[119.8477,39.9891],[119.8486,40.0311],[119.8293,40.0491],[119.7894,40.0383],[119.7532,40.0663],[119.728,40.1049],[119.7563,40.1388],[119.7399,40.2067],[119.7012,40.2031],[119.6703,40.2242],[119.6201,40.2296],[119.6457,40.2731],[119.5923,40.333],[119.5808,40.3743],[119.5946,40.4057],[119.5891,40.4684],[119.5412,40.5124],[119.5653,40.539],[119.4966,40.5519],[119.4842,40.5344],[119.438,40.5421],[119.3293,40.5262],[119.2544,40.5359],[119.2158,40.5656],[119.2346,40.5973],[119.1381,40.6319],[119.1938,40.6714],[119.1578,40.6933],[119.1028,40.6629],[119.0065,40.6857],[118.955,40.7191],[118.9433,40.7462],[118.8963,40.7591],[118.8399,40.8208],[118.8757,40.8614],[118.8961,40.9601],[118.9494,40.9561],[118.9944,40.9654],[119.0072,41.0058],[118.9459,41.0168],[118.9306,41.0511],[118.9584,41.0772],[119.0278,41.0636],[119.074,41.093],[119.0747,41.1294],[119.1199,41.1366],[119.1825,41.1962],[119.2038,41.2426],[119.2421,41.2742],[119.2331,41.3125],[119.1943,41.2803],[119.1536,41.296],[119.0469,41.2927],[118.9466,41.3133],[118.9286,41.3028],[118.8662,41.3027],[118.8341,41.3534],[118.7637,41.351],[118.7487,41.3234],[118.7103,41.3283],[118.6611,41.3531],[118.6409,41.3459],[118.5201,41.3563],[118.4097,41.3332],[118.3942,41.307],[118.3495,41.3295],[118.3601,41.3823],[118.3391,41.3977],[118.3364,41.4433],[118.2641,41.4656],[118.2999,41.4846],[118.3093,41.5104],[118.2752,41.5624],[118.2196,41.5829],[118.2075,41.64],[118.1484,41.6875],[118.1239,41.74],[118.138,41.794],[118.1735,41.8114],[118.2292,41.8053],[118.2364,41.777],[118.2858,41.7707],[118.333,41.8696],[118.2597,41.9279],[118.2924,41.9473],[118.3002,41.9776],[118.2771,42.0249],[118.2915,42.0496],[118.2623,42.083],[118.206,42.079],[118.1933,42.0309],[118.1255,42.0293],[118.1586,42.0833],[118.0958,42.1016],[118.0817,42.1173],[118.1015,42.1613],[118.0869,42.18],[118.0269,42.197],[117.9708,42.227],[117.9643,42.2465],[118.0175,42.2646],[118.0532,42.296],[118.0226,42.3157],[118.0013,42.3519],[118.0175,42.3752],[117.9921,42.414],[117.8697,42.5062],[117.8261,42.5604],[117.791,42.5829],[117.7739,42.6165],[117.6813,42.5803],[117.5338,42.6039],[117.5216,42.5888],[117.4554,42.597],[117.4269,42.5537],[117.3902,42.5344],[117.41,42.5101],[117.4066,42.4698],[117.3253,42.4593],[117.2689,42.4801],[117.1696,42.4637],[117.0895,42.4822],[117.0559,42.4554],[117.0091,42.4535],[116.99,42.4235],[116.9603,42.425],[116.9204,42.4029],[116.8801,42.3642],[116.9049,42.2822],[116.9121,42.2275],[116.9042,42.1902],[116.7828,42.198],[116.8195,42.1531],[116.8439,42.154],[116.8778,42.1085],[116.8843,42.0761],[116.8626,42.0015],[116.8329,42.0037],[116.7907,41.9759],[116.7595,41.9882],[116.7183,41.9504],[116.6558,41.9452],[116.6348,41.9286],[116.5861,41.9243],[116.5276,41.937],[116.5001,41.9748],[116.4183,41.9363],[116.4026,41.9917],[116.3672,42.0077],[116.3039,41.995],[116.2886,41.963],[116.2355,41.9411],[116.205,41.9047],[116.2048,41.8795],[116.1653,41.8714],[116.0995,41.834],[116.0884,41.7769],[116.0279,41.7805],[115.995,41.802],[115.9964,41.8257],[115.9559,41.8703],[115.9188,41.9401],[115.8569,41.9258],[115.8271,41.9365],[115.805,41.911],[115.7123,41.8677],[115.5279,41.7703],[115.413,41.7299],[115.3083,41.702],[115.3542,41.6591],[115.3388,41.6334],[115.3708,41.6002],[115.303,41.5916],[115.2567,41.6135],[115.2507,41.5789],[115.1976,41.5693],[115.1918,41.6022],[115.0808,41.6206],[115.0477,41.5957],[115.0159,41.6116],[114.963,41.6125],[114.8559,41.6021],[114.8894,41.6345],[114.8967,41.6875],[114.8936,41.7544],[114.8695,41.7907],[114.9337,41.8451],[114.9158,41.8748],[114.9106,41.9804],[114.8833,42.0292],[114.8556,42.0523],[114.8506,42.108],[114.8192,42.1378],[114.7494,42.113],[114.6691,42.1185],[114.6238,42.1091],[114.565,42.1319],[114.5052,42.1077],[114.4955,42.064],[114.4597,42.0359],[114.5048,41.9707],[114.4706,41.9521],[114.4153,41.9399],[114.3462,41.9512],[114.3439,41.9273],[114.1943,41.7893],[114.2001,41.7363],[114.2289,41.7073],[114.2081,41.684],[114.2489,41.6227],[114.2136,41.5749],[114.2215,41.5128],[114.0953,41.5357],[114.0331,41.5308],[113.9712,41.5053],[113.9149,41.4565],[113.8785,41.4367],[113.8645,41.4107],[113.9376,41.3893],[113.908,41.2927],[113.9862,41.2662],[114.0057,41.2314],[113.9949,41.1828],[113.9069,41.1691],[113.8562,41.0772],[113.921,41.0131],[113.9689,40.9936],[113.9726,40.9462],[114.0332,40.9299],[114.0465,40.8629],[114.038,40.8295],[114.0981,40.7571],[114.1266,40.745],[114.1731,40.6752],[114.2079,40.6387],[114.218,40.6106],[114.2771,40.5955],[114.2679,40.5516],[114.2899,40.5347],[114.2608,40.4729],[114.3017,40.3643],[114.3458,40.3672],[114.3945,40.3491],[114.445,40.3708],[114.4709,40.3434],[114.505,40.3566],[114.5201,40.3157],[114.485,40.2726],[114.4088,40.2425],[114.3516,40.248],[114.2781,40.2237],[114.2581,40.2265],[114.145,40.1759],[114.091,40.1922],[114.0603,40.1807],[114.0949,40.0985],[114.0738,40.0686],[114.0371,40.0556],[114.0136,40.101],[113.9829,40.1112],[113.9745,40.0721],[113.9494,40.0288],[113.9539,40],[114.0146,39.9907],[114.0406,39.9164],[114.1698,39.8978],[114.2093,39.8609],[114.2704,39.8733],[114.2826,39.857],[114.389,39.8659],[114.4002,39.8321],[114.3838,39.8179],[114.4089,39.7693],[114.3932,39.6582],[114.4308,39.6054],[114.4956,39.6026],[114.5092,39.5639],[114.5629,39.5732],[114.5513,39.531],[114.5238,39.4842],[114.4957,39.4755],[114.4918,39.431],[114.4646,39.3922],[114.4744,39.3488],[114.4278,39.314],[114.4312,39.2592],[114.4095,39.2418],[114.4686,39.2182],[114.4372,39.173],[114.3769,39.1728],[114.3538,39.1337],[114.3632,39.1065],[114.3423,39.0754],[114.2462,39.0726],[114.2036,39.0496],[114.1609,39.0619],[114.1442,39.0468],[114.0644,39.0907],[114.0441,39.1271],[113.9972,39.1168],[113.9784,39.09],[113.94,39.0917],[113.9139,39.0603],[113.8804,39.0661],[113.8493,39.0264],[113.813,39.0118],[113.8049,38.989],[113.7689,38.9893],[113.7603,38.9592],[113.7662,38.8896],[113.7969,38.8513],[113.8393,38.8382],[113.8487,38.8116],[113.7939,38.7636],[113.7476,38.6987],[113.7045,38.7135],[113.7133,38.6706],[113.6726,38.6467],[113.6151,38.6505],[113.5946,38.617],[113.6057,38.6017],[113.5483,38.5549],[113.5576,38.4234],[113.5274,38.4197],[113.5179,38.3826],[113.5558,38.3413],[113.5336,38.2846],[113.5616,38.2379],[113.6445,38.2345],[113.6781,38.2048],[113.711,38.208],[113.7458,38.1711],[113.8137,38.1672],[113.8167,38.1074],[113.8696,38.058],[113.8709,37.989],[113.8916,37.9847],[113.9213,37.9473],[113.9254,37.921],[113.9563,37.9025],[113.9701,37.8622],[113.9585,37.8276],[114.0366,37.7873],[114.0368,37.7533],[113.9923,37.7413],[114.0964,37.7142],[114.1252,37.6938],[114.1324,37.6466],[114.1069,37.6224],[114.1208,37.5991],[114.0887,37.5459],[114.0724,37.5391],[114.0229,37.4737],[114.0289,37.4526],[114.0057,37.4195],[113.9702,37.4089],[113.8886,37.3122],[113.8939,37.2891],[113.8743,37.2454],[113.822,37.1706],[113.7657,37.1513],[113.7671,37.1064],[113.7517,37.0752],[113.7776,37.059],[113.7616,37.0181],[113.7869,36.9956],[113.7555,36.9602],[113.7873,36.8861],[113.7305,36.8534],[113.7185,36.8847],[113.6847,36.881],[113.6713,36.8484],[113.6791,36.8211],[113.5914,36.7517],[113.5386,36.7527],[113.5101,36.7271],[113.4758,36.741],[113.4565,36.7105],[113.5058,36.6949],[113.4724,36.6638],[113.4803,36.635],[113.5442,36.6186],[113.5819,36.5628],[113.5487,36.4931],[113.578,36.4581],[113.6217,36.4583],[113.7062,36.4042],[113.7309,36.3563],[113.7923,36.3463],[113.8125,36.3311],[113.8767,36.3542],[113.9048,36.3152],[113.957,36.3545],[113.9973,36.3344],[114.0515,36.3282],[114.0365,36.2968],[114.0546,36.2759],[114.1705,36.2634],[114.1964,36.2436],[114.2561,36.2617],[114.2939,36.2452],[114.3391,36.2556],[114.3499,36.2303],[114.4111,36.2055],[114.4542,36.201],[114.6243,36.1239],[114.6493,36.1396],[114.7132,36.1392],[114.8195,36.1238],[114.853,36.1445],[114.9069,36.1406],[114.9012,36.1173],[114.9209,36.0904],[114.9091,36.0522],[114.9607,36.0704],[114.9818,36.0643],[115.0426,36.1133],[115.0395,36.1532],[115.0652,36.1792],[115.1193,36.2103],[115.1659,36.1894],[115.1975,36.2041],[115.2449,36.1894],[115.2582,36.1532],[115.2978,36.1302],[115.3064,36.0872],[115.3599,36.0981],[115.3943,36.1436],[115.4118,36.1359],[115.4772,36.1482],[115.4711,36.2463],[115.4494,36.2772],[115.4122,36.2924],[115.4171,36.322],[115.3494,36.3177],[115.3635,36.344],[115.3427,36.3642],[115.3397,36.3963],[115.2923,36.4126],[115.3111,36.4539],[115.2782,36.4843],[115.3247,36.5484],[115.3285,36.5821],[115.4034,36.6649],[115.4406,36.6942],[115.4711,36.7593],[115.5796,36.7815],[115.6833,36.8187],[115.6963,36.8691],[115.7364,36.903],[115.7916,36.9688],[115.7704,36.992],[115.8062,37.0147],[115.8504,37.0597],[115.8795,37.1189],[115.8739,37.1515],[115.9071,37.18],[115.9031,37.2022],[115.9647,37.2405],[115.9624,37.2875],[115.9817,37.341],[116.0182,37.3592],[116.0806,37.3729],[116.1029,37.3676],[116.1633,37.3835],[116.1884,37.3652],[116.2299,37.3609],[116.2668,37.3972],[116.2187,37.4792],[116.2836,37.483],[116.2745,37.5105],[116.295,37.5604],[116.3281,37.5754],[116.3738,37.5624],[116.3631,37.5256],[116.3989,37.512],[116.432,37.4755],[116.4574,37.5173],[116.4767,37.5209],[116.5368,37.5711],[116.5691,37.6092],[116.5947,37.6214],[116.6533,37.6804],[116.6692,37.7198],[116.7449,37.7601],[116.7431,37.7995],[116.7962,37.837],[116.8451,37.835],[116.9155,37.8446],[117.0182,37.8319],[117.0891,37.8484],[117.1457,37.8386],[117.1792,37.849],[117.2635,37.8384],[117.311,37.8597],[117.3757,37.8535],[117.3961,37.8408],[117.4326,37.8535],[117.4842,37.9249],[117.5058,37.9411],[117.5186,37.9902],[117.5548,38.0404],[117.5597,38.0635],[117.5976,38.0723],[117.6983,38.0756],[117.738,38.1229],[117.7658,38.1355],[117.7861,38.2043],[117.8079,38.2313],[117.7884,38.2614],[117.8478,38.2645],[117.9023,38.3192],[118.0433,38.3976],[117.986,38.46],[117.8885,38.5804],[117.8545,38.6437],[117.758,38.637],[117.5688,38.6109],[117.492,38.6149],[117.4262,38.6003],[117.3627,38.5639],[117.2471,38.556],[117.2308,38.6183],[117.1597,38.6142],[117.1132,38.5886],[117.0646,38.6065],[117.0492,38.6384],[117.055,38.6728],[117.0367,38.7058],[116.925,38.685],[116.8716,38.6801],[116.8534,38.7406],[116.7396,38.7554],[116.74,38.8506],[116.7172,38.8515],[116.7167,38.8964],[116.7024,38.931],[116.7446,38.9931],[116.7506,39.0494],[116.8658,39.0538],[116.918,39.1228],[116.9044,39.1497],[116.86,39.1568],[116.8574,39.2005],[116.873,39.2544],[116.8621,39.3015],[116.8838,39.3371],[116.8545,39.3532],[116.832,39.4093],[116.8649,39.4261],[116.7982,39.4459],[116.8152,39.4813],[116.7811,39.5508],[116.8064,39.6148],[116.7682,39.6043],[116.7195,39.6229],[116.688,39.6004],[116.6146,39.6008],[116.5734,39.6225],[116.5608,39.6034],[116.5186,39.5956],[116.5026,39.5499],[116.4669,39.5518],[116.4584,39.5265],[116.4126,39.505],[116.4473,39.4565],[116.4309,39.4447],[116.3317,39.4545],[116.3004,39.4876],[116.2397,39.5136],[116.2344,39.5629],[116.1787,39.5897],[116.1324,39.5678],[116.0331,39.5706],[115.9712,39.5897],[115.9441,39.5653],[115.9179,39.5963],[115.877,39.5471],[115.8221,39.54],[115.8147,39.5085],[115.7464,39.5142],[115.7307,39.5444],[115.6794,39.6025],[115.6121,39.6023],[115.5657,39.5905],[115.4853,39.6677],[115.4929,39.6953],[115.4799,39.7404],[115.4334,39.7507],[115.4248,39.7742],[115.4775,39.7975],[115.5452,39.7934],[115.5633,39.8123],[115.5082,39.8372],[115.5168,39.8978],[115.4743,39.9346],[115.4172,39.9543],[115.448,40.0284],[115.4721,40.0349],[115.5211,40.0749],[115.5846,40.0954],[115.593,40.119],[115.7024,40.1331],[115.7278,40.1282],[115.7668,40.175],[115.8004,40.1521],[115.8643,40.185],[115.8917,40.2323],[115.954,40.2555],[115.9123,40.3528],[115.8565,40.3597],[115.7804,40.4358],[115.7641,40.4636],[115.7759,40.4908],[115.7297,40.5027],[115.7424,40.5248],[115.8212,40.5857],[115.8821,40.5958],[115.8999,40.6148],[115.9613,40.6046],[115.976,40.5777],[116.017,40.6034],[116.0671,40.6106],[116.165,40.6944],[116.2142,40.7432],[116.2418,40.7903],[116.2712,40.7601],[116.3114,40.7706],[116.4477,40.7642],[116.4509,40.7966],[116.3282,40.9029],[116.3588,40.9415],[116.4078,40.898],[116.4713,40.9001],[116.4477,40.948],[116.4492,40.9787],[116.5107,40.9737],[116.5632,40.9901],[116.6086,40.9818],[116.6076,41.0392],[116.6247,41.0591],[116.6825,41.043],[116.6927,41.0196],[116.6718,40.9694],[116.7072,40.9116],[116.7533,40.8883],[116.7989,40.8392],[116.8504,40.8336],[116.9173,40.7724],[116.9205,40.7436],[116.959,40.7082],[116.9992,40.6934],[117.1111,40.6984],[117.2019,40.6929],[117.2797,40.6595],[117.4025,40.6856],[117.5081,40.6591],[117.4939,40.6348],[117.4179,40.6203],[117.415,40.5916],[117.3826,40.5597],[117.3398,40.5804],[117.3053,40.5766],[117.2431,40.5468],[117.2577,40.5154],[117.2021,40.4997],[117.2301,40.4552],[117.2569,40.441],[117.2276,40.4158],[117.2226,40.3855],[117.2888,40.2772],[117.3274,40.2843],[117.3455,40.228],[117.3833,40.2266]]]]},"properties":{"region_code":"CN-13","parent_region_code":"CN","name":"河北省","level":"province","has_children":true,"full_path":"中国 / 河北省","source_admin_code":"13","osm_relation_id":912998}},
{"type":"Feature","geometry":{"type":"Polygon","coordinates":[[[114.1266,40.745],[114.056,40.7213],[114.0612,40.6417],[114.0348,40.6078],[114.0717,40.5781],[114.0687,40.5396],[114.0096,40.5182],[113.9671,40.5249],[113.8634,40.4483],[113.8175,40.4989],[113.7774,40.4916],[113.6751,40.444],[113.5675,40.3489],[113.5079,40.3357],[113.3577,40.3124],[113.3093,40.3186],[113.2702,40.386],[113.2519,40.3995],[113.1736,40.3932],[113.1197,40.3756],[113.0225,40.3641],[112.8899,40.3263],[112.8875,40.2977],[112.8481,40.2037],[112.7257,40.1645],[112.6193,40.2375],[112.5179,40.2626],[112.4581,40.2982],[112.4056,40.2943],[112.3418,40.2529],[112.3064,40.255],[112.2787,40.197],[112.226,40.1685],[112.2165,40.1276],[112.1776,40.0843],[112.1674,40.0498],[112.1354,40.026],[112.1255,39.9958],[112.0469,39.9008],[112.0296,39.8552],[111.9643,39.7943],[111.9596,39.7062],[111.9184,39.6602],[111.9227,39.6082],[111.869,39.603],[111.8293,39.6208],[111.781,39.5877],[111.7094,39.6052],[111.6353,39.6438],[111.6088,39.6308],[111.5005,39.6608],[111.4315,39.6406],[111.4346,39.5948],[111.416,39.5417],[111.4223,39.5045],[111.3867,39.4932],[111.3569,39.4658],[111.3325,39.4192],[111.2109,39.4264],[111.1664,39.4228],[111.1366,39.4058],[111.1183,39.3656],[111.1716,39.3294],[111.2206,39.2839],[111.1963,39.2218],[111.1568,39.1511],[111.167,39.1383],[111.1354,39.0675],[111.0786,39.0231],[111.0226,39.017],[110.9738,38.9698],[111.0068,38.9285],[111.0112,38.8869],[110.989,38.8637],[111.0002,38.8359],[110.9537,38.7434],[110.9079,38.7014],[110.9112,38.6717],[110.8879,38.6567],[110.8778,38.6105],[110.9036,38.5622],[110.9031,38.5216],[110.8643,38.509],[110.8714,38.4556],[110.8367,38.4389],[110.7745,38.4435],[110.7405,38.3657],[110.6882,38.3446],[110.664,38.311],[110.5893,38.3068],[110.5671,38.289],[110.5632,38.225],[110.5174,38.2077],[110.501,38.1855],[110.5132,38.116],[110.4945,38.0893],[110.498,38.0226],[110.5219,37.9943],[110.5147,37.9568],[110.5814,37.9264],[110.6745,37.7894],[110.7495,37.7564],[110.742,37.735],[110.6993,37.7201],[110.7052,37.7004],[110.7612,37.6839],[110.7899,37.6615],[110.7577,37.6349],[110.7679,37.5905],[110.7901,37.5611],[110.767,37.5379],[110.7533,37.4733],[110.7342,37.4493],[110.6458,37.4398],[110.6272,37.4004],[110.6293,37.365],[110.6921,37.3474],[110.6725,37.3136],[110.6857,37.2894],[110.6475,37.2589],[110.5738,37.1751],[110.5301,37.1387],[110.5289,37.1119],[110.4936,37.0897],[110.4346,37.0052],[110.3866,37.0224],[110.4201,36.9615],[110.4011,36.8893],[110.4189,36.8543],[110.403,36.7782],[110.4318,36.7359],[110.4227,36.6553],[110.4399,36.6229],[110.4919,36.5818],[110.493,36.4752],[110.468,36.4467],[110.4864,36.4252],[110.482,36.3945],[110.4536,36.3341],[110.4678,36.3118],[110.4681,36.2472],[110.4469,36.2183],[110.4414,36.1669],[110.4627,36.073],[110.4846,36.0409],[110.5113,35.9722],[110.497,35.9477],[110.5106,35.9248],[110.5059,35.88],[110.546,35.8754],[110.5438,35.8479],[110.5661,35.8038],[110.5748,35.7138],[110.606,35.6187],[110.5664,35.5396],[110.5001,35.4838],[110.4781,35.4558],[110.4762,35.4213],[110.4552,35.3315],[110.3953,35.2965],[110.3537,35.1783],[110.368,35.1373],[110.3373,35.0612],[110.2974,35.0072],[110.2639,34.945],[110.2195,34.8849],[110.2371,34.8549],[110.2315,34.8116],[110.2412,34.7688],[110.2284,34.6918],[110.2588,34.6324],[110.2822,34.613],[110.3746,34.6044],[110.4201,34.5877],[110.4605,34.607],[110.4953,34.608],[110.5349,34.5841],[110.6028,34.6101],[110.6591,34.5982],[110.703,34.6063],[110.7518,34.6548],[110.7913,34.6485],[110.8115,34.6194],[110.8955,34.662],[110.916,34.7309],[110.9709,34.7043],[111.0322,34.7505],[111.0866,34.7475],[111.1171,34.7618],[111.1397,34.8148],[111.2323,34.7933],[111.2469,34.8205],[111.2831,34.808],[111.3331,34.8324],[111.3887,34.8158],[111.4458,34.837],[111.4955,34.8299],[111.5162,34.8484],[111.5772,34.8535],[111.5861,34.883],[111.6115,34.8971],[111.6406,34.9397],[111.6723,34.9481],[111.6591,34.9824],[111.6901,35.0004],[111.7332,35.005],[111.8034,35.0358],[111.8043,35.064],[111.9261,35.0842],[111.9678,35.0705],[112.0079,35.0715],[112.0564,35.0564],[112.06,35.1532],[112.0334,35.1951],[112.0753,35.22],[112.0642,35.2633],[112.0861,35.2809],[112.2093,35.2535],[112.2806,35.2208],[112.3608,35.2202],[112.3997,35.2415],[112.5486,35.2137],[112.6155,35.2211],[112.649,35.2437],[112.692,35.2202],[112.761,35.2048],[112.7795,35.2368],[112.816,35.2596],[112.8619,35.2457],[112.9155,35.2505],[112.9297,35.285],[112.9787,35.2893],[112.9901,35.3627],[113.0641,35.3533],[113.1145,35.3295],[113.1821,35.4173],[113.1856,35.4497],[113.2353,35.4537],[113.2762,35.4353],[113.3018,35.4607],[113.3639,35.48],[113.3806,35.504],[113.4794,35.5212],[113.4971,35.5731],[113.5368,35.5968],[113.5494,35.6266],[113.6189,35.6328],[113.6171,35.676],[113.5988,35.6852],[113.5979,35.7604],[113.5836,35.817],[113.6445,35.8493],[113.6288,35.8657],[113.6498,35.9458],[113.6313,35.9832],[113.6967,35.991],[113.6575,36.0379],[113.6795,36.0561],[113.6672,36.1255],[113.6996,36.149],[113.6916,36.1819],[113.6943,36.2523],[113.7351,36.3234],[113.7309,36.3563],[113.7062,36.4042],[113.6217,36.4583],[113.578,36.4581],[113.5487,36.4931],[113.5819,36.5628],[113.5442,36.6186],[113.4803,36.635],[113.4724,36.6638],[113.5058,36.6949],[113.4565,36.7105],[113.4758,36.741],[113.5101,36.7271],[113.5386,36.7527],[113.5914,36.7517],[113.6791,36.8211],[113.6713,36.8484],[113.6847,36.881],[113.7185,36.8847],[113.7305,36.8534],[113.7873,36.8861],[113.7555,36.9602],[113.7869,36.9956],[113.7616,37.0181],[113.7776,37.059],[113.7517,37.0752],[113.7671,37.1064],[113.7657,37.1513],[113.822,37.1706],[113.8743,37.2454],[113.8939,37.2891],[113.8886,37.3122],[113.9702,37.4089],[114.0057,37.4195],[114.0289,37.4526],[114.0229,37.4737],[114.0724,37.5391],[114.0887,37.5459],[114.1208,37.5991],[114.1069,37.6224],[114.1324,37.6466],[114.1252,37.6938],[114.0964,37.7142],[113.9923,37.7413],[114.0368,37.7533],[114.0366,37.7873],[113.9585,37.8276],[113.9701,37.8622],[113.9563,37.9025],[113.9254,37.921],[113.9213,37.9473],[113.8916,37.9847],[113.8709,37.989],[113.8696,38.058],[113.8167,38.1074],[113.8137,38.1672],[113.7458,38.1711],[113.711,38.208],[113.6781,38.2048],[113.6445,38.2345],[113.5616,38.2379],[113.5336,38.2846],[113.5558,38.3413],[113.5179,38.3826],[113.5274,38.4197],[113.5576,38.4234],[113.5483,38.5549],[113.6057,38.6017],[113.5946,38.617],[113.6151,38.6505],[113.6726,38.6467],[113.7133,38.6706],[113.7045,38.7135],[113.7476,38.6987],[113.7939,38.7636],[113.8487,38.8116],[113.8393,38.8382],[113.7969,38.8513],[113.7662,38.8896],[113.7603,38.9592],[113.7689,38.9893],[113.8049,38.989],[113.813,39.0118],[113.8493,39.0264],[113.8804,39.0661],[113.9139,39.0603],[113.94,39.0917],[113.9784,39.09],[113.9972,39.1168],[114.0441,39.1271],[114.0644,39.0907],[114.1442,39.0468],[114.1609,39.0619],[114.2036,39.0496],[114.2462,39.0726],[114.3423,39.0754],[114.3632,39.1065],[114.3538,39.1337],[114.3769,39.1728],[114.4372,39.173],[114.4686,39.2182],[114.4095,39.2418],[114.4312,39.2592],[114.4278,39.314],[114.4744,39.3488],[114.4646,39.3922],[114.4918,39.431],[114.4957,39.4755],[114.5238,39.4842],[114.5513,39.531],[114.5629,39.5732],[114.5092,39.5639],[114.4956,39.6026],[114.4308,39.6054],[114.3932,39.6582],[114.4089,39.7693],[114.3838,39.8179],[114.4002,39.8321],[114.389,39.8659],[114.2826,39.857],[114.2704,39.8733],[114.2093,39.8609],[114.1698,39.8978],[114.0406,39.9164],[114.0146,39.9907],[113.9539,40],[113.9494,40.0288],[113.9745,40.0721],[113.9829,40.1112],[114.0136,40.101],[114.0371,40.0556],[114.0738,40.0686],[114.0949,40.0985],[114.0603,40.1807],[114.091,40.1922],[114.145,40.1759],[114.2581,40.2265],[114.2781,40.2237],[114.3516,40.248],[114.4088,40.2425],[114.485,40.2726],[114.5201,40.3157],[114.505,40.3566],[114.4709,40.3434],[114.445,40.3708],[114.3945,40.3491],[114.3458,40.3672],[114.3017,40.3643],[114.2608,40.4729],[114.2899,40.5347],[114.2679,40.5516],[114.2771,40.5955],[114.218,40.6106],[114.2079,40.6387],[114.1731,40.6752],[114.1266,40.745]]]},"properties":{"region_code":"CN-14","parent_region_code":"CN","name":"山西省","level":"province","has_children":true,"full_path":"中国 / 山西省","source_admin_code":"14","osm_relation_id":913105}},
{"type":"Feature","geometry":{"type":"Polygon","coordinates":[[[119.2331,41.3125],[119.324,41.3391],[119.3136,41.3641],[119.3715,41.4575],[119.3949,41.4702],[119.3885,41.519],[119.3624,41.5532],[119.4141,41.566],[119.4101,41.587],[119.3358,41.6166],[119.3031,41.6458],[119.3119,41.6618],[119.2933,41.7086],[119.3133,41.7259],[119.3114,41.7616],[119.288,41.7907],[119.3096,41.8066],[119.327,41.8987],[119.3192,41.9693],[119.3486,41.992],[119.3778,42.0519],[119.378,42.0897],[119.3417,42.1169],[119.3005,42.1241],[119.2627,42.1867],[119.2316,42.1984],[119.2708,42.2555],[119.3363,42.296],[119.4271,42.3135],[119.5107,42.3739],[119.5661,42.3575],[119.5377,42.3051],[119.6083,42.2539],[119.6664,42.2396],[119.6974,42.2208],[119.7634,42.2081],[119.8401,42.2134],[119.8501,42.1743],[119.8318,42.1332],[119.8392,42.095],[119.8697,42.0758],[119.8919,42.026],[119.9207,42.0066],[119.9558,41.9508],[119.9487,41.9184],[119.9862,41.8979],[119.9857,41.8729],[120.0175,41.8143],[120.0394,41.802],[120.029,41.7118],[120.0807,41.6937],[120.1332,41.726],[120.1228,41.7672],[120.2449,41.8819],[120.2636,41.9189],[120.3677,41.9924],[120.4053,41.9817],[120.4507,42.014],[120.4459,42.0554],[120.4877,42.0714],[120.4611,42.1031],[120.5789,42.1652],[120.6194,42.1525],[120.7166,42.2016],[120.7398,42.2213],[120.785,42.2164],[120.877,42.264],[120.9487,42.2738],[121.0227,42.2403],[121.0661,42.2532],[121.0813,42.2757],[121.1155,42.2786],[121.1441,42.3123],[121.1786,42.3308],[121.2131,42.3697],[121.2925,42.396],[121.2988,42.4334],[121.3799,42.4716],[121.4595,42.4789],[121.4731,42.4941],[121.5243,42.4819],[121.5966,42.5],[121.6602,42.4353],[121.6965,42.4374],[121.746,42.4872],[121.7805,42.4953],[121.8646,42.559],[121.9124,42.5867],[121.9039,42.612],[121.9318,42.6864],[121.9859,42.7033],[122.0174,42.6973],[122.0699,42.7077],[122.1368,42.6857],[122.1998,42.6857],[122.2223,42.7258],[122.2536,42.6945],[122.3438,42.6757],[122.39,42.6812],[122.3903,42.7052],[122.4303,42.728],[122.4337,42.7678],[122.3661,42.7729],[122.3432,42.823],[122.4186,42.8414],[122.5596,42.8236],[122.5746,42.7879],[122.6194,42.7714],[122.7254,42.7848],[122.8453,42.7124],[122.8809,42.768],[122.9743,42.7754],[123.0258,42.7656],[123.0772,42.7865],[123.222,42.8297],[123.1643,42.8572],[123.1813,42.8842],[123.178,42.9235],[123.2535,42.9914],[123.3171,42.9983],[123.4279,43.0251],[123.466,43.0403],[123.5203,43.0147],[123.5375,42.9934],[123.583,43.0136],[123.591,43.0559],[123.6261,43.0868],[123.6249,43.1166],[123.664,43.1794],[123.6409,43.2116],[123.6716,43.2222],[123.6584,43.2602],[123.6917,43.2784],[123.6981,43.3681],[123.6044,43.3639],[123.5405,43.4124],[123.5203,43.3962],[123.4804,43.4428],[123.4339,43.4359],[123.4121,43.4081],[123.371,43.4726],[123.3104,43.4901],[123.3234,43.5152],[123.2981,43.5489],[123.3469,43.5659],[123.4473,43.5437],[123.4574,43.5888],[123.5066,43.5903],[123.5033,43.6222],[123.5309,43.63],[123.5192,43.6872],[123.4793,43.7609],[123.4618,43.8507],[123.4374,43.8748],[123.4227,43.9153],[123.3908,43.9522],[123.3945,43.9769],[123.3199,44.0434],[123.3556,44.1309],[123.3805,44.1594],[123.3174,44.1779],[123.281,44.2101],[123.2704,44.2514],[123.1903,44.3426],[123.1212,44.3654],[123.1084,44.3997],[123.1358,44.4272],[123.118,44.4551],[123.1192,44.507],[123.0211,44.4947],[122.9036,44.4231],[122.8417,44.394],[122.7593,44.3727],[122.7077,44.3292],[122.6761,44.2857],[122.5165,44.2475],[122.4875,44.2336],[122.3114,44.2318],[122.2625,44.2613],[122.2844,44.305],[122.2903,44.4119],[122.2802,44.4737],[122.2156,44.4834],[122.22,44.5243],[122.193,44.5541],[122.1236,44.5759],[122.0966,44.6691],[122.1151,44.6997],[122.1538,44.7253],[122.094,44.7348],[122.1067,44.7662],[122.0838,44.8],[122.0851,44.8291],[122.0643,44.8792],[122.0772,44.9553],[122.0669,45.0021],[122.0944,45.0232],[122.1114,45.0625],[122.1055,45.1389],[122.1357,45.1807],[122.1854,45.1799],[122.232,45.2221],[122.2315,45.274],[122.1395,45.3027],[122.1413,45.3719],[122.1744,45.4083],[122.1602,45.44],[122.0148,45.489],[121.9964,45.5065],[121.987,45.5511],[121.962,45.5902],[121.9972,45.6213],[121.9634,45.6904],[121.9431,45.7091],[121.86,45.7176],[121.75,45.6887],[121.6639,45.721],[121.6357,45.7524],[121.683,45.7606],[121.7469,45.7927],[121.7624,45.8414],[121.7963,45.871],[121.8148,45.9163],[121.7976,45.9664],[121.7577,45.9972],[121.8167,46.0207],[121.8571,46.0006],[121.9169,46.0023],[122.0078,45.9597],[122.0769,45.915],[122.0848,45.8801],[122.1936,45.8545],[122.23,45.8292],[122.2533,45.7923],[122.363,45.8585],[122.3553,45.9144],[122.44,45.9151],[122.4885,45.8591],[122.4988,45.8094],[122.5606,45.8049],[122.6027,45.7732],[122.636,45.7697],[122.6653,45.6988],[122.7358,45.7035],[122.7532,45.7402],[122.7866,45.7677],[122.7474,45.8304],[122.7954,45.8543],[122.8207,45.9117],[122.7882,46.0708],[123.0383,46.0972],[123.0642,46.1221],[123.1054,46.1281],[123.0975,46.1714],[123.1224,46.2086],[123.171,46.2467],[123.1052,46.3335],[123.012,46.4189],[122.9993,46.449],[123.0051,46.5264],[122.9946,46.5727],[123.046,46.578],[123.039,46.6168],[123.0922,46.6012],[123.1749,46.6103],[123.2172,46.5877],[123.2726,46.6153],[123.271,46.6588],[123.3924,46.6798],[123.5974,46.6874],[123.6257,46.7261],[123.6243,46.8119],[123.5751,46.8265],[123.6016,46.8872],[123.571,46.8944],[123.5661,46.8299],[123.4961,46.8254],[123.4773,46.868],[123.519,46.9251],[123.5221,46.953],[123.4768,46.9529],[123.4207,46.9322],[123.3697,46.8372],[123.333,46.8239],[123.2897,46.8634],[123.225,46.8562],[123.2179,46.8207],[123.1792,46.7863],[123.171,46.7539],[123.1346,46.7357],[123.083,46.7366],[123.0173,46.7218],[122.889,46.8157],[122.8867,46.9578],[122.7965,46.9388],[122.7659,46.9756],[122.7906,47.0181],[122.8234,47.0259],[122.8405,47.0531],[122.8032,47.0713],[122.6893,47.0823],[122.5525,47.1644],[122.5,47.2443],[122.4545,47.2787],[122.4018,47.3433],[122.5042,47.4015],[122.5376,47.4932],[122.587,47.5446],[122.759,47.6145],[122.8364,47.6694],[122.9007,47.6903],[123.0732,47.757],[123.1607,47.7816],[123.2369,47.8582],[123.2812,47.9396],[123.3108,47.9576],[123.5343,48.022],[123.5695,48.0411],[123.6972,48.1497],[123.7372,48.1931],[123.8669,48.2787],[124.068,48.4308],[124.2604,48.535],[124.2939,48.5194],[124.3074,48.4182],[124.3078,48.3615],[124.3218,48.3319],[124.3947,48.2454],[124.4548,48.1969],[124.4645,48.1291],[124.539,48.1969],[124.5719,48.2514],[124.5475,48.3164],[124.5081,48.351],[124.5347,48.4604],[124.5261,48.4949],[124.5355,48.5734],[124.5801,48.5914],[124.6183,48.6913],[124.6067,48.7469],[124.6456,48.7714],[124.6397,48.8116],[124.6909,48.839],[124.7259,48.9216],[124.748,48.9452],[124.7423,48.9747],[124.7659,48.9991],[124.8626,49.1575],[124.9052,49.178],[124.9448,49.1604],[125.0099,49.1757],[125.0451,49.142],[125.1064,49.1244],[125.173,49.1971],[125.2105,49.1979],[125.2205,49.2324],[125.2079,49.2727],[125.2568,49.3143],[125.2461,49.3562],[125.2569,49.4591],[125.2211,49.4854],[125.227,49.5584],[125.1667,49.6219],[125.1355,49.6197],[125.1209,49.6665],[125.1738,49.6589],[125.212,49.6673],[125.1944,49.737],[125.2143,49.7577],[125.2212,49.8355],[125.239,49.8718],[125.1762,49.9563],[125.2213,49.9568],[125.2436,49.9923],[125.2825,50.002],[125.2526,50.0357],[125.2829,50.0667],[125.2714,50.1256],[125.2845,50.15],[125.2101,50.1702],[125.1752,50.1488],[125.1081,50.2027],[125.0663,50.1975],[124.9598,50.3038],[124.8815,50.3161],[124.8464,50.3372],[124.7827,50.3205],[124.65,50.3355],[124.5078,50.3666],[124.4918,50.3999],[124.4387,50.4383],[124.4323,50.3838],[124.3961,50.3608],[124.3566,50.3592],[124.3377,50.3302],[124.3523,50.2001],[124.3174,50.1767],[124.2793,50.1879],[124.2351,50.1638],[124.1759,50.2238],[124.0952,50.237],[124.0543,50.1972],[123.9698,50.2073],[123.9236,50.1854],[123.8591,50.2216],[123.8635,50.2691],[123.7703,50.3429],[123.7931,50.4545],[123.8184,50.4481],[123.8333,50.4101],[123.8723,50.4012],[123.9132,50.3717],[123.9665,50.399],[123.9961,50.4771],[123.9763,50.5085],[124.0191,50.5367],[124.0797,50.5382],[124.0689,50.5646],[124.0133,50.5964],[124.0104,50.655],[123.926,50.71],[123.9177,50.7387],[123.8672,50.7495],[123.8297,50.7987],[123.8702,50.8351],[123.8564,50.8474],[123.788,50.8286],[123.7852,50.8901],[123.7556,50.9774],[123.7049,50.9983],[123.6875,51.0226],[123.7058,51.073],[123.6224,51.0929],[123.5774,51.0908],[123.5538,51.1311],[123.5786,51.1468],[123.5598,51.2424],[123.4997,51.267],[123.338,51.2718],[123.2736,51.2463],[123.2167,51.2786],[123.056,51.3185],[122.996,51.3092],[122.9609,51.3396],[122.9606,51.3854],[122.8935,51.4166],[122.8978,51.4451],[122.8534,51.4693],[122.879,51.5016],[122.8491,51.5269],[122.8797,51.5488],[122.8307,51.5747],[122.8474,51.6128],[122.7713,51.6875],[122.7636,51.7668],[122.7303,51.8233],[122.7332,51.8453],[122.6964,51.8906],[122.7249,51.9196],[122.7115,51.9746],[122.6681,51.9752],[122.6488,52.0516],[122.6196,52.0728],[122.6407,52.0987],[122.63,52.1341],[122.7326,52.1509],[122.7672,52.1768],[122.7576,52.2637],[122.6987,52.2535],[122.6563,52.2806],[122.5915,52.2656],[122.5624,52.2796],[122.4666,52.2965],[122.4725,52.3494],[122.4433,52.3831],[122.4009,52.3741],[122.3391,52.4112],[122.3036,52.4738],[122.1992,52.4674],[122.1331,52.5074],[122.126,52.475],[122.0805,52.4197],[121.897,52.2798],[121.8339,52.2801],[121.7942,52.2976],[121.7128,52.3141],[121.708,52.3471],[121.6573,52.3886],[121.6646,52.4268],[121.5262,52.4529],[121.4849,52.4826],[121.4089,52.4984],[121.4014,52.5209],[121.3546,52.5293],[121.3172,52.5703],[121.2701,52.5853],[121.224,52.5731],[121.2023,52.6095],[121.2822,52.6481],[121.312,52.6764],[121.3719,52.6842],[121.4403,52.728],[121.4745,52.7719],[121.5798,52.8196],[121.6133,52.8515],[121.6051,52.8849],[121.656,52.9124],[121.7101,52.998],[121.7802,53.0188],[121.8118,53.0615],[121.7681,53.0919],[121.7764,53.117],[121.6514,53.175],[121.6731,53.2373],[121.596,53.267],[121.4932,53.3341],[121.4102,53.3172],[121.3271,53.3232],[121.276,53.2888],[121.1273,53.2752],[121.0875,53.3053],[121.0473,53.2901],[120.9409,53.2956],[120.8155,53.2683],[120.8158,53.2409],[120.7249,53.2003],[120.6835,53.1711],[120.636,53.1039],[120.5553,53.0805],[120.5227,53.045],[120.4455,53.0077],[120.4059,52.9581],[120.3614,52.9429],[120.332,52.8973],[120.289,52.8922],[120.2808,52.861],[120.2115,52.8394],[120.1826,52.81],[120.1374,52.8127],[120.0924,52.7861],[120.0266,52.7763],[120.0618,52.7072],[120.0268,52.6355],[120.0412,52.5977],[120.0784,52.5832],[120.1846,52.577],[120.282,52.6221],[120.3909,52.6152],[120.4291,52.6383],[120.4776,52.629],[120.6184,52.5706],[120.6557,52.5662],[120.7226,52.5299],[120.6864,52.5177],[120.6836,52.4289],[120.6178,52.3609],[120.6214,52.3247],[120.6928,52.287],[120.7054,52.2621],[120.7516,52.2554],[120.7391,52.2045],[120.7796,52.1637],[120.7537,52.1357],[120.7552,52.1028],[120.6791,52.0362],[120.7118,52.0072],[120.6542,51.9548],[120.6338,51.9204],[120.5423,51.9073],[120.5439,51.8829],[120.4648,51.8743],[120.4698,51.8515],[120.3916,51.8304],[120.3558,51.7874],[120.3047,51.781],[120.287,51.7501],[120.2251,51.7257],[120.1842,51.689],[120.1373,51.6729],[120.0872,51.6807],[120.0917,51.6467],[120.0619,51.6405],[120.0275,51.5831],[120.0449,51.5523],[119.9778,51.5019],[119.9953,51.4578],[119.9683,51.4352],[119.9609,51.3975],[119.9023,51.389],[119.9331,51.3542],[119.8753,51.3332],[119.8683,51.2934],[119.8319,51.2931],[119.8203,51.2625],[119.7525,51.2127],[119.7813,51.172],[119.7567,51.0988],[119.7165,51.0755],[119.7189,51.0502],[119.6629,51.012],[119.5834,50.9752],[119.563,50.9337],[119.4828,50.8762],[119.5074,50.8149],[119.499,50.7658],[119.4419,50.6939],[119.3736,50.68],[119.3833,50.6596],[119.3474,50.628],[119.2742,50.6034],[119.2864,50.5713],[119.2569,50.5381],[119.2426,50.4466],[119.1967,50.41],[119.159,50.422],[119.1514,50.3581],[119.2049,50.3625],[119.2468,50.3417],[119.3508,50.3576],[119.3668,50.311],[119.3433,50.3028],[119.3098,50.2164],[119.3294,50.1721],[119.2741,50.1048],[119.2296,50.0747],[119.1971,50.0783],[119.1726,50.0414],[119.116,50.0167],[119.0841,49.9843],[119.025,49.9875],[118.9865,49.9763],[118.9376,49.9913],[118.7343,49.9449],[118.6478,49.9475],[118.5548,49.9219],[118.5232,49.8857],[118.4838,49.8671],[118.4722,49.8277],[118.4324,49.834],[118.3721,49.7862],[118.2395,49.7373],[118.2038,49.7111],[118.2045,49.69],[118.1583,49.6609],[118.1124,49.6581],[118.074,49.6138],[117.9739,49.6199],[117.9436,49.5939],[117.8909,49.5936],[117.8808,49.5153],[117.8208,49.5385],[117.7929,49.5202],[117.6339,49.5648],[117.4713,49.6272],[117.2733,49.6308],[117.0614,49.6856],[116.7137,49.8457],[116.6088,49.7071],[116.3257,49.2891],[116.2792,49.2272],[116.2069,49.1141],[116.0363,48.8674],[116.0727,48.8165],[116.0203,48.7571],[115.8864,48.6269],[115.7865,48.5225],[115.8125,48.2556],[115.5204,48.1529],[115.5359,48.1247],[115.5705,47.9191],[115.7421,47.8034],[115.8439,47.7439],[115.9353,47.6812],[115.9556,47.6877],[116.1115,47.8192],[116.2534,47.8783],[116.4394,47.8379],[116.6764,47.8892],[116.8198,47.8949],[116.8708,47.8909],[117.0869,47.8203],[117.3752,47.64],[117.4822,47.7588],[117.805,48.0142],[117.9134,48.0213],[117.9289,48.0135],[118.0347,48.0124],[118.1002,48.0314],[118.2311,48.041],[118.2887,48.0036],[118.4147,48.0139],[118.4549,47.9962],[118.5588,47.9926],[118.7583,47.7743],[119.1217,47.664],[119.1428,47.5424],[119.1902,47.5221],[119.3576,47.4796],[119.3216,47.4248],[119.3587,47.422],[119.487,47.3223],[119.5509,47.2971],[119.5712,47.2437],[119.6233,47.2441],[119.7081,47.1934],[119.799,47.0592],[119.7834,47.0245],[119.8344,46.9684],[119.8686,46.955],[119.8551,46.9204],[119.9213,46.9026],[119.8987,46.8653],[119.9322,46.7957],[119.9017,46.7555],[119.9292,46.7203],[119.8899,46.6636],[119.8069,46.6674],[119.7746,46.6253],[119.6807,46.5907],[119.6376,46.625],[119.5814,46.6137],[119.5555,46.6339],[119.472,46.6297],[119.4305,46.6386],[119.3836,46.6083],[119.3481,46.6175],[119.3006,46.6087],[119.2449,46.6429],[119.1643,46.6536],[119.1008,46.6475],[119.0744,46.6667],[118.9999,46.7511],[118.9159,46.724],[118.8969,46.7758],[118.8425,46.7707],[118.7834,46.7172],[118.7921,46.687],[118.6737,46.6961],[118.6352,46.7201],[118.5755,46.6934],[118.437,46.7067],[118.4024,46.727],[118.3009,46.7383],[118.2278,46.713],[118.1842,46.6813],[118.1156,46.6787],[118.0567,46.6345],[117.9681,46.6113],[117.9348,46.6166],[117.889,46.5914],[117.8342,46.5314],[117.702,46.5133],[117.6353,46.5547],[117.6327,46.5791],[117.5715,46.5955],[117.4938,46.5984],[117.4151,46.5805],[117.4407,46.5255],[117.3922,46.4782],[117.3694,46.4085],[117.3685,46.3605],[117.2432,46.3649],[117.0885,46.3544],[116.8315,46.3837],[116.8109,46.3554],[116.7611,46.3292],[116.6578,46.3211],[116.5776,46.2887],[116.5661,46.2537],[116.5148,46.2157],[116.4343,46.1377],[116.3979,46.126],[116.2639,45.9614],[116.2376,45.8726],[116.268,45.8521],[116.28,45.7707],[116.2146,45.7417],[116.216,45.7254],[116.17,45.6885],[116.1224,45.6775],[116.0305,45.6824],[116.0149,45.6561],[115.9317,45.63],[115.8694,45.5794],[115.6897,45.4587],[115.5576,45.4362],[115.356,45.3894],[115.1648,45.3962],[114.9741,45.376],[114.9155,45.3817],[114.7372,45.4373],[114.5976,45.4052],[114.5411,45.3845],[114.528,45.2927],[114.4562,45.2061],[114.3847,45.1434],[114.2983,45.0999],[114.2164,45.0498],[114.177,45.0338],[114.1334,44.9667],[114.0562,44.9256],[113.9068,44.9147],[113.8769,44.8801],[113.7763,44.839],[113.6806,44.7688],[113.6256,44.7424],[113.5378,44.757],[113.5059,44.772],[113.3114,44.7824],[113.1276,44.7954],[113.0222,44.8231],[112.931,44.8395],[112.8635,44.8372],[112.702,44.8809],[112.585,44.9361],[112.5188,45.0126],[112.4255,45.0742],[112.3743,45.0616],[112.1114,45.0716],[112.0523,45.0931],[112.0089,45.0918],[111.874,45.038],[111.7695,44.9806],[111.6049,44.7558],[111.5534,44.6454],[111.5611,44.5713],[111.5238,44.5464],[111.5116,44.5126],[111.4637,44.4714],[111.4249,44.4009],[111.4093,44.3446],[111.4251,44.3175],[111.4894,44.2997],[111.5192,44.2709],[111.5392,44.1918],[111.6092,44.1062],[111.6931,44.0354],[111.7882,43.996],[111.8739,43.9322],[111.9546,43.8276],[111.9678,43.7439],[111.9462,43.69],[111.8831,43.6722],[111.799,43.6696],[111.7416,43.628],[111.5729,43.4908],[111.4534,43.4893],[111.4016,43.4764],[111.3605,43.4406],[111.1776,43.3907],[111.0854,43.3591],[111.0061,43.322],[110.9633,43.2857],[110.7666,43.099],[110.7294,43.0834],[110.682,43.0353],[110.684,43.017],[110.6293,42.9393],[110.4641,42.8326],[110.4362,42.7819],[110.334,42.736],[110.1363,42.6721],[110.1008,42.6391],[109.9003,42.6317],[109.6688,42.5513],[109.5285,42.4675],[109.4692,42.4535],[109.2839,42.4345],[109.0244,42.4542],[108.96,42.4416],[108.8385,42.3956],[108.7956,42.4139],[108.716,42.4096],[108.5276,42.4412],[108.3062,42.4359],[108.2408,42.4606],[108.1636,42.4454],[108.0167,42.4313],[107.9796,42.4123],[107.9188,42.4023],[107.7274,42.4121],[107.5659,42.4116],[107.4962,42.455],[107.4532,42.4567],[107.2928,42.4081],[107.257,42.3628],[107.0411,42.3143],[106.786,42.2914],[106.5593,42.219],[106.5071,42.194],[106.1531,42.0804],[105.6969,41.9309],[105.5529,41.8652],[105.3859,41.795],[105.289,41.7471],[105.2293,41.7477],[105.217,41.7253],[105.1079,41.6547],[105.0131,41.5811],[104.9164,41.6525],[104.682,41.6442],[104.517,41.6596],[104.4991,41.6793],[104.4974,41.7723],[104.5188,41.8231],[104.5237,41.8734],[104.1738,41.8185],[104.0782,41.8005],[104.0211,41.8029],[103.8911,41.7956],[103.7953,41.8073],[103.7436,41.8244],[103.5769,41.8504],[103.4111,41.8813],[103.0976,41.9957],[102.9762,42.0376],[102.9277,42.0614],[102.7669,42.1255],[102.5507,42.1589],[102.5169,42.1461],[102.432,42.147],[102.1713,42.2039],[102.0967,42.1999],[102.0246,42.2242],[102.0484,42.2525],[101.8007,42.5034],[101.567,42.5254],[100.848,42.6718],[100.3181,42.6874],[100.2669,42.6361],[99.9682,42.6483],[99.5033,42.5663],[98.9005,42.61],[98.5446,42.6375],[98.1959,42.6528],[97.7793,42.7117],[97.2695,42.7814],[97.6657,41.9633],[97.8453,41.6555],[97.6137,41.4757],[97.6287,41.44],[97.9716,41.0965],[98.1409,41.001],[98.1844,40.9868],[98.2497,40.9383],[98.3322,40.9185],[98.3434,40.5678],[98.6263,40.6775],[98.5686,40.7462],[98.6686,40.7722],[98.6888,40.6908],[98.7149,40.6616],[98.791,40.6151],[98.8076,40.6577],[98.7901,40.7056],[98.9844,40.7829],[99.04,40.6921],[99.1008,40.6757],[99.1238,40.7145],[99.1715,40.7462],[99.1729,40.858],[99.5657,40.846],[99.6714,40.9332],[99.9845,40.9088],[100.0518,40.9068],[100.1089,40.8724],[100.2221,40.727],[100.2358,40.716],[100.2406,40.6181],[100.1665,40.5404],[100.1678,40.2795],[99.9948,40.1941],[99.9536,40.1558],[99.9261,40.0644],[99.8451,40.0139],[99.7545,40.0082],[99.6934,39.964],[99.5032,39.8831],[99.4652,39.896],[99.452,39.8747],[99.65,39.8875],[99.8202,39.8622],[99.9037,39.7874],[99.9646,39.7669],[100.0349,39.7554],[100.1144,39.7047],[100.2449,39.684],[100.3108,39.6081],[100.2981,39.5718],[100.3236,39.5083],[100.4345,39.4864],[100.4978,39.48],[100.4968,39.3998],[100.609,39.387],[100.7037,39.4039],[100.8298,39.4041],[100.8382,39.2067],[100.8665,39.1097],[100.8268,39.0728],[100.8288,39.0276],[100.8805,38.9957],[100.9001,39.0301],[100.9642,39.0003],[100.9615,38.9437],[101.1338,38.9794],[101.226,39.0208],[101.1953,38.947],[101.2329,38.9067],[101.2362,38.8584],[101.331,38.8475],[101.3402,38.825],[101.3061,38.7873],[101.3948,38.7723],[101.4748,38.7363],[101.5578,38.7129],[101.6043,38.6474],[101.6511,38.6867],[101.7419,38.6773],[101.7733,38.6588],[101.8547,38.7177],[101.9373,38.8121],[102.0715,38.8905],[101.9762,38.9683],[101.8309,39.0932],[102.2818,39.1918],[102.351,39.2312],[102.4541,39.255],[102.6051,39.1722],[102.8007,39.1408],[103.0101,39.0985],[103.1357,39.197],[103.169,39.2059],[103.2594,39.2657],[103.3423,39.329],[103.8471,39.4605],[103.943,39.4587],[104.0874,39.4193],[104.0443,39.2966],[104.1745,39.1539],[104.1998,39.0835],[104.1876,39.0455],[104.194,38.9876],[104.1692,38.9391],[104.0321,38.8919],[103.8594,38.6463],[103.4118,38.4045],[103.4639,38.3511],[103.55,38.1594],[103.3669,38.0887],[103.354,38.0259],[103.3826,37.9472],[103.3993,37.8611],[103.6717,37.785],[103.8377,37.6473],[103.8672,37.6066],[103.9351,37.5712],[104.0761,37.4718],[104.1802,37.4066],[104.2351,37.4114],[104.2825,37.43],[104.3194,37.4483],[104.4044,37.4644],[104.4307,37.5154],[104.618,37.5223],[104.8021,37.5388],[104.8635,37.5666],[105.0207,37.5797],[105.1666,37.6626],[105.2367,37.6727],[105.2631,37.6868],[105.3623,37.7156],[105.4439,37.7001],[105.5957,37.6989],[105.6116,37.7186],[105.6181,37.7784],[105.6587,37.7692],[105.7404,37.7985],[105.8014,37.8589],[105.7928,37.9087],[105.7987,37.9453],[105.8407,38.0044],[105.7842,38.0693],[105.7609,38.1214],[105.7772,38.2105],[105.8334,38.2317],[105.8628,38.2955],[105.8149,38.3599],[105.8319,38.3849],[105.8275,38.4266],[105.8453,38.4448],[105.8313,38.4736],[105.8574,38.5228],[105.8545,38.578],[105.875,38.5826],[105.8475,38.6334],[105.8922,38.6937],[105.9025,38.7282],[105.8917,38.7869],[105.9169,38.7961],[105.9881,38.8539],[105.9651,38.8912],[105.9968,38.9368],[106.055,38.9668],[106.0833,39.0039],[106.0794,39.051],[106.0919,39.0838],[106.1462,39.1563],[106.2508,39.1272],[106.2924,39.1581],[106.2757,39.1963],[106.2827,39.2714],[106.4354,39.286],[106.5078,39.2707],[106.528,39.3027],[106.5959,39.3711],[106.6715,39.3539],[106.728,39.379],[106.7734,39.3717],[106.7946,39.3458],[106.8007,39.27],[106.7885,39.2521],[106.819,39.197],[106.8602,39.0988],[106.9252,39.0762],[106.9651,39.0327],[106.9494,38.944],[106.7995,38.8176],[106.7381,38.7342],[106.705,38.7167],[106.6571,38.6005],[106.6597,38.5698],[106.6436,38.492],[106.5895,38.3858],[106.4777,38.3187],[106.5413,38.268],[106.6147,38.2344],[106.7241,38.2025],[106.7879,38.1658],[107.0118,38.1195],[107.0742,38.1418],[107.1071,38.136],[107.1363,38.158],[107.1673,38.1578],[107.2586,38.0981],[107.3286,38.0906],[107.357,38.0452],[107.4282,37.9968],[107.4009,37.9628],[107.4446,37.9323],[107.4882,37.945],[107.5558,37.8933],[107.6466,37.8643],[107.7036,37.8687],[107.736,37.8439],[107.8358,37.8287],[107.8795,37.8077],[107.9757,37.7857],[107.9868,37.7352],[108.0194,37.6955],[108.0165,37.6496],[108.0791,37.6501],[108.1479,37.617],[108.2525,37.6666],[108.3073,37.6348],[108.4215,37.6482],[108.5236,37.6904],[108.5648,37.6798],[108.6096,37.6537],[108.699,37.6691],[108.7267,37.6845],[108.7838,37.6869],[108.7832,37.7594],[108.8013,37.7883],[108.7914,37.8577],[108.7998,37.9399],[108.8266,37.9913],[108.7981,38.0478],[108.8303,38.05],[108.8815,38.0152],[108.8956,37.9734],[108.938,37.9197],[108.9679,37.9307],[108.9743,37.9625],[109.0006,37.9654],[109.0621,38.0903],[108.959,38.1547],[108.9334,38.2047],[108.9699,38.248],[108.9555,38.2654],[109,38.357],[109.0457,38.3843],[109.0448,38.4296],[109.1141,38.4726],[109.1461,38.509],[109.1704,38.518],[109.1972,38.5582],[109.271,38.6279],[109.3296,38.5973],[109.3626,38.628],[109.3213,38.6605],[109.3303,38.7],[109.3983,38.7197],[109.4061,38.7458],[109.4439,38.7851],[109.5126,38.8328],[109.5413,38.805],[109.6173,38.8537],[109.6396,38.8772],[109.6747,38.9498],[109.7136,39.0656],[109.764,39.0669],[109.8457,39.1177],[109.892,39.101],[109.9104,39.1196],[109.8852,39.1421],[109.9528,39.1872],[110.0384,39.2161],[110.2015,39.2923],[110.1711,39.3685],[110.1339,39.3871],[110.1167,39.4352],[110.1431,39.4612],[110.2388,39.4429],[110.2806,39.3771],[110.3787,39.3108],[110.422,39.3394],[110.4229,39.3755],[110.4599,39.3754],[110.489,39.3587],[110.5175,39.3809],[110.5941,39.2789],[110.6209,39.2666],[110.6798,39.2669],[110.7267,39.3079],[110.7373,39.3547],[110.8016,39.4117],[110.8778,39.5053],[110.9748,39.5278],[110.999,39.5525],[111.0828,39.555],[111.1255,39.5838],[111.1483,39.568],[111.136,39.5243],[111.1003,39.4983],[111.0837,39.4561],[111.0534,39.4451],[111.0578,39.4003],[111.0957,39.3577],[111.1183,39.3656],[111.1366,39.4058],[111.1664,39.4228],[111.2109,39.4264],[111.3325,39.4192],[111.3569,39.4658],[111.3867,39.4932],[111.4223,39.5045],[111.416,39.5417],[111.4346,39.5948],[111.4315,39.6406],[111.5005,39.6608],[111.6088,39.6308],[111.6353,39.6438],[111.7094,39.6052],[111.781,39.5877],[111.8293,39.6208],[111.869,39.603],[111.9227,39.6082],[111.9184,39.6602],[111.9596,39.7062],[111.9643,39.7943],[112.0296,39.8552],[112.0469,39.9008],[112.1255,39.9958],[112.1354,40.026],[112.1674,40.0498],[112.1776,40.0843],[112.2165,40.1276],[112.226,40.1685],[112.2787,40.197],[112.3064,40.255],[112.3418,40.2529],[112.4056,40.2943],[112.4581,40.2982],[112.5179,40.2626],[112.6193,40.2375],[112.7257,40.1645],[112.8481,40.2037],[112.8875,40.2977],[112.8899,40.3263],[113.0225,40.3641],[113.1197,40.3756],[113.1736,40.3932],[113.2519,40.3995],[113.2702,40.386],[113.3093,40.3186],[113.3577,40.3124],[113.5079,40.3357],[113.5675,40.3489],[113.6751,40.444],[113.7774,40.4916],[113.8175,40.4989],[113.8634,40.4483],[113.9671,40.5249],[114.0096,40.5182],[114.0687,40.5396],[114.0717,40.5781],[114.0348,40.6078],[114.0612,40.6417],[114.056,40.7213],[114.1266,40.745],[114.0981,40.7571],[114.038,40.8295],[114.0465,40.8629],[114.0332,40.9299],[113.9726,40.9462],[113.9689,40.9936],[113.921,41.0131],[113.8562,41.0772],[113.9069,41.1691],[113.9949,41.1828],[114.0057,41.2314],[113.9862,41.2662],[113.908,41.2927],[113.9376,41.3893],[113.8645,41.4107],[113.8785,41.4367],[113.9149,41.4565],[113.9712,41.5053],[114.0331,41.5308],[114.0953,41.5357],[114.2215,41.5128],[114.2136,41.5749],[114.2489,41.6227],[114.2081,41.684],[114.2289,41.7073],[114.2001,41.7363],[114.1943,41.7893],[114.3439,41.9273],[114.3462,41.9512],[114.4153,41.9399],[114.4706,41.9521],[114.5048,41.9707],[114.4597,42.0359],[114.4955,42.064],[114.5052,42.1077],[114.565,42.1319],[114.6238,42.1091],[114.6691,42.1185],[114.7494,42.113],[114.8192,42.1378],[114.8506,42.108],[114.8556,42.0523],[114.8833,42.0292],[114.9106,41.9804],[114.9158,41.8748],[114.9337,41.8451],[114.8695,41.7907],[114.8936,41.7544],[114.8967,41.6875],[114.8894,41.6345],[114.8559,41.6021],[114.963,41.6125],[115.0159,41.6116],[115.0477,41.5957],[115.0808,41.6206],[115.1918,41.6022],[115.1976,41.5693],[115.2507,41.5789],[115.2567,41.6135],[115.303,41.5916],[115.3708,41.6002],[115.3388,41.6334],[115.3542,41.6591],[115.3083,41.702],[115.413,41.7299],[115.5279,41.7703],[115.7123,41.8677],[115.805,41.911],[115.8271,41.9365],[115.8569,41.9258],[115.9188,41.9401],[115.9559,41.8703],[115.9964,41.8257],[115.995,41.802],[116.0279,41.7805],[116.0884,41.7769],[116.0995,41.834],[116.1653,41.8714],[116.2048,41.8795],[116.205,41.9047],[116.2355,41.9411],[116.2886,41.963],[116.3039,41.995],[116.3672,42.0077],[116.4026,41.9917],[116.4183,41.9363],[116.5001,41.9748],[116.5276,41.937],[116.5861,41.9243],[116.6348,41.9286],[116.6558,41.9452],[116.7183,41.9504],[116.7595,41.9882],[116.7907,41.9759],[116.8329,42.0037],[116.8626,42.0015],[116.8843,42.0761],[116.8778,42.1085],[116.8439,42.154],[116.8195,42.1531],[116.7828,42.198],[116.9042,42.1902],[116.9121,42.2275],[116.9049,42.2822],[116.8801,42.3642],[116.9204,42.4029],[116.9603,42.425],[116.99,42.4235],[117.0091,42.4535],[117.0559,42.4554],[117.0895,42.4822],[117.1696,42.4637],[117.2689,42.4801],[117.3253,42.4593],[117.4066,42.4698],[117.41,42.5101],[117.3902,42.5344],[117.4269,42.5537],[117.4554,42.597],[117.5216,42.5888],[117.5338,42.6039],[117.6813,42.5803],[117.7739,42.6165],[117.791,42.5829],[117.8261,42.5604],[117.8697,42.5062],[117.9921,42.414],[118.0175,42.3752],[118.0013,42.3519],[118.0226,42.3157],[118.0532,42.296],[118.0175,42.2646],[117.9643,42.2465],[117.9708,42.227],[118.0269,42.197],[118.0869,42.18],[118.1015,42.1613],[118.0817,42.1173],[118.0958,42.1016],[118.1586,42.0833],[118.1255,42.0293],[118.1933,42.0309],[118.206,42.079],[118.2623,42.083],[118.2915,42.0496],[118.2771,42.0249],[118.3002,41.9776],[118.2924,41.9473],[118.2597,41.9279],[118.333,41.8696],[118.2858,41.7707],[118.2364,41.777],[118.2292,41.8053],[118.1735,41.8114],[118.138,41.794],[118.1239,41.74],[118.1484,41.6875],[118.2075,41.64],[118.2196,41.5829],[118.2752,41.5624],[118.3093,41.5104],[118.2999,41.4846],[118.2641,41.4656],[118.3364,41.4433],[118.3391,41.3977],[118.3601,41.3823],[118.3495,41.3295],[118.3942,41.307],[118.4097,41.3332],[118.5201,41.3563],[118.6409,41.3459],[118.6611,41.3531],[118.7103,41.3283],[118.7487,41.3234],[118.7637,41.351],[118.8341,41.3534],[118.8662,41.3027],[118.9286,41.3028],[118.9466,41.3133],[119.0469,41.2927],[119.1536,41.296],[119.1943,41.2803],[119.2331,41.3125]]]},"properties":{"region_code":"CN-15","parent_region_code":"CN","name":"内蒙古自治区","level":"province","has_children":true,"full_path":"中国 / 内蒙古自治区","source_admin_code":"15","osm_relation_id":161349}},
{"type":"Feature","geometry":{"type":"Polygon","coordinates":[[[119.9529,39.8085],[120.0242,39.8188],[120.5564,40.0191],[120.6251,40.0569],[121.0056,40.349],[121.0355,40.3766],[121.2376,40.6029],[121.2923,40.6737],[121.3298,40.6967],[121.6079,40.6557],[121.8713,40.4056],[121.7788,40.309],[121.6267,40.1601],[121.3825,40.0242],[121.3387,39.9933],[121.2502,39.9138],[121.013,39.6611],[120.9769,39.6067],[120.726,39.016],[120.7133,38.9467],[120.7347,38.8731],[120.8028,38.757],[120.9294,38.601],[121.1136,38.526],[121.1778,38.5221],[121.2814,38.5348],[121.3312,38.5537],[121.3847,38.588],[121.3883,38.5349],[121.4037,38.4947],[121.4699,38.4223],[121.5409,38.3874],[121.6444,38.3719],[121.7302,38.3849],[121.7942,38.4126],[121.8344,38.4425],[121.8712,38.4874],[121.8895,38.5298],[121.8934,38.5966],[121.8646,38.6669],[121.9062,38.6747],[121.9135,38.6256],[121.9515,38.5595],[121.9999,38.5184],[122.0828,38.4829],[122.1407,38.4738],[122.2231,38.4788],[122.308,38.5081],[122.3585,38.5432],[122.411,38.619],[122.4205,38.6617],[122.4047,38.7445],[122.3616,38.8022],[122.3231,38.8313],[122.2444,38.864],[122.1754,38.883],[122.2319,38.912],[122.2747,38.949],[122.3632,38.945],[122.4595,38.966],[122.4881,38.9185],[122.5011,38.8671],[122.5216,38.8313],[122.5669,38.7861],[122.6446,38.7462],[122.7516,38.7304],[122.8085,38.7366],[122.8944,38.768],[122.9382,38.7991],[122.9901,38.872],[123.0564,38.842],[123.1645,38.827],[123.2942,38.846],[123.3492,38.865],[123.4163,38.909],[123.4514,38.951],[123.4754,39.015],[123.4733,39.073],[123.4529,39.123],[123.3949,39.206],[123.3625,39.237],[123.2999,39.273],[123.2958,39.313],[123.3416,39.377],[123.3658,39.506],[123.4259,39.531],[123.518,39.541],[123.6045,39.562],[123.7066,39.545],[123.8003,39.552],[123.8541,39.564],[123.9484,39.605],[124.0594,39.606],[124.1303,39.6229],[124.155,39.7275],[124.1683,39.8281],[124.2121,39.8555],[124.2279,39.9193],[124.2634,39.9325],[124.2832,39.9614],[124.3237,39.979],[124.3541,39.9707],[124.3718,40.0168],[124.3377,40.0467],[124.3507,40.0807],[124.4571,40.1743],[124.4853,40.1756],[124.5095,40.2184],[124.6432,40.3012],[124.7058,40.3132],[124.7284,40.3317],[124.7374,40.3661],[124.7658,40.3871],[124.8171,40.4045],[124.8565,40.4332],[124.8893,40.4756],[124.9222,40.4544],[124.9809,40.4708],[125.0197,40.4561],[125.0283,40.492],[125.0083,40.5248],[125.0957,40.5563],[125.1858,40.6075],[125.2573,40.6129],[125.2668,40.6477],[125.3292,40.637],[125.4516,40.6745],[125.4519,40.6963],[125.4858,40.7213],[125.5243,40.7164],[125.5461,40.7574],[125.5747,40.7823],[125.5991,40.7545],[125.6847,40.7671],[125.6821,40.785],[125.6293,40.7989],[125.702,40.8637],[125.6843,40.8953],[125.6516,40.915],[125.5815,40.8902],[125.5844,40.9295],[125.6377,40.9486],[125.6766,40.9844],[125.6782,41.0194],[125.7198,41.0536],[125.7352,41.0871],[125.7191,41.1192],[125.7522,41.1277],[125.758,41.1697],[125.7306,41.1848],[125.7519,41.2314],[125.6884,41.2465],[125.6781,41.2724],[125.6415,41.2623],[125.6228,41.3174],[125.6345,41.3341],[125.571,41.3667],[125.5288,41.4271],[125.5349,41.4654],[125.4873,41.506],[125.5011,41.5319],[125.4726,41.5444],[125.443,41.6013],[125.4651,41.6373],[125.4443,41.6725],[125.4046,41.6885],[125.3379,41.6701],[125.3106,41.6747],[125.3283,41.714],[125.3123,41.786],[125.2846,41.8392],[125.3095,41.9435],[125.2912,41.9717],[125.3359,41.998],[125.4087,42.0617],[125.406,42.0979],[125.4485,42.1009],[125.4824,42.1293],[125.4555,42.1568],[125.4071,42.1538],[125.3622,42.1803],[125.3247,42.1393],[125.2869,42.1914],[125.3018,42.1999],[125.2695,42.265],[125.2849,42.2917],[125.2357,42.3105],[125.2074,42.2982],[125.1683,42.3067],[125.1702,42.3451],[125.1913,42.4054],[125.1528,42.4356],[125.13,42.4692],[125.07,42.5027],[125.0612,42.5318],[125.0853,42.5699],[125.0904,42.6202],[125.0321,42.6131],[125.0043,42.6301],[125.0085,42.6636],[124.9793,42.6748],[124.9669,42.7218],[124.9891,42.7369],[124.9697,42.7997],[124.9108,42.8157],[124.892,42.7859],[124.8551,42.8139],[124.8428,42.8801],[124.8667,42.9597],[124.8522,43.0105],[124.878,43.0779],[124.8772,43.1315],[124.7793,43.115],[124.7352,43.0652],[124.6864,43.0563],[124.6534,42.9716],[124.6014,42.9356],[124.5892,42.9129],[124.5337,42.8762],[124.4488,42.8472],[124.4351,42.8747],[124.3629,42.8803],[124.3598,42.8996],[124.4361,42.9392],[124.4087,42.974],[124.3662,42.968],[124.3273,42.9946],[124.4116,43.0661],[124.3596,43.1189],[124.2783,43.1634],[124.2743,43.2276],[124.1443,43.2503],[124.0917,43.2902],[124.0271,43.2786],[123.9577,43.3388],[123.8605,43.3939],[123.8438,43.4129],[123.8652,43.4486],[123.7988,43.4799],[123.7545,43.4767],[123.7436,43.4413],[123.7035,43.4121],[123.6981,43.3681],[123.6917,43.2784],[123.6584,43.2602],[123.6716,43.2222],[123.6409,43.2116],[123.664,43.1794],[123.6249,43.1166],[123.6261,43.0868],[123.591,43.0559],[123.583,43.0136],[123.5375,42.9934],[123.5203,43.0147],[123.466,43.0403],[123.4279,43.0251],[123.3171,42.9983],[123.2535,42.9914],[123.178,42.9235],[123.1813,42.8842],[123.1643,42.8572],[123.222,42.8297],[123.0772,42.7865],[123.0258,42.7656],[122.9743,42.7754],[122.8809,42.768],[122.8453,42.7124],[122.7254,42.7848],[122.6194,42.7714],[122.5746,42.7879],[122.5596,42.8236],[122.4186,42.8414],[122.3432,42.823],[122.3661,42.7729],[122.4337,42.7678],[122.4303,42.728],[122.3903,42.7052],[122.39,42.6812],[122.3438,42.6757],[122.2536,42.6945],[122.2223,42.7258],[122.1998,42.6857],[122.1368,42.6857],[122.0699,42.7077],[122.0174,42.6973],[121.9859,42.7033],[121.9318,42.6864],[121.9039,42.612],[121.9124,42.5867],[121.8646,42.559],[121.7805,42.4953],[121.746,42.4872],[121.6965,42.4374],[121.6602,42.4353],[121.5966,42.5],[121.5243,42.4819],[121.4731,42.4941],[121.4595,42.4789],[121.3799,42.4716],[121.2988,42.4334],[121.2925,42.396],[121.2131,42.3697],[121.1786,42.3308],[121.1441,42.3123],[121.1155,42.2786],[121.0813,42.2757],[121.0661,42.2532],[121.0227,42.2403],[120.9487,42.2738],[120.877,42.264],[120.785,42.2164],[120.7398,42.2213],[120.7166,42.2016],[120.6194,42.1525],[120.5789,42.1652],[120.4611,42.1031],[120.4877,42.0714],[120.4459,42.0554],[120.4507,42.014],[120.4053,41.9817],[120.3677,41.9924],[120.2636,41.9189],[120.2449,41.8819],[120.1228,41.7672],[120.1332,41.726],[120.0807,41.6937],[120.029,41.7118],[120.0394,41.802],[120.0175,41.8143],[119.9857,41.8729],[119.9862,41.8979],[119.9487,41.9184],[119.9558,41.9508],[119.9207,42.0066],[119.8919,42.026],[119.8697,42.0758],[119.8392,42.095],[119.8318,42.1332],[119.8501,42.1743],[119.8401,42.2134],[119.7634,42.2081],[119.6974,42.2208],[119.6664,42.2396],[119.6083,42.2539],[119.5377,42.3051],[119.5661,42.3575],[119.5107,42.3739],[119.4271,42.3135],[119.3363,42.296],[119.2708,42.2555],[119.2316,42.1984],[119.2627,42.1867],[119.3005,42.1241],[119.3417,42.1169],[119.378,42.0897],[119.3778,42.0519],[119.3486,41.992],[119.3192,41.9693],[119.327,41.8987],[119.3096,41.8066],[119.288,41.7907],[119.3114,41.7616],[119.3133,41.7259],[119.2933,41.7086],[119.3119,41.6618],[119.3031,41.6458],[119.3358,41.6166],[119.4101,41.587],[119.4141,41.566],[119.3624,41.5532],[119.3885,41.519],[119.3949,41.4702],[119.3715,41.4575],[119.3136,41.3641],[119.324,41.3391],[119.2331,41.3125],[119.2421,41.2742],[119.2038,41.2426],[119.1825,41.1962],[119.1199,41.1366],[119.0747,41.1294],[119.074,41.093],[119.0278,41.0636],[118.9584,41.0772],[118.9306,41.0511],[118.9459,41.0168],[119.0072,41.0058],[118.9944,40.9654],[118.9494,40.9561],[118.8961,40.9601],[118.8757,40.8614],[118.8399,40.8208],[118.8963,40.7591],[118.9433,40.7462],[118.955,40.7191],[119.0065,40.6857],[119.1028,40.6629],[119.1578,40.6933],[119.1938,40.6714],[119.1381,40.6319],[119.2346,40.5973],[119.2158,40.5656],[119.2544,40.5359],[119.3293,40.5262],[119.438,40.5421],[119.4842,40.5344],[119.4966,40.5519],[119.5653,40.539],[119.5412,40.5124],[119.5891,40.4684],[119.5946,40.4057],[119.5808,40.3743],[119.5923,40.333],[119.6457,40.2731],[119.6201,40.2296],[119.6703,40.2242],[119.7012,40.2031],[119.7399,40.2067],[119.7563,40.1388],[119.728,40.1049],[119.7532,40.0663],[119.7894,40.0383],[119.8293,40.0491],[119.8486,40.0311],[119.8477,39.9891],[119.9529,39.8085]]]},"properties":{"region_code":"CN-21","parent_region_code":"CN","name":"辽宁省","level":"province","has_children":true,"full_path":"中国 / 辽宁省","source_admin_code":"21","osm_relation_id":912942}},
{"type":"Feature","geometry":{"type":"Polygon","coordinates":[[[123.6981,43.3681],[123.7035,43.4121],[123.7436,43.4413],[123.7545,43.4767],[123.7988,43.4799],[123.8652,43.4486],[123.8438,43.4129],[123.8605,43.3939],[123.9577,43.3388],[124.0271,43.2786],[124.0917,43.2902],[124.1443,43.2503],[124.2743,43.2276],[124.2783,43.1634],[124.3596,43.1189],[124.4116,43.0661],[124.3273,42.9946],[124.3662,42.968],[124.4087,42.974],[124.4361,42.9392],[124.3598,42.8996],[124.3629,42.8803],[124.4351,42.8747],[124.4488,42.8472],[124.5337,42.8762],[124.5892,42.9129],[124.6014,42.9356],[124.6534,42.9716],[124.6864,43.0563],[124.7352,43.0652],[124.7793,43.115],[124.8772,43.1315],[124.878,43.0779],[124.8522,43.0105],[124.8667,42.9597],[124.8428,42.8801],[124.8551,42.8139],[124.892,42.7859],[124.9108,42.8157],[124.9697,42.7997],[124.9891,42.7369],[124.9669,42.7218],[124.9793,42.6748],[125.0085,42.6636],[125.0043,42.6301],[125.0321,42.6131],[125.0904,42.6202],[125.0853,42.5699],[125.0612,42.5318],[125.07,42.5027],[125.13,42.4692],[125.1528,42.4356],[125.1913,42.4054],[125.1702,42.3451],[125.1683,42.3067],[125.2074,42.2982],[125.2357,42.3105],[125.2849,42.2917],[125.2695,42.265],[125.3018,42.1999],[125.2869,42.1914],[125.3247,42.1393],[125.3622,42.1803],[125.4071,42.1538],[125.4555,42.1568],[125.4824,42.1293],[125.4485,42.1009],[125.406,42.0979],[125.4087,42.0617],[125.3359,41.998],[125.2912,41.9717],[125.3095,41.9435],[125.2846,41.8392],[125.3123,41.786],[125.3283,41.714],[125.3106,41.6747],[125.3379,41.6701],[125.4046,41.6885],[125.4443,41.6725],[125.4651,41.6373],[125.443,41.6013],[125.4726,41.5444],[125.5011,41.5319],[125.4873,41.506],[125.5349,41.4654],[125.5288,41.4271],[125.571,41.3667],[125.6345,41.3341],[125.6228,41.3174],[125.6415,41.2623],[125.6781,41.2724],[125.6884,41.2465],[125.7519,41.2314],[125.7306,41.1848],[125.758,41.1697],[125.7522,41.1277],[125.7191,41.1192],[125.7352,41.0871],[125.7198,41.0536],[125.6782,41.0194],[125.6766,40.9844],[125.6377,40.9486],[125.5844,40.9295],[125.5815,40.8902],[125.6516,40.915],[125.6843,40.8953],[125.702,40.8637],[125.7526,40.8672],[125.784,40.8883],[125.8127,40.8627],[125.8569,40.8834],[125.8725,40.9054],[125.9175,40.88],[125.967,40.9017],[126.0183,40.9013],[126.0697,40.9998],[126.1035,41.0046],[126.1307,41.0582],[126.1206,41.0895],[126.1655,41.0925],[126.2345,41.1449],[126.2739,41.1551],[126.3051,41.1894],[126.3163,41.2272],[126.3537,41.243],[126.3672,41.2858],[126.3935,41.3016],[126.4295,41.3489],[126.4864,41.371],[126.5057,41.3951],[126.5049,41.435],[126.5362,41.4767],[126.5555,41.5256],[126.588,41.5624],[126.5656,41.5978],[126.5917,41.6166],[126.6255,41.6678],[126.6466,41.6541],[126.725,41.7048],[126.6878,41.7268],[126.7221,41.7442],[126.7693,41.7161],[126.8535,41.7608],[126.8783,41.7867],[126.9268,41.8101],[127.0033,41.7601],[127.0481,41.7403],[127.0302,41.6718],[127.1038,41.6402],[127.1614,41.54],[127.2437,41.498],[127.3373,41.4636],[127.397,41.4766],[127.4107,41.4554],[127.4931,41.4753],[127.5398,41.4655],[127.5592,41.43],[127.6098,41.4307],[127.6496,41.4036],[127.6865,41.422],[127.8476,41.4195],[127.9401,41.4394],[128.0108,41.444],[128.0122,41.4116],[128.1201,41.3783],[128.201,41.4084],[128.255,41.5036],[128.2964,41.5388],[128.3122,41.5867],[128.2929,41.6267],[128.243,41.6783],[128.216,41.6793],[128.1456,41.7361],[128.1358,41.7744],[128.1085,41.7891],[128.0964,41.8379],[128.1086,41.8949],[128.0995,41.9448],[128.0312,41.9955],[128.0844,42.0204],[128.2849,42.0241],[128.3997,42.0165],[128.4573,42.0187],[128.5053,41.997],[128.5768,42.0002],[128.5894,42.0221],[128.6308,42.0371],[128.6776,42.0119],[128.745,42.0513],[128.7702,42.0316],[128.8136,42.041],[128.8361,42.0242],[128.8787,42.0254],[128.9077,42.0093],[128.9528,42.0411],[128.9482,42.0831],[129.0035,42.0884],[129.0347,42.1057],[129.0429,42.135],[129.1143,42.1388],[129.161,42.1858],[129.2032,42.2066],[129.1759,42.237],[129.1822,42.2644],[129.2154,42.2643],[129.2235,42.2966],[129.2555,42.3311],[129.2238,42.3551],[129.2488,42.3797],[129.29,42.379],[129.3042,42.4153],[129.3891,42.4472],[129.4963,42.4111],[129.5389,42.364],[129.6072,42.4369],[129.6506,42.4248],[129.704,42.4259],[129.7441,42.471],[129.7354,42.5579],[129.7517,42.5835],[129.7849,42.6797],[129.7628,42.7028],[129.7821,42.7686],[129.8087,42.7905],[129.8147,42.8515],[129.8378,42.8678],[129.8502,42.9586],[129.9004,43.005],[129.9501,43.009],[129.9541,42.9787],[130.0579,42.9666],[130.1128,42.9873],[130.1386,42.9013],[130.1621,42.9131],[130.2304,42.9019],[130.2595,42.8761],[130.225,42.7921],[130.2417,42.7668],[130.2325,42.7338],[130.2575,42.7028],[130.2837,42.6989],[130.3148,42.6518],[130.3643,42.6226],[130.3778,42.5993],[130.4342,42.5987],[130.4122,42.5677],[130.4313,42.5481],[130.4821,42.5609],[130.4666,42.6012],[130.4882,42.6174],[130.5504,42.4907],[130.5596,42.4505],[130.5948,42.4465],[130.5922,42.4845],[130.5583,42.5048],[130.563,42.552],[130.6034,42.5557],[130.6272,42.5976],[130.5878,42.6651],[130.5214,42.7014],[130.4573,42.6861],[130.4073,42.7129],[130.4057,42.7289],[130.4593,42.77],[130.5259,42.7849],[130.5563,42.8132],[130.5965,42.8169],[130.659,42.8451],[130.7762,42.8394],[130.7769,42.8638],[130.8281,42.8807],[130.8821,42.8506],[130.9417,42.8747],[130.9729,42.855],[131.0354,42.8603],[131.0103,42.9105],[131.1085,42.9133],[131.1398,42.9431],[131.1072,42.9724],[131.0961,43.0222],[131.1146,43.0669],[131.165,43.0733],[131.1579,43.0946],[131.2102,43.1484],[131.2124,43.1883],[131.1984,43.2342],[131.2487,43.2674],[131.2729,43.3754],[131.3112,43.3949],[131.2873,43.4399],[131.3057,43.4734],[131.1673,43.4415],[131.135,43.4232],[131.0196,43.5058],[130.9926,43.5047],[130.9374,43.4745],[130.9012,43.4316],[130.8541,43.4363],[130.817,43.4999],[130.7217,43.5578],[130.6655,43.566],[130.6169,43.588],[130.6172,43.6217],[130.5343,43.6254],[130.4666,43.6552],[130.4057,43.6505],[130.3871,43.7005],[130.4169,43.7425],[130.3854,43.7646],[130.373,43.8233],[130.3787,43.8566],[130.359,43.8882],[130.3754,43.9075],[130.33,43.9568],[130.3566,43.9896],[130.3583,44.0414],[130.312,44.0373],[130.3002,44.0005],[130.2651,43.9793],[130.2547,43.947],[130.1825,43.9387],[130.1447,43.9083],[130.1385,43.8778],[130.1035,43.8495],[130.049,43.836],[130.0181,43.8561],[130.003,43.8912],[130.018,43.9414],[129.9848,43.9754],[129.9927,43.9966],[129.9424,44.0254],[129.9005,44.0216],[129.8333,43.9944],[129.7958,43.9624],[129.7731,43.8912],[129.7317,43.8934],[129.6508,43.8695],[129.6021,43.8801],[129.5196,43.868],[129.4894,43.8777],[129.4096,43.8375],[129.3993,43.8164],[129.3505,43.7962],[129.2991,43.7938],[129.2494,43.8179],[129.2051,43.7824],[129.2242,43.713],[129.2071,43.6941],[129.2232,43.5914],[129.1626,43.5591],[129.0339,43.5382],[129.007,43.5207],[128.9581,43.535],[128.9396,43.5535],[128.872,43.5381],[128.8283,43.5856],[128.8186,43.6248],[128.7804,43.6843],[128.7775,43.7133],[128.7214,43.738],[128.7531,43.7579],[128.734,43.8028],[128.7122,43.8161],[128.7543,43.8554],[128.7216,43.8887],[128.6304,43.8886],[128.6386,43.9336],[128.5779,43.9885],[128.5693,44.0451],[128.5229,44.1094],[128.4628,44.1572],[128.4553,44.1991],[128.3916,44.1958],[128.3518,44.1502],[128.2942,44.1231],[128.2589,44.1345],[128.2246,44.072],[128.1498,44.0395],[128.082,44.057],[128.0548,44.1086],[127.9437,44.0861],[127.9017,44.0623],[127.8591,44.06],[127.8395,44.0801],[127.7774,44.0697],[127.7234,44.0971],[127.7154,44.1529],[127.6201,44.1857],[127.5856,44.2263],[127.6169,44.2787],[127.5753,44.3058],[127.48,44.4093],[127.5019,44.4356],[127.4573,44.4832],[127.4774,44.5257],[127.5303,44.52],[127.5601,44.5481],[127.5515,44.5742],[127.386,44.6301],[127.2685,44.6386],[127.2238,44.6213],[127.176,44.6423],[127.1332,44.6053],[127.0878,44.613],[127.05,44.5665],[127.0233,44.5945],[127.0369,44.6526],[127.0245,44.6741],[127.0347,44.7097],[126.9912,44.7632],[126.9813,44.8301],[127.0051,44.8884],[127.0658,44.9048],[127.0878,44.9417],[127.041,45.0056],[126.9615,45.0791],[126.9465,45.1383],[126.7956,45.1372],[126.7807,45.158],[126.7245,45.187],[126.6893,45.1841],[126.6135,45.2348],[126.5566,45.2513],[126.5332,45.2364],[126.4256,45.2324],[126.3579,45.1942],[126.2441,45.15],[126.1033,45.1404],[126.0777,45.1623],[125.9964,45.1607],[125.9506,45.1998],[125.9031,45.1978],[125.8095,45.2643],[125.7477,45.2958],[125.6898,45.3529],[125.7098,45.4189],[125.6816,45.4932],[125.62,45.5197],[125.5713,45.4846],[125.4928,45.4643],[125.4747,45.4845],[125.4284,45.4601],[125.3753,45.3984],[125.3023,45.395],[125.269,45.4131],[125.1693,45.3975],[125.0822,45.406],[125.0461,45.4227],[125.0231,45.4886],[124.9432,45.5035],[124.8825,45.4977],[124.8861,45.4443],[124.8351,45.453],[124.7969,45.436],[124.7408,45.4586],[124.7233,45.4399],[124.6826,45.4492],[124.5789,45.4272],[124.544,45.409],[124.4982,45.424],[124.475,45.4526],[124.3952,45.4364],[124.3443,45.4882],[124.3619,45.5223],[124.3423,45.5437],[124.2878,45.5356],[124.2541,45.557],[124.2664,45.5851],[124.2226,45.5941],[124.2058,45.626],[124.1561,45.6133],[124.1322,45.6343],[124.1328,45.682],[124.0477,45.7504],[123.994,45.7671],[124.0576,45.7997],[124.0252,45.8299],[124.0642,45.8433],[124.0515,45.8869],[123.9956,45.9011],[123.9574,45.9494],[123.9747,45.977],[124.0143,45.9879],[124.0326,46.0297],[124.0001,46.0548],[124.0074,46.0869],[124.0028,46.154],[123.9477,46.2031],[123.9515,46.2403],[123.9119,46.2571],[123.8966,46.3029],[123.8428,46.3],[123.7806,46.2657],[123.7189,46.2538],[123.6137,46.2503],[123.5569,46.2282],[123.4933,46.2577],[123.4504,46.2316],[123.2805,46.2483],[123.2413,46.2715],[123.171,46.2467],[123.1224,46.2086],[123.0975,46.1714],[123.1054,46.1281],[123.0642,46.1221],[123.0383,46.0972],[122.7882,46.0708],[122.8207,45.9117],[122.7954,45.8543],[122.7474,45.8304],[122.7866,45.7677],[122.7532,45.7402],[122.7358,45.7035],[122.6653,45.6988],[122.636,45.7697],[122.6027,45.7732],[122.5606,45.8049],[122.4988,45.8094],[122.4885,45.8591],[122.44,45.9151],[122.3553,45.9144],[122.363,45.8585],[122.2533,45.7923],[122.23,45.8292],[122.1936,45.8545],[122.0848,45.8801],[122.0769,45.915],[122.0078,45.9597],[121.9169,46.0023],[121.8571,46.0006],[121.8167,46.0207],[121.7577,45.9972],[121.7976,45.9664],[121.8148,45.9163],[121.7963,45.871],[121.7624,45.8414],[121.7469,45.7927],[121.683,45.7606],[121.6357,45.7524],[121.6639,45.721],[121.75,45.6887],[121.86,45.7176],[121.9431,45.7091],[121.9634,45.6904],[121.9972,45.6213],[121.962,45.5902],[121.987,45.5511],[121.9964,45.5065],[122.0148,45.489],[122.1602,45.44],[122.1744,45.4083],[122.1413,45.3719],[122.1395,45.3027],[122.2315,45.274],[122.232,45.2221],[122.1854,45.1799],[122.1357,45.1807],[122.1055,45.1389],[122.1114,45.0625],[122.0944,45.0232],[122.0669,45.0021],[122.0772,44.9553],[122.0643,44.8792],[122.0851,44.8291],[122.0838,44.8],[122.1067,44.7662],[122.094,44.7348],[122.1538,44.7253],[122.1151,44.6997],[122.0966,44.6691],[122.1236,44.5759],[122.193,44.5541],[122.22,44.5243],[122.2156,44.4834],[122.2802,44.4737],[122.2903,44.4119],[122.2844,44.305],[122.2625,44.2613],[122.3114,44.2318],[122.4875,44.2336],[122.5165,44.2475],[122.6761,44.2857],[122.7077,44.3292],[122.7593,44.3727],[122.8417,44.394],[122.9036,44.4231],[123.0211,44.4947],[123.1192,44.507],[123.118,44.4551],[123.1358,44.4272],[123.1084,44.3997],[123.1212,44.3654],[123.1903,44.3426],[123.2704,44.2514],[123.281,44.2101],[123.3174,44.1779],[123.3805,44.1594],[123.3556,44.1309],[123.3199,44.0434],[123.3945,43.9769],[123.3908,43.9522],[123.4227,43.9153],[123.4374,43.8748],[123.4618,43.8507],[123.4793,43.7609],[123.5192,43.6872],[123.5309,43.63],[123.5033,43.6222],[123.5066,43.5903],[123.4574,43.5888],[123.4473,43.5437],[123.3469,43.5659],[123.2981,43.5489],[123.3234,43.5152],[123.3104,43.4901],[123.371,43.4726],[123.4121,43.4081],[123.4339,43.4359],[123.4804,43.4428],[123.5203,43.3962],[123.5405,43.4124],[123.6044,43.3639],[123.6981,43.3681]]]},"properties":{"region_code":"CN-22","parent_region_code":"CN","name":"吉林省","level":"province","has_children":true,"full_path":"中国 / 吉林省","source_admin_code":"22","osm_relation_id":198590}},
{"type":"Feature","geometry":{"type":"Polygon","coordinates":[[[123.171,46.2467],[123.2413,46.2715],[123.2805,46.2483],[123.4504,46.2316],[123.4933,46.2577],[123.5569,46.2282],[123.6137,46.2503],[123.7189,46.2538],[123.7806,46.2657],[123.8428,46.3],[123.8966,46.3029],[123.9119,46.2571],[123.9515,46.2403],[123.9477,46.2031],[124.0028,46.154],[124.0074,46.0869],[124.0001,46.0548],[124.0326,46.0297],[124.0143,45.9879],[123.9747,45.977],[123.9574,45.9494],[123.9956,45.9011],[124.0515,45.8869],[124.0642,45.8433],[124.0252,45.8299],[124.0576,45.7997],[123.994,45.7671],[124.0477,45.7504],[124.1328,45.682],[124.1322,45.6343],[124.1561,45.6133],[124.2058,45.626],[124.2226,45.5941],[124.2664,45.5851],[124.2541,45.557],[124.2878,45.5356],[124.3423,45.5437],[124.3619,45.5223],[124.3443,45.4882],[124.3952,45.4364],[124.475,45.4526],[124.4982,45.424],[124.544,45.409],[124.5789,45.4272],[124.6826,45.4492],[124.7233,45.4399],[124.7408,45.4586],[124.7969,45.436],[124.8351,45.453],[124.8861,45.4443],[124.8825,45.4977],[124.9432,45.5035],[125.0231,45.4886],[125.0461,45.4227],[125.0822,45.406],[125.1693,45.3975],[125.269,45.4131],[125.3023,45.395],[125.3753,45.3984],[125.4284,45.4601],[125.4747,45.4845],[125.4928,45.4643],[125.5713,45.4846],[125.62,45.5197],[125.6816,45.4932],[125.7098,45.4189],[125.6898,45.3529],[125.7477,45.2958],[125.8095,45.2643],[125.9031,45.1978],[125.9506,45.1998],[125.9964,45.1607],[126.0777,45.1623],[126.1033,45.1404],[126.2441,45.15],[126.3579,45.1942],[126.4256,45.2324],[126.5332,45.2364],[126.5566,45.2513],[126.6135,45.2348],[126.6893,45.1841],[126.7245,45.187],[126.7807,45.158],[126.7956,45.1372],[126.9465,45.1383],[126.9615,45.0791],[127.041,45.0056],[127.0878,44.9417],[127.0658,44.9048],[127.0051,44.8884],[126.9813,44.8301],[126.9912,44.7632],[127.0347,44.7097],[127.0245,44.6741],[127.0369,44.6526],[127.0233,44.5945],[127.05,44.5665],[127.0878,44.613],[127.1332,44.6053],[127.176,44.6423],[127.2238,44.6213],[127.2685,44.6386],[127.386,44.6301],[127.5515,44.5742],[127.5601,44.5481],[127.5303,44.52],[127.4774,44.5257],[127.4573,44.4832],[127.5019,44.4356],[127.48,44.4093],[127.5753,44.3058],[127.6169,44.2787],[127.5856,44.2263],[127.6201,44.1857],[127.7154,44.1529],[127.7234,44.0971],[127.7774,44.0697],[127.8395,44.0801],[127.8591,44.06],[127.9017,44.0623],[127.9437,44.0861],[128.0548,44.1086],[128.082,44.057],[128.1498,44.0395],[128.2246,44.072],[128.2589,44.1345],[128.2942,44.1231],[128.3518,44.1502],[128.3916,44.1958],[128.4553,44.1991],[128.4628,44.1572],[128.5229,44.1094],[128.5693,44.0451],[128.5779,43.9885],[128.6386,43.9336],[128.6304,43.8886],[128.7216,43.8887],[128.7543,43.8554],[128.7122,43.8161],[128.734,43.8028],[128.7531,43.7579],[128.7214,43.738],[128.7775,43.7133],[128.7804,43.6843],[128.8186,43.6248],[128.8283,43.5856],[128.872,43.5381],[128.9396,43.5535],[128.9581,43.535],[129.007,43.5207],[129.0339,43.5382],[129.1626,43.5591],[129.2232,43.5914],[129.2071,43.6941],[129.2242,43.713],[129.2051,43.7824],[129.2494,43.8179],[129.2991,43.7938],[129.3505,43.7962],[129.3993,43.8164],[129.4096,43.8375],[129.4894,43.8777],[129.5196,43.868],[129.6021,43.8801],[129.6508,43.8695],[129.7317,43.8934],[129.7731,43.8912],[129.7958,43.9624],[129.8333,43.9944],[129.9005,44.0216],[129.9424,44.0254],[129.9927,43.9966],[129.9848,43.9754],[130.018,43.9414],[130.003,43.8912],[130.0181,43.8561],[130.049,43.836],[130.1035,43.8495],[130.1385,43.8778],[130.1447,43.9083],[130.1825,43.9387],[130.2547,43.947],[130.2651,43.9793],[130.3002,44.0005],[130.312,44.0373],[130.3583,44.0414],[130.3566,43.9896],[130.33,43.9568],[130.3754,43.9075],[130.359,43.8882],[130.3787,43.8566],[130.373,43.8233],[130.3854,43.7646],[130.4169,43.7425],[130.3871,43.7005],[130.4057,43.6505],[130.4666,43.6552],[130.5343,43.6254],[130.6172,43.6217],[130.6169,43.588],[130.6655,43.566],[130.7217,43.5578],[130.817,43.4999],[130.8541,43.4363],[130.9012,43.4316],[130.9374,43.4745],[130.9926,43.5047],[131.0196,43.5058],[131.135,43.4232],[131.1673,43.4415],[131.3057,43.4734],[131.1938,43.5291],[131.2097,43.609],[131.2328,43.6657],[131.2094,43.6985],[131.2249,43.7402],[131.206,43.8212],[131.2516,43.9005],[131.2568,43.9454],[131.2387,43.953],[131.2604,44.0323],[131.3032,44.0439],[131.1787,44.4581],[131.1045,44.7075],[131.0855,44.7418],[131.0087,44.8107],[130.9649,44.8187],[130.9771,44.8628],[131.0373,44.8691],[131.0944,44.8943],[131.0818,44.9222],[131.1522,44.9446],[131.1986,44.9162],[131.2709,44.9213],[131.3501,44.9877],[131.4016,44.9835],[131.4272,44.9651],[131.485,44.9656],[131.4754,44.9915],[131.5353,45.0172],[131.5574,45.042],[131.6244,45.0724],[131.6875,45.1299],[131.6429,45.1572],[131.6744,45.2133],[131.7141,45.2323],[131.7861,45.2096],[131.7811,45.2438],[131.8278,45.3101],[131.8804,45.3403],[131.9102,45.337],[131.9237,45.2877],[131.9816,45.2703],[132.0034,45.252],[132.4441,45.1526],[132.8643,45.0575],[132.8838,45.0406],[132.9386,45.0287],[133.0375,45.0564],[133.0614,45.0945],[133.1304,45.128],[133.1181,45.2202],[133.0883,45.2407],[133.1044,45.2644],[133.1116,45.3506],[133.1352,45.3652],[133.141,45.434],[133.1647,45.469],[133.2129,45.5135],[133.3042,45.5422],[133.3862,45.5779],[133.4214,45.6102],[133.4401,45.6487],[133.4828,45.6614],[133.4728,45.6919],[133.4395,45.7157],[133.4662,45.7371],[133.4758,45.7805],[133.4617,45.8357],[133.5049,45.8887],[133.5405,45.8957],[133.5766,45.8667],[133.6109,45.9005],[133.61,45.9415],[133.6701,45.9434],[133.68,45.9958],[133.7356,46.0541],[133.735,46.0772],[133.6818,46.1377],[133.6994,46.1621],[133.7427,46.166],[133.7874,46.1903],[133.7959,46.2213],[133.903,46.2519],[133.9095,46.282],[133.8707,46.3613],[133.9374,46.3795],[133.9274,46.4195],[133.8908,46.4468],[133.8475,46.4444],[133.8457,46.4811],[133.8848,46.5233],[133.9138,46.5954],[134.0078,46.6405],[134.0242,46.695],[134.0182,46.7279],[134.0441,46.7823],[134.0149,46.8157],[134.0351,46.8473],[134.0357,46.8855],[134.0679,46.9335],[134.0553,46.9673],[134.0953,47.0063],[134.1128,47.0621],[134.1498,47.0958],[134.2106,47.0996],[134.2223,47.1158],[134.2219,47.1813],[134.1501,47.253],[134.1693,47.3184],[134.1944,47.3422],[134.2555,47.3667],[134.2609,47.3953],[134.3112,47.4333],[134.4862,47.443],[134.5707,47.4894],[134.5725,47.5185],[134.6288,47.5484],[134.6804,47.5981],[134.6753,47.6252],[134.7436,47.6837],[134.7752,47.74],[134.7536,47.7689],[134.6633,47.8249],[134.6706,47.8775],[134.6543,47.8964],[134.607,47.9015],[134.5928,47.9477],[134.5439,47.985],[134.5445,48.0244],[134.5763,48.0621],[134.6277,48.0968],[134.6675,48.1522],[134.6761,48.2573],[134.717,48.28],[134.7692,48.3591],[134.6881,48.4081],[134.6205,48.4139],[134.5807,48.4072],[134.5108,48.4248],[134.4707,48.4219],[134.4087,48.3882],[134.3368,48.3789],[134.1883,48.3837],[134.14,48.3382],[134.0968,48.3332],[134.0556,48.3458],[134.0144,48.3312],[134.0074,48.3088],[133.9496,48.3043],[133.8338,48.2757],[133.7207,48.2416],[133.7116,48.1874],[133.6776,48.1822],[133.6136,48.1999],[133.5802,48.1886],[133.5566,48.1303],[133.4645,48.1091],[133.3915,48.1236],[133.3004,48.0998],[133.2418,48.1212],[133.1434,48.1321],[133.0605,48.1151],[133.0013,48.0372],[132.8688,47.9978],[132.8199,47.9399],[132.7501,47.9375],[132.7196,47.9603],[132.6813,47.9572],[132.654,47.9334],[132.6815,47.885],[132.669,47.8625],[132.6025,47.8151],[132.5898,47.7843],[132.6016,47.7433],[132.539,47.7134],[132.4848,47.7158],[132.3844,47.7507],[132.3092,47.7568],[132.2528,47.7081],[132.2067,47.7147],[132.1554,47.703],[132.0591,47.699],[132.0157,47.7145],[131.9828,47.6698],[131.9427,47.6614],[131.9003,47.69],[131.859,47.6722],[131.7648,47.682],[131.736,47.7033],[131.6767,47.7014],[131.622,47.6569],[131.5666,47.6652],[131.5475,47.7266],[131.5214,47.7365],[131.4248,47.7434],[131.366,47.7267],[131.2546,47.7348],[131.2073,47.7203],[131.1751,47.6953],[131.0895,47.6832],[130.9937,47.6962],[130.9575,47.7203],[130.9516,47.815],[130.864,47.9362],[130.741,48.0056],[130.6907,48.0402],[130.6537,48.1077],[130.6673,48.1317],[130.7522,48.1901],[130.7649,48.2474],[130.797,48.2585],[130.8356,48.3017],[130.8096,48.3439],[130.7663,48.3585],[130.7306,48.4438],[130.7582,48.4973],[130.7171,48.5124],[130.6601,48.4903],[130.6084,48.5019],[130.6064,48.5737],[130.58,48.5967],[130.533,48.6047],[130.5221,48.6258],[130.5745,48.7078],[130.6068,48.775],[130.6821,48.8653],[130.6402,48.8832],[130.5594,48.8583],[130.5118,48.8543],[130.4731,48.8917],[130.4211,48.9039],[130.2939,48.869],[130.2243,48.8652],[130.1904,48.9001],[130.1174,48.9434],[130.0506,48.9721],[129.9979,49.02],[129.9278,49.0327],[129.9277,49.0735],[129.8991,49.106],[129.8584,49.1083],[129.86,49.151],[129.8424,49.1771],[129.7838,49.1764],[129.7513,49.2041],[129.7444,49.2644],[129.6906,49.2963],[129.6,49.2758],[129.5482,49.309],[129.5366,49.398],[129.5007,49.4247],[129.4303,49.4416],[129.3688,49.4182],[129.3779,49.3757],[129.3521,49.3517],[129.3088,49.357],[129.2611,49.3918],[129.226,49.3995],[129.1746,49.3885],[129.1262,49.3505],[129.0734,49.3536],[129.0399,49.4079],[128.9837,49.4569],[128.9416,49.4576],[128.8603,49.4896],[128.7933,49.4718],[128.757,49.4758],[128.7472,49.5131],[128.8022,49.5503],[128.8013,49.5718],[128.7482,49.5942],[128.7249,49.5681],[128.6584,49.57],[128.6201,49.5904],[128.5529,49.602],[128.4605,49.5892],[128.3772,49.5889],[128.3574,49.5517],[128.3296,49.5402],[128.2774,49.564],[128.2361,49.5617],[128.1982,49.5376],[128.0347,49.5558],[127.9536,49.5962],[127.9104,49.5743],[127.8154,49.5849],[127.7814,49.6222],[127.6872,49.667],[127.6698,49.7113],[127.6729,49.7479],[127.6483,49.7764],[127.5566,49.7904],[127.5254,49.8191],[127.5234,49.858],[127.5417,49.917],[127.5313,49.9476],[127.499,49.9719],[127.4889,50.0127],[127.5016,50.0594],[127.5721,50.1287],[127.6033,50.1809],[127.6015,50.2375],[127.4989,50.2544],[127.3807,50.2851],[127.3253,50.3351],[127.3265,50.358],[127.3614,50.3959],[127.353,50.4435],[127.2922,50.4568],[127.3108,50.5239],[127.354,50.5419],[127.367,50.574],[127.3407,50.6154],[127.2874,50.6638],[127.281,50.7073],[127.2913,50.7547],[127.2331,50.7739],[127.1351,50.9125],[127.1062,50.9369],[127.0463,50.9606],[126.9858,51.0211],[126.9177,51.057],[126.9111,51.1399],[126.8942,51.2033],[126.9729,51.2978],[126.9454,51.3335],[126.8676,51.3093],[126.9157,51.2613],[126.8999,51.2449],[126.8436,51.2528],[126.8115,51.2891],[126.8137,51.3295],[126.8417,51.3443],[126.893,51.3391],[126.9238,51.3628],[126.8961,51.4082],[126.801,51.4207],[126.7758,51.4438],[126.8331,51.5344],[126.7087,51.5686],[126.6695,51.5987],[126.7217,51.6245],[126.7317,51.6572],[126.7128,51.6819],[126.7156,51.7269],[126.6709,51.7272],[126.6574,51.7583],[126.6177,51.7744],[126.5751,51.823],[126.5378,51.885],[126.4918,51.9296],[126.4651,51.9364],[126.4592,51.986],[126.4383,52.0255],[126.5125,52.0532],[126.5566,52.1201],[126.4899,52.1597],[126.3004,52.2062],[126.2968,52.2245],[126.3462,52.2624],[126.3969,52.2802],[126.3894,52.3029],[126.3401,52.3014],[126.3111,52.3288],[126.3469,52.3831],[126.3186,52.4243],[126.2626,52.4736],[126.1812,52.4776],[126.2017,52.531],[126.1552,52.562],[126.0678,52.6032],[126.012,52.5785],[125.9728,52.6086],[125.9617,52.6504],[125.9834,52.6732],[126.0528,52.6759],[126.0656,52.6949],[126.0373,52.7346],[126.096,52.7753],[126.0479,52.797],[126.0083,52.7927],[125.9847,52.7604],[125.935,52.7765],[125.9092,52.8186],[125.863,52.8486],[125.8295,52.8954],[125.7592,52.8944],[125.7444,52.8795],[125.6555,52.869],[125.6663,52.9224],[125.7277,52.944],[125.7341,52.9914],[125.6927,52.9982],[125.6367,53.035],[125.6052,53.0816],[125.5188,53.0485],[125.4981,53.0885],[125.3836,53.1285],[125.3023,53.1459],[125.2502,53.1763],[125.1578,53.2038],[124.9755,53.1958],[124.8805,53.1655],[124.8996,53.1216],[124.8486,53.1057],[124.8239,53.1431],[124.7508,53.1399],[124.7117,53.1514],[124.7172,53.1869],[124.6369,53.2072],[124.4965,53.2037],[124.4316,53.2167],[124.4034,53.2478],[124.3698,53.2527],[124.3203,53.3292],[124.2323,53.3778],[124.165,53.3672],[124.1099,53.3465],[124.0542,53.4013],[124.0081,53.3976],[123.9783,53.4298],[123.8794,53.4807],[123.6855,53.4983],[123.6616,53.5324],[123.6256,53.546],[123.5464,53.5448],[123.5166,53.5567],[123.4786,53.5281],[123.3755,53.5365],[123.3044,53.5597],[123.223,53.5496],[123.1714,53.5085],[123.1373,53.4981],[123.06,53.5067],[122.9332,53.4805],[122.893,53.4615],[122.8261,53.4558],[122.7478,53.463],[122.6983,53.4579],[122.5961,53.4639],[122.5309,53.4506],[122.4803,53.4573],[122.4297,53.4432],[122.3665,53.4753],[122.3497,53.5003],[122.2436,53.4637],[122.1682,53.4711],[122.0789,53.4205],[121.9485,53.4289],[121.8175,53.4157],[121.7338,53.3859],[121.6947,53.3907],[121.5721,53.3475],[121.4932,53.3341],[121.596,53.267],[121.6731,53.2373],[121.6514,53.175],[121.7764,53.117],[121.7681,53.0919],[121.8118,53.0615],[121.7802,53.0188],[121.7101,52.998],[121.656,52.9124],[121.6051,52.8849],[121.6133,52.8515],[121.5798,52.8196],[121.4745,52.7719],[121.4403,52.728],[121.3719,52.6842],[121.312,52.6764],[121.2822,52.6481],[121.2023,52.6095],[121.224,52.5731],[121.2701,52.5853],[121.3172,52.5703],[121.3546,52.5293],[121.4014,52.5209],[121.4089,52.4984],[121.4849,52.4826],[121.5262,52.4529],[121.6646,52.4268],[121.6573,52.3886],[121.708,52.3471],[121.7128,52.3141],[121.7942,52.2976],[121.8339,52.2801],[121.897,52.2798],[122.0805,52.4197],[122.126,52.475],[122.1331,52.5074],[122.1992,52.4674],[122.3036,52.4738],[122.3391,52.4112],[122.4009,52.3741],[122.4433,52.3831],[122.4725,52.3494],[122.4666,52.2965],[122.5624,52.2796],[122.5915,52.2656],[122.6563,52.2806],[122.6987,52.2535],[122.7576,52.2637],[122.7672,52.1768],[122.7326,52.1509],[122.63,52.1341],[122.6407,52.0987],[122.6196,52.0728],[122.6488,52.0516],[122.6681,51.9752],[122.7115,51.9746],[122.7249,51.9196],[122.6964,51.8906],[122.7332,51.8453],[122.7303,51.8233],[122.7636,51.7668],[122.7713,51.6875],[122.8474,51.6128],[122.8307,51.5747],[122.8797,51.5488],[122.8491,51.5269],[122.879,51.5016],[122.8534,51.4693],[122.8978,51.4451],[122.8935,51.4166],[122.9606,51.3854],[122.9609,51.3396],[122.996,51.3092],[123.056,51.3185],[123.2167,51.2786],[123.2736,51.2463],[123.338,51.2718],[123.4997,51.267],[123.5598,51.2424],[123.5786,51.1468],[123.5538,51.1311],[123.5774,51.0908],[123.6224,51.0929],[123.7058,51.073],[123.6875,51.0226],[123.7049,50.9983],[123.7556,50.9774],[123.7852,50.8901],[123.788,50.8286],[123.8564,50.8474],[123.8702,50.8351],[123.8297,50.7987],[123.8672,50.7495],[123.9177,50.7387],[123.926,50.71],[124.0104,50.655],[124.0133,50.5964],[124.0689,50.5646],[124.0797,50.5382],[124.0191,50.5367],[123.9763,50.5085],[123.9961,50.4771],[123.9665,50.399],[123.9132,50.3717],[123.8723,50.4012],[123.8333,50.4101],[123.8184,50.4481],[123.7931,50.4545],[123.7703,50.3429],[123.8635,50.2691],[123.8591,50.2216],[123.9236,50.1854],[123.9698,50.2073],[124.0543,50.1972],[124.0952,50.237],[124.1759,50.2238],[124.2351,50.1638],[124.2793,50.1879],[124.3174,50.1767],[124.3523,50.2001],[124.3377,50.3302],[124.3566,50.3592],[124.3961,50.3608],[124.4323,50.3838],[124.4387,50.4383],[124.4918,50.3999],[124.5078,50.3666],[124.65,50.3355],[124.7827,50.3205],[124.8464,50.3372],[124.8815,50.3161],[124.9598,50.3038],[125.0663,50.1975],[125.1081,50.2027],[125.1752,50.1488],[125.2101,50.1702],[125.2845,50.15],[125.2714,50.1256],[125.2829,50.0667],[125.2526,50.0357],[125.2825,50.002],[125.2436,49.9923],[125.2213,49.9568],[125.1762,49.9563],[125.239,49.8718],[125.2212,49.8355],[125.2143,49.7577],[125.1944,49.737],[125.212,49.6673],[125.1738,49.6589],[125.1209,49.6665],[125.1355,49.6197],[125.1667,49.6219],[125.227,49.5584],[125.2211,49.4854],[125.2569,49.4591],[125.2461,49.3562],[125.2568,49.3143],[125.2079,49.2727],[125.2205,49.2324],[125.2105,49.1979],[125.173,49.1971],[125.1064,49.1244],[125.0451,49.142],[125.0099,49.1757],[124.9448,49.1604],[124.9052,49.178],[124.8626,49.1575],[124.7659,48.9991],[124.7423,48.9747],[124.748,48.9452],[124.7259,48.9216],[124.6909,48.839],[124.6397,48.8116],[124.6456,48.7714],[124.6067,48.7469],[124.6183,48.6913],[124.5801,48.5914],[124.5355,48.5734],[124.5261,48.4949],[124.5347,48.4604],[124.5081,48.351],[124.5475,48.3164],[124.5719,48.2514],[124.539,48.1969],[124.4645,48.1291],[124.4548,48.1969],[124.3947,48.2454],[124.3218,48.3319],[124.3078,48.3615],[124.3074,48.4182],[124.2939,48.5194],[124.2604,48.535],[124.068,48.4308],[123.8669,48.2787],[123.7372,48.1931],[123.6972,48.1497],[123.5695,48.0411],[123.5343,48.022],[123.3108,47.9576],[123.2812,47.9396],[123.2369,47.8582],[123.1607,47.7816],[123.0732,47.757],[122.9007,47.6903],[122.8364,47.6694],[122.759,47.6145],[122.587,47.5446],[122.5376,47.4932],[122.5042,47.4015],[122.4018,47.3433],[122.4545,47.2787],[122.5,47.2443],[122.5525,47.1644],[122.6893,47.0823],[122.8032,47.0713],[122.8405,47.0531],[122.8234,47.0259],[122.7906,47.0181],[122.7659,46.9756],[122.7965,46.9388],[122.8867,46.9578],[122.889,46.8157],[123.0173,46.7218],[123.083,46.7366],[123.1346,46.7357],[123.171,46.7539],[123.1792,46.7863],[123.2179,46.8207],[123.225,46.8562],[123.2897,46.8634],[123.333,46.8239],[123.3697,46.8372],[123.4207,46.9322],[123.4768,46.9529],[123.5221,46.953],[123.519,46.9251],[123.4773,46.868],[123.4961,46.8254],[123.5661,46.8299],[123.571,46.8944],[123.6016,46.8872],[123.5751,46.8265],[123.6243,46.8119],[123.6257,46.7261],[123.5974,46.6874],[123.3924,46.6798],[123.271,46.6588],[123.2726,46.6153],[123.2172,46.5877],[123.1749,46.6103],[123.0922,46.6012],[123.039,46.6168],[123.046,46.578],[122.9946,46.5727],[123.0051,46.5264],[122.9993,46.449],[123.012,46.4189],[123.1052,46.3335],[123.171,46.2467]]]},"properties":{"region_code":"CN-23","parent_region_code":"CN","name":"黑龙江省","level":"province","has_children":true,"full_path":"中国 / 黑龙江省","source_admin_code":"23","osm_relation_id":199073}},
{"type":"Feature","geometry":{"type":"MultiPolygon","coordinates":[[[[120.6329,33.2303],[120.6238,33.2466],[120.7319,33.2568],[120.6876,33.2834],[120.6641,33.3298],[120.6615,33.3886],[120.5997,33.41],[120.5704,33.3809],[120.5656,33.4407],[120.5331,33.4237],[120.5352,33.3992],[120.4885,33.3613],[120.5348,33.286],[120.5771,33.2886],[120.5835,33.2056],[120.6448,33.2089],[120.6329,33.2303]]],[[[120.6949,32.9329],[120.7413,32.9662],[120.7007,33.0217],[120.6872,32.9664],[120.6949,32.9329]]],[[[120.8973,31.0197],[120.9879,31.0101],[120.9946,30.9081],[121.0136,30.885],[121.0067,30.8369],[121.0377,30.8276],[121.0625,30.8509],[121.1193,30.8496],[121.1226,30.7809],[121.1728,30.7758],[121.213,30.7879],[121.2281,30.758],[121.2641,30.737],[121.2744,30.6801],[121.3507,30.6694],[121.5063,30.6786],[121.8432,30.7141],[121.9599,30.7772],[122.1721,30.8657],[122.4248,30.8775],[122.6816,30.924],[122.7784,30.9493],[123.2257,30.9493],[122.9955,31.1231],[122.4464,31.5361],[122.3845,31.7019],[122.0197,31.7019],[121.9228,31.682],[121.8741,31.6341],[121.8109,31.6464],[121.6406,31.6978],[121.5891,31.7091],[121.4949,31.7552],[121.4259,31.7721],[121.3696,31.8437],[121.3055,31.8714],[121.2204,31.8481],[121.1713,31.8198],[121.096,31.7655],[121.124,31.741],[121.2584,31.6497],[121.3208,31.5823],[121.3829,31.5459],[121.3248,31.506],[121.2965,31.5035],[121.2428,31.4789],[121.2033,31.4782],[121.1428,31.4459],[121.1435,31.3874],[121.109,31.3761],[121.1256,31.3462],[121.1255,31.3046],[121.1387,31.277],[121.0575,31.27],[121.0581,31.2265],[121.0723,31.1667],[121.014,31.1363],[120.9255,31.1437],[120.8762,31.137],[120.8509,31.1091],[120.8973,31.0862],[120.8973,31.0197]]]]},"properties":{"region_code":"CN-31","parent_region_code":"CN","name":"上海市","level":"province","has_children":true,"full_path":"中国 / 上海市","source_admin_code":"31","osm_relation_id":913067}},
{"type":"Feature","geometry":{"type":"Polygon","coordinates":[[[122.3845,31.7019],[122.1578,32.3109],[121.9492,32.8583],[121.8664,33.0768],[121.8346,33.1304],[121.5407,33.4803],[121.3678,33.6795],[120.8646,34.2564],[120.4251,34.7571],[120.2197,34.99],[120.4132,35.1662],[120,35.1667],[119.3099,35.0255],[119.2857,35.1117],[119.2403,35.1265],[119.1269,35.097],[119.1102,35.0506],[118.9207,35.0525],[118.8547,35.0247],[118.8661,34.9965],[118.8529,34.939],[118.8009,34.8851],[118.802,34.8553],[118.7776,34.8347],[118.7691,34.7979],[118.7379,34.7933],[118.7394,34.6987],[118.5993,34.692],[118.5838,34.716],[118.5239,34.7153],[118.4954,34.6637],[118.455,34.6567],[118.4706,34.6223],[118.4266,34.62],[118.4156,34.5972],[118.4307,34.5439],[118.3935,34.429],[118.3703,34.4151],[118.2841,34.4288],[118.2707,34.405],[118.2406,34.4068],[118.2111,34.3786],[118.1653,34.3876],[118.1766,34.4533],[118.1226,34.4864],[118.1626,34.5164],[118.1683,34.5409],[118.1303,34.5617],[118.0727,34.5712],[118.1101,34.6159],[118.0924,34.6537],[118.0226,34.6582],[118.0011,34.6508],[117.9466,34.6793],[117.8978,34.6455],[117.8608,34.6523],[117.8071,34.6453],[117.7859,34.5846],[117.7914,34.5226],[117.6948,34.5467],[117.6474,34.4982],[117.6073,34.493],[117.5834,34.4633],[117.5338,34.4686],[117.4588,34.49],[117.4362,34.529],[117.4021,34.5432],[117.3979,34.5697],[117.3375,34.5831],[117.3268,34.5607],[117.2695,34.5329],[117.2522,34.4553],[117.2046,34.4348],[117.1669,34.4349],[117.1322,34.5234],[117.1438,34.5627],[117.0714,34.6971],[117.0079,34.7689],[116.9715,34.7651],[116.945,34.7951],[116.9772,34.805],[116.9621,34.839],[116.9223,34.8433],[116.9166,34.898],[116.8938,34.9159],[116.7807,34.9757],[116.7758,34.9176],[116.7008,34.9351],[116.635,34.9337],[116.5535,34.9102],[116.4395,34.8961],[116.4097,34.8672],[116.3955,34.8112],[116.3975,34.7508],[116.3566,34.7387],[116.389,34.6992],[116.3617,34.6522],[116.3698,34.6371],[116.4249,34.6524],[116.4327,34.6265],[116.4758,34.6115],[116.4891,34.5663],[116.5144,34.5441],[116.5502,34.5416],[116.6141,34.4878],[116.6579,34.474],[116.7543,34.4641],[116.7766,34.432],[116.8212,34.3985],[116.8722,34.4113],[116.9653,34.3928],[116.9748,34.3598],[116.9664,34.3308],[116.9774,34.2777],[117.012,34.2607],[117.0461,34.2229],[117.0201,34.1684],[117.091,34.1443],[117.1519,34.0998],[117.1435,34.0799],[117.2293,34.0645],[117.3138,34.085],[117.3611,34.0841],[117.4152,34.0221],[117.4494,34.0282],[117.5034,34.0624],[117.541,34.0465],[117.5377,34.009],[117.5607,33.9971],[117.607,33.9994],[117.6217,34.0203],[117.6574,34.0029],[117.6546,33.973],[117.7028,33.8833],[117.7518,33.8888],[117.7458,33.7968],[117.7261,33.7362],[117.7471,33.7131],[117.7856,33.7345],[117.8428,33.7375],[117.8963,33.7219],[117.9478,33.7322],[117.9676,33.7508],[118.0131,33.7476],[118.0599,33.7671],[118.1012,33.7662],[118.1436,33.7478],[118.1632,33.716],[118.1625,33.6651],[118.1065,33.6183],[118.1115,33.5929],[118.1023,33.4764],[118.052,33.493],[118.0222,33.4573],[118.0111,33.4043],[118.0193,33.3722],[117.9907,33.3487],[117.9641,33.2791],[117.9414,33.2684],[117.9421,33.2253],[117.9803,33.2217],[117.9847,33.18],[118.0672,33.1427],[118.1446,33.1706],[118.1726,33.2195],[118.2166,33.1818],[118.2155,33.1162],[118.2512,32.9798],[118.295,32.971],[118.286,32.9487],[118.2497,32.9408],[118.2284,32.9203],[118.2401,32.8552],[118.2815,32.8594],[118.3003,32.8179],[118.2985,32.7824],[118.3559,32.7741],[118.3648,32.7208],[118.5555,32.7327],[118.6023,32.7298],[118.6332,32.7482],[118.7,32.7232],[118.7523,32.7413],[118.7301,32.7742],[118.7398,32.8039],[118.7338,32.8539],[118.7749,32.8509],[118.8087,32.862],[118.8121,32.9227],[118.8422,32.9244],[118.8436,32.9601],[118.9311,32.9392],[118.9873,32.9601],[119.0155,32.9583],[119.0542,32.8666],[119.107,32.8206],[119.1797,32.8292],[119.2051,32.7287],[119.2037,32.616],[119.2093,32.5913],[119.1634,32.5773],[119.1472,32.5586],[119.1491,32.5116],[119.0785,32.4523],[119.0357,32.5167],[118.9709,32.5067],[118.9425,32.5481],[118.8492,32.5765],[118.7821,32.5849],[118.7473,32.6063],[118.6958,32.5915],[118.6471,32.5954],[118.6297,32.582],[118.5929,32.604],[118.558,32.5671],[118.6042,32.5395],[118.587,32.4859],[118.6223,32.4704],[118.6487,32.4783],[118.6873,32.4667],[118.6749,32.3914],[118.6987,32.3316],[118.6552,32.3076],[118.6707,32.2573],[118.6386,32.212],[118.5474,32.2018],[118.4906,32.1783],[118.5002,32.1456],[118.4583,32.1026],[118.3894,32.0778],[118.3775,32.0351],[118.3904,31.9957],[118.3602,31.9516],[118.3789,31.9112],[118.4049,31.8965],[118.473,31.8854],[118.4614,31.86],[118.4994,31.843],[118.4757,31.7867],[118.5522,31.7318],[118.5968,31.7597],[118.6728,31.731],[118.6859,31.7095],[118.6391,31.6519],[118.6792,31.6386],[118.7316,31.6361],[118.7459,31.6797],[118.7694,31.6847],[118.7987,31.6209],[118.8542,31.6258],[118.8725,31.5925],[118.8654,31.5556],[118.8825,31.5313],[118.8766,31.4501],[118.8448,31.3943],[118.8053,31.3733],[118.7637,31.366],[118.7489,31.3871],[118.7147,31.3245],[118.7219,31.2843],[118.7581,31.2782],[118.7902,31.2314],[118.9135,31.2463],[118.9984,31.2361],[119.0725,31.2344],[119.1429,31.2762],[119.1455,31.2937],[119.1948,31.2976],[119.2339,31.2562],[119.3605,31.2869],[119.3752,31.2715],[119.3561,31.2384],[119.3603,31.1961],[119.3917,31.177],[119.4462,31.175],[119.5283,31.1605],[119.5659,31.1307],[119.6178,31.1306],[119.6629,31.1661],[119.6982,31.1534],[119.7099,31.1723],[119.7755,31.1824],[119.8029,31.1502],[119.8338,31.1759],[119.8788,31.1632],[119.9111,31.1712],[119.9365,31.1442],[119.9426,31.1087],[119.9813,31.0611],[119.9899,31.0347],[120.0483,31.0081],[120.0978,30.9662],[120.1446,30.94],[120.2179,30.9295],[120.3111,30.9358],[120.3611,30.9498],[120.3552,30.8868],[120.4182,30.9036],[120.4485,30.8703],[120.4524,30.8264],[120.4847,30.7659],[120.5009,30.7609],[120.5498,30.826],[120.5768,30.8479],[120.6455,30.8531],[120.668,30.8788],[120.7073,30.8871],[120.7082,30.9205],[120.692,30.9528],[120.7414,30.9653],[120.7695,31.0035],[120.8031,31.0084],[120.8631,30.9933],[120.8973,31.0197],[120.8973,31.0862],[120.8509,31.1091],[120.8762,31.137],[120.9255,31.1437],[121.014,31.1363],[121.0723,31.1667],[121.0581,31.2265],[121.0575,31.27],[121.1387,31.277],[121.1255,31.3046],[121.1256,31.3462],[121.109,31.3761],[121.1435,31.3874],[121.1428,31.4459],[121.2033,31.4782],[121.2428,31.4789],[121.2965,31.5035],[121.3248,31.506],[121.3829,31.5459],[121.3208,31.5823],[121.2584,31.6497],[121.124,31.741],[121.096,31.7655],[121.1713,31.8198],[121.2204,31.8481],[121.3055,31.8714],[121.3696,31.8437],[121.4259,31.7721],[121.4949,31.7552],[121.5891,31.7091],[121.6406,31.6978],[121.8109,31.6464],[121.8741,31.6341],[121.9228,31.682],[122.0197,31.7019],[122.3845,31.7019]],[[120.6329,33.2303],[120.6448,33.2089],[120.5835,33.2056],[120.5771,33.2886],[120.5348,33.286],[120.4885,33.3613],[120.5352,33.3992],[120.5331,33.4237],[120.5656,33.4407],[120.5704,33.3809],[120.5997,33.41],[120.6615,33.3886],[120.6641,33.3298],[120.6876,33.2834],[120.7319,33.2568],[120.6238,33.2466],[120.6329,33.2303]],[[120.6949,32.9329],[120.6872,32.9664],[120.7007,33.0217],[120.7413,32.9662],[120.6949,32.9329]]]},"properties":{"region_code":"CN-32","parent_region_code":"CN","name":"江苏省","level":"province","has_children":true,"full_path":"中国 / 江苏省","source_admin_code":"32","osm_relation_id":913012}},
{"type":"Feature","geometry":{"type":"Polygon","coordinates":[[[120.8973,31.0197],[120.8631,30.9933],[120.8031,31.0084],[120.7695,31.0035],[120.7414,30.9653],[120.692,30.9528],[120.7082,30.9205],[120.7073,30.8871],[120.668,30.8788],[120.6455,30.8531],[120.5768,30.8479],[120.5498,30.826],[120.5009,30.7609],[120.4847,30.7659],[120.4524,30.8264],[120.4485,30.8703],[120.4182,30.9036],[120.3552,30.8868],[120.3611,30.9498],[120.3111,30.9358],[120.2179,30.9295],[120.1446,30.94],[120.0978,30.9662],[120.0483,31.0081],[119.9899,31.0347],[119.9813,31.0611],[119.9426,31.1087],[119.9365,31.1442],[119.9111,31.1712],[119.8788,31.1632],[119.8338,31.1759],[119.8029,31.1502],[119.7755,31.1824],[119.7099,31.1723],[119.6982,31.1534],[119.6629,31.1661],[119.6178,31.1306],[119.6404,31.1094],[119.6207,31.0829],[119.6258,31.0097],[119.5924,30.9876],[119.576,30.9356],[119.5482,30.9028],[119.5565,30.8624],[119.5505,30.8283],[119.522,30.7784],[119.4776,30.7775],[119.4848,30.7213],[119.4141,30.6444],[119.3761,30.6818],[119.3381,30.6664],[119.3073,30.623],[119.2341,30.6085],[119.2614,30.583],[119.2324,30.5487],[119.2806,30.5133],[119.3223,30.5355],[119.3323,30.5067],[119.3294,30.4501],[119.3457,30.4403],[119.3622,30.3883],[119.259,30.3393],[119.2233,30.2908],[119.1283,30.3055],[119.0856,30.3256],[119.0581,30.3051],[118.984,30.3486],[118.9154,30.3417],[118.8756,30.3172],[118.8729,30.2857],[118.8902,30.2604],[118.8792,30.2399],[118.9174,30.2162],[118.8946,30.1824],[118.8435,30.1658],[118.8791,30.1016],[118.8886,29.9451],[118.8358,29.9341],[118.8391,29.8963],[118.7803,29.8466],[118.7478,29.8469],[118.7328,29.8153],[118.7389,29.7404],[118.6961,29.7093],[118.6376,29.6436],[118.6158,29.6569],[118.5694,29.6413],[118.5312,29.5937],[118.4944,29.5788],[118.49,29.5215],[118.3835,29.5105],[118.3399,29.4787],[118.2994,29.4924],[118.3098,29.4257],[118.2449,29.4339],[118.2145,29.4245],[118.1876,29.3971],[118.2039,29.3502],[118.1775,29.3337],[118.164,29.2952],[118.131,29.2866],[118.0695,29.2933],[118.0787,29.222],[118.0361,29.213],[118.0224,29.171],[118.0385,29.1603],[118.0308,29.1015],[118.0704,29.0776],[118.06,29.0567],[118.0877,29.0059],[118.1272,29.0111],[118.2492,28.9263],[118.2665,28.9203],[118.2957,28.829],[118.3631,28.8142],[118.3969,28.7173],[118.4229,28.6844],[118.4281,28.6278],[118.4061,28.5761],[118.422,28.5252],[118.4483,28.4798],[118.4544,28.4334],[118.4349,28.4153],[118.4638,28.3605],[118.4614,28.3095],[118.4286,28.2917],[118.4438,28.2542],[118.4979,28.2511],[118.5264,28.2749],[118.5827,28.287],[118.6144,28.2599],[118.6487,28.2806],[118.6716,28.2733],[118.6974,28.3147],[118.7169,28.3173],[118.7303,28.2662],[118.7599,28.2411],[118.7958,28.2455],[118.7985,28.2108],[118.7704,28.195],[118.806,28.1519],[118.7981,28.1203],[118.7687,28.1165],[118.7118,28.0675],[118.7296,28.0313],[118.7243,27.9734],[118.757,27.9461],[118.7952,27.9345],[118.8163,27.9091],[118.825,27.8482],[118.8677,27.737],[118.8705,27.682],[118.9099,27.6214],[118.8918,27.5596],[118.8648,27.5439],[118.8832,27.4878],[118.9056,27.4636],[118.9849,27.4815],[119.0074,27.499],[119.0857,27.4679],[119.1265,27.4676],[119.1168,27.4392],[119.152,27.4287],[119.2632,27.4249],[119.2743,27.4557],[119.3119,27.4705],[119.3429,27.4966],[119.3609,27.5318],[119.4102,27.5389],[119.4433,27.5135],[119.463,27.5267],[119.4875,27.5706],[119.4819,27.5952],[119.4966,27.6528],[119.5211,27.6637],[119.5817,27.6667],[119.6031,27.6775],[119.64,27.664],[119.6202,27.6187],[119.6277,27.585],[119.6688,27.5788],[119.6555,27.5432],[119.7041,27.5177],[119.7046,27.409],[119.7346,27.3905],[119.7352,27.3665],[119.7773,27.3339],[119.7666,27.3157],[119.8382,27.3031],[119.934,27.333],[119.9515,27.367],[119.9899,27.3831],[120.0364,27.3409],[120.0883,27.3781],[120.0918,27.3953],[120.1337,27.4026],[120.1307,27.4256],[120.2134,27.4214],[120.2865,27.3996],[120.3416,27.3992],[120.3397,27.3709],[120.356,27.34],[120.3918,27.3104],[120.3954,27.254],[120.4101,27.2342],[120.4076,27.195],[120.4389,27.1646],[120.4834,27.1299],[120.5553,27.1367],[120.7109,27.1667],[121.2146,27.1735],[121.3212,27.3583],[121.5883,27.6752],[121.8388,27.9715],[122.0926,28.2708],[122.3414,28.6093],[122.4751,28.7908],[122.8674,29.54],[123.1544,30.0842],[123.2787,30.3985],[123.3814,30.6605],[123.3914,30.6963],[123.3881,30.7694],[123.3542,30.8405],[123.3104,30.8854],[123.2257,30.9493],[122.7784,30.9493],[122.6816,30.924],[122.4248,30.8775],[122.1721,30.8657],[121.9599,30.7772],[121.8432,30.7141],[121.5063,30.6786],[121.3507,30.6694],[121.2744,30.6801],[121.2641,30.737],[121.2281,30.758],[121.213,30.7879],[121.1728,30.7758],[121.1226,30.7809],[121.1193,30.8496],[121.0625,30.8509],[121.0377,30.8276],[121.0067,30.8369],[121.0136,30.885],[120.9946,30.9081],[120.9879,31.0101],[120.8973,31.0197]]]},"properties":{"region_code":"CN-33","parent_region_code":"CN","name":"浙江省","level":"province","has_children":true,"full_path":"中国 / 浙江省","source_admin_code":"33","osm_relation_id":553302}},
{"type":"Feature","geometry":{"type":"Polygon","coordinates":[[[116.3698,34.6371],[116.3304,34.6229],[116.3136,34.5985],[116.2745,34.6029],[116.2434,34.553],[116.1936,34.5715],[116.1871,34.5301],[116.2015,34.5179],[116.1634,34.4739],[116.205,34.4016],[116.2055,34.3799],[116.2507,34.3794],[116.3266,34.3261],[116.3602,34.3134],[116.3689,34.2706],[116.4005,34.2776],[116.4722,34.2718],[116.4971,34.2967],[116.5538,34.2903],[116.5772,34.2678],[116.5414,34.2437],[116.5403,34.198],[116.5573,34.1683],[116.5295,34.1454],[116.5342,34.0982],[116.5531,34.0986],[116.5986,34.0249],[116.6024,34.0014],[116.6443,33.975],[116.6377,33.885],[116.5571,33.9094],[116.4977,33.8655],[116.4797,33.8707],[116.4315,33.8451],[116.4267,33.7964],[116.3891,33.7854],[116.3326,33.7839],[116.2587,33.7293],[116.216,33.738],[116.1848,33.7109],[116.136,33.726],[116.0941,33.7837],[116.0494,33.8073],[116.06,33.8483],[116.0467,33.8659],[115.9793,33.9026],[115.9716,33.9285],[115.9988,33.9591],[115.9801,33.9927],[115.845,34.0306],[115.7866,34.0667],[115.7529,34.0618],[115.6493,34.0647],[115.6458,34.0353],[115.5987,34.0351],[115.5836,34.0139],[115.5406,33.8933],[115.6006,33.869],[115.6229,33.8762],[115.6082,33.7775],[115.5591,33.7781],[115.5973,33.7226],[115.5968,33.6592],[115.619,33.6282],[115.6304,33.5862],[115.5571,33.578],[115.5065,33.5584],[115.4452,33.5655],[115.4104,33.5568],[115.3958,33.5079],[115.3628,33.5195],[115.34,33.5011],[115.3344,33.4465],[115.312,33.443],[115.3378,33.3734],[115.3526,33.311],[115.3293,33.2996],[115.3344,33.2625],[115.3195,33.2117],[115.2855,33.1925],[115.2961,33.1438],[115.1667,33.1118],[115.1604,33.0889],[115.1261,33.0806],[115.0156,33.0902],[114.9856,33.1065],[114.9612,33.1492],[114.9278,33.1565],[114.9027,33.1384],[114.8918,33.0835],[114.9113,33.0822],[114.9238,33.0224],[114.8932,33.0169],[114.8786,32.9743],[114.9283,32.9575],[114.9407,32.9325],[114.981,32.9476],[115.0363,32.9375],[115.0394,32.9106],[115.134,32.9009],[115.1488,32.8664],[115.198,32.8456],[115.1849,32.8088],[115.1728,32.7344],[115.1749,32.6872],[115.2123,32.6564],[115.1892,32.6435],[115.1863,32.6049],[115.2085,32.5898],[115.2518,32.5968],[115.2856,32.5845],[115.2987,32.5559],[115.4061,32.5767],[115.4081,32.5506],[115.4802,32.5144],[115.508,32.4561],[115.5417,32.4267],[115.6008,32.4282],[115.6212,32.4074],[115.6754,32.4423],[115.6961,32.4976],[115.7378,32.4784],[115.7995,32.4887],[115.8348,32.527],[115.8707,32.5446],[115.8743,32.4346],[115.8939,32.3941],[115.8923,32.3487],[115.9075,32.2333],[115.9341,32.1483],[115.9214,32.1072],[115.9322,32.0625],[115.9175,32.0545],[115.9222,32.0098],[115.9044,31.9452],[115.9173,31.9203],[115.8928,31.8803],[115.8881,31.8394],[115.9102,31.8198],[115.8804,31.7774],[115.8431,31.7876],[115.8111,31.7643],[115.766,31.7878],[115.6579,31.7631],[115.5486,31.6974],[115.5247,31.7003],[115.4889,31.6749],[115.4721,31.6471],[115.482,31.6121],[115.4324,31.5884],[115.4129,31.5275],[115.3686,31.5008],[115.3835,31.4514],[115.3692,31.4066],[115.3869,31.3934],[115.3743,31.3565],[115.4021,31.3391],[115.4401,31.3419],[115.4514,31.2863],[115.5153,31.2658],[115.5377,31.2288],[115.5289,31.2057],[115.5788,31.145],[115.6406,31.2218],[115.727,31.1784],[115.7718,31.1055],[115.7941,31.129],[115.8412,31.1314],[115.8679,31.1507],[115.8854,31.1077],[115.9421,31.0649],[115.9355,31.0463],[116.0006,31.0357],[116.026,31.0106],[116.0523,31.0156],[116.0671,30.9621],[116.0344,30.9597],[115.9735,30.9365],[115.9261,30.8896],[115.8653,30.8718],[115.8414,30.8333],[115.8597,30.8186],[115.8474,30.7617],[115.7775,30.7552],[115.7559,30.6912],[115.7956,30.6462],[115.8017,30.6181],[115.8735,30.5845],[115.8819,30.5462],[115.9067,30.5099],[115.8893,30.4544],[115.9176,30.4201],[115.879,30.3824],[115.9014,30.3435],[115.8997,30.3113],[115.9466,30.3104],[115.9852,30.2896],[115.9813,30.2676],[116.0213,30.2442],[116.0614,30.2075],[116.055,30.1569],[116.084,30.1286],[116.0832,30.0824],[116.069,29.9688],[116.1234,29.9],[116.1312,29.8256],[116.158,29.8319],[116.2181,29.8261],[116.2586,29.784],[116.3301,29.8333],[116.4624,29.8987],[116.5208,29.9003],[116.5472,29.9126],[116.5808,30.0479],[116.6064,30.0735],[116.6567,30.08],[116.7695,30.0438],[116.7968,29.9989],[116.8304,29.9733],[116.864,29.9841],[116.8914,29.9713],[116.8913,29.9137],[116.8415,29.8508],[116.8172,29.8371],[116.7826,29.7942],[116.7573,29.8081],[116.6831,29.743],[116.6622,29.703],[116.6839,29.6761],[116.6454,29.646],[116.6859,29.6047],[116.7114,29.5933],[116.7554,29.6053],[116.7822,29.5948],[116.7944,29.5651],[116.8303,29.5716],[116.8755,29.6197],[116.9715,29.6647],[116.9909,29.6859],[117.0305,29.6828],[117.1151,29.7277],[117.1069,29.7539],[117.1337,29.7859],[117.0666,29.8308],[117.1234,29.8645],[117.1248,29.906],[117.157,29.9236],[117.1955,29.9272],[117.2464,29.9159],[117.2612,29.8851],[117.2381,29.8509],[117.2511,29.8357],[117.3118,29.8398],[117.3509,29.816],[117.3816,29.8438],[117.4231,29.8478],[117.4031,29.8029],[117.4545,29.7346],[117.4454,29.6943],[117.4676,29.6692],[117.5225,29.6617],[117.5291,29.6011],[117.6075,29.5931],[117.643,29.6171],[117.6777,29.5943],[117.6856,29.5565],[117.725,29.5495],[117.7822,29.5616],[117.8068,29.5787],[117.8765,29.5461],[117.9541,29.5715],[118.0135,29.5771],[118.0518,29.5415],[118.0964,29.5398],[118.1383,29.493],[118.1239,29.4819],[118.1343,29.4191],[118.1876,29.3971],[118.2145,29.4245],[118.2449,29.4339],[118.3098,29.4257],[118.2994,29.4924],[118.3399,29.4787],[118.3835,29.5105],[118.49,29.5215],[118.4944,29.5788],[118.5312,29.5937],[118.5694,29.6413],[118.6158,29.6569],[118.6376,29.6436],[118.6961,29.7093],[118.7389,29.7404],[118.7328,29.8153],[118.7478,29.8469],[118.7803,29.8466],[118.8391,29.8963],[118.8358,29.9341],[118.8886,29.9451],[118.8791,30.1016],[118.8435,30.1658],[118.8946,30.1824],[118.9174,30.2162],[118.8792,30.2399],[118.8902,30.2604],[118.8729,30.2857],[118.8756,30.3172],[118.9154,30.3417],[118.984,30.3486],[119.0581,30.3051],[119.0856,30.3256],[119.1283,30.3055],[119.2233,30.2908],[119.259,30.3393],[119.3622,30.3883],[119.3457,30.4403],[119.3294,30.4501],[119.3323,30.5067],[119.3223,30.5355],[119.2806,30.5133],[119.2324,30.5487],[119.2614,30.583],[119.2341,30.6085],[119.3073,30.623],[119.3381,30.6664],[119.3761,30.6818],[119.4141,30.6444],[119.4848,30.7213],[119.4776,30.7775],[119.522,30.7784],[119.5505,30.8283],[119.5565,30.8624],[119.5482,30.9028],[119.576,30.9356],[119.5924,30.9876],[119.6258,31.0097],[119.6207,31.0829],[119.6404,31.1094],[119.6178,31.1306],[119.5659,31.1307],[119.5283,31.1605],[119.4462,31.175],[119.3917,31.177],[119.3603,31.1961],[119.3561,31.2384],[119.3752,31.2715],[119.3605,31.2869],[119.2339,31.2562],[119.1948,31.2976],[119.1455,31.2937],[119.1429,31.2762],[119.0725,31.2344],[118.9984,31.2361],[118.9135,31.2463],[118.7902,31.2314],[118.7581,31.2782],[118.7219,31.2843],[118.7147,31.3245],[118.7489,31.3871],[118.7637,31.366],[118.8053,31.3733],[118.8448,31.3943],[118.8766,31.4501],[118.8825,31.5313],[118.8654,31.5556],[118.8725,31.5925],[118.8542,31.6258],[118.7987,31.6209],[118.7694,31.6847],[118.7459,31.6797],[118.7316,31.6361],[118.6792,31.6386],[118.6391,31.6519],[118.6859,31.7095],[118.6728,31.731],[118.5968,31.7597],[118.5522,31.7318],[118.4757,31.7867],[118.4994,31.843],[118.4614,31.86],[118.473,31.8854],[118.4049,31.8965],[118.3789,31.9112],[118.3602,31.9516],[118.3904,31.9957],[118.3775,32.0351],[118.3894,32.0778],[118.4583,32.1026],[118.5002,32.1456],[118.4906,32.1783],[118.5474,32.2018],[118.6386,32.212],[118.6707,32.2573],[118.6552,32.3076],[118.6987,32.3316],[118.6749,32.3914],[118.6873,32.4667],[118.6487,32.4783],[118.6223,32.4704],[118.587,32.4859],[118.6042,32.5395],[118.558,32.5671],[118.5929,32.604],[118.6297,32.582],[118.6471,32.5954],[118.6958,32.5915],[118.7473,32.6063],[118.7821,32.5849],[118.8492,32.5765],[118.9425,32.5481],[118.9709,32.5067],[119.0357,32.5167],[119.0785,32.4523],[119.1491,32.5116],[119.1472,32.5586],[119.1634,32.5773],[119.2093,32.5913],[119.2037,32.616],[119.2051,32.7287],[119.1797,32.8292],[119.107,32.8206],[119.0542,32.8666],[119.0155,32.9583],[118.9873,32.9601],[118.9311,32.9392],[118.8436,32.9601],[118.8422,32.9244],[118.8121,32.9227],[118.8087,32.862],[118.7749,32.8509],[118.7338,32.8539],[118.7398,32.8039],[118.7301,32.7742],[118.7523,32.7413],[118.7,32.7232],[118.6332,32.7482],[118.6023,32.7298],[118.5555,32.7327],[118.3648,32.7208],[118.3559,32.7741],[118.2985,32.7824],[118.3003,32.8179],[118.2815,32.8594],[118.2401,32.8552],[118.2284,32.9203],[118.2497,32.9408],[118.286,32.9487],[118.295,32.971],[118.2512,32.9798],[118.2155,33.1162],[118.2166,33.1818],[118.1726,33.2195],[118.1446,33.1706],[118.0672,33.1427],[117.9847,33.18],[117.9803,33.2217],[117.9421,33.2253],[117.9414,33.2684],[117.9641,33.2791],[117.9907,33.3487],[118.0193,33.3722],[118.0111,33.4043],[118.0222,33.4573],[118.052,33.493],[118.1023,33.4764],[118.1115,33.5929],[118.1065,33.6183],[118.1625,33.6651],[118.1632,33.716],[118.1436,33.7478],[118.1012,33.7662],[118.0599,33.7671],[118.0131,33.7476],[117.9676,33.7508],[117.9478,33.7322],[117.8963,33.7219],[117.8428,33.7375],[117.7856,33.7345],[117.7471,33.7131],[117.7261,33.7362],[117.7458,33.7968],[117.7518,33.8888],[117.7028,33.8833],[117.6546,33.973],[117.6574,34.0029],[117.6217,34.0203],[117.607,33.9994],[117.5607,33.9971],[117.5377,34.009],[117.541,34.0465],[117.5034,34.0624],[117.4494,34.0282],[117.4152,34.0221],[117.3611,34.0841],[117.3138,34.085],[117.2293,34.0645],[117.1435,34.0799],[117.1519,34.0998],[117.091,34.1443],[117.0201,34.1684],[117.0461,34.2229],[117.012,34.2607],[116.9774,34.2777],[116.9664,34.3308],[116.9748,34.3598],[116.9653,34.3928],[116.8722,34.4113],[116.8212,34.3985],[116.7766,34.432],[116.7543,34.4641],[116.6579,34.474],[116.6141,34.4878],[116.5502,34.5416],[116.5144,34.5441],[116.4891,34.5663],[116.4758,34.6115],[116.4327,34.6265],[116.4249,34.6524],[116.3698,34.6371]]]},"properties":{"region_code":"CN-34","parent_region_code":"CN","name":"安徽省","level":"province","has_children":true,"full_path":"中国 / 安徽省","source_admin_code":"34","osm_relation_id":913011}},
{"type":"Feature","geometry":{"type":"Polygon","coordinates":[[[121.1406,27.045],[121.2146,27.1735],[120.7109,27.1667],[120.5553,27.1367],[120.4834,27.1299],[120.4389,27.1646],[120.4076,27.195],[120.4101,27.2342],[120.3954,27.254],[120.3918,27.3104],[120.356,27.34],[120.3397,27.3709],[120.3416,27.3992],[120.2865,27.3996],[120.2134,27.4214],[120.1307,27.4256],[120.1337,27.4026],[120.0918,27.3953],[120.0883,27.3781],[120.0364,27.3409],[119.9899,27.3831],[119.9515,27.367],[119.934,27.333],[119.8382,27.3031],[119.7666,27.3157],[119.7773,27.3339],[119.7352,27.3665],[119.7346,27.3905],[119.7046,27.409],[119.7041,27.5177],[119.6555,27.5432],[119.6688,27.5788],[119.6277,27.585],[119.6202,27.6187],[119.64,27.664],[119.6031,27.6775],[119.5817,27.6667],[119.5211,27.6637],[119.4966,27.6528],[119.4819,27.5952],[119.4875,27.5706],[119.463,27.5267],[119.4433,27.5135],[119.4102,27.5389],[119.3609,27.5318],[119.3429,27.4966],[119.3119,27.4705],[119.2743,27.4557],[119.2632,27.4249],[119.152,27.4287],[119.1168,27.4392],[119.1265,27.4676],[119.0857,27.4679],[119.0074,27.499],[118.9849,27.4815],[118.9056,27.4636],[118.8832,27.4878],[118.8648,27.5439],[118.8918,27.5596],[118.9099,27.6214],[118.8705,27.682],[118.8677,27.737],[118.825,27.8482],[118.8163,27.9091],[118.7952,27.9345],[118.757,27.9461],[118.7243,27.9734],[118.7296,28.0313],[118.7118,28.0675],[118.7687,28.1165],[118.7981,28.1203],[118.806,28.1519],[118.7704,28.195],[118.7985,28.2108],[118.7958,28.2455],[118.7599,28.2411],[118.7303,28.2662],[118.7169,28.3173],[118.6974,28.3147],[118.6716,28.2733],[118.6487,28.2806],[118.6144,28.2599],[118.5827,28.287],[118.5264,28.2749],[118.4979,28.2511],[118.4438,28.2542],[118.4286,28.2917],[118.3484,28.2552],[118.3148,28.2176],[118.3345,28.1976],[118.3705,28.1897],[118.3561,28.1593],[118.3471,28.0897],[118.2697,28.0859],[118.1949,28.0533],[118.149,28.0652],[118.1156,28.0451],[118.1242,28.0202],[118.0888,28.0046],[118.0921,27.971],[118.029,27.9915],[117.967,27.9672],[117.9366,27.9786],[117.9058,27.9536],[117.8541,27.9496],[117.7837,27.9004],[117.7703,27.8396],[117.7367,27.8042],[117.7004,27.8364],[117.6775,27.827],[117.6452,27.8562],[117.5979,27.8727],[117.5529,27.9684],[117.5063,27.9779],[117.4719,27.9335],[117.4482,27.9432],[117.4073,27.8981],[117.3618,27.887],[117.3299,27.8914],[117.2786,27.8737],[117.2971,27.8395],[117.3005,27.7786],[117.2388,27.7212],[117.201,27.719],[117.1997,27.688],[117.1675,27.6813],[117.1163,27.6974],[117.0912,27.6702],[117.0356,27.6735],[116.9983,27.6291],[117.0193,27.5956],[117.0116,27.5666],[117.05,27.5459],[117.0779,27.5691],[117.0983,27.5368],[117.1052,27.4621],[117.1209,27.4543],[117.1225,27.4099],[117.1026,27.3969],[117.0954,27.3424],[117.1647,27.2958],[117.145,27.2448],[117.0386,27.1432],[117.0478,27.1035],[117.0091,27.0907],[116.959,27.0581],[116.9338,27.0173],[116.8934,27.0404],[116.8575,27.0121],[116.808,27.0122],[116.7004,26.994],[116.6161,26.9269],[116.5758,26.8683],[116.5553,26.8583],[116.5378,26.8157],[116.5573,26.7609],[116.5047,26.7156],[116.5124,26.6897],[116.5614,26.6397],[116.558,26.6064],[116.5364,26.5594],[116.5752,26.538],[116.6223,26.4471],[116.6024,26.4311],[116.5932,26.3748],[116.5665,26.3745],[116.549,26.4038],[116.5147,26.4137],[116.4849,26.3627],[116.4545,26.3484],[116.3864,26.2576],[116.3958,26.1971],[116.4111,26.162],[116.4655,26.1788],[116.4842,26.1178],[116.4185,26.072],[116.3563,26.0035],[116.3653,25.9678],[116.3215,25.9596],[116.2976,25.9256],[116.2536,25.906],[116.2188,25.9116],[116.1728,25.8973],[116.1258,25.8616],[116.1268,25.8271],[116.1714,25.7881],[116.1607,25.7693],[116.1247,25.762],[116.102,25.7039],[116.0553,25.6977],[116.0526,25.6409],[116.0361,25.6097],[116.0579,25.566],[116.0334,25.5498],[116.0294,25.5153],[116.0016,25.4818],[116.019,25.4389],[115.9881,25.3817],[116.0039,25.3238],[115.9838,25.2916],[115.9427,25.2916],[115.9226,25.2375],[115.8516,25.2115],[115.854,25.1527],[115.8817,25.1285],[115.8788,25.092],[115.9021,25.0897],[115.9247,25.0518],[115.8785,25.0341],[115.8913,24.9956],[115.8645,24.9616],[115.888,24.9401],[115.9039,24.9263],[116.0105,24.9085],[116.0474,24.8642],[116.0664,24.8563],[116.1484,24.8494],[116.1887,24.8743],[116.2265,24.8292],[116.2275,24.804],[116.2867,24.8031],[116.3393,24.8303],[116.345,24.8594],[116.3744,24.8802],[116.413,24.8437],[116.3725,24.8238],[116.4143,24.77],[116.4124,24.7457],[116.4408,24.7188],[116.4823,24.7214],[116.5129,24.6552],[116.5022,24.6241],[116.5256,24.6079],[116.566,24.6248],[116.5967,24.6573],[116.6197,24.6444],[116.6626,24.6616],[116.7966,24.6812],[116.8107,24.6575],[116.7565,24.5858],[116.7537,24.5495],[116.7922,24.5049],[116.8277,24.4991],[116.8562,24.4652],[116.8344,24.4455],[116.8994,24.3729],[116.9097,24.2907],[116.9336,24.2837],[116.9295,24.2221],[116.9516,24.2199],[116.993,24.1881],[116.9857,24.1711],[116.9312,24.1311],[116.9252,24.0683],[116.9479,24.0576],[116.9573,24.0148],[116.9724,24.0072],[116.978,23.9621],[116.9543,23.9034],[116.9803,23.8658],[117.0074,23.8584],[117.0482,23.7416],[117.0483,23.7009],[117.0859,23.6665],[117.1425,23.6562],[117.1902,23.6176],[117.1904,23.5612],[117.532,23.1648],[117.8218,23.3731],[117.8584,23.4064],[118.3886,24.0149],[118.7429,24.2478],[119.0884,24.4745],[119.362,24.6537],[119.6056,24.8131],[119.6401,24.8408],[119.899,25.0959],[120.1001,25.2937],[120.1292,25.3294],[120.2923,25.5831],[120.5338,25.958],[120.61,26.0795],[120.7087,26.2922],[121.0014,26.8029],[121.1406,27.045]],[[118.2394,24.2078],[118.2642,24.2067],[118.2917,24.1789],[118.2942,24.1308],[118.2525,24.1153],[118.2133,24.1206],[118.1889,24.1422],[118.1889,24.1731],[118.2069,24.205],[118.2394,24.2078]],[[120.1539,26.32],[120.1539,26.3517],[120.2136,26.4042],[120.2667,26.3972],[120.2897,26.3614],[120.2897,26.3253],[120.2467,26.285],[120.1778,26.2842],[120.1539,26.32]],[[118.2594,24.4954],[118.3308,24.5089],[118.4053,24.5428],[118.5228,24.4953],[118.5461,24.4269],[118.5094,24.3636],[118.4644,24.3222],[118.3867,24.3414],[118.3197,24.2942],[118.225,24.3122],[118.1317,24.3822],[118.1469,24.41],[118.1974,24.4375],[118.2317,24.4781],[118.2594,24.4954]],[[119.4617,25.0553],[119.5114,25.0403],[119.5378,24.9764],[119.5097,24.9331],[119.4517,24.9264],[119.3911,24.9714],[119.3858,25.0317],[119.4617,25.0553]],[[120.5762,26.3813],[120.5683,26.325],[120.4617,26.2872],[120.4161,26.3519],[120.4131,26.3906],[120.4467,26.4333],[120.4908,26.4372],[120.5364,26.4253],[120.5762,26.3813]],[[119.8764,26.0136],[119.9389,26.0378],[120.0369,26.0053],[120.0503,25.9667],[120.0331,25.9317],[120.0042,25.9025],[119.9622,25.8864],[119.9214,25.9006],[119.8778,25.9428],[119.8592,25.9767],[119.8764,26.0136]],[[119.8667,26.1078],[119.8489,26.1447],[119.8753,26.215],[119.9264,26.2608],[119.9475,26.3067],[119.9828,26.3247],[120.0303,26.3256],[120.0756,26.2553],[120.0769,26.2122],[120.0575,26.1728],[120.0219,26.1278],[119.9275,26.0836],[119.8667,26.1078]]]},"properties":{"region_code":"CN-35","parent_region_code":"CN","name":"福建省","level":"province","has_children":true,"full_path":"中国 / 福建省","source_admin_code":"35","osm_relation_id":553303}},
{"type":"Feature","geometry":{"type":"Polygon","coordinates":[[[118.1876,29.3971],[118.1343,29.4191],[118.1239,29.4819],[118.1383,29.493],[118.0964,29.5398],[118.0518,29.5415],[118.0135,29.5771],[117.9541,29.5715],[117.8765,29.5461],[117.8068,29.5787],[117.7822,29.5616],[117.725,29.5495],[117.6856,29.5565],[117.6777,29.5943],[117.643,29.6171],[117.6075,29.5931],[117.5291,29.6011],[117.5225,29.6617],[117.4676,29.6692],[117.4454,29.6943],[117.4545,29.7346],[117.4031,29.8029],[117.4231,29.8478],[117.3816,29.8438],[117.3509,29.816],[117.3118,29.8398],[117.2511,29.8357],[117.2381,29.8509],[117.2612,29.8851],[117.2464,29.9159],[117.1955,29.9272],[117.157,29.9236],[117.1248,29.906],[117.1234,29.8645],[117.0666,29.8308],[117.1337,29.7859],[117.1069,29.7539],[117.1151,29.7277],[117.0305,29.6828],[116.9909,29.6859],[116.9715,29.6647],[116.8755,29.6197],[116.8303,29.5716],[116.7944,29.5651],[116.7822,29.5948],[116.7554,29.6053],[116.7114,29.5933],[116.6859,29.6047],[116.6454,29.646],[116.6839,29.6761],[116.6622,29.703],[116.6831,29.743],[116.7573,29.8081],[116.7826,29.7942],[116.8172,29.8371],[116.8415,29.8508],[116.8913,29.9137],[116.8914,29.9713],[116.864,29.9841],[116.8304,29.9733],[116.7968,29.9989],[116.7695,30.0438],[116.6567,30.08],[116.6064,30.0735],[116.5808,30.0479],[116.5472,29.9126],[116.5208,29.9003],[116.4624,29.8987],[116.3301,29.8333],[116.2586,29.784],[116.2181,29.8261],[116.158,29.8319],[116.1312,29.8256],[116.0773,29.7955],[116.0533,29.7689],[115.9608,29.7274],[115.9049,29.727],[115.8325,29.751],[115.7567,29.7963],[115.7013,29.8408],[115.6633,29.8531],[115.6038,29.8418],[115.5052,29.8418],[115.4793,29.82],[115.4608,29.7354],[115.4186,29.711],[115.4135,29.6893],[115.3537,29.6494],[115.3316,29.6527],[115.283,29.6225],[115.2264,29.654],[115.1035,29.6614],[115.1518,29.6051],[115.146,29.5378],[115.1534,29.5086],[115.0814,29.5258],[115.0825,29.5627],[115.0281,29.5493],[114.9763,29.5671],[114.9432,29.5467],[114.968,29.5229],[114.9341,29.4969],[114.8888,29.5148],[114.8716,29.4705],[114.878,29.4425],[114.9352,29.4645],[114.8949,29.4058],[114.8642,29.4076],[114.8014,29.3793],[114.7841,29.3864],[114.7352,29.3686],[114.708,29.3975],[114.6398,29.3835],[114.5369,29.3338],[114.4591,29.3253],[114.4352,29.3441],[114.3444,29.3238],[114.3053,29.3681],[114.2536,29.3463],[114.2572,29.3231],[114.247,29.2368],[114.2251,29.2397],[114.1716,29.2157],[114.1013,29.2162],[114.0664,29.2081],[114.0152,29.1461],[113.9474,29.1004],[113.9374,29.0502],[113.9614,28.9474],[114.0185,28.9108],[114.0573,28.9029],[114.0508,28.8735],[114.0748,28.8362],[114.1193,28.8462],[114.1484,28.8323],[114.1319,28.7827],[114.1517,28.7645],[114.1167,28.6263],[114.1266,28.6103],[114.081,28.5593],[114.1326,28.5368],[114.1492,28.5107],[114.1903,28.5018],[114.214,28.4738],[114.1733,28.4365],[114.2093,28.4064],[114.2472,28.3991],[114.2549,28.359],[114.2489,28.3242],[114.1653,28.2568],[114.1396,28.251],[114.1011,28.2048],[114.0998,28.1847],[114.0631,28.1748],[114.0069,28.1784],[113.9873,28.1648],[114.0119,28.106],[114.0414,28.0615],[114.0221,28.045],[113.9581,28.0431],[113.8933,27.9908],[113.8545,28.0051],[113.8456,27.9776],[113.796,27.9768],[113.7651,27.9557],[113.7334,27.9124],[113.7227,27.8793],[113.7515,27.862],[113.7603,27.8041],[113.6937,27.7415],[113.6415,27.6603],[113.6016,27.6391],[113.6034,27.592],[113.5749,27.5506],[113.5788,27.5301],[113.6219,27.5031],[113.5937,27.4733],[113.5961,27.4236],[113.6173,27.4042],[113.5934,27.381],[113.6149,27.3513],[113.6399,27.3554],[113.6705,27.3295],[113.7437,27.3603],[113.8108,27.3652],[113.839,27.378],[113.8691,27.3689],[113.8441,27.311],[113.8627,27.2851],[113.8475,27.2412],[113.825,27.2162],[113.8067,27.1681],[113.7702,27.1308],[113.7696,27.0951],[113.8006,27.0982],[113.8157,27.048],[113.8548,27.0209],[113.8874,26.9675],[113.9212,26.951],[113.8962,26.9297],[113.8697,26.8609],[113.8305,26.81],[113.8483,26.773],[113.8552,26.6675],[113.9073,26.6177],[113.991,26.6193],[114.0143,26.5909],[114.1023,26.5789],[114.0673,26.4833],[114.0852,26.4591],[114.0796,26.4092],[114.0567,26.4092],[114.0336,26.3664],[114.0363,26.3129],[114.0187,26.2741],[113.9731,26.2412],[113.9649,26.2055],[113.9439,26.1961],[113.9554,26.1536],[114.0074,26.1868],[114.081,26.1702],[114.0962,26.1901],[114.1761,26.2179],[114.2116,26.2068],[114.2319,26.1564],[114.1831,26.1244],[114.1649,26.1264],[114.1026,26.1036],[114.1019,26.073],[114.0645,26.0817],[114.0313,26.066],[114.0137,25.9709],[114.0259,25.9411],[114.0219,25.8972],[113.9646,25.8346],[113.953,25.7765],[113.9157,25.7441],[113.9156,25.6986],[113.9525,25.615],[113.9772,25.6057],[113.979,25.5413],[113.9579,25.5345],[113.9536,25.4861],[113.939,25.4446],[113.9564,25.4569],[114.0012,25.4395],[113.977,25.4167],[114.0171,25.3876],[114.0463,25.3502],[114.0236,25.3375],[114.0215,25.2929],[114.0461,25.2766],[114.0785,25.2782],[114.1119,25.3063],[114.1871,25.3209],[114.1995,25.3034],[114.2588,25.2941],[114.3029,25.3093],[114.3107,25.3423],[114.3756,25.3185],[114.4202,25.3403],[114.4345,25.3811],[114.4765,25.3738],[114.5045,25.3877],[114.5257,25.4187],[114.5801,25.4012],[114.6328,25.327],[114.7079,25.317],[114.7413,25.2624],[114.732,25.2427],[114.6891,25.2165],[114.6855,25.1731],[114.7204,25.1652],[114.7346,25.1293],[114.6911,25.1064],[114.6594,25.1018],[114.6386,25.0746],[114.5984,25.0845],[114.5567,25.0819],[114.5287,25.0245],[114.5039,25.0043],[114.4769,25.0093],[114.4516,24.9803],[114.4196,24.9754],[114.3903,24.9533],[114.3863,24.9141],[114.3984,24.8812],[114.3581,24.8469],[114.3367,24.8141],[114.3319,24.7542],[114.2767,24.7267],[114.2666,24.7033],[114.1866,24.6973],[114.1789,24.6656],[114.2378,24.6482],[114.2847,24.6213],[114.2992,24.578],[114.3343,24.5867],[114.3708,24.5765],[114.3976,24.5067],[114.4374,24.5013],[114.4741,24.5312],[114.5338,24.5587],[114.586,24.5398],[114.6065,24.5688],[114.66,24.5866],[114.6814,24.5424],[114.705,24.5353],[114.7281,24.5655],[114.7278,24.6153],[114.842,24.6054],[114.8644,24.5654],[114.8973,24.611],[114.905,24.6646],[114.9505,24.6584],[114.9741,24.6762],[115.0199,24.6719],[115.0516,24.7064],[115.0909,24.6768],[115.1191,24.6698],[115.1794,24.7142],[115.2541,24.7317],[115.2736,24.757],[115.3017,24.7615],[115.3535,24.7379],[115.3675,24.7771],[115.4079,24.7955],[115.4459,24.769],[115.4738,24.7639],[115.503,24.7194],[115.5515,24.6857],[115.5661,24.6207],[115.6011,24.6275],[115.6418,24.6186],[115.681,24.5864],[115.6842,24.5475],[115.7405,24.5459],[115.7799,24.5694],[115.8176,24.5632],[115.8359,24.5864],[115.7908,24.6335],[115.7755,24.6662],[115.7978,24.6884],[115.7643,24.7103],[115.7519,24.7503],[115.7719,24.7771],[115.7685,24.8055],[115.7807,24.8492],[115.8025,24.8637],[115.8043,24.8955],[115.8451,24.9031],[115.8656,24.8707],[115.8889,24.8728],[115.8737,24.936],[115.888,24.9401],[115.8645,24.9616],[115.8913,24.9956],[115.8785,25.0341],[115.9247,25.0518],[115.9021,25.0897],[115.8788,25.092],[115.8817,25.1285],[115.854,25.1527],[115.8516,25.2115],[115.9226,25.2375],[115.9427,25.2916],[115.9838,25.2916],[116.0039,25.3238],[115.9881,25.3817],[116.019,25.4389],[116.0016,25.4818],[116.0294,25.5153],[116.0334,25.5498],[116.0579,25.566],[116.0361,25.6097],[116.0526,25.6409],[116.0553,25.6977],[116.102,25.7039],[116.1247,25.762],[116.1607,25.7693],[116.1714,25.7881],[116.1268,25.8271],[116.1258,25.8616],[116.1728,25.8973],[116.2188,25.9116],[116.2536,25.906],[116.2976,25.9256],[116.3215,25.9596],[116.3653,25.9678],[116.3563,26.0035],[116.4185,26.072],[116.4842,26.1178],[116.4655,26.1788],[116.4111,26.162],[116.3958,26.1971],[116.3864,26.2576],[116.4545,26.3484],[116.4849,26.3627],[116.5147,26.4137],[116.549,26.4038],[116.5665,26.3745],[116.5932,26.3748],[116.6024,26.4311],[116.6223,26.4471],[116.5752,26.538],[116.5364,26.5594],[116.558,26.6064],[116.5614,26.6397],[116.5124,26.6897],[116.5047,26.7156],[116.5573,26.7609],[116.5378,26.8157],[116.5553,26.8583],[116.5758,26.8683],[116.6161,26.9269],[116.7004,26.994],[116.808,27.0122],[116.8575,27.0121],[116.8934,27.0404],[116.9338,27.0173],[116.959,27.0581],[117.0091,27.0907],[117.0478,27.1035],[117.0386,27.1432],[117.145,27.2448],[117.1647,27.2958],[117.0954,27.3424],[117.1026,27.3969],[117.1225,27.4099],[117.1209,27.4543],[117.1052,27.4621],[117.0983,27.5368],[117.0779,27.5691],[117.05,27.5459],[117.0116,27.5666],[117.0193,27.5956],[116.9983,27.6291],[117.0356,27.6735],[117.0912,27.6702],[117.1163,27.6974],[117.1675,27.6813],[117.1997,27.688],[117.201,27.719],[117.2388,27.7212],[117.3005,27.7786],[117.2971,27.8395],[117.2786,27.8737],[117.3299,27.8914],[117.3618,27.887],[117.4073,27.8981],[117.4482,27.9432],[117.4719,27.9335],[117.5063,27.9779],[117.5529,27.9684],[117.5979,27.8727],[117.6452,27.8562],[117.6775,27.827],[117.7004,27.8364],[117.7367,27.8042],[117.7703,27.8396],[117.7837,27.9004],[117.8541,27.9496],[117.9058,27.9536],[117.9366,27.9786],[117.967,27.9672],[118.029,27.9915],[118.0921,27.971],[118.0888,28.0046],[118.1242,28.0202],[118.1156,28.0451],[118.149,28.0652],[118.1949,28.0533],[118.2697,28.0859],[118.3471,28.0897],[118.3561,28.1593],[118.3705,28.1897],[118.3345,28.1976],[118.3148,28.2176],[118.3484,28.2552],[118.4286,28.2917],[118.4614,28.3095],[118.4638,28.3605],[118.4349,28.4153],[118.4544,28.4334],[118.4483,28.4798],[118.422,28.5252],[118.4061,28.5761],[118.4281,28.6278],[118.4229,28.6844],[118.3969,28.7173],[118.3631,28.8142],[118.2957,28.829],[118.2665,28.9203],[118.2492,28.9263],[118.1272,29.0111],[118.0877,29.0059],[118.06,29.0567],[118.0704,29.0776],[118.0308,29.1015],[118.0385,29.1603],[118.0224,29.171],[118.0361,29.213],[118.0787,29.222],[118.0695,29.2933],[118.131,29.2866],[118.164,29.2952],[118.1775,29.3337],[118.2039,29.3502],[118.1876,29.3971]]]},"properties":{"region_code":"CN-36","parent_region_code":"CN","name":"江西省","level":"province","has_children":true,"full_path":"中国 / 江西省","source_admin_code":"36","osm_relation_id":913109}},
{"type":"Feature","geometry":{"type":"Polygon","coordinates":[[[115.4772,36.1482],[115.4765,36.1237],[115.4429,36.0472],[115.4413,36.0089],[115.406,36.0052],[115.3845,35.9775],[115.3521,35.9752],[115.3458,35.9415],[115.3601,35.8975],[115.3259,35.8087],[115.3636,35.773],[115.3988,35.7939],[115.4573,35.8638],[115.5086,35.8733],[115.567,35.9114],[115.6879,35.9313],[115.7696,35.9602],[115.7948,36.0085],[115.9843,36.0467],[116.0509,36.1056],[116.0943,36.1043],[116.0729,36.0397],[116.0573,36.0287],[116.0426,35.9698],[115.9852,35.9756],[115.9063,35.9603],[115.9021,35.9268],[115.8792,35.909],[115.8772,35.88],[115.8542,35.8579],[115.8111,35.8443],[115.7677,35.8544],[115.7293,35.833],[115.6986,35.7889],[115.6876,35.7539],[115.5865,35.7274],[115.5239,35.7322],[115.4785,35.7021],[115.4656,35.6666],[115.4331,35.6569],[115.4021,35.5949],[115.3521,35.5552],[115.321,35.4879],[115.2133,35.4072],[115.1625,35.4284],[115.0777,35.4081],[115.0691,35.3759],[115.0178,35.3727],[115.0117,35.332],[114.9265,35.2444],[114.9273,35.1986],[114.8532,35.1813],[114.8361,35.1556],[114.8614,35.1354],[114.882,35.0911],[114.8189,35.0634],[114.8321,35.0081],[114.8749,35.0044],[114.9226,34.9702],[114.9555,34.9963],[114.9957,34.991],[115.0162,34.9711],[115.0542,34.9956],[115.1236,34.9851],[115.1568,34.9588],[115.2047,34.9599],[115.2006,34.9113],[115.2289,34.8926],[115.2389,34.8444],[115.3138,34.8619],[115.35,34.8369],[115.3956,34.8328],[115.4321,34.7786],[115.4379,34.704],[115.4555,34.6381],[115.5287,34.5746],[115.6171,34.576],[115.6645,34.5582],[115.6911,34.5713],[115.6961,34.602],[115.7908,34.5792],[115.8326,34.5631],[115.9734,34.5832],[116.0114,34.6008],[116.1002,34.5979],[116.1358,34.5589],[116.1936,34.5715],[116.2434,34.553],[116.2745,34.6029],[116.3136,34.5985],[116.3304,34.6229],[116.3698,34.6371],[116.3617,34.6522],[116.389,34.6992],[116.3566,34.7387],[116.3975,34.7508],[116.3955,34.8112],[116.4097,34.8672],[116.4395,34.8961],[116.5535,34.9102],[116.635,34.9337],[116.7008,34.9351],[116.7758,34.9176],[116.7807,34.9757],[116.8938,34.9159],[116.9166,34.898],[116.9223,34.8433],[116.9621,34.839],[116.9772,34.805],[116.945,34.7951],[116.9715,34.7651],[117.0079,34.7689],[117.0714,34.6971],[117.1438,34.5627],[117.1322,34.5234],[117.1669,34.4349],[117.2046,34.4348],[117.2522,34.4553],[117.2695,34.5329],[117.3268,34.5607],[117.3375,34.5831],[117.3979,34.5697],[117.4021,34.5432],[117.4362,34.529],[117.4588,34.49],[117.5338,34.4686],[117.5834,34.4633],[117.6073,34.493],[117.6474,34.4982],[117.6948,34.5467],[117.7914,34.5226],[117.7859,34.5846],[117.8071,34.6453],[117.8608,34.6523],[117.8978,34.6455],[117.9466,34.6793],[118.0011,34.6508],[118.0226,34.6582],[118.0924,34.6537],[118.1101,34.6159],[118.0727,34.5712],[118.1303,34.5617],[118.1683,34.5409],[118.1626,34.5164],[118.1226,34.4864],[118.1766,34.4533],[118.1653,34.3876],[118.2111,34.3786],[118.2406,34.4068],[118.2707,34.405],[118.2841,34.4288],[118.3703,34.4151],[118.3935,34.429],[118.4307,34.5439],[118.4156,34.5972],[118.4266,34.62],[118.4706,34.6223],[118.455,34.6567],[118.4954,34.6637],[118.5239,34.7153],[118.5838,34.716],[118.5993,34.692],[118.7394,34.6987],[118.7379,34.7933],[118.7691,34.7979],[118.7776,34.8347],[118.802,34.8553],[118.8009,34.8851],[118.8529,34.939],[118.8661,34.9965],[118.8547,35.0247],[118.9207,35.0525],[119.1102,35.0506],[119.1269,35.097],[119.2403,35.1265],[119.2857,35.1117],[119.3099,35.0255],[120,35.1667],[120.4132,35.1662],[120.7277,35.4517],[121.0525,35.7454],[121.396,35.9587],[121.6328,36.1054],[122.0834,36.3837],[122.43,36.5979],[122.665,36.7331],[122.7445,36.7978],[122.7733,36.8368],[122.8127,36.9147],[122.9491,37.3464],[122.9568,37.4],[122.9504,37.445],[122.8529,37.584],[122.7778,37.6281],[122.6414,37.6469],[122.5807,37.636],[122.5055,37.651],[122.4536,37.651],[122.3885,37.639],[122.3168,37.701],[122.2718,37.7276],[122.1487,37.7544],[121.917,37.6719],[121.8348,37.6763],[121.7841,37.659],[121.7719,37.6798],[121.7172,37.6827],[121.3858,37.8327],[121.3381,37.834],[121.2769,37.879],[121.2167,37.902],[121.1631,37.911],[121.1697,37.9303],[121.0022,38.0059],[121.0419,38.4899],[120.7281,38.5584],[120.3999,38.0989],[120.3408,37.965],[120.2934,37.9439],[120.2778,37.8777],[120.1355,37.8789],[120.0744,37.8486],[119.9171,37.6901],[119.8876,37.6058],[119.6895,37.6061],[119.7002,37.5644],[119.534,37.5606],[119.5264,37.6069],[119.5151,37.9474],[119.3191,38.1497],[119.1587,38.2541],[118.9689,38.354],[118.559,38.3492],[118.4426,38.4291],[118.3678,38.4047],[118.1375,38.4738],[118.0433,38.3976],[117.9023,38.3192],[117.8478,38.2645],[117.7884,38.2614],[117.8079,38.2313],[117.7861,38.2043],[117.7658,38.1355],[117.738,38.1229],[117.6983,38.0756],[117.5976,38.0723],[117.5597,38.0635],[117.5548,38.0404],[117.5186,37.9902],[117.5058,37.9411],[117.4842,37.9249],[117.4326,37.8535],[117.3961,37.8408],[117.3757,37.8535],[117.311,37.8597],[117.2635,37.8384],[117.1792,37.849],[117.1457,37.8386],[117.0891,37.8484],[117.0182,37.8319],[116.9155,37.8446],[116.8451,37.835],[116.7962,37.837],[116.7431,37.7995],[116.7449,37.7601],[116.6692,37.7198],[116.6533,37.6804],[116.5947,37.6214],[116.5691,37.6092],[116.5368,37.5711],[116.4767,37.5209],[116.4574,37.5173],[116.432,37.4755],[116.3989,37.512],[116.3631,37.5256],[116.3738,37.5624],[116.3281,37.5754],[116.295,37.5604],[116.2745,37.5105],[116.2836,37.483],[116.2187,37.4792],[116.2668,37.3972],[116.2299,37.3609],[116.1884,37.3652],[116.1633,37.3835],[116.1029,37.3676],[116.0806,37.3729],[116.0182,37.3592],[115.9817,37.341],[115.9624,37.2875],[115.9647,37.2405],[115.9031,37.2022],[115.9071,37.18],[115.8739,37.1515],[115.8795,37.1189],[115.8504,37.0597],[115.8062,37.0147],[115.7704,36.992],[115.7916,36.9688],[115.7364,36.903],[115.6963,36.8691],[115.6833,36.8187],[115.5796,36.7815],[115.4711,36.7593],[115.4406,36.6942],[115.4034,36.6649],[115.3285,36.5821],[115.3247,36.5484],[115.2782,36.4843],[115.3111,36.4539],[115.2923,36.4126],[115.3397,36.3963],[115.3427,36.3642],[115.3635,36.344],[115.3494,36.3177],[115.4171,36.322],[115.4122,36.2924],[115.4494,36.2772],[115.4711,36.2463],[115.4772,36.1482]]]},"properties":{"region_code":"CN-37","parent_region_code":"CN","name":"山东省","level":"province","has_children":true,"full_path":"中国 / 山东省","source_admin_code":"37","osm_relation_id":913006}},
{"type":"Feature","geometry":{"type":"Polygon","coordinates":[[[113.7309,36.3563],[113.7351,36.3234],[113.6943,36.2523],[113.6916,36.1819],[113.6996,36.149],[113.6672,36.1255],[113.6795,36.0561],[113.6575,36.0379],[113.6967,35.991],[113.6313,35.9832],[113.6498,35.9458],[113.6288,35.8657],[113.6445,35.8493],[113.5836,35.817],[113.5979,35.7604],[113.5988,35.6852],[113.6171,35.676],[113.6189,35.6328],[113.5494,35.6266],[113.5368,35.5968],[113.4971,35.5731],[113.4794,35.5212],[113.3806,35.504],[113.3639,35.48],[113.3018,35.4607],[113.2762,35.4353],[113.2353,35.4537],[113.1856,35.4497],[113.1821,35.4173],[113.1145,35.3295],[113.0641,35.3533],[112.9901,35.3627],[112.9787,35.2893],[112.9297,35.285],[112.9155,35.2505],[112.8619,35.2457],[112.816,35.2596],[112.7795,35.2368],[112.761,35.2048],[112.692,35.2202],[112.649,35.2437],[112.6155,35.2211],[112.5486,35.2137],[112.3997,35.2415],[112.3608,35.2202],[112.2806,35.2208],[112.2093,35.2535],[112.0861,35.2809],[112.0642,35.2633],[112.0753,35.22],[112.0334,35.1951],[112.06,35.1532],[112.0564,35.0564],[112.0079,35.0715],[111.9678,35.0705],[111.9261,35.0842],[111.8043,35.064],[111.8034,35.0358],[111.7332,35.005],[111.6901,35.0004],[111.6591,34.9824],[111.6723,34.9481],[111.6406,34.9397],[111.6115,34.8971],[111.5861,34.883],[111.5772,34.8535],[111.5162,34.8484],[111.4955,34.8299],[111.4458,34.837],[111.3887,34.8158],[111.3331,34.8324],[111.2831,34.808],[111.2469,34.8205],[111.2323,34.7933],[111.1397,34.8148],[111.1171,34.7618],[111.0866,34.7475],[111.0322,34.7505],[110.9709,34.7043],[110.916,34.7309],[110.8955,34.662],[110.8115,34.6194],[110.7913,34.6485],[110.7518,34.6548],[110.703,34.6063],[110.6591,34.5982],[110.6028,34.6101],[110.5349,34.5841],[110.4953,34.608],[110.4605,34.607],[110.4201,34.5877],[110.3746,34.6044],[110.3607,34.5683],[110.3961,34.5562],[110.3551,34.518],[110.3868,34.4683],[110.4065,34.4205],[110.4688,34.3937],[110.4817,34.3571],[110.4682,34.3224],[110.4228,34.2764],[110.433,34.2454],[110.5456,34.214],[110.6374,34.1616],[110.6073,34.1129],[110.5827,34.0995],[110.5815,34.0261],[110.6266,34.0276],[110.6435,33.9723],[110.6396,33.9368],[110.5831,33.9014],[110.6029,33.8597],[110.655,33.857],[110.6996,33.8386],[110.7286,33.804],[110.7721,33.8018],[110.8273,33.7154],[110.8328,33.6686],[110.8736,33.6368],[110.9634,33.6093],[110.9988,33.5791],[110.998,33.5349],[111.0222,33.4945],[111.0152,33.4524],[110.9911,33.4376],[111.0219,33.3697],[111.0242,33.3425],[110.9924,33.3031],[110.9884,33.2539],[111.0626,33.1783],[111.1223,33.157],[111.1732,33.1179],[111.187,33.0734],[111.2429,33.0282],[111.2678,32.9738],[111.237,32.9326],[111.2491,32.8865],[111.3257,32.8432],[111.3739,32.831],[111.4076,32.7593],[111.463,32.7406],[111.4721,32.6989],[111.5073,32.6758],[111.5243,32.6307],[111.5717,32.5957],[111.6126,32.6299],[111.7153,32.6065],[111.7417,32.579],[111.8237,32.5314],[111.8842,32.5055],[111.9507,32.5145],[111.9721,32.4732],[112.008,32.4524],[112.0419,32.4763],[112.0613,32.4427],[112.1022,32.4067],[112.1501,32.3784],[112.1999,32.3951],[112.3194,32.3237],[112.354,32.3677],[112.4081,32.3652],[112.4358,32.3472],[112.4542,32.3703],[112.5562,32.4019],[112.6352,32.37],[112.6674,32.3701],[112.7498,32.3451],[112.7703,32.3607],[112.8303,32.3749],[112.8647,32.4002],[112.9838,32.371],[112.984,32.4029],[113.0191,32.4274],[113.0594,32.4014],[113.1496,32.3849],[113.1659,32.424],[113.2054,32.4338],[113.2287,32.4091],[113.2894,32.372],[113.291,32.3563],[113.3412,32.3013],[113.3714,32.3018],[113.4156,32.2712],[113.4618,32.3001],[113.5735,32.3531],[113.6184,32.3638],[113.6399,32.4086],[113.6762,32.4225],[113.7176,32.419],[113.7346,32.3947],[113.748,32.3327],[113.7677,32.3082],[113.7426,32.2941],[113.7334,32.2597],[113.7467,32.2183],[113.7774,32.1918],[113.7444,32.1185],[113.7191,32.0887],[113.7864,32.0367],[113.7504,31.9912],[113.807,31.9681],[113.8001,31.9346],[113.8329,31.9102],[113.826,31.8756],[113.8542,31.8432],[113.8919,31.8517],[113.9116,31.8807],[113.9525,31.8588],[113.9474,31.7934],[113.9817,31.7514],[114.0124,31.7739],[114.083,31.7827],[114.1149,31.8093],[114.127,31.8452],[114.1761,31.8562],[114.2312,31.8296],[114.2872,31.7551],[114.3443,31.758],[114.4006,31.7499],[114.4333,31.7314],[114.4837,31.738],[114.5148,31.7705],[114.579,31.7665],[114.567,31.6618],[114.5491,31.6572],[114.5437,31.6131],[114.5555,31.5631],[114.5857,31.5636],[114.6116,31.5877],[114.6401,31.5831],[114.6907,31.528],[114.7683,31.5243],[114.7835,31.4825],[114.8275,31.4644],[114.8737,31.4706],[114.9571,31.4988],[114.9984,31.5],[115.0358,31.5184],[115.0917,31.5107],[115.1091,31.5343],[115.1113,31.5747],[115.1381,31.6073],[115.1714,31.602],[115.1866,31.5671],[115.2263,31.5507],[115.2069,31.4924],[115.2031,31.4478],[115.2462,31.3984],[115.3692,31.4066],[115.3835,31.4514],[115.3686,31.5008],[115.4129,31.5275],[115.4324,31.5884],[115.482,31.6121],[115.4721,31.6471],[115.4889,31.6749],[115.5247,31.7003],[115.5486,31.6974],[115.6579,31.7631],[115.766,31.7878],[115.8111,31.7643],[115.8431,31.7876],[115.8804,31.7774],[115.9102,31.8198],[115.8881,31.8394],[115.8928,31.8803],[115.9173,31.9203],[115.9044,31.9452],[115.9222,32.0098],[115.9175,32.0545],[115.9322,32.0625],[115.9214,32.1072],[115.9341,32.1483],[115.9075,32.2333],[115.8923,32.3487],[115.8939,32.3941],[115.8743,32.4346],[115.8707,32.5446],[115.8348,32.527],[115.7995,32.4887],[115.7378,32.4784],[115.6961,32.4976],[115.6754,32.4423],[115.6212,32.4074],[115.6008,32.4282],[115.5417,32.4267],[115.508,32.4561],[115.4802,32.5144],[115.4081,32.5506],[115.4061,32.5767],[115.2987,32.5559],[115.2856,32.5845],[115.2518,32.5968],[115.2085,32.5898],[115.1863,32.6049],[115.1892,32.6435],[115.2123,32.6564],[115.1749,32.6872],[115.1728,32.7344],[115.1849,32.8088],[115.198,32.8456],[115.1488,32.8664],[115.134,32.9009],[115.0394,32.9106],[115.0363,32.9375],[114.981,32.9476],[114.9407,32.9325],[114.9283,32.9575],[114.8786,32.9743],[114.8932,33.0169],[114.9238,33.0224],[114.9113,33.0822],[114.8918,33.0835],[114.9027,33.1384],[114.9278,33.1565],[114.9612,33.1492],[114.9856,33.1065],[115.0156,33.0902],[115.1261,33.0806],[115.1604,33.0889],[115.1667,33.1118],[115.2961,33.1438],[115.2855,33.1925],[115.3195,33.2117],[115.3344,33.2625],[115.3293,33.2996],[115.3526,33.311],[115.3378,33.3734],[115.312,33.443],[115.3344,33.4465],[115.34,33.5011],[115.3628,33.5195],[115.3958,33.5079],[115.4104,33.5568],[115.4452,33.5655],[115.5065,33.5584],[115.5571,33.578],[115.6304,33.5862],[115.619,33.6282],[115.5968,33.6592],[115.5973,33.7226],[115.5591,33.7781],[115.6082,33.7775],[115.6229,33.8762],[115.6006,33.869],[115.5406,33.8933],[115.5836,34.0139],[115.5987,34.0351],[115.6458,34.0353],[115.6493,34.0647],[115.7529,34.0618],[115.7866,34.0667],[115.845,34.0306],[115.9801,33.9927],[115.9988,33.9591],[115.9716,33.9285],[115.9793,33.9026],[116.0467,33.8659],[116.06,33.8483],[116.0494,33.8073],[116.0941,33.7837],[116.136,33.726],[116.1848,33.7109],[116.216,33.738],[116.2587,33.7293],[116.3326,33.7839],[116.3891,33.7854],[116.4267,33.7964],[116.4315,33.8451],[116.4797,33.8707],[116.4977,33.8655],[116.5571,33.9094],[116.6377,33.885],[116.6443,33.975],[116.6024,34.0014],[116.5986,34.0249],[116.5531,34.0986],[116.5342,34.0982],[116.5295,34.1454],[116.5573,34.1683],[116.5403,34.198],[116.5414,34.2437],[116.5772,34.2678],[116.5538,34.2903],[116.4971,34.2967],[116.4722,34.2718],[116.4005,34.2776],[116.3689,34.2706],[116.3602,34.3134],[116.3266,34.3261],[116.2507,34.3794],[116.2055,34.3799],[116.205,34.4016],[116.1634,34.4739],[116.2015,34.5179],[116.1871,34.5301],[116.1936,34.5715],[116.1358,34.5589],[116.1002,34.5979],[116.0114,34.6008],[115.9734,34.5832],[115.8326,34.5631],[115.7908,34.5792],[115.6961,34.602],[115.6911,34.5713],[115.6645,34.5582],[115.6171,34.576],[115.5287,34.5746],[115.4555,34.6381],[115.4379,34.704],[115.4321,34.7786],[115.3956,34.8328],[115.35,34.8369],[115.3138,34.8619],[115.2389,34.8444],[115.2289,34.8926],[115.2006,34.9113],[115.2047,34.9599],[115.1568,34.9588],[115.1236,34.9851],[115.0542,34.9956],[115.0162,34.9711],[114.9957,34.991],[114.9555,34.9963],[114.9226,34.9702],[114.8749,35.0044],[114.8321,35.0081],[114.8189,35.0634],[114.882,35.0911],[114.8614,35.1354],[114.8361,35.1556],[114.8532,35.1813],[114.9273,35.1986],[114.9265,35.2444],[115.0117,35.332],[115.0178,35.3727],[115.0691,35.3759],[115.0777,35.4081],[115.1625,35.4284],[115.2133,35.4072],[115.321,35.4879],[115.3521,35.5552],[115.4021,35.5949],[115.4331,35.6569],[115.4656,35.6666],[115.4785,35.7021],[115.5239,35.7322],[115.5865,35.7274],[115.6876,35.7539],[115.6986,35.7889],[115.7293,35.833],[115.7677,35.8544],[115.8111,35.8443],[115.8542,35.8579],[115.8772,35.88],[115.8792,35.909],[115.9021,35.9268],[115.9063,35.9603],[115.9852,35.9756],[116.0426,35.9698],[116.0573,36.0287],[116.0729,36.0397],[116.0943,36.1043],[116.0509,36.1056],[115.9843,36.0467],[115.7948,36.0085],[115.7696,35.9602],[115.6879,35.9313],[115.567,35.9114],[115.5086,35.8733],[115.4573,35.8638],[115.3988,35.7939],[115.3636,35.773],[115.3259,35.8087],[115.3601,35.8975],[115.3458,35.9415],[115.3521,35.9752],[115.3845,35.9775],[115.406,36.0052],[115.4413,36.0089],[115.4429,36.0472],[115.4765,36.1237],[115.4772,36.1482],[115.4118,36.1359],[115.3943,36.1436],[115.3599,36.0981],[115.3064,36.0872],[115.2978,36.1302],[115.2582,36.1532],[115.2449,36.1894],[115.1975,36.2041],[115.1659,36.1894],[115.1193,36.2103],[115.0652,36.1792],[115.0395,36.1532],[115.0426,36.1133],[114.9818,36.0643],[114.9607,36.0704],[114.9091,36.0522],[114.9209,36.0904],[114.9012,36.1173],[114.9069,36.1406],[114.853,36.1445],[114.8195,36.1238],[114.7132,36.1392],[114.6493,36.1396],[114.6243,36.1239],[114.4542,36.201],[114.4111,36.2055],[114.3499,36.2303],[114.3391,36.2556],[114.2939,36.2452],[114.2561,36.2617],[114.1964,36.2436],[114.1705,36.2634],[114.0546,36.2759],[114.0365,36.2968],[114.0515,36.3282],[113.9973,36.3344],[113.957,36.3545],[113.9048,36.3152],[113.8767,36.3542],[113.8125,36.3311],[113.7923,36.3463],[113.7309,36.3563]]]},"properties":{"region_code":"CN-41","parent_region_code":"CN","name":"河南省","level":"province","has_children":true,"full_path":"中国 / 河南省","source_admin_code":"41","osm_relation_id":407492}},
{"type":"Feature","geometry":{"type":"Polygon","coordinates":[[[115.3692,31.4066],[115.2462,31.3984],[115.2031,31.4478],[115.2069,31.4924],[115.2263,31.5507],[115.1866,31.5671],[115.1714,31.602],[115.1381,31.6073],[115.1113,31.5747],[115.1091,31.5343],[115.0917,31.5107],[115.0358,31.5184],[114.9984,31.5],[114.9571,31.4988],[114.8737,31.4706],[114.8275,31.4644],[114.7835,31.4825],[114.7683,31.5243],[114.6907,31.528],[114.6401,31.5831],[114.6116,31.5877],[114.5857,31.5636],[114.5555,31.5631],[114.5437,31.6131],[114.5491,31.6572],[114.567,31.6618],[114.579,31.7665],[114.5148,31.7705],[114.4837,31.738],[114.4333,31.7314],[114.4006,31.7499],[114.3443,31.758],[114.2872,31.7551],[114.2312,31.8296],[114.1761,31.8562],[114.127,31.8452],[114.1149,31.8093],[114.083,31.7827],[114.0124,31.7739],[113.9817,31.7514],[113.9474,31.7934],[113.9525,31.8588],[113.9116,31.8807],[113.8919,31.8517],[113.8542,31.8432],[113.826,31.8756],[113.8329,31.9102],[113.8001,31.9346],[113.807,31.9681],[113.7504,31.9912],[113.7864,32.0367],[113.7191,32.0887],[113.7444,32.1185],[113.7774,32.1918],[113.7467,32.2183],[113.7334,32.2597],[113.7426,32.2941],[113.7677,32.3082],[113.748,32.3327],[113.7346,32.3947],[113.7176,32.419],[113.6762,32.4225],[113.6399,32.4086],[113.6184,32.3638],[113.5735,32.3531],[113.4618,32.3001],[113.4156,32.2712],[113.3714,32.3018],[113.3412,32.3013],[113.291,32.3563],[113.2894,32.372],[113.2287,32.4091],[113.2054,32.4338],[113.1659,32.424],[113.1496,32.3849],[113.0594,32.4014],[113.0191,32.4274],[112.984,32.4029],[112.9838,32.371],[112.8647,32.4002],[112.8303,32.3749],[112.7703,32.3607],[112.7498,32.3451],[112.6674,32.3701],[112.6352,32.37],[112.5562,32.4019],[112.4542,32.3703],[112.4358,32.3472],[112.4081,32.3652],[112.354,32.3677],[112.3194,32.3237],[112.1999,32.3951],[112.1501,32.3784],[112.1022,32.4067],[112.0613,32.4427],[112.0419,32.4763],[112.008,32.4524],[111.9721,32.4732],[111.9507,32.5145],[111.8842,32.5055],[111.8237,32.5314],[111.7417,32.579],[111.7153,32.6065],[111.6126,32.6299],[111.5717,32.5957],[111.5243,32.6307],[111.5073,32.6758],[111.4721,32.6989],[111.463,32.7406],[111.4076,32.7593],[111.3739,32.831],[111.3257,32.8432],[111.2491,32.8865],[111.237,32.9326],[111.2678,32.9738],[111.2429,33.0282],[111.187,33.0734],[111.1732,33.1179],[111.1223,33.157],[111.0626,33.1783],[110.9884,33.2539],[110.9347,33.2382],[110.9165,33.2046],[110.8669,33.2167],[110.8245,33.2057],[110.8047,33.1634],[110.7218,33.1361],[110.6966,33.0991],[110.6516,33.1495],[110.6219,33.1433],[110.5951,33.1626],[110.593,33.2094],[110.5619,33.2552],[110.5029,33.2284],[110.4943,33.202],[110.4171,33.1718],[110.3554,33.1827],[110.3286,33.1613],[110.2802,33.1727],[110.2127,33.1648],[110.1598,33.211],[110.0718,33.2038],[110.035,33.1927],[109.9937,33.214],[109.9621,33.2065],[109.9241,33.2274],[109.8471,33.2498],[109.8074,33.238],[109.7278,33.2328],[109.688,33.2562],[109.6443,33.2541],[109.6083,33.2716],[109.6032,33.2366],[109.5165,33.2438],[109.5041,33.2137],[109.476,33.2014],[109.465,33.1386],[109.5487,33.1315],[109.6032,33.1062],[109.6826,33.1182],[109.7438,33.089],[109.7897,33.0511],[109.7814,32.9694],[109.7594,32.9116],[109.7953,32.8793],[109.8412,32.8939],[109.8531,32.9137],[109.9037,32.9065],[109.9241,32.8885],[109.9869,32.8883],[110.077,32.8464],[110.1369,32.8042],[110.1544,32.7692],[110.1492,32.6921],[110.2013,32.6351],[110.1599,32.5959],[110.1283,32.6161],[110.0811,32.6158],[110.0862,32.5893],[110.031,32.5475],[109.9992,32.5464],[109.9662,32.5798],[109.8932,32.5951],[109.8547,32.5797],[109.747,32.5863],[109.7217,32.6105],[109.6902,32.5974],[109.6223,32.599],[109.6193,32.5355],[109.5734,32.5127],[109.5687,32.4865],[109.522,32.4357],[109.5214,32.4022],[109.4947,32.3764],[109.5074,32.3467],[109.4904,32.3026],[109.5238,32.2726],[109.5456,32.2272],[109.5876,32.2209],[109.5875,32.1442],[109.6214,32.1013],[109.5855,32.0491],[109.5871,32.0018],[109.6264,31.9636],[109.6209,31.9268],[109.5964,31.9246],[109.5792,31.895],[109.6063,31.884],[109.6125,31.8507],[109.6352,31.8278],[109.5844,31.7834],[109.5804,31.7285],[109.6168,31.7134],[109.6783,31.7214],[109.7231,31.6901],[109.732,31.6305],[109.7594,31.6053],[109.732,31.5481],[109.8329,31.5576],[109.891,31.5203],[109.9285,31.5213],[110.0504,31.4125],[110.112,31.4151],[110.1349,31.3932],[110.1527,31.3351],[110.1561,31.2541],[110.1697,31.2467],[110.1743,31.1827],[110.1944,31.1597],[110.1839,31.1314],[110.141,31.1189],[110.117,31.0965],[110.135,31.033],[110.1321,30.992],[110.1681,30.982],[110.1486,30.9563],[110.1465,30.9144],[110.1101,30.8475],[110.0771,30.8018],[110.0466,30.8019],[110.0144,30.8318],[110.0015,30.8845],[109.9517,30.8797],[109.8883,30.9023],[109.8143,30.8624],[109.7762,30.8512],[109.7127,30.8052],[109.7163,30.7853],[109.6526,30.7633],[109.6576,30.734],[109.6138,30.7015],[109.5846,30.6972],[109.5699,30.649],[109.5331,30.6395],[109.5232,30.6657],[109.4322,30.6001],[109.4193,30.5706],[109.351,30.4895],[109.3364,30.5298],[109.3562,30.5532],[109.3441,30.5748],[109.2781,30.6237],[109.1873,30.5479],[109.143,30.5233],[109.0908,30.5752],[109.0789,30.5994],[109.1086,30.6139],[109.1101,30.6466],[109.0513,30.6442],[108.9625,30.6269],[108.8891,30.5672],[108.8416,30.5095],[108.8056,30.4949],[108.7853,30.5173],[108.741,30.498],[108.6948,30.5478],[108.687,30.59],[108.6353,30.5793],[108.6454,30.5416],[108.5655,30.4751],[108.5512,30.4915],[108.5037,30.5072],[108.4095,30.4785],[108.4066,30.44],[108.4254,30.4187],[108.4024,30.3766],[108.4478,30.3561],[108.5302,30.2858],[108.5695,30.2414],[108.5478,30.1677],[108.5628,30.161],[108.5433,30.1115],[108.5115,30.0679],[108.5374,30.0021],[108.5136,29.9455],[108.5154,29.8779],[108.4604,29.8676],[108.4267,29.8848],[108.3674,29.846],[108.3639,29.8214],[108.4197,29.8183],[108.4372,29.7825],[108.4352,29.7433],[108.4865,29.7262],[108.5447,29.7481],[108.5209,29.7734],[108.5518,29.8212],[108.5986,29.8684],[108.6191,29.8702],[108.6641,29.8433],[108.6765,29.8042],[108.6764,29.7254],[108.7057,29.6824],[108.7795,29.6364],[108.845,29.6557],[108.883,29.6345],[108.8666,29.5989],[108.9076,29.5745],[108.8822,29.5557],[108.8845,29.5063],[108.8676,29.4918],[108.8693,29.4525],[108.9286,29.4341],[108.9297,29.4018],[108.9159,29.3292],[108.9797,29.3359],[108.996,29.3664],[109.0299,29.3627],[109.0338,29.3916],[109.0558,29.4051],[109.1073,29.363],[109.0987,29.2956],[109.1348,29.274],[109.105,29.2176],[109.132,29.1718],[109.157,29.1825],[109.2085,29.1475],[109.2286,29.1225],[109.2666,29.1241],[109.2554,29.1529],[109.2687,29.2033],[109.2534,29.2202],[109.2814,29.2452],[109.3207,29.2609],[109.3457,29.2871],[109.3348,29.3382],[109.3395,29.3762],[109.3811,29.3966],[109.3679,29.4268],[109.4127,29.4568],[109.4285,29.4921],[109.4282,29.5332],[109.4846,29.5558],[109.4985,29.6087],[109.5281,29.6242],[109.5539,29.6086],[109.5726,29.6324],[109.6069,29.637],[109.6569,29.6021],[109.7147,29.6165],[109.6966,29.639],[109.7094,29.6755],[109.76,29.6964],[109.7749,29.7619],[109.8054,29.7744],[109.8748,29.7808],[109.9011,29.7667],[109.9429,29.7762],[110.0192,29.7722],[110.1085,29.7921],[110.1558,29.7563],[110.1943,29.7556],[110.2409,29.7348],[110.2851,29.699],[110.295,29.665],[110.3364,29.6683],[110.3699,29.6376],[110.4444,29.67],[110.4577,29.715],[110.5192,29.6972],[110.6274,29.7606],[110.639,29.7775],[110.6143,29.8284],[110.594,29.8428],[110.545,29.8504],[110.5358,29.8923],[110.5011,29.921],[110.5099,29.9598],[110.5546,29.9899],[110.4869,30.0222],[110.4911,30.0429],[110.5266,30.0639],[110.6057,30.0598],[110.6461,30.0803],[110.7061,30.0359],[110.7515,30.0587],[110.7419,30.1151],[110.7974,30.117],[110.8431,30.1282],[110.865,30.1162],[110.919,30.1134],[110.9199,30.0707],[111.0259,30.0521],[111.2374,30.0434],[111.2589,30.0111],[111.2926,30.0068],[111.346,29.9538],[111.37,29.9562],[111.3856,29.917],[111.4313,29.9322],[111.4777,29.9207],[111.5206,29.9301],[111.5299,29.91],[111.5914,29.8918],[111.6401,29.8975],[111.6787,29.8889],[111.719,29.9189],[111.7564,29.9209],[111.8049,29.9039],[111.856,29.8593],[111.9085,29.8556],[111.9524,29.841],[111.9494,29.8102],[111.987,29.7828],[112.0709,29.7459],[112.0608,29.6831],[112.0868,29.6879],[112.1047,29.6645],[112.1724,29.6591],[112.1851,29.628],[112.2224,29.631],[112.2973,29.5892],[112.3143,29.543],[112.3623,29.5429],[112.421,29.6034],[112.4334,29.6358],[112.4956,29.6307],[112.5351,29.6035],[112.5675,29.6269],[112.6227,29.6196],[112.648,29.5957],[112.6775,29.5931],[112.7104,29.6456],[112.7564,29.6628],[112.7808,29.6865],[112.8104,29.7488],[112.8492,29.7805],[112.8836,29.7884],[112.9197,29.768],[112.9219,29.6945],[112.9549,29.6991],[112.9696,29.7352],[113.0067,29.7702],[113.0257,29.7649],[113.0003,29.6969],[112.9328,29.6461],[112.9068,29.6089],[112.9447,29.4755],[113.032,29.5269],[113.0521,29.5251],[113.0714,29.4486],[113.1593,29.4685],[113.2171,29.5461],[113.2663,29.5834],[113.354,29.6855],[113.4162,29.7476],[113.4519,29.763],[113.5258,29.829],[113.576,29.8382],[113.5451,29.7705],[113.5328,29.6977],[113.5541,29.6767],[113.6024,29.6692],[113.6573,29.6809],[113.6688,29.6518],[113.6991,29.635],[113.7331,29.5963],[113.7047,29.5568],[113.6252,29.5254],[113.6716,29.5164],[113.743,29.4606],[113.7262,29.3985],[113.672,29.3936],[113.6589,29.3819],[113.6563,29.336],[113.6313,29.3261],[113.6003,29.258],[113.6251,29.2539],[113.6436,29.2274],[113.6803,29.2379],[113.6877,29.2002],[113.6577,29.1699],[113.6796,29.1324],[113.6817,29.0797],[113.7266,29.0613],[113.7544,29.0692],[113.7669,29.0941],[113.814,29.107],[113.8279,29.0728],[113.8905,29.0322],[113.9374,29.0502],[113.9474,29.1004],[114.0152,29.1461],[114.0664,29.2081],[114.1013,29.2162],[114.1716,29.2157],[114.2251,29.2397],[114.247,29.2368],[114.2572,29.3231],[114.2536,29.3463],[114.3053,29.3681],[114.3444,29.3238],[114.4352,29.3441],[114.4591,29.3253],[114.5369,29.3338],[114.6398,29.3835],[114.708,29.3975],[114.7352,29.3686],[114.7841,29.3864],[114.8014,29.3793],[114.8642,29.4076],[114.8949,29.4058],[114.9352,29.4645],[114.878,29.4425],[114.8716,29.4705],[114.8888,29.5148],[114.9341,29.4969],[114.968,29.5229],[114.9432,29.5467],[114.9763,29.5671],[115.0281,29.5493],[115.0825,29.5627],[115.0814,29.5258],[115.1534,29.5086],[115.146,29.5378],[115.1518,29.6051],[115.1035,29.6614],[115.2264,29.654],[115.283,29.6225],[115.3316,29.6527],[115.3537,29.6494],[115.4135,29.6893],[115.4186,29.711],[115.4608,29.7354],[115.4793,29.82],[115.5052,29.8418],[115.6038,29.8418],[115.6633,29.8531],[115.7013,29.8408],[115.7567,29.7963],[115.8325,29.751],[115.9049,29.727],[115.9608,29.7274],[116.0533,29.7689],[116.0773,29.7955],[116.1312,29.8256],[116.1234,29.9],[116.069,29.9688],[116.0832,30.0824],[116.084,30.1286],[116.055,30.1569],[116.0614,30.2075],[116.0213,30.2442],[115.9813,30.2676],[115.9852,30.2896],[115.9466,30.3104],[115.8997,30.3113],[115.9014,30.3435],[115.879,30.3824],[115.9176,30.4201],[115.8893,30.4544],[115.9067,30.5099],[115.8819,30.5462],[115.8735,30.5845],[115.8017,30.6181],[115.7956,30.6462],[115.7559,30.6912],[115.7775,30.7552],[115.8474,30.7617],[115.8597,30.8186],[115.8414,30.8333],[115.8653,30.8718],[115.9261,30.8896],[115.9735,30.9365],[116.0344,30.9597],[116.0671,30.9621],[116.0523,31.0156],[116.026,31.0106],[116.0006,31.0357],[115.9355,31.0463],[115.9421,31.0649],[115.8854,31.1077],[115.8679,31.1507],[115.8412,31.1314],[115.7941,31.129],[115.7718,31.1055],[115.727,31.1784],[115.6406,31.2218],[115.5788,31.145],[115.5289,31.2057],[115.5377,31.2288],[115.5153,31.2658],[115.4514,31.2863],[115.4401,31.3419],[115.4021,31.3391],[115.3743,31.3565],[115.3869,31.3934],[115.3692,31.4066]]]},"properties":{"region_code":"CN-42","parent_region_code":"CN","name":"湖北省","level":"province","has_children":true,"full_path":"中国 / 湖北省","source_admin_code":"42","osm_relation_id":913106}},
{"type":"Feature","geometry":{"type":"Polygon","coordinates":[[[113.9374,29.0502],[113.8905,29.0322],[113.8279,29.0728],[113.814,29.107],[113.7669,29.0941],[113.7544,29.0692],[113.7266,29.0613],[113.6817,29.0797],[113.6796,29.1324],[113.6577,29.1699],[113.6877,29.2002],[113.6803,29.2379],[113.6436,29.2274],[113.6251,29.2539],[113.6003,29.258],[113.6313,29.3261],[113.6563,29.336],[113.6589,29.3819],[113.672,29.3936],[113.7262,29.3985],[113.743,29.4606],[113.6716,29.5164],[113.6252,29.5254],[113.7047,29.5568],[113.7331,29.5963],[113.6991,29.635],[113.6688,29.6518],[113.6573,29.6809],[113.6024,29.6692],[113.5541,29.6767],[113.5328,29.6977],[113.5451,29.7705],[113.576,29.8382],[113.5258,29.829],[113.4519,29.763],[113.4162,29.7476],[113.354,29.6855],[113.2663,29.5834],[113.2171,29.5461],[113.1593,29.4685],[113.0714,29.4486],[113.0521,29.5251],[113.032,29.5269],[112.9447,29.4755],[112.9068,29.6089],[112.9328,29.6461],[113.0003,29.6969],[113.0257,29.7649],[113.0067,29.7702],[112.9696,29.7352],[112.9549,29.6991],[112.9219,29.6945],[112.9197,29.768],[112.8836,29.7884],[112.8492,29.7805],[112.8104,29.7488],[112.7808,29.6865],[112.7564,29.6628],[112.7104,29.6456],[112.6775,29.5931],[112.648,29.5957],[112.6227,29.6196],[112.5675,29.6269],[112.5351,29.6035],[112.4956,29.6307],[112.4334,29.6358],[112.421,29.6034],[112.3623,29.5429],[112.3143,29.543],[112.2973,29.5892],[112.2224,29.631],[112.1851,29.628],[112.1724,29.6591],[112.1047,29.6645],[112.0868,29.6879],[112.0608,29.6831],[112.0709,29.7459],[111.987,29.7828],[111.9494,29.8102],[111.9524,29.841],[111.9085,29.8556],[111.856,29.8593],[111.8049,29.9039],[111.7564,29.9209],[111.719,29.9189],[111.6787,29.8889],[111.6401,29.8975],[111.5914,29.8918],[111.5299,29.91],[111.5206,29.9301],[111.4777,29.9207],[111.4313,29.9322],[111.3856,29.917],[111.37,29.9562],[111.346,29.9538],[111.2926,30.0068],[111.2589,30.0111],[111.2374,30.0434],[111.0259,30.0521],[110.9199,30.0707],[110.919,30.1134],[110.865,30.1162],[110.8431,30.1282],[110.7974,30.117],[110.7419,30.1151],[110.7515,30.0587],[110.7061,30.0359],[110.6461,30.0803],[110.6057,30.0598],[110.5266,30.0639],[110.4911,30.0429],[110.4869,30.0222],[110.5546,29.9899],[110.5099,29.9598],[110.5011,29.921],[110.5358,29.8923],[110.545,29.8504],[110.594,29.8428],[110.6143,29.8284],[110.639,29.7775],[110.6274,29.7606],[110.5192,29.6972],[110.4577,29.715],[110.4444,29.67],[110.3699,29.6376],[110.3364,29.6683],[110.295,29.665],[110.2851,29.699],[110.2409,29.7348],[110.1943,29.7556],[110.1558,29.7563],[110.1085,29.7921],[110.0192,29.7722],[109.9429,29.7762],[109.9011,29.7667],[109.8748,29.7808],[109.8054,29.7744],[109.7749,29.7619],[109.76,29.6964],[109.7094,29.6755],[109.6966,29.639],[109.7147,29.6165],[109.6569,29.6021],[109.6069,29.637],[109.5726,29.6324],[109.5539,29.6086],[109.5281,29.6242],[109.4985,29.6087],[109.4846,29.5558],[109.4282,29.5332],[109.4285,29.4921],[109.4127,29.4568],[109.3679,29.4268],[109.3811,29.3966],[109.3395,29.3762],[109.3348,29.3382],[109.3457,29.2871],[109.3207,29.2609],[109.2814,29.2452],[109.2534,29.2202],[109.2687,29.2033],[109.2554,29.1529],[109.2666,29.1241],[109.2286,29.1225],[109.2279,29.0963],[109.3077,29.0682],[109.3157,29.0473],[109.2914,29.0195],[109.2837,28.9767],[109.2586,28.9632],[109.2503,28.9113],[109.2311,28.8856],[109.2416,28.8254],[109.2377,28.7801],[109.2739,28.7547],[109.2905,28.7259],[109.2482,28.695],[109.2665,28.6743],[109.1917,28.6414],[109.2015,28.6058],[109.2295,28.6242],[109.2534,28.6097],[109.2827,28.6328],[109.3021,28.6237],[109.3008,28.5823],[109.2694,28.5417],[109.2699,28.4979],[109.2522,28.4403],[109.2629,28.3895],[109.2842,28.3762],[109.2639,28.3412],[109.2704,28.3159],[109.3018,28.2767],[109.3299,28.2967],[109.3736,28.2647],[109.3412,28.2108],[109.3428,28.1678],[109.3087,28.1047],[109.2942,28.0518],[109.332,28.0669],[109.3735,28.0387],[109.3573,28.0097],[109.3138,27.9905],[109.2959,27.9597],[109.3089,27.9361],[109.3139,27.88],[109.341,27.8407],[109.3274,27.7949],[109.3586,27.7637],[109.3699,27.7295],[109.4143,27.7239],[109.4657,27.6832],[109.47,27.6405],[109.4608,27.6078],[109.4238,27.5499],[109.3689,27.538],[109.3019,27.484],[109.3023,27.4377],[109.2896,27.4267],[109.2205,27.4404],[109.1669,27.426],[109.1405,27.4519],[109.1097,27.4279],[109.1202,27.3918],[109.0996,27.3397],[109.0423,27.3297],[109.0494,27.2969],[109.0361,27.2792],[108.9867,27.2736],[108.9618,27.2394],[108.9097,27.2174],[108.9256,27.1833],[108.8831,27.1152],[108.8563,27.1187],[108.821,27.0922],[108.7861,27.0874],[108.8619,27.0331],[108.8845,27.0075],[108.948,27.0222],[108.9358,27.0477],[109.0115,27.0892],[109.1079,27.1269],[109.0966,27.0723],[109.1606,27.0685],[109.2177,27.125],[109.2338,27.1523],[109.2631,27.1323],[109.3796,27.1469],[109.4084,27.1575],[109.4228,27.1309],[109.4607,27.1387],[109.4584,27.0842],[109.4948,27.083],[109.5371,27.0146],[109.5258,26.9801],[109.5569,26.9554],[109.5053,26.9339],[109.4705,26.8988],[109.5147,26.8794],[109.4944,26.8125],[109.5182,26.7909],[109.502,26.7663],[109.437,26.7635],[109.4141,26.7304],[109.3622,26.7031],[109.3033,26.7147],[109.284,26.6965],[109.2996,26.6656],[109.3558,26.65],[109.3861,26.6021],[109.3817,26.5746],[109.4025,26.5374],[109.3792,26.469],[109.3222,26.4313],[109.2903,26.352],[109.2679,26.3371],[109.2843,26.2949],[109.3338,26.2709],[109.4245,26.2945],[109.4588,26.315],[109.4761,26.2944],[109.4349,26.2503],[109.4665,26.1749],[109.4666,26.1575],[109.5095,26.1331],[109.4988,26.1011],[109.4436,26.1046],[109.4497,26.056],[109.4771,26.033],[109.507,26.002],[109.535,26.0028],[109.5538,26.0247],[109.5832,26.0229],[109.6304,26.051],[109.6436,26.0212],[109.6703,26.0185],[109.7248,25.9942],[109.6747,25.9255],[109.6955,25.8854],[109.7633,25.8946],[109.7795,25.8676],[109.8103,25.88],[109.8273,25.9172],[109.8068,25.9728],[109.7813,25.9975],[109.8096,26.0472],[109.8633,26.031],[109.8855,26.0561],[109.9057,26.1466],[109.9654,26.1985],[110.0123,26.188],[110.0284,26.1684],[110.0772,26.1738],[110.0926,26.132],[110.0709,26.0866],[110.064,26.0496],[110.1415,26.0193],[110.1661,26.0248],[110.1909,26.072],[110.209,26.0457],[110.2406,26.0291],[110.2453,25.9686],[110.261,25.9606],[110.3279,25.9822],[110.3567,26.0476],[110.3511,26.0625],[110.3732,26.1035],[110.4191,26.1359],[110.4484,26.1683],[110.491,26.1688],[110.5381,26.2239],[110.5509,26.2894],[110.6212,26.319],[110.6767,26.3187],[110.7159,26.2974],[110.7505,26.2538],[110.8383,26.2609],[110.856,26.2735],[110.9092,26.2793],[110.935,26.2923],[110.9437,26.3774],[110.9771,26.3846],[111.007,26.3396],[111.0855,26.3103],[111.2014,26.3111],[111.1993,26.2804],[111.2227,26.265],[111.2627,26.2768],[111.2873,26.2559],[111.2875,26.2253],[111.263,26.2175],[111.2687,26.1734],[111.2527,26.1554],[111.266,26.1212],[111.2396,26.0807],[111.2492,26.0594],[111.2173,26.0273],[111.1906,25.9552],[111.2267,25.9186],[111.2183,25.9056],[111.2475,25.8673],[111.2855,25.8569],[111.2934,25.8796],[111.3398,25.9099],[111.3517,25.8941],[111.4504,25.8737],[111.4258,25.8465],[111.4386,25.7857],[111.4106,25.771],[111.3824,25.7365],[111.3185,25.7345],[111.3032,25.7215],[111.3127,25.6769],[111.3046,25.6536],[111.3381,25.607],[111.3166,25.554],[111.3174,25.5035],[111.2883,25.441],[111.2534,25.3997],[111.205,25.3663],[111.1782,25.3709],[111.1405,25.3132],[111.0978,25.2883],[111.1073,25.219],[110.9958,25.1667],[110.9462,25.0459],[110.9622,24.9779],[110.9825,24.9415],[111.0407,24.9296],[111.0948,24.949],[111.1039,24.9886],[111.0976,25.0324],[111.1975,25.0742],[111.2249,25.1202],[111.274,25.1505],[111.3167,25.107],[111.354,25.1044],[111.3817,25.1319],[111.4131,25.105],[111.4308,25.0344],[111.4683,25.0211],[111.4287,24.97],[111.4614,24.9349],[111.446,24.9033],[111.45,24.8522],[111.4809,24.8026],[111.4555,24.7527],[111.4595,24.7392],[111.4286,24.6965],[111.4468,24.6682],[111.4986,24.6693],[111.5229,24.6402],[111.5656,24.6477],[111.5941,24.6969],[111.6351,24.6898],[111.6366,24.7327],[111.6835,24.7824],[111.7448,24.7774],[111.7777,24.7897],[111.8036,24.7782],[111.863,24.7816],[111.9248,24.7634],[111.9432,24.7754],[111.9999,24.7589],[112.0179,24.7434],[112.0288,24.7747],[112.1187,24.8444],[112.1562,24.8473],[112.1687,24.9305],[112.1453,24.9353],[112.1144,24.9668],[112.1169,24.9934],[112.1501,25.0295],[112.1468,25.0587],[112.171,25.1098],[112.1693,25.1339],[112.1975,25.1886],[112.2414,25.1885],[112.2501,25.1623],[112.297,25.1598],[112.3534,25.1939],[112.3877,25.1651],[112.398,25.1415],[112.449,25.1777],[112.4532,25.1549],[112.5588,25.1274],[112.623,25.1437],[112.6546,25.1358],[112.708,25.0856],[112.7098,25.0285],[112.7363,25.0015],[112.7374,24.962],[112.7745,24.9499],[112.798,24.8937],[112.8694,24.9093],[112.9,24.925],[112.9704,24.9234],[112.9993,24.9445],[113.0049,24.9822],[112.9715,25.0298],[112.9915,25.0517],[112.9994,25.0928],[112.9599,25.1474],[112.9655,25.1686],[113.0243,25.1943],[112.9896,25.2505],[112.9282,25.2466],[112.8629,25.2516],[112.8538,25.3254],[112.8905,25.3409],[112.8957,25.3124],[112.928,25.3207],[112.9793,25.3574],[113.0201,25.3496],[113.0529,25.3813],[113.0745,25.3853],[113.0859,25.4201],[113.1476,25.4819],[113.176,25.473],[113.2409,25.5191],[113.3059,25.4929],[113.3174,25.4533],[113.362,25.4302],[113.3697,25.4052],[113.4178,25.3974],[113.4448,25.3623],[113.4726,25.3795],[113.5383,25.3706],[113.5729,25.3497],[113.5858,25.3181],[113.6497,25.3308],[113.7152,25.3625],[113.7462,25.3669],[113.7591,25.3418],[113.8097,25.3316],[113.839,25.3695],[113.8724,25.3844],[113.881,25.4395],[113.939,25.4446],[113.9536,25.4861],[113.9579,25.5345],[113.979,25.5413],[113.9772,25.6057],[113.9525,25.615],[113.9156,25.6986],[113.9157,25.7441],[113.953,25.7765],[113.9646,25.8346],[114.0219,25.8972],[114.0259,25.9411],[114.0137,25.9709],[114.0313,26.066],[114.0645,26.0817],[114.1019,26.073],[114.1026,26.1036],[114.1649,26.1264],[114.1831,26.1244],[114.2319,26.1564],[114.2116,26.2068],[114.1761,26.2179],[114.0962,26.1901],[114.081,26.1702],[114.0074,26.1868],[113.9554,26.1536],[113.9439,26.1961],[113.9649,26.2055],[113.9731,26.2412],[114.0187,26.2741],[114.0363,26.3129],[114.0336,26.3664],[114.0567,26.4092],[114.0796,26.4092],[114.0852,26.4591],[114.0673,26.4833],[114.1023,26.5789],[114.0143,26.5909],[113.991,26.6193],[113.9073,26.6177],[113.8552,26.6675],[113.8483,26.773],[113.8305,26.81],[113.8697,26.8609],[113.8962,26.9297],[113.9212,26.951],[113.8874,26.9675],[113.8548,27.0209],[113.8157,27.048],[113.8006,27.0982],[113.7696,27.0951],[113.7702,27.1308],[113.8067,27.1681],[113.825,27.2162],[113.8475,27.2412],[113.8627,27.2851],[113.8441,27.311],[113.8691,27.3689],[113.839,27.378],[113.8108,27.3652],[113.7437,27.3603],[113.6705,27.3295],[113.6399,27.3554],[113.6149,27.3513],[113.5934,27.381],[113.6173,27.4042],[113.5961,27.4236],[113.5937,27.4733],[113.6219,27.5031],[113.5788,27.5301],[113.5749,27.5506],[113.6034,27.592],[113.6016,27.6391],[113.6415,27.6603],[113.6937,27.7415],[113.7603,27.8041],[113.7515,27.862],[113.7227,27.8793],[113.7334,27.9124],[113.7651,27.9557],[113.796,27.9768],[113.8456,27.9776],[113.8545,28.0051],[113.8933,27.9908],[113.9581,28.0431],[114.0221,28.045],[114.0414,28.0615],[114.0119,28.106],[113.9873,28.1648],[114.0069,28.1784],[114.0631,28.1748],[114.0998,28.1847],[114.1011,28.2048],[114.1396,28.251],[114.1653,28.2568],[114.2489,28.3242],[114.2549,28.359],[114.2472,28.3991],[114.2093,28.4064],[114.1733,28.4365],[114.214,28.4738],[114.1903,28.5018],[114.1492,28.5107],[114.1326,28.5368],[114.081,28.5593],[114.1266,28.6103],[114.1167,28.6263],[114.1517,28.7645],[114.1319,28.7827],[114.1484,28.8323],[114.1193,28.8462],[114.0748,28.8362],[114.0508,28.8735],[114.0573,28.9029],[114.0185,28.9108],[113.9614,28.9474],[113.9374,29.0502]]]},"properties":{"region_code":"CN-43","parent_region_code":"CN","name":"湖南省","level":"province","has_children":true,"full_path":"中国 / 湖南省","source_admin_code":"43","osm_relation_id":913073}},
{"type":"Feature","geometry":{"type":"Polygon","coordinates":[[[115.888,24.9401],[115.8737,24.936],[115.8889,24.8728],[115.8656,24.8707],[115.8451,24.9031],[115.8043,24.8955],[115.8025,24.8637],[115.7807,24.8492],[115.7685,24.8055],[115.7719,24.7771],[115.7519,24.7503],[115.7643,24.7103],[115.7978,24.6884],[115.7755,24.6662],[115.7908,24.6335],[115.8359,24.5864],[115.8176,24.5632],[115.7799,24.5694],[115.7405,24.5459],[115.6842,24.5475],[115.681,24.5864],[115.6418,24.6186],[115.6011,24.6275],[115.5661,24.6207],[115.5515,24.6857],[115.503,24.7194],[115.4738,24.7639],[115.4459,24.769],[115.4079,24.7955],[115.3675,24.7771],[115.3535,24.7379],[115.3017,24.7615],[115.2736,24.757],[115.2541,24.7317],[115.1794,24.7142],[115.1191,24.6698],[115.0909,24.6768],[115.0516,24.7064],[115.0199,24.6719],[114.9741,24.6762],[114.9505,24.6584],[114.905,24.6646],[114.8973,24.611],[114.8644,24.5654],[114.842,24.6054],[114.7278,24.6153],[114.7281,24.5655],[114.705,24.5353],[114.6814,24.5424],[114.66,24.5866],[114.6065,24.5688],[114.586,24.5398],[114.5338,24.5587],[114.4741,24.5312],[114.4374,24.5013],[114.3976,24.5067],[114.3708,24.5765],[114.3343,24.5867],[114.2992,24.578],[114.2847,24.6213],[114.2378,24.6482],[114.1789,24.6656],[114.1866,24.6973],[114.2666,24.7033],[114.2767,24.7267],[114.3319,24.7542],[114.3367,24.8141],[114.3581,24.8469],[114.3984,24.8812],[114.3863,24.9141],[114.3903,24.9533],[114.4196,24.9754],[114.4516,24.9803],[114.4769,25.0093],[114.5039,25.0043],[114.5287,25.0245],[114.5567,25.0819],[114.5984,25.0845],[114.6386,25.0746],[114.6594,25.1018],[114.6911,25.1064],[114.7346,25.1293],[114.7204,25.1652],[114.6855,25.1731],[114.6891,25.2165],[114.732,25.2427],[114.7413,25.2624],[114.7079,25.317],[114.6328,25.327],[114.5801,25.4012],[114.5257,25.4187],[114.5045,25.3877],[114.4765,25.3738],[114.4345,25.3811],[114.4202,25.3403],[114.3756,25.3185],[114.3107,25.3423],[114.3029,25.3093],[114.2588,25.2941],[114.1995,25.3034],[114.1871,25.3209],[114.1119,25.3063],[114.0785,25.2782],[114.0461,25.2766],[114.0215,25.2929],[114.0236,25.3375],[114.0463,25.3502],[114.0171,25.3876],[113.977,25.4167],[114.0012,25.4395],[113.9564,25.4569],[113.939,25.4446],[113.881,25.4395],[113.8724,25.3844],[113.839,25.3695],[113.8097,25.3316],[113.7591,25.3418],[113.7462,25.3669],[113.7152,25.3625],[113.6497,25.3308],[113.5858,25.3181],[113.5729,25.3497],[113.5383,25.3706],[113.4726,25.3795],[113.4448,25.3623],[113.4178,25.3974],[113.3697,25.4052],[113.362,25.4302],[113.3174,25.4533],[113.3059,25.4929],[113.2409,25.5191],[113.176,25.473],[113.1476,25.4819],[113.0859,25.4201],[113.0745,25.3853],[113.0529,25.3813],[113.0201,25.3496],[112.9793,25.3574],[112.928,25.3207],[112.8957,25.3124],[112.8905,25.3409],[112.8538,25.3254],[112.8629,25.2516],[112.9282,25.2466],[112.9896,25.2505],[113.0243,25.1943],[112.9655,25.1686],[112.9599,25.1474],[112.9994,25.0928],[112.9915,25.0517],[112.9715,25.0298],[113.0049,24.9822],[112.9993,24.9445],[112.9704,24.9234],[112.9,24.925],[112.8694,24.9093],[112.798,24.8937],[112.7745,24.9499],[112.7374,24.962],[112.7363,25.0015],[112.7098,25.0285],[112.708,25.0856],[112.6546,25.1358],[112.623,25.1437],[112.5588,25.1274],[112.4532,25.1549],[112.449,25.1777],[112.398,25.1415],[112.3877,25.1651],[112.3534,25.1939],[112.297,25.1598],[112.2501,25.1623],[112.2414,25.1885],[112.1975,25.1886],[112.1693,25.1339],[112.171,25.1098],[112.1468,25.0587],[112.1501,25.0295],[112.1169,24.9934],[112.1144,24.9668],[112.1453,24.9353],[112.1687,24.9305],[112.1562,24.8473],[112.1187,24.8444],[112.0288,24.7747],[112.0179,24.7434],[111.9571,24.7247],[111.935,24.6706],[111.9478,24.6502],[111.9223,24.6325],[111.932,24.5989],[111.9668,24.5816],[112.0021,24.5374],[112.0044,24.5057],[111.9814,24.4674],[112.0178,24.4444],[112.0523,24.3898],[112.0542,24.3438],[112.0208,24.2979],[111.9509,24.2633],[111.9108,24.2257],[111.8728,24.2319],[111.8664,24.1784],[111.8842,24.1655],[111.8737,24.1298],[111.8824,24.0835],[111.9298,23.9819],[111.9069,23.9468],[111.8525,23.9211],[111.8177,23.914],[111.8186,23.8745],[111.8039,23.812],[111.7471,23.8154],[111.6996,23.841],[111.6883,23.82],[111.6497,23.8361],[111.6215,23.7811],[111.6251,23.7392],[111.6615,23.7209],[111.6131,23.6684],[111.6108,23.642],[111.546,23.6436],[111.5064,23.6264],[111.4816,23.6293],[111.4837,23.5638],[111.4749,23.5358],[111.4284,23.4828],[111.3944,23.4718],[111.3726,23.3721],[111.357,23.3272],[111.3723,23.3078],[111.3511,23.2877],[111.3602,23.2436],[111.383,23.2143],[111.3707,23.1509],[111.3694,23.0952],[111.3896,23.071],[111.4288,23.0493],[111.3986,22.9916],[111.3591,22.9514],[111.3705,22.9285],[111.356,22.8968],[111.2685,22.8022],[111.2367,22.7842],[111.214,22.7514],[111.1756,22.7384],[111.0921,22.7441],[111.0585,22.7238],[111.0843,22.6917],[111.0499,22.6508],[111.0237,22.6536],[110.991,22.6342],[110.9621,22.6396],[110.9444,22.6125],[110.8925,22.6171],[110.8762,22.5854],[110.8297,22.5905],[110.7867,22.5765],[110.7559,22.5853],[110.7531,22.5354],[110.7161,22.4642],[110.7017,22.4079],[110.7054,22.3733],[110.736,22.3654],[110.7429,22.3407],[110.7812,22.2972],[110.7546,22.278],[110.7161,22.2962],[110.6821,22.2517],[110.645,22.2337],[110.6714,22.1921],[110.625,22.152],[110.5997,22.1855],[110.5467,22.1966],[110.5273,22.1593],[110.497,22.1477],[110.4253,22.2106],[110.3892,22.1735],[110.3302,22.1824],[110.3296,22.1458],[110.3609,22.1255],[110.3454,22.0338],[110.3517,21.9763],[110.3866,21.9528],[110.3856,21.8944],[110.3311,21.8907],[110.3096,21.9089],[110.228,21.8815],[110.1979,21.9004],[110.1153,21.9042],[110.1026,21.8851],[110.0468,21.8598],[110.0339,21.8725],[109.9825,21.8823],[109.9412,21.8471],[109.9321,21.8157],[109.9358,21.771],[109.9014,21.6965],[109.91,21.6695],[109.8699,21.6609],[109.8329,21.6395],[109.7908,21.6332],[109.7614,21.6601],[109.7387,21.6174],[109.7419,21.5946],[109.7842,21.4944],[109.7829,21.4136],[109.7344,21.3848],[109.5729,21.3397],[109.4637,21.2193],[109.3917,21.064],[109.4381,20.9063],[109.4158,20.4585],[109.4049,20.2466],[109.8629,20.1198],[110.2509,20.1549],[110.531,20.2638],[110.6014,20.288],[111.0972,20.2216],[111.663,20.1562],[111.7981,20.3415],[112.0515,20.6886],[112.3031,21.0323],[112.4893,21.2861],[112.8485,21.3732],[113.075,21.4197],[113.6374,21.5354],[114.0119,21.6123],[114.0585,21.6271],[114.5024,21.8214],[114.8397,21.9688],[115.2202,22.135],[115.4827,22.2539],[115.7964,22.3959],[116.3868,22.6629],[116.5822,22.7511],[116.8074,22.8337],[117.311,23.0181],[117.382,23.0568],[117.532,23.1648],[117.1904,23.5612],[117.1902,23.6176],[117.1425,23.6562],[117.0859,23.6665],[117.0483,23.7009],[117.0482,23.7416],[117.0074,23.8584],[116.9803,23.8658],[116.9543,23.9034],[116.978,23.9621],[116.9724,24.0072],[116.9573,24.0148],[116.9479,24.0576],[116.9252,24.0683],[116.9312,24.1311],[116.9857,24.1711],[116.993,24.1881],[116.9516,24.2199],[116.9295,24.2221],[116.9336,24.2837],[116.9097,24.2907],[116.8994,24.3729],[116.8344,24.4455],[116.8562,24.4652],[116.8277,24.4991],[116.7922,24.5049],[116.7537,24.5495],[116.7565,24.5858],[116.8107,24.6575],[116.7966,24.6812],[116.6626,24.6616],[116.6197,24.6444],[116.5967,24.6573],[116.566,24.6248],[116.5256,24.6079],[116.5022,24.6241],[116.5129,24.6552],[116.4823,24.7214],[116.4408,24.7188],[116.4124,24.7457],[116.4143,24.77],[116.3725,24.8238],[116.413,24.8437],[116.3744,24.8802],[116.345,24.8594],[116.3393,24.8303],[116.2867,24.8031],[116.2275,24.804],[116.2265,24.8292],[116.1887,24.8743],[116.1484,24.8494],[116.0664,24.8563],[116.0474,24.8642],[116.0105,24.9085],[115.9039,24.9263],[115.888,24.9401]],[[114.3092,22.1485],[114.2552,22.1385],[114.236,22.1485],[113.9395,22.1485],[113.8966,22.1425],[113.8324,22.1838],[113.8172,22.2173],[113.8474,22.2731],[113.8691,22.3333],[113.8691,22.4288],[113.9478,22.4724],[113.9951,22.5101],[114.0548,22.5035],[114.089,22.5365],[114.1115,22.5296],[114.1651,22.5592],[114.2371,22.5507],[114.276,22.5655],[114.333,22.5683],[114.434,22.562],[114.4551,22.545],[114.4549,22.4687],[114.5025,22.3651],[114.5024,22.1485],[114.3092,22.1485]],[[113.5282,22.183],[113.552,22.216],[113.6053,22.2041],[113.6301,22.1656],[113.6301,22.1089],[113.6102,22.0767],[113.571,22.0767],[113.5496,22.1089],[113.5496,22.1454],[113.5282,22.183]]]},"properties":{"region_code":"CN-44","parent_region_code":"CN","name":"广东省","level":"province","has_children":true,"full_path":"中国 / 广东省","source_admin_code":"44","osm_relation_id":911844}},
{"type":"Feature","geometry":{"type":"Polygon","coordinates":[[[109.4771,26.033],[109.4572,25.998],[109.4125,25.9761],[109.4295,25.9417],[109.4204,25.9189],[109.387,25.8983],[109.3638,25.8449],[109.3342,25.8376],[109.322,25.7648],[109.2656,25.721],[109.2077,25.7636],[109.1268,25.7645],[109.1303,25.8088],[109.0898,25.8055],[109.0737,25.7887],[109.0117,25.7938],[108.9579,25.734],[108.9332,25.7425],[108.8945,25.7193],[108.8958,25.6849],[108.9506,25.6867],[108.9981,25.7398],[109.0395,25.7419],[109.074,25.7226],[109.0704,25.698],[109.0372,25.6605],[109.0274,25.6309],[109.0413,25.5772],[109.0764,25.5476],[109.0203,25.5151],[108.9466,25.56],[108.8903,25.5437],[108.8854,25.5594],[108.8214,25.5535],[108.805,25.5284],[108.7797,25.5626],[108.7784,25.6324],[108.7561,25.6412],[108.6839,25.6275],[108.6603,25.5926],[108.6624,25.5364],[108.6296,25.5226],[108.6176,25.4964],[108.6325,25.4741],[108.5946,25.454],[108.589,25.4109],[108.6193,25.3801],[108.6215,25.3115],[108.5883,25.3372],[108.5819,25.3689],[108.4818,25.4614],[108.415,25.4453],[108.3952,25.4951],[108.3148,25.5372],[108.2781,25.4808],[108.2324,25.4514],[108.1883,25.4604],[108.1573,25.4463],[108.1881,25.402],[108.1458,25.3963],[108.1482,25.3556],[108.1317,25.344],[108.1474,25.3126],[108.1295,25.2371],[108.1033,25.2072],[108.0737,25.1972],[108.0074,25.1973],[107.932,25.1634],[107.8682,25.1424],[107.8348,25.1191],[107.7938,25.1191],[107.7792,25.1723],[107.7535,25.2022],[107.7485,25.2428],[107.703,25.2105],[107.6703,25.2395],[107.6606,25.2925],[107.6453,25.3216],[107.6087,25.2834],[107.5574,25.2526],[107.5353,25.2279],[107.4746,25.2134],[107.4651,25.24],[107.4823,25.2743],[107.4714,25.2977],[107.4225,25.2904],[107.4156,25.3365],[107.397,25.3494],[107.4185,25.3887],[107.3652,25.4125],[107.3152,25.4054],[107.328,25.4655],[107.2774,25.5333],[107.2403,25.5456],[107.2225,25.5704],[107.2365,25.5968],[107.2042,25.6133],[107.1809,25.5811],[107.1361,25.566],[107.0755,25.5685],[107.059,25.5446],[107.0653,25.5138],[107.0095,25.4978],[106.9946,25.4477],[106.9599,25.4402],[106.9752,25.3782],[107.0103,25.3469],[107.0026,25.3111],[107.0098,25.2778],[106.9815,25.2582],[106.9098,25.2465],[106.8974,25.1994],[106.7859,25.1735],[106.7618,25.1857],[106.7243,25.1646],[106.686,25.1824],[106.6366,25.1639],[106.6347,25.1349],[106.593,25.1069],[106.585,25.0888],[106.547,25.0853],[106.5152,25.0553],[106.4591,25.0429],[106.4093,25.0165],[106.3031,24.9779],[106.2475,24.9738],[106.2148,24.9855],[106.1837,24.9543],[106.1499,24.9643],[106.2015,24.8625],[106.1947,24.8179],[106.1706,24.7641],[106.1487,24.7659],[106.1079,24.7142],[106.0522,24.6933],[106.021,24.636],[106.0076,24.639],[105.95,24.6914],[105.9388,24.7282],[105.8612,24.7325],[105.8264,24.7067],[105.796,24.7061],[105.7635,24.7229],[105.7015,24.7723],[105.6248,24.7794],[105.596,24.8111],[105.5605,24.8004],[105.4952,24.8111],[105.486,24.8445],[105.4525,24.8757],[105.4414,24.9234],[105.3849,24.9459],[105.3245,24.9268],[105.2622,24.9333],[105.2497,24.9713],[105.1769,24.9875],[105.1536,24.9607],[105.13,24.965],[105.0721,24.9195],[105.0369,24.8776],[105.0246,24.8218],[105.0309,24.7913],[104.9856,24.7752],[104.9037,24.7587],[104.8653,24.7373],[104.8407,24.6804],[104.7619,24.6604],[104.7403,24.6242],[104.7113,24.6246],[104.6961,24.6527],[104.6306,24.6616],[104.5981,24.6997],[104.557,24.7311],[104.5274,24.7343],[104.5015,24.6927],[104.4869,24.6408],[104.5033,24.6318],[104.5005,24.5927],[104.5182,24.5417],[104.5467,24.5244],[104.5447,24.4928],[104.5639,24.4767],[104.5733,24.4245],[104.6151,24.423],[104.6393,24.3708],[104.6834,24.331],[104.7163,24.3275],[104.7189,24.3588],[104.7017,24.4238],[104.7264,24.4475],[104.847,24.4399],[104.9133,24.4259],[104.9327,24.4115],[104.9768,24.408],[105.0102,24.4378],[105.0439,24.4418],[105.1066,24.4161],[105.1087,24.3752],[105.1415,24.3784],[105.1849,24.3499],[105.1945,24.3302],[105.1696,24.3068],[105.1657,24.2801],[105.1937,24.2557],[105.2115,24.2174],[105.2402,24.211],[105.2265,24.1678],[105.1802,24.1702],[105.1792,24.1352],[105.2319,24.0783],[105.3169,24.1193],[105.344,24.089],[105.3938,24.0677],[105.4035,24.0465],[105.4899,24.02],[105.5128,24.0733],[105.5169,24.1062],[105.5928,24.1414],[105.6249,24.1307],[105.6437,24.0344],[105.6753,24.0427],[105.7045,24.067],[105.7325,24.0582],[105.7827,24.0703],[105.8068,24.0329],[105.8399,24.033],[105.8548,24.059],[105.8884,24.0421],[105.9054,24.0729],[105.896,24.1112],[105.9942,24.1214],[106.043,24.0939],[106.0513,24.0495],[106.0897,24.0331],[106.0812,24.0021],[106.1365,23.9508],[106.1366,23.9232],[106.158,23.8859],[106.1907,23.8854],[106.1948,23.8374],[106.1612,23.8268],[106.1331,23.7993],[106.1479,23.7301],[106.151,23.6617],[106.1156,23.6038],[106.1389,23.576],[106.1045,23.531],[106.0802,23.5243],[106.0694,23.4902],[105.9969,23.4495],[105.9893,23.4936],[105.903,23.5004],[105.9003,23.522],[105.8637,23.5352],[105.8131,23.5101],[105.8162,23.4817],[105.7505,23.4591],[105.6951,23.3982],[105.6912,23.3694],[105.5953,23.3171],[105.5263,23.2249],[105.5409,23.1927],[105.5734,23.1611],[105.5602,23.1268],[105.5693,23.0753],[105.617,23.0675],[105.6451,23.0829],[105.676,23.0636],[105.7221,23.0637],[105.7319,23.0385],[105.7792,23.0235],[105.7913,23.004],[105.825,22.9964],[105.8723,22.9334],[106.003,22.9474],[106.0012,22.9921],[106.1177,22.9853],[106.1349,22.997],[106.1999,22.9866],[106.2381,22.9514],[106.2865,22.8674],[106.3636,22.8774],[106.4231,22.8953],[106.4616,22.8945],[106.5007,22.9091],[106.5131,22.9484],[106.567,22.9191],[106.5928,22.9328],[106.6486,22.867],[106.6914,22.8917],[106.7138,22.863],[106.783,22.8143],[106.8186,22.8199],[106.8362,22.8059],[106.8181,22.7721],[106.7929,22.7698],[106.7647,22.7416],[106.7706,22.7073],[106.7529,22.6927],[106.7144,22.6142],[106.6935,22.5847],[106.6484,22.5767],[106.6299,22.6053],[106.6075,22.6003],[106.6009,22.5527],[106.5823,22.5173],[106.5849,22.4771],[106.559,22.4658],[106.5649,22.4159],[106.5854,22.3778],[106.5713,22.3415],[106.6597,22.3338],[106.6669,22.2859],[106.6902,22.2788],[106.6983,22.2095],[106.673,22.1812],[106.6969,22.1539],[106.6923,22.1194],[106.7098,22.1017],[106.6971,22.0543],[106.708,22.0254],[106.6832,21.9855],[106.7194,21.9744],[106.7378,22.0076],[106.7844,22.004],[106.8124,21.9732],[106.8681,21.9832],[106.9188,21.9743],[106.9336,21.9296],[106.9609,21.9196],[106.9889,21.9422],[107.0172,21.9463],[107.0479,21.9302],[107.0633,21.8967],[107.0182,21.8637],[107.0043,21.8337],[107.0321,21.8165],[107.0853,21.8082],[107.139,21.7636],[107.1846,21.7474],[107.1965,21.7225],[107.249,21.7057],[107.2656,21.729],[107.3011,21.7426],[107.3599,21.6647],[107.3611,21.612],[107.3826,21.5952],[107.4174,21.64],[107.4635,21.6635],[107.4824,21.6572],[107.4937,21.6049],[107.5433,21.5897],[107.5601,21.6133],[107.5938,21.6048],[107.6885,21.6113],[107.741,21.6388],[107.8154,21.6587],[107.8416,21.6412],[107.8719,21.6469],[107.8963,21.5962],[107.9427,21.5699],[107.9548,21.5369],[108.0337,21.5474],[108.1003,21.4734],[108.0955,21.4523],[108.1347,21.2756],[108.3031,21.1256],[108.9658,20.8436],[108.999,20.8141],[109.4381,20.9063],[109.3917,21.064],[109.4637,21.2193],[109.5729,21.3397],[109.7344,21.3848],[109.7829,21.4136],[109.7842,21.4944],[109.7419,21.5946],[109.7387,21.6174],[109.7614,21.6601],[109.7908,21.6332],[109.8329,21.6395],[109.8699,21.6609],[109.91,21.6695],[109.9014,21.6965],[109.9358,21.771],[109.9321,21.8157],[109.9412,21.8471],[109.9825,21.8823],[110.0339,21.8725],[110.0468,21.8598],[110.1026,21.8851],[110.1153,21.9042],[110.1979,21.9004],[110.228,21.8815],[110.3096,21.9089],[110.3311,21.8907],[110.3856,21.8944],[110.3866,21.9528],[110.3517,21.9763],[110.3454,22.0338],[110.3609,22.1255],[110.3296,22.1458],[110.3302,22.1824],[110.3892,22.1735],[110.4253,22.2106],[110.497,22.1477],[110.5273,22.1593],[110.5467,22.1966],[110.5997,22.1855],[110.625,22.152],[110.6714,22.1921],[110.645,22.2337],[110.6821,22.2517],[110.7161,22.2962],[110.7546,22.278],[110.7812,22.2972],[110.7429,22.3407],[110.736,22.3654],[110.7054,22.3733],[110.7017,22.4079],[110.7161,22.4642],[110.7531,22.5354],[110.7559,22.5853],[110.7867,22.5765],[110.8297,22.5905],[110.8762,22.5854],[110.8925,22.6171],[110.9444,22.6125],[110.9621,22.6396],[110.991,22.6342],[111.0237,22.6536],[111.0499,22.6508],[111.0843,22.6917],[111.0585,22.7238],[111.0921,22.7441],[111.1756,22.7384],[111.214,22.7514],[111.2367,22.7842],[111.2685,22.8022],[111.356,22.8968],[111.3705,22.9285],[111.3591,22.9514],[111.3986,22.9916],[111.4288,23.0493],[111.3896,23.071],[111.3694,23.0952],[111.3707,23.1509],[111.383,23.2143],[111.3602,23.2436],[111.3511,23.2877],[111.3723,23.3078],[111.357,23.3272],[111.3726,23.3721],[111.3944,23.4718],[111.4284,23.4828],[111.4749,23.5358],[111.4837,23.5638],[111.4816,23.6293],[111.5064,23.6264],[111.546,23.6436],[111.6108,23.642],[111.6131,23.6684],[111.6615,23.7209],[111.6251,23.7392],[111.6215,23.7811],[111.6497,23.8361],[111.6883,23.82],[111.6996,23.841],[111.7471,23.8154],[111.8039,23.812],[111.8186,23.8745],[111.8177,23.914],[111.8525,23.9211],[111.9069,23.9468],[111.9298,23.9819],[111.8824,24.0835],[111.8737,24.1298],[111.8842,24.1655],[111.8664,24.1784],[111.8728,24.2319],[111.9108,24.2257],[111.9509,24.2633],[112.0208,24.2979],[112.0542,24.3438],[112.0523,24.3898],[112.0178,24.4444],[111.9814,24.4674],[112.0044,24.5057],[112.0021,24.5374],[111.9668,24.5816],[111.932,24.5989],[111.9223,24.6325],[111.9478,24.6502],[111.935,24.6706],[111.9571,24.7247],[112.0179,24.7434],[111.9999,24.7589],[111.9432,24.7754],[111.9248,24.7634],[111.863,24.7816],[111.8036,24.7782],[111.7777,24.7897],[111.7448,24.7774],[111.6835,24.7824],[111.6366,24.7327],[111.6351,24.6898],[111.5941,24.6969],[111.5656,24.6477],[111.5229,24.6402],[111.4986,24.6693],[111.4468,24.6682],[111.4286,24.6965],[111.4595,24.7392],[111.4555,24.7527],[111.4809,24.8026],[111.45,24.8522],[111.446,24.9033],[111.4614,24.9349],[111.4287,24.97],[111.4683,25.0211],[111.4308,25.0344],[111.4131,25.105],[111.3817,25.1319],[111.354,25.1044],[111.3167,25.107],[111.274,25.1505],[111.2249,25.1202],[111.1975,25.0742],[111.0976,25.0324],[111.1039,24.9886],[111.0948,24.949],[111.0407,24.9296],[110.9825,24.9415],[110.9622,24.9779],[110.9462,25.0459],[110.9958,25.1667],[111.1073,25.219],[111.0978,25.2883],[111.1405,25.3132],[111.1782,25.3709],[111.205,25.3663],[111.2534,25.3997],[111.2883,25.441],[111.3174,25.5035],[111.3166,25.554],[111.3381,25.607],[111.3046,25.6536],[111.3127,25.6769],[111.3032,25.7215],[111.3185,25.7345],[111.3824,25.7365],[111.4106,25.771],[111.4386,25.7857],[111.4258,25.8465],[111.4504,25.8737],[111.3517,25.8941],[111.3398,25.9099],[111.2934,25.8796],[111.2855,25.8569],[111.2475,25.8673],[111.2183,25.9056],[111.2267,25.9186],[111.1906,25.9552],[111.2173,26.0273],[111.2492,26.0594],[111.2396,26.0807],[111.266,26.1212],[111.2527,26.1554],[111.2687,26.1734],[111.263,26.2175],[111.2875,26.2253],[111.2873,26.2559],[111.2627,26.2768],[111.2227,26.265],[111.1993,26.2804],[111.2014,26.3111],[111.0855,26.3103],[111.007,26.3396],[110.9771,26.3846],[110.9437,26.3774],[110.935,26.2923],[110.9092,26.2793],[110.856,26.2735],[110.8383,26.2609],[110.7505,26.2538],[110.7159,26.2974],[110.6767,26.3187],[110.6212,26.319],[110.5509,26.2894],[110.5381,26.2239],[110.491,26.1688],[110.4484,26.1683],[110.4191,26.1359],[110.3732,26.1035],[110.3511,26.0625],[110.3567,26.0476],[110.3279,25.9822],[110.261,25.9606],[110.2453,25.9686],[110.2406,26.0291],[110.209,26.0457],[110.1909,26.072],[110.1661,26.0248],[110.1415,26.0193],[110.064,26.0496],[110.0709,26.0866],[110.0926,26.132],[110.0772,26.1738],[110.0284,26.1684],[110.0123,26.188],[109.9654,26.1985],[109.9057,26.1466],[109.8855,26.0561],[109.8633,26.031],[109.8096,26.0472],[109.7813,25.9975],[109.8068,25.9728],[109.8273,25.9172],[109.8103,25.88],[109.7795,25.8676],[109.7633,25.8946],[109.6955,25.8854],[109.6747,25.9255],[109.7248,25.9942],[109.6703,26.0185],[109.6436,26.0212],[109.6304,26.051],[109.5832,26.0229],[109.5538,26.0247],[109.535,26.0028],[109.507,26.002],[109.4771,26.033]]]},"properties":{"region_code":"CN-45","parent_region_code":"CN","name":"广西壮族自治区","level":"province","has_children":true,"full_path":"中国 / 广西壮族自治区","source_admin_code":"45","osm_relation_id":286342}},
{"type":"Feature","geometry":{"type":"MultiPolygon","coordinates":[[[[117.5031,15.2117],[117.5124,15.1035],[117.5257,15.0492],[117.5622,14.9907],[117.6254,14.9366],[117.678,14.9135],[117.728,14.9054],[117.8496,14.9033],[117.925,14.9269],[117.9679,14.9556],[118.0192,15.0116],[118.0383,15.0482],[118.0533,15.1085],[118.0546,15.149],[118.0355,15.2232],[117.9913,15.2861],[117.9539,15.3186],[117.8451,15.3969],[117.7945,15.4175],[117.7099,15.4234],[117.6465,15.4093],[117.5972,15.3835],[117.5553,15.3471],[117.5309,15.3124],[117.508,15.2547],[117.5031,15.2117]]],[[[114.0949,9.6525],[114.1173,9.6064],[114.1735,9.5497],[114.2449,9.5196],[114.2929,9.5153],[114.3514,9.5255],[114.3865,9.5408],[114.4501,9.5961],[114.3201,9.7799],[114.0949,9.6525]]],[[[114.513,9.7095],[114.5525,10.1018],[114.3929,10.0451],[114.439,9.7174],[114.513,9.7095]]],[[[114.2858,10.3504],[114.1641,10.3979],[114.0979,10.3638],[114.0586,10.3235],[114.0393,10.2908],[114.021,10.2192],[114.0613,10.0874],[114.0944,10.0377],[114.1557,9.9874],[114.3276,10.0532],[114.2858,10.3504]]],[[[115.4738,9.6851],[115.5084,9.6797],[115.5814,9.6876],[115.6821,9.7304],[115.7337,9.7733],[115.7569,9.8066],[115.7766,9.8576],[115.7819,9.9018],[115.775,9.9586],[115.7577,10.0032],[115.708,10.0671],[115.664,10.0979],[115.6096,10.1189],[115.5409,10.1324],[115.4883,10.1323],[115.4096,10.105],[115.3715,10.0757],[115.3431,10.0407],[115.31,9.9807],[115.297,9.9334],[115.2954,9.8914],[115.3092,9.8314],[115.3322,9.7895],[115.3734,9.747],[115.4309,9.707],[115.4738,9.6851]]],[[[114.1004,11.1443],[114.0603,11.1421],[114.0098,11.1278],[113.9682,11.1037],[113.9335,11.0707],[113.9102,11.0356],[113.8778,10.9539],[113.8721,10.9152],[113.8806,10.8488],[113.9134,10.7856],[113.9471,10.7515],[114.0186,10.7147],[114.0848,10.707],[114.1483,10.7202],[114.2763,10.8958],[114.2109,10.9244],[114.1717,10.9555],[114.1231,11.0257],[114.1101,11.0639],[114.1004,11.1443]]],[[[113.0462,9.411],[113.1585,9.5167],[113.1952,9.5629],[113.2208,9.644],[113.2172,9.7028],[113.1973,9.7566],[113.1751,9.7891],[113.1309,9.8283],[113.0727,9.8545],[113.0207,9.8617],[112.9604,9.8534],[112.9039,9.8358],[112.8303,9.7867],[112.729,9.6801],[112.6997,9.6406],[112.6786,9.5887],[112.6727,9.5261],[112.6849,9.47],[112.7315,9.398],[112.7899,9.3572],[112.8567,9.3387],[112.9067,9.3393],[112.964,9.3554],[113.0462,9.411]]],[[[112.7892,8.6694],[112.8342,8.6651],[112.8941,8.675],[112.9595,8.7106],[112.9828,8.733],[113.0194,8.7926],[113.0316,8.8414],[113.0305,8.8958],[113.001,8.9725],[112.9621,9.0166],[112.9246,9.0416],[112.8518,9.0632],[112.8023,9.0623],[112.7429,9.0444],[112.7012,9.0177],[112.7892,8.6694]]],[[[112.1928,15.6955],[112.2302,15.6843],[112.29,15.7202],[112.2848,15.7514],[112.265,15.7584],[112.2074,15.7457],[112.1928,15.6955]]],[[[112.8585,16.8369],[112.4688,17.1067],[112.3852,17.1604],[112.347,17.1779],[112.28,17.195],[111.5921,17.3078],[111.5413,17.3174],[111.4702,17.3112],[111.3767,17.2816],[111.3277,17.2545],[111.2965,17.2271],[111.2601,17.1766],[111.2399,17.1026],[110.9883,15.8345],[110.9822,15.7593],[110.9945,15.7105],[111.0159,15.6697],[111.0584,15.6233],[111.1093,15.5922],[111.1763,15.5746],[111.251,15.5792],[112.5358,15.8205],[112.6162,15.8433],[112.6592,15.8648],[112.7535,15.9424],[112.7819,15.9829],[112.7985,16.0262],[112.9475,16.6162],[112.953,16.6759],[112.9302,16.7549],[112.8871,16.8131],[112.8585,16.8369]]],[[[109.8629,20.1198],[109.6061,20.0953],[109.0439,19.9958],[109.0137,19.9729],[108.4951,19.4943],[108.4547,19.4426],[108.438,19.4008],[108.3954,19.245],[108.3888,19.1793],[108.413,18.8103],[108.4662,18.4904],[108.4943,18.4152],[108.5653,18.3405],[108.8285,18.159],[108.8627,18.1398],[109.0375,18.0616],[109.0859,18.0464],[109.5321,17.9614],[109.6169,17.9619],[109.7759,17.9955],[109.81,18.0113],[110.2576,18.2685],[110.6055,18.4916],[110.6577,18.5361],[110.6773,18.5638],[111.3961,19.7811],[111.4514,19.8654],[111.663,20.1562],[111.0972,20.2216],[110.6014,20.288],[110.531,20.2638],[110.2509,20.1549],[109.8629,20.1198]]],[[[113.5363,15.5748],[113.6147,15.4877],[113.8758,15.363],[114.0692,15.3604],[114.1784,15.375],[114.2792,15.4241],[114.3481,15.5405],[114.3547,15.5442],[114.5707,15.5428],[114.6551,15.5922],[114.7437,15.6845],[114.966,16.0212],[114.9929,16.1361],[114.9045,16.2748],[114.8321,16.334],[114.8206,16.3352],[114.6702,16.2955],[114.5124,16.1949],[114.2167,16.1434],[113.9769,16.0299],[113.83,15.8658],[113.7835,15.7034],[113.7726,15.6945],[113.6172,15.6378],[113.5363,15.5748]]],[[[114.5958,10.2112],[114.6635,10.2257],[114.7336,10.2726],[114.7692,10.323],[114.7884,10.3872],[114.782,10.4648],[114.7404,10.5406],[114.6861,10.5841],[114.5958,10.2112]]]]},"properties":{"region_code":"CN-46","parent_region_code":"CN","name":"海南省","level":"province","has_children":true,"full_path":"中国 / 海南省","source_admin_code":"46","osm_relation_id":2128285}},
{"type":"Feature","geometry":{"type":"Polygon","coordinates":[[[109.5804,31.7285],[109.5503,31.7328],[109.4925,31.7192],[109.4515,31.7244],[109.3774,31.7067],[109.2779,31.7186],[109.2712,31.8024],[109.1868,31.8275],[109.1956,31.8447],[109.1592,31.8795],[109.12,31.8945],[109.0771,31.9346],[108.9857,31.9831],[108.8728,31.9965],[108.8456,32.0395],[108.7829,32.0498],[108.7472,32.0755],[108.7297,32.1088],[108.6686,32.1048],[108.5814,32.1734],[108.5379,32.1801],[108.5043,32.2037],[108.4752,32.1833],[108.4019,32.1981],[108.3751,32.1781],[108.4344,32.097],[108.4253,32.0622],[108.371,32.0795],[108.3605,32.0384],[108.3237,32.0205],[108.3662,31.9907],[108.3492,31.977],[108.3033,31.9993],[108.2636,31.987],[108.2783,31.9191],[108.3038,31.9082],[108.3385,31.8647],[108.38,31.8496],[108.3914,31.8268],[108.4466,31.7888],[108.5305,31.7592],[108.5156,31.7285],[108.5235,31.687],[108.4884,31.6442],[108.4264,31.6305],[108.3844,31.5916],[108.3851,31.5479],[108.3459,31.5505],[108.3448,31.52],[108.3192,31.504],[108.232,31.5096],[108.188,31.4946],[108.2124,31.4135],[108.1499,31.3757],[108.1759,31.3544],[108.1776,31.3287],[108.0893,31.2762],[108.0173,31.2473],[108.0275,31.2194],[108.0586,31.2284],[108.0855,31.201],[108.0305,31.1386],[108.0183,31.0956],[108.0222,31.0634],[108.0495,31.0433],[108.0003,31.0264],[107.9812,30.9866],[107.9389,30.992],[107.9405,30.9268],[107.9913,30.9113],[107.9503,30.8732],[107.8904,30.8353],[107.8447,30.7943],[107.779,30.8214],[107.7603,30.8186],[107.7381,30.8849],[107.7117,30.8924],[107.6825,30.8716],[107.6396,30.815],[107.6116,30.8415],[107.5718,30.8514],[107.4796,30.8401],[107.4721,30.8011],[107.4199,30.7448],[107.4723,30.6669],[107.5127,30.6503],[107.4811,30.6003],[107.4234,30.5513],[107.3637,30.4709],[107.3406,30.4276],[107.3343,30.3897],[107.2828,30.3372],[107.2377,30.2443],[107.1951,30.1939],[107.0783,30.097],[107.0807,30.0668],[107.037,30.0572],[107.0198,30.037],[106.9799,30.088],[106.9525,30.0561],[106.8994,30.0332],[106.7952,30.0331],[106.7645,30.0183],[106.7277,30.0294],[106.7228,30.0565],[106.6959,30.0763],[106.6989,30.1209],[106.668,30.1271],[106.6739,30.1604],[106.6226,30.2015],[106.6315,30.2679],[106.6082,30.2954],[106.5515,30.3183],[106.5073,30.2924],[106.4413,30.3092],[106.4138,30.2809],[106.409,30.2469],[106.3674,30.2505],[106.2873,30.2197],[106.2628,30.1946],[106.1883,30.2195],[106.1683,30.2555],[106.1663,30.306],[106.1298,30.3199],[106.1017,30.3138],[106.0393,30.3532],[106.0276,30.3767],[105.9373,30.3751],[105.8959,30.4084],[105.8343,30.4066],[105.8271,30.4351],[105.7965,30.4301],[105.7505,30.3448],[105.7115,30.326],[105.714,30.2548],[105.6673,30.2568],[105.6202,30.2769],[105.6154,30.2381],[105.6328,30.2223],[105.6295,30.1866],[105.533,30.1678],[105.5937,30.1118],[105.6243,30.1082],[105.638,30.0759],[105.6829,30.0474],[105.7481,30.0248],[105.72,29.9773],[105.7276,29.9593],[105.7011,29.9255],[105.7288,29.8897],[105.7303,29.8629],[105.7053,29.8433],[105.6226,29.84],[105.5804,29.8153],[105.5721,29.7477],[105.526,29.7095],[105.4754,29.719],[105.4728,29.6775],[105.4166,29.6905],[105.382,29.6668],[105.3773,29.6309],[105.3442,29.6241],[105.3074,29.598],[105.2868,29.5556],[105.3165,29.515],[105.3183,29.4785],[105.3591,29.4482],[105.3731,29.4609],[105.4403,29.4019],[105.4342,29.3684],[105.4143,29.3545],[105.4165,29.3172],[105.4641,29.3217],[105.472,29.282],[105.5029,29.2882],[105.5183,29.2682],[105.5547,29.2799],[105.6078,29.2728],[105.6441,29.2563],[105.6945,29.2697],[105.7086,29.2231],[105.7051,29.1809],[105.7321,29.132],[105.7247,29.1012],[105.754,29.0721],[105.7395,29.0457],[105.7629,29.0169],[105.7622,28.9879],[105.8419,28.934],[105.8716,28.9388],[105.9029,28.9033],[105.9161,28.9339],[105.9429,28.9442],[105.978,28.9833],[106.0122,28.9565],[106.0363,28.9589],[106.0332,28.916],[106.0683,28.9234],[106.0878,28.9028],[106.1436,28.9067],[106.171,28.9196],[106.1991,28.9066],[106.2601,28.8488],[106.2414,28.8323],[106.2431,28.7974],[106.2749,28.7741],[106.2673,28.745],[106.2995,28.7144],[106.3026,28.6453],[106.3437,28.5869],[106.3309,28.557],[106.3683,28.5296],[106.3823,28.5639],[106.4374,28.5634],[106.4657,28.5373],[106.5022,28.5462],[106.4629,28.59],[106.4909,28.6181],[106.5244,28.6814],[106.4879,28.7459],[106.4503,28.7795],[106.4483,28.8198],[106.4722,28.8287],[106.5583,28.7598],[106.5562,28.7241],[106.6105,28.684],[106.6293,28.6099],[106.603,28.5965],[106.6118,28.5529],[106.5563,28.5166],[106.5641,28.4872],[106.6179,28.5066],[106.6461,28.483],[106.6941,28.4802],[106.7224,28.4579],[106.7434,28.4699],[106.7216,28.5233],[106.7352,28.558],[106.7757,28.5675],[106.7535,28.613],[106.7808,28.6302],[106.8038,28.5926],[106.8632,28.6282],[106.8613,28.6936],[106.8495,28.7277],[106.8202,28.7576],[106.8416,28.7844],[106.8701,28.7826],[106.921,28.8139],[106.9459,28.7822],[106.9827,28.777],[106.9792,28.8541],[107.0823,28.876],[107.0877,28.8933],[107.1701,28.8854],[107.2132,28.7741],[107.2417,28.7636],[107.2554,28.7948],[107.3229,28.8122],[107.394,28.8649],[107.4304,28.9378],[107.3874,28.9985],[107.3597,29.0125],[107.3906,29.0431],[107.368,29.0966],[107.4064,29.0976],[107.4227,29.1323],[107.4038,29.1412],[107.3999,29.1833],[107.4359,29.2062],[107.4673,29.1738],[107.5273,29.1961],[107.5669,29.2197],[107.5852,29.1539],[107.6038,29.1695],[107.6951,29.145],[107.7279,29.1868],[107.7567,29.18],[107.8069,29.1435],[107.7815,29.0503],[107.8184,29.0348],[107.8055,28.9869],[107.8595,28.9663],[107.8804,29.0117],[107.9036,29.0093],[107.927,29.0396],[108.0193,29.0415],[108.0647,29.0899],[108.109,29.0776],[108.129,29.0557],[108.1922,29.0748],[108.2261,29.0502],[108.256,29.053],[108.2647,29.0937],[108.303,29.08],[108.2939,29.0513],[108.3142,28.9696],[108.3436,28.9431],[108.3516,28.8776],[108.3413,28.8599],[108.3484,28.8172],[108.3816,28.8079],[108.3822,28.7757],[108.3494,28.7417],[108.3282,28.6829],[108.4413,28.635],[108.4968,28.6313],[108.5579,28.6537],[108.5629,28.6676],[108.6326,28.6265],[108.6013,28.597],[108.6077,28.5446],[108.5734,28.5388],[108.5716,28.5026],[108.6053,28.4108],[108.5723,28.3881],[108.5756,28.3471],[108.6127,28.3276],[108.6638,28.3384],[108.6513,28.3595],[108.6618,28.3877],[108.6896,28.3981],[108.6846,28.4255],[108.6368,28.4587],[108.6404,28.4732],[108.7195,28.4959],[108.7244,28.4746],[108.7778,28.4305],[108.7573,28.3992],[108.7804,28.3828],[108.7633,28.3077],[108.7226,28.286],[108.7359,28.2288],[108.7721,28.222],[108.8177,28.2439],[108.8357,28.2047],[108.8903,28.2218],[108.9883,28.1617],[109.0223,28.2205],[109.0827,28.1863],[109.0984,28.219],[109.0752,28.2513],[109.0958,28.2672],[109.1376,28.3304],[109.1329,28.3629],[109.1856,28.4728],[109.2263,28.4787],[109.2699,28.4979],[109.2694,28.5417],[109.3008,28.5823],[109.3021,28.6237],[109.2827,28.6328],[109.2534,28.6097],[109.2295,28.6242],[109.2015,28.6058],[109.1917,28.6414],[109.2665,28.6743],[109.2482,28.695],[109.2905,28.7259],[109.2739,28.7547],[109.2377,28.7801],[109.2416,28.8254],[109.2311,28.8856],[109.2503,28.9113],[109.2586,28.9632],[109.2837,28.9767],[109.2914,29.0195],[109.3157,29.0473],[109.3077,29.0682],[109.2279,29.0963],[109.2286,29.1225],[109.2085,29.1475],[109.157,29.1825],[109.132,29.1718],[109.105,29.2176],[109.1348,29.274],[109.0987,29.2956],[109.1073,29.363],[109.0558,29.4051],[109.0338,29.3916],[109.0299,29.3627],[108.996,29.3664],[108.9797,29.3359],[108.9159,29.3292],[108.9297,29.4018],[108.9286,29.4341],[108.8693,29.4525],[108.8676,29.4918],[108.8845,29.5063],[108.8822,29.5557],[108.9076,29.5745],[108.8666,29.5989],[108.883,29.6345],[108.845,29.6557],[108.7795,29.6364],[108.7057,29.6824],[108.6764,29.7254],[108.6765,29.8042],[108.6641,29.8433],[108.6191,29.8702],[108.5986,29.8684],[108.5518,29.8212],[108.5209,29.7734],[108.5447,29.7481],[108.4865,29.7262],[108.4352,29.7433],[108.4372,29.7825],[108.4197,29.8183],[108.3639,29.8214],[108.3674,29.846],[108.4267,29.8848],[108.4604,29.8676],[108.5154,29.8779],[108.5136,29.9455],[108.5374,30.0021],[108.5115,30.0679],[108.5433,30.1115],[108.5628,30.161],[108.5478,30.1677],[108.5695,30.2414],[108.5302,30.2858],[108.4478,30.3561],[108.4024,30.3766],[108.4254,30.4187],[108.4066,30.44],[108.4095,30.4785],[108.5037,30.5072],[108.5512,30.4915],[108.5655,30.4751],[108.6454,30.5416],[108.6353,30.5793],[108.687,30.59],[108.6948,30.5478],[108.741,30.498],[108.7853,30.5173],[108.8056,30.4949],[108.8416,30.5095],[108.8891,30.5672],[108.9625,30.6269],[109.0513,30.6442],[109.1101,30.6466],[109.1086,30.6139],[109.0789,30.5994],[109.0908,30.5752],[109.143,30.5233],[109.1873,30.5479],[109.2781,30.6237],[109.3441,30.5748],[109.3562,30.5532],[109.3364,30.5298],[109.351,30.4895],[109.4193,30.5706],[109.4322,30.6001],[109.5232,30.6657],[109.5331,30.6395],[109.5699,30.649],[109.5846,30.6972],[109.6138,30.7015],[109.6576,30.734],[109.6526,30.7633],[109.7163,30.7853],[109.7127,30.8052],[109.7762,30.8512],[109.8143,30.8624],[109.8883,30.9023],[109.9517,30.8797],[110.0015,30.8845],[110.0144,30.8318],[110.0466,30.8019],[110.0771,30.8018],[110.1101,30.8475],[110.1465,30.9144],[110.1486,30.9563],[110.1681,30.982],[110.1321,30.992],[110.135,31.033],[110.117,31.0965],[110.141,31.1189],[110.1839,31.1314],[110.1944,31.1597],[110.1743,31.1827],[110.1697,31.2467],[110.1561,31.2541],[110.1527,31.3351],[110.1349,31.3932],[110.112,31.4151],[110.0504,31.4125],[109.9285,31.5213],[109.891,31.5203],[109.8329,31.5576],[109.732,31.5481],[109.7594,31.6053],[109.732,31.6305],[109.7231,31.6901],[109.6783,31.7214],[109.6168,31.7134],[109.5804,31.7285]]]},"properties":{"region_code":"CN-50","parent_region_code":"CN","name":"重庆市","level":"province","has_children":true,"full_path":"中国 / 重庆市","source_admin_code":"50","osm_relation_id":913069}},
{"type":"Feature","geometry":{"type":"Polygon","coordinates":[[[108.5043,32.2037],[108.5027,32.2473],[108.4663,32.2727],[108.4107,32.2541],[108.3853,32.2648],[108.3442,32.2555],[108.3073,32.2331],[108.2375,32.2761],[108.1759,32.2228],[108.1512,32.2409],[108.1217,32.2187],[108.0859,32.2349],[108.0137,32.2127],[108.0199,32.178],[107.9815,32.1455],[107.8856,32.2154],[107.8607,32.2029],[107.8305,32.2257],[107.7455,32.3392],[107.7108,32.3286],[107.6916,32.3761],[107.6425,32.4153],[107.5956,32.4134],[107.5207,32.3836],[107.4859,32.4275],[107.4518,32.4199],[107.4545,32.46],[107.435,32.468],[107.4302,32.536],[107.3731,32.541],[107.3426,32.5126],[107.2841,32.4797],[107.2671,32.4072],[107.2035,32.4359],[107.1721,32.4825],[107.1223,32.4811],[107.0755,32.5444],[107.1,32.5929],[107.083,32.6699],[107.0582,32.6776],[107.0621,32.7099],[107.026,32.7216],[106.9825,32.7127],[106.948,32.7184],[106.9128,32.7055],[106.8684,32.7262],[106.8188,32.7065],[106.7795,32.7384],[106.7279,32.7404],[106.6672,32.6961],[106.6251,32.6836],[106.5855,32.691],[106.4626,32.6547],[106.4173,32.6187],[106.3434,32.6731],[106.2557,32.696],[106.1721,32.6976],[106.1417,32.72],[106.1085,32.7234],[106.0693,32.7547],[106.0617,32.7842],[106.0967,32.795],[106.0426,32.8657],[106.0081,32.8308],[105.9613,32.8502],[105.9241,32.8275],[105.8888,32.8403],[105.8245,32.8037],[105.8007,32.7616],[105.7673,32.7696],[105.7162,32.7603],[105.6741,32.7288],[105.6234,32.7061],[105.5913,32.7049],[105.5855,32.7304],[105.5536,32.7356],[105.5615,32.7701],[105.5127,32.8614],[105.4892,32.8895],[105.4954,32.9132],[105.4633,32.9321],[105.4283,32.9349],[105.3835,32.875],[105.3876,32.8377],[105.4496,32.7385],[105.3611,32.7118],[105.3443,32.6869],[105.2614,32.6545],[105.2115,32.6623],[105.1935,32.6242],[105.1398,32.6026],[105.1051,32.5987],[105.0739,32.6405],[105.024,32.6525],[104.9099,32.6073],[104.8815,32.6052],[104.8631,32.6364],[104.8264,32.6655],[104.7906,32.6467],[104.7244,32.6462],[104.6932,32.6774],[104.6402,32.6662],[104.5886,32.7002],[104.5811,32.7242],[104.5319,32.7272],[104.5084,32.7563],[104.4622,32.7505],[104.3691,32.8096],[104.3563,32.8263],[104.2919,32.8382],[104.2746,32.9031],[104.3028,32.9537],[104.3413,32.9429],[104.3712,32.9524],[104.3808,32.9962],[104.4168,33.0104],[104.4126,33.0339],[104.3635,33.0308],[104.3323,33.0468],[104.3741,33.1099],[104.349,33.1765],[104.3212,33.2265],[104.3267,33.2531],[104.3092,33.3074],[104.3831,33.3011],[104.4109,33.3285],[104.3557,33.347],[104.3305,33.331],[104.2935,33.333],[104.2682,33.3948],[104.2206,33.4055],[104.2154,33.4441],[104.1775,33.478],[104.1527,33.5442],[104.1788,33.5793],[104.1672,33.6135],[104.1137,33.6585],[104.0463,33.6877],[103.9718,33.676],[103.9279,33.6842],[103.8204,33.681],[103.7669,33.6586],[103.646,33.7122],[103.5828,33.7158],[103.5488,33.6732],[103.518,33.6799],[103.5434,33.7211],[103.5297,33.8015],[103.4741,33.8119],[103.4459,33.7847],[103.4388,33.7517],[103.3743,33.7524],[103.3346,33.7398],[103.2758,33.7756],[103.2863,33.7984],[103.2472,33.8168],[103.2022,33.7949],[103.1497,33.8169],[103.1631,33.8693],[103.1841,33.904],[103.1431,33.9268],[103.1164,33.9557],[103.1578,34.0093],[103.1277,34.0691],[103.1782,34.0874],[103.1222,34.1192],[103.1218,34.163],[103.0627,34.2006],[103.0082,34.1848],[102.9802,34.1971],[102.9839,34.2317],[102.9497,34.2924],[102.915,34.3122],[102.8592,34.3041],[102.8545,34.272],[102.7973,34.2744],[102.7761,34.2372],[102.7288,34.2371],[102.6936,34.1995],[102.6586,34.192],[102.5986,34.1462],[102.6632,34.1128],[102.6458,34.0832],[102.6036,34.103],[102.5645,34.0896],[102.5105,34.0877],[102.473,34.0734],[102.4378,34.0875],[102.4028,34.0315],[102.3904,33.972],[102.3423,33.9713],[102.3149,33.995],[102.2737,33.9935],[102.2212,33.9656],[102.1656,33.9843],[102.1543,33.9489],[102.2666,33.839],[102.2488,33.7887],[102.3021,33.7831],[102.3213,33.7617],[102.2858,33.72],[102.3325,33.7139],[102.3144,33.6766],[102.3467,33.6066],[102.3847,33.6004],[102.4045,33.5821],[102.4475,33.5705],[102.4743,33.5332],[102.4505,33.4853],[102.4818,33.4635],[102.4034,33.4282],[102.3946,33.4084],[102.3437,33.414],[102.314,33.3989],[102.2701,33.4112],[102.2337,33.3718],[102.1854,33.3339],[102.2159,33.2498],[102.2068,33.2268],[102.1606,33.2427],[102.1407,33.2767],[102.1144,33.2859],[102.0811,33.196],[101.9787,33.2033],[101.9332,33.1885],[101.9241,33.1605],[101.8826,33.1359],[101.8636,33.1052],[101.8245,33.1211],[101.8405,33.187],[101.8281,33.2141],[101.7688,33.2488],[101.7688,33.2706],[101.8316,33.2926],[101.8702,33.3302],[101.8857,33.3864],[101.9124,33.4069],[101.9276,33.4719],[101.9053,33.483],[101.8967,33.5178],[101.9062,33.5446],[101.888,33.575],[101.8326,33.5932],[101.8287,33.5569],[101.7803,33.5574],[101.7671,33.5398],[101.7738,33.4916],[101.7571,33.4471],[101.6949,33.4363],[101.6617,33.3829],[101.6502,33.321],[101.6766,33.2991],[101.7339,33.283],[101.7171,33.2232],[101.6807,33.2013],[101.6597,33.1384],[101.6318,33.1025],[101.6105,33.1157],[101.501,33.2102],[101.4301,33.2335],[101.358,33.1828],[101.3277,33.2386],[101.2962,33.2646],[101.2253,33.2735],[101.171,33.2646],[101.123,33.2235],[101.1141,33.1972],[101.1549,33.1499],[101.168,33.0991],[101.142,33.0875],[101.1449,33.0587],[101.1837,33.0437],[101.1703,33.0105],[101.1278,32.9916],[101.1327,32.9547],[101.1224,32.9111],[101.1753,32.8957],[101.2181,32.8648],[101.2366,32.8296],[101.2225,32.7727],[101.2204,32.723],[101.1581,32.6619],[101.0837,32.6737],[101.0312,32.6624],[100.9996,32.6308],[100.9143,32.6192],[100.838,32.6509],[100.783,32.6418],[100.6908,32.6778],[100.7201,32.6252],[100.6738,32.628],[100.6577,32.6093],[100.6599,32.5602],[100.6453,32.5279],[100.6152,32.5466],[100.5435,32.5727],[100.5103,32.6116],[100.5156,32.6343],[100.4435,32.6972],[100.4201,32.732],[100.3716,32.7452],[100.3366,32.7197],[100.2609,32.7438],[100.2381,32.7241],[100.2296,32.655],[100.2136,32.6174],[100.1903,32.6318],[100.129,32.6338],[100.0874,32.6724],[100.1251,32.7167],[100.135,32.7457],[100.1185,32.7861],[100.1103,32.8628],[100.0873,32.8662],[100.066,32.8969],[100.0263,32.8993],[100.04,32.9328],[99.971,32.9405],[99.9482,32.9863],[99.8781,33.0476],[99.8771,32.9946],[99.8504,32.9426],[99.772,32.9504],[99.7919,32.8865],[99.7726,32.8502],[99.7627,32.7795],[99.7166,32.7348],[99.7071,32.7635],[99.6062,32.7831],[99.5584,32.8404],[99.45,32.8638],[99.3821,32.9033],[99.3535,32.8874],[99.2682,32.8802],[99.2144,32.9901],[99.2022,33.0292],[99.178,33.0466],[99.1337,33.0529],[99.0613,33.0887],[99.016,33.0825],[98.97,33.1015],[98.9673,33.1171],[98.9048,33.125],[98.8596,33.1513],[98.8022,33.2218],[98.8022,33.2723],[98.7586,33.2797],[98.7797,33.3724],[98.734,33.4107],[98.7419,33.48],[98.6471,33.5593],[98.662,33.5897],[98.6208,33.6122],[98.6155,33.6371],[98.6493,33.6598],[98.6104,33.685],[98.5823,33.7319],[98.4943,33.7705],[98.4811,33.8241],[98.4615,33.8507],[98.405,33.868],[98.4249,33.9145],[98.4149,33.9586],[98.4399,33.9828],[98.4275,34.0305],[98.3911,34.0578],[98.4012,34.0892],[98.3381,34.0963],[98.2558,34.0848],[98.2058,34.0858],[98.1567,34.1089],[98.0974,34.1244],[98.0497,34.1162],[97.9541,34.1922],[97.9011,34.2111],[97.8192,34.2093],[97.7829,34.1699],[97.6658,34.1291],[97.6631,34.1162],[97.7026,34.0598],[97.6869,34.0184],[97.6523,34.0002],[97.6594,33.9581],[97.629,33.9216],[97.6015,33.9319],[97.5245,33.9044],[97.503,33.9137],[97.46,33.8889],[97.3888,33.8814],[97.3973,33.8498],[97.368,33.8257],[97.3999,33.8056],[97.4224,33.7565],[97.4216,33.7111],[97.4345,33.684],[97.4052,33.6301],[97.415,33.6071],[97.4611,33.5833],[97.5102,33.5843],[97.5115,33.5213],[97.5522,33.4676],[97.6252,33.4635],[97.7529,33.412],[97.7083,33.3675],[97.6212,33.3363],[97.6088,33.2703],[97.5762,33.2255],[97.4943,33.1697],[97.4872,33.1087],[97.5164,33.0996],[97.5416,33.0397],[97.5152,33.0236],[97.5057,32.9835],[97.4466,32.9783],[97.3607,32.9489],[97.3685,32.9293],[97.3544,32.8896],[97.3929,32.8324],[97.3807,32.7969],[97.4224,32.7081],[97.4824,32.6561],[97.5122,32.6515],[97.5437,32.6241],[97.6079,32.6152],[97.6306,32.5775],[97.6764,32.5494],[97.7306,32.5297],[97.7965,32.523],[97.8821,32.4883],[97.9359,32.4872],[98.0242,32.4461],[98.0415,32.4297],[98.1974,32.3617],[98.2295,32.27],[98.219,32.2367],[98.2418,32.2286],[98.2959,32.1525],[98.3013,32.1269],[98.4023,32.0496],[98.4052,32.0253],[98.4358,32.0055],[98.4325,31.9253],[98.4028,31.913],[98.4139,31.8349],[98.462,31.8015],[98.5091,31.7533],[98.5178,31.7187],[98.5482,31.7155],[98.5538,31.6601],[98.5841,31.6381],[98.6211,31.5925],[98.6499,31.5819],[98.6952,31.5436],[98.7142,31.5113],[98.8443,31.4325],[98.8868,31.3775],[98.8102,31.3095],[98.805,31.2808],[98.7709,31.2594],[98.6919,31.3353],[98.6441,31.3413],[98.6167,31.3078],[98.6035,31.2396],[98.6229,31.2241],[98.6039,31.1874],[98.6382,31.1819],[98.6735,31.1587],[98.7103,31.1198],[98.7118,31.0841],[98.7367,31.051],[98.7946,31.0156],[98.8063,30.9813],[98.7747,30.9115],[98.7954,30.8827],[98.8505,30.8507],[98.9011,30.7889],[98.9529,30.7721],[98.9635,30.7368],[98.9072,30.7017],[98.926,30.573],[98.9444,30.4846],[98.965,30.4539],[98.9732,30.4024],[98.9674,30.3373],[98.9844,30.278],[98.9689,30.2572],[98.9919,30.2182],[98.9809,30.187],[98.9891,30.1545],[99.0449,30.0823],[99.0336,30.0235],[99.054,29.9619],[99.0525,29.8977],[99.0122,29.8156],[99.0178,29.7913],[98.9993,29.7378],[98.9908,29.6629],[99.0138,29.6101],[99.0489,29.5697],[99.0482,29.4951],[99.0663,29.4226],[99.067,29.3414],[99.0854,29.2932],[99.1142,29.2452],[99.1132,29.2247],[99.1172,29.1056],[99.113,29.0755],[99.1314,28.9512],[99.1229,28.8932],[99.1034,28.8456],[99.1135,28.7652],[99.1331,28.7373],[99.128,28.6968],[99.1459,28.6447],[99.1634,28.6376],[99.1827,28.5917],[99.1688,28.5685],[99.191,28.4973],[99.1862,28.4431],[99.1737,28.4056],[99.2296,28.3529],[99.2379,28.321],[99.2784,28.3029],[99.3045,28.2508],[99.3596,28.185],[99.3849,28.207],[99.4168,28.2867],[99.3918,28.322],[99.4361,28.4115],[99.4118,28.4222],[99.4199,28.4544],[99.3942,28.4963],[99.4035,28.5505],[99.4636,28.5546],[99.4636,28.5803],[99.4959,28.6075],[99.5307,28.6185],[99.5507,28.7098],[99.6021,28.7315],[99.6088,28.7888],[99.624,28.8167],[99.6758,28.8146],[99.6979,28.8376],[99.7236,28.8145],[99.7209,28.7631],[99.7313,28.725],[99.7579,28.7045],[99.7935,28.7034],[99.8408,28.6623],[99.8462,28.6327],[99.9323,28.5925],[99.9849,28.5285],[99.9961,28.4711],[100.0737,28.4285],[100.0526,28.3793],[100.1336,28.3547],[100.1713,28.324],[100.1489,28.2845],[100.1881,28.2557],[100.1493,28.2099],[100.0598,28.1961],[100.0322,28.1762],[100.0383,28.1345],[100.0853,28.0337],[100.1215,28.0204],[100.1949,27.9408],[100.1686,27.911],[100.2093,27.8807],[100.2567,27.8684],[100.2937,27.873],[100.3073,27.8338],[100.3016,27.7957],[100.3109,27.7273],[100.3346,27.7269],[100.3478,27.7581],[100.4049,27.8078],[100.4323,27.8686],[100.4728,27.8624],[100.5189,27.8247],[100.5548,27.8253],[100.6088,27.8626],[100.6321,27.9183],[100.6798,27.9262],[100.7053,27.8449],[100.7079,27.8024],[100.756,27.7729],[100.7745,27.7462],[100.7801,27.6967],[100.8473,27.6743],[100.8432,27.6195],[100.8861,27.5719],[100.9102,27.5245],[100.9009,27.4892],[100.9355,27.4726],[100.9566,27.4436],[100.9615,27.4079],[101.0185,27.3475],[101.0068,27.3167],[101.0304,27.2992],[101.0237,27.2755],[101.0394,27.2253],[101.0705,27.1977],[101.118,27.2123],[101.166,27.2028],[101.1689,27.1758],[101.1435,27.1087],[101.1561,27.0998],[101.1352,27.026],[101.2255,26.9874],[101.2332,26.9567],[101.2661,26.9067],[101.3099,26.9066],[101.3234,26.8911],[101.3644,26.8876],[101.3981,26.8463],[101.3666,26.7704],[101.4135,26.7246],[101.4583,26.7511],[101.4644,26.7913],[101.4988,26.7725],[101.4516,26.6991],[101.4774,26.6753],[101.4488,26.6038],[101.4018,26.6088],[101.3934,26.5638],[101.4553,26.5004],[101.5084,26.5006],[101.5262,26.4706],[101.5596,26.4598],[101.5838,26.4304],[101.6355,26.3995],[101.6281,26.3613],[101.6611,26.3524],[101.6386,26.3219],[101.6111,26.3183],[101.584,26.2843],[101.6265,26.2301],[101.6665,26.2334],[101.7419,26.2224],[101.77,26.1816],[101.8035,26.1642],[101.7963,26.1171],[101.8384,26.0865],[101.8576,26.0543],[101.9003,26.1086],[101.9519,26.0888],[102.0215,26.1011],[102.0653,26.0682],[102.1061,26.0716],[102.1326,26.11],[102.15,26.112],[102.1734,26.15],[102.2418,26.1957],[102.2641,26.2249],[102.3098,26.2307],[102.3522,26.2506],[102.391,26.2998],[102.4324,26.3023],[102.5313,26.3373],[102.564,26.368],[102.6288,26.3401],[102.6377,26.3126],[102.6112,26.2873],[102.6204,26.2488],[102.6716,26.2091],[102.712,26.2149],[102.7398,26.2733],[102.7831,26.3017],[102.8326,26.311],[102.8667,26.3439],[102.9714,26.3437],[102.9966,26.375],[102.9874,26.4082],[102.9978,26.4495],[102.9879,26.4847],[103.0309,26.4901],[103.0504,26.5182],[103.0166,26.5971],[103.0284,26.6062],[103.0255,26.6662],[103.0034,26.6822],[102.9961,26.7235],[102.9627,26.843],[102.9467,26.8473],[102.9024,26.9092],[102.8876,26.9577],[102.894,27.0034],[102.8695,27.03],[102.8972,27.0799],[102.9104,27.1492],[102.899,27.2406],[102.8815,27.2631],[102.882,27.3023],[102.8981,27.3201],[102.9424,27.4136],[102.9832,27.3709],[103.0191,27.3834],[103.0522,27.4121],[103.109,27.4037],[103.1428,27.4309],[103.1419,27.4543],[103.2076,27.5366],[103.2199,27.5692],[103.2931,27.5686],[103.2892,27.6375],[103.3887,27.7135],[103.4973,27.8165],[103.5076,27.8466],[103.5003,27.9134],[103.5372,27.9555],[103.4932,27.9997],[103.493,28.028],[103.4453,28.029],[103.43,28.0738],[103.4692,28.126],[103.5303,28.1709],[103.5685,28.2327],[103.6042,28.2414],[103.6372,28.2662],[103.6902,28.2355],[103.7666,28.2363],[103.8707,28.3062],[103.8746,28.3251],[103.8517,28.357],[103.8583,28.3883],[103.8276,28.4427],[103.8101,28.4971],[103.7797,28.5283],[103.7993,28.565],[103.8335,28.5858],[103.8334,28.6274],[103.8468,28.6694],[103.8854,28.6235],[103.9119,28.6355],[103.9461,28.6039],[104.0607,28.6305],[104.0926,28.606],[104.1214,28.6401],[104.163,28.6439],[104.2985,28.6369],[104.3197,28.6215],[104.3713,28.6527],[104.409,28.6406],[104.4081,28.6002],[104.3659,28.5893],[104.3562,28.5605],[104.3216,28.5448],[104.2475,28.5335],[104.2684,28.4706],[104.2531,28.4033],[104.2762,28.3513],[104.3161,28.3113],[104.3531,28.3414],[104.382,28.3333],[104.3913,28.2963],[104.4285,28.2774],[104.4589,28.2453],[104.4364,28.2133],[104.3995,28.2034],[104.4027,28.1768],[104.4462,28.1573],[104.4461,28.1174],[104.3974,28.0975],[104.3724,28.0556],[104.34,28.0623],[104.3007,28.0542],[104.3244,28.0282],[104.3513,28.0233],[104.3954,27.9558],[104.4527,27.9271],[104.4702,27.9077],[104.5261,27.8926],[104.5575,27.8715],[104.5722,27.8437],[104.6142,27.8627],[104.6319,27.8541],[104.6773,27.8856],[104.7508,27.9049],[104.7597,27.8871],[104.8103,27.9059],[104.8852,27.9168],[104.9103,27.9395],[104.8994,27.968],[104.9713,28.023],[104.9791,28.0659],[105.0263,28.0798],[105.0409,28.1003],[105.1407,28.0698],[105.177,28.0717],[105.1651,28.029],[105.1743,28.0046],[105.2177,27.9946],[105.2664,27.9998],[105.2828,27.9417],[105.2644,27.9173],[105.2304,27.9002],[105.2462,27.8454],[105.2845,27.8105],[105.2868,27.716],[105.3053,27.7085],[105.3479,27.7496],[105.4377,27.7789],[105.5056,27.7724],[105.5551,27.7239],[105.6027,27.7186],[105.6214,27.6693],[105.661,27.6874],[105.6982,27.6803],[105.7189,27.7092],[105.7763,27.7227],[105.8409,27.7089],[105.8647,27.7356],[105.9055,27.7498],[105.927,27.7318],[105.9807,27.7518],[106.0214,27.751],[106.0609,27.7808],[106.1213,27.7829],[106.191,27.7578],[106.2392,27.7703],[106.3069,27.8138],[106.3344,27.8607],[106.3044,27.9405],[106.3246,27.9611],[106.2824,28.0104],[106.2461,28.0132],[106.2396,28.0324],[106.2632,28.0696],[106.2038,28.1384],[106.1238,28.1697],[106.0838,28.1644],[106.0096,28.1233],[105.9728,28.1119],[105.9658,28.1357],[105.9051,28.1368],[105.8892,28.1232],[105.8561,28.1697],[105.8865,28.2399],[105.8469,28.2567],[105.8205,28.3099],[105.7721,28.3175],[105.7363,28.3086],[105.7267,28.2751],[105.6844,28.2874],[105.6661,28.3151],[105.6355,28.3256],[105.6506,28.3658],[105.6425,28.4293],[105.6076,28.4425],[105.6058,28.4771],[105.6244,28.5114],[105.6802,28.5379],[105.6894,28.5922],[105.7144,28.5913],[105.7403,28.6201],[105.8311,28.6027],[105.8919,28.6196],[105.8993,28.6723],[105.9749,28.7466],[106.0015,28.7453],[106.1068,28.633],[106.1238,28.6465],[106.1605,28.6392],[106.1853,28.5824],[106.218,28.5747],[106.26,28.5402],[106.287,28.5398],[106.301,28.507],[106.3448,28.4776],[106.3735,28.4818],[106.3683,28.5296],[106.3309,28.557],[106.3437,28.5869],[106.3026,28.6453],[106.2995,28.7144],[106.2673,28.745],[106.2749,28.7741],[106.2431,28.7974],[106.2414,28.8323],[106.2601,28.8488],[106.1991,28.9066],[106.171,28.9196],[106.1436,28.9067],[106.0878,28.9028],[106.0683,28.9234],[106.0332,28.916],[106.0363,28.9589],[106.0122,28.9565],[105.978,28.9833],[105.9429,28.9442],[105.9161,28.9339],[105.9029,28.9033],[105.8716,28.9388],[105.8419,28.934],[105.7622,28.9879],[105.7629,29.0169],[105.7395,29.0457],[105.754,29.0721],[105.7247,29.1012],[105.7321,29.132],[105.7051,29.1809],[105.7086,29.2231],[105.6945,29.2697],[105.6441,29.2563],[105.6078,29.2728],[105.5547,29.2799],[105.5183,29.2682],[105.5029,29.2882],[105.472,29.282],[105.4641,29.3217],[105.4165,29.3172],[105.4143,29.3545],[105.4342,29.3684],[105.4403,29.4019],[105.3731,29.4609],[105.3591,29.4482],[105.3183,29.4785],[105.3165,29.515],[105.2868,29.5556],[105.3074,29.598],[105.3442,29.6241],[105.3773,29.6309],[105.382,29.6668],[105.4166,29.6905],[105.4728,29.6775],[105.4754,29.719],[105.526,29.7095],[105.5721,29.7477],[105.5804,29.8153],[105.6226,29.84],[105.7053,29.8433],[105.7303,29.8629],[105.7288,29.8897],[105.7011,29.9255],[105.7276,29.9593],[105.72,29.9773],[105.7481,30.0248],[105.6829,30.0474],[105.638,30.0759],[105.6243,30.1082],[105.5937,30.1118],[105.533,30.1678],[105.6295,30.1866],[105.6328,30.2223],[105.6154,30.2381],[105.6202,30.2769],[105.6673,30.2568],[105.714,30.2548],[105.7115,30.326],[105.7505,30.3448],[105.7965,30.4301],[105.8271,30.4351],[105.8343,30.4066],[105.8959,30.4084],[105.9373,30.3751],[106.0276,30.3767],[106.0393,30.3532],[106.1017,30.3138],[106.1298,30.3199],[106.1663,30.306],[106.1683,30.2555],[106.1883,30.2195],[106.2628,30.1946],[106.2873,30.2197],[106.3674,30.2505],[106.409,30.2469],[106.4138,30.2809],[106.4413,30.3092],[106.5073,30.2924],[106.5515,30.3183],[106.6082,30.2954],[106.6315,30.2679],[106.6226,30.2015],[106.6739,30.1604],[106.668,30.1271],[106.6989,30.1209],[106.6959,30.0763],[106.7228,30.0565],[106.7277,30.0294],[106.7645,30.0183],[106.7952,30.0331],[106.8994,30.0332],[106.9525,30.0561],[106.9799,30.088],[107.0198,30.037],[107.037,30.0572],[107.0807,30.0668],[107.0783,30.097],[107.1951,30.1939],[107.2377,30.2443],[107.2828,30.3372],[107.3343,30.3897],[107.3406,30.4276],[107.3637,30.4709],[107.4234,30.5513],[107.4811,30.6003],[107.5127,30.6503],[107.4723,30.6669],[107.4199,30.7448],[107.4721,30.8011],[107.4796,30.8401],[107.5718,30.8514],[107.6116,30.8415],[107.6396,30.815],[107.6825,30.8716],[107.7117,30.8924],[107.7381,30.8849],[107.7603,30.8186],[107.779,30.8214],[107.8447,30.7943],[107.8904,30.8353],[107.9503,30.8732],[107.9913,30.9113],[107.9405,30.9268],[107.9389,30.992],[107.9812,30.9866],[108.0003,31.0264],[108.0495,31.0433],[108.0222,31.0634],[108.0183,31.0956],[108.0305,31.1386],[108.0855,31.201],[108.0586,31.2284],[108.0275,31.2194],[108.0173,31.2473],[108.0893,31.2762],[108.1776,31.3287],[108.1759,31.3544],[108.1499,31.3757],[108.2124,31.4135],[108.188,31.4946],[108.232,31.5096],[108.3192,31.504],[108.3448,31.52],[108.3459,31.5505],[108.3851,31.5479],[108.3844,31.5916],[108.4264,31.6305],[108.4884,31.6442],[108.5235,31.687],[108.5156,31.7285],[108.5305,31.7592],[108.4466,31.7888],[108.3914,31.8268],[108.38,31.8496],[108.3385,31.8647],[108.3038,31.9082],[108.2783,31.9191],[108.2636,31.987],[108.3033,31.9993],[108.3492,31.977],[108.3662,31.9907],[108.3237,32.0205],[108.3605,32.0384],[108.371,32.0795],[108.4253,32.0622],[108.4344,32.097],[108.3751,32.1781],[108.4019,32.1981],[108.4752,32.1833],[108.5043,32.2037]]]},"properties":{"region_code":"CN-51","parent_region_code":"CN","name":"四川省","level":"province","has_children":true,"full_path":"中国 / 四川省","source_admin_code":"51","osm_relation_id":913068}},
{"type":"Feature","geometry":{"type":"Polygon","coordinates":[[[109.2699,28.4979],[109.2263,28.4787],[109.1856,28.4728],[109.1329,28.3629],[109.1376,28.3304],[109.0958,28.2672],[109.0752,28.2513],[109.0984,28.219],[109.0827,28.1863],[109.0223,28.2205],[108.9883,28.1617],[108.8903,28.2218],[108.8357,28.2047],[108.8177,28.2439],[108.7721,28.222],[108.7359,28.2288],[108.7226,28.286],[108.7633,28.3077],[108.7804,28.3828],[108.7573,28.3992],[108.7778,28.4305],[108.7244,28.4746],[108.7195,28.4959],[108.6404,28.4732],[108.6368,28.4587],[108.6846,28.4255],[108.6896,28.3981],[108.6618,28.3877],[108.6513,28.3595],[108.6638,28.3384],[108.6127,28.3276],[108.5756,28.3471],[108.5723,28.3881],[108.6053,28.4108],[108.5716,28.5026],[108.5734,28.5388],[108.6077,28.5446],[108.6013,28.597],[108.6326,28.6265],[108.5629,28.6676],[108.5579,28.6537],[108.4968,28.6313],[108.4413,28.635],[108.3282,28.6829],[108.3494,28.7417],[108.3822,28.7757],[108.3816,28.8079],[108.3484,28.8172],[108.3413,28.8599],[108.3516,28.8776],[108.3436,28.9431],[108.3142,28.9696],[108.2939,29.0513],[108.303,29.08],[108.2647,29.0937],[108.256,29.053],[108.2261,29.0502],[108.1922,29.0748],[108.129,29.0557],[108.109,29.0776],[108.0647,29.0899],[108.0193,29.0415],[107.927,29.0396],[107.9036,29.0093],[107.8804,29.0117],[107.8595,28.9663],[107.8055,28.9869],[107.8184,29.0348],[107.7815,29.0503],[107.8069,29.1435],[107.7567,29.18],[107.7279,29.1868],[107.6951,29.145],[107.6038,29.1695],[107.5852,29.1539],[107.5669,29.2197],[107.5273,29.1961],[107.4673,29.1738],[107.4359,29.2062],[107.3999,29.1833],[107.4038,29.1412],[107.4227,29.1323],[107.4064,29.0976],[107.368,29.0966],[107.3906,29.0431],[107.3597,29.0125],[107.3874,28.9985],[107.4304,28.9378],[107.394,28.8649],[107.3229,28.8122],[107.2554,28.7948],[107.2417,28.7636],[107.2132,28.7741],[107.1701,28.8854],[107.0877,28.8933],[107.0823,28.876],[106.9792,28.8541],[106.9827,28.777],[106.9459,28.7822],[106.921,28.8139],[106.8701,28.7826],[106.8416,28.7844],[106.8202,28.7576],[106.8495,28.7277],[106.8613,28.6936],[106.8632,28.6282],[106.8038,28.5926],[106.7808,28.6302],[106.7535,28.613],[106.7757,28.5675],[106.7352,28.558],[106.7216,28.5233],[106.7434,28.4699],[106.7224,28.4579],[106.6941,28.4802],[106.6461,28.483],[106.6179,28.5066],[106.5641,28.4872],[106.5563,28.5166],[106.6118,28.5529],[106.603,28.5965],[106.6293,28.6099],[106.6105,28.684],[106.5562,28.7241],[106.5583,28.7598],[106.4722,28.8287],[106.4483,28.8198],[106.4503,28.7795],[106.4879,28.7459],[106.5244,28.6814],[106.4909,28.6181],[106.4629,28.59],[106.5022,28.5462],[106.4657,28.5373],[106.4374,28.5634],[106.3823,28.5639],[106.3683,28.5296],[106.3735,28.4818],[106.3448,28.4776],[106.301,28.507],[106.287,28.5398],[106.26,28.5402],[106.218,28.5747],[106.1853,28.5824],[106.1605,28.6392],[106.1238,28.6465],[106.1068,28.633],[106.0015,28.7453],[105.9749,28.7466],[105.8993,28.6723],[105.8919,28.6196],[105.8311,28.6027],[105.7403,28.6201],[105.7144,28.5913],[105.6894,28.5922],[105.6802,28.5379],[105.6244,28.5114],[105.6058,28.4771],[105.6076,28.4425],[105.6425,28.4293],[105.6506,28.3658],[105.6355,28.3256],[105.6661,28.3151],[105.6844,28.2874],[105.7267,28.2751],[105.7363,28.3086],[105.7721,28.3175],[105.8205,28.3099],[105.8469,28.2567],[105.8865,28.2399],[105.8561,28.1697],[105.8892,28.1232],[105.9051,28.1368],[105.9658,28.1357],[105.9728,28.1119],[106.0096,28.1233],[106.0838,28.1644],[106.1238,28.1697],[106.2038,28.1384],[106.2632,28.0696],[106.2396,28.0324],[106.2461,28.0132],[106.2824,28.0104],[106.3246,27.9611],[106.3044,27.9405],[106.3344,27.8607],[106.3069,27.8138],[106.2392,27.7703],[106.191,27.7578],[106.1213,27.7829],[106.0609,27.7808],[106.0214,27.751],[105.9807,27.7518],[105.927,27.7318],[105.9055,27.7498],[105.8647,27.7356],[105.8409,27.7089],[105.7763,27.7227],[105.7189,27.7092],[105.6982,27.6803],[105.661,27.6874],[105.6214,27.6693],[105.6027,27.7186],[105.5551,27.7239],[105.5056,27.7724],[105.4377,27.7789],[105.3479,27.7496],[105.3053,27.7085],[105.3024,27.6168],[105.244,27.5832],[105.236,27.5608],[105.258,27.5199],[105.2303,27.4913],[105.2361,27.4714],[105.2218,27.4221],[105.1915,27.387],[105.1291,27.4203],[105.0811,27.4234],[105.0274,27.4031],[104.9967,27.3731],[104.9595,27.361],[104.8692,27.294],[104.8472,27.3079],[104.8426,27.3458],[104.8006,27.3488],[104.772,27.3181],[104.7513,27.3497],[104.6803,27.3362],[104.6746,27.3224],[104.589,27.3182],[104.5386,27.3406],[104.4864,27.4188],[104.4152,27.4386],[104.4091,27.4576],[104.3608,27.4707],[104.2933,27.3777],[104.2459,27.3398],[104.2576,27.3105],[104.1883,27.2815],[104.1718,27.2664],[104.1291,27.3099],[104.1122,27.3411],[104.0832,27.3341],[104.018,27.3803],[104.013,27.4324],[103.9256,27.4176],[103.9027,27.3866],[103.9016,27.3503],[103.8736,27.3364],[103.8588,27.2886],[103.7831,27.2421],[103.7255,27.1806],[103.696,27.1308],[103.6719,27.1349],[103.6258,27.1208],[103.6517,27.096],[103.6157,27.0836],[103.6003,27.0618],[103.6362,27.0163],[103.6725,27.0547],[103.703,27.0528],[103.7298,27.0236],[103.7521,26.9663],[103.7753,26.9378],[103.7613,26.9103],[103.7783,26.878],[103.72,26.8543],[103.7035,26.7984],[103.724,26.7462],[103.7719,26.7219],[103.7572,26.6894],[103.7598,26.6539],[103.7467,26.6272],[103.7621,26.5894],[103.8632,26.5161],[103.9156,26.5153],[103.9542,26.5249],[104.0085,26.5146],[104.0716,26.5259],[104.0624,26.5631],[104.1259,26.6473],[104.2287,26.6241],[104.289,26.6362],[104.3151,26.6173],[104.3554,26.6292],[104.4192,26.7149],[104.4652,26.6476],[104.4582,26.605],[104.501,26.593],[104.5541,26.5945],[104.5771,26.5721],[104.5684,26.5287],[104.6126,26.513],[104.6382,26.4813],[104.631,26.4545],[104.6628,26.4386],[104.6692,26.3897],[104.6577,26.3385],[104.5905,26.3198],[104.5406,26.2572],[104.5476,26.2193],[104.5178,26.1724],[104.525,26.1053],[104.4712,26.0568],[104.4681,26.0139],[104.4415,25.9621],[104.4361,25.9308],[104.4123,25.9155],[104.4383,25.8725],[104.3962,25.7654],[104.3704,25.7326],[104.3283,25.7635],[104.307,25.6633],[104.3363,25.6014],[104.3664,25.5875],[104.4025,25.5975],[104.4264,25.578],[104.4339,25.5235],[104.4487,25.4998],[104.4818,25.4979],[104.5134,25.5244],[104.5531,25.507],[104.5399,25.4628],[104.5365,25.4068],[104.5637,25.4062],[104.6452,25.3472],[104.6425,25.2955],[104.6923,25.2985],[104.7075,25.2848],[104.7869,25.2578],[104.8093,25.2667],[104.7995,25.1671],[104.764,25.2087],[104.7232,25.1977],[104.7322,25.1753],[104.6935,25.126],[104.6831,25.0567],[104.7117,25.0004],[104.6616,24.9678],[104.6343,24.9074],[104.5877,24.8798],[104.5702,24.8473],[104.5382,24.8168],[104.5402,24.7583],[104.5274,24.7343],[104.557,24.7311],[104.5981,24.6997],[104.6306,24.6616],[104.6961,24.6527],[104.7113,24.6246],[104.7403,24.6242],[104.7619,24.6604],[104.8407,24.6804],[104.8653,24.7373],[104.9037,24.7587],[104.9856,24.7752],[105.0309,24.7913],[105.0246,24.8218],[105.0369,24.8776],[105.0721,24.9195],[105.13,24.965],[105.1536,24.9607],[105.1769,24.9875],[105.2497,24.9713],[105.2622,24.9333],[105.3245,24.9268],[105.3849,24.9459],[105.4414,24.9234],[105.4525,24.8757],[105.486,24.8445],[105.4952,24.8111],[105.5605,24.8004],[105.596,24.8111],[105.6248,24.7794],[105.7015,24.7723],[105.7635,24.7229],[105.796,24.7061],[105.8264,24.7067],[105.8612,24.7325],[105.9388,24.7282],[105.95,24.6914],[106.0076,24.639],[106.021,24.636],[106.0522,24.6933],[106.1079,24.7142],[106.1487,24.7659],[106.1706,24.7641],[106.1947,24.8179],[106.2015,24.8625],[106.1499,24.9643],[106.1837,24.9543],[106.2148,24.9855],[106.2475,24.9738],[106.3031,24.9779],[106.4093,25.0165],[106.4591,25.0429],[106.5152,25.0553],[106.547,25.0853],[106.585,25.0888],[106.593,25.1069],[106.6347,25.1349],[106.6366,25.1639],[106.686,25.1824],[106.7243,25.1646],[106.7618,25.1857],[106.7859,25.1735],[106.8974,25.1994],[106.9098,25.2465],[106.9815,25.2582],[107.0098,25.2778],[107.0026,25.3111],[107.0103,25.3469],[106.9752,25.3782],[106.9599,25.4402],[106.9946,25.4477],[107.0095,25.4978],[107.0653,25.5138],[107.059,25.5446],[107.0755,25.5685],[107.1361,25.566],[107.1809,25.5811],[107.2042,25.6133],[107.2365,25.5968],[107.2225,25.5704],[107.2403,25.5456],[107.2774,25.5333],[107.328,25.4655],[107.3152,25.4054],[107.3652,25.4125],[107.4185,25.3887],[107.397,25.3494],[107.4156,25.3365],[107.4225,25.2904],[107.4714,25.2977],[107.4823,25.2743],[107.4651,25.24],[107.4746,25.2134],[107.5353,25.2279],[107.5574,25.2526],[107.6087,25.2834],[107.6453,25.3216],[107.6606,25.2925],[107.6703,25.2395],[107.703,25.2105],[107.7485,25.2428],[107.7535,25.2022],[107.7792,25.1723],[107.7938,25.1191],[107.8348,25.1191],[107.8682,25.1424],[107.932,25.1634],[108.0074,25.1973],[108.0737,25.1972],[108.1033,25.2072],[108.1295,25.2371],[108.1474,25.3126],[108.1317,25.344],[108.1482,25.3556],[108.1458,25.3963],[108.1881,25.402],[108.1573,25.4463],[108.1883,25.4604],[108.2324,25.4514],[108.2781,25.4808],[108.3148,25.5372],[108.3952,25.4951],[108.415,25.4453],[108.4818,25.4614],[108.5819,25.3689],[108.5883,25.3372],[108.6215,25.3115],[108.6193,25.3801],[108.589,25.4109],[108.5946,25.454],[108.6325,25.4741],[108.6176,25.4964],[108.6296,25.5226],[108.6624,25.5364],[108.6603,25.5926],[108.6839,25.6275],[108.7561,25.6412],[108.7784,25.6324],[108.7797,25.5626],[108.805,25.5284],[108.8214,25.5535],[108.8854,25.5594],[108.8903,25.5437],[108.9466,25.56],[109.0203,25.5151],[109.0764,25.5476],[109.0413,25.5772],[109.0274,25.6309],[109.0372,25.6605],[109.0704,25.698],[109.074,25.7226],[109.0395,25.7419],[108.9981,25.7398],[108.9506,25.6867],[108.8958,25.6849],[108.8945,25.7193],[108.9332,25.7425],[108.9579,25.734],[109.0117,25.7938],[109.0737,25.7887],[109.0898,25.8055],[109.1303,25.8088],[109.1268,25.7645],[109.2077,25.7636],[109.2656,25.721],[109.322,25.7648],[109.3342,25.8376],[109.3638,25.8449],[109.387,25.8983],[109.4204,25.9189],[109.4295,25.9417],[109.4125,25.9761],[109.4572,25.998],[109.4771,26.033],[109.4497,26.056],[109.4436,26.1046],[109.4988,26.1011],[109.5095,26.1331],[109.4666,26.1575],[109.4665,26.1749],[109.4349,26.2503],[109.4761,26.2944],[109.4588,26.315],[109.4245,26.2945],[109.3338,26.2709],[109.2843,26.2949],[109.2679,26.3371],[109.2903,26.352],[109.3222,26.4313],[109.3792,26.469],[109.4025,26.5374],[109.3817,26.5746],[109.3861,26.6021],[109.3558,26.65],[109.2996,26.6656],[109.284,26.6965],[109.3033,26.7147],[109.3622,26.7031],[109.4141,26.7304],[109.437,26.7635],[109.502,26.7663],[109.5182,26.7909],[109.4944,26.8125],[109.5147,26.8794],[109.4705,26.8988],[109.5053,26.9339],[109.5569,26.9554],[109.5258,26.9801],[109.5371,27.0146],[109.4948,27.083],[109.4584,27.0842],[109.4607,27.1387],[109.4228,27.1309],[109.4084,27.1575],[109.3796,27.1469],[109.2631,27.1323],[109.2338,27.1523],[109.2177,27.125],[109.1606,27.0685],[109.0966,27.0723],[109.1079,27.1269],[109.0115,27.0892],[108.9358,27.0477],[108.948,27.0222],[108.8845,27.0075],[108.8619,27.0331],[108.7861,27.0874],[108.821,27.0922],[108.8563,27.1187],[108.8831,27.1152],[108.9256,27.1833],[108.9097,27.2174],[108.9618,27.2394],[108.9867,27.2736],[109.0361,27.2792],[109.0494,27.2969],[109.0423,27.3297],[109.0996,27.3397],[109.1202,27.3918],[109.1097,27.4279],[109.1405,27.4519],[109.1669,27.426],[109.2205,27.4404],[109.2896,27.4267],[109.3023,27.4377],[109.3019,27.484],[109.3689,27.538],[109.4238,27.5499],[109.4608,27.6078],[109.47,27.6405],[109.4657,27.6832],[109.4143,27.7239],[109.3699,27.7295],[109.3586,27.7637],[109.3274,27.7949],[109.341,27.8407],[109.3139,27.88],[109.3089,27.9361],[109.2959,27.9597],[109.3138,27.9905],[109.3573,28.0097],[109.3735,28.0387],[109.332,28.0669],[109.2942,28.0518],[109.3087,28.1047],[109.3428,28.1678],[109.3412,28.2108],[109.3736,28.2647],[109.3299,28.2967],[109.3018,28.2767],[109.2704,28.3159],[109.2639,28.3412],[109.2842,28.3762],[109.2629,28.3895],[109.2522,28.4403],[109.2699,28.4979]]]},"properties":{"region_code":"CN-52","parent_region_code":"CN","name":"贵州省","level":"province","has_children":true,"full_path":"中国 / 贵州省","source_admin_code":"52","osm_relation_id":286937}},
{"type":"Feature","geometry":{"type":"Polygon","coordinates":[[[104.5274,24.7343],[104.5402,24.7583],[104.5382,24.8168],[104.5702,24.8473],[104.5877,24.8798],[104.6343,24.9074],[104.6616,24.9678],[104.7117,25.0004],[104.6831,25.0567],[104.6935,25.126],[104.7322,25.1753],[104.7232,25.1977],[104.764,25.2087],[104.7995,25.1671],[104.8093,25.2667],[104.7869,25.2578],[104.7075,25.2848],[104.6923,25.2985],[104.6425,25.2955],[104.6452,25.3472],[104.5637,25.4062],[104.5365,25.4068],[104.5399,25.4628],[104.5531,25.507],[104.5134,25.5244],[104.4818,25.4979],[104.4487,25.4998],[104.4339,25.5235],[104.4264,25.578],[104.4025,25.5975],[104.3664,25.5875],[104.3363,25.6014],[104.307,25.6633],[104.3283,25.7635],[104.3704,25.7326],[104.3962,25.7654],[104.4383,25.8725],[104.4123,25.9155],[104.4361,25.9308],[104.4415,25.9621],[104.4681,26.0139],[104.4712,26.0568],[104.525,26.1053],[104.5178,26.1724],[104.5476,26.2193],[104.5406,26.2572],[104.5905,26.3198],[104.6577,26.3385],[104.6692,26.3897],[104.6628,26.4386],[104.631,26.4545],[104.6382,26.4813],[104.6126,26.513],[104.5684,26.5287],[104.5771,26.5721],[104.5541,26.5945],[104.501,26.593],[104.4582,26.605],[104.4652,26.6476],[104.4192,26.7149],[104.3554,26.6292],[104.3151,26.6173],[104.289,26.6362],[104.2287,26.6241],[104.1259,26.6473],[104.0624,26.5631],[104.0716,26.5259],[104.0085,26.5146],[103.9542,26.5249],[103.9156,26.5153],[103.8632,26.5161],[103.7621,26.5894],[103.7467,26.6272],[103.7598,26.6539],[103.7572,26.6894],[103.7719,26.7219],[103.724,26.7462],[103.7035,26.7984],[103.72,26.8543],[103.7783,26.878],[103.7613,26.9103],[103.7753,26.9378],[103.7521,26.9663],[103.7298,27.0236],[103.703,27.0528],[103.6725,27.0547],[103.6362,27.0163],[103.6003,27.0618],[103.6157,27.0836],[103.6517,27.096],[103.6258,27.1208],[103.6719,27.1349],[103.696,27.1308],[103.7255,27.1806],[103.7831,27.2421],[103.8588,27.2886],[103.8736,27.3364],[103.9016,27.3503],[103.9027,27.3866],[103.9256,27.4176],[104.013,27.4324],[104.018,27.3803],[104.0832,27.3341],[104.1122,27.3411],[104.1291,27.3099],[104.1718,27.2664],[104.1883,27.2815],[104.2576,27.3105],[104.2459,27.3398],[104.2933,27.3777],[104.3608,27.4707],[104.4091,27.4576],[104.4152,27.4386],[104.4864,27.4188],[104.5386,27.3406],[104.589,27.3182],[104.6746,27.3224],[104.6803,27.3362],[104.7513,27.3497],[104.772,27.3181],[104.8006,27.3488],[104.8426,27.3458],[104.8472,27.3079],[104.8692,27.294],[104.9595,27.361],[104.9967,27.3731],[105.0274,27.4031],[105.0811,27.4234],[105.1291,27.4203],[105.1915,27.387],[105.2218,27.4221],[105.2361,27.4714],[105.2303,27.4913],[105.258,27.5199],[105.236,27.5608],[105.244,27.5832],[105.3024,27.6168],[105.3053,27.7085],[105.2868,27.716],[105.2845,27.8105],[105.2462,27.8454],[105.2304,27.9002],[105.2644,27.9173],[105.2828,27.9417],[105.2664,27.9998],[105.2177,27.9946],[105.1743,28.0046],[105.1651,28.029],[105.177,28.0717],[105.1407,28.0698],[105.0409,28.1003],[105.0263,28.0798],[104.9791,28.0659],[104.9713,28.023],[104.8994,27.968],[104.9103,27.9395],[104.8852,27.9168],[104.8103,27.9059],[104.7597,27.8871],[104.7508,27.9049],[104.6773,27.8856],[104.6319,27.8541],[104.6142,27.8627],[104.5722,27.8437],[104.5575,27.8715],[104.5261,27.8926],[104.4702,27.9077],[104.4527,27.9271],[104.3954,27.9558],[104.3513,28.0233],[104.3244,28.0282],[104.3007,28.0542],[104.34,28.0623],[104.3724,28.0556],[104.3974,28.0975],[104.4461,28.1174],[104.4462,28.1573],[104.4027,28.1768],[104.3995,28.2034],[104.4364,28.2133],[104.4589,28.2453],[104.4285,28.2774],[104.3913,28.2963],[104.382,28.3333],[104.3531,28.3414],[104.3161,28.3113],[104.2762,28.3513],[104.2531,28.4033],[104.2684,28.4706],[104.2475,28.5335],[104.3216,28.5448],[104.3562,28.5605],[104.3659,28.5893],[104.4081,28.6002],[104.409,28.6406],[104.3713,28.6527],[104.3197,28.6215],[104.2985,28.6369],[104.163,28.6439],[104.1214,28.6401],[104.0926,28.606],[104.0607,28.6305],[103.9461,28.6039],[103.9119,28.6355],[103.8854,28.6235],[103.8468,28.6694],[103.8334,28.6274],[103.8335,28.5858],[103.7993,28.565],[103.7797,28.5283],[103.8101,28.4971],[103.8276,28.4427],[103.8583,28.3883],[103.8517,28.357],[103.8746,28.3251],[103.8707,28.3062],[103.7666,28.2363],[103.6902,28.2355],[103.6372,28.2662],[103.6042,28.2414],[103.5685,28.2327],[103.5303,28.1709],[103.4692,28.126],[103.43,28.0738],[103.4453,28.029],[103.493,28.028],[103.4932,27.9997],[103.5372,27.9555],[103.5003,27.9134],[103.5076,27.8466],[103.4973,27.8165],[103.3887,27.7135],[103.2892,27.6375],[103.2931,27.5686],[103.2199,27.5692],[103.2076,27.5366],[103.1419,27.4543],[103.1428,27.4309],[103.109,27.4037],[103.0522,27.4121],[103.0191,27.3834],[102.9832,27.3709],[102.9424,27.4136],[102.8981,27.3201],[102.882,27.3023],[102.8815,27.2631],[102.899,27.2406],[102.9104,27.1492],[102.8972,27.0799],[102.8695,27.03],[102.894,27.0034],[102.8876,26.9577],[102.9024,26.9092],[102.9467,26.8473],[102.9627,26.843],[102.9961,26.7235],[103.0034,26.6822],[103.0255,26.6662],[103.0284,26.6062],[103.0166,26.5971],[103.0504,26.5182],[103.0309,26.4901],[102.9879,26.4847],[102.9978,26.4495],[102.9874,26.4082],[102.9966,26.375],[102.9714,26.3437],[102.8667,26.3439],[102.8326,26.311],[102.7831,26.3017],[102.7398,26.2733],[102.712,26.2149],[102.6716,26.2091],[102.6204,26.2488],[102.6112,26.2873],[102.6377,26.3126],[102.6288,26.3401],[102.564,26.368],[102.5313,26.3373],[102.4324,26.3023],[102.391,26.2998],[102.3522,26.2506],[102.3098,26.2307],[102.2641,26.2249],[102.2418,26.1957],[102.1734,26.15],[102.15,26.112],[102.1326,26.11],[102.1061,26.0716],[102.0653,26.0682],[102.0215,26.1011],[101.9519,26.0888],[101.9003,26.1086],[101.8576,26.0543],[101.8384,26.0865],[101.7963,26.1171],[101.8035,26.1642],[101.77,26.1816],[101.7419,26.2224],[101.6665,26.2334],[101.6265,26.2301],[101.584,26.2843],[101.6111,26.3183],[101.6386,26.3219],[101.6611,26.3524],[101.6281,26.3613],[101.6355,26.3995],[101.5838,26.4304],[101.5596,26.4598],[101.5262,26.4706],[101.5084,26.5006],[101.4553,26.5004],[101.3934,26.5638],[101.4018,26.6088],[101.4488,26.6038],[101.4774,26.6753],[101.4516,26.6991],[101.4988,26.7725],[101.4644,26.7913],[101.4583,26.7511],[101.4135,26.7246],[101.3666,26.7704],[101.3981,26.8463],[101.3644,26.8876],[101.3234,26.8911],[101.3099,26.9066],[101.2661,26.9067],[101.2332,26.9567],[101.2255,26.9874],[101.1352,27.026],[101.1561,27.0998],[101.1435,27.1087],[101.1689,27.1758],[101.166,27.2028],[101.118,27.2123],[101.0705,27.1977],[101.0394,27.2253],[101.0237,27.2755],[101.0304,27.2992],[101.0068,27.3167],[101.0185,27.3475],[100.9615,27.4079],[100.9566,27.4436],[100.9355,27.4726],[100.9009,27.4892],[100.9102,27.5245],[100.8861,27.5719],[100.8432,27.6195],[100.8473,27.6743],[100.7801,27.6967],[100.7745,27.7462],[100.756,27.7729],[100.7079,27.8024],[100.7053,27.8449],[100.6798,27.9262],[100.6321,27.9183],[100.6088,27.8626],[100.5548,27.8253],[100.5189,27.8247],[100.4728,27.8624],[100.4323,27.8686],[100.4049,27.8078],[100.3478,27.7581],[100.3346,27.7269],[100.3109,27.7273],[100.3016,27.7957],[100.3073,27.8338],[100.2937,27.873],[100.2567,27.8684],[100.2093,27.8807],[100.1686,27.911],[100.1949,27.9408],[100.1215,28.0204],[100.0853,28.0337],[100.0383,28.1345],[100.0322,28.1762],[100.0598,28.1961],[100.1493,28.2099],[100.1881,28.2557],[100.1489,28.2845],[100.1713,28.324],[100.1336,28.3547],[100.0526,28.3793],[100.0737,28.4285],[99.9961,28.4711],[99.9849,28.5285],[99.9323,28.5925],[99.8462,28.6327],[99.8408,28.6623],[99.7935,28.7034],[99.7579,28.7045],[99.7313,28.725],[99.7209,28.7631],[99.7236,28.8145],[99.6979,28.8376],[99.6758,28.8146],[99.624,28.8167],[99.6088,28.7888],[99.6021,28.7315],[99.5507,28.7098],[99.5307,28.6185],[99.4959,28.6075],[99.4636,28.5803],[99.4636,28.5546],[99.4035,28.5505],[99.3942,28.4963],[99.4199,28.4544],[99.4118,28.4222],[99.4361,28.4115],[99.3918,28.322],[99.4168,28.2867],[99.3849,28.207],[99.3596,28.185],[99.3045,28.2508],[99.2784,28.3029],[99.2379,28.321],[99.2296,28.3529],[99.1737,28.4056],[99.1862,28.4431],[99.191,28.4973],[99.1688,28.5685],[99.1827,28.5917],[99.1634,28.6376],[99.1459,28.6447],[99.128,28.6968],[99.1331,28.7373],[99.1135,28.7652],[99.1034,28.8456],[99.1229,28.8932],[99.1314,28.9512],[99.113,29.0755],[99.1172,29.1056],[99.1132,29.2247],[99.0365,29.2106],[99.0241,29.1921],[98.9759,29.2084],[98.9614,29.1772],[98.969,29.1296],[98.9916,29.1068],[99.0146,29.0554],[99.0081,29.0333],[98.9261,28.983],[98.9174,28.8907],[98.9727,28.8702],[98.9715,28.8373],[98.9267,28.8354],[98.9128,28.8034],[98.8279,28.8252],[98.8289,28.8495],[98.811,28.9327],[98.8139,28.951],[98.786,29.0024],[98.7573,29.0072],[98.703,28.9672],[98.6305,28.976],[98.6564,28.9142],[98.6433,28.897],[98.6665,28.8484],[98.652,28.8126],[98.6788,28.7755],[98.6823,28.733],[98.6332,28.6895],[98.5946,28.6859],[98.6187,28.6277],[98.6348,28.5373],[98.6294,28.4907],[98.675,28.4828],[98.6857,28.4386],[98.7053,28.4207],[98.7456,28.3252],[98.7218,28.3165],[98.7092,28.2311],[98.6623,28.2134],[98.626,28.1691],[98.5592,28.1872],[98.523,28.1715],[98.5059,28.1476],[98.4767,28.1555],[98.4335,28.1208],[98.3874,28.1172],[98.3892,28.1693],[98.3703,28.1867],[98.3757,28.2529],[98.3177,28.3268],[98.3014,28.3884],[98.2469,28.3797],[98.207,28.333],[98.2326,28.3183],[98.2643,28.2553],[98.2187,28.2167],[98.1668,28.2113],[98.1753,28.1714],[98.1384,28.1464],[98.1606,28.0894],[98.1377,28.0447],[98.132,27.9861],[98.1555,27.9412],[98.1862,27.9425],[98.2025,27.9031],[98.1997,27.8754],[98.1703,27.8542],[98.1759,27.8351],[98.2269,27.7965],[98.2188,27.7632],[98.2344,27.6926],[98.2838,27.6563],[98.3108,27.5865],[98.3171,27.5231],[98.3764,27.5109],[98.4009,27.5426],[98.4303,27.5536],[98.4301,27.6579],[98.4752,27.6376],[98.5643,27.6404],[98.5863,27.5928],[98.6468,27.5684],[98.6745,27.5855],[98.7047,27.5218],[98.6844,27.4885],[98.7021,27.4151],[98.7073,27.3647],[98.7406,27.3325],[98.7297,27.2502],[98.6917,27.2],[98.7135,27.143],[98.7119,27.0782],[98.7401,27.0754],[98.7667,27.0521],[98.763,27.0215],[98.7335,27.0062],[98.7577,26.8859],[98.731,26.8546],[98.7623,26.8022],[98.743,26.713],[98.7706,26.6927],[98.7617,26.6671],[98.7819,26.6225],[98.7686,26.5741],[98.754,26.5656],[98.7568,26.5012],[98.742,26.441],[98.75,26.4283],[98.7332,26.3527],[98.6818,26.3098],[98.6722,26.2454],[98.7116,26.2364],[98.7359,26.19],[98.7117,26.1598],[98.7094,26.1211],[98.6668,26.1219],[98.6306,26.1512],[98.573,26.122],[98.6033,26.0534],[98.6191,25.975],[98.6419,25.9775],[98.6817,25.9417],[98.7087,25.8771],[98.6733,25.8196],[98.6323,25.7998],[98.5785,25.8272],[98.5613,25.8485],[98.5316,25.8464],[98.4937,25.8127],[98.4749,25.7828],[98.4812,25.7615],[98.4593,25.7372],[98.4582,25.6862],[98.4177,25.673],[98.404,25.6353],[98.4093,25.6111],[98.3588,25.577],[98.3023,25.5522],[98.2935,25.5772],[98.2646,25.6011],[98.2048,25.6202],[98.173,25.6178],[98.1884,25.574],[98.1578,25.5294],[98.1299,25.5196],[98.1573,25.4556],[98.1368,25.3873],[98.1027,25.3951],[98.0959,25.3521],[98.0707,25.3148],[98.0042,25.2963],[98.0067,25.2806],[97.9391,25.2171],[97.9041,25.2183],[97.8749,25.262],[97.8387,25.2732],[97.8201,25.2363],[97.7792,25.1259],[97.7225,25.0786],[97.7197,24.9706],[97.7302,24.9152],[97.7568,24.8847],[97.7892,24.8733],[97.7974,24.8489],[97.7656,24.8271],[97.7087,24.8378],[97.6813,24.8307],[97.6513,24.7955],[97.5893,24.7698],[97.5469,24.742],[97.5681,24.7236],[97.5709,24.6033],[97.562,24.5774],[97.5562,24.4967],[97.5322,24.4374],[97.5916,24.4383],[97.6737,24.4512],[97.677,24.4106],[97.7137,24.3774],[97.7028,24.3455],[97.6688,24.3461],[97.6643,24.3001],[97.719,24.3007],[97.7679,24.2629],[97.7296,24.2299],[97.7283,24.1882],[97.7518,24.1646],[97.7284,24.1186],[97.6372,24.0505],[97.6283,24.0078],[97.5727,23.9862],[97.5632,23.9651],[97.5306,23.9487],[97.5278,23.9297],[97.5864,23.9091],[97.6316,23.8806],[97.6417,23.8567],[97.7075,23.8661],[97.7283,23.9],[97.7667,23.9151],[97.7685,23.9362],[97.8409,23.965],[97.901,24.0175],[97.9852,24.035],[98.0395,24.0736],[98.1089,24.0951],[98.1974,24.1019],[98.2225,24.1169],[98.2965,24.1019],[98.3594,24.0992],[98.3642,24.1129],[98.4175,24.1222],[98.5432,24.1314],[98.5534,24.1124],[98.6175,24.091],[98.6515,24.1096],[98.679,24.1022],[98.7171,24.1306],[98.7565,24.1274],[98.8178,24.1365],[98.8412,24.1298],[98.887,24.1429],[98.8971,24.1073],[98.8472,24.0548],[98.8033,24.0246],[98.773,24.0269],[98.7489,23.9808],[98.7055,23.9844],[98.6813,23.9651],[98.7001,23.9443],[98.6824,23.9176],[98.704,23.8437],[98.6962,23.7874],[98.7865,23.7838],[98.8221,23.7352],[98.8192,23.6966],[98.8393,23.6859],[98.8509,23.6343],[98.8908,23.6172],[98.8803,23.5921],[98.8448,23.5801],[98.8015,23.537],[98.8273,23.4785],[98.8754,23.4866],[98.9203,23.4189],[98.9204,23.3295],[98.9376,23.3075],[98.9294,23.2686],[98.8906,23.215],[98.8853,23.1828],[98.9224,23.1884],[99.0023,23.1631],[99.0557,23.1664],[99.0465,23.1248],[99.1153,23.0942],[99.1454,23.1088],[99.1884,23.105],[99.2492,23.08],[99.2794,23.1073],[99.3053,23.1025],[99.345,23.1373],[99.3845,23.1014],[99.4402,23.0866],[99.5231,23.0758],[99.5326,23.0542],[99.5191,23.0184],[99.5227,22.9906],[99.56,22.9513],[99.5606,22.9092],[99.5365,22.9007],[99.4958,22.912],[99.4412,22.9424],[99.4355,22.9163],[99.4537,22.849],[99.3897,22.8154],[99.3854,22.765],[99.3255,22.7544],[99.3172,22.7321],[99.3397,22.7105],[99.3606,22.6638],[99.3706,22.6038],[99.385,22.5754],[99.3582,22.5369],[99.3808,22.5043],[99.2961,22.4144],[99.2489,22.3916],[99.2781,22.3621],[99.2331,22.297],[99.2356,22.2504],[99.2097,22.2353],[99.1613,22.1696],[99.1668,22.1509],[99.2039,22.1288],[99.2726,22.1011],[99.3568,22.0939],[99.4086,22.0997],[99.4733,22.1361],[99.526,22.0974],[99.5345,22.1089],[99.6005,22.1125],[99.6119,22.0972],[99.6483,22.1046],[99.6687,22.0773],[99.7236,22.0682],[99.7597,22.0716],[99.8651,22.0286],[99.879,22.0707],[99.9624,22.0519],[99.9645,22.0171],[99.9987,21.9745],[99.9634,21.8877],[99.9456,21.8654],[99.9433,21.8247],[99.9906,21.7066],[100.0708,21.6927],[100.1201,21.7052],[100.1679,21.6665],[100.1113,21.6029],[100.1217,21.5709],[100.126,21.5113],[100.1721,21.4889],[100.1787,21.5171],[100.205,21.5129],[100.2468,21.4664],[100.2914,21.4796],[100.3453,21.5285],[100.3911,21.5236],[100.4334,21.5392],[100.4594,21.5097],[100.4796,21.4588],[100.538,21.4712],[100.5699,21.4505],[100.6854,21.5048],[100.7223,21.5123],[100.7712,21.5718],[100.7936,21.5709],[100.8009,21.604],[100.8466,21.6379],[100.8865,21.6879],[100.9288,21.691],[101.0141,21.7099],[101.0876,21.7762],[101.1098,21.751],[101.1151,21.6934],[101.1525,21.6707],[101.1694,21.5955],[101.1377,21.5721],[101.1874,21.5567],[101.2103,21.5596],[101.2055,21.5098],[101.1904,21.474],[101.1997,21.4359],[101.1775,21.4148],[101.141,21.4109],[101.1852,21.3286],[101.2505,21.2931],[101.2165,21.2317],[101.2494,21.2183],[101.2802,21.1791],[101.327,21.1907],[101.3875,21.2282],[101.4459,21.2263],[101.4831,21.2458],[101.5597,21.2476],[101.6076,21.2381],[101.5863,21.189],[101.6708,21.2033],[101.7159,21.1428],[101.7629,21.1445],[101.7885,21.2019],[101.8349,21.23],[101.7982,21.2908],[101.759,21.2908],[101.74,21.3114],[101.7265,21.3546],[101.7532,21.4499],[101.7382,21.4814],[101.7615,21.5015],[101.7501,21.5829],[101.7901,21.577],[101.8242,21.5903],[101.8342,21.6263],[101.8093,21.6301],[101.7697,21.6593],[101.7668,21.7193],[101.7459,21.7286],[101.7723,21.817],[101.7713,21.8379],[101.7389,21.8489],[101.7392,21.8729],[101.6953,21.9032],[101.6167,21.9772],[101.6322,22.013],[101.596,22.0639],[101.5736,22.1259],[101.6004,22.1351],[101.5714,22.2083],[101.5505,22.2339],[101.5695,22.2751],[101.6249,22.2756],[101.6333,22.3139],[101.6699,22.3721],[101.6475,22.4129],[101.6652,22.4201],[101.6725,22.4758],[101.6939,22.4717],[101.7607,22.5087],[101.7839,22.4996],[101.8231,22.4617],[101.8317,22.4213],[101.8657,22.388],[101.8989,22.3811],[101.9154,22.4398],[101.9669,22.4288],[101.9992,22.4325],[102.0238,22.456],[102.0502,22.4565],[102.1259,22.4323],[102.1868,22.4343],[102.2684,22.4252],[102.2649,22.4694],[102.3014,22.5323],[102.3458,22.5831],[102.3707,22.5928],[102.4043,22.6337],[102.3829,22.6804],[102.4354,22.701],[102.46,22.7663],[102.5079,22.7784],[102.5504,22.7459],[102.569,22.7059],[102.6077,22.7319],[102.6546,22.693],[102.6886,22.7046],[102.7354,22.6663],[102.7515,22.6679],[102.7877,22.6264],[102.8624,22.608],[102.8779,22.5586],[102.921,22.5078],[102.9302,22.4831],[102.9888,22.4777],[103.0319,22.4426],[103.0806,22.451],[103.0723,22.4914],[103.1207,22.5183],[103.1399,22.5406],[103.1835,22.5605],[103.1621,22.5838],[103.1857,22.6449],[103.2316,22.6579],[103.2836,22.6842],[103.2875,22.7373],[103.3205,22.7806],[103.3181,22.8038],[103.372,22.7994],[103.4402,22.7535],[103.4266,22.7132],[103.4607,22.6787],[103.4574,22.6573],[103.4889,22.6185],[103.5312,22.5952],[103.552,22.6371],[103.5795,22.6642],[103.5629,22.6982],[103.6206,22.7747],[103.6459,22.7949],[103.6661,22.7712],[103.7668,22.6906],[103.8255,22.6156],[103.8749,22.5674],[103.8928,22.5669],[103.9187,22.5323],[103.962,22.5064],[104.0123,22.5236],[104.0144,22.5929],[104.0294,22.6255],[104.0292,22.6873],[104.046,22.7339],[104.0885,22.7701],[104.1151,22.8114],[104.2558,22.8448],[104.2683,22.8146],[104.2553,22.777],[104.2692,22.7428],[104.3397,22.7211],[104.3518,22.6934],[104.3774,22.6912],[104.4086,22.7258],[104.4778,22.7636],[104.5542,22.8425],[104.5786,22.8522],[104.6537,22.835],[104.6734,22.8183],[104.7355,22.8276],[104.771,22.8955],[104.8124,22.921],[104.8394,22.9214],[104.8655,22.9624],[104.8317,23.0034],[104.8018,23.1162],[104.8762,23.1254],[104.8807,23.1652],[104.909,23.1807],[104.9274,23.1567],[104.9627,23.1987],[105.0252,23.2191],[105.0819,23.2669],[105.1071,23.2461],[105.1595,23.2689],[105.179,23.2878],[105.2273,23.2602],[105.2585,23.3194],[105.3074,23.382],[105.348,23.3698],[105.3519,23.3444],[105.4115,23.2879],[105.4388,23.3009],[105.4923,23.2307],[105.4988,23.2026],[105.5409,23.1927],[105.5263,23.2249],[105.5953,23.3171],[105.6912,23.3694],[105.6951,23.3982],[105.7505,23.4591],[105.8162,23.4817],[105.8131,23.5101],[105.8637,23.5352],[105.9003,23.522],[105.903,23.5004],[105.9893,23.4936],[105.9969,23.4495],[106.0694,23.4902],[106.0802,23.5243],[106.1045,23.531],[106.1389,23.576],[106.1156,23.6038],[106.151,23.6617],[106.1479,23.7301],[106.1331,23.7993],[106.1612,23.8268],[106.1948,23.8374],[106.1907,23.8854],[106.158,23.8859],[106.1366,23.9232],[106.1365,23.9508],[106.0812,24.0021],[106.0897,24.0331],[106.0513,24.0495],[106.043,24.0939],[105.9942,24.1214],[105.896,24.1112],[105.9054,24.0729],[105.8884,24.0421],[105.8548,24.059],[105.8399,24.033],[105.8068,24.0329],[105.7827,24.0703],[105.7325,24.0582],[105.7045,24.067],[105.6753,24.0427],[105.6437,24.0344],[105.6249,24.1307],[105.5928,24.1414],[105.5169,24.1062],[105.5128,24.0733],[105.4899,24.02],[105.4035,24.0465],[105.3938,24.0677],[105.344,24.089],[105.3169,24.1193],[105.2319,24.0783],[105.1792,24.1352],[105.1802,24.1702],[105.2265,24.1678],[105.2402,24.211],[105.2115,24.2174],[105.1937,24.2557],[105.1657,24.2801],[105.1696,24.3068],[105.1945,24.3302],[105.1849,24.3499],[105.1415,24.3784],[105.1087,24.3752],[105.1066,24.4161],[105.0439,24.4418],[105.0102,24.4378],[104.9768,24.408],[104.9327,24.4115],[104.9133,24.4259],[104.847,24.4399],[104.7264,24.4475],[104.7017,24.4238],[104.7189,24.3588],[104.7163,24.3275],[104.6834,24.331],[104.6393,24.3708],[104.6151,24.423],[104.5733,24.4245],[104.5639,24.4767],[104.5447,24.4928],[104.5467,24.5244],[104.5182,24.5417],[104.5005,24.5927],[104.5033,24.6318],[104.4869,24.6408],[104.5015,24.6927],[104.5274,24.7343]]]},"properties":{"region_code":"CN-53","parent_region_code":"CN","name":"云南省","level":"province","has_children":true,"full_path":"中国 / 云南省","source_admin_code":"53","osm_relation_id":913094}},
{"type":"Feature","geometry":{"type":"Polygon","coordinates":[[[97.7306,32.5297],[97.67,32.5197],[97.5396,32.5388],[97.502,32.5334],[97.4629,32.5583],[97.4443,32.5891],[97.3745,32.5486],[97.3305,32.5399],[97.3858,32.5041],[97.3411,32.445],[97.387,32.4294],[97.416,32.3586],[97.4172,32.3031],[97.3715,32.2753],[97.3245,32.3067],[97.2883,32.284],[97.2644,32.1857],[97.2714,32.142],[97.3146,32.1333],[97.2746,32.0734],[97.2405,32.087],[97.2133,32.0468],[97.1908,32.0594],[97.1601,32.0308],[97.132,32.0455],[97.0284,32.0508],[97.008,32.0698],[96.9725,32.0707],[96.9363,32.0493],[96.9563,31.9971],[96.8887,32.0042],[96.8407,32],[96.7981,32.0213],[96.7424,32.0037],[96.7526,31.948],[96.81,31.9008],[96.7957,31.8711],[96.7606,31.8634],[96.7662,31.8215],[96.8,31.7929],[96.8187,31.7469],[96.8402,31.723],[96.7943,31.704],[96.7738,31.6761],[96.7346,31.6802],[96.6786,31.7296],[96.6609,31.7082],[96.616,31.7388],[96.5661,31.7153],[96.5164,31.7523],[96.4685,31.7722],[96.4345,31.7984],[96.4128,31.8361],[96.3886,31.9222],[96.3531,31.9166],[96.2532,31.9326],[96.2191,31.9081],[96.1878,31.9062],[96.2136,31.8665],[96.1747,31.8278],[96.1764,31.7787],[96.2309,31.7524],[96.2226,31.7336],[96.2525,31.6964],[96.2468,31.661],[96.2256,31.6269],[96.194,31.6085],[96.1571,31.6041],[96.1458,31.6912],[96.1059,31.7026],[96.0471,31.734],[95.9878,31.7879],[95.9807,31.8189],[95.8989,31.8196],[95.8458,31.7371],[95.8519,31.7171],[95.8136,31.6888],[95.7785,31.7519],[95.6284,31.7847],[95.5804,31.77],[95.5677,31.7415],[95.5129,31.75],[95.4776,31.798],[95.4538,31.8055],[95.4068,31.8967],[95.4072,31.9208],[95.3656,31.9303],[95.3603,31.961],[95.3764,31.9933],[95.4516,32.0124],[95.4161,32.0479],[95.4529,32.0636],[95.4395,32.1598],[95.3878,32.1883],[95.3423,32.1571],[95.3117,32.1514],[95.2689,32.1972],[95.2554,32.2568],[95.2384,32.2895],[95.2401,32.321],[95.1776,32.2848],[95.1052,32.2611],[95.0783,32.2829],[95.0956,32.3245],[95.2458,32.3452],[95.2153,32.3985],[95.1302,32.3889],[95.0558,32.3971],[94.993,32.4233],[94.9791,32.4117],[94.9117,32.4183],[94.8909,32.474],[94.8499,32.4672],[94.8034,32.494],[94.7848,32.5269],[94.7561,32.5475],[94.7205,32.6056],[94.6895,32.6051],[94.6136,32.6756],[94.5652,32.69],[94.4944,32.6853],[94.4604,32.7064],[94.4151,32.6897],[94.3667,32.7027],[94.3245,32.7445],[94.3241,32.785],[94.3032,32.8173],[94.2675,32.8415],[94.152,32.8985],[94.1024,32.906],[94.0418,32.9021],[94.01,32.883],[93.9413,32.8694],[93.8528,32.8802],[93.7724,32.9462],[93.7106,33.0127],[93.6172,33.0444],[93.5823,33.0772],[93.5063,33.1127],[93.4424,33.1744],[93.4689,33.2059],[93.4792,33.2766],[93.504,33.3282],[93.4998,33.3672],[93.5204,33.3873],[93.5149,33.428],[93.4827,33.4715],[93.506,33.602],[93.5321,33.6484],[93.4984,33.6827],[93.4318,33.6894],[93.4344,33.7048],[93.3956,33.7552],[93.2916,33.7663],[93.1309,33.7766],[93.1098,33.7908],[93.0049,33.8075],[92.9548,33.7786],[92.9169,33.7791],[92.8455,33.8185],[92.7995,33.8861],[92.7746,33.9375],[92.7285,33.9362],[92.6906,33.954],[92.6257,33.9362],[92.601,33.8798],[92.5223,33.8681],[92.4511,33.8904],[92.3883,33.8969],[92.3574,33.9553],[92.3816,33.9915],[92.3497,34.0399],[92.1169,34.2879],[92.1169,34.3264],[92.0943,34.3859],[92.0438,34.461],[91.9117,34.4964],[91.9568,34.5545],[91.9383,34.5877],[91.8291,34.6003],[91.8135,34.6206],[91.773,34.6182],[91.7468,34.6544],[91.7088,34.674],[91.6875,34.6583],[91.5198,34.7195],[91.4573,34.7272],[91.3906,34.7595],[91.3459,34.7696],[91.3372,34.7896],[91.2738,34.7881],[91.2248,34.8065],[91.1161,34.7922],[91.0562,34.7913],[91.0617,34.7621],[91.0177,34.7661],[90.9834,34.7471],[90.9425,34.7668],[90.9476,34.7994],[90.9187,34.8359],[90.7814,34.8911],[90.736,34.885],[90.6919,34.9064],[90.6491,34.8991],[90.632,34.9212],[90.4411,34.9302],[90.4142,34.9404],[90.3259,34.9361],[90.3021,34.9226],[90.2475,34.945],[90.2052,34.9401],[90.1771,34.9094],[90.177,34.8867],[90.1173,34.8675],[90.0892,34.9011],[90.0478,34.9132],[89.9916,34.8996],[89.9556,34.9026],[89.9009,34.872],[89.8694,34.9041],[89.8275,34.8998],[89.7803,34.9222],[89.7406,34.9083],[89.7056,34.9179],[89.6601,34.8887],[89.5866,34.8983],[89.5593,34.9356],[89.5896,35.0335],[89.5881,35.1144],[89.5187,35.1364],[89.4519,35.2317],[89.5284,35.2772],[89.4917,35.2987],[89.5112,35.3319],[89.5053,35.3747],[89.5825,35.3845],[89.6338,35.4193],[89.688,35.4217],[89.7344,35.4711],[89.7424,35.507],[89.7057,35.5112],[89.6996,35.5474],[89.711,35.5827],[89.7614,35.5924],[89.7229,35.6543],[89.743,35.6588],[89.7448,35.7532],[89.7799,35.7663],[89.7661,35.7994],[89.7999,35.849],[89.7727,35.8621],[89.707,35.8496],[89.6523,35.8486],[89.5287,35.8704],[89.4861,35.9039],[89.4258,35.918],[89.4269,35.991],[89.4024,36.0217],[89.416,36.0458],[89.4707,36.023],[89.514,36.0256],[89.636,36.0506],[89.6396,36.0659],[89.7093,36.0937],[89.6797,36.0912],[89.6131,36.1099],[89.5922,36.1271],[89.485,36.1538],[89.3735,36.2283],[89.3208,36.2369],[89.297,36.2286],[89.2315,36.2975],[89.1974,36.2611],[89.1258,36.2541],[89.0979,36.2835],[89.0307,36.3113],[88.962,36.3197],[88.9308,36.3603],[88.8704,36.3495],[88.8369,36.3544],[88.7997,36.3378],[88.7814,36.2927],[88.7228,36.3198],[88.7078,36.3551],[88.6218,36.3903],[88.6157,36.429],[88.5714,36.4614],[88.5108,36.4459],[88.469,36.4828],[88.4106,36.4738],[88.3764,36.4841],[88.3642,36.458],[88.2422,36.4703],[88.2203,36.4486],[88.185,36.4553],[88.1299,36.4272],[88.0895,36.4363],[87.9647,36.4301],[87.9445,36.4002],[87.7661,36.3758],[87.7335,36.3848],[87.61,36.3583],[87.5687,36.3443],[87.4684,36.3547],[87.4569,36.4137],[87.4244,36.4265],[87.3439,36.3928],[87.3038,36.3642],[87.1902,36.3513],[87.1585,36.3259],[87.1466,36.2977],[87.0834,36.3111],[87.0489,36.2971],[86.9936,36.3091],[86.9504,36.2897],[86.9285,36.2659],[86.8838,36.2639],[86.8495,36.3007],[86.8321,36.2921],[86.7425,36.2922],[86.6973,36.2453],[86.5972,36.223],[86.5471,36.2297],[86.513,36.2058],[86.4527,36.2215],[86.3903,36.2073],[86.3557,36.1691],[86.277,36.1697],[86.2458,36.1413],[86.1852,36.1311],[86.1773,36.0761],[86.1974,36.0327],[86.1432,36.0009],[86.1236,35.932],[86.1042,35.9258],[86.0883,35.8774],[85.9915,35.8183],[85.9484,35.7808],[85.906,35.7852],[85.8336,35.7731],[85.8074,35.7817],[85.6821,35.7486],[85.6508,35.7319],[85.6127,35.6533],[85.5662,35.6418],[85.5187,35.68],[85.3928,35.704],[85.3379,35.7547],[85.2668,35.7902],[85.2154,35.7662],[85.1377,35.7434],[85.0524,35.7544],[84.9943,35.74],[84.9686,35.7045],[84.9182,35.6941],[84.8517,35.6666],[84.8364,35.6401],[84.7407,35.6138],[84.6987,35.6188],[84.4511,35.5484],[84.4743,35.515],[84.4498,35.4788],[84.334,35.415],[84.2761,35.4058],[84.2052,35.3815],[84.1786,35.3589],[84.1302,35.3757],[84.0938,35.3645],[84.0567,35.4115],[83.9907,35.4222],[83.9117,35.4088],[83.8801,35.3653],[83.8024,35.3555],[83.7812,35.3681],[83.6761,35.3654],[83.6194,35.3369],[83.5966,35.3522],[83.539,35.3426],[83.5339,35.3665],[83.4844,35.3996],[83.4475,35.3829],[83.3939,35.3823],[83.3444,35.3988],[83.2942,35.4007],[83.2509,35.4215],[83.1899,35.3925],[83.1237,35.3992],[83.086,35.4261],[83.0646,35.4633],[82.9962,35.4853],[82.969,35.5491],[82.9788,35.6006],[82.9536,35.6371],[82.9647,35.6682],[82.8922,35.6748],[82.8779,35.6892],[82.7899,35.6874],[82.7776,35.6669],[82.7286,35.6386],[82.6496,35.6739],[82.626,35.6931],[82.5435,35.7093],[82.5112,35.6985],[82.4658,35.718],[82.4059,35.7],[82.39,35.6567],[82.3332,35.652],[82.3474,35.6117],[82.3315,35.5663],[82.2964,35.5456],[82.2607,35.5487],[82.2317,35.5211],[82.1923,35.5189],[82.1294,35.4813],[82.042,35.4493],[82.0454,35.3634],[82.0134,35.3287],[81.9372,35.3258],[81.9385,35.3012],[81.8908,35.2858],[81.8607,35.2611],[81.8009,35.2768],[81.7311,35.2603],[81.6723,35.2346],[81.5653,35.2393],[81.4672,35.3149],[81.4618,35.3378],[81.4251,35.3599],[81.3848,35.3384],[81.3325,35.3488],[81.3171,35.3371],[81.2653,35.3433],[81.253,35.3253],[81.2048,35.3261],[81.1918,35.3656],[81.1396,35.3659],[81.0956,35.4108],[81.0334,35.393],[81.0482,35.3366],[81.0273,35.3146],[80.9508,35.3136],[80.9343,35.3282],[80.8923,35.3251],[80.8423,35.3464],[80.7579,35.3356],[80.6973,35.3383],[80.6885,35.3677],[80.598,35.4107],[80.5776,35.3962],[80.5021,35.3976],[80.4458,35.418],[80.4292,35.4498],[80.3769,35.3923],[80.3468,35.391],[80.2879,35.3578],[80.2662,35.2964],[80.3294,35.2266],[80.3145,35.2038],[80.2563,35.2042],[80.2223,35.178],[80.2374,35.1544],[80.1173,35.0668],[80.0766,35.0781],[80.0309,35.0411],[80.0452,35.0255],[80.0244,34.9725],[80.0418,34.9452],[80.0357,34.9044],[80.0028,34.8961],[79.9999,34.8622],[79.9273,34.8554],[79.9424,34.8032],[79.8982,34.7327],[79.8851,34.6445],[79.8438,34.5534],[79.8614,34.5373],[79.8187,34.4929],[79.7655,34.4705],[79.7216,34.4717],[79.7033,34.4862],[79.6736,34.4546],[79.6234,34.4498],[79.6048,34.4653],[79.4223,34.4491],[79.363,34.4292],[79.3277,34.4445],[79.2721,34.4384],[79.2278,34.4159],[79.1797,34.4238],[79.1613,34.4427],[79.0684,34.4146],[79.035,34.4226],[79.008,34.4026],[79.0392,34.3341],[79.0287,34.3167],[78.9856,34.314],[78.9438,34.225],[78.9257,34.1544],[78.8979,34.1484],[78.8621,34.1656],[78.8261,34.1247],[78.7852,34.1202],[78.7423,34.0924],[78.7078,34.0947],[78.6537,34.0546],[78.6575,34.0315],[78.6979,34.0259],[78.7423,34],[78.7303,33.9209],[78.7623,33.9145],[78.7513,33.8848],[78.7654,33.8359],[78.7542,33.7843],[78.7746,33.7379],[78.7431,33.6781],[78.6968,33.6388],[78.751,33.6278],[78.734,33.5655],[78.8037,33.4893],[78.8448,33.4199],[78.8915,33.4142],[78.9364,33.3872],[78.9625,33.3395],[79.0269,33.3201],[79.0352,33.2727],[79.0708,33.2519],[79.0728,33.2232],[79.1563,33.1768],[79.1595,33.1362],[79.1432,33.1057],[79.1606,33.0151],[79.22,32.9622],[79.2373,32.9748],[79.2851,32.9501],[79.3063,32.9279],[79.3028,32.8922],[79.3677,32.8315],[79.407,32.7855],[79.4154,32.7414],[79.4607,32.7098],[79.4402,32.6879],[79.3989,32.6039],[79.4101,32.5191],[79.3358,32.5399],[79.3111,32.5601],[79.2579,32.5375],[79.2482,32.5167],[79.1883,32.5159],[79.184,32.4978],[79.1175,32.4545],[79.1264,32.4217],[79.1054,32.4075],[79.1044,32.3743],[79.0579,32.387],[78.9894,32.37],[78.9683,32.3357],[78.8686,32.4135],[78.8436,32.4106],[78.8131,32.434],[78.7575,32.5672],[78.7814,32.6163],[78.723,32.6743],[78.6341,32.6454],[78.641,32.6097],[78.5941,32.6081],[78.5464,32.6178],[78.5021,32.5845],[78.42,32.5693],[78.3923,32.538],[78.4289,32.5037],[78.4724,32.4434],[78.4684,32.3939],[78.4857,32.3561],[78.4759,32.3323],[78.5104,32.3031],[78.4967,32.2759],[78.5613,32.2032],[78.599,32.1939],[78.5968,32.1581],[78.6315,32.1259],[78.6825,32.1148],[78.6826,32.0801],[78.7064,32.0629],[78.7398,32.0014],[78.7669,32.0036],[78.7791,31.9666],[78.7694,31.9286],[78.7427,31.9022],[78.749,31.8734],[78.7342,31.8321],[78.7022,31.8071],[78.7057,31.774],[78.7255,31.7581],[78.761,31.6749],[78.8008,31.6778],[78.8091,31.6388],[78.8466,31.6069],[78.8224,31.5786],[78.7443,31.5422],[78.7203,31.5077],[78.7952,31.4442],[78.753,31.3849],[78.7507,31.3634],[78.7782,31.3123],[78.8328,31.2942],[78.9128,31.3099],[78.9439,31.3657],[79.0187,31.349],[79.0189,31.4267],[79.0608,31.4296],[79.0752,31.459],[79.1423,31.4321],[79.1773,31.3855],[79.1706,31.3631],[79.2233,31.3462],[79.221,31.315],[79.2502,31.2933],[79.2263,31.2606],[79.3009,31.219],[79.3094,31.1549],[79.3212,31.1386],[79.4139,31.1066],[79.4271,31.0233],[79.5069,31.0324],[79.516,30.9975],[79.5532,30.9574],[79.6009,30.9388],[79.6632,30.9645],[79.7762,30.9862],[79.8147,30.9726],[79.8575,30.9755],[79.8821,30.9551],[79.8888,30.9177],[79.9289,30.8826],[79.9887,30.8769],[80.0289,30.8434],[80.0502,30.8412],[80.1085,30.7815],[80.1794,30.806],[80.1977,30.7649],[80.2386,30.7623],[80.2488,30.7204],[80.233,30.6905],[80.1926,30.666],[80.2194,30.6428],[80.2085,30.5881],[80.2545,30.5646],[80.3154,30.5645],[80.3455,30.5203],[80.3646,30.5275],[80.4194,30.515],[80.4659,30.4906],[80.497,30.4879],[80.5411,30.4488],[80.6066,30.4715],[80.6931,30.413],[80.7151,30.414],[80.7653,30.3724],[80.7879,30.34],[80.8333,30.3132],[80.9064,30.3037],[80.9269,30.2672],[80.9809,30.2706],[81.0309,30.2471],[81.0448,30.1791],[81.0832,30.1496],[81.0803,30.1234],[81.109,30.0853],[81.092,30.0533],[81.1334,30.0154],[81.1653,30.0105],[81.2715,30.0447],[81.2868,30.0694],[81.2825,30.1232],[81.2577,30.1511],[81.3335,30.16],[81.3955,30.2069],[81.3898,30.2343],[81.4223,30.3054],[81.396,30.3237],[81.4291,30.3833],[81.4386,30.4187],[81.4763,30.3895],[81.5355,30.3718],[81.5646,30.4294],[81.6065,30.4117],[81.6214,30.4469],[81.6953,30.4235],[81.7499,30.3887],[81.7907,30.3889],[81.8247,30.3752],[81.8661,30.3772],[81.8812,30.3616],[81.9374,30.3476],[81.9613,30.3538],[81.9884,30.3213],[82.0213,30.3439],[82.0554,30.3338],[82.0675,30.3569],[82.1063,30.3491],[82.1248,30.3074],[82.1172,30.258],[82.1276,30.2257],[82.1583,30.1891],[82.1865,30.1874],[82.1783,30.1284],[82.1856,30.1111],[82.172,30.0655],[82.2795,30.0622],[82.2986,30.0384],[82.3338,30.0469],[82.3708,30.0147],[82.3986,30.0219],[82.4246,29.9945],[82.4972,29.9475],[82.5358,29.9691],[82.6028,29.8889],[82.6418,29.8724],[82.6401,29.834],[82.697,29.8564],[82.738,29.8139],[82.6954,29.7921],[82.6934,29.7612],[82.745,29.7708],[82.7652,29.731],[82.8183,29.6964],[82.869,29.6871],[82.9278,29.7002],[82.9566,29.6619],[82.9856,29.6696],[83.038,29.6489],[83.0696,29.61],[83.1501,29.6247],[83.1864,29.6061],[83.2174,29.6049],[83.232,29.5776],[83.2779,29.5699],[83.2546,29.5445],[83.2818,29.4988],[83.3159,29.5086],[83.3452,29.495],[83.3432,29.466],[83.3715,29.4284],[83.4133,29.4221],[83.4375,29.3507],[83.4435,29.2996],[83.4676,29.2737],[83.5143,29.2557],[83.5178,29.2184],[83.5706,29.2032],[83.5762,29.1807],[83.6109,29.1803],[83.632,29.1592],[83.663,29.1839],[83.656,29.204],[83.6892,29.2179],[83.7112,29.2441],[83.7683,29.2408],[83.8121,29.3018],[83.9035,29.3264],[83.9476,29.3166],[83.9627,29.3313],[84.0699,29.2843],[84.0914,29.2939],[84.1218,29.2742],[84.1133,29.248],[84.1414,29.2376],[84.1936,29.2448],[84.1991,29.2138],[84.1679,29.2004],[84.174,29.1311],[84.2003,29.1249],[84.1868,29.081],[84.1896,29.0471],[84.2196,29.0539],[84.2491,29.0367],[84.2411,28.976],[84.2255,28.9434],[84.2262,28.8931],[84.2738,28.8865],[84.3284,28.8615],[84.3921,28.8602],[84.435,28.8212],[84.4374,28.7701],[84.493,28.7367],[84.5579,28.746],[84.5722,28.7349],[84.6255,28.7367],[84.6681,28.6839],[84.7048,28.6709],[84.6986,28.6351],[84.7249,28.6204],[84.78,28.6105],[84.8568,28.5703],[84.9203,28.5952],[84.9483,28.5803],[84.9837,28.5919],[84.9876,28.611],[85.0582,28.6825],[85.0782,28.6727],[85.1166,28.6854],[85.1571,28.6438],[85.1978,28.6276],[85.1737,28.5977],[85.1903,28.5695],[85.1472,28.4876],[85.118,28.4854],[85.1148,28.4437],[85.1274,28.3925],[85.1083,28.3464],[85.1828,28.3232],[85.202,28.34],[85.2469,28.303],[85.2925,28.2876],[85.3373,28.3034],[85.3808,28.2804],[85.4136,28.3248],[85.4599,28.3366],[85.5237,28.3284],[85.5599,28.3088],[85.5917,28.308],[85.6083,28.2563],[85.6623,28.303],[85.6665,28.3476],[85.6836,28.3825],[85.7117,28.3844],[85.7361,28.323],[85.7332,28.2942],[85.7503,28.2365],[85.7769,28.2087],[85.8496,28.1716],[85.8703,28.1237],[85.897,28.1094],[85.8998,28.0545],[85.9777,27.9879],[85.9484,27.9434],[86.0002,27.9116],[86.0648,27.8998],[86.1245,27.9279],[86.0803,28.0219],[86.0914,28.0336],[86.0842,28.0879],[86.1182,28.0909],[86.16,28.1383],[86.1973,28.1413],[86.2184,28.1134],[86.2045,28.0783],[86.22,28.0369],[86.2263,27.9813],[86.2884,27.9779],[86.2989,27.96],[86.3482,27.9384],[86.3812,27.9379],[86.4113,27.9068],[86.4449,27.9116],[86.4689,27.9464],[86.5139,27.9571],[86.5125,27.9857],[86.5364,28.0508],[86.5652,28.0704],[86.563,28.1085],[86.6046,28.1002],[86.6355,28.0705],[86.6888,28.1086],[86.7378,28.1032],[86.7617,28.0722],[86.7495,28.0423],[86.8304,28.0153],[86.8722,28.0219],[86.889,27.9968],[86.9252,27.9881],[86.9325,27.962],[87.0388,27.9506],[87.0733,27.921],[87.1109,27.8456],[87.1568,27.8246],[87.226,27.8202],[87.2591,27.8504],[87.3043,27.8434],[87.3176,27.8265],[87.3607,27.8286],[87.3741,27.8456],[87.4253,27.8595],[87.4473,27.8225],[87.4923,27.8444],[87.5381,27.8445],[87.5785,27.862],[87.6059,27.8187],[87.6644,27.8375],[87.687,27.8125],[87.7252,27.8055],[87.754,27.8369],[87.7857,27.9005],[87.834,27.9518],[87.8563,27.9486],[87.8658,27.911],[87.9305,27.9182],[87.9854,27.8869],[88.0271,27.9056],[88.0957,27.8674],[88.1373,27.891],[88.118,27.9181],[88.1425,27.9653],[88.1874,27.9427],[88.2376,27.9695],[88.2635,27.9557],[88.3225,27.9798],[88.3777,27.989],[88.4136,27.9811],[88.4289,28.0067],[88.4682,28.0169],[88.4922,28.0483],[88.546,28.034],[88.5573,28.0755],[88.6029,28.0894],[88.6329,28.124],[88.6674,28.0764],[88.7547,28.0803],[88.8125,28.0235],[88.8361,28.0153],[88.8429,27.9542],[88.8881,27.8564],[88.8571,27.8155],[88.8567,27.7172],[88.8445,27.6618],[88.8093,27.6373],[88.8067,27.5967],[88.7714,27.558],[88.7922,27.5243],[88.7768,27.4693],[88.8057,27.407],[88.863,27.3701],[88.896,27.3328],[88.9158,27.331],[88.9079,27.2759],[88.9456,27.2649],[88.9634,27.2334],[89.0028,27.2243],[89.0655,27.2391],[89.0683,27.2797],[89.1117,27.3106],[89.153,27.3209],[89.1606,27.3579],[89.1798,27.3762],[89.1673,27.4075],[89.1373,27.4425],[89.1178,27.4418],[89.0959,27.473],[89.1123,27.542],[89.152,27.5574],[89.1622,27.5812],[89.1281,27.6149],[89.1401,27.648],[89.1709,27.6666],[89.1971,27.7215],[89.2186,27.7236],[89.2254,27.7828],[89.2681,27.8129],[89.296,27.8514],[89.3293,27.8537],[89.3891,27.8903],[89.3984,27.9184],[89.4523,27.9765],[89.4601,28.0306],[89.5125,28.0945],[89.5286,28.0902],[89.5734,28.1271],[89.5965,28.1639],[89.658,28.1684],[89.6814,28.1842],[89.7201,28.171],[89.7827,28.2076],[89.8191,28.2408],[89.8605,28.2301],[89.8957,28.1844],[89.9487,28.1708],[89.9769,28.1946],[90.0236,28.144],[90.0543,28.155],[90.1187,28.1394],[90.1187,28.193],[90.161,28.1921],[90.2092,28.148],[90.277,28.1562],[90.3201,28.1367],[90.3622,28.0958],[90.372,28.0665],[90.4429,28.0641],[90.4554,28.0472],[90.506,28.0668],[90.5572,28.0504],[90.5835,28.0232],[90.6171,28.0476],[90.6623,28.0572],[90.6915,28.0808],[90.7811,28.0415],[90.8072,28.004],[90.7794,27.9642],[90.7728,27.9299],[90.8144,27.9175],[90.8476,27.86],[90.8982,27.8626],[90.942,27.9128],[91.0033,27.8753],[91.0636,27.8715],[91.1106,27.8974],[91.0897,27.9448],[91.1453,27.9463],[91.1595,27.9715],[91.2153,27.9921],[91.2518,27.9717],[91.2825,28.0211],[91.3072,28.0316],[91.3088,28.0607],[91.3425,28.0616],[91.4067,28.0208],[91.4653,28.0063],[91.4912,27.9662],[91.4833,27.9447],[91.5907,27.908],[91.6218,27.8752],[91.5757,27.8641],[91.5397,27.8295],[91.6135,27.8392],[91.6561,27.831],[91.7259,27.7799],[91.7445,27.8],[91.8063,27.7751],[91.8297,27.7905],[91.8735,27.7221],[91.9248,27.7166],[91.9654,27.739],[91.9783,27.7788],[92.048,27.7811],[92.11,27.8027],[92.1429,27.835],[92.2139,27.8648],[92.2444,27.8878],[92.2904,27.873],[92.3206,27.7998],[92.3643,27.8044],[92.4218,27.8357],[92.4264,27.803],[92.4563,27.7931],[92.4975,27.848],[92.5814,27.8901],[92.593,27.9107],[92.6413,27.9105],[92.698,27.9636],[92.7376,28.0414],[92.6971,28.0721],[92.6644,28.0703],[92.6777,28.1513],[92.7158,28.1679],[92.7391,28.1536],[92.7908,28.187],[92.8304,28.1737],[92.8828,28.2009],[92.9227,28.2006],[92.945,28.2595],[92.9919,28.2712],[93.006,28.2972],[93.0478,28.3084],[93.1177,28.3461],[93.1518,28.3716],[93.1634,28.4003],[93.1675,28.4537],[93.2505,28.5493],[93.2752,28.5586],[93.3293,28.5216],[93.3896,28.5311],[93.3992,28.5655],[93.4443,28.5893],[93.4559,28.6146],[93.5035,28.6296],[93.5219,28.6734],[93.6242,28.6868],[93.6356,28.6565],[93.69,28.6755],[93.7094,28.6644],[93.7862,28.7127],[93.7888,28.733],[93.9,28.7545],[93.9701,28.8171],[93.9977,28.7906],[94.0197,28.7935],[94.0215,28.8394],[94.0787,28.8827],[94.1317,28.8889],[94.1748,28.9118],[94.1798,28.9369],[94.2605,28.9317],[94.274,28.9679],[94.3419,29.0019],[94.3664,29.0259],[94.3276,29.0405],[94.3124,29.0791],[94.2846,29.0864],[94.276,29.1127],[94.295,29.1513],[94.3789,29.1541],[94.3909,29.1833],[94.4453,29.1821],[94.4569,29.2131],[94.492,29.2078],[94.5123,29.2299],[94.5573,29.2283],[94.5897,29.2718],[94.6299,29.296],[94.6936,29.3179],[94.7349,29.287],[94.7517,29.2297],[94.7943,29.2177],[94.8097,29.1649],[94.8475,29.1826],[94.8842,29.1791],[94.9268,29.1575],[94.9612,29.161],[94.9908,29.1484],[95.079,29.1465],[95.0958,29.1104],[95.1501,29.0906],[95.176,29.1065],[95.2727,29.0977],[95.3054,29.1406],[95.3916,29.1356],[95.4133,29.1267],[95.419,29.1807],[95.4547,29.1768],[95.4597,29.1372],[95.5168,29.1441],[95.5016,29.1873],[95.5489,29.197],[95.5738,29.1796],[95.6056,29.236],[95.648,29.2104],[95.6687,29.2244],[95.7057,29.2132],[95.7524,29.2762],[95.7371,29.298],[95.8123,29.3475],[95.8395,29.323],[95.8775,29.3146],[95.9401,29.3491],[95.9423,29.3629],[96.0204,29.3627],[96.0654,29.3738],[96.1405,29.3424],[96.1527,29.2965],[96.1962,29.2657],[96.2656,29.2444],[96.3249,29.1521],[96.307,29.1256],[96.3657,29.0811],[96.3641,29.0427],[96.4148,29.0238],[96.4444,28.9946],[96.4359,28.973],[96.4524,28.9382],[96.5041,28.9482],[96.5258,28.9324],[96.5213,28.8699],[96.5796,28.8076],[96.574,28.7832],[96.6318,28.7313],[96.6455,28.6921],[96.6366,28.6508],[96.6478,28.6189],[96.687,28.5903],[96.7501,28.568],[96.7598,28.5194],[96.8604,28.4829],[96.8622,28.4528],[96.8929,28.4186],[96.8897,28.3858],[96.9769,28.3296],[97.0218,28.3223],[97.078,28.3712],[97.1269,28.3616],[97.1785,28.334],[97.2013,28.3064],[97.238,28.2937],[97.2427,28.266],[97.327,28.2148],[97.3492,28.2401],[97.3973,28.2418],[97.4007,28.2816],[97.4247,28.298],[97.4606,28.2706],[97.4677,28.3061],[97.5022,28.3149],[97.4801,28.385],[97.5252,28.4457],[97.504,28.4664],[97.5017,28.4942],[97.5319,28.5063],[97.5666,28.546],[97.603,28.5179],[97.6336,28.5366],[97.6903,28.5185],[97.7238,28.4925],[97.7373,28.4659],[97.7357,28.3983],[97.7787,28.3704],[97.7971,28.3296],[97.8422,28.3287],[97.8703,28.3673],[97.9089,28.3683],[97.9467,28.3264],[97.9523,28.3048],[97.9863,28.2942],[98.0204,28.2582],[98.0116,28.208],[98.0296,28.1913],[98.0767,28.2064],[98.0969,28.1672],[98.1384,28.1464],[98.1753,28.1714],[98.1668,28.2113],[98.2187,28.2167],[98.2643,28.2553],[98.2326,28.3183],[98.207,28.333],[98.2469,28.3797],[98.3014,28.3884],[98.3177,28.3268],[98.3757,28.2529],[98.3703,28.1867],[98.3892,28.1693],[98.3874,28.1172],[98.4335,28.1208],[98.4767,28.1555],[98.5059,28.1476],[98.523,28.1715],[98.5592,28.1872],[98.626,28.1691],[98.6623,28.2134],[98.7092,28.2311],[98.7218,28.3165],[98.7456,28.3252],[98.7053,28.4207],[98.6857,28.4386],[98.675,28.4828],[98.6294,28.4907],[98.6348,28.5373],[98.6187,28.6277],[98.5946,28.6859],[98.6332,28.6895],[98.6823,28.733],[98.6788,28.7755],[98.652,28.8126],[98.6665,28.8484],[98.6433,28.897],[98.6564,28.9142],[98.6305,28.976],[98.703,28.9672],[98.7573,29.0072],[98.786,29.0024],[98.8139,28.951],[98.811,28.9327],[98.8289,28.8495],[98.8279,28.8252],[98.9128,28.8034],[98.9267,28.8354],[98.9715,28.8373],[98.9727,28.8702],[98.9174,28.8907],[98.9261,28.983],[99.0081,29.0333],[99.0146,29.0554],[98.9916,29.1068],[98.969,29.1296],[98.9614,29.1772],[98.9759,29.2084],[99.0241,29.1921],[99.0365,29.2106],[99.1132,29.2247],[99.1142,29.2452],[99.0854,29.2932],[99.067,29.3414],[99.0663,29.4226],[99.0482,29.4951],[99.0489,29.5697],[99.0138,29.6101],[98.9908,29.6629],[98.9993,29.7378],[99.0178,29.7913],[99.0122,29.8156],[99.0525,29.8977],[99.054,29.9619],[99.0336,30.0235],[99.0449,30.0823],[98.9891,30.1545],[98.9809,30.187],[98.9919,30.2182],[98.9689,30.2572],[98.9844,30.278],[98.9674,30.3373],[98.9732,30.4024],[98.965,30.4539],[98.9444,30.4846],[98.926,30.573],[98.9072,30.7017],[98.9635,30.7368],[98.9529,30.7721],[98.9011,30.7889],[98.8505,30.8507],[98.7954,30.8827],[98.7747,30.9115],[98.8063,30.9813],[98.7946,31.0156],[98.7367,31.051],[98.7118,31.0841],[98.7103,31.1198],[98.6735,31.1587],[98.6382,31.1819],[98.6039,31.1874],[98.6229,31.2241],[98.6035,31.2396],[98.6167,31.3078],[98.6441,31.3413],[98.6919,31.3353],[98.7709,31.2594],[98.805,31.2808],[98.8102,31.3095],[98.8868,31.3775],[98.8443,31.4325],[98.7142,31.5113],[98.6952,31.5436],[98.6499,31.5819],[98.6211,31.5925],[98.5841,31.6381],[98.5538,31.6601],[98.5482,31.7155],[98.5178,31.7187],[98.5091,31.7533],[98.462,31.8015],[98.4139,31.8349],[98.4028,31.913],[98.4325,31.9253],[98.4358,32.0055],[98.4052,32.0253],[98.4023,32.0496],[98.3013,32.1269],[98.2959,32.1525],[98.2418,32.2286],[98.219,32.2367],[98.2295,32.27],[98.1974,32.3617],[98.0415,32.4297],[98.0242,32.4461],[97.9359,32.4872],[97.8821,32.4883],[97.7965,32.523],[97.7306,32.5297]]]},"properties":{"region_code":"CN-54","parent_region_code":"CN","name":"西藏自治区","level":"province","has_children":true,"full_path":"中国 / 西藏自治区","source_admin_code":"54","osm_relation_id":153292}},
{"type":"Feature","geometry":{"type":"Polygon","coordinates":[[[111.1183,39.3656],[111.0957,39.3577],[111.0578,39.4003],[111.0534,39.4451],[111.0837,39.4561],[111.1003,39.4983],[111.136,39.5243],[111.1483,39.568],[111.1255,39.5838],[111.0828,39.555],[110.999,39.5525],[110.9748,39.5278],[110.8778,39.5053],[110.8016,39.4117],[110.7373,39.3547],[110.7267,39.3079],[110.6798,39.2669],[110.6209,39.2666],[110.5941,39.2789],[110.5175,39.3809],[110.489,39.3587],[110.4599,39.3754],[110.4229,39.3755],[110.422,39.3394],[110.3787,39.3108],[110.2806,39.3771],[110.2388,39.4429],[110.1431,39.4612],[110.1167,39.4352],[110.1339,39.3871],[110.1711,39.3685],[110.2015,39.2923],[110.0384,39.2161],[109.9528,39.1872],[109.8852,39.1421],[109.9104,39.1196],[109.892,39.101],[109.8457,39.1177],[109.764,39.0669],[109.7136,39.0656],[109.6747,38.9498],[109.6396,38.8772],[109.6173,38.8537],[109.5413,38.805],[109.5126,38.8328],[109.4439,38.7851],[109.4061,38.7458],[109.3983,38.7197],[109.3303,38.7],[109.3213,38.6605],[109.3626,38.628],[109.3296,38.5973],[109.271,38.6279],[109.1972,38.5582],[109.1704,38.518],[109.1461,38.509],[109.1141,38.4726],[109.0448,38.4296],[109.0457,38.3843],[109,38.357],[108.9555,38.2654],[108.9699,38.248],[108.9334,38.2047],[108.959,38.1547],[109.0621,38.0903],[109.0006,37.9654],[108.9743,37.9625],[108.9679,37.9307],[108.938,37.9197],[108.8956,37.9734],[108.8815,38.0152],[108.8303,38.05],[108.7981,38.0478],[108.8266,37.9913],[108.7998,37.9399],[108.7914,37.8577],[108.8013,37.7883],[108.7832,37.7594],[108.7838,37.6869],[108.7267,37.6845],[108.699,37.6691],[108.6096,37.6537],[108.5648,37.6798],[108.5236,37.6904],[108.4215,37.6482],[108.3073,37.6348],[108.2525,37.6666],[108.1479,37.617],[108.0791,37.6501],[108.0165,37.6496],[108.0194,37.6955],[107.9868,37.7352],[107.9757,37.7857],[107.8795,37.8077],[107.8358,37.8287],[107.736,37.8439],[107.7036,37.8687],[107.6466,37.8643],[107.6525,37.8429],[107.6364,37.7955],[107.5674,37.776],[107.494,37.7651],[107.4809,37.7056],[107.4212,37.6836],[107.3826,37.6908],[107.3918,37.6519],[107.326,37.5833],[107.3681,37.5802],[107.342,37.5189],[107.2778,37.4813],[107.2766,37.4375],[107.2543,37.3699],[107.2511,37.3308],[107.2631,37.2896],[107.3019,37.2499],[107.2631,37.2281],[107.3164,37.1957],[107.3317,37.1661],[107.3258,37.1294],[107.306,37.1096],[107.2646,37.0991],[107.2799,37.0564],[107.2751,37.0278],[107.3065,36.9122],[107.3311,36.9255],[107.3603,36.905],[107.4416,36.899],[107.4803,36.9062],[107.5304,36.8646],[107.534,36.8303],[107.5858,36.837],[107.6347,36.8184],[107.6669,36.833],[107.7049,36.806],[107.7408,36.8112],[107.8006,36.7794],[107.8215,36.7857],[107.9033,36.7402],[107.934,36.7068],[107.9323,36.6588],[108.0066,36.685],[108.0036,36.6174],[108.0546,36.5946],[108.0786,36.6159],[108.1586,36.5636],[108.1929,36.6298],[108.2117,36.5713],[108.267,36.5692],[108.3434,36.556],[108.3586,36.5218],[108.3847,36.5032],[108.4067,36.451],[108.4665,36.4216],[108.4895,36.4213],[108.5289,36.4551],[108.558,36.4388],[108.6145,36.4341],[108.6428,36.3838],[108.6344,36.3558],[108.642,36.2498],[108.6538,36.2169],[108.7105,36.1412],[108.6802,36.0827],[108.6839,36.0213],[108.6559,35.9927],[108.6542,35.9583],[108.628,35.938],[108.5842,35.9508],[108.5581,35.9205],[108.5153,35.9057],[108.493,35.8735],[108.5198,35.8399],[108.5129,35.6991],[108.5179,35.6485],[108.5349,35.6061],[108.615,35.5578],[108.6188,35.5293],[108.6008,35.5],[108.6244,35.4511],[108.6333,35.4023],[108.6112,35.3808],[108.6105,35.3311],[108.5629,35.2913],[108.5232,35.2916],[108.4813,35.2745],[108.397,35.2781],[108.328,35.2905],[108.2341,35.256],[108.2159,35.2969],[108.1695,35.3051],[108.118,35.2822],[108.0908,35.2813],[108.0505,35.2587],[107.9807,35.2444],[107.8603,35.2614],[107.7732,35.3029],[107.7325,35.2959],[107.7328,35.2683],[107.6489,35.2454],[107.6801,35.2192],[107.7108,35.1696],[107.755,35.0714],[107.7935,35.0364],[107.8361,35.0146],[107.8531,34.9872],[107.7397,34.954],[107.6709,34.9525],[107.6342,34.9365],[107.568,34.9726],[107.5204,34.9108],[107.4505,34.9176],[107.3873,34.9335],[107.2818,34.9328],[107.2478,34.8821],[107.1848,34.8942],[107.1575,34.9449],[107.0993,34.9604],[107.0935,35.0052],[107.0785,35.0249],[107.0092,35.0302],[106.9774,35.0707],[106.9086,35.0804],[106.8959,35.0953],[106.8341,35.0807],[106.7615,35.0978],[106.7066,35.1013],[106.7021,35.0827],[106.6109,35.072],[106.5558,35.0909],[106.4922,34.989],[106.4889,34.942],[106.506,34.926],[106.5206,34.8798],[106.5518,34.8625],[106.5477,34.8251],[106.5741,34.7899],[106.5397,34.7469],[106.502,34.7479],[106.4883,34.7218],[106.4556,34.7086],[106.4411,34.6706],[106.3904,34.6275],[106.3184,34.5909],[106.3368,34.5693],[106.3444,34.5209],[106.4653,34.5305],[106.51,34.4992],[106.5653,34.4864],[106.6066,34.4561],[106.6211,34.4122],[106.6773,34.3753],[106.7006,34.3124],[106.6756,34.2567],[106.6421,34.249],[106.6164,34.2661],[106.5851,34.2517],[106.5731,34.2826],[106.5221,34.2938],[106.4842,34.2505],[106.5388,34.2486],[106.5567,34.1882],[106.5812,34.1502],[106.5566,34.1119],[106.5018,34.1136],[106.505,34.0764],[106.4653,34.0305],[106.4745,33.9966],[106.461,33.9619],[106.405,33.9092],[106.4259,33.8681],[106.4565,33.8795],[106.4931,33.8523],[106.4598,33.8371],[106.4498,33.8113],[106.4761,33.7883],[106.4846,33.7454],[106.4757,33.7149],[106.5188,33.702],[106.5746,33.6339],[106.5775,33.5928],[106.5479,33.5801],[106.5571,33.5521],[106.5374,33.5171],[106.5099,33.5144],[106.4885,33.5414],[106.4521,33.5412],[106.4412,33.6198],[106.3704,33.6186],[106.3416,33.586],[106.2901,33.6102],[106.2198,33.5611],[106.1831,33.5481],[106.1043,33.5712],[106.1264,33.5985],[106.0797,33.6178],[106.0641,33.6067],[105.979,33.6138],[105.9363,33.5724],[105.8883,33.5396],[105.8315,33.4881],[105.837,33.435],[105.8234,33.3819],[105.7654,33.3797],[105.6981,33.3934],[105.7262,33.3502],[105.749,33.3361],[105.7464,33.288],[105.8373,33.2516],[105.8535,33.2358],[105.9179,33.2438],[105.959,33.2095],[105.9691,33.1503],[105.9213,33.1506],[105.9098,33.059],[105.925,33.0428],[105.9165,32.995],[105.8637,32.9416],[105.8226,32.9604],[105.7316,32.9074],[105.6586,32.9031],[105.6351,32.8843],[105.587,32.879],[105.562,32.9107],[105.5235,32.9212],[105.4954,32.9132],[105.4892,32.8895],[105.5127,32.8614],[105.5615,32.7701],[105.5536,32.7356],[105.5855,32.7304],[105.5913,32.7049],[105.6234,32.7061],[105.6741,32.7288],[105.7162,32.7603],[105.7673,32.7696],[105.8007,32.7616],[105.8245,32.8037],[105.8888,32.8403],[105.9241,32.8275],[105.9613,32.8502],[106.0081,32.8308],[106.0426,32.8657],[106.0967,32.795],[106.0617,32.7842],[106.0693,32.7547],[106.1085,32.7234],[106.1417,32.72],[106.1721,32.6976],[106.2557,32.696],[106.3434,32.6731],[106.4173,32.6187],[106.4626,32.6547],[106.5855,32.691],[106.6251,32.6836],[106.6672,32.6961],[106.7279,32.7404],[106.7795,32.7384],[106.8188,32.7065],[106.8684,32.7262],[106.9128,32.7055],[106.948,32.7184],[106.9825,32.7127],[107.026,32.7216],[107.0621,32.7099],[107.0582,32.6776],[107.083,32.6699],[107.1,32.5929],[107.0755,32.5444],[107.1223,32.4811],[107.1721,32.4825],[107.2035,32.4359],[107.2671,32.4072],[107.2841,32.4797],[107.3426,32.5126],[107.3731,32.541],[107.4302,32.536],[107.435,32.468],[107.4545,32.46],[107.4518,32.4199],[107.4859,32.4275],[107.5207,32.3836],[107.5956,32.4134],[107.6425,32.4153],[107.6916,32.3761],[107.7108,32.3286],[107.7455,32.3392],[107.8305,32.2257],[107.8607,32.2029],[107.8856,32.2154],[107.9815,32.1455],[108.0199,32.178],[108.0137,32.2127],[108.0859,32.2349],[108.1217,32.2187],[108.1512,32.2409],[108.1759,32.2228],[108.2375,32.2761],[108.3073,32.2331],[108.3442,32.2555],[108.3853,32.2648],[108.4107,32.2541],[108.4663,32.2727],[108.5027,32.2473],[108.5043,32.2037],[108.5379,32.1801],[108.5814,32.1734],[108.6686,32.1048],[108.7297,32.1088],[108.7472,32.0755],[108.7829,32.0498],[108.8456,32.0395],[108.8728,31.9965],[108.9857,31.9831],[109.0771,31.9346],[109.12,31.8945],[109.1592,31.8795],[109.1956,31.8447],[109.1868,31.8275],[109.2712,31.8024],[109.2779,31.7186],[109.3774,31.7067],[109.4515,31.7244],[109.4925,31.7192],[109.5503,31.7328],[109.5804,31.7285],[109.5844,31.7834],[109.6352,31.8278],[109.6125,31.8507],[109.6063,31.884],[109.5792,31.895],[109.5964,31.9246],[109.6209,31.9268],[109.6264,31.9636],[109.5871,32.0018],[109.5855,32.0491],[109.6214,32.1013],[109.5875,32.1442],[109.5876,32.2209],[109.5456,32.2272],[109.5238,32.2726],[109.4904,32.3026],[109.5074,32.3467],[109.4947,32.3764],[109.5214,32.4022],[109.522,32.4357],[109.5687,32.4865],[109.5734,32.5127],[109.6193,32.5355],[109.6223,32.599],[109.6902,32.5974],[109.7217,32.6105],[109.747,32.5863],[109.8547,32.5797],[109.8932,32.5951],[109.9662,32.5798],[109.9992,32.5464],[110.031,32.5475],[110.0862,32.5893],[110.0811,32.6158],[110.1283,32.6161],[110.1599,32.5959],[110.2013,32.6351],[110.1492,32.6921],[110.1544,32.7692],[110.1369,32.8042],[110.077,32.8464],[109.9869,32.8883],[109.9241,32.8885],[109.9037,32.9065],[109.8531,32.9137],[109.8412,32.8939],[109.7953,32.8793],[109.7594,32.9116],[109.7814,32.9694],[109.7897,33.0511],[109.7438,33.089],[109.6826,33.1182],[109.6032,33.1062],[109.5487,33.1315],[109.465,33.1386],[109.476,33.2014],[109.5041,33.2137],[109.5165,33.2438],[109.6032,33.2366],[109.6083,33.2716],[109.6443,33.2541],[109.688,33.2562],[109.7278,33.2328],[109.8074,33.238],[109.8471,33.2498],[109.9241,33.2274],[109.9621,33.2065],[109.9937,33.214],[110.035,33.1927],[110.0718,33.2038],[110.1598,33.211],[110.2127,33.1648],[110.2802,33.1727],[110.3286,33.1613],[110.3554,33.1827],[110.4171,33.1718],[110.4943,33.202],[110.5029,33.2284],[110.5619,33.2552],[110.593,33.2094],[110.5951,33.1626],[110.6219,33.1433],[110.6516,33.1495],[110.6966,33.0991],[110.7218,33.1361],[110.8047,33.1634],[110.8245,33.2057],[110.8669,33.2167],[110.9165,33.2046],[110.9347,33.2382],[110.9884,33.2539],[110.9924,33.3031],[111.0242,33.3425],[111.0219,33.3697],[110.9911,33.4376],[111.0152,33.4524],[111.0222,33.4945],[110.998,33.5349],[110.9988,33.5791],[110.9634,33.6093],[110.8736,33.6368],[110.8328,33.6686],[110.8273,33.7154],[110.7721,33.8018],[110.7286,33.804],[110.6996,33.8386],[110.655,33.857],[110.6029,33.8597],[110.5831,33.9014],[110.6396,33.9368],[110.6435,33.9723],[110.6266,34.0276],[110.5815,34.0261],[110.5827,34.0995],[110.6073,34.1129],[110.6374,34.1616],[110.5456,34.214],[110.433,34.2454],[110.4228,34.2764],[110.4682,34.3224],[110.4817,34.3571],[110.4688,34.3937],[110.4065,34.4205],[110.3868,34.4683],[110.3551,34.518],[110.3961,34.5562],[110.3607,34.5683],[110.3746,34.6044],[110.2822,34.613],[110.2588,34.6324],[110.2284,34.6918],[110.2412,34.7688],[110.2315,34.8116],[110.2371,34.8549],[110.2195,34.8849],[110.2639,34.945],[110.2974,35.0072],[110.3373,35.0612],[110.368,35.1373],[110.3537,35.1783],[110.3953,35.2965],[110.4552,35.3315],[110.4762,35.4213],[110.4781,35.4558],[110.5001,35.4838],[110.5664,35.5396],[110.606,35.6187],[110.5748,35.7138],[110.5661,35.8038],[110.5438,35.8479],[110.546,35.8754],[110.5059,35.88],[110.5106,35.9248],[110.497,35.9477],[110.5113,35.9722],[110.4846,36.0409],[110.4627,36.073],[110.4414,36.1669],[110.4469,36.2183],[110.4681,36.2472],[110.4678,36.3118],[110.4536,36.3341],[110.482,36.3945],[110.4864,36.4252],[110.468,36.4467],[110.493,36.4752],[110.4919,36.5818],[110.4399,36.6229],[110.4227,36.6553],[110.4318,36.7359],[110.403,36.7782],[110.4189,36.8543],[110.4011,36.8893],[110.4201,36.9615],[110.3866,37.0224],[110.4346,37.0052],[110.4936,37.0897],[110.5289,37.1119],[110.5301,37.1387],[110.5738,37.1751],[110.6475,37.2589],[110.6857,37.2894],[110.6725,37.3136],[110.6921,37.3474],[110.6293,37.365],[110.6272,37.4004],[110.6458,37.4398],[110.7342,37.4493],[110.7533,37.4733],[110.767,37.5379],[110.7901,37.5611],[110.7679,37.5905],[110.7577,37.6349],[110.7899,37.6615],[110.7612,37.6839],[110.7052,37.7004],[110.6993,37.7201],[110.742,37.735],[110.7495,37.7564],[110.6745,37.7894],[110.5814,37.9264],[110.5147,37.9568],[110.5219,37.9943],[110.498,38.0226],[110.4945,38.0893],[110.5132,38.116],[110.501,38.1855],[110.5174,38.2077],[110.5632,38.225],[110.5671,38.289],[110.5893,38.3068],[110.664,38.311],[110.6882,38.3446],[110.7405,38.3657],[110.7745,38.4435],[110.8367,38.4389],[110.8714,38.4556],[110.8643,38.509],[110.9031,38.5216],[110.9036,38.5622],[110.8778,38.6105],[110.8879,38.6567],[110.9112,38.6717],[110.9079,38.7014],[110.9537,38.7434],[111.0002,38.8359],[110.989,38.8637],[111.0112,38.8869],[111.0068,38.9285],[110.9738,38.9698],[111.0226,39.017],[111.0786,39.0231],[111.1354,39.0675],[111.167,39.1383],[111.1568,39.1511],[111.1963,39.2218],[111.2206,39.2839],[111.1716,39.3294],[111.1183,39.3656]]]},"properties":{"region_code":"CN-61","parent_region_code":"CN","name":"陕西省","level":"province","has_children":true,"full_path":"中国 / 陕西省","source_admin_code":"61","osm_relation_id":913100}},
{"type":"Feature","geometry":{"type":"Polygon","coordinates":[[[97.2695,42.7814],[97.1716,42.7946],[96.9777,42.7544],[96.7486,42.755],[96.3874,42.7245],[96.1647,42.6213],[96.1017,42.6031],[96.0717,42.5676],[96.0226,42.5411],[96.0162,42.4806],[95.9778,42.4355],[96.0646,42.4129],[96.0404,42.3522],[96.0401,42.3254],[96.1777,42.2167],[96.0758,42.1486],[96.1376,42.0531],[96.1367,42.0182],[96.1123,41.9805],[96.0543,41.934],[96.0104,41.9099],[95.8572,41.8491],[95.7625,41.8347],[95.6768,41.8281],[95.5701,41.7938],[95.396,41.693],[95.3386,41.6491],[95.2981,41.5628],[95.2488,41.6064],[95.2089,41.6756],[95.1958,41.7199],[95.1388,41.7602],[95.1094,41.7668],[95.0103,41.7248],[94.9671,41.7171],[94.8606,41.6673],[94.8083,41.6176],[94.749,41.5371],[94.5336,41.5047],[94.3987,41.4118],[94.1818,41.2671],[94.0081,41.1129],[93.9065,40.983],[93.8083,40.8786],[93.8195,40.7928],[93.7594,40.6648],[93.505,40.6475],[92.9273,40.572],[92.9193,40.3906],[92.9057,40.3104],[92.7953,40.1525],[92.7442,39.8661],[92.6885,39.6676],[92.6394,39.515],[92.5193,39.3645],[92.3833,39.262],[92.3387,39.2374],[92.3428,39.144],[92.3633,39.0947],[92.3526,39.0683],[92.4097,39.038],[92.4598,39.0438],[92.4594,39.0633],[92.4926,39.103],[92.5446,39.1104],[92.6616,39.1102],[92.7272,39.121],[92.784,39.14],[92.867,39.1398],[92.8875,39.1602],[92.9376,39.1694],[92.9951,39.1516],[93.0438,39.1468],[93.1152,39.1792],[93.1365,39.1544],[93.1319,39.1092],[93.165,39.0918],[93.1978,39.0466],[93.1795,38.9237],[93.2382,38.9164],[93.2749,38.8956],[93.3338,38.9053],[93.4622,38.9162],[93.729,38.9243],[93.834,38.8677],[93.8832,38.8678],[93.8821,38.8262],[93.7688,38.8209],[93.7698,38.7748],[93.7992,38.7503],[93.8698,38.7233],[93.9377,38.7161],[93.9722,38.7256],[94.2807,38.7595],[94.3364,38.755],[94.3687,38.7632],[94.4584,38.5658],[94.509,38.4436],[94.5255,38.4262],[94.5288,38.3598],[94.55,38.3496],[94.5941,38.3737],[94.723,38.3879],[94.8097,38.3863],[94.8767,38.3998],[94.8813,38.4146],[94.9729,38.4305],[95.0458,38.4172],[95.0746,38.4038],[95.1207,38.4163],[95.164,38.3879],[95.2041,38.329],[95.2308,38.3285],[95.266,38.2962],[95.3099,38.3123],[95.3874,38.3022],[95.4882,38.3155],[95.5187,38.2968],[95.581,38.3414],[95.6255,38.3453],[95.6715,38.3876],[95.7024,38.3996],[95.7223,38.378],[95.8365,38.3365],[95.8563,38.2825],[95.8947,38.2902],[95.9331,38.2565],[95.9383,38.2364],[95.9987,38.21],[96.0483,38.1779],[96.0732,38.189],[96.1439,38.1769],[96.2069,38.1475],[96.2114,38.1686],[96.2541,38.1677],[96.2631,38.145],[96.3127,38.1612],[96.3104,38.1999],[96.3357,38.2467],[96.3774,38.2778],[96.4452,38.2785],[96.6648,38.2231],[96.6634,38.2591],[96.6236,38.3413],[96.6257,38.355],[96.6882,38.419],[96.6994,38.4575],[96.6574,38.4814],[96.703,38.5046],[96.772,38.5024],[96.7993,38.5188],[96.7663,38.552],[96.8039,38.5702],[96.7939,38.6077],[96.8496,38.5917],[96.9077,38.5639],[96.9901,38.5621],[97.0548,38.5931],[97.0515,38.6805],[97.0084,38.7025],[97.0225,38.7548],[96.9864,38.7913],[96.993,38.8352],[96.9825,38.8703],[96.9379,38.9101],[96.948,38.9375],[96.9349,38.9756],[96.9712,39.0263],[96.9557,39.0459],[96.9715,39.1014],[97.0131,39.1412],[96.9608,39.195],[97.0142,39.2142],[97.0635,39.2011],[97.1614,39.1907],[97.2001,39.1932],[97.3144,39.1639],[97.3465,39.1666],[97.3706,39.14],[97.4004,39.1459],[97.4259,39.1246],[97.4626,39.1189],[97.489,39.0806],[97.6897,39.0065],[97.6855,38.9704],[97.7247,38.9671],[97.7608,38.944],[97.8119,38.9397],[97.9172,38.8788],[98.013,38.8593],[98.032,38.8314],[98.066,38.8187],[98.0927,38.7859],[98.1509,38.8194],[98.1687,38.8413],[98.2511,38.8887],[98.2363,38.9416],[98.2571,38.9907],[98.2629,39.0418],[98.4008,39.0228],[98.4253,38.9996],[98.43,38.9705],[98.4932,38.9457],[98.5402,38.9574],[98.5812,38.928],[98.6239,38.9566],[98.6126,38.9798],[98.6633,38.9948],[98.7039,39.0428],[98.7591,39.0904],[98.8117,39.0867],[98.8188,39.0658],[98.8735,39.049],[98.9015,39.0107],[98.9564,38.9842],[99.0578,38.9759],[99.1009,38.9431],[99.0604,38.9062],[99.1748,38.8303],[99.218,38.7899],[99.2859,38.7676],[99.3763,38.7092],[99.3736,38.6952],[99.4277,38.6466],[99.4464,38.6049],[99.4961,38.613],[99.5131,38.5675],[99.5554,38.5199],[99.6288,38.4739],[99.6559,38.4406],[99.7239,38.4115],[99.7725,38.4057],[99.8152,38.3668],[99.8344,38.3672],[99.965,38.3176],[100.0064,38.3125],[100.0569,38.2805],[100.073,38.2846],[100.1262,38.2321],[100.1835,38.2287],[100.1558,38.3101],[100.1253,38.3409],[100.1095,38.3771],[100.0751,38.4139],[100.0204,38.4331],[99.9998,38.4668],[100.0231,38.5076],[100.062,38.519],[100.0874,38.4933],[100.1502,38.4782],[100.1619,38.459],[100.2115,38.4549],[100.2387,38.4408],[100.2462,38.3735],[100.2957,38.3897],[100.3279,38.3504],[100.3158,38.3281],[100.4608,38.2657],[100.4734,38.2869],[100.5192,38.2732],[100.5399,38.254],[100.5941,38.2429],[100.6202,38.2664],[100.7552,38.2355],[100.8186,38.1615],[100.859,38.1474],[100.9102,38.1781],[100.9227,38.1481],[100.9227,38.0946],[100.8861,38.0548],[100.899,38.0096],[100.9587,38.0114],[101.1093,37.9366],[101.1504,37.8925],[101.1578,37.8673],[101.2014,37.8467],[101.2742,37.8364],[101.3539,37.7897],[101.4369,37.8674],[101.4984,37.8575],[101.5407,37.8386],[101.5965,37.8271],[101.6389,37.7755],[101.6684,37.7539],[101.6573,37.733],[101.7871,37.6967],[101.8525,37.6643],[101.8925,37.7006],[101.9446,37.7278],[101.9795,37.7272],[102.0313,37.6879],[102.0452,37.6537],[102.0334,37.6281],[102.0716,37.5829],[102.1288,37.546],[102.1013,37.4923],[102.1766,37.4564],[102.1959,37.4197],[102.2472,37.4109],[102.2972,37.3695],[102.3662,37.3271],[102.4262,37.3077],[102.4237,37.2867],[102.486,37.2251],[102.5313,37.2171],[102.578,37.1723],[102.5998,37.1738],[102.6259,37.1278],[102.6212,37.1034],[102.5811,37.104],[102.4865,37.0784],[102.5035,37.0237],[102.4653,36.9893],[102.4611,36.9571],[102.4981,36.9545],[102.5596,36.9054],[102.585,36.8705],[102.6386,36.8519],[102.6924,36.7753],[102.6431,36.7342],[102.6122,36.7389],[102.5997,36.7102],[102.6274,36.6539],[102.7164,36.6024],[102.7511,36.5263],[102.7913,36.4994],[102.7686,36.4728],[102.8062,36.4099],[102.8435,36.3324],[102.8943,36.3325],[102.9206,36.2991],[103.0221,36.2572],[103.0286,36.2338],[103.0601,36.2195],[102.9854,36.1888],[102.9437,36.1332],[102.9387,36.1054],[102.9058,36.088],[102.9686,35.9941],[102.9401,35.928],[102.9537,35.8609],[102.9485,35.8375],[102.8602,35.8451],[102.7847,35.8626],[102.7382,35.8212],[102.7135,35.817],[102.6831,35.7735],[102.6987,35.6996],[102.7274,35.6861],[102.7636,35.6],[102.7984,35.5748],[102.7771,35.5207],[102.7422,35.4953],[102.6935,35.529],[102.5856,35.5424],[102.5297,35.5809],[102.5072,35.5694],[102.4807,35.5133],[102.4361,35.4557],[102.4458,35.4376],[102.4061,35.4108],[102.3129,35.4349],[102.2915,35.4253],[102.2843,35.3673],[102.3155,35.3412],[102.3083,35.283],[102.337,35.284],[102.3689,35.2626],[102.3783,35.2141],[102.4016,35.1792],[102.348,35.166],[102.3092,35.1288],[102.2928,35.0709],[102.2119,35.0368],[102.1722,35.0329],[102.0933,34.9886],[102.06,34.9443],[102.0507,34.8927],[102.0179,34.8995],[101.9363,34.8893],[101.9164,34.8779],[101.9301,34.8433],[101.915,34.7879],[101.9151,34.7233],[101.9305,34.6849],[101.9171,34.669],[101.9227,34.6083],[101.9548,34.5855],[101.9736,34.5494],[102.0006,34.539],[102.0906,34.5373],[102.1204,34.5239],[102.1701,34.4778],[102.2209,34.3861],[102.2574,34.3575],[102.2192,34.341],[102.179,34.3601],[102.1594,34.3265],[102.1452,34.2732],[102.0694,34.294],[102.0637,34.2363],[102.0219,34.2155],[102.0017,34.1639],[101.965,34.1704],[101.9542,34.1112],[101.8925,34.1361],[101.7852,34.1334],[101.7609,34.125],[101.7464,34.0889],[101.7139,34.1087],[101.6488,34.1264],[101.6504,34.1561],[101.5806,34.1977],[101.5379,34.2136],[101.4419,34.2223],[101.3389,34.2502],[101.3268,34.2667],[101.2687,34.2799],[101.2263,34.2989],[101.2338,34.3279],[101.1904,34.339],[101.1686,34.3204],[101.1382,34.3283],[101.059,34.3297],[100.985,34.3758],[100.9485,34.3845],[100.8974,34.3798],[100.8678,34.3352],[100.8158,34.3154],[100.7955,34.2646],[100.8065,34.2491],[100.7629,34.1789],[100.8067,34.1566],[100.848,34.0924],[100.8689,34.0844],[100.8817,34.0375],[100.9323,33.9926],[100.9261,33.9784],[100.9648,33.949],[100.9939,33.8924],[101.0216,33.898],[101.0508,33.8655],[101.1513,33.8467],[101.1491,33.8262],[101.1909,33.7932],[101.1855,33.7458],[101.1631,33.7236],[101.1647,33.6646],[101.2147,33.6699],[101.2318,33.686],[101.2866,33.6627],[101.3082,33.666],[101.3852,33.6463],[101.4136,33.6525],[101.4261,33.6801],[101.5019,33.7047],[101.5801,33.6774],[101.5841,33.6463],[101.6162,33.6025],[101.61,33.5659],[101.6229,33.501],[101.7337,33.4982],[101.7671,33.5398],[101.7803,33.5574],[101.8287,33.5569],[101.8326,33.5932],[101.888,33.575],[101.9062,33.5446],[101.8967,33.5178],[101.9053,33.483],[101.9276,33.4719],[101.9124,33.4069],[101.8857,33.3864],[101.8702,33.3302],[101.8316,33.2926],[101.7688,33.2706],[101.7688,33.2488],[101.8281,33.2141],[101.8405,33.187],[101.8245,33.1211],[101.8636,33.1052],[101.8826,33.1359],[101.9241,33.1605],[101.9332,33.1885],[101.9787,33.2033],[102.0811,33.196],[102.1144,33.2859],[102.1407,33.2767],[102.1606,33.2427],[102.2068,33.2268],[102.2159,33.2498],[102.1854,33.3339],[102.2337,33.3718],[102.2701,33.4112],[102.314,33.3989],[102.3437,33.414],[102.3946,33.4084],[102.4034,33.4282],[102.4818,33.4635],[102.4505,33.4853],[102.4743,33.5332],[102.4475,33.5705],[102.4045,33.5821],[102.3847,33.6004],[102.3467,33.6066],[102.3144,33.6766],[102.3325,33.7139],[102.2858,33.72],[102.3213,33.7617],[102.3021,33.7831],[102.2488,33.7887],[102.2666,33.839],[102.1543,33.9489],[102.1656,33.9843],[102.2212,33.9656],[102.2737,33.9935],[102.3149,33.995],[102.3423,33.9713],[102.3904,33.972],[102.4028,34.0315],[102.4378,34.0875],[102.473,34.0734],[102.5105,34.0877],[102.5645,34.0896],[102.6036,34.103],[102.6458,34.0832],[102.6632,34.1128],[102.5986,34.1462],[102.6586,34.192],[102.6936,34.1995],[102.7288,34.2371],[102.7761,34.2372],[102.7973,34.2744],[102.8545,34.272],[102.8592,34.3041],[102.915,34.3122],[102.9497,34.2924],[102.9839,34.2317],[102.9802,34.1971],[103.0082,34.1848],[103.0627,34.2006],[103.1218,34.163],[103.1222,34.1192],[103.1782,34.0874],[103.1277,34.0691],[103.1578,34.0093],[103.1164,33.9557],[103.1431,33.9268],[103.1841,33.904],[103.1631,33.8693],[103.1497,33.8169],[103.2022,33.7949],[103.2472,33.8168],[103.2863,33.7984],[103.2758,33.7756],[103.3346,33.7398],[103.3743,33.7524],[103.4388,33.7517],[103.4459,33.7847],[103.4741,33.8119],[103.5297,33.8015],[103.5434,33.7211],[103.518,33.6799],[103.5488,33.6732],[103.5828,33.7158],[103.646,33.7122],[103.7669,33.6586],[103.8204,33.681],[103.9279,33.6842],[103.9718,33.676],[104.0463,33.6877],[104.1137,33.6585],[104.1672,33.6135],[104.1788,33.5793],[104.1527,33.5442],[104.1775,33.478],[104.2154,33.4441],[104.2206,33.4055],[104.2682,33.3948],[104.2935,33.333],[104.3305,33.331],[104.3557,33.347],[104.4109,33.3285],[104.3831,33.3011],[104.3092,33.3074],[104.3267,33.2531],[104.3212,33.2265],[104.349,33.1765],[104.3741,33.1099],[104.3323,33.0468],[104.3635,33.0308],[104.4126,33.0339],[104.4168,33.0104],[104.3808,32.9962],[104.3712,32.9524],[104.3413,32.9429],[104.3028,32.9537],[104.2746,32.9031],[104.2919,32.8382],[104.3563,32.8263],[104.3691,32.8096],[104.4622,32.7505],[104.5084,32.7563],[104.5319,32.7272],[104.5811,32.7242],[104.5886,32.7002],[104.6402,32.6662],[104.6932,32.6774],[104.7244,32.6462],[104.7906,32.6467],[104.8264,32.6655],[104.8631,32.6364],[104.8815,32.6052],[104.9099,32.6073],[105.024,32.6525],[105.0739,32.6405],[105.1051,32.5987],[105.1398,32.6026],[105.1935,32.6242],[105.2115,32.6623],[105.2614,32.6545],[105.3443,32.6869],[105.3611,32.7118],[105.4496,32.7385],[105.3876,32.8377],[105.3835,32.875],[105.4283,32.9349],[105.4633,32.9321],[105.4954,32.9132],[105.5235,32.9212],[105.562,32.9107],[105.587,32.879],[105.6351,32.8843],[105.6586,32.9031],[105.7316,32.9074],[105.8226,32.9604],[105.8637,32.9416],[105.9165,32.995],[105.925,33.0428],[105.9098,33.059],[105.9213,33.1506],[105.9691,33.1503],[105.959,33.2095],[105.9179,33.2438],[105.8535,33.2358],[105.8373,33.2516],[105.7464,33.288],[105.749,33.3361],[105.7262,33.3502],[105.6981,33.3934],[105.7654,33.3797],[105.8234,33.3819],[105.837,33.435],[105.8315,33.4881],[105.8883,33.5396],[105.9363,33.5724],[105.979,33.6138],[106.0641,33.6067],[106.0797,33.6178],[106.1264,33.5985],[106.1043,33.5712],[106.1831,33.5481],[106.2198,33.5611],[106.2901,33.6102],[106.3416,33.586],[106.3704,33.6186],[106.4412,33.6198],[106.4521,33.5412],[106.4885,33.5414],[106.5099,33.5144],[106.5374,33.5171],[106.5571,33.5521],[106.5479,33.5801],[106.5775,33.5928],[106.5746,33.6339],[106.5188,33.702],[106.4757,33.7149],[106.4846,33.7454],[106.4761,33.7883],[106.4498,33.8113],[106.4598,33.8371],[106.4931,33.8523],[106.4565,33.8795],[106.4259,33.8681],[106.405,33.9092],[106.461,33.9619],[106.4745,33.9966],[106.4653,34.0305],[106.505,34.0764],[106.5018,34.1136],[106.5566,34.1119],[106.5812,34.1502],[106.5567,34.1882],[106.5388,34.2486],[106.4842,34.2505],[106.5221,34.2938],[106.5731,34.2826],[106.5851,34.2517],[106.6164,34.2661],[106.6421,34.249],[106.6756,34.2567],[106.7006,34.3124],[106.6773,34.3753],[106.6211,34.4122],[106.6066,34.4561],[106.5653,34.4864],[106.51,34.4992],[106.4653,34.5305],[106.3444,34.5209],[106.3368,34.5693],[106.3184,34.5909],[106.3904,34.6275],[106.4411,34.6706],[106.4556,34.7086],[106.4883,34.7218],[106.502,34.7479],[106.5397,34.7469],[106.5741,34.7899],[106.5477,34.8251],[106.5518,34.8625],[106.5206,34.8798],[106.506,34.926],[106.4889,34.942],[106.4922,34.989],[106.5558,35.0909],[106.6109,35.072],[106.7021,35.0827],[106.7066,35.1013],[106.7615,35.0978],[106.8341,35.0807],[106.8959,35.0953],[106.9086,35.0804],[106.9774,35.0707],[107.0092,35.0302],[107.0785,35.0249],[107.0935,35.0052],[107.0993,34.9604],[107.1575,34.9449],[107.1848,34.8942],[107.2478,34.8821],[107.2818,34.9328],[107.3873,34.9335],[107.4505,34.9176],[107.5204,34.9108],[107.568,34.9726],[107.6342,34.9365],[107.6709,34.9525],[107.7397,34.954],[107.8531,34.9872],[107.8361,35.0146],[107.7935,35.0364],[107.755,35.0714],[107.7108,35.1696],[107.6801,35.2192],[107.6489,35.2454],[107.7328,35.2683],[107.7325,35.2959],[107.7732,35.3029],[107.8603,35.2614],[107.9807,35.2444],[108.0505,35.2587],[108.0908,35.2813],[108.118,35.2822],[108.1695,35.3051],[108.2159,35.2969],[108.2341,35.256],[108.328,35.2905],[108.397,35.2781],[108.4813,35.2745],[108.5232,35.2916],[108.5629,35.2913],[108.6105,35.3311],[108.6112,35.3808],[108.6333,35.4023],[108.6244,35.4511],[108.6008,35.5],[108.6188,35.5293],[108.615,35.5578],[108.5349,35.6061],[108.5179,35.6485],[108.5129,35.6991],[108.5198,35.8399],[108.493,35.8735],[108.5153,35.9057],[108.5581,35.9205],[108.5842,35.9508],[108.628,35.938],[108.6542,35.9583],[108.6559,35.9927],[108.6839,36.0213],[108.6802,36.0827],[108.7105,36.1412],[108.6538,36.2169],[108.642,36.2498],[108.6344,36.3558],[108.6428,36.3838],[108.6145,36.4341],[108.558,36.4388],[108.5289,36.4551],[108.4895,36.4213],[108.4665,36.4216],[108.4067,36.451],[108.3847,36.5032],[108.3586,36.5218],[108.3434,36.556],[108.267,36.5692],[108.2117,36.5713],[108.1929,36.6298],[108.1586,36.5636],[108.0786,36.6159],[108.0546,36.5946],[108.0036,36.6174],[108.0066,36.685],[107.9323,36.6588],[107.934,36.7068],[107.9033,36.7402],[107.8215,36.7857],[107.8006,36.7794],[107.7408,36.8112],[107.7049,36.806],[107.6669,36.833],[107.6347,36.8184],[107.5858,36.837],[107.534,36.8303],[107.5304,36.8646],[107.4803,36.9062],[107.4416,36.899],[107.3603,36.905],[107.3311,36.9255],[107.3065,36.9122],[107.2751,37.0278],[107.2799,37.0564],[107.2646,37.0991],[107.2297,37.0964],[107.177,37.1422],[107.1315,37.1348],[107.0907,37.1156],[107.021,37.1318],[107.0226,37.1108],[106.9563,37.1133],[106.9176,37.1466],[106.8968,37.1329],[106.8871,37.0976],[106.7771,37.1581],[106.7521,37.0998],[106.724,37.1204],[106.6567,37.1256],[106.6163,37.0969],[106.6413,37.0659],[106.6626,37.0174],[106.6425,37.0013],[106.6331,36.9636],[106.5855,36.9603],[106.5767,36.9307],[106.6357,36.8831],[106.6383,36.802],[106.6239,36.7518],[106.5892,36.7504],[106.5101,36.7164],[106.4873,36.6865],[106.4888,36.6314],[106.4409,36.6256],[106.4546,36.5666],[106.3853,36.5583],[106.4143,36.5276],[106.4799,36.4815],[106.5201,36.4661],[106.4875,36.4225],[106.5001,36.4018],[106.5023,36.3291],[106.466,36.3121],[106.498,36.2722],[106.5464,36.2577],[106.5565,36.2724],[106.6114,36.2771],[106.6452,36.2589],[106.6842,36.2692],[106.7063,36.2364],[106.7953,36.2164],[106.8256,36.225],[106.8943,36.1695],[106.9043,36.1328],[106.9379,36.1184],[106.9529,36.0772],[106.9351,36.0634],[106.9243,36.0118],[106.9411,35.9854],[106.8981,35.9436],[106.9085,35.9326],[106.8462,35.8868],[106.9233,35.8072],[106.9078,35.7692],[106.8652,35.7755],[106.8631,35.7387],[106.8268,35.7435],[106.803,35.7101],[106.7608,35.7291],[106.7507,35.6915],[106.6883,35.7153],[106.6598,35.7075],[106.5261,35.742],[106.4613,35.7182],[106.4296,35.6877],[106.4716,35.5826],[106.4557,35.5784],[106.4364,35.5265],[106.4863,35.4798],[106.4792,35.4516],[106.4996,35.4154],[106.4864,35.3294],[106.4122,35.2768],[106.3316,35.2515],[106.2952,35.288],[106.271,35.3285],[106.2384,35.3532],[106.2337,35.4098],[106.1907,35.4102],[106.169,35.4371],[106.1209,35.3792],[106.0769,35.4135],[106.066,35.4889],[106.0151,35.4944],[106.0115,35.522],[105.91,35.5411],[105.8629,35.5332],[105.8305,35.5409],[105.8121,35.5749],[105.7811,35.5746],[105.6876,35.6845],[105.715,35.7258],[105.6648,35.7497],[105.5939,35.7198],[105.5515,35.7264],[105.5066,35.7198],[105.469,35.7509],[105.403,35.8223],[105.3675,35.8421],[105.3868,35.8665],[105.3306,35.8865],[105.3209,35.9436],[105.3397,36.0335],[105.4037,36.0757],[105.429,36.1041],[105.487,36.1007],[105.5107,36.1473],[105.4904,36.1674],[105.4777,36.2084],[105.4575,36.2216],[105.4717,36.2936],[105.4304,36.325],[105.3967,36.3693],[105.395,36.4298],[105.3597,36.4447],[105.3573,36.498],[105.3162,36.5365],[105.2564,36.5339],[105.2719,36.5632],[105.2577,36.6023],[105.2161,36.6338],[105.2243,36.6589],[105.199,36.705],[105.2352,36.741],[105.3065,36.7409],[105.3376,36.7645],[105.3303,36.8016],[105.3018,36.8187],[105.2716,36.8701],[105.1803,36.9014],[105.1823,36.9414],[105.1616,36.9946],[105.1073,36.9997],[105.0012,37.0351],[104.9513,37.0396],[104.9512,37.0781],[104.9133,37.0946],[104.8852,37.1585],[104.8548,37.1838],[104.855,37.2112],[104.7736,37.2461],[104.7154,37.2095],[104.6353,37.2015],[104.6065,37.2271],[104.5982,37.258],[104.6171,37.2905],[104.6472,37.2901],[104.7004,37.3299],[104.6647,37.3559],[104.6705,37.4106],[104.6347,37.4197],[104.446,37.4233],[104.4331,37.4458],[104.3619,37.4176],[104.2945,37.4136],[104.2825,37.43],[104.2351,37.4114],[104.1802,37.4066],[104.0761,37.4718],[103.9351,37.5712],[103.8672,37.6066],[103.8377,37.6473],[103.6717,37.785],[103.3993,37.8611],[103.3826,37.9472],[103.354,38.0259],[103.3669,38.0887],[103.55,38.1594],[103.4639,38.3511],[103.4118,38.4045],[103.8594,38.6463],[104.0321,38.8919],[104.1692,38.9391],[104.194,38.9876],[104.1876,39.0455],[104.1998,39.0835],[104.1745,39.1539],[104.0443,39.2966],[104.0874,39.4193],[103.943,39.4587],[103.8471,39.4605],[103.3423,39.329],[103.2594,39.2657],[103.169,39.2059],[103.1357,39.197],[103.0101,39.0985],[102.8007,39.1408],[102.6051,39.1722],[102.4541,39.255],[102.351,39.2312],[102.2818,39.1918],[101.8309,39.0932],[101.9762,38.9683],[102.0715,38.8905],[101.9373,38.8121],[101.8547,38.7177],[101.7733,38.6588],[101.7419,38.6773],[101.6511,38.6867],[101.6043,38.6474],[101.5578,38.7129],[101.4748,38.7363],[101.3948,38.7723],[101.3061,38.7873],[101.3402,38.825],[101.331,38.8475],[101.2362,38.8584],[101.2329,38.9067],[101.1953,38.947],[101.226,39.0208],[101.1338,38.9794],[100.9615,38.9437],[100.9642,39.0003],[100.9001,39.0301],[100.8805,38.9957],[100.8288,39.0276],[100.8268,39.0728],[100.8665,39.1097],[100.8382,39.2067],[100.8298,39.4041],[100.7037,39.4039],[100.609,39.387],[100.4968,39.3998],[100.4978,39.48],[100.4345,39.4864],[100.3236,39.5083],[100.2981,39.5718],[100.3108,39.6081],[100.2449,39.684],[100.1144,39.7047],[100.0349,39.7554],[99.9646,39.7669],[99.9037,39.7874],[99.8202,39.8622],[99.65,39.8875],[99.452,39.8747],[99.4652,39.896],[99.5032,39.8831],[99.6934,39.964],[99.7545,40.0082],[99.8451,40.0139],[99.9261,40.0644],[99.9536,40.1558],[99.9948,40.1941],[100.1678,40.2795],[100.1665,40.5404],[100.2406,40.6181],[100.2358,40.716],[100.2221,40.727],[100.1089,40.8724],[100.0518,40.9068],[99.9845,40.9088],[99.6714,40.9332],[99.5657,40.846],[99.1729,40.858],[99.1715,40.7462],[99.1238,40.7145],[99.1008,40.6757],[99.04,40.6921],[98.9844,40.7829],[98.7901,40.7056],[98.8076,40.6577],[98.791,40.6151],[98.7149,40.6616],[98.6888,40.6908],[98.6686,40.7722],[98.5686,40.7462],[98.6263,40.6775],[98.3434,40.5678],[98.3322,40.9185],[98.2497,40.9383],[98.1844,40.9868],[98.1409,41.001],[97.9716,41.0965],[97.6287,41.44],[97.6137,41.4757],[97.8453,41.6555],[97.6657,41.9633],[97.2695,42.7814]],[[105.8934,35.4127],[105.8947,35.4524],[105.9226,35.4517],[106.031,35.49],[105.9895,35.4382],[105.8934,35.4127]]]},"properties":{"region_code":"CN-62","parent_region_code":"CN","name":"甘肃省","level":"province","has_children":true,"full_path":"中国 / 甘肃省","source_admin_code":"62","osm_relation_id":153314}},
{"type":"Feature","geometry":{"type":"Polygon","coordinates":[[[101.7671,33.5398],[101.7337,33.4982],[101.6229,33.501],[101.61,33.5659],[101.6162,33.6025],[101.5841,33.6463],[101.5801,33.6774],[101.5019,33.7047],[101.4261,33.6801],[101.4136,33.6525],[101.3852,33.6463],[101.3082,33.666],[101.2866,33.6627],[101.2318,33.686],[101.2147,33.6699],[101.1647,33.6646],[101.1631,33.7236],[101.1855,33.7458],[101.1909,33.7932],[101.1491,33.8262],[101.1513,33.8467],[101.0508,33.8655],[101.0216,33.898],[100.9939,33.8924],[100.9648,33.949],[100.9261,33.9784],[100.9323,33.9926],[100.8817,34.0375],[100.8689,34.0844],[100.848,34.0924],[100.8067,34.1566],[100.7629,34.1789],[100.8065,34.2491],[100.7955,34.2646],[100.8158,34.3154],[100.8678,34.3352],[100.8974,34.3798],[100.9485,34.3845],[100.985,34.3758],[101.059,34.3297],[101.1382,34.3283],[101.1686,34.3204],[101.1904,34.339],[101.2338,34.3279],[101.2263,34.2989],[101.2687,34.2799],[101.3268,34.2667],[101.3389,34.2502],[101.4419,34.2223],[101.5379,34.2136],[101.5806,34.1977],[101.6504,34.1561],[101.6488,34.1264],[101.7139,34.1087],[101.7464,34.0889],[101.7609,34.125],[101.7852,34.1334],[101.8925,34.1361],[101.9542,34.1112],[101.965,34.1704],[102.0017,34.1639],[102.0219,34.2155],[102.0637,34.2363],[102.0694,34.294],[102.1452,34.2732],[102.1594,34.3265],[102.179,34.3601],[102.2192,34.341],[102.2574,34.3575],[102.2209,34.3861],[102.1701,34.4778],[102.1204,34.5239],[102.0906,34.5373],[102.0006,34.539],[101.9736,34.5494],[101.9548,34.5855],[101.9227,34.6083],[101.9171,34.669],[101.9305,34.6849],[101.9151,34.7233],[101.915,34.7879],[101.9301,34.8433],[101.9164,34.8779],[101.9363,34.8893],[102.0179,34.8995],[102.0507,34.8927],[102.06,34.9443],[102.0933,34.9886],[102.1722,35.0329],[102.2119,35.0368],[102.2928,35.0709],[102.3092,35.1288],[102.348,35.166],[102.4016,35.1792],[102.3783,35.2141],[102.3689,35.2626],[102.337,35.284],[102.3083,35.283],[102.3155,35.3412],[102.2843,35.3673],[102.2915,35.4253],[102.3129,35.4349],[102.4061,35.4108],[102.4458,35.4376],[102.4361,35.4557],[102.4807,35.5133],[102.5072,35.5694],[102.5297,35.5809],[102.5856,35.5424],[102.6935,35.529],[102.7422,35.4953],[102.7771,35.5207],[102.7984,35.5748],[102.7636,35.6],[102.7274,35.6861],[102.6987,35.6996],[102.6831,35.7735],[102.7135,35.817],[102.7382,35.8212],[102.7847,35.8626],[102.8602,35.8451],[102.9485,35.8375],[102.9537,35.8609],[102.9401,35.928],[102.9686,35.9941],[102.9058,36.088],[102.9387,36.1054],[102.9437,36.1332],[102.9854,36.1888],[103.0601,36.2195],[103.0286,36.2338],[103.0221,36.2572],[102.9206,36.2991],[102.8943,36.3325],[102.8435,36.3324],[102.8062,36.4099],[102.7686,36.4728],[102.7913,36.4994],[102.7511,36.5263],[102.7164,36.6024],[102.6274,36.6539],[102.5997,36.7102],[102.6122,36.7389],[102.6431,36.7342],[102.6924,36.7753],[102.6386,36.8519],[102.585,36.8705],[102.5596,36.9054],[102.4981,36.9545],[102.4611,36.9571],[102.4653,36.9893],[102.5035,37.0237],[102.4865,37.0784],[102.5811,37.104],[102.6212,37.1034],[102.6259,37.1278],[102.5998,37.1738],[102.578,37.1723],[102.5313,37.2171],[102.486,37.2251],[102.4237,37.2867],[102.4262,37.3077],[102.3662,37.3271],[102.2972,37.3695],[102.2472,37.4109],[102.1959,37.4197],[102.1766,37.4564],[102.1013,37.4923],[102.1288,37.546],[102.0716,37.5829],[102.0334,37.6281],[102.0452,37.6537],[102.0313,37.6879],[101.9795,37.7272],[101.9446,37.7278],[101.8925,37.7006],[101.8525,37.6643],[101.7871,37.6967],[101.6573,37.733],[101.6684,37.7539],[101.6389,37.7755],[101.5965,37.8271],[101.5407,37.8386],[101.4984,37.8575],[101.4369,37.8674],[101.3539,37.7897],[101.2742,37.8364],[101.2014,37.8467],[101.1578,37.8673],[101.1504,37.8925],[101.1093,37.9366],[100.9587,38.0114],[100.899,38.0096],[100.8861,38.0548],[100.9227,38.0946],[100.9227,38.1481],[100.9102,38.1781],[100.859,38.1474],[100.8186,38.1615],[100.7552,38.2355],[100.6202,38.2664],[100.5941,38.2429],[100.5399,38.254],[100.5192,38.2732],[100.4734,38.2869],[100.4608,38.2657],[100.3158,38.3281],[100.3279,38.3504],[100.2957,38.3897],[100.2462,38.3735],[100.2387,38.4408],[100.2115,38.4549],[100.1619,38.459],[100.1502,38.4782],[100.0874,38.4933],[100.062,38.519],[100.0231,38.5076],[99.9998,38.4668],[100.0204,38.4331],[100.0751,38.4139],[100.1095,38.3771],[100.1253,38.3409],[100.1558,38.3101],[100.1835,38.2287],[100.1262,38.2321],[100.073,38.2846],[100.0569,38.2805],[100.0064,38.3125],[99.965,38.3176],[99.8344,38.3672],[99.8152,38.3668],[99.7725,38.4057],[99.7239,38.4115],[99.6559,38.4406],[99.6288,38.4739],[99.5554,38.5199],[99.5131,38.5675],[99.4961,38.613],[99.4464,38.6049],[99.4277,38.6466],[99.3736,38.6952],[99.3763,38.7092],[99.2859,38.7676],[99.218,38.7899],[99.1748,38.8303],[99.0604,38.9062],[99.1009,38.9431],[99.0578,38.9759],[98.9564,38.9842],[98.9015,39.0107],[98.8735,39.049],[98.8188,39.0658],[98.8117,39.0867],[98.7591,39.0904],[98.7039,39.0428],[98.6633,38.9948],[98.6126,38.9798],[98.6239,38.9566],[98.5812,38.928],[98.5402,38.9574],[98.4932,38.9457],[98.43,38.9705],[98.4253,38.9996],[98.4008,39.0228],[98.2629,39.0418],[98.2571,38.9907],[98.2363,38.9416],[98.2511,38.8887],[98.1687,38.8413],[98.1509,38.8194],[98.0927,38.7859],[98.066,38.8187],[98.032,38.8314],[98.013,38.8593],[97.9172,38.8788],[97.8119,38.9397],[97.7608,38.944],[97.7247,38.9671],[97.6855,38.9704],[97.6897,39.0065],[97.489,39.0806],[97.4626,39.1189],[97.4259,39.1246],[97.4004,39.1459],[97.3706,39.14],[97.3465,39.1666],[97.3144,39.1639],[97.2001,39.1932],[97.1614,39.1907],[97.0635,39.2011],[97.0142,39.2142],[96.9608,39.195],[97.0131,39.1412],[96.9715,39.1014],[96.9557,39.0459],[96.9712,39.0263],[96.9349,38.9756],[96.948,38.9375],[96.9379,38.9101],[96.9825,38.8703],[96.993,38.8352],[96.9864,38.7913],[97.0225,38.7548],[97.0084,38.7025],[97.0515,38.6805],[97.0548,38.5931],[96.9901,38.5621],[96.9077,38.5639],[96.8496,38.5917],[96.7939,38.6077],[96.8039,38.5702],[96.7663,38.552],[96.7993,38.5188],[96.772,38.5024],[96.703,38.5046],[96.6574,38.4814],[96.6994,38.4575],[96.6882,38.419],[96.6257,38.355],[96.6236,38.3413],[96.6634,38.2591],[96.6648,38.2231],[96.4452,38.2785],[96.3774,38.2778],[96.3357,38.2467],[96.3104,38.1999],[96.3127,38.1612],[96.2631,38.145],[96.2541,38.1677],[96.2114,38.1686],[96.2069,38.1475],[96.1439,38.1769],[96.0732,38.189],[96.0483,38.1779],[95.9987,38.21],[95.9383,38.2364],[95.9331,38.2565],[95.8947,38.2902],[95.8563,38.2825],[95.8365,38.3365],[95.7223,38.378],[95.7024,38.3996],[95.6715,38.3876],[95.6255,38.3453],[95.581,38.3414],[95.5187,38.2968],[95.4882,38.3155],[95.3874,38.3022],[95.3099,38.3123],[95.266,38.2962],[95.2308,38.3285],[95.2041,38.329],[95.164,38.3879],[95.1207,38.4163],[95.0746,38.4038],[95.0458,38.4172],[94.9729,38.4305],[94.8813,38.4146],[94.8767,38.3998],[94.8097,38.3863],[94.723,38.3879],[94.5941,38.3737],[94.55,38.3496],[94.5288,38.3598],[94.5255,38.4262],[94.509,38.4436],[94.4584,38.5658],[94.3687,38.7632],[94.3364,38.755],[94.2807,38.7595],[93.9722,38.7256],[93.9377,38.7161],[93.8698,38.7233],[93.7992,38.7503],[93.7698,38.7748],[93.7688,38.8209],[93.8821,38.8262],[93.8832,38.8678],[93.834,38.8677],[93.729,38.9243],[93.4622,38.9162],[93.3338,38.9053],[93.2749,38.8956],[93.2382,38.9164],[93.1795,38.9237],[93.1978,39.0466],[93.165,39.0918],[93.1319,39.1092],[93.1365,39.1544],[93.1152,39.1792],[93.0438,39.1468],[92.9951,39.1516],[92.9376,39.1694],[92.8875,39.1602],[92.867,39.1398],[92.784,39.14],[92.7272,39.121],[92.6616,39.1102],[92.5446,39.1104],[92.4926,39.103],[92.4594,39.0633],[92.4598,39.0438],[92.4097,39.038],[92.4169,39.0151],[92.3812,38.9994],[92.2566,39.0016],[92.1915,38.9813],[92.1731,38.9608],[92.1187,38.961],[91.9652,38.9311],[91.8786,38.8988],[91.8779,38.8824],[91.6423,38.8549],[91.6114,38.8383],[91.5006,38.8149],[91.4454,38.8129],[91.3597,38.7743],[91.269,38.7449],[91.2485,38.7521],[91.1907,38.7316],[91.089,38.7093],[90.9911,38.6941],[90.9672,38.697],[90.8317,38.6683],[90.7235,38.6576],[90.6598,38.6738],[90.6181,38.6638],[90.6441,38.6342],[90.5596,38.5928],[90.5331,38.5659],[90.462,38.5562],[90.4641,38.5213],[90.4237,38.4918],[90.3563,38.4808],[90.3134,38.5012],[90.1251,38.4913],[90.1087,38.4688],[90.1124,38.4139],[90.1771,38.3968],[90.1465,38.3297],[90.2792,38.238],[90.3495,38.2353],[90.3595,38.3001],[90.4003,38.3112],[90.529,38.3196],[90.5131,38.2069],[90.5165,37.9576],[90.5165,37.7288],[90.5664,37.725],[90.6114,37.7024],[90.6615,37.7041],[90.6769,37.6867],[90.7854,37.6432],[90.8147,37.612],[90.849,37.6048],[90.8784,37.5772],[90.859,37.5373],[90.9099,37.5179],[90.9581,37.4784],[90.9982,37.4942],[91.0691,37.4767],[91.0968,37.4486],[91.1075,37.3864],[91.1265,37.3732],[91.1347,37.3203],[91.1659,37.285],[91.1913,37.2769],[91.1883,37.2063],[91.2785,37.1627],[91.2849,37.1044],[91.2995,37.0902],[91.2884,37.0485],[91.3093,37.0142],[91.2136,37.009],[91.1936,37.0227],[91.1317,37.0068],[91.1127,36.9704],[91.0457,36.9652],[91.0364,36.9298],[90.9862,36.9137],[90.927,36.9209],[90.8574,36.9191],[90.7575,36.8263],[90.729,36.8263],[90.7185,36.7951],[90.7364,36.7397],[90.7046,36.6858],[90.7337,36.6453],[90.7178,36.6113],[90.7302,36.5914],[90.8109,36.5871],[90.8286,36.5615],[90.8981,36.5634],[91.0278,36.537],[91.0345,36.4828],[91.0236,36.4497],[91.0512,36.4305],[91.033,36.4046],[91.022,36.3309],[91.0721,36.3002],[91.0406,36.2599],[91.0573,36.2322],[91.0932,36.215],[91.0887,36.1687],[91.1231,36.1158],[91.0796,36.0887],[90.9935,36.1082],[90.9613,36.0936],[90.926,36.0319],[90.8455,36.0175],[90.8049,36.0446],[90.7748,36.0868],[90.6616,36.1345],[90.6143,36.1271],[90.5256,36.1491],[90.478,36.1327],[90.4221,36.1343],[90.3275,36.1582],[90.235,36.161],[90.1963,36.1879],[90.1281,36.2081],[90.1264,36.247],[90.0256,36.2602],[90.0071,36.1847],[89.9815,36.1571],[89.9354,36.1307],[89.9469,36.0995],[89.9113,36.0801],[89.8102,36.0801],[89.7909,36.0715],[89.7093,36.0937],[89.6396,36.0659],[89.636,36.0506],[89.514,36.0256],[89.4707,36.023],[89.416,36.0458],[89.4024,36.0217],[89.4269,35.991],[89.4258,35.918],[89.4861,35.9039],[89.5287,35.8704],[89.6523,35.8486],[89.707,35.8496],[89.7727,35.8621],[89.7999,35.849],[89.7661,35.7994],[89.7799,35.7663],[89.7448,35.7532],[89.743,35.6588],[89.7229,35.6543],[89.7614,35.5924],[89.711,35.5827],[89.6996,35.5474],[89.7057,35.5112],[89.7424,35.507],[89.7344,35.4711],[89.688,35.4217],[89.6338,35.4193],[89.5825,35.3845],[89.5053,35.3747],[89.5112,35.3319],[89.4917,35.2987],[89.5284,35.2772],[89.4519,35.2317],[89.5187,35.1364],[89.5881,35.1144],[89.5896,35.0335],[89.5593,34.9356],[89.5866,34.8983],[89.6601,34.8887],[89.7056,34.9179],[89.7406,34.9083],[89.7803,34.9222],[89.8275,34.8998],[89.8694,34.9041],[89.9009,34.872],[89.9556,34.9026],[89.9916,34.8996],[90.0478,34.9132],[90.0892,34.9011],[90.1173,34.8675],[90.177,34.8867],[90.1771,34.9094],[90.2052,34.9401],[90.2475,34.945],[90.3021,34.9226],[90.3259,34.9361],[90.4142,34.9404],[90.4411,34.9302],[90.632,34.9212],[90.6491,34.8991],[90.6919,34.9064],[90.736,34.885],[90.7814,34.8911],[90.9187,34.8359],[90.9476,34.7994],[90.9425,34.7668],[90.9834,34.7471],[91.0177,34.7661],[91.0617,34.7621],[91.0562,34.7913],[91.1161,34.7922],[91.2248,34.8065],[91.2738,34.7881],[91.3372,34.7896],[91.3459,34.7696],[91.3906,34.7595],[91.4573,34.7272],[91.5198,34.7195],[91.6875,34.6583],[91.7088,34.674],[91.7468,34.6544],[91.773,34.6182],[91.8135,34.6206],[91.8291,34.6003],[91.9383,34.5877],[91.9568,34.5545],[91.9117,34.4964],[92.0438,34.461],[92.0943,34.3859],[92.1169,34.3264],[92.1169,34.2879],[92.3497,34.0399],[92.3816,33.9915],[92.3574,33.9553],[92.3883,33.8969],[92.4511,33.8904],[92.5223,33.8681],[92.601,33.8798],[92.6257,33.9362],[92.6906,33.954],[92.7285,33.9362],[92.7746,33.9375],[92.7995,33.8861],[92.8455,33.8185],[92.9169,33.7791],[92.9548,33.7786],[93.0049,33.8075],[93.1098,33.7908],[93.1309,33.7766],[93.2916,33.7663],[93.3956,33.7552],[93.4344,33.7048],[93.4318,33.6894],[93.4984,33.6827],[93.5321,33.6484],[93.506,33.602],[93.4827,33.4715],[93.5149,33.428],[93.5204,33.3873],[93.4998,33.3672],[93.504,33.3282],[93.4792,33.2766],[93.4689,33.2059],[93.4424,33.1744],[93.5063,33.1127],[93.5823,33.0772],[93.6172,33.0444],[93.7106,33.0127],[93.7724,32.9462],[93.8528,32.8802],[93.9413,32.8694],[94.01,32.883],[94.0418,32.9021],[94.1024,32.906],[94.152,32.8985],[94.2675,32.8415],[94.3032,32.8173],[94.3241,32.785],[94.3245,32.7445],[94.3667,32.7027],[94.4151,32.6897],[94.4604,32.7064],[94.4944,32.6853],[94.5652,32.69],[94.6136,32.6756],[94.6895,32.6051],[94.7205,32.6056],[94.7561,32.5475],[94.7848,32.5269],[94.8034,32.494],[94.8499,32.4672],[94.8909,32.474],[94.9117,32.4183],[94.9791,32.4117],[94.993,32.4233],[95.0558,32.3971],[95.1302,32.3889],[95.2153,32.3985],[95.2458,32.3452],[95.0956,32.3245],[95.0783,32.2829],[95.1052,32.2611],[95.1776,32.2848],[95.2401,32.321],[95.2384,32.2895],[95.2554,32.2568],[95.2689,32.1972],[95.3117,32.1514],[95.3423,32.1571],[95.3878,32.1883],[95.4395,32.1598],[95.4529,32.0636],[95.4161,32.0479],[95.4516,32.0124],[95.3764,31.9933],[95.3603,31.961],[95.3656,31.9303],[95.4072,31.9208],[95.4068,31.8967],[95.4538,31.8055],[95.4776,31.798],[95.5129,31.75],[95.5677,31.7415],[95.5804,31.77],[95.6284,31.7847],[95.7785,31.7519],[95.8136,31.6888],[95.8519,31.7171],[95.8458,31.7371],[95.8989,31.8196],[95.9807,31.8189],[95.9878,31.7879],[96.0471,31.734],[96.1059,31.7026],[96.1458,31.6912],[96.1571,31.6041],[96.194,31.6085],[96.2256,31.6269],[96.2468,31.661],[96.2525,31.6964],[96.2226,31.7336],[96.2309,31.7524],[96.1764,31.7787],[96.1747,31.8278],[96.2136,31.8665],[96.1878,31.9062],[96.2191,31.9081],[96.2532,31.9326],[96.3531,31.9166],[96.3886,31.9222],[96.4128,31.8361],[96.4345,31.7984],[96.4685,31.7722],[96.5164,31.7523],[96.5661,31.7153],[96.616,31.7388],[96.6609,31.7082],[96.6786,31.7296],[96.7346,31.6802],[96.7738,31.6761],[96.7943,31.704],[96.8402,31.723],[96.8187,31.7469],[96.8,31.7929],[96.7662,31.8215],[96.7606,31.8634],[96.7957,31.8711],[96.81,31.9008],[96.7526,31.948],[96.7424,32.0037],[96.7981,32.0213],[96.8407,32],[96.8887,32.0042],[96.9563,31.9971],[96.9363,32.0493],[96.9725,32.0707],[97.008,32.0698],[97.0284,32.0508],[97.132,32.0455],[97.1601,32.0308],[97.1908,32.0594],[97.2133,32.0468],[97.2405,32.087],[97.2746,32.0734],[97.3146,32.1333],[97.2714,32.142],[97.2644,32.1857],[97.2883,32.284],[97.3245,32.3067],[97.3715,32.2753],[97.4172,32.3031],[97.416,32.3586],[97.387,32.4294],[97.3411,32.445],[97.3858,32.5041],[97.3305,32.5399],[97.3745,32.5486],[97.4443,32.5891],[97.4629,32.5583],[97.502,32.5334],[97.5396,32.5388],[97.67,32.5197],[97.7306,32.5297],[97.6764,32.5494],[97.6306,32.5775],[97.6079,32.6152],[97.5437,32.6241],[97.5122,32.6515],[97.4824,32.6561],[97.4224,32.7081],[97.3807,32.7969],[97.3929,32.8324],[97.3544,32.8896],[97.3685,32.9293],[97.3607,32.9489],[97.4466,32.9783],[97.5057,32.9835],[97.5152,33.0236],[97.5416,33.0397],[97.5164,33.0996],[97.4872,33.1087],[97.4943,33.1697],[97.5762,33.2255],[97.6088,33.2703],[97.6212,33.3363],[97.7083,33.3675],[97.7529,33.412],[97.6252,33.4635],[97.5522,33.4676],[97.5115,33.5213],[97.5102,33.5843],[97.4611,33.5833],[97.415,33.6071],[97.4052,33.6301],[97.4345,33.684],[97.4216,33.7111],[97.4224,33.7565],[97.3999,33.8056],[97.368,33.8257],[97.3973,33.8498],[97.3888,33.8814],[97.46,33.8889],[97.503,33.9137],[97.5245,33.9044],[97.6015,33.9319],[97.629,33.9216],[97.6594,33.9581],[97.6523,34.0002],[97.6869,34.0184],[97.7026,34.0598],[97.6631,34.1162],[97.6658,34.1291],[97.7829,34.1699],[97.8192,34.2093],[97.9011,34.2111],[97.9541,34.1922],[98.0497,34.1162],[98.0974,34.1244],[98.1567,34.1089],[98.2058,34.0858],[98.2558,34.0848],[98.3381,34.0963],[98.4012,34.0892],[98.3911,34.0578],[98.4275,34.0305],[98.4399,33.9828],[98.4149,33.9586],[98.4249,33.9145],[98.405,33.868],[98.4615,33.8507],[98.4811,33.8241],[98.4943,33.7705],[98.5823,33.7319],[98.6104,33.685],[98.6493,33.6598],[98.6155,33.6371],[98.6208,33.6122],[98.662,33.5897],[98.6471,33.5593],[98.7419,33.48],[98.734,33.4107],[98.7797,33.3724],[98.7586,33.2797],[98.8022,33.2723],[98.8022,33.2218],[98.8596,33.1513],[98.9048,33.125],[98.9673,33.1171],[98.97,33.1015],[99.016,33.0825],[99.0613,33.0887],[99.1337,33.0529],[99.178,33.0466],[99.2022,33.0292],[99.2144,32.9901],[99.2682,32.8802],[99.3535,32.8874],[99.3821,32.9033],[99.45,32.8638],[99.5584,32.8404],[99.6062,32.7831],[99.7071,32.7635],[99.7166,32.7348],[99.7627,32.7795],[99.7726,32.8502],[99.7919,32.8865],[99.772,32.9504],[99.8504,32.9426],[99.8771,32.9946],[99.8781,33.0476],[99.9482,32.9863],[99.971,32.9405],[100.04,32.9328],[100.0263,32.8993],[100.066,32.8969],[100.0873,32.8662],[100.1103,32.8628],[100.1185,32.7861],[100.135,32.7457],[100.1251,32.7167],[100.0874,32.6724],[100.129,32.6338],[100.1903,32.6318],[100.2136,32.6174],[100.2296,32.655],[100.2381,32.7241],[100.2609,32.7438],[100.3366,32.7197],[100.3716,32.7452],[100.4201,32.732],[100.4435,32.6972],[100.5156,32.6343],[100.5103,32.6116],[100.5435,32.5727],[100.6152,32.5466],[100.6453,32.5279],[100.6599,32.5602],[100.6577,32.6093],[100.6738,32.628],[100.7201,32.6252],[100.6908,32.6778],[100.783,32.6418],[100.838,32.6509],[100.9143,32.6192],[100.9996,32.6308],[101.0312,32.6624],[101.0837,32.6737],[101.1581,32.6619],[101.2204,32.723],[101.2225,32.7727],[101.2366,32.8296],[101.2181,32.8648],[101.1753,32.8957],[101.1224,32.9111],[101.1327,32.9547],[101.1278,32.9916],[101.1703,33.0105],[101.1837,33.0437],[101.1449,33.0587],[101.142,33.0875],[101.168,33.0991],[101.1549,33.1499],[101.1141,33.1972],[101.123,33.2235],[101.171,33.2646],[101.2253,33.2735],[101.2962,33.2646],[101.3277,33.2386],[101.358,33.1828],[101.4301,33.2335],[101.501,33.2102],[101.6105,33.1157],[101.6318,33.1025],[101.6597,33.1384],[101.6807,33.2013],[101.7171,33.2232],[101.7339,33.283],[101.6766,33.2991],[101.6502,33.321],[101.6617,33.3829],[101.6949,33.4363],[101.7571,33.4471],[101.7738,33.4916],[101.7671,33.5398]]]},"properties":{"region_code":"CN-63","parent_region_code":"CN","name":"青海省","level":"province","has_children":true,"full_path":"中国 / 青海省","source_admin_code":"63","osm_relation_id":153269}},
{"type":"Feature","geometry":{"type":"MultiPolygon","coordinates":[[[[105.8934,35.4127],[105.9895,35.4382],[106.031,35.49],[105.9226,35.4517],[105.8947,35.4524],[105.8934,35.4127]]],[[[104.2825,37.43],[104.2945,37.4136],[104.3619,37.4176],[104.4331,37.4458],[104.446,37.4233],[104.6347,37.4197],[104.6705,37.4106],[104.6647,37.3559],[104.7004,37.3299],[104.6472,37.2901],[104.6171,37.2905],[104.5982,37.258],[104.6065,37.2271],[104.6353,37.2015],[104.7154,37.2095],[104.7736,37.2461],[104.855,37.2112],[104.8548,37.1838],[104.8852,37.1585],[104.9133,37.0946],[104.9512,37.0781],[104.9513,37.0396],[105.0012,37.0351],[105.1073,36.9997],[105.1616,36.9946],[105.1823,36.9414],[105.1803,36.9014],[105.2716,36.8701],[105.3018,36.8187],[105.3303,36.8016],[105.3376,36.7645],[105.3065,36.7409],[105.2352,36.741],[105.199,36.705],[105.2243,36.6589],[105.2161,36.6338],[105.2577,36.6023],[105.2719,36.5632],[105.2564,36.5339],[105.3162,36.5365],[105.3573,36.498],[105.3597,36.4447],[105.395,36.4298],[105.3967,36.3693],[105.4304,36.325],[105.4717,36.2936],[105.4575,36.2216],[105.4777,36.2084],[105.4904,36.1674],[105.5107,36.1473],[105.487,36.1007],[105.429,36.1041],[105.4037,36.0757],[105.3397,36.0335],[105.3209,35.9436],[105.3306,35.8865],[105.3868,35.8665],[105.3675,35.8421],[105.403,35.8223],[105.469,35.7509],[105.5066,35.7198],[105.5515,35.7264],[105.5939,35.7198],[105.6648,35.7497],[105.715,35.7258],[105.6876,35.6845],[105.7811,35.5746],[105.8121,35.5749],[105.8305,35.5409],[105.8629,35.5332],[105.91,35.5411],[106.0115,35.522],[106.0151,35.4944],[106.066,35.4889],[106.0769,35.4135],[106.1209,35.3792],[106.169,35.4371],[106.1907,35.4102],[106.2337,35.4098],[106.2384,35.3532],[106.271,35.3285],[106.2952,35.288],[106.3316,35.2515],[106.4122,35.2768],[106.4864,35.3294],[106.4996,35.4154],[106.4792,35.4516],[106.4863,35.4798],[106.4364,35.5265],[106.4557,35.5784],[106.4716,35.5826],[106.4296,35.6877],[106.4613,35.7182],[106.5261,35.742],[106.6598,35.7075],[106.6883,35.7153],[106.7507,35.6915],[106.7608,35.7291],[106.803,35.7101],[106.8268,35.7435],[106.8631,35.7387],[106.8652,35.7755],[106.9078,35.7692],[106.9233,35.8072],[106.8462,35.8868],[106.9085,35.9326],[106.8981,35.9436],[106.9411,35.9854],[106.9243,36.0118],[106.9351,36.0634],[106.9529,36.0772],[106.9379,36.1184],[106.9043,36.1328],[106.8943,36.1695],[106.8256,36.225],[106.7953,36.2164],[106.7063,36.2364],[106.6842,36.2692],[106.6452,36.2589],[106.6114,36.2771],[106.5565,36.2724],[106.5464,36.2577],[106.498,36.2722],[106.466,36.3121],[106.5023,36.3291],[106.5001,36.4018],[106.4875,36.4225],[106.5201,36.4661],[106.4799,36.4815],[106.4143,36.5276],[106.3853,36.5583],[106.4546,36.5666],[106.4409,36.6256],[106.4888,36.6314],[106.4873,36.6865],[106.5101,36.7164],[106.5892,36.7504],[106.6239,36.7518],[106.6383,36.802],[106.6357,36.8831],[106.5767,36.9307],[106.5855,36.9603],[106.6331,36.9636],[106.6425,37.0013],[106.6626,37.0174],[106.6413,37.0659],[106.6163,37.0969],[106.6567,37.1256],[106.724,37.1204],[106.7521,37.0998],[106.7771,37.1581],[106.8871,37.0976],[106.8968,37.1329],[106.9176,37.1466],[106.9563,37.1133],[107.0226,37.1108],[107.021,37.1318],[107.0907,37.1156],[107.1315,37.1348],[107.177,37.1422],[107.2297,37.0964],[107.2646,37.0991],[107.306,37.1096],[107.3258,37.1294],[107.3317,37.1661],[107.3164,37.1957],[107.2631,37.2281],[107.3019,37.2499],[107.2631,37.2896],[107.2511,37.3308],[107.2543,37.3699],[107.2766,37.4375],[107.2778,37.4813],[107.342,37.5189],[107.3681,37.5802],[107.326,37.5833],[107.3918,37.6519],[107.3826,37.6908],[107.4212,37.6836],[107.4809,37.7056],[107.494,37.7651],[107.5674,37.776],[107.6364,37.7955],[107.6525,37.8429],[107.6466,37.8643],[107.5558,37.8933],[107.4882,37.945],[107.4446,37.9323],[107.4009,37.9628],[107.4282,37.9968],[107.357,38.0452],[107.3286,38.0906],[107.2586,38.0981],[107.1673,38.1578],[107.1363,38.158],[107.1071,38.136],[107.0742,38.1418],[107.0118,38.1195],[106.7879,38.1658],[106.7241,38.2025],[106.6147,38.2344],[106.5413,38.268],[106.4777,38.3187],[106.5895,38.3858],[106.6436,38.492],[106.6597,38.5698],[106.6571,38.6005],[106.705,38.7167],[106.7381,38.7342],[106.7995,38.8176],[106.9494,38.944],[106.9651,39.0327],[106.9252,39.0762],[106.8602,39.0988],[106.819,39.197],[106.7885,39.2521],[106.8007,39.27],[106.7946,39.3458],[106.7734,39.3717],[106.728,39.379],[106.6715,39.3539],[106.5959,39.3711],[106.528,39.3027],[106.5078,39.2707],[106.4354,39.286],[106.2827,39.2714],[106.2757,39.1963],[106.2924,39.1581],[106.2508,39.1272],[106.1462,39.1563],[106.0919,39.0838],[106.0794,39.051],[106.0833,39.0039],[106.055,38.9668],[105.9968,38.9368],[105.9651,38.8912],[105.9881,38.8539],[105.9169,38.7961],[105.8917,38.7869],[105.9025,38.7282],[105.8922,38.6937],[105.8475,38.6334],[105.875,38.5826],[105.8545,38.578],[105.8574,38.5228],[105.8313,38.4736],[105.8453,38.4448],[105.8275,38.4266],[105.8319,38.3849],[105.8149,38.3599],[105.8628,38.2955],[105.8334,38.2317],[105.7772,38.2105],[105.7609,38.1214],[105.7842,38.0693],[105.8407,38.0044],[105.7987,37.9453],[105.7928,37.9087],[105.8014,37.8589],[105.7404,37.7985],[105.6587,37.7692],[105.6181,37.7784],[105.6116,37.7186],[105.5957,37.6989],[105.4439,37.7001],[105.3623,37.7156],[105.2631,37.6868],[105.2367,37.6727],[105.1666,37.6626],[105.0207,37.5797],[104.8635,37.5666],[104.8021,37.5388],[104.618,37.5223],[104.4307,37.5154],[104.4044,37.4644],[104.3194,37.4483],[104.2825,37.43]]]]},"properties":{"region_code":"CN-64","parent_region_code":"CN","name":"宁夏回族自治区","level":"province","has_children":true,"full_path":"中国 / 宁夏回族自治区","source_admin_code":"64","osm_relation_id":913101}},
{"type":"Feature","geometry":{"type":"Polygon","coordinates":[[[89.7093,36.0937],[89.7909,36.0715],[89.8102,36.0801],[89.9113,36.0801],[89.9469,36.0995],[89.9354,36.1307],[89.9815,36.1571],[90.0071,36.1847],[90.0256,36.2602],[90.1264,36.247],[90.1281,36.2081],[90.1963,36.1879],[90.235,36.161],[90.3275,36.1582],[90.4221,36.1343],[90.478,36.1327],[90.5256,36.1491],[90.6143,36.1271],[90.6616,36.1345],[90.7748,36.0868],[90.8049,36.0446],[90.8455,36.0175],[90.926,36.0319],[90.9613,36.0936],[90.9935,36.1082],[91.0796,36.0887],[91.1231,36.1158],[91.0887,36.1687],[91.0932,36.215],[91.0573,36.2322],[91.0406,36.2599],[91.0721,36.3002],[91.022,36.3309],[91.033,36.4046],[91.0512,36.4305],[91.0236,36.4497],[91.0345,36.4828],[91.0278,36.537],[90.8981,36.5634],[90.8286,36.5615],[90.8109,36.5871],[90.7302,36.5914],[90.7178,36.6113],[90.7337,36.6453],[90.7046,36.6858],[90.7364,36.7397],[90.7185,36.7951],[90.729,36.8263],[90.7575,36.8263],[90.8574,36.9191],[90.927,36.9209],[90.9862,36.9137],[91.0364,36.9298],[91.0457,36.9652],[91.1127,36.9704],[91.1317,37.0068],[91.1936,37.0227],[91.2136,37.009],[91.3093,37.0142],[91.2884,37.0485],[91.2995,37.0902],[91.2849,37.1044],[91.2785,37.1627],[91.1883,37.2063],[91.1913,37.2769],[91.1659,37.285],[91.1347,37.3203],[91.1265,37.3732],[91.1075,37.3864],[91.0968,37.4486],[91.0691,37.4767],[90.9982,37.4942],[90.9581,37.4784],[90.9099,37.5179],[90.859,37.5373],[90.8784,37.5772],[90.849,37.6048],[90.8147,37.612],[90.7854,37.6432],[90.6769,37.6867],[90.6615,37.7041],[90.6114,37.7024],[90.5664,37.725],[90.5165,37.7288],[90.5165,37.9576],[90.5131,38.2069],[90.529,38.3196],[90.4003,38.3112],[90.3595,38.3001],[90.3495,38.2353],[90.2792,38.238],[90.1465,38.3297],[90.1771,38.3968],[90.1124,38.4139],[90.1087,38.4688],[90.1251,38.4913],[90.3134,38.5012],[90.3563,38.4808],[90.4237,38.4918],[90.4641,38.5213],[90.462,38.5562],[90.5331,38.5659],[90.5596,38.5928],[90.6441,38.6342],[90.6181,38.6638],[90.6598,38.6738],[90.7235,38.6576],[90.8317,38.6683],[90.9672,38.697],[90.9911,38.6941],[91.089,38.7093],[91.1907,38.7316],[91.2485,38.7521],[91.269,38.7449],[91.3597,38.7743],[91.4454,38.8129],[91.5006,38.8149],[91.6114,38.8383],[91.6423,38.8549],[91.8779,38.8824],[91.8786,38.8988],[91.9652,38.9311],[92.1187,38.961],[92.1731,38.9608],[92.1915,38.9813],[92.2566,39.0016],[92.3812,38.9994],[92.4169,39.0151],[92.4097,39.038],[92.3526,39.0683],[92.3633,39.0947],[92.3428,39.144],[92.3387,39.2374],[92.3833,39.262],[92.5193,39.3645],[92.6394,39.515],[92.6885,39.6676],[92.7442,39.8661],[92.7953,40.1525],[92.9057,40.3104],[92.9193,40.3906],[92.9273,40.572],[93.505,40.6475],[93.7594,40.6648],[93.8195,40.7928],[93.8083,40.8786],[93.9065,40.983],[94.0081,41.1129],[94.1818,41.2671],[94.3987,41.4118],[94.5336,41.5047],[94.749,41.5371],[94.8083,41.6176],[94.8606,41.6673],[94.9671,41.7171],[95.0103,41.7248],[95.1094,41.7668],[95.1388,41.7602],[95.1958,41.7199],[95.2089,41.6756],[95.2488,41.6064],[95.2981,41.5628],[95.3386,41.6491],[95.396,41.693],[95.5701,41.7938],[95.6768,41.8281],[95.7625,41.8347],[95.8572,41.8491],[96.0104,41.9099],[96.0543,41.934],[96.1123,41.9805],[96.1367,42.0182],[96.1376,42.0531],[96.0758,42.1486],[96.1777,42.2167],[96.0401,42.3254],[96.0404,42.3522],[96.0646,42.4129],[95.9778,42.4355],[96.0162,42.4806],[96.0226,42.5411],[96.0717,42.5676],[96.1017,42.6031],[96.1647,42.6213],[96.3874,42.7245],[96.363,42.8987],[95.9078,43.2363],[95.8778,43.2774],[95.8576,43.4136],[95.7358,43.5943],[95.7117,43.6531],[95.6475,43.7763],[95.6229,43.8514],[95.5228,44.0051],[95.4418,44.0051],[95.3282,44.0365],[95.3476,44.0892],[95.3525,44.1666],[95.3732,44.2262],[95.4064,44.2416],[95.4256,44.2806],[95.4098,44.2938],[94.9987,44.2509],[94.9448,44.288],[94.8823,44.3091],[94.8238,44.318],[94.766,44.34],[94.7128,44.345],[94.6717,44.3938],[94.6105,44.4425],[94.5163,44.4762],[94.4623,44.5105],[94.3906,44.5225],[94.3607,44.5148],[94.3264,44.5824],[94.2762,44.6049],[94.2114,44.6677],[94.15,44.6836],[94.0621,44.7324],[93.7307,44.8623],[93.6708,44.9099],[93.5226,44.9575],[93.4786,44.9655],[93.428,44.9563],[93.366,44.9879],[93.2855,44.9824],[93.1682,45.0133],[93.0816,45.0077],[93.0519,45.0162],[92.9777,45.0098],[92.9294,45.0157],[92.9247,45.0349],[92.8816,45.0465],[92.8479,45.0374],[92.7759,45.0498],[92.7187,45.0323],[92.6449,45.0205],[92.5494,45.0177],[92.4905,45.0001],[92.4184,45.0169],[92.3435,45.0124],[92.3133,45.0268],[92.2349,45.0135],[92.0996,45.0755],[92.0576,45.0828],[91.91,45.0777],[91.8008,45.0816],[91.6909,45.062],[91.6088,45.07],[91.4918,45.1043],[91.461,45.1467],[91.428,45.1562],[91.3729,45.1092],[91.3292,45.1292],[91.2417,45.1319],[91.1913,45.156],[91.1638,45.1995],[91.1222,45.2141],[91.0489,45.2057],[90.9952,45.2138],[90.9311,45.1922],[90.8645,45.2041],[90.895,45.2503],[90.8694,45.2822],[90.8116,45.325],[90.7707,45.4042],[90.7699,45.4284],[90.6703,45.487],[90.6678,45.5436],[90.6785,45.6054],[90.715,45.7276],[90.7733,45.8031],[90.8479,45.8873],[91.022,46.0223],[91.0083,46.0824],[91.0105,46.1243],[90.9749,46.1623],[90.9492,46.2292],[90.8916,46.3127],[90.9693,46.3607],[91.0095,46.4608],[91.0524,46.5111],[91.0749,46.5576],[91.0638,46.5787],[91.0146,46.5799],[91.0146,46.6096],[91.0484,46.7198],[91.0162,46.7639],[90.9372,46.8259],[90.9556,46.8775],[90.9135,46.9187],[90.9021,46.9574],[90.8296,46.9894],[90.7779,46.9918],[90.6911,47.0809],[90.6644,47.0937],[90.622,47.1551],[90.5945,47.168],[90.5373,47.2426],[90.5235,47.2837],[90.4842,47.3131],[90.4985,47.3572],[90.5203,47.3768],[90.4972,47.4034],[90.4578,47.4069],[90.4716,47.4909],[90.4353,47.5256],[90.3999,47.539],[90.375,47.6002],[90.3432,47.6366],[90.3723,47.6529],[90.2979,47.6925],[90.2168,47.7041],[90.1784,47.726],[90.1396,47.7225],[90.0881,47.7607],[90.0657,47.7925],[90.0676,47.8739],[89.9593,47.8868],[89.9539,47.8347],[89.7565,47.8292],[89.7502,47.8766],[89.7271,47.895],[89.6544,47.9054],[89.5927,47.968],[89.5822,48.0301],[89.5344,48.0363],[89.4927,48.0251],[89.4015,48.0304],[89.291,48.0118],[89.2843,47.9932],[89.2342,47.9762],[89.1559,47.9952],[89.0626,47.9883],[89.0094,48.0499],[88.9112,48.1088],[88.824,48.1],[88.7549,48.1343],[88.7148,48.1738],[88.6376,48.1785],[88.5973,48.2463],[88.5659,48.2759],[88.602,48.3189],[88.6029,48.3391],[88.5134,48.3794],[88.5162,48.4004],[88.4372,48.3869],[88.3494,48.4354],[88.3572,48.4584],[88.2426,48.5008],[88.1752,48.499],[88.1425,48.5274],[87.9688,48.5755],[87.9701,48.6076],[88.026,48.6288],[88.0225,48.6575],[88.0677,48.6806],[88.0548,48.7118],[87.9996,48.7604],[87.935,48.7556],[87.8738,48.7945],[87.8173,48.8044],[87.7813,48.8695],[87.7355,48.8839],[87.7528,48.9145],[87.8093,48.9442],[87.8678,48.9482],[87.8969,48.977],[87.8836,49.0165],[87.8261,49.0498],[87.8676,49.1125],[87.8159,49.1483],[87.82,49.1662],[87.6971,49.1739],[87.6364,49.1486],[87.6094,49.155],[87.5661,49.1332],[87.4914,49.1384],[87.5041,49.092],[87.4353,49.0713],[87.3771,49.0936],[87.2789,49.1179],[87.228,49.1153],[87.1992,49.1432],[87.1041,49.1511],[87.0563,49.1293],[86.9961,49.1426],[86.9688,49.1334],[86.8872,49.1326],[86.8421,49.0931],[86.8475,49.0653],[86.7492,49.0145],[86.7293,48.9944],[86.7271,48.9506],[86.7565,48.8939],[86.8163,48.8566],[86.817,48.8305],[86.7608,48.8041],[86.7513,48.7777],[86.7731,48.7206],[86.701,48.6693],[86.6918,48.6432],[86.6356,48.6268],[86.5808,48.5391],[86.407,48.4787],[86.3783,48.4938],[86.3214,48.4881],[86.2323,48.4322],[86.0533,48.4389],[85.9117,48.4362],[85.7874,48.4175],[85.7254,48.3729],[85.6899,48.3216],[85.6945,48.3007],[85.6594,48.2418],[85.5936,48.1962],[85.5593,48.149],[85.5298,48.0245],[85.5428,48.0094],[85.6143,47.5401],[85.6079,47.5097],[85.6499,47.4532],[85.6803,47.4341],[85.6868,47.3616],[85.6743,47.3121],[85.6987,47.288],[85.6823,47.2228],[85.5767,47.1377],[85.5414,47.0933],[85.5294,47.0516],[85.4125,47.06],[85.3824,47.046],[85.2994,47.065],[85.2615,47.0499],[85.2169,47.0524],[85.1941,47.0126],[85.0956,46.9642],[85.0783,46.9312],[84.9829,46.9151],[84.9783,46.8722],[84.9442,46.8629],[84.858,46.9283],[84.8473,46.9538],[84.7807,46.9767],[84.7592,47.0047],[84.7097,47.0095],[84.6305,46.9947],[84.5794,46.9996],[84.5066,46.9756],[84.436,47.009],[84.3792,46.996],[84.2585,47.003],[84.1654,46.9939],[84.1264,46.9674],[84.0565,46.9687],[83.9847,46.9953],[83.9173,46.9729],[83.7835,47.0243],[83.701,47.0227],[83.6802,47.0352],[83.578,47.0605],[83.525,47.0852],[83.4575,47.1321],[83.4135,47.116],[83.354,47.1746],[83.2393,47.1792],[83.2086,47.2094],[83.1509,47.2347],[83.0516,47.2253],[83.0279,47.2068],[83.0281,47.162],[82.9931,47.0644],[82.9381,47.0161],[82.9324,46.972],[82.8692,46.83],[82.8685,46.7991],[82.8295,46.7774],[82.7821,46.6689],[82.7682,46.6038],[82.7249,46.4917],[82.608,46.2984],[82.5119,46.1546],[82.4561,45.9772],[82.3757,45.9641],[82.3357,45.9392],[82.33,45.8869],[82.3454,45.839],[82.3451,45.7957],[82.2881,45.7088],[82.2758,45.6321],[82.2588,45.6165],[82.28,45.5351],[82.4377,45.4597],[82.5428,45.421],[82.5877,45.3447],[82.582,45.2215],[82.5601,45.2035],[82.4749,45.177],[82.3407,45.2091],[82.3061,45.2346],[82.2677,45.2413],[82.1512,45.2218],[82.1001,45.2023],[82.088,45.2429],[82.0443,45.2542],[82.0092,45.2336],[81.922,45.2289],[81.8787,45.2837],[81.8301,45.3181],[81.8084,45.358],[81.7741,45.3861],[81.7137,45.3589],[81.6324,45.3566],[81.5347,45.3059],[81.5215,45.2825],[81.4518,45.2622],[81.4077,45.2805],[81.3821,45.2642],[81.3071,45.2541],[81.2819,45.2394],[81.2035,45.2368],[81.1196,45.2152],[81.0247,45.1635],[80.9569,45.1676],[80.8983,45.1251],[80.7398,45.1617],[80.6979,45.1335],[80.5758,45.1102],[80.509,45.1069],[80.4889,45.1265],[80.4374,45.0972],[80.4379,45.075],[80.3821,45.04],[80.3449,45.0411],[80.3254,45.0696],[80.2667,45.0536],[80.2135,45.0233],[80.1524,45.0527],[80.0618,45.036],[80.0567,45.0141],[80.013,44.9802],[79.9557,44.9614],[79.935,44.9329],[79.882,44.9107],[79.9533,44.882],[79.9447,44.85],[80.034,44.8041],[80.1278,44.8231],[80.1832,44.8235],[80.1762,44.7853],[80.2205,44.7292],[80.3112,44.7039],[80.3967,44.6286],[80.4105,44.6088],[80.3468,44.4826],[80.3844,44.376],[80.4065,44.2493],[80.3956,44.1943],[80.3962,44.1101],[80.4454,44.0708],[80.4515,43.9889],[80.4828,43.9567],[80.4729,43.9381],[80.5078,43.907],[80.5227,43.8221],[80.6905,43.5741],[80.749,43.4725],[80.7349,43.3929],[80.6821,43.3279],[80.6983,43.3163],[80.7785,43.312],[80.7652,43.2668],[80.8073,43.1773],[80.7813,43.1378],[80.7239,43.1342],[80.6575,43.1499],[80.5866,43.1364],[80.5558,43.1019],[80.485,43.0704],[80.4586,43.0757],[80.3842,43.0459],[80.3878,43.0029],[80.4853,42.9448],[80.5396,42.9359],[80.5917,42.9132],[80.598,42.895],[80.4863,42.8728],[80.4146,42.8371],[80.329,42.8276],[80.2773,42.838],[80.223,42.713],[80.2268,42.6935],[80.1767,42.6714],[80.1627,42.6249],[80.1921,42.5671],[80.2206,42.5329],[80.2668,42.5032],[80.2077,42.4699],[80.2045,42.4287],[80.2329,42.4043],[80.2376,42.3405],[80.2794,42.3236],[80.2596,42.2924],[80.2872,42.2666],[80.283,42.2349],[80.2453,42.2179],[80.1933,42.2265],[80.1682,42.2022],[80.1638,42.1556],[80.14,42.1525],[80.1679,42.0983],[80.1878,42.0866],[80.1406,42.03],[80.0248,42.048],[79.9148,42.0422],[79.8545,42.0219],[79.8534,41.9859],[79.8175,41.9654],[79.802,41.9195],[79.7691,41.8922],[79.7211,41.9018],[79.6319,41.8925],[79.6153,41.8605],[79.5461,41.8374],[79.4972,41.8374],[79.4681,41.8524],[79.4094,41.8408],[79.3522,41.7934],[79.3231,41.811],[79.2739,41.7663],[79.2167,41.7263],[79.1246,41.7228],[79.1104,41.702],[79.0591,41.6889],[79.018,41.6567],[78.9907,41.6631],[78.9187,41.6306],[78.8848,41.5961],[78.8163,41.561],[78.7129,41.5534],[78.7034,41.5225],[78.6591,41.493],[78.6445,41.4694],[78.5574,41.4767],[78.5276,41.4395],[78.4493,41.4131],[78.4239,41.416],[78.3819,41.3918],[78.278,41.3884],[78.2388,41.4004],[78.1893,41.3938],[78.1459,41.3676],[78.1575,41.3415],[78.1381,41.3137],[78.1336,41.2457],[78.1214,41.2275],[78.055,41.214],[78.0217,41.1932],[77.9119,41.1859],[77.8315,41.1503],[77.8047,41.1227],[77.8063,41.0755],[77.7646,41.0151],[77.7268,41.0219],[77.6869,41.0033],[77.584,40.9931],[77.4802,40.9956],[77.4736,41.0182],[77.4275,41.0209],[77.3746,41.0393],[77.2752,41.002],[77.2289,41.0306],[77.1835,41.0102],[77.1175,41.0271],[77.0853,41.063],[76.9636,41.0584],[76.9399,41.0306],[76.9035,41.0173],[76.8781,41.0275],[76.8194,40.977],[76.7626,40.9529],[76.7301,40.901],[76.7394,40.8757],[76.7181,40.8426],[76.7023,40.7877],[76.64,40.7618],[76.6459,40.7257],[76.6729,40.6942],[76.6545,40.68],[76.6542,40.6218],[76.6115,40.6107],[76.5962,40.5785],[76.5521,40.5456],[76.5386,40.4742],[76.4543,40.4111],[76.4398,40.3891],[76.3839,40.3757],[76.3397,40.3496],[76.3162,40.3642],[76.3123,40.4061],[76.2515,40.4181],[76.1856,40.3798],[76.1314,40.3972],[76.0688,40.3952],[76.0376,40.3809],[75.9621,40.3747],[75.9262,40.3347],[75.9298,40.3021],[75.865,40.3138],[75.7605,40.3042],[75.7007,40.2796],[75.6816,40.3442],[75.6634,40.3549],[75.6801,40.4213],[75.7236,40.472],[75.6469,40.5052],[75.6233,40.5453],[75.6302,40.6228],[75.5956,40.6477],[75.539,40.6475],[75.4622,40.603],[75.4085,40.5526],[75.3727,40.5483],[75.3017,40.5043],[75.3025,40.4915],[75.2386,40.4609],[75.1842,40.4482],[75.1238,40.458],[75.0901,40.4349],[75.018,40.4666],[74.9871,40.4518],[74.9294,40.4777],[74.9208,40.4929],[74.8378,40.5219],[74.7961,40.4349],[74.9053,40.3537],[74.8618,40.3238],[74.7898,40.3537],[74.7353,40.3445],[74.7008,40.3251],[74.6605,40.2729],[74.5905,40.2822],[74.5255,40.209],[74.4983,40.2044],[74.4536,40.157],[74.406,40.1357],[74.3446,40.0935],[74.3038,40.1148],[74.2786,40.1043],[74.246,40.1253],[74.2001,40.1236],[74.1064,40.0864],[74.0662,40.0784],[74.0421,40.0995],[73.983,40.0486],[73.9601,39.9778],[73.9061,39.9188],[73.9123,39.8732],[73.8484,39.8363],[73.8327,39.7816],[73.8395,39.7577],[73.8968,39.7466],[73.9198,39.7264],[73.9256,39.6829],[73.949,39.6214],[73.9141,39.5634],[73.8783,39.5427],[73.8744,39.4832],[73.8378,39.4719],[73.7157,39.4615],[73.6429,39.4744],[73.6003,39.4597],[73.5922,39.4114],[73.5216,39.3748],[73.5586,39.3548],[73.5354,39.3141],[73.5561,39.2967],[73.5691,39.2439],[73.6135,39.2476],[73.653,39.2017],[73.6618,39.165],[73.7207,39.1119],[73.7105,39.0759],[73.7322,39.0673],[73.7512,39.0254],[73.8124,39.0428],[73.8414,39.0026],[73.854,38.9524],[73.8066,38.9332],[73.7574,38.9425],[73.6992,38.8778],[73.7298,38.8438],[73.7678,38.7782],[73.7439,38.7318],[73.7698,38.7172],[73.78,38.6802],[73.8052,38.6639],[73.8037,38.6118],[73.8592,38.5817],[73.8987,38.5809],[73.9236,38.5426],[73.9766,38.5366],[73.9917,38.5226],[74.0393,38.5442],[74.0746,38.6064],[74.1194,38.6198],[74.1211,38.6411],[74.2377,38.6148],[74.2768,38.5991],[74.5064,38.4715],[74.6,38.4495],[74.6445,38.4522],[74.6955,38.4249],[74.6663,38.3767],[74.6882,38.3418],[74.7058,38.2857],[74.696,38.265],[74.7063,38.2132],[74.7582,38.2149],[74.8006,38.2009],[74.7961,38.156],[74.8169,38.1312],[74.8211,38.0837],[74.8539,38.0691],[74.8687,38.0256],[74.9164,38.0239],[74.9179,37.8997],[74.9371,37.8805],[74.9129,37.8572],[74.9521,37.809],[74.9862,37.8083],[75.0062,37.7795],[74.9333,37.6939],[74.8971,37.6655],[74.9394,37.6032],[74.9321,37.5685],[74.9638,37.5383],[74.9882,37.535],[75.0313,37.501],[75.0574,37.5245],[75.1487,37.4208],[75.0936,37.3718],[75.1286,37.3229],[75.0426,37.3061],[74.9798,37.2854],[74.952,37.2921],[74.9105,37.275],[74.9154,37.2373],[74.8885,37.2234],[74.8091,37.2147],[74.7981,37.2452],[74.7494,37.2846],[74.7154,37.2821],[74.6583,37.2344],[74.6285,37.2613],[74.5939,37.2592],[74.5821,37.2356],[74.5009,37.2393],[74.4899,37.1776],[74.4575,37.147],[74.4908,37.1175],[74.4849,37.0984],[74.533,37.0773],[74.5654,37.0301],[74.6152,37.0418],[74.6224,37.0598],[74.7032,37.0863],[74.7171,37.0411],[74.7402,37.0192],[74.8392,37.0452],[74.8389,37.0162],[74.9061,36.9297],[74.9319,36.9455],[74.919,36.979],[74.9953,36.9926],[75.0292,37.0162],[75.0481,37.0048],[75.1255,37.0125],[75.1598,36.9894],[75.2357,36.9583],[75.2937,36.9759],[75.3602,36.9571],[75.3884,36.9304],[75.387,36.9042],[75.4233,36.8872],[75.4319,36.8307],[75.4196,36.7737],[75.4684,36.7162],[75.4994,36.7389],[75.534,36.7211],[75.5344,36.7719],[75.6397,36.7698],[75.7195,36.7522],[75.8032,36.7096],[75.8686,36.6674],[75.9394,36.5978],[75.9233,36.5654],[75.9872,36.5079],[76.0358,36.4079],[76.0049,36.386],[75.9847,36.3427],[75.9959,36.306],[76.0175,36.3011],[76.0273,36.2362],[76.0099,36.214],[76.0045,36.1657],[75.9331,36.1365],[75.958,36.0458],[75.9985,36.0178],[76.0802,36.024],[76.1031,36.0129],[76.1072,35.9757],[76.1377,35.9547],[76.1601,35.9193],[76.1482,35.8936],[76.1456,35.8358],[76.1717,35.8196],[76.2219,35.8419],[76.3003,35.843],[76.3526,35.8299],[76.3685,35.8644],[76.4289,35.8546],[76.4545,35.8825],[76.5177,35.8824],[76.5827,35.9205],[76.5974,35.9011],[76.5733,35.8682],[76.588,35.8437],[76.5613,35.8219],[76.6163,35.7624],[76.6783,35.7552],[76.7255,35.7108],[76.7652,35.6606],[76.8547,35.6666],[76.8986,35.6253],[76.9576,35.5956],[77.01,35.6103],[77.0692,35.594],[77.1117,35.5636],[77.2008,35.5198],[77.3029,35.5463],[77.3386,35.5257],[77.3417,35.5015],[77.3793,35.4747],[77.4451,35.4614],[77.5056,35.4861],[77.5574,35.4877],[77.6288,35.4623],[77.6553,35.4851],[77.6824,35.462],[77.719,35.4615],[77.7421,35.4941],[77.7799,35.4982],[77.8146,35.5221],[77.8536,35.4907],[77.8709,35.4957],[77.911,35.4621],[77.969,35.4958],[78.0398,35.4888],[78.0981,35.4995],[78.1104,35.4701],[78.101,35.4303],[78.054,35.3997],[78.0136,35.3618],[78.0113,35.2741],[78.0029,35.2428],[78.015,35.2157],[78.0551,35.1782],[78.1022,35.1686],[78.1023,35.1202],[78.1396,35.0765],[78.1145,35.0318],[78.158,34.9887],[78.2015,34.9731],[78.1785,34.9285],[78.2372,34.8698],[78.2126,34.7694],[78.2079,34.7218],[78.272,34.7013],[78.2626,34.6637],[78.2901,34.6151],[78.3421,34.6026],[78.3856,34.6065],[78.4292,34.5906],[78.4264,34.5607],[78.4825,34.5783],[78.5519,34.5715],[78.5636,34.5096],[78.6363,34.5428],[78.7097,34.5259],[78.7153,34.5031],[78.7567,34.4844],[78.7423,34.453],[78.8059,34.4356],[78.8778,34.3954],[78.8883,34.3589],[78.9264,34.3653],[78.9472,34.3893],[78.982,34.357],[79.0392,34.3341],[79.008,34.4026],[79.035,34.4226],[79.0684,34.4146],[79.1613,34.4427],[79.1797,34.4238],[79.2278,34.4159],[79.2721,34.4384],[79.3277,34.4445],[79.363,34.4292],[79.4223,34.4491],[79.6048,34.4653],[79.6234,34.4498],[79.6736,34.4546],[79.7033,34.4862],[79.7216,34.4717],[79.7655,34.4705],[79.8187,34.4929],[79.8614,34.5373],[79.8438,34.5534],[79.8851,34.6445],[79.8982,34.7327],[79.9424,34.8032],[79.9273,34.8554],[79.9999,34.8622],[80.0028,34.8961],[80.0357,34.9044],[80.0418,34.9452],[80.0244,34.9725],[80.0452,35.0255],[80.0309,35.0411],[80.0766,35.0781],[80.1173,35.0668],[80.2374,35.1544],[80.2223,35.178],[80.2563,35.2042],[80.3145,35.2038],[80.3294,35.2266],[80.2662,35.2964],[80.2879,35.3578],[80.3468,35.391],[80.3769,35.3923],[80.4292,35.4498],[80.4458,35.418],[80.5021,35.3976],[80.5776,35.3962],[80.598,35.4107],[80.6885,35.3677],[80.6973,35.3383],[80.7579,35.3356],[80.8423,35.3464],[80.8923,35.3251],[80.9343,35.3282],[80.9508,35.3136],[81.0273,35.3146],[81.0482,35.3366],[81.0334,35.393],[81.0956,35.4108],[81.1396,35.3659],[81.1918,35.3656],[81.2048,35.3261],[81.253,35.3253],[81.2653,35.3433],[81.3171,35.3371],[81.3325,35.3488],[81.3848,35.3384],[81.4251,35.3599],[81.4618,35.3378],[81.4672,35.3149],[81.5653,35.2393],[81.6723,35.2346],[81.7311,35.2603],[81.8009,35.2768],[81.8607,35.2611],[81.8908,35.2858],[81.9385,35.3012],[81.9372,35.3258],[82.0134,35.3287],[82.0454,35.3634],[82.042,35.4493],[82.1294,35.4813],[82.1923,35.5189],[82.2317,35.5211],[82.2607,35.5487],[82.2964,35.5456],[82.3315,35.5663],[82.3474,35.6117],[82.3332,35.652],[82.39,35.6567],[82.4059,35.7],[82.4658,35.718],[82.5112,35.6985],[82.5435,35.7093],[82.626,35.6931],[82.6496,35.6739],[82.7286,35.6386],[82.7776,35.6669],[82.7899,35.6874],[82.8779,35.6892],[82.8922,35.6748],[82.9647,35.6682],[82.9536,35.6371],[82.9788,35.6006],[82.969,35.5491],[82.9962,35.4853],[83.0646,35.4633],[83.086,35.4261],[83.1237,35.3992],[83.1899,35.3925],[83.2509,35.4215],[83.2942,35.4007],[83.3444,35.3988],[83.3939,35.3823],[83.4475,35.3829],[83.4844,35.3996],[83.5339,35.3665],[83.539,35.3426],[83.5966,35.3522],[83.6194,35.3369],[83.6761,35.3654],[83.7812,35.3681],[83.8024,35.3555],[83.8801,35.3653],[83.9117,35.4088],[83.9907,35.4222],[84.0567,35.4115],[84.0938,35.3645],[84.1302,35.3757],[84.1786,35.3589],[84.2052,35.3815],[84.2761,35.4058],[84.334,35.415],[84.4498,35.4788],[84.4743,35.515],[84.4511,35.5484],[84.6987,35.6188],[84.7407,35.6138],[84.8364,35.6401],[84.8517,35.6666],[84.9182,35.6941],[84.9686,35.7045],[84.9943,35.74],[85.0524,35.7544],[85.1377,35.7434],[85.2154,35.7662],[85.2668,35.7902],[85.3379,35.7547],[85.3928,35.704],[85.5187,35.68],[85.5662,35.6418],[85.6127,35.6533],[85.6508,35.7319],[85.6821,35.7486],[85.8074,35.7817],[85.8336,35.7731],[85.906,35.7852],[85.9484,35.7808],[85.9915,35.8183],[86.0883,35.8774],[86.1042,35.9258],[86.1236,35.932],[86.1432,36.0009],[86.1974,36.0327],[86.1773,36.0761],[86.1852,36.1311],[86.2458,36.1413],[86.277,36.1697],[86.3557,36.1691],[86.3903,36.2073],[86.4527,36.2215],[86.513,36.2058],[86.5471,36.2297],[86.5972,36.223],[86.6973,36.2453],[86.7425,36.2922],[86.8321,36.2921],[86.8495,36.3007],[86.8838,36.2639],[86.9285,36.2659],[86.9504,36.2897],[86.9936,36.3091],[87.0489,36.2971],[87.0834,36.3111],[87.1466,36.2977],[87.1585,36.3259],[87.1902,36.3513],[87.3038,36.3642],[87.3439,36.3928],[87.4244,36.4265],[87.4569,36.4137],[87.4684,36.3547],[87.5687,36.3443],[87.61,36.3583],[87.7335,36.3848],[87.7661,36.3758],[87.9445,36.4002],[87.9647,36.4301],[88.0895,36.4363],[88.1299,36.4272],[88.185,36.4553],[88.2203,36.4486],[88.2422,36.4703],[88.3642,36.458],[88.3764,36.4841],[88.4106,36.4738],[88.469,36.4828],[88.5108,36.4459],[88.5714,36.4614],[88.6157,36.429],[88.6218,36.3903],[88.7078,36.3551],[88.7228,36.3198],[88.7814,36.2927],[88.7997,36.3378],[88.8369,36.3544],[88.8704,36.3495],[88.9308,36.3603],[88.962,36.3197],[89.0307,36.3113],[89.0979,36.2835],[89.1258,36.2541],[89.1974,36.2611],[89.2315,36.2975],[89.297,36.2286],[89.3208,36.2369],[89.3735,36.2283],[89.485,36.1538],[89.5922,36.1271],[89.6131,36.1099],[89.6797,36.0912],[89.7093,36.0937]]]},"properties":{"region_code":"CN-65","parent_region_code":"CN","name":"新疆维吾尔自治区","level":"province","has_children":true,"full_path":"中国 / 新疆维吾尔自治区","source_admin_code":"65","osm_relation_id":153310}},
{"type":"Feature","geometry":{"type":"Polygon","coordinates":[[[114.3092,22.1485],[114.5024,22.1485],[114.5025,22.3651],[114.4549,22.4687],[114.4551,22.545],[114.434,22.562],[114.333,22.5683],[114.276,22.5655],[114.2371,22.5507],[114.1651,22.5592],[114.1115,22.5296],[114.089,22.5365],[114.0548,22.5035],[113.9951,22.5101],[113.9478,22.4724],[113.8691,22.4288],[113.8691,22.3333],[113.8474,22.2731],[113.8172,22.2173],[113.8324,22.1838],[113.8966,22.1425],[113.9395,22.1485],[114.236,22.1485],[114.2552,22.1385],[114.3092,22.1485]]]},"properties":{"region_code":"CN-81","parent_region_code":"CN","name":"香港特别行政区","level":"province","has_children":true,"full_path":"中国 / 香港特别行政区","source_admin_code":"81","osm_relation_id":913110}},
{"type":"Feature","geometry":{"type":"Polygon","coordinates":[[[113.5282,22.183],[113.5496,22.1454],[113.5496,22.1089],[113.571,22.0767],[113.6102,22.0767],[113.6301,22.1089],[113.6301,22.1656],[113.6053,22.2041],[113.552,22.216],[113.5282,22.183]]]},"properties":{"region_code":"CN-82","parent_region_code":"CN","name":"澳门特别行政区","level":"province","has_children":true,"full_path":"中国 / 澳门特别行政区","source_admin_code":"82","osm_relation_id":1867188}},
{"type":"Feature","geometry":{"type":"MultiPolygon","coordinates":[[[[114.2858,10.3504],[114.3465,10.3268],[114.3864,10.3297],[114.4233,10.3492],[114.4269,10.3989],[114.3986,10.4403],[114.3289,10.4364],[114.2939,10.4153],[114.2858,10.3504]]],[[[118.2394,24.2078],[118.2069,24.205],[118.1889,24.1731],[118.1889,24.1422],[118.2133,24.1206],[118.2525,24.1153],[118.2942,24.1308],[118.2917,24.1789],[118.2642,24.2067],[118.2394,24.2078]]],[[[119.8764,26.0136],[119.8592,25.9767],[119.8778,25.9428],[119.9214,25.9006],[119.9622,25.8864],[120.0042,25.9025],[120.0331,25.9317],[120.0503,25.9667],[120.0369,26.0053],[119.9389,26.0378],[119.8764,26.0136]]],[[[119.4617,25.0553],[119.3858,25.0317],[119.3911,24.9714],[119.4517,24.9264],[119.5097,24.9331],[119.5378,24.9764],[119.5114,25.0403],[119.4617,25.0553]]],[[[119.8667,26.1078],[119.9275,26.0836],[120.0219,26.1278],[120.0575,26.1728],[120.0769,26.2122],[120.0756,26.2553],[120.0303,26.3256],[119.9828,26.3247],[119.9475,26.3067],[119.9264,26.2608],[119.8753,26.215],[119.8489,26.1447],[119.8667,26.1078]]],[[[120.1539,26.32],[120.1778,26.2842],[120.2467,26.285],[120.2897,26.3253],[120.2897,26.3614],[120.2667,26.3972],[120.2136,26.4042],[120.1539,26.3517],[120.1539,26.32]]],[[[120.5762,26.3813],[120.5364,26.4253],[120.4908,26.4372],[120.4467,26.4333],[120.4131,26.3906],[120.4161,26.3519],[120.4617,26.2872],[120.5683,26.325],[120.5762,26.3813]]],[[[118.2594,24.4954],[118.2317,24.4781],[118.1974,24.4375],[118.1469,24.41],[118.1317,24.3822],[118.225,24.3122],[118.3197,24.2942],[118.3867,24.3414],[118.4644,24.3222],[118.5094,24.3636],[118.5461,24.4269],[118.5228,24.4953],[118.4053,24.5428],[118.3308,24.5089],[118.2594,24.4954]]],[[[116.6537,20.9389],[116.5931,20.9025],[116.5522,20.8697],[116.513,20.8117],[116.4905,20.7521],[116.4851,20.6697],[116.5067,20.6065],[116.5665,20.5001],[116.602,20.4545],[116.6576,20.4159],[116.7031,20.3998],[116.7643,20.3889],[116.8218,20.3883],[116.9171,20.4059],[116.9732,20.4299],[117.0375,20.4766],[117.0818,20.5255],[117.1237,20.6071],[117.1348,20.6583],[117.131,20.7399],[117.0954,20.8429],[117.0652,20.8889],[116.9996,20.9455],[116.9299,20.9732],[116.8647,20.9803],[116.7873,20.9777],[116.7193,20.9653],[116.6537,20.9389]]],[[[122.1791,24.794],[122.2243,24.9704],[122.3264,25.4458],[122.3283,25.5119],[122.3055,25.6579],[122.2789,25.7285],[122.0657,25.8326],[121.9502,25.7988],[121.3907,25.4602],[120.919,25.2038],[120.8846,25.1806],[119.3924,23.9341],[119.3489,23.8829],[119.1269,23.5069],[119.1002,23.4394],[119.0963,23.3876],[119.1011,23.313],[119.1389,23.2117],[119.2368,23.0804],[119.2626,23.0518],[120.191,22.1918],[120.656,21.6343],[120.8789,21.5625],[121.665,21.7443],[121.8188,21.8779],[121.8313,21.9731],[121.7391,22.6979],[121.7348,23.4531],[122.0713,24.4198],[122.1171,24.5539],[122.1791,24.794]]]]},"properties":{"region_code":"CN-71","parent_region_code":"CN","name":"台湾省","level":"province","has_children":true,"full_path":"中国 / 台湾省","source_admin_code":"71","osm_relation_id":449220}}
]}